ID,Temperatura,Humedad,Alerta
1,27.49,63.04,2
2,29.47,57.70,2
3,21.71,66.23,2
4,21.66,69.41,3
5,34.64,93.94,2
6,30.03,42.97,2
7,26.93,72.11,3
8,22.87,65.50,1
9,20.06,83.73,3
10,26.08,56.07,1
11,29.35,84.74,2
12,21.73,92.07,3
13,21.24,71.32,3
14,21.73,81.82,3
15,32.30,56.23,1
16,18.31,41.97,2
17,28.61,80.12,3
18,29.78,44.74,2
19,27.58,43.55,2
20,23.14,43.92,3
21,34.96,54.36,1
22,17.49,52.99,2
23,28.58,60.73,2
24,19.46,82.99,1
25,29.33,43.04,2
26,22.56,87.90,1
27,28.04,86.37,3
28,26.90,92.43,2
29,30.14,93.31,2
30,23.28,68.24,1
31,30.51,68.56,3
32,34.34,74.54,1
33,34.81,65.93,2
34,23.07,71.82,1
35,19.50,76.71,2
36,16.13,47.14,3
37,31.77,43.23,3
38,25.29,78.61,2
39,23.78,67.81,2
40,17.80,74.54,3
41,31.99,62.73,1
42,27.92,51.51,1
43,32.42,88.33,2
44,16.80,91.84,2
45,30.57,41.60,3
46,21.84,62.22,3
47,18.11,48.58,1
48,33.85,65.47,3
49,33.41,69.15,2
50,31.66,60.60,2
51,23.49,64.42,3
52,19.92,45.02,2
53,16.94,63.48,1
54,25.19,70.18,2
55,16.17,78.68,2
56,15.05,48.66,3
57,32.74,58.68,3
58,25.12,48.63,3
59,24.63,76.41,3
60,22.65,49.06,3
61,22.40,80.36,3
62,32.78,41.94,1
63,17.80,82.92,3
64,24.21,76.97,2
65,30.53,50.04,2
66,20.99,48.88,1
67,22.60,76.32,3
68,26.82,94.77,1
69,29.30,48.68,3
70,31.48,69.14,3
71,15.75,75.43,2
72,24.78,87.53,1
73,25.22,91.03,1
74,25.29,65.94,3
75,18.30,59.02,2
76,19.52,55.14,1
77,22.68,89.31,3
78,16.04,52.46,3
79,22.36,81.59,3
80,30.93,42.22,3
81,27.07,78.76,2
82,16.64,51.13,3
83,33.75,44.34,1
84,15.82,76.15,2
85,34.80,40.82,3
86,27.87,42.05,3
87,15.55,91.75,2
88,19.06,60.75,3
89,28.86,53.68,1
90,20.55,48.71,1
91,32.92,55.78,2
92,20.36,61.29,3
93,22.42,51.16,3
94,30.77,62.88,1
95,25.60,42.45,3
96,19.64,78.30,3
97,23.34,46.75,3
98,18.27,77.12,2
99,24.46,70.61,1
100,22.75,52.62,2
101,26.43,44.42,2
102,16.70,91.07,1
103,31.54,73.88,1
104,32.54,58.81,1
105,33.03,74.63,3
106,26.51,53.33,3
107,16.35,80.12,2
108,19.23,43.61,1
109,27.06,61.38,3
110,16.80,50.77,2
111,34.92,92.01,1
112,16.27,70.63,1
113,18.87,62.74,3
114,29.64,94.55,3
115,16.75,43.17,1
116,17.40,47.57,3
117,32.36,94.56,3
118,20.21,61.41,3
119,30.32,50.55,1
120,27.44,88.98,1
121,18.35,91.32,1
122,26.93,93.39,3
123,17.09,64.50,1
124,30.16,62.00,3
125,20.48,50.32,3
126,31.29,90.51,2
127,32.61,51.14,1
128,34.06,78.85,1
129,28.36,57.98,3
130,31.64,41.51,2
131,24.52,60.39,3
132,31.93,53.76,2
133,25.75,84.59,1
134,24.51,56.00,3
135,22.17,56.90,1
136,20.83,59.46,2
137,24.52,84.25,2
138,29.13,57.17,1
139,27.26,89.30,3
140,17.84,51.45,1
141,34.64,94.89,1
142,27.26,45.61,3
143,30.45,61.23,2
144,28.45,93.09,3
145,31.53,83.74,2
146,26.30,78.85,2
147,15.88,71.54,3
148,29.36,63.88,1
149,22.43,86.94,3
150,17.00,67.43,2
151,30.75,76.37,1
152,17.82,52.83,3
153,30.93,70.95,1
154,22.63,90.35,3
155,33.55,62.43,2
156,17.54,84.79,3
157,34.52,44.23,3
158,30.95,58.49,3
159,17.81,68.38,1
160,17.51,63.77,2
161,27.09,59.93,1
162,23.94,81.03,2
163,15.34,63.74,2
164,19.81,71.36,3
165,33.70,53.05,1
166,32.01,56.16,3
167,19.01,75.96,3
168,21.28,86.75,1
169,21.06,61.98,3
170,30.62,42.24,3
171,23.68,40.63,3
172,28.05,75.28,2
173,24.95,83.34,2
174,20.98,65.28,1
175,19.54,44.03,1
176,23.20,69.65,3
177,23.99,53.77,1
178,33.59,51.38,2
179,21.58,49.38,3
180,23.02,63.31,3
181,33.65,65.26,1
182,17.97,58.09,2
183,17.45,91.16,3
184,21.54,63.15,3
185,24.28,66.35,3
186,25.73,70.53,2
187,22.89,45.04,1
188,16.99,49.84,3
189,27.64,78.19,3
190,23.58,47.69,1
191,18.29,40.69,3
192,21.81,64.18,2
193,21.84,53.40,3
194,28.94,82.71,1
195,34.86,45.97,2
196,15.60,41.37,1
197,23.37,90.66,1
198,31.81,47.54,1
199,32.46,45.54,3
200,20.14,43.75,3
201,22.20,51.34,2
202,29.39,41.80,3
203,20.06,77.42,1
204,25.49,48.44,2
205,17.79,65.09,2
206,24.50,72.47,2
207,20.03,84.17,3
208,19.49,81.87,3
209,29.61,57.95,3
210,34.85,73.51,2
211,23.10,53.63,1
212,21.67,77.97,1
213,17.00,54.18,2
214,23.08,43.34,1
215,20.20,94.66,2
216,26.11,76.24,3
217,29.43,47.92,1
218,16.19,78.99,3
219,16.73,49.71,2
220,19.74,59.38,2
221,21.19,93.48,3
222,25.06,42.06,3
223,31.04,42.57,2
224,17.64,41.22,2
225,21.51,59.19,2
226,24.59,53.36,2
227,32.49,87.53,2
228,22.19,94.24,1
229,29.13,52.52,3
230,32.67,55.18,2
231,19.46,77.95,1
232,27.18,57.02,1
233,19.34,64.94,1
234,24.15,66.72,3
235,18.11,63.34,3
236,18.04,93.06,1
237,23.32,65.21,2
238,24.00,93.01,3
239,34.54,79.71,1
240,32.50,92.45,2
241,25.03,78.58,1
242,17.62,49.81,1
243,20.10,46.00,3
244,27.03,73.42,2
245,22.31,43.80,2
246,16.54,87.74,3
247,28.29,52.90,3
248,26.59,73.93,3
249,15.12,53.27,3
250,21.52,72.16,2
251,16.13,52.83,1
252,20.67,75.66,3
253,15.54,45.50,2
254,25.01,47.39,1
255,19.56,52.73,3
256,31.68,74.08,1
257,30.68,40.12,2
258,27.13,59.00,1
259,24.07,88.31,1
260,24.49,78.77,3
261,28.65,43.89,2
262,19.64,45.35,1
263,17.35,67.88,3
264,32.25,76.09,3
265,19.36,65.36,1
266,15.84,51.31,2
267,29.72,90.33,2
268,18.40,90.55,3
269,31.42,57.63,3
270,15.76,41.86,2
271,15.43,77.52,3
272,21.23,58.23,1
273,29.62,69.89,3
274,28.03,89.21,3
275,29.93,73.74,2
276,28.36,59.08,2
277,26.48,83.08,3
278,26.84,84.76,2
279,15.26,63.57,1
280,28.94,52.68,3
281,21.16,81.00,2
282,31.91,74.72,1
283,32.98,77.05,3
284,24.50,81.94,1
285,21.06,60.47,1
286,31.63,90.75,2
287,19.93,52.00,2
288,32.87,84.06,2
289,20.90,44.81,3
290,22.87,88.67,3
291,16.93,69.12,3
292,16.01,93.98,3
293,30.12,80.78,1
294,32.45,62.35,3
295,27.91,92.22,2
296,17.70,56.73,1
297,26.09,58.60,3
298,30.81,62.19,1
299,23.47,64.28,3
300,18.95,65.05,3
301,26.83,65.57,1
302,21.09,62.75,3
303,22.29,58.77,2
304,22.82,74.90,1
305,26.86,61.37,3
306,18.20,55.01,1
307,18.69,73.83,3
308,27.74,81.60,2
309,15.46,83.54,3
310,28.72,41.05,1
311,31.02,55.91,1
312,30.66,72.57,1
313,20.78,84.38,2
314,30.73,79.80,3
315,28.38,72.05,2
316,17.53,87.64,2
317,24.26,77.39,1
318,32.86,81.97,3
319,30.02,68.86,3
320,23.07,80.59,3
321,16.09,85.87,2
322,31.44,82.11,2
323,30.54,70.84,3
324,24.23,73.27,1
325,34.11,66.12,3
326,16.70,86.98,1
327,28.45,41.80,3
328,22.43,82.29,3
329,20.69,47.70,2
330,16.23,80.19,1
331,25.21,58.97,3
332,24.70,86.72,2
333,19.32,82.69,2
334,23.93,59.60,1
335,25.32,67.42,3
336,33.68,50.28,1
337,30.29,80.30,3
338,27.89,91.15,3
339,32.16,76.25,1
340,22.72,73.07,2
341,32.92,79.71,2
342,31.24,64.52,2
343,17.74,40.83,1
344,33.30,89.29,3
345,23.87,60.50,1
346,15.41,75.59,3
347,22.53,49.00,2
348,18.93,51.60,2
349,30.47,80.26,2
350,16.09,63.77,3
351,31.05,50.15,3
352,19.71,76.86,1
353,34.23,73.29,1
354,27.53,43.19,2
355,18.38,50.75,1
356,22.47,74.90,2
357,26.40,48.61,1
358,33.99,52.48,3
359,24.88,63.60,1
360,30.78,61.53,2
361,18.91,61.78,1
362,24.53,41.02,2
363,16.65,65.50,1
364,25.63,52.50,1
365,16.35,50.66,2
366,20.28,40.17,1
367,16.47,88.35,2
368,31.70,86.16,1
369,33.47,87.25,1
370,20.33,62.31,3
371,28.83,73.88,2
372,25.27,79.78,3
373,16.34,94.53,1
374,28.06,92.05,3
375,28.67,69.00,3
376,20.06,51.60,1
377,27.28,88.84,2
378,22.48,74.60,1
379,15.26,57.95,3
380,30.34,49.96,2
381,20.02,42.30,2
382,20.02,82.84,2
383,17.38,94.66,3
384,22.29,50.29,3
385,29.68,65.22,1
386,19.18,71.22,1
387,17.44,58.38,3
388,24.83,50.77,1
389,21.92,72.11,1
390,29.31,67.42,3
391,21.18,81.75,1
392,26.55,80.47,1
393,33.08,85.61,2
394,31.79,54.11,1
395,19.88,85.25,1
396,15.53,90.50,1
397,31.37,79.69,2
398,26.80,40.96,1
399,17.47,67.52,1
400,15.53,77.69,1
401,16.58,46.44,3
402,24.21,57.09,1
403,22.40,79.11,1
404,27.83,72.50,1
405,29.61,75.22,1
406,23.40,62.07,1
407,31.55,51.45,3
408,33.99,53.76,2
409,18.22,94.47,1
410,30.43,60.64,1
411,18.43,58.89,1
412,25.62,64.71,1
413,25.40,61.84,1
414,21.35,40.93,2
415,16.68,64.16,1
416,16.73,57.16,1
417,31.72,41.95,2
418,18.83,55.96,2
419,31.75,64.66,2
420,30.44,82.79,2
421,26.03,56.36,2
422,21.07,40.96,1
423,17.11,74.91,3
424,31.40,73.83,1
425,26.47,92.28,1
426,34.19,92.37,2
427,25.15,42.69,3
428,17.26,84.80,3
429,23.43,79.56,1
430,23.99,74.91,1
431,31.12,41.80,2
432,34.94,74.68,2
433,15.09,72.27,3
434,23.68,62.12,3
435,16.36,83.16,1
436,20.61,91.75,2
437,20.34,60.02,3
438,30.62,49.58,1
439,31.69,45.22,2
440,20.81,74.34,3
441,18.36,87.10,1
442,23.99,91.63,1
443,23.72,50.50,3
444,17.45,90.02,3
445,29.62,61.03,3
446,24.24,68.49,1
447,27.11,55.24,2
448,16.79,56.72,2
449,17.74,78.44,3
450,29.11,42.59,2
451,21.74,57.79,3
452,21.26,67.89,3
453,28.74,65.64,2
454,16.76,67.76,1
455,26.00,45.18,1
456,18.50,40.23,2
457,17.56,47.10,2
458,25.89,84.24,2
459,22.34,60.04,3
460,31.48,58.79,3
461,28.31,84.70,1
462,30.43,71.27,2
463,30.41,63.34,2
464,25.29,51.75,2
465,24.15,90.16,1
466,22.69,42.39,3
467,25.62,85.50,2
468,25.07,50.56,3
469,23.76,70.34,3
470,15.40,78.73,2
471,31.43,63.23,3
472,33.63,86.16,3
473,15.82,66.84,1
474,27.67,63.65,1
475,19.65,90.33,3
476,17.60,72.98,3
477,27.17,45.73,3
478,19.66,59.77,3
479,20.78,63.10,1
480,19.00,67.78,1
481,18.36,63.62,1
482,28.87,82.15,3
483,30.86,83.71,3
484,17.61,42.77,3
485,22.81,85.97,1
486,19.78,92.15,3
487,21.84,52.68,3
488,15.73,83.66,2
489,24.42,78.50,3
490,33.84,57.02,1
491,18.76,94.46,2
492,18.60,84.77,2
493,27.29,46.21,2
494,25.69,75.65,2
495,31.31,68.19,2
496,26.68,70.73,1
497,24.08,83.91,1
498,20.11,85.58,3
499,28.41,54.51,2
500,20.26,76.41,1
501,27.06,47.23,1
502,29.42,85.75,2
503,33.59,72.16,2
504,22.90,75.44,3
505,16.06,80.21,1
506,29.02,81.24,2
507,31.05,62.21,1
508,25.82,89.96,2
509,34.90,66.71,1
510,32.15,55.55,3
511,32.68,72.92,1
512,19.96,40.09,3
513,28.93,74.51,3
514,26.19,85.86,2
515,32.34,83.82,1
516,30.06,85.42,2
517,22.65,88.46,2
518,30.37,75.97,3
519,17.47,79.11,1
520,34.41,44.69,3
521,18.25,74.88,2
522,19.02,65.54,2
523,29.44,94.79,2
524,18.04,69.35,3
525,33.09,43.86,3
526,16.23,75.01,2
527,22.68,86.71,1
528,17.90,52.46,3
529,25.07,59.27,2
530,18.84,48.07,1
531,28.65,91.18,1
532,27.01,45.94,2
533,27.72,71.45,2
534,28.80,74.95,2
535,25.89,75.72,3
536,22.34,60.65,3
537,30.85,79.67,3
538,19.13,82.91,2
539,26.30,50.02,2
540,24.59,59.55,3
541,23.52,51.05,3
542,24.45,69.13,1
543,34.11,91.89,1
544,32.19,65.33,1
545,34.14,40.96,1
546,24.95,43.97,1
547,21.23,75.05,1
548,15.42,63.76,3
549,18.61,66.77,2
550,34.22,86.94,3
551,30.55,92.94,2
552,30.49,63.18,2
553,31.67,89.29,2
554,27.84,68.06,1
555,28.54,49.01,1
556,31.07,71.49,2
557,23.02,51.71,2
558,27.31,55.26,2
559,22.44,77.73,3
560,34.68,45.20,2
561,32.65,50.63,3
562,28.28,45.56,1
563,21.70,80.19,3
564,28.13,52.72,2
565,15.13,76.62,3
566,25.30,82.15,3
567,31.37,85.21,1
568,25.32,81.85,2
569,33.25,88.82,3
570,26.57,42.19,2
571,17.79,46.60,3
572,26.85,47.86,3
573,16.24,41.51,2
574,18.57,74.61,3
575,22.47,74.52,3
576,16.40,64.90,3
577,23.25,91.96,2
578,34.80,61.29,2
579,27.35,46.71,3
580,27.42,89.38,2
581,20.51,86.91,1
582,32.42,78.72,3
583,15.82,68.04,3
584,34.25,85.35,3
585,27.60,52.15,2
586,33.81,82.72,1
587,17.28,88.08,2
588,18.91,78.34,2
589,33.15,54.27,2
590,29.20,58.64,1
591,16.79,57.94,2
592,16.03,45.49,3
593,22.64,93.69,2
594,27.81,92.72,3
595,23.72,50.09,2
596,26.25,57.48,1
597,25.37,89.65,1
598,23.91,47.69,3
599,23.57,86.51,3
600,30.60,63.87,1
601,16.39,41.66,2
602,17.51,93.20,2
603,32.81,80.01,2
604,15.19,54.48,1
605,26.67,44.00,1
606,16.97,78.38,3
607,29.28,93.53,1
608,20.03,61.10,3
609,22.62,82.43,2
610,15.56,66.61,2
611,27.88,43.06,2
612,23.10,41.17,1
613,17.01,58.17,1
614,26.27,59.13,2
615,23.77,56.04,2
616,21.63,72.39,1
617,20.24,93.72,3
618,19.68,86.65,1
619,30.49,86.06,2
620,26.43,58.40,1
621,27.88,45.50,3
622,29.89,49.72,1
623,30.14,86.69,3
624,32.28,86.24,3
625,28.04,72.63,2
626,29.69,67.59,3
627,16.25,69.49,1
628,24.09,40.18,3
629,33.34,92.89,3
630,21.76,49.98,2
631,16.25,44.64,2
632,32.30,49.43,1
633,24.74,62.46,1
634,26.60,68.94,3
635,22.68,61.26,1
636,32.17,44.04,1
637,17.86,44.07,1
638,16.32,52.93,2
639,16.39,77.40,2
640,28.08,84.74,3
641,28.42,92.56,3
642,22.36,91.40,3
643,26.37,71.75,2
644,24.24,67.07,2
645,20.85,82.43,3
646,21.51,41.68,2
647,19.60,49.45,2
648,26.27,71.38,2
649,23.03,66.11,3
650,26.82,84.80,1
651,30.59,56.61,1
652,17.67,87.37,2
653,31.80,60.82,2
654,30.90,47.55,2
655,16.39,79.95,1
656,30.57,40.32,1
657,16.80,88.52,1
658,21.27,59.34,1
659,28.52,84.45,3
660,24.74,67.53,2
661,33.80,77.40,1
662,31.44,57.40,1
663,30.91,76.96,2
664,28.63,41.02,2
665,33.79,80.37,1
666,19.14,54.13,3
667,26.21,88.95,2
668,16.81,79.29,3
669,21.14,61.60,2
670,18.68,50.06,3
671,34.69,81.38,1
672,16.81,79.46,1
673,24.09,80.42,1
674,20.06,47.22,2
675,16.49,91.94,2
676,23.75,69.58,1
677,23.38,79.47,2
678,23.59,50.74,1
679,24.27,46.88,1
680,27.48,85.49,3
681,30.34,64.88,1
682,30.24,57.52,1
683,24.34,71.19,3
684,29.82,78.42,2
685,20.58,89.30,2
686,18.01,67.21,3
687,18.00,70.32,1
688,16.08,69.29,2
689,30.34,92.56,2
690,25.20,48.49,1
691,30.72,80.35,2
692,22.70,91.38,1
693,18.28,58.50,1
694,25.41,60.36,3
695,16.74,77.51,1
696,20.75,84.87,1
697,24.35,84.71,3
698,20.86,59.71,1
699,23.57,47.17,1
700,15.05,49.58,2
701,23.34,79.81,2
702,20.77,49.67,2
703,27.71,77.56,2
704,17.78,51.21,3
705,20.30,81.17,2
706,19.13,42.99,1
707,31.82,65.87,3
708,24.22,90.76,1
709,15.25,64.82,1
710,32.10,70.36,1
711,20.57,93.24,2
712,30.75,83.61,2
713,27.70,70.23,2
714,30.45,63.31,2
715,27.45,88.33,1
716,23.08,85.78,3
717,34.57,62.23,2
718,17.81,63.17,2
719,24.45,80.70,1
720,28.22,67.96,3
721,34.72,79.99,1
722,30.02,55.23,3
723,25.55,42.71,1
724,21.77,47.73,3
725,26.59,65.79,2
726,22.63,53.05,3
727,32.28,65.63,3
728,28.83,47.24,2
729,32.85,73.88,2
730,29.44,66.48,2
731,32.20,91.16,2
732,32.87,73.64,3
733,17.88,54.49,1
734,18.30,89.99,1
735,26.26,42.55,2
736,29.53,73.55,1
737,22.51,87.67,3
738,17.32,67.28,2
739,17.83,74.03,3
740,31.92,53.30,2
741,30.93,76.39,3
742,26.85,68.92,1
743,26.24,80.75,2
744,28.53,58.07,2
745,15.07,60.30,2
746,29.52,49.30,1
747,20.03,64.77,2
748,31.56,83.82,3
749,23.71,48.62,2
750,15.80,67.72,1
751,23.34,71.30,2
752,16.98,64.20,3
753,25.99,70.54,3
754,18.33,50.51,2
755,34.72,55.89,3
756,19.54,74.65,1
757,30.42,57.05,2
758,18.15,94.25,1
759,23.56,58.06,3
760,24.64,89.35,1
761,21.50,57.22,2
762,21.10,62.97,3
763,31.36,59.20,2
764,15.09,65.76,3
765,24.87,73.68,1
766,29.75,45.98,1
767,31.36,47.09,3
768,15.05,67.80,1
769,28.91,61.87,2
770,20.48,44.79,1
771,26.04,63.40,3
772,22.33,93.01,1
773,20.88,43.90,1
774,27.91,55.86,2
775,19.33,80.42,2
776,15.97,56.11,3
777,18.74,44.99,2
778,17.05,45.10,2
779,30.09,50.13,1
780,21.75,91.76,1
781,26.82,65.77,1
782,17.00,83.70,1
783,27.51,47.23,1
784,15.53,66.20,3
785,34.03,48.79,1
786,24.87,45.12,2
787,15.05,42.30,1
788,20.22,48.49,1
789,20.58,82.21,1
790,22.01,75.52,1
791,24.24,65.99,3
792,33.82,61.21,2
793,25.55,75.72,3
794,26.36,45.12,3
795,16.06,45.22,2
796,21.22,76.47,3
797,21.79,61.67,2
798,18.11,81.22,1
799,27.05,50.21,2
800,23.95,58.00,1
801,16.86,51.40,2
802,22.86,81.16,1
803,30.18,57.61,2
804,19.27,89.97,3
805,26.72,89.57,3
806,21.87,71.84,1
807,20.12,60.13,1
808,21.12,53.62,3
809,18.87,61.03,3
810,20.59,88.78,3
811,22.01,78.81,3
812,27.84,72.57,2
813,26.34,58.57,1
814,30.26,51.86,1
815,31.75,69.09,2
816,20.76,42.88,3
817,18.00,94.34,1
818,28.71,61.86,2
819,27.67,67.53,3
820,22.78,51.13,3
821,26.18,57.09,1
822,33.14,67.36,3
823,31.58,82.19,1
824,27.55,67.78,2
825,21.19,73.56,1
826,33.63,65.42,2
827,32.29,65.82,3
828,32.74,67.83,2
829,17.71,76.80,3
830,23.56,63.01,3
831,32.93,42.04,2
832,17.58,88.13,1
833,28.57,52.73,1
834,16.04,62.79,2
835,15.32,80.14,1
836,15.84,84.70,3
837,18.16,92.59,2
838,29.78,53.80,3
839,29.98,89.97,1
840,26.48,56.70,3
841,21.22,85.61,1
842,30.88,94.84,1
843,18.89,62.29,3
844,15.17,93.92,1
845,20.91,80.80,1
846,31.29,75.22,1
847,24.18,80.16,1
848,25.48,60.98,3
849,21.71,72.89,1
850,27.83,75.96,1
851,30.26,82.19,2
852,16.73,85.04,1
853,26.16,74.56,2
854,26.43,50.41,1
855,28.60,77.09,2
856,30.27,40.12,1
857,20.49,80.53,2
858,21.70,84.60,3
859,20.29,71.59,2
860,21.83,56.38,3
861,28.34,57.08,2
862,23.36,61.07,3
863,32.22,60.61,1
864,32.20,42.89,3
865,34.39,68.14,2
866,15.66,85.82,3
867,19.70,52.14,2
868,18.89,67.00,2
869,24.53,75.84,2
870,18.20,82.89,2
871,23.63,76.43,3
872,25.34,86.90,3
873,19.58,51.79,3
874,17.74,48.63,2
875,22.77,72.26,3
876,25.72,90.15,1
877,23.28,44.96,3
878,26.18,78.31,2
879,24.69,46.74,1
880,33.58,84.68,3
881,25.00,49.46,2
882,23.46,48.20,3
883,21.81,63.56,1
884,28.98,61.08,2
885,24.50,58.46,3
886,21.18,78.34,2
887,25.11,71.49,3
888,26.32,57.45,1
889,27.44,53.02,1
890,25.13,40.33,3
891,29.00,43.37,2
892,17.34,66.44,2
893,30.46,57.90,2
894,17.13,60.66,1
895,26.70,49.25,1
896,31.29,49.24,3
897,18.28,81.00,2
898,21.53,62.80,2
899,28.64,42.11,3
900,25.69,74.16,3
901,16.09,55.01,1
902,25.39,80.80,1
903,23.34,91.34,3
904,21.04,69.89,3
905,32.79,45.13,1
906,32.81,71.33,3
907,24.87,46.08,2
908,18.54,88.83,3
909,16.60,76.47,2
910,26.96,60.81,3
911,16.01,59.59,2
912,17.66,51.65,2
913,19.85,53.12,2
914,25.10,92.94,2
915,28.13,72.62,1
916,24.09,72.35,3
917,32.34,81.97,2
918,22.40,52.26,1
919,19.86,42.27,3
920,33.47,71.24,3
921,18.84,51.59,1
922,29.20,40.40,2
923,21.88,80.44,2
924,21.16,43.22,2
925,16.66,41.45,2
926,29.75,42.31,3
927,27.81,90.09,1
928,23.80,42.14,3
929,17.55,72.77,1
930,17.17,57.20,3
931,31.37,76.27,3
932,22.54,56.35,3
933,19.94,70.57,2
934,25.57,53.09,1
935,26.93,61.86,1
936,24.24,76.76,2
937,19.69,73.11,3
938,31.24,66.58,3
939,16.59,86.94,3
940,21.49,55.90,2
941,15.96,69.38,1
942,28.84,61.71,2
943,24.04,82.82,2
944,20.77,64.73,2
945,21.88,94.34,3
946,20.22,78.66,2
947,32.50,89.81,1
948,22.50,43.71,2
949,15.29,60.29,2
950,24.53,51.29,3
951,20.30,90.22,2
952,23.73,56.00,3
953,24.40,88.65,2
954,27.82,58.75,2
955,16.34,62.64,3
956,17.32,57.13,1
957,33.71,50.72,2
958,30.70,90.69,1
959,29.23,70.54,2
960,20.31,67.41,3
961,25.82,89.77,2
962,21.04,60.17,3
963,33.40,71.17,3
964,15.12,89.19,2
965,15.26,64.36,3
966,25.39,79.23,3
967,23.57,57.27,2
968,34.32,50.88,1
969,20.70,71.54,3
970,15.26,76.79,2
971,32.64,67.77,2
972,34.00,45.55,3
973,30.80,78.71,2
974,18.06,77.66,3
975,32.33,91.30,1
976,19.15,70.69,1
977,32.24,56.50,2
978,15.33,44.01,1
979,29.27,52.01,2
980,31.19,81.14,2
981,31.76,81.26,1
982,28.53,69.60,3
983,23.45,81.70,1
984,33.41,87.27,1
985,34.08,59.06,2
986,30.10,51.29,3
987,25.75,79.10,2
988,33.06,51.08,3
989,22.01,94.09,2
990,17.01,41.32,1
991,27.83,54.45,1
992,28.96,63.08,2
993,28.50,41.28,3
994,30.43,55.57,1
995,21.73,83.62,2
996,17.03,51.99,2
997,15.16,48.79,2
998,29.29,68.38,3
999,27.00,94.10,1
1000,26.08,76.45,2
1001,28.71,72.78,2
1002,30.60,44.10,3
1003,27.32,77.61,2
1004,34.83,46.86,1
1005,19.18,82.39,1
1006,23.88,68.04,1
1007,31.24,82.96,3
1008,27.39,59.41,2
1009,21.14,76.28,2
1010,16.11,81.98,1
1011,33.30,45.59,3
1012,28.11,42.66,1
1013,22.44,62.93,3
1014,25.46,41.34,1
1015,31.03,57.34,3
1016,33.96,90.70,1
1017,21.88,66.19,3
1018,23.81,92.83,2
1019,20.41,69.88,3
1020,28.90,65.49,3
1021,28.76,90.45,3
1022,34.17,42.05,2
1023,19.27,53.80,3
1024,26.66,55.13,1
1025,32.87,71.32,1
1026,34.13,70.80,3
1027,23.00,71.15,1
1028,26.83,40.60,1
1029,34.46,51.24,1
1030,20.48,48.01,2
1031,26.04,81.18,2
1032,25.00,52.19,2
1033,16.23,91.39,2
1034,15.88,68.99,1
1035,24.60,56.24,1
1036,31.55,59.01,2
1037,25.05,83.40,2
1038,22.81,81.30,3
1039,26.63,58.07,1
1040,19.54,47.60,3
1041,15.38,86.37,3
1042,29.29,88.89,1
1043,32.81,45.01,2
1044,21.57,85.47,3
1045,30.38,76.25,3
1046,24.80,89.18,1
1047,34.76,81.60,1
1048,25.96,45.28,3
1049,26.38,59.50,3
1050,24.74,40.67,3
1051,17.21,60.53,3
1052,28.83,72.14,3
1053,23.88,54.19,2
1054,21.70,45.37,2
1055,21.84,86.49,3
1056,15.04,57.51,3
1057,24.06,46.24,2
1058,17.48,73.29,2
1059,18.54,64.59,3
1060,30.97,56.49,1
1061,23.31,51.94,1
1062,17.30,69.35,2
1063,27.05,74.81,1
1064,24.71,80.65,2
1065,16.11,86.14,1
1066,24.40,49.52,2
1067,28.17,72.90,2
1068,34.98,87.20,3
1069,30.74,83.85,3
1070,28.25,45.02,1
1071,15.21,49.07,3
1072,32.08,92.51,1
1073,17.49,67.97,2
1074,31.54,76.41,3
1075,32.72,94.37,2
1076,31.88,71.53,1
1077,17.20,50.83,1
1078,22.36,68.98,3
1079,27.42,56.53,3
1080,34.88,52.62,3
1081,21.57,42.41,3
1082,30.44,84.35,2
1083,24.12,65.85,3
1084,29.76,72.00,2
1085,23.85,90.99,2
1086,15.54,76.13,2
1087,19.32,50.19,3
1088,27.89,53.78,2
1089,21.93,58.51,3
1090,19.50,61.17,2
1091,31.29,75.01,1
1092,25.45,64.30,2
1093,19.66,56.63,3
1094,25.98,73.70,2
1095,26.24,58.26,2
1096,32.19,42.81,1
1097,24.80,53.31,3
1098,25.85,73.19,1
1099,28.61,61.50,1
1100,23.06,77.47,3
1101,29.88,85.33,3
1102,18.65,70.40,2
1103,16.31,93.29,2
1104,17.14,81.80,2
1105,33.03,63.74,3
1106,20.54,66.88,3
1107,25.89,60.46,2
1108,25.56,61.96,2
1109,29.02,74.12,3
1110,22.81,59.97,2
1111,25.14,88.23,1
1112,34.10,65.28,3
1113,18.77,81.62,3
1114,28.66,54.66,2
1115,22.91,69.65,2
1116,22.06,69.83,2
1117,25.15,91.77,3
1118,34.11,81.88,2
1119,31.32,47.41,3
1120,24.05,83.77,3
1121,22.19,76.94,1
1122,28.65,85.71,2
1123,24.84,90.04,2
1124,26.60,40.15,2
1125,17.13,52.79,1
1126,28.11,59.30,3
1127,26.85,42.47,1
1128,22.38,87.92,1
1129,28.58,47.55,1
1130,20.11,83.81,2
1131,28.88,69.41,1
1132,15.71,43.06,2
1133,19.71,60.21,3
1134,18.40,46.26,3
1135,15.04,51.71,1
1136,25.57,68.83,2
1137,29.12,49.76,1
1138,19.51,88.95,3
1139,33.67,81.18,3
1140,18.79,61.32,1
1141,32.76,87.54,2
1142,15.42,69.24,1
1143,31.71,71.34,3
1144,16.29,71.72,2
1145,34.57,40.51,1
1146,23.26,52.94,2
1147,19.55,43.45,2
1148,29.40,42.36,1
1149,28.26,66.49,2
1150,18.12,50.04,3
1151,17.45,87.11,3
1152,21.37,56.60,3
1153,28.35,59.65,2
1154,15.48,61.26,1
1155,20.91,53.72,3
1156,34.74,54.68,3
1157,33.72,76.09,3
1158,28.14,70.04,3
1159,31.40,71.93,3
1160,22.71,77.11,2
1161,23.86,73.77,1
1162,27.89,72.60,3
1163,27.65,64.64,3
1164,32.61,56.40,2
1165,34.23,92.74,1
1166,25.37,83.29,2
1167,22.61,93.10,1
1168,33.50,66.86,3
1169,24.54,47.67,2
1170,20.22,60.01,3
1171,25.37,52.29,2
1172,32.30,47.88,2
1173,18.67,93.96,3
1174,29.93,76.14,2
1175,30.90,43.68,3
1176,22.21,57.55,1
1177,30.23,61.00,2
1178,26.90,57.68,1
1179,28.90,80.97,2
1180,20.24,63.92,3
1181,22.21,56.13,1
1182,29.50,87.10,1
1183,19.51,74.55,3
1184,22.60,62.64,3
1185,16.66,85.21,3
1186,27.77,54.16,1
1187,24.90,51.54,1
1188,18.82,89.06,3
1189,17.52,51.53,3
1190,30.55,75.31,2
1191,26.31,92.90,1
1192,30.92,89.17,1
1193,29.73,54.07,1
1194,23.96,60.74,3
1195,33.86,71.84,1
1196,33.97,70.75,1
1197,23.45,62.40,2
1198,30.17,75.06,2
1199,18.10,92.41,1
1200,22.80,89.35,1
1201,31.24,75.84,2
1202,18.41,80.54,1
1203,24.41,61.56,1
1204,18.98,92.19,2
1205,26.46,82.24,2
1206,30.40,41.03,2
1207,20.74,81.28,1
1208,28.72,49.22,1
1209,20.27,80.88,2
1210,18.18,88.23,1
1211,17.77,44.87,1
1212,30.01,64.58,2
1213,25.86,45.76,1
1214,27.45,63.42,3
1215,29.11,65.70,3
1216,33.59,77.80,1
1217,21.89,59.60,3
1218,21.94,42.16,1
1219,29.45,94.74,3
1220,27.88,70.90,3
1221,20.58,83.94,1
1222,18.78,50.18,2
1223,29.80,91.29,2
1224,33.59,68.70,2
1225,32.02,71.92,3
1226,34.70,60.70,3
1227,23.79,63.64,1
1228,26.82,85.53,1
1229,28.19,49.56,2
1230,20.61,50.54,3
1231,22.53,52.08,1
1232,28.43,73.28,3
1233,27.74,92.14,1
1234,32.10,73.68,1
1235,25.91,44.25,3
1236,24.85,54.33,1
1237,19.21,94.40,2
1238,21.91,64.89,3
1239,16.29,57.14,1
1240,24.87,45.65,2
1241,18.97,76.27,3
1242,21.17,54.92,1
1243,32.01,57.79,1
1244,26.92,74.00,2
1245,23.93,51.70,1
1246,20.89,48.99,3
1247,20.51,72.98,2
1248,22.06,63.88,1
1249,29.88,51.09,1
1250,28.47,79.46,3
1251,29.54,61.31,2
1252,19.59,43.51,1
1253,15.49,60.39,2
1254,16.80,67.83,2
1255,15.05,74.57,3
1256,30.06,66.88,3
1257,26.67,56.02,2
1258,21.36,73.26,2
1259,17.84,67.94,3
1260,27.80,78.78,2
1261,20.57,88.02,1
1262,33.39,56.23,2
1263,31.79,78.08,2
1264,26.63,41.09,2
1265,15.84,50.80,2
1266,31.31,92.28,3
1267,21.07,67.40,2
1268,29.02,70.59,3
1269,26.37,44.78,1
1270,32.53,82.89,2
1271,23.27,58.18,2
1272,21.22,66.87,2
1273,31.59,81.98,3
1274,21.83,77.22,2
1275,29.78,77.11,2
1276,22.70,92.67,3
1277,15.15,88.50,1
1278,31.44,48.12,2
1279,32.01,40.70,2
1280,30.26,84.24,1
1281,19.07,63.82,2
1282,27.77,86.79,2
1283,17.48,52.36,1
1284,16.69,68.10,2
1285,23.82,94.89,3
1286,29.90,42.04,1
1287,20.53,82.64,1
1288,33.43,89.72,2
1289,27.23,44.89,2
1290,19.87,54.31,1
1291,24.66,62.20,2
1292,29.92,68.73,1
1293,34.95,59.95,1
1294,26.42,53.70,3
1295,18.51,62.64,3
1296,30.91,87.01,1
1297,20.12,60.50,3
1298,16.17,93.39,3
1299,30.23,50.04,1
1300,27.74,73.57,1
1301,30.02,89.83,2
1302,17.58,93.77,1
1303,27.43,41.86,3
1304,29.02,63.73,3
1305,26.75,53.44,1
1306,33.89,70.31,1
1307,22.43,83.77,1
1308,28.60,49.97,2
1309,32.56,48.74,1
1310,34.99,61.06,1
1311,18.17,91.58,2
1312,27.89,57.29,2
1313,16.60,79.32,3
1314,34.24,59.14,1
1315,31.43,72.17,1
1316,24.98,58.56,3
1317,18.18,69.31,2
1318,34.95,70.53,3
1319,33.86,75.74,3
1320,27.45,58.20,1
1321,15.29,90.27,1
1322,19.25,89.89,3
1323,29.32,84.97,3
1324,31.90,54.60,3
1325,22.90,64.86,2
1326,16.07,47.21,1
1327,17.49,77.91,1
1328,27.48,40.27,2
1329,26.11,58.68,2
1330,31.05,82.68,2
1331,26.01,84.19,2
1332,26.75,74.64,2
1333,29.15,76.08,3
1334,16.39,60.44,1
1335,33.56,94.17,3
1336,29.54,46.80,2
1337,23.33,91.51,3
1338,28.05,82.01,3
1339,24.61,55.92,2
1340,34.13,85.66,1
1341,28.42,87.69,3
1342,23.25,44.25,3
1343,21.05,81.95,3
1344,29.53,82.31,1
1345,30.41,82.46,1
1346,32.22,48.45,3
1347,32.82,52.20,2
1348,23.55,84.11,2
1349,32.95,55.75,2
1350,20.88,69.47,3
1351,29.73,54.72,3
1352,27.05,49.76,1
1353,33.79,61.20,2
1354,34.70,41.75,1
1355,30.73,84.03,3
1356,23.59,57.89,1
1357,33.70,40.65,1
1358,17.07,52.60,3
1359,20.66,74.42,2
1360,31.25,68.44,3
1361,17.12,44.84,2
1362,21.38,40.41,2
1363,24.71,88.63,3
1364,15.94,88.70,2
1365,27.97,83.05,2
1366,34.17,93.08,3
1367,23.03,44.93,2
1368,18.08,74.36,3
1369,33.71,56.66,2
1370,18.88,82.52,1
1371,34.90,69.27,1
1372,31.51,53.07,1
1373,25.39,77.13,3
1374,27.39,55.36,3
1375,17.92,80.37,2
1376,32.66,87.25,3
1377,28.03,88.02,1
1378,17.03,60.53,1
1379,32.18,85.66,3
1380,26.23,93.24,3
1381,16.21,60.18,2
1382,20.46,77.43,2
1383,24.36,86.89,1
1384,16.75,68.78,2
1385,22.80,62.32,2
1386,15.23,80.32,1
1387,25.29,76.94,2
1388,20.38,68.14,3
1389,25.14,56.37,2
1390,29.13,81.49,2
1391,30.77,47.28,1
1392,24.26,63.64,2
1393,16.15,65.26,1
1394,26.01,54.55,3
1395,24.44,55.68,3
1396,34.74,82.61,1
1397,23.63,53.68,1
1398,20.64,53.99,1
1399,27.84,71.58,3
1400,33.31,75.87,2
1401,23.84,78.60,2
1402,15.58,88.32,3
1403,24.58,77.01,3
1404,21.28,43.75,2
1405,20.25,84.07,2
1406,21.39,72.11,3
1407,15.30,43.39,3
1408,27.69,68.13,1
1409,30.91,61.20,2
1410,27.39,84.91,2
1411,15.87,81.11,3
1412,19.61,76.83,3
1413,17.02,74.67,2
1414,17.64,81.91,3
1415,22.27,70.58,3
1416,26.91,82.31,1
1417,23.19,59.27,3
1418,21.38,78.48,2
1419,33.14,44.64,1
1420,27.20,88.83,2
1421,34.55,47.33,3
1422,16.46,63.44,1
1423,22.36,76.67,2
1424,29.59,85.61,1
1425,32.03,44.84,2
1426,15.87,78.96,1
1427,27.23,59.33,3
1428,31.85,60.77,1
1429,23.31,58.87,3
1430,17.99,67.97,2
1431,24.48,80.05,3
1432,22.80,76.33,2
1433,27.75,83.86,1
1434,18.14,83.54,2
1435,27.33,78.94,2
1436,24.28,87.81,2
1437,16.33,89.39,3
1438,21.23,89.26,2
1439,34.91,94.64,1
1440,26.14,65.46,3
1441,15.42,75.45,2
1442,32.95,81.12,2
1443,28.04,65.35,2
1444,34.09,57.09,2
1445,22.45,53.75,3
1446,21.45,57.85,1
1447,33.40,72.73,3
1448,23.31,43.34,3
1449,28.90,53.55,2
1450,30.68,69.65,3
1451,32.61,45.12,1
1452,20.16,47.81,1
1453,20.58,88.75,1
1454,22.34,56.81,2
1455,17.97,71.52,3
1456,19.87,72.83,1
1457,16.04,94.17,1
1458,15.29,86.98,1
1459,22.10,47.80,3
1460,30.68,61.87,3
1461,16.02,78.10,3
1462,23.45,89.01,3
1463,23.30,75.18,2
1464,31.40,40.07,1
1465,28.22,93.36,2
1466,27.17,77.52,3
1467,34.95,79.76,3
1468,28.75,78.80,1
1469,32.50,67.50,1
1470,31.22,69.19,2
1471,29.47,64.21,2
1472,16.32,57.75,3
1473,15.94,87.30,1
1474,32.10,85.54,3
1475,23.07,81.09,1
1476,33.13,46.49,1
1477,18.20,40.24,2
1478,20.21,40.20,1
1479,26.93,44.77,3
1480,31.57,50.78,1
1481,27.15,85.58,3
1482,20.04,73.24,1
1483,27.23,72.26,1
1484,17.13,67.03,2
1485,15.30,62.66,3
1486,27.75,45.09,2
1487,31.19,83.15,2
1488,25.53,74.78,1
1489,19.67,47.48,2
1490,23.68,47.38,2
1491,32.91,68.48,1
1492,27.12,75.12,2
1493,27.08,47.89,3
1494,27.71,82.35,3
1495,21.81,45.91,3
1496,22.33,90.33,2
1497,26.61,44.32,2
1498,15.24,59.74,2
1499,17.40,52.89,1
1500,34.77,66.93,3
1501,17.19,68.08,3
1502,27.82,75.89,1
1503,30.97,51.69,2
1504,31.51,94.73,1
1505,20.26,85.15,3
1506,21.51,75.99,3
1507,25.66,48.22,2
1508,32.05,92.58,3
1509,17.07,91.02,3
1510,25.59,59.40,3
1511,28.92,43.35,2
1512,31.26,43.45,2
1513,23.06,50.48,2
1514,15.70,65.05,3
1515,29.98,62.34,1
1516,34.64,60.90,1
1517,20.27,82.27,2
1518,21.15,49.79,3
1519,30.92,50.08,2
1520,30.16,59.39,3
1521,24.76,93.01,3
1522,26.52,66.93,2
1523,18.91,41.20,3
1524,17.84,87.25,2
1525,19.34,42.54,1
1526,17.91,81.86,3
1527,32.00,81.09,3
1528,26.29,53.67,3
1529,21.67,87.65,3
1530,24.81,50.98,1
1531,15.75,54.64,2
1532,29.91,91.79,3
1533,24.30,72.65,1
1534,22.87,71.41,2
1535,17.22,67.61,1
1536,19.87,78.07,1
1537,29.09,53.60,3
1538,20.16,60.04,3
1539,15.57,57.80,2
1540,27.55,61.73,3
1541,27.89,48.84,1
1542,30.57,76.98,2
1543,32.54,55.23,2
1544,18.32,91.39,3
1545,34.05,87.91,3
1546,16.78,57.52,3
1547,21.17,54.61,3
1548,33.68,50.96,3
1549,18.99,84.36,2
1550,34.26,62.84,3
1551,22.88,90.81,1
1552,26.44,45.62,3
1553,24.29,69.83,3
1554,15.86,67.65,3
1555,31.19,73.68,2
1556,26.92,47.08,2
1557,15.14,85.72,2
1558,30.82,81.53,2
1559,26.14,81.61,3
1560,31.69,89.61,3
1561,21.07,77.44,3
1562,29.83,85.11,3
1563,15.76,60.64,1
1564,19.84,48.43,1
1565,17.56,71.47,1
1566,23.95,64.26,3
1567,17.55,65.84,3
1568,16.04,80.72,1
1569,21.61,72.66,1
1570,16.20,69.02,1
1571,21.26,86.43,2
1572,34.64,81.34,2
1573,28.75,57.78,3
1574,34.11,73.13,2
1575,24.83,90.74,1
1576,16.67,62.00,3
1577,15.24,41.38,3
1578,25.48,77.89,2
1579,34.47,94.20,2
1580,34.47,72.04,3
1581,24.73,93.21,3
1582,21.79,52.18,2
1583,29.32,79.97,2
1584,31.12,81.86,1
1585,23.04,89.85,1
1586,19.32,43.12,3
1587,18.73,59.55,1
1588,34.05,49.19,3
1589,15.84,47.03,2
1590,16.39,78.56,3
1591,25.06,91.44,1
1592,26.01,93.48,2
1593,22.44,91.39,1
1594,22.69,43.39,3
1595,18.31,67.79,3
1596,30.51,78.95,2
1597,16.95,54.35,1
1598,32.89,55.38,3
1599,24.75,65.41,1
1600,18.02,54.78,3
1601,18.67,71.65,1
1602,18.13,54.42,2
1603,22.87,71.52,2
1604,19.76,78.86,3
1605,20.22,64.51,3
1606,16.57,87.42,3
1607,24.17,49.01,1
1608,31.88,42.48,1
1609,27.47,59.42,1
1610,20.97,89.25,2
1611,24.21,88.50,2
1612,31.66,82.59,3
1613,21.30,92.54,2
1614,30.89,88.11,1
1615,27.42,83.37,3
1616,26.47,43.47,1
1617,34.72,69.65,3
1618,24.24,80.41,3
1619,34.00,46.84,2
1620,26.13,87.12,3
1621,22.13,65.51,1
1622,25.57,83.81,1
1623,27.27,66.41,1
1624,25.13,52.02,1
1625,28.09,46.37,2
1626,15.34,49.31,1
1627,25.96,53.67,2
1628,19.43,54.88,2
1629,33.28,76.50,2
1630,23.44,65.23,3
1631,19.41,42.01,2
1632,18.35,66.49,2
1633,18.70,81.46,3
1634,25.95,52.25,1
1635,27.51,72.57,1
1636,20.19,66.04,2
1637,30.55,43.49,3
1638,23.55,43.35,2
1639,21.76,71.20,3
1640,23.04,90.05,1
1641,27.41,94.12,1
1642,18.91,86.75,2
1643,25.88,77.40,1
1644,27.70,60.85,1
1645,20.84,93.44,3
1646,23.58,69.42,2
1647,31.00,67.66,2
1648,20.45,49.24,2
1649,32.65,55.60,3
1650,20.74,78.81,1
1651,16.09,75.83,1
1652,15.60,57.51,2
1653,31.41,44.67,2
1654,31.48,88.90,1
1655,23.87,47.94,2
1656,32.22,61.90,2
1657,18.11,62.97,2
1658,27.19,77.20,3
1659,26.18,53.58,1
1660,27.24,91.46,1
1661,30.83,67.76,2
1662,17.99,68.55,1
1663,28.61,68.69,2
1664,21.50,80.44,2
1665,21.84,92.77,1
1666,15.64,54.43,1
1667,19.50,91.52,2
1668,28.59,66.38,1
1669,29.37,66.52,2
1670,29.60,62.89,2
1671,15.35,88.23,3
1672,31.20,65.46,3
1673,25.36,48.63,2
1674,23.25,50.09,3
1675,24.14,46.85,1
1676,18.52,93.12,1
1677,19.77,49.44,3
1678,21.43,43.39,1
1679,28.52,52.73,1
1680,23.47,64.17,1
1681,22.52,66.01,2
1682,26.67,57.17,2
1683,29.41,92.36,3
1684,15.73,65.34,1
1685,20.58,43.83,1
1686,28.09,91.70,3
1687,20.06,46.61,2
1688,32.88,75.90,1
1689,24.21,44.90,2
1690,21.88,62.12,2
1691,34.08,77.42,2
1692,17.56,60.69,2
1693,19.88,82.63,2
1694,18.34,69.85,3
1695,31.10,90.89,1
1696,27.18,72.53,3
1697,31.90,70.14,2
1698,15.22,79.54,3
1699,31.70,69.96,2
1700,22.20,44.03,1
1701,28.04,84.73,3
1702,16.84,82.59,1
1703,17.26,66.38,2
1704,17.77,92.74,1
1705,21.71,67.33,3
1706,31.49,58.02,3
1707,18.33,61.00,3
1708,31.19,93.42,3
1709,16.07,49.54,1
1710,21.32,57.53,1
1711,19.07,80.74,2
1712,15.30,74.52,2
1713,33.29,65.53,1
1714,27.59,83.35,1
1715,30.58,72.88,1
1716,25.69,83.94,3
1717,30.44,70.14,2
1718,26.65,62.60,2
1719,29.31,41.39,3
1720,34.04,45.32,1
1721,30.00,94.16,2
1722,24.07,53.58,3
1723,34.08,72.11,3
1724,27.63,64.57,1
1725,19.72,81.04,1
1726,23.54,84.89,1
1727,24.67,53.09,1
1728,26.15,45.03,2
1729,25.26,82.93,2
1730,29.88,53.08,1
1731,20.20,75.59,3
1732,19.25,88.12,1
1733,30.43,61.54,2
1734,26.08,41.81,3
1735,32.96,69.67,2
1736,29.12,61.84,1
1737,17.40,41.36,1
1738,34.72,71.78,3
1739,28.55,79.45,3
1740,34.49,68.97,3
1741,21.77,47.83,3
1742,20.30,82.82,2
1743,15.97,66.85,2
1744,28.17,69.22,1
1745,19.96,54.13,1
1746,15.40,58.40,2
1747,19.95,70.44,1
1748,16.36,74.58,3
1749,23.92,84.52,1
1750,34.47,47.95,3
1751,24.85,67.57,3
1752,32.51,45.35,1
1753,20.29,85.35,2
1754,18.19,73.58,3
1755,16.54,42.64,3
1756,25.48,93.17,2
1757,17.42,40.24,3
1758,23.90,57.82,2
1759,15.10,81.78,2
1760,29.15,82.26,2
1761,24.11,50.68,3
1762,24.79,78.26,1
1763,24.47,72.67,2
1764,17.27,60.97,2
1765,15.69,53.38,1
1766,33.55,55.96,3
1767,22.31,49.31,1
1768,34.26,40.31,2
1769,31.92,46.33,2
1770,23.00,78.84,3
1771,30.00,78.13,1
1772,20.09,56.39,3
1773,30.46,91.98,1
1774,20.27,78.59,3
1775,20.78,90.46,3
1776,16.35,80.92,3
1777,25.58,87.08,3
1778,31.77,70.40,2
1779,29.97,72.43,1
1780,20.67,67.95,3
1781,22.37,50.11,2
1782,34.48,76.97,2
1783,26.53,44.35,3
1784,26.66,53.14,2
1785,29.12,77.67,1
1786,17.60,88.79,2
1787,34.01,74.98,1
1788,23.04,66.73,2
1789,17.94,56.47,3
1790,21.70,69.40,3
1791,27.48,47.07,2
1792,34.00,46.86,1
1793,21.07,84.34,3
1794,19.32,78.59,3
1795,22.70,69.34,2
1796,25.87,76.57,1
1797,25.54,65.36,3
1798,32.13,80.49,2
1799,17.64,66.18,3
1800,15.79,61.13,2
1801,21.01,48.47,3
1802,21.82,70.94,1
1803,32.32,86.94,2
1804,24.58,53.90,3
1805,15.75,86.06,3
1806,33.91,55.52,1
1807,21.09,62.15,2
1808,33.68,93.02,3
1809,21.08,47.64,1
1810,23.46,91.18,2
1811,15.18,77.81,2
1812,25.07,57.13,2
1813,16.49,73.32,1
1814,21.09,65.72,3
1815,32.73,46.62,3
1816,27.32,84.38,1
1817,15.15,88.83,1
1818,17.26,79.26,3
1819,15.63,45.45,2
1820,27.21,58.27,3
1821,32.14,75.19,1
1822,30.04,45.66,1
1823,25.13,72.51,3
1824,21.00,69.11,3
1825,15.78,49.10,2
1826,15.48,53.38,3
1827,34.28,92.49,3
1828,15.82,74.01,2
1829,27.11,73.70,2
1830,29.27,78.93,3
1831,31.26,57.27,3
1832,32.61,66.88,1
1833,25.22,69.92,3
1834,23.71,45.17,2
1835,17.99,45.06,3
1836,29.74,75.63,2
1837,22.85,87.32,2
1838,18.82,93.93,2
1839,32.57,59.50,3
1840,24.08,90.31,1
1841,19.35,67.57,2
1842,22.80,45.43,3
1843,28.79,78.17,1
1844,20.19,46.64,2
1845,26.54,83.33,2
1846,23.81,78.58,1
1847,25.46,61.51,3
1848,18.45,68.19,3
1849,34.70,57.84,1
1850,28.40,67.63,2
1851,33.98,61.31,1
1852,23.17,48.44,1
1853,21.60,86.42,1
1854,24.41,44.85,1
1855,34.41,68.05,2
1856,30.57,51.57,3
1857,17.92,94.73,2
1858,30.71,56.49,2
1859,24.85,78.96,1
1860,18.49,83.37,1
1861,25.94,57.27,3
1862,33.92,46.11,1
1863,24.78,43.99,2
1864,32.85,59.67,1
1865,24.42,47.49,2
1866,20.43,45.22,1
1867,26.84,42.32,2
1868,15.29,46.67,1
1869,19.39,45.99,1
1870,23.64,62.45,1
1871,17.49,43.81,3
1872,19.17,82.09,1
1873,29.26,58.48,1
1874,24.71,91.88,3
1875,18.12,75.93,3
1876,27.47,86.36,2
1877,28.49,44.55,3
1878,23.27,70.43,1
1879,22.51,75.19,1
1880,31.35,50.54,2
1881,26.15,64.86,1
1882,22.21,62.13,2
1883,19.87,51.72,1
1884,31.42,79.81,2
1885,29.31,75.58,3
1886,25.45,83.60,1
1887,25.32,64.97,2
1888,34.44,60.85,3
1889,27.24,91.82,3
1890,25.73,62.41,1
1891,20.33,67.97,2
1892,15.62,55.77,2
1893,29.13,82.98,1
1894,30.91,90.09,3
1895,32.89,43.22,3
1896,29.30,88.64,2
1897,27.54,60.38,2
1898,28.70,80.87,3
1899,16.96,40.53,1
1900,25.87,52.37,3
1901,29.84,42.48,3
1902,25.24,82.67,1
1903,23.64,63.65,3
1904,33.16,69.59,2
1905,27.00,73.09,3
1906,16.28,67.53,1
1907,34.06,70.08,2
1908,25.35,69.75,1
1909,27.06,62.18,2
1910,18.22,58.04,1
1911,27.93,63.45,3
1912,29.29,56.84,1
1913,34.54,80.60,2
1914,27.13,89.32,2
1915,23.79,62.38,1
1916,22.89,88.61,2
1917,22.05,68.18,1
1918,17.01,50.49,3
1919,30.33,61.41,3
1920,32.79,56.86,3
1921,19.44,62.88,1
1922,33.47,67.24,2
1923,25.36,72.31,1
1924,27.64,75.46,3
1925,28.73,53.74,2
1926,21.09,71.74,1
1927,16.58,78.59,3
1928,15.41,82.49,2
1929,24.57,64.64,2
1930,33.05,47.99,1
1931,22.19,87.10,2
1932,27.69,50.13,3
1933,34.38,93.90,2
1934,29.73,59.39,1
1935,18.30,74.03,2
1936,24.27,54.48,3
1937,25.11,44.74,1
1938,25.79,86.25,1
1939,24.14,41.42,2
1940,21.59,69.97,3
1941,21.38,44.03,2
1942,32.17,52.04,2
1943,21.62,68.84,3
1944,18.81,68.53,2
1945,34.10,93.82,3
1946,26.09,56.45,2
1947,20.50,76.55,3
1948,30.02,93.63,1
1949,24.71,51.46,1
1950,25.24,58.65,2
1951,24.08,82.10,2
1952,22.33,48.65,1
1953,25.21,77.07,1
1954,32.85,79.61,1
1955,17.49,89.44,2
1956,15.47,61.84,2
1957,26.28,75.38,1
1958,17.63,86.89,2
1959,28.24,59.00,2
1960,21.73,43.56,3
1961,34.07,45.07,1
1962,20.28,48.02,2
1963,23.85,92.14,1
1964,27.36,64.38,1
1965,29.14,93.97,1
1966,19.33,91.25,2
1967,24.41,78.61,1
1968,28.00,55.20,2
1969,30.99,66.86,3
1970,33.72,49.27,2
1971,18.07,87.41,1
1972,24.38,58.30,2
1973,23.07,46.32,2
1974,26.90,65.90,1
1975,34.21,87.64,1
1976,15.99,64.59,3
1977,19.40,50.71,3
1978,30.75,46.67,2
1979,15.34,71.33,3
1980,18.42,74.15,3
1981,17.20,67.36,2
1982,22.32,49.56,1
1983,25.61,79.09,3
1984,31.53,69.34,1
1985,22.89,43.46,3
1986,19.14,93.02,3
1987,17.04,94.36,2
1988,21.29,49.17,3
1989,26.98,65.55,1
1990,32.39,85.32,3
1991,22.79,87.43,3
1992,27.29,40.35,3
1993,17.83,67.71,2
1994,27.40,82.20,2
1995,29.96,59.54,2
1996,16.10,52.87,1
1997,15.24,91.65,1
1998,18.56,82.28,2
1999,23.65,54.36,3
2000,29.02,79.81,2
2001,28.02,85.57,2
2002,18.18,64.69,2
2003,20.91,86.32,1
2004,22.20,54.31,3
2005,31.64,56.42,1
2006,24.86,48.24,1
2007,30.83,83.14,2
2008,30.16,73.75,2
2009,26.98,41.63,1
2010,23.29,89.78,2
2011,26.22,48.79,2
2012,18.18,70.84,3
2013,19.42,41.12,1
2014,22.42,78.16,2
2015,18.12,58.45,1
2016,20.23,63.01,2
2017,26.46,45.85,1
2018,26.52,53.45,1
2019,24.51,91.87,3
2020,23.14,66.73,2
2021,27.15,51.02,1
2022,19.77,57.13,1
2023,23.93,90.71,2
2024,17.84,72.09,2
2025,27.19,66.51,1
2026,29.75,84.43,1
2027,22.86,62.33,3
2028,21.58,67.06,2
2029,24.89,76.05,2
2030,19.18,72.33,1
2031,31.15,67.36,1
2032,26.55,69.20,1
2033,25.34,80.30,2
2034,19.84,54.99,3
2035,20.27,50.46,3
2036,17.61,89.27,1
2037,22.30,48.12,3
2038,21.11,45.85,2
2039,30.95,43.69,2
2040,30.58,71.56,2
2041,29.76,76.36,1
2042,32.38,55.21,2
2043,32.81,59.66,3
2044,30.54,45.97,1
2045,27.60,47.51,2
2046,24.32,64.88,1
2047,29.03,68.80,2
2048,25.60,65.88,1
2049,16.45,85.84,1
2050,22.86,53.85,3
2051,28.92,47.57,3
2052,22.40,74.44,1
2053,15.91,53.68,1
2054,32.90,49.67,2
2055,19.50,83.36,2
2056,23.95,61.12,1
2057,31.96,80.59,3
2058,19.63,87.75,3
2059,28.72,92.42,1
2060,17.57,78.70,1
2061,16.92,93.34,2
2062,28.92,67.94,2
2063,31.56,85.71,3
2064,20.12,79.57,1
2065,20.40,62.69,1
2066,16.48,44.28,1
2067,23.34,73.71,1
2068,16.63,48.26,2
2069,17.26,44.38,3
2070,23.27,61.70,2
2071,23.08,62.91,2
2072,27.95,74.81,3
2073,33.63,61.93,3
2074,30.43,43.96,3
2075,17.30,85.23,2
2076,15.21,78.96,3
2077,31.00,69.79,2
2078,30.17,46.92,1
2079,24.05,51.28,3
2080,22.42,62.05,2
2081,28.29,55.84,3
2082,16.88,61.71,2
2083,20.84,94.64,3
2084,30.96,78.09,1
2085,25.18,60.13,2
2086,29.14,47.21,2
2087,21.68,44.38,1
2088,26.07,52.76,2
2089,28.28,64.93,1
2090,33.17,65.38,2
2091,29.03,69.20,3
2092,16.93,46.33,1
2093,24.41,92.22,1
2094,34.93,89.24,2
2095,33.17,88.40,3
2096,20.04,50.00,2
2097,24.85,77.54,1
2098,19.10,73.19,3
2099,21.23,48.75,3
2100,17.87,93.73,1
2101,26.90,87.33,1
2102,23.34,61.04,1
2103,16.16,43.34,1
2104,34.97,92.48,2
2105,32.56,70.03,3
2106,28.64,85.10,1
2107,29.49,44.70,3
2108,32.97,84.17,3
2109,22.53,82.68,1
2110,28.32,52.55,2
2111,20.22,67.85,2
2112,24.57,86.23,2
2113,23.16,40.54,1
2114,18.56,89.44,1
2115,26.47,86.87,3
2116,25.02,89.16,1
2117,21.68,41.04,3
2118,34.93,81.41,3
2119,15.75,40.76,2
2120,15.14,82.38,1
2121,20.51,76.01,2
2122,17.68,45.24,1
2123,20.81,85.13,3
2124,19.72,52.45,1
2125,20.34,69.44,3
2126,29.26,67.35,2
2127,33.30,58.01,3
2128,20.32,87.36,2
2129,29.11,84.22,2
2130,22.20,78.69,1
2131,28.19,83.73,3
2132,33.49,73.89,3
2133,29.19,85.45,3
2134,16.15,94.27,1
2135,19.19,59.54,1
2136,23.80,43.81,3
2137,15.47,78.25,2
2138,26.58,70.04,2
2139,26.72,65.68,3
2140,27.60,67.28,2
2141,15.02,79.99,3
2142,25.67,71.74,3
2143,31.63,85.98,2
2144,28.65,53.57,3
2145,25.01,65.03,1
2146,15.96,66.32,3
2147,24.48,90.64,3
2148,23.22,52.45,3
2149,28.09,63.21,2
2150,21.24,58.63,3
2151,18.36,83.43,1
2152,26.80,82.63,2
2153,16.05,64.30,1
2154,25.05,85.67,3
2155,26.28,51.22,1
2156,21.69,91.25,2
2157,34.08,64.27,3
2158,29.53,53.95,3
2159,30.88,43.95,3
2160,22.34,51.05,2
2161,32.04,82.75,1
2162,19.43,71.01,3
2163,26.40,89.59,1
2164,34.43,80.92,2
2165,18.97,63.26,3
2166,25.41,69.15,2
2167,18.84,86.96,1
2168,16.67,94.82,2
2169,22.90,82.98,3
2170,21.67,47.27,1
2171,31.08,47.22,3
2172,33.05,82.24,1
2173,28.74,60.32,3
2174,30.08,94.65,3
2175,27.02,46.16,2
2176,20.88,70.60,3
2177,34.16,55.78,2
2178,19.91,65.46,1
2179,30.05,91.34,3
2180,17.58,63.72,2
2181,33.37,48.47,3
2182,25.61,45.80,3
2183,31.83,62.80,1
2184,20.96,52.58,3
2185,24.71,89.19,2
2186,32.17,45.21,3
2187,15.90,67.14,1
2188,28.24,78.80,3
2189,24.73,50.84,3
2190,25.91,52.06,3
2191,20.09,78.43,2
2192,18.82,52.68,2
2193,25.96,64.65,2
2194,34.34,48.16,1
2195,23.44,49.78,3
2196,15.88,74.88,3
2197,26.80,68.60,1
2198,19.53,52.08,3
2199,28.08,76.85,2
2200,33.80,55.24,1
2201,21.86,74.46,1
2202,18.55,73.81,3
2203,27.37,53.16,1
2204,20.70,63.27,3
2205,15.99,46.93,3
2206,26.91,50.01,2
2207,20.54,66.62,3
2208,25.70,61.53,3
2209,27.10,81.19,1
2210,16.10,71.52,1
2211,30.71,62.79,2
2212,21.10,55.70,2
2213,22.29,55.61,1
2214,17.45,93.18,3
2215,16.83,66.61,1
2216,19.43,82.51,2
2217,28.84,70.53,1
2218,33.13,62.01,1
2219,28.74,56.99,2
2220,33.15,45.83,1
2221,23.17,45.85,2
2222,20.61,62.92,3
2223,21.14,67.30,3
2224,16.49,55.02,3
2225,16.74,57.68,1
2226,34.99,92.66,3
2227,19.31,51.67,2
2228,27.47,54.45,1
2229,34.43,59.98,2
2230,21.11,75.69,1
2231,20.97,47.97,3
2232,24.92,53.52,2
2233,18.77,89.15,1
2234,30.74,76.57,2
2235,33.28,48.42,3
2236,29.14,51.76,3
2237,17.14,84.05,3
2238,22.13,94.19,2
2239,20.69,71.93,3
2240,32.70,45.60,1
2241,30.03,70.66,1
2242,29.26,90.48,2
2243,32.05,80.76,2
2244,25.58,44.56,1
2245,16.25,70.20,3
2246,30.12,65.69,1
2247,23.88,41.14,2
2248,19.83,64.10,3
2249,18.43,86.73,2
2250,25.67,62.68,3
2251,29.78,51.43,2
2252,32.84,48.92,2
2253,16.80,76.14,2
2254,19.69,56.66,2
2255,29.06,55.48,1
2256,18.26,74.37,1
2257,22.54,40.41,3
2258,34.40,83.31,2
2259,31.97,42.11,2
2260,30.57,86.89,2
2261,27.01,79.92,3
2262,26.70,52.74,3
2263,24.01,85.85,1
2264,22.67,61.61,3
2265,19.58,88.21,2
2266,33.02,45.19,2
2267,21.06,91.03,1
2268,33.02,62.94,2
2269,24.76,43.76,3
2270,25.69,70.77,3
2271,22.19,82.46,3
2272,19.31,55.70,2
2273,27.61,66.51,1
2274,32.42,55.12,1
2275,15.54,70.42,2
2276,24.32,69.68,3
2277,32.13,58.78,2
2278,22.40,75.06,3
2279,34.12,83.97,2
2280,24.65,61.68,1
2281,15.44,81.75,1
2282,20.02,79.80,2
2283,25.74,48.19,3
2284,32.86,72.46,3
2285,33.09,87.35,1
2286,32.85,73.18,3
2287,19.82,62.35,2
2288,32.80,77.62,3
2289,33.34,90.80,1
2290,32.79,92.57,3
2291,25.25,45.96,2
2292,34.79,94.53,1
2293,16.49,52.06,2
2294,27.96,63.54,2
2295,29.55,46.83,1
2296,18.24,79.00,3
2297,18.42,78.72,3
2298,17.78,40.58,2
2299,19.12,58.94,1
2300,16.99,58.95,1
2301,15.37,93.23,1
2302,21.16,42.05,3
2303,25.02,44.01,3
2304,23.01,54.64,2
2305,33.34,40.94,3
2306,22.78,74.22,1
2307,18.28,45.04,2
2308,30.76,78.44,3
2309,20.60,52.53,3
2310,27.42,46.12,1
2311,31.00,93.09,3
2312,20.55,59.99,1
2313,22.02,77.69,3
2314,31.11,78.91,2
2315,19.81,69.72,2
2316,17.36,67.93,2
2317,30.47,72.31,2
2318,26.95,83.78,1
2319,30.69,63.30,3
2320,20.40,45.59,3
2321,22.41,65.66,2
2322,16.29,53.75,1
2323,33.10,69.82,1
2324,29.71,56.02,1
2325,21.99,53.71,2
2326,20.82,79.47,1
2327,27.88,82.26,2
2328,31.69,45.77,2
2329,34.40,63.10,1
2330,22.56,69.29,1
2331,31.96,69.61,1
2332,23.48,61.94,1
2333,26.42,77.22,3
2334,28.60,90.06,1
2335,20.71,87.21,2
2336,29.00,70.64,3
2337,33.57,44.56,2
2338,21.99,65.36,2
2339,15.29,71.75,1
2340,23.44,76.79,2
2341,20.14,73.61,2
2342,20.42,86.21,1
2343,23.60,93.27,1
2344,33.37,74.20,3
2345,32.93,64.46,3
2346,23.32,81.10,3
2347,31.44,88.20,2
2348,24.49,91.01,2
2349,25.64,84.62,3
2350,19.81,75.70,3
2351,15.44,91.95,1
2352,20.46,71.38,2
2353,32.65,51.04,2
2354,16.64,78.68,2
2355,31.45,78.99,2
2356,26.02,42.11,3
2357,28.87,51.49,3
2358,21.24,50.27,3
2359,29.49,48.29,3
2360,16.07,40.14,1
2361,28.52,51.64,3
2362,34.63,93.60,3
2363,22.61,92.71,2
2364,22.16,92.47,2
2365,24.71,75.88,3
2366,22.77,89.03,3
2367,22.56,69.67,1
2368,21.07,90.18,1
2369,21.94,86.94,3
2370,22.13,57.04,3
2371,30.92,69.97,3
2372,15.94,50.57,2
2373,33.52,72.90,1
2374,15.01,82.20,2
2375,24.58,68.21,1
2376,29.98,90.77,1
2377,28.22,64.40,1
2378,28.51,87.33,3
2379,20.66,74.66,3
2380,16.70,75.22,1
2381,17.23,53.01,2
2382,18.28,86.81,1
2383,32.66,80.08,1
2384,17.94,72.89,1
2385,18.31,53.30,3
2386,24.65,64.63,3
2387,25.34,66.51,3
2388,31.86,44.95,2
2389,24.24,49.89,2
2390,30.65,46.62,2
2391,34.70,62.25,3
2392,29.31,78.75,3
2393,28.77,82.42,1
2394,19.66,78.70,2
2395,28.60,52.69,3
2396,16.25,78.49,3
2397,18.33,59.89,1
2398,23.76,90.72,1
2399,33.38,62.02,3
2400,21.36,61.73,1
2401,22.03,81.86,2
2402,19.11,65.73,1
2403,33.92,57.50,3
2404,21.85,52.47,3
2405,23.04,88.06,3
2406,34.69,87.04,2
2407,21.99,49.01,1
2408,30.86,91.24,3
2409,31.22,73.32,2
2410,20.11,63.36,2
2411,16.20,86.56,3
2412,29.94,86.02,1
2413,18.40,69.16,1
2414,20.70,42.11,1
2415,15.70,92.41,2
2416,31.63,56.33,3
2417,34.50,73.48,3
2418,23.70,74.15,1
2419,25.67,66.08,2
2420,16.06,94.62,3
2421,29.36,62.87,1
2422,18.41,57.97,3
2423,31.11,51.40,1
2424,26.47,58.88,2
2425,33.57,65.60,3
2426,25.53,91.03,1
2427,19.90,52.50,2
2428,21.37,60.76,2
2429,16.28,45.94,1
2430,28.48,70.23,1
2431,24.17,55.12,3
2432,20.57,45.36,2
2433,31.42,74.58,2
2434,21.53,76.73,2
2435,21.57,46.83,3
2436,17.59,87.68,1
2437,24.84,80.15,3
2438,25.56,44.25,3
2439,20.47,88.03,2
2440,17.62,93.19,1
2441,34.80,93.29,1
2442,25.26,62.42,3
2443,21.22,62.06,3
2444,22.58,77.66,2
2445,30.43,85.56,2
2446,19.90,80.35,2
2447,18.33,55.22,2
2448,15.87,45.43,3
2449,27.03,53.87,2
2450,28.09,53.25,2
2451,33.63,48.67,2
2452,16.26,59.43,2
2453,17.89,77.88,3
2454,30.84,55.04,1
2455,31.94,62.43,3
2456,34.16,45.25,1
2457,27.53,86.72,2
2458,22.46,94.52,3
2459,34.34,85.64,2
2460,22.84,52.43,1
2461,17.99,42.02,1
2462,16.81,74.90,1
2463,26.09,62.94,3
2464,33.38,79.20,2
2465,22.54,57.04,2
2466,20.75,66.72,2
2467,34.79,53.17,2
2468,30.23,53.15,2
2469,31.40,63.53,2
2470,24.81,81.60,3
2471,31.34,48.56,2
2472,25.05,43.80,3
2473,21.94,43.81,2
2474,24.09,49.46,3
2475,28.88,64.54,3
2476,15.46,93.80,1
2477,26.32,40.82,3
2478,29.78,64.19,2
2479,24.44,55.38,2
2480,27.95,78.53,1
2481,22.18,88.93,3
2482,34.01,76.33,2
2483,16.81,94.06,1
2484,34.50,61.81,3
2485,33.81,47.36,1
2486,29.51,90.20,3
2487,25.96,65.34,1
2488,26.94,59.58,2
2489,23.08,80.83,3
2490,29.52,79.71,1
2491,20.03,90.04,3
2492,15.08,48.31,2
2493,18.57,53.37,3
2494,32.80,75.66,3
2495,23.63,54.36,2
2496,28.79,93.81,2
2497,18.85,62.05,2
2498,21.10,60.37,2
2499,17.45,71.51,1
2500,24.25,93.03,1
2501,20.51,41.55,1
2502,29.67,88.51,3
2503,28.99,53.42,3
2504,30.94,49.22,3
2505,33.53,53.96,1
2506,22.46,70.10,1
2507,17.59,71.12,1
2508,17.63,63.12,2
2509,33.37,68.63,1
2510,29.53,45.85,3
2511,17.40,85.63,2
2512,29.50,46.94,3
2513,28.25,92.41,3
2514,18.64,71.79,2
2515,22.10,63.14,3
2516,18.13,91.19,2
2517,25.46,86.15,1
2518,30.90,54.07,2
2519,18.77,67.11,3
2520,20.72,45.58,2
2521,33.41,78.80,2
2522,30.74,71.93,2
2523,33.21,47.64,1
2524,17.13,88.78,1
2525,22.76,44.37,2
2526,33.38,51.90,3
2527,32.69,75.70,2
2528,24.50,48.02,3
2529,21.53,80.14,1
2530,22.52,66.61,1
2531,34.02,82.41,1
2532,25.39,63.52,3
2533,21.99,87.14,2
2534,27.53,71.40,2
2535,23.31,63.30,3
2536,34.88,47.94,1
2537,24.09,94.45,2
2538,17.33,53.82,2
2539,21.94,87.40,3
2540,15.83,91.71,2
2541,20.07,94.67,2
2542,22.85,68.11,3
2543,26.89,51.23,3
2544,21.77,73.44,3
2545,17.16,59.06,1
2546,28.46,60.51,2
2547,28.43,90.77,3
2548,18.61,65.90,3
2549,24.93,69.93,1
2550,30.91,86.06,2
2551,22.27,81.83,3
2552,24.38,55.87,1
2553,30.83,94.97,2
2554,18.38,86.62,2
2555,19.95,86.93,1
2556,32.54,82.84,1
2557,16.90,86.20,1
2558,25.96,83.73,3
2559,18.03,87.40,1
2560,29.04,82.89,1
2561,17.76,54.49,3
2562,27.63,70.65,2
2563,34.01,86.95,3
2564,18.68,73.26,2
2565,23.00,40.48,1
2566,23.30,66.99,1
2567,22.01,45.98,1
2568,19.98,71.28,3
2569,24.53,46.85,2
2570,30.48,78.76,2
2571,22.63,75.69,2
2572,29.39,87.42,2
2573,25.84,60.14,2
2574,15.39,94.60,3
2575,20.83,92.92,1
2576,25.05,77.65,1
2577,16.44,76.26,1
2578,30.30,91.41,3
2579,26.29,44.35,1
2580,31.70,50.83,1
2581,32.64,64.96,1
2582,32.90,54.87,3
2583,33.67,50.16,2
2584,26.06,81.87,1
2585,25.49,54.13,3
2586,32.17,94.80,1
2587,20.94,54.47,3
2588,25.16,58.71,2
2589,32.91,71.89,1
2590,26.72,54.48,1
2591,22.04,55.74,1
2592,34.51,92.95,2
2593,24.77,85.12,2
2594,22.62,93.71,1
2595,16.10,43.69,1
2596,21.25,83.40,1
2597,22.21,44.04,1
2598,29.12,43.77,1
2599,32.19,86.87,1
2600,17.95,88.02,2
2601,29.19,76.63,1
2602,25.04,56.00,2
2603,17.57,63.27,1
2604,21.75,90.08,1
2605,31.91,64.77,1
2606,33.92,48.70,3
2607,18.95,58.21,2
2608,26.25,49.67,1
2609,28.56,44.58,1
2610,30.56,68.26,2
2611,28.54,75.74,1
2612,17.81,52.80,3
2613,32.78,50.65,2
2614,22.77,41.49,3
2615,27.62,53.76,1
2616,32.08,76.67,3
2617,32.98,55.16,3
2618,16.05,84.59,2
2619,18.58,43.44,3
2620,20.83,87.35,3
2621,24.31,61.47,2
2622,19.44,71.71,3
2623,25.72,57.48,2
2624,22.72,42.30,3
2625,20.87,59.45,3
2626,21.72,74.51,2
2627,15.71,68.83,1
2628,18.56,93.03,3
2629,19.46,59.81,2
2630,34.78,62.09,1
2631,23.92,71.87,3
2632,22.51,63.89,2
2633,25.95,62.86,3
2634,16.87,53.46,1
2635,26.38,91.17,2
2636,19.20,65.88,1
2637,18.76,44.72,3
2638,19.62,69.67,2
2639,27.96,67.94,2
2640,16.38,63.69,3
2641,22.40,86.11,2
2642,28.18,85.10,2
2643,21.62,47.44,1
2644,19.20,45.73,3
2645,17.78,65.04,3
2646,26.56,80.92,2
2647,19.58,40.62,3
2648,28.78,51.25,1
2649,31.22,91.92,2
2650,28.78,59.43,2
2651,34.86,57.31,2
2652,22.38,67.52,3
2653,22.67,77.57,3
2654,26.99,60.87,2
2655,33.57,63.81,2
2656,26.09,90.34,1
2657,16.30,56.38,1
2658,18.74,65.33,2
2659,22.50,76.92,3
2660,21.22,86.91,2
2661,27.95,49.41,1
2662,20.62,94.69,3
2663,15.76,88.43,2
2664,24.91,72.80,3
2665,22.39,51.17,2
2666,24.00,52.93,3
2667,23.30,57.10,3
2668,29.99,59.41,2
2669,19.96,83.24,1
2670,32.97,40.01,3
2671,29.56,52.80,3
2672,32.82,57.90,3
2673,23.40,66.09,1
2674,24.77,70.83,2
2675,22.13,41.69,2
2676,19.58,58.74,1
2677,15.12,51.08,2
2678,23.49,77.22,1
2679,27.98,81.97,1
2680,24.11,80.48,3
2681,30.24,87.18,2
2682,16.58,45.34,2
2683,30.47,47.57,2
2684,29.13,40.59,1
2685,28.55,48.82,3
2686,15.84,92.70,3
2687,26.07,72.96,3
2688,28.60,52.65,2
2689,27.37,64.60,2
2690,22.62,46.89,2
2691,24.02,72.92,3
2692,25.03,44.64,3
2693,22.27,92.14,3
2694,24.63,61.14,1
2695,33.44,85.16,2
2696,18.74,64.00,3
2697,19.61,76.80,3
2698,28.71,44.72,2
2699,18.16,79.15,2
2700,20.28,76.91,2
2701,34.81,65.93,2
2702,23.46,62.87,2
2703,16.47,94.29,1
2704,17.43,40.22,3
2705,27.18,64.17,2
2706,23.97,43.61,3
2707,19.21,44.66,3
2708,32.91,42.80,1
2709,23.14,75.65,1
2710,26.49,90.64,3
2711,16.01,89.73,1
2712,25.45,81.23,2
2713,22.63,90.19,3
2714,16.52,52.89,2
2715,18.45,54.63,1
2716,32.84,82.10,1
2717,15.32,80.74,1
2718,17.17,94.33,3
2719,20.87,65.77,1
2720,15.78,68.41,1
2721,29.76,67.37,1
2722,30.37,80.41,3
2723,34.22,51.03,3
2724,27.34,58.33,3
2725,18.94,49.04,3
2726,15.12,68.36,1
2727,21.29,58.02,3
2728,25.87,78.43,2
2729,30.28,86.68,1
2730,15.09,69.01,3
2731,23.75,42.79,2
2732,19.25,65.21,2
2733,23.35,48.27,3
2734,24.17,65.67,1
2735,21.38,63.33,2
2736,16.17,41.77,1
2737,23.82,59.50,2
2738,29.10,45.34,2
2739,32.43,70.86,2
2740,18.62,41.32,2
2741,29.63,43.06,1
2742,28.14,50.17,3
2743,23.30,73.79,1
2744,23.10,91.24,3
2745,24.45,82.01,1
2746,24.27,89.45,2
2747,33.44,80.38,3
2748,20.83,75.87,3
2749,15.24,58.35,3
2750,16.67,47.89,3
2751,27.70,78.72,3
2752,23.07,43.28,1
2753,26.23,84.77,2
2754,20.52,48.44,3
2755,28.28,44.68,3
2756,34.80,44.37,3
2757,18.17,50.92,3
2758,23.30,41.05,1
2759,32.11,88.38,2
2760,27.51,74.07,1
2761,28.04,89.48,2
2762,25.04,86.41,1
2763,20.16,51.41,3
2764,17.94,89.07,1
2765,23.70,74.81,3
2766,21.13,58.91,1
2767,18.39,92.30,1
2768,19.56,89.32,3
2769,34.06,55.29,3
2770,32.41,75.69,1
2771,20.50,63.68,3
2772,31.38,46.53,3
2773,26.41,65.82,1
2774,25.47,72.29,2
2775,34.36,70.99,2
2776,26.05,87.11,2
2777,17.90,45.18,3
2778,23.41,46.31,3
2779,20.98,63.44,1
2780,34.94,46.86,1
2781,24.99,50.60,1
2782,22.33,92.54,2
2783,21.01,82.72,2
2784,32.05,75.17,3
2785,18.35,55.22,2
2786,24.71,65.15,2
2787,31.29,93.50,1
2788,25.33,71.33,3
2789,19.76,51.05,2
2790,26.25,40.07,3
2791,15.80,67.98,3
2792,24.89,44.48,2
2793,24.48,71.98,3
2794,19.99,58.46,1
2795,23.98,57.90,2
2796,16.51,45.75,1
2797,20.56,88.79,3
2798,26.40,59.45,1
2799,15.18,77.35,2
2800,29.27,47.34,1
2801,31.39,82.09,3
2802,29.09,66.23,3
2803,19.38,57.72,3
2804,20.24,73.21,3
2805,21.83,93.72,3
2806,28.57,46.40,2
2807,30.59,82.70,2
2808,20.22,79.81,1
2809,28.48,88.44,1
2810,22.97,78.33,3
2811,25.83,83.31,3
2812,17.94,92.52,1
2813,26.50,75.93,3
2814,15.59,59.59,2
2815,24.74,86.23,2
2816,23.78,92.33,3
2817,16.20,86.60,1
2818,19.09,55.10,3
2819,28.17,42.17,1
2820,34.35,44.24,1
2821,33.72,61.28,2
2822,21.72,61.68,2
2823,24.89,90.86,1
2824,15.56,63.25,2
2825,15.33,64.06,2
2826,31.57,46.91,2
2827,21.48,94.88,3
2828,31.44,49.00,2
2829,29.01,86.54,3
2830,24.90,87.64,1
2831,25.94,74.28,2
2832,33.07,56.93,2
2833,22.52,87.12,2
2834,16.84,68.32,1
2835,19.72,50.44,3
2836,19.33,64.21,2
2837,25.79,42.59,2
2838,30.93,90.59,3
2839,16.79,67.49,2
2840,24.50,66.50,3
2841,34.06,61.50,1
2842,25.45,55.55,1
2843,20.29,88.38,3
2844,33.91,59.75,1
2845,17.43,67.39,3
2846,19.98,64.01,1
2847,32.87,81.32,1
2848,15.04,86.76,3
2849,21.02,53.53,2
2850,30.98,41.13,2
2851,23.30,63.76,3
2852,32.35,44.16,2
2853,28.64,40.72,3
2854,33.85,86.90,3
2855,18.81,83.93,3
2856,30.57,84.56,2
2857,18.43,93.30,2
2858,30.62,58.92,2
2859,21.39,58.33,2
2860,16.09,75.45,1
2861,24.60,53.37,2
2862,31.17,85.11,3
2863,20.12,55.83,3
2864,20.46,45.41,1
2865,32.99,72.57,3
2866,22.13,76.32,2
2867,20.35,82.58,2
2868,30.52,73.35,1
2869,33.10,77.29,1
2870,28.48,64.18,2
2871,20.47,62.13,1
2872,33.37,71.45,1
2873,20.88,42.79,1
2874,21.87,80.12,2
2875,17.47,40.92,3
2876,26.23,49.41,2
2877,31.73,82.21,3
2878,29.56,65.34,1
2879,15.84,90.44,3
2880,29.60,45.35,3
2881,17.98,64.63,1
2882,21.47,76.89,3
2883,26.87,40.00,2
2884,15.32,77.23,2
2885,31.17,47.97,3
2886,16.10,81.02,2
2887,25.37,78.98,3
2888,34.17,47.94,2
2889,15.79,87.19,2
2890,30.96,59.60,3
2891,30.92,78.23,2
2892,29.35,68.34,3
2893,22.51,79.46,2
2894,30.39,52.40,1
2895,29.91,65.38,1
2896,15.80,90.34,3
2897,32.85,44.45,3
2898,22.45,42.51,1
2899,32.68,76.99,3
2900,27.13,72.91,3
2901,27.56,94.28,1
2902,30.02,61.19,2
2903,20.63,92.16,3
2904,27.78,54.70,2
2905,27.91,52.74,1
2906,30.83,82.49,1
2907,26.15,91.00,1
2908,21.86,47.14,3
2909,16.92,58.84,2
2910,21.07,90.35,1
2911,33.51,90.67,3
2912,30.15,49.34,3
2913,20.00,83.17,3
2914,23.78,74.01,3
2915,23.43,73.57,1
2916,26.12,44.02,1
2917,31.88,41.64,2
2918,30.46,62.16,1
2919,21.58,49.18,2
2920,27.09,81.23,3
2921,28.66,83.04,1
2922,31.09,53.28,1
2923,29.69,86.94,3
2924,25.62,46.62,2
2925,18.90,50.68,2
2926,26.56,40.19,3
2927,33.27,52.76,3
2928,34.94,73.16,2
2929,16.24,71.27,1
2930,33.22,81.90,2
2931,18.95,81.97,3
2932,33.59,53.22,1
2933,34.94,70.87,2
2934,25.08,80.96,2
2935,31.64,76.96,3
2936,23.00,61.09,1
2937,15.46,70.74,3
2938,19.37,55.22,1
2939,27.70,70.08,1
2940,25.88,83.42,1
2941,21.65,75.77,3
2942,33.29,94.60,3
2943,29.92,69.38,2
2944,18.87,46.65,3
2945,33.17,43.86,1
2946,17.10,93.08,1
2947,24.09,59.53,1
2948,30.10,68.87,3
2949,16.58,74.33,2
2950,27.33,89.25,3
2951,32.93,79.88,3
2952,26.12,57.09,1
2953,32.69,52.67,3
2954,30.88,91.34,1
2955,22.67,68.37,2
2956,26.94,70.90,3
2957,27.18,42.29,1
2958,27.82,81.01,2
2959,20.25,67.93,2
2960,20.38,47.30,2
2961,34.94,86.96,3
2962,31.37,57.13,2
2963,15.88,44.47,2
2964,24.77,68.06,2
2965,28.48,44.06,2
2966,32.11,62.74,2
2967,27.21,59.07,1
2968,33.33,93.05,3
2969,23.40,73.93,1
2970,24.34,79.95,3
2971,28.17,53.32,2
2972,34.20,91.57,3
2973,22.93,51.95,1
2974,18.02,76.04,1
2975,20.72,48.65,3
2976,34.16,60.42,2
2977,18.67,51.66,3
2978,18.75,87.42,3
2979,15.12,74.69,3
2980,29.57,80.25,3
2981,32.35,82.91,2
2982,17.30,67.48,3
2983,19.04,40.03,1
2984,31.25,53.47,3
2985,27.75,40.58,3
2986,16.09,68.11,1
2987,27.13,74.06,3
2988,15.57,56.65,3
2989,24.45,85.20,2
2990,24.23,55.32,1
2991,19.43,40.72,1
2992,22.89,86.83,2
2993,17.07,67.58,2
2994,19.24,89.91,2
2995,21.49,91.37,2
2996,18.79,42.14,2
2997,28.28,91.69,1
2998,25.27,43.82,1
2999,27.80,44.52,2
3000,32.10,61.64,2
3001,22.43,46.41,3
3002,23.67,70.21,2
3003,22.73,93.33,1
3004,33.95,54.89,2
3005,22.56,48.30,3
3006,27.62,64.46,3
3007,25.32,49.14,1
3008,20.73,89.80,1
3009,26.67,87.20,2
3010,31.50,63.57,1
3011,22.31,84.23,3
3012,31.79,52.15,3
3013,16.59,57.42,1
3014,31.90,60.43,2
3015,16.95,82.20,3
3016,19.25,85.67,1
3017,30.96,44.85,2
3018,25.76,67.87,2
3019,30.82,55.05,1
3020,32.61,47.30,3
3021,28.69,47.77,1
3022,22.74,65.71,1
3023,21.37,93.63,3
3024,29.16,71.28,2
3025,31.20,77.62,3
3026,33.05,75.25,2
3027,25.59,94.73,2
3028,28.39,69.99,1
3029,34.61,53.72,3
3030,33.48,73.40,3
3031,20.14,87.65,3
3032,20.97,93.83,2
3033,29.40,81.37,2
3034,16.14,79.42,2
3035,32.28,51.84,3
3036,20.20,89.56,1
3037,25.46,64.34,2
3038,33.34,51.21,2
3039,21.87,70.86,3
3040,24.19,90.73,2
3041,20.92,53.34,1
3042,25.51,51.99,2
3043,31.38,51.15,3
3044,20.42,62.98,3
3045,26.87,60.24,2
3046,25.88,91.71,3
3047,22.23,74.04,1
3048,34.92,73.22,3
3049,26.47,81.07,1
3050,23.43,45.30,2
3051,22.82,44.53,3
3052,21.99,92.70,1
3053,20.77,80.85,3
3054,31.61,49.79,1
3055,31.73,91.14,2
3056,22.81,87.28,3
3057,26.95,56.76,3
3058,19.00,91.61,3
3059,17.91,80.50,3
3060,28.74,91.22,3
3061,20.54,75.61,3
3062,16.25,66.19,1
3063,23.30,53.06,2
3064,15.54,93.49,2
3065,31.15,79.47,2
3066,32.05,44.94,1
3067,17.53,41.91,1
3068,17.72,80.94,1
3069,20.88,64.27,1
3070,34.29,94.44,1
3071,18.87,45.93,1
3072,34.37,53.85,3
3073,32.73,62.50,3
3074,22.15,42.50,1
3075,29.16,60.89,2
3076,19.60,55.64,2
3077,31.62,62.60,1
3078,33.16,53.80,1
3079,20.24,59.47,2
3080,20.64,76.77,3
3081,22.00,42.35,2
3082,22.82,46.84,2
3083,20.55,58.92,3
3084,19.90,59.84,2
3085,28.39,82.24,1
3086,22.61,90.89,3
3087,33.96,94.59,2
3088,33.76,72.45,1
3089,21.31,92.80,3
3090,34.92,58.20,3
3091,29.50,93.47,2
3092,32.21,83.95,2
3093,21.37,80.29,2
3094,17.68,81.47,3
3095,31.18,85.80,1
3096,22.46,42.18,3
3097,23.52,69.19,1
3098,15.86,82.00,3
3099,23.65,60.55,3
3100,18.80,92.38,1
3101,24.60,83.50,3
3102,17.17,71.05,3
3103,21.58,65.33,3
3104,17.43,43.13,3
3105,18.08,50.32,2
3106,25.06,42.89,3
3107,29.82,64.26,3
3108,33.73,79.86,2
3109,32.13,85.19,3
3110,19.45,82.69,2
3111,31.66,82.42,1
3112,15.79,65.73,2
3113,17.64,80.21,3
3114,22.50,82.08,2
3115,17.96,64.18,3
3116,28.11,72.91,3
3117,24.04,79.22,2
3118,20.56,51.69,1
3119,22.66,42.00,3
3120,21.28,64.16,1
3121,32.18,65.17,3
3122,15.24,81.90,3
3123,29.30,90.14,3
3124,27.09,50.07,2
3125,33.19,83.38,2
3126,28.85,72.76,3
3127,31.13,41.72,3
3128,24.98,65.40,3
3129,34.09,58.16,3
3130,18.04,93.84,2
3131,24.09,49.51,1
3132,16.84,70.40,3
3133,31.57,73.43,1
3134,30.89,52.46,3
3135,32.35,78.05,1
3136,18.78,73.36,1
3137,23.25,67.85,2
3138,33.58,70.79,1
3139,22.37,48.92,1
3140,28.76,60.39,1
3141,27.64,61.02,1
3142,22.44,71.90,1
3143,28.28,44.21,1
3144,18.01,68.24,3
3145,17.10,65.30,2
3146,22.53,62.46,3
3147,30.24,87.10,2
3148,31.88,42.86,2
3149,28.15,94.08,3
3150,18.24,71.13,3
3151,34.57,85.03,3
3152,24.69,47.80,3
3153,28.33,79.77,1
3154,31.47,73.01,2
3155,20.40,93.51,1
3156,25.49,41.70,2
3157,30.03,61.62,2
3158,19.70,72.84,2
3159,18.08,72.10,3
3160,20.84,83.91,3
3161,32.43,56.36,2
3162,32.84,84.16,1
3163,23.87,69.79,3
3164,26.07,63.90,3
3165,22.90,87.20,2
3166,20.21,66.17,2
3167,20.53,54.91,1
3168,24.21,61.36,2
3169,20.57,58.05,1
3170,16.74,58.53,3
3171,29.74,74.16,3
3172,28.95,80.67,2
3173,22.16,41.55,1
3174,32.41,55.11,1
3175,18.16,81.14,3
3176,31.28,69.37,1
3177,24.09,49.00,3
3178,18.99,72.06,1
3179,18.17,66.25,1
3180,18.32,76.38,1
3181,24.08,81.49,3
3182,19.86,62.33,1
3183,21.41,47.18,2
3184,29.19,48.34,2
3185,27.09,85.52,1
3186,33.69,53.60,1
3187,16.35,78.08,1
3188,25.29,57.97,2
3189,24.52,67.47,2
3190,22.91,44.86,3
3191,34.76,68.13,2
3192,32.27,48.62,1
3193,24.08,66.19,2
3194,18.26,65.20,2
3195,25.44,88.99,1
3196,25.36,55.93,3
3197,24.76,44.45,1
3198,26.77,42.96,2
3199,23.01,88.87,1
3200,33.66,54.83,1
3201,17.90,82.24,1
3202,27.32,71.25,3
3203,15.48,87.94,2
3204,23.87,93.40,1
3205,21.61,50.72,1
3206,31.44,42.65,1
3207,15.40,91.89,1
3208,28.25,46.37,3
3209,21.54,54.13,3
3210,29.89,63.20,1
3211,27.50,91.92,3
3212,18.78,49.65,2
3213,20.59,43.13,1
3214,20.42,88.70,2
3215,18.89,94.99,1
3216,22.00,79.05,2
3217,23.98,41.45,1
3218,29.58,81.30,1
3219,34.03,83.90,2
3220,20.05,45.19,3
3221,29.05,93.19,3
3222,33.26,83.90,2
3223,33.49,66.50,1
3224,22.12,42.84,1
3225,20.08,77.27,1
3226,22.25,61.04,2
3227,29.87,44.39,3
3228,21.42,63.64,3
3229,19.97,83.79,3
3230,15.28,42.81,2
3231,32.45,93.13,1
3232,27.08,74.25,2
3233,26.49,63.59,3
3234,24.37,40.54,3
3235,29.65,88.36,2
3236,30.06,62.56,3
3237,18.04,50.69,3
3238,31.31,69.04,2
3239,34.12,65.10,1
3240,29.11,45.05,2
3241,24.61,47.20,1
3242,20.48,55.39,2
3243,17.79,46.80,1
3244,27.61,52.66,3
3245,15.76,52.38,3
3246,27.60,58.70,1
3247,23.57,50.41,2
3248,21.40,47.15,1
3249,26.27,64.48,2
3250,34.28,94.66,2
3251,32.73,63.42,3
3252,21.49,76.62,1
3253,34.22,51.76,3
3254,20.52,48.98,3
3255,30.00,52.73,1
3256,23.04,75.07,1
3257,15.90,43.94,2
3258,34.19,44.39,2
3259,28.39,91.70,1
3260,16.57,52.27,3
3261,21.95,82.98,2
3262,22.37,63.83,3
3263,24.94,50.48,3
3264,33.29,70.34,3
3265,17.26,88.50,2
3266,15.06,41.06,2
3267,17.14,65.40,1
3268,20.04,88.03,2
3269,25.79,93.57,1
3270,20.94,43.77,3
3271,31.65,45.78,1
3272,16.78,72.87,3
3273,24.71,69.30,2
3274,33.91,44.82,1
3275,21.95,51.25,2
3276,21.78,85.53,2
3277,17.70,69.09,2
3278,18.99,67.31,3
3279,17.75,66.17,3
3280,15.69,79.01,1
3281,21.46,54.56,1
3282,27.14,71.35,3
3283,24.17,57.65,3
3284,33.96,91.81,1
3285,20.58,85.42,2
3286,19.54,46.34,1
3287,15.25,54.90,2
3288,30.91,69.80,2
3289,24.24,46.46,2
3290,17.60,48.66,1
3291,29.44,54.15,1
3292,15.76,63.30,2
3293,22.29,44.75,1
3294,18.75,56.88,1
3295,15.80,88.85,2
3296,33.59,55.54,3
3297,24.51,83.05,1
3298,23.71,60.93,3
3299,34.44,54.60,3
3300,23.07,88.28,1
3301,27.85,60.48,3
3302,16.28,49.27,2
3303,24.89,65.93,1
3304,33.50,71.03,3
3305,18.26,43.59,1
3306,27.09,60.54,2
3307,24.61,79.80,3
3308,15.65,55.55,1
3309,25.76,45.70,3
3310,26.66,85.61,1
3311,32.67,80.64,2
3312,25.35,92.27,2
3313,31.21,89.63,2
3314,33.90,85.02,2
3315,26.31,78.39,1
3316,30.65,45.46,1
3317,34.91,69.64,2
3318,33.55,61.79,2
3319,29.22,54.82,2
3320,16.15,50.61,2
3321,33.34,76.30,1
3322,22.48,40.29,3
3323,31.54,78.60,3
3324,26.59,65.55,1
3325,17.18,65.86,2
3326,19.76,40.46,3
3327,30.14,57.24,2
3328,29.29,58.36,3
3329,17.46,64.80,1
3330,34.50,80.90,2
3331,31.36,76.89,1
3332,19.71,51.38,3
3333,27.04,75.58,2
3334,18.82,88.19,1
3335,19.68,68.53,2
3336,23.87,80.90,1
3337,30.48,84.25,2
3338,15.63,93.12,1
3339,18.18,68.69,2
3340,33.53,47.71,2
3341,29.94,54.74,2
3342,23.05,50.16,3
3343,15.29,44.22,3
3344,29.88,92.65,3
3345,24.29,67.74,1
3346,15.78,77.54,1
3347,34.82,84.21,1
3348,33.74,82.13,2
3349,19.00,43.37,2
3350,15.48,41.23,3
3351,17.84,50.43,2
3352,28.00,77.12,1
3353,26.60,47.15,3
3354,28.55,87.76,1
3355,29.76,90.13,1
3356,22.83,59.53,1
3357,28.78,80.80,1
3358,26.10,92.88,1
3359,34.17,50.13,1
3360,25.53,48.80,3
3361,26.05,79.15,2
3362,24.54,64.13,1
3363,34.67,57.50,1
3364,26.85,51.99,3
3365,26.59,78.28,3
3366,29.83,63.10,2
3367,26.55,50.75,2
3368,16.03,77.15,1
3369,22.93,49.62,2
3370,16.52,84.86,2
3371,19.37,57.95,2
3372,34.93,57.76,2
3373,26.76,66.04,3
3374,16.40,43.78,1
3375,33.30,66.98,2
3376,16.83,81.50,2
3377,31.05,52.78,2
3378,24.84,81.86,2
3379,19.49,80.68,3
3380,34.26,67.05,1
3381,21.76,86.62,3
3382,29.21,90.26,3
3383,22.81,41.80,2
3384,26.09,41.10,1
3385,34.68,78.70,3
3386,19.27,77.12,1
3387,24.18,59.76,2
3388,32.35,71.61,3
3389,24.24,62.46,2
3390,25.41,49.98,3
3391,31.53,68.41,3
3392,25.86,43.94,1
3393,29.60,44.83,2
3394,25.30,55.41,1
3395,23.66,42.44,3
3396,15.88,94.01,1
3397,26.90,57.55,1
3398,15.85,54.82,2
3399,17.72,53.88,3
3400,31.17,65.59,3
3401,22.62,72.49,2
3402,30.21,61.64,1
3403,29.92,85.68,3
3404,21.21,87.53,3
3405,29.87,82.50,3
3406,16.30,61.93,3
3407,25.40,71.39,3
3408,28.14,50.02,2
3409,24.87,85.11,2
3410,21.92,70.76,1
3411,17.87,78.34,2
3412,17.34,51.50,3
3413,19.59,45.14,3
3414,31.70,63.72,1
3415,20.85,71.59,3
3416,31.41,71.50,2
3417,21.26,50.34,1
3418,25.21,64.86,2
3419,33.62,86.80,3
3420,29.82,76.65,1
3421,26.81,49.37,3
3422,29.00,43.96,3
3423,20.36,94.25,2
3424,24.43,56.95,1
3425,18.61,86.20,2
3426,20.82,61.07,1
3427,19.09,43.09,3
3428,22.98,74.18,1
3429,25.40,87.00,3
3430,27.46,73.93,3
3431,29.21,52.15,2
3432,28.66,83.56,1
3433,33.96,74.80,1
3434,18.46,44.65,3
3435,22.26,66.32,3
3436,29.71,72.22,3
3437,24.49,68.52,1
3438,21.25,70.28,1
3439,28.27,44.89,3
3440,22.48,47.65,2
3441,18.48,78.44,3
3442,28.98,60.63,1
3443,16.46,88.06,3
3444,22.76,47.57,2
3445,31.46,51.50,1
3446,32.02,62.02,3
3447,17.61,43.85,3
3448,15.93,81.88,1
3449,30.21,53.33,1
3450,23.32,48.35,3
3451,28.46,86.58,1
3452,33.57,52.40,1
3453,20.39,59.09,2
3454,15.16,61.44,3
3455,16.83,72.67,2
3456,15.91,81.32,3
3457,28.24,62.76,2
3458,19.48,52.93,1
3459,28.44,43.21,1
3460,34.16,88.47,3
3461,15.62,93.75,1
3462,19.20,42.06,1
3463,25.94,49.85,3
3464,21.30,88.47,3
3465,26.41,94.40,3
3466,16.91,46.89,3
3467,21.61,77.97,3
3468,33.01,78.24,3
3469,33.55,45.99,3
3470,16.91,75.65,2
3471,30.11,80.56,1
3472,15.13,66.12,1
3473,19.54,58.54,1
3474,33.01,65.57,2
3475,20.81,83.95,1
3476,22.00,83.79,1
3477,15.44,70.71,1
3478,33.68,48.01,2
3479,21.86,82.04,1
3480,19.03,56.80,1
3481,24.74,41.49,2
3482,26.70,44.42,1
3483,23.77,67.66,1
3484,21.96,57.07,3
3485,22.85,74.71,3
3486,21.16,94.40,2
3487,32.41,77.38,1
3488,27.81,53.17,3
3489,26.21,89.87,1
3490,28.80,56.56,3
3491,24.01,47.93,1
3492,18.95,54.02,2
3493,19.01,50.92,2
3494,22.76,44.49,2
3495,26.91,89.12,2
3496,22.76,59.47,3
3497,22.07,58.75,1
3498,30.90,86.42,2
3499,31.44,87.40,3
3500,27.08,69.87,3
3501,24.14,48.70,2
3502,18.24,41.05,3
3503,15.63,47.76,1
3504,30.30,78.37,2
3505,26.88,40.74,3
3506,20.06,62.86,2
3507,30.95,91.49,1
3508,27.46,42.42,1
3509,25.62,70.16,2
3510,26.27,60.28,2
3511,19.13,94.50,1
3512,27.28,41.74,1
3513,29.59,58.13,2
3514,26.26,92.05,2
3515,21.85,40.75,3
3516,30.29,42.66,3
3517,22.54,45.17,3
3518,33.66,79.59,1
3519,18.51,64.13,2
3520,26.43,45.38,3
3521,15.32,63.87,1
3522,32.06,53.35,3
3523,34.72,75.81,1
3524,20.81,47.18,3
3525,19.20,69.79,3
3526,29.48,91.84,2
3527,23.06,76.09,3
3528,30.84,83.92,1
3529,15.79,51.14,2
3530,28.98,54.68,3
3531,18.86,75.28,3
3532,24.77,70.38,2
3533,32.50,62.59,3
3534,28.75,50.48,1
3535,26.46,88.80,2
3536,28.83,52.55,1
3537,17.50,78.38,2
3538,30.54,93.40,2
3539,16.23,92.50,2
3540,18.55,77.34,3
3541,15.00,62.21,3
3542,15.76,63.48,1
3543,32.42,82.84,2
3544,20.60,55.98,3
3545,15.32,63.48,1
3546,18.33,41.23,1
3547,27.54,46.81,3
3548,22.12,74.03,1
3549,20.89,64.51,1
3550,34.65,42.39,2
3551,18.11,92.94,3
3552,17.34,93.30,1
3553,16.94,93.24,2
3554,15.07,83.95,3
3555,34.56,83.12,3
3556,20.48,53.92,3
3557,17.24,63.91,3
3558,31.58,64.83,2
3559,33.76,51.02,1
3560,24.35,77.06,3
3561,15.46,80.89,2
3562,21.77,92.85,2
3563,21.07,55.60,2
3564,18.28,53.68,1
3565,24.35,83.90,2
3566,20.56,40.59,1
3567,24.96,76.87,1
3568,29.93,94.95,3
3569,17.44,40.92,2
3570,27.01,47.53,2
3571,26.66,93.85,3
3572,23.17,57.31,2
3573,31.87,70.48,2
3574,19.42,59.52,1
3575,19.62,77.53,1
3576,25.70,82.42,3
3577,26.83,41.51,1
3578,28.29,49.36,2
3579,18.68,84.57,1
3580,18.44,77.75,2
3581,25.18,56.67,1
3582,15.40,64.96,2
3583,33.44,94.62,3
3584,18.12,91.52,1
3585,20.93,70.68,2
3586,20.85,78.75,2
3587,27.91,57.22,1
3588,23.53,87.08,2
3589,33.47,72.86,3
3590,31.16,66.41,3
3591,30.55,59.61,1
3592,28.46,62.66,2
3593,15.51,51.75,1
3594,20.15,69.21,2
3595,18.91,51.42,1
3596,26.19,71.48,2
3597,33.17,53.17,2
3598,34.18,94.55,3
3599,25.87,40.70,1
3600,22.41,77.92,1
3601,16.11,72.80,3
3602,33.39,45.81,2
3603,25.61,65.19,1
3604,19.54,67.11,3
3605,23.55,54.61,3
3606,21.85,70.78,3
3607,21.41,48.77,3
3608,31.78,72.82,1
3609,34.33,76.27,3
3610,25.46,90.93,3
3611,28.29,52.39,1
3612,33.49,55.08,3
3613,25.89,64.35,2
3614,31.28,75.80,1
3615,15.28,48.69,1
3616,22.51,81.86,1
3617,34.43,43.31,3
3618,31.65,44.98,2
3619,21.69,41.52,2
3620,21.80,85.21,1
3621,18.20,86.02,1
3622,22.39,53.17,1
3623,33.47,68.45,2
3624,19.79,64.16,1
3625,18.21,42.74,2
3626,32.51,45.01,2
3627,33.35,59.98,2
3628,22.20,70.26,3
3629,30.54,45.06,3
3630,18.26,40.90,3
3631,34.96,87.19,2
3632,33.80,66.79,3
3633,24.72,62.47,1
3634,34.93,58.77,3
3635,28.46,85.22,3
3636,29.28,78.15,1
3637,16.15,46.07,2
3638,29.04,74.16,1
3639,21.99,46.09,3
3640,23.89,47.81,3
3641,21.13,77.72,1
3642,17.50,58.24,2
3643,21.24,72.26,2
3644,24.18,88.46,2
3645,28.84,74.57,2
3646,28.62,83.35,3
3647,24.01,58.83,3
3648,19.05,71.74,1
3649,22.09,74.29,1
3650,24.01,42.58,2
3651,21.03,40.23,3
3652,22.82,82.32,2
3653,30.31,57.29,3
3654,33.00,40.97,3
3655,30.96,50.11,3
3656,15.39,53.29,1
3657,28.38,87.19,1
3658,25.35,94.52,2
3659,30.40,52.61,3
3660,21.28,66.90,1
3661,16.78,67.46,2
3662,33.59,71.81,3
3663,24.32,79.19,2
3664,32.07,47.72,3
3665,16.74,48.68,1
3666,17.44,62.99,2
3667,17.63,55.76,3
3668,20.01,85.97,3
3669,19.19,85.84,3
3670,32.85,65.23,1
3671,21.89,63.03,1
3672,29.28,48.30,2
3673,32.59,60.26,1
3674,17.86,54.69,3
3675,17.10,77.27,1
3676,22.30,50.15,1
3677,23.76,81.28,2
3678,25.33,78.71,2
3679,15.81,52.05,1
3680,25.52,72.82,3
3681,18.67,75.20,2
3682,20.73,87.31,1
3683,19.72,52.72,1
3684,23.64,40.31,2
3685,32.58,56.59,3
3686,20.89,87.40,1
3687,32.98,85.57,2
3688,19.64,44.20,2
3689,15.34,53.21,3
3690,34.71,80.50,1
3691,33.99,63.50,3
3692,19.53,87.70,1
3693,26.06,82.64,2
3694,17.89,53.00,2
3695,24.81,56.98,1
3696,26.93,78.68,1
3697,26.39,56.04,3
3698,17.45,68.85,1
3699,29.50,87.50,2
3700,31.84,76.69,3
3701,29.96,90.14,3
3702,28.29,78.35,2
3703,32.83,55.02,1
3704,25.74,88.74,2
3705,24.83,68.02,2
3706,30.19,41.00,3
3707,34.25,52.66,1
3708,33.16,57.40,2
3709,34.87,90.16,2
3710,32.79,82.83,1
3711,32.46,54.08,2
3712,17.04,42.53,1
3713,17.85,94.34,1
3714,30.25,50.53,2
3715,29.20,76.26,3
3716,27.64,55.00,3
3717,16.89,66.29,3
3718,34.15,92.10,2
3719,25.10,94.91,3
3720,27.16,45.73,1
3721,34.95,66.66,3
3722,22.00,92.61,1
3723,28.29,53.39,1
3724,34.99,50.95,1
3725,30.81,59.29,3
3726,26.20,67.27,2
3727,16.80,67.78,1
3728,29.70,84.27,1
3729,25.57,87.57,2
3730,33.39,81.23,1
3731,34.23,56.32,3
3732,31.04,65.81,3
3733,26.26,42.91,3
3734,17.97,77.92,1
3735,16.21,79.99,3
3736,17.91,78.49,1
3737,27.73,63.96,3
3738,15.02,51.85,3
3739,19.59,50.59,2
3740,24.32,93.32,3
3741,23.71,89.85,1
3742,21.40,44.55,1
3743,29.67,92.22,2
3744,33.99,51.27,3
3745,16.61,85.03,2
3746,28.75,47.38,2
3747,26.65,71.51,3
3748,30.70,55.18,1
3749,22.69,40.90,1
3750,16.32,82.31,3
3751,16.06,59.58,3
3752,31.34,54.89,2
3753,17.26,94.23,3
3754,22.24,89.25,1
3755,28.66,67.19,3
3756,25.63,91.03,2
3757,32.45,90.30,2
3758,26.67,78.73,1
3759,21.15,93.62,3
3760,23.02,76.85,3
3761,31.15,47.95,3
3762,19.79,75.68,1
3763,16.12,56.47,1
3764,15.26,45.81,3
3765,19.94,61.66,2
3766,25.66,70.34,2
3767,25.47,41.91,1
3768,34.19,44.17,1
3769,28.57,40.24,1
3770,30.11,68.34,1
3771,18.22,65.12,2
3772,25.80,79.32,3
3773,16.00,52.03,3
3774,27.96,81.69,3
3775,25.81,74.70,1
3776,26.96,86.96,3
3777,30.27,49.97,2
3778,17.20,78.40,1
3779,24.94,40.79,3
3780,32.11,69.28,1
3781,17.13,42.45,2
3782,29.22,47.44,1
3783,32.51,69.92,1
3784,29.08,47.05,1
3785,28.14,83.49,3
3786,31.58,84.91,1
3787,25.55,51.50,1
3788,15.20,59.31,2
3789,34.50,71.98,2
3790,28.20,79.56,2
3791,25.09,74.51,3
3792,18.18,67.83,2
3793,24.75,81.52,1
3794,24.42,86.08,1
3795,17.74,86.11,3
3796,23.08,86.30,2
3797,26.09,94.43,2
3798,17.78,57.89,3
3799,22.24,43.96,2
3800,22.00,56.08,3
3801,17.28,92.11,3
3802,16.38,77.67,2
3803,28.44,54.11,3
3804,29.33,67.75,3
3805,27.16,65.48,3
3806,30.85,46.76,2
3807,24.19,63.08,1
3808,29.30,53.35,1
3809,24.50,46.08,3
3810,25.33,47.86,3
3811,17.01,43.15,1
3812,17.25,92.57,2
3813,15.77,67.08,3
3814,24.84,52.75,2
3815,24.51,42.15,2
3816,18.07,48.40,1
3817,33.52,54.54,1
3818,25.13,63.74,1
3819,17.37,51.96,2
3820,18.83,91.92,1
3821,22.41,63.16,1
3822,22.58,78.26,3
3823,25.18,47.83,2
3824,18.50,91.14,1
3825,26.96,88.98,3
3826,27.09,54.32,2
3827,30.52,41.11,2
3828,34.91,85.05,1
3829,16.38,59.85,2
3830,26.47,68.76,1
3831,34.28,50.01,1
3832,17.82,51.58,1
3833,17.64,66.67,3
3834,21.97,85.30,1
3835,33.90,48.03,2
3836,34.12,50.64,3
3837,17.80,52.71,2
3838,17.45,70.70,1
3839,20.48,63.96,1
3840,34.69,61.28,3
3841,30.24,61.90,2
3842,30.10,86.62,1
3843,33.70,44.51,1
3844,21.32,89.07,1
3845,24.72,56.83,1
3846,28.66,89.92,2
3847,31.00,60.14,2
3848,34.05,72.21,2
3849,33.79,44.24,1
3850,20.74,44.73,3
3851,17.55,52.67,3
3852,28.48,61.05,2
3853,21.14,83.58,1
3854,26.89,67.67,3
3855,32.23,68.17,1
3856,24.31,78.31,2
3857,26.81,44.93,2
3858,16.97,91.70,2
3859,32.45,53.22,3
3860,24.88,52.12,2
3861,32.77,53.36,1
3862,23.24,81.98,1
3863,25.05,68.27,3
3864,31.60,83.55,2
3865,27.37,56.20,2
3866,19.05,70.23,2
3867,21.55,76.28,2
3868,29.72,69.14,3
3869,24.58,48.31,2
3870,17.07,44.10,3
3871,23.32,78.05,1
3872,21.28,57.29,2
3873,25.98,50.09,1
3874,34.35,64.38,3
3875,17.14,46.34,2
3876,24.93,84.76,3
3877,31.60,89.97,3
3878,20.68,67.81,3
3879,32.65,71.23,3
3880,33.62,45.12,2
3881,28.56,57.79,2
3882,31.41,63.77,1
3883,25.55,70.61,3
3884,32.64,94.76,2
3885,25.88,69.04,3
3886,33.39,78.67,1
3887,31.55,76.84,3
3888,34.44,52.92,1
3889,33.55,80.75,2
3890,32.72,50.55,2
3891,29.60,40.71,3
3892,29.81,48.15,2
3893,26.49,88.63,1
3894,31.79,91.63,3
3895,32.20,76.72,3
3896,27.80,43.36,2
3897,29.95,86.96,3
3898,30.95,65.89,3
3899,26.78,75.44,1
3900,24.43,47.24,1
3901,23.52,46.48,3
3902,29.11,47.59,2
3903,18.98,55.17,3
3904,25.11,42.42,2
3905,21.96,72.19,1
3906,27.79,65.96,2
3907,17.54,91.04,2
3908,22.19,42.00,3
3909,33.66,61.50,2
3910,27.23,64.13,3
3911,29.29,46.24,3
3912,23.13,79.55,3
3913,28.39,78.92,2
3914,26.36,45.44,1
3915,31.58,82.18,3
3916,22.06,81.36,1
3917,19.25,81.02,2
3918,20.05,66.89,2
3919,27.85,82.85,3
3920,19.65,51.87,3
3921,24.04,42.60,3
3922,17.39,73.25,3
3923,24.16,61.61,3
3924,23.47,87.68,1
3925,22.80,47.24,1
3926,18.10,50.58,1
3927,30.35,70.83,1
3928,29.74,61.43,3
3929,32.76,77.90,3
3930,16.99,74.30,3
3931,33.83,66.18,1
3932,19.50,89.87,3
3933,27.46,54.05,2
3934,29.88,86.15,1
3935,27.46,50.80,1
3936,28.03,51.43,3
3937,18.04,46.61,2
3938,21.48,54.07,3
3939,31.27,56.33,1
3940,30.86,45.61,3
3941,27.71,57.73,3
3942,26.58,58.74,1
3943,27.61,80.20,1
3944,19.23,49.65,3
3945,34.51,83.96,2
3946,24.24,48.98,1
3947,29.19,81.03,2
3948,28.05,41.20,2
3949,31.70,83.03,3
3950,27.43,69.65,2
3951,18.30,63.53,2
3952,34.30,72.52,2
3953,27.44,76.87,3
3954,33.13,86.86,2
3955,25.10,68.95,1
3956,32.86,72.63,3
3957,30.37,60.03,1
3958,27.60,73.77,3
3959,26.37,82.55,2
3960,34.26,94.72,2
3961,15.12,59.49,2
3962,29.42,89.42,1
3963,18.71,46.32,2
3964,34.02,72.46,2
3965,19.54,46.67,3
3966,25.12,53.81,3
3967,30.72,68.58,3
3968,19.99,61.88,2
3969,22.43,66.06,1
3970,18.87,42.49,2
3971,29.28,53.39,1
3972,22.13,50.00,3
3973,25.97,55.80,2
3974,21.13,48.56,3
3975,29.61,56.28,3
3976,22.31,79.66,1
3977,27.87,73.60,1
3978,32.04,59.41,3
3979,26.15,50.39,3
3980,25.25,89.42,1
3981,21.67,50.73,2
3982,20.59,92.75,3
3983,28.29,90.85,2
3984,29.70,87.24,1
3985,26.35,86.38,3
3986,28.46,59.46,2
3987,20.95,59.59,3
3988,28.12,52.66,2
3989,34.06,51.66,2
3990,24.12,82.01,1
3991,21.63,41.60,3
3992,32.96,65.12,1
3993,20.70,74.02,3
3994,20.93,48.22,3
3995,33.88,87.88,3
3996,19.87,42.27,2
3997,15.04,62.61,1
3998,22.50,46.40,1
3999,18.73,67.96,3
4000,33.26,60.35,1
4001,34.23,69.43,3
4002,19.56,50.85,1
4003,34.04,46.77,2
4004,18.83,77.79,1
4005,33.82,89.17,3
4006,28.39,45.52,3
4007,32.68,63.89,2
4008,15.16,45.29,1
4009,23.27,52.65,3
4010,30.79,87.42,3
4011,17.00,66.88,3
4012,24.85,81.08,3
4013,15.52,55.96,1
4014,32.65,50.06,3
4015,30.87,68.97,3
4016,19.38,87.37,2
4017,15.72,63.62,2
4018,23.60,59.92,2
4019,27.95,86.52,2
4020,17.97,84.42,2
4021,18.77,73.83,1
4022,22.83,83.98,2
4023,32.48,57.04,2
4024,18.66,83.34,1
4025,30.62,60.58,3
4026,27.40,74.36,1
4027,29.27,57.86,1
4028,32.04,60.30,3
4029,27.85,69.62,2
4030,23.00,66.42,2
4031,33.44,42.37,1
4032,34.67,59.82,2
4033,17.35,88.22,1
4034,17.26,89.18,2
4035,17.81,49.00,2
4036,21.31,82.32,3
4037,25.37,62.96,2
4038,20.13,94.49,1
4039,33.76,84.35,3
4040,33.93,87.95,1
4041,29.76,50.98,1
4042,22.12,93.21,2
4043,24.23,81.77,2
4044,19.72,71.72,3
4045,29.78,91.81,2
4046,24.30,56.36,2
4047,30.06,70.07,2
4048,26.40,88.93,3
4049,18.31,76.23,3
4050,17.94,88.66,1
4051,27.70,79.56,2
4052,22.12,59.00,2
4053,18.33,84.54,2
4054,33.42,81.17,3
4055,15.90,86.93,2
4056,32.69,93.15,3
4057,30.06,81.56,2
4058,29.70,75.90,2
4059,31.92,84.12,3
4060,23.03,49.54,2
4061,33.42,54.02,1
4062,29.03,60.54,1
4063,27.02,94.41,2
4064,19.36,88.82,1
4065,16.60,53.08,3
4066,20.11,72.27,2
4067,25.74,93.95,1
4068,15.44,71.74,1
4069,32.55,40.53,3
4070,30.71,60.50,2
4071,22.53,44.52,1
4072,25.53,69.22,3
4073,32.16,93.31,2
4074,25.75,47.88,1
4075,26.28,70.81,3
4076,33.85,55.90,2
4077,28.17,83.03,3
4078,23.74,90.56,3
4079,16.04,75.25,2
4080,18.35,45.40,2
4081,29.64,46.75,2
4082,28.42,66.16,3
4083,26.32,55.62,1
4084,32.23,93.83,1
4085,32.89,44.43,1
4086,24.80,45.06,1
4087,29.46,76.30,2
4088,21.08,89.18,3
4089,25.86,54.20,1
4090,30.92,65.44,3
4091,22.46,44.05,3
4092,19.11,85.41,1
4093,31.13,41.22,1
4094,15.51,57.06,3
4095,20.28,42.53,1
4096,21.15,75.78,2
4097,30.82,94.34,2
4098,30.22,51.46,2
4099,15.81,43.36,3
4100,22.49,57.17,1
4101,19.30,53.69,3
4102,17.48,67.85,2
4103,15.63,55.75,3
4104,16.07,73.43,1
4105,33.37,81.63,3
4106,21.49,74.07,1
4107,29.67,45.43,1
4108,24.02,90.33,3
4109,28.79,89.48,2
4110,27.52,91.66,2
4111,32.86,50.17,3
4112,22.75,56.31,3
4113,19.66,45.75,1
4114,18.82,82.56,3
4115,28.85,45.85,1
4116,19.26,55.28,1
4117,16.78,61.77,1
4118,25.10,89.36,2
4119,27.67,65.33,3
4120,25.92,60.04,2
4121,26.66,73.59,1
4122,32.75,73.64,1
4123,29.80,92.90,3
4124,34.41,72.38,1
4125,28.68,56.15,1
4126,23.69,63.79,2
4127,26.90,52.62,1
4128,34.79,88.11,1
4129,16.05,78.70,3
4130,33.56,94.38,2
4131,23.78,82.57,3
4132,30.51,48.22,1
4133,28.00,67.64,3
4134,16.26,85.81,2
4135,18.24,85.22,2
4136,31.24,49.13,2
4137,24.17,62.20,3
4138,30.30,74.30,2
4139,28.09,56.51,3
4140,18.80,41.79,3
4141,21.71,67.62,2
4142,34.57,58.38,2
4143,24.15,54.89,1
4144,23.58,79.76,1
4145,22.62,50.01,1
4146,32.74,74.02,3
4147,23.37,50.17,2
4148,31.76,82.14,3
4149,20.18,75.69,3
4150,31.72,83.07,2
4151,20.01,80.99,3
4152,23.06,42.43,3
4153,28.10,90.07,3
4154,25.98,43.38,2
4155,24.73,59.59,3
4156,33.80,68.22,3
4157,17.09,72.70,2
4158,18.95,91.78,2
4159,32.52,68.57,2
4160,19.75,81.01,2
4161,21.49,52.35,1
4162,33.09,44.72,1
4163,32.72,72.37,3
4164,32.57,83.12,1
4165,19.73,68.80,3
4166,16.20,65.26,3
4167,29.38,57.92,1
4168,16.93,63.39,3
4169,33.32,75.20,2
4170,18.80,82.63,3
4171,26.01,49.71,2
4172,25.12,55.53,2
4173,34.53,52.07,2
4174,26.13,55.29,2
4175,19.82,73.08,3
4176,31.12,77.05,2
4177,29.99,76.61,3
4178,19.66,76.26,1
4179,25.71,89.92,3
4180,33.06,93.06,2
4181,16.85,81.48,3
4182,26.68,56.67,2
4183,26.09,40.80,3
4184,15.37,89.87,3
4185,31.07,78.05,3
4186,29.08,40.03,2
4187,27.45,86.50,2
4188,20.83,81.45,3
4189,29.53,82.90,1
4190,31.62,43.69,3
4191,32.35,80.11,1
4192,18.69,74.06,2
4193,30.90,45.72,1
4194,32.50,90.93,2
4195,16.63,63.88,3
4196,34.38,88.23,2
4197,17.25,63.46,1
4198,20.29,48.97,2
4199,16.93,44.32,1
4200,21.11,82.58,2
4201,33.36,76.84,3
4202,25.63,45.13,3
4203,27.00,65.72,1
4204,17.67,84.35,1
4205,34.03,62.02,2
4206,17.83,61.20,3
4207,33.31,52.58,2
4208,25.02,77.15,2
4209,27.80,56.92,2
4210,27.09,61.57,1
4211,17.68,55.38,3
4212,28.31,75.82,3
4213,29.94,63.57,2
4214,33.48,46.94,3
4215,24.27,83.45,3
4216,29.90,42.24,1
4217,22.94,62.90,3
4218,24.61,84.30,2
4219,30.82,57.65,3
4220,29.29,60.28,3
4221,17.00,52.32,1
4222,30.69,94.73,3
4223,16.47,53.74,3
4224,15.14,54.15,2
4225,27.41,42.93,2
4226,20.22,88.50,3
4227,22.38,55.77,2
4228,18.34,84.44,2
4229,17.10,57.67,1
4230,30.35,86.80,1
4231,26.56,56.61,3
4232,30.76,65.69,2
4233,19.02,45.49,1
4234,25.40,86.78,1
4235,32.59,44.03,3
4236,24.22,70.61,1
4237,16.42,94.56,3
4238,17.86,77.25,1
4239,24.59,51.18,1
4240,32.22,78.70,1
4241,21.97,54.08,3
4242,23.49,56.63,1
4243,29.11,45.15,3
4244,27.70,49.09,1
4245,27.78,84.35,3
4246,32.85,44.08,1
4247,27.63,85.49,2
4248,16.44,67.12,3
4249,32.16,84.88,1
4250,33.86,78.51,3
4251,15.51,55.36,2
4252,31.38,52.79,1
4253,21.35,58.82,2
4254,27.64,74.31,2
4255,31.78,89.24,3
4256,18.90,90.43,3
4257,16.91,91.17,1
4258,23.83,56.20,1
4259,31.82,88.51,3
4260,34.15,43.50,3
4261,34.96,62.48,1
4262,28.19,49.91,3
4263,22.04,74.51,3
4264,21.13,50.79,3
4265,24.39,79.54,1
4266,17.40,79.58,2
4267,34.63,55.43,1
4268,32.12,82.93,1
4269,27.68,78.17,3
4270,27.53,42.31,1
4271,23.42,45.97,3
4272,25.69,73.51,3
4273,21.56,40.88,3
4274,32.26,84.91,3
4275,28.00,43.94,3
4276,22.26,48.47,2
4277,20.94,41.11,2
4278,33.40,59.63,2
4279,24.65,83.82,3
4280,23.85,82.33,3
4281,17.41,71.46,3
4282,18.05,94.60,1
4283,26.81,55.94,3
4284,19.17,64.25,3
4285,26.90,92.07,2
4286,33.61,58.12,1
4287,30.95,72.21,2
4288,34.33,43.38,1
4289,24.24,78.94,2
4290,34.20,53.19,2
4291,30.11,92.86,1
4292,25.06,57.90,3
4293,18.10,85.42,1
4294,22.90,80.77,2
4295,33.67,54.03,2
4296,30.55,81.09,1
4297,15.36,70.46,1
4298,27.12,69.22,3
4299,24.95,50.67,2
4300,15.43,71.02,2
4301,25.67,63.32,1
4302,26.86,55.94,1
4303,17.39,71.62,3
4304,33.81,62.24,1
4305,24.59,51.50,1
4306,28.82,73.02,2
4307,23.22,46.58,3
4308,28.14,70.67,1
4309,31.51,90.35,2
4310,28.90,63.28,1
4311,17.86,66.56,3
4312,24.25,73.46,3
4313,30.92,62.31,1
4314,29.96,78.48,2
4315,16.63,73.13,2
4316,26.02,78.37,3
4317,19.16,44.53,1
4318,22.33,65.18,1
4319,31.01,86.51,1
4320,34.49,59.72,3
4321,24.60,51.17,1
4322,30.10,94.79,2
4323,27.74,89.90,3
4324,31.56,94.09,3
4325,24.84,90.74,3
4326,24.02,69.13,2
4327,19.45,74.11,1
4328,28.36,41.46,3
4329,24.07,55.70,1
4330,32.90,86.19,2
4331,15.19,50.89,1
4332,19.03,68.81,3
4333,22.88,63.54,2
4334,16.04,87.79,2
4335,28.21,68.43,1
4336,15.80,59.55,2
4337,28.55,49.42,3
4338,31.34,78.42,3
4339,25.75,60.33,3
4340,20.24,89.87,1
4341,18.67,91.42,2
4342,34.86,87.71,3
4343,25.65,54.27,2
4344,16.56,85.74,2
4345,26.82,45.58,1
4346,24.13,61.45,1
4347,24.13,56.77,1
4348,21.77,42.98,2
4349,21.37,60.74,3
4350,32.75,46.16,1
4351,22.25,62.62,1
4352,34.73,75.88,2
4353,34.73,66.65,1
4354,27.34,47.63,3
4355,33.93,42.04,2
4356,17.95,51.42,2
4357,16.44,67.10,3
4358,26.50,79.31,2
4359,18.71,51.00,3
4360,26.99,81.54,3
4361,22.18,94.19,3
4362,17.49,89.47,1
4363,18.65,53.77,3
4364,22.90,50.45,3
4365,23.65,51.71,2
4366,32.94,91.61,3
4367,21.69,71.30,2
4368,33.05,49.73,2
4369,16.87,81.30,3
4370,31.11,59.55,3
4371,18.89,75.07,3
4372,26.65,45.92,1
4373,24.88,80.90,3
4374,23.46,80.78,1
4375,32.66,91.53,1
4376,16.21,61.15,1
4377,15.12,92.09,1
4378,20.97,76.14,3
4379,16.52,72.77,2
4380,16.92,68.08,2
4381,27.91,86.03,2
4382,33.40,93.40,3
4383,26.59,74.10,3
4384,30.45,81.46,2
4385,23.05,43.74,1
4386,25.60,45.27,2
4387,19.19,67.86,2
4388,16.47,72.52,3
4389,31.99,92.15,1
4390,26.09,40.11,2
4391,17.77,63.74,1
4392,26.64,43.82,2
4393,20.56,92.92,2
4394,30.59,59.61,1
4395,17.52,85.34,3
4396,21.96,57.73,2
4397,22.09,47.26,3
4398,15.55,76.44,2
4399,20.13,89.38,3
4400,32.29,90.14,1
4401,28.69,85.26,2
4402,19.13,54.05,1
4403,23.67,44.89,2
4404,15.69,93.59,2
4405,33.43,79.66,1
4406,16.12,60.49,1
4407,19.52,77.93,3
4408,25.79,92.53,2
4409,32.18,62.00,3
4410,25.43,43.44,1
4411,25.04,40.50,1
4412,26.50,93.28,3
4413,26.19,67.81,2
4414,15.62,41.65,1
4415,29.85,89.28,1
4416,29.66,80.38,3
4417,23.87,77.85,1
4418,28.54,50.40,2
4419,21.41,94.72,3
4420,24.12,83.21,2
4421,32.72,63.23,1
4422,19.77,79.45,3
4423,33.23,78.61,3
4424,31.22,52.36,1
4425,32.87,50.57,3
4426,20.30,60.36,2
4427,15.69,88.05,3
4428,34.66,45.10,3
4429,19.93,60.31,2
4430,15.95,70.75,2
4431,18.53,73.97,1
4432,29.40,49.97,3
4433,30.19,68.20,1
4434,21.47,72.77,1
4435,29.98,48.94,2
4436,26.37,48.22,1
4437,31.46,48.92,2
4438,26.15,65.56,2
4439,30.46,45.84,2
4440,30.95,69.59,2
4441,29.87,45.59,1
4442,21.05,62.34,3
4443,18.38,91.81,1
4444,34.52,91.69,3
4445,26.53,61.15,3
4446,15.43,88.92,1
4447,24.74,73.65,3
4448,24.53,50.29,2
4449,18.10,87.58,2
4450,22.71,88.91,3
4451,29.20,43.74,1
4452,24.24,69.14,1
4453,32.58,53.77,2
4454,34.06,62.85,1
4455,16.64,81.72,3
4456,21.17,84.69,2
4457,27.38,93.59,3
4458,17.04,88.51,2
4459,18.26,80.20,1
4460,26.75,90.49,1
4461,30.73,41.73,2
4462,22.62,57.42,2
4463,26.76,58.07,3
4464,23.14,81.87,1
4465,22.30,53.69,3
4466,26.72,44.87,2
4467,21.31,91.99,1
4468,29.84,62.93,1
4469,29.83,77.82,2
4470,15.26,72.03,3
4471,22.38,80.06,3
4472,21.61,84.38,1
4473,28.60,44.88,3
4474,18.84,90.64,2
4475,15.80,51.16,3
4476,32.88,60.11,1
4477,19.52,64.78,2
4478,17.43,94.45,1
4479,34.03,40.41,3
4480,28.08,54.95,3
4481,30.34,68.28,3
4482,31.64,84.69,2
4483,22.31,75.89,3
4484,21.19,57.63,3
4485,29.11,91.82,3
4486,27.00,92.54,3
4487,17.68,65.99,2
4488,16.86,52.13,2
4489,33.52,79.42,1
4490,32.08,75.87,1
4491,29.89,59.62,3
4492,30.82,69.01,2
4493,16.33,78.95,3
4494,32.50,82.46,2
4495,34.69,91.68,3
4496,24.81,50.92,2
4497,33.16,65.00,1
4498,33.10,47.91,3
4499,25.90,71.66,3
4500,26.92,71.54,3
4501,33.80,46.09,3
4502,21.62,87.22,1
4503,30.20,76.40,1
4504,31.47,40.68,3
4505,21.68,93.28,2
4506,23.73,60.62,1
4507,17.40,74.48,1
4508,22.20,54.24,1
4509,28.65,69.99,1
4510,26.40,58.51,3
4511,33.64,40.67,1
4512,29.08,84.66,2
4513,32.95,43.08,3
4514,29.98,42.73,1
4515,29.38,41.29,3
4516,18.14,66.64,2
4517,34.21,77.57,1
4518,16.86,66.94,3
4519,19.94,83.88,2
4520,22.96,53.02,3
4521,30.90,78.62,1
4522,15.32,63.02,3
4523,19.73,73.27,1
4524,25.85,90.28,3
4525,17.56,58.85,2
4526,32.76,52.88,3
4527,31.34,79.86,3
4528,24.95,71.36,3
4529,27.49,59.37,3
4530,22.02,66.44,1
4531,15.61,64.25,1
4532,26.45,80.24,2
4533,24.17,68.65,2
4534,31.50,73.47,1
4535,23.38,94.32,2
4536,20.59,69.33,3
4537,27.50,82.57,2
4538,17.58,49.58,2
4539,30.30,58.52,1
4540,22.50,75.32,1
4541,22.78,42.52,2
4542,25.82,77.69,2
4543,22.36,62.24,1
4544,16.57,60.10,2
4545,24.90,45.73,2
4546,29.34,55.96,1
4547,25.30,89.88,3
4548,21.71,65.67,3
4549,33.02,40.44,1
4550,33.95,42.64,2
4551,34.90,49.07,2
4552,29.25,62.21,2
4553,28.81,92.79,1
4554,34.17,85.39,1
4555,29.72,74.32,3
4556,20.43,49.04,1
4557,26.80,70.72,1
4558,24.52,78.15,3
4559,33.16,66.34,3
4560,17.49,83.44,1
4561,25.30,90.81,3
4562,15.02,71.79,1
4563,28.53,66.85,3
4564,17.50,58.98,3
4565,26.04,46.75,1
4566,21.32,43.49,1
4567,17.39,46.05,2
4568,15.61,46.44,3
4569,30.01,94.33,3
4570,24.76,59.28,1
4571,26.83,91.68,3
4572,18.62,88.06,2
4573,25.29,83.64,3
4574,27.39,70.40,3
4575,23.43,81.40,1
4576,17.33,65.82,2
4577,22.96,88.63,2
4578,26.92,57.88,2
4579,28.95,46.29,2
4580,33.43,63.46,3
4581,27.94,48.14,1
4582,28.22,83.23,2
4583,20.04,84.74,1
4584,22.22,79.59,1
4585,32.69,75.06,3
4586,29.20,52.87,3
4587,15.01,83.30,2
4588,34.30,70.18,2
4589,20.69,58.73,2
4590,28.96,58.36,1
4591,23.55,79.37,3
4592,27.84,40.09,2
4593,17.08,68.72,2
4594,16.30,44.22,3
4595,27.23,62.17,3
4596,25.53,73.92,3
4597,31.67,77.97,1
4598,16.42,64.24,1
4599,28.09,66.19,3
4600,29.55,85.69,3
4601,28.48,85.82,2
4602,31.64,66.37,1
4603,21.32,83.60,1
4604,33.40,94.83,1
4605,25.57,59.72,3
4606,25.31,43.69,3
4607,20.32,66.24,2
4608,29.24,74.48,2
4609,22.23,61.05,2
4610,20.95,46.71,3
4611,15.74,59.70,3
4612,27.63,60.13,2
4613,26.43,89.30,3
4614,21.38,85.35,2
4615,16.43,43.74,1
4616,26.03,56.28,1
4617,16.79,82.97,2
4618,16.61,40.38,2
4619,15.12,41.24,2
4620,22.27,86.99,2
4621,30.24,45.32,3
4622,19.97,89.21,1
4623,31.12,45.93,2
4624,33.95,68.13,1
4625,16.92,85.57,3
4626,25.53,69.08,3
4627,30.21,85.75,3
4628,31.30,88.31,3
4629,33.28,80.30,2
4630,23.06,72.46,1
4631,29.98,68.19,1
4632,27.21,54.31,1
4633,16.99,89.05,2
4634,30.83,92.74,1
4635,28.93,67.33,3
4636,31.37,63.55,2
4637,34.94,50.50,2
4638,27.01,76.36,1
4639,31.55,71.09,3
4640,25.41,55.16,3
4641,24.25,70.65,3
4642,30.74,66.93,1
4643,27.74,91.18,2
4644,33.99,79.49,2
4645,17.78,60.87,3
4646,18.77,89.70,3
4647,16.79,78.84,3
4648,16.38,80.82,2
4649,15.33,72.15,2
4650,15.11,89.24,1
4651,21.75,55.30,1
4652,28.03,87.27,1
4653,19.20,85.40,3
4654,30.96,64.02,2
4655,30.81,46.97,2
4656,25.99,62.00,1
4657,18.49,85.01,2
4658,22.30,63.76,3
4659,33.12,78.56,3
4660,24.34,74.76,3
4661,25.12,66.66,1
4662,29.68,83.10,2
4663,32.42,89.89,2
4664,28.04,51.71,1
4665,33.57,43.82,3
4666,18.45,83.66,1
4667,30.08,85.64,1
4668,23.06,54.92,2
4669,24.65,85.51,2
4670,17.63,41.29,1
4671,18.27,62.57,1
4672,28.53,74.42,2
4673,29.72,82.14,2
4674,24.08,78.64,1
4675,18.61,93.00,2
4676,31.87,69.12,2
4677,15.69,42.77,1
4678,29.52,80.52,2
4679,31.57,91.75,3
4680,20.22,63.77,2
4681,29.24,75.93,1
4682,32.72,88.63,3
4683,31.93,74.69,3
4684,32.09,54.26,3
4685,16.48,93.33,1
4686,26.97,57.72,2
4687,34.88,90.39,3
4688,18.96,93.47,1
4689,17.29,59.99,3
4690,19.22,71.17,1
4691,33.40,43.85,1
4692,23.08,82.69,1
4693,34.38,84.89,2
4694,17.53,86.89,3
4695,15.02,73.65,1
4696,30.84,89.83,2
4697,33.56,86.25,3
4698,30.44,64.39,3
4699,34.77,62.28,3
4700,30.51,52.00,1
4701,16.60,91.66,3
4702,26.73,75.88,3
4703,16.65,61.90,1
4704,34.10,70.00,1
4705,29.23,61.13,3
4706,20.75,68.04,2
4707,27.27,90.59,1
4708,23.61,78.61,1
4709,28.24,92.72,3
4710,31.02,63.44,1
4711,32.99,53.82,3
4712,18.05,46.67,2
4713,22.33,71.76,1
4714,22.62,74.15,2
4715,30.81,69.24,1
4716,30.22,79.76,1
4717,32.38,82.43,2
4718,19.64,87.25,3
4719,32.30,76.34,3
4720,33.70,89.30,3
4721,31.34,71.33,1
4722,30.34,63.08,2
4723,30.81,73.23,3
4724,27.46,74.07,3
4725,23.54,68.83,1
4726,17.32,77.80,1
4727,19.26,59.49,1
4728,23.11,75.29,2
4729,22.24,52.04,3
4730,31.41,43.55,3
4731,28.03,81.84,1
4732,21.77,56.16,3
4733,20.97,53.90,1
4734,27.42,42.48,3
4735,28.07,68.91,2
4736,19.45,61.14,3
4737,31.65,77.59,3
4738,34.49,63.94,3
4739,21.09,88.16,3
4740,15.49,54.90,1
4741,20.48,48.24,3
4742,20.78,83.15,1
4743,26.92,59.63,1
4744,25.80,45.88,1
4745,30.43,54.15,2
4746,32.73,75.68,3
4747,33.26,92.32,2
4748,18.71,94.86,2
4749,34.96,45.20,2
4750,15.99,53.54,2
4751,16.21,92.97,3
4752,27.34,74.99,3
4753,16.34,79.70,1
4754,16.08,87.71,1
4755,24.40,53.36,3
4756,18.66,46.83,1
4757,34.77,49.39,1
4758,31.13,88.42,3
4759,22.88,77.21,1
4760,34.52,61.03,2
4761,31.17,82.69,3
4762,21.86,79.71,1
4763,34.73,46.22,3
4764,17.56,79.35,2
4765,26.00,59.68,3
4766,24.94,72.38,3
4767,17.38,50.47,2
4768,26.22,45.70,2
4769,29.98,71.26,2
4770,23.41,80.64,3
4771,17.75,79.94,2
4772,20.56,43.13,1
4773,28.92,53.85,2
4774,22.46,90.70,2
4775,25.79,43.37,1
4776,19.62,92.71,2
4777,25.59,57.50,1
4778,26.39,86.19,1
4779,15.50,58.82,3
4780,30.11,73.87,1
4781,22.35,40.40,1
4782,15.73,49.43,2
4783,27.48,94.84,1
4784,23.41,85.80,1
4785,27.00,89.81,2
4786,18.07,73.59,2
4787,15.49,69.80,1
4788,16.11,45.32,1
4789,25.29,84.66,3
4790,22.76,40.25,1
4791,23.14,55.08,1
4792,30.03,65.62,3
4793,24.82,77.35,1
4794,28.66,81.14,2
4795,29.74,81.82,2
4796,34.70,69.08,2
4797,30.44,72.97,1
4798,23.47,80.49,2
4799,33.60,81.23,2
4800,23.53,86.53,2
4801,20.01,69.91,3
4802,19.78,88.60,2
4803,31.77,73.43,2
4804,34.37,48.48,2
4805,29.82,42.37,3
4806,16.42,73.01,3
4807,16.72,41.25,1
4808,32.35,61.61,2
4809,29.82,53.95,1
4810,24.59,73.50,3
4811,31.89,45.60,1
4812,17.23,46.54,1
4813,33.13,55.56,2
4814,24.02,58.33,1
4815,22.38,51.09,3
4816,20.35,72.13,3
4817,18.29,42.68,2
4818,24.55,91.78,1
4819,17.78,81.68,3
4820,33.60,67.56,3
4821,29.51,81.75,3
4822,31.45,87.68,2
4823,25.12,68.19,3
4824,18.35,55.65,3
4825,25.53,91.66,2
4826,32.44,92.30,3
4827,16.32,75.08,3
4828,22.31,69.98,3
4829,23.85,77.73,1
4830,28.02,58.81,2
4831,16.85,67.04,2
4832,32.20,69.55,3
4833,18.67,87.49,3
4834,28.98,46.15,1
4835,19.01,62.27,1
4836,28.57,89.37,3
4837,31.83,77.45,2
4838,24.01,69.69,3
4839,24.91,93.00,3
4840,34.09,53.45,3
4841,24.77,54.06,3
4842,18.45,40.19,2
4843,15.19,94.11,3
4844,29.41,52.21,2
4845,22.09,83.41,1
4846,17.52,65.94,3
4847,32.90,69.91,2
4848,25.41,58.85,2
4849,21.35,59.53,1
4850,17.11,84.41,3
4851,31.63,43.52,3
4852,29.88,44.11,2
4853,18.18,45.48,1
4854,16.89,71.20,1
4855,23.65,49.43,3
4856,27.22,73.80,3
4857,17.26,86.18,3
4858,18.09,83.94,3
4859,26.12,65.75,2
4860,34.45,73.23,1
4861,19.17,50.31,3
4862,22.37,50.36,1
4863,25.89,89.93,3
4864,34.91,80.77,1
4865,29.96,83.97,3
4866,26.81,86.43,1
4867,24.31,62.35,2
4868,24.91,40.15,2
4869,26.34,79.38,3
4870,26.25,76.55,1
4871,34.06,60.02,1
4872,16.81,43.44,1
4873,19.44,42.22,1
4874,24.70,50.04,3
4875,25.13,46.91,3
4876,25.66,50.19,3
4877,19.96,85.22,1
4878,16.20,60.43,1
4879,29.36,93.73,1
4880,29.21,41.20,2
4881,34.29,58.17,2
4882,23.49,53.53,1
4883,19.79,77.41,2
4884,33.64,70.21,1
4885,29.17,94.07,3
4886,22.74,93.68,2
4887,27.70,83.95,1
4888,31.67,45.24,1
4889,31.16,91.79,3
4890,26.87,41.37,2
4891,34.13,71.05,3
4892,25.91,56.07,2
4893,16.35,89.05,3
4894,28.32,69.39,2
4895,27.03,47.77,1
4896,20.68,67.98,1
4897,29.02,74.02,1
4898,16.36,59.08,2
4899,24.43,67.25,2
4900,28.64,52.32,1
4901,31.26,91.98,3
4902,17.66,83.81,1
4903,26.73,84.01,2
4904,22.98,66.08,1
4905,31.88,43.75,1
4906,17.38,40.28,3
4907,19.96,47.96,2
4908,20.25,84.16,3
4909,28.29,61.10,2
4910,16.92,44.39,1
4911,20.48,45.11,2
4912,22.75,55.91,2
4913,33.81,45.61,2
4914,19.30,45.55,3
4915,16.14,68.22,1
4916,26.24,93.15,3
4917,23.00,81.57,1
4918,16.52,44.63,3
4919,19.56,61.70,2
4920,18.01,80.22,3
4921,33.43,83.48,1
4922,29.62,63.62,2
4923,33.22,77.89,3
4924,34.27,58.31,3
4925,24.24,82.28,2
4926,17.10,92.06,3
4927,23.80,93.76,1
4928,34.90,67.22,3
4929,17.40,56.67,2
4930,28.87,84.63,1
4931,22.47,54.66,2
4932,31.32,50.01,3
4933,29.35,80.31,2
4934,32.84,53.44,1
4935,28.76,79.65,2
4936,33.40,76.23,3
4937,17.46,91.24,1
4938,33.71,80.38,1
4939,23.85,53.61,2
4940,17.34,78.94,3
4941,18.69,88.03,1
4942,29.41,53.71,1
4943,20.91,74.79,2
4944,19.19,88.06,2
4945,27.33,44.09,3
4946,26.98,65.46,3
4947,32.52,51.09,1
4948,31.90,57.25,1
4949,27.25,89.71,3
4950,25.96,86.58,1
4951,20.29,56.91,3
4952,30.06,61.16,3
4953,19.59,74.39,3
4954,28.73,92.28,1
4955,17.67,40.81,3
4956,22.27,71.03,3
4957,15.11,84.04,1
4958,31.30,64.95,3
4959,17.93,51.96,2
4960,28.76,49.60,2
4961,29.86,82.42,1
4962,20.35,44.95,3
4963,19.90,88.50,3
4964,24.49,64.25,2
4965,21.14,74.84,1
4966,34.48,92.34,3
4967,17.60,91.99,2
4968,18.60,69.71,2
4969,33.95,47.54,1
4970,31.29,74.82,2
4971,17.98,43.43,1
4972,17.78,45.21,3
4973,30.21,69.09,2
4974,34.88,79.47,3
4975,33.69,52.00,3
4976,29.37,80.18,2
4977,23.82,66.58,3
4978,28.61,40.04,1
4979,23.27,86.72,3
4980,32.46,81.39,1
4981,23.45,69.01,1
4982,20.12,61.24,3
4983,27.84,40.27,3
4984,17.85,55.40,1
4985,29.51,93.40,3
4986,19.58,62.95,3
4987,17.16,85.88,1
4988,22.87,43.11,3
4989,22.43,47.88,2
4990,31.90,54.25,3
4991,15.50,46.48,2
4992,16.10,43.69,1
4993,34.21,91.59,1
4994,31.34,67.88,1
4995,17.17,56.82,3
4996,15.77,66.80,3
4997,29.27,89.32,1
4998,27.25,53.89,3
4999,29.14,42.66,1
5000,33.45,44.78,3
5001,17.42,78.94,1
5002,21.30,61.89,2
5003,16.66,87.84,2
5004,29.23,45.22,1
5005,18.53,60.88,1
5006,23.60,78.56,1
5007,21.70,54.55,2
5008,20.93,62.92,1
5009,32.72,51.94,2
5010,24.43,47.68,1
5011,18.99,76.21,2
5012,31.90,46.20,1
5013,21.08,58.40,1
5014,24.88,85.86,3
5015,33.55,53.22,2
5016,19.89,74.23,2
5017,30.90,63.36,3
5018,30.13,66.95,2
5019,27.26,87.26,3
5020,19.30,65.18,2
5021,15.14,46.59,3
5022,32.19,94.28,2
5023,31.68,70.69,2
5024,16.85,45.26,1
5025,29.71,51.48,2
5026,26.04,93.13,1
5027,19.57,82.67,1
5028,31.93,77.60,3
5029,27.08,94.73,2
5030,21.38,63.05,3
5031,28.28,60.03,1
5032,29.55,81.22,2
5033,17.42,49.06,1
5034,18.17,55.49,2
5035,23.53,59.76,1
5036,21.54,86.80,1
5037,21.52,87.87,3
5038,20.88,46.75,3
5039,30.12,86.59,1
5040,25.30,81.41,2
5041,34.51,59.80,3
5042,15.94,52.52,2
5043,34.32,48.25,1
5044,19.82,55.22,1
5045,26.40,76.99,2
5046,27.31,87.85,2
5047,34.63,41.34,3
5048,28.01,48.06,1
5049,21.30,81.01,1
5050,33.62,68.09,2
5051,23.60,43.09,1
5052,16.51,67.34,2
5053,15.17,87.72,2
5054,19.72,79.79,1
5055,26.33,87.07,2
5056,27.65,56.93,2
5057,17.13,76.99,1
5058,23.20,77.78,1
5059,28.57,54.77,3
5060,19.47,92.43,1
5061,20.89,76.69,2
5062,25.15,91.67,1
5063,30.05,61.95,3
5064,22.75,89.27,3
5065,30.40,44.72,1
5066,28.01,87.13,3
5067,21.79,77.54,3
5068,22.43,62.58,3
5069,30.52,88.70,3
5070,25.84,60.23,2
5071,32.42,55.19,3
5072,31.11,76.52,2
5073,27.54,43.00,1
5074,26.64,91.37,2
5075,16.25,60.83,3
5076,27.99,76.27,2
5077,27.47,42.51,1
5078,27.11,62.47,3
5079,20.31,45.29,3
5080,30.22,81.50,2
5081,31.52,73.21,1
5082,31.12,92.18,2
5083,16.95,90.58,1
5084,27.11,74.36,3
5085,27.82,92.68,3
5086,18.15,53.01,3
5087,25.98,59.74,2
5088,33.26,72.57,3
5089,17.31,49.35,3
5090,16.20,59.79,2
5091,18.55,92.30,2
5092,18.46,50.75,1
5093,29.18,58.53,2
5094,20.50,55.34,2
5095,15.32,49.71,1
5096,30.67,67.51,2
5097,20.76,85.70,1
5098,32.66,83.18,3
5099,31.35,90.65,2
5100,22.30,44.29,1
5101,33.30,83.73,2
5102,26.91,48.77,3
5103,26.42,93.14,2
5104,22.00,57.26,2
5105,34.65,93.38,2
5106,19.76,65.34,2
5107,23.68,64.13,3
5108,33.68,70.04,2
5109,19.58,91.44,2
5110,33.76,80.18,3
5111,25.63,75.58,2
5112,16.86,66.41,1
5113,21.57,65.19,3
5114,20.62,78.13,2
5115,33.53,57.31,1
5116,26.10,84.70,2
5117,33.10,48.81,1
5118,27.85,50.98,3
5119,20.56,43.66,3
5120,27.22,49.70,2
5121,18.78,48.23,3
5122,30.99,58.64,2
5123,25.30,54.58,1
5124,27.13,93.63,1
5125,15.10,90.42,2
5126,32.36,78.48,2
5127,31.89,61.68,3
5128,17.09,45.80,1
5129,22.09,75.93,3
5130,26.61,68.31,1
5131,24.98,89.04,2
5132,29.82,64.16,1
5133,28.26,43.41,1
5134,15.42,86.83,3
5135,30.78,94.65,2
5136,33.37,45.40,1
5137,20.24,78.48,1
5138,29.78,80.25,1
5139,29.69,82.33,1
5140,16.82,43.84,3
5141,18.18,57.26,3
5142,32.73,77.41,3
5143,22.18,82.23,3
5144,18.26,82.17,3
5145,27.89,77.54,2
5146,28.24,80.91,2
5147,27.11,41.71,3
5148,30.26,83.20,1
5149,26.82,93.95,2
5150,30.75,63.03,3
5151,27.92,52.15,1
5152,28.12,75.75,1
5153,22.80,78.76,3
5154,17.67,77.28,3
5155,17.88,82.98,1
5156,19.97,60.09,3
5157,30.01,85.52,2
5158,27.39,49.50,1
5159,24.51,58.43,1
5160,19.01,94.88,2
5161,34.78,44.87,1
5162,23.18,49.13,1
5163,28.55,49.45,1
5164,30.27,48.81,1
5165,34.24,44.00,3
5166,23.30,43.87,2
5167,32.50,60.83,1
5168,32.30,52.33,3
5169,28.20,94.84,3
5170,31.48,60.17,3
5171,34.83,63.75,2
5172,18.84,70.41,2
5173,26.85,91.37,3
5174,34.89,85.71,2
5175,18.88,45.07,1
5176,33.69,76.61,2
5177,15.40,55.99,3
5178,15.27,45.69,3
5179,26.44,72.73,2
5180,20.47,93.46,1
5181,17.53,83.87,2
5182,27.36,91.11,3
5183,31.16,56.96,2
5184,34.22,93.51,1
5185,29.15,55.50,1
5186,27.72,70.33,2
5187,19.44,77.84,2
5188,30.70,73.41,2
5189,21.16,59.94,3
5190,16.16,77.23,1
5191,26.64,74.19,2
5192,29.89,83.99,3
5193,21.40,53.15,3
5194,17.30,64.72,2
5195,23.87,43.51,3
5196,30.91,64.18,3
5197,33.36,51.39,1
5198,28.97,46.89,2
5199,27.92,51.11,1
5200,31.87,47.53,1
5201,25.71,61.43,2
5202,18.44,51.27,2
5203,22.85,48.80,3
5204,19.81,52.44,1
5205,25.37,58.69,2
5206,17.41,65.46,1
5207,28.72,62.51,3
5208,27.33,70.06,1
5209,18.95,40.50,2
5210,19.08,64.62,1
5211,24.39,57.78,3
5212,33.75,94.41,2
5213,22.80,60.14,2
5214,30.24,58.80,2
5215,18.93,53.75,1
5216,27.96,85.70,3
5217,24.31,60.71,1
5218,15.86,47.28,3
5219,28.77,44.89,1
5220,32.73,59.86,3
5221,33.80,81.09,3
5222,31.67,43.33,3
5223,33.87,51.38,1
5224,25.89,81.98,2
5225,21.38,81.13,2
5226,23.15,44.88,1
5227,33.19,93.95,2
5228,31.80,54.15,3
5229,31.09,75.26,3
5230,21.02,68.72,2
5231,26.56,42.19,1
5232,15.20,42.36,1
5233,29.44,76.85,3
5234,32.42,80.43,1
5235,33.48,53.51,1
5236,17.96,84.77,3
5237,16.58,45.19,1
5238,19.73,67.37,1
5239,30.44,74.60,2
5240,27.55,88.53,2
5241,19.17,49.79,1
5242,34.68,91.93,3
5243,29.69,74.48,1
5244,23.50,52.67,1
5245,34.92,69.29,3
5246,21.95,87.15,1
5247,30.09,60.94,2
5248,27.12,85.05,2
5249,19.29,70.48,2
5250,19.55,85.71,3
5251,23.56,69.41,1
5252,26.16,89.91,3
5253,18.64,75.26,2
5254,24.77,44.26,1
5255,24.25,70.28,3
5256,29.41,90.64,3
5257,34.01,66.90,2
5258,34.15,66.25,2
5259,22.67,72.47,3
5260,18.04,51.32,2
5261,19.32,41.86,3
5262,33.46,71.35,3
5263,20.66,49.98,1
5264,25.32,47.20,1
5265,18.01,65.22,2
5266,15.93,62.08,1
5267,15.63,86.89,1
5268,30.53,49.77,3
5269,26.26,81.64,1
5270,19.39,59.40,2
5271,29.04,82.94,1
5272,18.50,82.70,1
5273,30.23,70.00,2
5274,29.98,65.92,3
5275,25.24,56.73,2
5276,25.47,69.51,1
5277,33.66,48.85,3
5278,30.47,52.63,1
5279,31.55,65.49,1
5280,22.96,80.91,3
5281,27.57,50.26,3
5282,30.00,40.67,2
5283,22.59,87.60,2
5284,32.41,94.99,3
5285,23.85,46.63,3
5286,18.82,78.58,3
5287,30.95,58.31,3
5288,24.34,49.40,3
5289,34.24,80.92,1
5290,26.77,40.95,3
5291,16.06,40.46,1
5292,22.59,44.03,1
5293,27.03,82.01,2
5294,25.85,49.59,2
5295,15.90,82.45,1
5296,15.56,68.67,2
5297,33.24,67.80,2
5298,21.74,90.99,3
5299,34.16,69.98,3
5300,27.23,64.85,3
5301,22.21,62.97,1
5302,16.89,74.81,2
5303,16.44,73.37,3
5304,24.33,59.41,2
5305,21.70,82.29,1
5306,21.98,48.23,2
5307,32.57,62.39,1
5308,16.01,68.82,1
5309,19.07,40.08,1
5310,20.89,86.59,2
5311,24.70,46.55,3
5312,26.19,87.00,2
5313,31.93,92.80,1
5314,24.54,85.00,2
5315,21.03,94.03,2
5316,23.66,75.41,2
5317,23.78,46.85,1
5318,29.04,49.75,2
5319,20.77,53.90,3
5320,30.26,87.72,2
5321,26.80,84.77,1
5322,27.37,52.26,1
5323,18.15,94.76,3
5324,21.92,48.33,2
5325,34.96,53.51,1
5326,23.27,93.83,3
5327,30.17,89.79,2
5328,16.63,80.91,1
5329,32.87,63.79,2
5330,17.31,71.67,1
5331,31.77,74.86,1
5332,24.25,56.42,1
5333,25.33,48.06,2
5334,16.93,63.66,2
5335,34.00,86.50,2
5336,29.05,91.00,2
5337,34.46,87.67,2
5338,34.17,74.53,3
5339,15.51,72.74,3
5340,19.76,69.33,1
5341,32.43,72.49,1
5342,31.31,44.23,3
5343,17.99,47.32,2
5344,32.21,56.80,3
5345,29.32,45.47,3
5346,18.05,66.52,1
5347,26.55,75.39,1
5348,15.73,55.55,3
5349,16.62,89.14,3
5350,30.04,70.86,2
5351,31.58,58.58,3
5352,15.90,52.04,2
5353,28.63,66.94,3
5354,17.18,78.36,3
5355,29.20,77.30,3
5356,20.94,87.92,2
5357,22.86,45.80,3
5358,34.78,69.77,2
5359,20.17,83.07,1
5360,15.50,56.28,2
5361,33.01,42.35,3
5362,31.20,63.02,1
5363,18.15,86.49,2
5364,15.43,67.86,3
5365,28.05,93.57,2
5366,29.15,79.93,2
5367,20.74,61.50,2
5368,25.65,44.69,3
5369,22.31,69.17,3
5370,31.60,85.81,1
5371,33.28,49.22,1
5372,22.53,92.79,2
5373,24.03,48.28,1
5374,21.26,74.07,1
5375,23.27,56.58,1
5376,25.16,41.09,3
5377,20.44,77.89,1
5378,33.89,88.75,2
5379,15.81,60.32,1
5380,15.06,64.53,2
5381,32.98,93.33,3
5382,23.09,67.09,2
5383,33.33,70.99,2
5384,30.41,49.36,2
5385,17.29,42.16,1
5386,24.75,74.60,1
5387,22.96,40.81,1
5388,23.76,64.63,3
5389,26.01,63.67,3
5390,15.30,51.30,1
5391,21.76,42.32,2
5392,19.65,83.38,1
5393,31.66,93.65,2
5394,28.62,90.40,3
5395,28.29,94.87,2
5396,22.93,69.09,2
5397,22.21,55.93,3
5398,31.33,42.37,1
5399,29.83,46.43,2
5400,18.65,59.35,2
5401,31.52,75.03,1
5402,17.49,67.13,3
5403,31.60,80.99,3
5404,28.28,88.79,2
5405,33.50,52.89,1
5406,20.71,44.82,2
5407,29.22,63.19,1
5408,22.94,44.20,2
5409,25.85,58.71,1
5410,21.72,86.57,3
5411,28.60,89.11,2
5412,25.69,69.22,1
5413,17.66,54.98,1
5414,24.19,61.89,2
5415,31.18,60.85,2
5416,26.93,51.83,1
5417,22.70,78.30,3
5418,20.48,66.30,2
5419,20.17,58.12,2
5420,28.96,85.77,1
5421,21.86,42.58,2
5422,24.43,54.29,1
5423,19.94,66.81,3
5424,34.09,62.00,3
5425,21.04,62.33,2
5426,16.26,45.75,3
5427,18.00,73.21,3
5428,25.73,48.86,3
5429,18.45,84.12,1
5430,25.53,69.88,2
5431,15.33,64.36,2
5432,18.83,44.99,3
5433,29.03,67.14,3
5434,34.32,72.78,2
5435,23.35,43.28,2
5436,27.16,60.90,2
5437,22.10,68.65,3
5438,34.89,94.27,1
5439,23.83,93.05,3
5440,24.92,72.64,2
5441,27.29,89.14,1
5442,29.47,64.25,3
5443,22.45,47.43,1
5444,22.31,52.92,3
5445,34.51,44.44,3
5446,18.58,43.55,3
5447,16.42,40.17,3
5448,22.21,60.16,3
5449,29.63,69.51,2
5450,20.03,91.45,3
5451,17.54,64.87,2
5452,23.19,94.59,3
5453,25.17,43.89,2
5454,32.68,69.01,1
5455,29.37,70.44,3
5456,15.67,52.77,2
5457,16.93,61.73,3
5458,28.57,44.80,1
5459,24.20,50.27,1
5460,21.35,90.57,2
5461,26.54,82.98,3
5462,25.88,84.91,1
5463,16.59,88.66,1
5464,31.99,67.67,1
5465,25.22,45.86,2
5466,22.59,68.31,3
5467,32.69,86.29,3
5468,21.53,42.48,2
5469,30.40,42.87,1
5470,27.93,44.93,1
5471,33.72,77.35,1
5472,27.96,69.67,3
5473,27.98,46.55,2
5474,25.84,80.85,2
5475,28.25,51.19,1
5476,19.31,78.16,2
5477,16.47,41.26,3
5478,34.33,56.83,3
5479,25.85,58.82,3
5480,23.80,70.12,1
5481,21.30,68.67,2
5482,32.91,41.87,2
5483,17.76,68.79,3
5484,34.79,66.14,1
5485,30.98,77.19,1
5486,16.78,90.88,3
5487,15.88,76.69,3
5488,25.47,50.06,1
5489,30.92,80.98,1
5490,26.20,55.82,2
5491,24.65,58.92,1
5492,32.32,52.15,3
5493,16.47,83.16,1
5494,18.35,75.97,1
5495,29.09,83.52,1
5496,30.76,91.57,1
5497,17.27,49.10,3
5498,25.31,47.00,1
5499,31.07,76.92,3
5500,23.75,90.79,2
5501,27.46,52.34,2
5502,29.32,85.97,1
5503,16.08,44.14,1
5504,17.06,92.00,3
5505,20.36,83.15,2
5506,29.58,58.58,1
5507,16.70,44.89,3
5508,21.74,48.96,1
5509,24.19,83.12,2
5510,29.32,61.05,1
5511,34.14,81.03,1
5512,30.03,71.52,1
5513,26.86,78.00,3
5514,28.75,71.92,2
5515,24.91,46.48,3
5516,26.52,43.23,2
5517,20.65,85.85,1
5518,18.64,68.48,3
5519,24.48,74.61,2
5520,34.92,94.51,1
5521,16.46,50.99,1
5522,23.28,82.04,3
5523,19.87,49.67,2
5524,30.37,62.51,2
5525,23.97,88.89,3
5526,34.39,80.15,1
5527,28.88,71.82,3
5528,26.93,77.28,2
5529,30.43,91.08,1
5530,32.67,82.93,3
5531,30.81,53.10,2
5532,31.92,59.38,3
5533,29.03,55.84,2
5534,29.69,75.74,2
5535,25.88,52.19,1
5536,20.67,51.39,3
5537,20.00,40.41,3
5538,33.38,92.01,3
5539,34.91,76.22,3
5540,21.48,90.17,2
5541,28.41,69.16,2
5542,15.56,60.60,2
5543,20.06,55.57,1
5544,27.15,65.14,3
5545,28.64,84.05,1
5546,34.58,75.86,1
5547,20.91,58.55,3
5548,23.00,70.81,2
5549,30.33,89.95,1
5550,22.80,88.14,2
5551,26.55,89.76,2
5552,18.81,52.15,3
5553,32.68,61.15,2
5554,27.08,56.50,2
5555,23.14,89.96,2
5556,23.01,62.21,1
5557,17.95,86.66,2
5558,20.08,64.27,2
5559,23.34,66.15,1
5560,30.43,40.21,1
5561,20.06,44.76,2
5562,18.00,57.93,1
5563,15.55,93.36,2
5564,19.18,94.31,1
5565,17.27,72.40,1
5566,34.38,56.70,2
5567,31.53,70.71,1
5568,27.22,49.06,3
5569,27.85,41.89,2
5570,25.02,91.04,1
5571,33.26,64.90,2
5572,29.89,91.38,1
5573,22.85,53.50,2
5574,28.49,68.91,1
5575,26.22,91.92,2
5576,15.41,51.44,2
5577,20.53,42.14,1
5578,26.49,71.33,3
5579,15.07,47.59,3
5580,26.06,70.06,2
5581,27.22,59.83,3
5582,32.69,57.12,3
5583,29.68,42.23,3
5584,21.76,69.63,3
5585,34.57,52.22,2
5586,31.47,77.42,1
5587,20.77,74.13,2
5588,15.06,46.90,1
5589,29.52,52.42,2
5590,15.86,93.73,1
5591,34.32,91.39,1
5592,27.68,76.80,3
5593,24.35,69.50,3
5594,30.41,93.48,1
5595,23.95,86.05,1
5596,30.31,58.05,1
5597,27.13,46.31,1
5598,24.57,66.72,1
5599,19.58,83.31,2
5600,15.84,78.58,3
5601,34.84,93.02,2
5602,23.32,45.75,2
5603,29.41,93.83,2
5604,23.77,69.75,3
5605,15.69,59.90,2
5606,17.99,81.12,3
5607,25.94,73.15,2
5608,23.45,76.74,2
5609,25.72,75.74,3
5610,20.20,94.95,3
5611,28.65,48.25,2
5612,26.76,45.93,2
5613,20.13,81.33,2
5614,22.41,70.18,2
5615,20.29,44.22,2
5616,28.88,69.51,3
5617,17.20,61.72,2
5618,23.51,77.61,2
5619,15.41,88.56,1
5620,15.04,60.47,2
5621,28.16,81.66,1
5622,31.87,70.12,3
5623,25.41,58.77,1
5624,16.98,68.67,3
5625,34.63,60.84,1
5626,15.63,66.83,3
5627,32.66,94.70,1
5628,26.84,89.52,3
5629,30.16,50.77,1
5630,20.54,88.81,3
5631,24.69,80.01,3
5632,15.01,65.70,1
5633,15.80,78.83,1
5634,33.02,88.87,3
5635,15.92,77.25,3
5636,24.46,59.16,2
5637,28.91,91.76,1
5638,28.37,92.59,1
5639,30.17,56.79,2
5640,33.93,70.10,3
5641,21.35,57.51,3
5642,32.99,90.99,1
5643,22.72,56.13,3
5644,29.05,83.32,3
5645,25.95,66.91,2
5646,29.77,77.06,2
5647,34.44,53.31,3
5648,31.84,65.96,1
5649,16.02,75.82,1
5650,21.49,78.18,1
5651,19.23,80.42,3
5652,20.26,50.66,2
5653,33.81,76.68,1
5654,17.45,84.38,1
5655,17.60,70.16,3
5656,26.36,74.99,3
5657,22.22,48.55,2
5658,31.17,64.69,2
5659,25.54,92.98,2
5660,33.62,84.36,1
5661,27.64,73.15,2
5662,31.58,46.43,1
5663,16.74,73.40,3
5664,16.33,92.84,2
5665,32.70,86.19,1
5666,27.74,54.19,2
5667,29.59,78.89,2
5668,33.37,92.22,3
5669,29.80,60.61,3
5670,27.27,67.77,2
5671,31.24,68.72,1
5672,18.64,78.61,2
5673,30.10,51.60,1
5674,34.53,57.57,2
5675,33.07,41.89,3
5676,34.80,44.64,2
5677,33.00,76.89,1
5678,29.47,62.79,1
5679,31.09,53.12,2
5680,27.85,63.95,1
5681,25.68,78.51,1
5682,32.81,67.90,3
5683,32.95,51.09,3
5684,20.20,54.36,2
5685,31.59,62.42,2
5686,16.20,89.13,3
5687,27.89,54.28,2
5688,33.49,77.62,2
5689,21.41,88.78,3
5690,19.31,40.74,1
5691,29.72,47.01,1
5692,24.61,86.22,2
5693,23.84,68.11,2
5694,17.63,71.44,3
5695,17.68,44.55,1
5696,16.67,65.99,1
5697,29.96,54.23,2
5698,34.06,92.66,3
5699,25.30,53.52,3
5700,26.60,59.79,2
5701,29.55,41.82,1
5702,25.28,55.80,2
5703,30.69,40.91,2
5704,32.52,68.14,1
5705,26.38,53.35,3
5706,16.37,89.82,2
5707,30.64,70.62,3
5708,34.32,51.10,3
5709,24.00,82.26,2
5710,31.87,74.55,2
5711,17.02,82.93,2
5712,30.60,60.78,3
5713,28.21,91.45,2
5714,15.15,90.86,2
5715,16.92,76.14,3
5716,34.21,50.23,3
5717,16.60,57.64,1
5718,25.43,69.64,3
5719,32.62,50.09,1
5720,32.56,45.12,2
5721,32.42,50.93,2
5722,32.41,49.06,2
5723,30.05,87.64,2
5724,25.55,51.09,3
5725,24.27,77.59,3
5726,31.49,61.24,3
5727,29.60,94.95,3
5728,33.28,78.52,2
5729,24.89,93.97,3
5730,23.09,73.57,3
5731,25.98,68.98,3
5732,23.24,55.82,3
5733,24.65,73.73,2
5734,20.94,82.38,3
5735,18.52,57.08,2
5736,23.00,91.77,2
5737,22.97,76.68,3
5738,18.09,75.45,2
5739,25.49,83.49,1
5740,21.43,92.89,1
5741,19.25,60.05,1
5742,20.11,50.50,1
5743,28.36,49.85,3
5744,20.46,48.95,3
5745,20.22,49.45,3
5746,22.43,67.46,2
5747,34.63,52.52,2
5748,31.51,42.42,3
5749,32.20,56.82,2
5750,28.92,64.88,2
5751,27.94,69.08,1
5752,32.19,76.20,1
5753,18.44,72.48,2
5754,32.04,94.67,1
5755,18.75,70.64,2
5756,27.84,92.49,2
5757,32.14,83.29,2
5758,26.32,47.19,2
5759,17.49,94.94,2
5760,21.30,60.12,1
5761,24.81,87.06,3
5762,34.74,64.09,2
5763,17.67,74.67,1
5764,16.59,76.19,3
5765,23.10,43.01,1
5766,33.81,60.22,1
5767,22.29,51.92,3
5768,22.99,59.22,2
5769,30.49,81.43,2
5770,29.18,63.52,3
5771,29.87,78.84,3
5772,27.84,58.59,3
5773,22.48,49.08,1
5774,32.19,72.11,1
5775,31.71,48.42,1
5776,27.68,52.85,2
5777,26.22,56.60,3
5778,22.70,50.74,1
5779,24.34,50.90,3
5780,21.52,60.73,1
5781,31.55,73.73,3
5782,29.19,51.86,1
5783,30.14,64.64,3
5784,34.50,69.74,1
5785,32.49,83.96,2
5786,25.84,92.65,3
5787,29.62,66.84,3
5788,21.95,55.20,1
5789,33.81,64.22,1
5790,32.54,67.85,3
5791,22.54,52.89,3
5792,34.19,93.85,2
5793,23.58,67.69,2
5794,20.87,67.41,3
5795,16.24,57.96,1
5796,23.03,88.19,2
5797,27.69,59.60,3
5798,34.90,92.48,2
5799,33.57,86.07,3
5800,21.22,94.14,2
5801,24.49,94.22,2
5802,20.77,93.07,3
5803,19.82,84.24,1
5804,26.80,47.23,1
5805,22.15,82.89,3
5806,19.12,88.79,1
5807,26.44,66.85,3
5808,19.31,78.37,2
5809,32.69,66.83,2
5810,16.40,58.73,2
5811,28.91,58.60,1
5812,17.87,80.24,3
5813,23.86,52.24,1
5814,30.23,76.97,1
5815,20.24,65.68,3
5816,16.75,57.17,1
5817,26.88,56.60,2
5818,30.15,48.57,2
5819,32.65,47.04,3
5820,31.52,59.57,2
5821,17.29,89.47,1
5822,18.57,50.48,2
5823,33.77,71.73,2
5824,18.16,65.59,3
5825,27.52,58.09,3
5826,33.90,45.96,2
5827,26.38,86.20,2
5828,30.94,44.28,2
5829,15.52,70.94,3
5830,28.98,71.89,1
5831,21.72,68.96,2
5832,24.49,58.09,3
5833,17.41,85.54,1
5834,32.58,40.99,3
5835,34.56,94.59,3
5836,27.53,57.58,3
5837,30.73,89.93,1
5838,32.09,92.04,2
5839,23.30,50.53,2
5840,22.51,65.51,1
5841,32.06,81.64,1
5842,27.28,61.43,3
5843,20.28,90.21,2
5844,27.21,54.29,1
5845,33.75,77.94,1
5846,16.54,47.54,3
5847,27.06,73.21,3
5848,26.53,51.60,2
5849,33.14,91.88,3
5850,26.25,68.30,1
5851,33.81,86.39,3
5852,19.95,51.60,1
5853,27.87,67.04,1
5854,17.84,45.68,2
5855,22.68,69.77,2
5856,27.25,43.07,1
5857,25.36,50.99,3
5858,20.15,93.34,3
5859,31.31,85.50,2
5860,22.68,75.02,1
5861,15.97,57.15,2
5862,34.33,75.68,3
5863,23.04,68.23,2
5864,16.90,82.26,1
5865,18.94,73.79,2
5866,32.92,67.02,1
5867,32.00,42.83,3
5868,34.86,66.67,3
5869,34.47,43.68,3
5870,22.35,86.71,1
5871,28.71,49.59,2
5872,26.23,75.77,2
5873,28.84,68.38,3
5874,27.42,80.18,3
5875,27.50,67.19,1
5876,15.53,45.11,3
5877,19.61,68.72,3
5878,18.86,61.27,2
5879,27.92,90.07,3
5880,26.20,41.15,3
5881,15.49,59.47,3
5882,24.76,56.80,2
5883,23.35,65.40,2
5884,18.18,77.78,1
5885,16.91,88.73,1
5886,33.81,85.23,2
5887,16.94,76.39,1
5888,26.25,50.72,3
5889,23.12,45.34,2
5890,24.53,42.39,2
5891,25.45,75.54,1
5892,27.06,49.35,2
5893,18.63,54.26,2
5894,16.56,57.05,1
5895,28.24,69.46,3
5896,15.57,82.71,1
5897,16.63,64.26,1
5898,22.39,52.13,3
5899,18.29,63.83,2
5900,15.93,64.59,1
5901,25.94,86.47,2
5902,27.63,47.99,2
5903,32.16,53.45,2
5904,16.82,56.05,3
5905,15.47,94.51,2
5906,28.43,80.34,1
5907,34.03,40.12,1
5908,24.67,50.61,3
5909,25.65,71.19,1
5910,23.73,47.41,1
5911,29.34,59.38,3
5912,22.97,78.50,3
5913,20.15,84.90,3
5914,26.27,92.26,1
5915,16.23,49.33,2
5916,34.32,60.32,2
5917,25.80,59.29,2
5918,33.29,54.11,1
5919,15.11,62.27,3
5920,15.46,72.03,3
5921,16.57,53.72,2
5922,20.37,49.39,3
5923,19.61,78.51,3
5924,26.36,52.44,2
5925,15.86,81.77,1
5926,33.21,48.34,3
5927,21.60,88.94,2
5928,34.17,72.84,1
5929,19.27,55.95,1
5930,24.58,94.11,2
5931,15.63,65.44,2
5932,16.37,92.63,3
5933,25.71,92.86,1
5934,27.86,77.52,1
5935,21.09,94.08,3
5936,19.11,51.61,3
5937,25.26,93.33,1
5938,21.95,92.26,1
5939,16.02,58.27,3
5940,18.02,70.25,2
5941,34.59,55.96,1
5942,33.48,61.54,1
5943,30.71,93.73,3
5944,28.17,72.49,3
5945,15.73,84.90,2
5946,24.02,90.04,3
5947,18.05,45.29,1
5948,19.36,78.49,2
5949,34.55,48.14,2
5950,23.74,87.46,3
5951,33.03,70.89,1
5952,32.12,41.52,1
5953,21.21,70.89,1
5954,18.37,40.17,1
5955,28.11,64.75,2
5956,29.80,73.30,3
5957,31.78,68.79,2
5958,22.57,85.37,1
5959,26.45,66.20,2
5960,26.86,70.88,2
5961,33.09,74.21,2
5962,15.20,86.27,2
5963,20.70,63.64,1
5964,34.61,70.61,3
5965,24.40,63.44,1
5966,30.57,70.58,3
5967,23.51,44.68,1
5968,32.95,63.03,3
5969,33.07,42.57,2
5970,26.30,55.66,2
5971,29.03,91.36,2
5972,21.81,45.94,1
5973,34.26,83.38,1
5974,29.10,71.58,2
5975,17.46,45.95,1
5976,16.93,60.82,3
5977,25.81,89.75,2
5978,15.83,67.30,3
5979,21.90,56.76,2
5980,30.44,55.32,2
5981,19.95,74.38,3
5982,19.31,43.55,2
5983,17.52,57.76,3
5984,15.55,48.71,3
5985,32.59,58.64,3
5986,18.35,61.14,3
5987,25.27,65.11,2
5988,25.37,51.52,1
5989,34.65,52.89,1
5990,17.74,64.85,3
5991,31.16,65.41,3
5992,21.84,84.56,2
5993,18.57,62.03,3
5994,20.64,87.15,1
5995,21.81,40.04,2
5996,28.67,66.44,2
5997,22.90,86.48,2
5998,18.51,56.43,1
5999,16.77,48.57,3
6000,19.07,94.22,2
6001,26.04,41.52,1
6002,27.69,86.67,3
6003,33.96,52.03,3
6004,17.92,71.85,1
6005,31.24,42.22,2
6006,16.01,41.25,2
6007,26.10,65.57,3
6008,19.43,71.02,1
6009,32.81,92.78,2
6010,18.16,63.75,3
6011,15.48,75.11,1
6012,23.85,62.49,2
6013,26.32,40.35,2
6014,19.89,85.34,1
6015,26.23,60.51,3
6016,27.68,41.93,2
6017,30.87,82.55,2
6018,33.34,88.81,2
6019,27.59,60.36,2
6020,19.14,48.33,2
6021,18.54,62.02,3
6022,21.19,79.67,3
6023,27.86,52.27,1
6024,22.54,51.14,1
6025,23.41,71.86,3
6026,27.06,52.60,2
6027,17.36,73.23,2
6028,33.78,50.39,3
6029,27.88,77.35,3
6030,29.40,66.12,2
6031,16.50,72.78,1
6032,28.06,75.07,1
6033,19.50,53.95,1
6034,19.08,55.06,1
6035,33.02,91.77,2
6036,27.43,47.79,2
6037,22.06,78.62,1
6038,21.05,49.82,1
6039,32.49,41.16,1
6040,27.30,55.40,1
6041,20.38,57.83,2
6042,27.84,73.59,1
6043,18.36,90.74,2
6044,31.64,49.54,3
6045,20.95,46.18,2
6046,30.07,60.70,3
6047,32.57,62.80,2
6048,18.92,87.11,3
6049,27.97,75.03,2
6050,32.18,70.13,2
6051,22.55,53.72,1
6052,15.95,94.40,1
6053,29.97,73.04,2
6054,33.45,85.92,1
6055,27.48,62.73,2
6056,24.46,74.14,1
6057,32.07,80.04,1
6058,29.77,73.21,1
6059,33.77,55.62,1
6060,25.51,70.76,2
6061,31.79,94.48,3
6062,25.13,44.08,1
6063,34.82,80.90,3
6064,18.49,45.42,1
6065,22.05,79.92,1
6066,32.88,50.55,2
6067,20.89,88.59,3
6068,31.31,69.22,1
6069,25.40,90.54,2
6070,32.89,55.51,2
6071,25.95,76.73,1
6072,17.43,62.18,2
6073,32.56,66.58,1
6074,33.92,74.94,1
6075,29.60,40.60,3
6076,21.97,48.21,1
6077,27.40,45.80,2
6078,27.82,74.49,1
6079,28.50,79.51,1
6080,24.66,73.08,2
6081,19.99,76.48,3
6082,16.98,93.31,3
6083,27.84,58.10,1
6084,26.40,55.68,2
6085,29.02,56.01,2
6086,15.66,84.42,1
6087,21.99,66.50,2
6088,28.24,63.81,3
6089,17.41,82.66,2
6090,34.20,75.61,3
6091,25.60,80.77,3
6092,22.48,77.88,3
6093,33.11,53.10,2
6094,25.49,92.80,3
6095,27.79,76.50,1
6096,17.55,75.38,2
6097,33.00,90.66,2
6098,27.12,54.12,1
6099,23.27,42.91,3
6100,33.12,42.61,3
6101,26.98,43.93,3
6102,30.12,76.94,1
6103,26.57,82.79,3
6104,26.05,84.15,3
6105,28.47,65.29,3
6106,19.31,83.12,3
6107,26.35,91.05,2
6108,30.63,54.51,3
6109,22.50,85.46,1
6110,25.58,55.52,3
6111,20.96,49.92,1
6112,19.66,89.96,2
6113,27.00,64.55,2
6114,32.52,82.64,1
6115,23.49,88.35,3
6116,29.73,46.76,3
6117,23.21,46.90,2
6118,32.13,73.94,2
6119,34.15,89.40,2
6120,20.03,66.92,2
6121,26.95,92.64,1
6122,28.70,65.16,2
6123,24.34,80.18,1
6124,23.32,44.59,2
6125,17.93,84.80,3
6126,29.56,79.94,2
6127,32.63,54.83,3
6128,28.15,83.08,2
6129,24.62,69.42,2
6130,21.79,67.22,2
6131,25.71,79.97,1
6132,33.02,91.18,1
6133,26.38,48.46,1
6134,16.12,43.58,1
6135,17.43,65.86,3
6136,32.84,78.64,1
6137,16.75,54.96,2
6138,27.97,43.40,1
6139,20.49,83.68,3
6140,21.72,45.05,2
6141,23.67,64.59,3
6142,18.76,63.68,1
6143,20.86,93.19,1
6144,20.87,48.27,3
6145,21.32,62.58,2
6146,33.25,78.66,1
6147,30.10,79.93,3
6148,18.52,42.93,3
6149,26.52,91.11,3
6150,21.69,84.04,3
6151,18.56,53.99,2
6152,23.76,80.29,3
6153,30.69,64.33,3
6154,17.27,66.17,2
6155,16.53,76.65,3
6156,30.94,79.16,1
6157,19.87,57.99,2
6158,20.87,65.72,3
6159,20.49,60.82,1
6160,22.42,76.92,3
6161,28.87,56.27,1
6162,30.02,68.27,2
6163,29.25,57.93,1
6164,18.00,90.05,2
6165,16.22,80.79,3
6166,16.98,94.75,3
6167,28.84,75.04,2
6168,32.04,90.58,3
6169,15.54,91.25,3
6170,27.19,66.28,3
6171,33.13,74.04,2
6172,24.74,77.02,2
6173,18.17,70.72,3
6174,21.40,75.12,2
6175,16.02,62.06,3
6176,16.81,43.85,1
6177,19.43,62.87,3
6178,16.24,65.41,2
6179,32.68,45.50,3
6180,17.87,58.68,1
6181,15.13,49.25,3
6182,27.69,81.59,3
6183,16.79,68.41,1
6184,26.49,76.02,1
6185,15.66,85.85,1
6186,19.77,65.75,2
6187,32.33,80.30,3
6188,33.53,85.25,2
6189,26.97,60.31,3
6190,31.15,75.39,1
6191,20.37,89.95,1
6192,23.16,72.61,1
6193,21.74,70.46,3
6194,33.95,71.26,3
6195,29.86,86.68,2
6196,28.95,85.35,1
6197,24.39,90.15,1
6198,26.49,88.70,2
6199,33.04,55.15,3
6200,23.98,89.65,2
6201,26.93,61.94,1
6202,26.81,93.01,1
6203,24.47,76.02,2
6204,31.01,48.70,2
6205,34.25,83.79,3
6206,34.01,56.52,2
6207,17.64,59.51,2
6208,26.97,40.48,3
6209,34.20,92.74,1
6210,21.15,80.81,1
6211,32.67,42.52,3
6212,26.74,74.17,3
6213,18.15,62.86,3
6214,29.89,58.70,3
6215,29.81,86.19,2
6216,26.30,77.57,1
6217,15.51,49.16,2
6218,19.95,46.12,3
6219,28.95,93.08,3
6220,25.67,63.25,2
6221,16.20,90.98,3
6222,29.36,93.77,2
6223,28.98,55.63,2
6224,32.55,90.07,3
6225,22.07,65.53,2
6226,26.62,64.08,1
6227,23.66,61.33,2
6228,20.76,69.41,1
6229,16.89,43.46,3
6230,19.53,92.17,2
6231,16.51,61.11,3
6232,20.59,52.12,1
6233,26.95,53.55,3
6234,24.40,69.87,2
6235,21.93,78.28,1
6236,30.63,79.92,1
6237,16.98,72.40,2
6238,29.18,59.30,3
6239,32.41,57.20,2
6240,29.74,69.98,1
6241,23.30,64.32,1
6242,20.53,87.16,3
6243,19.34,75.81,1
6244,23.97,51.13,2
6245,24.26,75.84,1
6246,34.93,75.33,3
6247,34.70,72.07,1
6248,16.81,44.72,1
6249,18.24,84.01,3
6250,21.30,54.65,1
6251,32.87,58.53,3
6252,31.69,71.80,1
6253,27.85,70.60,3
6254,27.65,54.83,1
6255,34.29,54.49,2
6256,30.11,45.84,3
6257,15.27,45.51,2
6258,25.87,69.89,2
6259,31.01,76.14,2
6260,33.74,67.56,3
6261,20.16,60.63,2
6262,26.61,73.33,1
6263,17.77,62.34,3
6264,16.16,45.12,2
6265,18.43,62.35,1
6266,34.19,78.95,2
6267,19.65,73.57,2
6268,33.96,82.76,3
6269,25.74,94.53,2
6270,15.20,75.30,1
6271,20.82,76.67,3
6272,27.59,92.07,1
6273,21.97,89.10,1
6274,15.32,50.17,3
6275,24.24,67.17,2
6276,22.85,94.33,3
6277,25.75,79.89,1
6278,20.28,93.78,1
6279,16.97,74.56,1
6280,18.24,52.81,2
6281,34.66,76.25,3
6282,32.00,73.60,3
6283,30.04,87.71,1
6284,31.72,85.74,3
6285,31.03,73.81,1
6286,18.43,91.82,2
6287,32.44,43.73,2
6288,27.43,88.51,3
6289,28.51,74.25,3
6290,32.98,76.67,3
6291,30.77,41.21,1
6292,22.17,75.86,1
6293,33.98,67.42,2
6294,34.84,88.61,2
6295,26.03,40.38,1
6296,28.78,60.60,3
6297,17.30,53.15,2
6298,18.75,85.10,1
6299,19.39,77.84,1
6300,24.71,90.53,2
6301,30.16,68.49,2
6302,21.47,65.26,1
6303,15.54,79.98,1
6304,19.90,46.01,2
6305,27.65,86.72,1
6306,34.32,80.50,2
6307,30.90,77.09,1
6308,28.27,54.04,1
6309,17.59,65.15,2
6310,21.02,68.42,1
6311,27.09,79.70,3
6312,33.76,89.72,2
6313,30.83,79.15,3
6314,24.61,77.48,3
6315,28.38,82.33,2
6316,17.61,44.06,1
6317,26.23,81.77,3
6318,25.73,49.27,2
6319,20.36,49.74,2
6320,23.37,81.58,1
6321,16.60,81.43,1
6322,18.89,59.65,2
6323,27.16,59.27,1
6324,25.66,90.13,2
6325,34.84,65.75,3
6326,27.21,93.79,2
6327,33.91,67.26,3
6328,15.71,91.64,3
6329,25.33,45.44,2
6330,25.62,93.15,3
6331,19.36,91.00,3
6332,18.51,79.06,1
6333,31.42,72.42,2
6334,15.01,91.53,1
6335,32.18,68.78,3
6336,18.04,40.07,1
6337,15.00,51.49,2
6338,17.17,92.29,1
6339,24.68,94.32,2
6340,24.69,41.46,1
6341,23.55,46.89,3
6342,23.99,71.40,3
6343,34.30,63.49,2
6344,22.18,76.65,3
6345,21.08,91.96,1
6346,32.76,94.67,1
6347,17.35,68.63,2
6348,15.37,80.12,2
6349,21.58,90.19,2
6350,26.41,70.61,2
6351,16.97,79.32,1
6352,17.62,75.06,2
6353,24.02,53.95,1
6354,19.95,52.99,2
6355,23.64,45.10,1
6356,24.50,69.43,1
6357,34.68,52.61,2
6358,23.10,49.36,3
6359,16.50,40.64,2
6360,18.28,54.59,3
6361,24.92,88.54,2
6362,19.48,85.62,1
6363,16.92,90.41,1
6364,22.17,52.95,2
6365,20.09,79.65,3
6366,15.10,93.10,1
6367,15.97,55.25,2
6368,34.16,49.69,2
6369,30.11,72.78,2
6370,15.16,55.92,1
6371,22.05,86.53,3
6372,28.04,81.90,3
6373,23.15,86.18,1
6374,19.75,87.52,1
6375,17.16,65.54,1
6376,20.70,89.76,3
6377,25.19,44.38,2
6378,16.99,43.71,2
6379,17.68,88.04,3
6380,22.48,51.46,1
6381,15.06,92.83,1
6382,26.92,93.31,3
6383,20.84,40.14,3
6384,34.34,62.52,2
6385,22.11,83.72,2
6386,19.55,66.11,2
6387,33.79,43.73,2
6388,18.73,56.80,2
6389,20.78,76.18,2
6390,19.02,72.29,2
6391,16.25,45.61,1
6392,30.06,80.60,2
6393,34.13,71.58,3
6394,30.66,84.94,1
6395,30.40,62.67,1
6396,25.68,80.63,3
6397,23.44,68.21,2
6398,31.54,89.34,3
6399,15.18,71.95,3
6400,21.09,90.32,3
6401,22.26,81.13,1
6402,32.09,81.55,1
6403,15.29,94.08,2
6404,34.61,56.81,3
6405,33.69,76.69,3
6406,26.57,81.04,1
6407,21.86,47.08,1
6408,31.90,87.01,3
6409,24.90,62.22,1
6410,22.56,77.59,2
6411,26.37,44.01,2
6412,24.59,44.40,2
6413,21.48,80.15,1
6414,21.59,89.11,3
6415,24.91,75.80,2
6416,25.57,40.54,1
6417,20.33,50.78,3
6418,29.92,42.15,2
6419,34.61,68.54,2
6420,15.97,82.43,3
6421,29.28,89.44,1
6422,29.85,72.85,3
6423,16.47,56.61,2
6424,21.07,86.93,1
6425,32.10,59.51,2
6426,18.68,44.26,3
6427,32.81,73.64,2
6428,22.89,65.14,3
6429,24.62,88.19,2
6430,31.82,43.02,2
6431,16.14,61.70,1
6432,27.80,58.87,1
6433,23.98,85.17,3
6434,30.73,49.44,2
6435,18.78,94.97,2
6436,25.58,60.05,2
6437,31.19,59.88,2
6438,33.15,46.00,1
6439,21.18,52.63,3
6440,29.85,74.53,2
6441,32.16,50.93,3
6442,24.63,83.96,3
6443,19.15,53.48,3
6444,21.02,87.39,2
6445,30.55,83.01,2
6446,19.80,84.70,3
6447,30.63,91.75,3
6448,28.90,60.47,2
6449,23.82,78.08,1
6450,31.54,89.32,2
6451,34.96,73.42,3
6452,15.75,85.05,2
6453,30.12,74.45,1
6454,25.01,60.08,3
6455,23.66,57.97,3
6456,21.25,91.16,2
6457,26.07,74.39,3
6458,29.47,63.25,3
6459,30.44,64.67,3
6460,21.74,47.08,3
6461,20.72,72.81,1
6462,16.09,69.71,3
6463,27.92,70.60,1
6464,15.06,61.33,2
6465,29.12,49.62,3
6466,25.50,92.62,2
6467,18.15,77.06,1
6468,33.95,41.27,3
6469,30.16,54.80,2
6470,25.20,40.82,1
6471,29.09,49.62,1
6472,15.83,90.82,2
6473,20.77,74.52,1
6474,31.71,55.08,3
6475,17.31,43.16,1
6476,33.24,80.82,3
6477,23.37,73.95,2
6478,26.73,91.40,1
6479,17.95,60.87,1
6480,21.01,67.73,3
6481,31.06,56.38,1
6482,23.28,51.54,1
6483,27.53,74.78,2
6484,22.52,44.77,2
6485,19.38,93.30,2
6486,15.24,64.82,3
6487,23.22,94.43,1
6488,23.00,94.75,2
6489,29.39,56.53,1
6490,22.33,69.22,3
6491,30.43,82.88,2
6492,20.62,40.93,1
6493,21.63,83.79,1
6494,19.92,45.20,3
6495,21.69,55.61,2
6496,17.06,75.31,3
6497,27.00,72.46,2
6498,17.52,89.84,2
6499,34.90,82.42,3
6500,22.00,90.83,2
6501,28.35,44.07,2
6502,27.24,53.47,1
6503,19.20,93.11,1
6504,34.38,48.57,3
6505,18.84,75.26,3
6506,33.16,80.34,3
6507,31.75,67.08,3
6508,34.41,51.81,1
6509,27.95,91.51,1
6510,34.77,45.61,2
6511,30.51,56.39,2
6512,16.97,91.53,1
6513,27.79,61.01,3
6514,20.08,78.74,1
6515,28.30,72.44,3
6516,27.51,44.91,1
6517,21.78,49.75,1
6518,30.28,80.34,1
6519,22.49,86.17,3
6520,35.00,60.71,3
6521,17.49,48.54,1
6522,26.89,63.24,2
6523,23.54,53.78,3
6524,22.51,44.41,2
6525,24.07,81.86,2
6526,24.38,74.46,2
6527,19.69,77.20,1
6528,17.27,68.21,1
6529,28.78,71.43,3
6530,27.69,47.31,2
6531,19.25,44.24,1
6532,19.70,76.54,2
6533,30.09,85.44,3
6534,27.99,70.58,3
6535,28.23,63.09,2
6536,24.85,63.87,2
6537,22.11,41.63,2
6538,24.08,67.86,3
6539,15.31,66.10,2
6540,34.13,57.45,2
6541,32.90,45.49,2
6542,20.91,83.21,2
6543,28.16,41.80,1
6544,21.37,86.11,2
6545,24.96,88.00,1
6546,30.10,48.11,1
6547,15.91,75.02,1
6548,34.80,53.67,3
6549,25.18,45.46,3
6550,22.56,60.86,2
6551,32.77,80.30,2
6552,29.89,59.53,1
6553,20.14,73.14,3
6554,21.20,86.88,1
6555,19.48,43.27,2
6556,27.02,65.66,3
6557,17.44,94.58,1
6558,31.52,81.04,1
6559,30.97,85.39,2
6560,21.72,94.34,1
6561,25.90,78.31,1
6562,24.94,89.88,2
6563,19.94,41.56,1
6564,21.24,73.01,2
6565,24.00,58.74,2
6566,15.79,61.66,3
6567,22.30,65.85,1
6568,26.28,45.92,2
6569,32.95,78.44,3
6570,16.40,48.83,2
6571,32.11,52.09,3
6572,17.89,81.33,1
6573,26.37,71.94,2
6574,19.90,50.07,1
6575,31.17,69.12,3
6576,16.97,89.92,1
6577,21.77,93.18,2
6578,23.95,68.78,3
6579,17.91,48.59,3
6580,32.84,63.66,2
6581,29.47,74.82,2
6582,29.14,51.39,1
6583,15.88,40.41,3
6584,33.52,76.56,1
6585,21.91,41.89,1
6586,23.68,87.91,1
6587,32.59,56.65,2
6588,15.03,75.27,1
6589,31.43,88.02,1
6590,19.89,58.57,1
6591,33.22,53.61,2
6592,16.42,47.83,2
6593,30.98,60.19,2
6594,17.19,85.29,3
6595,33.21,78.20,3
6596,22.67,51.81,2
6597,34.66,77.13,3
6598,18.86,59.92,1
6599,27.41,74.00,1
6600,34.16,49.62,1
6601,28.07,63.47,1
6602,34.22,59.76,2
6603,32.43,43.70,3
6604,26.85,46.21,2
6605,21.13,66.45,2
6606,30.05,77.03,2
6607,19.28,68.04,3
6608,24.59,90.94,1
6609,31.19,87.13,1
6610,23.16,84.22,3
6611,16.16,58.16,3
6612,19.31,43.67,1
6613,25.18,91.60,1
6614,26.77,42.28,1
6615,28.48,85.85,3
6616,22.78,78.79,1
6617,21.24,41.74,3
6618,15.00,74.92,1
6619,27.95,64.22,1
6620,33.19,62.09,2
6621,23.63,80.92,2
6622,15.26,64.61,3
6623,23.35,75.33,3
6624,34.21,85.99,1
6625,29.65,61.68,2
6626,22.82,68.02,1
6627,25.81,55.81,3
6628,22.32,65.28,2
6629,31.33,68.64,2
6630,33.00,49.84,3
6631,27.71,90.33,3
6632,27.95,41.06,2
6633,27.08,79.19,3
6634,26.89,90.96,1
6635,21.32,82.03,3
6636,20.25,68.37,3
6637,29.52,58.73,2
6638,25.17,57.82,1
6639,25.51,73.47,2
6640,22.73,66.32,3
6641,16.13,61.61,2
6642,22.55,78.81,2
6643,34.88,72.82,2
6644,34.02,48.60,1
6645,20.14,92.51,1
6646,18.99,71.62,1
6647,33.86,40.04,3
6648,30.32,43.27,1
6649,17.19,65.35,3
6650,31.53,85.40,2
6651,34.50,81.83,3
6652,26.32,64.06,3
6653,32.77,77.76,2
6654,24.43,64.87,3
6655,25.17,65.55,1
6656,34.09,85.01,1
6657,21.87,92.91,1
6658,30.67,48.17,1
6659,18.22,92.91,1
6660,26.28,54.27,1
6661,22.64,58.70,1
6662,24.95,77.45,1
6663,25.42,42.11,2
6664,20.45,63.45,2
6665,29.24,78.98,1
6666,25.48,47.31,3
6667,26.83,44.00,1
6668,22.20,62.61,3
6669,24.64,50.08,2
6670,18.83,44.37,3
6671,18.05,85.01,3
6672,18.90,74.71,3
6673,17.08,59.34,3
6674,22.39,56.35,3
6675,26.30,46.47,3
6676,33.70,93.98,2
6677,27.80,88.76,2
6678,30.88,74.94,3
6679,18.43,80.89,3
6680,20.87,41.25,1
6681,30.88,59.49,3
6682,18.09,56.36,3
6683,28.08,90.87,2
6684,27.04,83.55,2
6685,28.94,43.13,3
6686,30.38,91.78,2
6687,19.88,57.58,3
6688,27.50,70.43,3
6689,32.25,40.30,3
6690,27.99,78.11,3
6691,26.87,67.59,3
6692,27.53,43.40,3
6693,28.61,67.64,2
6694,34.58,83.37,1
6695,30.33,48.63,1
6696,34.19,67.05,1
6697,34.94,49.80,1
6698,24.76,82.00,2
6699,20.25,83.44,3
6700,28.00,88.08,3
6701,24.10,43.21,3
6702,27.86,85.78,1
6703,30.93,82.21,1
6704,28.52,42.11,2
6705,28.41,40.69,1
6706,32.08,85.76,1
6707,25.46,77.88,2
6708,28.25,81.40,3
6709,21.08,79.23,3
6710,18.11,41.11,1
6711,25.92,40.84,3
6712,22.12,60.05,3
6713,16.75,44.21,1
6714,23.74,70.84,2
6715,32.84,48.60,3
6716,15.64,89.68,2
6717,19.69,80.04,2
6718,21.76,72.35,2
6719,33.20,85.04,3
6720,26.08,46.71,1
6721,23.52,46.09,2
6722,32.49,87.79,2
6723,28.22,41.89,1
6724,26.37,89.00,2
6725,20.01,81.34,2
6726,20.62,83.68,2
6727,23.89,67.06,1
6728,20.16,76.14,2
6729,22.58,73.84,1
6730,28.03,48.77,3
6731,26.96,70.29,1
6732,22.56,90.13,2
6733,32.38,45.63,1
6734,16.90,80.87,2
6735,32.89,45.03,3
6736,25.16,60.93,1
6737,20.97,62.52,1
6738,28.32,78.09,3
6739,20.50,43.99,2
6740,19.58,60.72,2
6741,27.27,43.21,3
6742,34.22,84.23,3
6743,30.42,83.44,1
6744,20.18,72.03,3
6745,18.62,43.50,1
6746,26.70,44.85,3
6747,34.33,62.60,1
6748,29.20,44.48,3
6749,33.26,63.68,3
6750,21.69,57.62,3
6751,16.06,64.66,1
6752,25.72,81.57,2
6753,27.80,43.69,1
6754,33.68,67.91,1
6755,25.76,54.98,2
6756,28.86,88.00,2
6757,32.52,72.92,3
6758,31.00,87.77,1
6759,18.85,93.39,1
6760,29.52,81.68,1
6761,29.26,54.19,3
6762,34.46,40.51,3
6763,18.96,44.25,3
6764,33.41,70.69,1
6765,20.37,88.33,2
6766,31.26,88.31,1
6767,21.61,49.83,1
6768,22.78,42.20,3
6769,24.41,70.53,1
6770,26.86,74.93,3
6771,21.56,61.35,2
6772,24.64,66.70,3
6773,29.09,55.35,1
6774,27.90,89.38,3
6775,19.94,66.50,1
6776,24.11,81.84,1
6777,17.01,55.75,2
6778,30.77,41.99,2
6779,15.72,68.79,3
6780,33.04,51.69,1
6781,34.04,93.16,3
6782,17.83,68.21,2
6783,23.18,56.38,1
6784,28.01,88.47,2
6785,20.50,61.99,3
6786,21.35,57.68,1
6787,24.56,44.84,1
6788,33.93,68.34,3
6789,18.38,68.95,1
6790,33.45,42.05,3
6791,15.58,70.55,1
6792,22.09,47.80,3
6793,33.03,79.37,3
6794,18.06,84.73,1
6795,27.14,64.42,1
6796,15.50,50.06,3
6797,21.97,55.32,3
6798,15.28,83.21,3
6799,15.30,50.88,2
6800,19.66,48.13,2
6801,31.78,91.15,2
6802,16.66,91.00,1
6803,27.07,54.70,1
6804,25.91,65.34,2
6805,25.24,45.51,2
6806,33.57,67.70,1
6807,26.52,91.08,3
6808,25.00,76.79,3
6809,21.75,79.42,3
6810,23.71,59.43,1
6811,22.80,94.08,2
6812,28.17,79.39,3
6813,19.89,75.76,1
6814,33.66,86.34,2
6815,17.25,53.10,1
6816,33.10,46.92,1
6817,23.05,76.92,1
6818,22.68,86.97,2
6819,21.23,94.61,1
6820,21.09,44.02,1
6821,24.71,84.42,3
6822,17.11,55.54,1
6823,22.96,67.67,3
6824,33.95,42.27,2
6825,20.46,54.76,1
6826,30.50,43.44,3
6827,20.12,63.28,1
6828,26.52,44.02,2
6829,32.78,78.81,3
6830,26.39,47.54,3
6831,29.03,94.60,1
6832,30.66,41.63,3
6833,17.22,70.71,2
6834,20.95,76.27,1
6835,18.98,57.54,1
6836,34.95,49.46,2
6837,30.04,45.10,3
6838,19.64,57.15,1
6839,17.80,58.65,3
6840,24.96,71.66,2
6841,20.40,71.48,1
6842,33.75,62.45,1
6843,18.15,89.90,1
6844,33.41,62.94,1
6845,28.52,79.33,3
6846,26.05,92.57,1
6847,33.22,58.35,3
6848,26.58,83.94,1
6849,20.20,63.03,2
6850,20.01,52.18,1
6851,28.92,55.68,2
6852,31.16,75.43,3
6853,23.33,48.34,3
6854,29.28,84.10,1
6855,23.90,67.68,2
6856,32.91,77.10,3
6857,29.15,86.34,1
6858,16.37,81.64,1
6859,28.47,46.40,1
6860,30.97,85.82,2
6861,28.83,54.08,3
6862,22.22,60.62,2
6863,21.59,44.52,3
6864,25.85,78.29,2
6865,30.51,49.74,2
6866,33.22,78.60,1
6867,28.60,41.85,1
6868,17.10,60.52,3
6869,23.62,60.54,1
6870,20.89,50.38,1
6871,21.56,82.93,3
6872,28.82,74.98,3
6873,26.17,86.56,2
6874,21.17,66.76,2
6875,19.73,60.40,3
6876,25.06,88.56,1
6877,18.40,46.91,1
6878,18.64,84.77,3
6879,30.47,89.48,2
6880,22.63,46.26,1
6881,32.41,76.39,3
6882,18.84,88.28,1
6883,34.39,67.66,1
6884,32.28,77.59,1
6885,24.94,40.73,3
6886,21.01,54.41,1
6887,34.88,84.31,2
6888,24.25,50.05,2
6889,34.80,93.83,2
6890,19.02,48.15,1
6891,25.88,41.29,3
6892,24.96,47.10,1
6893,32.61,42.48,2
6894,33.91,81.15,3
6895,27.99,75.56,1
6896,31.42,62.58,3
6897,24.51,68.74,1
6898,29.83,44.32,1
6899,20.49,76.13,3
6900,24.99,73.56,3
6901,32.90,83.47,3
6902,17.36,67.18,3
6903,15.11,75.70,2
6904,21.97,59.31,2
6905,19.03,75.70,1
6906,30.70,82.99,2
6907,25.51,41.00,1
6908,34.69,48.62,2
6909,25.14,56.46,2
6910,26.39,77.58,1
6911,25.66,71.76,1
6912,33.87,81.98,1
6913,19.62,83.22,3
6914,19.92,72.49,3
6915,29.05,93.95,1
6916,16.28,87.60,3
6917,33.70,75.53,2
6918,21.57,53.28,2
6919,22.20,81.26,1
6920,22.45,84.35,3
6921,30.51,73.51,2
6922,19.90,41.69,1
6923,31.42,93.64,2
6924,21.02,81.10,1
6925,19.91,76.58,3
6926,32.08,46.52,1
6927,26.80,61.77,1
6928,25.76,69.82,2
6929,31.79,84.35,2
6930,15.67,78.75,1
6931,34.96,81.50,1
6932,23.36,91.68,3
6933,15.08,55.57,1
6934,29.24,82.60,1
6935,23.71,90.67,3
6936,23.97,46.55,2
6937,31.95,77.21,1
6938,18.12,68.53,3
6939,26.88,62.00,3
6940,27.04,73.74,3
6941,32.64,74.41,3
6942,25.93,88.75,3
6943,26.54,47.86,2
6944,16.03,57.33,1
6945,19.21,43.79,1
6946,29.98,41.13,3
6947,19.02,44.94,3
6948,27.81,71.12,1
6949,17.27,60.00,2
6950,25.69,59.17,3
6951,21.57,48.52,3
6952,31.15,79.46,3
6953,17.01,80.49,1
6954,32.94,44.29,3
6955,24.61,45.38,2
6956,18.39,55.13,3
6957,34.68,77.15,1
6958,32.62,66.13,2
6959,18.63,61.92,3
6960,20.84,73.94,1
6961,15.82,49.16,3
6962,31.33,66.89,1
6963,24.95,73.91,1
6964,19.40,84.49,1
6965,24.80,42.16,3
6966,29.41,93.25,3
6967,21.65,79.27,3
6968,24.86,75.08,1
6969,22.51,67.16,1
6970,20.28,56.83,2
6971,24.60,88.56,2
6972,32.35,63.10,2
6973,32.91,53.70,2
6974,25.59,44.31,2
6975,24.76,66.83,3
6976,20.45,86.42,1
6977,25.88,89.70,3
6978,32.98,40.01,2
6979,32.81,63.16,1
6980,33.59,87.45,3
6981,20.73,41.02,1
6982,23.13,84.73,3
6983,24.82,71.58,3
6984,18.46,59.40,1
6985,24.91,68.66,1
6986,19.15,40.41,1
6987,21.39,64.51,1
6988,28.83,76.37,2
6989,33.59,90.18,1
6990,31.71,55.45,3
6991,26.45,89.01,2
6992,26.66,53.80,3
6993,31.30,56.01,3
6994,26.95,90.78,3
6995,21.96,83.12,2
6996,19.74,50.61,1
6997,22.75,59.83,2
6998,32.75,58.08,2
6999,32.95,76.94,2
7000,16.76,63.35,2
7001,32.16,59.05,3
7002,28.57,53.66,2
7003,24.51,44.12,3
7004,27.21,66.91,2
7005,22.75,77.29,2
7006,27.44,40.95,1
7007,16.70,83.02,1
7008,25.10,47.62,3
7009,22.71,65.52,1
7010,27.31,85.88,1
7011,25.25,73.74,2
7012,17.39,64.66,3
7013,33.58,59.44,2
7014,24.03,94.86,2
7015,31.18,85.22,3
7016,31.00,70.79,1
7017,30.07,90.52,2
7018,17.85,40.16,1
7019,21.71,51.06,2
7020,29.78,74.24,3
7021,21.10,71.04,2
7022,23.86,45.26,2
7023,16.46,40.76,2
7024,17.78,58.98,2
7025,23.81,91.89,3
7026,26.69,42.46,2
7027,22.18,65.93,3
7028,19.22,41.30,1
7029,27.72,62.18,3
7030,31.04,42.10,3
7031,31.07,68.67,1
7032,33.13,74.56,2
7033,20.67,60.74,1
7034,16.43,90.18,3
7035,27.15,46.01,1
7036,16.71,82.30,1
7037,29.08,43.32,3
7038,21.67,87.57,1
7039,19.31,70.65,2
7040,21.18,78.44,3
7041,18.60,90.92,2
7042,26.55,87.18,2
7043,18.34,45.94,3
7044,15.00,94.93,3
7045,31.74,47.39,3
7046,29.45,68.70,2
7047,31.70,52.00,1
7048,34.26,41.81,3
7049,21.67,64.66,2
7050,33.35,70.26,2
7051,26.08,80.73,1
7052,29.45,51.09,3
7053,24.11,48.64,3
7054,25.09,46.21,1
7055,27.79,65.64,3
7056,21.04,58.61,2
7057,16.79,78.14,2
7058,17.86,55.92,3
7059,26.82,94.01,2
7060,30.13,94.15,3
7061,29.05,49.91,3
7062,25.29,42.66,3
7063,31.32,60.64,1
7064,16.90,69.17,3
7065,18.82,51.13,2
7066,24.88,69.95,1
7067,33.90,93.64,1
7068,15.78,71.92,3
7069,18.45,54.41,3
7070,21.91,67.25,2
7071,18.40,83.86,3
7072,18.01,90.61,3
7073,15.59,71.29,3
7074,18.53,72.44,1
7075,26.19,69.05,2
7076,15.22,56.02,2
7077,31.80,64.12,1
7078,23.39,80.70,2
7079,23.74,84.05,1
7080,20.92,72.51,1
7081,27.93,77.85,1
7082,17.31,55.26,1
7083,25.04,57.99,1
7084,15.57,58.28,3
7085,22.47,58.69,1
7086,26.74,74.54,3
7087,31.74,45.83,3
7088,16.37,40.37,2
7089,33.76,50.98,2
7090,15.55,91.41,3
7091,18.47,69.50,1
7092,21.06,79.92,1
7093,16.52,53.64,2
7094,31.27,64.98,1
7095,26.02,44.90,3
7096,26.48,61.34,2
7097,25.34,55.31,1
7098,29.48,52.47,3
7099,18.35,92.36,1
7100,15.29,45.80,3
7101,19.39,70.60,1
7102,16.55,71.22,3
7103,22.28,65.63,3
7104,32.98,86.85,2
7105,29.51,81.29,2
7106,30.60,72.57,3
7107,31.37,69.74,3
7108,30.72,66.46,2
7109,28.98,56.13,1
7110,17.91,45.64,2
7111,28.12,59.80,1
7112,27.97,66.87,1
7113,28.59,41.88,3
7114,27.02,91.81,3
7115,30.33,77.25,3
7116,26.03,50.26,2
7117,15.97,85.42,3
7118,18.68,68.47,1
7119,31.15,76.67,2
7120,34.29,72.15,2
7121,30.94,42.82,3
7122,28.80,94.61,2
7123,27.18,47.41,3
7124,17.84,71.84,1
7125,16.26,83.36,3
7126,34.92,73.97,3
7127,31.83,80.75,1
7128,25.47,61.35,3
7129,19.12,51.74,2
7130,15.95,80.72,2
7131,27.96,88.45,2
7132,16.45,45.89,2
7133,23.53,69.14,2
7134,19.56,52.80,1
7135,28.09,44.90,3
7136,21.93,53.94,1
7137,19.83,83.96,1
7138,25.34,90.76,2
7139,16.92,67.17,3
7140,20.96,56.27,2
7141,25.35,94.13,1
7142,24.17,46.82,1
7143,28.55,56.08,1
7144,21.59,66.28,3
7145,32.95,93.12,3
7146,19.34,41.46,2
7147,15.76,86.57,2
7148,21.17,42.70,3
7149,31.70,49.05,1
7150,22.31,50.68,2
7151,26.43,70.98,1
7152,22.21,64.47,3
7153,29.77,74.51,1
7154,32.94,88.42,1
7155,17.98,53.43,1
7156,27.90,52.53,3
7157,17.22,62.80,2
7158,26.19,44.67,1
7159,19.29,45.54,1
7160,30.59,67.67,1
7161,15.81,81.20,3
7162,25.86,57.34,1
7163,23.16,48.39,2
7164,32.41,62.19,1
7165,26.76,48.07,3
7166,25.06,89.63,3
7167,20.03,49.92,1
7168,15.53,86.67,3
7169,25.09,46.90,2
7170,19.46,56.54,2
7171,33.87,75.65,1
7172,16.33,88.45,1
7173,21.85,85.41,2
7174,17.64,88.50,3
7175,31.47,86.47,1
7176,23.11,88.86,2
7177,25.31,72.16,3
7178,25.32,92.59,3
7179,22.06,40.13,1
7180,17.93,86.05,2
7181,33.38,59.89,2
7182,34.79,56.90,2
7183,24.67,49.10,1
7184,20.15,80.97,1
7185,24.23,71.16,2
7186,23.08,45.42,1
7187,33.85,65.25,2
7188,27.18,61.31,2
7189,21.37,91.59,1
7190,32.96,60.32,2
7191,15.66,49.91,3
7192,20.45,49.13,3
7193,16.71,76.03,2
7194,19.61,82.54,1
7195,25.79,93.57,3
7196,21.97,86.65,1
7197,28.65,55.04,2
7198,27.02,44.17,1
7199,21.21,51.99,3
7200,34.81,62.11,3
7201,30.28,40.54,2
7202,33.42,88.18,2
7203,23.40,94.25,3
7204,20.34,73.27,2
7205,27.76,67.40,1
7206,29.16,89.99,3
7207,25.01,89.62,2
7208,18.33,67.87,2
7209,21.10,50.19,2
7210,21.50,78.47,1
7211,33.64,62.88,3
7212,22.28,73.89,3
7213,18.60,85.02,1
7214,28.54,65.44,3
7215,21.86,70.77,3
7216,23.74,91.77,3
7217,23.63,64.63,3
7218,16.24,73.61,2
7219,28.37,50.81,2
7220,27.33,83.15,1
7221,21.68,59.79,1
7222,19.29,74.37,1
7223,33.96,48.34,3
7224,27.35,61.41,1
7225,21.93,54.96,3
7226,19.06,94.43,3
7227,15.86,52.42,2
7228,26.95,86.25,2
7229,30.90,57.58,2
7230,25.78,50.87,1
7231,22.31,72.40,3
7232,21.62,64.76,2
7233,30.19,60.49,1
7234,18.27,63.50,2
7235,24.73,93.37,1
7236,25.21,87.44,2
7237,34.92,52.11,1
7238,33.39,60.39,1
7239,28.39,53.19,1
7240,28.59,79.03,1
7241,29.99,70.95,1
7242,25.91,60.99,2
7243,16.80,73.57,2
7244,33.25,64.31,2
7245,27.47,54.59,3
7246,33.15,60.71,2
7247,18.75,84.44,1
7248,27.15,59.75,1
7249,18.29,47.50,3
7250,20.71,49.66,2
7251,31.99,50.10,2
7252,26.59,64.03,1
7253,31.50,50.61,3
7254,25.19,86.56,2
7255,27.70,40.01,3
7256,25.50,53.08,1
7257,34.56,45.92,2
7258,18.10,40.45,2
7259,22.71,89.99,2
7260,32.88,52.53,2
7261,19.51,71.00,3
7262,18.23,62.50,3
7263,34.01,64.38,3
7264,31.05,81.57,1
7265,34.71,71.48,2
7266,21.94,41.15,1
7267,16.87,44.59,2
7268,24.51,53.15,2
7269,20.94,76.97,2
7270,30.60,91.88,1
7271,26.91,53.92,1
7272,27.09,54.01,3
7273,18.40,71.90,1
7274,31.52,84.10,2
7275,16.43,84.20,3
7276,28.77,84.18,2
7277,30.75,49.75,1
7278,23.18,65.43,2
7279,18.40,79.82,2
7280,34.56,43.53,3
7281,23.80,40.76,1
7282,26.85,94.67,1
7283,28.85,42.95,1
7284,25.41,80.97,2
7285,24.13,80.69,2
7286,19.98,51.97,1
7287,32.07,75.83,2
7288,21.15,44.71,1
7289,24.82,55.16,3
7290,15.21,85.28,3
7291,19.90,78.91,1
7292,18.21,41.28,1
7293,15.16,58.90,1
7294,15.26,86.41,3
7295,22.60,49.94,2
7296,23.15,47.94,1
7297,22.29,55.73,3
7298,32.92,81.75,3
7299,28.01,76.48,3
7300,34.27,85.35,2
7301,29.15,80.83,3
7302,21.39,88.24,1
7303,16.40,94.96,2
7304,29.89,52.57,2
7305,16.70,44.84,1
7306,30.66,47.15,2
7307,21.55,78.47,2
7308,21.50,67.09,3
7309,21.38,88.63,3
7310,24.05,57.87,1
7311,20.86,94.79,1
7312,33.51,76.39,3
7313,19.64,42.36,3
7314,33.81,69.28,3
7315,28.58,76.51,2
7316,31.09,55.58,3
7317,19.76,67.37,3
7318,22.43,87.23,3
7319,23.96,91.74,3
7320,29.16,74.77,1
7321,24.33,79.05,3
7322,23.58,92.68,2
7323,15.65,50.47,1
7324,21.36,51.07,1
7325,21.87,89.40,3
7326,28.40,40.12,1
7327,31.19,55.45,2
7328,34.22,88.81,3
7329,20.03,45.95,2
7330,32.35,50.08,3
7331,20.47,55.11,1
7332,18.62,43.86,3
7333,15.64,48.48,2
7334,26.02,89.70,1
7335,16.34,52.20,3
7336,20.20,92.54,3
7337,34.26,93.32,3
7338,32.40,78.01,2
7339,15.41,53.99,2
7340,34.29,83.60,3
7341,18.76,65.80,2
7342,32.61,76.77,1
7343,32.69,90.79,3
7344,19.69,53.61,2
7345,16.60,83.64,1
7346,22.51,85.95,3
7347,17.83,84.55,3
7348,19.01,56.40,1
7349,21.55,62.01,2
7350,20.52,56.29,3
7351,27.06,93.66,1
7352,27.10,54.69,2
7353,32.93,94.31,1
7354,26.31,78.53,1
7355,18.05,82.35,1
7356,20.13,63.92,1
7357,15.93,45.06,3
7358,23.04,89.44,3
7359,33.16,50.83,3
7360,27.27,77.28,2
7361,31.94,68.49,1
7362,29.25,51.49,1
7363,19.16,49.93,3
7364,20.50,60.66,2
7365,19.15,91.22,1
7366,27.37,52.67,1
7367,24.44,88.26,3
7368,26.14,67.51,2
7369,19.63,65.50,2
7370,18.61,85.29,1
7371,31.41,81.48,3
7372,17.74,88.03,3
7373,22.69,77.27,3
7374,16.98,75.81,3
7375,27.65,45.55,1
7376,15.34,64.09,2
7377,28.18,47.28,1
7378,27.51,44.77,3
7379,26.76,68.12,3
7380,15.03,46.62,1
7381,17.99,84.90,2
7382,15.48,47.59,3
7383,18.44,83.99,2
7384,15.35,83.57,2
7385,28.56,76.90,1
7386,23.65,64.79,1
7387,23.55,51.69,2
7388,25.93,83.11,3
7389,26.34,78.76,3
7390,33.74,85.62,2
7391,24.52,74.81,1
7392,15.28,72.43,1
7393,34.07,46.58,1
7394,15.62,57.60,2
7395,23.99,83.00,1
7396,25.20,49.52,1
7397,30.82,84.46,1
7398,25.73,73.11,2
7399,18.65,45.84,3
7400,26.21,62.57,2
7401,33.07,83.60,2
7402,15.63,44.53,1
7403,33.64,66.87,2
7404,24.57,59.18,2
7405,33.44,78.20,3
7406,25.19,55.22,1
7407,26.52,88.43,2
7408,15.03,84.23,3
7409,30.71,71.64,1
7410,28.81,75.16,2
7411,27.27,90.03,3
7412,32.79,61.66,1
7413,15.01,94.84,3
7414,20.91,49.76,2
7415,27.78,72.39,1
7416,25.04,74.39,1
7417,27.38,65.69,1
7418,15.83,72.92,3
7419,15.69,93.13,2
7420,31.74,69.78,3
7421,29.63,74.87,3
7422,20.31,94.98,2
7423,25.66,89.47,3
7424,31.72,88.66,1
7425,17.65,87.92,2
7426,28.97,69.93,2
7427,21.87,83.64,1
7428,19.71,82.64,3
7429,30.85,44.56,3
7430,33.87,69.56,1
7431,30.28,63.37,2
7432,18.85,87.69,2
7433,26.27,45.96,1
7434,17.23,40.28,1
7435,31.35,53.87,2
7436,28.71,58.64,2
7437,23.08,90.14,1
7438,29.85,50.73,2
7439,22.39,78.53,1
7440,28.38,53.35,2
7441,15.95,69.12,2
7442,28.91,88.88,1
7443,23.96,41.85,3
7444,21.23,68.85,1
7445,18.13,47.00,1
7446,18.81,69.24,3
7447,34.30,84.06,2
7448,30.15,83.63,2
7449,25.44,54.69,2
7450,27.38,85.32,2
7451,19.96,82.58,1
7452,26.90,79.97,3
7453,34.38,81.38,1
7454,18.73,75.65,2
7455,21.99,89.09,3
7456,19.74,90.97,1
7457,29.85,74.68,2
7458,26.63,75.11,1
7459,15.65,47.75,1
7460,22.54,67.49,2
7461,28.86,88.74,3
7462,33.30,45.72,3
7463,17.77,76.52,3
7464,25.97,44.60,1
7465,23.37,43.88,1
7466,29.28,75.37,3
7467,25.14,79.25,3
7468,32.87,59.52,3
7469,16.39,50.88,2
7470,15.22,75.17,1
7471,34.77,40.79,1
7472,16.22,40.37,3
7473,15.16,62.81,3
7474,25.11,54.42,3
7475,29.40,60.44,1
7476,17.51,51.54,2
7477,27.31,88.45,2
7478,31.04,92.28,3
7479,24.90,70.16,2
7480,30.71,50.64,2
7481,27.76,72.70,1
7482,27.76,54.94,1
7483,20.71,94.26,1
7484,28.16,80.43,1
7485,16.24,93.83,2
7486,16.39,46.42,2
7487,27.14,52.52,3
7488,20.20,72.59,3
7489,28.28,82.98,2
7490,16.82,56.98,1
7491,25.54,67.40,3
7492,23.40,46.33,2
7493,16.95,74.38,2
7494,34.01,54.63,2
7495,31.83,93.42,1
7496,27.54,42.62,2
7497,23.52,78.60,3
7498,29.96,87.68,2
7499,17.35,55.92,1
7500,26.87,91.57,3
7501,19.24,55.48,2
7502,28.02,41.01,1
7503,30.07,78.29,3
7504,27.42,90.75,3
7505,17.84,60.63,1
7506,23.26,59.57,1
7507,18.78,71.19,1
7508,26.37,76.97,2
7509,20.46,90.00,1
7510,22.02,82.82,3
7511,24.31,92.25,3
7512,28.21,57.83,1
7513,20.15,48.02,2
7514,25.51,84.85,3
7515,20.29,45.10,2
7516,28.23,80.36,3
7517,17.25,64.80,1
7518,29.49,70.45,1
7519,16.56,64.96,3
7520,16.14,92.82,2
7521,21.54,66.79,2
7522,28.61,86.85,2
7523,30.22,93.32,1
7524,22.60,49.31,1
7525,34.60,50.27,1
7526,33.35,83.08,2
7527,26.87,75.87,2
7528,19.25,52.27,3
7529,17.65,72.33,1
7530,19.63,64.10,1
7531,21.83,60.60,3
7532,29.18,85.66,1
7533,29.63,57.77,1
7534,33.77,77.67,1
7535,27.75,90.45,1
7536,31.71,73.39,2
7537,26.84,74.18,2
7538,34.89,76.41,3
7539,15.35,85.21,1
7540,27.56,78.88,2
7541,34.60,70.36,2
7542,34.58,71.68,3
7543,17.68,89.65,3
7544,27.39,68.94,3
7545,31.25,58.59,2
7546,28.01,44.87,2
7547,28.45,87.58,1
7548,22.22,63.65,2
7549,19.64,63.02,3
7550,16.80,44.90,2
7551,20.22,77.99,2
7552,18.57,80.10,3
7553,29.51,82.68,3
7554,31.73,52.67,3
7555,21.91,81.17,2
7556,24.74,53.19,3
7557,25.04,64.51,2
7558,15.08,74.08,1
7559,22.92,69.73,1
7560,23.74,63.87,3
7561,25.91,71.47,3
7562,17.14,46.09,3
7563,24.05,85.06,3
7564,18.37,59.92,3
7565,23.92,93.80,1
7566,25.51,89.07,3
7567,34.04,61.41,2
7568,32.77,61.66,3
7569,27.65,55.44,2
7570,29.02,59.42,2
7571,16.10,65.57,1
7572,17.91,94.17,3
7573,28.80,59.29,2
7574,17.37,73.65,3
7575,31.56,52.25,2
7576,29.86,54.87,1
7577,23.53,77.67,3
7578,30.16,61.96,3
7579,18.09,58.11,2
7580,16.70,70.58,3
7581,24.08,56.75,1
7582,25.35,42.71,2
7583,31.13,59.87,2
7584,19.79,47.20,1
7585,21.24,93.16,1
7586,21.77,94.53,3
7587,24.24,79.40,2
7588,15.79,48.76,1
7589,32.96,91.94,2
7590,16.06,81.95,1
7591,33.08,67.52,1
7592,26.74,84.14,1
7593,25.85,77.38,3
7594,19.73,41.28,1
7595,32.70,83.52,3
7596,27.75,45.12,1
7597,16.01,93.66,1
7598,32.09,67.24,3
7599,19.62,42.41,1
7600,20.21,68.38,2
7601,20.76,86.80,3
7602,16.43,44.10,2
7603,33.28,71.42,3
7604,23.33,46.67,1
7605,30.45,78.10,1
7606,28.01,89.97,2
7607,29.16,94.41,2
7608,24.60,89.48,2
7609,31.86,42.40,3
7610,26.76,57.06,1
7611,28.01,44.67,1
7612,17.42,58.43,2
7613,22.46,48.79,1
7614,32.40,67.90,2
7615,30.93,62.12,1
7616,32.90,86.73,2
7617,18.50,63.14,1
7618,28.41,65.38,3
7619,34.57,72.69,3
7620,20.94,56.87,2
7621,21.89,59.50,3
7622,31.43,64.98,1
7623,21.43,62.02,3
7624,25.33,69.42,3
7625,28.64,92.85,1
7626,34.42,46.12,3
7627,30.01,53.11,1
7628,21.68,50.80,2
7629,24.06,92.12,2
7630,16.61,58.68,2
7631,19.71,71.70,2
7632,28.97,86.46,2
7633,23.52,86.73,1
7634,30.88,43.34,2
7635,24.84,56.24,1
7636,16.85,69.60,3
7637,32.90,60.33,3
7638,16.86,87.42,3
7639,21.08,73.70,3
7640,17.63,84.02,3
7641,26.33,55.16,3
7642,20.04,40.10,3
7643,25.30,52.81,1
7644,19.61,86.55,1
7645,17.60,80.09,2
7646,21.09,46.88,2
7647,29.59,65.38,2
7648,19.20,47.23,2
7649,28.02,93.08,3
7650,22.02,51.22,2
7651,19.46,81.68,2
7652,22.86,63.38,2
7653,24.00,89.18,1
7654,27.23,70.68,2
7655,28.32,48.34,2
7656,25.57,49.18,2
7657,27.36,77.76,2
7658,19.97,75.44,1
7659,26.87,68.20,3
7660,27.80,72.43,3
7661,26.26,82.66,1
7662,28.39,74.89,3
7663,18.10,76.89,3
7664,22.59,56.33,1
7665,23.64,55.87,3
7666,23.19,62.34,3
7667,15.11,51.58,3
7668,25.26,54.79,1
7669,27.77,84.76,3
7670,17.99,87.69,3
7671,23.86,75.91,1
7672,21.85,55.56,2
7673,30.11,46.17,1
7674,18.16,84.08,2
7675,19.05,62.68,1
7676,19.73,53.14,1
7677,26.34,80.44,3
7678,17.43,85.32,3
7679,28.60,74.05,1
7680,18.58,67.53,2
7681,23.55,50.93,2
7682,31.59,42.75,1
7683,34.84,60.71,3
7684,15.72,53.57,3
7685,24.28,52.38,3
7686,24.96,51.79,3
7687,32.87,71.89,1
7688,27.07,87.61,1
7689,26.68,51.01,1
7690,17.58,90.35,3
7691,34.81,90.00,3
7692,22.25,44.81,3
7693,25.26,58.10,1
7694,32.78,50.05,3
7695,17.03,72.62,2
7696,18.80,51.60,3
7697,17.40,48.92,3
7698,28.27,79.17,2
7699,30.06,74.64,1
7700,16.41,42.79,2
7701,34.70,48.03,1
7702,33.67,82.02,2
7703,31.74,89.46,1
7704,31.38,69.54,3
7705,19.90,91.82,2
7706,18.71,72.54,1
7707,20.91,48.09,2
7708,33.29,90.24,2
7709,16.51,91.82,3
7710,29.99,77.90,3
7711,17.07,51.85,3
7712,20.39,57.70,1
7713,33.51,85.99,2
7714,15.02,60.55,2
7715,30.19,88.64,3
7716,23.34,76.73,2
7717,20.92,55.07,3
7718,28.89,66.91,2
7719,30.95,90.36,1
7720,33.21,75.16,3
7721,34.23,81.34,3
7722,33.30,91.34,1
7723,22.33,66.34,1
7724,29.41,77.41,1
7725,31.97,72.04,2
7726,22.18,59.56,1
7727,32.49,83.31,3
7728,34.66,56.02,1
7729,17.25,65.29,3
7730,18.69,93.96,1
7731,32.39,70.09,3
7732,30.70,90.11,1
7733,27.69,59.76,1
7734,32.23,70.44,1
7735,25.38,56.99,2
7736,16.27,72.81,3
7737,26.26,68.44,2
7738,21.48,40.98,2
7739,29.61,68.17,3
7740,16.57,80.06,2
7741,23.25,52.49,3
7742,31.21,80.67,1
7743,31.69,92.70,1
7744,17.07,79.48,2
7745,26.67,54.97,1
7746,31.57,90.60,3
7747,29.78,69.25,2
7748,25.65,71.89,2
7749,26.77,43.11,1
7750,20.29,78.60,2
7751,19.97,53.17,3
7752,17.38,92.79,2
7753,20.99,47.19,3
7754,15.09,58.19,1
7755,27.54,85.12,2
7756,15.93,89.47,1
7757,30.52,75.50,1
7758,16.22,94.98,2
7759,17.76,68.23,2
7760,21.42,62.81,3
7761,31.29,88.07,2
7762,18.69,73.55,1
7763,21.24,53.79,2
7764,26.89,89.19,3
7765,33.18,89.67,1
7766,23.60,78.14,2
7767,34.68,82.92,1
7768,29.79,83.33,2
7769,15.82,54.63,1
7770,25.98,70.74,1
7771,23.60,53.74,1
7772,32.33,66.41,1
7773,22.33,76.72,2
7774,28.64,68.91,2
7775,27.62,75.71,3
7776,24.57,67.51,2
7777,33.42,91.77,2
7778,15.15,87.11,1
7779,27.36,68.07,1
7780,30.43,45.76,3
7781,25.17,84.91,3
7782,29.33,78.65,1
7783,23.37,85.05,2
7784,24.85,85.53,1
7785,26.33,64.54,1
7786,30.27,53.42,2
7787,30.41,83.67,1
7788,17.54,54.13,1
7789,31.09,89.57,2
7790,25.93,44.53,1
7791,23.95,73.16,2
7792,16.99,59.22,2
7793,23.00,76.92,2
7794,26.14,91.96,3
7795,19.38,62.49,1
7796,21.64,41.04,1
7797,31.58,54.35,2
7798,15.28,86.91,1
7799,30.59,59.46,3
7800,33.38,61.34,1
7801,23.20,73.19,2
7802,30.62,64.11,1
7803,23.82,53.46,1
7804,28.26,75.89,1
7805,34.72,84.78,1
7806,24.06,92.49,2
7807,20.97,58.61,3
7808,30.65,90.45,2
7809,17.63,93.63,1
7810,22.10,51.11,1
7811,33.04,79.16,1
7812,32.96,73.82,2
7813,32.07,85.41,2
7814,22.24,46.76,2
7815,15.97,79.05,3
7816,33.30,92.71,2
7817,28.74,46.19,2
7818,21.24,77.59,2
7819,30.00,50.23,2
7820,18.11,85.17,2
7821,30.93,50.19,3
7822,18.72,43.50,1
7823,18.87,42.12,3
7824,31.89,41.38,3
7825,20.23,90.86,2
7826,32.65,94.23,2
7827,25.56,60.91,1
7828,25.89,78.86,1
7829,28.11,59.52,3
7830,16.82,51.48,3
7831,25.36,60.53,2
7832,29.37,46.97,2
7833,25.16,69.60,2
7834,17.06,50.01,1
7835,24.34,64.69,3
7836,20.93,80.99,1
7837,22.27,81.08,3
7838,27.52,53.11,3
7839,28.89,59.82,2
7840,27.91,66.26,3
7841,30.26,77.94,2
7842,23.44,67.33,2
7843,30.59,90.86,2
7844,29.93,79.48,2
7845,29.88,66.77,1
7846,31.03,63.92,3
7847,23.50,58.59,3
7848,21.01,83.90,2
7849,28.94,51.84,3
7850,17.62,75.12,2
7851,22.39,48.63,3
7852,15.94,41.33,1
7853,31.90,90.98,3
7854,16.95,55.68,3
7855,20.05,43.62,3
7856,27.95,88.63,1
7857,15.78,44.43,2
7858,26.89,89.70,2
7859,22.16,73.52,1
7860,28.98,71.32,2
7861,25.21,68.63,1
7862,17.14,60.18,3
7863,33.23,53.58,1
7864,29.68,64.56,2
7865,19.97,64.04,1
7866,22.42,46.11,2
7867,34.50,93.57,1
7868,29.24,49.45,3
7869,30.80,40.89,2
7870,31.27,76.53,2
7871,18.25,77.47,1
7872,22.69,74.93,3
7873,30.42,94.81,2
7874,22.15,66.11,2
7875,33.56,74.14,2
7876,17.71,70.45,1
7877,18.16,68.51,1
7878,16.27,46.06,3
7879,33.30,43.62,3
7880,18.97,81.74,1
7881,20.00,59.50,3
7882,23.99,75.93,1
7883,30.49,66.01,2
7884,20.18,69.57,1
7885,33.06,70.94,2
7886,23.51,73.66,1
7887,16.08,46.90,1
7888,29.35,49.92,3
7889,17.45,40.89,3
7890,17.28,42.07,3
7891,23.11,50.13,1
7892,15.35,72.23,3
7893,24.69,46.41,1
7894,33.48,46.33,2
7895,17.76,65.19,2
7896,19.56,84.82,2
7897,16.04,79.27,1
7898,21.68,80.01,2
7899,30.10,86.46,3
7900,33.25,69.92,1
7901,34.98,67.46,1
7902,19.73,56.37,2
7903,15.19,87.54,1
7904,21.39,93.30,3
7905,16.85,73.11,3
7906,33.48,79.62,1
7907,32.91,94.71,1
7908,23.70,55.98,2
7909,33.73,66.66,2
7910,29.64,54.18,2
7911,31.92,72.36,3
7912,18.32,60.48,2
7913,28.38,92.30,2
7914,30.27,88.71,3
7915,25.60,45.60,2
7916,23.54,87.81,2
7917,19.31,65.36,3
7918,19.27,61.47,2
7919,17.82,83.33,2
7920,28.99,79.78,2
7921,27.41,90.60,1
7922,22.07,81.58,1
7923,28.71,48.73,3
7924,31.81,91.04,1
7925,29.50,64.49,1
7926,33.96,55.00,1
7927,21.17,55.25,3
7928,27.66,69.77,1
7929,22.38,92.45,2
7930,19.11,90.73,1
7931,27.96,55.71,3
7932,19.83,45.45,2
7933,15.51,94.82,1
7934,18.81,63.58,1
7935,20.98,46.10,3
7936,28.67,85.30,3
7937,19.00,50.20,2
7938,16.71,68.44,2
7939,34.55,40.92,3
7940,17.16,48.36,3
7941,19.26,76.24,3
7942,27.56,83.19,2
7943,18.47,56.47,3
7944,31.05,41.45,3
7945,34.07,88.91,2
7946,29.10,79.11,1
7947,30.70,66.49,2
7948,31.32,72.09,3
7949,30.06,86.94,2
7950,27.16,90.85,1
7951,34.66,85.01,1
7952,31.37,90.52,1
7953,32.60,40.55,1
7954,22.25,56.59,2
7955,15.57,91.14,3
7956,15.79,42.86,2
7957,15.25,51.96,1
7958,30.62,52.83,1
7959,28.84,56.63,3
7960,34.82,76.83,1
7961,17.53,48.93,1
7962,27.16,54.01,3
7963,21.60,70.91,1
7964,18.60,78.81,3
7965,25.32,53.88,2
7966,19.97,78.68,3
7967,29.79,83.06,3
7968,22.03,81.84,3
7969,19.22,86.49,3
7970,18.19,53.15,3
7971,29.42,76.64,1
7972,29.38,79.25,1
7973,34.43,76.32,1
7974,25.86,69.04,2
7975,31.79,53.70,1
7976,26.53,41.02,1
7977,33.08,58.87,2
7978,29.19,48.60,3
7979,33.86,83.93,2
7980,17.22,56.73,1
7981,16.55,54.87,1
7982,15.32,60.70,1
7983,34.78,65.13,3
7984,30.65,44.15,1
7985,18.49,59.47,2
7986,16.56,54.44,2
7987,24.37,56.51,3
7988,32.28,75.56,1
7989,18.00,94.13,2
7990,23.72,44.62,2
7991,34.54,66.49,3
7992,23.92,72.85,3
7993,24.81,46.60,3
7994,25.80,55.39,1
7995,28.13,47.73,1
7996,15.36,76.84,3
7997,32.12,64.17,1
7998,30.95,91.33,2
7999,25.90,65.80,3
8000,24.78,89.69,2
8001,24.31,89.10,1
8002,32.24,71.39,3
8003,22.88,80.12,3
8004,25.80,87.11,2
8005,16.12,76.95,1
8006,24.10,78.40,2
8007,17.98,53.96,1
8008,21.64,41.02,3
8009,30.82,80.30,3
8010,15.14,90.67,2
8011,24.26,68.85,3
8012,24.77,82.63,1
8013,22.84,92.27,3
8014,24.76,79.96,1
8015,21.29,48.83,2
8016,27.49,65.77,1
8017,33.67,45.29,3
8018,32.81,40.89,1
8019,34.34,45.45,2
8020,23.94,88.02,1
8021,24.93,82.23,2
8022,28.62,86.60,3
8023,22.57,68.26,1
8024,34.74,92.21,3
8025,21.84,78.97,3
8026,27.72,42.83,1
8027,26.88,92.76,1
8028,29.93,78.67,3
8029,30.83,77.31,2
8030,34.72,76.25,1
8031,29.97,59.03,1
8032,16.76,83.48,1
8033,25.17,88.94,3
8034,17.87,84.75,2
8035,26.45,92.06,3
8036,29.63,44.21,2
8037,19.50,93.92,3
8038,33.62,48.14,1
8039,30.90,87.43,1
8040,30.55,91.77,3
8041,23.03,92.35,1
8042,28.78,86.58,1
8043,33.20,57.06,1
8044,18.55,68.02,2
8045,28.09,77.36,3
8046,24.43,68.78,2
8047,24.61,74.36,1
8048,15.68,60.84,1
8049,24.29,70.74,1
8050,27.92,64.24,2
8051,21.73,44.83,3
8052,28.25,58.35,3
8053,31.95,58.55,2
8054,23.58,89.47,3
8055,21.90,40.72,2
8056,22.93,61.97,3
8057,23.19,90.29,3
8058,19.40,86.00,3
8059,30.62,79.08,2
8060,22.61,68.85,2
8061,23.33,40.90,3
8062,32.29,77.51,2
8063,25.88,46.01,1
8064,22.24,61.77,1
8065,15.99,44.57,2
8066,33.30,73.23,1
8067,18.80,49.93,3
8068,21.39,60.40,1
8069,28.05,91.21,2
8070,18.82,93.90,3
8071,28.28,41.57,1
8072,21.21,79.24,2
8073,25.90,78.73,1
8074,19.97,51.60,3
8075,19.31,44.66,3
8076,31.14,72.67,3
8077,18.86,93.73,1
8078,17.65,93.15,2
8079,28.93,94.67,3
8080,19.39,53.58,1
8081,15.16,54.14,3
8082,17.16,66.10,3
8083,24.25,58.34,3
8084,27.72,63.61,3
8085,17.84,90.20,2
8086,34.79,85.67,2
8087,24.40,93.95,3
8088,16.84,51.02,1
8089,24.20,84.44,1
8090,16.57,53.27,2
8091,31.56,63.34,3
8092,30.61,74.95,3
8093,20.80,80.70,3
8094,31.65,49.42,3
8095,23.79,73.56,1
8096,16.05,87.62,2
8097,32.83,81.46,1
8098,22.50,68.03,1
8099,20.79,51.34,1
8100,17.54,42.60,1
8101,27.75,77.16,2
8102,25.96,94.74,2
8103,18.99,69.60,1
8104,23.56,63.04,1
8105,17.87,72.55,2
8106,24.44,65.33,3
8107,33.46,64.99,2
8108,16.46,64.74,3
8109,16.98,69.86,1
8110,25.32,70.99,2
8111,34.56,94.90,2
8112,27.20,61.62,2
8113,25.40,94.61,3
8114,29.19,74.76,1
8115,16.32,91.73,1
8116,31.06,71.76,3
8117,27.01,50.97,3
8118,18.86,47.12,3
8119,17.25,91.04,3
8120,16.49,90.26,2
8121,34.46,42.42,1
8122,27.82,78.75,1
8123,24.26,77.35,3
8124,29.39,70.43,1
8125,34.67,44.44,1
8126,29.37,63.17,2
8127,34.01,50.61,2
8128,25.42,47.27,3
8129,21.97,64.81,1
8130,33.68,87.13,3
8131,32.74,71.71,3
8132,15.73,79.20,1
8133,23.94,41.96,3
8134,15.48,89.89,1
8135,20.39,82.42,2
8136,23.04,81.45,1
8137,20.93,81.73,2
8138,27.76,61.97,2
8139,28.16,56.10,3
8140,33.23,78.72,3
8141,33.89,66.65,1
8142,17.90,80.42,3
8143,23.84,60.22,1
8144,34.30,72.59,1
8145,27.98,90.15,1
8146,25.79,53.81,1
8147,26.32,89.05,2
8148,17.80,61.20,3
8149,28.48,54.86,3
8150,29.06,73.16,1
8151,34.38,57.04,2
8152,24.08,60.88,2
8153,23.37,40.74,2
8154,34.87,67.90,1
8155,33.98,52.66,3
8156,18.78,40.85,2
8157,18.40,70.24,3
8158,34.52,84.58,2
8159,18.93,55.02,2
8160,31.59,85.32,2
8161,20.56,47.64,2
8162,16.01,74.85,2
8163,24.35,74.95,2
8164,32.87,82.03,3
8165,15.92,59.67,3
8166,24.33,59.37,1
8167,32.63,89.18,2
8168,28.32,88.52,1
8169,25.62,72.54,3
8170,33.90,65.75,3
8171,30.25,63.92,3
8172,27.42,61.69,1
8173,25.50,62.71,1
8174,18.56,68.80,3
8175,16.69,83.76,2
8176,23.39,46.74,3
8177,34.91,44.34,1
8178,34.68,92.70,3
8179,15.70,85.55,2
8180,34.25,41.12,2
8181,15.03,50.62,1
8182,15.07,62.43,1
8183,20.53,67.05,3
8184,22.56,79.93,1
8185,18.28,90.91,1
8186,17.89,62.09,1
8187,17.90,62.78,2
8188,25.06,45.82,3
8189,24.70,71.73,3
8190,32.51,70.06,3
8191,17.07,56.76,2
8192,18.24,74.48,1
8193,27.87,75.43,3
8194,32.83,73.16,2
8195,19.11,85.12,3
8196,30.45,61.64,2
8197,23.46,67.41,2
8198,31.93,57.44,2
8199,25.07,40.68,2
8200,17.71,76.46,2
8201,24.37,58.94,2
8202,34.58,65.61,1
8203,31.91,63.21,1
8204,15.68,65.77,1
8205,18.81,84.76,3
8206,15.80,79.32,2
8207,28.87,75.29,1
8208,19.96,92.59,3
8209,31.78,69.62,3
8210,30.49,78.11,1
8211,22.54,46.14,2
8212,31.84,74.39,2
8213,31.69,57.58,3
8214,29.74,42.93,2
8215,18.88,45.71,3
8216,31.56,53.54,2
8217,31.65,42.27,3
8218,25.02,75.79,2
8219,34.23,42.90,2
8220,18.53,89.76,1
8221,30.88,68.52,1
8222,34.14,54.68,2
8223,33.79,73.19,1
8224,22.71,66.16,1
8225,32.85,62.35,3
8226,26.71,48.80,1
8227,20.40,40.04,2
8228,31.36,71.20,1
8229,24.44,57.36,2
8230,30.44,70.43,1
8231,26.95,89.72,2
8232,22.11,84.66,2
8233,18.09,66.98,1
8234,16.07,42.85,3
8235,30.77,46.92,3
8236,34.92,64.06,3
8237,32.33,53.67,2
8238,26.77,66.56,1
8239,22.56,86.80,1
8240,30.05,54.36,2
8241,32.53,79.34,1
8242,27.56,47.28,2
8243,21.07,47.70,2
8244,31.49,42.28,1
8245,24.51,82.23,2
8246,29.43,40.52,3
8247,25.41,91.92,1
8248,22.70,75.72,1
8249,15.90,92.74,2
8250,31.47,71.14,1
8251,31.61,82.53,3
8252,19.79,40.15,2
8253,17.05,87.24,3
8254,32.48,77.39,2
8255,31.61,49.45,1
8256,29.05,73.90,2
8257,24.70,43.52,1
8258,19.31,50.48,1
8259,33.53,74.66,2
8260,21.10,92.16,1
8261,21.43,62.27,1
8262,34.72,82.53,1
8263,22.50,68.20,2
8264,28.95,81.63,2
8265,15.97,94.16,3
8266,23.68,88.10,3
8267,17.61,48.42,2
8268,24.60,82.81,3
8269,28.38,46.84,2
8270,32.40,50.88,1
8271,19.96,58.66,3
8272,29.73,72.07,1
8273,27.20,56.97,3
8274,27.32,57.79,1
8275,27.82,80.68,3
8276,25.93,46.40,3
8277,32.11,54.05,2
8278,20.28,62.03,2
8279,21.01,55.93,3
8280,33.60,47.42,2
8281,29.17,94.20,3
8282,34.81,55.88,1
8283,21.58,73.00,2
8284,20.52,59.89,2
8285,24.21,83.36,1
8286,24.01,70.46,1
8287,25.49,77.90,2
8288,22.94,58.87,1
8289,18.06,86.90,2
8290,18.43,71.90,3
8291,22.44,90.15,2
8292,34.42,85.58,1
8293,16.28,58.71,1
8294,29.22,67.45,1
8295,24.01,88.80,3
8296,30.06,81.56,2
8297,25.04,48.52,3
8298,28.88,71.73,2
8299,15.52,63.08,2
8300,34.35,87.79,2
8301,24.16,77.24,1
8302,21.24,78.73,1
8303,25.02,46.12,1
8304,15.58,93.35,3
8305,18.55,55.86,2
8306,29.61,58.42,3
8307,23.39,71.68,1
8308,26.16,40.60,1
8309,30.49,65.48,2
8310,16.07,46.17,1
8311,24.85,64.97,2
8312,30.75,54.29,2
8313,23.01,62.04,1
8314,30.24,89.75,2
8315,17.13,88.06,3
8316,25.50,43.98,1
8317,19.38,62.98,2
8318,18.83,64.76,2
8319,30.07,50.66,1
8320,16.37,75.16,2
8321,16.64,49.01,1
8322,16.68,48.08,2
8323,26.22,40.24,3
8324,24.31,81.61,2
8325,29.94,50.52,2
8326,27.38,88.70,1
8327,31.36,67.38,1
8328,24.53,40.10,1
8329,27.73,42.01,1
8330,33.26,54.56,3
8331,19.51,62.09,1
8332,26.87,83.75,1
8333,22.58,43.88,3
8334,21.37,84.11,3
8335,32.68,78.12,2
8336,17.18,80.64,1
8337,30.46,93.90,2
8338,19.65,40.73,3
8339,21.10,63.35,1
8340,28.21,78.13,2
8341,28.41,66.75,1
8342,22.15,53.60,1
8343,18.58,46.33,2
8344,20.82,81.70,2
8345,19.84,46.48,3
8346,23.65,85.28,2
8347,15.99,93.78,2
8348,18.98,86.80,1
8349,26.24,79.23,2
8350,32.13,43.96,2
8351,32.85,79.98,2
8352,31.40,70.76,3
8353,15.11,81.57,2
8354,31.17,65.57,1
8355,26.28,63.06,1
8356,26.30,92.30,1
8357,29.46,94.01,3
8358,16.24,87.73,1
8359,20.73,93.29,2
8360,26.57,69.34,1
8361,34.71,84.30,3
8362,24.12,88.15,2
8363,26.53,55.26,2
8364,28.84,71.83,1
8365,15.34,92.45,1
8366,28.47,58.29,1
8367,33.77,93.83,2
8368,26.49,74.68,3
8369,30.34,82.99,3
8370,22.59,71.69,1
8371,17.07,77.17,3
8372,28.49,40.12,2
8373,15.28,59.37,1
8374,21.20,41.73,3
8375,16.37,59.10,3
8376,22.55,86.05,3
8377,33.61,55.48,1
8378,31.13,75.95,1
8379,15.05,76.76,1
8380,26.10,44.07,2
8381,30.83,61.60,1
8382,24.96,52.12,2
8383,18.98,84.04,2
8384,29.51,42.64,3
8385,34.83,57.70,3
8386,33.03,44.15,1
8387,17.54,91.34,2
8388,27.80,86.38,1
8389,16.05,60.18,1
8390,23.41,84.65,3
8391,23.56,47.42,3
8392,18.65,91.44,3
8393,22.40,53.78,1
8394,30.63,62.06,1
8395,16.46,57.68,2
8396,34.90,77.06,2
8397,29.35,70.17,1
8398,27.09,84.40,3
8399,30.64,87.97,2
8400,18.38,89.03,1
8401,32.36,91.45,1
8402,19.74,67.07,3
8403,28.47,71.62,2
8404,32.59,79.07,3
8405,27.39,45.25,1
8406,23.41,63.06,3
8407,18.08,90.95,3
8408,16.74,48.60,3
8409,34.78,79.21,3
8410,20.17,54.02,2
8411,22.04,59.23,1
8412,24.92,92.18,3
8413,22.23,86.32,1
8414,18.82,68.61,2
8415,32.92,90.72,2
8416,31.34,50.71,3
8417,17.60,68.15,2
8418,18.06,75.62,2
8419,15.06,78.53,2
8420,27.45,89.90,2
8421,25.22,48.96,2
8422,33.67,54.36,1
8423,28.35,67.39,1
8424,31.25,79.43,1
8425,25.97,56.44,2
8426,28.59,45.72,1
8427,17.66,52.63,3
8428,23.99,77.17,2
8429,16.53,50.77,3
8430,29.87,54.26,3
8431,32.00,70.87,2
8432,17.75,53.24,2
8433,21.03,61.05,1
8434,22.84,89.87,1
8435,15.21,75.53,2
8436,33.42,57.05,3
8437,22.63,68.88,3
8438,17.73,56.28,1
8439,28.73,53.50,1
8440,23.81,93.24,2
8441,27.39,52.58,1
8442,15.72,71.81,2
8443,18.84,70.30,1
8444,21.18,67.90,1
8445,30.58,91.88,2
8446,22.68,50.38,2
8447,20.05,42.99,2
8448,20.23,69.81,2
8449,33.90,58.43,1
8450,28.00,61.61,1
8451,24.31,41.86,3
8452,26.45,45.12,2
8453,20.06,91.99,3
8454,27.74,80.30,3
8455,24.07,44.82,3
8456,33.32,63.66,3
8457,25.00,78.50,3
8458,17.62,75.66,3
8459,23.81,48.00,1
8460,26.25,93.31,3
8461,32.13,72.92,3
8462,33.36,56.79,1
8463,22.06,64.14,2
8464,25.49,69.19,2
8465,25.21,87.82,1
8466,27.92,67.37,2
8467,33.60,65.16,1
8468,23.59,68.88,1
8469,28.95,51.74,2
8470,26.17,47.36,3
8471,28.95,49.97,2
8472,17.14,43.35,3
8473,17.36,89.62,3
8474,27.35,52.25,2
8475,21.70,69.85,2
8476,31.74,42.95,2
8477,18.79,46.92,3
8478,20.69,51.81,3
8479,32.57,73.75,1
8480,22.45,73.66,1
8481,30.97,52.56,2
8482,17.35,94.66,2
8483,21.68,69.74,1
8484,25.30,69.96,2
8485,21.22,88.37,1
8486,26.71,66.34,1
8487,26.20,49.09,2
8488,20.90,54.76,2
8489,20.03,61.27,2
8490,34.63,76.65,1
8491,28.36,76.34,2
8492,25.96,48.67,1
8493,31.81,79.25,2
8494,19.20,64.34,2
8495,30.53,82.15,2
8496,17.20,46.98,1
8497,34.49,92.50,3
8498,18.53,88.62,3
8499,19.62,94.10,1
8500,21.32,58.21,3
8501,21.01,94.57,1
8502,26.35,89.28,1
8503,18.45,70.17,3
8504,29.24,42.17,3
8505,18.52,79.68,2
8506,21.89,58.45,3
8507,18.04,65.65,3
8508,29.59,72.86,2
8509,30.58,69.05,3
8510,24.82,43.97,2
8511,21.69,69.92,3
8512,34.66,79.05,2
8513,19.59,54.41,1
8514,32.54,94.58,3
8515,28.42,82.59,2
8516,29.25,65.81,2
8517,29.53,89.88,3
8518,32.97,92.23,2
8519,22.73,47.15,1
8520,18.30,42.98,1
8521,27.04,92.30,2
8522,34.39,63.74,1
8523,33.38,64.09,2
8524,28.65,44.90,3
8525,32.90,61.93,3
8526,34.82,82.75,3
8527,23.86,64.80,3
8528,22.93,55.08,3
8529,23.69,89.34,1
8530,29.50,86.54,2
8531,22.16,44.64,1
8532,27.55,63.32,1
8533,34.02,52.68,2
8534,30.33,88.38,2
8535,24.79,44.58,3
8536,31.80,82.99,3
8537,15.56,49.53,3
8538,15.58,92.33,2
8539,25.95,51.47,2
8540,32.73,87.66,2
8541,19.04,47.02,1
8542,15.92,61.11,1
8543,30.49,71.60,3
8544,25.82,86.40,2
8545,27.52,91.44,3
8546,32.36,86.93,2
8547,24.02,94.01,3
8548,26.24,55.79,2
8549,33.59,49.56,2
8550,21.70,81.02,3
8551,16.24,78.67,2
8552,29.08,55.45,2
8553,32.74,63.55,3
8554,17.08,59.48,3
8555,19.49,54.60,1
8556,33.74,90.00,1
8557,27.63,75.42,3
8558,31.79,93.52,3
8559,15.47,82.13,2
8560,29.15,89.56,1
8561,33.38,91.13,2
8562,26.04,49.29,2
8563,27.38,81.93,1
8564,27.00,47.99,2
8565,17.75,60.79,2
8566,16.58,92.50,2
8567,23.11,90.49,2
8568,23.88,61.68,2
8569,19.08,91.76,3
8570,31.86,41.07,3
8571,16.14,84.10,3
8572,27.36,93.11,3
8573,20.86,52.86,3
8574,29.05,64.74,3
8575,34.17,78.39,3
8576,15.92,60.31,1
8577,15.23,43.32,2
8578,16.34,58.90,2
8579,30.15,46.51,1
8580,22.21,84.97,2
8581,22.28,54.13,3
8582,21.36,59.22,1
8583,23.97,70.57,2
8584,31.26,73.94,1
8585,17.76,53.30,2
8586,17.59,88.90,3
8587,24.53,60.64,3
8588,31.19,62.27,3
8589,31.41,44.58,2
8590,19.94,80.44,2
8591,19.51,86.91,1
8592,29.88,72.58,1
8593,23.57,48.05,1
8594,29.32,64.86,1
8595,26.17,45.90,2
8596,34.01,70.11,3
8597,25.09,56.81,1
8598,19.42,63.14,3
8599,17.43,74.06,1
8600,25.77,79.47,3
8601,33.27,62.69,3
8602,30.13,46.66,3
8603,20.74,77.02,1
8604,27.62,44.36,1
8605,20.43,51.91,2
8606,31.62,60.34,3
8607,27.50,67.75,1
8608,22.27,78.24,1
8609,22.15,68.60,3
8610,18.12,46.27,3
8611,29.29,61.00,3
8612,32.02,73.85,1
8613,23.86,55.37,2
8614,20.21,48.21,2
8615,16.50,90.89,2
8616,31.82,44.11,2
8617,32.03,63.77,3
8618,21.26,93.06,3
8619,18.78,83.15,1
8620,22.82,82.34,2
8621,29.30,79.65,1
8622,23.47,91.32,1
8623,28.76,47.16,2
8624,16.49,40.32,2
8625,25.09,82.45,1
8626,20.29,65.39,2
8627,16.99,58.68,1
8628,28.70,61.58,2
8629,23.74,51.00,3
8630,27.69,92.72,2
8631,15.64,43.07,2
8632,27.21,92.75,3
8633,30.02,58.15,3
8634,17.56,88.97,2
8635,28.83,55.88,2
8636,26.72,65.94,2
8637,18.58,61.03,2
8638,31.75,58.74,3
8639,17.42,90.99,3
8640,32.96,44.74,1
8641,19.31,49.22,2
8642,21.35,82.44,2
8643,18.18,84.24,1
8644,20.00,92.02,3
8645,22.26,68.47,2
8646,27.45,52.47,2
8647,23.54,91.51,3
8648,26.61,40.34,2
8649,25.03,65.72,1
8650,15.37,56.34,3
8651,23.63,68.62,1
8652,21.93,68.26,1
8653,27.73,58.89,3
8654,26.20,65.64,1
8655,20.50,57.66,3
8656,27.98,62.49,3
8657,21.80,84.21,2
8658,24.00,49.54,1
8659,19.23,84.42,1
8660,30.37,70.55,3
8661,16.70,94.77,3
8662,26.82,51.20,2
8663,29.64,69.03,1
8664,30.79,45.59,3
8665,22.19,76.15,2
8666,22.35,51.34,3
8667,17.46,44.66,2
8668,27.73,65.25,3
8669,18.11,74.93,1
8670,33.69,47.65,3
8671,19.25,93.41,2
8672,18.60,51.46,1
8673,32.48,73.78,1
8674,23.68,71.18,2
8675,30.83,75.24,1
8676,32.82,66.66,3
8677,18.42,93.68,3
8678,33.47,94.31,1
8679,22.79,48.28,1
8680,27.09,92.62,2
8681,34.69,76.66,3
8682,17.40,92.60,3
8683,17.92,89.12,2
8684,33.11,60.53,2
8685,25.59,66.20,2
8686,19.57,66.20,1
8687,19.29,40.49,2
8688,28.61,87.02,1
8689,27.96,85.67,3
8690,23.47,67.91,1
8691,24.55,41.93,2
8692,30.38,82.21,2
8693,30.22,56.54,3
8694,17.67,91.37,1
8695,21.34,89.06,3
8696,16.24,42.20,2
8697,19.09,83.85,2
8698,34.23,88.74,1
8699,33.05,64.63,3
8700,33.77,92.94,2
8701,27.19,77.24,3
8702,15.07,75.47,2
8703,31.56,73.55,1
8704,27.18,42.29,3
8705,15.04,66.90,1
8706,23.35,67.75,1
8707,34.98,57.13,3
8708,31.35,60.47,1
8709,33.22,45.87,1
8710,20.05,42.90,1
8711,15.34,66.84,3
8712,24.26,64.13,2
8713,33.83,86.62,3
8714,18.37,47.13,1
8715,22.43,84.72,2
8716,19.91,89.07,1
8717,17.33,57.77,1
8718,23.66,71.69,1
8719,16.19,63.92,2
8720,18.73,82.30,1
8721,25.24,48.99,3
8722,15.04,82.69,1
8723,34.46,75.34,2
8724,34.15,73.67,1
8725,15.33,49.98,1
8726,32.89,48.34,2
8727,30.57,90.60,2
8728,15.04,78.48,3
8729,26.25,81.49,2
8730,32.34,50.54,2
8731,17.33,68.83,3
8732,26.97,60.89,1
8733,23.39,43.92,1
8734,31.60,71.31,2
8735,24.60,65.14,2
8736,31.89,67.96,3
8737,29.51,62.08,1
8738,17.99,80.12,2
8739,27.36,64.30,1
8740,28.19,79.44,1
8741,34.14,71.21,3
8742,22.66,76.58,1
8743,19.07,74.23,2
8744,30.39,44.98,3
8745,21.48,72.50,1
8746,21.58,94.82,2
8747,32.51,93.15,1
8748,18.73,53.64,1
8749,33.08,60.89,1
8750,19.66,53.98,1
8751,18.51,72.00,3
8752,34.65,41.92,2
8753,27.71,77.17,3
8754,27.76,51.58,2
8755,15.57,78.35,1
8756,23.67,44.89,2
8757,23.63,77.60,1
8758,34.71,51.40,2
8759,23.47,66.19,2
8760,25.37,87.71,3
8761,34.91,42.11,3
8762,23.10,69.81,3
8763,21.07,63.37,1
8764,15.33,59.70,3
8765,20.95,84.58,1
8766,27.08,93.65,1
8767,29.67,72.79,3
8768,25.62,71.20,1
8769,33.12,82.99,3
8770,28.23,86.04,1
8771,20.18,49.98,1
8772,22.42,48.79,3
8773,17.31,90.08,2
8774,16.61,42.12,2
8775,34.73,64.09,2
8776,26.82,55.71,1
8777,18.40,75.28,2
8778,15.25,51.16,2
8779,23.75,92.85,2
8780,26.77,76.05,2
8781,16.69,49.23,1
8782,31.08,93.66,1
8783,23.02,61.82,3
8784,30.40,70.26,3
8785,22.45,93.36,1
8786,26.11,88.27,3
8787,23.79,49.77,2
8788,27.51,91.95,3
8789,33.29,83.47,1
8790,20.17,90.30,2
8791,30.14,87.88,3
8792,21.62,70.50,3
8793,23.76,45.58,2
8794,16.74,77.81,3
8795,25.70,52.55,1
8796,29.95,51.94,3
8797,18.88,78.93,1
8798,33.00,56.62,1
8799,32.04,68.43,2
8800,26.45,69.96,1
8801,31.53,40.86,2
8802,34.61,40.72,1
8803,19.30,49.60,2
8804,21.94,50.89,2
8805,31.73,57.22,1
8806,28.86,54.48,1
8807,17.93,40.26,1
8808,34.68,81.67,3
8809,22.95,48.29,1
8810,25.82,77.43,2
8811,26.62,73.84,2
8812,34.66,78.93,2
8813,26.55,93.53,1
8814,27.72,69.12,2
8815,27.32,49.41,2
8816,31.20,81.81,1
8817,24.53,67.38,1
8818,25.62,92.80,1
8819,24.85,90.47,1
8820,24.81,94.32,2
8821,32.91,70.06,3
8822,24.24,78.84,1
8823,23.97,54.53,1
8824,34.88,67.39,3
8825,16.79,84.95,1
8826,31.08,48.49,1
8827,21.97,67.07,1
8828,23.01,85.26,1
8829,32.01,46.12,3
8830,22.39,43.53,1
8831,27.09,71.47,2
8832,28.46,93.65,1
8833,23.05,46.39,1
8834,23.52,43.35,2
8835,25.69,63.61,3
8836,20.74,41.40,2
8837,33.24,42.77,3
8838,31.79,51.83,1
8839,23.15,50.22,1
8840,25.76,60.59,2
8841,24.57,85.71,2
8842,24.52,75.01,2
8843,18.65,66.40,1
8844,24.70,73.43,2
8845,24.23,63.27,1
8846,32.24,93.89,2
8847,16.52,87.76,2
8848,17.88,79.25,3
8849,32.06,43.74,3
8850,17.13,79.28,3
8851,17.44,77.68,3
8852,22.07,84.24,2
8853,25.71,44.62,1
8854,26.05,63.76,3
8855,18.91,57.93,3
8856,20.46,45.08,2
8857,17.26,91.42,1
8858,17.29,72.79,3
8859,24.44,55.46,3
8860,25.42,60.19,3
8861,19.54,88.83,3
8862,20.96,76.96,2
8863,23.87,73.30,3
8864,24.99,65.43,1
8865,15.83,54.02,2
8866,27.54,47.56,3
8867,15.72,87.49,3
8868,20.57,66.78,2
8869,28.47,88.37,2
8870,32.33,56.03,1
8871,30.43,81.41,2
8872,17.49,44.67,2
8873,25.20,54.63,1
8874,19.05,81.12,2
8875,18.43,48.51,2
8876,19.83,94.09,1
8877,26.51,87.96,1
8878,16.74,59.95,1
8879,25.53,49.32,1
8880,25.54,50.40,3
8881,23.67,57.70,2
8882,18.54,51.93,1
8883,34.04,59.30,3
8884,19.97,60.27,1
8885,18.03,92.54,1
8886,19.14,84.41,1
8887,20.82,53.29,2
8888,16.72,77.18,3
8889,34.39,70.97,3
8890,22.56,63.17,2
8891,28.10,42.61,1
8892,21.48,93.85,3
8893,26.44,93.96,2
8894,22.75,85.76,3
8895,30.24,90.97,3
8896,15.60,56.01,2
8897,28.22,86.33,1
8898,29.75,77.88,2
8899,24.30,62.59,3
8900,21.06,76.33,3
8901,30.08,69.46,2
8902,30.10,51.41,3
8903,18.61,46.43,2
8904,31.49,53.95,2
8905,28.86,56.71,3
8906,29.27,40.92,1
8907,34.14,73.78,2
8908,20.20,61.04,1
8909,20.42,85.73,1
8910,26.92,72.05,2
8911,29.69,74.73,2
8912,15.69,64.02,1
8913,29.27,74.22,2
8914,23.02,71.34,2
8915,18.87,85.59,2
8916,33.46,80.10,3
8917,23.23,51.03,1
8918,34.25,69.78,2
8919,25.33,90.98,3
8920,27.11,91.75,2
8921,27.80,74.05,1
8922,17.52,83.09,3
8923,30.87,86.67,3
8924,26.47,40.48,3
8925,18.03,68.23,1
8926,26.75,66.60,2
8927,18.76,69.00,2
8928,26.34,74.10,2
8929,34.23,56.38,1
8930,23.78,54.17,3
8931,17.30,65.39,2
8932,21.90,54.09,1
8933,21.26,63.07,1
8934,31.17,65.51,3
8935,15.28,89.46,3
8936,34.31,66.95,3
8937,21.79,54.31,2
8938,18.92,74.27,2
8939,24.03,74.76,1
8940,26.51,88.80,3
8941,30.63,92.33,3
8942,28.36,55.61,1
8943,25.23,76.55,1
8944,31.67,82.52,2
8945,33.36,71.64,2
8946,24.93,91.81,1
8947,18.78,90.21,3
8948,31.25,78.20,3
8949,30.77,48.96,1
8950,25.11,71.93,1
8951,26.17,65.73,2
8952,21.19,43.05,3
8953,24.11,80.46,1
8954,19.12,45.79,3
8955,23.83,47.40,3
8956,30.89,67.92,2
8957,18.33,66.64,3
8958,27.31,73.41,1
8959,33.78,47.80,2
8960,32.22,81.59,1
8961,25.01,59.02,3
8962,34.39,87.13,2
8963,17.71,48.10,3
8964,19.57,65.26,3
8965,28.57,93.00,2
8966,29.50,93.87,2
8967,34.84,51.93,1
8968,24.99,58.26,3
8969,16.88,47.20,1
8970,22.36,89.63,3
8971,24.01,60.04,2
8972,23.86,51.03,3
8973,20.22,76.69,3
8974,22.86,67.74,2
8975,15.36,51.20,2
8976,23.42,80.67,3
8977,24.23,88.49,3
8978,16.97,40.53,1
8979,25.27,64.73,3
8980,33.15,82.01,2
8981,31.34,41.21,2
8982,19.69,76.46,3
8983,29.29,40.76,3
8984,19.28,89.71,3
8985,29.09,88.04,2
8986,18.04,46.18,3
8987,27.54,94.64,1
8988,30.77,47.86,2
8989,32.69,69.58,1
8990,22.14,74.86,1
8991,26.56,50.71,1
8992,15.33,90.11,2
8993,34.38,41.76,2
8994,23.43,72.38,3
8995,30.44,65.73,1
8996,20.88,94.29,3
8997,23.38,71.00,1
8998,24.28,86.89,3
8999,23.51,94.53,3
9000,26.55,59.16,3
9001,25.01,65.97,3
9002,21.70,62.47,3
9003,20.65,83.46,3
9004,18.73,70.80,3
9005,18.05,80.52,3
9006,25.34,67.22,2
9007,28.37,88.64,2
9008,24.58,49.12,3
9009,29.68,50.57,1
9010,18.95,57.96,2
9011,23.69,42.20,1
9012,15.77,64.62,2
9013,20.25,79.43,3
9014,24.49,93.34,3
9015,26.28,89.16,3
9016,25.03,73.83,1
9017,21.49,47.09,3
9018,28.53,43.85,2
9019,33.23,56.11,2
9020,19.53,74.76,1
9021,25.09,67.88,3
9022,25.31,41.44,3
9023,28.08,41.81,3
9024,17.05,79.00,2
9025,25.24,65.44,1
9026,33.46,65.74,1
9027,26.67,67.49,3
9028,28.66,69.47,1
9029,20.60,57.27,2
9030,28.57,89.04,1
9031,33.61,79.00,1
9032,19.91,58.06,3
9033,29.25,88.78,2
9034,20.07,77.47,2
9035,34.38,91.61,2
9036,30.30,51.24,3
9037,29.05,56.80,2
9038,21.80,51.43,2
9039,29.67,40.70,1
9040,21.33,44.65,3
9041,17.40,89.65,2
9042,16.24,84.89,2
9043,27.80,87.77,1
9044,27.50,54.31,1
9045,30.84,72.70,3
9046,31.79,61.43,2
9047,29.10,79.12,1
9048,17.80,81.20,1
9049,22.74,72.28,2
9050,19.37,75.98,2
9051,31.60,71.31,1
9052,25.75,75.05,3
9053,25.38,93.75,2
9054,26.12,74.02,3
9055,31.61,76.51,1
9056,18.18,74.79,1
9057,27.95,53.70,2
9058,15.82,75.89,3
9059,22.30,67.44,2
9060,32.17,43.95,3
9061,32.39,54.74,2
9062,30.08,44.71,2
9063,34.37,76.51,3
9064,31.75,52.32,1
9065,34.91,71.94,1
9066,27.81,77.47,3
9067,30.27,87.34,2
9068,31.54,49.05,1
9069,16.32,84.17,1
9070,26.71,60.17,2
9071,17.77,65.63,3
9072,23.11,78.07,2
9073,25.11,40.88,1
9074,22.57,68.95,2
9075,21.60,67.13,1
9076,27.03,90.92,1
9077,32.88,89.75,1
9078,15.78,58.21,3
9079,18.43,67.27,1
9080,19.14,64.09,3
9081,19.88,79.45,1
9082,32.23,59.32,3
9083,25.53,56.74,3
9084,17.87,74.08,3
9085,31.11,77.08,1
9086,20.59,55.42,2
9087,18.36,83.55,1
9088,25.19,63.58,3
9089,24.15,75.97,2
9090,23.12,91.19,2
9091,23.93,90.33,3
9092,23.30,75.61,2
9093,19.71,67.44,2
9094,19.69,52.65,1
9095,17.58,87.03,2
9096,16.71,86.32,2
9097,21.04,47.89,1
9098,15.68,81.02,1
9099,29.82,70.09,3
9100,34.47,44.23,3
9101,26.05,54.21,2
9102,28.68,52.63,1
9103,34.28,70.79,3
9104,23.33,72.66,1
9105,28.80,91.88,3
9106,26.28,44.42,3
9107,32.59,56.32,3
9108,15.09,83.06,2
9109,19.70,72.85,1
9110,28.87,79.68,3
9111,25.01,61.82,1
9112,17.72,40.08,3
9113,30.90,89.78,2
9114,34.22,86.41,1
9115,28.19,90.99,2
9116,16.18,79.73,1
9117,23.51,75.05,3
9118,18.25,93.03,3
9119,21.38,86.11,1
9120,28.00,70.98,1
9121,28.42,49.95,1
9122,32.53,87.75,1
9123,32.48,88.52,1
9124,19.93,88.13,3
9125,25.29,51.44,1
9126,24.75,52.02,2
9127,19.71,75.64,2
9128,16.53,64.63,3
9129,24.21,68.50,3
9130,25.14,60.00,3
9131,22.32,83.87,3
9132,26.72,90.04,1
9133,24.80,69.88,1
9134,16.40,55.51,3
9135,29.46,64.54,1
9136,23.25,73.44,2
9137,21.63,86.31,2
9138,21.74,42.87,1
9139,24.23,76.15,3
9140,20.23,75.32,3
9141,15.40,53.87,3
9142,16.95,57.23,3
9143,31.10,52.23,3
9144,16.56,47.76,2
9145,21.59,68.03,1
9146,27.59,73.38,3
9147,17.68,89.85,1
9148,24.69,64.13,2
9149,34.00,59.05,3
9150,26.42,52.98,1
9151,28.52,52.25,1
9152,29.80,48.29,1
9153,22.72,71.43,2
9154,21.16,50.49,3
9155,24.29,50.79,3
9156,25.58,48.46,1
9157,17.16,76.95,1
9158,29.22,71.82,2
9159,18.41,61.32,1
9160,20.65,86.38,3
9161,20.41,52.75,1
9162,29.92,54.29,3
9163,22.23,49.07,1
9164,22.37,86.75,2
9165,17.88,69.46,3
9166,17.27,91.44,3
9167,28.26,46.36,1
9168,25.80,70.07,2
9169,29.91,41.36,2
9170,33.37,41.13,3
9171,23.86,71.00,1
9172,21.18,52.65,3
9173,30.10,82.93,1
9174,23.62,48.37,3
9175,29.61,47.16,1
9176,24.86,71.17,3
9177,23.92,46.81,1
9178,32.63,77.26,3
9179,16.45,90.69,2
9180,32.49,54.27,1
9181,31.28,57.99,3
9182,32.97,40.91,3
9183,27.26,47.57,3
9184,17.03,74.42,3
9185,24.94,60.25,2
9186,33.78,73.32,2
9187,18.41,45.23,1
9188,22.80,94.22,3
9189,34.40,46.31,3
9190,19.37,51.10,2
9191,26.92,91.45,3
9192,16.07,72.94,3
9193,22.51,87.83,3
9194,32.20,75.75,1
9195,24.45,40.61,2
9196,16.63,45.76,2
9197,17.34,44.41,1
9198,15.36,81.13,2
9199,24.52,80.37,3
9200,29.10,50.98,3
9201,24.55,83.27,1
9202,22.53,90.75,2
9203,28.33,81.04,3
9204,16.05,64.34,3
9205,17.13,51.73,1
9206,19.69,84.54,2
9207,33.70,57.52,1
9208,18.40,55.96,3
9209,20.48,54.92,2
9210,26.53,74.95,3
9211,31.81,84.88,2
9212,21.02,73.27,2
9213,23.07,61.75,1
9214,17.28,77.39,1
9215,30.68,65.21,2
9216,32.36,68.71,1
9217,33.73,70.35,3
9218,19.02,85.30,2
9219,22.93,81.85,2
9220,22.25,40.40,1
9221,23.91,67.65,3
9222,24.81,66.11,3
9223,33.78,62.14,3
9224,17.44,74.25,2
9225,32.00,75.32,1
9226,21.30,74.76,1
9227,27.88,57.84,3
9228,25.88,60.12,2
9229,19.90,90.07,2
9230,19.88,51.65,2
9231,15.22,42.39,1
9232,27.98,83.99,2
9233,31.01,47.44,2
9234,27.21,87.62,1
9235,15.12,42.69,2
9236,21.70,71.52,1
9237,24.00,64.13,3
9238,32.69,45.67,2
9239,25.10,45.81,2
9240,31.41,42.08,2
9241,15.47,46.60,3
9242,24.43,53.22,2
9243,20.57,46.50,1
9244,15.55,55.99,1
9245,30.18,62.23,1
9246,24.86,76.79,2
9247,23.51,74.13,1
9248,20.40,86.70,2
9249,19.57,81.88,1
9250,30.28,63.79,1
9251,34.90,46.50,2
9252,24.62,44.30,1
9253,16.89,53.64,2
9254,29.51,57.69,2
9255,18.24,52.64,3
9256,23.43,49.71,1
9257,21.24,47.79,1
9258,15.30,57.22,2
9259,18.71,51.24,1
9260,26.88,61.56,3
9261,26.74,75.79,3
9262,25.74,86.97,1
9263,34.41,87.46,3
9264,27.65,60.20,3
9265,22.29,84.02,1
9266,30.18,62.98,2
9267,17.23,77.46,1
9268,32.25,59.91,1
9269,31.38,40.69,2
9270,28.32,86.52,2
9271,15.92,93.20,2
9272,32.29,69.25,2
9273,27.37,81.47,1
9274,28.29,59.32,2
9275,20.75,57.58,1
9276,31.59,54.27,3
9277,26.65,63.46,3
9278,32.08,77.69,2
9279,29.17,89.11,1
9280,26.51,56.38,1
9281,30.77,42.47,2
9282,16.13,91.06,2
9283,30.72,73.20,2
9284,33.14,92.01,2
9285,29.30,49.35,1
9286,17.07,51.45,1
9287,22.23,86.38,3
9288,31.24,86.77,2
9289,18.47,54.55,1
9290,33.99,48.82,2
9291,25.11,66.08,2
9292,23.93,80.50,1
9293,23.52,41.65,2
9294,34.05,79.10,1
9295,18.88,83.34,3
9296,27.69,87.69,1
9297,23.73,93.61,1
9298,28.84,77.04,3
9299,23.51,49.31,1
9300,33.09,92.89,1
9301,31.13,69.51,2
9302,22.87,54.64,3
9303,17.14,63.57,2
9304,18.81,86.37,2
9305,33.92,56.09,3
9306,16.56,41.07,2
9307,31.08,58.63,3
9308,34.72,84.41,1
9309,24.16,48.29,2
9310,27.85,88.15,2
9311,24.00,63.23,3
9312,33.60,54.99,3
9313,29.52,74.94,1
9314,18.01,59.55,2
9315,19.73,45.23,1
9316,19.70,70.40,3
9317,21.66,70.14,2
9318,33.92,53.50,3
9319,21.62,62.13,2
9320,28.48,85.18,3
9321,18.67,41.71,3
9322,21.33,66.53,1
9323,18.55,92.43,2
9324,24.12,92.67,2
9325,15.75,87.01,2
9326,24.78,81.92,3
9327,30.39,73.43,2
9328,29.43,58.07,3
9329,19.19,49.89,1
9330,29.48,71.79,2
9331,23.74,91.61,3
9332,31.92,43.03,2
9333,26.99,87.23,1
9334,21.29,49.43,2
9335,15.19,59.31,1
9336,25.61,51.05,1
9337,20.07,91.10,2
9338,16.21,41.96,2
9339,18.48,52.14,1
9340,31.02,74.39,3
9341,34.08,70.41,3
9342,18.40,93.99,1
9343,32.90,94.87,3
9344,31.50,82.50,2
9345,32.96,42.32,3
9346,17.00,65.84,3
9347,16.63,62.85,2
9348,23.59,81.88,3
9349,16.64,63.01,1
9350,29.47,49.75,1
9351,28.15,62.97,3
9352,22.84,69.40,1
9353,18.55,89.31,3
9354,32.19,83.26,2
9355,32.05,41.11,2
9356,25.41,78.17,1
9357,15.39,60.09,3
9358,34.84,57.28,3
9359,29.95,60.33,3
9360,30.12,42.74,2
9361,21.95,84.98,2
9362,27.92,87.02,3
9363,18.74,67.98,3
9364,16.47,53.94,3
9365,15.92,47.52,1
9366,30.60,93.99,2
9367,24.24,73.67,2
9368,32.08,52.42,3
9369,31.36,40.59,2
9370,29.74,43.10,1
9371,15.55,55.72,1
9372,27.10,93.73,2
9373,22.42,52.19,3
9374,24.98,71.25,3
9375,25.44,94.69,2
9376,19.63,41.21,2
9377,23.21,60.51,1
9378,21.37,94.05,1
9379,19.95,58.99,2
9380,27.96,80.72,2
9381,20.18,88.81,1
9382,23.81,53.53,1
9383,15.17,56.96,3
9384,20.88,52.73,3
9385,29.01,76.67,3
9386,19.88,40.16,3
9387,24.03,64.59,3
9388,22.26,42.75,2
9389,18.62,44.37,2
9390,32.89,74.49,2
9391,19.83,63.17,3
9392,34.41,60.90,3
9393,15.81,41.26,3
9394,20.90,72.12,3
9395,29.40,74.25,1
9396,31.57,80.68,2
9397,18.38,63.36,3
9398,21.48,50.16,2
9399,27.14,47.14,3
9400,23.73,63.49,2
9401,19.71,51.99,3
9402,19.24,45.71,1
9403,25.23,89.50,2
9404,28.67,55.70,1
9405,28.32,57.26,1
9406,31.02,80.44,2
9407,26.94,84.90,2
9408,25.61,66.52,3
9409,31.32,84.70,3
9410,15.37,76.04,1
9411,20.30,40.30,2
9412,34.76,65.79,1
9413,27.02,49.41,1
9414,30.42,54.05,1
9415,19.18,57.60,2
9416,29.07,63.01,2
9417,34.53,57.77,1
9418,24.96,54.60,1
9419,28.67,74.53,2
9420,26.27,65.02,1
9421,19.04,62.65,3
9422,16.57,88.10,1
9423,16.99,57.14,1
9424,26.45,70.32,2
9425,16.77,78.58,3
9426,18.26,52.35,1
9427,19.52,71.77,1
9428,29.56,82.91,1
9429,31.92,43.87,3
9430,27.80,75.69,1
9431,27.51,70.05,2
9432,22.83,89.36,1
9433,15.47,72.89,3
9434,15.45,88.80,2
9435,25.65,59.06,1
9436,26.97,42.89,1
9437,23.30,90.85,1
9438,27.29,74.25,3
9439,22.54,94.02,2
9440,28.29,76.78,3
9441,26.56,67.28,3
9442,30.26,72.84,3
9443,21.26,47.45,2
9444,19.54,79.59,2
9445,28.68,52.16,1
9446,16.25,58.38,2
9447,23.93,55.20,3
9448,17.03,65.09,3
9449,32.38,84.89,2
9450,29.32,43.72,1
9451,22.77,47.68,1
9452,16.86,50.01,1
9453,24.86,94.64,1
9454,30.83,50.20,1
9455,22.34,73.99,2
9456,20.20,61.14,3
9457,26.18,76.50,1
9458,28.60,86.58,1
9459,24.44,59.97,2
9460,31.69,86.75,3
9461,20.53,63.89,3
9462,27.65,77.23,3
9463,16.53,44.08,2
9464,30.87,50.53,1
9465,19.05,90.67,2
9466,17.06,73.11,1
9467,27.56,46.26,3
9468,15.79,73.17,3
9469,21.80,47.87,3
9470,19.56,72.97,1
9471,18.01,84.17,3
9472,17.37,82.00,3
9473,27.92,94.17,3
9474,33.36,58.77,2
9475,26.96,51.79,3
9476,27.42,41.89,1
9477,28.04,72.93,2
9478,23.81,86.95,1
9479,18.11,75.68,3
9480,18.07,56.34,3
9481,18.42,52.37,3
9482,32.22,44.81,1
9483,21.64,49.66,2
9484,19.22,65.63,3
9485,29.59,81.09,2
9486,19.54,82.38,3
9487,18.60,83.04,3
9488,19.92,68.89,1
9489,32.93,93.17,2
9490,19.01,64.41,1
9491,15.21,52.56,2
9492,22.70,51.23,3
9493,34.69,54.43,2
9494,24.77,84.14,1
9495,25.07,75.65,1
9496,32.38,45.24,1
9497,15.64,89.88,2
9498,27.89,80.67,3
9499,16.36,49.64,1
9500,33.54,83.55,1
9501,16.94,62.07,1
9502,33.68,71.24,2
9503,32.17,52.95,3
9504,25.87,73.08,1
9505,23.91,63.95,3
9506,20.10,51.95,3
9507,28.42,91.42,3
9508,24.20,66.61,1
9509,25.22,73.47,2
9510,22.30,48.67,2
9511,18.98,75.29,1
9512,34.99,56.31,3
9513,25.97,91.87,2
9514,30.38,50.72,2
9515,20.10,86.26,1
9516,21.34,81.42,3
9517,15.11,82.38,2
9518,18.22,49.47,2
9519,20.56,81.13,3
9520,29.18,55.21,3
9521,28.40,91.26,3
9522,34.35,46.15,1
9523,33.47,81.52,3
9524,33.07,74.06,2
9525,30.69,81.93,3
9526,27.32,88.57,2
9527,25.23,54.70,2
9528,28.37,54.61,3
9529,19.13,58.64,1
9530,31.09,92.57,3
9531,24.39,56.18,1
9532,33.17,43.76,2
9533,24.41,49.06,1
9534,32.88,78.22,3
9535,21.89,82.23,2
9536,24.14,47.94,3
9537,29.36,91.70,1
9538,24.14,84.36,3
9539,26.72,52.47,2
9540,34.04,80.37,1
9541,19.61,42.54,2
9542,24.97,70.57,3
9543,27.28,78.02,1
9544,27.67,77.97,2
9545,23.32,50.64,3
9546,26.19,87.91,3
9547,18.18,60.16,3
9548,21.73,78.56,2
9549,18.08,55.21,2
9550,21.76,91.57,2
9551,33.27,72.73,1
9552,28.98,84.55,3
9553,22.52,93.69,3
9554,24.72,44.86,3
9555,22.91,91.22,3
9556,20.11,41.08,3
9557,26.41,88.45,1
9558,15.54,78.78,2
9559,34.74,56.91,2
9560,20.40,85.80,1
9561,22.07,56.17,1
9562,33.81,87.52,3
9563,27.77,88.59,2
9564,30.72,60.45,1
9565,30.08,83.60,2
9566,24.93,66.74,2
9567,34.60,74.63,3
9568,19.08,83.19,3
9569,34.18,65.88,3
9570,27.84,55.80,2
9571,29.12,79.09,3
9572,23.80,58.22,3
9573,15.97,56.09,2
9574,20.69,59.98,3
9575,33.53,46.08,2
9576,27.43,59.38,3
9577,18.20,55.37,2
9578,17.90,83.50,3
9579,20.85,79.29,1
9580,16.09,67.32,1
9581,25.08,59.22,3
9582,27.83,69.63,3
9583,30.27,67.22,1
9584,32.36,90.11,3
9585,31.46,47.76,3
9586,25.17,71.00,1
9587,30.02,55.57,3
9588,22.10,75.30,1
9589,34.62,59.90,1
9590,15.72,47.52,3
9591,16.20,79.82,1
9592,34.83,70.42,3
9593,15.00,40.47,1
9594,18.22,68.34,1
9595,33.41,41.65,1
9596,17.93,74.45,2
9597,16.88,70.34,1
9598,20.04,62.32,3
9599,29.08,74.90,1
9600,30.04,45.46,1
9601,32.53,89.85,3
9602,21.22,58.40,2
9603,25.42,70.54,1
9604,17.92,65.30,2
9605,29.75,63.74,1
9606,32.64,76.37,1
9607,20.37,70.55,3
9608,32.80,71.80,3
9609,33.75,88.42,3
9610,32.93,72.09,3
9611,16.63,52.09,3
9612,33.67,57.66,3
9613,25.78,56.44,2
9614,16.39,90.59,1
9615,33.85,45.30,3
9616,22.91,60.10,1
9617,32.02,66.49,3
9618,22.98,79.04,3
9619,32.44,51.63,1
9620,30.72,58.81,1
9621,27.74,85.97,1
9622,32.68,69.01,1
9623,20.56,74.59,3
9624,30.41,64.87,1
9625,21.19,85.10,2
9626,27.89,79.49,2
9627,32.55,85.90,3
9628,25.89,56.39,3
9629,32.28,81.91,1
9630,18.94,82.45,1
9631,23.85,71.72,1
9632,33.06,57.71,3
9633,24.81,52.42,2
9634,25.86,78.96,2
9635,32.33,51.36,3
9636,18.43,72.03,2
9637,17.24,51.07,3
9638,20.70,48.84,3
9639,23.11,58.55,2
9640,25.88,75.80,2
9641,30.43,94.05,1
9642,33.30,47.61,1
9643,24.73,66.51,1
9644,16.79,57.90,2
9645,25.36,73.02,3
9646,19.36,84.93,2
9647,30.68,94.67,1
9648,15.10,64.32,2
9649,34.82,51.55,1
9650,31.65,40.47,3
9651,20.97,54.51,3
9652,34.93,61.39,1
9653,24.05,72.57,3
9654,21.91,55.43,2
9655,32.57,59.34,2
9656,19.72,54.60,1
9657,17.12,45.87,3
9658,31.22,58.04,2
9659,22.90,75.71,1
9660,19.52,80.40,1
9661,16.68,76.36,1
9662,17.40,63.09,2
9663,15.46,49.01,1
9664,19.21,72.31,3
9665,21.17,55.50,2
9666,16.51,58.35,1
9667,22.01,74.25,3
9668,31.29,71.86,2
9669,27.34,47.56,3
9670,17.17,54.33,2
9671,20.89,84.34,1
9672,30.56,65.91,3
9673,15.16,82.43,3
9674,23.80,94.92,1
9675,21.62,56.14,1
9676,32.84,80.78,1
9677,26.49,89.39,2
9678,24.16,91.02,2
9679,25.85,68.14,2
9680,27.72,49.03,3
9681,31.47,93.55,3
9682,34.00,94.87,1
9683,30.06,78.06,1
9684,25.85,83.24,2
9685,30.91,93.73,2
9686,19.19,52.61,2
9687,28.88,74.32,1
9688,32.18,52.50,1
9689,27.85,53.94,2
9690,20.03,78.23,2
9691,33.51,63.10,3
9692,21.97,77.26,2
9693,24.65,57.57,3
9694,20.27,69.42,1
9695,29.93,46.52,3
9696,25.79,82.39,3
9697,29.41,52.51,2
9698,28.36,74.85,1
9699,31.38,62.52,1
9700,18.33,76.07,2
9701,19.58,46.85,3
9702,27.55,91.68,3
9703,19.39,56.12,3
9704,32.59,92.32,3
9705,30.88,85.05,2
9706,33.01,76.40,3
9707,33.99,51.76,2
9708,32.94,43.24,2
9709,19.87,94.05,1
9710,30.24,55.97,1
9711,34.18,91.98,1
9712,26.16,43.17,2
9713,30.51,60.86,2
9714,20.67,43.29,2
9715,21.50,84.80,2
9716,22.86,91.12,2
9717,34.52,79.71,3
9718,34.18,70.55,2
9719,17.07,68.10,2
9720,24.42,61.96,1
9721,17.28,52.73,3
9722,33.04,87.89,2
9723,18.38,87.09,2
9724,26.69,90.56,3
9725,27.16,74.94,2
9726,27.44,88.77,3
9727,33.78,82.09,3
9728,25.08,86.56,2
9729,27.38,80.95,2
9730,34.28,56.39,1
9731,24.70,86.00,2
9732,27.71,66.99,2
9733,32.01,55.63,3
9734,30.77,65.42,1
9735,32.98,48.39,1
9736,27.19,56.67,3
9737,27.25,80.35,2
9738,27.06,93.41,2
9739,31.52,78.70,2
9740,28.45,67.88,3
9741,23.63,78.53,3
9742,20.75,49.07,1
9743,28.81,45.58,2
9744,32.32,56.52,1
9745,19.28,44.28,3
9746,33.72,57.18,1
9747,20.62,54.66,1
9748,34.62,65.32,3
9749,29.48,93.81,3
9750,16.75,83.07,1
9751,25.18,44.74,3
9752,20.61,57.47,2
9753,17.24,57.82,1
9754,20.34,86.93,1
9755,19.07,49.97,3
9756,30.27,83.39,1
9757,26.24,44.97,3
9758,20.49,70.92,1
9759,29.65,90.42,2
9760,22.43,73.36,2
9761,25.66,59.11,3
9762,23.23,87.02,3
9763,26.20,47.85,2
9764,16.77,49.08,1
9765,19.54,75.02,2
9766,17.90,67.30,2
9767,28.83,45.68,1
9768,26.43,71.64,2
9769,24.68,54.49,2
9770,31.77,75.70,3
9771,15.47,76.79,3
9772,26.77,80.14,2
9773,23.70,57.94,1
9774,28.35,58.37,3
9775,29.49,86.16,1
9776,20.88,44.94,2
9777,23.27,55.71,3
9778,31.09,40.50,3
9779,18.23,66.41,2
9780,30.53,47.50,2
9781,19.77,54.46,1
9782,27.48,63.39,1
9783,15.10,51.98,1
9784,17.07,85.89,3
9785,17.67,51.61,3
9786,25.03,85.62,2
9787,16.37,52.78,3
9788,30.73,64.16,1
9789,29.91,53.80,1
9790,27.35,58.11,1
9791,15.38,55.82,1
9792,30.84,66.09,3
9793,28.58,78.22,2
9794,22.98,91.85,3
9795,15.19,54.81,3
9796,20.08,76.76,3
9797,22.93,52.00,3
9798,24.01,51.44,2
9799,21.83,66.18,3
9800,20.89,42.95,3
9801,34.18,43.08,3
9802,26.47,42.78,2
9803,33.58,92.46,2
9804,24.23,44.20,3
9805,15.55,50.83,1
9806,25.65,64.35,1
9807,25.35,62.60,3
9808,26.89,86.98,1
9809,20.50,92.34,3
9810,19.45,43.57,1
9811,23.51,58.07,3
9812,32.44,82.39,1
9813,21.29,81.89,2
9814,20.61,43.25,3
9815,19.56,54.54,1
9816,30.06,63.64,3
9817,34.90,75.94,2
9818,17.87,90.19,3
9819,27.46,79.90,2
9820,22.78,52.25,3
9821,29.60,83.35,1
9822,17.59,88.16,3
9823,28.98,71.48,2
9824,30.18,81.82,1
9825,34.17,55.80,1
9826,20.79,41.90,2
9827,17.89,89.07,2
9828,32.83,78.06,3
9829,28.25,56.43,1
9830,23.05,76.39,1
9831,31.04,58.51,1
9832,33.97,94.95,3
9833,31.85,50.22,1
9834,26.08,89.91,1
9835,23.09,62.50,2
9836,18.33,84.95,1
9837,32.12,66.98,1
9838,20.30,81.83,1
9839,27.19,91.41,3
9840,15.26,46.75,1
9841,27.86,47.15,2
9842,17.54,75.85,3
9843,25.34,87.32,3
9844,15.25,78.36,3
9845,29.78,55.16,2
9846,19.42,79.58,3
9847,34.06,90.21,1
9848,33.77,60.43,1
9849,19.32,52.49,2
9850,29.51,54.93,3
9851,19.23,73.36,3
9852,31.53,64.00,2
9853,23.70,53.47,1
9854,26.64,87.50,1
9855,29.33,58.84,1
9856,20.84,54.99,1
9857,25.23,62.13,2
9858,27.81,90.99,1
9859,23.92,88.91,2
9860,18.83,88.25,3
9861,21.84,62.88,2
9862,17.67,76.88,3
9863,30.89,90.22,1
9864,15.93,66.04,2
9865,33.54,92.61,1
9866,34.22,93.66,1
9867,16.61,45.63,3
9868,18.29,52.60,2
9869,20.75,85.46,2
9870,34.62,85.38,2
9871,16.75,92.77,3
9872,25.45,49.92,3
9873,22.67,91.15,2
9874,21.78,48.92,1
9875,20.39,59.43,1
9876,19.59,59.67,1
9877,15.56,87.96,1
9878,26.24,61.93,2
9879,26.37,41.02,1
9880,32.49,81.06,2
9881,30.93,65.54,3
9882,30.38,51.45,1
9883,21.97,49.32,2
9884,34.69,78.83,3
9885,28.62,80.69,2
9886,33.06,42.70,2
9887,20.08,72.36,2
9888,28.64,71.25,3
9889,33.49,67.62,1
9890,16.65,52.20,3
9891,15.68,93.46,3
9892,26.20,85.16,1
9893,17.88,63.55,1
9894,21.93,78.60,3
9895,26.24,76.39,1
9896,30.46,45.99,1
9897,24.07,90.02,2
9898,16.17,52.29,1
9899,34.66,66.36,1
9900,31.44,64.31,3
9901,33.58,81.53,2
9902,28.81,76.33,1
9903,26.26,44.64,1
9904,32.05,49.39,3
9905,20.21,89.04,3
9906,32.93,88.66,3
9907,17.29,43.26,3
9908,31.36,70.71,3
9909,30.01,41.98,2
9910,29.88,90.39,3
9911,15.10,47.16,1
9912,17.30,58.03,3
9913,33.39,56.89,3
9914,25.83,70.47,3
9915,27.08,84.50,3
9916,27.03,50.12,1
9917,21.17,94.00,2
9918,26.80,52.49,2
9919,22.02,74.81,2
9920,30.18,52.09,2
9921,19.76,47.64,3
9922,30.13,43.37,3
9923,32.08,53.51,3
9924,31.41,93.86,3
9925,22.23,58.42,2
9926,33.75,93.21,2
9927,23.26,42.65,1
9928,22.10,69.68,3
9929,19.47,51.06,2
9930,29.56,87.11,3
9931,29.94,49.85,2
9932,31.41,46.91,2
9933,30.37,57.70,3
9934,19.36,48.52,3
9935,27.66,75.18,1
9936,25.23,62.31,2
9937,21.68,50.17,3
9938,29.81,66.41,1
9939,34.49,71.26,3
9940,17.28,91.88,1
9941,20.96,85.20,2
9942,18.87,88.80,1
9943,15.71,41.14,1
9944,15.61,93.81,3
9945,26.15,66.09,3
9946,33.63,85.08,3
9947,26.30,62.32,2
9948,20.62,94.96,1
9949,20.38,93.71,1
9950,25.39,71.95,2
9951,16.30,52.83,1
9952,16.27,51.80,2
9953,28.76,60.54,1
9954,16.05,62.92,2
9955,24.93,41.13,3
9956,20.64,85.93,2
9957,32.19,89.83,2
9958,26.86,73.75,1
9959,24.96,85.11,1
9960,27.53,46.31,1
9961,18.73,64.92,1
9962,20.24,81.20,1
9963,34.51,83.84,1
9964,30.57,58.68,3
9965,24.41,90.10,1
9966,29.88,56.92,3
9967,18.66,51.58,1
9968,32.87,92.30,1
9969,25.99,44.62,1
9970,29.62,75.82,3
9971,16.83,64.71,3
9972,17.60,60.23,3
9973,26.98,44.45,2
9974,32.47,65.01,2
9975,15.18,57.08,3
9976,24.54,77.26,1
9977,29.03,57.95,3
9978,29.99,89.69,1
9979,31.03,64.36,2
9980,22.36,52.81,2
9981,18.42,92.32,2
9982,26.78,81.75,2
9983,33.22,46.85,3
9984,34.62,74.71,2
9985,17.87,48.24,3
9986,32.14,54.82,2
9987,17.83,56.46,1
9988,34.60,62.12,3
9989,27.55,83.43,1
9990,26.62,62.30,2
9991,27.81,75.00,2
9992,28.29,45.55,1
9993,27.64,73.21,2
9994,31.52,46.49,3
9995,31.18,42.88,3
9996,20.75,91.86,3
9997,16.75,90.66,1
9998,22.23,80.96,2
9999,17.95,93.18,3
10000,23.18,75.59,2
