1,1.0,2.0,24
2,2.0,4.0,21
3,0.0,0.0,20
4,9.0,10.0,24
5,3.0,4.0,18
6,5.0,3.0,18
7,4.0,3.0,24
8,4.0,6.0,24
9,9.0,7.0,24
10,3.0,3.0,18
11,10.0,10.0,20
12,7.0,7.0,22
13,2.0,2.0,18
14,6.0,7.0,21
15,8.0,9.0,20
16,8.0,6.0,19
17,10.0,10.0,24
18,4.0,2.0,19
19,10.0,9.0,22
20,3.0,5.0,23
21,10.0,8.0,22
22,9.0,10.0,22
23,3.0,2.0,24
24,2.0,0.0,20
25,8.0,10.0,23
26,5.0,4.0,22
27,1.0,3.0,22
28,5.0,3.0,19
29,4.0,6.0,20
30,3.0,1.0,23
31,6.0,7.0,24
32,5.0,5.0,19
33,4.0,4.0,24
34,7.0,5.0,20
35,4.0,4.0,23
36,7.0,6.0,23
37,1.0,2.0,22
38,4.0,5.0,19
39,6.0,7.0,18
40,9.0,10.0,18
41,5.0,6.0,24
42,0.0,2.0,18
43,9.0,7.0,21
44,9.0,7.0,18
45,4.0,6.0,23
46,6.0,4.0,19
47,6.0,4.0,24
48,2.0,2.0,19
49,2.0,0.0,18
50,10.0,10.0,24
51,2.0,1.0,22
52,9.0,10.0,21
53,4.0,3.0,24
54,5.0,6.0,18
55,4.0,3.0,21
56,2.0,2.0,22
57,5.0,6.0,21
58,3.0,1.0,22
59,5.0,7.0,20
60,7.0,7.0,20
61,1.0,0.0,20
62,1.0,0.0,22
63,3.0,3.0,21
64,10.0,10.0,24
65,10.0,10.0,18
66,2.0,3.0,24
67,4.0,3.0,24
68,9.0,8.0,21
69,2.0,0.0,24
70,4.0,4.0,23
71,5.0,5.0,18
72,9.0,7.0,18
73,10.0,10.0,23
74,6.0,4.0,23
75,9.0,10.0,23
76,1.0,0.0,18
77,9.0,10.0,22
78,5.0,5.0,22
79,0.0,0.0,18
80,3.0,1.0,22
81,8.0,8.0,18
82,2.0,2.0,19
83,3.0,4.0,24
84,10.0,10.0,20
85,0.0,1.0,22
86,3.0,4.0,18
87,10.0,10.0,24
88,5.0,3.0,21
89,5.0,5.0,20
90,3.0,1.0,22
91,3.0,1.0,19
92,2.0,2.0,24
93,1.0,3.0,18
94,2.0,1.0,20
95,10.0,9.0,23
96,10.0,10.0,23
97,9.0,7.0,23
98,5.0,6.0,18
99,7.0,9.0,21
100,5.0,5.0,22
101,5.0,7.0,19
102,3.0,4.0,18
103,7.0,8.0,22
104,7.0,6.0,22
105,7.0,8.0,20
106,0.0,1.0,22
107,8.0,9.0,19
108,9.0,7.0,18
109,4.0,5.0,20
110,6.0,5.0,22
111,5.0,5.0,18
112,4.0,2.0,18
113,4.0,3.0,20
114,2.0,0.0,22
115,3.0,1.0,19
116,9.0,9.0,23
117,5.0,6.0,22
118,1.0,1.0,20
119,10.0,10.0,20
120,9.0,10.0,21
121,7.0,9.0,19
122,9.0,10.0,23
123,6.0,4.0,18
124,8.0,9.0,22
125,10.0,10.0,24
126,10.0,10.0,23
127,7.0,8.0,18
128,10.0,10.0,20
129,5.0,6.0,21
130,6.0,6.0,19
131,3.0,5.0,19
132,8.0,8.0,24
133,2.0,2.0,24
134,2.0,0.0,23
135,4.0,4.0,24
136,6.0,7.0,20
137,10.0,10.0,23
138,0.0,0.0,18
139,6.0,8.0,18
140,3.0,1.0,19
141,4.0,2.0,18
142,8.0,8.0,22
143,5.0,3.0,18
144,10.0,10.0,18
145,2.0,4.0,21
146,1.0,0.0,23
147,3.0,1.0,18
148,6.0,4.0,23
149,10.0,10.0,22
150,7.0,6.0,19
151,7.0,6.0,18
152,1.0,0.0,22
153,0.0,0.0,22
154,2.0,0.0,24
155,7.0,7.0,20
156,8.0,7.0,20
157,4.0,2.0,18
158,5.0,4.0,19
159,9.0,7.0,22
160,7.0,5.0,22
161,4.0,2.0,24
162,4.0,5.0,21
163,9.0,10.0,22
164,1.0,1.0,21
165,0.0,2.0,22
166,4.0,5.0,22
167,1.0,0.0,20
168,10.0,10.0,20
169,9.0,9.0,19
170,9.0,10.0,24
171,4.0,5.0,23
172,1.0,0.0,19
173,6.0,7.0,20
174,8.0,10.0,18
175,9.0,9.0,19
176,0.0,0.0,18
177,10.0,9.0,19
178,10.0,9.0,20
179,2.0,4.0,21
180,1.0,1.0,24
181,8.0,9.0,19
182,9.0,8.0,24
183,7.0,9.0,18
184,6.0,6.0,23
185,5.0,7.0,21
186,7.0,6.0,21
187,5.0,7.0,19
188,8.0,8.0,18
189,8.0,7.0,24
190,2.0,3.0,23
191,3.0,2.0,23
192,7.0,8.0,21
193,0.0,0.0,20
194,10.0,10.0,21
195,10.0,9.0,21
196,9.0,8.0,21
197,9.0,10.0,18
198,10.0,9.0,24
199,4.0,6.0,19
200,8.0,9.0,22
201,3.0,5.0,24
202,2.0,3.0,19
203,6.0,4.0,18
204,0.0,2.0,19
205,0.0,2.0,19
206,6.0,6.0,18
207,6.0,5.0,21
208,4.0,3.0,23
209,9.0,10.0,19
210,9.0,7.0,24
211,5.0,6.0,21
212,8.0,10.0,19
213,9.0,10.0,20
214,4.0,3.0,19
215,10.0,8.0,22
216,9.0,10.0,20
217,3.0,3.0,21
218,9.0,10.0,23
219,9.0,9.0,21
220,4.0,4.0,19
221,8.0,8.0,19
222,0.0,0.0,22
223,1.0,3.0,20
224,10.0,8.0,19
225,5.0,3.0,22
226,4.0,6.0,18
227,3.0,3.0,18
228,6.0,4.0,24
229,9.0,10.0,20
230,3.0,1.0,18
231,8.0,7.0,20
232,6.0,5.0,18
233,2.0,4.0,18
234,8.0,6.0,23
235,0.0,2.0,23
236,6.0,6.0,20
237,5.0,7.0,24
238,7.0,6.0,24
239,1.0,2.0,20
240,5.0,7.0,19
241,3.0,2.0,22
242,2.0,3.0,21
243,8.0,9.0,22
244,2.0,2.0,20
245,8.0,6.0,23
246,5.0,6.0,20
247,5.0,3.0,23
248,6.0,4.0,18
249,8.0,7.0,24
250,7.0,6.0,19
251,5.0,5.0,22
252,8.0,10.0,21
253,9.0,8.0,23
254,2.0,1.0,19
255,9.0,7.0,23
256,8.0,10.0,22
257,3.0,2.0,24
258,3.0,4.0,20
259,5.0,4.0,22
260,5.0,6.0,20
261,5.0,6.0,24
262,0.0,0.0,19
263,7.0,7.0,22
264,8.0,10.0,20
265,10.0,8.0,24
266,9.0,7.0,23
267,10.0,8.0,18
268,5.0,4.0,18
269,9.0,10.0,21
270,10.0,8.0,18
271,10.0,10.0,24
272,4.0,2.0,22
273,3.0,3.0,18
274,8.0,10.0,21
275,8.0,9.0,22
276,5.0,4.0,20
277,4.0,5.0,20
278,4.0,3.0,18
279,9.0,8.0,19
280,9.0,8.0,20
281,10.0,9.0,21
282,6.0,6.0,20
283,4.0,2.0,22
284,8.0,8.0,18
285,0.0,1.0,23
286,2.0,4.0,22
287,6.0,8.0,23
288,2.0,1.0,21
289,10.0,10.0,21
290,10.0,9.0,24
291,2.0,2.0,22
292,10.0,9.0,19
293,5.0,4.0,20
294,10.0,9.0,23
295,2.0,3.0,21
296,8.0,8.0,19
297,4.0,6.0,22
298,9.0,8.0,19
299,0.0,0.0,19
300,9.0,10.0,22
301,1.0,1.0,22
302,9.0,9.0,18
303,3.0,4.0,20
304,6.0,7.0,20
305,4.0,2.0,24
306,2.0,2.0,22
307,3.0,1.0,23
308,6.0,7.0,22
309,5.0,4.0,24
310,6.0,8.0,23
311,6.0,7.0,23
312,5.0,3.0,24
313,7.0,8.0,21
314,6.0,7.0,18
315,7.0,9.0,22
316,8.0,9.0,22
317,8.0,7.0,20
318,3.0,1.0,19
319,7.0,9.0,23
320,4.0,4.0,24
321,9.0,10.0,23
322,9.0,10.0,21
323,9.0,7.0,18
324,9.0,8.0,19
325,8.0,8.0,23
326,0.0,0.0,19
327,2.0,1.0,19
328,6.0,4.0,22
329,0.0,0.0,19
330,8.0,10.0,24
331,2.0,1.0,19
332,3.0,1.0,21
333,1.0,0.0,23
334,1.0,3.0,22
335,1.0,0.0,23
336,7.0,5.0,21
337,10.0,10.0,19
338,10.0,10.0,23
339,10.0,10.0,21
340,2.0,0.0,23
341,2.0,0.0,22
342,3.0,4.0,20
343,5.0,7.0,20
344,3.0,1.0,24
345,7.0,6.0,23
346,0.0,1.0,23
347,2.0,1.0,23
348,2.0,0.0,21
349,10.0,10.0,18
350,1.0,0.0,22
351,0.0,0.0,18
352,8.0,9.0,22
353,9.0,7.0,21
354,1.0,3.0,24
355,3.0,2.0,23
356,1.0,0.0,23
357,1.0,0.0,20
358,9.0,10.0,22
359,10.0,8.0,19
360,4.0,3.0,19
361,6.0,7.0,23
362,10.0,10.0,20
363,4.0,2.0,23
364,7.0,5.0,19
365,4.0,3.0,21
366,3.0,2.0,21
367,1.0,0.0,23
368,5.0,6.0,21
369,1.0,0.0,20
370,2.0,1.0,20
371,2.0,2.0,22
372,3.0,1.0,21
373,2.0,4.0,23
374,3.0,1.0,20
375,10.0,8.0,24
376,7.0,6.0,18
377,6.0,8.0,19
378,3.0,2.0,21
379,2.0,3.0,19
380,5.0,5.0,23
381,8.0,9.0,19
382,9.0,10.0,23
383,8.0,10.0,21
384,6.0,4.0,23
385,0.0,0.0,22
386,10.0,10.0,21
387,0.0,0.0,20
388,3.0,2.0,21
389,2.0,3.0,22
390,6.0,4.0,22
391,7.0,8.0,21
392,7.0,9.0,24
393,2.0,2.0,23
394,2.0,3.0,21
395,1.0,0.0,23
396,4.0,6.0,22
397,6.0,8.0,19
398,1.0,2.0,21
399,3.0,3.0,22
400,3.0,4.0,18
401,1.0,0.0,22
402,8.0,10.0,19
403,4.0,4.0,19
404,8.0,7.0,19
405,8.0,10.0,24
406,0.0,0.0,24
407,5.0,4.0,18
408,5.0,7.0,24
409,1.0,1.0,21
410,0.0,0.0,20
411,8.0,8.0,22
412,7.0,6.0,19
413,6.0,5.0,19
414,4.0,5.0,20
415,1.0,1.0,20
416,1.0,3.0,23
417,7.0,6.0,20
418,5.0,5.0,23
419,10.0,8.0,21
420,4.0,5.0,22
421,7.0,7.0,23
422,7.0,7.0,24
423,1.0,0.0,20
424,0.0,1.0,19
425,4.0,2.0,23
426,1.0,0.0,21
427,1.0,0.0,24
428,1.0,1.0,18
429,3.0,3.0,23
430,1.0,2.0,18
431,5.0,3.0,19
432,8.0,7.0,20
433,7.0,8.0,23
434,2.0,1.0,22
435,3.0,2.0,23
436,0.0,2.0,23
437,1.0,0.0,22
438,1.0,3.0,20
439,0.0,1.0,18
440,5.0,6.0,24
441,4.0,3.0,21
442,6.0,4.0,20
443,3.0,4.0,21
444,1.0,0.0,22
445,7.0,5.0,20
446,9.0,9.0,22
447,7.0,7.0,22
448,4.0,6.0,18
449,10.0,10.0,19
450,1.0,0.0,21
451,6.0,8.0,24
452,7.0,7.0,18
453,4.0,4.0,24
454,0.0,0.0,21
455,9.0,9.0,19
456,3.0,2.0,24
457,7.0,6.0,21
458,6.0,5.0,22
459,10.0,10.0,22
460,3.0,4.0,22
461,9.0,8.0,22
462,1.0,1.0,24
463,8.0,9.0,19
464,9.0,8.0,20
465,6.0,7.0,22
466,4.0,5.0,21
467,4.0,3.0,19
468,5.0,7.0,24
469,10.0,10.0,21
470,3.0,5.0,22
471,1.0,3.0,19
472,8.0,9.0,23
473,7.0,8.0,18
474,1.0,0.0,23
475,0.0,2.0,22
476,7.0,5.0,19
477,0.0,0.0,19
478,10.0,10.0,20
479,0.0,2.0,22
480,9.0,9.0,20
481,4.0,3.0,23
482,5.0,4.0,22
483,1.0,0.0,18
484,5.0,6.0,18
485,8.0,6.0,21
486,2.0,3.0,21
487,3.0,4.0,24
488,2.0,0.0,19
489,3.0,4.0,23
490,8.0,6.0,22
491,9.0,9.0,20
492,8.0,10.0,20
493,0.0,0.0,18
494,2.0,1.0,23
495,2.0,3.0,22
496,4.0,2.0,18
497,0.0,2.0,22
498,2.0,3.0,23
499,6.0,5.0,18
500,2.0,1.0,19
501,7.0,8.0,23
502,6.0,4.0,24
503,4.0,2.0,21
504,10.0,8.0,21
505,3.0,5.0,20
506,1.0,3.0,20
507,7.0,5.0,22
508,7.0,9.0,23
509,3.0,2.0,18
510,5.0,4.0,22
511,6.0,6.0,22
512,2.0,1.0,20
513,7.0,7.0,23
514,0.0,2.0,21
515,1.0,0.0,19
516,7.0,8.0,18
517,5.0,6.0,20
518,1.0,1.0,23
519,9.0,7.0,20
520,8.0,6.0,20
521,0.0,1.0,23
522,10.0,9.0,19
523,0.0,0.0,24
524,1.0,1.0,23
525,1.0,0.0,18
526,1.0,1.0,24
527,7.0,7.0,20
528,9.0,9.0,20
529,2.0,3.0,19
530,4.0,5.0,23
531,0.0,1.0,23
532,9.0,7.0,22
533,6.0,8.0,24
534,0.0,2.0,23
535,0.0,1.0,23
536,4.0,4.0,23
537,3.0,1.0,21
538,1.0,0.0,21
539,5.0,3.0,22
540,2.0,0.0,24
541,6.0,6.0,24
542,0.0,2.0,20
543,5.0,7.0,24
544,1.0,2.0,22
545,10.0,10.0,18
546,5.0,5.0,24
547,9.0,8.0,19
548,7.0,6.0,24
549,10.0,9.0,18
550,0.0,0.0,22
551,4.0,2.0,18
552,6.0,7.0,23
553,1.0,3.0,22
554,9.0,10.0,24
555,0.0,2.0,19
556,3.0,1.0,18
557,8.0,6.0,24
558,9.0,10.0,21
559,3.0,3.0,18
560,7.0,8.0,19
561,1.0,0.0,23
562,9.0,10.0,20
563,7.0,7.0,19
564,6.0,5.0,24
565,1.0,0.0,21
566,7.0,9.0,23
567,0.0,0.0,22
568,1.0,0.0,23
569,4.0,4.0,22
570,5.0,7.0,22
571,8.0,10.0,19
572,5.0,4.0,23
573,7.0,6.0,24
574,1.0,3.0,20
575,6.0,7.0,19
576,1.0,2.0,22
577,2.0,3.0,18
578,9.0,10.0,21
579,10.0,10.0,19
580,9.0,8.0,22
581,1.0,3.0,20
582,0.0,0.0,22
583,8.0,9.0,19
584,3.0,5.0,24
585,10.0,9.0,24
586,8.0,10.0,20
587,7.0,8.0,21
588,2.0,1.0,20
589,6.0,8.0,22
590,1.0,2.0,24
591,9.0,10.0,23
592,7.0,5.0,22
593,4.0,4.0,21
594,8.0,10.0,18
595,1.0,3.0,19
596,5.0,5.0,22
597,8.0,6.0,19
598,6.0,8.0,24
599,3.0,3.0,21
600,1.0,2.0,24
601,5.0,3.0,24
602,9.0,10.0,19
603,6.0,8.0,21
604,9.0,8.0,19
605,9.0,10.0,20
606,8.0,10.0,19
607,4.0,2.0,18
608,2.0,2.0,20
609,5.0,5.0,24
610,6.0,4.0,22
611,4.0,2.0,22
612,3.0,2.0,23
613,3.0,3.0,22
614,2.0,0.0,23
615,0.0,0.0,20
616,7.0,5.0,23
617,9.0,10.0,22
618,6.0,4.0,23
619,6.0,5.0,21
620,3.0,5.0,18
621,10.0,10.0,23
622,9.0,10.0,24
623,7.0,8.0,23
624,8.0,8.0,24
625,0.0,0.0,21
626,5.0,6.0,24
627,9.0,10.0,24
628,1.0,0.0,24
629,7.0,9.0,21
630,3.0,2.0,19
631,0.0,0.0,21
632,5.0,7.0,20
633,7.0,6.0,18
634,10.0,10.0,21
635,0.0,2.0,19
636,3.0,2.0,18
637,5.0,3.0,20
638,7.0,6.0,21
639,1.0,0.0,22
640,5.0,7.0,24
641,2.0,1.0,20
642,7.0,8.0,20
643,8.0,9.0,19
644,7.0,9.0,20
645,6.0,7.0,24
646,2.0,3.0,20
647,2.0,0.0,20
648,1.0,1.0,18
649,0.0,1.0,19
650,5.0,3.0,19
651,0.0,0.0,23
652,0.0,0.0,19
653,9.0,8.0,19
654,4.0,3.0,23
655,0.0,0.0,23
656,0.0,1.0,20
657,7.0,7.0,20
658,5.0,5.0,23
659,2.0,3.0,24
660,8.0,10.0,23
661,10.0,10.0,23
662,10.0,10.0,19
663,5.0,5.0,22
664,4.0,6.0,19
665,3.0,3.0,22
666,6.0,8.0,20
667,2.0,2.0,21
668,1.0,2.0,20
669,3.0,3.0,19
670,6.0,8.0,21
671,9.0,7.0,23
672,1.0,0.0,24
673,9.0,10.0,24
674,7.0,9.0,20
675,5.0,5.0,22
676,1.0,0.0,24
677,2.0,0.0,20
678,8.0,9.0,19
679,9.0,9.0,20
680,3.0,1.0,22
681,3.0,3.0,21
682,1.0,2.0,19
683,7.0,7.0,21
684,2.0,2.0,24
685,3.0,3.0,22
686,5.0,4.0,22
687,3.0,1.0,21
688,8.0,8.0,18
689,8.0,9.0,24
690,10.0,10.0,18
691,2.0,0.0,21
692,5.0,3.0,20
693,10.0,10.0,18
694,6.0,7.0,19
695,0.0,0.0,21
696,4.0,3.0,19
697,10.0,9.0,18
698,6.0,7.0,22
699,9.0,9.0,22
700,5.0,6.0,18
701,6.0,7.0,18
702,8.0,6.0,23
703,7.0,5.0,18
704,7.0,7.0,20
705,3.0,4.0,22
706,0.0,2.0,24
707,5.0,6.0,18
708,2.0,1.0,21
709,5.0,3.0,21
710,1.0,0.0,21
711,4.0,2.0,19
712,5.0,7.0,21
713,9.0,10.0,18
714,0.0,0.0,19
715,9.0,10.0,20
716,6.0,5.0,22
717,1.0,0.0,21
718,8.0,10.0,22
719,6.0,7.0,18
720,9.0,9.0,20
721,1.0,2.0,21
722,9.0,8.0,23
723,0.0,0.0,20
724,5.0,4.0,21
725,0.0,0.0,20
726,10.0,8.0,18
727,4.0,6.0,21
728,0.0,0.0,20
729,1.0,0.0,24
730,4.0,4.0,19
731,2.0,2.0,18
732,7.0,8.0,21
733,2.0,0.0,19
734,6.0,5.0,22
735,6.0,4.0,23
736,5.0,5.0,18
737,5.0,7.0,20
738,2.0,3.0,22
739,6.0,5.0,19
740,2.0,2.0,19
741,4.0,6.0,22
742,7.0,9.0,22
743,8.0,9.0,20
744,3.0,5.0,20
745,0.0,2.0,23
746,3.0,1.0,23
747,1.0,2.0,22
748,1.0,3.0,19
749,7.0,7.0,24
750,8.0,6.0,23
751,1.0,2.0,19
752,10.0,10.0,23
753,9.0,8.0,22
754,5.0,7.0,22
755,4.0,3.0,24
756,3.0,1.0,21
757,3.0,5.0,20
758,8.0,7.0,19
759,9.0,10.0,20
760,5.0,4.0,20
761,1.0,0.0,23
762,9.0,7.0,19
763,2.0,3.0,21
764,1.0,1.0,21
765,1.0,1.0,18
766,6.0,8.0,19
767,8.0,8.0,18
768,2.0,3.0,22
769,5.0,4.0,23
770,1.0,1.0,24
771,2.0,4.0,18
772,5.0,6.0,20
773,5.0,3.0,23
774,10.0,8.0,20
775,4.0,2.0,21
776,3.0,2.0,21
777,7.0,9.0,18
778,10.0,8.0,19
779,1.0,0.0,18
780,8.0,6.0,21
781,10.0,9.0,19
782,10.0,10.0,18
783,9.0,9.0,18
784,10.0,8.0,18
785,4.0,3.0,24
786,5.0,4.0,19
787,9.0,8.0,20
788,9.0,7.0,18
789,3.0,2.0,22
790,8.0,7.0,23
791,3.0,4.0,22
792,4.0,2.0,22
793,9.0,7.0,19
794,10.0,10.0,21
795,10.0,10.0,18
796,8.0,9.0,20
797,5.0,7.0,20
798,7.0,9.0,20
799,9.0,10.0,18
800,5.0,7.0,20
801,0.0,0.0,19
802,3.0,3.0,20
803,7.0,5.0,19
804,6.0,5.0,18
805,8.0,6.0,18
806,4.0,2.0,19
807,0.0,2.0,19
808,1.0,0.0,23
809,3.0,5.0,19
810,4.0,4.0,18
811,8.0,8.0,22
812,9.0,9.0,22
813,1.0,0.0,21
814,0.0,0.0,19
815,4.0,6.0,20
816,7.0,7.0,20
817,10.0,9.0,23
818,1.0,2.0,22
819,5.0,3.0,20
820,8.0,6.0,23
821,10.0,9.0,19
822,4.0,5.0,19
823,8.0,9.0,23
824,4.0,5.0,21
825,2.0,2.0,19
826,8.0,9.0,20
827,6.0,8.0,19
828,2.0,1.0,23
829,6.0,5.0,22
830,9.0,10.0,18
831,4.0,2.0,18
832,3.0,1.0,22
833,6.0,5.0,21
834,2.0,0.0,18
835,3.0,5.0,20
836,10.0,9.0,22
837,5.0,3.0,22
838,8.0,7.0,22
839,2.0,3.0,22
840,1.0,1.0,20
841,5.0,5.0,24
842,1.0,0.0,22
843,10.0,8.0,21
844,3.0,5.0,20
845,6.0,4.0,20
846,1.0,1.0,19
847,5.0,6.0,21
848,7.0,8.0,21
849,9.0,8.0,18
850,0.0,2.0,19
851,4.0,5.0,23
852,3.0,2.0,23
853,6.0,4.0,22
854,7.0,9.0,24
855,3.0,5.0,20
856,5.0,7.0,21
857,5.0,7.0,19
858,5.0,4.0,18
859,10.0,10.0,23
860,6.0,4.0,20
861,10.0,10.0,24
862,9.0,10.0,18
863,7.0,7.0,24
864,0.0,0.0,19
865,0.0,1.0,22
866,1.0,3.0,20
867,9.0,8.0,19
868,8.0,6.0,20
869,3.0,3.0,20
870,7.0,8.0,23
871,3.0,2.0,20
872,0.0,0.0,19
873,5.0,4.0,21
874,7.0,5.0,20
875,3.0,3.0,19
876,9.0,10.0,19
877,8.0,8.0,24
878,3.0,4.0,20
879,0.0,0.0,19
880,1.0,0.0,20
881,5.0,3.0,23
882,4.0,6.0,24
883,7.0,5.0,22
884,2.0,0.0,18
885,0.0,0.0,18
886,3.0,4.0,18
887,4.0,4.0,19
888,5.0,5.0,22
889,5.0,4.0,22
890,8.0,6.0,22
891,4.0,2.0,18
892,10.0,8.0,23
893,1.0,0.0,21
894,5.0,4.0,19
895,9.0,10.0,19
896,3.0,3.0,20
897,9.0,10.0,21
898,3.0,5.0,21
899,8.0,6.0,18
900,10.0,9.0,23
901,0.0,0.0,21
902,7.0,6.0,18
903,1.0,0.0,24
904,7.0,7.0,24
905,8.0,9.0,18
906,4.0,5.0,24
907,7.0,6.0,21
908,2.0,1.0,24
909,10.0,10.0,20
910,0.0,0.0,21
911,4.0,2.0,24
912,4.0,3.0,24
913,8.0,8.0,23
914,5.0,4.0,22
915,3.0,4.0,19
916,4.0,6.0,20
917,7.0,6.0,20
918,3.0,2.0,24
919,4.0,6.0,19
920,2.0,3.0,23
921,0.0,0.0,18
922,6.0,4.0,19
923,7.0,6.0,19
924,0.0,0.0,19
925,8.0,9.0,23
926,9.0,10.0,22
927,1.0,0.0,21
928,9.0,7.0,20
929,3.0,3.0,20
930,1.0,3.0,19
931,9.0,9.0,20
932,1.0,3.0,20
933,10.0,10.0,18
934,10.0,10.0,22
935,9.0,8.0,21
936,7.0,7.0,18
937,0.0,0.0,22
938,10.0,10.0,20
939,8.0,7.0,19
940,7.0,5.0,23
941,7.0,5.0,23
942,1.0,1.0,18
943,9.0,10.0,20
944,8.0,7.0,22
945,2.0,0.0,23
946,4.0,5.0,21
947,5.0,5.0,22
948,4.0,6.0,22
949,10.0,8.0,18
950,8.0,10.0,21
951,0.0,0.0,23
952,0.0,2.0,20
953,0.0,0.0,20
954,0.0,0.0,23
955,5.0,4.0,23
956,1.0,0.0,21
957,2.0,2.0,19
958,7.0,9.0,18
959,4.0,6.0,18
960,9.0,10.0,23
961,2.0,2.0,20
962,10.0,8.0,19
963,10.0,10.0,22
964,1.0,3.0,18
965,2.0,4.0,22
966,6.0,7.0,24
967,8.0,7.0,22
968,1.0,0.0,20
969,3.0,5.0,23
970,0.0,0.0,20
971,7.0,7.0,22
972,4.0,5.0,24
973,1.0,1.0,19
974,2.0,1.0,21
975,4.0,6.0,22
976,7.0,7.0,20
977,1.0,1.0,23
978,1.0,0.0,21
979,3.0,1.0,18
980,5.0,6.0,20
981,4.0,2.0,18
982,0.0,0.0,18
983,0.0,0.0,19
984,1.0,3.0,19
985,9.0,7.0,18
986,5.0,7.0,20
987,4.0,2.0,21
988,4.0,3.0,23
989,5.0,3.0,23
990,6.0,7.0,18
991,7.0,6.0,20
992,0.0,0.0,18
993,7.0,9.0,24
994,8.0,8.0,18
995,6.0,7.0,20
996,6.0,8.0,19
997,5.0,4.0,24
998,2.0,0.0,23
999,4.0,3.0,20
1000,5.0,4.0,21
1001,0.0,0.0,19
1002,7.0,8.0,24
1003,2.0,2.0,24
1004,2.0,0.0,23
1005,0.0,0.0,19
1006,10.0,10.0,22
1007,8.0,8.0,19
1008,9.0,7.0,21
1009,6.0,7.0,21
1010,10.0,10.0,18
1011,6.0,6.0,22
1012,3.0,3.0,22
1013,2.0,1.0,20
1014,4.0,4.0,19
1015,6.0,8.0,22
1016,3.0,3.0,21
1017,3.0,5.0,19
1018,2.0,0.0,18
1019,5.0,7.0,21
1020,8.0,10.0,20
1021,0.0,0.0,23
1022,7.0,5.0,22
1023,0.0,0.0,23
1024,5.0,6.0,20
1025,9.0,10.0,18
1026,6.0,8.0,20
1027,5.0,3.0,19
1028,6.0,7.0,21
1029,1.0,1.0,21
1030,8.0,8.0,21
1031,9.0,9.0,24
1032,6.0,5.0,23
1033,4.0,5.0,20
1034,10.0,10.0,18
1035,4.0,3.0,20
1036,3.0,2.0,24
1037,7.0,9.0,18
1038,2.0,0.0,21
1039,0.0,2.0,22
1040,8.0,9.0,22
1041,4.0,4.0,20
1042,10.0,10.0,20
1043,7.0,8.0,19
1044,9.0,8.0,20
1045,3.0,2.0,18
1046,4.0,5.0,24
1047,8.0,9.0,20
1048,4.0,6.0,21
1049,1.0,0.0,23
1050,2.0,3.0,23
1051,8.0,10.0,22
1052,4.0,3.0,18
1053,2.0,2.0,20
1054,7.0,5.0,18
1055,9.0,10.0,18
1056,3.0,1.0,23
1057,1.0,0.0,22
1058,3.0,5.0,20
1059,0.0,0.0,19
1060,7.0,9.0,24
1061,9.0,7.0,21
1062,3.0,1.0,22
1063,10.0,10.0,19
1064,5.0,3.0,24
1065,2.0,4.0,24
1066,2.0,0.0,19
1067,9.0,10.0,21
1068,6.0,6.0,23
1069,2.0,3.0,19
1070,4.0,4.0,19
1071,4.0,6.0,20
1072,7.0,6.0,21
1073,6.0,5.0,23
1074,9.0,9.0,22
1075,5.0,3.0,23
1076,9.0,7.0,23
1077,7.0,9.0,20
1078,10.0,10.0,20
1079,2.0,0.0,22
1080,9.0,10.0,22
1081,3.0,3.0,19
1082,10.0,9.0,23
1083,4.0,2.0,18
1084,0.0,0.0,23
1085,4.0,2.0,18
1086,8.0,7.0,24
1087,8.0,10.0,22
1088,6.0,6.0,22
1089,7.0,8.0,21
1090,3.0,5.0,22
1091,2.0,3.0,19
1092,8.0,10.0,19
1093,2.0,4.0,19
1094,9.0,7.0,18
1095,10.0,10.0,23
1096,2.0,2.0,23
1097,9.0,10.0,20
1098,4.0,4.0,19
1099,9.0,10.0,18
1100,3.0,5.0,22
1101,1.0,3.0,23
1102,7.0,7.0,23
1103,2.0,1.0,21
1104,10.0,10.0,18
1105,9.0,7.0,22
1106,7.0,9.0,18
1107,1.0,3.0,22
1108,5.0,3.0,18
1109,2.0,3.0,19
1110,2.0,3.0,23
1111,1.0,0.0,20
1112,8.0,9.0,20
1113,0.0,0.0,23
1114,6.0,6.0,18
1115,2.0,0.0,19
1116,2.0,3.0,23
1117,9.0,10.0,21
1118,8.0,10.0,24
1119,2.0,4.0,21
1120,0.0,2.0,18
1121,4.0,6.0,24
1122,0.0,0.0,20
1123,6.0,4.0,24
1124,4.0,2.0,23
1125,3.0,4.0,20
1126,6.0,6.0,18
1127,5.0,3.0,23
1128,5.0,5.0,22
1129,6.0,5.0,21
1130,1.0,0.0,19
1131,1.0,0.0,22
1132,1.0,3.0,22
1133,1.0,0.0,24
1134,7.0,6.0,18
1135,8.0,10.0,19
1136,0.0,0.0,18
1137,9.0,10.0,18
1138,6.0,5.0,19
1139,2.0,3.0,19
1140,5.0,3.0,21
1141,6.0,6.0,20
1142,3.0,2.0,23
1143,7.0,5.0,23
1144,5.0,7.0,21
1145,1.0,3.0,19
1146,2.0,4.0,21
1147,8.0,9.0,18
1148,5.0,4.0,24
1149,6.0,7.0,24
1150,7.0,6.0,23
1151,4.0,6.0,19
1152,3.0,2.0,24
1153,7.0,5.0,23
1154,0.0,0.0,20
1155,7.0,9.0,18
1156,3.0,1.0,21
1157,5.0,7.0,22
1158,4.0,4.0,21
1159,8.0,7.0,22
1160,2.0,0.0,24
1161,7.0,5.0,18
1162,1.0,1.0,20
1163,7.0,5.0,23
1164,5.0,5.0,20
1165,2.0,2.0,22
1166,1.0,0.0,24
1167,8.0,6.0,22
1168,10.0,10.0,24
1169,8.0,10.0,24
1170,0.0,0.0,21
1171,10.0,9.0,21
1172,10.0,10.0,22
1173,1.0,2.0,20
1174,3.0,2.0,18
1175,6.0,5.0,20
1176,10.0,9.0,23
1177,2.0,0.0,18
1178,8.0,7.0,21
1179,9.0,10.0,24
1180,0.0,2.0,21
1181,0.0,0.0,18
1182,9.0,8.0,22
1183,5.0,5.0,19
1184,1.0,0.0,19
1185,5.0,4.0,20
1186,3.0,2.0,18
1187,6.0,6.0,23
1188,1.0,2.0,22
1189,7.0,7.0,19
1190,4.0,6.0,20
1191,8.0,8.0,21
1192,1.0,2.0,21
1193,6.0,4.0,22
1194,6.0,7.0,23
1195,6.0,4.0,21
1196,7.0,7.0,20
1197,3.0,5.0,20
1198,9.0,10.0,18
1199,7.0,7.0,18
1200,7.0,9.0,18
1201,4.0,4.0,19
1202,2.0,2.0,19
1203,0.0,0.0,22
1204,1.0,2.0,24
1205,9.0,7.0,22
1206,9.0,9.0,21
1207,6.0,7.0,18
1208,1.0,1.0,20
1209,9.0,10.0,20
1210,4.0,3.0,20
1211,8.0,10.0,20
1212,7.0,9.0,20
1213,6.0,4.0,23
1214,2.0,1.0,19
1215,2.0,3.0,24
1216,8.0,8.0,20
1217,10.0,10.0,20
1218,10.0,10.0,20
1219,5.0,3.0,24
1220,5.0,6.0,21
1221,10.0,9.0,22
1222,8.0,9.0,24
1223,9.0,7.0,24
1224,5.0,7.0,21
1225,2.0,2.0,23
1226,2.0,4.0,24
1227,9.0,7.0,22
1228,0.0,0.0,20
1229,0.0,0.0,24
1230,9.0,10.0,22
1231,6.0,8.0,19
1232,2.0,2.0,24
1233,7.0,5.0,22
1234,10.0,10.0,23
1235,4.0,6.0,18
1236,4.0,5.0,24
1237,1.0,2.0,21
1238,7.0,5.0,23
1239,5.0,5.0,23
1240,1.0,2.0,18
1241,7.0,6.0,20
1242,9.0,10.0,20
1243,3.0,3.0,20
1244,6.0,7.0,20
1245,6.0,7.0,19
1246,5.0,3.0,21
1247,3.0,2.0,20
1248,5.0,3.0,19
1249,6.0,7.0,19
1250,2.0,3.0,20
1251,0.0,2.0,21
1252,2.0,1.0,22
1253,10.0,8.0,24
1254,4.0,3.0,23
1255,3.0,3.0,20
1256,6.0,7.0,23
1257,1.0,3.0,22
1258,2.0,4.0,20
1259,8.0,7.0,18
1260,10.0,10.0,18
1261,6.0,7.0,23
1262,6.0,5.0,19
1263,9.0,10.0,19
1264,9.0,10.0,19
1265,1.0,2.0,22
1266,10.0,8.0,18
1267,9.0,10.0,24
1268,3.0,2.0,22
1269,5.0,6.0,23
1270,6.0,7.0,24
1271,0.0,1.0,18
1272,0.0,0.0,23
1273,7.0,9.0,18
1274,2.0,4.0,21
1275,6.0,4.0,24
1276,9.0,10.0,20
1277,1.0,1.0,19
1278,9.0,10.0,18
1279,0.0,1.0,23
1280,5.0,4.0,18
1281,3.0,5.0,18
1282,6.0,7.0,23
1283,3.0,3.0,19
1284,8.0,10.0,21
1285,5.0,4.0,18
1286,1.0,1.0,18
1287,10.0,10.0,19
1288,5.0,6.0,23
1289,7.0,8.0,20
1290,5.0,5.0,22
1291,2.0,3.0,22
1292,1.0,2.0,22
1293,6.0,7.0,22
1294,4.0,2.0,22
1295,2.0,1.0,18
1296,0.0,0.0,23
1297,4.0,6.0,19
1298,0.0,0.0,22
1299,0.0,2.0,20
1300,8.0,8.0,19
1301,0.0,1.0,20
1302,3.0,2.0,22
1303,6.0,8.0,22
1304,1.0,0.0,22
1305,5.0,3.0,21
1306,4.0,4.0,21
1307,7.0,6.0,24
1308,3.0,5.0,22
1309,5.0,5.0,21
1310,1.0,0.0,18
1311,5.0,6.0,21
1312,6.0,8.0,18
1313,10.0,10.0,22
1314,9.0,8.0,19
1315,0.0,0.0,19
1316,5.0,5.0,23
1317,0.0,0.0,24
1318,10.0,10.0,20
1319,0.0,0.0,18
1320,5.0,6.0,18
1321,10.0,10.0,19
1322,2.0,3.0,20
1323,7.0,8.0,20
1324,4.0,4.0,24
1325,10.0,9.0,20
1326,7.0,5.0,21
1327,9.0,10.0,19
1328,8.0,10.0,19
1329,0.0,2.0,19
1330,10.0,8.0,22
1331,0.0,0.0,19
1332,9.0,8.0,24
1333,8.0,7.0,19
1334,7.0,6.0,18
1335,0.0,0.0,24
1336,4.0,6.0,18
1337,0.0,0.0,20
1338,2.0,4.0,21
1339,9.0,10.0,24
1340,6.0,7.0,22
1341,5.0,4.0,24
1342,6.0,5.0,22
1343,9.0,7.0,20
1344,6.0,8.0,20
1345,7.0,9.0,23
1346,8.0,7.0,19
1347,8.0,6.0,23
1348,0.0,2.0,24
1349,9.0,9.0,22
1350,9.0,9.0,22
1351,9.0,10.0,22
1352,6.0,5.0,18
1353,2.0,4.0,18
1354,4.0,4.0,19
1355,2.0,3.0,22
1356,8.0,10.0,23
1357,3.0,5.0,18
1358,2.0,4.0,23
1359,6.0,4.0,18
1360,2.0,4.0,19
1361,4.0,5.0,20
1362,8.0,7.0,21
1363,1.0,3.0,20
1364,5.0,6.0,20
1365,10.0,10.0,18
1366,9.0,7.0,19
1367,3.0,2.0,24
1368,8.0,8.0,20
1369,10.0,10.0,23
1370,6.0,7.0,18
1371,6.0,6.0,24
1372,1.0,0.0,19
1373,6.0,7.0,19
1374,9.0,7.0,21
1375,3.0,3.0,18
1376,7.0,9.0,24
1377,3.0,1.0,20
1378,9.0,8.0,24
1379,8.0,6.0,18
1380,9.0,9.0,18
1381,2.0,2.0,18
1382,5.0,6.0,18
1383,3.0,3.0,24
1384,0.0,1.0,24
1385,0.0,0.0,22
1386,6.0,7.0,23
1387,2.0,3.0,22
1388,10.0,9.0,22
1389,7.0,8.0,20
1390,8.0,8.0,18
1391,0.0,1.0,20
1392,4.0,3.0,18
1393,8.0,7.0,24
1394,5.0,5.0,19
1395,9.0,10.0,21
1396,3.0,4.0,23
1397,0.0,2.0,23
1398,6.0,8.0,22
1399,3.0,5.0,23
1400,1.0,3.0,24
1401,9.0,9.0,18
1402,3.0,4.0,18
1403,1.0,2.0,20
1404,7.0,6.0,21
1405,9.0,10.0,21
1406,0.0,1.0,23
1407,5.0,7.0,24
1408,0.0,0.0,22
1409,3.0,4.0,18
1410,3.0,2.0,23
1411,3.0,3.0,19
1412,8.0,10.0,24
1413,3.0,2.0,24
1414,0.0,0.0,22
1415,7.0,6.0,24
1416,7.0,6.0,24
1417,7.0,5.0,21
1418,1.0,2.0,24
1419,7.0,5.0,24
1420,4.0,3.0,20
1421,1.0,3.0,20
1422,10.0,10.0,23
1423,9.0,7.0,21
1424,8.0,9.0,20
1425,7.0,9.0,20
1426,3.0,3.0,18
1427,10.0,9.0,23
1428,3.0,2.0,19
1429,9.0,7.0,24
1430,9.0,8.0,19
1431,2.0,4.0,19
1432,3.0,2.0,19
1433,10.0,9.0,19
1434,1.0,3.0,18
1435,10.0,10.0,23
1436,9.0,10.0,22
1437,0.0,0.0,18
1438,0.0,1.0,24
1439,0.0,1.0,18
1440,7.0,7.0,24
1441,7.0,5.0,22
1442,3.0,3.0,23
1443,1.0,0.0,24
1444,7.0,5.0,19
1445,0.0,0.0,24
1446,10.0,9.0,23
1447,9.0,9.0,24
1448,10.0,10.0,22
1449,7.0,6.0,20
1450,4.0,2.0,19
1451,10.0,10.0,19
1452,10.0,10.0,19
1453,5.0,6.0,24
1454,10.0,10.0,18
1455,0.0,2.0,19
1456,4.0,4.0,23
1457,0.0,1.0,19
1458,3.0,1.0,19
1459,8.0,6.0,22
1460,2.0,0.0,18
1461,0.0,0.0,22
1462,2.0,4.0,24
1463,9.0,7.0,21
1464,8.0,10.0,24
1465,10.0,10.0,23
1466,5.0,3.0,20
1467,9.0,9.0,24
1468,0.0,0.0,19
1469,2.0,3.0,22
1470,3.0,3.0,20
1471,1.0,0.0,19
1472,6.0,4.0,21
1473,6.0,5.0,22
1474,2.0,4.0,20
1475,6.0,6.0,21
1476,2.0,2.0,19
1477,7.0,7.0,23
1478,0.0,0.0,23
1479,6.0,7.0,24
1480,8.0,6.0,18
1481,3.0,5.0,20
1482,6.0,7.0,19
1483,9.0,10.0,23
1484,10.0,8.0,20
1485,10.0,10.0,21
1486,2.0,2.0,24
1487,3.0,4.0,20
1488,8.0,9.0,23
1489,4.0,3.0,22
1490,1.0,0.0,18
1491,5.0,3.0,22
1492,6.0,4.0,23
1493,1.0,3.0,20
1494,3.0,5.0,20
1495,0.0,0.0,20
1496,7.0,8.0,19
1497,10.0,10.0,20
1498,1.0,3.0,18
1499,8.0,7.0,20
1500,3.0,5.0,24
1501,4.0,3.0,22
1502,0.0,0.0,21
1503,7.0,6.0,18
1504,10.0,9.0,24
1505,7.0,9.0,22
1506,7.0,8.0,19
1507,5.0,4.0,18
1508,0.0,2.0,23
1509,1.0,0.0,23
1510,4.0,4.0,23
1511,4.0,2.0,22
1512,9.0,8.0,20
1513,2.0,0.0,22
1514,5.0,6.0,24
1515,8.0,9.0,20
1516,8.0,7.0,24
1517,7.0,7.0,20
1518,3.0,4.0,22
1519,5.0,5.0,24
1520,8.0,8.0,22
1521,8.0,8.0,23
1522,2.0,2.0,22
1523,5.0,4.0,20
1524,9.0,10.0,24
1525,7.0,8.0,23
1526,7.0,8.0,21
1527,5.0,4.0,23
1528,2.0,0.0,20
1529,8.0,10.0,18
1530,6.0,5.0,23
1531,5.0,4.0,24
1532,10.0,10.0,18
1533,6.0,7.0,23
1534,3.0,3.0,24
1535,9.0,10.0,21
1536,5.0,7.0,20
1537,1.0,0.0,19
1538,9.0,7.0,24
1539,7.0,9.0,20
1540,4.0,3.0,20
1541,1.0,3.0,20
1542,2.0,0.0,20
1543,2.0,2.0,22
1544,4.0,2.0,22
1545,2.0,4.0,20
1546,0.0,1.0,19
1547,8.0,6.0,19
1548,9.0,8.0,21
1549,5.0,5.0,20
1550,5.0,7.0,24
1551,8.0,6.0,20
1552,3.0,3.0,18
1553,10.0,10.0,19
1554,2.0,4.0,18
1555,2.0,3.0,23
1556,7.0,6.0,23
1557,0.0,0.0,21
1558,7.0,7.0,23
1559,6.0,8.0,20
1560,4.0,5.0,19
1561,4.0,2.0,21
1562,7.0,8.0,19
1563,7.0,6.0,21
1564,6.0,7.0,22
1565,2.0,3.0,24
1566,1.0,3.0,24
1567,4.0,3.0,23
1568,9.0,7.0,21
1569,7.0,5.0,24
1570,10.0,10.0,24
1571,3.0,2.0,22
1572,4.0,4.0,24
1573,2.0,1.0,23
1574,9.0,10.0,19
1575,3.0,1.0,24
1576,10.0,8.0,19
1577,6.0,4.0,20
1578,6.0,5.0,22
1579,3.0,3.0,20
1580,3.0,2.0,24
1581,1.0,0.0,19
1582,0.0,0.0,19
1583,0.0,1.0,22
1584,0.0,0.0,23
1585,3.0,4.0,20
1586,6.0,5.0,24
1587,10.0,10.0,21
1588,1.0,0.0,22
1589,7.0,6.0,24
1590,0.0,2.0,22
1591,4.0,3.0,23
1592,2.0,4.0,19
1593,6.0,6.0,23
1594,1.0,0.0,20
1595,1.0,0.0,23
1596,1.0,2.0,20
1597,10.0,9.0,21
1598,0.0,1.0,21
1599,0.0,0.0,18
1600,4.0,3.0,21
1601,2.0,3.0,19
1602,6.0,4.0,22
1603,6.0,7.0,22
1604,0.0,0.0,22
1605,1.0,0.0,20
1606,10.0,10.0,18
1607,0.0,0.0,20
1608,3.0,4.0,18
1609,6.0,7.0,18
1610,0.0,1.0,20
1611,3.0,4.0,23
1612,6.0,5.0,23
1613,0.0,1.0,19
1614,10.0,8.0,21
1615,1.0,0.0,19
1616,7.0,7.0,24
1617,6.0,4.0,24
1618,3.0,5.0,24
1619,9.0,9.0,19
1620,7.0,6.0,18
1621,10.0,8.0,22
1622,5.0,6.0,24
1623,1.0,0.0,22
1624,0.0,2.0,19
1625,1.0,0.0,22
1626,3.0,5.0,23
1627,0.0,0.0,21
1628,3.0,1.0,18
1629,1.0,0.0,24
1630,5.0,5.0,18
1631,7.0,5.0,22
1632,3.0,2.0,20
1633,9.0,8.0,24
1634,9.0,7.0,18
1635,9.0,10.0,19
1636,10.0,8.0,23
1637,7.0,6.0,20
1638,6.0,8.0,19
1639,3.0,3.0,18
1640,5.0,7.0,20
1641,10.0,9.0,18
1642,5.0,3.0,18
1643,9.0,9.0,19
1644,2.0,3.0,18
1645,7.0,5.0,23
1646,5.0,5.0,21
1647,0.0,2.0,20
1648,4.0,4.0,19
1649,8.0,9.0,22
1650,10.0,10.0,23
1651,7.0,9.0,23
1652,0.0,0.0,19
1653,9.0,9.0,23
1654,6.0,8.0,20
1655,1.0,2.0,22
1656,7.0,8.0,20
1657,1.0,1.0,23
1658,6.0,5.0,20
1659,6.0,4.0,19
1660,0.0,1.0,24
1661,1.0,2.0,20
1662,4.0,6.0,22
1663,7.0,5.0,20
1664,5.0,6.0,22
1665,9.0,8.0,23
1666,1.0,0.0,19
1667,7.0,7.0,18
1668,7.0,8.0,20
1669,10.0,10.0,24
1670,0.0,0.0,19
1671,6.0,7.0,24
1672,7.0,5.0,21
1673,3.0,2.0,24
1674,2.0,3.0,20
1675,5.0,5.0,22
1676,10.0,10.0,22
1677,5.0,4.0,20
1678,7.0,6.0,24
1679,3.0,4.0,19
1680,8.0,6.0,22
1681,10.0,8.0,19
1682,6.0,5.0,23
1683,5.0,5.0,19
1684,5.0,3.0,21
1685,0.0,0.0,20
1686,2.0,2.0,18
1687,2.0,3.0,22
1688,4.0,5.0,18
1689,8.0,8.0,20
1690,5.0,7.0,22
1691,1.0,0.0,19
1692,1.0,2.0,20
1693,3.0,1.0,20
1694,2.0,2.0,23
1695,3.0,1.0,23
1696,9.0,9.0,21
1697,3.0,5.0,18
1698,2.0,4.0,19
1699,9.0,10.0,19
1700,9.0,8.0,21
1701,1.0,1.0,19
1702,7.0,6.0,22
1703,4.0,5.0,22
1704,8.0,6.0,18
1705,8.0,7.0,18
1706,4.0,6.0,23
1707,2.0,0.0,21
1708,5.0,3.0,24
1709,9.0,10.0,21
1710,1.0,2.0,18
1711,1.0,1.0,23
1712,0.0,2.0,20
1713,10.0,10.0,24
1714,7.0,8.0,22
1715,8.0,10.0,21
1716,2.0,2.0,24
1717,9.0,7.0,19
1718,7.0,9.0,19
1719,1.0,0.0,23
1720,10.0,8.0,21
1721,7.0,9.0,18
1722,9.0,7.0,21
1723,5.0,3.0,18
1724,3.0,1.0,19
1725,7.0,5.0,23
1726,5.0,4.0,22
1727,3.0,3.0,24
1728,3.0,2.0,24
1729,6.0,5.0,24
1730,0.0,0.0,19
1731,2.0,0.0,24
1732,3.0,2.0,23
1733,6.0,8.0,21
1734,7.0,6.0,20
1735,9.0,10.0,24
1736,9.0,7.0,21
1737,7.0,6.0,21
1738,1.0,1.0,23
1739,2.0,3.0,23
1740,2.0,3.0,21
1741,1.0,1.0,18
1742,9.0,9.0,19
1743,4.0,6.0,24
1744,3.0,2.0,21
1745,2.0,3.0,20
1746,1.0,0.0,23
1747,7.0,9.0,22
1748,9.0,8.0,24
1749,2.0,2.0,19
1750,3.0,5.0,18
1751,1.0,0.0,18
1752,9.0,8.0,23
1753,9.0,10.0,21
1754,3.0,3.0,22
1755,7.0,6.0,24
1756,9.0,9.0,22
1757,7.0,5.0,18
1758,4.0,6.0,20
1759,10.0,10.0,19
1760,9.0,9.0,19
1761,6.0,4.0,18
1762,9.0,10.0,22
1763,2.0,2.0,20
1764,10.0,10.0,18
1765,5.0,4.0,20
1766,10.0,10.0,23
1767,4.0,5.0,20
1768,4.0,3.0,19
1769,0.0,0.0,21
1770,6.0,7.0,18
1771,0.0,0.0,21
1772,2.0,0.0,18
1773,8.0,10.0,21
1774,6.0,8.0,22
1775,10.0,10.0,23
1776,10.0,10.0,18
1777,3.0,4.0,22
1778,1.0,2.0,24
1779,0.0,0.0,22
1780,4.0,3.0,22
1781,2.0,4.0,24
1782,1.0,0.0,22
1783,8.0,6.0,23
1784,6.0,8.0,20
1785,4.0,6.0,21
1786,2.0,2.0,24
1787,4.0,4.0,23
1788,4.0,2.0,24
1789,8.0,6.0,23
1790,7.0,7.0,19
1791,9.0,10.0,24
1792,0.0,0.0,19
1793,3.0,5.0,21
1794,8.0,7.0,23
1795,5.0,3.0,19
1796,5.0,4.0,23
1797,9.0,8.0,23
1798,10.0,10.0,18
1799,8.0,9.0,24
1800,2.0,3.0,24
1801,4.0,4.0,18
1802,8.0,7.0,24
1803,8.0,8.0,19
1804,1.0,2.0,21
1805,1.0,2.0,24
1806,1.0,0.0,19
1807,8.0,7.0,20
1808,8.0,8.0,18
1809,9.0,10.0,22
1810,4.0,5.0,20
1811,9.0,10.0,18
1812,3.0,5.0,18
1813,5.0,5.0,23
1814,9.0,10.0,21
1815,2.0,1.0,22
1816,0.0,0.0,21
1817,8.0,9.0,23
1818,6.0,7.0,20
1819,3.0,2.0,23
1820,9.0,8.0,18
1821,1.0,0.0,24
1822,7.0,6.0,20
1823,8.0,7.0,23
1824,2.0,4.0,20
1825,1.0,1.0,21
1826,2.0,1.0,18
1827,3.0,1.0,18
1828,8.0,7.0,24
1829,10.0,10.0,19
1830,9.0,10.0,19
1831,5.0,6.0,24
1832,5.0,4.0,19
1833,10.0,9.0,22
1834,8.0,8.0,22
1835,6.0,7.0,23
1836,7.0,7.0,22
1837,3.0,5.0,20
1838,10.0,10.0,21
1839,9.0,10.0,20
1840,10.0,10.0,21
1841,6.0,6.0,21
1842,2.0,1.0,22
1843,0.0,0.0,19
1844,5.0,7.0,19
1845,1.0,2.0,22
1846,5.0,4.0,21
1847,9.0,10.0,18
1848,9.0,10.0,23
1849,3.0,5.0,23
1850,8.0,8.0,21
1851,2.0,3.0,24
1852,5.0,7.0,21
1853,0.0,2.0,19
1854,9.0,7.0,19
1855,8.0,9.0,24
1856,8.0,9.0,20
1857,4.0,6.0,20
1858,6.0,8.0,24
1859,0.0,0.0,21
1860,5.0,4.0,20
1861,10.0,9.0,24
1862,3.0,2.0,21
1863,2.0,3.0,23
1864,0.0,0.0,21
1865,2.0,0.0,20
1866,6.0,7.0,21
1867,9.0,10.0,23
1868,8.0,7.0,18
1869,0.0,0.0,21
1870,5.0,6.0,21
1871,9.0,10.0,21
1872,9.0,10.0,22
1873,4.0,6.0,23
1874,6.0,6.0,22
1875,6.0,6.0,19
1876,10.0,10.0,24
1877,5.0,6.0,20
1878,2.0,2.0,22
1879,2.0,1.0,22
1880,2.0,4.0,23
1881,10.0,8.0,19
1882,7.0,5.0,19
1883,8.0,7.0,23
1884,7.0,5.0,24
1885,0.0,0.0,22
1886,3.0,5.0,20
1887,0.0,2.0,23
1888,4.0,3.0,23
1889,4.0,2.0,22
1890,1.0,0.0,23
1891,3.0,4.0,19
1892,9.0,7.0,18
1893,10.0,10.0,23
1894,8.0,9.0,24
1895,6.0,6.0,18
1896,9.0,10.0,18
1897,5.0,3.0,21
1898,4.0,5.0,24
1899,5.0,7.0,22
1900,0.0,0.0,21
1901,4.0,6.0,23
1902,5.0,4.0,22
1903,4.0,2.0,24
1904,4.0,5.0,20
1905,5.0,5.0,22
1906,10.0,10.0,20
1907,9.0,9.0,24
1908,3.0,3.0,22
1909,3.0,4.0,24
1910,8.0,6.0,21
1911,9.0,9.0,21
1912,4.0,3.0,24
1913,6.0,7.0,20
1914,8.0,10.0,21
1915,4.0,5.0,20
1916,7.0,5.0,18
1917,9.0,8.0,20
1918,1.0,0.0,18
1919,6.0,8.0,19
1920,7.0,9.0,20
1921,2.0,1.0,24
1922,5.0,6.0,22
1923,1.0,3.0,22
1924,4.0,3.0,21
1925,0.0,0.0,21
1926,6.0,8.0,22
1927,7.0,7.0,18
1928,0.0,1.0,21
1929,1.0,0.0,24
1930,6.0,4.0,24
1931,8.0,6.0,18
1932,6.0,6.0,22
1933,5.0,4.0,18
1934,1.0,1.0,19
1935,3.0,1.0,18
1936,8.0,8.0,23
1937,3.0,5.0,24
1938,7.0,5.0,24
1939,3.0,5.0,21
1940,9.0,8.0,21
1941,1.0,0.0,24
1942,7.0,8.0,19
1943,9.0,9.0,22
1944,3.0,5.0,23
1945,8.0,6.0,18
1946,8.0,8.0,18
1947,9.0,9.0,22
1948,8.0,8.0,23
1949,2.0,2.0,20
1950,0.0,1.0,22
1951,8.0,6.0,19
1952,8.0,7.0,20
1953,5.0,7.0,18
1954,9.0,10.0,23
1955,1.0,0.0,20
1956,1.0,3.0,24
1957,7.0,6.0,23
1958,4.0,6.0,20
1959,0.0,1.0,22
1960,8.0,9.0,23
1961,7.0,7.0,18
1962,1.0,0.0,20
1963,10.0,10.0,24
1964,5.0,4.0,22
1965,10.0,10.0,19
1966,0.0,0.0,23
1967,2.0,2.0,22
1968,1.0,0.0,23
1969,3.0,5.0,19
1970,10.0,10.0,22
1971,1.0,0.0,23
1972,3.0,3.0,20
1973,1.0,0.0,20
1974,0.0,2.0,18
1975,0.0,0.0,19
1976,1.0,1.0,22
1977,0.0,0.0,21
1978,1.0,3.0,24
1979,8.0,9.0,20
1980,4.0,2.0,23
1981,0.0,1.0,24
1982,0.0,0.0,22
1983,8.0,10.0,18
1984,9.0,9.0,23
1985,1.0,2.0,21
1986,6.0,4.0,23
1987,2.0,4.0,24
1988,0.0,2.0,22
1989,6.0,8.0,18
1990,2.0,4.0,23
1991,4.0,4.0,19
1992,3.0,5.0,20
1993,2.0,2.0,18
1994,5.0,3.0,18
1995,3.0,1.0,19
1996,1.0,3.0,22
1997,4.0,6.0,24
1998,2.0,3.0,19
1999,0.0,0.0,21
2000,1.0,2.0,22
2001,6.0,6.0,19
2002,3.0,1.0,21
2003,2.0,4.0,19
2004,3.0,4.0,19
2005,2.0,2.0,20
2006,7.0,9.0,21
2007,10.0,10.0,20
2008,6.0,5.0,20
2009,2.0,2.0,24
2010,2.0,1.0,20
2011,5.0,7.0,20
2012,1.0,2.0,24
2013,2.0,0.0,19
2014,3.0,5.0,23
2015,8.0,10.0,19
2016,8.0,8.0,22
2017,0.0,0.0,22
2018,9.0,8.0,19
2019,8.0,9.0,23
2020,8.0,6.0,20
2021,3.0,2.0,24
2022,6.0,7.0,18
2023,2.0,3.0,18
2024,0.0,2.0,22
2025,7.0,6.0,22
2026,9.0,7.0,21
2027,1.0,0.0,20
2028,6.0,7.0,23
2029,10.0,10.0,23
2030,4.0,6.0,22
2031,6.0,5.0,19
2032,3.0,1.0,19
2033,2.0,0.0,24
2034,5.0,5.0,24
2035,4.0,2.0,18
2036,1.0,1.0,24
2037,2.0,4.0,24
2038,5.0,6.0,20
2039,10.0,8.0,22
2040,6.0,8.0,20
2041,1.0,1.0,22
2042,3.0,4.0,22
2043,7.0,6.0,22
2044,9.0,9.0,22
2045,3.0,2.0,20
2046,4.0,4.0,19
2047,8.0,7.0,19
2048,6.0,6.0,20
2049,10.0,8.0,18
2050,0.0,2.0,22
2051,0.0,0.0,19
2052,10.0,10.0,21
2053,0.0,2.0,21
2054,4.0,3.0,18
2055,1.0,1.0,20
2056,5.0,3.0,22
2057,2.0,3.0,21
2058,10.0,9.0,23
2059,9.0,8.0,23
2060,10.0,9.0,24
2061,0.0,0.0,22
2062,6.0,5.0,19
2063,8.0,9.0,23
2064,7.0,9.0,20
2065,5.0,5.0,21
2066,6.0,8.0,19
2067,8.0,10.0,24
2068,6.0,8.0,19
2069,4.0,2.0,19
2070,5.0,7.0,23
2071,5.0,6.0,22
2072,8.0,8.0,19
2073,0.0,2.0,22
2074,5.0,6.0,22
2075,8.0,9.0,20
2076,4.0,5.0,23
2077,4.0,3.0,21
2078,5.0,5.0,19
2079,3.0,5.0,24
2080,3.0,1.0,18
2081,6.0,7.0,21
2082,4.0,5.0,21
2083,1.0,2.0,23
2084,1.0,0.0,19
2085,7.0,8.0,20
2086,4.0,4.0,18
2087,9.0,9.0,19
2088,1.0,0.0,24
2089,3.0,3.0,19
2090,5.0,6.0,19
2091,7.0,5.0,18
2092,10.0,8.0,20
2093,4.0,2.0,20
2094,10.0,9.0,20
2095,8.0,8.0,18
2096,3.0,1.0,18
2097,3.0,5.0,24
2098,9.0,10.0,20
2099,1.0,0.0,18
2100,8.0,8.0,19
2101,2.0,3.0,24
2102,8.0,7.0,20
2103,5.0,3.0,21
2104,5.0,7.0,20
2105,10.0,10.0,21
2106,10.0,9.0,24
2107,8.0,9.0,22
2108,10.0,8.0,18
2109,4.0,5.0,18
2110,5.0,5.0,18
2111,9.0,10.0,23
2112,4.0,4.0,18
2113,5.0,4.0,24
2114,3.0,1.0,20
2115,10.0,9.0,19
2116,6.0,4.0,19
2117,1.0,0.0,18
2118,3.0,3.0,20
2119,0.0,0.0,22
2120,7.0,7.0,23
2121,7.0,9.0,20
2122,1.0,0.0,18
2123,10.0,8.0,24
2124,1.0,2.0,22
2125,8.0,9.0,20
2126,2.0,2.0,19
2127,1.0,0.0,23
2128,7.0,7.0,19
2129,5.0,3.0,22
2130,3.0,2.0,21
2131,2.0,3.0,19
2132,10.0,10.0,22
2133,3.0,4.0,24
2134,10.0,10.0,24
2135,4.0,4.0,22
2136,10.0,10.0,18
2137,9.0,10.0,20
2138,8.0,8.0,20
2139,9.0,10.0,18
2140,5.0,4.0,20
2141,7.0,7.0,21
2142,0.0,2.0,23
2143,8.0,8.0,21
2144,4.0,2.0,21
2145,5.0,4.0,21
2146,4.0,4.0,18
2147,6.0,7.0,21
2148,10.0,10.0,23
2149,4.0,4.0,24
2150,8.0,6.0,24
2151,3.0,5.0,21
2152,2.0,1.0,18
2153,0.0,0.0,23
2154,8.0,6.0,20
2155,6.0,4.0,19
2156,0.0,0.0,20
2157,10.0,10.0,19
2158,9.0,10.0,20
2159,6.0,4.0,20
2160,4.0,4.0,24
2161,0.0,0.0,24
2162,7.0,8.0,20
2163,10.0,8.0,18
2164,5.0,7.0,23
2165,1.0,3.0,21
2166,3.0,1.0,24
2167,9.0,8.0,24
2168,6.0,5.0,20
2169,4.0,3.0,18
2170,2.0,1.0,19
2171,4.0,6.0,24
2172,0.0,2.0,20
2173,9.0,7.0,20
2174,8.0,8.0,18
2175,8.0,9.0,19
2176,8.0,9.0,23
2177,4.0,6.0,20
2178,5.0,3.0,22
2179,7.0,8.0,21
2180,4.0,2.0,20
2181,3.0,3.0,18
2182,6.0,8.0,21
2183,2.0,1.0,18
2184,1.0,3.0,22
2185,10.0,10.0,22
2186,9.0,7.0,19
2187,4.0,3.0,21
2188,1.0,1.0,24
2189,9.0,8.0,19
2190,10.0,10.0,23
2191,0.0,0.0,22
2192,7.0,8.0,23
2193,3.0,2.0,18
2194,4.0,2.0,19
2195,9.0,10.0,22
2196,6.0,8.0,18
2197,8.0,6.0,20
2198,1.0,3.0,19
2199,10.0,10.0,22
2200,7.0,5.0,22
2201,1.0,0.0,18
2202,2.0,1.0,23
2203,5.0,5.0,21
2204,3.0,3.0,23
2205,8.0,10.0,24
2206,10.0,9.0,18
2207,2.0,3.0,22
2208,5.0,5.0,23
2209,4.0,3.0,20
2210,3.0,1.0,23
2211,10.0,9.0,24
2212,4.0,6.0,20
2213,8.0,10.0,22
2214,7.0,8.0,18
2215,4.0,4.0,18
2216,0.0,0.0,21
2217,10.0,9.0,24
2218,6.0,6.0,22
2219,6.0,6.0,20
2220,1.0,1.0,24
2221,7.0,7.0,23
2222,10.0,9.0,20
2223,1.0,3.0,20
2224,7.0,5.0,24
2225,5.0,3.0,23
2226,9.0,10.0,20
2227,1.0,2.0,22
2228,8.0,6.0,20
2229,9.0,9.0,22
2230,10.0,10.0,19
2231,5.0,3.0,21
2232,6.0,6.0,19
2233,2.0,0.0,18
2234,8.0,6.0,19
2235,0.0,2.0,19
2236,7.0,6.0,23
2237,1.0,0.0,18
2238,6.0,7.0,23
2239,4.0,2.0,18
2240,2.0,3.0,20
2241,1.0,1.0,21
2242,4.0,5.0,19
2243,7.0,9.0,24
2244,9.0,10.0,18
2245,3.0,3.0,21
2246,10.0,10.0,18
2247,1.0,2.0,21
2248,4.0,4.0,23
2249,10.0,10.0,24
2250,8.0,10.0,21
2251,2.0,2.0,21
2252,0.0,2.0,23
2253,0.0,0.0,24
2254,7.0,8.0,21
2255,8.0,8.0,19
2256,7.0,9.0,23
2257,3.0,5.0,20
2258,3.0,4.0,21
2259,3.0,5.0,24
2260,2.0,3.0,21
2261,6.0,8.0,22
2262,7.0,5.0,20
2263,7.0,8.0,24
2264,0.0,0.0,23
2265,7.0,6.0,19
2266,4.0,4.0,22
2267,2.0,3.0,24
2268,10.0,10.0,21
2269,0.0,1.0,24
2270,10.0,10.0,21
2271,3.0,5.0,21
2272,7.0,7.0,19
2273,6.0,5.0,19
2274,4.0,5.0,19
2275,1.0,3.0,21
2276,3.0,4.0,21
2277,8.0,9.0,20
2278,0.0,0.0,18
2279,6.0,6.0,21
2280,5.0,3.0,19
2281,2.0,0.0,19
2282,10.0,8.0,22
2283,3.0,5.0,21
2284,0.0,0.0,21
2285,10.0,9.0,20
2286,2.0,1.0,24
2287,3.0,4.0,24
2288,8.0,9.0,19
2289,6.0,8.0,22
2290,6.0,4.0,22
2291,7.0,8.0,19
2292,7.0,5.0,22
2293,3.0,4.0,24
2294,8.0,8.0,18
2295,6.0,5.0,24
2296,10.0,9.0,22
2297,4.0,2.0,22
2298,1.0,0.0,19
2299,8.0,8.0,18
2300,1.0,2.0,23
2301,10.0,10.0,20
2302,7.0,6.0,20
2303,7.0,6.0,24
2304,6.0,8.0,22
2305,4.0,6.0,23
2306,1.0,0.0,19
2307,0.0,2.0,20
2308,1.0,0.0,18
2309,0.0,0.0,22
2310,5.0,4.0,22
2311,1.0,0.0,19
2312,9.0,7.0,20
2313,3.0,5.0,20
2314,0.0,1.0,20
2315,10.0,8.0,22
2316,2.0,2.0,18
2317,1.0,1.0,22
2318,3.0,1.0,18
2319,8.0,9.0,21
2320,1.0,2.0,19
2321,7.0,6.0,21
2322,8.0,10.0,20
2323,3.0,1.0,19
2324,3.0,5.0,23
2325,10.0,9.0,24
2326,7.0,6.0,21
2327,6.0,8.0,18
2328,0.0,2.0,21
2329,0.0,0.0,23
2330,9.0,10.0,21
2331,7.0,9.0,21
2332,9.0,9.0,24
2333,7.0,7.0,24
2334,2.0,4.0,23
2335,10.0,9.0,23
2336,6.0,4.0,22
2337,5.0,5.0,24
2338,7.0,8.0,21
2339,4.0,6.0,18
2340,2.0,3.0,22
2341,1.0,1.0,18
2342,10.0,10.0,21
2343,0.0,0.0,22
2344,6.0,5.0,19
2345,2.0,1.0,22
2346,4.0,3.0,24
2347,2.0,1.0,24
2348,4.0,6.0,24
2349,4.0,5.0,23
2350,6.0,4.0,19
2351,6.0,8.0,24
2352,9.0,10.0,19
2353,6.0,7.0,21
2354,7.0,8.0,19
2355,0.0,0.0,22
2356,7.0,5.0,21
2357,10.0,10.0,18
2358,9.0,10.0,20
2359,0.0,1.0,19
2360,7.0,5.0,23
2361,5.0,3.0,23
2362,3.0,1.0,23
2363,6.0,5.0,23
2364,2.0,2.0,21
2365,10.0,10.0,24
2366,1.0,0.0,24
2367,3.0,3.0,21
2368,5.0,5.0,20
2369,9.0,7.0,21
2370,4.0,3.0,20
2371,5.0,3.0,21
2372,4.0,6.0,20
2373,8.0,9.0,18
2374,1.0,0.0,21
2375,6.0,4.0,24
2376,4.0,6.0,20
2377,2.0,0.0,23
2378,7.0,6.0,20
2379,0.0,0.0,18
2380,8.0,9.0,22
2381,9.0,7.0,19
2382,2.0,3.0,22
2383,7.0,6.0,23
2384,8.0,10.0,20
2385,3.0,3.0,24
2386,0.0,2.0,22
2387,10.0,10.0,18
2388,6.0,5.0,22
2389,7.0,6.0,20
2390,1.0,2.0,21
2391,10.0,10.0,20
2392,0.0,2.0,20
2393,7.0,8.0,24
2394,3.0,1.0,21
2395,4.0,3.0,20
2396,2.0,1.0,22
2397,7.0,7.0,19
2398,0.0,2.0,21
2399,5.0,3.0,23
2400,2.0,0.0,18
2401,8.0,6.0,20
2402,9.0,8.0,19
2403,9.0,8.0,19
2404,9.0,9.0,18
2405,3.0,1.0,19
2406,8.0,8.0,22
2407,5.0,5.0,18
2408,4.0,2.0,22
2409,10.0,9.0,22
2410,1.0,2.0,21
2411,7.0,7.0,20
2412,7.0,8.0,20
2413,7.0,8.0,21
2414,0.0,0.0,22
2415,10.0,10.0,22
2416,7.0,5.0,24
2417,0.0,1.0,24
2418,1.0,0.0,23
2419,2.0,4.0,20
2420,4.0,6.0,21
2421,4.0,3.0,24
2422,9.0,7.0,23
2423,1.0,0.0,20
2424,0.0,1.0,18
2425,8.0,9.0,22
2426,9.0,10.0,23
2427,0.0,0.0,19
2428,8.0,9.0,19
2429,2.0,2.0,19
2430,8.0,10.0,18
2431,4.0,5.0,24
2432,2.0,0.0,22
2433,3.0,1.0,20
2434,0.0,0.0,23
2435,1.0,0.0,22
2436,3.0,1.0,19
2437,5.0,4.0,23
2438,4.0,3.0,20
2439,6.0,4.0,20
2440,0.0,1.0,21
2441,10.0,9.0,24
2442,2.0,3.0,23
2443,2.0,4.0,18
2444,9.0,10.0,23
2445,10.0,10.0,22
2446,5.0,6.0,24
2447,7.0,8.0,20
2448,3.0,2.0,20
2449,5.0,3.0,19
2450,2.0,1.0,22
2451,3.0,5.0,23
2452,7.0,6.0,21
2453,5.0,6.0,18
2454,8.0,8.0,23
2455,5.0,4.0,20
2456,6.0,7.0,18
2457,5.0,5.0,21
2458,8.0,8.0,24
2459,8.0,10.0,23
2460,8.0,7.0,20
2461,1.0,3.0,21
2462,7.0,8.0,18
2463,2.0,4.0,23
2464,7.0,5.0,23
2465,8.0,10.0,23
2466,3.0,5.0,22
2467,5.0,5.0,19
2468,3.0,1.0,23
2469,5.0,7.0,18
2470,9.0,10.0,20
2471,4.0,2.0,21
2472,0.0,0.0,18
2473,4.0,6.0,24
2474,7.0,7.0,23
2475,0.0,1.0,23
2476,4.0,3.0,21
2477,3.0,4.0,18
2478,7.0,5.0,20
2479,8.0,8.0,23
2480,6.0,6.0,23
2481,6.0,8.0,18
2482,7.0,5.0,19
2483,3.0,4.0,21
2484,5.0,6.0,19
2485,9.0,9.0,23
2486,7.0,5.0,19
2487,7.0,8.0,20
2488,7.0,9.0,21
2489,5.0,6.0,21
2490,8.0,9.0,21
2491,9.0,10.0,20
2492,10.0,10.0,24
2493,2.0,0.0,20
2494,6.0,8.0,22
2495,3.0,4.0,18
2496,2.0,4.0,18
2497,4.0,5.0,23
2498,7.0,9.0,22
2499,4.0,5.0,20
2500,4.0,5.0,24
2501,9.0,7.0,22
2502,3.0,4.0,22
2503,8.0,6.0,19
2504,5.0,7.0,23
2505,8.0,8.0,24
2506,10.0,10.0,24
2507,8.0,9.0,24
2508,7.0,7.0,20
2509,2.0,3.0,20
2510,8.0,6.0,22
2511,6.0,6.0,24
2512,10.0,10.0,20
2513,2.0,4.0,20
2514,0.0,2.0,21
2515,2.0,4.0,23
2516,1.0,0.0,18
2517,0.0,0.0,22
2518,2.0,0.0,23
2519,0.0,0.0,23
2520,5.0,6.0,24
2521,2.0,1.0,20
2522,4.0,3.0,24
2523,0.0,0.0,18
2524,4.0,4.0,20
2525,4.0,3.0,21
2526,6.0,6.0,21
2527,4.0,5.0,19
2528,6.0,4.0,19
2529,8.0,10.0,18
2530,0.0,0.0,18
2531,6.0,7.0,24
2532,9.0,10.0,23
2533,4.0,2.0,18
2534,7.0,9.0,21
2535,7.0,9.0,18
2536,10.0,10.0,18
2537,8.0,9.0,23
2538,4.0,5.0,18
2539,10.0,10.0,19
2540,5.0,4.0,20
2541,4.0,5.0,24
2542,0.0,0.0,23
2543,5.0,3.0,18
2544,0.0,2.0,24
2545,1.0,2.0,22
2546,3.0,3.0,23
2547,1.0,2.0,23
2548,4.0,5.0,24
2549,1.0,0.0,20
2550,5.0,5.0,24
2551,6.0,8.0,18
2552,10.0,10.0,21
2553,6.0,6.0,23
2554,7.0,9.0,18
2555,7.0,6.0,18
2556,2.0,1.0,21
2557,10.0,10.0,20
2558,10.0,9.0,23
2559,3.0,1.0,21
2560,2.0,2.0,19
2561,8.0,6.0,19
2562,0.0,0.0,18
2563,2.0,2.0,20
2564,5.0,7.0,24
2565,5.0,4.0,23
2566,10.0,8.0,22
2567,8.0,7.0,24
2568,2.0,4.0,21
2569,2.0,2.0,19
2570,4.0,3.0,18
2571,10.0,10.0,21
2572,4.0,3.0,22
2573,10.0,10.0,19
2574,10.0,10.0,20
2575,6.0,5.0,18
2576,7.0,8.0,22
2577,4.0,5.0,24
2578,3.0,5.0,24
2579,10.0,10.0,22
2580,3.0,3.0,19
2581,7.0,5.0,24
2582,1.0,0.0,22
2583,7.0,9.0,21
2584,3.0,2.0,19
2585,1.0,0.0,20
2586,7.0,9.0,19
2587,1.0,2.0,19
2588,10.0,10.0,20
2589,6.0,6.0,20
2590,4.0,4.0,24
2591,8.0,7.0,18
2592,2.0,2.0,24
2593,10.0,8.0,23
2594,6.0,8.0,22
2595,9.0,7.0,21
2596,3.0,5.0,18
2597,9.0,8.0,18
2598,6.0,6.0,21
2599,5.0,6.0,21
2600,5.0,3.0,23
2601,3.0,3.0,21
2602,10.0,10.0,21
2603,7.0,6.0,20
2604,4.0,5.0,19
2605,9.0,10.0,19
2606,8.0,7.0,22
2607,7.0,7.0,21
2608,7.0,7.0,20
2609,2.0,1.0,21
2610,0.0,2.0,19
2611,1.0,2.0,24
2612,7.0,6.0,21
2613,2.0,1.0,24
2614,2.0,1.0,21
2615,5.0,3.0,24
2616,10.0,10.0,20
2617,6.0,5.0,24
2618,0.0,0.0,23
2619,3.0,3.0,21
2620,4.0,4.0,20
2621,8.0,7.0,22
2622,2.0,4.0,22
2623,4.0,5.0,19
2624,1.0,3.0,22
2625,8.0,8.0,24
2626,5.0,7.0,18
2627,1.0,2.0,19
2628,2.0,3.0,23
2629,9.0,10.0,21
2630,9.0,9.0,18
2631,9.0,9.0,24
2632,2.0,2.0,22
2633,9.0,7.0,22
2634,8.0,6.0,24
2635,10.0,10.0,20
2636,4.0,2.0,19
2637,4.0,4.0,23
2638,2.0,3.0,19
2639,1.0,2.0,21
2640,8.0,8.0,22
2641,1.0,3.0,23
2642,5.0,5.0,20
2643,7.0,9.0,23
2644,9.0,7.0,23
2645,3.0,1.0,20
2646,2.0,1.0,23
2647,9.0,10.0,23
2648,7.0,6.0,23
2649,3.0,5.0,23
2650,6.0,8.0,24
2651,10.0,9.0,23
2652,1.0,0.0,24
2653,2.0,4.0,18
2654,9.0,10.0,20
2655,9.0,9.0,18
2656,0.0,1.0,20
2657,3.0,1.0,24
2658,5.0,5.0,23
2659,9.0,10.0,23
2660,3.0,3.0,24
2661,1.0,0.0,24
2662,6.0,8.0,20
2663,5.0,6.0,24
2664,1.0,2.0,19
2665,4.0,6.0,21
2666,7.0,6.0,22
2667,8.0,8.0,18
2668,2.0,4.0,24
2669,9.0,10.0,20
2670,10.0,10.0,19
2671,10.0,8.0,22
2672,3.0,3.0,21
2673,8.0,8.0,24
2674,9.0,8.0,20
2675,2.0,4.0,22
2676,8.0,8.0,21
2677,7.0,7.0,24
2678,5.0,6.0,19
2679,10.0,10.0,18
2680,1.0,3.0,23
2681,8.0,10.0,20
2682,10.0,10.0,20
2683,9.0,10.0,23
2684,6.0,6.0,21
2685,3.0,2.0,23
2686,9.0,10.0,24
2687,4.0,4.0,21
2688,3.0,4.0,21
2689,4.0,3.0,18
2690,5.0,6.0,18
2691,9.0,10.0,18
2692,8.0,8.0,18
2693,7.0,6.0,18
2694,10.0,10.0,20
2695,9.0,10.0,20
2696,9.0,7.0,18
2697,4.0,3.0,22
2698,5.0,6.0,19
2699,6.0,7.0,18
2700,9.0,8.0,23
2701,3.0,4.0,23
2702,0.0,1.0,22
2703,2.0,3.0,21
2704,5.0,3.0,18
2705,7.0,5.0,20
2706,7.0,6.0,23
2707,10.0,10.0,20
2708,10.0,9.0,24
2709,6.0,5.0,24
2710,9.0,10.0,18
2711,3.0,3.0,21
2712,4.0,3.0,20
2713,5.0,4.0,24
2714,8.0,10.0,24
2715,7.0,8.0,19
2716,7.0,9.0,23
2717,8.0,10.0,20
2718,3.0,3.0,21
2719,9.0,7.0,19
2720,2.0,1.0,22
2721,4.0,6.0,21
2722,9.0,9.0,24
2723,2.0,1.0,23
2724,0.0,0.0,18
2725,6.0,6.0,18
2726,10.0,10.0,19
2727,8.0,10.0,23
2728,2.0,1.0,23
2729,7.0,5.0,23
2730,9.0,10.0,22
2731,9.0,7.0,19
2732,5.0,6.0,18
2733,7.0,7.0,23
2734,8.0,6.0,24
2735,4.0,4.0,20
2736,4.0,4.0,19
2737,6.0,6.0,19
2738,1.0,0.0,24
2739,0.0,2.0,21
2740,7.0,9.0,21
2741,0.0,1.0,19
2742,9.0,8.0,24
2743,3.0,1.0,18
2744,8.0,8.0,18
2745,7.0,5.0,22
2746,9.0,10.0,24
2747,9.0,7.0,21
2748,9.0,7.0,20
2749,9.0,9.0,23
2750,10.0,8.0,22
2751,0.0,2.0,19
2752,3.0,1.0,23
2753,4.0,3.0,22
2754,4.0,5.0,23
2755,4.0,4.0,19
2756,3.0,5.0,22
2757,10.0,10.0,19
2758,1.0,2.0,22
2759,3.0,5.0,18
2760,2.0,0.0,20
2761,10.0,8.0,23
2762,8.0,7.0,21
2763,9.0,10.0,24
2764,0.0,2.0,19
2765,4.0,3.0,20
2766,0.0,2.0,24
2767,5.0,3.0,24
2768,7.0,5.0,18
2769,10.0,10.0,18
2770,9.0,10.0,22
2771,3.0,2.0,21
2772,0.0,0.0,20
2773,9.0,9.0,18
2774,10.0,9.0,23
2775,0.0,0.0,18
2776,6.0,5.0,21
2777,8.0,10.0,23
2778,9.0,9.0,18
2779,9.0,10.0,18
2780,9.0,7.0,20
2781,4.0,4.0,20
2782,4.0,2.0,19
2783,8.0,9.0,24
2784,0.0,1.0,24
2785,3.0,4.0,20
2786,7.0,8.0,19
2787,8.0,7.0,18
2788,1.0,0.0,24
2789,6.0,5.0,18
2790,1.0,0.0,21
2791,4.0,5.0,23
2792,5.0,5.0,18
2793,10.0,10.0,18
2794,6.0,5.0,18
2795,1.0,3.0,19
2796,9.0,10.0,18
2797,3.0,5.0,21
2798,7.0,9.0,22
2799,3.0,2.0,21
2800,9.0,10.0,21
2801,3.0,1.0,18
2802,10.0,10.0,20
2803,4.0,6.0,23
2804,4.0,2.0,21
2805,9.0,7.0,19
2806,4.0,2.0,19
2807,2.0,3.0,20
2808,8.0,9.0,18
2809,1.0,0.0,24
2810,8.0,6.0,21
2811,4.0,6.0,19
2812,9.0,7.0,23
2813,0.0,0.0,18
2814,7.0,9.0,22
2815,2.0,4.0,23
2816,6.0,8.0,22
2817,2.0,4.0,24
2818,3.0,5.0,24
2819,4.0,5.0,20
2820,9.0,10.0,21
2821,5.0,3.0,18
2822,1.0,3.0,24
2823,1.0,2.0,24
2824,3.0,1.0,23
2825,1.0,0.0,21
2826,1.0,3.0,19
2827,3.0,3.0,20
2828,10.0,10.0,20
2829,1.0,3.0,23
2830,2.0,2.0,24
2831,6.0,4.0,23
2832,0.0,2.0,20
2833,1.0,3.0,21
2834,10.0,10.0,18
2835,1.0,2.0,20
2836,7.0,7.0,24
2837,3.0,5.0,24
2838,0.0,0.0,18
2839,1.0,2.0,22
2840,7.0,5.0,20
2841,4.0,4.0,21
2842,5.0,5.0,21
2843,8.0,6.0,21
2844,10.0,8.0,22
2845,5.0,3.0,19
2846,8.0,8.0,23
2847,6.0,4.0,18
2848,6.0,8.0,24
2849,0.0,0.0,22
2850,0.0,1.0,19
2851,2.0,2.0,22
2852,2.0,0.0,23
2853,4.0,6.0,23
2854,1.0,3.0,21
2855,3.0,2.0,18
2856,8.0,8.0,24
2857,8.0,6.0,22
2858,1.0,3.0,18
2859,1.0,3.0,21
2860,5.0,6.0,20
2861,7.0,9.0,24
2862,0.0,2.0,19
2863,7.0,9.0,21
2864,2.0,4.0,21
2865,9.0,7.0,18
2866,8.0,9.0,22
2867,10.0,8.0,20
2868,6.0,4.0,19
2869,3.0,2.0,18
2870,4.0,3.0,18
2871,1.0,0.0,20
2872,9.0,9.0,24
2873,9.0,7.0,23
2874,8.0,6.0,22
2875,10.0,10.0,21
2876,9.0,7.0,21
2877,2.0,2.0,20
2878,2.0,2.0,23
2879,1.0,0.0,22
2880,9.0,10.0,20
2881,3.0,1.0,23
2882,9.0,10.0,24
2883,5.0,5.0,23
2884,4.0,6.0,19
2885,8.0,9.0,19
2886,3.0,3.0,18
2887,7.0,6.0,23
2888,6.0,6.0,20
2889,9.0,8.0,24
2890,3.0,5.0,24
2891,4.0,4.0,19
2892,8.0,9.0,23
2893,4.0,6.0,23
2894,6.0,6.0,24
2895,3.0,1.0,20
2896,7.0,6.0,18
2897,8.0,8.0,18
2898,3.0,2.0,20
2899,8.0,6.0,23
2900,7.0,7.0,21
2901,10.0,10.0,22
2902,4.0,3.0,18
2903,9.0,8.0,18
2904,7.0,8.0,20
2905,3.0,4.0,18
2906,5.0,4.0,20
2907,6.0,4.0,22
2908,5.0,4.0,23
2909,5.0,3.0,18
2910,9.0,8.0,24
2911,0.0,2.0,18
2912,7.0,7.0,20
2913,3.0,5.0,22
2914,10.0,10.0,23
2915,3.0,1.0,23
2916,9.0,10.0,24
2917,3.0,1.0,19
2918,7.0,9.0,24
2919,9.0,10.0,20
2920,9.0,10.0,21
2921,9.0,10.0,19
2922,2.0,2.0,24
2923,2.0,4.0,22
2924,1.0,3.0,18
2925,0.0,0.0,22
2926,10.0,10.0,19
2927,7.0,7.0,23
2928,4.0,3.0,23
2929,1.0,1.0,18
2930,6.0,8.0,19
2931,1.0,0.0,21
2932,4.0,2.0,21
2933,3.0,4.0,22
2934,7.0,9.0,19
2935,9.0,10.0,19
2936,8.0,8.0,23
2937,0.0,1.0,20
2938,4.0,3.0,21
2939,10.0,10.0,20
2940,8.0,8.0,20
2941,6.0,7.0,21
2942,8.0,7.0,24
2943,7.0,8.0,21
2944,1.0,0.0,22
2945,2.0,2.0,22
2946,7.0,5.0,23
2947,10.0,10.0,19
2948,9.0,9.0,18
2949,0.0,0.0,24
2950,10.0,10.0,23
2951,10.0,10.0,19
2952,3.0,5.0,24
2953,5.0,6.0,21
2954,1.0,0.0,24
2955,6.0,5.0,23
2956,8.0,10.0,19
2957,3.0,4.0,22
2958,4.0,5.0,20
2959,7.0,6.0,21
2960,10.0,10.0,21
2961,4.0,5.0,18
2962,5.0,5.0,21
2963,4.0,3.0,22
2964,2.0,3.0,20
2965,5.0,5.0,19
2966,0.0,0.0,18
2967,9.0,10.0,22
2968,4.0,3.0,22
2969,8.0,9.0,18
2970,1.0,0.0,20
2971,0.0,1.0,21
2972,6.0,7.0,18
2973,3.0,2.0,22
2974,9.0,8.0,23
2975,10.0,10.0,20
2976,8.0,10.0,23
2977,6.0,6.0,22
2978,0.0,0.0,18
2979,1.0,0.0,21
2980,8.0,9.0,21
2981,8.0,6.0,24
2982,2.0,4.0,22
2983,10.0,9.0,19
2984,10.0,9.0,20
2985,7.0,9.0,18
2986,10.0,10.0,18
2987,5.0,3.0,18
2988,0.0,0.0,23
2989,2.0,4.0,19
2990,3.0,5.0,18
2991,1.0,0.0,19
2992,7.0,5.0,22
2993,8.0,10.0,24
2994,5.0,4.0,24
2995,4.0,2.0,22
2996,10.0,10.0,22
2997,7.0,6.0,22
2998,8.0,7.0,22
2999,2.0,3.0,24
3000,1.0,0.0,21
3001,10.0,8.0,18
3002,1.0,0.0,20
3003,5.0,7.0,23
3004,2.0,2.0,22
3005,5.0,4.0,21
3006,1.0,2.0,18
3007,0.0,0.0,18
3008,2.0,2.0,18
3009,10.0,9.0,20
3010,5.0,6.0,18
3011,3.0,3.0,23
3012,3.0,3.0,20
3013,4.0,2.0,22
3014,5.0,6.0,19
3015,7.0,9.0,18
3016,0.0,1.0,22
3017,5.0,7.0,19
3018,7.0,9.0,19
3019,0.0,0.0,19
3020,6.0,6.0,19
3021,9.0,9.0,24
3022,9.0,7.0,21
3023,7.0,9.0,24
3024,1.0,3.0,22
3025,3.0,1.0,21
3026,3.0,3.0,23
3027,7.0,7.0,20
3028,5.0,4.0,21
3029,6.0,5.0,22
3030,0.0,0.0,21
3031,8.0,10.0,18
3032,9.0,10.0,22
3033,6.0,6.0,23
3034,9.0,9.0,18
3035,6.0,8.0,21
3036,1.0,0.0,18
3037,2.0,1.0,24
3038,0.0,1.0,23
3039,2.0,1.0,22
3040,9.0,10.0,19
3041,9.0,10.0,21
3042,2.0,0.0,21
3043,9.0,7.0,19
3044,7.0,9.0,22
3045,1.0,1.0,23
3046,5.0,3.0,22
3047,8.0,9.0,21
3048,8.0,9.0,22
3049,10.0,10.0,22
3050,2.0,4.0,22
3051,4.0,3.0,24
3052,10.0,9.0,18
3053,5.0,4.0,18
3054,4.0,4.0,24
3055,4.0,6.0,23
3056,3.0,4.0,23
3057,9.0,8.0,22
3058,4.0,6.0,22
3059,3.0,4.0,19
3060,9.0,9.0,18
3061,10.0,10.0,19
3062,4.0,4.0,21
3063,8.0,9.0,24
3064,4.0,3.0,20
3065,9.0,7.0,21
3066,8.0,6.0,19
3067,7.0,5.0,21
3068,1.0,1.0,20
3069,10.0,9.0,23
3070,9.0,10.0,18
3071,6.0,5.0,23
3072,3.0,3.0,24
3073,9.0,7.0,23
3074,2.0,0.0,22
3075,0.0,0.0,20
3076,2.0,1.0,18
3077,3.0,4.0,20
3078,3.0,2.0,21
3079,2.0,3.0,23
3080,9.0,10.0,23
3081,0.0,0.0,24
3082,7.0,5.0,22
3083,3.0,4.0,18
3084,4.0,3.0,23
3085,5.0,4.0,21
3086,5.0,5.0,24
3087,5.0,3.0,23
3088,3.0,5.0,21
3089,5.0,5.0,18
3090,1.0,0.0,18
3091,6.0,8.0,20
3092,8.0,10.0,23
3093,7.0,5.0,22
3094,0.0,0.0,21
3095,1.0,3.0,23
3096,10.0,8.0,24
3097,8.0,7.0,19
3098,7.0,5.0,18
3099,9.0,7.0,23
3100,5.0,3.0,24
3101,8.0,7.0,23
3102,3.0,5.0,20
3103,8.0,7.0,19
3104,2.0,2.0,23
3105,2.0,0.0,20
3106,10.0,10.0,18
3107,9.0,9.0,21
3108,9.0,10.0,22
3109,7.0,5.0,22
3110,0.0,0.0,18
3111,1.0,2.0,18
3112,8.0,6.0,22
3113,2.0,4.0,24
3114,1.0,1.0,19
3115,8.0,10.0,24
3116,10.0,10.0,20
3117,9.0,9.0,18
3118,9.0,7.0,18
3119,5.0,5.0,21
3120,5.0,6.0,22
3121,7.0,7.0,23
3122,4.0,2.0,19
3123,0.0,1.0,22
3124,1.0,1.0,20
3125,1.0,3.0,22
3126,7.0,9.0,24
3127,6.0,6.0,20
3128,6.0,7.0,20
3129,2.0,1.0,18
3130,3.0,3.0,18
3131,3.0,5.0,21
3132,3.0,2.0,23
3133,2.0,2.0,21
3134,1.0,3.0,24
3135,5.0,4.0,21
3136,6.0,5.0,18
3137,9.0,10.0,19
3138,0.0,1.0,19
3139,8.0,8.0,22
3140,4.0,6.0,22
3141,6.0,8.0,22
3142,6.0,5.0,23
3143,8.0,6.0,20
3144,4.0,3.0,21
3145,5.0,5.0,23
3146,1.0,0.0,19
3147,10.0,8.0,18
3148,5.0,4.0,20
3149,3.0,1.0,20
3150,1.0,1.0,19
3151,0.0,0.0,22
3152,2.0,3.0,23
3153,2.0,4.0,18
3154,9.0,10.0,19
3155,10.0,10.0,18
3156,1.0,0.0,20
3157,6.0,6.0,21
3158,4.0,4.0,22
3159,7.0,7.0,19
3160,9.0,9.0,21
3161,4.0,5.0,23
3162,1.0,2.0,24
3163,0.0,0.0,18
3164,7.0,5.0,21
3165,10.0,9.0,19
3166,0.0,0.0,18
3167,10.0,10.0,23
3168,1.0,1.0,18
3169,1.0,1.0,22
3170,4.0,4.0,22
3171,2.0,4.0,24
3172,1.0,2.0,23
3173,7.0,7.0,24
3174,10.0,9.0,19
3175,6.0,7.0,19
3176,3.0,5.0,20
3177,5.0,5.0,22
3178,2.0,3.0,23
3179,3.0,3.0,22
3180,8.0,7.0,24
3181,5.0,3.0,21
3182,8.0,8.0,21
3183,3.0,4.0,22
3184,2.0,1.0,23
3185,10.0,10.0,21
3186,10.0,10.0,18
3187,1.0,2.0,24
3188,0.0,0.0,22
3189,10.0,10.0,21
3190,3.0,3.0,21
3191,4.0,3.0,23
3192,7.0,5.0,21
3193,9.0,10.0,24
3194,1.0,0.0,18
3195,9.0,7.0,20
3196,6.0,6.0,21
3197,8.0,9.0,19
3198,10.0,10.0,19
3199,0.0,0.0,20
3200,2.0,1.0,24
3201,0.0,0.0,23
3202,8.0,7.0,22
3203,0.0,0.0,23
3204,3.0,1.0,20
3205,6.0,7.0,18
3206,3.0,1.0,23
3207,3.0,1.0,22
3208,1.0,1.0,24
3209,7.0,5.0,24
3210,8.0,10.0,20
3211,4.0,5.0,21
3212,3.0,5.0,19
3213,9.0,8.0,24
3214,3.0,2.0,22
3215,4.0,4.0,21
3216,4.0,2.0,23
3217,5.0,5.0,23
3218,5.0,7.0,21
3219,1.0,0.0,23
3220,8.0,6.0,21
3221,8.0,8.0,24
3222,7.0,7.0,22
3223,6.0,7.0,21
3224,8.0,6.0,18
3225,7.0,6.0,22
3226,7.0,9.0,23
3227,3.0,5.0,20
3228,5.0,3.0,20
3229,5.0,7.0,19
3230,4.0,5.0,19
3231,10.0,8.0,21
3232,6.0,7.0,21
3233,7.0,8.0,20
3234,2.0,3.0,19
3235,5.0,3.0,23
3236,2.0,3.0,21
3237,4.0,3.0,23
3238,5.0,6.0,21
3239,9.0,8.0,23
3240,1.0,0.0,19
3241,7.0,8.0,20
3242,6.0,4.0,22
3243,4.0,5.0,24
3244,4.0,5.0,18
3245,10.0,10.0,21
3246,10.0,8.0,22
3247,4.0,5.0,20
3248,3.0,2.0,24
3249,4.0,4.0,23
3250,8.0,9.0,19
3251,7.0,7.0,21
3252,4.0,4.0,19
3253,6.0,5.0,19
3254,5.0,3.0,22
3255,0.0,1.0,20
3256,4.0,2.0,22
3257,5.0,7.0,19
3258,10.0,10.0,24
3259,10.0,10.0,22
3260,1.0,0.0,22
3261,6.0,4.0,22
3262,9.0,7.0,21
3263,10.0,10.0,18
3264,9.0,8.0,21
3265,8.0,8.0,22
3266,10.0,8.0,21
3267,6.0,6.0,23
3268,9.0,10.0,22
3269,4.0,2.0,24
3270,6.0,4.0,23
3271,3.0,4.0,21
3272,1.0,0.0,24
3273,8.0,6.0,19
3274,6.0,5.0,21
3275,5.0,4.0,20
3276,0.0,0.0,21
3277,4.0,6.0,19
3278,6.0,8.0,20
3279,2.0,2.0,20
3280,4.0,2.0,18
3281,9.0,8.0,18
3282,4.0,6.0,19
3283,1.0,0.0,18
3284,9.0,10.0,20
3285,1.0,2.0,19
3286,3.0,1.0,22
3287,1.0,2.0,24
3288,6.0,5.0,23
3289,4.0,5.0,21
3290,6.0,8.0,19
3291,4.0,3.0,20
3292,9.0,8.0,19
3293,2.0,0.0,24
3294,2.0,3.0,24
3295,3.0,1.0,22
3296,8.0,9.0,23
3297,1.0,3.0,21
3298,1.0,3.0,22
3299,3.0,5.0,23
3300,5.0,6.0,24
3301,7.0,5.0,24
3302,2.0,0.0,22
3303,7.0,7.0,21
3304,0.0,0.0,23
3305,9.0,8.0,23
3306,6.0,4.0,23
3307,5.0,6.0,23
3308,3.0,4.0,23
3309,6.0,8.0,22
3310,2.0,3.0,23
3311,7.0,7.0,23
3312,6.0,7.0,24
3313,5.0,3.0,19
3314,8.0,7.0,23
3315,10.0,10.0,20
3316,5.0,6.0,20
3317,5.0,7.0,21
3318,4.0,4.0,22
3319,5.0,6.0,19
3320,0.0,2.0,22
3321,3.0,4.0,23
3322,5.0,7.0,18
3323,2.0,0.0,21
3324,2.0,1.0,19
3325,5.0,7.0,20
3326,7.0,6.0,24
3327,2.0,4.0,20
3328,3.0,5.0,22
3329,5.0,7.0,23
3330,3.0,1.0,18
3331,4.0,2.0,20
3332,3.0,2.0,22
3333,6.0,4.0,18
3334,3.0,4.0,20
3335,8.0,10.0,19
3336,6.0,4.0,18
3337,6.0,4.0,20
3338,3.0,2.0,22
3339,10.0,10.0,23
3340,1.0,0.0,19
3341,1.0,0.0,20
3342,6.0,5.0,24
3343,5.0,5.0,20
3344,9.0,10.0,24
3345,5.0,6.0,20
3346,10.0,10.0,18
3347,9.0,9.0,21
3348,9.0,8.0,21
3349,8.0,10.0,23
3350,4.0,5.0,22
3351,8.0,6.0,22
3352,4.0,3.0,23
3353,8.0,7.0,20
3354,3.0,1.0,21
3355,5.0,6.0,20
3356,0.0,2.0,19
3357,4.0,6.0,23
3358,4.0,4.0,24
3359,6.0,7.0,20
3360,10.0,10.0,20
3361,0.0,0.0,18
3362,7.0,5.0,22
3363,3.0,4.0,19
3364,6.0,8.0,24
3365,5.0,7.0,20
3366,7.0,8.0,24
3367,9.0,10.0,23
3368,5.0,7.0,20
3369,1.0,0.0,21
3370,5.0,5.0,18
3371,7.0,9.0,19
3372,0.0,0.0,21
3373,3.0,5.0,20
3374,8.0,9.0,23
3375,2.0,3.0,19
3376,0.0,1.0,23
3377,7.0,6.0,24
3378,0.0,0.0,24
3379,0.0,0.0,24
3380,2.0,2.0,22
3381,6.0,7.0,24
3382,7.0,8.0,24
3383,10.0,10.0,20
3384,7.0,6.0,22
3385,3.0,4.0,19
3386,9.0,9.0,19
3387,6.0,7.0,20
3388,5.0,3.0,24
3389,1.0,2.0,21
3390,0.0,0.0,24
3391,3.0,5.0,19
3392,4.0,4.0,23
3393,9.0,7.0,18
3394,9.0,10.0,19
3395,2.0,4.0,23
3396,8.0,8.0,23
3397,4.0,6.0,22
3398,4.0,4.0,24
3399,8.0,10.0,22
3400,8.0,7.0,24
3401,4.0,5.0,23
3402,9.0,9.0,21
3403,2.0,0.0,20
3404,7.0,7.0,20
3405,9.0,10.0,23
3406,10.0,10.0,22
3407,0.0,1.0,18
3408,5.0,5.0,22
3409,0.0,2.0,20
3410,0.0,2.0,22
3411,10.0,10.0,20
3412,9.0,7.0,19
3413,0.0,1.0,20
3414,3.0,1.0,24
3415,0.0,0.0,20
3416,2.0,2.0,20
3417,8.0,9.0,18
3418,6.0,8.0,21
3419,8.0,7.0,21
3420,1.0,1.0,22
3421,0.0,2.0,24
3422,7.0,8.0,24
3423,7.0,7.0,22
3424,8.0,7.0,18
3425,0.0,0.0,19
3426,5.0,7.0,19
3427,3.0,2.0,22
3428,3.0,5.0,18
3429,3.0,5.0,22
3430,1.0,1.0,21
3431,7.0,9.0,23
3432,4.0,2.0,19
3433,0.0,0.0,24
3434,8.0,10.0,21
3435,5.0,4.0,18
3436,2.0,3.0,22
3437,4.0,6.0,23
3438,5.0,5.0,18
3439,2.0,3.0,24
3440,3.0,1.0,24
3441,0.0,0.0,20
3442,6.0,8.0,19
3443,0.0,1.0,22
3444,10.0,10.0,24
3445,9.0,10.0,22
3446,4.0,2.0,18
3447,8.0,10.0,24
3448,9.0,10.0,20
3449,5.0,6.0,21
3450,8.0,6.0,20
3451,3.0,1.0,18
3452,9.0,7.0,24
3453,1.0,2.0,23
3454,9.0,9.0,24
3455,1.0,3.0,24
3456,0.0,1.0,23
3457,10.0,10.0,23
3458,9.0,8.0,21
3459,4.0,2.0,21
3460,2.0,3.0,18
3461,5.0,3.0,18
3462,4.0,3.0,23
3463,6.0,6.0,19
3464,2.0,2.0,19
3465,4.0,3.0,22
3466,3.0,5.0,20
3467,5.0,6.0,18
3468,5.0,3.0,24
3469,5.0,5.0,18
3470,4.0,5.0,22
3471,9.0,10.0,19
3472,5.0,4.0,18
3473,0.0,0.0,23
3474,7.0,8.0,21
3475,0.0,2.0,23
3476,9.0,7.0,24
3477,2.0,2.0,23
3478,8.0,7.0,20
3479,9.0,10.0,19
3480,4.0,5.0,18
3481,2.0,2.0,22
3482,3.0,2.0,20
3483,5.0,3.0,19
3484,5.0,5.0,24
3485,5.0,5.0,20
3486,10.0,8.0,23
3487,1.0,0.0,18
3488,5.0,5.0,21
3489,2.0,4.0,18
3490,8.0,9.0,18
3491,4.0,5.0,22
3492,9.0,7.0,20
3493,1.0,0.0,19
3494,1.0,0.0,23
3495,5.0,7.0,23
3496,9.0,10.0,20
3497,5.0,3.0,21
3498,4.0,6.0,18
3499,5.0,4.0,23
3500,4.0,5.0,21
3501,1.0,0.0,22
3502,7.0,5.0,18
3503,6.0,4.0,24
3504,8.0,10.0,19
3505,8.0,10.0,24
3506,2.0,0.0,23
3507,0.0,0.0,23
3508,7.0,6.0,21
3509,0.0,1.0,21
3510,3.0,2.0,18
3511,0.0,0.0,23
3512,9.0,7.0,22
3513,0.0,0.0,20
3514,7.0,9.0,20
3515,3.0,5.0,20
3516,8.0,10.0,19
3517,8.0,7.0,20
3518,1.0,1.0,20
3519,5.0,5.0,24
3520,5.0,5.0,19
3521,3.0,4.0,24
3522,8.0,7.0,21
3523,1.0,3.0,22
3524,6.0,6.0,19
3525,10.0,8.0,23
3526,10.0,10.0,24
3527,8.0,6.0,24
3528,9.0,10.0,20
3529,10.0,10.0,24
3530,0.0,0.0,20
3531,4.0,6.0,21
3532,7.0,6.0,18
3533,6.0,5.0,18
3534,2.0,4.0,19
3535,1.0,0.0,18
3536,1.0,2.0,24
3537,5.0,3.0,19
3538,4.0,3.0,19
3539,0.0,0.0,18
3540,6.0,4.0,19
3541,7.0,7.0,19
3542,4.0,6.0,22
3543,4.0,4.0,23
3544,7.0,7.0,19
3545,6.0,5.0,22
3546,6.0,8.0,24
3547,3.0,4.0,24
3548,2.0,1.0,24
3549,10.0,9.0,21
3550,5.0,4.0,19
3551,7.0,7.0,19
3552,0.0,2.0,22
3553,7.0,5.0,19
3554,4.0,2.0,24
3555,0.0,1.0,23
3556,2.0,3.0,23
3557,2.0,0.0,24
3558,6.0,4.0,19
3559,6.0,5.0,23
3560,3.0,2.0,22
3561,5.0,5.0,23
3562,9.0,10.0,20
3563,1.0,0.0,21
3564,1.0,0.0,23
3565,2.0,3.0,18
3566,1.0,3.0,22
3567,10.0,10.0,19
3568,6.0,4.0,22
3569,8.0,8.0,22
3570,0.0,0.0,23
3571,7.0,7.0,21
3572,1.0,2.0,24
3573,1.0,0.0,18
3574,0.0,1.0,21
3575,5.0,3.0,20
3576,3.0,2.0,18
3577,10.0,10.0,23
3578,5.0,6.0,22
3579,9.0,8.0,23
3580,7.0,6.0,24
3581,10.0,10.0,18
3582,3.0,5.0,24
3583,10.0,10.0,21
3584,10.0,8.0,18
3585,0.0,0.0,18
3586,4.0,5.0,18
3587,1.0,3.0,22
3588,6.0,7.0,19
3589,10.0,9.0,18
3590,8.0,8.0,18
3591,6.0,8.0,20
3592,1.0,2.0,24
3593,1.0,0.0,19
3594,4.0,4.0,21
3595,3.0,1.0,23
3596,1.0,0.0,24
3597,10.0,10.0,19
3598,2.0,4.0,18
3599,4.0,6.0,24
3600,9.0,9.0,18
3601,0.0,0.0,19
3602,3.0,5.0,22
3603,2.0,1.0,19
3604,4.0,2.0,22
3605,2.0,3.0,20
3606,0.0,0.0,20
3607,7.0,9.0,24
3608,1.0,0.0,23
3609,1.0,1.0,21
3610,10.0,10.0,21
3611,10.0,8.0,23
3612,1.0,2.0,24
3613,1.0,2.0,21
3614,0.0,1.0,19
3615,8.0,7.0,18
3616,9.0,8.0,20
3617,1.0,1.0,19
3618,8.0,10.0,20
3619,2.0,1.0,22
3620,1.0,0.0,18
3621,0.0,2.0,23
3622,3.0,5.0,19
3623,3.0,2.0,20
3624,5.0,4.0,19
3625,7.0,6.0,20
3626,0.0,0.0,21
3627,5.0,4.0,23
3628,10.0,10.0,24
3629,1.0,2.0,20
3630,5.0,3.0,21
3631,3.0,3.0,22
3632,8.0,10.0,21
3633,3.0,1.0,20
3634,1.0,0.0,22
3635,7.0,5.0,24
3636,4.0,2.0,18
3637,4.0,6.0,19
3638,7.0,6.0,18
3639,8.0,8.0,21
3640,5.0,3.0,23
3641,6.0,5.0,24
3642,5.0,4.0,22
3643,10.0,10.0,21
3644,1.0,2.0,23
3645,6.0,4.0,18
3646,5.0,4.0,23
3647,5.0,7.0,18
3648,1.0,2.0,20
3649,5.0,3.0,21
3650,2.0,0.0,20
3651,3.0,4.0,21
3652,7.0,7.0,22
3653,2.0,2.0,24
3654,3.0,4.0,22
3655,6.0,8.0,21
3656,1.0,1.0,20
3657,4.0,5.0,19
3658,6.0,4.0,22
3659,0.0,0.0,21
3660,5.0,3.0,18
3661,7.0,8.0,23
3662,0.0,0.0,20
3663,3.0,5.0,24
3664,2.0,1.0,20
3665,3.0,4.0,18
3666,6.0,6.0,23
3667,1.0,0.0,18
3668,2.0,1.0,24
3669,6.0,8.0,20
3670,6.0,4.0,20
3671,5.0,4.0,20
3672,10.0,8.0,20
3673,0.0,2.0,23
3674,4.0,4.0,21
3675,0.0,2.0,22
3676,9.0,10.0,19
3677,6.0,6.0,22
3678,0.0,0.0,21
3679,7.0,8.0,19
3680,8.0,7.0,18
3681,4.0,3.0,18
3682,6.0,5.0,18
3683,0.0,1.0,21
3684,1.0,3.0,22
3685,2.0,2.0,24
3686,1.0,0.0,20
3687,2.0,4.0,20
3688,4.0,5.0,23
3689,4.0,3.0,20
3690,1.0,1.0,19
3691,7.0,6.0,19
3692,1.0,0.0,20
3693,3.0,1.0,21
3694,5.0,3.0,21
3695,9.0,10.0,22
3696,10.0,8.0,22
3697,10.0,10.0,21
3698,2.0,1.0,24
3699,10.0,10.0,24
3700,2.0,4.0,20
3701,8.0,7.0,21
3702,8.0,8.0,24
3703,10.0,10.0,22
3704,4.0,5.0,21
3705,4.0,5.0,24
3706,8.0,10.0,18
3707,4.0,6.0,19
3708,2.0,1.0,22
3709,1.0,2.0,21
3710,10.0,10.0,21
3711,0.0,1.0,22
3712,3.0,3.0,23
3713,2.0,2.0,19
3714,0.0,0.0,24
3715,5.0,4.0,20
3716,6.0,6.0,23
3717,4.0,6.0,19
3718,7.0,7.0,23
3719,0.0,0.0,24
3720,3.0,5.0,21
3721,6.0,4.0,22
3722,3.0,4.0,18
3723,6.0,5.0,18
3724,3.0,2.0,24
3725,8.0,9.0,21
3726,8.0,9.0,24
3727,9.0,9.0,19
3728,7.0,5.0,23
3729,3.0,2.0,19
3730,8.0,10.0,24
3731,10.0,8.0,22
3732,9.0,10.0,22
3733,0.0,0.0,21
3734,10.0,9.0,20
3735,7.0,7.0,23
3736,0.0,1.0,21
3737,10.0,10.0,22
3738,3.0,3.0,24
3739,4.0,4.0,23
3740,4.0,2.0,24
3741,6.0,6.0,19
3742,8.0,10.0,23
3743,10.0,9.0,22
3744,3.0,3.0,21
3745,7.0,5.0,21
3746,3.0,3.0,21
3747,0.0,1.0,23
3748,9.0,10.0,23
3749,10.0,10.0,19
3750,7.0,9.0,19
3751,1.0,0.0,23
3752,6.0,8.0,19
3753,2.0,4.0,20
3754,0.0,0.0,18
3755,1.0,3.0,23
3756,6.0,7.0,19
3757,9.0,7.0,22
3758,7.0,7.0,18
3759,6.0,5.0,22
3760,10.0,10.0,20
3761,0.0,0.0,21
3762,5.0,5.0,24
3763,6.0,7.0,18
3764,7.0,6.0,22
3765,4.0,4.0,19
3766,2.0,1.0,24
3767,9.0,7.0,23
3768,0.0,0.0,22
3769,7.0,8.0,19
3770,5.0,7.0,23
3771,0.0,0.0,18
3772,3.0,1.0,18
3773,3.0,1.0,24
3774,0.0,1.0,19
3775,3.0,2.0,19
3776,1.0,2.0,19
3777,4.0,3.0,22
3778,1.0,1.0,24
3779,0.0,0.0,22
3780,10.0,10.0,24
3781,9.0,8.0,22
3782,0.0,2.0,19
3783,8.0,10.0,24
3784,2.0,4.0,22
3785,0.0,1.0,20
3786,2.0,1.0,20
3787,6.0,6.0,20
3788,7.0,6.0,24
3789,1.0,0.0,18
3790,0.0,2.0,18
3791,1.0,1.0,24
3792,5.0,4.0,20
3793,2.0,1.0,24
3794,1.0,2.0,24
3795,2.0,4.0,18
3796,4.0,4.0,19
3797,6.0,4.0,20
3798,1.0,2.0,20
3799,8.0,8.0,22
3800,9.0,9.0,22
3801,6.0,7.0,23
3802,1.0,0.0,24
3803,10.0,8.0,21
3804,9.0,8.0,22
3805,0.0,1.0,19
3806,8.0,8.0,18
3807,10.0,8.0,24
3808,5.0,3.0,23
3809,7.0,9.0,18
3810,2.0,4.0,22
3811,9.0,9.0,20
3812,9.0,10.0,24
3813,2.0,3.0,20
3814,5.0,6.0,19
3815,3.0,3.0,23
3816,10.0,10.0,20
3817,3.0,1.0,22
3818,5.0,4.0,19
3819,2.0,3.0,18
3820,9.0,7.0,20
3821,6.0,5.0,18
3822,0.0,0.0,24
3823,8.0,8.0,20
3824,0.0,1.0,19
3825,1.0,0.0,24
3826,9.0,7.0,22
3827,0.0,2.0,21
3828,7.0,7.0,24
3829,0.0,0.0,20
3830,0.0,1.0,23
3831,0.0,0.0,21
3832,6.0,7.0,18
3833,5.0,7.0,23
3834,2.0,1.0,24
3835,7.0,8.0,21
3836,10.0,9.0,21
3837,6.0,4.0,20
3838,4.0,3.0,23
3839,0.0,0.0,24
3840,7.0,8.0,18
3841,5.0,3.0,22
3842,2.0,2.0,22
3843,2.0,0.0,19
3844,2.0,3.0,20
3845,3.0,3.0,22
3846,3.0,5.0,24
3847,3.0,5.0,22
3848,9.0,7.0,18
3849,7.0,8.0,22
3850,7.0,6.0,22
3851,6.0,5.0,18
3852,5.0,6.0,24
3853,8.0,10.0,23
3854,7.0,8.0,22
3855,0.0,1.0,24
3856,9.0,7.0,22
3857,1.0,3.0,19
3858,10.0,8.0,24
3859,0.0,0.0,20
3860,2.0,2.0,22
3861,1.0,0.0,20
3862,7.0,5.0,23
3863,10.0,8.0,22
3864,9.0,7.0,23
3865,10.0,10.0,18
3866,1.0,1.0,20
3867,7.0,5.0,19
3868,8.0,9.0,19
3869,9.0,9.0,21
3870,3.0,3.0,22
3871,0.0,2.0,22
3872,3.0,3.0,21
3873,3.0,2.0,18
3874,3.0,2.0,23
3875,4.0,2.0,19
3876,0.0,0.0,20
3877,0.0,2.0,19
3878,3.0,5.0,23
3879,2.0,4.0,21
3880,0.0,2.0,19
3881,9.0,8.0,21
3882,1.0,0.0,23
3883,2.0,2.0,21
3884,10.0,9.0,22
3885,9.0,8.0,24
3886,7.0,5.0,20
3887,1.0,0.0,24
3888,6.0,4.0,19
3889,0.0,1.0,18
3890,5.0,5.0,22
3891,2.0,4.0,22
3892,2.0,1.0,21
3893,7.0,9.0,20
3894,10.0,10.0,24
3895,8.0,7.0,24
3896,2.0,4.0,18
3897,9.0,9.0,19
3898,5.0,4.0,23
3899,10.0,10.0,22
3900,4.0,6.0,19
3901,2.0,0.0,23
3902,7.0,9.0,23
3903,9.0,8.0,19
3904,4.0,4.0,22
3905,5.0,6.0,24
3906,10.0,10.0,22
3907,9.0,9.0,24
3908,7.0,8.0,24
3909,2.0,1.0,20
3910,10.0,10.0,22
3911,10.0,9.0,22
3912,2.0,3.0,18
3913,5.0,7.0,24
3914,5.0,6.0,22
3915,6.0,5.0,24
3916,5.0,7.0,19
3917,10.0,9.0,19
3918,10.0,8.0,23
3919,1.0,0.0,20
3920,8.0,7.0,18
3921,5.0,6.0,21
3922,5.0,6.0,21
3923,5.0,6.0,18
3924,4.0,4.0,21
3925,5.0,4.0,22
3926,7.0,6.0,20
3927,0.0,0.0,24
3928,3.0,5.0,19
3929,2.0,2.0,20
3930,4.0,6.0,19
3931,0.0,2.0,24
3932,9.0,10.0,21
3933,3.0,4.0,18
3934,7.0,6.0,23
3935,4.0,6.0,21
3936,9.0,7.0,23
3937,6.0,7.0,24
3938,5.0,6.0,19
3939,5.0,3.0,18
3940,6.0,8.0,19
3941,3.0,5.0,21
3942,4.0,6.0,21
3943,0.0,0.0,21
3944,6.0,4.0,24
3945,0.0,0.0,21
3946,3.0,3.0,21
3947,3.0,1.0,23
3948,2.0,2.0,19
3949,3.0,3.0,21
3950,5.0,7.0,18
3951,7.0,8.0,18
3952,5.0,5.0,24
3953,9.0,7.0,21
3954,3.0,2.0,21
3955,2.0,1.0,21
3956,9.0,7.0,18
3957,10.0,10.0,19
3958,9.0,8.0,20
3959,9.0,9.0,22
3960,3.0,4.0,19
3961,5.0,7.0,20
3962,10.0,8.0,20
3963,6.0,5.0,18
3964,6.0,4.0,22
3965,8.0,7.0,23
3966,2.0,4.0,20
3967,9.0,10.0,21
3968,6.0,6.0,19
3969,3.0,2.0,18
3970,4.0,3.0,21
3971,7.0,7.0,22
3972,4.0,2.0,18
3973,1.0,3.0,22
3974,6.0,4.0,22
3975,0.0,1.0,21
3976,9.0,10.0,19
3977,0.0,0.0,21
3978,9.0,10.0,22
3979,9.0,9.0,22
3980,5.0,6.0,19
3981,0.0,2.0,19
3982,7.0,5.0,23
3983,2.0,1.0,23
3984,8.0,10.0,18
3985,6.0,4.0,20
3986,3.0,2.0,23
3987,1.0,2.0,20
3988,3.0,5.0,19
3989,3.0,3.0,20
3990,8.0,8.0,22
3991,6.0,7.0,22
3992,8.0,9.0,24
3993,2.0,0.0,22
3994,9.0,7.0,18
3995,6.0,8.0,18
3996,10.0,10.0,21
3997,10.0,10.0,24
3998,1.0,1.0,19
3999,3.0,4.0,19
4000,5.0,5.0,21
4001,1.0,2.0,18
4002,6.0,6.0,20
4003,2.0,2.0,23
4004,7.0,5.0,18
4005,1.0,2.0,20
4006,2.0,1.0,18
4007,6.0,8.0,23
4008,7.0,7.0,19
4009,6.0,6.0,21
4010,10.0,9.0,23
4011,5.0,5.0,23
4012,0.0,0.0,19
4013,4.0,2.0,19
4014,1.0,3.0,24
4015,9.0,10.0,20
4016,5.0,7.0,21
4017,8.0,10.0,20
4018,5.0,3.0,24
4019,2.0,2.0,23
4020,5.0,3.0,23
4021,8.0,7.0,20
4022,1.0,0.0,24
4023,2.0,0.0,18
4024,7.0,6.0,24
4025,3.0,3.0,23
4026,6.0,5.0,20
4027,4.0,4.0,21
4028,3.0,2.0,20
4029,2.0,2.0,23
4030,10.0,8.0,19
4031,9.0,10.0,24
4032,4.0,4.0,19
4033,5.0,6.0,20
4034,5.0,7.0,18
4035,4.0,3.0,24
4036,6.0,6.0,21
4037,8.0,10.0,18
4038,7.0,7.0,24
4039,3.0,5.0,23
4040,7.0,7.0,21
4041,2.0,0.0,19
4042,4.0,5.0,24
4043,9.0,9.0,20
4044,5.0,7.0,20
4045,0.0,0.0,21
4046,6.0,5.0,23
4047,9.0,7.0,18
4048,4.0,6.0,18
4049,10.0,9.0,19
4050,4.0,6.0,19
4051,6.0,4.0,24
4052,6.0,7.0,21
4053,3.0,1.0,23
4054,2.0,3.0,23
4055,8.0,6.0,22
4056,3.0,4.0,18
4057,0.0,2.0,19
4058,8.0,10.0,23
4059,8.0,8.0,23
4060,2.0,2.0,20
4061,1.0,0.0,21
4062,5.0,7.0,19
4063,7.0,7.0,19
4064,8.0,7.0,23
4065,2.0,1.0,24
4066,5.0,4.0,18
4067,7.0,6.0,22
4068,7.0,8.0,21
4069,0.0,2.0,18
4070,7.0,6.0,18
4071,9.0,10.0,21
4072,9.0,10.0,21
4073,2.0,3.0,23
4074,10.0,8.0,18
4075,1.0,2.0,23
4076,7.0,6.0,18
4077,9.0,7.0,20
4078,0.0,0.0,21
4079,3.0,5.0,18
4080,6.0,4.0,19
4081,7.0,5.0,19
4082,6.0,8.0,22
4083,8.0,6.0,20
4084,7.0,5.0,24
4085,3.0,1.0,20
4086,9.0,9.0,24
4087,2.0,4.0,18
4088,1.0,2.0,22
4089,6.0,7.0,23
4090,9.0,7.0,18
4091,0.0,0.0,19
4092,6.0,4.0,18
4093,1.0,1.0,18
4094,9.0,10.0,24
4095,6.0,5.0,22
4096,10.0,8.0,20
4097,9.0,9.0,24
4098,6.0,8.0,18
4099,4.0,6.0,20
4100,9.0,10.0,24
4101,7.0,6.0,24
4102,3.0,4.0,20
4103,5.0,4.0,24
4104,9.0,10.0,22
4105,0.0,2.0,19
4106,5.0,5.0,18
4107,2.0,2.0,18
4108,9.0,7.0,20
4109,1.0,0.0,21
4110,10.0,10.0,23
4111,2.0,4.0,20
4112,1.0,2.0,19
4113,8.0,9.0,23
4114,6.0,4.0,21
4115,0.0,0.0,22
4116,6.0,8.0,21
4117,6.0,8.0,19
4118,2.0,0.0,22
4119,0.0,2.0,18
4120,9.0,10.0,21
4121,9.0,9.0,23
4122,5.0,4.0,18
4123,4.0,2.0,24
4124,9.0,9.0,24
4125,3.0,4.0,22
4126,3.0,3.0,18
4127,4.0,6.0,23
4128,10.0,10.0,24
4129,2.0,0.0,18
4130,2.0,0.0,21
4131,10.0,10.0,20
4132,3.0,5.0,22
4133,9.0,8.0,24
4134,3.0,4.0,18
4135,6.0,7.0,24
4136,1.0,0.0,21
4137,1.0,0.0,24
4138,4.0,6.0,23
4139,6.0,8.0,23
4140,4.0,4.0,22
4141,7.0,6.0,24
4142,10.0,8.0,20
4143,4.0,2.0,19
4144,6.0,8.0,20
4145,8.0,7.0,18
4146,4.0,2.0,23
4147,9.0,9.0,22
4148,4.0,6.0,19
4149,4.0,6.0,19
4150,6.0,6.0,19
4151,8.0,10.0,24
4152,4.0,2.0,19
4153,5.0,4.0,20
4154,5.0,4.0,23
4155,9.0,7.0,24
4156,5.0,4.0,23
4157,9.0,7.0,23
4158,8.0,10.0,22
4159,0.0,0.0,20
4160,7.0,8.0,24
4161,4.0,5.0,20
4162,5.0,5.0,18
4163,6.0,5.0,19
4164,5.0,6.0,19
4165,3.0,5.0,18
4166,2.0,0.0,22
4167,1.0,0.0,19
4168,1.0,3.0,24
4169,3.0,2.0,23
4170,6.0,4.0,22
4171,7.0,8.0,19
4172,5.0,5.0,19
4173,3.0,5.0,19
4174,2.0,0.0,22
4175,5.0,4.0,20
4176,10.0,10.0,21
4177,6.0,8.0,19
4178,3.0,3.0,20
4179,3.0,1.0,18
4180,8.0,7.0,18
4181,7.0,7.0,24
4182,2.0,0.0,20
4183,7.0,9.0,22
4184,0.0,1.0,20
4185,0.0,2.0,20
4186,5.0,5.0,19
4187,3.0,1.0,23
4188,1.0,3.0,23
4189,0.0,0.0,18
4190,1.0,0.0,23
4191,6.0,8.0,22
4192,2.0,2.0,23
4193,7.0,6.0,20
4194,4.0,2.0,19
4195,0.0,1.0,19
4196,5.0,3.0,22
4197,5.0,3.0,22
4198,10.0,8.0,20
4199,3.0,1.0,20
4200,4.0,6.0,22
4201,4.0,3.0,20
4202,1.0,0.0,20
4203,9.0,10.0,23
4204,0.0,0.0,20
4205,6.0,8.0,22
4206,2.0,3.0,24
4207,7.0,6.0,24
4208,8.0,10.0,24
4209,6.0,6.0,20
4210,7.0,9.0,19
4211,10.0,9.0,21
4212,5.0,3.0,23
4213,5.0,6.0,21
4214,1.0,3.0,23
4215,8.0,9.0,20
4216,10.0,10.0,23
4217,5.0,4.0,21
4218,2.0,4.0,21
4219,3.0,5.0,18
4220,1.0,2.0,22
4221,5.0,7.0,21
4222,0.0,1.0,22
4223,10.0,9.0,19
4224,7.0,6.0,20
4225,7.0,8.0,21
4226,3.0,5.0,19
4227,7.0,7.0,18
4228,8.0,10.0,19
4229,4.0,6.0,18
4230,10.0,10.0,21
4231,7.0,5.0,19
4232,2.0,0.0,24
4233,3.0,5.0,21
4234,0.0,0.0,20
4235,5.0,3.0,20
4236,9.0,10.0,22
4237,8.0,6.0,22
4238,10.0,9.0,21
4239,2.0,3.0,18
4240,5.0,4.0,22
4241,9.0,9.0,20
4242,9.0,10.0,20
4243,0.0,0.0,24
4244,9.0,9.0,19
4245,10.0,10.0,19
4246,5.0,6.0,23
4247,2.0,3.0,21
4248,2.0,4.0,22
4249,7.0,6.0,18
4250,1.0,3.0,22
4251,1.0,2.0,20
4252,0.0,0.0,21
4253,5.0,3.0,21
4254,7.0,9.0,20
4255,10.0,10.0,21
4256,3.0,4.0,24
4257,1.0,1.0,22
4258,7.0,5.0,22
4259,5.0,5.0,24
4260,2.0,3.0,18
4261,5.0,5.0,23
4262,7.0,6.0,20
4263,4.0,2.0,19
4264,4.0,6.0,22
4265,5.0,3.0,20
4266,3.0,4.0,24
4267,4.0,6.0,18
4268,0.0,0.0,20
4269,7.0,5.0,22
4270,3.0,5.0,19
4271,2.0,2.0,22
4272,7.0,6.0,21
4273,5.0,7.0,20
4274,6.0,4.0,19
4275,7.0,9.0,21
4276,5.0,4.0,23
4277,9.0,7.0,19
4278,1.0,0.0,20
4279,4.0,5.0,24
4280,5.0,3.0,21
4281,0.0,0.0,24
4282,7.0,5.0,23
4283,8.0,6.0,23
4284,8.0,9.0,22
4285,6.0,7.0,24
4286,7.0,8.0,20
4287,7.0,9.0,22
4288,4.0,5.0,21
4289,4.0,5.0,23
4290,2.0,4.0,21
4291,4.0,2.0,19
4292,3.0,3.0,24
4293,8.0,7.0,20
4294,10.0,9.0,18
4295,6.0,4.0,18
4296,4.0,3.0,22
4297,2.0,0.0,22
4298,2.0,0.0,23
4299,7.0,7.0,23
4300,6.0,4.0,19
4301,8.0,7.0,24
4302,9.0,7.0,24
4303,5.0,3.0,23
4304,3.0,4.0,21
4305,4.0,6.0,21
4306,10.0,10.0,23
4307,9.0,10.0,20
4308,5.0,6.0,21
4309,8.0,10.0,24
4310,3.0,5.0,20
4311,7.0,6.0,24
4312,0.0,1.0,19
4313,1.0,3.0,18
4314,10.0,10.0,22
4315,7.0,9.0,21
4316,3.0,4.0,18
4317,4.0,6.0,23
4318,0.0,0.0,22
4319,1.0,0.0,24
4320,7.0,7.0,20
4321,5.0,5.0,19
4322,9.0,8.0,18
4323,3.0,4.0,21
4324,10.0,8.0,22
4325,9.0,7.0,23
4326,1.0,2.0,19
4327,1.0,2.0,18
4328,9.0,9.0,22
4329,7.0,8.0,19
4330,7.0,6.0,23
4331,7.0,5.0,19
4332,1.0,3.0,18
4333,8.0,8.0,24
4334,9.0,10.0,22
4335,10.0,10.0,18
4336,5.0,5.0,18
4337,3.0,1.0,21
4338,7.0,5.0,21
4339,6.0,7.0,20
4340,9.0,7.0,21
4341,7.0,9.0,23
4342,4.0,3.0,20
4343,4.0,3.0,18
4344,3.0,3.0,20
4345,3.0,4.0,21
4346,7.0,5.0,19
4347,8.0,6.0,22
4348,8.0,10.0,21
4349,1.0,2.0,19
4350,4.0,4.0,23
4351,1.0,2.0,18
4352,1.0,3.0,24
4353,2.0,3.0,21
4354,0.0,1.0,19
4355,2.0,2.0,23
4356,7.0,7.0,18
4357,6.0,5.0,18
4358,2.0,0.0,23
4359,6.0,6.0,24
4360,4.0,5.0,19
4361,9.0,7.0,18
4362,2.0,4.0,18
4363,8.0,9.0,23
4364,1.0,0.0,20
4365,10.0,10.0,18
4366,6.0,6.0,21
4367,1.0,0.0,18
4368,5.0,5.0,18
4369,0.0,1.0,22
4370,6.0,4.0,19
4371,10.0,10.0,23
4372,7.0,9.0,21
4373,6.0,4.0,21
4374,4.0,5.0,21
4375,10.0,10.0,20
4376,4.0,6.0,20
4377,0.0,0.0,19
4378,4.0,5.0,18
4379,1.0,2.0,20
4380,6.0,7.0,20
4381,1.0,0.0,21
4382,5.0,7.0,19
4383,0.0,1.0,21
4384,0.0,1.0,24
4385,9.0,9.0,22
4386,8.0,9.0,22
4387,10.0,10.0,23
4388,3.0,2.0,24
4389,9.0,7.0,24
4390,8.0,9.0,22
4391,2.0,0.0,18
4392,5.0,7.0,21
4393,7.0,9.0,18
4394,6.0,7.0,20
4395,9.0,7.0,20
4396,7.0,5.0,24
4397,7.0,8.0,20
4398,0.0,0.0,21
4399,6.0,5.0,18
4400,5.0,4.0,18
4401,10.0,10.0,24
4402,0.0,1.0,22
4403,4.0,3.0,20
4404,6.0,5.0,22
4405,6.0,6.0,18
4406,4.0,5.0,20
4407,9.0,7.0,19
4408,8.0,8.0,18
4409,0.0,1.0,20
4410,0.0,0.0,23
4411,9.0,10.0,18
4412,9.0,10.0,22
4413,0.0,0.0,23
4414,6.0,8.0,22
4415,6.0,6.0,19
4416,8.0,7.0,23
4417,8.0,9.0,21
4418,3.0,3.0,22
4419,9.0,10.0,22
4420,4.0,5.0,23
4421,1.0,3.0,20
4422,10.0,9.0,22
4423,5.0,3.0,22
4424,8.0,7.0,19
4425,7.0,6.0,18
4426,7.0,8.0,19
4427,1.0,2.0,20
4428,3.0,5.0,22
4429,2.0,2.0,19
4430,3.0,1.0,21
4431,0.0,0.0,23
4432,4.0,6.0,19
4433,7.0,9.0,24
4434,2.0,2.0,22
4435,3.0,5.0,23
4436,3.0,5.0,23
4437,7.0,5.0,20
4438,8.0,9.0,22
4439,8.0,6.0,20
4440,4.0,6.0,18
4441,1.0,0.0,22
4442,9.0,10.0,23
4443,8.0,8.0,23
4444,6.0,8.0,20
4445,5.0,6.0,22
4446,0.0,2.0,20
4447,7.0,7.0,22
4448,9.0,10.0,21
4449,8.0,7.0,22
4450,7.0,6.0,20
4451,2.0,0.0,24
4452,7.0,5.0,22
4453,9.0,10.0,21
4454,0.0,0.0,18
4455,8.0,9.0,23
4456,0.0,2.0,22
4457,4.0,6.0,18
4458,3.0,2.0,22
4459,8.0,8.0,19
4460,6.0,5.0,21
4461,2.0,4.0,20
4462,6.0,5.0,21
4463,10.0,9.0,21
4464,0.0,1.0,22
4465,9.0,8.0,22
4466,7.0,9.0,24
4467,8.0,7.0,24
4468,8.0,9.0,23
4469,0.0,0.0,22
4470,5.0,5.0,22
4471,10.0,10.0,21
4472,9.0,9.0,22
4473,8.0,7.0,24
4474,10.0,10.0,20
4475,9.0,8.0,23
4476,9.0,10.0,18
4477,2.0,4.0,22
4478,3.0,5.0,19
4479,4.0,5.0,19
4480,0.0,0.0,19
4481,1.0,2.0,24
4482,1.0,3.0,23
4483,3.0,3.0,24
4484,0.0,0.0,23
4485,5.0,5.0,23
4486,5.0,6.0,20
4487,10.0,10.0,18
4488,0.0,0.0,19
4489,10.0,10.0,19
4490,4.0,6.0,24
4491,3.0,2.0,18
4492,6.0,4.0,20
4493,3.0,1.0,20
4494,0.0,0.0,19
4495,1.0,1.0,19
4496,7.0,8.0,23
4497,10.0,10.0,21
4498,3.0,2.0,22
4499,8.0,9.0,21
4500,10.0,10.0,22
4501,2.0,1.0,20
4502,4.0,5.0,22
4503,4.0,2.0,24
4504,9.0,7.0,20
4505,6.0,4.0,23
4506,5.0,3.0,22
4507,1.0,2.0,21
4508,10.0,10.0,19
4509,5.0,6.0,21
4510,2.0,1.0,19
4511,4.0,6.0,20
4512,4.0,2.0,23
4513,5.0,5.0,22
4514,8.0,8.0,18
4515,7.0,6.0,24
4516,1.0,2.0,24
4517,1.0,3.0,19
4518,10.0,10.0,18
4519,8.0,8.0,23
4520,8.0,10.0,24
4521,3.0,2.0,21
4522,10.0,9.0,18
4523,1.0,0.0,23
4524,4.0,2.0,19
4525,2.0,4.0,22
4526,1.0,3.0,20
4527,1.0,0.0,21
4528,8.0,9.0,20
4529,8.0,6.0,19
4530,10.0,9.0,21
4531,7.0,8.0,21
4532,2.0,4.0,21
4533,3.0,4.0,23
4534,9.0,10.0,20
4535,0.0,0.0,20
4536,9.0,10.0,18
4537,0.0,2.0,22
4538,9.0,10.0,24
4539,1.0,1.0,19
4540,10.0,9.0,23
4541,5.0,3.0,18
4542,2.0,2.0,19
4543,5.0,6.0,21
4544,1.0,0.0,20
4545,6.0,5.0,18
4546,5.0,5.0,24
4547,3.0,3.0,21
4548,3.0,1.0,24
4549,6.0,6.0,24
4550,2.0,1.0,20
4551,9.0,7.0,24
4552,8.0,9.0,21
4553,6.0,8.0,21
4554,4.0,4.0,23
4555,4.0,4.0,18
4556,4.0,5.0,18
4557,0.0,0.0,24
4558,4.0,4.0,19
4559,2.0,1.0,24
4560,3.0,2.0,21
4561,7.0,9.0,23
4562,2.0,0.0,24
4563,8.0,9.0,24
4564,3.0,3.0,21
4565,5.0,6.0,20
4566,3.0,4.0,21
4567,0.0,0.0,22
4568,6.0,8.0,19
4569,2.0,2.0,24
4570,7.0,7.0,22
4571,0.0,0.0,20
4572,0.0,0.0,23
4573,5.0,7.0,24
4574,7.0,8.0,20
4575,1.0,1.0,20
4576,9.0,9.0,23
4577,3.0,1.0,22
4578,9.0,7.0,21
4579,9.0,7.0,24
4580,3.0,5.0,24
4581,7.0,6.0,18
4582,2.0,0.0,23
4583,1.0,0.0,24
4584,6.0,4.0,21
4585,9.0,10.0,24
4586,4.0,6.0,24
4587,10.0,10.0,24
4588,4.0,5.0,22
4589,3.0,4.0,19
4590,6.0,7.0,23
4591,5.0,6.0,19
4592,2.0,2.0,21
4593,6.0,7.0,23
4594,3.0,2.0,24
4595,9.0,9.0,24
4596,5.0,4.0,18
4597,9.0,7.0,20
4598,10.0,10.0,21
4599,8.0,9.0,22
4600,2.0,4.0,19
4601,10.0,10.0,20
4602,7.0,7.0,21
4603,6.0,5.0,23
4604,8.0,6.0,22
4605,9.0,7.0,21
4606,0.0,2.0,24
4607,1.0,3.0,20
4608,10.0,8.0,22
4609,7.0,6.0,20
4610,6.0,7.0,24
4611,10.0,10.0,24
4612,2.0,4.0,18
4613,8.0,6.0,21
4614,4.0,5.0,23
4615,6.0,5.0,20
4616,6.0,6.0,24
4617,3.0,2.0,23
4618,9.0,9.0,24
4619,0.0,0.0,20
4620,8.0,8.0,23
4621,6.0,5.0,24
4622,10.0,10.0,20
4623,6.0,7.0,22
4624,5.0,4.0,21
4625,3.0,1.0,20
4626,3.0,4.0,21
4627,0.0,0.0,18
4628,7.0,9.0,20
4629,9.0,9.0,24
4630,1.0,0.0,18
4631,7.0,9.0,22
4632,1.0,3.0,21
4633,5.0,3.0,24
4634,9.0,10.0,20
4635,8.0,8.0,18
4636,4.0,4.0,20
4637,8.0,6.0,22
4638,5.0,5.0,24
4639,0.0,2.0,24
4640,4.0,2.0,20
4641,9.0,7.0,21
4642,6.0,7.0,21
4643,8.0,7.0,21
4644,4.0,4.0,23
4645,5.0,3.0,23
4646,2.0,2.0,20
4647,4.0,3.0,22
4648,10.0,10.0,20
4649,10.0,9.0,21
4650,2.0,0.0,22
4651,6.0,8.0,18
4652,1.0,1.0,18
4653,0.0,0.0,22
4654,1.0,0.0,20
4655,9.0,9.0,20
4656,9.0,9.0,19
4657,0.0,0.0,22
4658,7.0,8.0,21
4659,1.0,3.0,24
4660,3.0,1.0,22
4661,3.0,4.0,21
4662,10.0,10.0,24
4663,10.0,8.0,23
4664,6.0,8.0,20
4665,6.0,6.0,21
4666,1.0,2.0,24
4667,3.0,4.0,23
4668,7.0,5.0,24
4669,6.0,4.0,23
4670,4.0,5.0,24
4671,8.0,10.0,20
4672,5.0,6.0,20
4673,1.0,3.0,21
4674,0.0,1.0,21
4675,8.0,9.0,22
4676,7.0,9.0,22
4677,7.0,9.0,23
4678,10.0,10.0,21
4679,1.0,2.0,21
4680,4.0,5.0,23
4681,4.0,3.0,18
4682,9.0,10.0,22
4683,2.0,3.0,18
4684,9.0,7.0,19
4685,8.0,8.0,20
4686,9.0,9.0,18
4687,3.0,5.0,18
4688,8.0,10.0,22
4689,0.0,0.0,21
4690,2.0,4.0,19
4691,9.0,8.0,19
4692,6.0,8.0,22
4693,3.0,3.0,23
4694,0.0,0.0,24
4695,4.0,5.0,24
4696,6.0,4.0,24
4697,4.0,2.0,22
4698,9.0,8.0,23
4699,3.0,3.0,21
4700,10.0,8.0,23
4701,10.0,10.0,21
4702,3.0,2.0,20
4703,7.0,8.0,18
4704,1.0,0.0,18
4705,9.0,9.0,22
4706,1.0,0.0,24
4707,4.0,5.0,18
4708,1.0,0.0,19
4709,5.0,5.0,20
4710,1.0,0.0,24
4711,5.0,3.0,22
4712,3.0,3.0,19
4713,2.0,2.0,20
4714,0.0,1.0,24
4715,5.0,7.0,22
4716,3.0,4.0,22
4717,2.0,3.0,18
4718,1.0,3.0,22
4719,1.0,0.0,18
4720,3.0,3.0,21
4721,1.0,0.0,23
4722,3.0,5.0,23
4723,10.0,8.0,23
4724,9.0,8.0,21
4725,7.0,5.0,21
4726,4.0,4.0,22
4727,2.0,3.0,19
4728,2.0,2.0,24
4729,10.0,10.0,22
4730,5.0,5.0,20
4731,3.0,4.0,24
4732,1.0,2.0,18
4733,6.0,5.0,22
4734,4.0,6.0,22
4735,5.0,3.0,21
4736,8.0,9.0,23
4737,5.0,7.0,18
4738,5.0,5.0,19
4739,7.0,9.0,20
4740,1.0,2.0,22
4741,3.0,2.0,22
4742,0.0,0.0,20
4743,9.0,9.0,19
4744,6.0,7.0,24
4745,6.0,4.0,22
4746,6.0,7.0,23
4747,4.0,4.0,22
4748,5.0,7.0,20
4749,10.0,10.0,23
4750,2.0,3.0,23
4751,9.0,10.0,22
4752,5.0,7.0,21
4753,7.0,8.0,21
4754,5.0,5.0,19
4755,8.0,6.0,21
4756,5.0,5.0,18
4757,7.0,9.0,22
4758,2.0,1.0,18
4759,4.0,2.0,23
4760,4.0,2.0,22
4761,2.0,3.0,18
4762,1.0,0.0,20
4763,8.0,6.0,23
4764,3.0,3.0,19
4765,7.0,8.0,20
4766,9.0,7.0,22
4767,3.0,1.0,19
4768,4.0,3.0,22
4769,4.0,5.0,23
4770,6.0,7.0,24
4771,5.0,5.0,20
4772,5.0,6.0,18
4773,5.0,7.0,24
4774,2.0,1.0,20
4775,7.0,6.0,19
4776,4.0,6.0,24
4777,7.0,8.0,20
4778,7.0,9.0,22
4779,6.0,5.0,22
4780,9.0,7.0,21
4781,6.0,6.0,22
4782,0.0,0.0,19
4783,0.0,0.0,24
4784,2.0,2.0,19
4785,5.0,3.0,19
4786,8.0,10.0,21
4787,6.0,6.0,22
4788,5.0,4.0,22
4789,5.0,3.0,18
4790,2.0,4.0,20
4791,10.0,8.0,24
4792,4.0,3.0,23
4793,8.0,6.0,23
4794,3.0,2.0,22
4795,8.0,9.0,20
4796,6.0,5.0,24
4797,10.0,10.0,19
4798,0.0,0.0,23
4799,5.0,5.0,22
4800,10.0,8.0,23
4801,0.0,1.0,21
4802,5.0,5.0,23
4803,9.0,10.0,24
4804,0.0,1.0,20
4805,2.0,0.0,21
4806,7.0,7.0,22
4807,4.0,6.0,22
4808,2.0,1.0,21
4809,2.0,1.0,18
4810,8.0,7.0,18
4811,4.0,5.0,20
4812,5.0,7.0,22
4813,6.0,5.0,22
4814,2.0,3.0,20
4815,5.0,6.0,24
4816,10.0,10.0,23
4817,9.0,9.0,21
4818,4.0,6.0,23
4819,10.0,9.0,22
4820,2.0,4.0,23
4821,2.0,4.0,24
4822,6.0,7.0,20
4823,9.0,10.0,19
4824,2.0,2.0,24
4825,10.0,10.0,19
4826,4.0,2.0,19
4827,2.0,2.0,19
4828,2.0,2.0,22
4829,8.0,8.0,19
4830,2.0,2.0,23
4831,4.0,6.0,23
4832,7.0,8.0,19
4833,3.0,1.0,22
4834,7.0,8.0,22
4835,8.0,8.0,19
4836,0.0,0.0,24
4837,5.0,6.0,22
4838,2.0,2.0,23
4839,5.0,5.0,23
4840,10.0,10.0,23
4841,9.0,10.0,20
4842,5.0,5.0,21
4843,10.0,10.0,20
4844,9.0,10.0,21
4845,5.0,3.0,23
4846,8.0,9.0,18
4847,3.0,3.0,19
4848,8.0,10.0,19
4849,10.0,8.0,23
4850,7.0,8.0,18
4851,9.0,10.0,24
4852,1.0,2.0,19
4853,9.0,7.0,18
4854,6.0,5.0,21
4855,4.0,6.0,24
4856,9.0,9.0,21
4857,9.0,10.0,19
4858,10.0,10.0,23
4859,3.0,3.0,21
4860,4.0,3.0,19
4861,10.0,10.0,21
4862,7.0,6.0,22
4863,5.0,3.0,19
4864,10.0,10.0,22
4865,9.0,9.0,21
4866,7.0,5.0,20
4867,9.0,8.0,19
4868,7.0,5.0,18
4869,2.0,1.0,23
4870,5.0,4.0,19
4871,1.0,3.0,22
4872,4.0,5.0,18
4873,4.0,4.0,18
4874,0.0,0.0,20
4875,7.0,6.0,24
4876,10.0,10.0,24
4877,0.0,0.0,19
4878,0.0,0.0,19
4879,9.0,7.0,22
4880,0.0,0.0,20
4881,5.0,5.0,23
4882,7.0,8.0,18
4883,3.0,1.0,19
4884,9.0,10.0,23
4885,3.0,2.0,20
4886,10.0,10.0,18
4887,10.0,10.0,22
4888,0.0,0.0,19
4889,10.0,9.0,22
4890,9.0,10.0,19
4891,9.0,8.0,21
4892,9.0,7.0,18
4893,3.0,2.0,18
4894,10.0,9.0,22
4895,0.0,2.0,19
4896,5.0,4.0,21
4897,3.0,5.0,21
4898,9.0,9.0,23
4899,4.0,5.0,20
4900,3.0,5.0,19
4901,3.0,2.0,18
4902,2.0,0.0,20
4903,10.0,10.0,21
4904,8.0,10.0,24
4905,10.0,8.0,23
4906,7.0,8.0,20
4907,10.0,10.0,18
4908,1.0,0.0,18
4909,4.0,5.0,21
4910,6.0,6.0,23
4911,9.0,7.0,18
4912,7.0,6.0,24
4913,4.0,3.0,23
4914,6.0,8.0,22
4915,10.0,10.0,20
4916,1.0,3.0,19
4917,0.0,0.0,20
4918,6.0,4.0,23
4919,2.0,1.0,18
4920,9.0,10.0,21
4921,3.0,4.0,19
4922,5.0,5.0,23
4923,5.0,5.0,23
4924,2.0,3.0,23
4925,8.0,7.0,21
4926,3.0,1.0,18
4927,2.0,2.0,24
4928,8.0,9.0,18
4929,5.0,3.0,23
4930,7.0,7.0,22
4931,6.0,4.0,18
4932,0.0,0.0,21
4933,7.0,8.0,18
4934,9.0,10.0,21
4935,9.0,9.0,23
4936,9.0,9.0,18
4937,8.0,9.0,24
4938,7.0,6.0,24
4939,4.0,5.0,21
4940,3.0,3.0,21
4941,0.0,0.0,23
4942,7.0,5.0,22
4943,4.0,2.0,18
4944,3.0,3.0,23
4945,2.0,1.0,22
4946,1.0,0.0,22
4947,9.0,8.0,19
4948,7.0,6.0,21
4949,1.0,1.0,18
4950,5.0,4.0,20
4951,2.0,4.0,24
4952,0.0,1.0,19
4953,4.0,3.0,23
4954,5.0,7.0,21
4955,7.0,7.0,24
4956,10.0,10.0,22
4957,1.0,2.0,20
4958,10.0,9.0,20
4959,8.0,8.0,24
4960,7.0,9.0,23
4961,2.0,3.0,22
4962,3.0,2.0,20
4963,5.0,4.0,22
4964,7.0,6.0,21
4965,6.0,7.0,22
4966,6.0,7.0,24
4967,10.0,10.0,18
4968,0.0,1.0,19
4969,2.0,2.0,20
4970,10.0,8.0,18
4971,2.0,2.0,21
4972,6.0,7.0,21
4973,7.0,7.0,24
4974,2.0,0.0,23
4975,0.0,0.0,22
4976,9.0,10.0,22
4977,10.0,10.0,19
4978,1.0,3.0,21
4979,5.0,4.0,24
4980,4.0,6.0,21
4981,7.0,7.0,24
4982,9.0,8.0,24
4983,7.0,7.0,23
4984,7.0,6.0,21
4985,1.0,1.0,18
4986,3.0,1.0,18
4987,8.0,9.0,22
4988,4.0,6.0,23
4989,4.0,2.0,18
4990,7.0,8.0,20
4991,2.0,3.0,22
4992,2.0,1.0,21
4993,0.0,0.0,18
4994,1.0,0.0,19
4995,1.0,0.0,18
4996,4.0,3.0,22
4997,5.0,7.0,20
4998,0.0,0.0,21
4999,2.0,0.0,18
5000,3.0,3.0,23
5001,2.0,1.0,22
5002,1.0,0.0,21
5003,7.0,8.0,18
5004,5.0,7.0,23
5005,4.0,3.0,22
5006,4.0,6.0,23
5007,5.0,6.0,20
5008,4.0,3.0,24
5009,2.0,2.0,20
5010,2.0,3.0,18
5011,1.0,0.0,20
5012,10.0,10.0,23
5013,3.0,3.0,18
5014,7.0,7.0,20
5015,3.0,5.0,24
5016,10.0,9.0,21
5017,4.0,4.0,19
5018,4.0,2.0,22
5019,2.0,2.0,24
5020,0.0,0.0,18
5021,8.0,7.0,18
5022,8.0,8.0,20
5023,4.0,5.0,19
5024,5.0,5.0,24
5025,0.0,1.0,24
5026,1.0,1.0,22
5027,3.0,5.0,23
5028,1.0,3.0,24
5029,9.0,10.0,24
5030,5.0,6.0,19
5031,7.0,6.0,21
5032,8.0,7.0,22
5033,10.0,10.0,24
5034,8.0,7.0,18
5035,9.0,8.0,19
5036,0.0,0.0,21
5037,8.0,7.0,22
5038,8.0,10.0,20
5039,6.0,5.0,21
5040,1.0,1.0,21
5041,10.0,10.0,18
5042,9.0,8.0,19
5043,4.0,4.0,19
5044,10.0,10.0,24
5045,10.0,10.0,24
5046,0.0,0.0,19
5047,10.0,10.0,23
5048,8.0,9.0,18
5049,7.0,7.0,21
5050,5.0,3.0,23
5051,9.0,9.0,24
5052,0.0,0.0,21
5053,10.0,10.0,23
5054,5.0,6.0,21
5055,1.0,2.0,21
5056,2.0,2.0,18
5057,7.0,6.0,20
5058,7.0,8.0,24
5059,7.0,6.0,20
5060,3.0,1.0,22
5061,1.0,2.0,19
5062,10.0,10.0,23
5063,7.0,7.0,22
5064,7.0,7.0,22
5065,5.0,4.0,24
5066,2.0,1.0,24
5067,3.0,5.0,20
5068,4.0,5.0,24
5069,4.0,2.0,23
5070,5.0,3.0,23
5071,0.0,0.0,20
5072,3.0,1.0,20
5073,3.0,5.0,18
5074,5.0,5.0,18
5075,4.0,4.0,24
5076,3.0,1.0,18
5077,6.0,8.0,18
5078,9.0,8.0,18
5079,0.0,2.0,18
5080,1.0,0.0,21
5081,6.0,4.0,24
5082,3.0,2.0,22
5083,8.0,7.0,24
5084,2.0,3.0,19
5085,10.0,8.0,21
5086,0.0,2.0,18
5087,1.0,0.0,24
5088,6.0,6.0,18
5089,10.0,10.0,18
5090,10.0,10.0,19
5091,10.0,10.0,20
5092,7.0,8.0,24
5093,1.0,0.0,24
5094,3.0,5.0,19
5095,3.0,1.0,19
5096,0.0,0.0,22
5097,5.0,7.0,20
5098,8.0,8.0,19
5099,1.0,0.0,19
5100,2.0,2.0,18
5101,9.0,8.0,20
5102,10.0,10.0,20
5103,8.0,6.0,23
5104,2.0,3.0,19
5105,9.0,10.0,21
5106,5.0,7.0,20
5107,4.0,6.0,19
5108,10.0,9.0,21
5109,2.0,3.0,18
5110,1.0,3.0,18
5111,3.0,3.0,20
5112,1.0,0.0,22
5113,6.0,7.0,20
5114,9.0,7.0,22
5115,9.0,8.0,20
5116,1.0,0.0,24
5117,5.0,3.0,22
5118,6.0,7.0,22
5119,5.0,6.0,21
5120,7.0,8.0,20
5121,6.0,8.0,23
5122,1.0,1.0,21
5123,8.0,8.0,21
5124,8.0,7.0,24
5125,7.0,5.0,22
5126,2.0,0.0,21
5127,3.0,3.0,18
5128,8.0,7.0,24
5129,6.0,8.0,21
5130,8.0,9.0,19
5131,3.0,2.0,20
5132,0.0,0.0,23
5133,7.0,8.0,19
5134,8.0,8.0,22
5135,1.0,0.0,18
5136,6.0,6.0,20
5137,5.0,7.0,21
5138,4.0,5.0,22
5139,6.0,7.0,23
5140,0.0,1.0,24
5141,1.0,0.0,18
5142,0.0,2.0,23
5143,9.0,8.0,24
5144,0.0,2.0,23
5145,5.0,7.0,23
5146,4.0,6.0,21
5147,9.0,7.0,21
5148,4.0,2.0,24
5149,0.0,2.0,19
5150,10.0,9.0,20
5151,3.0,5.0,24
5152,7.0,9.0,19
5153,7.0,8.0,23
5154,1.0,2.0,22
5155,8.0,10.0,20
5156,2.0,1.0,23
5157,1.0,0.0,18
5158,5.0,5.0,20
5159,3.0,1.0,19
5160,3.0,2.0,19
5161,6.0,8.0,21
5162,1.0,2.0,20
5163,7.0,9.0,23
5164,3.0,3.0,21
5165,2.0,3.0,20
5166,4.0,3.0,23
5167,2.0,0.0,20
5168,3.0,4.0,22
5169,9.0,9.0,20
5170,5.0,5.0,24
5171,8.0,8.0,18
5172,6.0,4.0,23
5173,9.0,8.0,24
5174,2.0,0.0,21
5175,3.0,5.0,18
5176,1.0,2.0,18
5177,2.0,3.0,19
5178,6.0,6.0,19
5179,7.0,5.0,24
5180,5.0,6.0,24
5181,9.0,10.0,21
5182,7.0,9.0,18
5183,4.0,3.0,20
5184,9.0,8.0,24
5185,7.0,9.0,18
5186,10.0,10.0,24
5187,5.0,6.0,19
5188,4.0,3.0,19
5189,10.0,10.0,21
5190,2.0,3.0,23
5191,2.0,0.0,23
5192,7.0,5.0,23
5193,8.0,7.0,22
5194,4.0,2.0,19
5195,6.0,4.0,24
5196,5.0,3.0,19
5197,4.0,2.0,23
5198,4.0,2.0,23
5199,8.0,8.0,22
5200,5.0,4.0,20
5201,7.0,9.0,20
5202,0.0,0.0,18
5203,10.0,10.0,19
5204,9.0,10.0,18
5205,5.0,4.0,23
5206,9.0,9.0,21
5207,1.0,0.0,24
5208,2.0,0.0,20
5209,0.0,2.0,18
5210,9.0,9.0,21
5211,4.0,5.0,19
5212,6.0,8.0,19
5213,3.0,2.0,23
5214,9.0,9.0,22
5215,4.0,6.0,23
5216,6.0,6.0,21
5217,1.0,0.0,19
5218,9.0,10.0,22
5219,10.0,10.0,24
5220,2.0,0.0,24
5221,6.0,8.0,22
5222,9.0,10.0,22
5223,5.0,7.0,22
5224,3.0,1.0,24
5225,3.0,3.0,23
5226,2.0,3.0,23
5227,3.0,4.0,21
5228,9.0,9.0,22
5229,5.0,6.0,21
5230,7.0,6.0,18
5231,8.0,9.0,23
5232,6.0,5.0,24
5233,9.0,8.0,18
5234,3.0,5.0,23
5235,5.0,5.0,18
5236,1.0,2.0,20
5237,0.0,0.0,21
5238,8.0,8.0,18
5239,7.0,9.0,20
5240,1.0,3.0,19
5241,7.0,8.0,20
5242,5.0,3.0,20
5243,5.0,6.0,21
5244,9.0,7.0,20
5245,8.0,8.0,24
5246,7.0,7.0,24
5247,5.0,4.0,18
5248,0.0,0.0,22
5249,10.0,9.0,21
5250,7.0,5.0,22
5251,10.0,10.0,18
5252,0.0,0.0,22
5253,2.0,1.0,18
5254,0.0,0.0,23
5255,1.0,2.0,21
5256,9.0,10.0,24
5257,0.0,0.0,20
5258,3.0,3.0,20
5259,8.0,10.0,24
5260,2.0,2.0,24
5261,2.0,1.0,18
5262,1.0,1.0,18
5263,9.0,9.0,23
5264,0.0,2.0,20
5265,0.0,0.0,20
5266,3.0,1.0,19
5267,0.0,1.0,21
5268,1.0,2.0,21
5269,1.0,2.0,24
5270,1.0,3.0,21
5271,4.0,6.0,21
5272,6.0,5.0,19
5273,9.0,7.0,22
5274,9.0,8.0,23
5275,3.0,2.0,23
5276,9.0,8.0,23
5277,1.0,2.0,20
5278,10.0,10.0,18
5279,4.0,6.0,20
5280,2.0,4.0,24
5281,10.0,8.0,21
5282,1.0,0.0,21
5283,7.0,7.0,20
5284,9.0,9.0,22
5285,7.0,5.0,21
5286,7.0,6.0,18
5287,4.0,2.0,24
5288,3.0,4.0,22
5289,3.0,5.0,21
5290,7.0,5.0,18
5291,7.0,5.0,24
5292,6.0,8.0,19
5293,9.0,8.0,19
5294,5.0,4.0,22
5295,3.0,1.0,21
5296,4.0,2.0,18
5297,0.0,0.0,21
5298,1.0,0.0,24
5299,8.0,6.0,22
5300,2.0,0.0,23
5301,7.0,9.0,21
5302,9.0,7.0,22
5303,0.0,2.0,22
5304,3.0,4.0,20
5305,3.0,3.0,24
5306,9.0,9.0,21
5307,1.0,0.0,20
5308,6.0,6.0,19
5309,4.0,3.0,21
5310,5.0,6.0,23
5311,1.0,3.0,20
5312,8.0,7.0,21
5313,3.0,1.0,20
5314,1.0,0.0,20
5315,8.0,9.0,21
5316,1.0,2.0,24
5317,6.0,6.0,21
5318,8.0,9.0,18
5319,8.0,6.0,21
5320,8.0,6.0,19
5321,3.0,3.0,23
5322,8.0,10.0,19
5323,5.0,5.0,22
5324,8.0,10.0,22
5325,10.0,10.0,18
5326,4.0,4.0,24
5327,4.0,5.0,19
5328,7.0,9.0,21
5329,5.0,4.0,23
5330,5.0,7.0,23
5331,9.0,10.0,20
5332,3.0,3.0,19
5333,8.0,9.0,19
5334,6.0,5.0,23
5335,2.0,1.0,20
5336,4.0,3.0,21
5337,2.0,1.0,24
5338,5.0,6.0,23
5339,1.0,1.0,24
5340,0.0,1.0,19
5341,4.0,4.0,24
5342,1.0,0.0,20
5343,2.0,4.0,18
5344,3.0,5.0,24
5345,10.0,8.0,20
5346,3.0,3.0,21
5347,6.0,8.0,24
5348,8.0,7.0,18
5349,4.0,2.0,20
5350,7.0,7.0,21
5351,1.0,0.0,24
5352,8.0,9.0,22
5353,8.0,8.0,21
5354,0.0,2.0,20
5355,3.0,1.0,18
5356,1.0,0.0,20
5357,10.0,9.0,24
5358,5.0,3.0,21
5359,8.0,9.0,24
5360,6.0,7.0,20
5361,8.0,7.0,21
5362,2.0,1.0,19
5363,2.0,4.0,24
5364,2.0,3.0,19
5365,9.0,8.0,19
5366,0.0,0.0,19
5367,1.0,0.0,18
5368,8.0,8.0,24
5369,9.0,7.0,21
5370,7.0,7.0,22
5371,9.0,7.0,23
5372,6.0,8.0,19
5373,3.0,1.0,18
5374,3.0,3.0,21
5375,10.0,10.0,19
5376,6.0,5.0,20
5377,6.0,6.0,24
5378,2.0,0.0,19
5379,6.0,4.0,19
5380,1.0,1.0,23
5381,2.0,3.0,23
5382,6.0,7.0,18
5383,1.0,1.0,18
5384,0.0,0.0,18
5385,2.0,2.0,18
5386,5.0,4.0,22
5387,0.0,0.0,19
5388,5.0,5.0,20
5389,4.0,4.0,22
5390,3.0,1.0,20
5391,0.0,2.0,19
5392,5.0,6.0,20
5393,4.0,5.0,21
5394,1.0,0.0,19
5395,0.0,0.0,22
5396,9.0,7.0,23
5397,7.0,8.0,24
5398,8.0,6.0,23
5399,9.0,10.0,23
5400,6.0,6.0,20
5401,4.0,6.0,19
5402,6.0,7.0,22
5403,7.0,9.0,20
5404,3.0,5.0,20
5405,2.0,3.0,18
5406,10.0,10.0,21
5407,7.0,5.0,23
5408,8.0,10.0,23
5409,4.0,2.0,23
5410,5.0,5.0,23
5411,5.0,5.0,20
5412,0.0,2.0,24
5413,8.0,8.0,22
5414,10.0,8.0,20
5415,4.0,4.0,22
5416,2.0,3.0,20
5417,10.0,10.0,22
5418,6.0,4.0,18
5419,4.0,3.0,21
5420,9.0,10.0,24
5421,1.0,3.0,23
5422,0.0,0.0,20
5423,7.0,5.0,21
5424,7.0,7.0,21
5425,10.0,9.0,22
5426,4.0,5.0,22
5427,10.0,8.0,20
5428,3.0,3.0,18
5429,7.0,6.0,21
5430,3.0,5.0,20
5431,4.0,2.0,19
5432,2.0,0.0,18
5433,6.0,6.0,21
5434,2.0,4.0,21
5435,0.0,0.0,21
5436,5.0,6.0,19
5437,3.0,3.0,19
5438,4.0,3.0,20
5439,3.0,2.0,18
5440,4.0,2.0,18
5441,10.0,10.0,23
5442,7.0,5.0,23
5443,2.0,4.0,24
5444,8.0,7.0,22
5445,6.0,7.0,18
5446,3.0,2.0,23
5447,6.0,7.0,22
5448,10.0,8.0,24
5449,6.0,6.0,20
5450,6.0,8.0,19
5451,5.0,6.0,22
5452,4.0,2.0,18
5453,7.0,7.0,22
5454,10.0,10.0,18
5455,6.0,4.0,19
5456,10.0,10.0,22
5457,2.0,2.0,18
5458,10.0,8.0,22
5459,8.0,6.0,20
5460,5.0,5.0,21
5461,9.0,9.0,20
5462,5.0,3.0,22
5463,2.0,3.0,22
5464,4.0,5.0,24
5465,5.0,6.0,18
5466,6.0,5.0,20
5467,8.0,8.0,23
5468,7.0,8.0,22
5469,5.0,3.0,19
5470,7.0,7.0,19
5471,8.0,10.0,18
5472,5.0,3.0,19
5473,3.0,5.0,23
5474,3.0,1.0,23
5475,0.0,0.0,21
5476,3.0,2.0,19
5477,8.0,8.0,20
5478,0.0,0.0,23
5479,2.0,4.0,22
5480,2.0,4.0,18
5481,2.0,3.0,24
5482,6.0,5.0,21
5483,7.0,7.0,18
5484,3.0,1.0,20
5485,0.0,0.0,19
5486,2.0,0.0,20
5487,5.0,7.0,19
5488,5.0,3.0,23
5489,8.0,8.0,24
5490,10.0,9.0,21
5491,9.0,9.0,20
5492,6.0,6.0,21
5493,0.0,0.0,21
5494,2.0,0.0,21
5495,6.0,4.0,23
5496,6.0,5.0,20
5497,8.0,7.0,23
5498,0.0,1.0,22
5499,1.0,3.0,19
5500,6.0,4.0,22
5501,6.0,4.0,23
5502,7.0,6.0,18
5503,2.0,1.0,23
5504,7.0,8.0,22
5505,1.0,3.0,24
5506,3.0,1.0,21
5507,7.0,6.0,18
5508,7.0,9.0,22
5509,0.0,0.0,18
5510,6.0,4.0,24
5511,4.0,3.0,24
5512,5.0,5.0,23
5513,9.0,9.0,23
5514,4.0,6.0,20
5515,2.0,1.0,24
5516,6.0,4.0,23
5517,0.0,0.0,23
5518,5.0,4.0,21
5519,5.0,7.0,23
5520,2.0,4.0,24
5521,0.0,0.0,21
5522,9.0,9.0,23
5523,1.0,3.0,24
5524,4.0,2.0,18
5525,4.0,4.0,18
5526,6.0,8.0,21
5527,6.0,4.0,19
5528,1.0,1.0,21
5529,3.0,5.0,21
5530,4.0,3.0,22
5531,4.0,6.0,23
5532,7.0,7.0,24
5533,7.0,6.0,22
5534,3.0,2.0,23
5535,5.0,6.0,20
5536,1.0,2.0,20
5537,8.0,10.0,20
5538,9.0,10.0,19
5539,10.0,10.0,24
5540,9.0,10.0,18
5541,9.0,10.0,23
5542,10.0,10.0,19
5543,7.0,6.0,19
5544,1.0,3.0,24
5545,6.0,7.0,19
5546,8.0,9.0,21
5547,0.0,1.0,23
5548,0.0,0.0,18
5549,5.0,7.0,19
5550,2.0,0.0,22
5551,3.0,3.0,18
5552,5.0,5.0,23
5553,6.0,6.0,22
5554,1.0,0.0,21
5555,9.0,7.0,24
5556,6.0,5.0,18
5557,5.0,4.0,21
5558,9.0,8.0,19
5559,1.0,3.0,21
5560,6.0,5.0,23
5561,0.0,0.0,23
5562,2.0,3.0,19
5563,5.0,6.0,18
5564,4.0,5.0,22
5565,4.0,5.0,22
5566,5.0,7.0,18
5567,3.0,2.0,21
5568,4.0,6.0,18
5569,10.0,10.0,18
5570,10.0,10.0,18
5571,9.0,9.0,23
5572,2.0,0.0,24
5573,7.0,5.0,23
5574,1.0,1.0,18
5575,3.0,4.0,21
5576,7.0,6.0,20
5577,1.0,1.0,23
5578,3.0,5.0,24
5579,7.0,9.0,20
5580,9.0,8.0,20
5581,10.0,10.0,22
5582,6.0,5.0,19
5583,6.0,7.0,24
5584,0.0,0.0,20
5585,10.0,8.0,19
5586,1.0,1.0,24
5587,5.0,7.0,22
5588,10.0,10.0,21
5589,2.0,0.0,24
5590,5.0,6.0,21
5591,6.0,7.0,24
5592,5.0,5.0,18
5593,3.0,3.0,24
5594,7.0,9.0,18
5595,8.0,9.0,21
5596,7.0,5.0,21
5597,2.0,2.0,21
5598,7.0,6.0,24
5599,8.0,10.0,19
5600,3.0,1.0,22
5601,6.0,6.0,24
5602,3.0,3.0,24
5603,7.0,7.0,20
5604,6.0,5.0,18
5605,10.0,8.0,20
5606,5.0,4.0,21
5607,6.0,5.0,24
5608,0.0,1.0,24
5609,6.0,6.0,19
5610,2.0,0.0,20
5611,2.0,2.0,20
5612,9.0,7.0,23
5613,5.0,6.0,18
5614,8.0,7.0,24
5615,3.0,3.0,21
5616,6.0,8.0,23
5617,4.0,4.0,23
5618,4.0,6.0,21
5619,4.0,3.0,23
5620,7.0,8.0,23
5621,1.0,0.0,22
5622,1.0,0.0,18
5623,6.0,4.0,24
5624,1.0,2.0,19
5625,5.0,6.0,22
5626,1.0,2.0,24
5627,0.0,2.0,24
5628,9.0,9.0,21
5629,8.0,7.0,24
5630,7.0,8.0,20
5631,0.0,0.0,22
5632,2.0,2.0,23
5633,6.0,6.0,18
5634,7.0,9.0,23
5635,1.0,2.0,22
5636,2.0,1.0,24
5637,1.0,3.0,22
5638,1.0,0.0,24
5639,0.0,1.0,24
5640,3.0,5.0,22
5641,0.0,0.0,22
5642,4.0,4.0,20
5643,5.0,4.0,18
5644,4.0,2.0,22
5645,9.0,8.0,21
5646,6.0,5.0,21
5647,2.0,0.0,20
5648,7.0,9.0,20
5649,7.0,5.0,20
5650,2.0,0.0,21
5651,3.0,4.0,21
5652,1.0,2.0,22
5653,8.0,8.0,24
5654,2.0,0.0,24
5655,2.0,2.0,19
5656,6.0,6.0,18
5657,8.0,9.0,24
5658,8.0,8.0,20
5659,10.0,8.0,24
5660,2.0,1.0,24
5661,10.0,10.0,22
5662,0.0,0.0,24
5663,8.0,8.0,20
5664,0.0,1.0,19
5665,10.0,8.0,21
5666,5.0,7.0,22
5667,9.0,9.0,18
5668,5.0,3.0,18
5669,2.0,3.0,21
5670,6.0,4.0,21
5671,8.0,10.0,21
5672,1.0,2.0,22
5673,4.0,5.0,19
5674,5.0,3.0,18
5675,2.0,3.0,21
5676,1.0,2.0,24
5677,8.0,9.0,23
5678,0.0,0.0,20
5679,4.0,3.0,23
5680,9.0,9.0,18
5681,7.0,5.0,20
5682,0.0,0.0,20
5683,10.0,10.0,24
5684,9.0,7.0,21
5685,4.0,4.0,22
5686,7.0,6.0,19
5687,4.0,5.0,21
5688,8.0,6.0,20
5689,1.0,0.0,23
5690,4.0,4.0,22
5691,8.0,10.0,23
5692,3.0,1.0,24
5693,4.0,3.0,20
5694,3.0,3.0,21
5695,4.0,4.0,20
5696,2.0,4.0,23
5697,9.0,8.0,20
5698,1.0,1.0,22
5699,8.0,9.0,24
5700,3.0,4.0,22
5701,3.0,5.0,24
5702,8.0,8.0,18
5703,4.0,6.0,18
5704,0.0,0.0,24
5705,4.0,4.0,24
5706,1.0,0.0,20
5707,7.0,5.0,20
5708,0.0,0.0,18
5709,7.0,8.0,23
5710,4.0,3.0,20
5711,9.0,7.0,24
5712,10.0,9.0,24
5713,0.0,1.0,24
5714,2.0,2.0,20
5715,6.0,5.0,23
5716,4.0,5.0,24
5717,6.0,8.0,23
5718,8.0,9.0,23
5719,2.0,2.0,22
5720,9.0,10.0,24
5721,1.0,0.0,19
5722,3.0,5.0,18
5723,3.0,5.0,19
5724,4.0,4.0,19
5725,5.0,6.0,19
5726,3.0,2.0,22
5727,1.0,3.0,21
5728,6.0,6.0,22
5729,3.0,5.0,23
5730,4.0,6.0,18
5731,3.0,1.0,23
5732,6.0,8.0,18
5733,2.0,3.0,21
5734,1.0,3.0,19
5735,9.0,10.0,23
5736,8.0,9.0,20
5737,6.0,5.0,21
5738,2.0,4.0,23
5739,10.0,10.0,18
5740,5.0,6.0,22
5741,5.0,3.0,21
5742,8.0,6.0,21
5743,6.0,8.0,23
5744,10.0,9.0,19
5745,5.0,6.0,24
5746,9.0,8.0,24
5747,3.0,4.0,22
5748,8.0,6.0,20
5749,1.0,3.0,23
5750,8.0,7.0,22
5751,10.0,10.0,22
5752,6.0,6.0,24
5753,4.0,2.0,24
5754,2.0,4.0,23
5755,6.0,5.0,21
5756,9.0,8.0,21
5757,8.0,7.0,19
5758,5.0,7.0,21
5759,10.0,10.0,24
5760,10.0,8.0,21
5761,10.0,8.0,22
5762,7.0,6.0,19
5763,5.0,4.0,18
5764,9.0,10.0,23
5765,2.0,1.0,19
5766,4.0,3.0,21
5767,2.0,4.0,24
5768,3.0,5.0,21
5769,8.0,8.0,21
5770,10.0,10.0,21
5771,6.0,6.0,22
5772,9.0,7.0,21
5773,1.0,1.0,22
5774,4.0,3.0,23
5775,5.0,4.0,19
5776,9.0,7.0,19
5777,1.0,2.0,18
5778,4.0,5.0,19
5779,4.0,6.0,19
5780,4.0,2.0,21
5781,9.0,9.0,18
5782,6.0,4.0,24
5783,0.0,0.0,23
5784,3.0,4.0,21
5785,2.0,4.0,24
5786,5.0,6.0,18
5787,6.0,4.0,21
5788,6.0,7.0,20
5789,5.0,4.0,20
5790,8.0,6.0,21
5791,8.0,8.0,22
5792,3.0,2.0,18
5793,0.0,1.0,19
5794,8.0,8.0,24
5795,1.0,1.0,23
5796,7.0,6.0,24
5797,9.0,9.0,22
5798,1.0,0.0,21
5799,8.0,6.0,18
5800,4.0,5.0,18
5801,3.0,5.0,20
5802,2.0,1.0,24
5803,2.0,3.0,18
5804,7.0,7.0,18
5805,0.0,0.0,23
5806,6.0,4.0,24
5807,6.0,6.0,18
5808,0.0,0.0,18
5809,4.0,2.0,19
5810,7.0,5.0,18
5811,9.0,7.0,21
5812,8.0,10.0,21
5813,3.0,4.0,23
5814,8.0,8.0,24
5815,10.0,10.0,21
5816,3.0,3.0,23
5817,3.0,4.0,23
5818,5.0,4.0,18
5819,9.0,10.0,18
5820,5.0,7.0,22
5821,6.0,4.0,22
5822,5.0,4.0,19
5823,5.0,5.0,23
5824,4.0,5.0,21
5825,1.0,2.0,23
5826,5.0,7.0,19
5827,9.0,7.0,24
5828,10.0,10.0,21
5829,6.0,8.0,22
5830,1.0,3.0,21
5831,5.0,5.0,21
5832,6.0,6.0,20
5833,7.0,6.0,19
5834,7.0,5.0,23
5835,8.0,8.0,23
5836,6.0,6.0,20
5837,10.0,8.0,20
5838,10.0,8.0,22
5839,10.0,10.0,21
5840,0.0,0.0,24
5841,0.0,1.0,23
5842,9.0,7.0,20
5843,5.0,5.0,18
5844,7.0,6.0,23
5845,0.0,1.0,19
5846,6.0,5.0,22
5847,5.0,3.0,22
5848,0.0,0.0,22
5849,1.0,2.0,23
5850,10.0,10.0,24
5851,3.0,1.0,22
5852,3.0,5.0,20
5853,4.0,5.0,20
5854,2.0,1.0,18
5855,5.0,6.0,20
5856,1.0,0.0,20
5857,7.0,8.0,21
5858,5.0,7.0,22
5859,2.0,3.0,20
5860,3.0,4.0,21
5861,0.0,1.0,22
5862,8.0,8.0,18
5863,10.0,8.0,23
5864,0.0,1.0,23
5865,9.0,10.0,18
5866,9.0,8.0,21
5867,2.0,1.0,22
5868,1.0,3.0,19
5869,6.0,5.0,19
5870,3.0,3.0,21
5871,0.0,1.0,21
5872,6.0,6.0,24
5873,9.0,9.0,19
5874,8.0,8.0,23
5875,4.0,5.0,23
5876,2.0,0.0,21
5877,7.0,9.0,23
5878,1.0,1.0,23
5879,8.0,6.0,22
5880,10.0,9.0,19
5881,9.0,9.0,23
5882,2.0,2.0,24
5883,10.0,10.0,24
5884,10.0,9.0,21
5885,8.0,10.0,20
5886,7.0,7.0,21
5887,0.0,0.0,21
5888,1.0,3.0,22
5889,3.0,2.0,21
5890,1.0,0.0,19
5891,2.0,4.0,18
5892,5.0,6.0,19
5893,9.0,10.0,22
5894,9.0,9.0,23
5895,0.0,1.0,21
5896,7.0,5.0,19
5897,1.0,0.0,24
5898,0.0,0.0,20
5899,8.0,6.0,20
5900,3.0,5.0,21
5901,2.0,4.0,22
5902,7.0,7.0,23
5903,8.0,9.0,20
5904,1.0,1.0,20
5905,0.0,0.0,24
5906,7.0,6.0,21
5907,2.0,4.0,24
5908,7.0,7.0,21
5909,6.0,7.0,20
5910,10.0,10.0,19
5911,3.0,5.0,20
5912,6.0,7.0,20
5913,0.0,2.0,21
5914,9.0,10.0,21
5915,5.0,4.0,20
5916,2.0,4.0,20
5917,0.0,0.0,19
5918,6.0,5.0,24
5919,10.0,10.0,24
5920,10.0,9.0,20
5921,9.0,9.0,23
5922,9.0,10.0,19
5923,4.0,6.0,21
5924,8.0,6.0,23
5925,8.0,6.0,20
5926,7.0,9.0,22
5927,4.0,5.0,18
5928,7.0,8.0,20
5929,1.0,0.0,24
5930,0.0,2.0,22
5931,10.0,10.0,21
5932,3.0,4.0,18
5933,9.0,8.0,20
5934,4.0,3.0,20
5935,0.0,1.0,22
5936,8.0,10.0,22
5937,5.0,6.0,22
5938,0.0,0.0,24
5939,10.0,8.0,22
5940,9.0,10.0,24
5941,5.0,7.0,24
5942,6.0,8.0,24
5943,2.0,2.0,22
5944,6.0,6.0,18
5945,3.0,3.0,23
5946,10.0,10.0,21
5947,6.0,6.0,24
5948,2.0,0.0,22
5949,7.0,7.0,22
5950,9.0,10.0,23
5951,9.0,10.0,22
5952,10.0,9.0,24
5953,10.0,9.0,21
5954,8.0,8.0,18
5955,1.0,3.0,18
5956,7.0,7.0,24
5957,0.0,2.0,24
5958,10.0,10.0,22
5959,4.0,4.0,18
5960,5.0,4.0,24
5961,4.0,3.0,24
5962,8.0,7.0,22
5963,2.0,3.0,23
5964,2.0,1.0,19
5965,9.0,10.0,24
5966,5.0,6.0,19
5967,0.0,2.0,19
5968,5.0,6.0,19
5969,7.0,6.0,22
5970,2.0,3.0,20
5971,2.0,4.0,20
5972,3.0,1.0,18
5973,6.0,8.0,18
5974,2.0,1.0,19
5975,2.0,0.0,19
5976,3.0,5.0,20
5977,2.0,4.0,22
5978,1.0,3.0,24
5979,2.0,4.0,23
5980,9.0,10.0,23
5981,0.0,0.0,23
5982,1.0,0.0,22
5983,8.0,10.0,21
5984,3.0,1.0,18
5985,4.0,2.0,20
5986,9.0,10.0,24
5987,10.0,10.0,22
5988,5.0,5.0,24
5989,3.0,2.0,19
5990,4.0,4.0,23
5991,6.0,6.0,20
5992,6.0,8.0,20
5993,4.0,5.0,21
5994,8.0,8.0,22
5995,7.0,6.0,21
5996,6.0,6.0,23
5997,9.0,10.0,18
5998,6.0,6.0,18
5999,7.0,8.0,18
6000,9.0,9.0,19
6001,10.0,10.0,22
6002,0.0,1.0,24
6003,7.0,8.0,20
6004,7.0,5.0,24
6005,4.0,5.0,19
6006,6.0,6.0,18
6007,1.0,0.0,23
6008,3.0,3.0,22
6009,5.0,3.0,22
6010,4.0,6.0,24
6011,8.0,10.0,20
6012,10.0,10.0,24
6013,9.0,7.0,24
6014,4.0,4.0,20
6015,4.0,6.0,21
6016,9.0,8.0,21
6017,7.0,5.0,22
6018,6.0,6.0,20
6019,6.0,5.0,19
6020,3.0,2.0,20
6021,2.0,1.0,23
6022,8.0,10.0,18
6023,9.0,10.0,21
6024,5.0,5.0,19
6025,8.0,8.0,19
6026,3.0,2.0,24
6027,3.0,2.0,23
6028,5.0,6.0,24
6029,10.0,8.0,24
6030,5.0,5.0,20
6031,5.0,6.0,22
6032,10.0,8.0,21
6033,4.0,6.0,20
6034,0.0,0.0,20
6035,7.0,9.0,23
6036,7.0,6.0,24
6037,4.0,6.0,20
6038,8.0,10.0,23
6039,8.0,10.0,24
6040,2.0,1.0,21
6041,4.0,2.0,18
6042,7.0,7.0,19
6043,9.0,9.0,19
6044,6.0,6.0,18
6045,0.0,1.0,19
6046,2.0,2.0,18
6047,9.0,8.0,22
6048,10.0,9.0,24
6049,8.0,8.0,18
6050,9.0,9.0,24
6051,10.0,8.0,22
6052,10.0,10.0,24
6053,10.0,8.0,18
6054,4.0,5.0,20
6055,2.0,4.0,19
6056,4.0,5.0,19
6057,10.0,8.0,20
6058,8.0,10.0,24
6059,0.0,0.0,18
6060,5.0,5.0,21
6061,1.0,2.0,22
6062,6.0,4.0,24
6063,4.0,4.0,23
6064,4.0,2.0,20
6065,6.0,5.0,19
6066,10.0,10.0,22
6067,3.0,1.0,19
6068,10.0,8.0,20
6069,8.0,6.0,23
6070,7.0,9.0,21
6071,5.0,6.0,20
6072,0.0,0.0,22
6073,6.0,7.0,21
6074,7.0,9.0,21
6075,5.0,3.0,18
6076,9.0,9.0,24
6077,0.0,0.0,19
6078,6.0,5.0,18
6079,5.0,6.0,22
6080,10.0,9.0,24
6081,5.0,7.0,18
6082,7.0,6.0,22
6083,7.0,6.0,20
6084,9.0,9.0,21
6085,2.0,0.0,18
6086,3.0,1.0,21
6087,8.0,7.0,21
6088,1.0,0.0,23
6089,6.0,5.0,18
6090,3.0,2.0,19
6091,10.0,10.0,21
6092,2.0,3.0,18
6093,7.0,6.0,22
6094,9.0,8.0,19
6095,9.0,9.0,20
6096,3.0,5.0,22
6097,4.0,6.0,24
6098,7.0,9.0,19
6099,9.0,9.0,22
6100,7.0,9.0,19
6101,6.0,4.0,18
6102,4.0,5.0,24
6103,10.0,10.0,21
6104,1.0,3.0,21
6105,2.0,0.0,19
6106,4.0,4.0,20
6107,4.0,3.0,24
6108,7.0,6.0,19
6109,3.0,3.0,24
6110,4.0,2.0,22
6111,0.0,0.0,24
6112,4.0,6.0,21
6113,7.0,7.0,23
6114,9.0,8.0,23
6115,1.0,1.0,23
6116,9.0,9.0,20
6117,0.0,1.0,24
6118,9.0,10.0,21
6119,9.0,8.0,23
6120,2.0,1.0,22
6121,0.0,1.0,20
6122,0.0,1.0,18
6123,5.0,7.0,20
6124,7.0,7.0,22
6125,4.0,4.0,18
6126,9.0,8.0,22
6127,0.0,2.0,24
6128,6.0,4.0,19
6129,9.0,9.0,21
6130,2.0,1.0,19
6131,7.0,5.0,19
6132,0.0,0.0,20
6133,5.0,5.0,22
6134,3.0,3.0,21
6135,2.0,3.0,23
6136,6.0,5.0,21
6137,9.0,9.0,20
6138,9.0,10.0,21
6139,10.0,10.0,19
6140,6.0,7.0,24
6141,5.0,6.0,24
6142,1.0,3.0,22
6143,2.0,1.0,19
6144,2.0,1.0,22
6145,10.0,10.0,21
6146,8.0,9.0,18
6147,8.0,8.0,19
6148,9.0,9.0,23
6149,3.0,5.0,20
6150,5.0,6.0,21
6151,1.0,0.0,22
6152,9.0,7.0,23
6153,10.0,8.0,18
6154,6.0,6.0,23
6155,0.0,0.0,23
6156,10.0,9.0,22
6157,1.0,0.0,23
6158,5.0,5.0,20
6159,5.0,3.0,24
6160,7.0,8.0,21
6161,2.0,4.0,23
6162,5.0,4.0,22
6163,0.0,1.0,22
6164,4.0,3.0,23
6165,6.0,5.0,19
6166,9.0,9.0,22
6167,0.0,0.0,24
6168,6.0,8.0,18
6169,7.0,9.0,19
6170,6.0,6.0,19
6171,1.0,2.0,22
6172,10.0,10.0,18
6173,2.0,2.0,22
6174,1.0,2.0,23
6175,4.0,4.0,24
6176,2.0,4.0,23
6177,6.0,7.0,18
6178,3.0,2.0,20
6179,0.0,0.0,22
6180,5.0,5.0,23
6181,8.0,8.0,24
6182,2.0,3.0,23
6183,5.0,4.0,19
6184,0.0,2.0,24
6185,8.0,7.0,23
6186,3.0,3.0,20
6187,4.0,6.0,21
6188,7.0,6.0,23
6189,2.0,4.0,18
6190,6.0,8.0,23
6191,2.0,0.0,23
6192,5.0,6.0,24
6193,5.0,5.0,21
6194,2.0,0.0,23
6195,5.0,4.0,23
6196,2.0,1.0,20
6197,8.0,10.0,20
6198,5.0,6.0,18
6199,1.0,2.0,23
6200,0.0,0.0,24
6201,3.0,2.0,18
6202,1.0,1.0,21
6203,2.0,2.0,23
6204,7.0,7.0,19
6205,1.0,0.0,19
6206,10.0,10.0,23
6207,2.0,2.0,18
6208,8.0,10.0,23
6209,0.0,0.0,20
6210,1.0,1.0,24
6211,8.0,9.0,22
6212,7.0,5.0,24
6213,7.0,8.0,21
6214,7.0,5.0,20
6215,9.0,9.0,21
6216,9.0,10.0,20
6217,1.0,0.0,24
6218,5.0,4.0,24
6219,2.0,2.0,23
6220,7.0,6.0,20
6221,6.0,8.0,19
6222,3.0,4.0,19
6223,9.0,7.0,24
6224,10.0,10.0,19
6225,5.0,4.0,20
6226,3.0,1.0,18
6227,5.0,5.0,23
6228,5.0,6.0,18
6229,5.0,5.0,21
6230,3.0,1.0,19
6231,7.0,6.0,18
6232,8.0,7.0,18
6233,7.0,9.0,22
6234,10.0,10.0,24
6235,10.0,9.0,20
6236,2.0,3.0,18
6237,7.0,5.0,24
6238,6.0,8.0,20
6239,2.0,3.0,19
6240,5.0,7.0,19
6241,4.0,3.0,18
6242,2.0,0.0,18
6243,6.0,7.0,20
6244,10.0,10.0,20
6245,7.0,9.0,20
6246,5.0,7.0,19
6247,2.0,2.0,21
6248,7.0,5.0,23
6249,3.0,2.0,23
6250,0.0,1.0,20
6251,6.0,8.0,22
6252,6.0,7.0,20
6253,3.0,2.0,23
6254,4.0,2.0,24
6255,3.0,2.0,23
6256,3.0,4.0,19
6257,1.0,1.0,21
6258,7.0,7.0,23
6259,3.0,2.0,19
6260,4.0,2.0,23
6261,3.0,1.0,22
6262,2.0,0.0,22
6263,8.0,9.0,22
6264,3.0,4.0,23
6265,3.0,2.0,18
6266,3.0,5.0,24
6267,7.0,9.0,23
6268,3.0,3.0,18
6269,9.0,10.0,24
6270,9.0,7.0,20
6271,2.0,1.0,24
6272,0.0,2.0,20
6273,8.0,6.0,19
6274,2.0,4.0,24
6275,6.0,4.0,20
6276,3.0,3.0,23
6277,2.0,0.0,19
6278,10.0,8.0,22
6279,8.0,7.0,21
6280,7.0,8.0,21
6281,2.0,0.0,23
6282,5.0,5.0,18
6283,5.0,6.0,21
6284,3.0,4.0,18
6285,5.0,3.0,19
6286,6.0,4.0,19
6287,9.0,10.0,21
6288,8.0,6.0,22
6289,3.0,5.0,20
6290,9.0,10.0,18
6291,4.0,6.0,24
6292,4.0,2.0,21
6293,2.0,2.0,22
6294,8.0,7.0,20
6295,3.0,5.0,20
6296,10.0,9.0,20
6297,2.0,0.0,22
6298,3.0,2.0,18
6299,8.0,6.0,22
6300,3.0,1.0,24
6301,7.0,5.0,20
6302,2.0,3.0,22
6303,9.0,7.0,18
6304,2.0,3.0,21
6305,7.0,8.0,19
6306,7.0,5.0,19
6307,8.0,9.0,18
6308,10.0,9.0,21
6309,10.0,10.0,18
6310,4.0,5.0,24
6311,8.0,9.0,23
6312,8.0,10.0,22
6313,6.0,6.0,19
6314,5.0,3.0,19
6315,5.0,4.0,20
6316,4.0,3.0,24
6317,1.0,3.0,24
6318,3.0,5.0,22
6319,6.0,4.0,22
6320,10.0,9.0,23
6321,1.0,2.0,19
6322,6.0,5.0,22
6323,7.0,6.0,23
6324,7.0,6.0,20
6325,6.0,4.0,22
6326,7.0,8.0,20
6327,7.0,5.0,22
6328,0.0,0.0,22
6329,10.0,10.0,24
6330,2.0,0.0,22
6331,8.0,10.0,24
6332,7.0,5.0,19
6333,2.0,4.0,22
6334,2.0,1.0,22
6335,9.0,10.0,19
6336,8.0,8.0,23
6337,6.0,4.0,24
6338,2.0,1.0,19
6339,9.0,8.0,23
6340,7.0,7.0,22
6341,9.0,10.0,18
6342,10.0,10.0,20
6343,7.0,7.0,23
6344,6.0,4.0,18
6345,7.0,6.0,23
6346,8.0,9.0,20
6347,4.0,2.0,24
6348,8.0,8.0,22
6349,3.0,1.0,20
6350,7.0,5.0,21
6351,6.0,6.0,23
6352,6.0,7.0,19
6353,4.0,6.0,18
6354,9.0,10.0,22
6355,9.0,9.0,20
6356,6.0,4.0,19
6357,9.0,9.0,22
6358,3.0,1.0,23
6359,1.0,0.0,18
6360,3.0,1.0,24
6361,5.0,5.0,19
6362,7.0,9.0,20
6363,4.0,4.0,20
6364,0.0,0.0,18
6365,4.0,4.0,23
6366,8.0,6.0,23
6367,3.0,1.0,19
6368,3.0,3.0,20
6369,6.0,6.0,22
6370,7.0,9.0,18
6371,2.0,1.0,20
6372,5.0,3.0,18
6373,9.0,9.0,20
6374,1.0,0.0,19
6375,2.0,2.0,22
6376,7.0,7.0,19
6377,6.0,4.0,21
6378,6.0,7.0,24
6379,1.0,2.0,18
6380,8.0,6.0,21
6381,9.0,10.0,20
6382,1.0,2.0,20
6383,8.0,8.0,22
6384,6.0,8.0,24
6385,6.0,5.0,21
6386,5.0,4.0,18
6387,8.0,9.0,23
6388,10.0,9.0,18
6389,5.0,6.0,19
6390,8.0,10.0,24
6391,8.0,8.0,22
6392,1.0,3.0,24
6393,4.0,5.0,19
6394,10.0,8.0,23
6395,3.0,5.0,21
6396,7.0,7.0,21
6397,9.0,9.0,20
6398,8.0,9.0,19
6399,5.0,3.0,20
6400,3.0,3.0,22
6401,8.0,10.0,20
6402,10.0,9.0,21
6403,4.0,5.0,18
6404,1.0,3.0,24
6405,6.0,4.0,24
6406,8.0,9.0,18
6407,7.0,8.0,20
6408,1.0,3.0,18
6409,3.0,3.0,21
6410,4.0,6.0,24
6411,5.0,5.0,23
6412,8.0,7.0,23
6413,6.0,7.0,18
6414,0.0,0.0,22
6415,5.0,6.0,24
6416,5.0,4.0,18
6417,6.0,4.0,19
6418,1.0,3.0,23
6419,5.0,3.0,24
6420,6.0,7.0,23
6421,10.0,10.0,20
6422,3.0,5.0,22
6423,3.0,4.0,21
6424,1.0,2.0,21
6425,0.0,0.0,20
6426,10.0,8.0,18
6427,6.0,7.0,20
6428,7.0,7.0,24
6429,5.0,6.0,19
6430,1.0,3.0,19
6431,5.0,3.0,22
6432,4.0,2.0,21
6433,10.0,8.0,19
6434,3.0,2.0,24
6435,10.0,8.0,24
6436,6.0,8.0,20
6437,6.0,5.0,20
6438,1.0,0.0,19
6439,10.0,10.0,21
6440,8.0,8.0,19
6441,4.0,6.0,22
6442,9.0,9.0,20
6443,5.0,6.0,20
6444,2.0,1.0,21
6445,8.0,10.0,22
6446,7.0,9.0,20
6447,7.0,7.0,24
6448,2.0,3.0,20
6449,5.0,6.0,22
6450,1.0,0.0,20
6451,9.0,8.0,19
6452,2.0,4.0,21
6453,10.0,10.0,24
6454,1.0,0.0,19
6455,5.0,7.0,24
6456,7.0,7.0,23
6457,8.0,9.0,22
6458,4.0,4.0,19
6459,10.0,10.0,23
6460,2.0,0.0,22
6461,5.0,4.0,20
6462,7.0,7.0,20
6463,9.0,10.0,20
6464,10.0,10.0,23
6465,5.0,5.0,18
6466,0.0,0.0,20
6467,4.0,5.0,21
6468,9.0,9.0,23
6469,10.0,9.0,24
6470,8.0,7.0,19
6471,7.0,6.0,21
6472,0.0,0.0,18
6473,1.0,1.0,22
6474,0.0,0.0,19
6475,2.0,1.0,20
6476,5.0,7.0,18
6477,4.0,6.0,21
6478,6.0,6.0,21
6479,0.0,0.0,19
6480,2.0,1.0,24
6481,7.0,8.0,19
6482,1.0,0.0,22
6483,5.0,7.0,20
6484,9.0,7.0,19
6485,10.0,10.0,20
6486,7.0,5.0,24
6487,6.0,8.0,20
6488,7.0,7.0,19
6489,6.0,8.0,20
6490,1.0,3.0,21
6491,9.0,10.0,20
6492,7.0,9.0,21
6493,0.0,0.0,19
6494,2.0,0.0,18
6495,7.0,9.0,19
6496,2.0,2.0,20
6497,1.0,2.0,22
6498,1.0,0.0,22
6499,5.0,6.0,18
6500,0.0,0.0,18
6501,2.0,0.0,21
6502,4.0,5.0,22
6503,8.0,6.0,20
6504,1.0,2.0,23
6505,9.0,8.0,22
6506,2.0,0.0,20
6507,7.0,5.0,20
6508,9.0,7.0,23
6509,4.0,5.0,19
6510,6.0,7.0,19
6511,7.0,5.0,20
6512,3.0,3.0,20
6513,4.0,2.0,23
6514,3.0,5.0,22
6515,4.0,5.0,18
6516,0.0,0.0,19
6517,7.0,8.0,23
6518,8.0,7.0,19
6519,6.0,5.0,23
6520,8.0,7.0,20
6521,2.0,3.0,23
6522,5.0,5.0,19
6523,8.0,9.0,23
6524,1.0,1.0,21
6525,6.0,8.0,19
6526,7.0,7.0,20
6527,10.0,10.0,20
6528,1.0,0.0,18
6529,0.0,0.0,24
6530,6.0,4.0,21
6531,2.0,0.0,21
6532,0.0,0.0,23
6533,2.0,4.0,18
6534,0.0,0.0,24
6535,4.0,6.0,24
6536,8.0,6.0,21
6537,7.0,6.0,19
6538,6.0,6.0,24
6539,1.0,3.0,23
6540,7.0,5.0,24
6541,1.0,0.0,22
6542,2.0,4.0,18
6543,5.0,5.0,23
6544,9.0,10.0,24
6545,4.0,4.0,21
6546,7.0,8.0,24
6547,9.0,8.0,24
6548,3.0,4.0,24
6549,9.0,9.0,20
6550,6.0,5.0,24
6551,0.0,1.0,19
6552,4.0,5.0,23
6553,3.0,3.0,20
6554,5.0,5.0,24
6555,0.0,1.0,19
6556,10.0,10.0,20
6557,3.0,4.0,21
6558,4.0,2.0,24
6559,4.0,6.0,22
6560,7.0,9.0,18
6561,8.0,7.0,19
6562,9.0,8.0,24
6563,9.0,10.0,22
6564,7.0,9.0,19
6565,0.0,0.0,19
6566,4.0,5.0,21
6567,3.0,2.0,22
6568,1.0,2.0,21
6569,9.0,9.0,19
6570,10.0,10.0,24
6571,5.0,5.0,20
6572,0.0,0.0,23
6573,10.0,10.0,19
6574,5.0,6.0,20
6575,10.0,8.0,18
6576,1.0,0.0,21
6577,10.0,10.0,20
6578,2.0,4.0,24
6579,5.0,4.0,20
6580,5.0,6.0,24
6581,4.0,5.0,23
6582,6.0,7.0,24
6583,5.0,7.0,19
6584,0.0,0.0,22
6585,4.0,2.0,22
6586,6.0,7.0,24
6587,3.0,2.0,18
6588,2.0,1.0,24
6589,8.0,9.0,21
6590,1.0,3.0,24
6591,3.0,4.0,22
6592,2.0,3.0,18
6593,10.0,10.0,19
6594,0.0,0.0,19
6595,6.0,7.0,24
6596,5.0,7.0,24
6597,4.0,4.0,24
6598,7.0,9.0,18
6599,5.0,5.0,24
6600,0.0,2.0,19
6601,6.0,6.0,18
6602,8.0,7.0,23
6603,9.0,10.0,22
6604,2.0,1.0,18
6605,0.0,0.0,18
6606,10.0,10.0,21
6607,10.0,8.0,18
6608,6.0,7.0,23
6609,3.0,1.0,23
6610,8.0,8.0,21
6611,4.0,2.0,19
6612,6.0,6.0,22
6613,7.0,8.0,20
6614,7.0,8.0,24
6615,3.0,2.0,24
6616,4.0,2.0,20
6617,10.0,8.0,21
6618,5.0,6.0,22
6619,8.0,9.0,20
6620,6.0,8.0,23
6621,6.0,7.0,18
6622,8.0,8.0,21
6623,1.0,2.0,21
6624,3.0,1.0,19
6625,3.0,2.0,21
6626,3.0,3.0,18
6627,8.0,7.0,22
6628,7.0,8.0,18
6629,9.0,10.0,18
6630,8.0,8.0,18
6631,6.0,5.0,18
6632,9.0,9.0,21
6633,9.0,10.0,24
6634,4.0,2.0,22
6635,9.0,9.0,23
6636,9.0,8.0,24
6637,6.0,7.0,21
6638,8.0,6.0,24
6639,6.0,7.0,20
6640,3.0,3.0,21
6641,7.0,9.0,18
6642,10.0,10.0,18
6643,9.0,10.0,22
6644,3.0,4.0,24
6645,6.0,7.0,19
6646,2.0,2.0,20
6647,0.0,0.0,20
6648,8.0,8.0,20
6649,10.0,10.0,23
6650,9.0,8.0,21
6651,8.0,8.0,18
6652,7.0,6.0,22
6653,2.0,1.0,23
6654,3.0,3.0,18
6655,2.0,0.0,24
6656,1.0,0.0,19
6657,7.0,8.0,21
6658,2.0,4.0,21
6659,7.0,9.0,24
6660,5.0,5.0,18
6661,2.0,1.0,19
6662,10.0,10.0,22
6663,4.0,3.0,20
6664,2.0,0.0,24
6665,9.0,8.0,24
6666,10.0,10.0,22
6667,5.0,4.0,18
6668,8.0,10.0,23
6669,9.0,9.0,22
6670,4.0,4.0,19
6671,5.0,4.0,23
6672,9.0,10.0,20
6673,2.0,1.0,21
6674,2.0,3.0,23
6675,2.0,2.0,19
6676,8.0,9.0,20
6677,3.0,4.0,24
6678,10.0,9.0,19
6679,0.0,0.0,22
6680,2.0,3.0,23
6681,5.0,3.0,21
6682,0.0,0.0,21
6683,2.0,2.0,18
6684,10.0,10.0,22
6685,1.0,0.0,20
6686,6.0,7.0,22
6687,9.0,7.0,20
6688,3.0,5.0,24
6689,3.0,4.0,19
6690,6.0,4.0,18
6691,9.0,8.0,22
6692,4.0,5.0,20
6693,8.0,6.0,19
6694,6.0,4.0,20
6695,5.0,4.0,24
6696,6.0,6.0,24
6697,4.0,5.0,18
6698,10.0,10.0,19
6699,6.0,5.0,18
6700,4.0,6.0,24
6701,3.0,4.0,22
6702,2.0,2.0,20
6703,6.0,5.0,19
6704,6.0,8.0,23
6705,5.0,5.0,22
6706,6.0,8.0,21
6707,5.0,7.0,21
6708,3.0,4.0,20
6709,8.0,7.0,18
6710,9.0,10.0,22
6711,7.0,5.0,18
6712,4.0,5.0,23
6713,0.0,0.0,20
6714,10.0,8.0,19
6715,10.0,10.0,18
6716,4.0,5.0,18
6717,10.0,10.0,24
6718,4.0,3.0,22
6719,8.0,7.0,18
6720,5.0,4.0,22
6721,0.0,0.0,18
6722,0.0,2.0,22
6723,3.0,5.0,21
6724,7.0,5.0,24
6725,9.0,7.0,24
6726,7.0,6.0,24
6727,9.0,8.0,20
6728,0.0,1.0,22
6729,9.0,7.0,18
6730,1.0,3.0,20
6731,2.0,2.0,20
6732,8.0,7.0,22
6733,3.0,5.0,20
6734,2.0,3.0,21
6735,7.0,7.0,18
6736,1.0,0.0,20
6737,5.0,5.0,19
6738,4.0,2.0,24
6739,0.0,0.0,19
6740,6.0,6.0,24
6741,3.0,4.0,23
6742,9.0,7.0,19
6743,2.0,4.0,23
6744,0.0,2.0,24
6745,1.0,0.0,24
6746,10.0,10.0,19
6747,8.0,7.0,24
6748,8.0,7.0,18
6749,6.0,8.0,20
6750,4.0,3.0,20
6751,7.0,5.0,22
6752,1.0,1.0,19
6753,7.0,6.0,24
6754,9.0,8.0,21
6755,4.0,2.0,23
6756,9.0,10.0,21
6757,2.0,3.0,24
6758,10.0,10.0,21
6759,6.0,6.0,21
6760,3.0,2.0,21
6761,1.0,3.0,20
6762,1.0,1.0,19
6763,5.0,5.0,24
6764,7.0,9.0,23
6765,4.0,2.0,18
6766,9.0,8.0,23
6767,10.0,9.0,19
6768,3.0,1.0,18
6769,9.0,9.0,24
6770,1.0,2.0,19
6771,5.0,7.0,18
6772,5.0,7.0,23
6773,1.0,2.0,20
6774,1.0,1.0,19
6775,4.0,2.0,22
6776,10.0,9.0,21
6777,4.0,3.0,21
6778,10.0,10.0,18
6779,2.0,3.0,21
6780,2.0,1.0,24
6781,10.0,10.0,19
6782,9.0,10.0,18
6783,0.0,0.0,24
6784,5.0,6.0,23
6785,2.0,1.0,20
6786,6.0,8.0,19
6787,10.0,10.0,21
6788,6.0,8.0,18
6789,0.0,0.0,19
6790,0.0,1.0,24
6791,6.0,6.0,21
6792,2.0,4.0,18
6793,5.0,6.0,18
6794,8.0,10.0,22
6795,7.0,6.0,23
6796,0.0,0.0,19
6797,10.0,10.0,18
6798,9.0,8.0,20
6799,9.0,8.0,22
6800,4.0,5.0,24
6801,9.0,10.0,18
6802,3.0,5.0,18
6803,10.0,10.0,24
6804,1.0,3.0,19
6805,6.0,7.0,24
6806,10.0,10.0,18
6807,2.0,0.0,20
6808,10.0,10.0,19
6809,3.0,3.0,19
6810,3.0,4.0,21
6811,5.0,7.0,21
6812,8.0,6.0,18
6813,6.0,7.0,20
6814,10.0,10.0,18
6815,5.0,6.0,22
6816,0.0,0.0,21
6817,8.0,9.0,20
6818,4.0,4.0,20
6819,10.0,10.0,19
6820,1.0,2.0,18
6821,7.0,8.0,22
6822,8.0,6.0,24
6823,2.0,3.0,21
6824,10.0,9.0,18
6825,10.0,8.0,18
6826,4.0,6.0,20
6827,7.0,9.0,18
6828,1.0,1.0,23
6829,8.0,9.0,19
6830,10.0,10.0,19
6831,10.0,10.0,18
6832,1.0,3.0,20
6833,5.0,5.0,20
6834,7.0,7.0,21
6835,1.0,2.0,18
6836,5.0,5.0,22
6837,1.0,3.0,18
6838,4.0,4.0,20
6839,10.0,10.0,20
6840,5.0,5.0,21
6841,5.0,3.0,21
6842,1.0,0.0,19
6843,4.0,3.0,21
6844,10.0,9.0,18
6845,5.0,4.0,24
6846,4.0,2.0,24
6847,0.0,1.0,18
6848,8.0,7.0,24
6849,5.0,4.0,23
6850,6.0,7.0,23
6851,0.0,1.0,18
6852,10.0,9.0,22
6853,2.0,3.0,18
6854,9.0,10.0,21
6855,2.0,1.0,18
6856,6.0,4.0,21
6857,2.0,3.0,19
6858,9.0,8.0,20
6859,0.0,1.0,20
6860,2.0,3.0,19
6861,9.0,8.0,24
6862,4.0,5.0,21
6863,1.0,0.0,20
6864,6.0,5.0,24
6865,3.0,1.0,18
6866,10.0,8.0,24
6867,7.0,9.0,18
6868,7.0,8.0,19
6869,7.0,6.0,23
6870,1.0,0.0,19
6871,5.0,7.0,22
6872,1.0,2.0,20
6873,4.0,5.0,20
6874,4.0,5.0,19
6875,10.0,9.0,20
6876,10.0,10.0,24
6877,1.0,3.0,22
6878,2.0,1.0,24
6879,5.0,7.0,22
6880,3.0,3.0,23
6881,8.0,6.0,24
6882,9.0,10.0,24
6883,1.0,3.0,23
6884,6.0,8.0,22
6885,3.0,1.0,22
6886,0.0,0.0,23
6887,1.0,3.0,23
6888,3.0,4.0,18
6889,3.0,4.0,23
6890,9.0,9.0,21
6891,0.0,0.0,18
6892,2.0,1.0,20
6893,10.0,10.0,24
6894,1.0,3.0,23
6895,4.0,5.0,24
6896,0.0,0.0,19
6897,8.0,6.0,22
6898,8.0,10.0,19
6899,5.0,3.0,20
6900,4.0,5.0,23
6901,10.0,10.0,19
6902,7.0,7.0,22
6903,2.0,0.0,21
6904,6.0,8.0,24
6905,6.0,4.0,20
6906,9.0,8.0,19
6907,9.0,10.0,24
6908,5.0,5.0,19
6909,0.0,0.0,20
6910,5.0,6.0,21
6911,2.0,1.0,23
6912,8.0,8.0,19
6913,8.0,9.0,20
6914,9.0,10.0,23
6915,10.0,8.0,23
6916,6.0,4.0,20
6917,9.0,8.0,22
6918,0.0,0.0,21
6919,1.0,0.0,23
6920,6.0,8.0,20
6921,6.0,8.0,20
6922,0.0,1.0,23
6923,9.0,7.0,18
6924,0.0,1.0,18
6925,0.0,0.0,18
6926,0.0,0.0,23
6927,2.0,2.0,20
6928,4.0,4.0,23
6929,2.0,3.0,18
6930,4.0,2.0,23
6931,10.0,10.0,24
6932,0.0,2.0,23
6933,6.0,5.0,21
6934,1.0,2.0,20
6935,1.0,0.0,19
6936,4.0,5.0,18
6937,2.0,3.0,23
6938,1.0,2.0,20
6939,0.0,1.0,18
6940,1.0,0.0,18
6941,6.0,4.0,20
6942,3.0,2.0,18
6943,5.0,6.0,23
6944,6.0,6.0,22
6945,0.0,0.0,23
6946,10.0,8.0,20
6947,3.0,3.0,22
6948,10.0,10.0,19
6949,1.0,0.0,23
6950,4.0,3.0,18
6951,0.0,0.0,23
6952,2.0,3.0,22
6953,5.0,5.0,23
6954,9.0,10.0,19
6955,9.0,7.0,19
6956,7.0,6.0,20
6957,0.0,0.0,24
6958,0.0,0.0,19
6959,0.0,1.0,24
6960,4.0,4.0,24
6961,1.0,2.0,24
6962,3.0,5.0,18
6963,0.0,1.0,24
6964,10.0,9.0,20
6965,2.0,2.0,18
6966,4.0,4.0,23
6967,2.0,1.0,19
6968,3.0,3.0,21
6969,8.0,9.0,21
6970,6.0,5.0,20
6971,10.0,8.0,22
6972,6.0,5.0,20
6973,10.0,10.0,22
6974,9.0,10.0,20
6975,9.0,7.0,19
6976,0.0,0.0,20
6977,7.0,6.0,19
6978,2.0,1.0,22
6979,10.0,10.0,20
6980,0.0,0.0,18
6981,6.0,6.0,18
6982,4.0,4.0,21
6983,7.0,5.0,22
6984,8.0,8.0,19
6985,6.0,8.0,18
6986,0.0,2.0,21
6987,0.0,0.0,18
6988,6.0,4.0,21
6989,6.0,5.0,19
6990,2.0,2.0,24
6991,2.0,0.0,21
6992,4.0,4.0,19
6993,7.0,9.0,20
6994,3.0,5.0,19
6995,6.0,5.0,24
6996,0.0,2.0,23
6997,8.0,6.0,22
6998,10.0,9.0,20
6999,2.0,0.0,18
7000,3.0,4.0,18
7001,4.0,5.0,20
7002,7.0,7.0,18
7003,7.0,7.0,24
7004,5.0,5.0,19
7005,7.0,8.0,20
7006,3.0,4.0,22
7007,3.0,4.0,23
7008,1.0,1.0,24
7009,5.0,5.0,21
7010,7.0,8.0,20
7011,3.0,2.0,18
7012,3.0,5.0,22
7013,8.0,10.0,23
7014,0.0,0.0,22
7015,5.0,7.0,21
7016,9.0,10.0,24
7017,6.0,4.0,22
7018,0.0,1.0,20
7019,3.0,4.0,18
7020,0.0,2.0,20
7021,7.0,6.0,18
7022,3.0,4.0,19
7023,7.0,5.0,21
7024,8.0,8.0,21
7025,1.0,0.0,23
7026,7.0,5.0,19
7027,1.0,2.0,18
7028,3.0,3.0,18
7029,1.0,2.0,19
7030,3.0,4.0,19
7031,9.0,7.0,19
7032,2.0,0.0,19
7033,10.0,9.0,20
7034,0.0,1.0,20
7035,7.0,5.0,23
7036,1.0,2.0,18
7037,9.0,9.0,24
7038,1.0,1.0,20
7039,0.0,0.0,23
7040,4.0,5.0,18
7041,8.0,10.0,23
7042,8.0,8.0,21
7043,6.0,6.0,20
7044,1.0,2.0,22
7045,6.0,7.0,19
7046,1.0,3.0,19
7047,8.0,10.0,24
7048,9.0,10.0,22
7049,7.0,9.0,22
7050,2.0,3.0,19
7051,5.0,6.0,21
7052,6.0,6.0,19
7053,10.0,10.0,22
7054,10.0,8.0,23
7055,6.0,8.0,22
7056,7.0,6.0,19
7057,7.0,6.0,21
7058,6.0,8.0,20
7059,4.0,2.0,23
7060,5.0,4.0,24
7061,3.0,1.0,24
7062,3.0,4.0,20
7063,6.0,4.0,18
7064,6.0,7.0,22
7065,6.0,4.0,21
7066,6.0,4.0,18
7067,1.0,2.0,20
7068,6.0,6.0,24
7069,9.0,10.0,23
7070,2.0,4.0,20
7071,3.0,2.0,20
7072,1.0,2.0,23
7073,10.0,8.0,21
7074,7.0,8.0,19
7075,9.0,10.0,19
7076,9.0,10.0,23
7077,2.0,4.0,20
7078,8.0,10.0,23
7079,6.0,7.0,18
7080,6.0,6.0,23
7081,5.0,3.0,18
7082,5.0,6.0,24
7083,7.0,6.0,21
7084,10.0,10.0,18
7085,1.0,0.0,19
7086,4.0,5.0,23
7087,5.0,6.0,22
7088,1.0,2.0,22
7089,1.0,1.0,22
7090,5.0,4.0,24
7091,10.0,8.0,23
7092,9.0,7.0,21
7093,4.0,6.0,23
7094,3.0,3.0,19
7095,8.0,10.0,20
7096,5.0,6.0,18
7097,5.0,6.0,19
7098,2.0,0.0,20
7099,8.0,9.0,24
7100,8.0,9.0,24
7101,2.0,4.0,20
7102,8.0,10.0,24
7103,9.0,8.0,23
7104,1.0,0.0,22
7105,6.0,5.0,24
7106,7.0,7.0,23
7107,1.0,0.0,21
7108,10.0,10.0,20
7109,2.0,0.0,22
7110,3.0,1.0,21
7111,5.0,4.0,23
7112,5.0,3.0,20
7113,0.0,2.0,21
7114,0.0,0.0,23
7115,4.0,4.0,19
7116,6.0,8.0,24
7117,6.0,6.0,20
7118,0.0,0.0,19
7119,0.0,0.0,18
7120,4.0,4.0,21
7121,8.0,7.0,19
7122,7.0,9.0,19
7123,3.0,4.0,21
7124,9.0,10.0,21
7125,4.0,2.0,20
7126,2.0,3.0,21
7127,1.0,0.0,23
7128,0.0,1.0,19
7129,6.0,5.0,19
7130,1.0,0.0,24
7131,1.0,0.0,22
7132,10.0,9.0,21
7133,10.0,10.0,24
7134,4.0,6.0,19
7135,9.0,10.0,19
7136,9.0,10.0,24
7137,7.0,8.0,21
7138,7.0,8.0,18
7139,0.0,0.0,18
7140,6.0,5.0,18
7141,4.0,3.0,23
7142,4.0,5.0,21
7143,2.0,1.0,24
7144,8.0,6.0,20
7145,2.0,1.0,20
7146,3.0,4.0,24
7147,9.0,9.0,19
7148,6.0,6.0,18
7149,4.0,3.0,22
7150,8.0,6.0,23
7151,0.0,0.0,18
7152,4.0,4.0,19
7153,4.0,3.0,19
7154,10.0,10.0,24
7155,3.0,1.0,22
7156,4.0,4.0,24
7157,10.0,10.0,24
7158,5.0,3.0,20
7159,8.0,10.0,19
7160,7.0,7.0,23
7161,9.0,10.0,24
7162,8.0,8.0,22
7163,6.0,8.0,19
7164,5.0,5.0,24
7165,2.0,4.0,19
7166,5.0,3.0,19
7167,8.0,9.0,18
7168,5.0,7.0,23
7169,9.0,9.0,23
7170,9.0,9.0,24
7171,7.0,6.0,22
7172,4.0,3.0,22
7173,3.0,5.0,21
7174,3.0,1.0,23
7175,1.0,0.0,20
7176,9.0,9.0,24
7177,0.0,0.0,21
7178,8.0,8.0,24
7179,10.0,10.0,23
7180,6.0,4.0,21
7181,5.0,7.0,23
7182,4.0,3.0,20
7183,8.0,6.0,21
7184,3.0,2.0,23
7185,2.0,2.0,20
7186,8.0,6.0,22
7187,4.0,5.0,19
7188,5.0,3.0,24
7189,2.0,4.0,18
7190,9.0,10.0,22
7191,2.0,0.0,19
7192,5.0,7.0,24
7193,9.0,10.0,23
7194,7.0,7.0,21
7195,8.0,10.0,18
7196,9.0,7.0,18
7197,4.0,2.0,20
7198,7.0,9.0,20
7199,0.0,2.0,19
7200,8.0,9.0,23
7201,2.0,0.0,18
7202,1.0,2.0,18
7203,7.0,8.0,24
7204,6.0,7.0,19
7205,10.0,10.0,21
7206,5.0,7.0,24
7207,10.0,9.0,23
7208,8.0,9.0,18
7209,9.0,10.0,19
7210,0.0,1.0,21
7211,1.0,3.0,24
7212,3.0,4.0,18
7213,8.0,8.0,20
7214,10.0,8.0,23
7215,1.0,1.0,19
7216,0.0,0.0,23
7217,8.0,10.0,19
7218,1.0,0.0,21
7219,7.0,9.0,20
7220,4.0,5.0,21
7221,7.0,7.0,19
7222,0.0,0.0,20
7223,10.0,8.0,24
7224,9.0,9.0,24
7225,4.0,6.0,23
7226,4.0,4.0,21
7227,2.0,4.0,18
7228,4.0,2.0,20
7229,2.0,3.0,24
7230,9.0,10.0,23
7231,10.0,10.0,23
7232,7.0,9.0,19
7233,7.0,8.0,23
7234,7.0,8.0,20
7235,5.0,3.0,22
7236,0.0,0.0,19
7237,5.0,4.0,23
7238,10.0,9.0,19
7239,1.0,1.0,23
7240,4.0,3.0,18
7241,9.0,8.0,20
7242,3.0,2.0,24
7243,10.0,10.0,24
7244,2.0,0.0,18
7245,8.0,7.0,23
7246,1.0,3.0,20
7247,9.0,9.0,21
7248,3.0,5.0,18
7249,6.0,4.0,18
7250,8.0,6.0,22
7251,4.0,6.0,21
7252,1.0,1.0,20
7253,1.0,1.0,21
7254,9.0,10.0,18
7255,6.0,6.0,18
7256,0.0,0.0,18
7257,0.0,1.0,24
7258,8.0,8.0,23
7259,1.0,0.0,24
7260,8.0,8.0,22
7261,10.0,10.0,21
7262,5.0,5.0,24
7263,4.0,4.0,24
7264,3.0,4.0,21
7265,2.0,1.0,18
7266,9.0,9.0,21
7267,7.0,6.0,22
7268,7.0,6.0,19
7269,1.0,0.0,24
7270,5.0,7.0,20
7271,8.0,6.0,21
7272,0.0,0.0,22
7273,6.0,6.0,18
7274,7.0,5.0,23
7275,7.0,8.0,18
7276,10.0,10.0,22
7277,10.0,9.0,21
7278,2.0,0.0,23
7279,9.0,9.0,21
7280,6.0,4.0,20
7281,5.0,7.0,22
7282,3.0,4.0,19
7283,7.0,8.0,22
7284,0.0,1.0,24
7285,5.0,3.0,22
7286,4.0,4.0,21
7287,3.0,5.0,20
7288,0.0,2.0,21
7289,1.0,0.0,23
7290,7.0,9.0,23
7291,0.0,0.0,24
7292,2.0,0.0,18
7293,8.0,7.0,18
7294,2.0,2.0,21
7295,10.0,10.0,22
7296,2.0,3.0,20
7297,7.0,6.0,24
7298,4.0,6.0,24
7299,7.0,7.0,18
7300,10.0,10.0,24
7301,8.0,7.0,20
7302,4.0,6.0,21
7303,3.0,3.0,19
7304,3.0,1.0,23
7305,3.0,3.0,22
7306,2.0,2.0,24
7307,8.0,9.0,22
7308,10.0,10.0,21
7309,2.0,3.0,18
7310,7.0,9.0,22
7311,10.0,10.0,21
7312,8.0,8.0,20
7313,9.0,10.0,18
7314,3.0,1.0,24
7315,4.0,5.0,24
7316,9.0,7.0,18
7317,3.0,2.0,23
7318,4.0,3.0,20
7319,2.0,2.0,21
7320,10.0,10.0,21
7321,6.0,5.0,24
7322,10.0,10.0,22
7323,6.0,4.0,18
7324,2.0,2.0,21
7325,8.0,6.0,23
7326,0.0,1.0,24
7327,7.0,8.0,23
7328,5.0,6.0,22
7329,6.0,4.0,21
7330,0.0,0.0,23
7331,4.0,4.0,20
7332,0.0,2.0,18
7333,0.0,0.0,23
7334,9.0,9.0,23
7335,9.0,9.0,18
7336,8.0,6.0,23
7337,1.0,0.0,22
7338,9.0,10.0,23
7339,7.0,7.0,20
7340,4.0,4.0,24
7341,1.0,3.0,21
7342,3.0,5.0,19
7343,7.0,5.0,24
7344,6.0,7.0,23
7345,9.0,7.0,24
7346,10.0,8.0,22
7347,4.0,6.0,23
7348,10.0,8.0,23
7349,3.0,5.0,21
7350,4.0,5.0,21
7351,9.0,10.0,24
7352,1.0,1.0,18
7353,10.0,8.0,19
7354,7.0,5.0,21
7355,0.0,2.0,20
7356,0.0,0.0,21
7357,5.0,7.0,24
7358,9.0,9.0,21
7359,6.0,7.0,21
7360,3.0,5.0,20
7361,5.0,7.0,20
7362,5.0,4.0,23
7363,4.0,6.0,21
7364,9.0,10.0,24
7365,1.0,0.0,24
7366,5.0,5.0,23
7367,6.0,6.0,23
7368,4.0,3.0,18
7369,6.0,4.0,22
7370,10.0,9.0,19
7371,1.0,2.0,23
7372,2.0,3.0,22
7373,9.0,9.0,18
7374,1.0,0.0,18
7375,7.0,8.0,24
7376,2.0,4.0,23
7377,2.0,2.0,21
7378,1.0,3.0,23
7379,8.0,9.0,18
7380,8.0,10.0,22
7381,9.0,8.0,22
7382,1.0,3.0,21
7383,0.0,2.0,18
7384,7.0,5.0,24
7385,3.0,1.0,22
7386,2.0,1.0,20
7387,7.0,6.0,22
7388,8.0,8.0,22
7389,8.0,8.0,23
7390,7.0,8.0,22
7391,1.0,2.0,23
7392,8.0,10.0,20
7393,0.0,0.0,19
7394,4.0,6.0,21
7395,4.0,3.0,23
7396,8.0,8.0,20
7397,5.0,5.0,19
7398,4.0,2.0,22
7399,8.0,7.0,21
7400,8.0,7.0,24
7401,3.0,2.0,18
7402,9.0,9.0,24
7403,9.0,9.0,22
7404,10.0,10.0,21
7405,9.0,8.0,23
7406,0.0,0.0,24
7407,5.0,3.0,20
7408,4.0,5.0,22
7409,10.0,10.0,19
7410,9.0,9.0,18
7411,6.0,5.0,18
7412,4.0,3.0,19
7413,6.0,8.0,18
7414,0.0,0.0,23
7415,1.0,3.0,20
7416,9.0,9.0,24
7417,5.0,3.0,20
7418,2.0,4.0,24
7419,4.0,3.0,22
7420,7.0,9.0,19
7421,6.0,8.0,23
7422,2.0,1.0,18
7423,9.0,7.0,19
7424,2.0,3.0,24
7425,9.0,7.0,20
7426,5.0,6.0,24
7427,6.0,4.0,18
7428,7.0,5.0,18
7429,1.0,0.0,20
7430,4.0,5.0,23
7431,5.0,6.0,19
7432,5.0,5.0,23
7433,10.0,10.0,21
7434,2.0,3.0,21
7435,6.0,6.0,18
7436,8.0,8.0,18
7437,1.0,2.0,21
7438,7.0,5.0,23
7439,5.0,4.0,22
7440,1.0,1.0,23
7441,4.0,5.0,18
7442,6.0,5.0,20
7443,2.0,4.0,21
7444,2.0,1.0,22
7445,4.0,2.0,21
7446,0.0,2.0,24
7447,5.0,4.0,24
7448,8.0,9.0,18
7449,6.0,4.0,20
7450,8.0,10.0,19
7451,1.0,0.0,23
7452,7.0,5.0,23
7453,6.0,8.0,23
7454,8.0,10.0,20
7455,8.0,7.0,22
7456,9.0,9.0,21
7457,2.0,2.0,23
7458,0.0,2.0,22
7459,6.0,7.0,19
7460,4.0,4.0,19
7461,9.0,9.0,19
7462,1.0,0.0,21
7463,5.0,4.0,22
7464,4.0,3.0,24
7465,7.0,8.0,18
7466,5.0,5.0,22
7467,5.0,4.0,24
7468,0.0,0.0,23
7469,2.0,4.0,23
7470,5.0,7.0,18
7471,9.0,10.0,22
7472,2.0,4.0,22
7473,5.0,3.0,18
7474,6.0,8.0,19
7475,8.0,9.0,23
7476,4.0,3.0,18
7477,3.0,4.0,23
7478,10.0,9.0,24
7479,5.0,3.0,24
7480,9.0,9.0,19
7481,4.0,4.0,19
7482,10.0,10.0,20
7483,6.0,5.0,18
7484,7.0,7.0,22
7485,3.0,3.0,23
7486,4.0,6.0,18
7487,9.0,7.0,19
7488,2.0,0.0,21
7489,4.0,3.0,24
7490,10.0,9.0,23
7491,6.0,5.0,24
7492,4.0,2.0,19
7493,8.0,6.0,20
7494,1.0,1.0,23
7495,5.0,7.0,19
7496,4.0,2.0,24
7497,9.0,9.0,22
7498,4.0,2.0,21
7499,8.0,8.0,23
7500,6.0,7.0,18
7501,9.0,10.0,23
7502,8.0,6.0,19
7503,4.0,6.0,20
7504,3.0,3.0,24
7505,3.0,2.0,19
7506,6.0,8.0,20
7507,7.0,5.0,18
7508,7.0,5.0,21
7509,1.0,0.0,24
7510,2.0,2.0,23
7511,8.0,7.0,22
7512,6.0,4.0,22
7513,4.0,4.0,19
7514,2.0,4.0,18
7515,5.0,4.0,18
7516,0.0,0.0,19
7517,10.0,9.0,20
7518,10.0,8.0,23
7519,10.0,8.0,24
7520,8.0,9.0,22
7521,3.0,2.0,23
7522,7.0,8.0,24
7523,1.0,2.0,20
7524,0.0,0.0,23
7525,5.0,3.0,22
7526,7.0,5.0,18
7527,2.0,2.0,24
7528,3.0,5.0,19
7529,3.0,5.0,18
7530,5.0,3.0,19
7531,4.0,3.0,21
7532,2.0,2.0,20
7533,2.0,2.0,23
7534,6.0,4.0,19
7535,10.0,10.0,19
7536,3.0,2.0,21
7537,7.0,9.0,18
7538,3.0,2.0,18
7539,9.0,10.0,20
7540,10.0,10.0,20
7541,1.0,1.0,20
7542,9.0,10.0,24
7543,7.0,5.0,23
7544,5.0,4.0,21
7545,9.0,7.0,22
7546,8.0,8.0,22
7547,7.0,8.0,20
7548,8.0,9.0,21
7549,1.0,1.0,24
7550,1.0,0.0,20
7551,8.0,6.0,22
7552,1.0,0.0,20
7553,0.0,1.0,22
7554,6.0,4.0,18
7555,2.0,0.0,22
7556,2.0,1.0,20
7557,9.0,7.0,19
7558,5.0,5.0,19
7559,9.0,10.0,19
7560,2.0,0.0,23
7561,9.0,10.0,24
7562,5.0,4.0,21
7563,9.0,7.0,19
7564,8.0,8.0,19
7565,10.0,10.0,20
7566,10.0,10.0,22
7567,8.0,7.0,19
7568,1.0,0.0,21
7569,8.0,10.0,22
7570,2.0,0.0,20
7571,6.0,5.0,24
7572,1.0,0.0,20
7573,7.0,5.0,19
7574,2.0,4.0,22
7575,4.0,6.0,23
7576,9.0,7.0,23
7577,7.0,8.0,19
7578,0.0,1.0,21
7579,10.0,9.0,22
7580,10.0,8.0,23
7581,5.0,3.0,19
7582,1.0,0.0,18
7583,8.0,9.0,20
7584,8.0,7.0,19
7585,2.0,3.0,18
7586,10.0,10.0,23
7587,10.0,10.0,24
7588,4.0,3.0,19
7589,1.0,0.0,24
7590,8.0,10.0,21
7591,1.0,1.0,24
7592,5.0,5.0,18
7593,10.0,10.0,24
7594,2.0,3.0,20
7595,1.0,0.0,23
7596,5.0,4.0,23
7597,4.0,6.0,18
7598,0.0,2.0,24
7599,1.0,0.0,24
7600,1.0,0.0,18
7601,5.0,4.0,21
7602,6.0,6.0,21
7603,4.0,5.0,18
7604,3.0,1.0,23
7605,8.0,7.0,19
7606,10.0,10.0,24
7607,9.0,8.0,22
7608,5.0,6.0,24
7609,7.0,8.0,22
7610,5.0,6.0,21
7611,1.0,0.0,20
7612,2.0,2.0,20
7613,8.0,8.0,20
7614,4.0,3.0,24
7615,8.0,6.0,24
7616,6.0,7.0,20
7617,7.0,6.0,22
7618,6.0,4.0,19
7619,4.0,2.0,19
7620,10.0,9.0,23
7621,7.0,7.0,22
7622,2.0,0.0,18
7623,2.0,4.0,19
7624,5.0,7.0,20
7625,5.0,3.0,23
7626,2.0,2.0,23
7627,8.0,9.0,18
7628,4.0,4.0,23
7629,2.0,3.0,18
7630,10.0,10.0,20
7631,3.0,5.0,22
7632,8.0,6.0,19
7633,9.0,10.0,20
7634,4.0,2.0,23
7635,1.0,3.0,19
7636,6.0,6.0,18
7637,10.0,10.0,20
7638,2.0,3.0,21
7639,7.0,9.0,22
7640,1.0,3.0,24
7641,1.0,2.0,24
7642,4.0,6.0,23
7643,8.0,10.0,22
7644,6.0,7.0,21
7645,7.0,6.0,21
7646,3.0,3.0,18
7647,0.0,0.0,21
7648,8.0,6.0,22
7649,1.0,0.0,18
7650,8.0,10.0,19
7651,4.0,5.0,20
7652,4.0,5.0,23
7653,1.0,0.0,22
7654,6.0,7.0,22
7655,4.0,6.0,20
7656,10.0,9.0,22
7657,9.0,10.0,23
7658,10.0,10.0,22
7659,3.0,1.0,20
7660,10.0,9.0,24
7661,3.0,5.0,18
7662,9.0,8.0,18
7663,3.0,5.0,21
7664,9.0,10.0,20
7665,1.0,1.0,19
7666,9.0,10.0,22
7667,10.0,10.0,22
7668,3.0,4.0,23
7669,5.0,7.0,22
7670,5.0,5.0,20
7671,9.0,10.0,24
7672,9.0,10.0,23
7673,5.0,4.0,19
7674,0.0,1.0,19
7675,2.0,1.0,22
7676,4.0,5.0,18
7677,10.0,10.0,19
7678,10.0,10.0,21
7679,5.0,7.0,20
7680,4.0,3.0,20
7681,10.0,9.0,23
7682,2.0,2.0,24
7683,9.0,8.0,21
7684,0.0,0.0,22
7685,9.0,7.0,19
7686,6.0,5.0,22
7687,0.0,1.0,21
7688,2.0,1.0,24
7689,6.0,6.0,19
7690,10.0,10.0,24
7691,10.0,10.0,23
7692,6.0,5.0,23
7693,4.0,3.0,24
7694,8.0,8.0,21
7695,9.0,7.0,24
7696,4.0,6.0,24
7697,7.0,9.0,18
7698,10.0,10.0,20
7699,0.0,0.0,18
7700,2.0,4.0,21
7701,9.0,10.0,20
7702,4.0,6.0,21
7703,0.0,0.0,19
7704,8.0,6.0,23
7705,6.0,8.0,22
7706,2.0,3.0,20
7707,2.0,4.0,22
7708,0.0,1.0,23
7709,3.0,2.0,23
7710,0.0,0.0,18
7711,2.0,0.0,18
7712,1.0,0.0,22
7713,7.0,5.0,24
7714,7.0,7.0,23
7715,7.0,9.0,20
7716,5.0,5.0,22
7717,1.0,0.0,19
7718,9.0,10.0,21
7719,9.0,10.0,21
7720,0.0,0.0,18
7721,3.0,1.0,18
7722,2.0,0.0,23
7723,6.0,6.0,19
7724,9.0,8.0,23
7725,3.0,4.0,22
7726,5.0,3.0,19
7727,10.0,10.0,24
7728,0.0,0.0,24
7729,3.0,2.0,23
7730,9.0,8.0,20
7731,3.0,3.0,19
7732,8.0,7.0,22
7733,0.0,0.0,24
7734,4.0,6.0,24
7735,8.0,6.0,19
7736,1.0,3.0,23
7737,4.0,5.0,21
7738,0.0,0.0,21
7739,2.0,3.0,19
7740,10.0,10.0,24
7741,5.0,7.0,24
7742,10.0,10.0,18
7743,9.0,7.0,22
7744,2.0,0.0,18
7745,4.0,5.0,18
7746,5.0,4.0,19
7747,4.0,2.0,19
7748,1.0,1.0,20
7749,6.0,4.0,18
7750,1.0,0.0,23
7751,1.0,2.0,18
7752,3.0,3.0,19
7753,2.0,1.0,21
7754,3.0,5.0,22
7755,8.0,7.0,20
7756,0.0,0.0,21
7757,4.0,2.0,24
7758,1.0,1.0,20
7759,7.0,8.0,21
7760,7.0,9.0,23
7761,4.0,4.0,18
7762,3.0,4.0,20
7763,9.0,7.0,19
7764,2.0,1.0,19
7765,7.0,5.0,22
7766,10.0,8.0,20
7767,5.0,5.0,19
7768,4.0,4.0,21
7769,10.0,10.0,19
7770,8.0,8.0,21
7771,4.0,2.0,21
7772,3.0,3.0,19
7773,7.0,9.0,23
7774,4.0,3.0,24
7775,6.0,4.0,21
7776,8.0,8.0,20
7777,0.0,0.0,22
7778,8.0,8.0,20
7779,8.0,7.0,19
7780,6.0,5.0,23
7781,6.0,7.0,22
7782,0.0,0.0,22
7783,3.0,4.0,20
7784,0.0,0.0,20
7785,9.0,9.0,20
7786,10.0,10.0,22
7787,4.0,6.0,21
7788,6.0,8.0,20
7789,7.0,7.0,22
7790,4.0,6.0,22
7791,8.0,8.0,22
7792,8.0,7.0,20
7793,3.0,1.0,23
7794,7.0,7.0,19
7795,5.0,3.0,19
7796,0.0,0.0,22
7797,1.0,3.0,24
7798,1.0,2.0,18
7799,3.0,2.0,21
7800,1.0,0.0,21
7801,6.0,5.0,18
7802,9.0,7.0,23
7803,5.0,7.0,18
7804,0.0,2.0,20
7805,5.0,7.0,19
7806,1.0,0.0,18
7807,3.0,3.0,18
7808,2.0,4.0,23
7809,0.0,1.0,20
7810,7.0,6.0,19
7811,8.0,6.0,23
7812,8.0,10.0,23
7813,5.0,3.0,20
7814,1.0,0.0,18
7815,7.0,5.0,22
7816,5.0,3.0,24
7817,6.0,7.0,22
7818,5.0,4.0,22
7819,5.0,6.0,22
7820,2.0,3.0,18
7821,10.0,8.0,23
7822,10.0,10.0,19
7823,0.0,0.0,23
7824,9.0,9.0,24
7825,8.0,9.0,20
7826,8.0,10.0,21
7827,5.0,5.0,19
7828,4.0,6.0,21
7829,5.0,6.0,18
7830,2.0,1.0,19
7831,8.0,10.0,24
7832,2.0,3.0,18
7833,8.0,7.0,20
7834,2.0,3.0,20
7835,8.0,6.0,20
7836,4.0,4.0,22
7837,0.0,2.0,24
7838,0.0,1.0,19
7839,5.0,5.0,20
7840,6.0,4.0,23
7841,3.0,1.0,23
7842,2.0,0.0,24
7843,1.0,0.0,24
7844,6.0,4.0,19
7845,4.0,5.0,23
7846,9.0,9.0,24
7847,4.0,6.0,20
7848,1.0,1.0,19
7849,1.0,0.0,24
7850,3.0,1.0,20
7851,0.0,1.0,20
7852,2.0,0.0,21
7853,7.0,5.0,23
7854,5.0,4.0,21
7855,7.0,8.0,22
7856,9.0,9.0,20
7857,4.0,2.0,21
7858,7.0,8.0,18
7859,4.0,3.0,18
7860,8.0,9.0,24
7861,10.0,9.0,18
7862,3.0,2.0,23
7863,2.0,0.0,21
7864,1.0,1.0,19
7865,5.0,4.0,21
7866,3.0,3.0,23
7867,3.0,5.0,18
7868,1.0,0.0,22
7869,6.0,6.0,20
7870,4.0,6.0,22
7871,9.0,10.0,23
7872,2.0,4.0,18
7873,4.0,2.0,22
7874,7.0,6.0,22
7875,0.0,0.0,19
7876,3.0,4.0,18
7877,2.0,1.0,23
7878,7.0,5.0,23
7879,6.0,8.0,22
7880,8.0,6.0,20
7881,8.0,7.0,19
7882,5.0,3.0,19
7883,1.0,0.0,24
7884,6.0,5.0,23
7885,0.0,0.0,22
7886,9.0,7.0,23
7887,5.0,5.0,22
7888,10.0,10.0,22
7889,0.0,0.0,19
7890,0.0,0.0,23
7891,8.0,8.0,18
7892,2.0,2.0,19
7893,0.0,0.0,20
7894,6.0,4.0,23
7895,6.0,4.0,23
7896,10.0,10.0,18
7897,6.0,7.0,23
7898,10.0,10.0,18
7899,7.0,9.0,19
7900,7.0,5.0,21
7901,10.0,9.0,22
7902,6.0,6.0,24
7903,10.0,10.0,24
7904,10.0,10.0,21
7905,4.0,2.0,21
7906,9.0,9.0,23
7907,9.0,10.0,24
7908,1.0,0.0,23
7909,2.0,4.0,22
7910,3.0,5.0,21
7911,6.0,6.0,20
7912,2.0,2.0,24
7913,0.0,0.0,18
7914,4.0,3.0,20
7915,0.0,2.0,22
7916,1.0,2.0,22
7917,5.0,3.0,21
7918,10.0,10.0,21
7919,5.0,4.0,22
7920,5.0,5.0,21
7921,4.0,3.0,23
7922,1.0,1.0,24
7923,10.0,10.0,20
7924,4.0,4.0,23
7925,4.0,6.0,20
7926,3.0,3.0,21
7927,9.0,9.0,20
7928,3.0,1.0,19
7929,1.0,0.0,23
7930,1.0,3.0,22
7931,9.0,8.0,24
7932,0.0,0.0,22
7933,4.0,2.0,22
7934,6.0,5.0,24
7935,7.0,9.0,18
7936,6.0,5.0,22
7937,10.0,8.0,22
7938,6.0,5.0,18
7939,0.0,0.0,22
7940,4.0,5.0,19
7941,0.0,0.0,21
7942,6.0,7.0,22
7943,7.0,9.0,21
7944,9.0,10.0,24
7945,4.0,4.0,19
7946,3.0,5.0,19
7947,9.0,8.0,23
7948,4.0,5.0,21
7949,7.0,9.0,23
7950,0.0,1.0,19
7951,1.0,0.0,19
7952,1.0,3.0,22
7953,8.0,6.0,23
7954,0.0,0.0,22
7955,5.0,7.0,19
7956,6.0,4.0,21
7957,9.0,9.0,21
7958,3.0,1.0,19
7959,7.0,5.0,21
7960,9.0,7.0,20
7961,5.0,6.0,19
7962,2.0,0.0,24
7963,10.0,10.0,18
7964,4.0,5.0,21
7965,8.0,7.0,22
7966,0.0,0.0,23
7967,5.0,7.0,18
7968,10.0,9.0,24
7969,9.0,7.0,18
7970,10.0,10.0,22
7971,5.0,5.0,24
7972,5.0,3.0,22
7973,8.0,7.0,21
7974,7.0,6.0,19
7975,1.0,1.0,23
7976,2.0,2.0,23
7977,10.0,10.0,21
7978,5.0,4.0,23
7979,4.0,2.0,20
7980,4.0,6.0,20
7981,0.0,0.0,24
7982,2.0,1.0,20
7983,5.0,3.0,20
7984,3.0,5.0,22
7985,2.0,4.0,19
7986,9.0,9.0,24
7987,8.0,8.0,24
7988,2.0,2.0,20
7989,2.0,3.0,24
7990,5.0,7.0,20
7991,8.0,10.0,22
7992,2.0,1.0,24
7993,0.0,2.0,19
7994,0.0,0.0,20
7995,3.0,5.0,21
7996,8.0,8.0,18
7997,0.0,0.0,23
7998,6.0,8.0,22
7999,6.0,4.0,21
8000,3.0,2.0,21
8001,8.0,9.0,21
8002,9.0,9.0,20
8003,10.0,8.0,20
8004,10.0,10.0,18
8005,0.0,0.0,24
8006,7.0,5.0,20
8007,10.0,10.0,22
8008,3.0,3.0,23
8009,4.0,4.0,18
8010,8.0,10.0,20
8011,8.0,9.0,18
8012,10.0,9.0,22
8013,9.0,9.0,23
8014,7.0,9.0,21
8015,4.0,4.0,23
8016,0.0,0.0,19
8017,5.0,5.0,24
8018,3.0,1.0,18
8019,10.0,10.0,21
8020,6.0,5.0,23
8021,0.0,0.0,23
8022,1.0,0.0,18
8023,0.0,0.0,22
8024,4.0,2.0,21
8025,6.0,6.0,18
8026,5.0,3.0,19
8027,6.0,6.0,23
8028,2.0,0.0,19
8029,6.0,8.0,20
8030,9.0,9.0,21
8031,3.0,1.0,19
8032,3.0,3.0,18
8033,4.0,6.0,21
8034,1.0,2.0,19
8035,9.0,10.0,21
8036,10.0,10.0,22
8037,3.0,5.0,20
8038,9.0,8.0,18
8039,2.0,4.0,19
8040,2.0,2.0,18
8041,9.0,10.0,21
8042,10.0,10.0,19
8043,9.0,10.0,19
8044,8.0,10.0,18
8045,1.0,0.0,18
8046,2.0,1.0,20
8047,4.0,5.0,22
8048,10.0,10.0,19
8049,5.0,3.0,24
8050,4.0,3.0,22
8051,1.0,3.0,21
8052,1.0,0.0,21
8053,2.0,2.0,21
8054,6.0,7.0,19
8055,0.0,2.0,24
8056,1.0,3.0,24
8057,3.0,1.0,21
8058,7.0,9.0,18
8059,4.0,6.0,21
8060,4.0,6.0,23
8061,1.0,2.0,18
8062,6.0,8.0,24
8063,0.0,0.0,18
8064,10.0,10.0,19
8065,0.0,0.0,18
8066,6.0,4.0,21
8067,0.0,0.0,22
8068,4.0,5.0,20
8069,6.0,7.0,21
8070,0.0,0.0,19
8071,8.0,8.0,24
8072,1.0,0.0,22
8073,4.0,6.0,22
8074,0.0,2.0,23
8075,9.0,7.0,19
8076,4.0,6.0,24
8077,10.0,9.0,24
8078,10.0,8.0,21
8079,4.0,4.0,23
8080,4.0,4.0,21
8081,9.0,8.0,18
8082,1.0,0.0,23
8083,1.0,0.0,23
8084,2.0,4.0,19
8085,4.0,5.0,20
8086,2.0,3.0,24
8087,0.0,0.0,21
8088,4.0,5.0,18
8089,6.0,5.0,18
8090,7.0,7.0,24
8091,6.0,7.0,24
8092,8.0,10.0,19
8093,9.0,8.0,24
8094,7.0,8.0,20
8095,3.0,5.0,23
8096,2.0,0.0,20
8097,2.0,0.0,22
8098,3.0,3.0,19
8099,0.0,2.0,24
8100,0.0,0.0,20
8101,5.0,4.0,24
8102,7.0,8.0,22
8103,2.0,3.0,18
8104,7.0,9.0,20
8105,3.0,1.0,21
8106,1.0,1.0,24
8107,6.0,4.0,18
8108,9.0,7.0,23
8109,3.0,3.0,19
8110,1.0,1.0,24
8111,1.0,1.0,22
8112,9.0,9.0,24
8113,0.0,0.0,19
8114,1.0,0.0,21
8115,9.0,7.0,20
8116,8.0,7.0,19
8117,8.0,8.0,23
8118,8.0,7.0,22
8119,2.0,2.0,19
8120,10.0,9.0,20
8121,5.0,4.0,23
8122,1.0,0.0,20
8123,9.0,10.0,22
8124,4.0,5.0,24
8125,6.0,8.0,18
8126,3.0,3.0,21
8127,8.0,6.0,18
8128,2.0,4.0,18
8129,6.0,5.0,21
8130,1.0,3.0,23
8131,9.0,9.0,22
8132,7.0,9.0,19
8133,1.0,1.0,19
8134,2.0,4.0,21
8135,4.0,6.0,21
8136,3.0,4.0,21
8137,3.0,2.0,18
8138,0.0,1.0,24
8139,6.0,4.0,24
8140,4.0,4.0,19
8141,9.0,7.0,19
8142,5.0,5.0,21
8143,9.0,7.0,18
8144,10.0,10.0,20
8145,6.0,8.0,24
8146,1.0,0.0,23
8147,6.0,8.0,24
8148,8.0,9.0,18
8149,5.0,4.0,22
8150,9.0,9.0,23
8151,10.0,8.0,22
8152,1.0,0.0,20
8153,1.0,2.0,21
8154,0.0,0.0,24
8155,5.0,4.0,20
8156,10.0,10.0,20
8157,7.0,7.0,22
8158,8.0,9.0,23
8159,8.0,6.0,24
8160,4.0,3.0,19
8161,9.0,8.0,22
8162,1.0,1.0,24
8163,9.0,9.0,24
8164,3.0,5.0,21
8165,4.0,3.0,20
8166,8.0,8.0,23
8167,2.0,0.0,20
8168,8.0,10.0,20
8169,2.0,1.0,24
8170,5.0,3.0,21
8171,2.0,1.0,24
8172,3.0,4.0,20
8173,3.0,3.0,24
8174,5.0,3.0,19
8175,10.0,9.0,22
8176,3.0,2.0,22
8177,4.0,4.0,20
8178,0.0,0.0,19
8179,4.0,6.0,19
8180,7.0,7.0,19
8181,6.0,4.0,19
8182,7.0,7.0,21
8183,9.0,10.0,21
8184,3.0,4.0,19
8185,6.0,7.0,22
8186,10.0,10.0,22
8187,6.0,4.0,20
8188,4.0,6.0,22
8189,5.0,6.0,20
8190,5.0,6.0,20
8191,3.0,5.0,22
8192,9.0,7.0,19
8193,2.0,4.0,22
8194,0.0,1.0,22
8195,9.0,8.0,24
8196,5.0,3.0,21
8197,3.0,5.0,23
8198,4.0,6.0,24
8199,2.0,0.0,20
8200,5.0,7.0,19
8201,8.0,10.0,20
8202,4.0,3.0,20
8203,9.0,9.0,18
8204,7.0,5.0,21
8205,6.0,4.0,23
8206,2.0,3.0,24
8207,9.0,9.0,21
8208,3.0,3.0,21
8209,8.0,6.0,24
8210,5.0,4.0,19
8211,4.0,4.0,22
8212,6.0,4.0,21
8213,7.0,5.0,20
8214,8.0,10.0,22
8215,0.0,0.0,24
8216,9.0,10.0,24
8217,6.0,8.0,22
8218,1.0,3.0,24
8219,6.0,7.0,23
8220,4.0,6.0,18
8221,1.0,1.0,20
8222,8.0,6.0,21
8223,8.0,6.0,20
8224,4.0,5.0,21
8225,6.0,7.0,21
8226,5.0,3.0,20
8227,4.0,6.0,22
8228,5.0,6.0,22
8229,10.0,10.0,21
8230,5.0,3.0,19
8231,9.0,10.0,24
8232,5.0,3.0,23
8233,4.0,4.0,24
8234,3.0,1.0,24
8235,8.0,9.0,23
8236,6.0,8.0,23
8237,5.0,6.0,21
8238,1.0,2.0,21
8239,9.0,8.0,23
8240,8.0,9.0,23
8241,7.0,6.0,18
8242,3.0,2.0,19
8243,1.0,3.0,22
8244,1.0,0.0,21
8245,0.0,0.0,23
8246,10.0,9.0,20
8247,4.0,6.0,21
8248,5.0,4.0,21
8249,6.0,4.0,24
8250,4.0,5.0,22
8251,0.0,0.0,21
8252,8.0,10.0,21
8253,3.0,4.0,21
8254,3.0,5.0,19
8255,1.0,1.0,23
8256,2.0,1.0,21
8257,8.0,8.0,18
8258,10.0,10.0,19
8259,3.0,2.0,19
8260,6.0,7.0,18
8261,7.0,8.0,18
8262,6.0,5.0,18
8263,2.0,4.0,21
8264,4.0,5.0,22
8265,7.0,7.0,22
8266,2.0,4.0,21
8267,9.0,7.0,23
8268,4.0,3.0,23
8269,3.0,3.0,24
8270,7.0,9.0,18
8271,5.0,3.0,20
8272,7.0,6.0,24
8273,0.0,2.0,21
8274,6.0,5.0,18
8275,7.0,6.0,24
8276,8.0,9.0,23
8277,10.0,8.0,24
8278,2.0,0.0,19
8279,10.0,10.0,21
8280,0.0,2.0,24
8281,7.0,5.0,24
8282,4.0,3.0,19
8283,4.0,2.0,24
8284,7.0,6.0,20
8285,5.0,4.0,19
8286,1.0,1.0,18
8287,6.0,5.0,22
8288,4.0,5.0,24
8289,1.0,0.0,24
8290,6.0,6.0,20
8291,10.0,10.0,22
8292,2.0,3.0,19
8293,6.0,4.0,22
8294,9.0,10.0,23
8295,0.0,0.0,24
8296,3.0,2.0,22
8297,10.0,10.0,19
8298,10.0,10.0,18
8299,10.0,10.0,18
8300,9.0,10.0,20
8301,1.0,1.0,24
8302,4.0,4.0,24
8303,5.0,5.0,24
8304,0.0,1.0,24
8305,8.0,8.0,20
8306,0.0,0.0,23
8307,1.0,0.0,18
8308,5.0,7.0,20
8309,1.0,1.0,23
8310,8.0,8.0,19
8311,5.0,5.0,22
8312,2.0,2.0,18
8313,2.0,4.0,21
8314,10.0,10.0,20
8315,4.0,5.0,18
8316,9.0,10.0,24
8317,9.0,9.0,20
8318,2.0,0.0,19
8319,5.0,5.0,22
8320,0.0,0.0,23
8321,3.0,3.0,19
8322,7.0,9.0,19
8323,2.0,1.0,24
8324,7.0,9.0,18
8325,9.0,7.0,23
8326,1.0,3.0,20
8327,7.0,7.0,18
8328,0.0,0.0,19
8329,3.0,1.0,23
8330,8.0,9.0,22
8331,0.0,0.0,23
8332,7.0,8.0,18
8333,8.0,6.0,20
8334,4.0,2.0,19
8335,6.0,6.0,22
8336,7.0,9.0,20
8337,4.0,4.0,24
8338,7.0,9.0,18
8339,0.0,0.0,23
8340,10.0,8.0,24
8341,8.0,7.0,21
8342,7.0,8.0,19
8343,0.0,0.0,20
8344,7.0,9.0,22
8345,5.0,3.0,21
8346,4.0,3.0,20
8347,3.0,1.0,24
8348,3.0,3.0,24
8349,6.0,6.0,24
8350,10.0,10.0,20
8351,10.0,10.0,23
8352,3.0,5.0,23
8353,7.0,6.0,22
8354,2.0,3.0,18
8355,7.0,5.0,19
8356,2.0,0.0,19
8357,3.0,1.0,20
8358,3.0,1.0,18
8359,1.0,0.0,19
8360,0.0,0.0,24
8361,2.0,2.0,20
8362,3.0,2.0,20
8363,1.0,0.0,19
8364,1.0,3.0,18
8365,5.0,4.0,23
8366,6.0,6.0,18
8367,4.0,2.0,19
8368,4.0,2.0,22
8369,3.0,4.0,18
8370,3.0,3.0,23
8371,6.0,8.0,21
8372,2.0,2.0,19
8373,9.0,10.0,21
8374,8.0,9.0,18
8375,8.0,8.0,22
8376,3.0,3.0,20
8377,1.0,0.0,20
8378,0.0,2.0,23
8379,4.0,6.0,18
8380,1.0,3.0,22
8381,1.0,2.0,22
8382,4.0,5.0,21
8383,6.0,7.0,20
8384,3.0,2.0,19
8385,10.0,10.0,22
8386,5.0,5.0,18
8387,6.0,6.0,18
8388,1.0,2.0,19
8389,6.0,4.0,21
8390,6.0,5.0,20
8391,5.0,7.0,19
8392,9.0,9.0,19
8393,2.0,4.0,22
8394,7.0,6.0,21
8395,1.0,0.0,21
8396,8.0,8.0,24
8397,4.0,3.0,20
8398,8.0,9.0,21
8399,5.0,6.0,19
8400,7.0,5.0,18
8401,2.0,0.0,23
8402,2.0,4.0,23
8403,8.0,6.0,21
8404,8.0,9.0,22
8405,4.0,4.0,18
8406,0.0,0.0,19
8407,3.0,3.0,22
8408,3.0,4.0,20
8409,0.0,2.0,24
8410,9.0,9.0,24
8411,3.0,2.0,18
8412,4.0,5.0,24
8413,4.0,2.0,19
8414,3.0,5.0,24
8415,5.0,7.0,21
8416,3.0,4.0,19
8417,6.0,6.0,20
8418,3.0,2.0,22
8419,7.0,5.0,20
8420,3.0,5.0,24
8421,6.0,4.0,18
8422,10.0,8.0,19
8423,8.0,6.0,18
8424,10.0,10.0,20
8425,1.0,1.0,20
8426,3.0,1.0,23
8427,1.0,0.0,20
8428,9.0,10.0,19
8429,3.0,1.0,24
8430,4.0,2.0,24
8431,1.0,1.0,18
8432,6.0,6.0,18
8433,10.0,10.0,22
8434,9.0,9.0,18
8435,2.0,4.0,21
8436,9.0,8.0,18
8437,2.0,4.0,21
8438,7.0,9.0,21
8439,2.0,3.0,22
8440,10.0,10.0,18
8441,10.0,10.0,18
8442,8.0,9.0,19
8443,4.0,4.0,20
8444,3.0,2.0,21
8445,1.0,2.0,21
8446,10.0,9.0,20
8447,7.0,6.0,22
8448,2.0,3.0,24
8449,10.0,10.0,20
8450,5.0,7.0,21
8451,0.0,0.0,19
8452,10.0,10.0,20
8453,10.0,10.0,19
8454,10.0,10.0,19
8455,9.0,7.0,23
8456,6.0,6.0,22
8457,4.0,2.0,24
8458,1.0,3.0,24
8459,2.0,2.0,21
8460,4.0,5.0,21
8461,3.0,4.0,22
8462,3.0,2.0,24
8463,1.0,1.0,24
8464,8.0,8.0,23
8465,8.0,8.0,20
8466,6.0,5.0,19
8467,2.0,2.0,24
8468,0.0,0.0,23
8469,6.0,6.0,18
8470,10.0,10.0,19
8471,8.0,8.0,20
8472,9.0,7.0,22
8473,3.0,3.0,22
8474,3.0,2.0,22
8475,2.0,0.0,21
8476,0.0,1.0,23
8477,7.0,9.0,21
8478,10.0,10.0,23
8479,0.0,1.0,22
8480,5.0,7.0,19
8481,3.0,5.0,19
8482,9.0,10.0,19
8483,6.0,6.0,18
8484,0.0,0.0,20
8485,3.0,4.0,18
8486,7.0,6.0,21
8487,2.0,4.0,19
8488,0.0,1.0,22
8489,5.0,3.0,20
8490,5.0,6.0,24
8491,3.0,4.0,20
8492,4.0,3.0,24
8493,2.0,1.0,19
8494,6.0,6.0,20
8495,9.0,10.0,23
8496,1.0,0.0,20
8497,0.0,0.0,18
8498,7.0,8.0,19
8499,3.0,3.0,22
8500,7.0,6.0,23
8501,7.0,5.0,23
8502,3.0,1.0,22
8503,5.0,7.0,20
8504,1.0,1.0,18
8505,5.0,4.0,19
8506,2.0,2.0,20
8507,6.0,8.0,21
8508,5.0,7.0,23
8509,9.0,9.0,20
8510,8.0,7.0,23
8511,8.0,8.0,19
8512,8.0,9.0,20
8513,5.0,7.0,18
8514,3.0,2.0,23
8515,8.0,9.0,22
8516,6.0,6.0,18
8517,6.0,6.0,20
8518,7.0,6.0,19
8519,10.0,10.0,21
8520,1.0,0.0,20
8521,2.0,1.0,22
8522,5.0,4.0,24
8523,9.0,10.0,24
8524,0.0,1.0,18
8525,8.0,7.0,21
8526,7.0,7.0,21
8527,2.0,0.0,20
8528,3.0,3.0,19
8529,10.0,10.0,24
8530,10.0,8.0,18
8531,0.0,0.0,20
8532,4.0,3.0,24
8533,10.0,8.0,24
8534,1.0,0.0,22
8535,1.0,2.0,21
8536,5.0,4.0,21
8537,2.0,3.0,21
8538,10.0,8.0,23
8539,10.0,9.0,22
8540,7.0,6.0,24
8541,8.0,6.0,20
8542,2.0,3.0,23
8543,8.0,6.0,22
8544,6.0,8.0,18
8545,5.0,4.0,20
8546,3.0,3.0,18
8547,10.0,8.0,22
8548,6.0,4.0,22
8549,7.0,8.0,18
8550,5.0,6.0,19
8551,5.0,6.0,20
8552,3.0,1.0,24
8553,1.0,0.0,21
8554,0.0,2.0,22
8555,6.0,4.0,20
8556,10.0,10.0,23
8557,8.0,9.0,18
8558,10.0,10.0,21
8559,7.0,6.0,23
8560,1.0,2.0,24
8561,8.0,9.0,18
8562,5.0,5.0,21
8563,7.0,5.0,23
8564,6.0,4.0,19
8565,9.0,10.0,18
8566,2.0,3.0,19
8567,0.0,2.0,22
8568,0.0,0.0,23
8569,8.0,7.0,23
8570,2.0,3.0,22
8571,1.0,0.0,23
8572,1.0,0.0,24
8573,4.0,5.0,19
8574,5.0,4.0,22
8575,1.0,0.0,22
8576,1.0,0.0,20
8577,2.0,3.0,18
8578,9.0,10.0,24
8579,1.0,0.0,19
8580,3.0,2.0,23
8581,8.0,8.0,20
8582,2.0,4.0,22
8583,2.0,4.0,19
8584,5.0,4.0,23
8585,7.0,5.0,23
8586,2.0,0.0,19
8587,2.0,1.0,22
8588,2.0,3.0,20
8589,7.0,9.0,21
8590,0.0,2.0,23
8591,10.0,10.0,24
8592,3.0,5.0,24
8593,6.0,8.0,24
8594,10.0,10.0,20
8595,1.0,1.0,24
8596,0.0,1.0,21
8597,2.0,3.0,22
8598,3.0,3.0,18
8599,4.0,6.0,20
8600,6.0,7.0,21
8601,1.0,1.0,20
8602,6.0,8.0,21
8603,7.0,7.0,19
8604,9.0,10.0,18
8605,10.0,10.0,18
8606,4.0,5.0,21
8607,6.0,6.0,21
8608,8.0,8.0,18
8609,10.0,9.0,24
8610,4.0,5.0,21
8611,0.0,0.0,22
8612,4.0,2.0,24
8613,7.0,5.0,19
8614,8.0,7.0,19
8615,9.0,9.0,19
8616,7.0,7.0,18
8617,1.0,0.0,19
8618,5.0,4.0,19
8619,8.0,10.0,21
8620,8.0,10.0,20
8621,8.0,9.0,20
8622,7.0,6.0,24
8623,0.0,2.0,23
8624,2.0,4.0,20
8625,1.0,0.0,22
8626,5.0,6.0,20
8627,1.0,1.0,19
8628,5.0,4.0,23
8629,3.0,4.0,19
8630,7.0,5.0,19
8631,6.0,5.0,21
8632,5.0,7.0,18
8633,1.0,1.0,24
8634,9.0,7.0,21
8635,3.0,2.0,18
8636,2.0,0.0,24
8637,3.0,2.0,19
8638,2.0,2.0,23
8639,4.0,4.0,19
8640,1.0,0.0,19
8641,5.0,4.0,23
8642,2.0,3.0,19
8643,5.0,3.0,23
8644,1.0,3.0,18
8645,10.0,10.0,23
8646,2.0,1.0,23
8647,5.0,3.0,22
8648,4.0,5.0,22
8649,3.0,2.0,19
8650,7.0,6.0,22
8651,5.0,6.0,18
8652,3.0,1.0,22
8653,2.0,2.0,22
8654,4.0,6.0,20
8655,8.0,10.0,20
8656,3.0,3.0,21
8657,7.0,7.0,18
8658,8.0,6.0,23
8659,6.0,4.0,20
8660,4.0,2.0,24
8661,0.0,2.0,24
8662,0.0,0.0,24
8663,9.0,9.0,20
8664,6.0,5.0,24
8665,9.0,9.0,19
8666,1.0,3.0,18
8667,10.0,8.0,18
8668,5.0,4.0,20
8669,9.0,10.0,23
8670,5.0,4.0,19
8671,3.0,2.0,20
8672,3.0,1.0,18
8673,0.0,0.0,24
8674,7.0,9.0,23
8675,6.0,4.0,20
8676,10.0,10.0,23
8677,4.0,4.0,23
8678,0.0,2.0,21
8679,9.0,8.0,23
8680,10.0,9.0,23
8681,4.0,2.0,19
8682,5.0,4.0,23
8683,3.0,4.0,18
8684,5.0,4.0,20
8685,9.0,7.0,20
8686,7.0,9.0,21
8687,6.0,7.0,19
8688,6.0,5.0,24
8689,6.0,6.0,23
8690,4.0,6.0,24
8691,10.0,9.0,20
8692,3.0,1.0,22
8693,5.0,5.0,18
8694,10.0,10.0,19
8695,4.0,3.0,21
8696,8.0,8.0,20
8697,10.0,8.0,18
8698,3.0,5.0,20
8699,4.0,2.0,19
8700,4.0,5.0,21
8701,6.0,7.0,24
8702,2.0,0.0,18
8703,6.0,7.0,23
8704,4.0,6.0,24
8705,2.0,1.0,22
8706,2.0,0.0,19
8707,1.0,3.0,18
8708,2.0,2.0,21
8709,7.0,6.0,20
8710,6.0,4.0,21
8711,7.0,7.0,20
8712,8.0,9.0,22
8713,9.0,9.0,24
8714,4.0,5.0,18
8715,8.0,8.0,22
8716,3.0,2.0,21
8717,5.0,6.0,18
8718,0.0,1.0,24
8719,8.0,10.0,20
8720,1.0,0.0,18
8721,9.0,7.0,22
8722,4.0,5.0,20
8723,5.0,4.0,20
8724,3.0,3.0,22
8725,0.0,2.0,21
8726,5.0,4.0,23
8727,7.0,8.0,23
8728,8.0,7.0,20
8729,8.0,6.0,23
8730,9.0,8.0,22
8731,5.0,7.0,22
8732,6.0,7.0,21
8733,1.0,1.0,23
8734,0.0,0.0,24
8735,1.0,1.0,20
8736,4.0,5.0,23
8737,5.0,4.0,19
8738,0.0,0.0,22
8739,4.0,3.0,23
8740,5.0,7.0,18
8741,0.0,0.0,21
8742,3.0,5.0,21
8743,10.0,10.0,20
8744,3.0,3.0,21
8745,2.0,0.0,20
8746,6.0,4.0,18
8747,10.0,9.0,19
8748,0.0,0.0,22
8749,9.0,8.0,19
8750,1.0,3.0,22
8751,10.0,8.0,22
8752,4.0,5.0,18
8753,5.0,3.0,23
8754,0.0,0.0,18
8755,3.0,1.0,24
8756,1.0,0.0,22
8757,5.0,6.0,18
8758,8.0,9.0,18
8759,2.0,1.0,21
8760,7.0,8.0,20
8761,8.0,9.0,24
8762,2.0,0.0,23
8763,6.0,7.0,19
8764,3.0,3.0,19
8765,0.0,2.0,20
8766,9.0,8.0,21
8767,8.0,7.0,24
8768,3.0,2.0,22
8769,9.0,7.0,23
8770,8.0,6.0,22
8771,4.0,3.0,18
8772,2.0,2.0,22
8773,5.0,5.0,22
8774,8.0,7.0,23
8775,1.0,0.0,23
8776,6.0,4.0,22
8777,1.0,1.0,18
8778,6.0,4.0,22
8779,5.0,4.0,19
8780,5.0,4.0,20
8781,6.0,8.0,22
8782,2.0,0.0,20
8783,10.0,8.0,21
8784,9.0,7.0,21
8785,0.0,0.0,24
8786,10.0,10.0,23
8787,9.0,8.0,21
8788,1.0,1.0,21
8789,9.0,7.0,24
8790,8.0,6.0,18
8791,10.0,10.0,21
8792,2.0,1.0,22
8793,3.0,2.0,22
8794,1.0,1.0,18
8795,3.0,1.0,20
8796,10.0,10.0,24
8797,0.0,0.0,24
8798,10.0,10.0,20
8799,5.0,3.0,23
8800,6.0,6.0,19
8801,10.0,10.0,18
8802,5.0,4.0,19
8803,4.0,4.0,18
8804,6.0,6.0,19
8805,7.0,7.0,24
8806,3.0,1.0,19
8807,3.0,1.0,19
8808,4.0,5.0,19
8809,1.0,2.0,19
8810,6.0,6.0,22
8811,1.0,0.0,23
8812,9.0,8.0,22
8813,7.0,5.0,21
8814,10.0,9.0,20
8815,3.0,2.0,21
8816,2.0,4.0,23
8817,9.0,10.0,20
8818,4.0,5.0,18
8819,1.0,1.0,24
8820,10.0,10.0,21
8821,7.0,8.0,24
8822,9.0,9.0,23
8823,1.0,2.0,18
8824,4.0,2.0,21
8825,8.0,10.0,23
8826,4.0,3.0,21
8827,9.0,10.0,19
8828,10.0,8.0,22
8829,10.0,8.0,20
8830,4.0,4.0,20
8831,6.0,5.0,21
8832,2.0,3.0,19
8833,9.0,7.0,24
8834,0.0,1.0,22
8835,9.0,7.0,20
8836,8.0,10.0,21
8837,8.0,6.0,22
8838,1.0,0.0,18
8839,1.0,0.0,21
8840,8.0,9.0,21
8841,0.0,0.0,24
8842,10.0,10.0,20
8843,6.0,7.0,19
8844,2.0,1.0,18
8845,3.0,3.0,22
8846,9.0,7.0,23
8847,4.0,5.0,21
8848,1.0,1.0,22
8849,1.0,0.0,24
8850,9.0,7.0,18
8851,1.0,2.0,24
8852,0.0,1.0,21
8853,7.0,5.0,19
8854,8.0,7.0,21
8855,2.0,3.0,21
8856,4.0,2.0,21
8857,4.0,2.0,24
8858,2.0,3.0,23
8859,6.0,6.0,24
8860,6.0,4.0,23
8861,0.0,2.0,18
8862,8.0,6.0,21
8863,5.0,4.0,19
8864,4.0,5.0,20
8865,4.0,5.0,18
8866,8.0,8.0,22
8867,9.0,8.0,21
8868,0.0,0.0,21
8869,1.0,1.0,20
8870,5.0,6.0,21
8871,9.0,8.0,23
8872,9.0,9.0,21
8873,9.0,9.0,24
8874,7.0,9.0,23
8875,0.0,0.0,24
8876,0.0,0.0,19
8877,1.0,1.0,22
8878,0.0,0.0,22
8879,9.0,10.0,22
8880,1.0,0.0,22
8881,5.0,7.0,19
8882,2.0,3.0,21
8883,0.0,0.0,23
8884,10.0,9.0,20
8885,5.0,5.0,22
8886,2.0,0.0,22
8887,5.0,3.0,18
8888,8.0,10.0,23
8889,5.0,6.0,24
8890,8.0,7.0,23
8891,6.0,4.0,21
8892,4.0,5.0,23
8893,3.0,5.0,20
8894,7.0,6.0,21
8895,5.0,3.0,23
8896,0.0,1.0,22
8897,10.0,8.0,18
8898,9.0,7.0,21
8899,2.0,2.0,23
8900,10.0,10.0,19
8901,4.0,2.0,23
8902,2.0,4.0,21
8903,7.0,7.0,21
8904,9.0,9.0,21
8905,5.0,3.0,22
8906,4.0,4.0,22
8907,0.0,0.0,19
8908,2.0,3.0,23
8909,10.0,10.0,24
8910,6.0,4.0,23
8911,9.0,10.0,21
8912,0.0,0.0,18
8913,1.0,1.0,18
8914,4.0,6.0,18
8915,1.0,0.0,22
8916,6.0,4.0,20
8917,5.0,4.0,24
8918,6.0,7.0,21
8919,1.0,0.0,18
8920,9.0,10.0,22
8921,5.0,6.0,20
8922,10.0,8.0,22
8923,3.0,4.0,19
8924,7.0,7.0,18
8925,5.0,3.0,21
8926,4.0,4.0,21
8927,0.0,1.0,20
8928,5.0,7.0,20
8929,0.0,2.0,19
8930,3.0,3.0,22
8931,4.0,4.0,18
8932,8.0,6.0,22
8933,10.0,10.0,21
8934,6.0,5.0,20
8935,10.0,10.0,22
8936,6.0,8.0,20
8937,3.0,5.0,22
8938,1.0,2.0,24
8939,8.0,7.0,21
8940,1.0,1.0,18
8941,1.0,2.0,24
8942,6.0,5.0,23
8943,4.0,3.0,24
8944,10.0,9.0,24
8945,3.0,5.0,21
8946,6.0,6.0,19
8947,2.0,0.0,19
8948,1.0,3.0,20
8949,9.0,9.0,19
8950,10.0,10.0,23
8951,10.0,10.0,23
8952,10.0,8.0,21
8953,9.0,10.0,24
8954,9.0,10.0,20
8955,5.0,7.0,23
8956,8.0,10.0,23
8957,2.0,4.0,22
8958,0.0,0.0,21
8959,3.0,1.0,19
8960,3.0,5.0,24
8961,1.0,3.0,20
8962,2.0,3.0,22
8963,8.0,7.0,22
8964,5.0,6.0,21
8965,2.0,3.0,20
8966,2.0,4.0,21
8967,9.0,7.0,23
8968,0.0,2.0,23
8969,2.0,3.0,22
8970,0.0,2.0,20
8971,2.0,1.0,21
8972,10.0,10.0,22
8973,5.0,6.0,24
8974,10.0,10.0,20
8975,3.0,3.0,21
8976,3.0,5.0,24
8977,3.0,5.0,20
8978,9.0,8.0,23
8979,10.0,8.0,22
8980,0.0,0.0,19
8981,5.0,4.0,19
8982,6.0,5.0,18
8983,8.0,7.0,18
8984,1.0,1.0,19
8985,6.0,4.0,19
8986,4.0,5.0,21
8987,6.0,5.0,24
8988,2.0,0.0,19
8989,8.0,7.0,18
8990,2.0,0.0,21
8991,4.0,6.0,21
8992,5.0,7.0,23
8993,3.0,2.0,23
8994,0.0,2.0,22
8995,4.0,2.0,24
8996,6.0,8.0,21
8997,2.0,4.0,19
8998,8.0,7.0,18
8999,5.0,6.0,24
9000,2.0,4.0,18
9001,10.0,8.0,21
9002,4.0,3.0,20
9003,10.0,9.0,23
9004,7.0,8.0,21
9005,0.0,0.0,19
9006,2.0,0.0,20
9007,10.0,10.0,18
9008,10.0,9.0,23
9009,0.0,1.0,23
9010,10.0,9.0,22
9011,1.0,0.0,22
9012,3.0,3.0,18
9013,6.0,7.0,24
9014,7.0,7.0,18
9015,1.0,1.0,21
9016,8.0,9.0,23
9017,9.0,8.0,18
9018,2.0,3.0,23
9019,3.0,4.0,23
9020,2.0,3.0,23
9021,10.0,9.0,20
9022,3.0,3.0,20
9023,7.0,7.0,19
9024,7.0,8.0,20
9025,7.0,8.0,23
9026,6.0,4.0,19
9027,1.0,2.0,24
9028,0.0,0.0,24
9029,0.0,2.0,23
9030,6.0,5.0,19
9031,10.0,8.0,21
9032,8.0,7.0,22
9033,8.0,9.0,22
9034,3.0,3.0,21
9035,6.0,5.0,24
9036,7.0,8.0,22
9037,4.0,4.0,20
9038,2.0,1.0,23
9039,8.0,6.0,20
9040,8.0,10.0,23
9041,6.0,6.0,20
9042,8.0,9.0,24
9043,2.0,4.0,24
9044,2.0,0.0,20
9045,8.0,7.0,18
9046,7.0,6.0,24
9047,9.0,9.0,23
9048,7.0,7.0,24
9049,2.0,0.0,23
9050,6.0,5.0,24
9051,1.0,2.0,18
9052,8.0,9.0,23
9053,3.0,3.0,18
9054,10.0,9.0,23
9055,2.0,3.0,21
9056,5.0,4.0,19
9057,9.0,7.0,21
9058,1.0,3.0,21
9059,10.0,10.0,21
9060,4.0,4.0,24
9061,2.0,1.0,23
9062,7.0,7.0,23
9063,4.0,4.0,23
9064,7.0,8.0,18
9065,5.0,6.0,20
9066,7.0,8.0,19
9067,9.0,9.0,24
9068,9.0,7.0,24
9069,7.0,5.0,22
9070,5.0,4.0,20
9071,4.0,3.0,23
9072,4.0,2.0,23
9073,6.0,5.0,19
9074,9.0,7.0,23
9075,9.0,9.0,22
9076,0.0,0.0,18
9077,5.0,4.0,20
9078,2.0,0.0,18
9079,5.0,7.0,21
9080,5.0,3.0,20
9081,10.0,9.0,24
9082,4.0,6.0,24
9083,0.0,1.0,19
9084,7.0,9.0,23
9085,7.0,5.0,19
9086,3.0,1.0,21
9087,2.0,3.0,23
9088,0.0,0.0,18
9089,5.0,5.0,22
9090,2.0,0.0,24
9091,3.0,2.0,18
9092,8.0,7.0,20
9093,9.0,10.0,21
9094,9.0,10.0,23
9095,10.0,10.0,22
9096,3.0,3.0,24
9097,3.0,4.0,21
9098,9.0,10.0,23
9099,10.0,10.0,23
9100,4.0,2.0,18
9101,9.0,8.0,23
9102,6.0,6.0,23
9103,4.0,3.0,21
9104,7.0,8.0,23
9105,0.0,0.0,19
9106,3.0,5.0,23
9107,5.0,4.0,18
9108,10.0,10.0,20
9109,7.0,6.0,18
9110,9.0,10.0,19
9111,6.0,5.0,24
9112,3.0,1.0,21
9113,1.0,2.0,22
9114,1.0,1.0,22
9115,4.0,4.0,23
9116,10.0,10.0,22
9117,5.0,3.0,24
9118,7.0,6.0,19
9119,3.0,3.0,24
9120,1.0,0.0,19
9121,9.0,8.0,22
9122,2.0,1.0,21
9123,2.0,2.0,22
9124,0.0,0.0,20
9125,10.0,10.0,20
9126,8.0,6.0,24
9127,6.0,4.0,21
9128,9.0,9.0,22
9129,0.0,0.0,20
9130,8.0,10.0,24
9131,6.0,4.0,18
9132,9.0,10.0,20
9133,10.0,10.0,20
9134,2.0,0.0,21
9135,1.0,0.0,20
9136,7.0,7.0,21
9137,2.0,1.0,24
9138,4.0,6.0,24
9139,10.0,9.0,20
9140,5.0,4.0,20
9141,6.0,5.0,19
9142,10.0,10.0,19
9143,1.0,2.0,18
9144,1.0,1.0,21
9145,7.0,9.0,24
9146,6.0,7.0,21
9147,3.0,3.0,24
9148,2.0,1.0,20
9149,10.0,10.0,24
9150,5.0,4.0,21
9151,0.0,0.0,18
9152,1.0,1.0,22
9153,0.0,0.0,24
9154,2.0,3.0,20
9155,5.0,4.0,22
9156,8.0,6.0,18
9157,2.0,0.0,22
9158,6.0,4.0,23
9159,3.0,2.0,23
9160,1.0,3.0,19
9161,3.0,1.0,22
9162,3.0,4.0,18
9163,1.0,0.0,22
9164,7.0,7.0,23
9165,6.0,5.0,22
9166,6.0,5.0,22
9167,3.0,1.0,20
9168,10.0,9.0,22
9169,3.0,3.0,19
9170,2.0,1.0,23
9171,2.0,1.0,18
9172,8.0,10.0,18
9173,9.0,10.0,19
9174,2.0,3.0,23
9175,10.0,8.0,20
9176,4.0,5.0,18
9177,1.0,2.0,23
9178,4.0,2.0,24
9179,2.0,1.0,19
9180,10.0,10.0,20
9181,7.0,5.0,18
9182,1.0,0.0,24
9183,4.0,4.0,22
9184,1.0,1.0,19
9185,2.0,2.0,18
9186,10.0,8.0,24
9187,9.0,7.0,20
9188,3.0,4.0,19
9189,8.0,6.0,20
9190,2.0,3.0,21
9191,9.0,9.0,23
9192,3.0,3.0,22
9193,7.0,8.0,19
9194,0.0,2.0,22
9195,10.0,10.0,19
9196,4.0,5.0,23
9197,8.0,7.0,18
9198,2.0,0.0,23
9199,0.0,1.0,24
9200,4.0,6.0,24
9201,8.0,6.0,20
9202,5.0,6.0,23
9203,4.0,2.0,21
9204,10.0,10.0,22
9205,4.0,4.0,19
9206,2.0,0.0,20
9207,7.0,6.0,22
9208,3.0,3.0,18
9209,9.0,10.0,22
9210,4.0,3.0,20
9211,6.0,8.0,23
9212,3.0,3.0,19
9213,9.0,10.0,21
9214,3.0,3.0,24
9215,9.0,9.0,18
9216,10.0,10.0,20
9217,6.0,4.0,18
9218,0.0,0.0,24
9219,9.0,10.0,19
9220,7.0,6.0,18
9221,2.0,1.0,24
9222,5.0,6.0,21
9223,2.0,0.0,22
9224,6.0,7.0,23
9225,6.0,5.0,23
9226,8.0,8.0,21
9227,3.0,3.0,22
9228,8.0,8.0,24
9229,7.0,8.0,18
9230,8.0,7.0,18
9231,9.0,7.0,18
9232,0.0,0.0,21
9233,4.0,6.0,19
9234,9.0,8.0,23
9235,1.0,0.0,22
9236,10.0,10.0,24
9237,8.0,9.0,20
9238,0.0,0.0,20
9239,2.0,2.0,22
9240,6.0,6.0,24
9241,6.0,4.0,22
9242,4.0,2.0,22
9243,2.0,1.0,21
9244,10.0,10.0,19
9245,0.0,0.0,23
9246,4.0,4.0,21
9247,6.0,7.0,18
9248,3.0,4.0,23
9249,9.0,8.0,20
9250,3.0,2.0,21
9251,5.0,6.0,20
9252,9.0,10.0,24
9253,3.0,5.0,20
9254,8.0,7.0,23
9255,6.0,5.0,20
9256,8.0,6.0,21
9257,1.0,2.0,24
9258,1.0,1.0,22
9259,2.0,1.0,20
9260,2.0,2.0,21
9261,3.0,5.0,23
9262,7.0,9.0,24
9263,9.0,9.0,19
9264,10.0,10.0,23
9265,0.0,2.0,19
9266,10.0,10.0,24
9267,4.0,6.0,19
9268,0.0,0.0,18
9269,2.0,2.0,21
9270,2.0,3.0,18
9271,6.0,6.0,19
9272,6.0,5.0,23
9273,4.0,3.0,19
9274,3.0,3.0,23
9275,6.0,6.0,20
9276,1.0,0.0,18
9277,10.0,9.0,18
9278,3.0,4.0,19
9279,4.0,6.0,24
9280,6.0,5.0,24
9281,6.0,4.0,22
9282,9.0,8.0,18
9283,3.0,5.0,24
9284,10.0,10.0,18
9285,8.0,6.0,19
9286,7.0,5.0,19
9287,4.0,5.0,21
9288,5.0,6.0,18
9289,6.0,7.0,18
9290,8.0,9.0,24
9291,1.0,1.0,22
9292,10.0,8.0,24
9293,8.0,7.0,24
9294,10.0,9.0,20
9295,6.0,4.0,22
9296,3.0,4.0,23
9297,3.0,1.0,18
9298,0.0,2.0,22
9299,2.0,2.0,21
9300,0.0,0.0,24
9301,8.0,9.0,22
9302,3.0,2.0,24
9303,0.0,0.0,24
9304,8.0,6.0,18
9305,2.0,4.0,24
9306,3.0,5.0,22
9307,8.0,7.0,21
9308,9.0,9.0,19
9309,5.0,6.0,23
9310,6.0,5.0,20
9311,10.0,8.0,20
9312,6.0,8.0,20
9313,10.0,10.0,23
9314,6.0,4.0,24
9315,3.0,1.0,24
9316,6.0,5.0,23
9317,6.0,5.0,19
9318,5.0,3.0,19
9319,4.0,4.0,19
9320,4.0,6.0,24
9321,6.0,5.0,22
9322,8.0,9.0,23
9323,8.0,9.0,24
9324,1.0,2.0,21
9325,6.0,4.0,18
9326,2.0,0.0,20
9327,2.0,1.0,19
9328,4.0,3.0,21
9329,1.0,1.0,18
9330,5.0,7.0,21
9331,10.0,8.0,18
9332,0.0,2.0,24
9333,8.0,7.0,19
9334,8.0,6.0,18
9335,6.0,7.0,18
9336,10.0,10.0,24
9337,7.0,9.0,23
9338,7.0,9.0,20
9339,3.0,1.0,19
9340,0.0,0.0,21
9341,7.0,9.0,19
9342,5.0,7.0,18
9343,9.0,8.0,20
9344,4.0,6.0,23
9345,10.0,9.0,19
9346,8.0,8.0,20
9347,1.0,0.0,20
9348,4.0,6.0,21
9349,0.0,0.0,23
9350,4.0,5.0,22
9351,0.0,1.0,21
9352,5.0,4.0,21
9353,6.0,5.0,18
9354,4.0,5.0,18
9355,7.0,9.0,19
9356,7.0,6.0,24
9357,8.0,6.0,23
9358,7.0,8.0,24
9359,0.0,2.0,23
9360,6.0,8.0,22
9361,4.0,5.0,22
9362,9.0,8.0,18
9363,9.0,10.0,20
9364,5.0,6.0,23
9365,9.0,10.0,24
9366,0.0,0.0,24
9367,4.0,6.0,23
9368,4.0,5.0,21
9369,5.0,5.0,19
9370,9.0,7.0,22
9371,1.0,3.0,22
9372,2.0,2.0,18
9373,6.0,4.0,19
9374,3.0,5.0,24
9375,1.0,0.0,21
9376,8.0,7.0,18
9377,6.0,8.0,18
9378,6.0,7.0,18
9379,6.0,5.0,20
9380,3.0,4.0,21
9381,3.0,3.0,20
9382,2.0,2.0,24
9383,5.0,4.0,23
9384,7.0,5.0,20
9385,2.0,2.0,21
9386,8.0,10.0,22
9387,2.0,0.0,21
9388,5.0,4.0,21
9389,7.0,8.0,21
9390,8.0,6.0,19
9391,2.0,1.0,19
9392,0.0,0.0,23
9393,3.0,1.0,24
9394,10.0,10.0,23
9395,1.0,1.0,20
9396,7.0,8.0,21
9397,6.0,4.0,22
9398,7.0,6.0,19
9399,5.0,6.0,19
9400,0.0,0.0,23
9401,1.0,1.0,23
9402,10.0,10.0,22
9403,0.0,2.0,22
9404,2.0,2.0,20
9405,5.0,3.0,18
9406,7.0,7.0,20
9407,0.0,0.0,20
9408,1.0,3.0,18
9409,3.0,2.0,20
9410,2.0,1.0,24
9411,9.0,10.0,20
9412,10.0,8.0,19
9413,5.0,5.0,24
9414,10.0,10.0,24
9415,10.0,10.0,24
9416,7.0,6.0,20
9417,0.0,1.0,24
9418,7.0,5.0,22
9419,0.0,0.0,21
9420,10.0,10.0,19
9421,9.0,10.0,19
9422,9.0,10.0,20
9423,1.0,0.0,18
9424,4.0,6.0,24
9425,4.0,6.0,20
9426,4.0,6.0,23
9427,9.0,9.0,23
9428,1.0,1.0,24
9429,1.0,0.0,19
9430,8.0,8.0,23
9431,1.0,0.0,19
9432,5.0,5.0,19
9433,4.0,2.0,23
9434,6.0,5.0,19
9435,8.0,8.0,19
9436,10.0,10.0,20
9437,0.0,1.0,24
9438,0.0,0.0,21
9439,7.0,7.0,18
9440,8.0,9.0,18
9441,2.0,0.0,24
9442,1.0,2.0,18
9443,1.0,1.0,23
9444,5.0,5.0,23
9445,10.0,8.0,18
9446,2.0,0.0,19
9447,9.0,7.0,18
9448,1.0,2.0,18
9449,8.0,6.0,23
9450,4.0,4.0,23
9451,9.0,10.0,19
9452,5.0,7.0,18
9453,8.0,9.0,18
9454,0.0,0.0,22
9455,9.0,10.0,24
9456,10.0,10.0,18
9457,8.0,7.0,18
9458,2.0,1.0,24
9459,2.0,0.0,19
9460,7.0,8.0,22
9461,6.0,8.0,20
9462,1.0,0.0,24
9463,2.0,4.0,19
9464,8.0,6.0,21
9465,9.0,8.0,18
9466,6.0,6.0,18
9467,8.0,9.0,23
9468,0.0,1.0,22
9469,5.0,5.0,19
9470,1.0,3.0,18
9471,3.0,2.0,20
9472,4.0,3.0,23
9473,7.0,9.0,18
9474,5.0,7.0,23
9475,3.0,1.0,23
9476,7.0,9.0,21
9477,1.0,0.0,21
9478,4.0,2.0,18
9479,0.0,0.0,24
9480,3.0,4.0,21
9481,9.0,8.0,21
9482,0.0,2.0,23
9483,1.0,2.0,20
9484,8.0,7.0,19
9485,9.0,7.0,20
9486,2.0,0.0,24
9487,1.0,3.0,23
9488,0.0,0.0,20
9489,6.0,8.0,22
9490,5.0,6.0,19
9491,9.0,7.0,23
9492,1.0,0.0,24
9493,4.0,4.0,21
9494,5.0,5.0,20
9495,6.0,7.0,23
9496,0.0,2.0,18
9497,2.0,3.0,20
9498,1.0,2.0,21
9499,1.0,1.0,22
9500,9.0,7.0,23
9501,0.0,0.0,18
9502,4.0,4.0,21
9503,4.0,4.0,21
9504,6.0,4.0,18
9505,8.0,9.0,24
9506,10.0,10.0,23
9507,4.0,4.0,18
9508,6.0,7.0,20
9509,9.0,9.0,20
9510,6.0,6.0,21
9511,9.0,8.0,21
9512,9.0,10.0,24
9513,4.0,2.0,23
9514,8.0,7.0,21
9515,1.0,0.0,24
9516,0.0,1.0,24
9517,9.0,7.0,24
9518,1.0,2.0,18
9519,1.0,1.0,18
9520,5.0,3.0,19
9521,1.0,0.0,19
9522,9.0,10.0,20
9523,7.0,8.0,21
9524,7.0,7.0,21
9525,2.0,1.0,20
9526,6.0,6.0,18
9527,8.0,7.0,19
9528,9.0,10.0,23
9529,6.0,5.0,18
9530,1.0,1.0,22
9531,3.0,5.0,22
9532,9.0,10.0,24
9533,10.0,8.0,19
9534,10.0,10.0,22
9535,7.0,8.0,23
9536,6.0,5.0,23
9537,3.0,1.0,22
9538,7.0,7.0,24
9539,4.0,3.0,21
9540,8.0,9.0,19
9541,9.0,7.0,23
9542,7.0,5.0,23
9543,5.0,3.0,20
9544,10.0,8.0,21
9545,0.0,2.0,20
9546,8.0,6.0,21
9547,10.0,8.0,23
9548,8.0,10.0,23
9549,6.0,5.0,18
9550,10.0,10.0,23
9551,7.0,9.0,23
9552,5.0,6.0,24
9553,10.0,8.0,18
9554,9.0,10.0,24
9555,6.0,8.0,21
9556,7.0,9.0,21
9557,1.0,0.0,24
9558,8.0,9.0,23
9559,10.0,10.0,21
9560,0.0,0.0,18
9561,10.0,8.0,19
9562,2.0,2.0,24
9563,7.0,7.0,19
9564,1.0,1.0,18
9565,6.0,7.0,20
9566,6.0,6.0,21
9567,5.0,6.0,20
9568,0.0,0.0,24
9569,9.0,7.0,18
9570,5.0,7.0,23
9571,10.0,10.0,18
9572,3.0,3.0,21
9573,0.0,2.0,21
9574,7.0,9.0,20
9575,5.0,4.0,22
9576,6.0,8.0,23
9577,10.0,9.0,18
9578,8.0,6.0,23
9579,6.0,6.0,19
9580,6.0,6.0,24
9581,5.0,3.0,24
9582,10.0,10.0,23
9583,1.0,3.0,21
9584,10.0,10.0,21
9585,5.0,6.0,20
9586,8.0,10.0,20
9587,5.0,3.0,18
9588,4.0,3.0,24
9589,4.0,2.0,20
9590,9.0,10.0,22
9591,8.0,9.0,21
9592,8.0,9.0,20
9593,6.0,5.0,18
9594,8.0,10.0,20
9595,8.0,9.0,21
9596,2.0,0.0,23
9597,1.0,0.0,23
9598,0.0,2.0,20
9599,7.0,7.0,19
9600,2.0,4.0,23
9601,8.0,7.0,21
9602,2.0,1.0,18
9603,8.0,7.0,24
9604,1.0,2.0,20
9605,8.0,10.0,24
9606,7.0,6.0,23
9607,6.0,5.0,23
9608,3.0,5.0,21
9609,5.0,5.0,23
9610,3.0,1.0,18
9611,8.0,9.0,21
9612,1.0,0.0,22
9613,5.0,4.0,23
9614,5.0,6.0,19
9615,7.0,7.0,21
9616,7.0,8.0,19
9617,10.0,10.0,18
9618,1.0,0.0,24
9619,9.0,10.0,21
9620,1.0,0.0,19
9621,6.0,8.0,21
9622,0.0,0.0,18
9623,1.0,0.0,23
9624,3.0,3.0,19
9625,7.0,8.0,21
9626,5.0,4.0,24
9627,10.0,10.0,21
9628,3.0,4.0,21
9629,10.0,10.0,19
9630,1.0,0.0,24
9631,5.0,3.0,21
9632,9.0,9.0,19
9633,9.0,7.0,20
9634,5.0,3.0,23
9635,4.0,3.0,18
9636,8.0,8.0,23
9637,0.0,1.0,21
9638,4.0,2.0,23
9639,10.0,8.0,23
9640,3.0,3.0,21
9641,1.0,0.0,19
9642,0.0,1.0,21
9643,8.0,8.0,23
9644,6.0,7.0,22
9645,2.0,3.0,24
9646,4.0,2.0,18
9647,2.0,0.0,19
9648,6.0,8.0,18
9649,4.0,5.0,24
9650,3.0,2.0,20
9651,9.0,7.0,22
9652,4.0,3.0,22
9653,4.0,5.0,21
9654,2.0,0.0,24
9655,0.0,0.0,21
9656,10.0,10.0,20
9657,10.0,9.0,18
9658,0.0,0.0,24
9659,6.0,6.0,18
9660,3.0,2.0,21
9661,1.0,1.0,20
9662,1.0,0.0,24
9663,6.0,6.0,20
9664,4.0,3.0,24
9665,4.0,4.0,22
9666,9.0,9.0,18
9667,5.0,4.0,23
9668,0.0,2.0,19
9669,5.0,3.0,22
9670,5.0,3.0,21
9671,1.0,3.0,22
9672,2.0,3.0,19
9673,5.0,4.0,23
9674,5.0,7.0,19
9675,4.0,4.0,19
9676,10.0,8.0,19
9677,2.0,0.0,18
9678,1.0,0.0,22
9679,3.0,5.0,20
9680,0.0,0.0,22
9681,2.0,0.0,22
9682,0.0,2.0,19
9683,3.0,1.0,22
9684,8.0,6.0,21
9685,4.0,3.0,22
9686,4.0,4.0,24
9687,3.0,2.0,19
9688,5.0,4.0,21
9689,4.0,6.0,23
9690,10.0,10.0,20
9691,3.0,1.0,19
9692,10.0,10.0,21
9693,0.0,0.0,23
9694,0.0,1.0,21
9695,7.0,6.0,20
9696,9.0,7.0,22
9697,1.0,3.0,18
9698,9.0,9.0,20
9699,2.0,2.0,23
9700,7.0,7.0,18
9701,10.0,10.0,23
9702,3.0,4.0,23
9703,9.0,8.0,19
9704,10.0,8.0,21
9705,0.0,0.0,19
9706,9.0,10.0,19
9707,5.0,7.0,22
9708,7.0,6.0,19
9709,6.0,7.0,19
9710,10.0,9.0,18
9711,3.0,5.0,24
9712,7.0,8.0,20
9713,5.0,6.0,23
9714,8.0,9.0,21
9715,4.0,3.0,23
9716,0.0,0.0,23
9717,10.0,9.0,22
9718,2.0,0.0,19
9719,5.0,5.0,18
9720,0.0,2.0,18
9721,3.0,1.0,22
9722,9.0,8.0,23
9723,7.0,6.0,19
9724,6.0,6.0,20
9725,10.0,9.0,20
9726,3.0,4.0,22
9727,1.0,0.0,24
9728,7.0,8.0,19
9729,10.0,10.0,18
9730,5.0,7.0,22
9731,4.0,2.0,24
9732,5.0,3.0,19
9733,2.0,2.0,24
9734,8.0,10.0,20
9735,5.0,3.0,20
9736,4.0,6.0,24
9737,2.0,3.0,22
9738,2.0,0.0,19
9739,7.0,9.0,23
9740,4.0,5.0,20
9741,1.0,3.0,19
9742,8.0,10.0,22
9743,7.0,8.0,20
9744,6.0,8.0,22
9745,6.0,4.0,24
9746,10.0,9.0,22
9747,9.0,10.0,19
9748,2.0,3.0,24
9749,6.0,4.0,21
9750,10.0,9.0,22
9751,9.0,9.0,19
9752,9.0,7.0,22
9753,7.0,7.0,23
9754,8.0,8.0,21
9755,7.0,9.0,23
9756,0.0,0.0,23
9757,5.0,3.0,21
9758,2.0,2.0,24
9759,7.0,6.0,18
9760,4.0,2.0,19
9761,10.0,9.0,20
9762,8.0,8.0,19
9763,2.0,2.0,23
9764,3.0,2.0,24
9765,5.0,5.0,18
9766,7.0,6.0,18
9767,6.0,7.0,19
9768,10.0,9.0,22
9769,5.0,4.0,22
9770,3.0,2.0,21
9771,2.0,0.0,18
9772,4.0,6.0,23
9773,3.0,4.0,20
9774,10.0,9.0,22
9775,3.0,3.0,19
9776,7.0,5.0,22
9777,0.0,0.0,19
9778,0.0,0.0,21
9779,6.0,7.0,24
9780,5.0,5.0,22
9781,3.0,5.0,19
9782,0.0,0.0,20
9783,10.0,8.0,23
9784,8.0,9.0,21
9785,0.0,0.0,23
9786,4.0,6.0,19
9787,4.0,4.0,19
9788,0.0,0.0,21
9789,10.0,10.0,24
9790,10.0,10.0,19
9791,2.0,2.0,22
9792,7.0,9.0,22
9793,3.0,3.0,24
9794,10.0,10.0,23
9795,7.0,5.0,18
9796,0.0,0.0,18
9797,4.0,2.0,20
9798,4.0,6.0,19
9799,8.0,9.0,23
9800,9.0,9.0,23
9801,10.0,10.0,20
9802,10.0,10.0,20
9803,0.0,0.0,22
9804,3.0,2.0,23
9805,8.0,8.0,22
9806,5.0,3.0,23
9807,6.0,8.0,22
9808,1.0,1.0,21
9809,2.0,1.0,21
9810,5.0,3.0,20
9811,3.0,2.0,24
9812,2.0,1.0,23
9813,9.0,9.0,22
9814,9.0,8.0,21
9815,10.0,8.0,23
9816,1.0,0.0,21
9817,10.0,10.0,18
9818,2.0,0.0,18
9819,9.0,8.0,24
9820,3.0,1.0,23
9821,10.0,8.0,20
9822,9.0,10.0,21
9823,5.0,4.0,24
9824,3.0,4.0,20
9825,8.0,8.0,22
9826,8.0,10.0,19
9827,5.0,4.0,21
9828,7.0,9.0,23
9829,3.0,3.0,24
9830,10.0,10.0,21
9831,0.0,0.0,24
9832,3.0,3.0,19
9833,1.0,0.0,19
9834,6.0,4.0,20
9835,8.0,9.0,19
9836,1.0,0.0,19
9837,3.0,2.0,23
9838,6.0,4.0,19
9839,5.0,5.0,24
9840,10.0,10.0,20
9841,4.0,6.0,21
9842,0.0,0.0,18
9843,3.0,1.0,24
9844,7.0,8.0,22
9845,9.0,7.0,23
9846,2.0,3.0,21
9847,0.0,0.0,19
9848,4.0,5.0,22
9849,2.0,1.0,23
9850,3.0,2.0,18
9851,5.0,3.0,20
9852,2.0,3.0,20
9853,2.0,4.0,22
9854,3.0,3.0,24
9855,0.0,0.0,21
9856,10.0,10.0,21
9857,3.0,4.0,20
9858,9.0,9.0,18
9859,3.0,1.0,22
9860,5.0,7.0,19
9861,2.0,4.0,22
9862,1.0,2.0,24
9863,10.0,8.0,23
9864,4.0,3.0,22
9865,6.0,8.0,18
9866,7.0,5.0,22
9867,4.0,6.0,22
9868,3.0,1.0,20
9869,2.0,2.0,20
9870,6.0,7.0,23
9871,0.0,2.0,18
9872,2.0,4.0,20
9873,10.0,8.0,23
9874,8.0,7.0,18
9875,6.0,8.0,19
9876,5.0,4.0,20
9877,0.0,1.0,22
9878,4.0,4.0,19
9879,9.0,10.0,23
9880,2.0,4.0,23
9881,10.0,10.0,20
9882,1.0,3.0,24
9883,1.0,1.0,24
9884,5.0,3.0,19
9885,10.0,10.0,19
9886,2.0,1.0,22
9887,7.0,9.0,21
9888,3.0,3.0,23
9889,2.0,1.0,23
9890,9.0,10.0,24
9891,4.0,6.0,24
9892,10.0,10.0,18
9893,0.0,0.0,22
9894,10.0,10.0,19
9895,5.0,6.0,18
9896,4.0,5.0,23
9897,8.0,8.0,24
9898,4.0,4.0,24
9899,3.0,5.0,21
9900,6.0,4.0,23
9901,2.0,2.0,20
9902,3.0,4.0,20
9903,9.0,8.0,23
9904,6.0,6.0,23
9905,6.0,5.0,23
9906,3.0,3.0,22
9907,3.0,1.0,19
9908,4.0,5.0,21
9909,0.0,0.0,21
9910,10.0,10.0,22
9911,9.0,10.0,18
9912,4.0,5.0,19
9913,7.0,9.0,21
9914,5.0,6.0,18
9915,7.0,5.0,20
9916,5.0,4.0,24
9917,5.0,5.0,18
9918,1.0,2.0,20
9919,0.0,0.0,23
9920,7.0,7.0,18
9921,0.0,0.0,20
9922,9.0,8.0,18
9923,5.0,3.0,18
9924,7.0,5.0,18
9925,2.0,0.0,23
9926,3.0,2.0,19
9927,5.0,6.0,20
9928,10.0,8.0,19
9929,3.0,4.0,20
9930,4.0,2.0,23
9931,8.0,10.0,19
9932,4.0,6.0,19
9933,6.0,5.0,22
9934,3.0,2.0,21
9935,10.0,10.0,19
9936,8.0,10.0,19
9937,4.0,2.0,20
9938,10.0,10.0,18
9939,6.0,6.0,20
9940,10.0,9.0,24
9941,4.0,4.0,19
9942,2.0,4.0,21
9943,1.0,0.0,23
9944,9.0,9.0,22
9945,9.0,10.0,18
9946,9.0,10.0,19
9947,8.0,9.0,18
9948,4.0,5.0,22
9949,8.0,9.0,18
9950,10.0,8.0,18
9951,9.0,10.0,22
9952,0.0,1.0,19
9953,3.0,2.0,20
9954,4.0,5.0,18
9955,7.0,5.0,24
9956,1.0,0.0,20
9957,7.0,8.0,20
9958,9.0,7.0,23
9959,9.0,9.0,20
9960,6.0,4.0,24
9961,5.0,6.0,18
9962,6.0,8.0,22
9963,9.0,8.0,22
9964,5.0,3.0,20
9965,9.0,10.0,24
9966,2.0,0.0,23
9967,4.0,3.0,21
9968,7.0,6.0,23
9969,10.0,10.0,24
9970,4.0,2.0,18
9971,10.0,10.0,19
9972,4.0,2.0,23
9973,3.0,5.0,23
9974,4.0,6.0,21
9975,2.0,2.0,21
9976,9.0,7.0,18
9977,6.0,8.0,18
9978,7.0,7.0,23
9979,10.0,10.0,23
9980,3.0,2.0,19
9981,10.0,10.0,18
9982,8.0,10.0,18
9983,1.0,3.0,19
9984,8.0,7.0,19
9985,7.0,6.0,24
9986,4.0,2.0,18
9987,6.0,4.0,24
9988,4.0,5.0,19
9989,4.0,5.0,20
9990,2.0,3.0,20
9991,2.0,1.0,21
9992,0.0,0.0,20
9993,5.0,4.0,20
9994,6.0,6.0,23
9995,8.0,7.0,19
9996,7.0,5.0,21
9997,3.0,5.0,23
9998,8.0,9.0,23
9999,3.0,1.0,24
10000,1.0,0.0,18
