ID,Presion,Caudal,Vibracion,Estado
1,103.07,75.91,6.47,Normal
2,92.17,25.59,7.16,Normal
3,91.95,42.66,6.38,Normal
4,98.35,76.93,2.94,Normal
5,105.28,23.34,4.17,Normal
6,101.67,10.42,2.82,Normal
7,87.42,44.11,4.26,Normal
8,99.76,65.84,4.92,Normal
9,100.69,72.6,4.6,Crítico
10,96.66,73.22,5.23,Normal
11,94.11,64.64,6.0,Normal
12,115.34,64.95,6.54,Crítico
13,84.32,16.86,4.83,Crítico
14,97.39,55.86,7.25,Normal
15,115.47,11.46,2.55,Precaución
16,87.93,65.64,2.87,Normal
17,110.07,38.96,4.47,Normal
18,90.06,21.9,4.87,Normal
19,88.31,9.19,6.78,Normal
20,103.91,79.29,3.93,Precaución
21,125.68,20.91,4.05,Normal
22,102.35,8.03,6.76,Precaución
23,100.82,79.56,4.64,Normal
24,94.56,68.1,5.23,Normal
25,107.83,66.48,5.74,Normal
26,97.55,22.09,5.24,Normal
27,89.17,27.97,3.02,Crítico
28,110.63,18.09,6.87,Normal
29,117.55,57.09,4.75,Normal
30,93.65,38.86,5.89,Precaución
31,89.72,15.85,5.74,Precaución
32,104.71,64.27,4.46,Precaución
33,100.42,71.92,4.32,Normal
34,97.99,51.68,5.97,Normal
35,107.08,5.1,4.94,Precaución
36,117.93,32.09,2.66,Normal
37,99.83,63.08,4.99,Precaución
38,108.49,34.31,4.98,Crítico
39,87.55,15.62,4.72,Normal
40,87.75,72.63,6.12,Normal
41,101.25,68.69,4.67,Normal
42,109.85,28.08,5.95,Normal
43,103.16,24.06,5.62,Crítico
44,105.78,32.27,6.4,Crítico
45,94.27,10.31,6.05,Normal
46,102.0,75.51,4.07,Normal
47,88.34,76.39,4.31,Normal
48,92.12,33.14,4.12,Normal
49,107.32,5.19,4.82,Precaución
50,85.92,42.65,5.4,Normal
51,92.97,58.72,5.55,Normal
52,105.82,77.45,4.27,Crítico
53,98.93,42.62,2.94,Precaución
54,106.25,9.93,6.29,Normal
55,97.94,49.78,4.97,Crítico
56,87.68,15.36,7.29,Precaución
57,101.96,47.81,4.81,Normal
58,114.93,68.33,4.89,Precaución
59,110.67,58.96,3.88,Precaución
60,106.12,56.96,4.24,Precaución
61,114.24,61.52,5.0,Precaución
62,100.78,25.89,4.72,Normal
63,83.15,39.12,5.56,Precaución
64,94.25,6.01,5.92,Normal
65,97.16,57.88,5.28,Normal
66,104.25,24.64,6.75,Normal
67,104.42,45.36,4.81,Normal
68,100.01,61.7,4.65,Normal
69,106.59,55.48,4.33,Normal
70,112.54,7.47,5.63,Normal
71,108.05,47.25,3.9,Normal
72,108.24,53.95,4.63,Normal
73,94.41,77.32,5.8,Normal
74,99.68,65.92,3.41,Normal
75,117.88,12.35,2.73,Precaución
76,84.39,31.82,2.72,Normal
77,106.52,25.07,4.03,Normal
78,110.6,6.76,4.44,Normal
79,104.95,51.88,3.97,Normal
80,118.73,57.96,4.34,Precaución
81,94.9,5.01,5.41,Precaución
82,89.52,19.36,4.51,Precaución
83,100.44,24.65,4.44,Precaución
84,98.23,64.49,5.65,Normal
85,113.03,49.21,3.72,Normal
86,94.77,53.69,5.54,Normal
87,122.63,72.13,2.28,Normal
88,87.24,48.75,5.02,Normal
89,109.59,56.91,6.75,Normal
90,116.18,47.25,6.64,Precaución
91,105.44,75.82,5.23,Crítico
92,92.33,31.41,6.75,Normal
93,83.06,14.19,3.88,Normal
94,102.51,62.77,3.52,Normal
95,111.58,10.76,4.59,Precaución
96,99.44,21.57,3.48,Normal
97,114.97,56.3,6.46,Normal
98,95.03,38.14,3.4,Crítico
99,86.89,23.79,4.51,Crítico
100,103.29,60.0,4.15,Normal
101,101.19,5.49,5.06,Normal
102,100.29,28.75,5.54,Normal
103,103.94,15.21,5.56,Normal
104,86.3,79.65,5.03,Normal
105,103.99,26.9,2.45,Normal
106,97.09,48.8,6.95,Normal
107,87.14,36.3,5.75,Normal
108,94.46,25.29,3.14,Normal
109,100.0,22.3,4.28,Normal
110,96.58,12.72,4.55,Normal
111,77.77,79.72,4.2,Normal
112,108.22,36.96,5.47,Crítico
113,112.64,67.19,5.7,Normal
114,97.66,21.68,2.51,Normal
115,101.55,61.71,3.45,Normal
116,105.12,59.75,5.27,Crítico
117,102.75,50.19,5.89,Precaución
118,97.6,69.12,4.82,Normal
119,107.35,18.88,4.35,Normal
120,97.18,47.6,5.43,Normal
121,112.27,33.96,3.8,Normal
122,80.35,11.42,4.88,Precaución
123,94.97,25.44,4.47,Crítico
124,107.84,16.26,6.44,Normal
125,93.12,25.65,4.96,Normal
126,93.29,41.39,3.28,Normal
127,95.9,31.26,4.27,Crítico
128,116.49,49.63,6.41,Crítico
129,104.11,55.46,4.05,Normal
130,107.62,52.71,6.19,Normal
131,113.39,35.02,5.57,Precaución
132,92.78,74.34,6.24,Normal
133,101.82,48.33,6.69,Normal
134,96.38,56.18,5.08,Normal
135,97.24,20.68,4.31,Precaución
136,84.11,77.88,5.58,Normal
137,82.45,27.46,6.17,Precaución
138,102.09,67.97,4.68,Normal
139,101.29,18.8,7.95,Normal
140,112.29,73.2,3.82,Precaución
141,107.26,6.08,6.58,Normal
142,95.88,13.15,5.78,Normal
143,95.63,63.95,4.66,Normal
144,102.74,37.73,4.65,Normal
145,93.68,49.09,4.62,Normal
146,94.88,58.06,4.94,Precaución
147,91.94,42.39,4.56,Crítico
148,99.95,77.5,5.11,Normal
149,97.28,20.09,5.24,Normal
150,83.77,15.26,4.85,Normal
151,117.23,71.64,4.53,Normal
152,97.52,24.69,5.52,Normal
153,91.04,13.59,7.5,Normal
154,94.59,6.01,5.61,Precaución
155,103.45,33.68,6.15,Normal
156,98.38,72.97,4.94,Normal
157,98.64,73.65,4.83,Normal
158,112.91,65.27,2.94,Crítico
159,95.11,10.0,3.29,Normal
160,100.14,18.69,5.06,Precaución
161,91.6,22.48,6.45,Normal
162,90.37,21.4,3.55,Precaución
163,106.47,22.89,5.1,Normal
164,87.65,36.95,4.08,Precaución
165,92.97,59.25,5.05,Normal
166,107.42,56.96,4.06,Precaución
167,90.73,14.58,5.62,Normal
168,102.48,37.33,4.53,Normal
169,111.9,54.88,5.77,Normal
170,96.6,39.96,3.81,Normal
171,100.97,54.94,4.64,Normal
172,91.92,76.85,5.59,Normal
173,80.12,64.65,6.48,Normal
174,108.98,51.71,4.69,Precaución
175,100.27,24.62,3.87,Normal
176,98.66,47.77,4.64,Precaución
177,102.38,33.07,5.0,Normal
178,99.4,7.74,4.74,Precaución
179,106.31,45.37,5.32,Normal
180,98.7,24.79,5.69,Normal
181,116.06,37.73,5.77,Normal
182,112.9,33.74,5.32,Precaución
183,98.22,37.07,5.03,Precaución
184,119.04,67.51,5.83,Precaución
185,87.84,40.07,5.67,Normal
186,93.46,50.49,6.68,Precaución
187,105.0,53.59,6.83,Normal
188,101.29,20.17,5.38,Normal
189,97.24,32.62,2.56,Normal
190,106.01,42.38,3.12,Normal
191,88.22,27.01,4.19,Normal
192,98.58,59.41,5.0,Crítico
193,123.02,65.47,5.11,Normal
194,90.04,73.57,4.36,Normal
195,97.23,43.39,3.33,Normal
196,85.33,77.67,8.24,Normal
197,97.47,28.47,5.76,Normal
198,95.9,45.15,3.39,Normal
199,95.33,21.06,4.17,Normal
200,96.82,25.35,6.17,Normal
201,103.76,49.8,2.85,Normal
202,100.29,57.31,8.39,Normal
203,99.32,56.67,5.85,Normal
204,86.97,28.17,5.9,Crítico
205,105.79,64.71,3.4,Normal
206,124.02,20.49,5.3,Crítico
207,102.17,37.82,4.36,Normal
208,99.72,17.1,4.85,Precaución
209,100.83,56.92,4.73,Normal
210,105.49,78.3,2.29,Crítico
211,107.15,11.94,5.99,Normal
212,105.91,72.62,5.16,Normal
213,97.96,29.51,6.13,Precaución
214,99.79,57.29,5.05,Normal
215,91.27,17.97,4.16,Normal
216,88.97,8.63,3.29,Normal
217,112.41,12.54,6.31,Normal
218,95.15,16.61,6.69,Normal
219,96.24,49.59,5.69,Normal
220,110.85,71.81,4.93,Crítico
221,92.48,79.23,6.8,Normal
222,88.43,35.86,6.43,Precaución
223,96.18,6.43,7.31,Normal
224,87.27,70.71,3.11,Normal
225,95.33,61.77,5.09,Normal
226,106.48,53.67,4.31,Precaución
227,115.05,23.27,4.32,Precaución
228,91.34,45.98,4.27,Normal
229,118.66,61.1,5.45,Normal
230,108.55,57.63,5.19,Crítico
231,116.12,26.19,5.52,Normal
232,108.95,45.82,5.36,Normal
233,97.53,36.03,3.56,Normal
234,84.88,77.32,5.61,Normal
235,99.32,62.11,5.18,Normal
236,98.22,73.4,5.22,Normal
237,89.32,22.79,4.21,Normal
238,96.74,21.45,3.44,Normal
239,100.93,46.17,3.77,Precaución
240,104.42,34.94,4.68,Normal
241,93.92,51.22,4.88,Normal
242,90.61,24.89,5.25,Precaución
243,86.0,71.45,3.78,Normal
244,92.48,21.89,5.66,Normal
245,98.29,43.2,3.39,Normal
246,106.5,32.56,5.94,Normal
247,108.5,23.95,4.75,Normal
248,100.7,16.16,4.95,Normal
249,94.52,56.7,5.47,Normal
250,90.12,11.38,1.83,Normal
251,107.12,17.75,4.89,Normal
252,101.66,7.67,7.26,Normal
253,110.82,69.2,6.66,Normal
254,110.49,12.58,4.21,Normal
255,115.69,51.05,6.16,Normal
256,99.61,19.57,5.09,Normal
257,108.79,49.52,4.36,Normal
258,83.85,59.82,5.31,Precaución
259,104.58,76.98,5.34,Crítico
260,102.84,29.34,5.84,Normal
261,101.92,5.3,5.05,Precaución
262,105.89,9.0,3.43,Precaución
263,90.49,38.14,4.84,Normal
264,98.28,56.71,5.45,Precaución
265,90.0,50.14,4.78,Normal
266,113.27,33.71,3.13,Normal
267,106.44,5.99,4.69,Normal
268,107.91,15.53,4.79,Normal
269,102.42,27.09,5.7,Precaución
270,108.63,8.68,3.87,Normal
271,121.94,54.11,5.01,Normal
272,94.69,72.45,6.45,Precaución
273,108.62,32.89,4.76,Normal
274,108.04,63.73,5.95,Normal
275,115.48,72.5,3.81,Crítico
276,105.33,16.78,5.84,Normal
277,112.78,61.71,5.1,Precaución
278,104.56,32.8,4.15,Normal
279,101.22,6.69,5.19,Normal
280,102.36,46.89,3.94,Precaución
281,96.5,21.46,4.3,Normal
282,109.6,7.72,5.47,Precaución
283,115.45,54.66,5.86,Normal
284,102.29,77.87,4.7,Normal
285,101.05,74.18,3.28,Normal
286,99.37,5.37,4.77,Normal
287,101.53,39.8,3.35,Precaución
288,106.54,58.7,4.14,Normal
289,108.78,60.33,5.81,Normal
290,93.24,13.63,2.73,Normal
291,85.42,66.79,4.9,Precaución
292,103.32,70.52,4.41,Normal
293,85.67,15.37,4.3,Crítico
294,92.45,9.05,4.01,Normal
295,89.82,5.73,4.3,Normal
296,95.1,50.1,4.58,Normal
297,105.35,51.36,4.7,Crítico
298,114.33,47.39,4.37,Normal
299,104.8,32.41,3.99,Precaución
300,104.22,17.95,7.1,Normal
301,93.3,48.51,2.77,Normal
302,102.29,57.1,4.7,Crítico
303,94.36,72.23,4.44,Normal
304,114.95,37.14,6.46,Normal
305,91.82,24.65,5.63,Precaución
306,86.07,60.2,5.12,Normal
307,110.17,20.13,4.78,Normal
308,98.83,32.88,4.14,Normal
309,114.31,47.39,4.56,Crítico
310,105.45,64.96,4.16,Normal
311,94.57,67.95,4.85,Normal
312,100.33,74.47,5.94,Normal
313,116.18,52.01,4.32,Normal
314,109.4,61.33,6.52,Normal
315,98.32,53.42,3.93,Precaución
316,86.71,66.2,7.36,Normal
317,105.93,17.07,5.34,Precaución
318,102.16,73.85,5.13,Normal
319,105.99,17.11,4.49,Normal
320,84.32,66.24,6.6,Precaución
321,96.84,42.86,6.19,Normal
322,98.97,11.63,3.43,Normal
323,99.64,26.4,3.18,Normal
324,113.0,75.19,2.58,Normal
325,93.33,55.51,2.83,Normal
326,88.5,46.72,6.57,Normal
327,93.17,62.02,4.61,Normal
328,101.73,31.13,4.4,Normal
329,108.85,14.65,5.58,Crítico
330,107.61,11.32,3.84,Precaución
331,96.95,16.67,4.27,Normal
332,106.97,13.83,5.03,Normal
333,80.44,71.43,5.65,Normal
334,104.07,72.08,2.78,Precaución
335,110.55,74.08,5.19,Normal
336,84.54,6.58,7.35,Precaución
337,111.46,75.65,5.26,Normal
338,89.19,48.84,5.78,Crítico
339,85.2,76.05,6.3,Normal
340,106.56,8.88,5.69,Normal
341,98.75,18.63,4.92,Normal
342,100.62,53.97,5.2,Precaución
343,99.48,29.78,3.96,Normal
344,96.72,41.33,4.58,Normal
345,125.88,66.63,5.56,Precaución
346,109.45,64.51,4.38,Normal
347,99.78,35.42,5.27,Normal
348,114.62,9.41,5.17,Normal
349,113.59,11.26,4.33,Normal
350,107.43,74.21,8.38,Precaución
351,90.2,28.81,6.15,Precaución
352,100.76,9.5,5.91,Normal
353,90.54,68.89,4.61,Precaución
354,95.63,8.86,5.29,Normal
355,100.99,48.9,4.13,Precaución
356,101.38,58.32,5.43,Crítico
357,101.8,14.95,3.83,Precaución
358,120.28,26.21,6.39,Precaución
359,100.73,42.68,6.12,Precaución
360,125.02,54.3,6.02,Normal
361,102.22,43.21,4.49,Normal
362,88.73,59.2,3.58,Normal
363,99.55,46.15,5.34,Normal
364,113.45,15.81,6.03,Normal
365,100.76,18.49,5.35,Normal
366,102.53,74.56,3.8,Precaución
367,93.98,41.26,6.16,Normal
368,112.12,55.38,2.46,Normal
369,97.43,9.31,5.13,Precaución
370,94.26,44.21,4.07,Precaución
371,90.61,75.15,4.98,Normal
372,104.47,19.92,4.88,Normal
373,103.57,58.87,6.24,Normal
374,96.7,64.39,6.96,Normal
375,109.46,32.93,5.93,Precaución
376,94.36,17.76,4.49,Normal
377,100.5,14.16,6.29,Precaución
378,104.51,12.19,6.22,Normal
379,122.23,27.51,6.23,Normal
380,102.45,8.03,5.38,Crítico
381,102.98,11.48,5.76,Normal
382,110.64,5.0,4.83,Precaución
383,108.46,13.68,3.12,Normal
384,104.11,45.95,3.93,Normal
385,91.72,22.64,5.8,Normal
386,88.06,16.74,7.93,Normal
387,97.48,79.36,7.34,Normal
388,101.29,5.95,2.94,Crítico
389,81.04,66.04,4.56,Normal
390,90.91,50.66,6.3,Normal
391,103.66,50.74,6.15,Normal
392,88.54,28.52,4.32,Normal
393,112.56,63.6,6.83,Normal
394,100.16,69.55,3.46,Precaución
395,93.6,17.66,4.84,Normal
396,109.01,23.06,3.49,Normal
397,116.37,66.63,2.72,Crítico
398,88.93,43.29,5.93,Normal
399,85.54,7.55,4.5,Normal
400,104.84,57.72,5.46,Normal
401,89.65,11.1,6.76,Precaución
402,92.05,9.02,4.71,Normal
403,104.88,17.94,5.65,Normal
404,110.52,57.95,3.8,Crítico
405,90.16,77.52,7.93,Precaución
406,103.33,58.23,5.51,Crítico
407,112.82,41.91,4.67,Normal
408,117.09,54.51,4.43,Normal
409,116.04,34.31,4.5,Normal
410,101.29,16.45,3.54,Normal
411,106.84,5.64,5.67,Normal
412,97.14,59.94,4.2,Normal
413,89.54,60.32,4.68,Normal
414,115.28,60.65,4.48,Normal
415,95.33,14.4,3.76,Normal
416,119.32,65.16,4.53,Normal
417,95.38,11.52,4.64,Crítico
418,94.34,78.46,6.5,Normal
419,81.47,12.16,5.29,Precaución
420,103.76,46.23,6.84,Normal
421,96.06,59.75,5.42,Normal
422,101.29,25.14,5.69,Normal
423,85.87,6.95,5.67,Normal
424,112.19,33.69,4.74,Normal
425,90.83,50.98,4.36,Normal
426,105.26,31.81,5.51,Normal
427,101.73,61.35,4.02,Normal
428,104.61,28.69,4.93,Precaución
429,78.65,77.61,5.48,Precaución
430,101.85,40.17,3.4,Normal
431,101.89,23.51,5.6,Precaución
432,88.17,66.88,4.92,Normal
433,102.15,65.7,4.64,Normal
434,98.81,65.31,5.18,Normal
435,85.2,48.9,7.66,Normal
436,115.92,45.29,4.19,Precaución
437,95.4,16.22,5.46,Normal
438,100.88,53.85,4.8,Normal
439,107.0,24.8,4.48,Normal
440,116.64,46.64,5.83,Normal
441,91.34,61.87,3.11,Normal
442,78.58,57.89,3.02,Crítico
443,103.0,52.48,4.07,Normal
444,89.07,53.8,4.34,Precaución
445,109.72,70.5,7.61,Normal
446,95.02,38.27,4.67,Normal
447,98.62,66.12,6.15,Normal
448,94.61,10.08,3.55,Normal
449,111.03,41.58,5.46,Normal
450,99.42,45.89,5.32,Crítico
451,101.0,77.11,5.65,Precaución
452,97.59,51.85,5.19,Normal
453,90.18,72.78,5.17,Normal
454,102.91,13.04,6.12,Normal
455,101.41,76.91,5.12,Normal
456,102.67,31.22,5.48,Normal
457,81.53,74.83,3.46,Crítico
458,82.33,31.0,4.3,Normal
459,102.57,75.77,4.91,Precaución
460,100.33,46.96,5.05,Precaución
461,116.9,50.28,6.19,Normal
462,80.5,37.96,2.69,Normal
463,87.12,38.96,4.59,Precaución
464,99.68,9.93,4.91,Precaución
465,95.82,37.76,5.46,Normal
466,101.26,49.02,7.35,Normal
467,102.49,16.12,5.58,Normal
468,109.88,74.64,5.88,Precaución
469,102.96,70.24,3.71,Crítico
470,102.51,31.05,3.34,Normal
471,96.19,36.99,4.87,Crítico
472,99.61,68.31,4.67,Crítico
473,98.48,78.74,3.86,Normal
474,86.91,15.94,6.2,Normal
475,85.85,71.67,3.12,Normal
476,104.31,59.92,4.16,Normal
477,112.16,31.32,6.9,Precaución
478,113.07,37.86,4.58,Normal
479,80.14,33.51,3.38,Precaución
480,98.21,68.94,1.8,Normal
481,96.28,71.8,2.23,Normal
482,95.89,43.9,4.74,Crítico
483,100.86,33.52,6.32,Precaución
484,100.71,42.59,6.46,Precaución
485,103.94,33.37,4.46,Normal
486,103.22,42.78,5.26,Normal
487,97.24,59.84,3.95,Normal
488,113.73,77.52,7.39,Precaución
489,98.9,36.43,3.89,Normal
490,103.79,68.12,4.14,Normal
491,122.38,23.2,6.46,Normal
492,101.95,41.65,5.11,Normal
493,100.29,46.77,4.91,Normal
494,119.17,64.7,5.91,Normal
495,116.17,49.42,4.97,Normal
496,86.6,22.94,5.76,Normal
497,98.35,75.71,8.0,Crítico
498,100.15,72.29,3.88,Normal
499,106.87,58.35,3.65,Normal
500,85.28,60.72,8.0,Normal
501,90.57,53.71,3.9,Normal
502,79.56,11.5,3.0,Normal
503,90.85,73.33,5.43,Normal
504,103.6,18.36,3.32,Crítico
505,99.42,67.12,3.45,Crítico
506,105.83,33.03,5.69,Normal
507,94.75,33.75,4.3,Normal
508,85.3,54.59,5.47,Precaución
509,95.22,38.07,7.61,Normal
510,109.86,79.65,5.55,Normal
511,121.05,37.81,5.84,Normal
512,105.29,15.91,5.39,Precaución
513,100.61,5.87,5.04,Normal
514,109.59,42.34,5.91,Normal
515,107.15,79.29,7.12,Normal
516,111.32,65.26,6.69,Crítico
517,93.47,28.65,6.55,Normal
518,117.29,39.23,6.0,Normal
519,115.27,71.84,4.48,Normal
520,99.22,24.04,3.37,Normal
521,94.58,8.81,5.87,Crítico
522,95.86,42.16,3.12,Normal
523,105.57,65.01,4.93,Precaución
524,128.9,39.26,3.43,Crítico
525,105.1,39.08,3.52,Precaución
526,79.37,21.58,5.54,Precaución
527,108.92,26.43,5.17,Precaución
528,96.75,76.97,3.0,Normal
529,104.93,51.17,5.78,Normal
530,97.42,17.29,3.94,Normal
531,95.51,67.5,4.62,Normal
532,100.06,74.01,4.47,Normal
533,109.48,39.18,5.02,Normal
534,100.73,43.13,5.59,Normal
535,109.56,5.36,5.72,Normal
536,88.13,64.23,2.9,Normal
537,107.52,7.08,3.72,Normal
538,102.38,77.81,2.48,Precaución
539,82.37,5.3,4.14,Crítico
540,113.81,76.23,3.34,Normal
541,105.5,47.31,5.96,Precaución
542,96.18,10.1,2.77,Normal
543,89.01,19.09,6.29,Normal
544,95.16,25.25,4.03,Precaución
545,109.51,6.12,5.56,Normal
546,107.47,58.08,5.13,Precaución
547,120.96,6.81,4.57,Precaución
548,101.08,9.96,4.03,Normal
549,105.69,37.32,6.7,Precaución
550,110.15,52.89,5.3,Precaución
551,102.83,13.39,6.03,Precaución
552,128.0,8.18,5.66,Normal
553,116.19,9.9,6.19,Precaución
554,84.27,27.72,6.43,Normal
555,105.88,72.32,5.15,Crítico
556,91.92,47.79,3.94,Normal
557,93.22,42.74,5.54,Precaución
558,102.62,14.85,4.97,Normal
559,96.52,14.19,4.96,Normal
560,105.08,8.57,4.79,Normal
561,89.83,47.94,6.17,Normal
562,89.21,59.72,5.47,Normal
563,91.1,28.59,5.18,Normal
564,85.39,79.57,4.24,Normal
565,107.95,73.01,6.21,Normal
566,105.33,23.28,4.81,Normal
567,114.98,17.79,7.59,Precaución
568,96.33,63.1,5.37,Normal
569,92.65,75.09,4.67,Normal
570,94.74,69.77,5.9,Crítico
571,105.46,50.45,5.76,Normal
572,108.33,5.16,3.86,Normal
573,110.14,74.09,3.21,Precaución
574,83.34,14.04,4.72,Crítico
575,100.83,8.04,6.04,Normal
576,97.5,21.06,4.11,Normal
577,105.35,47.99,3.53,Precaución
578,81.74,27.18,3.84,Precaución
579,101.19,28.12,5.59,Normal
580,120.41,59.07,5.05,Precaución
581,102.51,59.93,5.7,Normal
582,114.89,7.07,4.55,Normal
583,108.39,15.37,2.47,Normal
584,86.11,29.84,4.39,Normal
585,84.27,63.83,4.35,Normal
586,88.74,32.43,3.85,Normal
587,108.51,16.95,5.26,Normal
588,101.39,22.71,5.22,Precaución
589,98.82,69.05,4.21,Normal
590,106.53,68.49,5.71,Normal
591,104.45,59.02,8.64,Normal
592,101.01,25.34,2.87,Normal
593,84.62,77.94,4.33,Precaución
594,113.74,30.53,3.7,Normal
595,86.21,38.31,4.14,Normal
596,96.38,76.85,4.16,Normal
597,84.06,79.56,4.38,Normal
598,100.45,71.06,5.18,Normal
599,91.04,71.04,4.53,Normal
600,95.21,8.37,5.29,Normal
601,103.46,45.24,4.17,Precaución
602,116.29,44.11,6.76,Normal
603,113.75,11.2,4.69,Normal
604,103.57,16.32,3.0,Normal
605,96.17,39.66,3.55,Normal
606,89.94,73.9,4.61,Normal
607,92.87,6.44,6.92,Normal
608,111.29,26.68,4.36,Normal
609,107.44,67.31,4.42,Precaución
610,95.17,12.78,5.57,Normal
611,109.57,16.44,4.15,Normal
612,105.26,78.97,4.16,Precaución
613,110.77,9.82,6.07,Normal
614,95.93,28.78,5.27,Normal
615,96.01,31.79,4.38,Normal
616,105.64,12.92,4.92,Crítico
617,104.44,13.5,7.7,Normal
618,83.77,8.92,5.33,Normal
619,91.98,36.99,5.83,Crítico
620,104.53,32.54,6.57,Normal
621,110.13,59.15,4.89,Precaución
622,111.35,58.01,5.69,Normal
623,84.98,67.21,3.73,Precaución
624,100.41,66.71,3.13,Normal
625,106.69,50.93,5.85,Precaución
626,103.73,59.77,6.5,Crítico
627,105.77,5.34,4.46,Crítico
628,92.9,48.59,6.87,Normal
629,100.52,51.79,6.12,Normal
630,104.12,8.94,5.52,Normal
631,114.11,5.43,4.2,Normal
632,110.95,40.94,4.4,Precaución
633,106.55,57.83,4.08,Normal
634,97.07,58.84,5.53,Normal
635,101.99,7.3,5.64,Crítico
636,116.28,51.63,5.25,Normal
637,106.8,73.19,6.08,Normal
638,98.09,15.08,5.19,Normal
639,97.42,31.74,4.66,Normal
640,95.96,72.01,5.12,Precaución
641,116.73,59.66,4.26,Precaución
642,94.43,25.32,5.12,Precaución
643,98.46,43.26,3.89,Normal
644,80.13,66.3,3.04,Precaución
645,110.43,58.04,4.69,Normal
646,117.15,35.88,6.08,Normal
647,92.55,49.86,4.48,Normal
648,108.71,73.37,5.85,Normal
649,98.32,35.05,6.23,Normal
650,109.59,30.54,4.46,Precaución
651,101.51,60.7,2.71,Normal
652,97.52,35.62,6.75,Normal
653,109.83,44.52,4.71,Normal
654,103.24,22.13,4.24,Normal
655,98.23,43.22,6.37,Normal
656,121.98,47.41,4.17,Crítico
657,80.44,20.71,5.89,Normal
658,86.18,22.72,6.79,Normal
659,92.36,5.28,7.31,Normal
660,101.45,56.06,5.23,Crítico
661,102.59,66.76,8.36,Precaución
662,108.66,65.08,3.75,Normal
663,107.48,28.62,6.91,Normal
664,110.73,18.47,7.5,Normal
665,113.06,34.4,5.44,Normal
666,96.83,20.6,4.37,Normal
667,103.05,71.68,2.96,Normal
668,93.41,64.96,5.7,Normal
669,106.5,5.4,4.09,Normal
670,96.0,75.79,6.67,Normal
671,98.83,62.83,3.57,Normal
672,100.81,47.42,2.89,Precaución
673,115.41,45.25,5.03,Normal
674,84.91,54.59,3.85,Normal
675,102.76,55.78,4.51,Normal
676,93.07,54.43,7.48,Normal
677,85.53,61.42,4.09,Normal
678,116.47,65.85,4.07,Normal
679,95.86,79.32,3.9,Normal
680,99.52,75.52,3.3,Normal
681,105.4,59.71,5.97,Normal
682,89.88,78.39,4.75,Normal
683,102.94,58.77,6.35,Normal
684,110.14,32.78,6.38,Normal
685,120.16,63.98,4.8,Normal
686,95.05,66.89,4.27,Normal
687,91.01,68.35,6.92,Normal
688,106.6,23.72,5.64,Crítico
689,90.06,31.47,6.23,Normal
690,110.92,79.62,4.4,Normal
691,113.15,28.23,7.16,Normal
692,119.12,16.49,5.06,Crítico
693,92.01,26.31,6.59,Normal
694,107.08,31.96,7.38,Normal
695,112.1,74.33,3.32,Precaución
696,103.01,31.14,5.76,Normal
697,95.9,59.91,2.89,Normal
698,83.15,29.55,4.05,Normal
699,82.35,42.99,4.36,Precaución
700,106.71,29.14,6.82,Precaución
701,96.31,43.08,4.05,Normal
702,104.64,27.35,4.86,Precaución
703,97.89,75.25,5.0,Precaución
704,123.16,20.72,5.2,Normal
705,106.97,48.71,5.53,Normal
706,83.49,52.59,6.12,Normal
707,102.97,65.91,5.04,Precaución
708,115.18,79.7,3.29,Normal
709,102.43,16.31,4.14,Normal
710,99.11,49.1,4.14,Normal
711,88.76,75.28,3.27,Normal
712,100.46,23.0,5.83,Normal
713,115.47,54.59,6.06,Normal
714,120.39,42.1,4.82,Precaución
715,81.96,20.9,5.24,Normal
716,89.72,56.6,7.07,Normal
717,104.91,8.35,5.4,Normal
718,97.3,59.05,5.75,Normal
719,124.21,29.44,6.42,Precaución
720,84.97,52.68,3.0,Normal
721,101.55,34.42,4.98,Normal
722,110.5,14.47,5.4,Precaución
723,106.55,55.98,5.9,Precaución
724,98.22,34.0,6.61,Normal
725,108.98,43.1,5.27,Normal
726,89.71,45.31,5.94,Precaución
727,99.73,45.57,4.87,Normal
728,101.82,18.91,6.72,Precaución
729,106.45,74.6,3.99,Crítico
730,106.43,16.7,4.62,Precaución
731,107.68,36.78,3.66,Normal
732,96.63,16.48,5.76,Normal
733,97.96,22.8,3.28,Normal
734,111.97,11.55,3.68,Precaución
735,103.94,57.6,4.34,Normal
736,101.09,79.53,4.69,Normal
737,96.29,39.13,4.13,Normal
738,121.69,38.52,4.69,Normal
739,106.31,74.49,4.59,Normal
740,112.67,56.13,6.33,Normal
741,85.46,20.1,5.76,Precaución
742,105.35,67.28,5.58,Precaución
743,103.22,26.71,4.73,Normal
744,110.53,24.09,3.78,Precaución
745,103.77,79.65,5.48,Normal
746,95.52,18.8,5.36,Normal
747,76.49,49.89,5.61,Precaución
748,105.81,39.17,4.54,Normal
749,99.86,71.87,6.32,Precaución
750,104.83,68.68,3.84,Normal
751,90.55,79.29,4.2,Crítico
752,102.06,72.73,5.76,Crítico
753,90.39,26.91,5.62,Normal
754,102.5,69.64,6.11,Normal
755,106.58,34.5,5.02,Normal
756,95.26,39.24,4.12,Normal
757,93.88,17.97,6.92,Crítico
758,93.34,22.28,3.95,Precaución
759,81.18,23.04,6.58,Normal
760,99.05,20.72,5.91,Normal
761,111.3,30.64,4.2,Crítico
762,95.06,58.73,5.9,Normal
763,89.18,66.01,5.4,Normal
764,88.81,45.29,5.83,Normal
765,108.12,26.8,4.5,Normal
766,110.52,36.37,3.94,Normal
767,84.78,17.68,4.51,Normal
768,111.93,24.45,7.56,Precaución
769,97.7,21.99,4.64,Normal
770,92.34,60.55,6.76,Normal
771,88.1,16.93,4.71,Precaución
772,82.29,50.91,5.26,Crítico
773,101.9,64.88,4.85,Normal
774,99.05,74.62,5.22,Normal
775,90.59,70.14,5.04,Normal
776,87.09,60.4,3.82,Normal
777,109.12,7.79,4.37,Precaución
778,109.14,34.82,4.42,Normal
779,99.19,30.84,2.24,Crítico
780,85.2,34.93,6.15,Normal
781,100.07,23.53,5.88,Normal
782,112.06,42.72,4.95,Normal
783,80.54,36.21,5.93,Precaución
784,84.98,18.48,6.98,Normal
785,99.93,23.53,6.3,Normal
786,100.12,18.22,4.34,Normal
787,104.16,77.21,2.91,Normal
788,92.63,36.56,5.47,Crítico
789,103.9,66.47,7.27,Crítico
790,101.73,53.26,3.35,Normal
791,91.85,65.88,5.16,Normal
792,91.39,6.04,7.9,Normal
793,104.27,29.95,4.27,Normal
794,98.43,46.49,4.62,Crítico
795,104.94,34.5,4.5,Normal
796,95.52,26.93,4.32,Normal
797,96.34,71.44,5.81,Crítico
798,96.91,57.32,4.57,Normal
799,103.19,16.21,4.79,Normal
800,115.76,21.51,6.68,Normal
801,86.99,8.04,6.56,Normal
802,92.32,66.72,4.35,Normal
803,103.9,79.43,3.21,Normal
804,84.86,33.71,6.1,Crítico
805,114.6,31.41,3.48,Normal
806,118.64,48.88,4.8,Precaución
807,82.06,43.23,3.61,Normal
808,91.97,56.39,6.22,Normal
809,112.95,18.38,6.58,Normal
810,108.6,16.76,3.33,Crítico
811,89.62,53.19,5.25,Normal
812,93.62,30.35,5.81,Crítico
813,106.11,66.7,7.81,Normal
814,104.47,47.55,6.15,Normal
815,91.05,78.5,3.57,Crítico
816,102.18,76.91,4.32,Crítico
817,118.97,17.28,4.79,Normal
818,97.39,75.29,5.68,Normal
819,83.0,64.41,6.71,Normal
820,97.4,22.97,4.28,Normal
821,69.99,48.69,5.76,Normal
822,100.6,79.78,5.78,Normal
823,112.32,72.56,4.63,Crítico
824,98.81,8.62,2.56,Normal
825,116.89,24.5,3.9,Normal
826,74.0,21.07,5.33,Normal
827,126.31,61.04,5.45,Precaución
828,100.23,31.65,4.14,Normal
829,104.09,17.23,3.98,Normal
830,108.01,45.59,5.15,Normal
831,99.14,47.02,4.06,Normal
832,97.75,64.59,3.38,Normal
833,121.5,8.94,5.48,Normal
834,111.48,79.8,6.03,Normal
835,108.17,72.77,6.64,Normal
836,86.47,51.14,3.21,Precaución
837,107.93,46.07,4.71,Normal
838,92.22,34.65,6.05,Crítico
839,84.77,39.03,5.02,Normal
840,81.42,24.11,5.33,Normal
841,82.39,62.44,4.7,Precaución
842,108.91,66.52,6.47,Normal
843,104.91,34.93,4.99,Normal
844,99.2,37.51,1.93,Normal
845,95.97,26.57,3.35,Normal
846,85.63,53.11,6.08,Normal
847,110.23,64.95,4.35,Precaución
848,107.71,74.9,5.01,Normal
849,89.66,15.67,4.61,Normal
850,105.11,26.28,3.26,Normal
851,98.26,77.12,4.97,Normal
852,125.1,63.46,4.18,Normal
853,97.72,70.6,8.05,Normal
854,100.5,48.81,6.08,Normal
855,97.5,61.14,3.79,Normal
856,107.04,70.08,5.51,Precaución
857,91.18,67.3,5.46,Precaución
858,107.94,40.58,2.38,Normal
859,93.49,52.1,3.35,Normal
860,98.16,59.22,4.19,Precaución
861,95.99,76.21,7.58,Precaución
862,95.21,6.27,3.37,Normal
863,94.92,23.59,4.39,Normal
864,92.14,9.13,4.31,Normal
865,91.83,39.18,5.51,Precaución
866,101.51,64.91,3.7,Precaución
867,90.34,63.34,6.58,Normal
868,88.33,5.28,3.91,Normal
869,100.3,66.41,5.95,Normal
870,104.66,29.64,5.28,Crítico
871,97.9,35.37,5.77,Normal
872,96.85,9.37,3.88,Precaución
873,108.51,50.9,3.83,Precaución
874,89.95,54.13,3.89,Precaución
875,109.32,8.32,5.59,Precaución
876,94.48,12.95,4.43,Normal
877,94.38,42.98,3.6,Normal
878,110.06,8.6,5.03,Normal
879,79.55,29.21,4.39,Normal
880,92.71,28.28,8.22,Normal
881,95.63,70.91,5.81,Normal
882,102.8,22.56,4.43,Normal
883,108.86,59.0,3.89,Normal
884,88.31,76.66,5.44,Normal
885,102.22,73.92,5.79,Normal
886,98.74,9.02,6.98,Normal
887,109.76,30.89,6.7,Normal
888,100.56,43.07,2.95,Normal
889,84.33,34.98,4.81,Normal
890,96.55,57.28,3.21,Precaución
891,98.89,5.43,5.4,Precaución
892,103.85,75.64,2.22,Normal
893,115.5,11.24,7.03,Normal
894,96.74,36.04,4.68,Precaución
895,95.23,32.6,6.31,Normal
896,96.02,15.5,3.73,Normal
897,96.32,13.86,3.76,Normal
898,77.72,55.81,6.92,Precaución
899,101.54,56.88,2.28,Normal
900,98.11,75.46,4.07,Normal
901,97.99,46.73,3.29,Normal
902,103.24,19.41,4.12,Normal
903,114.47,56.52,6.09,Precaución
904,94.97,35.94,4.04,Precaución
905,93.22,33.64,7.64,Normal
906,92.26,66.62,5.51,Normal
907,98.64,54.94,4.76,Normal
908,90.46,22.55,4.4,Normal
909,104.34,73.03,5.24,Normal
910,86.92,51.7,4.78,Normal
911,80.79,36.58,5.15,Normal
912,104.44,13.68,5.85,Normal
913,131.74,39.68,5.27,Normal
914,103.7,26.56,3.42,Normal
915,85.28,9.71,3.79,Normal
916,115.96,59.47,4.48,Normal
917,100.14,7.16,7.11,Precaución
918,84.34,10.01,4.12,Normal
919,110.51,38.64,3.41,Normal
920,98.66,12.21,6.08,Normal
921,89.68,47.26,4.09,Normal
922,91.3,54.02,5.12,Normal
923,108.18,79.9,4.49,Crítico
924,94.92,48.9,5.44,Crítico
925,94.39,11.96,5.2,Precaución
926,99.65,8.7,5.06,Normal
927,109.97,41.13,5.78,Normal
928,101.04,26.83,5.68,Precaución
929,97.11,22.2,5.54,Normal
930,93.89,30.49,5.04,Normal
931,83.85,69.73,2.98,Precaución
932,89.37,32.51,6.14,Precaución
933,87.27,11.18,2.82,Crítico
934,106.59,36.75,4.46,Normal
935,94.51,15.87,3.5,Normal
936,94.31,11.2,5.51,Precaución
937,102.39,6.91,6.52,Precaución
938,100.85,45.8,4.69,Normal
939,95.05,74.67,5.74,Normal
940,76.06,7.05,5.82,Normal
941,119.1,57.09,5.53,Normal
942,108.33,5.51,3.29,Precaución
943,109.58,61.35,5.24,Normal
944,85.82,53.85,5.29,Precaución
945,102.76,31.73,4.31,Normal
946,114.19,67.91,5.06,Normal
947,110.45,70.4,7.62,Normal
948,104.44,9.93,5.26,Precaución
949,88.72,52.61,4.09,Normal
950,79.62,34.54,5.57,Crítico
951,98.45,9.67,4.03,Normal
952,89.28,62.68,4.01,Normal
953,109.46,60.66,4.65,Normal
954,94.45,23.13,5.27,Crítico
955,99.52,19.55,5.42,Normal
956,94.9,60.84,4.62,Precaución
957,90.36,54.68,5.16,Precaución
958,99.75,38.32,5.33,Precaución
959,98.65,33.89,5.71,Normal
960,103.87,9.24,5.57,Normal
961,106.06,63.55,4.71,Normal
962,118.17,54.88,5.24,Normal
963,100.29,79.82,4.71,Normal
964,95.11,10.45,5.57,Precaución
965,103.63,27.53,4.87,Precaución
966,75.58,70.18,3.59,Normal
967,105.3,40.12,5.02,Precaución
968,85.67,53.85,5.39,Normal
969,104.29,73.86,4.57,Normal
970,86.82,69.46,5.47,Normal
971,108.9,58.1,3.35,Normal
972,111.7,64.82,4.63,Normal
973,101.02,55.91,4.22,Precaución
974,96.79,16.06,5.42,Precaución
975,95.79,45.36,5.35,Normal
976,92.79,43.45,8.47,Normal
977,100.2,71.63,3.89,Normal
978,97.12,78.52,4.64,Precaución
979,91.33,39.54,4.49,Normal
980,99.23,36.85,4.21,Crítico
981,106.89,60.54,6.3,Precaución
982,108.16,44.02,5.54,Crítico
983,75.83,68.09,6.44,Precaución
984,97.31,21.79,7.06,Crítico
985,100.75,71.68,3.3,Normal
986,92.23,54.25,4.95,Normal
987,114.95,10.27,5.95,Normal
988,85.22,40.94,3.75,Normal
989,101.27,75.03,3.94,Normal
990,97.29,42.15,7.32,Normal
991,97.93,78.49,4.66,Precaución
992,114.73,12.48,5.78,Precaución
993,110.23,50.44,4.92,Precaución
994,96.4,65.52,3.96,Precaución
995,97.66,76.72,5.25,Normal
996,97.19,7.81,3.8,Normal
997,96.85,58.39,5.21,Normal
998,107.24,5.78,3.77,Normal
999,112.34,45.63,4.82,Normal
1000,122.72,61.15,4.26,Normal
1001,118.96,17.93,3.36,Crítico
1002,110.07,41.47,2.94,Normal
1003,107.58,25.19,6.68,Crítico
1004,111.02,61.31,3.52,Normal
1005,98.06,5.23,5.31,Normal
1006,96.03,41.41,4.41,Normal
1007,84.38,14.83,5.21,Normal
1008,104.74,48.85,5.78,Normal
1009,102.75,54.77,4.67,Normal
1010,101.78,29.77,6.12,Normal
1011,104.73,25.65,6.92,Normal
1012,101.9,72.22,4.25,Crítico
1013,114.83,58.82,3.87,Crítico
1014,87.86,77.02,6.08,Normal
1015,97.76,44.37,5.0,Normal
1016,91.46,73.1,5.52,Normal
1017,91.68,63.48,7.85,Normal
1018,98.15,36.13,4.7,Normal
1019,119.16,24.87,2.57,Normal
1020,103.2,5.82,6.22,Normal
1021,91.13,23.09,5.49,Normal
1022,99.42,62.04,3.54,Normal
1023,96.4,31.71,7.03,Normal
1024,97.58,26.68,5.37,Normal
1025,91.57,23.69,3.44,Normal
1026,95.6,36.47,5.35,Normal
1027,98.2,35.28,5.48,Normal
1028,103.98,63.03,6.24,Normal
1029,109.19,76.12,3.68,Normal
1030,109.25,14.83,4.99,Normal
1031,107.51,30.83,3.63,Normal
1032,100.99,56.27,4.95,Normal
1033,106.66,68.99,4.59,Normal
1034,96.44,22.4,4.03,Precaución
1035,86.15,35.98,4.62,Normal
1036,105.99,25.59,4.2,Normal
1037,100.54,66.39,4.37,Precaución
1038,101.36,47.04,5.13,Normal
1039,74.68,13.31,7.67,Normal
1040,99.0,65.43,4.83,Normal
1041,96.59,53.2,4.38,Normal
1042,96.45,34.83,6.99,Normal
1043,95.27,58.49,3.78,Precaución
1044,105.36,13.31,5.36,Normal
1045,104.09,34.47,4.23,Crítico
1046,80.7,17.64,4.31,Normal
1047,94.61,52.23,4.21,Normal
1048,121.28,51.21,5.5,Normal
1049,95.36,76.25,4.88,Normal
1050,97.23,46.1,4.78,Normal
1051,78.06,77.82,4.92,Normal
1052,81.99,45.96,4.35,Precaución
1053,96.0,73.03,6.29,Normal
1054,97.05,71.99,6.27,Normal
1055,118.53,42.35,2.36,Normal
1056,93.79,43.56,2.58,Precaución
1057,102.94,48.27,5.39,Normal
1058,89.43,41.74,3.48,Normal
1059,103.47,69.79,5.29,Precaución
1060,109.26,41.77,5.69,Precaución
1061,101.73,8.71,4.81,Normal
1062,96.41,54.09,4.8,Normal
1063,105.8,30.91,3.49,Precaución
1064,110.39,18.01,4.88,Normal
1065,113.09,8.36,4.9,Normal
1066,105.52,68.95,6.61,Normal
1067,96.18,23.75,2.63,Normal
1068,94.66,65.17,5.96,Normal
1069,105.94,22.74,6.28,Normal
1070,86.49,41.06,5.11,Normal
1071,86.62,21.09,3.59,Normal
1072,108.96,76.4,5.93,Precaución
1073,111.19,63.92,6.77,Precaución
1074,98.3,70.1,4.81,Crítico
1075,101.48,31.98,4.07,Normal
1076,101.13,61.49,4.36,Normal
1077,101.26,65.16,2.72,Normal
1078,100.58,22.05,2.47,Normal
1079,107.86,8.22,5.84,Normal
1080,116.49,59.22,4.73,Precaución
1081,97.68,70.67,4.53,Normal
1082,112.83,35.24,6.05,Normal
1083,111.64,14.96,4.49,Normal
1084,85.66,15.0,5.02,Normal
1085,112.03,16.9,4.21,Precaución
1086,92.83,60.28,3.19,Normal
1087,100.29,45.98,7.89,Normal
1088,84.6,36.05,5.02,Normal
1089,104.31,56.16,6.9,Normal
1090,84.47,14.62,4.87,Normal
1091,115.12,39.08,1.41,Normal
1092,105.04,29.44,3.93,Precaución
1093,85.54,63.27,6.1,Normal
1094,115.65,49.27,4.72,Crítico
1095,82.6,35.7,6.08,Precaución
1096,84.2,59.53,5.44,Normal
1097,112.95,41.65,4.2,Normal
1098,100.39,41.7,3.82,Precaución
1099,108.69,62.98,3.1,Normal
1100,109.19,11.72,3.34,Normal
1101,103.89,73.18,4.55,Normal
1102,116.82,49.97,4.93,Normal
1103,88.13,50.68,2.75,Normal
1104,115.35,33.77,5.84,Normal
1105,100.62,78.06,4.88,Normal
1106,87.1,78.43,6.58,Normal
1107,101.52,23.86,6.08,Normal
1108,115.04,71.48,7.11,Normal
1109,95.6,5.84,5.29,Normal
1110,83.78,64.81,5.7,Normal
1111,112.53,34.68,4.28,Crítico
1112,102.24,57.25,6.13,Normal
1113,95.64,70.89,3.69,Normal
1114,96.97,19.38,5.26,Normal
1115,103.55,54.15,2.98,Normal
1116,106.38,5.11,4.25,Precaución
1117,94.39,24.74,6.55,Normal
1118,82.74,36.94,3.58,Precaución
1119,102.64,51.05,5.87,Normal
1120,118.6,66.86,4.2,Normal
1121,105.28,64.15,5.81,Normal
1122,96.1,6.87,5.44,Normal
1123,101.75,62.21,3.27,Normal
1124,91.93,46.68,3.01,Crítico
1125,95.17,41.22,3.66,Precaución
1126,100.08,19.85,6.25,Precaución
1127,90.8,39.52,4.71,Precaución
1128,90.95,27.31,1.84,Crítico
1129,89.14,26.12,4.86,Normal
1130,109.29,28.3,4.37,Normal
1131,91.57,75.25,4.77,Precaución
1132,96.87,57.8,3.38,Normal
1133,95.99,51.17,2.62,Normal
1134,99.36,7.53,4.62,Normal
1135,99.26,26.72,4.94,Precaución
1136,104.22,60.15,6.13,Normal
1137,84.66,12.06,7.44,Precaución
1138,104.44,5.96,6.86,Crítico
1139,101.9,30.22,5.25,Normal
1140,107.82,20.5,5.42,Normal
1141,94.89,13.24,6.73,Normal
1142,91.03,34.48,2.21,Normal
1143,79.16,60.86,3.71,Precaución
1144,99.35,44.31,4.38,Precaución
1145,100.37,41.69,5.27,Normal
1146,104.19,22.73,4.76,Precaución
1147,104.33,10.0,4.59,Precaución
1148,109.4,37.62,2.69,Normal
1149,99.77,19.87,5.81,Normal
1150,94.63,68.04,5.3,Normal
1151,90.01,43.78,5.01,Crítico
1152,97.66,6.53,4.74,Normal
1153,100.08,32.34,5.87,Normal
1154,87.73,65.17,4.96,Normal
1155,83.6,28.35,4.22,Normal
1156,109.71,25.1,4.48,Normal
1157,84.91,10.2,5.77,Normal
1158,104.31,54.58,5.12,Normal
1159,97.91,60.93,4.22,Normal
1160,75.35,66.36,5.51,Normal
1161,107.52,72.9,4.9,Precaución
1162,95.46,73.64,4.64,Normal
1163,115.88,29.28,5.47,Normal
1164,90.05,27.77,4.98,Normal
1165,116.51,9.17,3.21,Normal
1166,89.79,57.03,6.02,Normal
1167,108.95,64.25,4.52,Crítico
1168,102.91,41.9,5.42,Crítico
1169,107.73,31.87,4.56,Normal
1170,109.2,68.06,4.1,Precaución
1171,80.68,59.22,6.03,Crítico
1172,94.87,17.75,5.22,Normal
1173,93.06,64.86,5.45,Normal
1174,96.78,15.44,5.28,Normal
1175,109.54,19.94,4.75,Normal
1176,99.6,48.61,4.45,Normal
1177,101.71,73.64,5.71,Normal
1178,105.65,31.91,5.71,Normal
1179,109.84,48.06,3.39,Normal
1180,104.41,29.18,5.76,Normal
1181,87.24,56.73,5.29,Normal
1182,119.59,79.99,6.98,Precaución
1183,96.22,53.9,5.39,Normal
1184,85.56,31.94,4.12,Precaución
1185,101.01,9.95,5.05,Precaución
1186,94.18,72.09,5.8,Precaución
1187,99.3,9.66,6.21,Normal
1188,111.85,26.71,4.95,Precaución
1189,97.9,35.07,5.44,Normal
1190,87.47,44.56,4.55,Normal
1191,116.42,11.32,6.05,Normal
1192,123.61,79.77,4.27,Normal
1193,99.42,66.5,5.14,Crítico
1194,86.3,61.02,4.5,Normal
1195,73.96,42.37,5.96,Precaución
1196,107.21,25.27,3.52,Normal
1197,97.67,41.56,5.76,Precaución
1198,104.72,25.4,4.32,Normal
1199,111.91,10.69,7.61,Normal
1200,95.82,43.48,5.76,Normal
1201,84.01,76.3,4.73,Precaución
1202,102.88,50.6,4.76,Crítico
1203,95.8,11.27,4.75,Precaución
1204,96.23,50.89,6.43,Precaución
1205,98.9,37.18,4.59,Normal
1206,103.01,21.88,3.34,Precaución
1207,100.87,24.35,5.23,Normal
1208,113.01,30.13,4.33,Normal
1209,86.38,27.27,4.39,Normal
1210,93.5,41.57,4.83,Normal
1211,98.41,48.3,4.63,Precaución
1212,100.0,36.36,5.24,Normal
1213,86.94,68.81,8.03,Precaución
1214,87.27,67.09,4.9,Normal
1215,86.61,28.99,4.76,Crítico
1216,118.59,17.81,4.99,Normal
1217,108.22,43.04,4.32,Normal
1218,104.55,61.47,4.81,Normal
1219,99.71,49.24,6.68,Normal
1220,116.76,35.39,4.73,Precaución
1221,86.15,64.44,5.92,Precaución
1222,101.46,32.89,6.33,Precaución
1223,102.52,18.94,5.58,Normal
1224,89.08,8.8,2.85,Normal
1225,102.18,16.85,6.0,Normal
1226,85.07,75.17,4.66,Precaución
1227,82.46,45.08,5.35,Normal
1228,108.23,9.73,6.43,Normal
1229,94.14,46.17,6.36,Normal
1230,91.93,60.22,5.38,Normal
1231,94.49,64.37,8.36,Normal
1232,101.9,51.4,6.4,Normal
1233,103.44,58.86,6.17,Normal
1234,116.61,21.41,6.7,Normal
1235,109.19,34.94,1.25,Crítico
1236,96.15,31.12,6.46,Normal
1237,112.6,31.87,3.35,Crítico
1238,103.75,14.7,4.35,Normal
1239,97.47,55.42,3.85,Normal
1240,104.0,54.67,5.51,Normal
1241,106.44,60.78,5.15,Precaución
1242,94.17,49.8,4.18,Precaución
1243,85.86,25.26,7.35,Normal
1244,104.52,45.78,4.13,Normal
1245,98.19,69.7,4.69,Normal
1246,106.05,39.46,5.47,Normal
1247,105.1,76.69,3.92,Normal
1248,98.19,57.22,4.78,Precaución
1249,93.28,16.51,4.8,Normal
1250,110.91,25.47,6.5,Precaución
1251,116.18,73.88,5.72,Normal
1252,92.01,10.08,6.39,Normal
1253,97.8,53.0,4.72,Normal
1254,94.17,35.47,0.24,Normal
1255,104.06,58.34,3.91,Normal
1256,99.43,59.59,3.68,Normal
1257,110.88,9.08,5.3,Normal
1258,102.26,53.22,4.22,Precaución
1259,94.87,63.69,4.47,Normal
1260,105.96,79.92,6.53,Normal
1261,102.18,63.95,3.62,Normal
1262,85.05,36.04,5.39,Normal
1263,88.79,12.09,4.0,Normal
1264,96.15,74.29,5.72,Normal
1265,105.61,33.54,4.09,Normal
1266,107.21,70.4,5.77,Precaución
1267,113.48,73.16,6.2,Precaución
1268,104.98,17.09,4.62,Normal
1269,103.68,79.33,6.0,Normal
1270,81.69,44.39,6.32,Normal
1271,104.98,33.41,2.14,Normal
1272,94.07,75.65,6.07,Precaución
1273,81.96,53.22,5.14,Normal
1274,99.21,18.28,4.46,Precaución
1275,112.45,27.89,5.55,Normal
1276,93.86,32.42,5.35,Normal
1277,83.2,65.08,3.24,Normal
1278,109.88,61.1,6.22,Normal
1279,111.47,20.56,3.92,Crítico
1280,103.98,43.01,5.62,Normal
1281,104.61,72.26,5.61,Normal
1282,94.47,45.86,4.84,Normal
1283,99.84,65.83,4.37,Normal
1284,108.63,22.77,6.54,Normal
1285,103.93,33.66,1.68,Crítico
1286,83.91,31.56,6.07,Precaución
1287,95.67,25.33,3.32,Precaución
1288,107.15,32.13,5.43,Normal
1289,98.93,22.77,4.7,Normal
1290,101.54,11.41,4.27,Normal
1291,113.62,39.49,6.38,Normal
1292,78.18,13.08,4.67,Normal
1293,106.66,51.02,6.0,Normal
1294,105.81,63.38,4.64,Precaución
1295,75.51,59.57,4.1,Normal
1296,102.82,67.34,3.76,Normal
1297,94.74,58.49,4.92,Crítico
1298,103.32,52.23,7.18,Precaución
1299,98.54,52.37,6.71,Normal
1300,104.49,74.51,6.01,Normal
1301,121.32,5.78,4.67,Normal
1302,71.59,7.86,2.21,Normal
1303,94.64,40.33,4.71,Crítico
1304,92.05,71.08,5.64,Normal
1305,91.98,34.12,6.81,Normal
1306,90.03,49.87,4.88,Normal
1307,92.84,33.32,3.6,Normal
1308,124.94,39.77,6.32,Crítico
1309,105.1,10.22,7.0,Normal
1310,115.01,18.6,3.61,Normal
1311,103.87,56.88,4.95,Normal
1312,90.37,57.72,7.3,Normal
1313,90.09,74.71,4.59,Normal
1314,118.46,9.85,4.16,Precaución
1315,85.92,43.59,2.6,Normal
1316,104.21,61.0,3.18,Normal
1317,95.31,32.36,5.98,Normal
1318,104.64,36.23,5.02,Normal
1319,94.04,22.17,4.79,Normal
1320,111.77,38.71,6.92,Crítico
1321,105.32,70.09,3.63,Normal
1322,80.21,13.46,4.57,Normal
1323,88.8,23.98,4.67,Normal
1324,111.84,9.38,6.49,Precaución
1325,105.95,36.43,4.52,Normal
1326,98.75,22.18,6.2,Normal
1327,101.0,44.52,6.25,Crítico
1328,87.33,74.28,6.4,Normal
1329,102.04,34.79,5.34,Normal
1330,116.53,64.85,5.59,Normal
1331,101.73,35.76,5.71,Normal
1332,117.94,5.2,4.82,Precaución
1333,102.87,79.89,5.2,Precaución
1334,86.48,19.82,5.04,Normal
1335,93.88,76.1,3.45,Precaución
1336,99.17,41.49,4.61,Normal
1337,94.23,57.27,6.06,Normal
1338,115.83,57.8,4.91,Normal
1339,103.71,48.55,4.81,Normal
1340,100.27,27.14,5.4,Precaución
1341,102.84,54.94,5.45,Normal
1342,110.3,20.06,5.89,Normal
1343,94.95,9.61,4.16,Normal
1344,98.7,9.83,4.65,Normal
1345,96.11,74.72,4.09,Normal
1346,104.51,38.4,5.02,Normal
1347,86.55,31.42,7.8,Precaución
1348,103.93,62.55,6.6,Normal
1349,112.72,20.44,4.81,Crítico
1350,98.76,65.75,4.93,Normal
1351,103.23,13.66,4.02,Normal
1352,107.98,79.62,4.78,Crítico
1353,88.42,44.7,6.02,Normal
1354,115.74,68.21,4.71,Normal
1355,111.35,69.88,4.12,Normal
1356,89.02,40.97,4.18,Precaución
1357,105.4,16.09,4.33,Crítico
1358,116.42,69.2,6.95,Normal
1359,85.55,35.93,4.13,Crítico
1360,109.92,76.44,4.25,Normal
1361,102.43,46.59,5.65,Precaución
1362,83.47,9.86,5.07,Precaución
1363,92.57,56.88,5.26,Precaución
1364,100.17,33.96,4.05,Normal
1365,102.88,15.22,5.2,Crítico
1366,99.74,71.32,5.72,Precaución
1367,103.14,7.88,3.83,Normal
1368,93.83,22.28,4.44,Precaución
1369,101.22,79.71,5.26,Precaución
1370,108.39,32.73,6.09,Normal
1371,98.85,52.78,4.79,Normal
1372,109.91,27.49,2.85,Precaución
1373,98.71,62.38,6.67,Normal
1374,76.3,72.09,3.2,Normal
1375,112.82,62.93,3.57,Normal
1376,89.29,40.26,6.88,Crítico
1377,96.73,76.33,4.47,Crítico
1378,101.2,60.09,6.43,Normal
1379,99.34,34.92,3.25,Normal
1380,91.26,37.3,4.02,Normal
1381,99.68,7.52,4.34,Normal
1382,104.04,20.66,6.36,Normal
1383,95.28,49.64,2.96,Precaución
1384,103.26,11.09,6.09,Normal
1385,92.7,60.63,5.27,Normal
1386,101.56,22.34,3.19,Normal
1387,101.27,54.02,4.54,Precaución
1388,85.11,77.05,6.27,Normal
1389,107.6,22.91,4.63,Normal
1390,110.65,16.11,4.72,Normal
1391,81.69,79.69,2.18,Normal
1392,95.35,20.55,6.14,Precaución
1393,98.37,22.86,5.93,Crítico
1394,100.96,44.13,5.95,Normal
1395,94.93,65.68,5.59,Normal
1396,103.29,71.15,4.58,Normal
1397,112.07,74.13,2.99,Normal
1398,90.06,38.4,5.38,Normal
1399,94.08,53.61,3.58,Crítico
1400,112.31,9.87,5.77,Precaución
1401,105.59,41.04,3.53,Precaución
1402,90.86,27.6,4.41,Normal
1403,93.66,69.96,5.06,Normal
1404,95.56,25.37,5.98,Normal
1405,88.9,33.94,4.43,Normal
1406,97.03,78.96,2.12,Normal
1407,115.62,55.58,3.87,Normal
1408,105.57,24.19,3.82,Normal
1409,93.29,74.23,4.95,Normal
1410,95.32,33.38,4.24,Normal
1411,88.43,17.6,6.05,Normal
1412,117.73,42.27,5.54,Normal
1413,109.17,33.94,5.22,Normal
1414,88.59,12.26,3.0,Normal
1415,107.36,20.21,4.27,Precaución
1416,109.55,61.41,4.01,Normal
1417,86.87,71.8,5.04,Crítico
1418,93.47,71.77,8.13,Precaución
1419,91.31,27.59,3.79,Normal
1420,113.97,6.75,6.2,Precaución
1421,109.32,7.22,4.31,Normal
1422,90.33,45.22,5.96,Normal
1423,113.23,67.9,4.77,Precaución
1424,105.31,50.31,4.25,Normal
1425,108.77,25.66,3.44,Normal
1426,103.33,17.98,6.68,Precaución
1427,104.34,15.0,4.61,Normal
1428,113.88,54.47,6.05,Precaución
1429,99.11,57.32,5.56,Normal
1430,83.15,33.05,2.59,Normal
1431,101.41,57.93,5.82,Normal
1432,102.27,34.0,3.83,Normal
1433,114.96,36.52,6.57,Normal
1434,99.94,71.42,6.46,Precaución
1435,105.06,57.82,4.31,Normal
1436,93.26,65.4,2.87,Normal
1437,95.91,59.18,2.44,Normal
1438,96.91,34.24,4.64,Normal
1439,98.91,22.64,5.37,Normal
1440,80.62,51.66,3.56,Precaución
1441,99.14,64.55,5.96,Normal
1442,88.03,79.5,4.29,Normal
1443,101.48,52.24,4.21,Crítico
1444,108.16,66.69,3.97,Normal
1445,89.77,42.12,4.51,Normal
1446,105.46,21.39,5.98,Precaución
1447,99.47,15.97,1.19,Precaución
1448,93.95,64.7,7.69,Normal
1449,101.23,39.34,4.19,Normal
1450,107.21,36.54,4.19,Normal
1451,106.38,43.34,5.6,Normal
1452,95.35,25.36,4.69,Precaución
1453,97.7,43.63,4.39,Normal
1454,113.2,62.32,5.67,Normal
1455,113.98,36.27,3.94,Normal
1456,93.13,25.53,5.11,Normal
1457,99.04,71.54,4.45,Crítico
1458,106.47,50.1,4.67,Normal
1459,119.91,18.28,3.29,Crítico
1460,99.65,42.43,6.15,Normal
1461,83.27,9.8,5.96,Normal
1462,97.33,38.66,6.1,Normal
1463,94.23,19.03,5.14,Normal
1464,98.97,68.24,6.2,Normal
1465,100.49,74.26,5.99,Crítico
1466,89.99,64.93,5.73,Normal
1467,103.64,49.44,4.05,Normal
1468,97.87,10.4,5.78,Normal
1469,92.29,6.95,5.82,Precaución
1470,95.26,68.81,4.78,Normal
1471,96.11,68.76,5.67,Normal
1472,118.54,55.69,3.61,Normal
1473,98.76,30.7,4.43,Normal
1474,90.15,16.27,3.97,Crítico
1475,106.72,27.92,3.67,Crítico
1476,94.77,44.45,5.88,Crítico
1477,103.65,17.35,6.87,Crítico
1478,112.98,34.62,4.61,Normal
1479,95.99,13.51,4.13,Normal
1480,90.19,15.03,3.16,Normal
1481,92.61,39.0,5.45,Normal
1482,92.32,36.28,6.96,Precaución
1483,98.78,19.31,3.0,Normal
1484,95.63,47.31,7.2,Precaución
1485,95.97,70.38,3.26,Crítico
1486,93.52,21.18,4.22,Normal
1487,89.12,27.52,3.89,Normal
1488,94.96,17.25,5.41,Normal
1489,111.19,7.82,3.86,Normal
1490,105.11,23.46,4.86,Precaución
1491,94.77,51.05,5.47,Normal
1492,103.11,47.56,3.42,Normal
1493,93.94,5.48,2.38,Normal
1494,100.39,15.48,3.27,Normal
1495,97.64,66.99,6.67,Crítico
1496,86.81,52.8,3.7,Normal
1497,90.42,30.02,5.44,Precaución
1498,89.27,34.29,5.18,Normal
1499,107.68,66.25,3.94,Normal
1500,90.51,60.45,5.22,Normal
1501,96.13,14.9,3.67,Normal
1502,99.83,39.85,6.51,Normal
1503,101.93,54.13,4.71,Precaución
1504,110.92,45.73,6.34,Normal
1505,89.24,51.52,5.23,Crítico
1506,84.35,49.24,4.73,Precaución
1507,107.3,57.78,4.93,Normal
1508,99.05,63.94,5.83,Normal
1509,104.95,48.14,5.05,Normal
1510,103.59,8.69,3.76,Normal
1511,112.42,5.47,5.4,Normal
1512,105.41,60.65,6.84,Normal
1513,96.85,21.54,5.04,Precaución
1514,110.27,60.43,6.26,Precaución
1515,113.33,21.97,5.99,Normal
1516,102.7,56.24,2.81,Normal
1517,95.07,23.34,4.22,Normal
1518,93.74,52.45,5.78,Precaución
1519,92.03,72.51,6.03,Normal
1520,99.28,18.68,4.6,Normal
1521,94.5,41.44,6.31,Precaución
1522,97.95,25.92,4.07,Normal
1523,116.26,43.14,6.19,Crítico
1524,100.12,17.31,5.7,Normal
1525,107.51,20.5,5.53,Normal
1526,93.97,42.39,6.27,Normal
1527,97.97,8.58,6.24,Normal
1528,84.97,30.27,6.27,Normal
1529,101.51,68.36,5.21,Normal
1530,87.71,6.71,4.02,Normal
1531,96.87,12.43,7.24,Normal
1532,96.2,16.35,4.62,Normal
1533,114.54,62.85,6.98,Normal
1534,97.7,34.47,5.41,Precaución
1535,111.59,42.08,5.01,Crítico
1536,95.16,27.11,5.29,Normal
1537,95.44,24.39,2.55,Normal
1538,83.31,71.03,3.35,Precaución
1539,79.39,33.06,6.46,Normal
1540,100.34,48.14,3.91,Normal
1541,98.34,20.43,3.71,Normal
1542,111.68,28.82,5.74,Normal
1543,106.63,26.09,6.7,Precaución
1544,108.65,68.66,4.55,Normal
1545,103.6,34.17,5.97,Normal
1546,107.98,46.06,7.13,Normal
1547,84.98,77.17,5.02,Precaución
1548,74.35,8.16,4.12,Normal
1549,89.2,41.93,6.58,Normal
1550,115.11,51.42,5.92,Normal
1551,86.8,63.88,6.83,Normal
1552,99.77,66.61,4.29,Normal
1553,105.55,67.36,5.51,Normal
1554,69.56,7.88,7.51,Crítico
1555,108.09,74.65,5.98,Crítico
1556,106.82,50.65,4.73,Crítico
1557,106.17,17.85,7.35,Normal
1558,103.26,30.93,2.99,Normal
1559,99.97,72.83,6.44,Normal
1560,106.53,67.53,4.99,Normal
1561,84.15,16.94,4.54,Normal
1562,101.06,49.07,5.61,Normal
1563,89.17,73.82,7.64,Precaución
1564,114.42,16.95,6.21,Normal
1565,101.16,37.99,5.39,Normal
1566,85.67,56.78,4.68,Normal
1567,102.78,25.35,5.32,Normal
1568,102.22,79.73,6.23,Normal
1569,98.11,55.12,3.9,Normal
1570,116.62,23.98,4.77,Normal
1571,91.76,39.75,3.57,Normal
1572,107.07,21.39,5.26,Precaución
1573,100.71,29.32,7.09,Precaución
1574,103.15,68.74,6.11,Normal
1575,99.38,6.86,6.44,Normal
1576,93.02,24.61,6.28,Normal
1577,91.39,27.31,6.89,Precaución
1578,99.31,22.73,5.11,Normal
1579,107.42,49.62,4.87,Normal
1580,93.58,36.67,7.1,Normal
1581,109.82,15.18,5.43,Crítico
1582,104.61,69.03,3.43,Normal
1583,109.18,34.73,4.09,Normal
1584,91.4,57.47,3.83,Normal
1585,99.86,75.06,4.72,Precaución
1586,96.05,77.36,4.61,Normal
1587,97.1,28.46,4.13,Precaución
1588,101.64,44.13,5.27,Crítico
1589,103.82,75.74,3.98,Normal
1590,100.36,45.01,7.03,Normal
1591,87.2,13.45,3.78,Normal
1592,93.52,61.98,5.61,Normal
1593,97.55,15.76,4.42,Normal
1594,83.28,77.33,6.03,Normal
1595,85.53,58.44,2.94,Normal
1596,106.73,22.42,4.83,Precaución
1597,85.59,53.5,5.81,Normal
1598,97.96,5.47,5.11,Normal
1599,113.84,11.28,5.18,Crítico
1600,87.71,7.02,5.5,Normal
1601,103.27,76.77,4.54,Normal
1602,90.66,45.09,6.0,Normal
1603,107.01,23.93,4.67,Normal
1604,102.28,7.06,6.46,Normal
1605,96.12,67.07,3.99,Normal
1606,109.61,69.22,4.41,Precaución
1607,100.08,31.61,4.43,Normal
1608,103.33,48.06,5.23,Normal
1609,99.13,44.08,7.13,Normal
1610,117.48,35.44,5.58,Precaución
1611,133.43,56.73,5.51,Normal
1612,104.11,20.75,3.78,Normal
1613,96.42,42.15,8.05,Normal
1614,90.83,16.86,5.16,Normal
1615,100.64,17.0,3.63,Normal
1616,93.94,16.18,6.47,Normal
1617,88.6,40.69,2.76,Normal
1618,111.1,25.02,5.19,Normal
1619,94.81,54.37,2.94,Normal
1620,93.14,17.65,5.59,Normal
1621,95.84,60.57,5.2,Normal
1622,113.68,48.62,3.17,Precaución
1623,85.97,23.06,4.11,Normal
1624,104.16,41.19,5.06,Precaución
1625,105.53,67.85,3.68,Crítico
1626,89.69,22.67,6.68,Normal
1627,95.51,28.11,6.79,Normal
1628,98.11,65.11,3.17,Normal
1629,119.97,15.16,5.19,Normal
1630,107.72,70.12,4.29,Normal
1631,83.44,53.94,5.22,Normal
1632,107.52,58.63,4.71,Normal
1633,104.69,54.87,5.52,Normal
1634,119.46,33.29,7.58,Normal
1635,91.97,7.71,6.48,Normal
1636,109.57,27.55,4.33,Normal
1637,114.67,18.69,4.39,Normal
1638,102.12,64.05,3.85,Normal
1639,109.43,47.92,4.32,Precaución
1640,105.72,44.88,5.69,Normal
1641,102.09,38.12,3.88,Normal
1642,95.8,15.4,6.99,Precaución
1643,115.92,43.97,2.32,Normal
1644,104.34,39.38,6.16,Normal
1645,101.47,35.54,6.95,Normal
1646,94.69,61.43,7.3,Normal
1647,103.56,43.77,4.89,Precaución
1648,87.01,8.18,3.72,Crítico
1649,103.09,74.64,3.69,Precaución
1650,99.41,60.33,6.26,Normal
1651,100.13,35.7,3.9,Precaución
1652,94.43,45.77,2.67,Precaución
1653,102.82,7.38,4.43,Normal
1654,101.01,76.2,4.62,Normal
1655,105.67,22.54,4.61,Normal
1656,110.67,11.29,3.73,Normal
1657,87.22,59.24,5.23,Normal
1658,99.26,56.4,5.46,Normal
1659,100.98,18.59,3.82,Normal
1660,102.88,43.65,4.36,Normal
1661,95.83,37.49,6.42,Precaución
1662,98.62,52.57,4.88,Normal
1663,93.62,25.17,5.4,Normal
1664,83.85,11.22,6.36,Normal
1665,109.85,15.08,4.69,Precaución
1666,109.02,10.86,7.56,Normal
1667,84.85,71.09,4.57,Precaución
1668,111.82,61.51,3.62,Normal
1669,97.88,36.12,6.03,Normal
1670,105.8,45.42,3.32,Normal
1671,97.16,58.2,3.23,Normal
1672,91.6,77.73,5.97,Precaución
1673,96.83,17.23,7.0,Normal
1674,99.34,7.77,4.6,Normal
1675,106.24,18.6,3.73,Normal
1676,109.15,20.8,5.0,Normal
1677,97.25,57.6,5.6,Normal
1678,99.23,32.77,5.46,Normal
1679,82.07,34.08,5.39,Precaución
1680,105.18,36.06,2.9,Crítico
1681,99.22,21.52,4.85,Normal
1682,89.76,70.74,3.49,Crítico
1683,95.39,60.33,4.39,Normal
1684,102.59,50.35,5.19,Normal
1685,116.29,9.66,5.01,Normal
1686,104.47,71.03,5.41,Normal
1687,78.64,46.59,3.46,Normal
1688,99.98,74.94,4.0,Precaución
1689,69.71,73.66,5.29,Normal
1690,89.58,11.79,5.04,Normal
1691,106.87,42.59,5.18,Normal
1692,90.06,24.06,3.47,Precaución
1693,104.82,62.35,5.99,Normal
1694,88.57,57.43,4.43,Normal
1695,92.7,76.42,6.44,Normal
1696,115.36,40.19,3.63,Normal
1697,96.26,42.55,7.15,Precaución
1698,101.76,10.56,7.07,Normal
1699,108.0,79.49,4.9,Normal
1700,102.94,29.02,5.86,Normal
1701,103.28,37.55,5.37,Normal
1702,101.65,27.4,5.01,Normal
1703,105.82,46.94,3.98,Precaución
1704,103.58,6.29,4.81,Normal
1705,91.57,72.58,4.23,Normal
1706,108.32,70.44,6.0,Precaución
1707,109.49,36.85,4.97,Normal
1708,97.81,5.91,4.46,Precaución
1709,101.99,56.79,4.29,Normal
1710,85.81,44.17,6.82,Normal
1711,86.07,18.27,5.9,Normal
1712,102.97,17.08,5.34,Normal
1713,92.86,42.7,5.97,Precaución
1714,104.69,14.77,3.92,Normal
1715,87.38,58.31,3.86,Crítico
1716,101.06,18.51,6.72,Precaución
1717,92.88,14.47,4.26,Normal
1718,84.76,62.36,3.57,Normal
1719,94.18,77.03,5.73,Normal
1720,77.01,20.27,4.29,Normal
1721,102.24,58.68,5.87,Normal
1722,96.65,41.3,5.01,Precaución
1723,114.21,32.5,6.32,Normal
1724,88.96,32.41,6.1,Precaución
1725,106.36,25.76,5.45,Crítico
1726,95.56,36.89,0.71,Normal
1727,100.81,53.45,5.55,Normal
1728,101.76,70.38,6.56,Precaución
1729,107.14,68.57,5.05,Normal
1730,92.72,79.51,3.89,Normal
1731,115.53,70.74,4.97,Crítico
1732,108.12,62.64,5.1,Normal
1733,98.26,14.39,7.37,Precaución
1734,87.68,28.11,6.74,Normal
1735,90.69,64.99,5.59,Normal
1736,96.71,24.3,4.7,Precaución
1737,95.38,78.36,5.68,Precaución
1738,108.51,10.95,5.21,Crítico
1739,100.62,65.75,4.85,Normal
1740,96.85,77.15,4.41,Normal
1741,91.69,29.83,4.23,Normal
1742,88.36,32.26,4.23,Normal
1743,87.13,32.74,4.97,Crítico
1744,90.13,19.02,4.93,Normal
1745,94.09,34.11,4.71,Crítico
1746,107.95,10.08,3.6,Normal
1747,103.2,18.35,4.53,Crítico
1748,92.57,61.52,6.7,Normal
1749,69.53,49.84,5.23,Precaución
1750,99.42,20.73,6.1,Normal
1751,100.62,17.4,5.74,Precaución
1752,89.81,71.4,3.87,Precaución
1753,99.17,5.62,5.54,Crítico
1754,99.22,75.89,4.02,Precaución
1755,113.06,35.93,2.66,Normal
1756,114.14,52.48,4.14,Normal
1757,88.35,15.06,6.52,Normal
1758,103.33,73.0,5.9,Crítico
1759,88.39,18.87,5.49,Precaución
1760,107.22,47.51,4.53,Crítico
1761,88.94,77.1,4.12,Normal
1762,107.96,73.94,5.46,Normal
1763,105.99,53.41,4.94,Normal
1764,100.16,70.46,5.55,Normal
1765,90.65,19.99,5.54,Precaución
1766,100.24,66.05,3.95,Normal
1767,100.11,34.38,4.13,Precaución
1768,108.86,27.65,5.35,Normal
1769,74.44,57.68,4.77,Normal
1770,92.76,13.2,3.93,Normal
1771,96.77,59.04,6.99,Normal
1772,86.69,22.24,5.15,Normal
1773,92.23,34.14,4.05,Normal
1774,116.2,56.51,3.66,Normal
1775,83.09,24.73,6.58,Crítico
1776,100.58,58.86,5.91,Normal
1777,82.66,24.36,3.82,Normal
1778,101.24,62.18,6.41,Normal
1779,107.98,72.54,7.15,Normal
1780,112.38,14.2,6.4,Normal
1781,98.09,56.74,4.04,Normal
1782,119.02,63.03,4.92,Normal
1783,111.68,75.26,7.52,Normal
1784,113.93,32.84,4.85,Precaución
1785,97.67,42.77,5.92,Precaución
1786,113.22,44.67,5.42,Normal
1787,113.96,52.82,5.5,Normal
1788,105.05,38.35,4.67,Crítico
1789,95.14,77.06,4.41,Normal
1790,86.45,14.58,4.36,Normal
1791,97.04,51.29,5.07,Crítico
1792,109.9,66.18,6.96,Normal
1793,117.73,30.43,3.28,Normal
1794,99.76,57.09,4.44,Normal
1795,92.43,46.35,4.47,Normal
1796,107.68,44.91,4.42,Normal
1797,87.83,9.51,3.53,Precaución
1798,90.71,78.81,5.59,Precaución
1799,115.45,31.22,6.72,Normal
1800,93.18,7.4,3.9,Precaución
1801,107.15,76.55,2.81,Normal
1802,105.17,74.33,7.1,Precaución
1803,107.61,65.15,6.16,Precaución
1804,98.48,22.86,4.26,Normal
1805,103.38,76.71,8.0,Precaución
1806,97.36,38.7,4.16,Precaución
1807,96.76,68.38,5.58,Normal
1808,87.55,17.28,4.75,Normal
1809,106.24,11.12,4.86,Normal
1810,81.92,45.58,5.65,Precaución
1811,102.59,8.46,6.64,Normal
1812,104.74,13.93,5.88,Normal
1813,107.3,76.62,4.92,Normal
1814,92.18,13.75,6.35,Normal
1815,88.45,74.84,2.98,Precaución
1816,109.99,49.18,4.81,Normal
1817,98.56,8.13,2.3,Normal
1818,118.32,66.62,3.62,Normal
1819,101.58,12.99,4.45,Normal
1820,97.39,11.05,4.48,Precaución
1821,90.82,64.93,3.55,Precaución
1822,108.89,45.32,5.98,Precaución
1823,97.78,52.32,6.53,Precaución
1824,112.9,77.65,4.63,Normal
1825,102.54,52.64,5.55,Precaución
1826,96.55,77.7,6.81,Precaución
1827,100.98,36.68,7.01,Precaución
1828,91.83,49.62,5.31,Normal
1829,99.63,10.41,3.9,Normal
1830,80.49,34.72,5.21,Precaución
1831,106.06,57.46,4.57,Normal
1832,95.34,27.24,3.8,Crítico
1833,88.67,63.03,6.92,Normal
1834,102.86,24.24,3.92,Normal
1835,90.75,33.98,4.77,Normal
1836,88.46,57.52,2.95,Normal
1837,96.93,70.36,4.67,Normal
1838,116.33,32.58,4.49,Precaución
1839,121.43,63.78,5.25,Normal
1840,106.78,13.59,4.17,Normal
1841,86.32,14.82,5.83,Precaución
1842,104.03,31.36,4.36,Normal
1843,103.96,31.2,8.23,Normal
1844,105.33,75.68,7.98,Normal
1845,89.74,17.53,3.73,Normal
1846,102.68,5.85,4.82,Normal
1847,111.42,75.71,3.32,Normal
1848,100.01,54.66,4.58,Normal
1849,85.31,53.41,3.66,Precaución
1850,103.25,51.0,6.8,Crítico
1851,103.16,76.18,4.12,Normal
1852,97.7,57.27,6.36,Normal
1853,97.03,17.47,4.86,Normal
1854,94.39,13.66,5.66,Normal
1855,92.39,44.44,5.66,Normal
1856,91.94,25.2,7.03,Normal
1857,103.79,33.72,5.35,Normal
1858,87.68,8.85,4.32,Normal
1859,97.61,77.67,4.03,Normal
1860,92.48,78.82,3.26,Normal
1861,92.31,69.34,4.04,Normal
1862,106.31,27.5,4.15,Crítico
1863,93.78,18.59,5.58,Normal
1864,91.8,11.25,4.84,Normal
1865,82.58,8.0,4.92,Normal
1866,98.66,74.41,5.53,Crítico
1867,95.62,72.43,5.76,Normal
1868,123.57,40.73,5.33,Precaución
1869,74.04,67.06,6.08,Normal
1870,91.49,9.87,5.14,Normal
1871,113.42,39.42,4.96,Precaución
1872,92.42,41.6,5.33,Precaución
1873,109.36,56.14,3.32,Normal
1874,108.03,26.89,5.13,Normal
1875,84.73,79.37,5.69,Precaución
1876,100.61,66.76,5.4,Normal
1877,103.56,42.26,5.32,Normal
1878,108.09,65.6,4.04,Normal
1879,113.19,52.57,3.84,Normal
1880,102.31,76.19,4.75,Precaución
1881,101.82,59.51,1.64,Normal
1882,92.53,43.96,4.58,Precaución
1883,94.62,34.93,4.42,Normal
1884,102.79,46.72,5.44,Normal
1885,90.76,27.15,4.9,Normal
1886,112.85,58.24,5.35,Precaución
1887,107.82,50.57,7.89,Precaución
1888,89.02,21.47,2.92,Normal
1889,94.86,45.8,3.71,Precaución
1890,94.43,79.29,4.46,Crítico
1891,88.31,15.89,5.77,Normal
1892,91.81,8.41,4.08,Normal
1893,88.27,68.2,5.51,Normal
1894,105.0,51.31,4.75,Precaución
1895,100.79,44.44,5.29,Normal
1896,105.95,20.7,4.02,Precaución
1897,119.02,40.64,6.0,Normal
1898,99.74,29.46,5.06,Normal
1899,113.41,62.37,5.98,Normal
1900,93.34,29.89,5.86,Normal
1901,111.9,12.74,4.49,Precaución
1902,109.22,79.41,5.53,Precaución
1903,106.38,22.61,6.14,Precaución
1904,100.08,69.8,4.08,Normal
1905,92.04,34.77,5.4,Normal
1906,82.44,25.02,4.48,Precaución
1907,104.23,10.17,2.7,Normal
1908,117.2,65.08,5.01,Normal
1909,97.41,65.37,6.17,Normal
1910,89.6,29.3,4.45,Normal
1911,90.13,28.73,6.06,Normal
1912,102.13,10.17,4.69,Normal
1913,95.82,65.3,7.16,Normal
1914,91.95,48.67,6.16,Precaución
1915,112.86,69.36,5.46,Normal
1916,96.53,61.73,1.82,Precaución
1917,87.85,65.71,3.79,Normal
1918,96.85,40.04,4.38,Normal
1919,108.31,74.61,3.96,Normal
1920,100.71,6.49,5.67,Normal
1921,68.56,44.2,5.16,Normal
1922,113.52,19.57,4.1,Normal
1923,99.45,67.86,5.18,Normal
1924,101.94,60.9,3.74,Normal
1925,90.85,5.69,4.43,Normal
1926,86.69,36.23,4.56,Normal
1927,120.83,40.22,5.4,Normal
1928,114.46,36.17,5.28,Normal
1929,116.55,29.0,7.22,Normal
1930,88.0,55.68,3.47,Crítico
1931,98.19,11.32,4.17,Normal
1932,118.22,25.82,5.91,Normal
1933,91.82,79.79,5.47,Crítico
1934,89.03,61.54,7.45,Crítico
1935,103.27,64.02,3.77,Normal
1936,91.44,28.87,5.95,Precaución
1937,102.68,65.39,5.48,Precaución
1938,98.51,45.34,3.74,Normal
1939,88.89,8.75,6.14,Crítico
1940,95.56,76.71,6.76,Normal
1941,89.36,57.82,6.49,Normal
1942,87.85,18.43,4.22,Precaución
1943,108.8,19.83,5.8,Crítico
1944,85.32,60.24,5.82,Normal
1945,107.48,29.3,4.76,Normal
1946,92.06,36.93,4.3,Crítico
1947,94.23,21.21,3.25,Normal
1948,95.65,25.63,5.57,Precaución
1949,82.44,63.12,6.03,Normal
1950,95.08,25.19,6.35,Precaución
1951,95.28,70.67,4.68,Normal
1952,105.76,61.93,4.44,Normal
1953,83.63,15.22,5.75,Precaución
1954,117.43,28.29,5.42,Normal
1955,99.19,24.92,5.05,Precaución
1956,106.79,35.77,7.09,Precaución
1957,111.92,38.46,3.1,Precaución
1958,117.05,42.14,3.62,Precaución
1959,89.66,65.27,5.04,Normal
1960,102.25,43.16,3.48,Normal
1961,98.41,11.08,5.08,Precaución
1962,101.97,54.59,6.25,Normal
1963,113.14,21.15,7.37,Normal
1964,107.97,63.54,5.87,Normal
1965,112.87,40.21,4.62,Normal
1966,90.2,41.06,5.64,Normal
1967,107.83,9.36,5.41,Crítico
1968,95.34,7.66,6.85,Normal
1969,85.54,49.1,4.96,Normal
1970,94.47,23.44,2.85,Normal
1971,112.06,13.53,3.91,Normal
1972,111.75,17.44,4.74,Normal
1973,76.53,44.84,3.61,Normal
1974,97.24,63.95,4.82,Normal
1975,89.07,32.15,3.48,Normal
1976,105.98,16.2,6.02,Normal
1977,103.18,73.61,5.46,Precaución
1978,96.1,18.38,4.19,Crítico
1979,86.06,20.37,2.06,Normal
1980,112.05,76.2,6.55,Normal
1981,93.87,69.91,6.0,Normal
1982,85.66,25.39,7.06,Normal
1983,72.58,19.69,5.69,Normal
1984,120.21,46.9,3.95,Normal
1985,92.32,51.43,3.97,Precaución
1986,92.65,66.37,3.43,Normal
1987,90.31,19.7,5.66,Crítico
1988,107.02,62.13,4.64,Normal
1989,102.52,34.36,5.67,Normal
1990,113.51,17.93,5.02,Normal
1991,84.46,44.08,5.71,Precaución
1992,106.42,10.8,4.29,Normal
1993,94.87,22.5,3.51,Normal
1994,92.52,49.09,5.46,Precaución
1995,98.88,72.01,4.61,Precaución
1996,97.97,31.93,7.76,Normal
1997,70.57,32.16,4.39,Normal
1998,85.36,69.12,6.04,Precaución
1999,104.87,44.07,7.28,Normal
2000,100.86,79.32,2.74,Crítico
2001,99.89,67.97,5.47,Precaución
2002,107.76,56.94,4.12,Precaución
2003,105.79,11.45,4.71,Normal
2004,94.33,43.47,4.49,Normal
2005,93.66,73.43,5.83,Normal
2006,105.91,37.82,4.45,Crítico
2007,97.0,65.37,2.26,Normal
2008,92.69,49.78,5.22,Normal
2009,113.5,67.59,4.34,Normal
2010,94.71,32.0,1.1,Normal
2011,100.18,15.59,3.24,Normal
2012,102.62,16.6,7.12,Precaución
2013,109.87,41.08,4.87,Crítico
2014,98.73,69.15,4.56,Normal
2015,110.47,66.05,6.9,Precaución
2016,104.05,32.34,5.2,Precaución
2017,96.9,17.76,4.56,Normal
2018,94.41,43.24,3.28,Normal
2019,102.64,26.95,3.33,Normal
2020,84.77,63.61,5.99,Normal
2021,93.66,49.58,5.19,Normal
2022,96.18,5.85,2.85,Normal
2023,95.0,24.34,4.93,Normal
2024,95.63,42.35,5.47,Normal
2025,90.31,75.87,2.78,Precaución
2026,106.03,21.48,5.94,Precaución
2027,102.65,30.78,3.25,Precaución
2028,94.12,17.6,5.91,Normal
2029,91.41,55.79,6.0,Normal
2030,112.05,60.5,5.43,Normal
2031,102.25,38.88,5.73,Normal
2032,111.88,30.56,5.85,Normal
2033,92.97,70.66,3.45,Normal
2034,102.59,10.19,2.86,Normal
2035,99.23,33.91,4.46,Precaución
2036,100.92,29.87,3.78,Normal
2037,93.83,22.62,5.21,Normal
2038,113.1,75.59,4.0,Normal
2039,124.14,9.57,5.02,Normal
2040,104.61,14.07,5.37,Normal
2041,93.32,66.79,6.22,Precaución
2042,109.09,16.04,4.09,Normal
2043,106.26,40.72,5.34,Normal
2044,113.46,16.26,4.37,Normal
2045,104.22,19.48,3.35,Normal
2046,99.83,51.9,5.67,Normal
2047,94.93,27.36,4.56,Normal
2048,90.05,59.72,4.14,Normal
2049,99.66,34.57,5.84,Normal
2050,99.11,65.04,4.0,Normal
2051,104.52,20.13,6.87,Normal
2052,121.03,69.8,4.54,Normal
2053,92.7,61.6,4.01,Normal
2054,86.27,14.74,3.33,Precaución
2055,111.11,36.46,6.74,Normal
2056,102.18,65.49,4.32,Normal
2057,116.49,42.2,3.38,Precaución
2058,106.21,46.2,2.9,Crítico
2059,96.7,12.95,4.33,Crítico
2060,105.11,76.75,4.01,Normal
2061,95.75,17.1,6.75,Normal
2062,89.55,78.21,4.74,Precaución
2063,91.24,27.36,5.68,Normal
2064,122.41,77.05,3.64,Precaución
2065,97.41,58.74,4.42,Normal
2066,98.56,58.43,6.04,Normal
2067,108.37,17.07,2.63,Normal
2068,99.12,62.77,5.35,Normal
2069,105.25,71.43,4.74,Normal
2070,93.25,73.33,5.92,Normal
2071,96.11,5.27,7.04,Normal
2072,95.23,27.55,2.13,Precaución
2073,108.21,9.89,6.0,Normal
2074,95.56,25.31,5.98,Normal
2075,95.14,36.12,3.51,Precaución
2076,78.96,35.45,4.53,Precaución
2077,91.16,30.22,6.14,Normal
2078,104.1,34.19,6.27,Normal
2079,114.12,60.1,6.53,Normal
2080,87.62,14.67,4.92,Normal
2081,90.81,17.15,4.26,Normal
2082,94.73,10.69,4.7,Crítico
2083,112.41,43.79,3.15,Crítico
2084,110.56,49.6,4.7,Normal
2085,90.21,11.17,4.65,Normal
2086,85.74,12.21,5.32,Precaución
2087,107.08,78.89,5.53,Precaución
2088,113.9,36.83,5.48,Normal
2089,97.34,5.06,3.44,Crítico
2090,86.48,40.5,6.41,Normal
2091,108.33,61.79,5.29,Normal
2092,100.7,41.77,6.6,Precaución
2093,99.96,72.18,7.09,Normal
2094,120.24,71.62,4.61,Normal
2095,106.01,76.58,3.65,Normal
2096,107.58,61.46,4.96,Normal
2097,104.45,44.34,7.22,Normal
2098,89.62,19.39,4.72,Normal
2099,93.53,55.18,2.83,Precaución
2100,96.37,6.6,4.46,Normal
2101,106.31,27.1,4.11,Normal
2102,108.44,57.42,4.53,Normal
2103,92.4,13.78,4.2,Normal
2104,86.44,17.08,5.0,Normal
2105,104.44,76.18,3.94,Normal
2106,94.37,54.38,5.9,Crítico
2107,101.34,5.52,5.24,Normal
2108,77.69,17.75,4.11,Normal
2109,89.9,45.38,6.02,Precaución
2110,85.52,45.05,5.14,Normal
2111,108.26,37.39,5.11,Normal
2112,87.02,14.07,4.76,Normal
2113,94.08,38.36,7.45,Normal
2114,102.47,27.46,3.25,Normal
2115,103.36,7.1,4.99,Normal
2116,93.47,45.61,4.82,Normal
2117,109.92,45.28,5.98,Crítico
2118,110.14,35.87,4.04,Precaución
2119,89.75,44.02,6.84,Normal
2120,104.35,9.63,3.87,Normal
2121,94.39,7.98,4.79,Normal
2122,108.03,48.32,5.77,Precaución
2123,92.39,71.51,6.59,Normal
2124,91.02,64.43,2.31,Normal
2125,120.15,40.55,5.46,Normal
2126,91.45,8.22,7.71,Normal
2127,97.17,68.48,4.82,Normal
2128,110.59,72.82,3.82,Normal
2129,106.15,54.19,3.5,Crítico
2130,99.49,24.54,4.7,Normal
2131,92.05,71.36,3.7,Normal
2132,104.34,14.8,3.96,Normal
2133,124.46,67.39,4.99,Normal
2134,93.96,66.91,5.8,Normal
2135,105.25,34.24,7.71,Crítico
2136,103.2,74.62,6.62,Normal
2137,99.6,8.79,4.53,Precaución
2138,92.56,27.18,3.74,Normal
2139,81.69,68.91,5.04,Normal
2140,109.33,53.19,5.78,Precaución
2141,104.64,61.4,5.15,Precaución
2142,96.94,12.18,5.33,Normal
2143,105.71,34.87,5.48,Precaución
2144,113.07,54.56,5.07,Normal
2145,89.85,22.08,4.81,Normal
2146,82.79,54.62,3.44,Normal
2147,106.93,46.92,2.35,Crítico
2148,81.55,72.85,3.26,Crítico
2149,91.89,50.54,4.1,Normal
2150,88.49,22.26,6.66,Normal
2151,95.4,44.2,3.92,Normal
2152,90.79,5.06,5.32,Normal
2153,85.14,12.82,7.4,Normal
2154,111.61,31.95,7.27,Normal
2155,112.71,35.91,6.43,Precaución
2156,111.35,23.07,3.8,Normal
2157,100.03,35.13,5.08,Crítico
2158,101.99,47.57,5.36,Normal
2159,100.95,31.69,5.46,Precaución
2160,112.6,38.06,3.67,Normal
2161,89.54,72.49,3.21,Normal
2162,93.02,11.52,4.68,Normal
2163,93.41,58.43,6.48,Normal
2164,102.39,10.43,5.74,Normal
2165,103.48,43.69,7.3,Normal
2166,90.03,5.18,5.89,Precaución
2167,105.12,57.67,6.89,Normal
2168,96.47,55.44,4.09,Normal
2169,97.23,7.8,7.24,Normal
2170,96.42,70.03,3.56,Normal
2171,102.56,73.08,4.33,Normal
2172,116.47,36.61,7.13,Normal
2173,121.37,7.72,3.5,Normal
2174,96.44,15.51,4.18,Normal
2175,98.67,30.28,6.16,Crítico
2176,115.95,24.3,5.2,Normal
2177,104.77,46.49,4.5,Normal
2178,110.89,67.97,5.95,Precaución
2179,99.78,34.74,4.44,Normal
2180,108.68,47.13,3.58,Normal
2181,105.42,27.9,5.21,Normal
2182,105.66,10.75,3.32,Crítico
2183,102.11,50.9,4.05,Normal
2184,105.28,20.4,5.36,Normal
2185,92.71,78.32,4.5,Crítico
2186,97.4,32.8,5.39,Normal
2187,98.64,41.58,2.52,Normal
2188,99.78,76.87,6.64,Normal
2189,87.34,67.49,6.4,Normal
2190,101.92,45.87,3.98,Normal
2191,108.71,30.26,5.21,Crítico
2192,107.69,48.62,5.74,Normal
2193,111.08,15.37,5.13,Normal
2194,111.1,33.3,6.97,Normal
2195,92.92,40.25,4.95,Normal
2196,91.97,59.74,4.83,Normal
2197,95.9,52.05,4.63,Normal
2198,84.07,63.54,4.15,Normal
2199,85.12,54.69,4.89,Normal
2200,91.33,43.95,3.78,Normal
2201,118.94,79.09,5.02,Normal
2202,95.68,16.68,3.45,Normal
2203,92.51,38.93,4.3,Normal
2204,107.78,11.07,3.21,Precaución
2205,83.61,37.53,6.93,Precaución
2206,87.68,44.81,8.21,Crítico
2207,107.59,22.21,4.57,Precaución
2208,81.21,5.31,5.17,Normal
2209,104.73,37.34,3.92,Normal
2210,119.19,23.94,6.86,Precaución
2211,91.31,12.41,7.82,Normal
2212,103.15,31.37,4.35,Normal
2213,103.08,33.84,3.63,Normal
2214,88.39,18.44,4.05,Precaución
2215,100.11,33.58,4.9,Precaución
2216,95.82,5.15,6.65,Normal
2217,104.63,17.25,3.55,Precaución
2218,78.7,74.16,5.24,Normal
2219,82.72,10.9,2.95,Normal
2220,102.76,74.23,3.95,Normal
2221,95.2,14.47,5.38,Normal
2222,116.91,62.16,4.65,Normal
2223,101.0,70.16,6.01,Normal
2224,81.5,18.52,4.98,Normal
2225,99.67,53.46,4.86,Normal
2226,105.48,74.01,5.47,Normal
2227,104.57,6.18,5.37,Normal
2228,102.23,52.91,3.27,Normal
2229,90.45,38.4,4.75,Normal
2230,99.26,63.85,7.04,Normal
2231,123.41,40.17,4.5,Normal
2232,104.86,8.12,5.47,Normal
2233,99.44,21.03,5.07,Crítico
2234,92.4,15.73,5.1,Crítico
2235,95.0,36.68,2.73,Normal
2236,88.86,65.14,3.62,Normal
2237,98.97,76.71,5.85,Normal
2238,104.65,8.83,5.45,Normal
2239,82.86,8.72,4.33,Normal
2240,97.8,19.07,5.12,Precaución
2241,96.03,56.49,3.34,Precaución
2242,75.11,40.97,4.86,Normal
2243,97.18,51.44,4.54,Normal
2244,83.88,47.18,4.26,Normal
2245,94.34,78.49,4.76,Normal
2246,94.25,14.66,5.61,Normal
2247,85.62,22.06,4.96,Normal
2248,92.54,45.88,6.64,Precaución
2249,101.98,13.68,4.3,Normal
2250,109.33,50.39,4.89,Normal
2251,109.13,24.79,3.68,Normal
2252,106.26,31.92,5.93,Normal
2253,117.23,14.95,5.96,Normal
2254,113.08,47.1,3.42,Normal
2255,100.09,63.33,5.43,Normal
2256,74.41,40.3,3.71,Normal
2257,101.44,38.85,5.28,Normal
2258,104.72,44.2,5.33,Crítico
2259,94.06,36.99,4.13,Normal
2260,117.36,46.77,4.92,Normal
2261,104.23,13.86,5.03,Normal
2262,112.91,59.93,5.34,Normal
2263,105.44,41.99,6.44,Normal
2264,97.99,28.96,5.03,Normal
2265,101.59,8.34,3.92,Normal
2266,97.62,52.15,6.1,Precaución
2267,98.93,35.06,4.86,Normal
2268,93.93,63.67,7.23,Normal
2269,109.8,18.26,6.59,Normal
2270,100.06,26.17,6.37,Precaución
2271,117.97,69.5,5.21,Crítico
2272,105.88,37.5,5.1,Precaución
2273,87.19,24.34,5.0,Normal
2274,100.49,28.19,6.88,Normal
2275,81.92,25.17,4.73,Normal
2276,95.52,75.82,4.77,Normal
2277,113.28,71.48,5.32,Normal
2278,106.08,58.54,4.0,Precaución
2279,81.39,55.34,4.09,Normal
2280,101.25,16.69,3.48,Normal
2281,92.29,6.73,5.99,Normal
2282,88.94,53.54,5.49,Normal
2283,94.44,24.48,4.82,Normal
2284,111.85,23.82,4.5,Normal
2285,97.85,63.76,6.64,Normal
2286,109.99,43.18,4.09,Normal
2287,97.87,47.46,2.36,Precaución
2288,118.76,18.68,5.74,Normal
2289,97.83,72.74,4.43,Normal
2290,112.28,41.55,4.59,Precaución
2291,105.02,40.69,4.44,Normal
2292,110.06,43.73,2.66,Normal
2293,89.12,61.17,4.17,Normal
2294,104.04,7.35,5.37,Normal
2295,89.27,11.52,5.65,Normal
2296,85.75,60.5,5.13,Normal
2297,110.39,61.47,5.91,Normal
2298,99.45,57.84,2.87,Normal
2299,94.68,27.57,4.59,Normal
2300,103.89,42.72,1.12,Normal
2301,100.35,64.92,4.24,Crítico
2302,105.9,42.21,5.74,Normal
2303,89.35,25.81,4.96,Normal
2304,84.53,79.3,4.92,Precaución
2305,89.94,12.88,6.74,Normal
2306,94.0,51.12,5.87,Normal
2307,95.38,50.55,4.55,Precaución
2308,116.22,63.76,5.28,Crítico
2309,105.43,43.07,5.27,Precaución
2310,100.61,7.13,4.74,Normal
2311,100.75,40.5,6.13,Normal
2312,100.39,59.83,5.1,Precaución
2313,91.36,15.35,7.8,Crítico
2314,94.49,31.62,5.29,Normal
2315,107.73,27.75,6.03,Normal
2316,98.87,32.7,6.81,Normal
2317,100.2,34.78,4.81,Precaución
2318,108.54,49.43,6.68,Normal
2319,97.07,14.37,5.23,Normal
2320,100.18,76.74,6.55,Normal
2321,99.76,15.03,4.2,Normal
2322,107.45,38.23,6.7,Normal
2323,99.95,69.35,5.24,Normal
2324,94.34,42.65,6.06,Precaución
2325,85.78,20.86,3.36,Precaución
2326,109.97,63.64,5.14,Normal
2327,99.68,33.34,6.16,Normal
2328,107.01,38.34,3.01,Normal
2329,99.41,77.07,6.26,Crítico
2330,99.98,72.7,4.53,Precaución
2331,92.04,45.21,4.88,Normal
2332,111.0,68.78,6.33,Crítico
2333,92.52,34.36,6.54,Normal
2334,100.1,31.82,2.52,Precaución
2335,84.03,47.68,4.7,Precaución
2336,97.07,42.49,6.63,Crítico
2337,94.81,12.22,6.94,Precaución
2338,101.42,31.02,6.63,Normal
2339,81.73,12.47,3.79,Normal
2340,107.83,27.13,5.15,Crítico
2341,124.32,61.39,3.31,Precaución
2342,102.0,33.49,4.87,Crítico
2343,103.33,33.37,6.99,Precaución
2344,82.1,68.57,6.9,Normal
2345,110.22,42.9,2.71,Normal
2346,102.04,32.34,5.66,Normal
2347,88.33,66.66,5.46,Normal
2348,96.77,52.78,5.61,Normal
2349,107.79,26.39,2.84,Normal
2350,119.37,23.47,4.74,Crítico
2351,102.31,40.21,5.22,Normal
2352,92.48,23.83,5.35,Normal
2353,94.08,70.09,5.89,Precaución
2354,105.17,56.12,5.51,Normal
2355,92.11,40.07,6.27,Precaución
2356,117.37,41.59,6.0,Normal
2357,101.61,48.67,6.49,Normal
2358,106.0,32.73,3.98,Normal
2359,95.74,48.39,5.02,Normal
2360,106.51,46.59,4.3,Normal
2361,90.11,34.42,5.54,Normal
2362,98.6,6.46,6.68,Normal
2363,87.11,49.33,6.46,Normal
2364,103.0,46.21,3.98,Normal
2365,95.36,19.01,4.1,Normal
2366,102.53,16.46,6.79,Normal
2367,101.2,72.75,6.8,Normal
2368,109.24,29.39,7.05,Normal
2369,120.34,12.48,5.0,Normal
2370,105.76,75.88,4.99,Precaución
2371,91.25,26.25,4.08,Normal
2372,100.35,31.41,6.92,Normal
2373,99.86,43.84,6.44,Normal
2374,107.9,75.63,2.74,Normal
2375,99.03,69.15,6.59,Normal
2376,93.65,78.93,6.43,Normal
2377,82.35,44.42,3.71,Precaución
2378,106.09,59.76,4.18,Crítico
2379,111.54,70.22,4.39,Normal
2380,93.05,26.8,5.89,Normal
2381,127.36,15.61,5.47,Precaución
2382,89.76,73.71,2.66,Normal
2383,88.79,78.74,4.24,Normal
2384,96.73,58.44,5.32,Normal
2385,100.69,52.52,6.5,Normal
2386,104.63,6.75,4.32,Normal
2387,91.75,17.68,4.55,Normal
2388,112.22,67.55,3.83,Normal
2389,98.63,54.19,6.26,Normal
2390,90.44,64.09,5.47,Normal
2391,102.78,47.59,4.53,Normal
2392,88.1,60.51,2.78,Precaución
2393,93.31,57.14,5.99,Normal
2394,107.79,33.18,6.71,Normal
2395,114.49,64.11,6.42,Crítico
2396,103.04,62.26,4.71,Precaución
2397,90.42,35.39,5.15,Normal
2398,94.56,55.11,5.73,Precaución
2399,102.15,57.67,6.57,Crítico
2400,109.91,64.99,6.08,Normal
2401,93.16,60.09,3.71,Precaución
2402,104.27,33.16,4.23,Normal
2403,99.83,55.93,4.5,Normal
2404,98.7,13.24,6.2,Normal
2405,110.48,19.12,3.24,Normal
2406,107.47,51.27,3.81,Normal
2407,85.78,46.72,4.05,Crítico
2408,95.62,29.05,5.65,Normal
2409,101.42,6.29,6.09,Precaución
2410,84.59,70.99,4.45,Precaución
2411,108.49,6.68,5.15,Precaución
2412,113.22,65.09,5.99,Normal
2413,105.06,45.02,4.02,Precaución
2414,107.38,57.01,5.19,Precaución
2415,85.56,60.19,5.24,Normal
2416,82.63,48.15,5.89,Normal
2417,94.11,63.42,4.7,Normal
2418,81.67,73.52,4.94,Normal
2419,112.68,47.28,4.84,Normal
2420,94.25,68.01,6.03,Precaución
2421,122.77,22.17,5.33,Crítico
2422,113.41,12.44,4.42,Precaución
2423,75.75,33.58,3.88,Normal
2424,109.1,13.84,7.94,Normal
2425,94.16,70.84,3.79,Crítico
2426,107.14,62.94,5.33,Normal
2427,100.88,45.2,6.56,Normal
2428,102.3,53.08,7.88,Normal
2429,86.08,36.71,2.48,Normal
2430,77.24,13.64,3.21,Precaución
2431,93.26,19.69,3.86,Normal
2432,107.27,26.05,4.56,Normal
2433,99.01,29.99,4.02,Crítico
2434,101.28,27.76,3.63,Crítico
2435,95.03,23.91,3.85,Normal
2436,77.15,73.02,4.25,Normal
2437,96.3,66.06,5.56,Normal
2438,84.46,58.34,2.76,Precaución
2439,100.1,12.49,2.8,Normal
2440,106.78,12.74,5.32,Precaución
2441,79.96,35.08,6.49,Normal
2442,110.4,27.91,4.92,Normal
2443,105.02,20.9,4.67,Precaución
2444,81.41,8.83,4.55,Crítico
2445,87.93,66.19,4.88,Normal
2446,96.53,12.74,5.6,Precaución
2447,116.43,54.84,5.49,Normal
2448,99.37,69.96,3.33,Normal
2449,102.33,55.78,4.34,Crítico
2450,93.87,50.14,4.54,Normal
2451,82.31,40.94,3.95,Precaución
2452,102.12,50.73,5.85,Normal
2453,94.13,76.71,4.48,Normal
2454,92.17,65.25,3.01,Normal
2455,110.92,6.25,2.68,Normal
2456,99.54,19.56,4.48,Crítico
2457,105.38,77.68,6.15,Normal
2458,108.9,42.09,4.28,Normal
2459,87.51,41.1,5.54,Crítico
2460,102.97,19.46,5.65,Normal
2461,107.08,8.11,3.77,Normal
2462,106.69,6.78,6.18,Normal
2463,102.44,76.76,4.42,Normal
2464,112.68,10.34,4.89,Normal
2465,100.82,77.66,4.9,Normal
2466,117.5,72.03,5.28,Normal
2467,112.24,41.85,4.89,Precaución
2468,92.73,33.48,4.4,Normal
2469,97.11,21.49,3.91,Normal
2470,96.2,14.04,4.95,Normal
2471,76.56,24.7,4.34,Crítico
2472,106.99,53.65,4.7,Precaución
2473,94.28,67.61,4.34,Normal
2474,101.42,45.92,5.91,Precaución
2475,95.66,52.41,7.59,Precaución
2476,100.84,34.63,5.75,Precaución
2477,88.97,50.67,5.54,Normal
2478,109.15,59.49,3.86,Crítico
2479,98.42,37.96,5.16,Precaución
2480,104.27,6.3,5.17,Precaución
2481,100.86,67.37,5.78,Precaución
2482,103.32,5.63,5.13,Normal
2483,82.03,50.47,4.47,Normal
2484,103.75,48.74,6.67,Normal
2485,108.17,7.23,4.87,Normal
2486,91.63,35.75,5.18,Normal
2487,95.21,6.72,3.07,Normal
2488,89.13,9.22,6.23,Precaución
2489,85.65,22.89,3.61,Normal
2490,91.76,25.08,4.69,Normal
2491,88.54,18.11,3.4,Normal
2492,105.56,45.65,6.47,Normal
2493,97.26,20.86,6.37,Normal
2494,92.47,73.4,4.79,Normal
2495,95.17,50.36,6.49,Normal
2496,94.88,70.86,4.56,Normal
2497,89.18,29.49,6.24,Precaución
2498,92.55,29.22,6.52,Normal
2499,96.29,41.36,6.3,Normal
2500,105.66,27.68,5.37,Normal
2501,101.14,15.68,7.07,Normal
2502,109.95,39.47,5.24,Normal
2503,99.94,6.03,4.55,Normal
2504,99.48,58.3,2.97,Normal
2505,93.32,39.37,5.83,Normal
2506,120.73,31.57,4.31,Normal
2507,88.34,21.47,7.38,Normal
2508,82.13,61.85,5.97,Normal
2509,94.86,46.02,4.66,Normal
2510,90.28,62.5,3.57,Normal
2511,100.2,35.4,4.91,Normal
2512,108.61,28.39,3.45,Normal
2513,101.09,38.89,4.33,Normal
2514,76.2,68.01,1.26,Normal
2515,101.15,77.76,5.51,Normal
2516,89.92,8.49,6.76,Normal
2517,91.87,61.43,4.78,Normal
2518,102.06,41.62,4.75,Normal
2519,97.01,24.46,3.87,Normal
2520,115.33,66.11,3.74,Normal
2521,105.7,17.13,4.72,Normal
2522,88.25,14.15,5.12,Normal
2523,95.51,71.23,6.79,Normal
2524,90.3,60.33,6.18,Crítico
2525,101.0,26.19,4.88,Normal
2526,103.9,5.12,5.48,Normal
2527,99.32,55.34,4.54,Normal
2528,108.14,33.32,5.48,Crítico
2529,108.97,67.77,5.87,Normal
2530,101.47,40.67,4.24,Crítico
2531,99.03,39.47,4.75,Normal
2532,97.93,63.25,7.09,Precaución
2533,105.96,69.72,7.09,Crítico
2534,92.64,22.2,5.18,Normal
2535,95.52,15.12,4.38,Normal
2536,92.09,7.26,3.18,Precaución
2537,111.0,40.91,4.72,Normal
2538,95.16,18.45,4.03,Normal
2539,102.42,61.72,5.56,Normal
2540,97.14,27.19,6.19,Normal
2541,106.09,52.74,5.07,Crítico
2542,82.98,77.53,6.44,Normal
2543,108.38,24.58,7.08,Normal
2544,97.27,50.66,7.5,Normal
2545,95.36,14.08,4.59,Normal
2546,80.86,70.99,4.61,Normal
2547,62.36,33.07,1.92,Precaución
2548,91.79,66.09,3.24,Crítico
2549,98.66,76.44,5.15,Normal
2550,70.93,11.71,6.0,Crítico
2551,111.33,43.39,5.28,Normal
2552,107.62,19.84,4.32,Normal
2553,108.38,23.34,6.51,Crítico
2554,105.3,18.89,5.25,Normal
2555,108.79,10.47,2.07,Normal
2556,97.48,45.83,4.22,Normal
2557,107.2,74.37,3.71,Normal
2558,92.19,28.18,4.87,Normal
2559,101.76,76.6,3.74,Precaución
2560,100.75,9.32,4.82,Precaución
2561,101.91,75.14,5.56,Normal
2562,97.22,34.28,6.39,Normal
2563,90.52,73.19,5.08,Precaución
2564,102.24,28.99,6.78,Normal
2565,90.07,70.39,3.5,Normal
2566,104.82,6.28,5.27,Normal
2567,91.97,34.93,4.21,Normal
2568,106.47,9.34,6.85,Normal
2569,134.55,25.78,5.72,Normal
2570,98.11,27.67,4.0,Normal
2571,96.42,53.49,8.49,Normal
2572,102.36,13.46,7.7,Normal
2573,99.84,19.8,2.76,Normal
2574,106.0,40.48,4.35,Normal
2575,108.01,6.54,5.2,Normal
2576,105.46,43.62,5.24,Precaución
2577,111.73,53.91,2.75,Normal
2578,105.64,65.56,5.22,Normal
2579,90.03,28.58,3.52,Precaución
2580,80.58,49.92,3.26,Normal
2581,103.54,11.4,5.18,Normal
2582,86.8,68.02,4.6,Normal
2583,105.53,9.44,3.42,Crítico
2584,99.51,52.37,4.76,Normal
2585,106.61,6.67,7.15,Normal
2586,87.69,25.08,5.17,Normal
2587,101.92,64.5,6.06,Normal
2588,107.86,15.75,5.93,Normal
2589,95.03,41.1,3.47,Crítico
2590,113.64,24.17,4.22,Normal
2591,92.67,16.72,4.98,Normal
2592,104.35,49.5,4.44,Normal
2593,105.64,71.33,6.28,Normal
2594,107.95,28.44,5.92,Normal
2595,87.61,53.97,2.39,Normal
2596,101.37,22.95,5.37,Normal
2597,103.95,49.07,5.85,Crítico
2598,104.29,25.46,4.19,Normal
2599,90.09,60.77,5.98,Normal
2600,108.04,67.67,3.28,Normal
2601,90.92,24.68,4.46,Normal
2602,100.62,17.13,5.01,Precaución
2603,97.26,37.65,5.79,Normal
2604,108.2,47.02,4.92,Normal
2605,107.09,34.51,3.55,Normal
2606,96.87,21.49,5.13,Normal
2607,89.92,62.45,8.41,Precaución
2608,100.14,5.24,5.96,Normal
2609,86.47,60.34,5.07,Precaución
2610,96.08,31.67,4.44,Precaución
2611,115.43,75.36,5.16,Normal
2612,84.41,46.26,4.78,Crítico
2613,96.28,79.85,5.53,Normal
2614,94.84,21.08,6.58,Crítico
2615,105.73,17.58,4.34,Normal
2616,76.2,44.0,3.86,Normal
2617,100.67,65.35,4.8,Normal
2618,101.45,73.67,5.67,Normal
2619,97.83,14.34,3.23,Normal
2620,93.45,35.39,4.83,Normal
2621,118.89,34.95,5.02,Precaución
2622,93.28,20.76,4.77,Normal
2623,105.4,25.88,5.8,Precaución
2624,118.17,20.4,6.14,Precaución
2625,111.13,49.51,6.09,Normal
2626,113.07,40.37,5.21,Normal
2627,100.68,68.29,7.81,Normal
2628,94.44,77.91,3.38,Precaución
2629,89.08,73.04,4.56,Normal
2630,97.97,18.8,4.98,Normal
2631,110.38,46.31,4.03,Precaución
2632,86.16,50.31,5.79,Normal
2633,113.04,65.54,6.95,Normal
2634,109.86,30.09,3.52,Normal
2635,108.81,64.32,3.77,Precaución
2636,103.71,57.51,5.57,Normal
2637,98.67,63.12,4.28,Crítico
2638,121.68,16.13,5.47,Normal
2639,102.69,47.14,3.47,Normal
2640,116.81,22.89,4.31,Normal
2641,107.48,56.44,3.79,Precaución
2642,79.3,30.98,6.67,Normal
2643,96.45,76.6,4.71,Crítico
2644,99.87,17.44,4.26,Precaución
2645,96.15,56.51,3.99,Normal
2646,89.09,20.51,3.61,Normal
2647,119.08,18.52,5.86,Normal
2648,106.97,13.2,4.55,Crítico
2649,118.87,16.19,5.94,Normal
2650,92.01,67.77,6.57,Normal
2651,103.24,17.89,2.87,Normal
2652,91.37,64.97,3.49,Normal
2653,97.4,23.73,4.35,Normal
2654,108.55,19.83,5.61,Normal
2655,100.61,15.75,7.19,Crítico
2656,98.24,33.74,4.48,Normal
2657,108.56,52.43,3.1,Normal
2658,82.29,57.54,3.8,Normal
2659,104.86,12.37,6.47,Normal
2660,85.47,51.77,4.28,Normal
2661,109.97,72.03,3.8,Normal
2662,115.64,22.57,3.87,Normal
2663,85.62,68.94,2.6,Normal
2664,90.37,27.45,4.03,Crítico
2665,92.2,16.88,8.2,Normal
2666,98.71,57.09,5.97,Normal
2667,86.2,62.43,5.06,Precaución
2668,90.43,26.09,6.95,Normal
2669,116.26,55.44,6.78,Normal
2670,81.71,53.6,3.6,Normal
2671,98.49,53.14,5.7,Normal
2672,107.48,32.35,6.48,Normal
2673,88.28,69.49,3.43,Precaución
2674,100.62,27.86,7.77,Normal
2675,89.78,19.33,4.6,Precaución
2676,103.5,25.59,6.47,Normal
2677,109.76,13.1,3.98,Precaución
2678,86.57,35.94,6.15,Normal
2679,106.82,25.34,4.34,Normal
2680,102.77,6.9,4.68,Precaución
2681,106.62,29.82,5.59,Normal
2682,93.26,71.54,4.33,Normal
2683,109.34,10.88,4.23,Precaución
2684,78.35,20.88,3.73,Normal
2685,113.43,41.27,5.97,Precaución
2686,103.9,23.0,5.41,Normal
2687,92.68,63.84,5.63,Normal
2688,105.57,17.16,3.83,Normal
2689,120.67,31.11,5.72,Normal
2690,112.97,50.87,3.2,Normal
2691,115.72,21.1,4.31,Normal
2692,88.61,50.88,5.54,Normal
2693,91.58,17.46,6.67,Normal
2694,100.8,21.71,7.21,Crítico
2695,102.17,50.61,4.69,Normal
2696,76.34,40.42,3.8,Precaución
2697,91.15,12.13,5.92,Normal
2698,86.24,25.93,3.92,Crítico
2699,112.23,15.22,4.81,Normal
2700,103.93,18.26,6.24,Precaución
2701,88.01,62.83,5.33,Normal
2702,72.07,65.88,4.06,Normal
2703,101.85,51.15,5.16,Crítico
2704,82.52,17.24,4.67,Crítico
2705,77.12,38.08,4.07,Normal
2706,81.99,45.54,5.95,Precaución
2707,107.69,20.43,4.69,Normal
2708,93.71,43.21,3.73,Precaución
2709,69.75,13.61,5.31,Normal
2710,77.06,48.09,5.87,Normal
2711,77.09,76.3,3.99,Normal
2712,104.91,49.13,5.23,Normal
2713,116.58,44.0,4.12,Normal
2714,88.67,44.35,3.86,Normal
2715,90.97,41.5,5.59,Normal
2716,87.96,23.22,5.86,Crítico
2717,80.79,21.41,4.41,Normal
2718,91.14,68.46,5.8,Normal
2719,95.21,73.97,4.08,Normal
2720,120.36,47.92,4.99,Normal
2721,107.5,44.07,4.48,Normal
2722,82.61,32.96,4.43,Crítico
2723,100.17,40.91,2.78,Normal
2724,92.74,15.14,5.05,Normal
2725,90.69,32.88,6.95,Normal
2726,96.66,18.0,3.43,Normal
2727,82.62,62.36,6.43,Normal
2728,110.33,67.95,3.04,Precaución
2729,94.21,11.76,5.21,Normal
2730,106.46,43.6,4.62,Normal
2731,87.37,31.33,5.69,Precaución
2732,113.68,76.04,4.93,Normal
2733,105.51,55.51,3.03,Normal
2734,102.76,52.93,4.08,Normal
2735,117.94,60.0,6.21,Precaución
2736,91.52,60.76,5.45,Precaución
2737,84.3,66.28,3.58,Normal
2738,91.03,42.24,5.61,Normal
2739,99.03,61.85,4.89,Precaución
2740,116.74,65.22,3.49,Precaución
2741,88.67,74.46,3.82,Crítico
2742,112.0,68.75,7.05,Crítico
2743,106.09,29.04,4.27,Normal
2744,81.8,34.37,7.55,Normal
2745,93.54,20.31,3.02,Normal
2746,88.97,70.77,5.31,Precaución
2747,112.66,38.36,5.03,Crítico
2748,92.93,16.68,5.51,Normal
2749,84.61,30.05,4.35,Precaución
2750,100.94,7.82,5.41,Crítico
2751,98.24,59.68,5.83,Crítico
2752,95.32,61.43,5.6,Normal
2753,89.9,73.88,6.08,Normal
2754,95.75,26.15,6.25,Normal
2755,104.4,23.36,4.78,Normal
2756,96.92,71.31,4.14,Normal
2757,100.9,77.76,5.58,Normal
2758,101.92,43.07,4.14,Precaución
2759,99.83,31.02,4.07,Normal
2760,96.67,72.15,5.94,Normal
2761,100.19,27.26,6.38,Normal
2762,118.73,22.34,5.69,Normal
2763,94.7,40.34,5.76,Normal
2764,91.19,48.36,5.92,Precaución
2765,101.84,28.79,4.99,Normal
2766,103.06,37.15,5.77,Normal
2767,100.34,13.11,5.59,Precaución
2768,94.88,35.08,4.53,Precaución
2769,101.14,49.19,6.28,Normal
2770,89.02,66.73,5.37,Normal
2771,100.48,25.42,3.73,Normal
2772,97.13,58.43,3.04,Precaución
2773,95.74,54.06,4.22,Precaución
2774,76.46,77.69,5.26,Crítico
2775,103.87,45.79,4.19,Normal
2776,108.74,21.74,2.26,Normal
2777,80.31,40.38,2.08,Normal
2778,97.42,29.42,4.35,Precaución
2779,93.95,21.46,3.89,Normal
2780,110.53,63.04,5.24,Precaución
2781,92.86,27.54,6.79,Normal
2782,105.55,13.84,3.85,Normal
2783,102.4,30.57,1.84,Normal
2784,102.28,59.44,5.58,Normal
2785,108.45,51.89,3.15,Normal
2786,99.15,64.73,4.91,Precaución
2787,91.96,65.8,3.56,Normal
2788,96.88,53.0,7.48,Crítico
2789,102.93,54.87,5.98,Normal
2790,98.98,55.9,6.76,Normal
2791,106.55,53.81,4.63,Normal
2792,89.23,15.3,5.06,Normal
2793,102.81,22.13,4.76,Normal
2794,89.25,33.02,5.21,Normal
2795,93.99,21.84,4.86,Normal
2796,90.97,38.27,3.42,Normal
2797,102.6,28.93,4.8,Normal
2798,92.12,12.53,5.21,Normal
2799,80.82,17.68,2.91,Normal
2800,90.06,36.82,5.3,Normal
2801,97.37,29.21,5.41,Normal
2802,110.67,8.29,4.73,Normal
2803,103.74,51.0,4.29,Normal
2804,93.38,15.14,4.87,Normal
2805,105.47,40.95,4.34,Normal
2806,100.95,51.37,5.25,Precaución
2807,107.74,79.64,5.56,Precaución
2808,83.95,29.29,7.28,Crítico
2809,117.16,53.0,6.02,Crítico
2810,84.52,38.55,5.13,Normal
2811,104.36,46.84,2.6,Normal
2812,107.89,15.19,5.3,Normal
2813,103.1,34.53,5.06,Normal
2814,102.4,23.71,4.95,Normal
2815,93.66,49.05,4.57,Crítico
2816,92.42,33.81,5.99,Normal
2817,106.15,65.79,4.21,Precaución
2818,99.08,18.8,4.98,Normal
2819,77.43,74.66,5.27,Precaución
2820,103.85,33.52,5.38,Precaución
2821,116.57,61.95,4.93,Precaución
2822,91.08,62.37,5.46,Normal
2823,108.07,27.87,7.2,Normal
2824,104.17,23.89,5.75,Normal
2825,99.13,76.85,5.43,Crítico
2826,102.23,42.0,4.52,Crítico
2827,96.41,24.19,4.69,Normal
2828,109.42,79.49,4.53,Normal
2829,100.96,26.29,5.72,Normal
2830,94.98,78.09,6.69,Precaución
2831,89.97,53.3,6.02,Normal
2832,113.08,60.35,6.76,Precaución
2833,92.09,33.53,4.75,Normal
2834,103.0,69.95,4.91,Normal
2835,87.48,47.8,4.62,Crítico
2836,108.67,34.86,4.52,Normal
2837,119.89,14.5,4.43,Normal
2838,103.6,39.78,5.13,Precaución
2839,88.54,67.52,5.89,Normal
2840,93.88,73.35,1.74,Precaución
2841,103.83,5.19,4.02,Normal
2842,92.76,5.1,5.89,Normal
2843,90.88,19.81,4.82,Normal
2844,114.08,59.57,5.57,Precaución
2845,117.79,78.29,6.38,Normal
2846,95.37,37.8,5.56,Precaución
2847,91.45,49.14,6.52,Normal
2848,108.53,69.77,7.02,Crítico
2849,102.88,20.44,4.13,Normal
2850,101.98,61.34,8.13,Precaución
2851,99.73,25.41,4.07,Normal
2852,108.96,5.18,3.63,Normal
2853,106.34,32.87,4.04,Precaución
2854,86.66,31.46,4.25,Normal
2855,103.85,30.03,5.39,Normal
2856,95.69,75.0,4.94,Normal
2857,107.86,46.22,4.2,Normal
2858,95.8,47.03,5.16,Normal
2859,89.52,14.2,6.69,Normal
2860,105.9,44.12,8.16,Normal
2861,84.71,13.22,6.81,Normal
2862,99.23,59.79,4.87,Normal
2863,101.76,30.34,4.49,Normal
2864,96.0,45.58,3.74,Precaución
2865,100.87,64.43,4.24,Precaución
2866,104.4,76.56,3.69,Normal
2867,82.13,60.96,6.78,Normal
2868,94.15,9.19,4.45,Crítico
2869,104.47,50.18,3.0,Crítico
2870,85.89,18.63,4.71,Normal
2871,94.6,42.46,7.54,Normal
2872,103.08,77.21,5.0,Normal
2873,100.99,72.6,3.42,Precaución
2874,96.56,52.74,4.21,Precaución
2875,89.06,70.77,6.26,Normal
2876,102.36,26.33,5.5,Precaución
2877,97.64,70.86,4.84,Normal
2878,100.36,65.17,6.15,Normal
2879,108.65,74.26,8.62,Precaución
2880,99.27,67.63,4.15,Normal
2881,96.74,77.74,4.68,Normal
2882,81.06,8.05,5.22,Normal
2883,113.99,47.04,6.62,Normal
2884,107.0,24.6,3.27,Crítico
2885,103.77,62.91,2.95,Normal
2886,107.12,8.48,5.64,Precaución
2887,88.1,78.21,4.59,Precaución
2888,112.9,71.4,3.02,Normal
2889,101.73,44.32,7.83,Normal
2890,100.55,74.86,6.86,Normal
2891,89.48,32.13,4.74,Normal
2892,119.46,36.93,4.02,Normal
2893,103.91,12.36,5.66,Normal
2894,106.34,67.81,5.91,Normal
2895,96.57,10.09,5.17,Normal
2896,103.2,67.76,3.97,Normal
2897,107.92,41.57,5.25,Normal
2898,93.75,28.41,4.7,Normal
2899,79.65,71.32,2.56,Crítico
2900,111.71,31.02,2.91,Normal
2901,94.03,44.01,6.84,Normal
2902,94.98,21.9,4.91,Normal
2903,109.94,74.85,5.66,Normal
2904,89.25,11.35,3.23,Normal
2905,119.92,19.46,5.02,Precaución
2906,93.33,27.15,4.99,Normal
2907,102.67,39.42,3.74,Crítico
2908,100.77,49.24,7.59,Normal
2909,90.84,17.45,3.38,Precaución
2910,95.28,20.52,4.21,Precaución
2911,88.85,16.97,5.2,Normal
2912,88.46,20.73,5.86,Precaución
2913,104.8,43.0,4.89,Normal
2914,87.23,7.3,5.85,Precaución
2915,111.3,44.32,3.96,Normal
2916,98.83,52.12,5.05,Normal
2917,95.48,48.55,4.21,Normal
2918,108.54,19.83,6.64,Normal
2919,97.05,10.42,4.22,Precaución
2920,108.32,78.98,2.52,Normal
2921,115.69,20.65,6.71,Normal
2922,104.28,53.59,5.97,Normal
2923,101.02,41.04,4.34,Crítico
2924,94.98,52.54,5.11,Normal
2925,101.84,51.98,7.23,Precaución
2926,102.47,54.5,5.73,Normal
2927,97.1,55.23,7.7,Normal
2928,89.25,70.93,5.11,Normal
2929,90.53,26.98,4.22,Normal
2930,107.1,34.94,4.1,Normal
2931,91.56,14.47,3.08,Precaución
2932,98.41,29.84,6.48,Normal
2933,107.98,22.47,6.98,Normal
2934,113.37,33.1,7.02,Crítico
2935,104.93,5.82,3.93,Normal
2936,91.31,66.48,4.05,Normal
2937,96.29,67.2,4.19,Normal
2938,96.8,27.03,3.89,Normal
2939,124.89,52.77,5.71,Normal
2940,102.85,52.69,3.8,Normal
2941,101.22,55.57,5.96,Precaución
2942,88.71,72.94,6.07,Precaución
2943,96.57,69.53,3.38,Precaución
2944,95.19,53.64,5.86,Crítico
2945,109.09,11.72,3.92,Normal
2946,97.84,45.36,4.85,Normal
2947,98.32,5.26,6.01,Normal
2948,123.89,49.77,2.75,Crítico
2949,85.61,33.66,5.07,Normal
2950,109.99,43.47,5.14,Precaución
2951,91.48,57.63,4.4,Normal
2952,93.3,11.85,4.87,Normal
2953,101.85,13.47,3.38,Precaución
2954,104.4,29.8,3.01,Normal
2955,117.58,38.59,5.69,Precaución
2956,97.94,69.48,7.36,Normal
2957,92.97,30.17,5.38,Precaución
2958,118.23,43.87,4.38,Normal
2959,91.53,38.77,6.17,Precaución
2960,112.66,52.97,5.86,Normal
2961,97.5,54.03,5.05,Normal
2962,91.18,52.15,4.04,Normal
2963,86.92,73.44,7.21,Normal
2964,98.09,79.62,6.0,Normal
2965,88.94,45.48,2.33,Precaución
2966,102.81,35.96,7.78,Normal
2967,105.33,55.68,5.01,Precaución
2968,101.57,10.66,5.45,Normal
2969,111.43,64.31,5.57,Normal
2970,103.16,51.66,6.47,Precaución
2971,105.02,21.57,5.6,Normal
2972,92.67,51.28,6.11,Precaución
2973,101.73,78.23,3.92,Normal
2974,109.24,43.17,3.11,Normal
2975,91.24,74.06,4.81,Normal
2976,103.69,55.93,3.39,Normal
2977,93.74,46.68,5.25,Normal
2978,99.94,26.07,5.35,Normal
2979,89.95,35.86,5.39,Normal
2980,105.35,49.86,5.15,Normal
2981,99.51,77.74,3.8,Normal
2982,97.53,43.52,4.95,Normal
2983,109.11,32.37,3.46,Normal
2984,87.39,66.12,5.16,Crítico
2985,99.29,69.94,6.06,Normal
2986,97.41,25.4,7.95,Normal
2987,93.23,42.54,5.23,Normal
2988,90.49,39.56,3.41,Normal
2989,110.21,76.47,6.76,Normal
2990,99.53,69.5,6.42,Precaución
2991,78.04,47.64,3.81,Normal
2992,100.16,26.36,5.22,Normal
2993,88.23,27.75,5.32,Normal
2994,101.43,52.57,6.64,Crítico
2995,97.53,20.6,3.78,Normal
2996,91.23,68.41,6.8,Normal
2997,111.22,15.12,5.57,Normal
2998,84.68,17.86,5.68,Normal
2999,105.43,43.05,4.33,Normal
3000,102.11,73.82,4.46,Normal
3001,98.82,16.16,6.94,Precaución
3002,108.75,73.65,5.16,Normal
3003,96.02,9.36,5.87,Precaución
3004,106.81,8.61,5.21,Normal
3005,124.88,41.17,5.11,Normal
3006,94.92,55.12,3.94,Normal
3007,103.04,51.76,5.11,Normal
3008,103.37,41.17,5.21,Precaución
3009,109.3,73.04,5.79,Normal
3010,84.57,78.1,6.19,Normal
3011,107.3,72.43,4.66,Normal
3012,119.14,36.0,4.53,Normal
3013,116.32,34.61,5.07,Normal
3014,86.02,43.26,5.55,Normal
3015,89.03,40.73,4.62,Crítico
3016,117.7,16.09,6.02,Crítico
3017,114.61,35.35,7.05,Normal
3018,89.72,26.35,5.87,Normal
3019,99.04,39.29,6.21,Normal
3020,97.44,21.94,5.09,Precaución
3021,106.99,60.84,4.05,Normal
3022,94.27,59.36,6.39,Normal
3023,107.51,21.65,5.77,Precaución
3024,120.98,72.83,5.72,Normal
3025,85.63,13.04,6.22,Normal
3026,112.26,69.88,5.93,Precaución
3027,93.91,15.78,4.35,Normal
3028,92.24,54.49,4.51,Normal
3029,91.39,19.14,5.29,Normal
3030,90.81,45.48,2.67,Precaución
3031,80.78,40.16,6.48,Precaución
3032,87.92,24.39,4.94,Precaución
3033,101.55,62.13,5.68,Normal
3034,103.77,8.93,4.44,Normal
3035,93.56,30.29,4.61,Normal
3036,77.39,28.68,5.36,Normal
3037,71.55,52.78,3.97,Normal
3038,113.0,39.12,4.34,Normal
3039,90.37,26.67,3.11,Normal
3040,97.49,57.57,4.51,Normal
3041,117.98,50.61,5.3,Normal
3042,116.29,20.6,4.69,Normal
3043,97.0,40.01,6.58,Crítico
3044,111.14,75.02,4.27,Precaución
3045,107.18,23.45,4.78,Normal
3046,104.99,42.01,5.35,Normal
3047,110.21,14.87,6.14,Precaución
3048,109.24,40.19,2.95,Normal
3049,91.4,26.0,2.8,Precaución
3050,99.51,37.45,7.11,Normal
3051,83.78,78.27,3.04,Normal
3052,99.55,55.1,3.55,Precaución
3053,100.87,41.52,6.18,Normal
3054,102.7,46.82,6.55,Normal
3055,108.28,24.33,4.38,Normal
3056,94.06,73.16,5.08,Precaución
3057,96.26,15.01,7.41,Normal
3058,103.46,72.87,4.23,Precaución
3059,93.47,52.09,5.3,Normal
3060,99.33,63.85,4.71,Precaución
3061,101.44,6.96,4.98,Precaución
3062,114.74,79.83,3.36,Normal
3063,88.6,43.61,3.58,Normal
3064,96.18,24.33,6.1,Normal
3065,88.9,22.23,3.71,Normal
3066,90.82,73.57,3.05,Normal
3067,107.98,14.24,5.59,Precaución
3068,92.38,13.08,6.09,Normal
3069,92.74,34.29,4.58,Precaución
3070,101.85,47.24,4.11,Crítico
3071,106.69,38.71,6.38,Precaución
3072,100.07,46.37,1.98,Normal
3073,89.06,25.01,4.32,Crítico
3074,76.92,13.03,4.86,Normal
3075,85.96,35.19,5.64,Normal
3076,92.13,7.74,6.97,Precaución
3077,106.51,5.99,5.4,Precaución
3078,81.74,78.27,5.0,Normal
3079,97.6,9.24,1.6,Normal
3080,81.42,72.92,4.69,Precaución
3081,97.54,30.41,3.66,Normal
3082,105.77,65.46,6.79,Precaución
3083,109.55,19.07,7.29,Precaución
3084,89.8,30.62,5.17,Crítico
3085,88.15,18.98,2.98,Normal
3086,95.81,73.36,6.05,Normal
3087,109.81,49.68,5.82,Precaución
3088,113.69,66.15,3.58,Precaución
3089,104.66,20.85,2.92,Normal
3090,96.45,10.81,5.62,Normal
3091,92.68,15.36,3.87,Normal
3092,107.49,63.71,5.51,Normal
3093,101.15,25.7,5.62,Normal
3094,86.08,10.41,3.99,Normal
3095,91.27,9.35,4.65,Normal
3096,99.91,68.21,4.24,Normal
3097,113.16,37.49,5.85,Normal
3098,94.44,44.58,4.4,Normal
3099,89.37,10.17,5.61,Normal
3100,113.51,73.3,5.2,Normal
3101,76.47,42.35,5.27,Precaución
3102,96.17,79.88,3.57,Crítico
3103,90.05,15.71,5.38,Normal
3104,96.28,35.0,4.52,Normal
3105,125.96,62.74,3.21,Normal
3106,117.62,9.55,5.45,Normal
3107,105.23,29.36,5.27,Normal
3108,94.79,16.88,3.4,Normal
3109,100.27,46.59,7.2,Normal
3110,82.87,19.28,5.63,Normal
3111,103.57,34.49,3.82,Normal
3112,88.84,77.62,8.02,Normal
3113,100.87,37.66,3.08,Normal
3114,103.35,43.53,5.46,Normal
3115,89.49,48.47,5.97,Normal
3116,92.92,16.85,4.43,Normal
3117,93.43,48.72,7.08,Normal
3118,117.36,24.74,5.91,Crítico
3119,100.5,34.96,5.46,Normal
3120,96.76,47.68,5.28,Normal
3121,93.05,32.02,4.8,Normal
3122,110.96,48.43,6.45,Precaución
3123,107.88,78.58,2.68,Precaución
3124,106.97,53.34,4.48,Precaución
3125,90.26,73.81,6.25,Normal
3126,105.78,37.98,6.7,Normal
3127,102.5,44.8,3.98,Precaución
3128,110.44,52.37,4.0,Precaución
3129,87.69,56.17,6.72,Normal
3130,102.6,50.66,5.88,Normal
3131,107.47,15.66,4.0,Precaución
3132,103.84,67.03,4.82,Normal
3133,109.92,14.25,3.9,Normal
3134,77.41,78.41,5.83,Normal
3135,99.56,74.55,4.42,Crítico
3136,93.28,48.24,2.12,Normal
3137,91.07,43.3,4.58,Normal
3138,100.83,20.44,5.37,Crítico
3139,97.69,28.51,5.71,Normal
3140,83.79,61.87,3.89,Precaución
3141,90.98,57.09,5.91,Normal
3142,100.5,22.88,6.69,Normal
3143,120.35,52.01,4.64,Normal
3144,97.73,28.33,4.63,Normal
3145,105.13,35.82,6.78,Crítico
3146,81.92,11.54,3.91,Normal
3147,120.2,37.18,5.8,Precaución
3148,102.5,20.1,6.32,Normal
3149,92.04,14.35,6.35,Normal
3150,111.14,9.6,5.99,Crítico
3151,113.87,51.86,4.35,Normal
3152,104.19,22.07,7.55,Normal
3153,121.68,73.24,5.45,Normal
3154,88.86,55.87,4.44,Precaución
3155,95.88,13.3,3.93,Normal
3156,93.2,36.11,5.17,Normal
3157,80.87,51.43,5.26,Normal
3158,114.55,46.53,4.78,Normal
3159,93.54,76.05,3.53,Precaución
3160,99.45,74.4,5.82,Normal
3161,127.0,45.38,5.12,Normal
3162,109.88,39.82,6.19,Normal
3163,97.99,52.27,7.39,Normal
3164,95.6,42.73,3.14,Precaución
3165,92.65,68.5,7.14,Normal
3166,80.76,16.97,4.96,Normal
3167,108.99,12.43,3.96,Normal
3168,102.07,31.09,5.21,Normal
3169,110.13,50.23,7.15,Precaución
3170,104.31,47.16,5.93,Normal
3171,109.93,30.16,6.7,Normal
3172,100.97,77.83,4.24,Normal
3173,117.6,22.82,6.25,Normal
3174,95.36,74.71,2.66,Normal
3175,91.3,36.29,4.29,Normal
3176,91.01,43.94,3.6,Crítico
3177,107.75,57.08,5.05,Normal
3178,87.42,51.8,4.25,Normal
3179,92.43,12.1,6.46,Normal
3180,93.18,42.34,4.45,Normal
3181,93.81,56.08,6.73,Normal
3182,91.44,50.19,4.4,Precaución
3183,122.01,57.97,4.45,Precaución
3184,107.47,7.86,4.16,Normal
3185,89.35,69.39,2.62,Normal
3186,107.27,75.64,3.71,Normal
3187,91.47,28.62,6.94,Normal
3188,86.74,38.64,6.02,Normal
3189,105.66,14.78,4.28,Normal
3190,103.32,66.23,6.29,Normal
3191,107.63,70.82,4.39,Normal
3192,91.8,31.41,3.79,Normal
3193,90.24,58.43,5.11,Crítico
3194,107.78,25.83,6.15,Normal
3195,104.32,47.64,5.21,Normal
3196,112.53,13.03,5.45,Normal
3197,98.52,51.21,3.57,Normal
3198,98.12,57.41,4.2,Precaución
3199,86.48,52.77,3.79,Precaución
3200,94.14,8.53,4.92,Normal
3201,86.96,31.73,2.63,Crítico
3202,97.4,36.04,5.7,Normal
3203,104.15,31.14,3.97,Normal
3204,89.24,21.74,3.9,Precaución
3205,108.45,72.61,4.89,Precaución
3206,101.78,43.38,7.03,Normal
3207,91.12,30.74,3.9,Normal
3208,113.1,55.58,4.27,Normal
3209,114.97,63.54,5.17,Normal
3210,102.78,60.37,3.34,Normal
3211,101.17,54.01,4.83,Crítico
3212,118.11,22.85,5.5,Normal
3213,98.69,50.58,5.93,Normal
3214,93.01,75.51,2.84,Normal
3215,100.59,17.71,3.15,Normal
3216,91.87,7.45,5.98,Normal
3217,92.76,11.25,6.87,Precaución
3218,101.59,24.43,3.84,Normal
3219,96.68,30.25,4.0,Precaución
3220,91.82,24.15,3.89,Normal
3221,94.71,78.4,7.51,Normal
3222,100.88,70.92,4.8,Normal
3223,101.49,38.73,4.86,Normal
3224,118.39,40.54,5.4,Normal
3225,99.26,8.54,5.34,Normal
3226,103.65,54.49,6.69,Normal
3227,108.99,64.27,5.22,Normal
3228,113.18,58.18,4.23,Crítico
3229,95.16,11.11,5.98,Normal
3230,126.35,32.33,3.45,Normal
3231,86.2,19.96,5.68,Normal
3232,111.73,42.78,4.9,Normal
3233,108.99,33.79,5.53,Normal
3234,105.76,9.93,5.45,Precaución
3235,121.02,21.73,7.52,Normal
3236,109.55,14.48,4.86,Normal
3237,94.07,43.76,3.38,Normal
3238,103.39,20.25,5.64,Crítico
3239,109.31,37.63,4.77,Precaución
3240,90.01,22.94,5.52,Crítico
3241,90.03,62.5,4.17,Normal
3242,93.59,76.65,5.9,Normal
3243,108.48,59.12,3.83,Crítico
3244,95.91,64.14,5.36,Crítico
3245,95.36,64.71,3.41,Crítico
3246,90.51,67.55,6.47,Normal
3247,94.56,65.11,3.11,Normal
3248,94.05,9.64,5.51,Precaución
3249,94.66,16.97,4.54,Normal
3250,78.07,77.22,7.13,Normal
3251,100.82,10.4,5.02,Precaución
3252,108.88,73.69,4.81,Normal
3253,84.06,60.05,5.19,Normal
3254,107.28,29.72,5.67,Normal
3255,102.4,41.78,5.83,Precaución
3256,112.23,67.2,5.13,Normal
3257,93.22,23.92,3.92,Precaución
3258,94.66,34.81,4.94,Normal
3259,76.02,10.04,4.4,Precaución
3260,110.82,42.58,5.4,Crítico
3261,87.01,12.82,4.05,Normal
3262,109.71,33.11,4.1,Crítico
3263,119.99,5.66,4.21,Normal
3264,88.98,20.57,3.47,Normal
3265,97.15,14.31,6.16,Crítico
3266,90.43,11.25,4.82,Normal
3267,101.87,28.54,5.69,Precaución
3268,84.67,79.88,6.28,Normal
3269,99.37,61.13,2.3,Normal
3270,92.01,35.83,8.78,Normal
3271,111.23,29.22,2.36,Normal
3272,101.82,29.93,6.2,Normal
3273,96.07,51.99,3.68,Crítico
3274,72.34,10.31,5.81,Crítico
3275,99.12,70.22,3.81,Normal
3276,93.72,75.5,2.77,Precaución
3277,102.55,49.74,5.23,Normal
3278,95.86,8.17,4.54,Crítico
3279,102.52,57.89,3.6,Normal
3280,91.58,6.1,5.31,Normal
3281,129.9,11.52,2.5,Normal
3282,107.39,39.68,3.27,Normal
3283,110.05,73.97,6.81,Normal
3284,98.06,41.15,5.2,Normal
3285,107.14,24.73,6.23,Normal
3286,107.73,68.84,5.33,Normal
3287,110.66,60.41,5.62,Normal
3288,107.49,65.51,4.99,Normal
3289,92.32,70.55,2.83,Normal
3290,93.14,60.29,3.44,Normal
3291,111.11,51.15,3.84,Normal
3292,77.95,47.64,6.32,Normal
3293,114.31,61.17,4.33,Crítico
3294,97.76,26.9,7.75,Normal
3295,108.26,9.73,3.7,Normal
3296,103.32,67.8,6.41,Normal
3297,98.3,31.92,5.7,Precaución
3298,126.2,59.96,4.61,Normal
3299,95.29,14.32,5.98,Normal
3300,97.72,32.23,5.71,Normal
3301,102.75,76.89,5.46,Crítico
3302,91.18,34.42,5.45,Crítico
3303,96.42,8.5,5.43,Normal
3304,108.21,46.73,6.35,Normal
3305,103.56,65.4,2.81,Normal
3306,112.05,69.41,6.64,Normal
3307,115.1,29.1,5.2,Normal
3308,104.71,50.37,4.29,Normal
3309,97.35,12.12,4.73,Precaución
3310,94.7,43.2,6.82,Normal
3311,99.12,5.63,3.68,Precaución
3312,108.31,37.0,3.7,Normal
3313,104.96,6.07,4.29,Normal
3314,106.1,20.38,5.59,Precaución
3315,109.35,31.59,4.75,Normal
3316,83.88,62.65,5.68,Normal
3317,107.12,19.5,5.35,Normal
3318,72.9,52.21,6.26,Normal
3319,108.69,69.96,3.28,Normal
3320,123.99,49.29,5.07,Crítico
3321,100.72,62.7,5.29,Normal
3322,111.56,57.5,4.15,Normal
3323,107.75,74.56,4.33,Normal
3324,82.78,17.64,4.2,Normal
3325,100.17,30.7,4.21,Normal
3326,83.16,39.47,6.5,Normal
3327,105.01,41.92,5.93,Normal
3328,109.96,73.01,4.47,Normal
3329,90.31,77.68,4.74,Normal
3330,86.73,76.21,2.87,Normal
3331,108.72,20.17,5.92,Precaución
3332,114.95,34.17,4.63,Normal
3333,100.6,52.79,4.69,Crítico
3334,104.6,30.67,5.12,Crítico
3335,87.0,57.36,6.07,Precaución
3336,104.87,6.94,7.34,Normal
3337,91.36,62.53,4.93,Crítico
3338,101.14,77.18,3.36,Normal
3339,107.54,20.76,3.63,Normal
3340,111.47,45.5,3.05,Precaución
3341,81.42,23.84,7.41,Precaución
3342,104.32,9.71,4.8,Normal
3343,96.6,47.1,6.29,Normal
3344,98.36,63.29,5.09,Normal
3345,98.35,70.18,7.03,Precaución
3346,96.94,69.44,6.75,Normal
3347,96.79,48.94,4.65,Normal
3348,95.1,55.57,5.61,Normal
3349,106.49,24.68,4.41,Normal
3350,101.29,47.37,4.79,Normal
3351,104.22,46.09,4.98,Crítico
3352,108.19,43.43,6.23,Precaución
3353,119.07,7.62,5.5,Normal
3354,91.43,23.0,3.78,Normal
3355,91.95,36.37,6.21,Normal
3356,92.34,7.71,5.82,Crítico
3357,71.54,38.79,6.18,Crítico
3358,94.31,69.93,6.27,Precaución
3359,109.6,73.84,4.84,Normal
3360,102.14,36.15,4.56,Normal
3361,125.96,75.03,5.54,Normal
3362,82.64,44.21,3.36,Normal
3363,118.04,42.86,4.86,Normal
3364,81.67,53.61,4.54,Normal
3365,125.24,51.97,4.77,Normal
3366,104.36,68.3,7.11,Normal
3367,93.18,16.37,3.5,Normal
3368,78.5,20.37,4.08,Normal
3369,93.52,30.46,3.93,Precaución
3370,108.05,66.35,3.93,Normal
3371,105.13,9.81,7.09,Normal
3372,99.22,8.02,3.91,Precaución
3373,112.53,6.29,5.99,Precaución
3374,97.49,74.95,5.87,Precaución
3375,82.16,46.19,6.63,Precaución
3376,95.17,37.21,6.1,Normal
3377,101.53,76.9,6.54,Normal
3378,109.66,16.58,5.7,Normal
3379,102.1,19.88,4.36,Normal
3380,104.23,5.78,5.13,Crítico
3381,97.83,51.56,4.21,Normal
3382,95.24,47.74,7.38,Normal
3383,117.37,51.86,3.81,Normal
3384,102.22,47.03,4.31,Normal
3385,97.23,70.26,7.43,Normal
3386,103.44,16.12,5.76,Precaución
3387,109.02,15.15,5.93,Normal
3388,88.12,78.93,5.15,Normal
3389,104.35,12.61,4.27,Crítico
3390,93.37,11.54,5.75,Normal
3391,107.99,29.86,5.72,Normal
3392,100.15,73.55,4.36,Crítico
3393,108.22,11.42,5.24,Normal
3394,98.9,12.45,7.43,Crítico
3395,98.5,71.57,5.51,Normal
3396,81.62,39.43,5.71,Precaución
3397,104.98,19.99,3.32,Normal
3398,118.8,6.83,3.42,Normal
3399,98.36,55.76,4.89,Normal
3400,102.91,69.23,7.83,Normal
3401,102.75,60.33,7.1,Crítico
3402,90.58,27.91,6.0,Normal
3403,102.79,34.05,4.61,Normal
3404,86.67,27.47,5.94,Crítico
3405,108.1,50.11,4.81,Precaución
3406,95.07,74.42,4.11,Normal
3407,99.55,6.37,6.7,Precaución
3408,76.65,6.75,5.67,Normal
3409,108.98,79.31,5.5,Normal
3410,117.19,49.84,2.33,Precaución
3411,131.14,18.83,6.85,Normal
3412,104.7,41.69,4.24,Normal
3413,107.51,15.19,5.86,Normal
3414,122.77,21.54,4.27,Normal
3415,99.35,79.63,7.41,Precaución
3416,108.41,55.95,4.49,Precaución
3417,95.53,19.83,5.35,Normal
3418,104.8,46.18,4.05,Precaución
3419,95.77,41.84,4.36,Normal
3420,101.31,43.93,4.58,Normal
3421,85.15,49.94,5.34,Precaución
3422,114.28,63.0,4.48,Precaución
3423,103.7,51.73,6.2,Precaución
3424,101.82,55.89,7.65,Precaución
3425,90.61,21.09,4.22,Normal
3426,110.39,18.39,5.03,Normal
3427,89.58,79.77,4.88,Precaución
3428,102.58,78.33,4.67,Normal
3429,98.56,64.78,2.72,Normal
3430,100.95,35.95,4.2,Normal
3431,103.4,44.28,5.83,Precaución
3432,80.15,12.18,6.37,Precaución
3433,105.29,44.66,8.18,Normal
3434,98.37,71.68,5.79,Normal
3435,97.33,61.14,4.35,Normal
3436,115.52,39.88,7.08,Normal
3437,112.91,52.24,5.58,Normal
3438,109.83,27.43,4.8,Normal
3439,86.05,75.21,4.03,Precaución
3440,94.56,77.52,4.65,Normal
3441,85.25,23.64,6.94,Normal
3442,100.31,65.37,5.92,Normal
3443,94.78,41.88,6.95,Crítico
3444,92.22,67.54,5.83,Normal
3445,117.66,19.13,3.51,Normal
3446,98.76,54.61,5.05,Normal
3447,101.79,49.98,3.72,Precaución
3448,90.26,23.77,5.46,Precaución
3449,111.91,30.43,4.2,Normal
3450,99.31,55.15,5.01,Crítico
3451,97.32,79.61,4.71,Crítico
3452,87.45,55.52,3.3,Precaución
3453,99.33,45.46,6.5,Normal
3454,96.79,43.56,2.88,Normal
3455,85.26,45.73,3.42,Normal
3456,100.67,59.37,6.47,Precaución
3457,97.35,65.65,7.34,Precaución
3458,90.79,15.09,6.59,Normal
3459,113.15,58.8,4.64,Normal
3460,92.79,70.08,4.1,Normal
3461,104.1,38.05,4.69,Crítico
3462,99.54,11.23,7.27,Normal
3463,110.67,54.47,5.06,Precaución
3464,112.88,38.63,5.01,Normal
3465,93.74,72.23,4.19,Precaución
3466,106.64,7.85,6.6,Normal
3467,95.65,42.59,6.46,Crítico
3468,83.09,49.31,6.39,Normal
3469,95.1,16.71,4.91,Crítico
3470,115.42,76.85,4.77,Crítico
3471,104.43,5.9,4.79,Precaución
3472,101.17,69.38,3.67,Normal
3473,91.36,36.7,5.85,Normal
3474,93.64,69.7,4.73,Crítico
3475,93.34,57.79,6.23,Normal
3476,107.78,63.46,4.06,Normal
3477,105.16,9.73,4.18,Crítico
3478,85.51,29.23,4.18,Precaución
3479,107.43,59.32,4.71,Normal
3480,101.48,40.28,7.49,Precaución
3481,94.09,20.28,4.25,Normal
3482,110.46,43.26,4.37,Precaución
3483,116.34,28.99,6.53,Normal
3484,89.35,36.75,3.43,Normal
3485,89.18,36.63,5.33,Normal
3486,88.06,25.16,6.56,Normal
3487,110.14,26.42,1.58,Precaución
3488,117.46,77.76,4.02,Normal
3489,105.15,23.89,5.48,Normal
3490,93.03,19.35,4.99,Normal
3491,114.13,52.28,6.28,Precaución
3492,106.15,39.48,4.41,Normal
3493,91.61,36.7,5.54,Crítico
3494,97.04,76.78,3.83,Normal
3495,99.02,68.55,6.42,Normal
3496,108.16,10.04,5.43,Crítico
3497,102.18,8.19,3.55,Precaución
3498,105.37,21.86,4.39,Normal
3499,111.4,67.57,5.08,Normal
3500,93.46,73.2,4.47,Normal
3501,103.42,62.8,3.97,Normal
3502,80.63,14.07,5.42,Normal
3503,79.55,14.64,2.77,Normal
3504,84.73,42.72,6.7,Normal
3505,84.77,62.05,4.51,Normal
3506,112.23,35.71,5.9,Normal
3507,94.06,46.41,4.45,Normal
3508,101.24,63.57,5.01,Precaución
3509,102.09,16.34,3.92,Crítico
3510,114.02,28.53,5.11,Precaución
3511,92.04,66.38,4.48,Normal
3512,102.54,40.79,3.23,Crítico
3513,86.68,39.37,5.38,Crítico
3514,107.23,72.01,5.78,Precaución
3515,102.73,9.46,4.39,Normal
3516,102.36,56.55,4.21,Precaución
3517,87.11,78.16,3.79,Precaución
3518,116.64,27.42,6.27,Precaución
3519,102.83,70.81,6.26,Normal
3520,92.35,18.15,4.98,Normal
3521,82.72,51.96,3.14,Normal
3522,103.28,79.87,4.05,Normal
3523,109.01,27.32,2.44,Precaución
3524,107.49,58.53,7.55,Normal
3525,107.73,29.82,4.46,Normal
3526,82.99,48.01,4.52,Normal
3527,112.0,56.03,4.69,Normal
3528,95.72,43.66,4.87,Normal
3529,99.07,69.73,4.19,Normal
3530,114.85,67.98,4.47,Normal
3531,90.0,32.53,2.8,Normal
3532,94.51,24.48,4.39,Normal
3533,97.27,8.81,4.72,Normal
3534,102.71,62.63,4.27,Normal
3535,103.3,38.36,3.48,Crítico
3536,87.01,24.02,6.02,Normal
3537,99.33,11.93,5.64,Normal
3538,99.84,72.27,4.71,Normal
3539,92.74,64.53,5.45,Normal
3540,89.78,78.09,2.28,Normal
3541,110.34,69.38,6.71,Crítico
3542,116.25,54.56,3.85,Normal
3543,100.59,53.59,5.44,Normal
3544,117.91,70.91,4.61,Normal
3545,86.29,72.05,3.39,Normal
3546,100.17,17.1,5.91,Normal
3547,98.59,74.51,3.39,Crítico
3548,98.05,49.33,4.46,Normal
3549,114.09,57.46,5.94,Normal
3550,99.44,36.09,5.66,Precaución
3551,105.01,54.91,3.52,Normal
3552,96.28,33.89,3.21,Normal
3553,105.34,36.1,6.05,Normal
3554,110.54,61.01,4.25,Normal
3555,92.24,68.95,5.86,Normal
3556,73.62,50.79,6.89,Normal
3557,95.4,52.03,6.09,Precaución
3558,103.29,39.44,4.69,Precaución
3559,90.02,69.68,2.62,Normal
3560,108.81,77.31,5.27,Normal
3561,110.24,67.58,5.27,Precaución
3562,99.45,53.12,7.44,Precaución
3563,117.83,78.4,4.13,Normal
3564,110.34,17.66,4.49,Normal
3565,110.95,28.81,5.16,Crítico
3566,108.72,16.89,4.9,Normal
3567,114.61,38.22,3.94,Normal
3568,102.46,18.76,6.51,Normal
3569,88.96,64.33,5.65,Normal
3570,108.31,79.3,6.65,Crítico
3571,85.57,24.63,7.37,Normal
3572,97.87,49.01,3.58,Precaución
3573,111.14,9.12,6.11,Normal
3574,84.82,71.22,5.12,Precaución
3575,81.69,35.25,6.96,Precaución
3576,85.41,49.1,4.8,Normal
3577,96.43,51.98,4.32,Precaución
3578,89.36,29.66,4.58,Normal
3579,104.67,18.61,4.48,Normal
3580,98.5,67.98,4.31,Precaución
3581,114.63,46.98,6.85,Precaución
3582,97.75,32.76,6.16,Normal
3583,113.88,44.77,4.78,Normal
3584,101.69,45.49,4.94,Precaución
3585,110.72,42.28,3.79,Normal
3586,99.81,32.44,4.57,Precaución
3587,91.66,75.82,4.6,Normal
3588,96.65,70.87,4.28,Normal
3589,90.84,14.39,4.93,Normal
3590,100.43,45.6,4.23,Normal
3591,104.63,29.95,4.44,Normal
3592,106.62,66.18,8.37,Normal
3593,103.81,49.63,4.96,Normal
3594,87.05,33.89,4.66,Normal
3595,90.43,63.79,5.29,Normal
3596,106.85,47.52,5.25,Crítico
3597,107.08,11.78,5.91,Precaución
3598,108.81,67.72,5.23,Precaución
3599,94.28,25.66,5.91,Normal
3600,89.94,16.0,4.92,Normal
3601,103.2,74.59,6.9,Normal
3602,110.5,64.47,5.34,Precaución
3603,114.66,38.74,3.95,Normal
3604,90.71,8.56,8.44,Normal
3605,87.53,68.03,1.71,Normal
3606,118.42,26.56,4.53,Normal
3607,109.79,73.76,4.99,Normal
3608,100.62,39.45,2.37,Precaución
3609,112.0,11.31,5.97,Precaución
3610,99.63,34.2,5.34,Precaución
3611,88.14,22.34,5.61,Crítico
3612,108.87,13.75,5.82,Normal
3613,73.26,58.13,7.23,Normal
3614,97.12,50.36,6.59,Normal
3615,119.49,79.73,5.93,Precaución
3616,92.16,57.02,6.24,Normal
3617,101.76,57.34,3.79,Precaución
3618,104.34,27.91,2.53,Normal
3619,94.99,5.51,6.11,Normal
3620,119.0,26.54,5.47,Normal
3621,101.35,38.42,4.96,Precaución
3622,86.41,7.39,4.76,Precaución
3623,109.11,51.56,3.79,Normal
3624,126.54,18.53,4.37,Normal
3625,94.61,43.48,5.19,Precaución
3626,115.84,29.86,4.08,Normal
3627,102.18,23.08,6.36,Normal
3628,90.96,65.8,6.76,Normal
3629,118.1,9.66,4.81,Precaución
3630,98.81,53.02,5.75,Normal
3631,106.35,5.21,5.7,Normal
3632,113.6,49.16,6.03,Normal
3633,84.12,46.21,7.54,Normal
3634,102.74,58.29,4.88,Normal
3635,104.27,42.98,4.82,Crítico
3636,102.17,53.86,4.24,Normal
3637,104.67,19.83,4.42,Normal
3638,103.51,42.03,5.86,Normal
3639,111.63,51.63,3.8,Normal
3640,71.37,62.01,7.62,Normal
3641,92.01,22.5,4.02,Normal
3642,91.19,23.1,7.26,Precaución
3643,105.82,25.66,6.12,Normal
3644,111.44,61.09,4.68,Normal
3645,74.26,65.56,5.11,Normal
3646,108.84,48.56,5.15,Normal
3647,96.79,50.84,5.87,Normal
3648,97.96,59.65,6.39,Precaución
3649,98.24,35.47,2.64,Normal
3650,103.45,26.98,6.86,Normal
3651,102.47,42.0,5.76,Normal
3652,99.26,32.65,5.94,Crítico
3653,101.81,27.26,7.63,Normal
3654,94.44,76.69,5.06,Crítico
3655,97.35,40.3,6.92,Normal
3656,104.2,43.1,5.06,Normal
3657,116.06,36.9,5.34,Precaución
3658,103.73,51.11,4.17,Precaución
3659,95.68,14.06,3.93,Crítico
3660,101.18,54.05,6.77,Normal
3661,83.22,14.26,4.83,Normal
3662,91.91,66.71,2.24,Normal
3663,91.22,62.11,1.87,Normal
3664,84.91,47.14,6.52,Normal
3665,93.41,48.82,5.77,Normal
3666,88.29,51.06,5.96,Precaución
3667,86.56,22.07,5.19,Normal
3668,93.63,9.2,5.87,Precaución
3669,110.56,37.71,6.21,Normal
3670,118.13,55.24,6.89,Normal
3671,91.23,60.22,4.05,Normal
3672,90.24,44.39,3.26,Precaución
3673,94.03,7.4,2.6,Normal
3674,101.37,76.61,4.97,Normal
3675,106.82,34.81,5.57,Normal
3676,93.12,22.29,5.25,Normal
3677,99.42,22.44,4.07,Normal
3678,98.39,49.31,4.94,Normal
3679,101.89,11.65,5.16,Crítico
3680,100.94,45.07,5.36,Precaución
3681,103.67,30.71,4.74,Normal
3682,98.65,19.47,7.73,Normal
3683,103.27,54.53,6.73,Precaución
3684,108.88,29.27,3.76,Normal
3685,82.91,66.38,4.95,Normal
3686,100.59,62.28,5.0,Normal
3687,99.44,48.78,5.47,Normal
3688,111.78,20.73,4.86,Normal
3689,99.27,55.77,3.72,Normal
3690,101.39,67.78,4.94,Crítico
3691,95.83,58.84,4.88,Precaución
3692,106.78,42.38,8.65,Normal
3693,95.99,36.93,5.83,Normal
3694,101.89,76.95,6.92,Crítico
3695,106.0,76.99,6.22,Precaución
3696,76.59,72.98,5.22,Normal
3697,89.11,34.34,5.59,Normal
3698,95.91,45.25,4.39,Crítico
3699,101.85,6.35,3.51,Normal
3700,97.23,62.03,4.67,Precaución
3701,121.18,48.27,7.33,Normal
3702,106.95,58.29,6.29,Normal
3703,104.03,75.24,4.99,Normal
3704,110.89,7.66,4.55,Normal
3705,80.95,59.8,5.45,Normal
3706,98.04,23.4,3.6,Normal
3707,126.29,24.55,4.0,Crítico
3708,104.83,64.3,5.61,Normal
3709,95.1,24.12,4.68,Precaución
3710,87.65,58.41,4.51,Normal
3711,91.14,28.19,6.1,Precaución
3712,117.15,67.64,4.67,Normal
3713,108.73,15.98,3.85,Normal
3714,120.53,51.55,4.45,Precaución
3715,126.78,17.19,6.28,Normal
3716,104.96,45.32,6.05,Normal
3717,97.43,46.35,5.96,Precaución
3718,113.78,15.44,6.5,Normal
3719,99.44,11.96,3.73,Normal
3720,110.34,12.03,3.05,Normal
3721,99.22,29.65,3.3,Normal
3722,100.07,16.55,5.2,Normal
3723,120.28,8.33,6.19,Normal
3724,104.2,17.82,6.62,Normal
3725,108.53,72.91,4.76,Precaución
3726,98.5,33.21,5.4,Precaución
3727,119.37,27.18,4.27,Normal
3728,100.53,71.69,5.2,Normal
3729,105.25,74.79,5.25,Normal
3730,111.7,52.44,4.49,Normal
3731,86.09,15.55,5.04,Precaución
3732,98.43,47.8,5.49,Normal
3733,91.31,73.49,5.55,Precaución
3734,88.99,57.9,4.98,Normal
3735,114.88,35.39,6.33,Normal
3736,104.17,68.07,6.08,Normal
3737,99.18,53.97,6.31,Crítico
3738,86.69,47.48,6.5,Normal
3739,95.13,21.76,4.31,Normal
3740,87.73,58.48,5.42,Normal
3741,102.37,38.2,3.35,Normal
3742,93.04,39.92,4.45,Normal
3743,107.71,38.73,3.4,Normal
3744,95.58,54.4,4.3,Normal
3745,90.28,72.31,5.4,Normal
3746,102.88,59.69,5.33,Precaución
3747,97.34,68.9,3.72,Precaución
3748,116.14,5.17,6.64,Normal
3749,109.79,6.33,4.36,Crítico
3750,101.55,51.59,3.63,Precaución
3751,85.75,10.39,4.8,Normal
3752,109.82,14.93,5.02,Normal
3753,99.95,71.28,4.88,Normal
3754,120.0,42.25,3.28,Normal
3755,106.94,60.15,6.82,Crítico
3756,94.77,37.86,2.74,Normal
3757,124.99,60.96,4.42,Precaución
3758,102.39,20.19,4.71,Normal
3759,90.84,17.58,3.33,Precaución
3760,103.0,61.12,4.25,Normal
3761,103.65,8.55,3.75,Crítico
3762,95.98,11.47,5.21,Normal
3763,98.91,60.26,5.06,Crítico
3764,90.73,45.4,4.47,Normal
3765,103.38,41.66,4.51,Normal
3766,90.58,69.56,5.95,Precaución
3767,92.99,55.6,7.67,Normal
3768,102.45,51.19,6.46,Precaución
3769,88.28,71.96,4.82,Precaución
3770,110.62,43.39,7.45,Crítico
3771,101.04,9.65,5.68,Normal
3772,96.83,13.25,7.27,Normal
3773,106.9,78.76,9.01,Normal
3774,105.22,15.62,4.98,Normal
3775,87.71,33.88,3.77,Normal
3776,91.58,17.47,4.22,Precaución
3777,96.25,39.59,4.37,Precaución
3778,102.05,44.52,5.46,Precaución
3779,93.3,40.51,4.29,Precaución
3780,102.51,52.78,4.23,Normal
3781,97.56,36.33,6.35,Normal
3782,95.32,36.27,6.17,Normal
3783,107.7,40.02,4.33,Normal
3784,113.11,47.0,4.59,Normal
3785,99.56,12.89,5.19,Normal
3786,78.02,40.67,5.13,Normal
3787,96.07,16.77,4.24,Crítico
3788,115.56,42.26,4.35,Normal
3789,95.2,46.87,5.33,Normal
3790,106.77,16.1,5.08,Normal
3791,103.95,43.46,5.82,Precaución
3792,111.96,56.83,2.92,Precaución
3793,87.25,36.02,5.19,Crítico
3794,93.67,49.06,4.08,Normal
3795,112.44,14.47,8.71,Normal
3796,106.82,31.9,6.27,Normal
3797,100.66,38.14,3.45,Crítico
3798,96.78,56.87,4.05,Precaución
3799,92.14,6.2,5.09,Normal
3800,101.11,41.82,5.2,Precaución
3801,104.55,32.02,4.14,Normal
3802,104.74,76.97,5.87,Normal
3803,78.96,24.47,5.32,Normal
3804,119.66,12.71,6.19,Precaución
3805,98.02,35.4,4.51,Precaución
3806,91.04,35.59,5.61,Precaución
3807,77.3,39.92,3.15,Normal
3808,97.5,12.74,5.25,Normal
3809,95.89,6.29,4.66,Normal
3810,88.47,18.3,3.03,Crítico
3811,94.01,68.99,5.39,Normal
3812,117.54,27.07,5.68,Normal
3813,103.69,13.07,4.61,Normal
3814,78.92,48.95,4.79,Normal
3815,102.64,32.11,4.77,Crítico
3816,99.1,35.59,1.78,Precaución
3817,111.13,55.2,7.55,Precaución
3818,109.15,23.38,5.74,Normal
3819,103.97,30.52,7.26,Precaución
3820,104.5,9.13,4.26,Normal
3821,104.79,56.86,4.42,Precaución
3822,108.03,65.16,4.7,Normal
3823,104.67,47.62,5.41,Precaución
3824,107.37,37.61,5.29,Precaución
3825,104.91,58.34,4.46,Normal
3826,108.91,38.44,5.38,Normal
3827,102.69,14.69,5.3,Normal
3828,97.33,33.68,5.09,Normal
3829,85.11,46.73,6.33,Normal
3830,102.07,35.78,5.26,Crítico
3831,111.74,57.97,5.3,Normal
3832,90.95,8.06,5.29,Normal
3833,108.06,63.51,5.43,Crítico
3834,103.68,42.18,3.85,Normal
3835,100.38,54.25,6.19,Normal
3836,96.24,14.07,5.37,Normal
3837,93.89,30.77,6.26,Precaución
3838,110.69,66.32,4.41,Normal
3839,91.37,7.85,6.61,Normal
3840,85.12,32.36,5.85,Precaución
3841,104.55,48.81,4.56,Normal
3842,79.4,22.49,5.2,Normal
3843,91.57,70.9,5.61,Normal
3844,93.14,12.96,2.22,Precaución
3845,99.06,54.97,3.95,Normal
3846,101.8,7.97,3.07,Precaución
3847,87.76,57.86,6.93,Crítico
3848,103.46,65.51,5.62,Crítico
3849,87.53,18.51,5.73,Crítico
3850,99.16,40.74,4.47,Normal
3851,78.32,14.54,6.91,Normal
3852,103.65,40.25,4.58,Normal
3853,95.35,43.76,7.43,Normal
3854,103.74,14.84,3.6,Normal
3855,103.24,65.97,5.46,Normal
3856,104.03,33.42,3.59,Normal
3857,103.19,71.99,5.04,Normal
3858,98.4,51.57,5.47,Precaución
3859,93.5,52.47,5.6,Normal
3860,96.13,50.52,5.51,Normal
3861,110.35,26.17,4.02,Normal
3862,90.85,64.59,1.12,Normal
3863,106.06,54.53,6.05,Normal
3864,91.32,67.81,3.35,Normal
3865,96.15,34.34,4.13,Normal
3866,93.46,64.61,4.32,Precaución
3867,104.33,41.92,5.84,Normal
3868,120.65,75.19,6.08,Normal
3869,113.77,16.68,6.18,Normal
3870,100.95,40.88,2.72,Normal
3871,107.73,65.2,4.58,Normal
3872,91.91,10.34,5.69,Normal
3873,117.03,20.94,4.16,Normal
3874,87.86,5.78,5.02,Normal
3875,90.39,68.07,4.54,Normal
3876,112.29,61.66,4.04,Normal
3877,116.04,46.06,4.94,Normal
3878,97.33,48.23,5.4,Normal
3879,108.64,5.88,6.69,Crítico
3880,97.44,70.96,4.14,Crítico
3881,104.52,5.12,4.84,Normal
3882,110.18,31.56,5.2,Crítico
3883,97.57,45.5,4.95,Precaución
3884,94.83,23.73,5.3,Normal
3885,113.03,24.37,4.67,Normal
3886,80.6,38.21,5.85,Normal
3887,102.22,27.87,5.14,Precaución
3888,98.69,65.56,4.86,Normal
3889,85.23,25.18,5.69,Normal
3890,98.3,61.28,4.95,Precaución
3891,105.62,22.23,5.91,Normal
3892,94.1,9.99,5.59,Normal
3893,109.9,34.7,5.63,Normal
3894,107.32,41.74,3.83,Normal
3895,117.72,52.62,5.14,Normal
3896,103.64,15.44,4.18,Normal
3897,100.71,32.86,6.04,Normal
3898,100.18,45.56,4.27,Normal
3899,101.1,40.21,3.23,Precaución
3900,102.75,51.23,5.33,Crítico
3901,93.0,56.01,5.46,Normal
3902,120.09,15.51,5.65,Precaución
3903,112.88,40.94,4.99,Normal
3904,104.51,21.75,4.05,Normal
3905,119.51,79.29,4.17,Normal
3906,89.1,44.23,5.62,Crítico
3907,96.46,70.18,5.31,Normal
3908,94.44,37.53,5.75,Normal
3909,97.37,14.65,6.35,Precaución
3910,91.97,64.77,4.68,Normal
3911,107.53,24.73,5.9,Crítico
3912,107.31,28.97,6.2,Normal
3913,99.2,16.74,5.42,Normal
3914,103.96,29.49,5.28,Normal
3915,99.92,59.88,4.04,Normal
3916,87.93,13.37,5.58,Normal
3917,104.09,77.8,6.49,Precaución
3918,93.07,36.33,4.4,Crítico
3919,91.23,24.17,4.0,Precaución
3920,98.55,14.53,5.41,Normal
3921,94.04,70.86,5.29,Crítico
3922,106.25,17.46,3.95,Precaución
3923,92.22,68.73,5.6,Normal
3924,97.04,46.32,6.22,Normal
3925,99.71,74.32,5.8,Precaución
3926,101.95,8.13,5.13,Normal
3927,93.17,73.1,4.18,Normal
3928,111.34,78.46,4.72,Crítico
3929,100.55,5.08,5.93,Precaución
3930,115.3,46.53,5.91,Normal
3931,109.19,66.53,2.37,Normal
3932,97.44,64.48,6.69,Normal
3933,93.51,49.03,2.72,Normal
3934,90.55,72.41,4.67,Normal
3935,96.19,20.28,6.34,Normal
3936,96.97,12.72,5.08,Precaución
3937,96.51,44.4,4.76,Normal
3938,106.61,20.59,2.85,Precaución
3939,104.9,32.47,3.47,Normal
3940,123.11,73.43,2.79,Normal
3941,86.96,56.22,4.56,Normal
3942,94.84,15.08,4.15,Normal
3943,84.29,71.9,7.25,Normal
3944,109.36,37.38,5.73,Crítico
3945,98.01,56.13,4.85,Crítico
3946,120.34,6.94,4.59,Precaución
3947,100.61,43.94,5.85,Normal
3948,115.71,40.8,5.27,Precaución
3949,111.0,34.12,4.71,Normal
3950,75.15,58.79,5.66,Normal
3951,104.04,6.2,5.16,Normal
3952,121.93,39.35,4.94,Normal
3953,122.27,34.18,5.06,Normal
3954,111.98,57.61,2.27,Normal
3955,101.99,12.51,5.07,Normal
3956,108.08,53.81,6.23,Normal
3957,87.79,12.58,4.38,Normal
3958,99.2,25.97,3.96,Normal
3959,100.82,33.06,5.44,Normal
3960,89.78,27.53,4.49,Normal
3961,93.4,43.65,5.45,Normal
3962,114.77,63.91,4.53,Normal
3963,93.2,55.89,4.05,Normal
3964,97.81,36.88,4.63,Normal
3965,112.79,68.21,4.11,Normal
3966,92.73,27.23,4.26,Normal
3967,105.75,7.77,5.05,Normal
3968,115.93,67.25,4.43,Normal
3969,114.0,36.54,4.97,Normal
3970,92.64,42.16,5.05,Normal
3971,95.46,47.47,3.68,Normal
3972,92.68,75.59,5.08,Normal
3973,104.0,70.41,4.35,Precaución
3974,107.45,15.84,4.58,Normal
3975,92.48,78.03,5.6,Normal
3976,98.17,67.52,5.24,Normal
3977,101.53,29.04,5.24,Normal
3978,110.86,46.84,5.79,Normal
3979,102.55,69.81,2.11,Normal
3980,109.03,25.34,4.8,Precaución
3981,105.14,53.47,5.27,Normal
3982,80.53,32.68,3.23,Normal
3983,95.31,66.49,5.05,Normal
3984,102.78,68.57,5.29,Normal
3985,106.49,52.01,4.4,Normal
3986,108.83,51.54,4.41,Normal
3987,115.53,12.49,6.91,Normal
3988,110.93,77.67,3.67,Normal
3989,97.37,19.28,5.79,Normal
3990,107.29,70.05,5.65,Normal
3991,118.88,66.98,5.75,Normal
3992,78.46,9.3,5.9,Normal
3993,105.97,23.08,3.75,Normal
3994,98.97,26.3,5.01,Normal
3995,91.92,37.39,4.13,Normal
3996,98.63,52.89,6.12,Normal
3997,92.88,68.8,7.64,Precaución
3998,91.86,51.39,4.29,Normal
3999,122.3,73.33,5.54,Normal
4000,103.71,62.07,4.93,Precaución
4001,90.62,50.66,4.07,Normal
4002,101.57,24.06,6.55,Crítico
4003,106.56,29.44,6.95,Normal
4004,99.93,43.66,3.16,Normal
4005,95.05,32.78,5.0,Precaución
4006,99.44,68.34,8.39,Precaución
4007,117.65,20.92,4.29,Crítico
4008,92.97,47.75,4.29,Normal
4009,93.23,17.02,5.67,Normal
4010,102.06,45.73,5.11,Normal
4011,94.84,64.8,4.67,Normal
4012,112.09,11.29,4.44,Normal
4013,95.61,44.49,6.09,Crítico
4014,121.98,11.92,5.71,Normal
4015,107.56,58.98,4.11,Precaución
4016,108.1,68.76,4.49,Normal
4017,86.86,45.03,5.0,Normal
4018,111.0,13.25,5.07,Normal
4019,87.34,9.82,5.08,Normal
4020,103.09,40.69,3.91,Normal
4021,93.34,66.71,2.53,Normal
4022,94.34,24.64,4.99,Normal
4023,109.02,40.92,6.43,Precaución
4024,90.4,67.96,2.71,Normal
4025,100.62,55.97,4.69,Normal
4026,121.33,71.84,5.26,Normal
4027,87.57,45.15,4.21,Normal
4028,104.81,38.36,7.6,Normal
4029,93.79,30.63,6.76,Normal
4030,90.21,24.21,4.75,Normal
4031,113.39,43.98,4.91,Normal
4032,88.36,28.83,6.87,Normal
4033,103.01,34.14,8.04,Normal
4034,90.56,21.72,5.5,Normal
4035,85.93,43.36,3.89,Crítico
4036,100.93,52.24,3.2,Normal
4037,93.79,19.81,4.41,Precaución
4038,89.04,58.51,5.97,Precaución
4039,85.09,40.82,6.22,Normal
4040,96.9,15.71,6.01,Normal
4041,102.38,40.4,5.32,Normal
4042,102.14,6.06,5.05,Normal
4043,107.64,74.3,5.31,Normal
4044,97.3,11.34,3.32,Normal
4045,103.17,49.6,5.28,Normal
4046,107.2,5.57,3.55,Normal
4047,96.37,25.42,6.0,Crítico
4048,122.15,77.99,4.66,Normal
4049,103.66,15.73,5.92,Normal
4050,115.74,40.02,5.46,Normal
4051,94.07,14.16,4.12,Precaución
4052,95.79,6.18,1.87,Crítico
4053,101.45,51.47,6.55,Normal
4054,101.82,52.44,6.6,Crítico
4055,110.78,18.7,4.68,Normal
4056,94.07,47.94,5.02,Normal
4057,101.16,27.08,3.72,Precaución
4058,91.13,78.18,6.81,Normal
4059,106.12,46.73,3.95,Normal
4060,95.99,27.55,6.21,Crítico
4061,73.06,77.64,3.79,Crítico
4062,100.41,16.04,6.24,Normal
4063,90.47,15.02,5.7,Precaución
4064,104.64,25.82,4.61,Normal
4065,97.47,68.6,5.24,Normal
4066,96.91,20.84,5.57,Normal
4067,94.73,34.84,3.91,Normal
4068,99.38,55.73,4.95,Normal
4069,83.52,40.93,5.29,Precaución
4070,106.19,19.95,5.95,Normal
4071,99.95,60.31,5.96,Normal
4072,88.38,24.69,5.28,Crítico
4073,85.88,21.31,6.0,Normal
4074,106.03,36.36,8.68,Normal
4075,102.96,7.44,4.71,Normal
4076,84.0,10.65,5.25,Normal
4077,104.6,79.75,4.32,Normal
4078,101.85,70.93,4.7,Normal
4079,105.16,14.3,6.1,Normal
4080,79.12,14.89,5.69,Crítico
4081,111.51,35.5,5.01,Precaución
4082,77.28,44.48,4.76,Normal
4083,79.69,62.57,3.07,Normal
4084,105.28,40.35,6.27,Normal
4085,96.9,25.36,4.03,Precaución
4086,115.09,18.6,4.75,Normal
4087,96.04,31.14,5.81,Normal
4088,111.45,61.29,5.27,Normal
4089,96.79,49.2,3.97,Normal
4090,98.65,67.66,5.82,Precaución
4091,120.67,9.49,5.16,Precaución
4092,111.15,14.72,3.35,Crítico
4093,94.42,35.46,6.01,Normal
4094,108.88,23.99,5.83,Normal
4095,112.09,67.09,3.7,Normal
4096,105.88,53.01,5.52,Normal
4097,90.39,11.53,5.69,Normal
4098,82.63,10.84,4.44,Precaución
4099,85.87,73.7,2.18,Normal
4100,97.36,54.86,5.05,Normal
4101,107.05,50.4,3.51,Normal
4102,113.88,56.17,4.69,Precaución
4103,109.14,29.64,6.13,Normal
4104,99.45,75.23,3.33,Normal
4105,93.1,78.57,5.64,Normal
4106,113.51,32.25,5.17,Normal
4107,114.63,46.57,5.0,Crítico
4108,92.93,51.3,5.62,Normal
4109,101.04,67.1,4.71,Crítico
4110,104.56,32.16,6.22,Normal
4111,102.07,16.9,3.83,Normal
4112,86.84,59.13,4.56,Normal
4113,104.86,68.96,6.53,Normal
4114,101.09,57.08,6.15,Normal
4115,100.84,40.79,7.01,Normal
4116,104.73,46.68,3.51,Crítico
4117,114.79,55.39,3.67,Precaución
4118,99.54,32.77,4.53,Precaución
4119,99.67,30.49,3.14,Precaución
4120,93.4,36.31,4.54,Precaución
4121,110.72,25.48,4.53,Normal
4122,104.81,68.86,5.3,Normal
4123,94.93,11.06,3.14,Normal
4124,92.05,54.91,6.57,Crítico
4125,110.45,68.01,6.4,Normal
4126,93.72,79.02,3.77,Normal
4127,100.69,52.04,4.61,Normal
4128,116.38,24.34,4.3,Normal
4129,92.33,76.26,5.49,Precaución
4130,102.74,50.43,4.5,Normal
4131,111.96,64.16,4.47,Normal
4132,95.67,7.11,6.17,Normal
4133,90.78,38.4,5.78,Normal
4134,95.04,25.67,2.43,Precaución
4135,107.32,40.18,6.59,Normal
4136,116.05,47.05,5.05,Normal
4137,112.11,63.52,4.46,Normal
4138,93.14,60.78,5.41,Normal
4139,98.93,21.52,4.03,Crítico
4140,106.71,27.1,4.2,Normal
4141,89.77,22.88,5.11,Normal
4142,93.35,24.3,6.74,Precaución
4143,93.05,20.22,6.29,Normal
4144,94.09,67.28,6.16,Normal
4145,115.55,45.55,5.31,Normal
4146,86.29,30.6,4.02,Crítico
4147,84.03,47.33,5.32,Precaución
4148,103.73,52.65,3.44,Crítico
4149,115.2,22.7,7.22,Crítico
4150,88.03,41.66,6.78,Normal
4151,96.25,26.58,4.79,Normal
4152,95.73,55.24,5.33,Precaución
4153,96.41,60.71,5.25,Normal
4154,105.31,72.25,6.53,Normal
4155,91.81,6.71,6.33,Normal
4156,103.23,71.73,6.77,Normal
4157,108.71,40.82,4.22,Normal
4158,124.65,55.15,4.69,Normal
4159,116.76,71.34,4.98,Precaución
4160,109.27,71.18,6.17,Normal
4161,76.95,27.29,3.36,Normal
4162,110.67,21.47,5.21,Normal
4163,95.91,38.75,4.19,Normal
4164,89.53,71.75,5.06,Normal
4165,100.19,24.38,5.0,Precaución
4166,99.49,72.47,5.67,Precaución
4167,96.12,40.72,6.17,Crítico
4168,90.29,72.3,4.73,Normal
4169,102.09,16.53,6.53,Normal
4170,98.96,12.83,5.7,Crítico
4171,97.87,61.23,4.42,Normal
4172,115.11,19.95,5.2,Precaución
4173,98.77,13.32,6.91,Precaución
4174,103.48,13.73,4.27,Normal
4175,107.02,58.98,5.81,Normal
4176,91.67,42.67,6.54,Precaución
4177,105.06,20.72,6.44,Normal
4178,100.14,32.19,3.09,Precaución
4179,73.18,16.53,4.77,Normal
4180,100.24,16.32,6.14,Normal
4181,95.5,63.92,4.48,Normal
4182,111.08,75.62,4.19,Normal
4183,105.69,40.18,4.62,Crítico
4184,93.8,51.38,4.51,Normal
4185,101.33,11.42,5.05,Normal
4186,93.05,76.38,4.68,Precaución
4187,93.33,14.57,5.12,Crítico
4188,108.79,28.6,2.78,Precaución
4189,94.5,17.72,7.16,Normal
4190,97.81,47.29,3.48,Normal
4191,94.62,46.13,5.29,Normal
4192,90.46,58.26,5.58,Precaución
4193,100.65,42.25,2.48,Normal
4194,104.8,52.83,4.75,Normal
4195,109.16,63.11,5.97,Normal
4196,98.58,21.42,5.81,Normal
4197,102.01,35.12,5.3,Normal
4198,103.58,37.77,5.67,Normal
4199,97.72,16.38,4.83,Normal
4200,97.92,29.47,6.15,Precaución
4201,91.89,68.34,5.12,Precaución
4202,95.35,47.3,2.83,Normal
4203,101.2,25.29,5.8,Precaución
4204,103.67,71.44,1.8,Normal
4205,73.5,53.11,7.43,Normal
4206,89.48,8.73,6.85,Normal
4207,103.04,17.15,4.68,Normal
4208,111.84,13.24,4.46,Normal
4209,93.71,8.76,4.09,Crítico
4210,111.88,23.7,5.12,Normal
4211,106.67,54.36,3.12,Normal
4212,108.54,53.16,4.03,Crítico
4213,115.25,20.72,4.5,Normal
4214,96.97,24.43,4.5,Normal
4215,109.35,8.45,6.52,Crítico
4216,110.4,50.64,4.89,Normal
4217,112.68,52.29,4.83,Normal
4218,119.43,37.22,4.69,Normal
4219,90.16,79.24,3.58,Normal
4220,95.15,50.14,4.65,Normal
4221,99.31,20.02,4.46,Normal
4222,85.47,43.88,5.36,Normal
4223,97.67,79.38,4.77,Normal
4224,93.68,69.37,2.89,Normal
4225,100.56,9.6,5.27,Normal
4226,105.34,14.16,4.86,Normal
4227,101.08,27.91,5.64,Normal
4228,90.41,54.61,5.53,Normal
4229,111.64,44.38,7.74,Normal
4230,98.14,14.61,5.42,Normal
4231,74.97,29.84,5.98,Precaución
4232,94.06,29.98,4.38,Normal
4233,84.82,20.99,5.43,Normal
4234,112.87,33.68,6.11,Normal
4235,93.38,47.53,5.42,Normal
4236,81.27,16.58,3.17,Normal
4237,103.28,29.38,5.61,Crítico
4238,101.1,35.21,5.04,Normal
4239,100.77,10.07,6.78,Precaución
4240,94.32,61.38,5.9,Normal
4241,91.93,77.8,3.43,Normal
4242,91.91,65.27,4.6,Precaución
4243,108.2,45.58,4.23,Precaución
4244,109.99,35.08,6.06,Normal
4245,90.07,45.4,7.3,Normal
4246,104.64,70.38,6.15,Normal
4247,123.8,12.76,4.83,Precaución
4248,90.39,26.42,3.9,Precaución
4249,85.16,71.4,4.91,Normal
4250,88.55,13.22,4.76,Normal
4251,87.62,55.6,6.59,Normal
4252,92.71,18.5,4.04,Normal
4253,100.2,10.89,5.35,Normal
4254,85.15,33.63,4.29,Normal
4255,112.96,36.4,6.66,Normal
4256,112.35,65.15,3.55,Normal
4257,104.58,52.04,4.53,Normal
4258,97.62,32.57,4.96,Crítico
4259,100.41,11.61,6.36,Normal
4260,103.43,60.84,2.65,Crítico
4261,84.88,34.39,3.94,Normal
4262,111.54,37.93,5.61,Normal
4263,87.11,20.07,3.41,Normal
4264,102.59,51.59,3.4,Crítico
4265,97.35,50.9,5.14,Precaución
4266,95.58,45.51,6.65,Crítico
4267,116.84,63.04,5.27,Normal
4268,96.26,7.41,5.89,Normal
4269,80.71,13.74,5.29,Normal
4270,96.45,42.85,3.34,Normal
4271,80.29,69.83,4.72,Normal
4272,92.67,16.31,5.21,Normal
4273,90.98,59.65,3.21,Precaución
4274,92.37,22.5,4.58,Precaución
4275,109.09,40.08,4.04,Normal
4276,101.73,27.17,4.75,Precaución
4277,115.22,56.53,5.63,Normal
4278,95.58,62.95,4.05,Normal
4279,103.11,10.35,5.84,Normal
4280,97.64,50.92,1.98,Normal
4281,103.81,27.78,4.24,Normal
4282,111.94,32.83,5.34,Normal
4283,83.25,35.19,6.38,Normal
4284,103.14,39.74,5.36,Normal
4285,104.98,58.91,3.79,Precaución
4286,83.02,67.77,3.89,Precaución
4287,93.3,47.02,3.78,Normal
4288,96.97,61.4,6.2,Normal
4289,100.93,78.43,4.71,Normal
4290,97.45,30.85,4.08,Normal
4291,132.17,34.12,6.85,Crítico
4292,87.37,40.75,5.87,Precaución
4293,108.11,21.3,4.73,Precaución
4294,102.88,39.86,5.2,Normal
4295,112.29,26.13,6.24,Precaución
4296,82.41,54.7,6.83,Normal
4297,98.95,11.72,4.88,Normal
4298,108.17,39.62,6.37,Normal
4299,113.57,76.28,7.21,Normal
4300,105.0,36.58,3.44,Normal
4301,98.49,75.48,6.87,Precaución
4302,112.81,43.56,3.44,Normal
4303,92.41,61.63,5.38,Normal
4304,89.75,20.19,2.48,Precaución
4305,90.9,67.47,5.11,Normal
4306,91.1,17.6,5.01,Normal
4307,104.9,43.99,5.26,Normal
4308,108.47,6.9,4.92,Normal
4309,100.46,78.78,5.85,Crítico
4310,105.18,39.1,5.01,Normal
4311,122.64,33.35,6.01,Crítico
4312,111.38,30.33,4.99,Normal
4313,90.18,67.79,3.21,Normal
4314,119.83,12.14,5.02,Precaución
4315,106.01,75.74,4.67,Normal
4316,108.43,13.12,6.98,Crítico
4317,81.59,21.15,5.43,Precaución
4318,103.52,66.99,3.49,Normal
4319,89.66,58.51,4.75,Normal
4320,110.36,18.54,3.93,Normal
4321,107.19,47.69,4.08,Normal
4322,113.2,77.91,4.45,Normal
4323,111.33,77.77,4.22,Crítico
4324,90.44,20.91,4.9,Normal
4325,99.47,19.05,5.01,Normal
4326,123.43,68.64,4.84,Normal
4327,87.67,54.53,4.05,Precaución
4328,81.45,55.28,4.52,Normal
4329,106.2,14.9,4.62,Normal
4330,99.37,25.2,3.73,Normal
4331,96.7,30.84,4.97,Crítico
4332,96.7,19.45,3.35,Precaución
4333,112.06,11.09,5.26,Crítico
4334,86.99,18.08,5.73,Normal
4335,102.8,70.37,2.57,Normal
4336,116.54,23.01,6.58,Normal
4337,87.51,53.6,6.62,Normal
4338,96.36,14.48,4.97,Precaución
4339,106.17,26.11,7.66,Normal
4340,96.39,34.46,5.88,Normal
4341,100.82,47.72,5.11,Normal
4342,85.95,74.25,3.75,Normal
4343,109.23,25.91,5.4,Normal
4344,117.93,33.24,4.79,Crítico
4345,110.98,58.69,5.97,Crítico
4346,94.33,6.77,4.53,Normal
4347,119.58,11.35,4.81,Crítico
4348,84.37,51.52,4.7,Normal
4349,100.82,50.52,5.64,Normal
4350,92.18,23.62,5.5,Normal
4351,90.47,51.48,6.53,Normal
4352,109.03,22.91,3.72,Normal
4353,88.98,47.23,4.32,Precaución
4354,104.15,27.4,5.35,Normal
4355,99.77,29.99,3.49,Normal
4356,104.2,72.83,5.42,Normal
4357,99.76,37.7,6.17,Normal
4358,92.83,70.21,6.36,Normal
4359,90.7,34.39,3.43,Normal
4360,97.24,50.53,5.37,Normal
4361,110.2,35.94,3.53,Normal
4362,97.54,76.51,3.02,Normal
4363,116.06,56.64,2.46,Precaución
4364,97.62,59.61,4.34,Normal
4365,93.2,54.73,5.27,Normal
4366,94.62,79.78,5.04,Normal
4367,113.62,44.8,6.61,Crítico
4368,117.13,13.12,2.94,Normal
4369,72.58,67.65,6.17,Normal
4370,106.14,21.55,5.21,Normal
4371,89.1,58.89,3.95,Normal
4372,98.62,79.39,5.98,Normal
4373,111.01,32.49,5.57,Crítico
4374,90.34,18.48,3.83,Normal
4375,107.69,33.63,5.56,Normal
4376,99.6,37.72,5.36,Normal
4377,104.61,13.46,5.07,Normal
4378,103.57,9.88,6.71,Normal
4379,95.73,11.52,6.21,Precaución
4380,92.44,15.34,4.0,Normal
4381,115.77,13.54,5.98,Normal
4382,113.15,74.46,5.44,Normal
4383,100.22,42.74,4.24,Precaución
4384,89.86,8.97,4.01,Normal
4385,104.84,23.86,2.81,Normal
4386,111.2,68.1,4.86,Normal
4387,102.07,77.52,3.38,Crítico
4388,90.78,50.57,4.23,Normal
4389,100.21,5.2,5.33,Normal
4390,104.35,74.8,5.39,Normal
4391,101.51,38.6,5.05,Normal
4392,111.38,65.61,5.8,Crítico
4393,106.99,34.05,3.15,Crítico
4394,111.24,16.56,5.8,Normal
4395,97.46,74.7,5.23,Normal
4396,111.55,66.74,3.1,Crítico
4397,107.4,35.67,4.41,Normal
4398,112.33,37.37,5.28,Precaución
4399,105.87,20.49,4.82,Normal
4400,97.57,44.15,3.5,Normal
4401,106.38,17.39,6.44,Normal
4402,100.09,53.78,5.67,Normal
4403,114.4,64.43,4.95,Precaución
4404,117.91,73.45,6.85,Precaución
4405,86.68,77.4,4.36,Normal
4406,101.52,31.81,4.05,Normal
4407,100.96,44.52,4.46,Normal
4408,101.16,49.67,3.81,Normal
4409,92.08,74.49,3.83,Normal
4410,106.55,24.62,5.55,Crítico
4411,90.81,50.93,5.31,Normal
4412,97.85,10.79,4.53,Normal
4413,87.43,48.69,5.37,Normal
4414,106.72,52.48,6.11,Crítico
4415,92.25,76.28,5.38,Precaución
4416,84.89,26.12,4.98,Normal
4417,96.12,57.61,3.31,Normal
4418,84.52,54.71,5.62,Precaución
4419,87.1,9.21,4.92,Crítico
4420,95.7,58.1,5.89,Precaución
4421,101.03,43.77,5.45,Normal
4422,103.67,13.65,5.47,Normal
4423,93.19,14.72,5.5,Normal
4424,90.95,32.41,6.05,Normal
4425,91.33,41.78,5.37,Normal
4426,103.51,35.92,4.46,Crítico
4427,112.21,27.36,4.04,Normal
4428,84.87,60.56,5.0,Precaución
4429,111.24,45.04,3.92,Normal
4430,80.65,56.16,3.49,Crítico
4431,101.24,26.78,6.9,Normal
4432,99.37,17.17,4.39,Precaución
4433,95.86,53.76,3.77,Normal
4434,85.91,33.62,2.82,Normal
4435,107.52,12.24,5.55,Normal
4436,95.54,10.72,6.19,Normal
4437,101.12,68.97,4.7,Normal
4438,97.91,59.84,3.11,Normal
4439,86.11,64.95,3.87,Normal
4440,105.08,38.17,3.88,Normal
4441,91.61,41.3,5.96,Normal
4442,98.18,48.83,5.1,Precaución
4443,100.75,71.64,8.42,Precaución
4444,99.65,46.87,6.18,Normal
4445,83.89,77.3,7.61,Precaución
4446,105.09,58.21,4.56,Normal
4447,82.43,21.1,3.1,Normal
4448,117.92,40.03,5.95,Normal
4449,104.11,29.46,6.89,Normal
4450,103.16,6.24,3.58,Normal
4451,102.83,64.77,3.72,Precaución
4452,113.6,12.61,6.04,Precaución
4453,93.53,33.97,5.43,Normal
4454,106.55,61.0,8.58,Normal
4455,92.58,65.68,4.71,Normal
4456,101.41,29.26,6.33,Precaución
4457,100.71,42.33,6.98,Precaución
4458,100.22,75.63,5.41,Normal
4459,112.09,75.26,4.06,Precaución
4460,88.13,17.57,6.65,Crítico
4461,103.38,30.84,5.85,Normal
4462,95.7,13.59,5.56,Crítico
4463,108.35,58.36,5.6,Precaución
4464,102.75,44.79,4.72,Normal
4465,95.71,37.64,2.56,Precaución
4466,111.48,10.07,4.74,Precaución
4467,117.31,49.15,4.94,Normal
4468,100.08,25.6,4.48,Precaución
4469,100.51,51.29,6.61,Normal
4470,83.85,18.51,6.42,Normal
4471,90.43,34.34,5.43,Normal
4472,115.54,20.46,3.0,Precaución
4473,95.59,67.42,4.71,Normal
4474,92.1,20.59,4.77,Precaución
4475,101.63,65.46,5.56,Normal
4476,109.5,30.5,5.75,Crítico
4477,115.16,30.69,5.24,Normal
4478,100.45,28.28,5.64,Normal
4479,101.7,59.61,2.8,Normal
4480,106.9,11.31,5.39,Normal
4481,103.67,48.61,2.68,Normal
4482,106.44,58.08,5.7,Normal
4483,100.76,63.82,4.38,Normal
4484,97.46,46.23,5.72,Normal
4485,107.51,56.8,5.1,Normal
4486,95.94,16.6,5.37,Normal
4487,91.31,54.76,4.32,Normal
4488,88.17,27.47,4.51,Precaución
4489,92.79,6.41,6.61,Precaución
4490,112.07,24.49,4.98,Normal
4491,93.19,22.57,5.28,Normal
4492,91.03,59.45,3.26,Precaución
4493,95.42,76.1,6.73,Precaución
4494,110.34,24.36,6.97,Normal
4495,92.18,74.97,3.7,Normal
4496,91.26,19.86,4.93,Normal
4497,118.27,30.19,5.08,Crítico
4498,106.27,67.54,3.38,Normal
4499,115.09,41.3,3.18,Normal
4500,110.79,78.58,2.34,Normal
4501,86.48,35.33,2.34,Precaución
4502,101.59,30.47,4.28,Normal
4503,109.06,17.45,4.38,Normal
4504,93.32,16.3,4.13,Normal
4505,105.05,40.62,4.21,Normal
4506,107.61,31.39,4.28,Normal
4507,114.69,68.4,5.83,Normal
4508,114.65,52.3,4.86,Normal
4509,96.33,16.12,3.66,Normal
4510,113.68,49.4,3.5,Normal
4511,108.79,39.75,5.81,Normal
4512,84.86,62.44,5.33,Normal
4513,100.77,23.72,5.47,Normal
4514,100.46,50.2,4.6,Normal
4515,88.83,72.53,6.3,Normal
4516,99.48,72.8,3.13,Normal
4517,79.97,50.75,3.9,Crítico
4518,110.07,43.19,5.32,Normal
4519,104.9,7.13,5.28,Normal
4520,105.11,42.79,6.41,Normal
4521,110.89,59.0,6.12,Precaución
4522,99.22,5.01,5.74,Normal
4523,112.19,55.72,3.96,Normal
4524,97.95,76.85,4.49,Normal
4525,84.35,22.74,6.24,Normal
4526,104.75,27.09,3.02,Normal
4527,104.61,19.8,5.46,Normal
4528,97.0,13.6,3.46,Normal
4529,68.36,49.71,4.18,Normal
4530,98.1,30.06,4.43,Normal
4531,97.65,71.77,5.39,Crítico
4532,101.49,33.24,3.49,Normal
4533,102.91,14.43,4.37,Normal
4534,94.57,27.57,2.49,Precaución
4535,95.18,10.58,5.43,Normal
4536,112.07,67.35,3.99,Normal
4537,97.65,66.05,6.86,Normal
4538,108.75,8.66,2.91,Crítico
4539,109.98,73.6,4.58,Normal
4540,88.39,26.27,3.38,Normal
4541,97.73,8.0,4.6,Normal
4542,78.99,46.14,4.84,Normal
4543,91.23,36.66,7.43,Crítico
4544,93.09,16.71,4.36,Normal
4545,109.72,46.73,4.11,Normal
4546,101.56,74.91,1.43,Precaución
4547,93.34,76.1,4.98,Crítico
4548,102.88,73.8,4.49,Normal
4549,92.8,34.93,4.64,Precaución
4550,95.71,25.24,2.56,Normal
4551,106.63,53.54,3.63,Precaución
4552,108.94,39.14,5.6,Normal
4553,109.54,64.38,5.62,Precaución
4554,106.42,26.61,2.34,Normal
4555,101.97,9.25,4.91,Normal
4556,90.54,69.27,6.64,Normal
4557,125.49,46.95,5.83,Precaución
4558,103.86,53.45,5.29,Normal
4559,78.64,61.99,4.46,Normal
4560,99.41,23.42,5.69,Normal
4561,95.12,34.45,5.17,Precaución
4562,97.31,78.03,6.27,Precaución
4563,108.35,41.26,3.63,Precaución
4564,100.76,46.07,3.9,Precaución
4565,102.53,53.16,5.22,Normal
4566,112.36,21.26,4.62,Normal
4567,94.71,15.1,3.54,Crítico
4568,98.42,47.66,4.07,Precaución
4569,93.19,63.28,4.11,Precaución
4570,93.13,54.23,5.58,Normal
4571,91.57,6.93,5.3,Normal
4572,94.14,6.89,4.1,Precaución
4573,95.85,20.96,3.96,Crítico
4574,78.23,20.32,6.77,Crítico
4575,106.2,58.41,4.95,Precaución
4576,89.21,7.21,4.68,Normal
4577,83.45,50.59,4.37,Precaución
4578,98.93,54.34,3.71,Normal
4579,118.91,19.77,5.5,Precaución
4580,96.63,43.36,5.21,Normal
4581,95.41,14.26,6.2,Normal
4582,95.33,33.11,7.99,Crítico
4583,118.47,47.42,7.29,Normal
4584,107.05,50.4,6.11,Crítico
4585,78.86,32.93,3.16,Normal
4586,114.26,9.23,4.43,Normal
4587,97.01,39.7,4.67,Normal
4588,118.3,59.89,4.57,Precaución
4589,91.13,65.02,4.9,Normal
4590,92.02,61.37,6.99,Normal
4591,82.97,34.7,5.1,Precaución
4592,98.52,10.09,5.76,Precaución
4593,88.63,13.66,6.46,Crítico
4594,103.48,32.8,5.94,Crítico
4595,105.98,20.62,7.46,Normal
4596,89.84,49.49,4.7,Precaución
4597,90.88,48.0,5.01,Normal
4598,95.24,15.85,5.54,Normal
4599,83.59,36.58,3.89,Precaución
4600,104.93,61.4,4.15,Normal
4601,90.32,31.24,4.48,Normal
4602,97.93,60.79,5.56,Normal
4603,104.57,37.43,4.51,Precaución
4604,108.8,54.57,5.33,Normal
4605,78.27,21.51,5.23,Normal
4606,121.04,61.42,5.61,Normal
4607,102.64,63.99,6.03,Normal
4608,111.44,54.65,3.78,Normal
4609,94.75,48.0,6.84,Normal
4610,101.99,54.21,5.6,Crítico
4611,90.28,79.3,6.35,Normal
4612,94.64,64.57,3.78,Precaución
4613,108.05,33.12,4.78,Crítico
4614,104.33,72.58,5.74,Normal
4615,107.85,71.75,5.79,Precaución
4616,96.79,40.08,7.21,Precaución
4617,91.34,41.75,7.66,Normal
4618,99.66,79.89,5.63,Precaución
4619,90.6,50.21,5.25,Precaución
4620,101.23,55.52,5.76,Normal
4621,105.46,73.23,5.65,Normal
4622,93.37,36.48,4.72,Crítico
4623,119.03,39.07,5.49,Normal
4624,94.67,17.54,4.38,Precaución
4625,96.56,56.82,4.66,Normal
4626,98.87,60.28,5.99,Normal
4627,93.52,12.42,6.5,Normal
4628,105.14,35.25,4.82,Normal
4629,125.95,65.3,4.21,Precaución
4630,98.98,66.19,4.5,Normal
4631,98.98,11.29,3.09,Normal
4632,106.99,36.29,3.5,Normal
4633,98.1,8.15,5.46,Normal
4634,101.21,77.4,5.69,Precaución
4635,104.62,29.79,3.71,Precaución
4636,106.36,40.22,5.53,Normal
4637,100.31,58.98,4.8,Normal
4638,94.28,79.34,5.44,Normal
4639,100.19,24.85,4.91,Crítico
4640,80.31,17.75,4.04,Precaución
4641,92.38,8.5,2.63,Normal
4642,90.56,16.79,5.01,Normal
4643,114.55,35.84,4.45,Normal
4644,111.37,20.59,3.86,Normal
4645,94.88,15.19,3.7,Normal
4646,113.37,36.65,4.56,Normal
4647,101.03,54.9,5.64,Precaución
4648,118.92,43.47,6.19,Normal
4649,88.66,8.21,5.56,Normal
4650,107.96,29.58,2.93,Normal
4651,107.82,61.2,8.75,Normal
4652,95.41,9.4,4.68,Precaución
4653,113.01,12.18,6.55,Normal
4654,106.53,64.36,6.99,Precaución
4655,106.02,25.53,4.47,Normal
4656,112.93,24.63,5.41,Crítico
4657,90.33,36.16,7.71,Normal
4658,102.68,53.14,6.76,Normal
4659,91.88,64.83,7.7,Normal
4660,92.71,37.07,4.67,Precaución
4661,111.69,33.56,3.48,Normal
4662,110.11,11.84,5.32,Precaución
4663,106.71,60.02,3.28,Normal
4664,81.36,71.01,3.4,Normal
4665,101.91,73.18,7.79,Normal
4666,101.87,23.59,6.58,Normal
4667,93.79,44.73,7.16,Normal
4668,103.51,45.88,2.89,Normal
4669,112.02,72.22,4.97,Crítico
4670,94.22,16.85,4.15,Normal
4671,114.74,34.61,3.21,Normal
4672,104.42,41.52,3.42,Precaución
4673,84.39,33.32,3.83,Crítico
4674,114.51,75.74,6.5,Normal
4675,95.56,72.37,4.06,Precaución
4676,111.02,58.4,5.89,Normal
4677,100.6,20.93,3.78,Normal
4678,110.36,67.88,5.69,Precaución
4679,100.16,77.87,6.69,Normal
4680,123.4,48.29,4.55,Precaución
4681,116.22,62.62,5.36,Normal
4682,90.63,79.41,3.97,Normal
4683,99.52,34.34,5.75,Normal
4684,107.08,15.34,4.88,Precaución
4685,98.16,8.7,5.67,Normal
4686,95.84,34.55,5.04,Normal
4687,86.64,8.57,2.95,Normal
4688,100.12,57.97,4.93,Crítico
4689,97.29,12.36,5.24,Normal
4690,87.94,20.88,3.05,Normal
4691,93.18,41.1,4.31,Normal
4692,90.66,60.88,4.46,Normal
4693,86.64,7.17,4.82,Crítico
4694,95.43,47.88,6.12,Normal
4695,87.08,41.28,5.25,Normal
4696,88.18,14.55,5.65,Normal
4697,115.97,24.23,5.87,Crítico
4698,106.35,20.23,2.47,Normal
4699,100.31,53.53,2.64,Normal
4700,94.67,61.15,6.57,Normal
4701,112.35,61.37,4.11,Normal
4702,100.65,33.59,4.25,Normal
4703,88.45,73.19,5.41,Normal
4704,98.62,71.82,3.06,Normal
4705,116.46,74.39,6.21,Precaución
4706,94.81,75.73,3.43,Normal
4707,116.07,71.93,5.94,Precaución
4708,95.74,36.57,6.08,Crítico
4709,91.18,39.24,3.67,Normal
4710,102.18,29.23,2.97,Crítico
4711,113.23,33.21,6.2,Normal
4712,100.01,19.94,4.77,Normal
4713,102.34,72.98,6.06,Crítico
4714,107.47,9.17,2.99,Precaución
4715,81.24,40.87,4.69,Normal
4716,86.65,76.26,4.19,Normal
4717,98.68,64.64,3.15,Normal
4718,99.69,39.65,3.34,Normal
4719,95.59,5.36,4.71,Normal
4720,101.74,38.71,4.2,Normal
4721,109.45,18.78,4.96,Precaución
4722,109.65,5.8,6.02,Normal
4723,102.52,77.95,4.54,Normal
4724,81.26,78.25,7.69,Normal
4725,93.4,17.67,5.85,Precaución
4726,101.13,74.18,7.31,Normal
4727,94.16,68.86,6.43,Normal
4728,82.45,74.19,6.48,Normal
4729,88.61,15.46,6.07,Crítico
4730,116.5,57.63,4.92,Normal
4731,110.13,37.31,4.61,Normal
4732,89.33,16.78,4.66,Precaución
4733,92.34,68.7,3.56,Normal
4734,89.47,78.23,3.68,Normal
4735,96.46,72.21,6.18,Crítico
4736,101.96,41.84,4.83,Precaución
4737,102.6,70.09,5.54,Precaución
4738,121.6,8.87,4.88,Normal
4739,91.64,62.84,3.38,Precaución
4740,111.72,17.58,5.0,Normal
4741,96.8,49.02,3.7,Normal
4742,103.41,65.0,7.1,Normal
4743,111.69,62.49,5.63,Normal
4744,105.19,73.93,3.78,Precaución
4745,102.12,34.92,5.46,Normal
4746,86.88,47.03,3.11,Normal
4747,98.55,47.33,5.8,Crítico
4748,98.4,42.77,5.77,Normal
4749,92.89,54.34,5.81,Normal
4750,94.16,31.25,3.23,Crítico
4751,101.9,56.86,3.11,Precaución
4752,96.74,29.21,2.36,Normal
4753,101.34,69.1,5.64,Normal
4754,103.55,70.29,5.24,Normal
4755,97.33,67.53,6.96,Normal
4756,78.14,78.22,5.08,Normal
4757,105.48,12.46,4.75,Precaución
4758,111.24,62.08,5.68,Normal
4759,102.97,8.11,5.51,Normal
4760,99.1,62.86,5.78,Normal
4761,103.47,75.51,3.82,Normal
4762,96.98,15.9,4.91,Normal
4763,98.66,50.49,4.98,Normal
4764,89.14,29.68,3.56,Normal
4765,111.25,47.96,6.02,Precaución
4766,111.91,15.59,4.06,Precaución
4767,120.76,12.1,5.29,Normal
4768,131.78,67.99,2.77,Crítico
4769,102.98,43.7,6.11,Normal
4770,120.36,14.28,6.05,Precaución
4771,90.38,20.02,6.31,Normal
4772,104.25,29.37,4.01,Normal
4773,112.06,73.85,4.93,Normal
4774,83.52,43.82,4.4,Normal
4775,83.47,65.33,4.18,Normal
4776,104.03,79.64,3.83,Normal
4777,94.9,5.92,4.46,Normal
4778,108.74,62.79,4.76,Precaución
4779,89.08,66.29,5.99,Crítico
4780,92.67,77.03,4.27,Crítico
4781,96.13,44.58,6.67,Normal
4782,98.1,5.05,5.36,Precaución
4783,105.08,51.78,4.05,Normal
4784,94.63,41.31,5.6,Normal
4785,97.82,71.43,3.91,Crítico
4786,112.75,62.77,6.56,Normal
4787,89.7,28.22,8.08,Normal
4788,112.18,68.35,4.41,Normal
4789,96.98,27.91,2.56,Normal
4790,113.57,42.77,4.59,Crítico
4791,103.2,16.74,6.24,Normal
4792,99.91,67.73,6.32,Normal
4793,97.29,34.55,4.18,Precaución
4794,101.6,19.95,4.53,Normal
4795,110.19,74.27,6.8,Crítico
4796,104.03,50.72,4.14,Precaución
4797,92.89,8.17,4.56,Normal
4798,106.54,35.71,4.09,Normal
4799,112.42,59.97,4.68,Normal
4800,102.36,19.74,5.76,Normal
4801,87.12,54.91,4.21,Precaución
4802,82.32,41.26,4.54,Normal
4803,106.42,64.89,4.09,Normal
4804,106.99,53.64,4.78,Normal
4805,109.88,44.78,4.03,Precaución
4806,114.4,33.62,2.88,Normal
4807,109.1,21.24,4.9,Normal
4808,96.88,51.47,4.84,Normal
4809,115.61,63.86,5.15,Precaución
4810,91.62,16.49,4.22,Normal
4811,108.29,26.41,7.15,Normal
4812,106.81,75.92,5.8,Normal
4813,92.61,32.27,4.86,Normal
4814,93.43,29.63,5.12,Normal
4815,112.67,15.75,3.79,Precaución
4816,98.23,40.33,5.8,Normal
4817,104.45,39.34,3.68,Normal
4818,102.62,52.97,3.54,Precaución
4819,108.21,60.08,3.88,Precaución
4820,105.48,31.11,4.79,Crítico
4821,87.73,52.72,4.58,Normal
4822,108.66,40.66,6.11,Precaución
4823,86.07,71.28,2.14,Normal
4824,91.92,46.48,4.63,Normal
4825,82.87,11.45,5.64,Normal
4826,84.65,51.18,6.39,Precaución
4827,93.56,41.51,5.37,Normal
4828,92.53,69.78,3.77,Normal
4829,124.47,67.64,3.99,Normal
4830,94.88,63.7,4.05,Normal
4831,102.56,53.49,5.54,Normal
4832,77.59,45.05,5.69,Precaución
4833,99.38,32.72,3.74,Normal
4834,109.24,62.27,3.26,Normal
4835,96.86,10.26,6.66,Normal
4836,102.9,17.61,4.14,Crítico
4837,112.34,36.24,4.23,Precaución
4838,101.22,60.95,5.57,Normal
4839,120.66,29.58,5.96,Precaución
4840,93.14,37.31,4.82,Normal
4841,104.49,31.95,5.51,Normal
4842,78.14,53.06,4.69,Normal
4843,111.24,39.89,5.14,Normal
4844,112.52,60.09,4.12,Normal
4845,88.91,12.72,5.39,Normal
4846,87.66,60.96,6.37,Normal
4847,106.06,56.72,4.91,Precaución
4848,89.09,52.08,3.76,Normal
4849,113.15,42.05,3.57,Normal
4850,109.07,8.57,5.58,Precaución
4851,119.14,59.62,7.08,Normal
4852,91.85,13.08,3.05,Normal
4853,97.24,57.05,4.96,Normal
4854,108.75,36.34,5.41,Precaución
4855,106.1,46.95,4.99,Precaución
4856,104.59,50.27,4.22,Precaución
4857,110.57,58.22,5.06,Normal
4858,105.4,78.73,3.18,Normal
4859,99.18,79.38,5.56,Normal
4860,103.38,35.23,4.23,Normal
4861,99.3,59.69,5.84,Precaución
4862,92.2,59.4,5.0,Normal
4863,103.93,5.35,5.06,Normal
4864,113.29,79.0,7.78,Normal
4865,88.4,35.32,3.17,Normal
4866,111.74,7.85,4.92,Precaución
4867,84.65,15.7,3.73,Normal
4868,90.05,13.96,4.94,Normal
4869,96.46,71.83,5.37,Precaución
4870,100.36,77.84,3.91,Normal
4871,99.16,63.83,7.46,Precaución
4872,103.35,56.34,5.13,Precaución
4873,93.29,17.39,4.65,Crítico
4874,93.06,56.6,6.31,Crítico
4875,104.16,5.21,5.07,Normal
4876,97.69,64.76,3.74,Precaución
4877,100.2,63.71,3.77,Normal
4878,97.46,18.93,5.63,Normal
4879,87.96,76.29,3.87,Normal
4880,100.24,73.95,3.5,Precaución
4881,107.35,70.1,3.29,Normal
4882,112.16,39.5,5.1,Normal
4883,97.74,19.35,5.26,Precaución
4884,102.13,34.95,3.89,Normal
4885,95.86,36.37,5.36,Normal
4886,105.62,35.39,6.22,Normal
4887,104.45,36.04,6.01,Precaución
4888,103.43,54.77,1.82,Normal
4889,91.99,51.9,4.83,Precaución
4890,110.74,30.66,5.78,Normal
4891,112.77,76.32,4.85,Precaución
4892,92.5,33.14,6.34,Normal
4893,99.9,74.16,4.45,Precaución
4894,100.79,76.34,3.77,Precaución
4895,117.33,5.37,2.77,Normal
4896,100.95,52.55,3.54,Normal
4897,105.32,60.25,5.09,Crítico
4898,110.52,56.84,6.25,Crítico
4899,82.62,33.73,5.58,Normal
4900,109.87,35.25,6.31,Precaución
4901,90.98,65.06,5.2,Precaución
4902,102.99,14.16,4.01,Normal
4903,105.38,32.64,3.94,Normal
4904,101.42,65.71,3.89,Precaución
4905,109.14,77.95,5.1,Normal
4906,116.95,49.2,5.11,Normal
4907,101.22,53.44,5.36,Normal
4908,110.22,58.72,3.65,Normal
4909,88.04,9.6,3.77,Crítico
4910,85.96,58.66,4.02,Normal
4911,98.31,44.67,5.24,Normal
4912,109.13,34.85,3.12,Precaución
4913,94.61,71.83,3.29,Normal
4914,103.83,56.82,5.02,Precaución
4915,127.78,73.38,6.53,Normal
4916,98.84,21.62,6.53,Normal
4917,114.38,34.75,5.76,Normal
4918,92.65,25.67,2.83,Precaución
4919,97.54,36.73,4.23,Crítico
4920,84.48,36.6,3.95,Normal
4921,96.26,58.24,5.61,Precaución
4922,109.34,51.4,6.24,Precaución
4923,118.94,8.91,4.43,Normal
4924,108.07,9.21,4.38,Normal
4925,92.34,26.04,7.76,Normal
4926,93.73,55.75,6.3,Normal
4927,89.96,23.51,4.46,Normal
4928,105.0,63.12,6.19,Normal
4929,105.15,24.93,6.33,Normal
4930,94.89,39.41,5.1,Normal
4931,109.9,7.4,4.6,Normal
4932,108.37,20.07,4.84,Normal
4933,123.91,42.28,4.89,Precaución
4934,103.71,7.25,5.02,Precaución
4935,111.05,23.58,6.24,Normal
4936,112.7,73.32,4.41,Normal
4937,121.7,57.22,4.17,Crítico
4938,98.93,28.08,5.89,Normal
4939,118.82,78.48,5.68,Precaución
4940,89.89,31.25,4.38,Normal
4941,110.88,8.14,4.55,Normal
4942,84.62,25.7,4.7,Crítico
4943,108.12,38.27,4.56,Normal
4944,109.77,35.49,4.91,Normal
4945,93.95,58.75,4.09,Precaución
4946,117.02,48.92,6.01,Normal
4947,75.88,62.2,6.64,Precaución
4948,89.02,39.65,4.23,Normal
4949,107.82,22.51,2.88,Normal
4950,85.66,21.82,4.79,Normal
4951,88.59,7.99,4.79,Normal
4952,105.87,41.93,6.18,Normal
4953,95.01,63.52,4.87,Normal
4954,91.28,14.79,4.7,Crítico
4955,89.94,59.93,4.64,Normal
4956,89.09,37.98,5.59,Precaución
4957,109.91,25.82,6.93,Crítico
4958,92.67,48.28,5.79,Precaución
4959,90.93,12.45,3.98,Precaución
4960,84.04,40.71,7.84,Crítico
4961,93.43,13.66,4.11,Normal
4962,89.25,54.73,4.65,Normal
4963,100.37,56.4,5.72,Normal
4964,115.93,49.9,4.44,Normal
4965,101.03,20.7,4.84,Precaución
4966,86.58,76.21,5.13,Normal
4967,98.06,55.59,3.93,Normal
4968,109.04,65.78,5.55,Normal
4969,93.52,34.07,5.71,Crítico
4970,89.78,27.53,3.55,Normal
4971,109.48,56.49,5.5,Precaución
4972,113.16,52.01,5.54,Precaución
4973,97.97,44.21,4.08,Normal
4974,87.34,58.79,5.75,Normal
4975,112.53,34.4,7.81,Precaución
4976,107.52,58.06,6.04,Normal
4977,93.37,16.58,3.98,Normal
4978,107.9,9.64,6.94,Normal
4979,101.25,23.47,4.36,Normal
4980,85.53,17.93,5.19,Normal
4981,101.52,36.08,5.61,Precaución
4982,107.36,27.46,3.84,Normal
4983,84.51,54.06,2.8,Normal
4984,99.03,17.9,4.7,Normal
4985,93.47,6.41,5.82,Crítico
4986,89.89,76.25,4.64,Normal
4987,82.4,18.58,6.43,Normal
4988,87.87,9.94,6.72,Normal
4989,88.82,63.45,4.12,Normal
4990,101.24,12.12,4.39,Precaución
4991,92.01,33.4,2.58,Precaución
4992,93.93,7.68,6.3,Precaución
4993,109.8,79.16,6.02,Precaución
4994,113.74,19.53,4.72,Normal
4995,109.21,57.55,6.32,Normal
4996,97.84,47.32,5.07,Normal
4997,86.77,51.27,6.02,Normal
4998,123.23,9.4,3.99,Precaución
4999,114.96,9.43,6.41,Normal
5000,94.33,52.97,5.6,Normal
5001,93.55,9.39,5.4,Precaución
5002,95.48,71.6,4.45,Normal
5003,111.88,30.06,6.23,Normal
5004,98.86,15.08,5.47,Precaución
5005,94.11,43.12,7.51,Crítico
5006,109.09,18.82,6.27,Normal
5007,96.62,34.95,5.07,Precaución
5008,103.36,26.83,4.06,Crítico
5009,92.14,29.1,5.7,Normal
5010,108.69,58.25,7.71,Normal
5011,85.07,52.5,5.54,Precaución
5012,93.46,30.76,2.82,Normal
5013,119.01,37.0,4.81,Precaución
5014,121.62,30.84,4.77,Normal
5015,128.74,42.09,4.87,Normal
5016,107.34,36.95,2.56,Normal
5017,108.52,25.03,3.04,Normal
5018,97.11,76.12,5.25,Precaución
5019,116.18,79.46,5.27,Normal
5020,94.53,70.72,5.46,Normal
5021,118.61,60.54,4.55,Normal
5022,95.43,73.4,4.73,Normal
5023,101.65,28.83,5.66,Normal
5024,89.61,34.88,6.17,Normal
5025,102.27,19.71,3.82,Normal
5026,115.32,8.46,5.59,Normal
5027,89.55,49.12,5.08,Normal
5028,87.58,26.88,4.99,Normal
5029,98.3,63.68,4.43,Normal
5030,114.5,26.4,6.86,Normal
5031,92.01,35.21,3.25,Normal
5032,110.72,34.94,5.4,Normal
5033,114.1,47.32,2.54,Precaución
5034,92.47,20.68,4.93,Normal
5035,95.02,19.17,5.43,Normal
5036,81.99,8.86,2.43,Normal
5037,104.67,21.09,6.91,Precaución
5038,99.84,68.67,3.27,Normal
5039,102.54,53.44,4.47,Precaución
5040,103.31,12.8,4.17,Normal
5041,111.3,8.09,4.26,Precaución
5042,91.3,38.32,7.39,Crítico
5043,121.6,25.71,4.88,Normal
5044,96.87,13.0,5.01,Precaución
5045,113.18,69.5,3.75,Normal
5046,105.78,74.74,6.17,Normal
5047,98.84,24.38,6.63,Crítico
5048,90.61,55.17,5.54,Normal
5049,87.19,34.98,4.12,Normal
5050,116.18,58.06,4.44,Normal
5051,90.93,6.27,3.78,Normal
5052,77.49,54.76,4.65,Precaución
5053,107.25,6.62,4.06,Normal
5054,96.98,52.72,6.19,Precaución
5055,103.44,73.64,3.91,Normal
5056,85.57,22.89,3.59,Normal
5057,112.13,20.51,2.68,Normal
5058,86.33,15.62,2.78,Normal
5059,103.51,58.74,5.69,Normal
5060,100.2,44.38,5.94,Normal
5061,103.08,56.65,5.55,Normal
5062,98.27,52.75,6.12,Normal
5063,94.92,31.58,3.41,Normal
5064,91.72,73.55,5.19,Normal
5065,93.47,25.26,4.68,Normal
5066,107.87,26.14,6.39,Crítico
5067,97.6,66.27,4.43,Normal
5068,75.14,52.29,5.32,Normal
5069,97.56,27.02,4.37,Normal
5070,88.6,48.81,1.89,Normal
5071,94.66,32.67,7.06,Normal
5072,99.59,44.99,4.15,Normal
5073,90.99,32.7,4.08,Normal
5074,105.66,14.71,5.73,Precaución
5075,82.23,67.95,4.46,Precaución
5076,115.73,52.97,5.93,Normal
5077,106.63,43.58,5.44,Normal
5078,110.22,71.52,4.38,Precaución
5079,106.14,23.49,7.45,Crítico
5080,91.08,75.34,4.32,Normal
5081,103.52,30.78,7.14,Normal
5082,90.97,47.56,4.89,Normal
5083,89.82,65.42,3.82,Normal
5084,86.73,23.95,6.88,Normal
5085,108.88,50.74,3.82,Normal
5086,101.63,66.7,5.79,Normal
5087,106.89,66.57,5.26,Normal
5088,104.1,22.24,5.06,Normal
5089,87.58,46.42,6.11,Normal
5090,116.73,18.25,1.81,Normal
5091,96.94,32.28,6.22,Normal
5092,88.21,50.39,4.57,Normal
5093,108.73,75.38,4.6,Normal
5094,87.15,11.14,4.2,Crítico
5095,87.95,13.72,5.59,Precaución
5096,77.09,16.87,6.3,Normal
5097,97.53,6.87,5.76,Normal
5098,87.14,78.87,6.13,Normal
5099,95.81,22.8,5.53,Normal
5100,109.36,7.29,6.02,Normal
5101,107.42,35.76,7.18,Normal
5102,108.41,44.97,5.0,Normal
5103,95.54,74.02,4.46,Normal
5104,109.6,52.27,5.29,Precaución
5105,113.04,44.04,6.06,Normal
5106,93.96,55.69,4.82,Normal
5107,102.51,69.09,3.6,Normal
5108,100.68,66.62,4.67,Normal
5109,95.71,36.34,5.4,Normal
5110,101.12,39.65,5.59,Normal
5111,98.82,35.96,5.89,Normal
5112,92.54,35.25,5.47,Precaución
5113,101.51,78.5,8.43,Crítico
5114,95.56,61.15,3.68,Precaución
5115,110.15,55.6,5.2,Crítico
5116,104.9,17.98,4.62,Normal
5117,105.44,56.99,5.1,Crítico
5118,119.61,67.95,5.25,Normal
5119,98.57,45.44,5.46,Precaución
5120,102.6,45.25,3.68,Normal
5121,98.12,79.82,6.47,Normal
5122,103.49,75.11,5.24,Crítico
5123,95.66,57.76,6.02,Normal
5124,77.96,18.38,6.56,Normal
5125,94.58,46.57,5.25,Normal
5126,111.66,11.75,5.31,Normal
5127,106.74,21.81,4.6,Precaución
5128,97.43,16.59,4.21,Precaución
5129,114.0,32.98,5.81,Normal
5130,90.07,9.95,5.06,Normal
5131,105.69,5.65,1.96,Normal
5132,98.85,29.13,4.84,Precaución
5133,93.8,52.6,6.23,Precaución
5134,107.04,76.34,4.04,Normal
5135,93.96,24.84,5.89,Normal
5136,107.53,59.87,4.14,Precaución
5137,94.44,34.56,5.43,Normal
5138,98.94,51.29,4.76,Normal
5139,108.51,17.15,6.57,Normal
5140,88.06,35.84,7.36,Normal
5141,104.89,47.11,2.5,Precaución
5142,98.67,36.14,4.67,Normal
5143,95.78,15.7,4.84,Normal
5144,94.33,19.27,5.31,Normal
5145,111.43,7.7,3.5,Normal
5146,98.2,30.92,6.14,Normal
5147,85.78,27.27,4.06,Crítico
5148,108.71,73.04,4.58,Normal
5149,106.74,7.01,4.1,Normal
5150,83.72,64.82,4.17,Normal
5151,95.95,21.31,4.87,Normal
5152,115.17,70.14,2.42,Normal
5153,94.51,20.42,5.67,Normal
5154,93.96,30.33,4.61,Normal
5155,103.55,62.81,4.32,Normal
5156,110.38,65.1,3.64,Normal
5157,94.82,64.0,4.8,Normal
5158,90.44,50.57,4.55,Precaución
5159,95.58,26.7,3.23,Normal
5160,97.56,79.3,3.88,Crítico
5161,101.71,59.64,5.81,Normal
5162,92.04,31.73,7.22,Normal
5163,117.25,41.83,4.04,Normal
5164,113.3,32.08,4.24,Normal
5165,95.84,64.88,5.34,Normal
5166,95.31,7.91,5.08,Normal
5167,104.94,64.15,5.61,Normal
5168,103.06,41.58,5.53,Normal
5169,111.28,7.61,4.57,Precaución
5170,101.9,73.9,3.64,Normal
5171,91.83,62.37,5.88,Normal
5172,108.99,66.06,3.62,Normal
5173,81.9,5.67,3.87,Normal
5174,108.07,39.24,6.46,Normal
5175,105.46,45.69,4.47,Normal
5176,102.21,8.53,5.08,Normal
5177,97.92,74.99,5.24,Normal
5178,103.2,45.13,4.18,Normal
5179,112.95,79.65,6.57,Normal
5180,97.85,21.6,3.73,Normal
5181,86.72,40.15,4.84,Precaución
5182,102.61,49.77,3.95,Normal
5183,109.44,75.44,3.75,Normal
5184,95.55,53.14,6.19,Precaución
5185,122.3,69.99,3.92,Crítico
5186,105.64,78.64,5.83,Normal
5187,112.21,72.37,8.79,Normal
5188,103.89,71.73,4.62,Normal
5189,98.76,35.03,3.64,Crítico
5190,89.66,48.91,4.75,Normal
5191,102.11,20.63,4.42,Crítico
5192,117.0,53.65,5.69,Normal
5193,102.45,56.29,5.46,Normal
5194,110.13,41.82,5.09,Normal
5195,92.85,52.99,5.91,Precaución
5196,95.87,31.94,6.29,Normal
5197,111.53,55.19,4.26,Precaución
5198,81.1,69.58,6.19,Normal
5199,98.31,38.21,4.4,Normal
5200,115.96,14.74,4.15,Normal
5201,89.25,13.04,5.04,Normal
5202,95.27,63.34,4.41,Normal
5203,95.98,16.17,5.66,Normal
5204,95.86,11.35,6.63,Crítico
5205,108.78,74.49,2.18,Normal
5206,94.95,64.52,3.69,Normal
5207,113.02,28.25,4.63,Normal
5208,95.76,43.47,5.58,Normal
5209,103.28,41.23,3.15,Normal
5210,81.33,50.8,6.6,Precaución
5211,103.86,22.42,3.42,Normal
5212,91.91,25.95,5.03,Precaución
5213,106.25,20.3,6.02,Normal
5214,94.69,79.06,4.73,Precaución
5215,82.16,10.74,4.75,Normal
5216,100.31,60.03,3.15,Precaución
5217,115.37,60.74,4.67,Normal
5218,102.31,9.06,5.4,Normal
5219,102.12,39.74,3.9,Precaución
5220,100.63,54.77,5.34,Normal
5221,84.48,54.64,7.21,Normal
5222,103.98,72.28,6.69,Normal
5223,107.36,53.44,5.75,Normal
5224,116.51,77.18,4.54,Normal
5225,94.46,20.69,4.6,Normal
5226,94.84,27.13,4.27,Normal
5227,90.64,35.79,7.0,Normal
5228,96.03,65.18,6.23,Normal
5229,107.07,71.24,3.47,Normal
5230,102.26,26.59,4.98,Normal
5231,107.32,70.34,5.36,Normal
5232,98.66,27.7,5.5,Crítico
5233,112.89,31.91,5.75,Crítico
5234,74.63,13.92,5.69,Normal
5235,111.42,24.99,4.78,Normal
5236,94.36,76.16,4.59,Normal
5237,116.38,5.44,5.31,Normal
5238,98.36,13.94,6.04,Normal
5239,101.82,20.14,6.21,Precaución
5240,100.52,77.62,3.86,Precaución
5241,109.44,17.86,5.62,Normal
5242,73.24,75.72,3.46,Normal
5243,102.89,13.41,7.09,Normal
5244,111.73,57.96,4.12,Crítico
5245,113.01,10.5,3.37,Normal
5246,89.06,36.57,2.96,Precaución
5247,82.96,38.66,5.19,Normal
5248,109.08,30.38,6.87,Normal
5249,102.95,34.21,4.69,Crítico
5250,98.86,27.78,4.35,Normal
5251,100.21,64.2,7.78,Normal
5252,110.61,50.12,6.74,Normal
5253,79.49,28.15,5.61,Normal
5254,103.41,17.46,6.01,Crítico
5255,90.88,15.01,5.34,Normal
5256,77.51,70.3,5.29,Normal
5257,90.37,11.46,3.73,Precaución
5258,89.37,43.02,5.57,Normal
5259,83.14,58.62,4.62,Normal
5260,123.19,25.92,5.28,Normal
5261,98.65,73.02,3.29,Normal
5262,104.96,45.67,7.44,Normal
5263,103.18,25.44,2.54,Normal
5264,85.31,70.04,5.1,Precaución
5265,92.47,72.54,4.65,Normal
5266,93.41,16.44,2.83,Normal
5267,89.99,21.2,5.29,Normal
5268,80.68,75.02,4.23,Normal
5269,103.93,46.05,6.37,Normal
5270,95.78,36.86,4.06,Normal
5271,108.31,74.49,7.5,Normal
5272,105.17,34.46,4.15,Precaución
5273,96.38,48.54,4.98,Normal
5274,93.68,22.56,3.87,Precaución
5275,87.53,31.56,3.62,Precaución
5276,115.8,11.14,5.72,Crítico
5277,102.11,66.34,4.9,Normal
5278,97.42,57.48,5.14,Normal
5279,105.87,72.47,4.07,Normal
5280,110.1,44.97,4.31,Normal
5281,100.56,27.19,4.13,Normal
5282,110.72,52.67,4.75,Normal
5283,73.49,19.93,4.39,Normal
5284,86.08,68.76,6.81,Normal
5285,94.16,5.01,5.95,Normal
5286,120.08,65.04,6.19,Normal
5287,93.84,71.39,4.73,Normal
5288,118.62,26.84,5.16,Normal
5289,109.15,32.53,3.62,Normal
5290,86.59,75.95,5.52,Precaución
5291,101.64,16.85,2.49,Normal
5292,102.59,31.56,5.61,Normal
5293,80.37,70.47,4.43,Crítico
5294,102.47,38.59,4.18,Normal
5295,105.69,53.37,5.6,Normal
5296,102.47,54.51,3.35,Normal
5297,101.82,49.01,7.53,Precaución
5298,98.13,56.7,4.86,Normal
5299,92.75,7.58,5.57,Normal
5300,79.32,48.03,2.5,Normal
5301,85.65,59.55,3.46,Normal
5302,103.06,70.11,6.64,Precaución
5303,97.87,7.71,6.7,Normal
5304,97.24,59.75,3.76,Normal
5305,93.2,28.41,4.41,Crítico
5306,98.33,65.61,4.88,Precaución
5307,107.98,56.68,6.14,Normal
5308,97.28,36.25,7.04,Crítico
5309,88.65,64.71,6.19,Normal
5310,84.62,65.92,2.8,Normal
5311,92.19,7.08,4.55,Normal
5312,86.41,36.54,4.35,Normal
5313,101.28,47.52,6.28,Normal
5314,96.64,62.48,5.26,Crítico
5315,89.22,61.63,6.59,Normal
5316,99.4,14.3,6.51,Normal
5317,103.17,33.12,3.88,Precaución
5318,86.62,12.95,4.29,Normal
5319,107.64,76.54,3.44,Normal
5320,84.7,45.37,6.3,Normal
5321,96.62,79.29,4.79,Normal
5322,93.6,63.38,6.54,Normal
5323,96.03,45.75,3.89,Normal
5324,88.97,53.6,7.45,Normal
5325,96.98,45.79,3.14,Normal
5326,108.3,36.85,3.57,Normal
5327,95.04,22.28,5.25,Normal
5328,112.72,62.99,6.56,Precaución
5329,105.55,77.47,5.29,Normal
5330,111.3,79.49,6.67,Normal
5331,95.64,36.7,7.32,Normal
5332,98.88,24.28,6.95,Normal
5333,82.4,52.08,6.14,Normal
5334,105.11,37.72,7.29,Normal
5335,89.41,11.16,3.55,Normal
5336,102.83,24.87,4.59,Precaución
5337,97.86,27.87,4.64,Precaución
5338,91.39,39.87,4.59,Normal
5339,101.48,56.8,3.8,Normal
5340,102.51,63.36,4.89,Normal
5341,93.01,46.27,4.09,Normal
5342,87.46,32.42,5.19,Precaución
5343,97.26,36.33,6.12,Normal
5344,108.14,36.63,2.43,Precaución
5345,104.41,78.05,3.87,Crítico
5346,77.45,65.42,5.49,Normal
5347,94.36,41.74,4.5,Normal
5348,79.5,25.52,3.9,Normal
5349,127.82,21.34,7.31,Precaución
5350,97.22,6.79,5.94,Normal
5351,100.32,49.6,3.74,Precaución
5352,115.93,14.64,5.94,Normal
5353,91.45,41.23,5.85,Normal
5354,105.41,77.93,3.3,Normal
5355,86.98,21.4,5.86,Crítico
5356,109.36,25.86,6.57,Normal
5357,99.01,68.58,7.24,Normal
5358,84.93,66.27,5.46,Normal
5359,89.22,61.13,4.48,Crítico
5360,90.48,60.08,5.71,Normal
5361,116.36,53.17,3.21,Normal
5362,101.11,38.21,5.55,Normal
5363,90.26,26.06,2.07,Normal
5364,112.11,77.73,5.66,Crítico
5365,101.96,33.07,5.04,Normal
5366,105.49,61.63,5.45,Normal
5367,98.42,65.6,4.0,Precaución
5368,110.83,58.02,4.85,Normal
5369,95.31,36.99,3.55,Precaución
5370,107.56,76.78,4.04,Normal
5371,103.02,6.41,6.87,Normal
5372,112.33,44.18,4.37,Normal
5373,102.48,16.32,4.37,Normal
5374,97.84,44.05,4.54,Precaución
5375,82.1,76.3,3.02,Normal
5376,105.6,38.94,5.01,Normal
5377,94.86,58.28,2.87,Normal
5378,106.82,21.99,2.84,Normal
5379,99.46,24.0,5.49,Precaución
5380,104.7,23.83,5.82,Normal
5381,115.85,44.29,4.33,Normal
5382,122.51,20.7,6.09,Normal
5383,91.72,78.32,6.01,Crítico
5384,94.94,33.54,4.57,Normal
5385,105.77,34.23,4.18,Normal
5386,108.73,70.2,5.18,Normal
5387,79.79,22.87,4.92,Normal
5388,125.0,23.53,5.17,Normal
5389,99.44,74.66,6.02,Normal
5390,96.21,50.11,4.36,Normal
5391,99.72,48.2,4.26,Normal
5392,112.59,77.11,4.95,Precaución
5393,96.51,50.5,3.91,Normal
5394,114.74,42.05,6.17,Normal
5395,99.13,48.33,6.69,Crítico
5396,89.73,64.09,3.33,Normal
5397,102.02,57.91,7.29,Normal
5398,98.89,37.05,5.83,Normal
5399,93.3,31.05,5.48,Normal
5400,103.35,24.09,5.2,Precaución
5401,100.09,24.93,4.7,Normal
5402,93.52,27.8,5.13,Normal
5403,91.41,33.01,4.25,Normal
5404,107.54,44.22,6.83,Normal
5405,113.86,44.39,4.01,Normal
5406,103.44,38.53,4.22,Normal
5407,101.95,12.1,6.47,Precaución
5408,98.66,55.71,5.29,Normal
5409,101.42,49.82,5.34,Normal
5410,92.94,56.42,5.65,Normal
5411,105.84,35.58,4.79,Normal
5412,87.75,53.35,4.19,Normal
5413,106.44,15.6,6.29,Normal
5414,96.7,60.57,5.08,Normal
5415,106.13,44.18,4.49,Normal
5416,101.74,45.2,5.24,Normal
5417,97.2,36.38,5.04,Normal
5418,89.95,42.69,5.54,Precaución
5419,92.57,53.16,4.64,Crítico
5420,101.07,77.37,2.92,Normal
5421,89.98,17.15,5.76,Normal
5422,100.2,60.78,7.31,Precaución
5423,109.21,56.84,5.25,Precaución
5424,89.1,78.81,3.54,Crítico
5425,80.26,30.59,4.63,Normal
5426,97.97,50.05,4.08,Normal
5427,111.03,23.42,3.46,Normal
5428,108.31,64.32,6.42,Normal
5429,114.12,16.3,5.8,Normal
5430,96.55,38.55,4.42,Precaución
5431,89.8,60.5,3.04,Normal
5432,100.34,66.32,5.89,Precaución
5433,122.21,58.51,4.57,Normal
5434,103.57,62.32,6.46,Normal
5435,97.31,43.99,5.22,Normal
5436,96.61,58.32,4.46,Crítico
5437,103.5,46.92,6.35,Normal
5438,110.8,68.36,5.29,Normal
5439,87.75,37.71,5.39,Normal
5440,116.29,20.39,7.02,Normal
5441,107.78,43.91,6.32,Normal
5442,89.1,28.2,7.71,Normal
5443,85.64,34.9,4.51,Precaución
5444,102.94,10.36,6.34,Normal
5445,80.01,44.33,5.81,Normal
5446,92.72,35.75,5.85,Precaución
5447,103.15,72.4,5.7,Precaución
5448,120.6,11.68,5.93,Normal
5449,93.86,17.81,3.38,Normal
5450,103.38,25.81,4.9,Normal
5451,104.05,24.06,4.21,Precaución
5452,93.94,12.01,5.37,Normal
5453,107.09,11.88,5.32,Normal
5454,99.73,34.55,5.62,Crítico
5455,113.76,61.67,2.41,Normal
5456,105.91,21.18,5.32,Normal
5457,95.93,50.95,3.99,Normal
5458,105.75,10.89,5.3,Normal
5459,109.76,33.89,5.54,Normal
5460,111.28,52.41,5.33,Precaución
5461,116.27,53.88,4.68,Normal
5462,100.62,53.32,5.08,Normal
5463,110.73,46.8,5.79,Precaución
5464,107.32,44.9,4.55,Normal
5465,84.99,11.92,5.29,Crítico
5466,89.97,18.07,5.66,Precaución
5467,103.24,13.42,3.94,Normal
5468,88.07,64.56,6.19,Normal
5469,93.52,11.18,4.45,Normal
5470,87.2,31.56,5.73,Normal
5471,111.92,19.39,4.43,Crítico
5472,84.27,65.77,3.37,Precaución
5473,91.91,61.05,6.07,Normal
5474,103.77,30.08,5.73,Precaución
5475,92.81,56.38,6.79,Crítico
5476,114.86,14.67,5.35,Normal
5477,97.05,53.45,5.51,Precaución
5478,109.58,74.0,4.36,Normal
5479,72.52,25.46,5.37,Normal
5480,96.13,10.02,6.41,Normal
5481,113.57,33.76,5.13,Normal
5482,106.88,50.64,5.48,Normal
5483,96.93,45.02,6.98,Crítico
5484,113.73,26.17,6.47,Normal
5485,110.67,20.96,3.66,Normal
5486,93.46,16.41,4.93,Normal
5487,73.2,78.4,5.48,Crítico
5488,110.26,17.92,4.78,Normal
5489,105.7,73.18,3.44,Normal
5490,91.62,22.29,3.19,Normal
5491,93.46,10.24,4.27,Precaución
5492,112.21,35.88,6.24,Normal
5493,95.61,72.93,3.43,Precaución
5494,98.7,8.84,3.32,Normal
5495,98.89,37.27,3.73,Normal
5496,105.86,74.22,5.56,Normal
5497,107.48,41.77,6.5,Normal
5498,87.99,22.62,4.88,Normal
5499,95.76,33.37,3.26,Normal
5500,105.52,43.8,6.41,Precaución
5501,97.4,40.95,5.44,Normal
5502,100.09,41.42,5.52,Normal
5503,95.78,30.61,6.42,Normal
5504,96.67,7.73,3.03,Normal
5505,110.56,22.1,3.16,Normal
5506,108.55,52.46,2.82,Normal
5507,107.72,74.53,5.71,Normal
5508,81.53,31.74,4.97,Normal
5509,97.54,53.64,5.14,Precaución
5510,99.94,72.2,4.43,Normal
5511,101.63,61.96,3.23,Normal
5512,101.21,61.83,2.16,Normal
5513,82.41,74.67,4.41,Normal
5514,107.55,30.12,5.5,Normal
5515,92.95,10.91,5.74,Crítico
5516,100.83,77.03,5.76,Normal
5517,111.95,29.13,4.46,Normal
5518,117.11,10.39,2.56,Precaución
5519,89.07,41.62,4.14,Precaución
5520,93.15,71.16,5.32,Normal
5521,102.96,36.68,4.99,Normal
5522,107.48,43.31,8.22,Normal
5523,109.02,40.43,3.38,Precaución
5524,108.91,42.56,3.65,Normal
5525,110.82,38.32,8.09,Crítico
5526,80.7,40.23,7.29,Normal
5527,86.73,26.27,2.48,Precaución
5528,109.95,56.7,5.41,Normal
5529,103.15,59.05,4.58,Normal
5530,90.97,15.08,6.82,Precaución
5531,83.53,7.1,4.4,Precaución
5532,123.68,67.69,6.14,Crítico
5533,95.19,47.74,4.68,Normal
5534,107.26,66.2,1.53,Normal
5535,101.56,8.03,6.39,Normal
5536,112.14,65.78,4.72,Normal
5537,114.19,21.0,4.56,Precaución
5538,90.75,42.7,6.09,Normal
5539,106.62,8.97,3.85,Normal
5540,86.27,19.27,5.53,Normal
5541,87.14,76.07,5.14,Normal
5542,113.79,47.78,4.17,Normal
5543,103.33,56.96,5.75,Precaución
5544,93.8,9.93,6.31,Precaución
5545,110.95,27.05,3.98,Normal
5546,95.21,39.56,6.15,Normal
5547,97.88,66.73,4.02,Crítico
5548,102.33,75.51,5.13,Normal
5549,102.73,68.2,8.89,Precaución
5550,103.17,59.75,4.95,Normal
5551,98.48,52.91,4.62,Normal
5552,112.2,33.72,4.93,Normal
5553,105.72,55.44,5.08,Normal
5554,83.47,40.45,3.9,Normal
5555,89.27,76.81,5.79,Normal
5556,115.78,11.85,5.0,Crítico
5557,104.76,47.37,5.67,Normal
5558,99.99,51.9,5.85,Normal
5559,96.86,13.6,5.99,Normal
5560,97.58,25.23,3.98,Precaución
5561,96.78,6.13,3.34,Normal
5562,98.91,53.49,5.97,Normal
5563,92.98,24.4,5.96,Normal
5564,110.05,17.19,8.05,Precaución
5565,106.08,35.44,2.93,Normal
5566,103.38,5.84,5.44,Normal
5567,99.27,61.74,4.38,Normal
5568,98.53,65.47,3.29,Normal
5569,99.3,30.42,5.09,Precaución
5570,87.42,28.72,4.95,Normal
5571,77.48,72.23,5.16,Normal
5572,96.39,24.76,6.27,Normal
5573,84.56,15.14,6.07,Normal
5574,112.58,39.86,4.16,Normal
5575,73.08,33.55,6.55,Crítico
5576,101.47,23.05,4.96,Normal
5577,98.2,53.86,5.94,Normal
5578,101.82,70.35,5.08,Normal
5579,96.29,54.77,3.91,Precaución
5580,93.69,13.18,3.42,Normal
5581,99.47,31.23,3.26,Crítico
5582,99.47,11.12,4.88,Precaución
5583,106.59,68.78,5.09,Precaución
5584,123.79,7.05,4.34,Crítico
5585,88.42,60.9,5.28,Normal
5586,94.52,25.2,3.86,Normal
5587,108.38,38.6,3.67,Crítico
5588,93.96,21.21,5.23,Normal
5589,98.8,5.96,6.3,Precaución
5590,98.97,5.61,4.8,Crítico
5591,94.4,66.86,5.38,Crítico
5592,104.46,27.32,2.07,Normal
5593,116.07,14.19,5.89,Normal
5594,109.77,29.48,3.17,Normal
5595,96.42,18.98,5.72,Normal
5596,92.17,17.47,6.06,Crítico
5597,111.29,59.98,5.16,Normal
5598,102.37,57.64,5.31,Precaución
5599,89.86,47.15,4.74,Normal
5600,111.11,51.98,6.21,Precaución
5601,110.5,53.42,3.81,Normal
5602,94.0,41.05,6.09,Normal
5603,85.2,37.93,4.79,Normal
5604,101.71,46.01,3.59,Normal
5605,98.01,22.56,5.29,Normal
5606,78.99,65.85,4.6,Normal
5607,99.7,59.22,4.41,Normal
5608,97.83,30.83,6.19,Precaución
5609,92.88,64.4,6.72,Crítico
5610,92.94,27.91,3.56,Normal
5611,90.59,32.79,5.45,Normal
5612,120.64,41.54,3.34,Normal
5613,101.66,68.4,3.59,Normal
5614,88.87,6.6,6.6,Precaución
5615,86.83,15.52,5.86,Normal
5616,108.43,63.46,3.01,Normal
5617,111.2,72.07,3.4,Normal
5618,88.77,75.51,5.94,Normal
5619,118.74,31.99,5.69,Normal
5620,113.11,77.25,5.28,Normal
5621,91.87,69.3,3.93,Normal
5622,98.64,38.8,4.64,Normal
5623,98.6,74.49,5.31,Precaución
5624,114.47,8.49,4.85,Normal
5625,115.63,22.03,5.9,Precaución
5626,96.94,56.47,5.69,Normal
5627,97.94,63.94,4.98,Normal
5628,107.99,5.74,4.74,Precaución
5629,102.36,34.64,3.97,Normal
5630,95.18,46.83,2.9,Normal
5631,103.99,59.25,5.7,Normal
5632,99.93,38.91,4.04,Precaución
5633,94.84,66.57,4.91,Precaución
5634,99.57,45.88,2.35,Precaución
5635,89.61,11.81,5.33,Normal
5636,67.05,22.34,5.25,Normal
5637,84.55,34.49,3.2,Normal
5638,105.25,17.13,3.67,Normal
5639,98.3,34.87,4.65,Normal
5640,95.74,40.85,6.32,Normal
5641,99.9,55.69,5.12,Normal
5642,99.94,74.15,5.98,Normal
5643,94.88,30.34,5.62,Crítico
5644,113.78,75.99,6.84,Normal
5645,86.43,44.15,5.11,Normal
5646,96.71,27.61,4.38,Normal
5647,111.45,77.65,3.62,Normal
5648,93.18,15.98,6.17,Normal
5649,103.22,18.53,5.62,Normal
5650,87.0,49.22,4.25,Crítico
5651,103.15,77.02,4.79,Normal
5652,98.63,76.84,5.39,Normal
5653,102.28,50.31,5.93,Precaución
5654,96.1,35.76,7.2,Crítico
5655,96.37,45.7,6.86,Precaución
5656,115.89,7.71,4.17,Crítico
5657,112.46,65.24,7.2,Normal
5658,106.61,53.36,6.5,Normal
5659,96.82,54.24,4.5,Normal
5660,105.34,35.02,4.29,Normal
5661,119.99,74.45,4.16,Precaución
5662,95.38,46.63,6.04,Normal
5663,90.49,42.1,7.45,Normal
5664,98.29,73.51,5.6,Normal
5665,106.38,21.58,7.31,Crítico
5666,93.2,35.38,4.84,Normal
5667,133.18,68.22,7.48,Crítico
5668,118.4,63.01,5.09,Normal
5669,87.04,10.22,2.9,Normal
5670,84.26,59.92,3.08,Normal
5671,99.99,20.74,4.39,Normal
5672,101.73,24.74,4.98,Normal
5673,101.73,12.52,3.82,Normal
5674,111.62,49.3,3.75,Normal
5675,108.07,57.76,4.07,Normal
5676,72.8,68.78,6.28,Normal
5677,97.19,74.63,7.27,Normal
5678,105.35,79.72,7.71,Precaución
5679,100.74,26.58,4.72,Normal
5680,96.37,15.7,3.42,Normal
5681,97.66,54.69,4.45,Precaución
5682,81.32,56.86,5.01,Normal
5683,114.67,73.35,4.97,Precaución
5684,92.78,33.51,6.47,Normal
5685,89.06,63.76,5.63,Precaución
5686,83.55,46.5,6.58,Normal
5687,92.54,28.06,4.59,Normal
5688,104.16,71.28,3.91,Precaución
5689,117.95,35.39,3.35,Crítico
5690,96.83,8.7,5.55,Normal
5691,111.6,20.5,4.1,Normal
5692,99.61,18.25,7.08,Crítico
5693,95.77,8.8,2.79,Normal
5694,99.53,50.33,5.16,Normal
5695,94.43,31.82,4.76,Normal
5696,106.13,43.91,4.23,Normal
5697,91.11,17.7,6.95,Precaución
5698,97.8,43.05,4.72,Normal
5699,84.31,72.44,4.25,Normal
5700,81.32,54.79,6.07,Normal
5701,100.31,26.11,1.21,Precaución
5702,116.89,19.53,3.5,Normal
5703,91.68,41.05,4.36,Normal
5704,118.13,37.07,4.04,Normal
5705,102.87,20.33,5.62,Normal
5706,107.15,77.66,5.21,Precaución
5707,98.36,41.95,4.3,Normal
5708,105.94,48.81,4.82,Normal
5709,103.52,63.26,4.12,Normal
5710,98.24,61.48,5.14,Normal
5711,97.91,7.63,4.96,Normal
5712,103.67,45.41,5.87,Normal
5713,98.17,56.81,2.25,Normal
5714,89.54,26.57,3.75,Normal
5715,111.6,58.43,4.02,Normal
5716,115.39,37.05,2.91,Precaución
5717,119.04,19.42,3.13,Normal
5718,78.97,63.12,4.84,Normal
5719,97.91,9.73,4.23,Precaución
5720,110.0,54.13,6.78,Normal
5721,103.18,9.54,3.49,Normal
5722,95.36,54.49,7.53,Normal
5723,109.76,41.22,5.2,Crítico
5724,102.03,48.73,5.27,Normal
5725,121.49,75.81,6.21,Precaución
5726,103.15,52.72,5.71,Normal
5727,108.73,77.33,3.84,Normal
5728,104.11,78.17,5.42,Crítico
5729,99.32,76.58,3.65,Precaución
5730,110.36,71.23,4.48,Precaución
5731,107.77,9.29,1.69,Crítico
5732,104.67,31.84,4.64,Normal
5733,93.77,47.71,3.5,Normal
5734,103.92,46.6,3.58,Normal
5735,110.89,42.54,4.91,Normal
5736,98.97,34.11,5.81,Precaución
5737,110.17,39.19,5.43,Normal
5738,85.1,70.26,5.72,Precaución
5739,99.26,73.48,5.7,Normal
5740,107.58,48.84,4.62,Normal
5741,102.68,8.04,6.5,Normal
5742,97.62,47.88,5.7,Normal
5743,88.66,68.77,4.71,Precaución
5744,81.84,40.26,6.94,Normal
5745,101.41,20.82,6.05,Normal
5746,108.13,75.14,4.31,Normal
5747,104.4,39.73,6.01,Normal
5748,103.02,79.14,5.43,Normal
5749,111.55,26.96,4.39,Normal
5750,91.86,17.12,5.79,Normal
5751,93.5,33.6,6.27,Normal
5752,102.49,30.19,5.09,Normal
5753,98.19,68.62,4.12,Normal
5754,106.86,5.15,6.67,Normal
5755,106.37,57.31,6.7,Normal
5756,94.72,66.22,4.59,Crítico
5757,97.96,11.68,5.86,Normal
5758,109.27,63.56,3.4,Normal
5759,115.84,9.03,4.71,Normal
5760,119.18,32.88,2.81,Normal
5761,112.78,62.58,4.67,Precaución
5762,91.91,50.5,7.19,Normal
5763,117.79,71.28,4.36,Crítico
5764,84.47,10.88,5.25,Normal
5765,94.02,32.62,5.72,Normal
5766,101.56,8.48,5.22,Normal
5767,94.81,17.29,6.72,Normal
5768,100.85,60.27,5.35,Normal
5769,100.18,43.49,3.95,Normal
5770,98.61,49.57,3.96,Precaución
5771,105.89,5.75,5.83,Normal
5772,96.25,14.48,5.35,Precaución
5773,96.52,5.54,2.67,Normal
5774,109.52,19.06,4.28,Normal
5775,103.69,33.43,7.21,Normal
5776,117.31,58.83,7.26,Crítico
5777,118.44,44.85,5.01,Normal
5778,94.64,56.37,6.07,Normal
5779,96.77,33.86,5.7,Normal
5780,92.53,68.84,4.32,Normal
5781,94.21,17.23,4.85,Crítico
5782,90.9,20.48,3.77,Normal
5783,92.89,58.9,5.91,Precaución
5784,88.02,20.5,2.81,Normal
5785,95.33,19.5,7.14,Normal
5786,121.62,73.16,4.32,Precaución
5787,98.03,63.1,5.62,Precaución
5788,95.6,41.59,5.52,Normal
5789,99.36,63.1,2.76,Normal
5790,111.04,73.12,5.92,Normal
5791,101.8,10.33,4.17,Precaución
5792,100.51,51.35,5.17,Normal
5793,104.41,75.12,5.98,Normal
5794,98.19,8.32,4.68,Normal
5795,80.17,49.77,6.02,Normal
5796,93.25,20.75,5.92,Precaución
5797,112.95,20.14,4.85,Precaución
5798,91.14,51.05,6.02,Normal
5799,102.22,48.46,4.44,Normal
5800,93.1,60.28,4.7,Normal
5801,97.27,76.84,5.75,Normal
5802,99.88,14.83,6.37,Normal
5803,93.78,42.26,3.82,Normal
5804,101.59,77.31,6.71,Normal
5805,86.1,24.15,3.75,Normal
5806,100.67,30.23,4.09,Precaución
5807,81.69,78.31,3.59,Normal
5808,93.59,53.73,5.47,Normal
5809,113.92,59.19,3.69,Normal
5810,102.07,28.42,5.92,Crítico
5811,99.36,65.34,3.86,Precaución
5812,104.03,60.5,5.59,Normal
5813,90.37,50.52,5.26,Normal
5814,100.05,20.47,2.97,Crítico
5815,89.6,78.57,4.68,Normal
5816,107.52,58.94,4.75,Normal
5817,102.07,39.76,4.08,Normal
5818,100.33,36.83,3.82,Precaución
5819,99.6,39.98,4.91,Normal
5820,89.42,76.81,6.49,Normal
5821,98.13,49.38,4.56,Crítico
5822,84.99,74.05,4.86,Normal
5823,78.27,56.86,6.08,Precaución
5824,83.16,62.41,5.06,Normal
5825,100.79,15.97,5.9,Precaución
5826,95.03,35.2,4.64,Normal
5827,106.73,8.61,6.98,Normal
5828,104.19,13.43,4.9,Normal
5829,90.98,8.19,5.02,Crítico
5830,89.64,36.44,4.96,Normal
5831,104.57,7.73,3.15,Normal
5832,100.15,50.35,5.23,Normal
5833,112.67,25.55,6.41,Precaución
5834,116.25,63.17,5.55,Precaución
5835,104.63,62.74,4.65,Normal
5836,118.76,22.59,3.45,Normal
5837,101.61,45.04,4.94,Normal
5838,98.21,60.84,3.91,Normal
5839,105.04,6.42,6.84,Normal
5840,104.72,38.0,4.73,Normal
5841,93.64,31.42,4.46,Normal
5842,105.32,51.26,5.55,Normal
5843,77.29,16.76,5.25,Normal
5844,93.12,68.56,4.06,Normal
5845,119.12,51.69,5.07,Normal
5846,107.18,24.64,4.03,Normal
5847,97.41,76.2,3.83,Normal
5848,101.62,65.37,4.91,Normal
5849,95.75,16.75,5.02,Normal
5850,89.93,45.08,5.68,Normal
5851,104.31,30.97,6.32,Precaución
5852,113.25,55.18,5.83,Normal
5853,83.32,29.61,5.65,Normal
5854,116.36,71.01,4.93,Normal
5855,96.62,18.84,5.5,Precaución
5856,112.02,67.11,6.01,Normal
5857,92.11,69.02,4.25,Normal
5858,90.23,54.96,4.92,Normal
5859,117.21,6.12,8.63,Normal
5860,112.97,58.59,5.36,Precaución
5861,96.8,23.46,4.95,Normal
5862,87.27,66.95,6.12,Normal
5863,86.85,21.84,5.79,Crítico
5864,109.15,25.5,4.44,Normal
5865,89.53,46.41,3.74,Normal
5866,99.29,20.11,4.95,Normal
5867,99.78,30.59,5.12,Crítico
5868,94.76,61.07,3.42,Normal
5869,101.57,72.18,4.37,Crítico
5870,105.28,71.33,2.95,Precaución
5871,112.81,70.72,7.11,Normal
5872,103.4,9.17,4.18,Precaución
5873,86.69,32.0,6.85,Crítico
5874,97.84,66.85,5.69,Crítico
5875,106.38,54.38,4.95,Normal
5876,94.22,69.57,4.15,Normal
5877,103.93,20.09,5.86,Normal
5878,112.5,51.03,6.76,Normal
5879,118.04,34.36,2.59,Normal
5880,102.67,41.26,2.52,Normal
5881,102.02,54.49,5.33,Normal
5882,109.71,76.2,5.06,Crítico
5883,79.81,53.69,5.7,Normal
5884,81.17,64.21,7.48,Normal
5885,108.05,37.99,4.81,Normal
5886,93.65,66.83,5.09,Normal
5887,87.36,48.75,4.79,Normal
5888,94.75,38.87,4.93,Normal
5889,111.33,72.45,4.54,Precaución
5890,89.93,32.13,3.87,Normal
5891,103.85,70.65,5.79,Normal
5892,106.61,53.93,6.06,Normal
5893,103.17,28.85,4.05,Precaución
5894,99.26,63.37,5.75,Normal
5895,77.29,44.06,4.02,Normal
5896,112.34,68.4,4.3,Precaución
5897,103.47,8.86,5.36,Normal
5898,96.27,39.94,4.11,Normal
5899,92.07,30.88,6.95,Precaución
5900,132.47,77.17,4.88,Normal
5901,101.71,56.72,4.85,Normal
5902,88.89,77.94,5.04,Normal
5903,101.99,61.89,5.45,Normal
5904,97.84,14.51,3.67,Normal
5905,111.04,46.26,5.17,Normal
5906,118.32,41.69,3.6,Normal
5907,103.95,63.53,3.03,Normal
5908,114.59,9.89,4.48,Normal
5909,104.78,30.49,3.69,Normal
5910,90.28,32.46,4.26,Normal
5911,99.66,42.86,5.91,Normal
5912,92.99,27.81,6.34,Normal
5913,105.7,48.34,5.39,Normal
5914,94.92,52.53,6.59,Crítico
5915,101.21,72.26,6.99,Normal
5916,99.71,50.49,5.81,Normal
5917,111.4,67.49,4.42,Normal
5918,91.4,18.0,5.0,Precaución
5919,99.54,78.18,4.31,Crítico
5920,102.21,66.56,5.23,Normal
5921,109.81,47.68,4.17,Normal
5922,96.77,9.8,4.14,Normal
5923,94.19,49.72,4.93,Normal
5924,101.65,54.23,5.99,Precaución
5925,97.84,55.61,4.25,Normal
5926,98.2,74.79,5.9,Crítico
5927,101.12,42.36,6.51,Crítico
5928,103.39,36.64,4.02,Normal
5929,106.29,57.18,3.98,Normal
5930,107.57,63.77,6.04,Normal
5931,101.25,45.18,6.79,Normal
5932,115.49,25.72,6.42,Normal
5933,92.29,9.15,4.53,Normal
5934,110.26,58.04,2.62,Normal
5935,87.66,69.32,4.04,Precaución
5936,85.71,45.62,5.7,Normal
5937,94.16,41.88,4.04,Normal
5938,112.76,53.89,4.74,Normal
5939,87.34,17.79,6.66,Normal
5940,104.58,44.43,3.33,Normal
5941,112.52,15.69,4.22,Normal
5942,87.23,43.45,5.58,Normal
5943,112.07,27.06,4.0,Crítico
5944,93.32,32.65,5.02,Normal
5945,95.52,26.31,4.83,Normal
5946,86.14,13.33,4.88,Normal
5947,99.32,74.06,3.87,Normal
5948,112.48,78.61,5.0,Normal
5949,117.29,61.9,3.98,Normal
5950,99.98,57.56,4.19,Normal
5951,89.59,46.2,3.68,Normal
5952,68.24,5.55,5.45,Normal
5953,91.09,26.87,2.96,Normal
5954,87.15,46.54,3.9,Normal
5955,94.28,38.12,4.91,Normal
5956,86.76,55.13,5.79,Normal
5957,99.51,35.96,6.43,Precaución
5958,102.06,54.51,7.73,Crítico
5959,96.47,66.33,3.67,Crítico
5960,90.88,74.42,7.97,Normal
5961,84.99,53.94,2.92,Normal
5962,108.47,36.39,5.49,Normal
5963,91.72,79.91,7.2,Normal
5964,107.95,53.78,5.46,Normal
5965,97.6,52.13,6.4,Normal
5966,91.24,12.45,7.62,Normal
5967,92.65,28.68,4.34,Normal
5968,86.4,58.53,6.2,Normal
5969,111.55,39.64,3.88,Normal
5970,100.62,40.12,3.85,Normal
5971,95.18,77.95,3.31,Normal
5972,79.4,22.71,4.38,Precaución
5973,109.94,30.41,5.16,Normal
5974,89.4,30.02,5.73,Normal
5975,106.86,8.07,4.46,Normal
5976,99.25,70.45,4.2,Crítico
5977,94.35,27.25,3.74,Normal
5978,128.68,22.73,6.15,Normal
5979,118.54,17.45,4.56,Normal
5980,111.18,59.87,7.07,Normal
5981,123.15,73.99,3.72,Normal
5982,92.76,41.03,2.26,Normal
5983,97.61,73.98,4.91,Crítico
5984,91.15,24.79,5.83,Normal
5985,96.79,20.59,6.64,Crítico
5986,110.52,8.91,5.87,Normal
5987,93.48,42.2,4.17,Precaución
5988,104.09,15.92,5.09,Normal
5989,82.31,23.85,5.16,Normal
5990,102.82,16.49,6.28,Precaución
5991,92.83,38.3,5.89,Normal
5992,97.73,14.78,4.01,Precaución
5993,107.35,39.07,4.62,Normal
5994,90.26,8.69,3.58,Normal
5995,86.93,57.39,7.16,Normal
5996,111.86,8.41,4.09,Normal
5997,76.42,26.7,5.96,Normal
5998,106.48,76.25,5.7,Normal
5999,111.27,19.11,5.81,Precaución
6000,86.93,37.01,2.9,Normal
6001,103.95,68.99,6.97,Normal
6002,96.43,76.16,4.95,Precaución
6003,119.58,16.18,4.96,Normal
6004,97.56,24.22,6.76,Precaución
6005,110.81,69.28,3.2,Normal
6006,100.96,44.57,5.76,Normal
6007,85.59,52.58,6.67,Precaución
6008,107.39,27.1,5.85,Normal
6009,107.72,46.4,4.61,Crítico
6010,113.05,73.33,8.19,Normal
6011,99.95,63.07,3.38,Crítico
6012,97.79,75.76,6.69,Normal
6013,94.07,29.53,4.65,Normal
6014,91.24,38.74,4.89,Normal
6015,108.79,31.84,5.87,Normal
6016,89.0,61.14,5.63,Crítico
6017,98.88,15.99,3.38,Normal
6018,97.91,23.4,6.12,Normal
6019,113.1,11.57,3.89,Normal
6020,99.35,34.41,3.4,Precaución
6021,106.03,68.76,5.23,Normal
6022,85.78,46.65,5.56,Normal
6023,111.84,23.46,5.6,Precaución
6024,102.01,14.93,5.77,Normal
6025,109.42,63.25,3.03,Crítico
6026,102.06,68.09,6.29,Normal
6027,113.3,22.38,5.31,Normal
6028,102.47,19.42,4.27,Crítico
6029,100.83,52.24,3.2,Normal
6030,86.26,70.04,3.56,Precaución
6031,104.34,32.97,4.7,Crítico
6032,110.44,47.01,4.69,Precaución
6033,92.39,29.27,4.59,Normal
6034,103.27,63.83,4.73,Normal
6035,87.31,5.45,4.03,Precaución
6036,124.12,66.92,5.07,Normal
6037,90.96,59.07,3.82,Normal
6038,98.57,64.65,5.36,Crítico
6039,91.6,40.12,4.57,Crítico
6040,110.24,37.26,4.17,Normal
6041,87.65,48.47,7.44,Normal
6042,92.39,66.04,3.53,Normal
6043,106.84,75.35,5.92,Normal
6044,106.97,28.41,4.78,Normal
6045,93.97,62.43,4.23,Normal
6046,95.14,16.45,4.61,Crítico
6047,109.1,16.22,6.44,Precaución
6048,102.1,76.62,5.83,Normal
6049,108.45,7.3,4.88,Normal
6050,96.72,53.11,5.44,Normal
6051,93.8,59.72,3.61,Normal
6052,117.96,13.88,4.44,Normal
6053,97.73,19.99,5.45,Normal
6054,98.23,60.8,4.71,Precaución
6055,103.46,28.12,4.47,Normal
6056,97.48,63.77,4.46,Precaución
6057,100.0,74.28,4.97,Precaución
6058,113.41,33.69,3.42,Normal
6059,106.27,53.28,5.81,Precaución
6060,109.58,71.41,4.09,Normal
6061,100.05,28.99,5.42,Normal
6062,100.3,79.3,5.78,Crítico
6063,109.94,52.61,5.58,Normal
6064,104.27,22.78,3.57,Normal
6065,89.57,17.48,3.2,Normal
6066,103.45,21.24,3.43,Precaución
6067,103.33,56.12,4.84,Normal
6068,116.4,15.87,5.47,Crítico
6069,105.57,72.18,7.4,Normal
6070,101.04,8.59,4.66,Normal
6071,88.49,9.23,5.49,Normal
6072,96.66,7.02,6.35,Normal
6073,90.59,27.65,6.48,Normal
6074,106.68,74.9,5.23,Normal
6075,88.09,54.48,5.98,Normal
6076,119.81,10.22,5.19,Normal
6077,94.74,74.7,3.54,Precaución
6078,108.82,19.5,4.02,Normal
6079,113.45,68.26,5.29,Normal
6080,95.73,41.04,5.93,Normal
6081,93.1,17.72,3.75,Normal
6082,93.45,69.17,3.97,Normal
6083,115.68,65.21,5.37,Crítico
6084,105.0,6.0,3.94,Normal
6085,100.0,68.15,5.04,Precaución
6086,91.68,23.02,4.92,Normal
6087,110.14,50.78,5.21,Crítico
6088,93.69,60.38,3.26,Normal
6089,111.14,50.41,3.1,Normal
6090,107.76,55.92,5.76,Normal
6091,95.75,66.99,4.33,Precaución
6092,97.39,11.12,3.54,Normal
6093,98.16,8.92,3.99,Normal
6094,101.49,66.31,6.02,Precaución
6095,107.64,49.59,5.86,Crítico
6096,85.56,18.93,6.39,Normal
6097,92.63,46.29,5.32,Normal
6098,95.86,36.96,3.98,Precaución
6099,94.39,11.7,2.74,Normal
6100,92.52,19.05,5.22,Normal
6101,103.52,11.86,4.3,Crítico
6102,109.47,18.0,3.27,Normal
6103,93.49,30.78,5.72,Crítico
6104,111.56,31.51,5.36,Precaución
6105,93.47,28.06,3.06,Normal
6106,108.82,53.0,4.26,Precaución
6107,102.36,16.85,5.32,Normal
6108,99.5,30.96,5.52,Normal
6109,94.49,75.52,4.12,Precaución
6110,96.8,69.18,4.22,Normal
6111,111.72,56.39,6.12,Normal
6112,109.92,62.46,1.5,Crítico
6113,108.33,78.73,3.56,Normal
6114,111.82,49.53,5.3,Normal
6115,101.96,36.63,2.72,Normal
6116,101.36,37.18,6.69,Normal
6117,102.3,5.64,6.19,Normal
6118,94.11,63.31,2.73,Normal
6119,93.11,14.2,4.35,Normal
6120,106.9,20.66,5.81,Normal
6121,76.12,56.29,3.08,Normal
6122,85.77,58.97,3.96,Crítico
6123,92.39,9.75,5.94,Normal
6124,104.88,60.7,2.82,Precaución
6125,111.9,7.06,5.19,Crítico
6126,98.68,48.85,5.45,Normal
6127,95.5,18.42,4.69,Crítico
6128,106.15,37.83,5.2,Crítico
6129,80.05,23.61,5.59,Normal
6130,90.38,76.51,3.82,Crítico
6131,99.45,61.73,5.42,Precaución
6132,98.82,56.1,4.41,Precaución
6133,91.08,24.62,4.71,Normal
6134,99.17,16.07,5.17,Normal
6135,111.96,31.25,7.4,Precaución
6136,104.47,78.43,4.45,Normal
6137,110.45,46.26,5.52,Crítico
6138,101.38,15.71,4.26,Normal
6139,87.32,74.67,5.85,Normal
6140,106.66,75.23,2.95,Precaución
6141,111.85,15.64,4.89,Normal
6142,107.64,76.71,4.34,Precaución
6143,107.41,33.82,4.38,Normal
6144,108.26,21.4,5.37,Normal
6145,104.66,76.98,6.53,Normal
6146,103.79,43.69,5.99,Normal
6147,104.64,37.54,5.47,Normal
6148,96.16,20.86,3.27,Normal
6149,85.66,47.86,4.33,Crítico
6150,106.85,72.22,4.86,Precaución
6151,97.32,79.33,4.73,Precaución
6152,120.82,47.52,6.23,Precaución
6153,99.54,24.33,6.23,Normal
6154,88.61,19.85,5.12,Normal
6155,108.46,53.2,5.42,Normal
6156,100.23,20.16,6.59,Normal
6157,97.54,26.16,6.1,Normal
6158,81.58,66.32,4.53,Normal
6159,93.6,19.76,3.52,Precaución
6160,108.66,53.47,1.65,Normal
6161,99.97,25.27,4.64,Normal
6162,95.7,6.61,3.56,Crítico
6163,81.56,64.72,5.75,Normal
6164,111.63,36.29,5.89,Precaución
6165,80.69,55.45,6.97,Crítico
6166,99.78,17.73,2.31,Normal
6167,100.71,38.2,5.74,Precaución
6168,113.13,53.48,4.55,Normal
6169,116.33,53.82,5.19,Normal
6170,115.77,76.07,4.93,Normal
6171,120.94,64.59,6.42,Normal
6172,117.13,37.73,3.33,Normal
6173,96.05,25.03,4.25,Normal
6174,102.46,74.85,5.2,Precaución
6175,102.27,68.75,5.83,Precaución
6176,97.28,15.73,6.08,Normal
6177,86.03,19.35,4.5,Crítico
6178,103.88,62.11,3.31,Normal
6179,106.8,27.55,5.05,Precaución
6180,96.98,59.94,2.6,Normal
6181,89.09,44.55,6.85,Normal
6182,104.62,27.21,5.96,Normal
6183,108.72,39.36,4.94,Normal
6184,110.77,46.43,6.05,Normal
6185,115.07,74.09,4.15,Normal
6186,110.81,15.54,5.55,Normal
6187,87.4,66.26,1.12,Normal
6188,106.52,10.78,5.32,Normal
6189,104.98,44.43,6.26,Normal
6190,82.75,32.85,5.22,Normal
6191,111.56,45.51,6.94,Crítico
6192,87.98,9.75,6.75,Precaución
6193,105.3,30.59,6.3,Normal
6194,107.07,8.21,6.22,Normal
6195,78.86,6.54,3.55,Normal
6196,91.18,56.73,3.5,Crítico
6197,91.65,64.52,3.91,Normal
6198,98.54,38.5,5.77,Crítico
6199,110.94,5.21,4.38,Normal
6200,111.43,36.89,2.45,Normal
6201,97.37,41.24,7.4,Normal
6202,86.41,75.59,4.8,Normal
6203,96.85,30.04,3.97,Normal
6204,106.15,34.91,4.69,Crítico
6205,105.98,55.61,6.85,Normal
6206,75.9,31.12,4.94,Normal
6207,96.45,77.81,4.21,Crítico
6208,100.58,53.18,5.21,Crítico
6209,85.26,47.71,3.83,Normal
6210,90.26,34.47,4.87,Normal
6211,109.99,17.91,3.93,Normal
6212,96.5,17.67,4.18,Normal
6213,105.78,65.66,4.74,Normal
6214,111.7,10.61,4.41,Crítico
6215,101.43,71.66,5.59,Normal
6216,97.1,35.81,5.22,Crítico
6217,94.94,47.76,3.72,Normal
6218,90.32,23.62,4.69,Normal
6219,94.39,17.24,3.49,Normal
6220,90.31,39.93,5.04,Normal
6221,98.86,26.55,6.09,Normal
6222,103.43,51.22,6.21,Precaución
6223,96.05,70.29,7.15,Normal
6224,108.8,58.43,3.7,Precaución
6225,108.53,15.73,5.41,Precaución
6226,80.4,17.86,5.89,Crítico
6227,95.16,73.21,8.29,Normal
6228,98.51,72.8,3.26,Precaución
6229,104.4,55.6,4.41,Normal
6230,116.56,60.31,4.69,Crítico
6231,85.82,55.14,5.34,Normal
6232,90.28,36.77,6.06,Normal
6233,106.18,21.39,3.99,Normal
6234,100.88,67.56,5.15,Crítico
6235,101.48,22.1,4.56,Normal
6236,71.28,68.16,2.7,Normal
6237,89.48,15.11,4.28,Crítico
6238,80.5,52.98,5.14,Precaución
6239,104.69,39.28,3.87,Normal
6240,90.19,22.68,4.37,Normal
6241,95.2,48.2,3.13,Normal
6242,107.8,25.52,4.77,Precaución
6243,96.82,62.03,5.58,Normal
6244,86.94,79.96,4.93,Normal
6245,105.43,44.34,6.5,Crítico
6246,98.39,61.98,3.98,Crítico
6247,89.7,69.86,4.48,Normal
6248,90.87,50.92,6.96,Normal
6249,104.38,76.67,6.15,Normal
6250,119.66,23.53,5.92,Normal
6251,91.73,33.53,5.74,Normal
6252,105.4,61.66,3.07,Normal
6253,99.73,33.3,5.36,Precaución
6254,108.97,50.24,5.4,Normal
6255,107.92,22.97,3.67,Normal
6256,90.73,65.03,6.35,Normal
6257,96.62,72.59,5.79,Precaución
6258,100.32,39.91,4.34,Normal
6259,117.49,31.58,2.14,Precaución
6260,97.82,8.73,4.56,Normal
6261,102.71,68.08,3.84,Normal
6262,110.96,35.74,4.9,Crítico
6263,97.26,54.98,9.19,Normal
6264,104.76,38.42,5.84,Normal
6265,99.34,23.21,5.08,Crítico
6266,103.49,10.09,4.54,Normal
6267,92.51,20.95,4.62,Normal
6268,106.09,74.43,4.09,Normal
6269,90.35,52.78,3.53,Normal
6270,96.92,42.19,4.72,Precaución
6271,101.31,17.22,2.78,Crítico
6272,98.5,63.89,3.5,Normal
6273,92.78,61.54,3.94,Normal
6274,99.17,72.96,3.02,Normal
6275,104.75,49.79,6.47,Precaución
6276,101.78,47.22,4.76,Crítico
6277,88.51,29.84,5.66,Crítico
6278,108.26,74.0,4.86,Normal
6279,118.63,51.56,5.35,Normal
6280,102.31,16.55,5.49,Normal
6281,103.63,47.87,7.06,Normal
6282,88.71,48.66,5.03,Normal
6283,103.41,25.64,5.32,Normal
6284,87.9,25.72,6.3,Normal
6285,113.8,5.37,7.29,Precaución
6286,89.22,49.37,5.49,Normal
6287,94.32,39.83,6.24,Crítico
6288,87.77,68.48,6.37,Normal
6289,108.73,17.09,5.32,Normal
6290,102.32,24.61,5.2,Normal
6291,82.47,49.76,5.75,Precaución
6292,85.02,39.18,5.16,Normal
6293,110.12,58.67,4.47,Normal
6294,93.6,66.36,4.47,Normal
6295,97.11,5.75,3.87,Normal
6296,97.97,22.06,4.73,Normal
6297,121.48,29.32,6.44,Normal
6298,102.38,40.43,6.43,Normal
6299,96.17,43.67,3.56,Normal
6300,110.96,62.78,6.35,Normal
6301,118.17,69.49,6.43,Normal
6302,92.51,11.15,5.53,Normal
6303,96.18,56.81,6.45,Crítico
6304,95.01,18.21,4.59,Normal
6305,95.97,48.34,4.06,Normal
6306,108.25,46.54,4.43,Precaución
6307,94.14,74.18,7.62,Precaución
6308,102.44,15.13,4.87,Precaución
6309,88.17,42.85,6.48,Normal
6310,108.04,22.19,4.66,Normal
6311,102.86,47.32,3.6,Normal
6312,104.07,15.54,6.32,Normal
6313,91.34,5.06,1.87,Normal
6314,99.97,79.97,3.76,Normal
6315,97.28,63.65,5.09,Normal
6316,105.73,6.5,5.93,Normal
6317,93.68,30.49,4.54,Normal
6318,88.11,43.71,8.95,Precaución
6319,93.24,52.77,4.07,Normal
6320,96.17,27.77,6.2,Normal
6321,112.17,13.6,4.32,Normal
6322,97.13,61.26,4.89,Normal
6323,117.9,25.6,3.39,Normal
6324,94.02,74.2,4.26,Precaución
6325,88.41,46.32,5.17,Normal
6326,102.91,62.33,3.29,Precaución
6327,93.65,58.56,4.13,Normal
6328,96.9,16.87,6.12,Normal
6329,98.38,41.1,5.89,Precaución
6330,105.83,41.72,3.23,Normal
6331,90.98,70.79,5.82,Normal
6332,83.54,9.84,5.25,Normal
6333,92.08,47.13,5.07,Normal
6334,85.59,18.05,6.37,Precaución
6335,102.57,40.74,4.01,Normal
6336,106.26,21.7,3.73,Normal
6337,91.62,17.7,5.31,Crítico
6338,93.07,35.56,5.14,Normal
6339,92.93,41.07,3.53,Normal
6340,93.44,79.44,5.19,Normal
6341,100.88,49.62,4.1,Precaución
6342,100.93,45.83,8.03,Normal
6343,102.37,14.16,6.1,Normal
6344,97.93,37.17,6.19,Normal
6345,95.43,9.45,7.44,Normal
6346,89.65,22.97,6.8,Normal
6347,92.64,69.57,4.64,Normal
6348,96.16,15.24,7.08,Normal
6349,109.05,18.56,5.66,Normal
6350,111.09,36.7,5.58,Precaución
6351,106.76,67.83,3.2,Normal
6352,101.15,70.8,4.7,Precaución
6353,97.14,41.45,6.67,Normal
6354,122.34,50.42,6.19,Precaución
6355,92.2,39.93,5.06,Normal
6356,117.7,25.43,3.64,Precaución
6357,100.88,15.39,5.21,Normal
6358,101.67,28.9,4.66,Normal
6359,93.88,79.6,3.19,Normal
6360,103.73,15.45,4.98,Precaución
6361,101.58,76.35,4.08,Precaución
6362,92.7,72.22,5.5,Normal
6363,79.95,6.42,5.64,Normal
6364,88.86,24.6,2.3,Precaución
6365,99.24,71.34,4.53,Normal
6366,101.87,14.88,3.8,Precaución
6367,95.41,18.17,4.41,Normal
6368,91.51,24.49,5.68,Crítico
6369,84.6,24.0,4.67,Normal
6370,92.79,73.72,5.77,Precaución
6371,106.82,57.19,5.13,Precaución
6372,106.48,10.27,7.29,Normal
6373,103.62,14.69,5.05,Normal
6374,88.0,73.89,6.66,Crítico
6375,91.46,6.21,6.52,Normal
6376,91.29,77.2,4.96,Precaución
6377,100.24,32.44,5.9,Normal
6378,111.79,5.07,4.67,Normal
6379,102.91,61.33,6.06,Normal
6380,92.01,43.74,3.19,Normal
6381,104.56,74.81,4.58,Normal
6382,100.19,18.69,4.15,Normal
6383,89.21,57.91,2.04,Crítico
6384,94.17,67.71,4.95,Normal
6385,91.01,69.76,2.01,Normal
6386,105.0,10.03,5.45,Precaución
6387,95.93,70.04,4.89,Precaución
6388,106.46,61.25,3.78,Normal
6389,114.2,63.14,5.08,Normal
6390,97.71,7.98,6.49,Normal
6391,105.4,27.15,5.13,Normal
6392,94.7,34.09,4.33,Normal
6393,113.08,75.83,6.01,Crítico
6394,96.55,56.29,4.82,Normal
6395,107.33,56.97,7.22,Precaución
6396,99.1,33.82,4.79,Normal
6397,113.78,36.49,5.63,Normal
6398,94.33,71.99,4.1,Crítico
6399,106.78,64.56,5.03,Normal
6400,111.83,79.9,4.71,Normal
6401,102.75,73.84,4.02,Precaución
6402,92.68,61.36,3.24,Normal
6403,104.11,65.2,4.74,Normal
6404,104.52,72.8,3.79,Precaución
6405,102.49,65.96,5.42,Normal
6406,96.57,57.47,3.26,Normal
6407,100.49,32.42,4.22,Precaución
6408,117.5,64.96,4.9,Precaución
6409,108.91,69.36,5.5,Normal
6410,102.87,58.0,3.81,Precaución
6411,96.41,70.5,3.57,Crítico
6412,104.75,23.2,5.69,Normal
6413,96.02,46.29,5.92,Normal
6414,94.96,49.34,2.25,Normal
6415,105.99,63.11,6.41,Normal
6416,115.89,73.87,4.56,Normal
6417,107.62,54.03,4.1,Normal
6418,95.67,20.3,5.42,Normal
6419,98.3,25.3,7.51,Normal
6420,100.53,59.74,4.67,Normal
6421,108.13,62.14,4.07,Crítico
6422,102.65,78.51,3.21,Normal
6423,109.72,68.07,4.78,Normal
6424,98.5,6.04,6.27,Normal
6425,102.23,8.18,5.74,Normal
6426,102.38,22.45,5.74,Precaución
6427,80.44,77.09,4.83,Normal
6428,108.45,79.52,6.07,Normal
6429,97.32,36.76,6.45,Normal
6430,86.62,62.98,6.63,Normal
6431,97.9,58.26,3.12,Normal
6432,106.63,15.27,4.98,Crítico
6433,97.78,51.0,2.58,Normal
6434,111.12,62.77,3.16,Normal
6435,100.53,11.49,3.83,Crítico
6436,92.59,11.32,6.0,Normal
6437,102.44,10.84,3.4,Normal
6438,110.68,30.68,3.64,Precaución
6439,112.81,69.7,6.26,Normal
6440,96.79,44.8,6.61,Normal
6441,107.46,46.46,6.03,Normal
6442,98.76,56.96,4.03,Normal
6443,99.28,72.43,3.35,Precaución
6444,88.75,11.26,4.86,Normal
6445,93.06,28.32,4.67,Normal
6446,96.18,32.86,3.91,Normal
6447,101.05,45.1,3.68,Crítico
6448,88.35,46.12,3.15,Precaución
6449,113.83,17.41,3.71,Normal
6450,95.57,25.66,5.4,Normal
6451,101.98,16.75,2.69,Normal
6452,105.7,6.07,3.27,Normal
6453,110.76,35.26,5.64,Normal
6454,102.58,46.44,4.88,Normal
6455,113.47,46.49,4.31,Crítico
6456,90.14,33.29,6.72,Normal
6457,103.51,59.54,4.81,Precaución
6458,102.26,23.61,4.9,Normal
6459,110.44,40.13,5.97,Normal
6460,100.26,61.53,4.96,Crítico
6461,101.19,68.28,4.7,Normal
6462,112.46,72.2,5.63,Normal
6463,103.37,76.67,3.2,Normal
6464,82.85,52.25,5.96,Normal
6465,95.48,35.23,5.77,Precaución
6466,104.11,28.73,4.3,Precaución
6467,98.44,63.76,3.94,Precaución
6468,118.47,60.05,6.18,Normal
6469,95.39,63.49,5.2,Normal
6470,119.39,76.54,6.79,Normal
6471,87.79,70.86,4.2,Normal
6472,83.42,41.93,5.61,Normal
6473,107.01,35.38,3.98,Normal
6474,88.33,27.89,4.85,Crítico
6475,102.61,9.01,2.81,Normal
6476,100.56,58.87,5.61,Normal
6477,98.65,10.51,5.9,Precaución
6478,102.1,18.55,4.13,Normal
6479,92.32,8.03,4.97,Normal
6480,105.43,26.29,3.7,Precaución
6481,98.12,13.31,3.96,Normal
6482,101.87,46.59,4.7,Normal
6483,76.45,23.76,4.94,Normal
6484,89.61,12.75,7.46,Normal
6485,103.15,64.43,6.19,Crítico
6486,106.36,6.82,6.11,Normal
6487,99.23,74.75,6.29,Normal
6488,99.13,20.43,5.43,Crítico
6489,117.28,31.43,2.87,Precaución
6490,99.64,11.42,6.96,Normal
6491,84.73,7.56,7.33,Normal
6492,108.89,14.75,3.36,Normal
6493,98.55,63.29,7.31,Precaución
6494,116.58,45.57,5.47,Precaución
6495,102.33,21.38,6.54,Precaución
6496,92.78,25.6,5.38,Normal
6497,96.23,27.57,4.12,Normal
6498,96.87,38.28,5.29,Normal
6499,106.17,38.58,4.83,Precaución
6500,97.1,52.4,7.22,Normal
6501,105.71,70.72,6.3,Precaución
6502,96.0,26.09,3.19,Normal
6503,102.15,76.61,3.07,Crítico
6504,101.27,58.79,4.45,Normal
6505,108.07,67.12,3.28,Normal
6506,113.33,48.73,4.45,Normal
6507,117.75,56.41,5.45,Normal
6508,92.99,62.21,5.7,Normal
6509,104.36,52.28,6.72,Normal
6510,99.77,42.87,6.29,Normal
6511,94.19,36.38,3.08,Normal
6512,92.79,20.56,4.58,Crítico
6513,111.68,24.22,3.51,Precaución
6514,112.28,17.8,4.67,Normal
6515,101.37,47.53,4.44,Normal
6516,105.04,39.27,7.13,Normal
6517,106.58,33.36,4.73,Precaución
6518,96.76,12.89,5.69,Normal
6519,112.23,48.33,6.36,Normal
6520,84.1,32.55,3.74,Normal
6521,108.36,11.45,5.1,Precaución
6522,78.06,56.46,4.12,Precaución
6523,103.86,9.14,7.59,Precaución
6524,94.58,73.52,6.19,Normal
6525,95.57,22.35,4.19,Normal
6526,116.26,35.53,6.78,Precaución
6527,118.39,69.92,5.49,Normal
6528,104.87,29.09,3.92,Normal
6529,104.35,66.16,4.11,Normal
6530,106.43,52.23,5.56,Normal
6531,94.62,7.45,4.85,Normal
6532,84.64,27.8,4.09,Normal
6533,100.51,6.49,6.8,Normal
6534,97.26,12.9,4.76,Normal
6535,106.19,67.53,4.66,Normal
6536,97.1,73.34,3.58,Normal
6537,103.78,40.38,5.57,Normal
6538,98.56,7.44,4.98,Precaución
6539,88.13,75.88,4.66,Precaución
6540,90.56,25.13,4.16,Crítico
6541,104.52,67.31,3.75,Normal
6542,105.83,73.26,7.35,Normal
6543,91.05,66.02,5.59,Normal
6544,81.42,40.81,7.7,Precaución
6545,94.24,70.28,5.82,Normal
6546,89.09,14.71,5.98,Normal
6547,91.96,39.6,3.98,Normal
6548,102.71,64.77,3.3,Normal
6549,99.85,35.92,6.57,Precaución
6550,97.38,47.81,6.55,Normal
6551,92.56,44.96,4.42,Normal
6552,111.86,38.93,5.76,Normal
6553,111.46,53.64,2.86,Normal
6554,102.08,49.0,5.41,Normal
6555,94.64,70.76,2.09,Normal
6556,94.37,10.32,6.32,Normal
6557,89.78,26.65,3.78,Normal
6558,88.75,13.55,5.87,Precaución
6559,105.34,31.57,2.09,Normal
6560,99.02,52.4,5.15,Normal
6561,79.88,12.75,4.77,Normal
6562,91.7,8.16,6.65,Normal
6563,105.27,27.4,5.09,Normal
6564,99.19,34.92,1.75,Normal
6565,107.81,36.12,6.82,Normal
6566,89.45,24.14,6.68,Normal
6567,98.78,68.14,4.33,Normal
6568,93.23,17.09,5.79,Normal
6569,83.14,17.3,4.91,Normal
6570,90.4,41.54,6.22,Normal
6571,104.64,22.36,3.61,Normal
6572,100.97,68.83,4.92,Normal
6573,102.08,23.73,3.63,Crítico
6574,85.62,56.06,5.01,Normal
6575,97.61,17.71,5.37,Normal
6576,99.94,75.07,5.46,Crítico
6577,100.58,24.16,4.74,Normal
6578,99.97,22.2,5.48,Normal
6579,117.77,77.15,5.12,Normal
6580,85.79,72.76,2.59,Normal
6581,91.87,11.97,3.22,Normal
6582,94.02,37.5,6.86,Normal
6583,109.7,46.38,6.51,Precaución
6584,107.77,39.04,5.43,Normal
6585,106.24,52.66,4.93,Crítico
6586,91.35,25.97,4.8,Normal
6587,102.69,45.98,4.3,Normal
6588,100.94,10.49,4.34,Precaución
6589,98.34,37.16,6.24,Normal
6590,86.31,43.55,6.09,Normal
6591,92.18,44.04,4.07,Normal
6592,88.25,36.41,5.99,Normal
6593,126.27,42.49,3.47,Normal
6594,116.4,21.94,6.44,Crítico
6595,93.0,26.01,6.03,Normal
6596,91.44,46.61,3.38,Normal
6597,90.39,19.43,4.6,Precaución
6598,89.72,71.88,4.46,Crítico
6599,91.63,73.53,4.53,Precaución
6600,94.22,52.63,4.34,Normal
6601,104.03,57.19,4.12,Normal
6602,106.78,58.06,5.62,Normal
6603,95.5,68.36,3.91,Normal
6604,112.12,49.21,5.65,Crítico
6605,82.92,13.97,4.04,Crítico
6606,97.49,21.33,4.11,Precaución
6607,109.26,42.3,5.5,Crítico
6608,114.23,39.87,6.87,Normal
6609,102.43,73.14,3.68,Normal
6610,108.03,62.47,3.11,Normal
6611,94.48,8.42,4.08,Normal
6612,84.78,41.89,5.29,Normal
6613,92.64,39.92,6.29,Normal
6614,87.18,36.31,4.78,Precaución
6615,99.02,5.36,3.68,Crítico
6616,105.32,77.86,5.63,Normal
6617,115.17,21.89,5.94,Normal
6618,108.54,38.27,2.65,Normal
6619,98.34,50.14,5.62,Normal
6620,90.35,61.43,5.95,Normal
6621,78.58,49.25,4.82,Normal
6622,108.71,47.99,5.47,Normal
6623,83.4,57.43,4.91,Normal
6624,116.03,12.2,4.76,Crítico
6625,107.93,63.48,3.29,Normal
6626,82.03,38.11,5.05,Normal
6627,85.46,67.99,3.54,Normal
6628,123.04,68.42,6.72,Normal
6629,102.35,39.01,4.02,Crítico
6630,95.2,64.05,4.52,Crítico
6631,92.47,68.39,4.7,Normal
6632,108.0,61.6,6.12,Normal
6633,101.77,75.12,4.09,Normal
6634,106.28,78.24,5.0,Normal
6635,96.96,44.97,6.2,Precaución
6636,87.65,62.81,3.71,Normal
6637,88.91,76.99,5.24,Normal
6638,100.42,28.42,3.58,Normal
6639,98.18,41.86,2.56,Normal
6640,95.67,38.65,4.96,Normal
6641,96.5,69.04,5.46,Crítico
6642,103.76,45.26,4.37,Normal
6643,112.61,70.09,7.87,Normal
6644,97.7,51.9,6.27,Precaución
6645,93.73,23.65,4.91,Normal
6646,101.28,79.34,5.6,Precaución
6647,94.19,62.41,4.97,Precaución
6648,95.3,28.53,5.08,Precaución
6649,103.0,17.05,5.37,Crítico
6650,89.98,64.99,3.65,Precaución
6651,110.21,19.04,4.67,Normal
6652,111.45,77.02,3.03,Normal
6653,90.75,5.48,6.55,Normal
6654,115.4,75.49,7.42,Precaución
6655,118.07,59.95,2.59,Precaución
6656,101.43,21.97,5.04,Normal
6657,85.31,33.46,4.58,Normal
6658,102.05,24.76,5.93,Normal
6659,82.36,11.53,6.39,Crítico
6660,96.68,20.65,6.01,Normal
6661,107.71,32.95,5.47,Normal
6662,106.12,30.71,6.15,Normal
6663,83.41,9.44,4.56,Normal
6664,84.96,8.35,6.08,Precaución
6665,89.79,26.77,4.34,Normal
6666,93.16,6.56,5.98,Precaución
6667,103.99,53.77,4.09,Normal
6668,110.95,7.01,6.7,Normal
6669,104.13,5.92,5.3,Crítico
6670,92.34,63.43,4.23,Normal
6671,116.75,20.61,4.86,Normal
6672,86.97,52.13,4.15,Normal
6673,89.44,57.61,6.05,Normal
6674,117.88,38.33,5.83,Normal
6675,105.06,66.57,6.74,Normal
6676,114.44,78.61,5.21,Normal
6677,84.9,36.06,2.39,Crítico
6678,103.67,10.18,6.25,Normal
6679,80.74,46.16,4.61,Normal
6680,107.17,68.58,5.02,Normal
6681,105.82,31.38,4.81,Precaución
6682,90.37,16.98,5.95,Normal
6683,117.85,31.68,5.85,Normal
6684,105.01,37.5,4.91,Normal
6685,90.96,64.68,5.9,Normal
6686,95.35,30.4,3.84,Crítico
6687,108.72,66.01,4.78,Normal
6688,102.42,73.4,3.91,Normal
6689,91.4,36.53,7.4,Normal
6690,106.79,67.5,6.06,Normal
6691,86.96,77.49,5.94,Normal
6692,80.57,26.21,4.82,Normal
6693,113.87,56.85,4.35,Precaución
6694,79.4,14.46,5.77,Normal
6695,101.61,46.94,5.84,Precaución
6696,100.11,34.33,4.87,Normal
6697,105.54,58.74,5.41,Precaución
6698,100.88,54.57,5.25,Normal
6699,99.08,24.18,2.73,Normal
6700,95.77,45.31,5.74,Normal
6701,88.72,64.69,5.2,Normal
6702,79.9,51.7,4.61,Precaución
6703,92.57,36.86,6.53,Normal
6704,99.92,18.82,3.32,Normal
6705,106.68,72.78,5.01,Normal
6706,92.93,7.85,6.99,Normal
6707,85.2,32.43,4.01,Normal
6708,88.83,46.29,5.83,Normal
6709,100.98,19.54,3.1,Normal
6710,110.0,40.89,1.69,Precaución
6711,105.88,33.85,5.78,Precaución
6712,104.41,74.72,2.9,Crítico
6713,95.22,12.34,3.79,Precaución
6714,101.43,24.06,3.99,Normal
6715,103.63,69.7,3.74,Normal
6716,102.8,16.39,4.12,Crítico
6717,108.61,10.06,4.59,Normal
6718,120.83,21.94,6.85,Normal
6719,92.84,39.81,5.17,Normal
6720,99.95,27.86,4.23,Normal
6721,109.91,60.37,5.93,Normal
6722,84.26,23.76,5.73,Normal
6723,86.46,12.13,3.56,Normal
6724,101.3,70.08,4.81,Precaución
6725,102.78,69.49,1.85,Normal
6726,102.1,8.09,2.99,Precaución
6727,107.13,27.92,6.94,Normal
6728,102.86,36.73,6.77,Normal
6729,92.59,32.98,4.52,Normal
6730,101.94,12.4,1.78,Precaución
6731,81.48,58.53,4.65,Precaución
6732,90.93,63.55,5.11,Normal
6733,106.0,13.6,4.67,Normal
6734,91.49,25.46,6.59,Normal
6735,112.28,42.74,4.35,Precaución
6736,97.8,11.63,4.02,Crítico
6737,99.5,47.84,6.02,Precaución
6738,107.57,64.66,4.52,Precaución
6739,112.09,32.64,3.66,Normal
6740,122.68,28.75,6.59,Precaución
6741,91.32,33.29,4.08,Precaución
6742,100.38,79.91,5.01,Precaución
6743,105.29,40.05,5.09,Normal
6744,110.64,25.25,4.63,Normal
6745,95.73,62.76,4.38,Normal
6746,113.76,36.85,4.59,Normal
6747,92.49,8.07,5.71,Normal
6748,105.38,67.3,4.34,Normal
6749,86.27,79.82,5.28,Normal
6750,88.35,48.04,4.85,Precaución
6751,103.36,45.16,5.9,Normal
6752,93.62,6.19,3.11,Crítico
6753,96.32,52.53,6.12,Normal
6754,107.47,31.04,5.65,Crítico
6755,94.19,47.06,3.76,Normal
6756,107.47,75.08,5.3,Normal
6757,103.82,48.51,2.8,Normal
6758,106.61,7.56,3.7,Precaución
6759,109.03,63.81,3.37,Normal
6760,97.78,38.76,7.88,Normal
6761,94.88,66.33,3.89,Precaución
6762,112.35,66.53,5.7,Normal
6763,108.22,72.28,5.37,Precaución
6764,94.92,12.29,5.21,Crítico
6765,81.64,44.24,5.56,Normal
6766,96.65,20.21,5.07,Precaución
6767,110.79,78.12,4.69,Normal
6768,114.93,50.3,4.24,Precaución
6769,100.77,51.37,5.01,Precaución
6770,88.73,27.86,5.73,Normal
6771,91.96,8.09,6.39,Normal
6772,105.08,5.31,5.33,Precaución
6773,109.0,41.26,7.19,Normal
6774,109.56,41.43,6.53,Normal
6775,87.77,22.43,5.93,Crítico
6776,92.01,41.34,3.53,Normal
6777,104.48,32.23,4.1,Normal
6778,100.4,17.56,6.42,Precaución
6779,110.55,11.79,4.34,Precaución
6780,99.01,35.12,2.91,Normal
6781,97.98,33.48,4.14,Normal
6782,95.58,63.23,5.49,Normal
6783,89.06,37.91,5.32,Normal
6784,96.77,72.63,6.19,Normal
6785,88.74,16.35,6.46,Normal
6786,96.65,63.27,4.21,Normal
6787,92.06,64.89,4.2,Normal
6788,91.02,68.37,6.61,Crítico
6789,105.18,50.25,4.64,Normal
6790,90.33,53.8,4.82,Precaución
6791,115.4,17.37,5.11,Precaución
6792,93.35,40.03,4.52,Normal
6793,96.13,42.58,5.51,Normal
6794,112.55,45.53,5.6,Normal
6795,100.44,6.0,4.93,Precaución
6796,80.76,39.25,4.72,Normal
6797,78.76,64.56,4.95,Normal
6798,114.53,40.46,6.63,Normal
6799,106.5,63.09,5.59,Precaución
6800,106.51,15.05,5.42,Normal
6801,104.7,55.95,5.03,Normal
6802,107.68,36.68,6.13,Normal
6803,90.11,11.31,2.92,Normal
6804,104.32,19.1,5.31,Normal
6805,98.91,24.16,2.59,Normal
6806,111.4,42.79,4.07,Precaución
6807,93.75,27.92,3.98,Normal
6808,108.75,71.34,3.36,Precaución
6809,86.01,47.89,6.13,Precaución
6810,102.21,42.91,5.09,Normal
6811,90.48,11.82,5.1,Normal
6812,84.39,56.52,6.54,Normal
6813,107.68,54.52,3.15,Normal
6814,115.04,46.03,3.76,Precaución
6815,81.41,29.31,5.49,Precaución
6816,115.85,79.2,6.66,Normal
6817,112.36,52.97,2.05,Normal
6818,91.11,23.62,3.63,Crítico
6819,97.83,75.45,7.21,Normal
6820,89.74,18.28,4.12,Precaución
6821,85.71,6.46,4.22,Normal
6822,100.94,67.36,5.31,Precaución
6823,103.9,52.73,3.24,Normal
6824,99.25,34.22,4.6,Normal
6825,89.47,29.08,5.19,Crítico
6826,89.29,61.64,4.9,Crítico
6827,106.73,61.41,3.0,Crítico
6828,97.25,26.11,4.02,Normal
6829,109.57,34.63,4.86,Normal
6830,109.05,78.94,4.42,Precaución
6831,88.78,72.85,2.37,Normal
6832,104.59,35.1,6.23,Precaución
6833,86.92,22.25,5.19,Normal
6834,105.12,52.07,4.88,Normal
6835,105.3,35.34,7.94,Normal
6836,93.96,10.36,4.6,Normal
6837,78.09,7.45,5.31,Normal
6838,96.89,9.54,6.17,Normal
6839,93.04,16.11,5.36,Crítico
6840,98.62,66.66,4.25,Normal
6841,98.75,72.36,6.16,Normal
6842,110.12,71.15,5.08,Normal
6843,88.38,14.69,6.44,Precaución
6844,95.9,55.55,4.88,Normal
6845,99.68,57.58,4.55,Crítico
6846,115.56,17.08,3.95,Normal
6847,104.43,15.1,4.59,Normal
6848,102.48,26.4,5.51,Precaución
6849,100.53,32.09,6.22,Normal
6850,86.5,20.09,7.03,Normal
6851,91.52,8.7,4.56,Precaución
6852,95.61,30.85,4.24,Normal
6853,90.73,31.45,5.66,Normal
6854,89.31,59.81,3.67,Normal
6855,106.35,74.0,3.82,Normal
6856,105.47,51.57,4.46,Normal
6857,106.19,78.59,2.55,Normal
6858,96.87,72.38,4.47,Normal
6859,84.7,51.39,6.09,Normal
6860,89.02,77.36,3.05,Normal
6861,107.23,61.86,4.19,Normal
6862,88.83,36.02,6.53,Precaución
6863,88.98,11.01,6.11,Normal
6864,97.91,26.72,6.12,Normal
6865,102.94,5.16,3.45,Crítico
6866,108.42,51.51,3.75,Normal
6867,95.31,27.0,4.36,Normal
6868,87.4,33.8,4.67,Normal
6869,101.3,78.0,3.77,Crítico
6870,114.49,20.4,5.32,Normal
6871,102.52,60.64,6.63,Normal
6872,95.07,27.32,5.65,Precaución
6873,83.15,15.27,7.3,Normal
6874,110.88,27.77,4.07,Normal
6875,97.54,30.4,4.81,Normal
6876,106.48,45.92,6.42,Normal
6877,109.61,68.51,5.2,Normal
6878,107.65,51.8,5.15,Normal
6879,83.16,51.98,4.57,Precaución
6880,91.17,47.09,3.15,Normal
6881,101.17,68.67,6.05,Normal
6882,119.55,60.13,4.78,Normal
6883,75.6,41.08,5.05,Normal
6884,111.77,20.89,5.95,Precaución
6885,98.21,22.21,4.34,Normal
6886,105.25,53.19,4.09,Normal
6887,106.94,32.04,5.62,Normal
6888,109.04,40.99,5.67,Crítico
6889,108.01,58.46,6.37,Normal
6890,103.4,25.3,5.06,Normal
6891,110.25,27.41,3.69,Normal
6892,105.19,38.43,3.64,Precaución
6893,111.32,23.94,4.23,Normal
6894,87.78,77.49,3.87,Precaución
6895,99.69,33.63,4.27,Normal
6896,83.79,5.35,4.76,Normal
6897,109.12,60.57,4.3,Normal
6898,98.04,9.17,3.87,Normal
6899,101.4,5.78,4.95,Precaución
6900,95.19,53.84,4.87,Normal
6901,92.45,78.33,4.59,Normal
6902,103.27,12.13,4.22,Normal
6903,93.59,11.31,4.48,Normal
6904,95.78,48.12,5.44,Normal
6905,104.47,76.31,6.28,Normal
6906,108.56,16.11,4.91,Normal
6907,120.82,77.7,6.43,Normal
6908,100.85,47.54,3.8,Precaución
6909,110.33,11.02,4.97,Crítico
6910,102.71,6.1,7.99,Normal
6911,84.26,49.31,5.88,Normal
6912,114.29,7.87,4.15,Normal
6913,90.2,62.05,6.08,Crítico
6914,102.08,28.97,5.13,Normal
6915,112.48,44.06,5.63,Normal
6916,95.07,67.44,5.94,Normal
6917,110.96,52.24,4.1,Normal
6918,98.03,38.57,4.87,Normal
6919,91.4,43.68,5.01,Normal
6920,100.24,34.61,5.35,Normal
6921,83.86,20.41,5.64,Normal
6922,98.74,74.66,6.81,Normal
6923,92.44,64.98,5.34,Normal
6924,99.2,31.64,6.13,Normal
6925,103.56,35.77,4.49,Normal
6926,111.41,12.17,4.41,Crítico
6927,103.42,76.99,5.51,Normal
6928,91.51,57.71,5.95,Normal
6929,111.12,55.61,5.67,Normal
6930,81.12,44.71,5.1,Normal
6931,89.38,72.22,3.39,Normal
6932,84.63,73.06,4.23,Normal
6933,89.07,24.61,3.2,Normal
6934,102.74,28.98,5.97,Normal
6935,101.08,24.65,4.6,Normal
6936,81.56,49.73,3.78,Normal
6937,103.95,35.42,6.45,Precaución
6938,95.64,38.4,5.91,Normal
6939,87.87,19.05,4.82,Normal
6940,93.39,7.09,3.28,Normal
6941,89.15,23.56,5.58,Normal
6942,100.31,12.74,5.77,Precaución
6943,87.25,41.65,4.79,Normal
6944,104.48,27.14,2.37,Normal
6945,102.02,14.75,4.18,Precaución
6946,114.37,14.12,5.82,Normal
6947,86.84,34.97,3.44,Precaución
6948,95.91,72.41,5.56,Precaución
6949,119.92,18.94,5.37,Precaución
6950,103.21,31.13,4.96,Normal
6951,94.25,48.47,5.43,Precaución
6952,83.56,25.39,4.29,Normal
6953,99.08,24.89,5.12,Normal
6954,94.91,69.83,5.81,Precaución
6955,92.21,69.6,3.68,Precaución
6956,108.5,33.9,7.16,Crítico
6957,106.75,44.81,4.58,Normal
6958,102.56,75.35,3.66,Normal
6959,103.1,55.23,4.34,Normal
6960,97.73,15.87,4.69,Normal
6961,102.68,24.52,4.44,Normal
6962,95.54,26.98,2.24,Normal
6963,97.0,76.53,3.8,Normal
6964,81.62,40.16,4.0,Normal
6965,102.54,18.51,5.46,Normal
6966,94.52,28.66,4.92,Normal
6967,102.94,73.8,3.93,Normal
6968,93.32,71.18,5.84,Normal
6969,92.19,23.29,5.18,Precaución
6970,90.43,45.05,6.49,Precaución
6971,91.37,66.43,4.64,Precaución
6972,108.88,24.07,5.59,Normal
6973,97.4,25.75,4.78,Normal
6974,110.17,34.46,3.54,Precaución
6975,100.0,10.89,5.26,Normal
6976,128.63,51.35,5.16,Normal
6977,95.81,35.91,5.8,Precaución
6978,105.89,11.21,4.69,Precaución
6979,102.97,27.17,4.22,Normal
6980,90.23,25.3,2.43,Normal
6981,110.4,75.84,4.64,Normal
6982,108.43,37.17,5.0,Precaución
6983,107.19,20.34,5.6,Normal
6984,94.99,46.06,2.64,Precaución
6985,107.18,38.32,4.22,Normal
6986,101.26,16.15,7.76,Normal
6987,90.55,16.45,4.47,Normal
6988,103.23,70.29,4.2,Normal
6989,98.93,25.57,5.74,Precaución
6990,98.12,12.26,3.0,Normal
6991,101.12,28.41,3.51,Precaución
6992,93.64,39.12,3.7,Normal
6993,85.13,73.05,5.46,Normal
6994,83.01,75.46,4.09,Precaución
6995,107.44,8.64,5.25,Normal
6996,93.03,73.94,4.34,Normal
6997,108.68,38.47,5.22,Precaución
6998,88.47,64.73,5.06,Normal
6999,89.99,79.69,5.51,Normal
7000,91.34,21.21,2.4,Crítico
7001,91.17,71.62,4.37,Normal
7002,94.14,48.72,5.71,Normal
7003,103.23,44.33,3.4,Normal
7004,101.62,78.58,4.33,Normal
7005,97.01,25.28,5.24,Normal
7006,118.96,12.09,5.24,Normal
7007,92.87,76.14,5.8,Normal
7008,103.55,24.95,5.08,Normal
7009,75.8,76.67,4.4,Normal
7010,83.68,76.76,6.36,Normal
7011,96.37,36.4,6.69,Normal
7012,95.43,27.64,5.86,Precaución
7013,100.72,18.62,3.27,Precaución
7014,80.73,55.21,4.07,Normal
7015,112.4,48.6,3.63,Normal
7016,110.01,40.11,5.21,Normal
7017,94.46,55.3,7.12,Normal
7018,104.4,36.39,5.66,Normal
7019,105.48,13.27,5.81,Precaución
7020,85.42,32.99,5.46,Normal
7021,107.58,19.82,6.79,Normal
7022,96.32,7.63,4.13,Normal
7023,105.09,41.41,5.16,Precaución
7024,87.95,24.59,6.3,Normal
7025,99.2,12.26,4.24,Normal
7026,98.3,41.49,5.12,Normal
7027,91.77,18.05,3.73,Crítico
7028,108.46,31.46,7.29,Precaución
7029,99.74,56.41,4.9,Normal
7030,104.55,23.56,5.15,Normal
7031,104.61,5.67,7.19,Precaución
7032,95.92,53.24,4.65,Normal
7033,103.67,24.74,4.43,Normal
7034,89.43,70.64,5.99,Crítico
7035,107.7,52.88,4.03,Crítico
7036,97.1,32.38,3.64,Precaución
7037,91.94,12.72,6.29,Precaución
7038,106.69,79.01,5.59,Normal
7039,89.71,65.29,3.28,Normal
7040,122.03,55.41,4.43,Normal
7041,111.49,23.12,6.25,Normal
7042,93.49,38.47,5.36,Normal
7043,95.95,17.62,6.66,Normal
7044,102.4,61.97,4.83,Crítico
7045,97.01,58.96,5.14,Normal
7046,92.84,21.46,4.94,Normal
7047,91.07,67.56,4.3,Normal
7048,114.85,67.14,3.99,Normal
7049,106.87,58.18,8.26,Crítico
7050,110.13,54.55,7.11,Normal
7051,95.39,70.91,4.3,Crítico
7052,105.57,56.75,3.84,Normal
7053,96.72,53.0,5.43,Normal
7054,102.71,45.21,4.78,Normal
7055,86.48,35.4,4.41,Normal
7056,91.27,63.67,5.26,Normal
7057,102.64,72.17,5.99,Precaución
7058,114.68,6.42,6.64,Normal
7059,101.16,58.93,6.4,Normal
7060,103.93,8.59,5.57,Normal
7061,96.21,67.64,6.36,Normal
7062,95.61,8.52,6.31,Normal
7063,102.52,6.66,6.32,Precaución
7064,98.81,5.6,5.12,Crítico
7065,103.82,38.11,5.5,Normal
7066,76.37,64.01,4.09,Normal
7067,111.24,68.36,4.38,Normal
7068,104.74,20.68,6.13,Precaución
7069,110.13,74.24,5.54,Normal
7070,109.72,34.58,6.85,Precaución
7071,106.06,65.5,3.17,Precaución
7072,99.6,46.29,4.28,Normal
7073,111.9,72.28,5.88,Normal
7074,104.9,75.02,4.57,Precaución
7075,89.69,50.38,4.84,Normal
7076,81.92,66.33,5.73,Normal
7077,109.36,78.28,4.3,Precaución
7078,101.03,14.47,1.72,Precaución
7079,104.3,61.18,4.12,Precaución
7080,110.51,65.41,4.79,Precaución
7081,108.51,45.96,6.36,Normal
7082,91.69,51.36,6.6,Normal
7083,110.03,76.05,5.12,Precaución
7084,111.95,15.84,4.13,Normal
7085,108.75,33.83,5.25,Normal
7086,99.15,44.8,7.18,Crítico
7087,86.26,30.85,5.14,Precaución
7088,94.17,38.04,4.37,Normal
7089,103.48,36.06,6.36,Precaución
7090,87.03,71.18,5.88,Normal
7091,89.3,50.83,6.83,Normal
7092,108.58,47.7,4.65,Normal
7093,107.36,68.31,5.14,Normal
7094,82.03,51.91,2.62,Normal
7095,113.02,39.52,7.11,Normal
7096,93.5,70.57,6.91,Normal
7097,109.29,29.13,4.72,Precaución
7098,98.88,15.54,3.57,Normal
7099,80.65,29.97,4.79,Normal
7100,88.48,58.08,3.64,Normal
7101,90.38,49.64,5.92,Normal
7102,81.58,31.03,4.32,Normal
7103,103.31,68.34,6.23,Normal
7104,104.79,35.31,6.95,Normal
7105,106.83,5.3,4.23,Precaución
7106,112.52,15.5,4.92,Crítico
7107,91.27,46.24,6.56,Normal
7108,114.46,30.99,2.83,Normal
7109,85.95,70.67,5.65,Normal
7110,98.21,35.1,3.85,Normal
7111,106.22,21.71,2.57,Normal
7112,88.92,61.42,4.86,Normal
7113,107.65,53.91,2.69,Normal
7114,77.09,64.36,5.93,Precaución
7115,109.69,62.34,6.41,Normal
7116,113.06,73.86,4.0,Precaución
7117,109.24,50.44,5.22,Precaución
7118,109.21,29.29,6.15,Normal
7119,97.28,37.56,5.59,Precaución
7120,86.76,50.61,5.68,Normal
7121,86.55,62.9,3.54,Precaución
7122,104.51,63.66,3.9,Normal
7123,102.44,48.83,4.95,Normal
7124,101.95,25.17,3.33,Normal
7125,111.22,59.09,5.52,Normal
7126,107.03,27.45,5.19,Crítico
7127,107.2,64.69,6.34,Precaución
7128,97.89,23.47,5.84,Normal
7129,90.07,25.55,4.97,Normal
7130,95.76,64.52,6.08,Normal
7131,122.13,71.13,4.95,Normal
7132,93.07,67.39,5.0,Normal
7133,84.42,67.52,5.6,Normal
7134,90.06,19.19,6.42,Normal
7135,105.21,14.26,5.9,Normal
7136,119.3,33.82,4.01,Precaución
7137,98.13,59.6,5.77,Normal
7138,72.13,29.05,6.05,Normal
7139,101.12,11.13,3.49,Precaución
7140,85.02,18.79,4.27,Normal
7141,109.85,58.19,4.59,Normal
7142,81.41,54.81,4.51,Normal
7143,109.0,15.18,5.59,Normal
7144,79.06,44.21,4.43,Normal
7145,81.83,47.7,5.68,Normal
7146,102.85,25.71,5.23,Precaución
7147,105.43,71.66,7.82,Normal
7148,107.57,15.41,4.26,Normal
7149,97.72,30.46,4.47,Precaución
7150,106.0,54.12,6.5,Normal
7151,96.65,19.26,4.15,Crítico
7152,99.62,35.02,4.38,Normal
7153,109.77,12.67,4.7,Normal
7154,105.33,42.33,5.51,Normal
7155,99.92,39.24,3.49,Normal
7156,98.38,25.58,6.33,Normal
7157,116.34,26.75,6.84,Normal
7158,115.06,24.15,4.99,Normal
7159,112.42,47.96,3.14,Precaución
7160,94.89,22.79,5.86,Normal
7161,101.91,76.95,4.19,Normal
7162,112.4,57.89,4.28,Normal
7163,110.95,55.74,4.67,Normal
7164,85.45,70.04,5.99,Normal
7165,82.79,21.69,4.88,Precaución
7166,96.97,28.03,7.77,Precaución
7167,102.11,21.25,6.34,Normal
7168,110.26,40.77,3.28,Normal
7169,85.17,48.73,6.02,Normal
7170,92.08,55.44,6.91,Normal
7171,98.35,56.52,4.49,Crítico
7172,106.28,35.39,3.89,Normal
7173,84.63,43.77,5.37,Normal
7174,109.72,43.76,4.46,Normal
7175,87.81,10.51,5.1,Precaución
7176,102.7,22.15,5.38,Crítico
7177,103.61,27.35,4.37,Normal
7178,94.35,22.8,4.96,Precaución
7179,109.98,60.34,3.73,Normal
7180,105.27,23.49,4.77,Normal
7181,93.94,18.86,5.8,Crítico
7182,113.09,57.65,4.98,Normal
7183,91.0,66.65,5.78,Normal
7184,115.84,79.29,4.58,Crítico
7185,102.2,38.27,3.71,Precaución
7186,118.47,27.43,6.55,Precaución
7187,101.84,30.23,6.63,Normal
7188,103.21,75.13,6.98,Normal
7189,89.6,35.06,5.55,Normal
7190,101.69,30.57,3.93,Normal
7191,108.98,21.53,5.94,Normal
7192,91.52,31.55,6.41,Normal
7193,105.15,37.98,5.76,Normal
7194,95.87,73.49,4.93,Precaución
7195,96.97,71.63,3.91,Normal
7196,83.5,53.02,6.8,Normal
7197,89.81,45.22,2.81,Normal
7198,109.53,64.01,4.18,Crítico
7199,109.26,22.83,4.66,Normal
7200,87.96,27.8,6.22,Normal
7201,91.82,50.54,5.38,Normal
7202,94.79,54.49,4.58,Normal
7203,86.84,36.39,5.85,Crítico
7204,91.02,36.77,5.22,Normal
7205,96.47,25.27,5.48,Precaución
7206,126.15,45.52,6.01,Crítico
7207,107.96,53.99,6.5,Precaución
7208,107.26,79.14,6.43,Normal
7209,100.38,38.91,6.03,Normal
7210,113.67,8.67,4.36,Normal
7211,105.12,65.37,4.66,Precaución
7212,110.53,8.83,3.65,Normal
7213,89.98,55.8,5.22,Normal
7214,119.6,44.39,3.96,Normal
7215,98.72,59.75,5.7,Precaución
7216,101.05,6.66,6.45,Normal
7217,76.38,66.93,4.0,Normal
7218,119.84,33.92,3.36,Normal
7219,101.42,20.99,3.46,Normal
7220,96.54,76.24,4.89,Normal
7221,105.56,15.6,5.89,Precaución
7222,98.77,71.7,6.38,Normal
7223,99.0,5.4,5.42,Normal
7224,87.48,77.09,5.68,Normal
7225,103.84,20.75,5.11,Normal
7226,97.82,67.56,4.98,Normal
7227,101.11,8.71,3.24,Normal
7228,109.91,56.61,5.31,Precaución
7229,108.4,70.18,6.75,Precaución
7230,87.11,6.73,4.04,Normal
7231,98.58,13.16,4.52,Normal
7232,114.15,11.38,4.49,Normal
7233,97.88,33.05,4.88,Precaución
7234,93.97,44.04,4.6,Normal
7235,104.2,58.4,5.23,Normal
7236,116.98,6.42,5.28,Precaución
7237,96.37,36.26,7.1,Normal
7238,108.1,63.76,4.97,Crítico
7239,87.22,47.41,3.5,Normal
7240,102.42,63.3,5.47,Normal
7241,105.43,47.72,5.47,Normal
7242,112.75,53.05,7.0,Normal
7243,96.76,73.68,5.03,Normal
7244,105.85,28.6,6.33,Normal
7245,101.37,11.83,5.49,Normal
7246,89.91,29.92,4.46,Precaución
7247,90.06,33.95,4.8,Normal
7248,86.75,34.48,7.11,Normal
7249,123.78,60.67,4.79,Normal
7250,103.75,71.38,4.83,Crítico
7251,100.78,44.42,5.57,Normal
7252,93.71,17.85,5.48,Normal
7253,110.31,34.49,6.09,Normal
7254,105.54,12.55,4.84,Normal
7255,114.11,10.19,3.73,Precaución
7256,90.54,52.78,4.84,Normal
7257,97.83,63.36,6.45,Normal
7258,96.88,58.08,4.81,Normal
7259,81.83,13.42,3.45,Normal
7260,117.44,8.99,5.84,Normal
7261,113.22,68.26,4.19,Normal
7262,92.11,69.57,6.86,Normal
7263,91.35,27.69,5.4,Crítico
7264,106.3,47.49,5.89,Normal
7265,111.88,50.88,5.37,Normal
7266,97.34,38.79,2.8,Normal
7267,88.28,37.3,5.45,Normal
7268,98.85,43.98,1.92,Normal
7269,99.71,74.09,6.96,Normal
7270,90.89,38.12,1.45,Normal
7271,109.32,66.74,3.86,Normal
7272,108.43,30.37,6.74,Normal
7273,91.02,67.29,5.96,Normal
7274,114.24,12.41,5.98,Precaución
7275,90.1,50.25,3.39,Normal
7276,94.07,44.42,3.57,Normal
7277,93.05,21.76,2.98,Normal
7278,85.28,73.61,5.12,Normal
7279,110.54,8.16,6.21,Normal
7280,105.02,21.19,5.45,Precaución
7281,115.93,23.89,6.35,Normal
7282,106.87,32.71,3.94,Normal
7283,109.91,72.72,3.85,Normal
7284,105.25,75.84,2.98,Normal
7285,90.59,20.53,6.1,Normal
7286,110.87,62.69,6.24,Precaución
7287,88.37,74.94,6.13,Precaución
7288,84.19,21.12,5.31,Crítico
7289,100.17,19.23,7.11,Crítico
7290,95.16,17.45,4.87,Normal
7291,99.49,8.13,2.73,Precaución
7292,90.1,9.9,5.15,Normal
7293,105.67,18.78,4.94,Normal
7294,110.27,69.59,6.29,Normal
7295,112.12,79.93,7.51,Crítico
7296,91.52,36.8,6.61,Normal
7297,98.94,40.56,4.42,Precaución
7298,102.98,48.69,4.23,Crítico
7299,118.18,36.42,5.06,Normal
7300,97.46,15.24,4.59,Precaución
7301,112.54,51.83,4.8,Precaución
7302,96.28,79.78,3.38,Normal
7303,106.98,72.41,3.21,Normal
7304,88.72,64.49,4.17,Normal
7305,88.48,44.88,6.22,Normal
7306,98.89,63.5,6.24,Precaución
7307,103.69,40.79,4.54,Crítico
7308,109.65,62.41,5.19,Normal
7309,111.99,72.25,6.02,Normal
7310,114.81,19.85,4.32,Normal
7311,108.16,7.96,5.98,Normal
7312,107.06,8.6,6.33,Normal
7313,98.3,55.73,5.12,Precaución
7314,97.96,14.81,6.33,Crítico
7315,96.39,70.51,4.86,Normal
7316,92.38,7.13,5.04,Normal
7317,69.03,35.24,6.16,Normal
7318,99.06,46.18,6.94,Normal
7319,108.74,37.31,5.1,Normal
7320,92.53,16.2,4.78,Normal
7321,90.2,5.12,6.44,Normal
7322,107.58,5.5,5.4,Normal
7323,99.03,39.95,4.84,Normal
7324,98.51,54.35,9.62,Normal
7325,97.45,28.3,5.58,Normal
7326,103.14,51.8,6.49,Precaución
7327,104.96,35.8,3.82,Crítico
7328,98.86,79.74,4.2,Normal
7329,108.63,9.2,4.42,Normal
7330,101.75,76.09,4.2,Precaución
7331,100.05,36.03,7.92,Precaución
7332,110.42,72.74,4.83,Precaución
7333,99.08,18.98,3.87,Normal
7334,97.61,72.03,4.65,Normal
7335,100.23,18.96,5.39,Normal
7336,91.46,25.19,5.68,Normal
7337,100.21,65.52,3.53,Normal
7338,101.07,24.91,5.48,Normal
7339,93.74,23.91,3.88,Precaución
7340,94.68,18.23,6.49,Normal
7341,104.59,52.39,4.61,Normal
7342,100.53,54.8,3.29,Normal
7343,82.53,58.91,4.35,Crítico
7344,106.75,13.81,4.57,Normal
7345,104.44,76.1,5.69,Normal
7346,85.24,58.17,3.88,Normal
7347,104.61,44.67,5.08,Crítico
7348,119.8,60.46,3.29,Precaución
7349,88.98,67.96,4.37,Normal
7350,93.99,48.32,6.83,Normal
7351,94.49,63.81,4.35,Crítico
7352,111.1,41.35,4.57,Normal
7353,100.35,60.79,2.58,Normal
7354,83.38,16.53,3.4,Normal
7355,98.15,55.47,3.61,Precaución
7356,120.27,39.32,3.39,Crítico
7357,85.92,77.49,4.93,Normal
7358,71.9,78.69,4.0,Normal
7359,85.06,31.31,5.69,Normal
7360,107.63,71.76,4.84,Crítico
7361,112.69,60.68,4.16,Normal
7362,96.65,28.06,4.22,Normal
7363,101.45,65.65,6.58,Normal
7364,70.06,73.8,6.46,Normal
7365,106.73,66.16,5.3,Precaución
7366,95.03,71.67,4.27,Normal
7367,90.24,59.66,6.75,Normal
7368,74.64,56.93,4.68,Normal
7369,121.7,10.07,4.95,Crítico
7370,113.55,32.35,3.77,Normal
7371,100.84,50.01,4.71,Normal
7372,89.96,39.83,6.04,Normal
7373,111.09,27.77,3.95,Normal
7374,92.54,78.71,4.77,Precaución
7375,120.03,13.71,3.46,Normal
7376,92.05,66.1,5.33,Normal
7377,101.98,17.33,6.24,Normal
7378,103.94,78.56,6.31,Normal
7379,87.56,64.06,3.63,Normal
7380,105.67,10.97,4.46,Precaución
7381,121.98,52.23,6.23,Precaución
7382,116.51,24.79,6.3,Normal
7383,97.52,77.04,6.06,Normal
7384,99.98,22.43,5.09,Precaución
7385,108.03,26.04,5.22,Precaución
7386,97.62,8.83,5.65,Normal
7387,112.06,33.08,4.56,Precaución
7388,101.62,29.05,4.0,Precaución
7389,100.93,79.09,5.36,Normal
7390,98.9,70.68,6.43,Normal
7391,106.2,73.12,4.28,Crítico
7392,92.02,15.93,6.01,Normal
7393,98.7,13.26,3.46,Normal
7394,107.64,23.85,7.1,Normal
7395,102.92,31.14,3.09,Normal
7396,90.06,57.61,5.68,Normal
7397,95.95,56.42,6.08,Normal
7398,105.62,73.26,4.1,Normal
7399,104.55,27.51,3.75,Normal
7400,84.16,52.09,5.05,Normal
7401,101.38,5.55,4.27,Precaución
7402,74.6,50.81,5.47,Normal
7403,105.21,76.87,4.64,Normal
7404,97.45,26.78,4.33,Normal
7405,118.53,74.11,3.84,Normal
7406,116.0,14.82,1.91,Normal
7407,94.21,49.41,6.51,Normal
7408,72.6,21.73,4.27,Normal
7409,79.36,58.3,5.09,Precaución
7410,89.84,44.95,3.4,Normal
7411,93.75,52.48,5.1,Normal
7412,115.48,38.6,0.54,Precaución
7413,91.72,14.69,4.63,Normal
7414,84.66,47.4,4.03,Normal
7415,90.91,39.25,4.59,Normal
7416,102.59,58.46,4.72,Normal
7417,96.93,66.08,7.25,Normal
7418,115.11,77.71,5.66,Precaución
7419,96.75,56.62,3.93,Normal
7420,109.35,60.09,4.46,Precaución
7421,85.67,54.84,3.31,Normal
7422,98.82,71.99,3.66,Normal
7423,108.95,14.84,4.48,Normal
7424,108.02,12.86,5.72,Normal
7425,92.81,68.18,3.96,Crítico
7426,98.52,23.27,3.43,Precaución
7427,98.58,51.57,4.32,Normal
7428,95.75,8.16,4.37,Normal
7429,91.59,78.42,6.39,Normal
7430,100.49,65.91,4.64,Precaución
7431,103.32,40.97,5.39,Normal
7432,99.59,53.13,5.48,Crítico
7433,95.56,51.01,4.45,Normal
7434,95.52,72.15,4.16,Precaución
7435,88.72,46.44,2.76,Normal
7436,107.72,53.31,4.96,Normal
7437,138.98,16.35,5.54,Crítico
7438,82.55,55.65,6.12,Normal
7439,83.06,29.05,7.1,Normal
7440,109.54,65.89,6.81,Normal
7441,101.38,11.34,4.86,Normal
7442,87.07,62.62,4.13,Normal
7443,98.32,42.67,5.86,Normal
7444,90.86,66.75,4.99,Precaución
7445,92.96,75.56,7.18,Normal
7446,104.5,65.09,6.74,Precaución
7447,106.98,50.71,4.47,Crítico
7448,105.05,75.15,6.51,Normal
7449,106.01,5.08,4.1,Normal
7450,89.63,70.84,3.98,Normal
7451,119.47,69.54,4.5,Normal
7452,95.0,75.77,2.86,Normal
7453,116.65,70.75,4.8,Normal
7454,102.63,29.76,3.4,Normal
7455,103.34,22.41,4.92,Crítico
7456,93.7,19.42,2.61,Crítico
7457,107.47,39.75,6.52,Normal
7458,106.34,17.56,4.4,Crítico
7459,112.15,48.66,5.44,Precaución
7460,86.55,58.88,6.73,Normal
7461,83.18,59.64,3.1,Normal
7462,89.55,76.66,5.86,Crítico
7463,99.44,62.49,5.61,Normal
7464,104.09,26.25,6.46,Normal
7465,95.53,63.62,4.28,Precaución
7466,100.13,74.77,4.63,Normal
7467,83.93,20.97,4.51,Normal
7468,109.71,45.58,4.07,Normal
7469,94.79,50.7,2.84,Normal
7470,87.69,31.51,4.75,Precaución
7471,101.23,61.17,6.58,Normal
7472,109.28,5.36,3.05,Normal
7473,103.7,26.6,8.05,Normal
7474,93.97,31.23,7.78,Normal
7475,98.14,48.72,2.84,Normal
7476,124.6,46.79,4.17,Normal
7477,111.48,67.92,4.62,Crítico
7478,106.98,66.98,5.35,Precaución
7479,105.71,23.68,5.01,Normal
7480,118.87,57.47,7.36,Normal
7481,87.55,6.36,6.25,Normal
7482,101.49,68.63,2.65,Normal
7483,100.87,76.42,5.66,Normal
7484,110.55,48.35,4.98,Normal
7485,73.8,26.0,4.27,Normal
7486,89.29,42.55,4.86,Crítico
7487,102.24,38.54,4.9,Normal
7488,80.03,35.12,3.99,Normal
7489,97.61,70.8,4.36,Normal
7490,111.76,60.41,3.82,Precaución
7491,95.11,27.39,4.88,Normal
7492,94.57,36.53,5.52,Normal
7493,94.8,13.02,3.13,Normal
7494,132.73,50.51,6.05,Normal
7495,133.71,50.27,4.8,Normal
7496,93.32,72.44,2.9,Normal
7497,106.26,20.11,6.16,Normal
7498,107.36,33.64,6.5,Crítico
7499,115.78,49.09,5.14,Normal
7500,101.2,45.55,4.03,Normal
7501,106.74,75.04,4.35,Normal
7502,90.73,32.1,3.24,Normal
7503,96.22,12.25,5.74,Precaución
7504,108.47,30.34,4.48,Precaución
7505,103.19,27.57,4.19,Normal
7506,86.39,13.49,7.88,Normal
7507,111.09,21.06,4.17,Precaución
7508,101.64,37.39,5.4,Precaución
7509,91.72,20.66,4.49,Normal
7510,95.5,53.45,7.2,Normal
7511,111.33,61.6,1.9,Crítico
7512,106.85,21.72,4.25,Normal
7513,92.45,29.21,5.57,Normal
7514,107.32,71.14,4.15,Precaución
7515,83.76,66.87,4.36,Precaución
7516,91.66,46.57,3.44,Normal
7517,92.45,16.0,6.83,Precaución
7518,124.24,53.48,5.97,Normal
7519,95.43,77.25,5.72,Normal
7520,105.88,26.45,4.48,Normal
7521,111.81,51.21,5.51,Normal
7522,112.41,29.74,3.5,Normal
7523,105.53,56.08,6.74,Crítico
7524,88.56,16.67,8.24,Normal
7525,110.68,47.88,5.67,Normal
7526,105.55,51.9,7.41,Normal
7527,95.13,12.4,4.63,Normal
7528,102.62,23.14,4.52,Normal
7529,84.91,79.93,6.75,Normal
7530,113.25,47.97,3.16,Normal
7531,120.47,57.78,5.65,Crítico
7532,107.14,12.05,5.11,Normal
7533,102.21,10.77,2.78,Precaución
7534,83.97,41.99,3.05,Normal
7535,95.63,77.96,5.97,Normal
7536,112.24,59.81,4.81,Crítico
7537,87.0,23.6,4.32,Normal
7538,92.9,68.46,6.74,Normal
7539,93.14,8.27,5.94,Normal
7540,83.18,31.95,4.68,Normal
7541,99.93,9.03,2.88,Normal
7542,96.42,58.58,5.04,Normal
7543,95.38,35.05,4.88,Normal
7544,106.7,78.2,5.93,Normal
7545,83.58,34.77,5.34,Crítico
7546,92.49,36.65,4.0,Normal
7547,107.34,63.1,4.22,Normal
7548,89.62,42.79,3.86,Normal
7549,107.89,75.66,5.14,Normal
7550,104.61,38.97,5.13,Normal
7551,100.45,55.98,3.87,Precaución
7552,100.37,57.12,4.88,Normal
7553,114.53,21.65,3.1,Normal
7554,95.52,65.75,4.79,Normal
7555,81.22,45.18,7.14,Precaución
7556,111.78,27.7,6.97,Normal
7557,97.54,67.89,3.64,Normal
7558,97.89,30.37,4.47,Normal
7559,100.73,16.09,3.17,Normal
7560,98.59,71.17,4.58,Normal
7561,109.14,47.01,4.62,Normal
7562,100.23,12.17,4.59,Crítico
7563,111.7,20.91,5.61,Normal
7564,97.16,41.24,6.63,Normal
7565,100.14,23.5,5.21,Crítico
7566,119.1,23.13,4.37,Normal
7567,112.29,23.43,5.23,Precaución
7568,89.81,55.52,6.88,Normal
7569,96.19,48.33,7.43,Precaución
7570,106.11,56.1,5.09,Normal
7571,103.69,71.58,3.96,Normal
7572,93.0,52.42,4.6,Normal
7573,82.04,57.51,6.2,Normal
7574,108.42,28.95,3.37,Normal
7575,91.41,59.14,3.8,Normal
7576,95.49,35.04,4.37,Normal
7577,88.23,48.53,4.88,Normal
7578,102.62,23.71,5.35,Normal
7579,101.86,27.09,5.98,Precaución
7580,115.25,13.04,4.7,Normal
7581,98.52,39.43,3.7,Precaución
7582,111.13,54.36,6.2,Normal
7583,94.8,44.14,6.49,Precaución
7584,114.5,63.44,5.01,Normal
7585,111.52,22.25,6.21,Normal
7586,91.26,16.29,7.65,Precaución
7587,94.98,13.11,5.57,Normal
7588,84.07,48.79,4.35,Precaución
7589,94.17,52.0,7.4,Crítico
7590,100.28,65.52,5.73,Normal
7591,109.82,16.71,5.51,Normal
7592,88.91,75.41,4.04,Normal
7593,101.05,53.58,5.77,Normal
7594,101.71,29.74,4.58,Crítico
7595,89.48,25.26,5.75,Normal
7596,100.59,47.06,5.35,Normal
7597,105.43,62.34,3.38,Normal
7598,108.8,70.77,4.66,Normal
7599,98.3,67.61,5.94,Normal
7600,92.83,60.05,4.65,Normal
7601,100.03,7.51,5.92,Precaución
7602,85.23,36.51,4.36,Precaución
7603,107.63,62.96,5.36,Normal
7604,75.06,33.88,5.41,Precaución
7605,113.95,53.19,5.09,Normal
7606,98.51,29.48,6.33,Normal
7607,100.27,54.6,3.94,Normal
7608,90.15,11.46,7.24,Precaución
7609,106.49,58.64,3.2,Crítico
7610,121.69,51.66,4.86,Precaución
7611,70.12,68.1,4.88,Normal
7612,99.92,59.61,5.02,Precaución
7613,98.49,10.4,6.25,Precaución
7614,118.79,7.14,4.44,Normal
7615,91.96,41.29,5.91,Precaución
7616,105.75,52.02,4.11,Normal
7617,114.27,5.94,5.48,Normal
7618,93.8,77.39,6.57,Normal
7619,92.2,25.72,4.45,Crítico
7620,121.57,73.53,4.61,Precaución
7621,87.63,45.29,4.71,Normal
7622,84.3,67.28,3.08,Crítico
7623,113.86,19.62,5.3,Normal
7624,96.64,59.5,4.99,Normal
7625,102.41,28.29,5.31,Crítico
7626,87.04,40.95,4.76,Normal
7627,89.76,10.14,3.69,Normal
7628,88.54,67.25,4.68,Normal
7629,90.61,78.42,4.49,Precaución
7630,114.35,50.45,4.05,Normal
7631,102.88,22.47,5.25,Crítico
7632,110.92,26.23,5.51,Normal
7633,94.9,70.95,6.31,Precaución
7634,108.95,55.45,5.22,Precaución
7635,95.86,45.23,4.37,Normal
7636,87.73,26.85,4.64,Normal
7637,89.56,68.14,6.48,Normal
7638,96.56,21.81,3.85,Normal
7639,79.58,22.26,4.47,Precaución
7640,95.57,58.54,4.91,Precaución
7641,127.96,14.15,5.42,Precaución
7642,128.14,35.45,3.92,Normal
7643,97.86,35.42,6.35,Normal
7644,100.08,34.63,4.59,Normal
7645,99.78,20.61,5.03,Normal
7646,114.17,70.63,4.92,Precaución
7647,107.77,54.37,4.22,Normal
7648,103.19,52.79,3.29,Normal
7649,72.92,56.39,4.92,Normal
7650,104.18,56.04,3.9,Crítico
7651,79.58,74.64,3.42,Normal
7652,108.24,8.86,2.96,Normal
7653,102.31,33.77,4.77,Normal
7654,90.94,61.77,5.15,Normal
7655,108.02,63.42,4.98,Normal
7656,114.61,69.34,5.04,Precaución
7657,95.78,50.41,6.55,Precaución
7658,108.6,50.3,5.06,Normal
7659,100.68,49.28,3.87,Precaución
7660,116.88,73.64,5.53,Crítico
7661,119.16,47.45,6.02,Normal
7662,93.73,72.28,5.12,Normal
7663,101.47,16.06,3.94,Normal
7664,100.36,57.34,8.11,Precaución
7665,96.86,40.51,4.28,Normal
7666,116.61,18.62,4.86,Normal
7667,79.11,20.93,3.49,Normal
7668,109.95,18.92,4.98,Normal
7669,110.32,17.16,3.02,Crítico
7670,110.24,31.56,6.78,Precaución
7671,86.63,19.91,4.65,Normal
7672,96.37,43.75,5.12,Crítico
7673,95.18,46.42,5.49,Crítico
7674,99.08,23.63,5.94,Normal
7675,99.83,67.2,2.18,Normal
7676,117.63,35.74,8.23,Normal
7677,112.6,56.24,5.23,Normal
7678,105.65,51.51,3.3,Normal
7679,97.21,7.87,4.45,Normal
7680,105.12,5.01,5.4,Precaución
7681,97.38,63.77,4.78,Precaución
7682,96.17,22.86,4.62,Crítico
7683,116.74,27.31,7.16,Normal
7684,104.49,35.48,3.41,Crítico
7685,112.89,59.76,5.22,Normal
7686,111.28,77.87,6.44,Normal
7687,92.0,41.28,5.05,Crítico
7688,89.05,59.79,5.36,Normal
7689,108.9,56.25,5.06,Normal
7690,95.09,53.56,5.18,Normal
7691,103.12,53.25,4.5,Normal
7692,97.1,60.01,5.78,Normal
7693,105.56,7.09,4.57,Normal
7694,103.29,46.84,5.6,Normal
7695,86.72,42.29,5.69,Precaución
7696,118.86,26.52,5.26,Precaución
7697,105.25,78.76,5.99,Normal
7698,102.39,13.66,4.34,Normal
7699,104.07,67.69,4.19,Normal
7700,92.71,75.53,4.59,Normal
7701,83.73,68.49,5.11,Normal
7702,97.53,47.2,3.31,Normal
7703,104.06,17.53,5.0,Normal
7704,99.75,45.41,4.45,Precaución
7705,106.62,76.98,4.55,Normal
7706,95.36,51.74,5.66,Crítico
7707,88.46,22.38,6.39,Normal
7708,87.85,74.74,3.59,Normal
7709,102.03,49.37,5.17,Normal
7710,93.29,26.56,5.66,Normal
7711,91.67,44.26,5.97,Precaución
7712,122.64,79.74,5.6,Normal
7713,82.62,14.27,5.41,Normal
7714,90.06,55.76,5.23,Normal
7715,111.17,79.26,2.84,Precaución
7716,101.87,55.62,4.93,Normal
7717,94.7,43.75,4.22,Normal
7718,110.05,9.05,4.82,Normal
7719,103.45,24.91,5.17,Normal
7720,92.27,29.46,5.79,Normal
7721,101.46,32.25,4.21,Precaución
7722,101.54,21.64,5.15,Normal
7723,88.96,30.64,5.56,Normal
7724,89.34,5.85,5.72,Normal
7725,85.66,38.28,5.17,Normal
7726,106.81,23.93,6.61,Normal
7727,88.44,35.22,5.21,Crítico
7728,104.14,75.92,5.77,Precaución
7729,113.24,53.03,4.61,Normal
7730,108.64,16.25,5.64,Normal
7731,106.07,32.82,6.42,Precaución
7732,96.57,74.1,3.97,Normal
7733,113.45,12.66,5.93,Precaución
7734,114.16,32.94,2.82,Normal
7735,81.32,13.74,4.47,Precaución
7736,110.45,38.23,3.73,Precaución
7737,85.21,35.93,3.47,Normal
7738,92.41,7.18,2.44,Normal
7739,91.39,26.17,3.82,Normal
7740,86.3,24.28,4.26,Precaución
7741,89.22,7.41,6.71,Normal
7742,126.2,7.03,5.21,Normal
7743,102.51,21.56,5.07,Normal
7744,107.88,23.56,3.85,Normal
7745,101.67,70.23,4.73,Normal
7746,102.14,60.94,7.81,Normal
7747,114.24,18.39,4.24,Normal
7748,92.64,53.84,5.48,Normal
7749,92.01,46.71,5.09,Normal
7750,76.37,22.93,5.35,Normal
7751,102.08,79.85,4.41,Normal
7752,124.68,73.85,1.56,Normal
7753,114.59,29.53,3.32,Normal
7754,116.81,26.52,3.83,Normal
7755,92.57,17.2,6.17,Normal
7756,107.52,43.78,5.81,Normal
7757,98.76,39.09,3.76,Precaución
7758,87.01,16.65,5.18,Normal
7759,110.97,19.63,4.47,Normal
7760,90.7,16.43,5.36,Precaución
7761,111.04,31.29,5.08,Crítico
7762,90.35,29.53,6.26,Normal
7763,80.31,64.26,6.75,Normal
7764,106.66,29.52,4.6,Precaución
7765,98.54,46.03,3.27,Precaución
7766,100.03,55.23,4.42,Crítico
7767,99.15,62.07,6.03,Precaución
7768,104.26,44.56,3.89,Normal
7769,89.81,66.24,5.56,Normal
7770,107.53,35.14,4.83,Normal
7771,113.74,32.36,5.66,Normal
7772,97.86,29.72,4.47,Normal
7773,99.95,46.44,4.36,Precaución
7774,82.24,43.49,6.12,Normal
7775,89.04,39.0,7.06,Normal
7776,96.64,9.52,5.09,Precaución
7777,101.98,40.58,4.92,Normal
7778,88.41,23.03,1.96,Crítico
7779,97.03,49.86,5.54,Normal
7780,75.81,52.81,4.98,Normal
7781,84.42,19.81,7.01,Crítico
7782,84.35,68.43,4.96,Normal
7783,97.96,38.29,3.52,Precaución
7784,88.08,42.71,6.91,Normal
7785,97.02,17.85,2.15,Normal
7786,109.74,68.42,4.12,Crítico
7787,100.73,75.92,5.59,Normal
7788,124.72,59.66,5.47,Precaución
7789,106.72,19.15,3.42,Normal
7790,104.69,24.59,4.26,Normal
7791,105.19,28.59,4.93,Normal
7792,89.12,17.8,4.06,Precaución
7793,94.21,28.18,6.46,Crítico
7794,109.28,68.53,3.29,Normal
7795,104.15,11.89,3.74,Normal
7796,103.14,35.12,3.13,Normal
7797,92.76,17.54,3.84,Normal
7798,114.63,6.79,4.12,Precaución
7799,119.31,48.95,3.92,Normal
7800,96.44,79.46,5.45,Normal
7801,103.9,28.58,5.79,Normal
7802,94.28,78.68,5.3,Precaución
7803,102.69,24.22,5.1,Precaución
7804,88.4,46.89,3.39,Normal
7805,100.36,53.73,5.49,Precaución
7806,119.78,11.06,4.44,Normal
7807,91.68,67.51,4.02,Precaución
7808,99.67,27.64,3.91,Normal
7809,95.8,9.38,6.52,Normal
7810,104.87,27.21,3.29,Precaución
7811,94.46,65.17,5.34,Normal
7812,116.14,61.73,4.98,Normal
7813,109.93,21.83,4.62,Normal
7814,103.2,55.35,4.57,Normal
7815,92.84,43.07,6.71,Normal
7816,103.1,31.86,4.75,Normal
7817,90.42,44.54,5.86,Precaución
7818,98.77,8.72,4.89,Normal
7819,95.01,56.71,5.51,Precaución
7820,98.92,59.42,5.01,Normal
7821,89.06,72.94,5.46,Normal
7822,110.31,25.83,4.88,Normal
7823,119.09,37.7,5.24,Normal
7824,111.62,29.08,3.21,Precaución
7825,101.69,53.31,5.4,Precaución
7826,102.12,63.34,4.38,Normal
7827,97.58,57.78,4.68,Normal
7828,99.68,72.61,5.42,Normal
7829,82.98,9.68,6.25,Normal
7830,73.36,35.25,3.84,Crítico
7831,105.26,11.52,4.41,Precaución
7832,98.9,24.45,5.08,Normal
7833,88.3,68.37,5.93,Normal
7834,92.35,40.11,4.62,Precaución
7835,98.13,36.53,4.11,Normal
7836,99.88,44.7,4.58,Normal
7837,103.26,11.98,3.39,Normal
7838,118.23,40.63,5.63,Crítico
7839,104.38,16.34,3.74,Normal
7840,89.9,48.71,8.13,Normal
7841,93.49,29.71,2.93,Normal
7842,105.83,25.84,5.55,Precaución
7843,72.57,58.46,3.99,Precaución
7844,96.57,73.94,5.83,Normal
7845,103.02,13.82,5.33,Precaución
7846,93.54,37.12,5.09,Precaución
7847,94.02,35.63,5.25,Crítico
7848,101.91,15.34,4.46,Precaución
7849,104.64,36.98,5.27,Crítico
7850,101.45,38.66,5.0,Normal
7851,91.57,48.78,3.83,Precaución
7852,100.77,65.15,4.22,Normal
7853,86.54,52.83,6.83,Normal
7854,100.14,70.4,5.67,Normal
7855,101.83,5.06,5.98,Normal
7856,95.89,38.66,7.94,Precaución
7857,80.84,23.62,4.82,Precaución
7858,91.17,36.24,7.16,Normal
7859,90.17,57.79,4.68,Normal
7860,111.03,73.11,5.42,Normal
7861,87.25,22.34,3.22,Normal
7862,99.23,43.24,5.08,Normal
7863,113.28,78.86,4.16,Normal
7864,101.23,51.03,5.95,Normal
7865,87.8,69.2,3.16,Precaución
7866,81.25,43.13,5.42,Precaución
7867,113.02,10.1,4.95,Normal
7868,96.45,33.09,4.83,Normal
7869,90.58,62.36,5.36,Normal
7870,93.91,59.37,2.21,Normal
7871,115.14,21.5,3.22,Normal
7872,87.97,38.78,4.06,Normal
7873,94.3,37.67,4.78,Normal
7874,93.56,34.94,3.95,Normal
7875,118.05,34.91,4.16,Normal
7876,102.88,10.24,4.89,Normal
7877,102.67,66.87,5.16,Normal
7878,92.02,56.83,5.25,Precaución
7879,104.47,8.9,2.44,Normal
7880,97.13,72.56,5.2,Normal
7881,106.25,51.4,4.05,Crítico
7882,97.63,22.39,8.33,Normal
7883,97.43,44.37,2.82,Normal
7884,77.89,59.0,6.99,Normal
7885,99.96,71.15,4.72,Crítico
7886,103.0,54.32,4.86,Crítico
7887,94.47,39.08,4.73,Precaución
7888,96.63,60.61,5.93,Normal
7889,97.7,46.57,6.47,Normal
7890,96.15,27.14,4.05,Normal
7891,97.87,66.97,6.95,Normal
7892,82.96,35.32,3.12,Crítico
7893,111.22,67.36,4.33,Normal
7894,93.74,78.64,3.59,Normal
7895,99.71,34.4,6.26,Normal
7896,106.08,74.04,5.4,Precaución
7897,102.89,42.37,4.36,Normal
7898,102.85,76.06,3.34,Precaución
7899,96.77,22.86,5.34,Normal
7900,100.79,48.0,5.65,Normal
7901,108.68,55.58,4.46,Normal
7902,117.8,29.9,3.31,Precaución
7903,94.72,57.78,4.32,Normal
7904,106.15,9.86,4.26,Normal
7905,90.09,61.81,4.52,Normal
7906,111.5,42.02,5.56,Normal
7907,83.47,20.96,4.58,Crítico
7908,97.85,25.62,5.05,Crítico
7909,86.54,17.99,5.03,Normal
7910,109.38,67.27,3.8,Normal
7911,93.14,5.08,5.07,Precaución
7912,85.03,39.5,7.47,Normal
7913,93.49,60.23,5.21,Precaución
7914,111.14,19.81,7.19,Normal
7915,106.76,20.6,6.2,Crítico
7916,110.6,46.08,5.31,Normal
7917,106.91,12.37,6.28,Normal
7918,91.5,72.89,6.42,Precaución
7919,89.04,16.97,5.45,Normal
7920,106.88,79.17,3.59,Normal
7921,109.26,26.07,3.52,Normal
7922,102.49,69.97,5.03,Normal
7923,88.46,40.79,2.96,Precaución
7924,105.44,65.47,3.3,Normal
7925,112.65,20.81,5.81,Crítico
7926,91.02,8.95,6.14,Precaución
7927,110.65,6.08,6.91,Normal
7928,86.41,43.6,4.15,Precaución
7929,79.51,33.5,4.38,Normal
7930,80.03,60.73,6.12,Normal
7931,109.23,24.78,5.25,Normal
7932,100.49,9.92,6.23,Precaución
7933,104.3,77.52,5.67,Normal
7934,83.99,13.13,6.01,Normal
7935,97.0,66.67,4.66,Normal
7936,92.84,17.47,5.89,Normal
7937,109.16,58.95,5.39,Normal
7938,92.22,53.34,3.55,Normal
7939,95.09,74.87,3.76,Crítico
7940,101.67,8.03,5.49,Normal
7941,116.91,33.03,4.86,Normal
7942,111.7,43.7,2.4,Normal
7943,111.83,40.67,7.55,Normal
7944,107.08,6.14,6.62,Precaución
7945,80.55,16.03,5.88,Normal
7946,123.78,64.07,4.61,Normal
7947,85.42,21.97,4.95,Normal
7948,112.97,38.21,4.74,Normal
7949,105.94,25.91,5.35,Normal
7950,97.64,5.28,3.51,Precaución
7951,91.27,69.54,5.73,Normal
7952,90.39,41.63,6.78,Normal
7953,102.15,27.62,4.5,Normal
7954,98.99,12.81,4.18,Normal
7955,86.95,65.72,7.46,Normal
7956,108.15,72.2,4.38,Normal
7957,94.21,55.77,6.13,Precaución
7958,99.72,39.41,8.17,Crítico
7959,111.18,13.74,3.68,Normal
7960,98.8,25.43,6.25,Normal
7961,102.68,44.78,6.05,Crítico
7962,106.85,47.23,6.12,Normal
7963,114.94,76.34,4.27,Crítico
7964,109.39,25.65,5.33,Normal
7965,106.5,37.72,3.61,Normal
7966,110.1,13.16,5.09,Normal
7967,103.29,41.05,4.79,Normal
7968,109.43,74.63,5.62,Normal
7969,102.55,67.65,3.79,Crítico
7970,104.26,10.67,6.71,Normal
7971,95.49,38.1,7.19,Normal
7972,110.45,5.46,4.45,Normal
7973,96.65,58.9,5.5,Normal
7974,95.77,15.88,5.34,Precaución
7975,95.31,10.18,4.32,Normal
7976,109.91,21.87,4.87,Normal
7977,86.59,39.2,4.5,Precaución
7978,92.36,68.23,4.17,Normal
7979,105.15,35.41,4.77,Crítico
7980,108.77,14.85,6.42,Normal
7981,106.33,19.2,4.59,Precaución
7982,102.34,22.48,4.78,Crítico
7983,91.25,44.24,4.3,Normal
7984,107.26,67.08,2.0,Precaución
7985,111.08,52.55,6.55,Precaución
7986,99.63,17.9,4.77,Normal
7987,88.44,19.53,5.39,Normal
7988,85.16,71.87,4.9,Normal
7989,95.04,68.14,6.71,Normal
7990,101.34,15.23,6.7,Normal
7991,104.86,13.99,4.93,Normal
7992,89.2,71.87,2.95,Normal
7993,88.75,33.79,5.25,Normal
7994,111.05,25.7,3.85,Precaución
7995,87.22,8.57,4.31,Normal
7996,88.9,46.23,5.31,Normal
7997,96.56,68.16,5.76,Normal
7998,107.66,31.41,4.89,Normal
7999,93.15,52.49,8.59,Normal
8000,86.58,47.66,5.32,Normal
