,sensor de humedad del suelo  1 [%],sensor de humedad del suelo  2 [%],sensor de humedad del suelo  3 [%],sensor de humedad del suelo  4 [%],sensor de humedad del suelo  5 [%],sensor de humedad del suelo  6 [%],sensor de humedad del suelo  7 [%],sensor de humedad del suelo  8 [%],sensor de temperatura del suelo  1 [°C],,,sensor de temperatura del suelo  2 [°C],,,sensor de temperatura del suelo  3 [°C],,,sensor de temperatura del suelo  4 [°C],,,sensor de temperatura del suelo  5 [°C],,,sensor de temperatura del suelo  6 [°C],,,sensor de temperatura del suelo  7 [°C],,,sensor de temperatura del suelo  8 [°C],,,Batería [mV],Panel solar [mV]
Fecha / Hora,promedio,promedio,promedio,promedio,promedio,promedio,promedio,promedio,promedio,máx,mín,promedio,máx,mín,promedio,máx,mín,promedio,máx,mín,promedio,máx,mín,promedio,máx,mín,promedio,máx,mín,promedio,máx,mín,última,última
2025-06-30 16:00:00,0.72,7.53,13.54,13.33,12.66,23.21,16.17,14.64,50.29,50.41,50.16,41.86,42.36,41.31,34.22,34.62,33.84,32.1,32.31,31.94,31.59,31.61,31.55,31.11,31.11,31.11,30.62,30.64,30.58,29.9,29.94,29.88,6851,9675
2025-06-30 15:00:00,0.8,7.58,13.51,13.38,12.68,23.27,16.23,14.71,49.9,50.4,48.99,40.6,41.23,40,33.35,33.73,32.91,31.73,31.89,31.6,31.5,31.52,31.49,31.11,31.11,31.11,30.65,30.65,30.65,29.94,29.94,29.92,6851,9675
2025-06-30 14:00:00,0.76,7.62,13.47,13.38,12.72,23.35,16.29,14.76,48.41,48.87,47.92,39.07,39.88,38.09,32.46,32.9,32.07,31.43,31.56,31.36,31.49,31.49,31.49,31.13,31.19,31.11,30.65,30.66,30.65,29.94,29.94,29.94,6851,9848
2025-06-30 13:00:00,0.9,7.66,13.43,13.38,12.75,23.37,16.34,14.82,46.84,47.8,45.56,36.63,37.87,35.38,31.59,31.97,31.24,31.24,31.32,31.16,31.49,31.52,31.49,31.22,31.23,31.2,30.71,30.77,30.66,29.94,29.94,29.94,6851,9726
2025-06-30 12:00:00,1.09,7.52,13.33,13.37,12.82,23.45,16.38,14.89,42.86,45.08,40.47,34.04,35.15,32.78,30.85,31.13,30.55,31.12,31.15,31.12,31.58,31.61,31.53,31.27,31.35,31.23,30.76,30.77,30.75,29.94,29.94,29.94,6851,9896
2025-06-30 11:00:00,0.97,7.47,13.17,13.35,12.88,23.49,16.42,14.92,38.67,40.23,36.91,31.22,32.56,29.84,30.27,30.52,30.07,31.18,31.24,31.12,31.67,31.72,31.61,31.35,31.37,31.34,30.77,30.77,30.77,29.94,29.94,29.94,6849,10069
2025-06-30 10:00:00,1.11,7.23,13.03,13.35,12.92,23.54,16.48,14.94,33.74,36.5,30.65,28.41,29.61,27.34,29.97,30.06,29.94,31.3,31.38,31.24,31.81,31.88,31.72,31.45,31.47,31.37,30.77,30.79,30.77,29.94,29.94,29.94,6842,10191
2025-06-30 09:00:00,1.04,7.03,12.98,13.3,12.88,23.57,16.5,14.95,26.15,29.94,22.97,26.59,27.15,26.28,30.02,30.18,29.94,31.57,31.72,31.44,32,32.08,31.95,31.5,31.59,31.47,30.8,30.82,30.78,29.94,29.94,29.94,6840,9813
2025-06-30 08:00:00,1.01,6.98,12.99,13.27,12.83,23.48,16.51,14.95,20.62,22.61,18.83,26.19,26.29,26.16,30.39,30.65,30.18,31.91,32.07,31.72,32.17,32.25,32.08,31.59,31.59,31.57,30.82,30.86,30.79,29.92,29.94,29.89,6780,7079
2025-06-30 07:00:00,0.98,6.81,13.06,13.26,12.74,23.45,16.49,14.95,18.01,18.59,17.85,26.68,27.06,26.38,30.94,31.24,30.66,32.27,32.41,32.08,32.35,32.43,32.29,31.64,31.69,31.59,30.8,30.81,30.79,29.86,29.89,29.83,6546,6823
2025-06-30 06:00:00,0.96,6.81,13.07,13.31,12.7,23.46,16.46,14.95,18.43,18.84,18,27.53,27.93,27.11,31.51,31.81,31.24,32.62,32.78,32.45,32.51,32.55,32.43,31.71,31.71,31.69,30.77,30.8,30.77,29.83,29.83,29.83,6497,870
2025-06-30 05:00:00,0.99,6.82,13.12,13.29,12.7,23.46,16.44,14.94,19.47,20.02,18.95,28.51,29,28.05,32.12,32.43,31.83,32.95,33.13,32.79,32.64,32.68,32.57,31.71,31.71,31.71,30.77,30.77,30.77,29.83,29.83,29.83,6506,0
2025-06-30 04:00:00,0.9,6.88,13.14,13.31,12.68,23.45,16.41,14.96,20.68,21.31,20.12,29.6,30.17,29.09,32.73,33.02,32.43,33.26,33.37,33.13,32.77,32.79,32.68,31.71,31.71,31.71,30.75,30.77,30.72,29.79,29.83,29.75,6517,0
2025-06-30 03:00:00,0.94,6.92,13.17,13.34,12.67,23.44,16.42,14.93,22.53,23.67,21.55,30.76,31.25,30.23,33.35,33.61,33.05,33.57,33.73,33.43,32.84,32.9,32.79,31.7,31.71,31.67,30.66,30.72,30.65,29.72,29.75,29.71,6524,0
2025-06-30 02:00:00,0.95,6.91,13.24,13.39,12.67,23.42,16.41,14.9,24.97,25.85,23.96,31.84,32.31,31.36,33.94,34.2,33.68,33.82,33.95,33.73,32.91,32.91,32.9,31.6,31.65,31.59,30.64,30.65,30.6,29.71,29.71,29.71,6533,0
2025-06-30 01:00:00,0.94,6.89,13.27,13.46,12.67,23.48,16.41,14.88,26.42,26.63,26.08,32.82,33.37,32.32,34.57,34.9,34.29,34.05,34.13,33.96,32.91,32.91,32.88,31.54,31.59,31.47,30.54,30.58,30.53,29.7,29.71,29.67,6537,0
2025-06-30 00:00:00,0.93,6.87,13.38,13.47,12.7,23.46,16.37,14.91,26.34,27.22,25.92,34.19,34.93,33.49,35.24,35.52,34.91,34.21,34.27,34.18,32.81,32.89,32.79,31.44,31.47,31.35,30.5,30.53,30.45,29.64,29.69,29.61,6519,0
2025-06-29 23:00:00,0.9,6.95,13.54,13.5,12.7,23.46,16.33,14.92,28.88,30.06,27.49,35.87,36.68,35.07,35.86,36.09,35.62,34.28,34.32,34.25,32.69,32.79,32.64,31.32,31.35,31.23,30.41,30.42,30.41,29.6,29.6,29.59,6546,0
2025-06-29 22:00:00,0.85,7,13.61,13.56,12.73,23.46,16.33,14.91,30.62,32.18,30.06,37.86,38.91,36.86,36.4,36.56,36.2,34.2,34.25,34.16,32.51,32.59,32.43,31.2,31.23,31.11,30.37,30.41,30.32,29.59,29.6,29.59,6550,0
2025-06-29 21:00:00,0.79,7.07,13.69,13.59,12.73,23.45,16.34,14.9,35.39,37.99,32.77,40.02,40.93,39.05,36.67,36.74,36.58,34,34.09,33.84,32.29,32.43,32.2,31.08,31.11,31,30.29,30.32,30.29,29.59,29.59,29.59,6588,2020
2025-06-29 20:00:00,0.75,7.21,13.77,13.57,12.77,23.42,16.33,14.9,41.94,44.25,38.58,41.67,42.24,41.06,36.65,36.73,36.56,33.64,33.84,33.47,32.04,32.2,31.96,30.97,31,30.9,30.29,30.29,30.29,29.59,29.59,29.59,6691,6929
2025-06-29 19:00:00,0.7,7.31,13.83,13.57,12.79,23.44,16.33,14.9,43.45,46.21,42.12,43.07,43.66,42.36,36.36,36.56,36.09,33.21,33.38,33.02,31.78,31.88,31.7,30.88,30.89,30.87,30.29,30.29,30.29,29.59,29.6,29.59,6802,7055
2025-06-29 18:00:00,0.42,7.45,13.87,13.61,12.77,23.43,16.34,14.91,51.81,53.48,47.56,43.57,43.69,43.41,35.71,36.06,35.38,32.71,32.93,32.46,31.56,31.65,31.49,30.82,30.88,30.76,30.29,30.29,30.29,29.59,29.6,29.59,6842,8639
2025-06-29 17:00:00,0.44,7.55,13.79,13.59,12.8,23.45,16.36,14.97,52.13,52.89,51.42,43.02,43.32,42.66,34.89,35.28,34.5,32.21,32.41,31.97,31.38,31.48,31.29,30.76,30.77,30.76,30.29,30.29,30.29,29.61,29.63,29.59,6849,9395
2025-06-29 16:00:00,0.65,7.59,13.74,13.62,12.86,23.51,16.43,15.01,50.67,51.11,50.47,42.06,42.6,41.45,33.98,34.43,33.59,31.74,31.95,31.56,31.23,31.25,31.17,30.76,30.76,30.76,30.29,30.3,30.29,29.64,29.67,29.62,6851,9687
2025-06-29 15:00:00,0.75,7.63,13.73,13.62,12.92,23.58,16.5,15.03,50.63,50.88,50.27,40.59,41.3,39.88,33.04,33.49,32.61,31.34,31.48,31.18,31.13,31.15,31.13,30.76,30.77,30.76,30.33,30.38,30.3,29.69,29.7,29.66,6851,9577
2025-06-29 14:00:00,0.83,7.65,13.69,13.61,12.93,23.65,16.53,15.13,48.77,50.15,47.32,38.88,39.75,37.9,32.08,32.54,31.68,31.02,31.13,30.89,31.13,31.13,31.13,30.83,30.88,30.78,30.4,30.41,30.38,29.7,29.71,29.69,6851,9817
2025-06-29 13:00:00,0.9,7.7,13.61,13.57,13,23.76,16.6,15.18,46.11,47.17,45.07,36.48,37.73,35.27,31.18,31.6,30.77,30.82,30.89,30.77,31.13,31.13,31.13,30.88,30.89,30.88,30.41,30.42,30.41,29.71,29.71,29.7,6851,9868
2025-06-29 12:00:00,0.99,7.57,13.45,13.55,13.04,23.8,16.67,15.26,43.06,44.84,40.96,33.95,35.06,32.66,30.4,30.73,30.06,30.73,30.77,30.69,31.19,31.25,31.13,30.96,31,30.9,30.46,30.49,30.42,29.71,29.71,29.7,6851,9931
2025-06-29 11:00:00,0.96,7.53,13.31,13.53,13.07,23.87,16.74,15.31,39.43,40.75,37.99,31.02,32.43,29.57,29.79,30.06,29.59,30.76,30.77,30.74,31.3,31.37,31.25,31.03,31.11,31,30.52,30.53,30.49,29.71,29.71,29.71,6849,9963
2025-06-29 10:00:00,1.15,7.28,13.25,13.54,13.08,23.93,16.77,15.37,35.15,37.64,31.6,27.94,29.27,26.74,29.42,29.59,29.35,30.87,30.98,30.77,31.44,31.5,31.37,31.11,31.14,31.11,30.53,30.53,30.53,29.71,29.71,29.71,6844,10211
2025-06-29 09:00:00,1.13,7.07,13.16,13.54,13.11,23.93,16.78,15.39,26.06,30.75,22.14,25.87,26.51,25.49,29.45,29.6,29.35,31.14,31.31,31.01,31.63,31.72,31.53,31.2,31.23,31.14,30.53,30.54,30.53,29.71,29.71,29.7,6838,10183
2025-06-29 08:00:00,1.01,6.92,13.1,13.53,13.1,23.95,16.78,15.39,19.57,21.67,17.76,25.47,25.57,25.44,29.86,30.08,29.65,31.5,31.71,31.36,31.8,31.9,31.72,31.26,31.33,31.23,30.53,30.54,30.53,29.68,29.71,29.66,6773,7071
2025-06-29 07:00:00,0.94,6.89,13.15,13.53,13.02,23.91,16.77,15.4,17.09,17.54,16.94,25.94,26.28,25.6,30.4,30.65,30.18,31.86,32.07,31.72,32,32.08,31.91,31.35,31.35,31.34,30.53,30.54,30.53,29.61,29.65,29.59,6550,6827
2025-06-29 06:00:00,0.96,6.82,13.25,13.53,12.94,23.91,16.76,15.4,17.48,17.87,17.11,26.76,27.19,26.4,30.99,31.24,30.76,32.22,32.4,32.07,32.16,32.2,32.08,31.35,31.36,31.35,30.53,30.53,30.53,29.59,29.6,29.59,6493,1520
2025-06-29 05:00:00,0.94,6.85,13.28,13.59,12.92,23.92,16.76,15.39,18.41,18.83,17.99,27.68,28.17,27.22,31.61,31.94,31.33,32.56,32.71,32.41,32.3,32.34,32.21,31.36,31.38,31.35,30.52,30.53,30.49,29.59,29.59,29.59,6481,0
2025-06-29 04:00:00,0.97,6.84,13.31,13.58,12.89,23.9,16.74,15.37,19.45,20.04,18.93,28.72,29.23,28.24,32.24,32.54,31.95,32.9,33.02,32.78,32.43,32.45,32.38,31.36,31.37,31.35,30.44,30.5,30.41,29.56,29.59,29.51,6506,0
2025-06-29 03:00:00,0.92,6.89,13.32,13.58,12.9,23.9,16.72,15.37,20.79,21.45,20.17,29.9,30.45,29.35,32.9,33.22,32.59,33.21,33.37,33.07,32.52,32.55,32.47,31.35,31.35,31.35,30.41,30.41,30.4,29.48,29.53,29.47,6517,0
2025-06-29 02:00:00,0.93,6.95,13.37,13.61,12.91,23.88,16.71,15.37,22.63,23.74,21.66,31.18,31.81,30.57,33.56,33.84,33.25,33.48,33.61,33.37,32.55,32.55,32.55,31.33,31.35,31.28,30.33,30.41,30.29,29.47,29.47,29.47,6524,0
2025-06-29 01:00:00,0.95,6.93,13.46,13.67,12.91,23.86,16.67,15.35,25.41,26.49,23.93,32.44,33.02,31.87,34.22,34.55,33.95,33.69,33.78,33.61,32.55,32.55,32.55,31.23,31.26,31.22,30.29,30.29,30.27,29.45,29.47,29.42,6537,0
2025-06-29 00:00:00,0.96,6.9,13.54,13.74,12.92,23.87,16.68,15.35,26.77,27.87,25.69,33.86,34.56,33.14,34.87,35.15,34.55,33.85,33.91,33.79,32.49,32.55,32.43,31.14,31.22,31.11,30.2,30.26,30.18,29.4,29.44,29.37,6519,0
2025-06-28 23:00:00,0.95,6.97,13.68,13.79,12.96,23.83,16.67,15.33,28.74,29.99,27.92,35.51,36.33,34.66,35.49,35.74,35.23,33.96,33.96,33.95,32.37,32.43,32.31,31.03,31.11,31,30.17,30.18,30.15,29.36,29.37,29.35,6546,0
2025-06-28 22:00:00,0.88,7.07,13.82,13.8,12.94,23.81,16.68,15.31,31.27,32.77,30.06,37.44,38.38,36.54,36.01,36.21,35.81,33.87,33.96,33.83,32.19,32.31,32.09,30.9,30.97,30.86,30.08,30.14,30.06,29.35,29.35,29.35,6550,0
2025-06-28 21:00:00,0.81,7.12,13.88,13.82,12.98,23.77,16.66,15.3,34.82,37.48,32.9,39.5,40.34,38.58,36.32,36.39,36.21,33.68,33.81,33.55,31.97,32.08,31.84,30.77,30.86,30.74,30.06,30.06,30.06,29.35,29.35,29.35,6595,2005
2025-06-28 20:00:00,0.8,7.26,13.98,13.84,12.99,23.74,16.62,15.3,40.81,43.17,37.95,41.14,41.7,40.48,36.35,36.41,36.31,33.34,33.49,33.13,31.71,31.84,31.61,30.66,30.72,30.64,30.04,30.06,30.01,29.35,29.35,29.35,6702,6941
2025-06-28 19:00:00,0.71,7.36,14.04,13.87,12.94,23.76,16.64,15.31,42.82,44.84,41.65,42.51,43.07,41.82,36.09,36.25,35.87,32.91,33.13,32.68,31.47,31.61,31.37,30.57,30.64,30.52,30.01,30.03,30,29.35,29.35,29.35,6802,7055
2025-06-28 18:00:00,0.54,7.48,14.05,13.89,12.99,23.77,16.66,15.34,47.53,49.57,45.17,43.23,43.43,43.11,35.53,35.86,35.23,32.41,32.66,32.18,31.23,31.35,31.13,30.52,30.52,30.52,30.01,30.04,30,29.36,29.38,29.35,6840,7898
2025-06-28 17:00:00,0.63,7.61,13.99,13.87,13.01,23.79,16.69,15.4,49.28,50.3,45.83,43.18,43.43,42.84,34.69,35.15,34.27,31.9,32.18,31.69,31.04,31.13,30.93,30.47,30.5,30.43,30.03,30.06,29.99,29.38,29.43,29.35,6838,8635
2025-06-28 16:00:00,0.68,7.69,13.96,13.89,13.06,23.84,16.73,15.45,50.02,50.25,49.81,42.2,42.76,41.53,33.74,34.2,33.28,31.4,31.6,31.23,30.87,30.92,30.81,30.43,30.46,30.41,30.06,30.06,30.05,29.42,29.46,29.39,6851,9770
2025-06-28 15:00:00,0.8,7.71,13.95,13.88,13.12,23.91,16.82,15.53,50.12,50.4,49.56,40.43,41.3,39.55,32.73,33.18,32.31,30.97,31.13,30.77,30.78,30.78,30.78,30.46,30.51,30.43,30.06,30.07,30.06,29.46,29.47,29.45,6851,9710
2025-06-28 14:00:00,0.81,7.73,13.9,13.82,13.15,24,16.87,15.63,47.75,49.21,46.74,38.66,39.4,37.82,31.77,32.18,31.36,30.63,30.77,30.53,30.76,30.78,30.73,30.52,30.52,30.5,30.1,30.16,30.07,29.47,29.47,29.46,6851,9829
2025-06-28 13:00:00,0.85,7.78,13.81,13.78,13.2,24.08,16.95,15.72,45.75,46.74,44.93,36.56,37.63,35.49,30.84,31.25,30.42,30.41,30.52,30.32,30.77,30.78,30.75,30.55,30.63,30.52,30.18,30.18,30.17,29.47,29.47,29.47,6851,9896
2025-06-28 12:00:00,0.97,7.69,13.61,13.76,13.26,24.13,17.02,15.81,43.23,44.51,41.9,34.12,35.27,32.78,30.01,30.37,29.68,30.3,30.3,30.3,30.81,30.89,30.78,30.64,30.65,30.63,30.18,30.19,30.18,29.47,29.47,29.47,6851,10022
2025-06-28 11:00:00,0.95,7.61,13.53,13.75,13.29,24.18,17.1,15.87,40.67,41.77,39.4,30.95,32.54,29.35,29.31,29.59,29.09,30.3,30.3,30.3,30.93,31.01,30.89,30.72,30.76,30.66,30.21,30.25,30.18,29.47,29.47,29.47,6849,10006
2025-06-28 10:00:00,1.17,7.38,13.45,13.73,13.33,24.26,17.11,15.95,36.45,39.16,32.66,27.66,29.11,26.37,28.9,29,28.8,30.42,30.52,30.32,31.07,31.13,31.01,30.79,30.88,30.76,30.28,30.29,30.26,29.47,29.47,29.47,6847,10073
2025-06-28 09:00:00,1.2,7.19,13.37,13.75,13.32,24.28,17.14,15.96,26.28,31.84,21.9,25.32,26.16,24.86,28.89,29,28.82,30.66,30.84,30.53,31.23,31.34,31.15,30.88,30.88,30.88,30.29,30.29,30.29,29.47,29.47,29.46,6842,10183
2025-06-28 08:00:00,1.01,7.04,13.31,13.76,13.27,24.28,17.14,15.97,19.39,21.47,17.41,24.77,24.86,24.74,29.27,29.49,29.06,31.03,31.23,30.89,31.43,31.49,31.36,30.96,31,30.88,30.29,30.29,30.29,29.46,29.47,29.44,6775,7071
2025-06-28 07:00:00,0.93,6.96,13.25,13.79,13.24,24.3,17.13,15.97,16.4,17.17,16.12,25.14,25.45,24.86,29.81,30.06,29.58,31.41,31.6,31.24,31.61,31.72,31.51,31.01,31.04,31,30.29,30.29,30.29,29.42,29.46,29.38,6546,6827
2025-06-28 06:00:00,0.9,6.93,13.33,13.81,13.23,24.31,17.12,15.96,16.52,16.94,16.23,25.94,26.36,25.57,30.39,30.67,30.13,31.76,31.94,31.6,31.78,31.84,31.72,31.08,31.11,31.03,30.29,30.29,30.28,29.36,29.39,29.35,6493,1922
2025-06-28 05:00:00,0.96,6.88,13.45,13.81,13.18,24.31,17.12,15.92,17.48,17.9,17.04,26.83,27.23,26.4,31,31.24,30.75,32.11,32.3,31.95,31.94,32,31.86,31.11,31.11,31.11,30.25,30.28,30.2,29.35,29.35,29.35,6497,0
2025-06-28 04:00:00,0.95,6.9,13.48,13.88,13.12,24.3,17.11,15.9,18.55,19.18,18,27.81,28.29,27.34,31.62,31.95,31.35,32.46,32.64,32.31,32.08,32.11,32.03,31.11,31.11,31.11,30.18,30.21,30.18,29.35,29.35,29.35,6506,0
2025-06-28 03:00:00,0.96,6.9,13.52,13.89,13.11,24.27,17.1,15.91,19.97,20.72,19.29,28.82,29.3,28.37,32.27,32.54,31.95,32.79,32.9,32.66,32.19,32.2,32.12,31.09,31.11,31.06,30.17,30.18,30.15,29.29,29.34,29.24,6517,0
2025-06-28 02:00:00,0.9,6.95,13.54,13.88,13.14,24.23,17.1,15.91,20.95,21.19,20.79,29.93,30.54,29.35,32.96,33.28,32.66,33.09,33.24,32.93,32.2,32.2,32.2,31.01,31.04,31,30.07,30.12,30.06,29.24,29.25,29.24,6522,0
2025-06-28 01:00:00,0.93,6.99,13.59,13.93,13.16,24.23,17.08,15.88,22.15,23.1,21.31,31.29,31.95,30.65,33.7,34.07,33.37,33.33,33.41,33.25,32.2,32.21,32.2,30.94,31,30.88,30.04,30.06,29.98,29.24,29.24,29.24,6528,0
2025-06-28 00:00:00,0.95,6.95,13.67,13.96,13.15,24.21,17.07,15.9,23.64,24.39,23.23,32.84,33.72,32.07,34.43,34.78,34.08,33.52,33.61,33.45,32.18,32.2,32.09,30.84,30.88,30.76,29.94,29.96,29.93,29.23,29.24,29.21,6517,0
2025-06-27 23:00:00,0.97,6.98,13.79,14.02,13.14,24.15,17.07,15.9,26.18,27.81,24.62,34.72,35.63,33.84,35.11,35.38,34.79,33.61,33.61,33.61,32.04,32.08,31.96,30.71,30.76,30.64,29.87,29.94,29.82,29.21,29.23,29.18,6546,0
2025-06-27 22:00:00,0.92,7.1,13.96,14.05,13.18,24.15,17.09,15.88,28.93,30.3,28.05,36.86,37.98,35.86,35.67,35.86,35.46,33.54,33.61,33.49,31.85,31.96,31.72,30.59,30.64,30.52,29.82,29.82,29.82,29.16,29.19,29.15,6550,0
2025-06-27 21:00:00,0.83,7.16,14.06,14.09,13.15,24.12,17.07,15.85,32.72,35.96,30.54,39.2,40.13,38.14,36.03,36.09,35.95,33.35,33.49,33.24,31.62,31.72,31.49,30.46,30.52,30.4,29.79,29.82,29.77,29.16,29.18,29.14,6613,3273
2025-06-27 20:00:00,0.8,7.3,14.16,14.14,13.13,24.09,17.06,15.84,39.93,41.89,36.68,40.91,41.53,40.31,36.07,36.09,35.97,32.98,33.16,32.78,31.36,31.49,31.25,30.36,30.4,30.29,29.73,29.76,29.7,29.16,29.19,29.14,6700,6945
2025-06-27 19:00:00,0.71,7.4,14.23,14.16,13.15,24.1,17.06,15.87,41.17,42.94,40.07,42.52,43.31,41.65,35.83,35.97,35.62,32.54,32.77,32.31,31.1,31.25,31.01,30.28,30.29,30.24,29.71,29.73,29.7,29.2,29.23,29.18,6791,7055
2025-06-27 18:00:00,0.6,7.58,14.2,14.15,13.17,24.12,17.07,15.9,47.56,48.98,43.8,43.42,43.43,43.34,35.21,35.56,34.84,32.03,32.31,31.77,30.87,31.01,30.78,30.18,30.24,30.17,29.71,29.73,29.7,29.23,29.24,29.21,6838,9108
2025-06-27 17:00:00,0.73,7.7,14.17,14.17,13.22,24.16,17.11,15.94,48.93,49.34,48.51,43.12,43.38,42.83,34.36,34.79,33.96,31.48,31.72,31.24,30.65,30.78,30.54,30.17,30.17,30.16,29.75,29.81,29.73,29.24,29.24,29.24,6849,9624
2025-06-27 16:00:00,0.7,7.76,14.14,14.14,13.26,24.2,17.2,16.03,49.47,50.05,49.22,42.25,42.72,41.64,33.38,33.84,32.9,30.96,31.22,30.77,30.49,30.54,30.42,30.17,30.17,30.15,29.8,29.82,29.78,29.24,29.24,29.24,6851,9770
2025-06-27 15:00:00,0.8,7.81,14.14,14.06,13.29,24.28,17.27,16.12,49.93,50.05,49.81,40.51,41.43,39.52,32.31,32.78,31.83,30.49,30.67,30.3,30.38,30.42,30.32,30.17,30.17,30.17,29.82,29.82,29.82,29.24,29.24,29.24,6851,9770
2025-06-27 14:00:00,0.9,7.84,14.07,14.01,13.33,24.35,17.37,16.23,48.53,49.69,46.85,38.34,39.36,37.34,31.25,31.72,30.77,30.13,30.3,29.95,30.3,30.32,30.3,30.18,30.2,30.17,29.84,29.88,29.82,29.25,29.29,29.24,6851,9872
2025-06-27 13:00:00,0.9,7.84,13.87,13.98,13.38,24.44,17.4,16.33,44.51,46.5,42.95,36.01,37.15,34.8,30.25,30.69,29.82,29.87,29.94,29.82,30.31,30.33,30.3,30.28,30.29,30.22,29.92,29.94,29.89,29.29,29.32,29.27,6849,9911
2025-06-27 12:00:00,0.88,7.74,13.76,13.96,13.42,24.49,17.47,16.42,41.45,42.72,40.04,33.39,34.65,31.98,29.37,29.72,29,29.75,29.82,29.7,30.41,30.42,30.37,30.33,30.4,30.29,29.94,29.96,29.94,29.32,29.35,29.29,6851,10026
2025-06-27 11:00:00,0.86,7.69,13.67,13.94,13.51,24.55,17.56,16.47,38.76,40,37.5,30.26,31.72,28.81,28.66,28.94,28.41,29.76,29.82,29.71,30.52,30.55,30.44,30.41,30.45,30.4,30,30.05,29.95,29.33,29.35,29.32,6849,10199
2025-06-27 10:00:00,1.02,7.49,13.57,13.94,13.55,24.63,17.57,16.55,34.98,37.28,31.85,27.13,28.53,25.72,28.24,28.41,28.16,29.88,29.95,29.82,30.66,30.77,30.59,30.51,30.53,30.45,30.06,30.06,30.04,29.34,29.35,29.32,6847,10215
2025-06-27 09:00:00,1.15,7.23,13.47,13.91,13.57,24.65,17.6,16.6,25.5,31.13,20.72,24.42,25.45,23.85,28.21,28.3,28.16,30.15,30.3,29.99,30.83,30.9,30.77,30.6,30.64,30.53,30.06,30.07,30.06,29.32,29.34,29.29,6838,10053
2025-06-27 08:00:00,1.04,7.01,13.42,13.92,13.54,24.65,17.61,16.62,17.87,20.12,15.99,23.8,23.91,23.79,28.59,28.83,28.41,30.51,30.69,30.33,31.04,31.13,30.94,30.66,30.72,30.64,30.06,30.06,30.06,29.28,29.32,29.26,6755,7051
2025-06-27 07:00:00,1.02,6.94,13.42,13.98,13.47,24.64,17.6,16.61,15.24,15.75,15.04,24.22,24.55,23.91,29.12,29.36,28.88,30.89,31.06,30.75,31.22,31.32,31.13,30.76,30.76,30.73,30.06,30.07,30.06,29.25,29.29,29.24,6542,6823
2025-06-27 06:00:00,0.96,7.02,13.4,14.04,13.41,24.67,17.59,16.59,15.62,15.91,15.34,24.96,25.33,24.62,29.7,29.94,29.45,31.26,31.43,31.12,31.41,31.49,31.34,30.77,30.8,30.76,30.06,30.06,30.06,29.24,29.24,29.24,6488,1315
2025-06-27 05:00:00,0.92,6.99,13.46,14.07,13.37,24.68,17.58,16.57,16.33,16.68,15.99,25.78,26.16,25.38,30.3,30.59,30.05,31.62,31.81,31.48,31.57,31.61,31.49,30.84,30.86,30.79,30.06,30.06,30.05,29.24,29.24,29.24,6493,0
2025-06-27 04:00:00,0.95,6.94,13.58,14.09,13.34,24.67,17.56,16.57,17.07,17.48,16.7,26.7,27.13,26.28,30.93,31.24,30.65,31.97,32.16,31.83,31.71,31.75,31.63,30.86,30.88,30.85,30.04,30.06,30,29.23,29.24,29.21,6497,0
2025-06-27 03:00:00,0.95,6.95,13.63,14.13,13.36,24.66,17.6,16.57,18.14,18.81,17.53,27.72,28.19,27.22,31.59,31.93,31.27,32.31,32.41,32.18,31.82,31.84,31.75,30.82,30.86,30.79,29.95,29.98,29.94,29.16,29.21,29.13,6506,0
2025-06-27 02:00:00,0.95,6.97,13.69,14.19,13.38,24.61,17.58,16.55,19.26,19.73,18.85,28.84,29.39,28.29,32.29,32.64,31.95,32.62,32.78,32.49,31.85,31.89,31.84,30.76,30.78,30.76,29.91,29.94,29.86,29.12,29.13,29.12,6517,0
2025-06-27 01:00:00,0.9,7.04,13.7,14.2,13.36,24.6,17.59,16.53,20.41,20.94,19.89,30.12,30.78,29.48,33.02,33.37,32.66,32.88,33.02,32.78,31.87,31.89,31.85,30.71,30.76,30.64,29.83,29.86,29.82,29.12,29.12,29.12,6524,0
2025-06-27 00:00:00,0.94,7.04,13.77,14.21,13.41,24.61,17.54,16.51,21.65,22.42,21.05,31.66,32.43,30.89,33.78,34.08,33.45,33.09,33.13,33.02,31.84,31.86,31.81,30.62,30.65,30.53,29.79,29.82,29.73,29.12,29.12,29.11,6519,0
2025-06-26 23:00:00,0.92,7.02,13.86,14.27,13.36,24.58,17.53,16.5,23.51,24.5,22.61,33.55,34.56,32.66,34.51,34.81,34.2,33.19,33.24,33.13,31.72,31.79,31.63,30.49,30.52,30.42,29.7,29.72,29.7,29.12,29.12,29.1,6542,0
2025-06-26 22:00:00,0.95,7.1,13.98,14.33,13.34,24.54,17.52,16.52,26.19,27.84,24.74,35.84,37.03,34.73,35.13,35.38,34.91,33.15,33.22,33.13,31.55,31.61,31.49,30.38,30.4,30.31,29.69,29.7,29.68,29.11,29.12,29.11,6550,0
2025-06-26 21:00:00,0.87,7.22,14.14,14.38,13.32,24.53,17.52,16.51,31.03,34.32,28.29,38.33,39.33,37.22,35.54,35.62,35.38,32.98,33.13,32.83,31.33,31.47,31.25,30.27,30.3,30.2,29.63,29.69,29.59,29.11,29.12,29.1,6624,3663
2025-06-26 20:00:00,0.76,7.34,14.27,14.45,13.34,24.5,17.5,16.5,37.95,39.78,35.04,40.11,40.71,39.5,35.62,35.62,35.58,32.62,32.78,32.41,31.08,31.22,30.97,30.16,30.18,30.12,29.58,29.61,29.58,29.12,29.12,29.11,6713,6953
2025-06-26 19:00:00,0.7,7.46,14.29,14.4,13.34,24.52,17.51,16.5,39.62,42.01,38.46,41.84,42.72,40.82,35.39,35.52,35.16,32.19,32.41,31.95,30.82,30.91,30.7,30.06,30.09,30.05,29.58,29.59,29.58,29.12,29.12,29.12,6809,7079
2025-06-26 18:00:00,0.57,7.75,14.3,14.43,13.37,24.55,17.54,16.53,47.55,49.34,43.12,42.82,42.84,42.75,34.77,35.15,34.43,31.66,31.95,31.38,30.58,30.66,30.47,29.97,30.04,29.93,29.58,29.59,29.58,29.12,29.12,29.12,6844,8458
2025-06-26 17:00:00,0.62,7.81,14.32,14.44,13.37,24.6,17.59,16.62,49.71,49.93,49.45,42.47,42.74,42.15,33.9,34.33,33.49,31.11,31.36,30.89,30.36,30.44,30.3,29.93,29.94,29.93,29.62,29.64,29.6,29.12,29.14,29.12,6847,9927
2025-06-26 16:00:00,0.73,7.88,14.3,14.35,13.41,24.67,17.68,16.7,49.47,49.81,48.98,41.52,42.11,40.82,32.9,33.37,32.43,30.59,30.81,30.39,30.21,30.3,30.18,29.93,29.93,29.93,29.69,29.7,29.67,29.18,29.21,29.15,6851,9915
2025-06-26 15:00:00,0.83,7.93,14.26,14.29,13.47,24.72,17.75,16.79,48.76,49.11,47.91,39.81,40.71,38.91,31.83,32.31,31.36,30.12,30.3,29.94,30.09,30.16,30.07,29.93,29.93,29.93,29.7,29.7,29.7,29.23,29.24,29.21,6851,9959
2025-06-26 14:00:00,0.85,8,14.17,14.24,13.51,24.78,17.84,16.88,47.63,48.03,47.06,37.68,38.71,36.57,30.79,31.25,30.3,29.76,29.94,29.59,30.07,30.07,30.06,29.98,30.04,29.93,29.74,29.78,29.7,29.24,29.24,29.24,6851,10128
2025-06-26 13:00:00,1.08,7.94,13.99,14.22,13.56,24.85,17.96,16.97,45.19,46.86,43.09,35.14,36.37,33.93,29.8,30.21,29.35,29.51,29.59,29.45,30.07,30.07,30.07,30.05,30.08,30.03,29.81,29.82,29.79,29.24,29.24,29.24,6851,10097
2025-06-26 12:00:00,1.06,7.85,13.92,14.2,13.62,24.89,18.03,17.07,39.93,42.51,37.16,32.59,33.73,31.39,28.95,29.28,28.6,29.37,29.46,29.35,30.12,30.19,30.07,30.16,30.18,30.1,29.83,29.86,29.82,29.24,29.26,29.24,6849,10183
2025-06-26 11:00:00,0.99,7.8,13.79,14.18,13.68,24.95,18.06,17.15,35.94,36.68,34.91,29.9,31.21,28.53,28.23,28.52,27.94,29.38,29.45,29.35,30.23,30.3,30.19,30.24,30.29,30.17,29.91,29.94,29.86,29.25,29.28,29.24,6849,10301
2025-06-26 10:00:00,1.02,7.63,13.7,14.16,13.73,25,18.12,17.23,32.4,34.66,29.51,26.89,28.29,25.45,27.78,27.93,27.7,29.51,29.59,29.47,30.37,30.42,30.3,30.32,30.4,30.29,29.94,29.94,29.94,29.28,29.31,29.26,6844,10215
2025-06-26 09:00:00,1.12,7.34,13.61,14.13,13.74,25,18.19,17.26,23.86,28.83,19.92,24.07,25.2,23.44,27.74,27.84,27.69,29.74,29.93,29.59,30.56,30.66,30.46,30.41,30.45,30.4,29.96,29.98,29.94,29.28,29.31,29.26,6838,10254
2025-06-26 08:00:00,1.04,7.13,13.53,14.11,13.75,25.02,18.15,17.26,17.73,19.54,16.11,23.34,23.44,23.32,28.08,28.29,27.92,30.1,30.3,29.94,30.74,30.82,30.66,30.51,30.52,30.49,30.02,30.05,29.99,29.28,29.3,29.26,6742,7039
2025-06-26 07:00:00,1.01,7.08,13.53,14.15,13.7,25.01,18.15,17.25,15.14,15.87,14.82,23.66,23.93,23.44,28.58,28.86,28.32,30.47,30.65,30.3,30.94,31.01,30.87,30.6,30.64,30.52,30.04,30.06,30.03,29.26,29.29,29.24,6537,6819
2025-06-26 06:00:00,1,7.04,13.55,14.22,13.65,25.01,18.14,17.24,15.14,15.36,15.04,24.3,24.62,24.03,29.12,29.35,28.88,30.82,31.01,30.66,31.11,31.22,31.01,30.64,30.64,30.64,30.05,30.06,30.04,29.24,29.26,29.24,6481,1615
2025-06-26 05:00:00,0.97,7.1,13.53,14.29,13.59,25.01,18.12,17.21,15.72,16.1,15.4,25.06,25.45,24.73,29.7,29.95,29.46,31.17,31.35,31.01,31.29,31.37,31.24,30.66,30.7,30.64,30.05,30.06,30.04,29.24,29.24,29.24,6486,0
2025-06-26 04:00:00,0.94,7.1,13.6,14.33,13.51,24.97,18.13,17.2,16.35,16.7,16.11,25.92,26.4,25.47,30.32,30.63,30.06,31.51,31.69,31.36,31.42,31.49,31.37,30.73,30.75,30.69,30.01,30.04,29.98,29.24,29.24,29.24,6497,0
2025-06-26 03:00:00,0.97,7.05,13.73,14.36,13.49,24.94,18.12,17.18,17.24,17.86,16.81,26.93,27.46,26.43,30.95,31.24,30.65,31.83,31.95,31.72,31.53,31.6,31.49,30.72,30.74,30.69,29.94,29.97,29.94,29.24,29.24,29.24,6510,0
2025-06-26 02:00:00,0.99,7.08,13.78,14.37,13.51,24.96,18.09,17.18,18.86,19.66,18,28.03,28.53,27.56,31.61,31.95,31.3,32.14,32.3,32,31.61,31.61,31.61,30.67,30.72,30.64,29.94,29.94,29.93,29.23,29.24,29.22,6522,0
2025-06-26 01:00:00,0.96,7.12,13.86,14.43,13.52,24.94,18.11,17.2,20.54,21.02,19.77,29.17,29.71,28.64,32.27,32.56,31.95,32.38,32.5,32.31,31.61,31.61,31.61,30.64,30.64,30.64,29.87,29.92,29.83,29.21,29.24,29.2,6528,0
2025-06-26 00:00:00,0.95,7.14,13.86,14.49,13.52,24.95,18.13,17.19,20.64,21.16,20.25,30.59,31.36,29.83,32.96,33.28,32.66,32.59,32.66,32.54,31.61,31.61,31.61,30.56,30.63,30.52,29.82,29.83,29.82,29.2,29.22,29.18,6517,0
2025-06-25 23:00:00,0.94,7.15,13.94,14.53,13.5,24.91,18.11,17.19,22.65,24.13,21.31,32.41,33.25,31.58,33.65,33.96,33.37,32.66,32.68,32.66,31.52,31.61,31.49,30.48,30.52,30.4,29.81,29.82,29.8,29.19,29.21,29.17,6550,0
2025-06-25 22:00:00,0.98,7.18,14.04,14.58,13.52,24.89,18.08,17.16,26.19,28.17,24.39,34.36,35.27,33.48,34.19,34.43,33.96,32.66,32.66,32.65,31.38,31.48,31.29,30.39,30.4,30.33,29.76,29.81,29.72,29.2,29.22,29.19,6588,0
2025-06-25 21:00:00,0.9,7.36,14.13,14.64,13.51,24.89,18.05,17.14,30.38,33.02,28.44,36.34,37.16,35.46,34.55,34.66,34.43,32.52,32.63,32.41,31.2,31.26,31.13,30.29,30.32,30.29,29.71,29.74,29.7,29.22,29.24,29.2,6660,3344
2025-06-25 20:00:00,0.71,7.44,14.22,14.61,13.52,24.89,18.04,17.13,36.05,36.91,33.84,37.93,38.58,37.31,34.66,34.66,34.66,32.23,32.41,32.07,30.98,31.1,30.89,30.2,30.28,30.17,29.7,29.71,29.7,29.24,29.24,29.23,6755,7008
2025-06-25 19:00:00,0.74,7.5,14.28,14.62,13.53,24.87,18.07,17.15,36.13,38.55,34.79,39.71,40.58,38.71,34.52,34.66,34.32,31.87,32.07,31.72,30.76,30.89,30.66,30.17,30.17,30.15,29.71,29.74,29.7,29.24,29.24,29.24,6822,7426
2025-06-25 18:00:00,0.55,7.71,14.37,14.64,13.55,24.88,18.13,17.17,44.8,46.85,39.75,40.68,40.71,40.59,33.99,34.32,33.68,31.39,31.6,31.17,30.58,30.66,30.52,30.09,30.15,30.06,29.75,29.8,29.72,29.24,29.26,29.24,6840,10022
2025-06-25 17:00:00,0.53,7.81,14.35,14.62,13.58,24.95,18.17,17.24,46.58,46.97,45.8,40.4,40.59,40.23,33.23,33.61,32.82,30.92,31.12,30.75,30.4,30.47,30.31,30.05,30.06,30.05,29.81,29.82,29.77,29.29,29.33,29.25,6851,10077
2025-06-25 16:00:00,0.65,7.89,14.36,14.5,13.61,25,18.27,17.3,46.16,46.62,45.8,39.67,40.12,39.12,32.33,32.78,31.92,30.47,30.65,30.3,30.28,30.31,30.2,30.06,30.1,30.05,29.82,29.83,29.82,29.35,29.35,29.32,6851,10297
2025-06-25 15:00:00,0.8,7.99,14.3,14.45,13.65,25.02,18.31,17.39,44.89,45.44,44.3,38.22,38.98,37.38,31.36,31.83,30.9,30.07,30.28,29.93,30.19,30.2,30.19,30.14,30.17,30.11,29.89,29.94,29.84,29.35,29.36,29.35,6849,10223
2025-06-25 14:00:00,0.95,8.01,14.16,14.4,13.68,25.1,18.38,17.48,42.97,44.25,41.7,36.09,37.16,35.03,30.41,30.84,30.02,29.76,29.87,29.66,30.19,30.19,30.19,30.18,30.25,30.17,29.94,29.96,29.93,29.36,29.4,29.35,6849,10262
2025-06-25 13:00:00,1.09,7.92,14.03,14.4,13.72,25.16,18.44,17.55,40.51,41.53,38.84,33.66,34.79,32.52,29.54,29.94,29.17,29.58,29.62,29.54,30.21,30.29,30.19,30.28,30.29,30.25,30.04,30.06,29.98,29.42,29.46,29.38,6849,10392
2025-06-25 12:00:00,1.11,7.9,13.97,14.37,13.77,25.21,18.51,17.59,35.58,38.58,32.43,31.23,32.31,30.18,28.8,29.11,28.52,29.49,29.53,29.47,30.31,30.36,30.3,30.37,30.4,30.3,30.07,30.09,30.06,29.46,29.47,29.45,6849,10412
2025-06-25 11:00:00,1.01,7.72,13.83,14.35,13.83,25.28,18.56,17.65,30.91,32.07,29.71,28.87,29.94,27.82,28.25,28.48,28.05,29.57,29.59,29.53,30.45,30.53,30.39,30.46,30.52,30.4,30.15,30.18,30.1,29.47,29.47,29.46,6847,10534
2025-06-25 10:00:00,1.06,7.61,13.74,14.31,13.9,25.32,18.62,17.7,28.13,29.71,25.57,26.39,27.58,25.15,27.96,28.05,27.93,29.72,29.82,29.62,30.6,30.66,30.54,30.57,30.64,30.52,30.18,30.19,30.17,29.47,29.47,29.47,6842,10420
2025-06-25 09:00:00,1.1,7.34,13.68,14.28,13.91,25.34,18.67,17.73,21.53,24.98,20.2,24.36,24.92,24.03,28.04,28.17,27.93,29.98,30.16,29.83,30.78,30.9,30.66,30.68,30.76,30.64,30.22,30.27,30.18,29.47,29.48,29.47,6842,10270
2025-06-25 08:00:00,1.08,7.17,13.65,14.3,13.87,25.35,18.65,17.73,18.17,20.24,16.45,24.02,24.15,23.96,28.37,28.57,28.17,30.32,30.53,30.18,30.99,31.12,30.9,30.77,30.82,30.76,30.29,30.29,30.28,29.47,29.47,29.47,6826,8245
2025-06-25 07:00:00,1.13,7.18,13.65,14.37,13.85,25.38,18.63,17.73,16.18,16.51,15.89,24.4,24.62,24.15,28.82,29,28.64,30.67,30.83,30.53,31.19,31.26,31.13,30.87,30.89,30.83,30.29,30.29,30.29,29.47,29.47,29.47,6550,6835
2025-06-25 06:00:00,1.18,7.26,13.67,14.44,13.79,25.37,18.63,17.72,16.62,17.04,16.44,24.94,25.21,24.64,29.32,29.59,29.11,31.02,31.17,30.89,31.39,31.48,31.28,30.94,31,30.88,30.29,30.29,30.29,29.47,29.47,29.47,6488,1445
2025-06-25 05:00:00,1.23,7.21,13.65,14.49,13.77,25.37,18.63,17.7,17.14,17.29,17.04,25.52,25.81,25.21,29.85,30.07,29.59,31.36,31.5,31.23,31.57,31.62,31.49,31,31.01,31,30.29,30.29,30.29,29.47,29.47,29.47,6497,0
2025-06-25 04:00:00,1.22,7.21,13.72,14.52,13.76,25.38,18.62,17.7,17.27,17.44,17.04,26.22,26.62,25.91,30.41,30.66,30.17,31.71,31.84,31.57,31.73,31.82,31.66,31.04,31.08,31.01,30.29,30.29,30.29,29.47,29.47,29.47,6502,0
2025-06-25 03:00:00,1.21,7.14,13.82,14.51,13.72,25.38,18.62,17.69,17.95,18.36,17.53,27.06,27.46,26.63,31.01,31.27,30.76,32.05,32.18,31.89,31.86,31.95,31.83,31.1,31.11,31.09,30.29,30.29,30.29,29.47,29.47,29.46,6510,0
2025-06-25 02:00:00,1.23,7.16,13.85,14.56,13.62,25.38,18.61,17.67,18.79,19.2,18.45,28.03,28.53,27.58,31.65,31.95,31.36,32.36,32.53,32.2,31.96,31.99,31.95,31.1,31.11,31.08,30.29,30.29,30.28,29.44,29.46,29.4,6519,0
2025-06-25 01:00:00,1.24,7.19,13.9,14.6,13.57,25.35,18.6,17.69,19.79,20.37,19.29,29.14,29.71,28.63,32.31,32.65,32,32.65,32.78,32.54,32.06,32.08,32,31.03,31.08,31,30.24,30.29,30.2,29.4,29.42,29.38,6524,0
2025-06-25 00:00:00,1.18,7.28,13.92,14.62,13.56,25.33,18.59,17.67,21.22,21.9,20.5,30.42,31.04,29.83,32.98,33.25,32.66,32.87,32.98,32.78,32.08,32.08,32.07,31,31,31,30.18,30.21,30.18,29.37,29.41,29.36,6517,0
2025-06-24 23:00:00,1.28,7.26,13.98,14.66,13.51,25.31,18.57,17.66,22.71,23.32,22.11,31.91,32.66,31.15,33.66,33.96,33.37,33.03,33.09,32.99,32.01,32.08,31.96,30.94,31,30.88,30.18,30.18,30.18,29.36,29.38,29.35,6550,0
2025-06-24 22:00:00,1.2,7.27,14.06,14.71,13.51,25.32,18.55,17.65,24.52,25.69,23.5,33.72,34.66,32.87,34.25,34.5,33.97,33.12,33.13,33.09,31.91,31.96,31.84,30.88,30.88,30.86,30.16,30.18,30.15,29.36,29.38,29.35,6604,0
2025-06-24 21:00:00,1.13,7.4,14.16,14.76,13.5,25.28,18.54,17.65,27.75,30.18,25.98,35.69,36.54,34.79,34.68,34.81,34.55,33.02,33.09,32.95,31.78,31.84,31.72,30.78,30.85,30.76,30.13,30.18,30.08,29.37,29.4,29.36,6682,2091
2025-06-24 20:00:00,0.96,7.52,14.25,14.83,13.49,25.24,18.54,17.64,33.21,34.36,30.85,37.32,38.04,36.66,34.9,34.91,34.83,32.82,32.91,32.68,31.62,31.72,31.53,30.75,30.76,30.72,30.11,30.13,30.08,29.38,29.41,29.36,6802,7047
2025-06-24 19:00:00,0.97,7.59,14.3,14.85,13.47,25.26,18.56,17.66,34.1,36.59,32.72,39.11,39.88,38.22,34.87,34.91,34.79,32.54,32.66,32.41,31.44,31.49,31.37,30.67,30.73,30.64,30.11,30.13,30.08,29.42,29.46,29.41,6822,7575
2025-06-24 18:00:00,0.86,7.75,14.36,14.81,13.49,25.28,18.58,17.66,41.63,43.43,37.4,40.16,40.38,39.98,34.51,34.77,34.27,32.17,32.34,31.98,31.3,31.37,31.25,30.64,30.65,30.64,30.16,30.18,30.12,29.46,29.47,29.44,6840,9970
2025-06-24 17:00:00,0.84,7.89,14.39,14.84,13.52,25.32,18.64,17.71,44.22,47.09,41.36,40.44,40.59,40.23,33.9,34.21,33.57,31.78,31.95,31.6,31.17,31.25,31.13,30.64,30.64,30.64,30.18,30.18,30.16,29.47,29.47,29.46,6851,10317
2025-06-24 16:00:00,0.84,7.96,14.38,14.85,13.55,25.37,18.71,17.77,46.82,47.56,45.67,39.62,40.11,39.05,33.09,33.49,32.68,31.39,31.59,31.24,31.09,31.13,31.04,30.64,30.65,30.64,30.18,30.18,30.18,29.47,29.47,29.47,6844,10112
2025-06-24 15:00:00,0.96,8.05,14.37,14.84,13.6,25.42,18.81,17.84,46.23,47.92,44.73,38.29,38.93,37.39,32.25,32.66,31.83,31.11,31.24,31.01,31.02,31.04,31.01,30.68,30.74,30.64,30.21,30.25,30.18,29.47,29.48,29.47,6851,10254
2025-06-24 14:00:00,1.15,8.05,14.29,14.78,13.66,25.5,18.86,17.91,45.83,48.25,43.19,36,37.16,35,31.4,31.78,31.07,30.88,30.98,30.79,31.02,31.04,31.01,30.75,30.76,30.74,30.29,30.29,30.26,29.48,29.49,29.47,6849,10211
2025-06-24 13:00:00,1.36,7.92,14.19,14.77,13.7,25.58,18.94,17.93,42.37,44.32,39.41,33.53,34.79,32.43,30.7,31.01,30.42,30.77,30.78,30.76,31.1,31.13,31.05,30.8,30.88,30.76,30.29,30.29,30.29,29.49,29.52,29.47,6849,10388
2025-06-24 12:00:00,1.36,7.85,14.03,14.76,13.75,25.67,19.01,17.97,36.77,38.7,35.15,31.36,32.31,30.3,30.22,30.42,30.06,30.77,30.77,30.77,31.17,31.25,31.13,30.88,30.89,30.86,30.31,30.38,30.29,29.5,29.52,29.49,6849,10475
2025-06-24 11:00:00,1.42,7.64,13.93,14.74,13.77,25.71,19.05,18.02,31.96,34.46,30.08,29.45,30.18,28.81,29.92,30.05,29.83,30.86,30.89,30.78,31.3,31.37,31.25,30.97,31,30.88,30.4,30.41,30.37,29.51,29.55,29.49,6847,10427
2025-06-24 10:00:00,1.45,7.53,13.88,14.77,13.78,25.73,19.06,18.04,29.07,30.77,27.22,28.17,28.75,27.48,29.87,29.92,29.82,31.05,31.12,30.96,31.44,31.5,31.37,31.04,31.11,31,30.41,30.41,30.41,29.52,29.55,29.49,6842,10526
2025-06-24 09:00:00,1.32,7.35,13.82,14.78,13.8,25.77,19.08,18.06,24.68,28.64,23.09,27.27,27.45,27.22,30.03,30.18,29.92,31.28,31.41,31.12,31.6,31.71,31.51,31.11,31.13,31.11,30.41,30.42,30.41,29.5,29.54,29.48,6838,10160
2025-06-24 08:00:00,1.28,7.27,13.87,14.77,13.82,25.75,19.09,18.09,22.18,22.97,21.31,27.27,27.44,27.22,30.36,30.53,30.18,31.58,31.72,31.46,31.77,31.84,31.72,31.2,31.23,31.13,30.41,30.42,30.41,29.48,29.5,29.47,6731,7020
2025-06-24 07:00:00,1.2,7.27,13.96,14.79,13.77,25.75,19.08,18.08,21.04,21.31,20.91,27.7,27.96,27.46,30.78,31.01,30.59,31.87,32.02,31.72,31.93,32,31.84,31.23,31.26,31.23,30.41,30.43,30.41,29.47,29.48,29.47,6542,6811
2025-06-24 06:00:00,1.26,7.25,13.97,14.79,13.7,25.74,19.07,18.06,21.83,22.03,21.47,28.24,28.47,28.05,31.21,31.47,31.01,32.17,32.31,32.07,32.1,32.2,32.05,31.3,31.35,31.25,30.41,30.41,30.41,29.47,29.47,29.47,6506,449
2025-06-24 05:00:00,1.26,7.23,14,14.84,13.65,25.71,19.06,18.03,22.18,22.26,22.13,28.77,29.01,28.53,31.69,31.95,31.48,32.48,32.66,32.31,32.24,32.31,32.2,31.34,31.35,31.34,30.41,30.41,30.41,29.47,29.47,29.46,6510,0
2025-06-24 04:00:00,1.25,7.24,14.03,14.85,13.61,25.71,19.07,18.04,22.43,22.49,22.3,29.4,29.73,29.11,32.2,32.43,31.95,32.78,32.9,32.66,32.34,32.41,32.31,31.35,31.35,31.34,30.39,30.41,30.36,29.41,29.46,29.38,6517,0
2025-06-24 03:00:00,1.28,7.26,14.03,14.84,13.58,25.72,19.07,18.04,22.67,22.75,22.52,30.22,30.66,29.83,32.76,33.02,32.54,33.07,33.22,32.93,32.43,32.45,32.43,31.33,31.35,31.31,30.31,30.34,30.29,29.36,29.4,29.35,6519,0
2025-06-24 02:00:00,1.28,7.27,14.06,14.86,13.59,25.74,19.04,18.03,23.35,24.39,22.76,31.23,31.69,30.77,33.36,33.62,33.08,33.34,33.49,33.25,32.49,32.53,32.43,31.25,31.31,31.23,30.29,30.29,30.29,29.35,29.36,29.35,6526,0
2025-06-24 01:00:00,1.19,7.21,14.13,14.91,13.6,25.72,19.04,18.02,24.5,24.53,24.47,32.27,32.84,31.73,33.99,34.32,33.73,33.57,33.66,33.49,32.52,32.54,32.48,31.22,31.23,31.17,30.24,30.29,30.18,29.35,29.35,29.35,6530,0
2025-06-24 00:00:00,1.19,7.17,14.2,14.95,13.61,25.71,19.02,18,25.13,25.69,24.62,33.63,34.32,32.97,34.64,34.91,34.34,33.75,33.83,33.7,32.44,32.48,32.43,31.11,31.14,31.11,30.18,30.18,30.18,29.35,29.35,29.35,6517,0
2025-06-23 23:00:00,1.16,7.23,14.32,15.05,13.63,25.68,19,17.98,26.66,27.42,25.81,35.25,36.09,34.43,35.27,35.52,35.02,33.84,33.84,33.84,32.35,32.43,32.31,31.03,31.11,30.99,30.15,30.18,30.12,29.34,29.35,29.32,6546,0
2025-06-23 22:00:00,1.11,7.33,14.48,15.07,13.65,25.67,19.01,17.97,28.6,29.95,27.46,37.17,38.12,36.22,35.81,35.98,35.62,33.8,33.84,33.73,32.19,32.31,32.08,30.91,30.99,30.88,30.08,30.13,30.06,29.33,29.35,29.32,6573,0
2025-06-23 21:00:00,1.06,7.36,14.56,15.08,13.64,25.64,19,17.96,32.46,34.81,30.3,39.22,40.11,38.34,36.16,36.25,36.05,33.65,33.73,33.49,31.99,32.08,31.85,30.81,30.88,30.76,30.06,30.06,30.06,29.33,29.35,29.32,6646,2032
2025-06-23 20:00:00,0.94,7.47,14.67,15.1,13.66,25.6,19,17.97,37.96,39.75,35.4,41.05,41.88,40.23,36.28,36.31,36.21,33.33,33.49,33.13,31.75,31.85,31.64,30.74,30.76,30.69,30.06,30.06,30.06,29.34,29.35,29.32,6753,7012
2025-06-23 19:00:00,0.89,7.63,14.75,15.13,13.63,25.61,19.02,18.02,41.93,44.73,40.11,42.83,43.52,42.01,36.04,36.21,35.86,32.92,33.13,32.68,31.54,31.61,31.44,30.64,30.66,30.64,30.06,30.06,30.06,29.35,29.35,29.35,6838,7110
2025-06-23 18:00:00,0.73,7.81,14.75,15.16,13.68,25.63,19.05,18.04,50.38,52.75,45.79,43.52,43.57,43.43,35.44,35.77,35.09,32.43,32.66,32.2,31.32,31.41,31.25,30.62,30.64,30.57,30.06,30.06,30.05,29.35,29.35,29.35,6838,7985
2025-06-23 17:00:00,0.64,7.93,14.7,15.15,13.72,25.73,19.12,18.08,53.21,53.71,52.66,43.04,43.4,42.6,34.62,35.03,34.2,31.93,32.18,31.72,31.15,31.24,31.06,30.55,30.58,30.54,30.06,30.07,30.06,29.35,29.37,29.35,6849,9864
2025-06-23 16:00:00,0.72,7.98,14.67,15.16,13.79,25.79,19.17,18.14,53.47,53.85,53.01,41.78,42.48,40.96,33.65,34.09,33.16,31.45,31.7,31.24,31,31.04,30.95,30.55,30.58,30.52,30.11,30.17,30.07,29.37,29.41,29.35,6851,9931
2025-06-23 15:00:00,0.94,8,14.63,15.14,13.83,25.83,19.25,18.16,51.46,52.77,49.89,39.92,40.82,39.03,32.63,33.13,32.18,31.03,31.24,30.89,30.9,30.91,30.9,30.61,30.64,30.57,30.18,30.18,30.16,29.44,29.47,29.41,6849,9714
2025-06-23 14:00:00,1.05,8.04,14.57,15.08,13.87,25.91,19.32,18.18,49.3,50.44,48.27,37.73,38.81,36.62,31.6,32.07,31.13,30.71,30.87,30.62,30.9,30.9,30.89,30.64,30.66,30.64,30.2,30.25,30.18,29.46,29.47,29.45,6849,9998
2025-06-23 13:00:00,1.09,7.97,14.46,14.98,13.94,25.97,19.39,18.24,46.97,47.93,44.73,35.14,36.43,33.86,30.66,31.12,30.3,30.49,30.57,30.42,30.91,30.95,30.9,30.74,30.76,30.67,30.28,30.29,30.25,29.47,29.47,29.46,6851,10022
2025-06-23 12:00:00,1.19,7.87,14.26,14.96,13.98,26.07,19.43,18.28,41.97,44.29,38.73,32.36,33.63,31.01,29.89,30.18,29.59,30.41,30.41,30.41,31.02,31.09,30.98,30.81,30.88,30.76,30.29,30.3,30.29,29.47,29.47,29.47,6849,10124
2025-06-23 11:00:00,1.15,7.71,14.19,14.96,14.06,26.16,19.48,18.31,36.1,38.09,33.74,29.53,30.77,28.41,29.32,29.55,29.14,30.48,30.53,30.41,31.16,31.25,31.11,30.92,31,30.88,30.35,30.4,30.31,29.47,29.47,29.47,6849,10081
2025-06-23 10:00:00,1.24,7.51,14.16,15,14.09,26.17,19.5,18.31,31.57,33.49,29.83,27.29,28.28,26.28,29.09,29.13,29.06,30.67,30.77,30.55,31.32,31.38,31.25,31.03,31.1,31,30.41,30.41,30.4,29.47,29.47,29.47,6842,10238
2025-06-23 09:00:00,1.3,7.32,14.07,15.03,14.08,26.22,19.52,18.31,25.41,29.1,21.9,25.52,26.16,25.2,29.15,29.29,29.08,30.95,31.12,30.78,31.53,31.61,31.42,31.11,31.15,31.1,30.41,30.41,30.41,29.47,29.47,29.47,6838,10053
2025-06-23 08:00:00,1.23,7.23,13.98,15.04,14.08,26.21,19.53,18.31,19.22,21.43,17.39,25.13,25.24,25.1,29.55,29.82,29.35,31.31,31.48,31.12,31.72,31.84,31.61,31.22,31.23,31.19,30.42,30.43,30.41,29.47,29.47,29.47,6820,7122
2025-06-23 07:00:00,1.13,7.13,13.98,15.03,14.02,26.21,19.53,18.31,16.44,17.08,16.23,25.6,25.92,25.33,30.08,30.33,29.82,31.7,31.85,31.5,31.94,32.06,31.84,31.3,31.35,31.23,30.44,30.46,30.43,29.47,29.47,29.46,6542,6827
2025-06-23 06:00:00,1.12,7.15,14.08,15.01,13.94,26.19,19.52,18.29,16.62,16.94,16.34,26.33,26.66,26,30.66,30.9,30.41,32.08,32.28,31.94,32.14,32.2,32.08,31.35,31.36,31.35,30.43,30.46,30.41,29.45,29.47,29.43,6488,1516
2025-06-23 05:00:00,1.15,7.08,14.12,15.09,13.86,26.2,19.5,18.31,17.27,17.65,17.02,27.15,27.58,26.75,31.27,31.6,31.01,32.46,32.66,32.31,32.31,32.41,32.2,31.38,31.42,31.35,30.41,30.43,30.41,29.38,29.43,29.35,6497,0
2025-06-23 04:00:00,1.15,7.1,14.17,15.13,13.66,26.18,19.49,18.28,18.07,18.45,17.65,28.08,28.53,27.64,31.91,32.2,31.6,32.83,33.02,32.66,32.46,32.55,32.43,31.43,31.45,31.4,30.41,30.41,30.41,29.35,29.37,29.35,6502,0
2025-06-23 03:00:00,1.2,7.11,14.2,15.13,13.5,26.18,19.47,18.25,18.93,19.29,18.59,29.12,29.7,28.64,32.6,32.91,32.3,33.18,33.37,33.02,32.58,32.66,32.55,31.43,31.46,31.4,30.39,30.41,30.37,29.35,29.35,29.35,6510,0
2025-06-23 02:00:00,1.13,7.16,14.22,15.17,13.5,26.17,19.47,18.23,19.93,20.52,19.42,30.34,30.93,29.77,33.31,33.62,32.99,33.5,33.61,33.37,32.66,32.68,32.66,31.37,31.4,31.35,30.3,30.35,30.29,29.33,29.35,29.31,6519,0
2025-06-23 01:00:00,1.1,7.16,14.29,15.22,13.53,26.17,19.45,18.24,21.39,22.15,20.65,31.68,32.39,31.01,34.04,34.38,33.73,33.78,33.88,33.7,32.66,32.68,32.66,31.35,31.35,31.32,30.29,30.29,30.29,29.27,29.33,29.25,6528,0
2025-06-23 00:00:00,1.11,7.13,14.38,15.33,13.53,26.19,19.45,18.21,23.15,24.03,22.26,33.25,34.04,32.54,34.78,35.12,34.43,34.01,34.08,33.9,32.66,32.68,32.66,31.25,31.31,31.23,30.21,30.27,30.18,29.24,29.25,29.24,6517,0
2025-06-22 23:00:00,1.11,7.19,14.53,15.36,13.53,26.16,19.45,18.21,25.16,26.06,24.15,35.06,35.98,34.2,35.47,35.75,35.15,34.1,34.16,34.08,32.59,32.66,32.55,31.17,31.23,31.11,30.18,30.18,30.18,29.24,29.24,29.24,6546,0
2025-06-22 22:00:00,1.04,7.31,14.68,15.4,13.54,26.15,19.44,18.2,27.77,29.91,26.16,37.2,38.22,36.21,36.08,36.33,35.86,34.13,34.18,34.08,32.44,32.55,32.34,31.06,31.11,31,30.15,30.18,30.1,29.24,29.24,29.24,6568,0
2025-06-22 21:00:00,0.98,7.37,14.77,15.47,13.53,26.12,19.44,18.2,33.34,35.86,30.42,39.31,40.23,38.38,36.48,36.56,36.33,33.98,34.08,33.84,32.25,32.32,32.18,30.96,31,30.88,30.07,30.09,30.06,29.24,29.24,29.24,6626,2064
2025-06-22 20:00:00,0.91,7.51,14.86,15.46,13.55,26.14,19.45,18.2,39.13,42.12,36.22,41.17,41.92,40.37,36.6,36.66,36.56,33.69,33.84,33.5,32.04,32.14,31.96,30.88,30.88,30.85,30.06,30.06,30.06,29.24,29.24,29.24,6713,6965
2025-06-22 19:00:00,0.86,7.66,14.94,15.45,13.58,26.13,19.45,18.21,42.22,44.61,41.42,42.97,43.72,42.12,36.43,36.56,36.24,33.31,33.49,33.13,31.81,31.95,31.72,30.78,30.86,30.76,30.06,30.06,30.06,29.24,29.24,29.24,6802,7071
2025-06-22 18:00:00,0.61,7.86,15.02,15.49,13.58,26.14,19.49,18.23,51.29,53.83,45.9,43.78,43.87,43.65,35.87,36.21,35.52,32.85,33.09,32.65,31.61,31.72,31.49,30.76,30.76,30.76,30.06,30.06,30.06,29.24,29.24,29.24,6840,7997
2025-06-22 17:00:00,0.66,7.97,14.93,15.51,13.6,26.18,19.54,18.28,53.29,53.71,52.53,43.12,43.54,42.6,35.07,35.5,34.66,32.36,32.55,32.18,31.43,31.49,31.37,30.73,30.76,30.69,30.06,30.07,30.06,29.24,29.24,29.24,6847,9557
2025-06-22 16:00:00,0.75,8.01,14.87,15.52,13.65,26.22,19.57,18.32,52.09,52.77,50.88,41.82,42.48,41.13,34.15,34.55,33.73,31.9,32.09,31.72,31.29,31.37,31.25,30.71,30.74,30.69,30.09,30.14,30.06,29.25,29.28,29.24,6851,9770
2025-06-22 15:00:00,0.97,8.02,14.81,15.5,13.69,26.27,19.6,18.36,49.69,50.93,48.49,40.23,40.96,39.4,33.19,33.61,32.77,31.52,31.71,31.36,31.24,31.25,31.24,30.74,30.76,30.73,30.16,30.18,30.13,29.27,29.3,29.26,6851,9896
2025-06-22 14:00:00,1.1,8.07,14.78,15.49,13.73,26.35,19.63,18.36,48.75,49.59,48.03,38.13,39.23,36.91,32.21,32.66,31.81,31.23,31.36,31.12,31.22,31.25,31.21,30.76,30.78,30.76,30.18,30.18,30.18,29.3,29.32,29.28,6851,10077
2025-06-22 13:00:00,1.16,8.01,14.69,15.45,13.76,26.41,19.69,18.35,45.8,47.33,44.02,35.49,36.7,34.22,31.34,31.72,31.01,31.05,31.12,31.01,31.25,31.25,31.24,30.85,30.88,30.77,30.19,30.24,30.18,29.31,29.34,29.3,6851,10069
2025-06-22 12:00:00,1.31,7.88,14.56,15.43,13.82,26.49,19.72,18.34,40.57,43.54,37.87,32.88,34,31.72,30.65,30.9,30.42,31.01,31.01,31.01,31.33,31.37,31.26,30.9,30.97,30.88,30.26,30.29,30.24,29.32,29.34,29.3,6851,10171
2025-06-22 11:00:00,1.25,7.75,14.41,15.43,13.83,26.5,19.74,18.36,36.58,37.89,34.7,30.34,31.5,29.21,30.21,30.42,30.06,31.08,31.12,31.01,31.46,31.5,31.37,31,31,30.98,30.29,30.29,30.29,29.31,29.33,29.26,6849,10333
2025-06-22 10:00:00,1.28,7.52,14.3,15.44,13.91,26.57,19.75,18.37,30.91,34.25,28.76,28.32,29,27.73,30.07,30.16,30.06,31.27,31.38,31.15,31.62,31.72,31.55,31.09,31.11,31.02,30.29,30.29,30.29,29.28,29.29,29.25,6844,10207
2025-06-22 09:00:00,1.3,7.35,14.28,15.42,13.92,26.58,19.75,18.37,25.88,28.38,23.08,27.28,27.68,27.11,30.27,30.42,30.18,31.56,31.72,31.43,31.78,31.84,31.72,31.14,31.22,31.11,30.29,30.29,30.29,29.25,29.26,29.24,6838,9801
2025-06-22 08:00:00,1.24,7.23,14.34,15.4,13.86,26.54,19.75,18.37,21.12,22.86,19.77,27.23,27.46,27.11,30.69,30.9,30.47,31.89,32.07,31.72,31.98,32.08,31.86,31.23,31.23,31.22,30.29,30.3,30.29,29.24,29.24,29.24,6760,7051
2025-06-22 07:00:00,1.26,7.21,14.37,15.4,13.81,26.57,19.75,18.36,19.65,19.85,19.54,27.87,28.25,27.54,31.2,31.47,30.98,32.23,32.41,32.07,32.15,32.2,32.08,31.27,31.34,31.23,30.29,30.3,30.29,29.24,29.24,29.24,6539,6807
2025-06-22 06:00:00,1.18,7.21,14.39,15.48,13.74,26.54,19.75,18.39,20.49,21.54,19.89,28.72,29.12,28.29,31.73,31.95,31.48,32.55,32.68,32.41,32.29,32.36,32.2,31.34,31.35,31.33,30.29,30.29,30.29,29.22,29.24,29.2,6506,1134
2025-06-22 05:00:00,1.23,7.26,14.44,15.47,13.67,26.54,19.75,18.4,22.53,22.85,21.78,29.5,29.88,29.12,32.26,32.54,32.03,32.88,33.02,32.75,32.45,32.54,32.4,31.35,31.35,31.35,30.29,30.29,30.26,29.15,29.19,29.12,6510,0
2025-06-22 04:00:00,1.22,7.3,14.44,15.47,13.67,26.53,19.77,18.38,23.08,23.66,22.81,30.35,30.77,29.94,32.82,33.11,32.54,33.18,33.34,33.02,32.56,32.64,32.54,31.35,31.35,31.35,30.21,30.26,30.18,29.12,29.12,29.12,6517,0
2025-06-22 03:00:00,1.16,7.3,14.47,15.5,13.68,26.52,19.74,18.36,24.3,24.61,23.79,31.23,31.66,30.82,33.42,33.73,33.14,33.49,33.61,33.37,32.66,32.68,32.64,31.34,31.35,31.31,30.18,30.18,30.18,29.12,29.12,29.09,6519,0
2025-06-22 02:00:00,1.18,7.26,14.53,15.56,13.68,26.53,19.72,18.39,24.86,25.57,24.39,32.25,32.78,31.72,34.03,34.32,33.73,33.76,33.84,33.63,32.67,32.7,32.66,31.26,31.32,31.23,30.11,30.18,30.06,29.06,29.11,29.01,6528,0
2025-06-22 01:00:00,1.18,7.22,14.58,15.64,13.69,26.53,19.71,18.38,25.67,26.4,25.24,33.46,34.06,32.9,34.67,34.98,34.38,34.01,34.08,33.9,32.67,32.71,32.66,31.21,31.23,31.16,30.06,30.06,30.04,29,29.01,29,6535,0
2025-06-22 00:00:00,1.15,7.26,14.73,15.69,13.69,26.55,19.7,18.36,27.49,27.93,26.51,34.76,35.5,34.15,35.32,35.62,35.03,34.19,34.23,34.12,32.66,32.66,32.63,31.11,31.12,31.07,29.96,30.04,29.94,29,29,29,6524,0
2025-06-21 23:00:00,1.08,7.35,14.89,15.72,13.71,26.48,19.71,18.36,29.37,30.5,28.05,36.33,37.09,35.62,35.93,36.21,35.64,34.29,34.32,34.24,32.54,32.59,32.48,30.99,31.03,30.94,29.92,29.94,29.87,29,29,28.99,6550,0
2025-06-21 22:00:00,1.09,7.37,14.96,15.77,13.72,26.5,19.77,18.36,31.19,31.95,30.62,38.19,39.16,37.28,36.48,36.68,36.22,34.25,34.31,34.2,32.38,32.43,32.31,30.87,30.91,30.81,29.83,29.87,29.82,28.98,29,28.97,6550,0
2025-06-21 21:00:00,1,7.42,15.05,15.8,13.72,26.43,19.75,18.35,34.91,37.87,32.29,40.25,41.17,39.31,36.85,36.93,36.72,34.1,34.2,33.97,32.17,32.31,32.08,30.75,30.78,30.69,29.82,29.82,29.81,28.95,28.98,28.94,6624,2068
2025-06-21 20:00:00,0.88,7.55,15.14,15.81,13.75,26.43,19.74,18.36,41.91,44.02,38.58,41.95,42.6,41.3,36.99,37.03,36.95,33.78,33.96,33.61,31.92,32.07,31.82,30.64,30.66,30.62,29.78,29.82,29.75,28.95,28.97,28.93,6731,6976
2025-06-21 19:00:00,0.83,7.65,15.24,15.79,13.76,26.45,19.75,18.37,43.14,44.84,41.89,43.73,44.53,42.82,36.83,36.93,36.68,33.38,33.61,33.15,31.66,31.74,31.58,30.53,30.61,30.52,29.72,29.75,29.71,28.96,28.98,28.93,6838,7102
2025-06-21 18:00:00,0.59,7.77,15.32,15.84,13.73,26.44,19.76,18.37,51.77,54.3,46,44.7,44.73,44.61,36.31,36.59,35.97,32.88,33.13,32.66,31.42,31.52,31.34,30.48,30.52,30.43,29.72,29.74,29.72,28.98,28.99,28.95,6838,8099
2025-06-21 17:00:00,0.58,7.93,15.31,15.86,13.78,26.46,19.78,18.39,54.15,54.4,53.76,44.35,44.61,44.02,35.5,35.9,35.04,32.34,32.57,32.08,31.21,31.32,31.13,30.41,30.44,30.4,29.74,29.76,29.73,28.99,29,28.98,6851,9577
2025-06-21 16:00:00,0.74,8.07,15.21,15.84,13.83,26.5,19.8,18.42,53.56,54.05,52.89,43.36,43.9,42.72,34.5,35,34,31.82,32.07,31.6,31.06,31.13,31.01,30.4,30.41,30.4,29.8,29.81,29.78,29,29,28.99,6851,9864
2025-06-21 15:00:00,0.79,8.14,15.14,15.83,13.89,26.54,19.86,18.44,53.42,53.95,52.89,41.61,42.59,40.59,33.41,33.96,32.9,31.37,31.59,31.18,30.96,31.01,30.9,30.4,30.42,30.4,29.82,29.82,29.81,29,29,29,6851,9738
2025-06-21 14:00:00,1.08,8.14,15.08,15.78,13.93,26.61,19.9,18.46,51.63,52.89,50.17,39.05,40.34,37.75,32.3,32.78,31.83,31.01,31.14,30.89,30.9,30.9,30.9,30.45,30.52,30.4,29.82,29.84,29.82,29,29,29,6851,9896
2025-06-21 13:00:00,1.27,8.09,15,15.73,13.98,26.69,19.9,18.47,48,49.97,45.68,36.21,37.5,34.91,31.31,31.72,30.89,30.8,30.89,30.75,30.92,30.99,30.9,30.52,30.52,30.52,29.87,29.92,29.83,29,29,29,6851,9963
2025-06-21 12:00:00,1.34,7.95,14.83,15.69,14.01,26.77,19.9,18.45,42.25,45.08,39.64,33.42,34.66,32.07,30.52,30.87,30.18,30.7,30.75,30.67,31.01,31.03,30.97,30.6,30.64,30.53,29.93,29.94,29.92,29,29,29,6849,10065
2025-06-21 11:00:00,1.24,7.83,14.64,15.69,14.06,26.83,19.94,18.44,38.29,39.47,37.28,30.72,31.86,29.56,29.95,30.18,29.8,30.76,30.77,30.73,31.13,31.21,31.07,30.66,30.74,30.64,29.94,29.95,29.94,29,29,29,6849,10061
2025-06-21 10:00:00,1.42,7.62,14.56,15.71,14.09,26.88,19.96,18.43,34.86,37.05,31.95,28.28,29.35,27.32,29.7,29.74,29.66,30.9,31.01,30.78,31.29,31.37,31.25,30.76,30.76,30.74,29.95,29.97,29.94,29,29,29,6842,9982
2025-06-21 09:00:00,1.42,7.4,14.49,15.73,14.08,26.94,19.99,18.42,26.75,31.25,23.14,26.66,27.11,26.4,29.77,29.94,29.68,31.17,31.36,31.01,31.45,31.55,31.37,30.83,30.88,30.77,29.97,29.99,29.95,28.99,29,28.98,6842,10234
2025-06-21 08:00:00,1.25,7.27,14.48,15.71,14.08,26.97,19.99,18.41,20.77,22.73,19.19,26.46,26.62,26.4,30.18,30.42,29.94,31.53,31.72,31.36,31.65,31.72,31.59,30.89,30.93,30.88,29.98,30,29.96,28.95,28.99,28.9,6802,7099
2025-06-21 07:00:00,1.22,7.19,14.57,15.7,14.07,26.95,19.98,18.44,18.5,19.04,18.29,26.96,27.33,26.63,30.71,30.99,30.42,31.89,32.07,31.72,31.82,31.92,31.72,30.97,31,30.91,29.95,29.97,29.94,28.89,28.92,28.88,6550,6831
2025-06-21 06:00:00,1.23,7.21,14.6,15.73,14.03,26.95,19.96,18.41,18.82,19.2,18.45,27.71,28.06,27.34,31.28,31.59,31.01,32.25,32.41,32.07,32,32.08,31.95,31,31,31,29.94,29.95,29.94,28.88,28.88,28.88,6497,1473
2025-06-21 05:00:00,1.26,7.2,14.65,15.78,13.96,26.95,19.95,18.41,19.4,19.66,19.29,28.57,29,28.17,31.89,32.18,31.6,32.6,32.78,32.41,32.14,32.2,32.08,31,31,31,29.93,29.94,29.92,28.87,28.88,28.84,6502,0
2025-06-21 04:00:00,1.17,7.23,14.68,15.76,13.94,26.95,19.99,18.5,20.19,20.72,19.75,29.6,30.06,29.12,32.52,32.81,32.2,32.93,33.11,32.78,32.25,32.31,32.2,31,31,31,29.85,29.92,29.82,28.78,28.84,28.76,6506,0
2025-06-21 03:00:00,1.15,7.31,14.7,15.79,13.95,26.93,19.98,18.48,21.5,22.22,20.84,30.72,31.25,30.18,33.18,33.49,32.9,33.25,33.37,33.13,32.33,32.39,32.31,31,31,30.97,29.82,29.82,29.81,28.76,28.77,28.76,6517,0
2025-06-21 02:00:00,1.17,7.27,14.78,15.84,13.93,26.95,19.94,18.45,22.9,23.6,22.26,31.95,32.55,31.36,33.85,34.2,33.54,33.52,33.64,33.37,32.42,32.43,32.39,30.91,30.97,30.88,29.73,29.8,29.7,28.75,28.76,28.73,6524,0
2025-06-21 01:00:00,1.15,7.25,14.85,15.9,13.94,26.93,19.94,18.44,24.58,25.35,23.74,33.31,33.99,32.66,34.53,34.82,34.21,33.76,33.84,33.64,32.41,32.43,32.36,30.86,30.88,30.77,29.7,29.7,29.66,28.69,28.75,28.66,6533,0
2025-06-21 00:00:00,1.15,7.28,14.97,16,13.98,26.88,19.95,18.42,26.69,27.93,25.57,34.84,35.57,34.13,35.2,35.5,34.91,33.93,33.99,33.84,32.31,32.34,32.3,30.74,30.77,30.66,29.6,29.65,29.58,28.64,28.66,28.64,6519,0
2025-06-20 23:00:00,1.13,7.38,15.15,16.03,13.98,26.85,19.93,18.41,29.27,30.37,28.14,36.47,37.28,35.68,35.83,36.09,35.52,34.02,34.06,33.98,32.2,32.28,32.13,30.62,30.64,30.54,29.55,29.58,29.49,28.64,28.65,28.64,6550,0
2025-06-20 22:00:00,1.11,7.4,15.24,16.1,13.98,26.84,19.92,18.4,31.81,32.31,30.77,38.39,39.4,37.45,36.37,36.56,36.12,33.97,34.03,33.95,32.01,32.09,31.95,30.48,30.53,30.41,29.47,29.49,29.47,28.64,28.64,28.64,6550,0
2025-06-20 21:00:00,0.98,7.49,15.32,16.09,14.01,26.82,19.9,18.4,35.76,39.41,32.53,40.51,41.42,39.58,36.74,36.8,36.61,33.79,33.91,33.66,31.78,31.91,31.69,30.37,30.4,30.29,29.46,29.47,29.44,28.64,28.64,28.64,6608,2966
2025-06-20 20:00:00,0.81,7.63,15.45,16.11,13.94,26.8,19.95,18.42,43.73,45.44,40.32,42.18,42.85,41.53,36.82,36.84,36.8,33.46,33.61,33.25,31.52,31.63,31.37,30.24,30.29,30.17,29.39,29.44,29.35,28.64,28.64,28.63,6706,6957
2025-06-20 19:00:00,0.77,7.71,15.53,16.14,13.98,26.8,19.99,18.41,44.85,46.74,43.52,43.94,44.73,43.06,36.66,36.8,36.45,33.03,33.25,32.78,31.25,31.37,31.13,30.15,30.17,30.11,29.35,29.36,29.35,28.64,28.64,28.64,6802,7055
2025-06-20 18:00:00,0.54,7.85,15.62,16.16,14,26.85,20.01,18.42,53.21,55.97,47.68,44.88,44.96,44.79,36.09,36.45,35.74,32.5,32.78,32.24,31,31.13,30.9,30.05,30.08,30.04,29.35,29.37,29.35,28.64,28.64,28.64,6838,8871
2025-06-20 17:00:00,0.43,8.01,15.54,16.14,14.04,26.9,20.02,18.43,55.55,56.2,55.33,44.43,44.73,44.09,35.22,35.63,34.79,31.92,32.18,31.71,30.77,30.9,30.66,30.01,30.04,29.97,29.36,29.38,29.35,28.64,28.64,28.64,6844,9490
2025-06-20 16:00:00,0.6,8.16,15.48,16.14,14.08,26.96,20.03,18.44,55.04,55.25,54.78,43.36,44.02,42.6,34.16,34.66,33.64,31.37,31.6,31.12,30.6,30.66,30.54,29.96,29.98,29.94,29.4,29.44,29.37,28.64,28.64,28.64,6851,9840
2025-06-20 15:00:00,0.8,8.2,15.42,16.09,14.11,27.02,20.01,18.45,53.97,54.64,53.36,41.48,42.48,40.34,33.01,33.61,32.43,30.89,31.12,30.68,30.49,30.54,30.42,29.97,30.01,29.94,29.46,29.47,29.43,28.64,28.66,28.64,6851,9742
2025-06-20 14:00:00,1.04,8.21,15.35,15.98,14.15,27.02,20.02,18.48,51.95,53.38,50.72,38.81,40.11,37.5,31.86,32.36,31.36,30.52,30.65,30.41,30.42,30.43,30.42,30.04,30.05,30.01,29.47,29.47,29.47,28.65,28.67,28.64,6851,9770
2025-06-20 13:00:00,1.2,8.16,15.22,15.93,14.2,27.06,20.04,18.49,48.39,50.52,46.01,35.88,37.28,34.56,30.83,31.25,30.42,30.3,30.4,30.21,30.43,30.48,30.42,30.08,30.15,30.05,29.49,29.54,29.47,28.67,28.69,28.65,6851,9967
2025-06-20 12:00:00,1.27,8.03,15,15.89,14.29,27.1,20.05,18.49,42.49,45.32,39.91,33.06,34.32,31.74,30.02,30.31,29.71,30.18,30.19,30.18,30.53,30.55,30.5,30.17,30.18,30.17,29.56,29.58,29.54,28.67,28.69,28.66,6849,9990
2025-06-20 11:00:00,1.24,7.93,14.9,15.88,14.34,27.17,20.08,18.5,38.39,39.55,37.22,30.37,31.55,29.23,29.44,29.71,29.23,30.24,30.3,30.18,30.64,30.7,30.55,30.26,30.29,30.19,29.58,29.58,29.58,28.67,28.69,28.64,6851,10081
2025-06-20 10:00:00,1.42,7.72,14.87,15.89,14.37,27.21,20.1,18.5,35.35,36.91,32.9,27.95,29,26.97,29.15,29.23,29.11,30.36,30.42,30.3,30.79,30.9,30.72,30.32,30.4,30.29,29.58,29.59,29.58,28.66,28.67,28.65,6849,10278
2025-06-20 09:00:00,1.45,7.56,14.78,15.91,14.41,27.22,20.11,18.5,27.29,32.07,23.51,26.31,26.77,26.04,29.21,29.35,29.11,30.62,30.77,30.47,30.95,31.01,30.87,30.4,30.42,30.39,29.58,29.61,29.58,28.64,28.66,28.64,6840,10128
2025-06-20 08:00:00,1.3,7.47,14.7,15.95,14.38,27.25,20.12,18.49,21.04,23.09,19.29,26.07,26.16,26.03,29.61,29.82,29.38,30.95,31.12,30.77,31.12,31.23,31.01,30.46,30.52,30.4,29.61,29.62,29.59,28.64,28.65,28.64,6802,7099
2025-06-20 07:00:00,1.22,7.32,14.71,15.97,14.3,27.29,20.12,18.47,18.48,19.06,18.23,26.53,26.87,26.24,30.12,30.38,29.86,31.3,31.48,31.13,31.3,31.37,31.25,30.52,30.53,30.52,29.6,29.61,29.59,28.64,28.64,28.64,6550,6831
2025-06-20 06:00:00,1.22,7.3,14.84,16.01,14.23,27.3,20.12,18.47,18.96,19.53,18.59,27.27,27.58,26.94,30.66,30.89,30.42,31.64,31.83,31.48,31.46,31.51,31.37,30.56,30.6,30.53,29.58,29.61,29.58,28.64,28.64,28.64,6502,1363
2025-06-20 05:00:00,1.23,7.31,14.9,16.02,14.24,27.25,20.11,18.5,19.88,20.01,19.57,28.04,28.41,27.7,31.22,31.48,30.97,31.97,32.11,31.83,31.6,31.64,31.55,30.62,30.64,30.6,29.58,29.58,29.58,28.59,28.63,28.54,6506,0
2025-06-20 04:00:00,1.15,7.31,14.94,16.05,14.21,27.26,20.1,18.5,20.25,20.48,20.03,28.93,29.35,28.53,31.82,32.09,31.54,32.3,32.41,32.18,31.71,31.73,31.66,30.62,30.64,30.6,29.57,29.58,29.52,28.54,28.55,28.53,6510,0
2025-06-20 03:00:00,1.14,7.33,14.99,16.13,14.23,27.29,20.09,18.48,21.09,21.68,20.6,30.01,30.54,29.47,32.44,32.77,32.18,32.59,32.73,32.43,31.81,31.84,31.75,30.56,30.61,30.53,29.49,29.54,29.47,28.53,28.53,28.53,6519,0
2025-06-20 02:00:00,1.15,7.4,14.99,16.15,14.31,27.27,20.08,18.46,22.48,23.2,21.84,31.22,31.84,30.65,33.09,33.38,32.78,32.85,32.99,32.77,31.84,31.85,31.84,30.52,30.53,30.52,29.47,29.47,29.47,28.52,28.53,28.51,6528,0
2025-06-20 01:00:00,1.14,7.37,15.07,16.16,14.32,27.23,20.1,18.45,24.84,26.33,23.39,32.55,33.14,31.95,33.73,33.99,33.49,33.08,33.13,33,31.84,31.84,31.84,30.45,30.52,30.4,29.4,29.46,29.35,28.46,28.5,28.44,6537,0
2025-06-20 00:00:00,1.17,7.36,15.16,16.24,14.31,27.19,20.11,18.47,27.45,28.53,26.51,33.9,34.55,33.25,34.34,34.64,34.08,33.23,33.25,33.14,31.8,31.84,31.72,30.38,30.4,30.32,29.35,29.35,29.35,28.42,28.46,28.41,6524,0
2025-06-19 23:00:00,1.09,7.43,15.27,16.28,14.29,27.21,20.1,18.49,29.46,30.18,28.64,35.35,36.09,34.66,34.92,35.16,34.66,33.27,33.3,33.25,31.67,31.72,31.61,30.28,30.3,30.25,29.31,29.35,29.27,28.41,28.42,28.41,6550,0
2025-06-19 22:00:00,1.08,7.52,15.4,16.34,14.25,27.18,20.13,18.5,31.58,32.78,30.42,37.11,37.99,36.22,35.45,35.63,35.25,33.24,33.25,33.18,31.52,31.61,31.41,30.17,30.23,30.14,29.24,29.27,29.23,28.41,28.41,28.41,6573,0
2025-06-19 21:00:00,1.01,7.57,15.56,16.35,14.28,27.18,20.14,18.5,34.49,35.74,33.03,39.1,40.05,38.18,35.79,35.86,35.66,33.07,33.21,32.93,31.3,31.38,31.23,30.05,30.12,30.03,29.23,29.23,29.23,28.41,28.41,28.41,6642,3443
2025-06-19 20:00:00,1,7.7,15.7,16.41,14.27,27.2,20.14,18.5,38.29,40.71,35.98,40.96,41.67,40.23,35.87,35.9,35.86,32.76,32.91,32.56,31.08,31.21,30.99,29.95,30.02,29.93,29.23,29.23,29.22,28.41,28.42,28.41,6749,6988
2025-06-19 19:00:00,0.97,7.83,15.71,16.41,14.3,27.2,20.14,18.5,41.93,44.02,40.52,42.63,43.33,41.86,35.67,35.86,35.5,32.35,32.54,32.16,30.85,30.97,30.78,29.89,29.93,29.84,29.23,29.23,29.22,28.41,28.41,28.41,6838,8119
2025-06-19 18:00:00,0.67,8.04,15.69,16.39,14.32,27.22,20.14,18.47,51.11,56.15,44.71,43.47,43.56,43.31,35.07,35.4,34.66,31.85,32.07,31.6,30.65,30.76,30.54,29.82,29.84,29.81,29.23,29.23,29.23,28.42,28.44,28.41,6838,8568
2025-06-19 17:00:00,0.5,8.15,15.64,16.39,14.32,27.23,20.15,18.46,54.96,56.2,53.43,42.92,43.29,42.48,34.19,34.64,33.73,31.33,31.59,31.12,30.48,30.54,30.42,29.81,29.81,29.81,29.23,29.23,29.22,28.46,28.5,28.43,6853,9628
2025-06-19 16:00:00,0.64,8.21,15.6,16.33,14.34,27.26,20.17,18.48,54.75,55.37,54.2,41.63,42.36,40.82,33.14,33.62,32.66,30.87,31.09,30.66,30.35,30.42,30.3,29.81,29.81,29.81,29.24,29.27,29.23,28.5,28.52,28.5,6851,9710
2025-06-19 15:00:00,0.86,8.25,15.56,16.23,14.35,27.3,20.17,18.49,53.46,55.12,51.95,39.53,40.59,38.21,32.05,32.54,31.6,30.5,30.65,30.36,30.3,30.3,30.3,29.81,29.83,29.81,29.3,29.35,29.26,28.52,28.53,28.51,6851,9718
2025-06-19 14:00:00,1.09,8.23,15.45,16.15,14.4,27.35,20.19,18.5,50.1,53,46.38,36.56,37.9,35.38,31.05,31.48,30.65,30.22,30.3,30.1,30.29,30.3,30.27,29.9,29.93,29.86,29.35,29.35,29.35,28.53,28.53,28.53,6851,9868
2025-06-19 13:00:00,1.14,8.05,15.24,16.12,14.43,27.38,20.23,18.52,44.84,47.08,44,34.18,35.15,33.14,30.24,30.6,29.93,30.02,30.07,29.95,30.3,30.32,30.3,29.95,30.01,29.93,29.36,29.39,29.35,28.53,28.53,28.53,6849,9777
2025-06-19 12:00:00,1.28,8.02,15.12,16.1,14.47,27.42,20.18,18.53,40.78,43.78,38.81,31.96,32.9,30.93,29.58,29.82,29.35,29.96,30.01,29.94,30.4,30.45,30.33,30.05,30.09,30.01,29.43,29.47,29.38,28.53,28.53,28.53,6849,10104
2025-06-19 11:00:00,1.28,7.9,15.09,16.06,14.55,27.41,20.16,18.53,37.92,38.7,36.09,29.58,30.77,28.4,29.11,29.27,28.99,30.07,30.16,30.02,30.55,30.63,30.48,30.16,30.18,30.11,29.47,29.47,29.46,28.53,28.53,28.53,6844,10081
2025-06-19 10:00:00,1.3,7.67,15,16.09,14.56,27.45,20.18,18.52,32.07,35.27,27.82,27.36,28.19,26.68,28.93,28.99,28.89,30.25,30.39,30.18,30.7,30.78,30.64,30.24,30.29,30.17,29.47,29.47,29.47,28.53,28.53,28.53,6847,10301
2025-06-19 09:00:00,1.32,7.57,14.98,16.11,14.58,27.49,20.2,18.5,24.83,27.22,22.61,26.33,26.63,26.16,29.09,29.23,29,30.53,30.66,30.41,30.88,31.01,30.78,30.32,30.4,30.29,29.47,29.48,29.47,28.51,28.53,28.5,6838,10010
2025-06-19 08:00:00,1.25,7.54,14.91,16.16,14.54,27.46,20.19,18.49,21.38,22.38,20.37,26.06,26.16,26.04,29.43,29.63,29.23,30.86,31.01,30.73,31.07,31.13,31.01,30.4,30.43,30.4,29.48,29.52,29.47,28.49,28.52,28.44,6684,6972
2025-06-19 07:00:00,1.25,7.44,14.87,16.21,14.5,27.48,20.19,18.5,19.15,20.12,18.36,26.21,26.42,26.04,29.91,30.18,29.71,31.22,31.36,31.04,31.27,31.37,31.18,30.48,30.52,30.42,29.49,29.5,29.47,28.43,28.47,28.41,6533,6803
2025-06-19 06:00:00,1.21,7.32,14.96,16.22,14.48,27.51,20.2,18.51,18.4,18.59,18.24,26.77,27.11,26.51,30.43,30.67,30.18,31.58,31.72,31.41,31.44,31.5,31.37,30.52,30.52,30.52,29.47,29.5,29.47,28.41,28.41,28.41,6495,1248
2025-06-19 05:00:00,1.24,7.32,15.05,16.25,14.47,27.52,20.18,18.5,18.66,18.78,18.59,27.5,27.93,27.11,31,31.25,30.77,31.93,32.08,31.75,31.61,31.7,31.52,30.53,30.57,30.52,29.47,29.47,29.47,28.41,28.41,28.39,6502,0
2025-06-19 04:00:00,1.22,7.33,15.09,16.28,14.35,27.52,20.17,18.51,19.25,19.77,18.83,28.37,28.76,27.94,31.62,31.93,31.35,32.29,32.41,32.16,31.74,31.83,31.72,30.55,30.57,30.54,29.45,29.47,29.42,28.34,28.39,28.3,6506,0
2025-06-19 03:00:00,1.15,7.34,15.15,16.35,14.34,27.52,20.23,18.51,20.34,20.59,19.89,29.29,29.8,28.88,32.24,32.55,31.95,32.62,32.78,32.43,31.85,31.89,31.84,30.53,30.54,30.52,29.37,29.41,29.35,28.29,28.31,28.29,6517,0
2025-06-19 02:00:00,1.14,7.4,15.17,16.35,14.29,27.48,20.23,18.5,21.04,21.66,20.48,30.39,30.91,29.85,32.92,33.25,32.65,32.93,33.07,32.78,31.95,31.96,31.91,30.52,30.52,30.52,29.35,29.35,29.33,28.29,28.29,28.28,6519,0
2025-06-19 01:00:00,1.15,7.38,15.23,16.4,14.3,27.46,20.2,18.5,22.33,22.85,21.78,31.62,32.24,31.01,33.64,33.96,33.31,33.21,33.34,33.13,31.96,31.96,31.96,30.43,30.51,30.4,29.25,29.31,29.23,28.24,28.28,28.21,6528,0
2025-06-19 00:00:00,1.14,7.34,15.3,16.45,14.31,27.45,20.21,18.5,23.5,24.15,22.92,33.08,33.84,32.33,34.37,34.66,34.07,33.43,33.5,33.37,31.94,31.96,31.89,30.36,30.4,30.29,29.22,29.23,29.19,28.18,28.22,28.17,6517,0
2025-06-18 23:00:00,1.12,7.37,15.43,16.5,14.36,27.44,20.22,18.49,25.11,26.16,24.27,34.86,35.78,33.96,35.08,35.38,34.78,33.57,33.61,33.5,31.83,31.84,31.75,30.25,30.29,30.17,29.13,29.16,29.11,28.17,28.17,28.17,6546,0
2025-06-18 22:00:00,1.06,7.5,15.63,16.55,14.34,27.41,20.19,18.48,28.07,30.25,26.4,36.97,37.99,35.98,35.71,35.97,35.47,33.59,33.61,33.54,31.67,31.73,31.61,30.13,30.17,30.05,29.1,29.11,29.07,28.17,28.17,28.16,6568,0
2025-06-18 21:00:00,1,7.57,15.74,16.61,14.29,27.42,20.2,18.47,33.85,36.65,30.8,39.04,39.88,38.13,36.14,36.29,35.97,33.43,33.5,33.36,31.47,31.6,31.37,30,30.05,29.93,29.01,29.07,28.99,28.17,28.17,28.16,6624,1997
2025-06-18 20:00:00,0.9,7.68,15.84,16.63,14.31,27.4,20.2,18.46,39.91,41.18,37.16,40.8,41.63,40,36.33,36.34,36.32,33.15,33.3,33,31.23,31.37,31.13,29.89,29.93,29.81,28.99,28.99,28.99,28.17,28.17,28.16,6737,6992
2025-06-18 19:00:00,0.85,7.82,15.94,16.69,14.31,27.42,20.2,18.47,42.45,44.61,41.3,42.7,43.54,41.77,36.23,36.33,36.09,32.76,32.93,32.55,30.99,31.13,30.9,29.81,29.81,29.78,28.99,28.99,28.99,28.16,28.17,28.16,6786,7055
2025-06-18 18:00:00,0.6,8.02,16.02,16.68,14.33,27.52,20.21,18.48,50.78,53.35,45.56,43.74,43.78,43.6,35.73,36.02,35.41,32.29,32.54,32.07,30.76,30.9,30.66,29.71,29.78,29.69,28.99,28.99,28.99,28.16,28.17,28.16,6840,7942
2025-06-18 17:00:00,0.54,8.14,15.94,16.69,14.36,27.53,20.2,18.48,53.64,53.91,53.45,43.46,43.66,43.19,34.97,35.38,34.55,31.76,31.98,31.51,30.56,30.66,30.47,29.69,29.69,29.68,28.99,28.99,28.99,28.17,28.17,28.16,6844,9915
2025-06-18 16:00:00,0.67,8.24,15.9,16.68,14.34,27.54,20.21,18.5,53.18,53.6,52.63,42.57,43.07,41.89,34.01,34.47,33.5,31.26,31.48,31.01,30.39,30.44,30.32,29.69,29.69,29.68,28.99,28.99,28.99,28.17,28.17,28.16,6851,9978
2025-06-18 15:00:00,0.9,8.3,15.86,16.6,14.35,27.56,20.24,18.51,52.33,53.52,51.02,40.81,41.77,39.8,32.93,33.46,32.43,30.81,31.01,30.65,30.3,30.3,30.29,29.69,29.69,29.67,28.99,28.99,28.99,28.17,28.17,28.17,6851,9974
2025-06-18 14:00:00,1.13,8.32,15.79,16.5,14.39,27.61,20.28,18.51,50.3,51.09,49.34,38.45,39.64,37.25,31.84,32.31,31.36,30.47,30.65,30.36,30.27,30.3,30.23,29.69,29.69,29.69,29.01,29.02,28.99,28.17,28.17,28.16,6851,10030
2025-06-18 13:00:00,1.25,8.28,15.67,16.44,14.4,27.61,20.26,18.52,47.02,48.98,44.96,35.76,37,34.56,30.89,31.32,30.52,30.25,30.32,30.18,30.29,30.3,30.27,29.75,29.81,29.7,29.07,29.1,29.04,28.17,28.17,28.17,6849,10037
2025-06-18 12:00:00,1.36,8.14,15.45,16.38,14.43,27.56,20.25,18.51,42,44.39,39.89,33.12,34.32,31.84,30.12,30.42,29.82,30.18,30.18,30.18,30.33,30.42,30.3,29.81,29.82,29.81,29.11,29.11,29.09,28.17,28.17,28.17,6851,10097
2025-06-18 11:00:00,1.26,8.05,15.32,16.37,14.48,27.57,20.25,18.51,37.81,39.52,36.8,30.64,31.7,29.59,29.6,29.82,29.47,30.23,30.3,30.18,30.46,30.54,30.42,29.88,29.93,29.81,29.11,29.11,29.11,28.16,28.17,28.14,6849,10104
2025-06-18 10:00:00,1.43,7.85,15.28,16.38,14.53,27.6,20.26,18.52,35.28,36.9,32.53,28.35,29.38,27.45,29.36,29.43,29.35,30.38,30.5,30.3,30.6,30.66,30.54,29.94,29.96,29.93,29.11,29.11,29.11,28.13,28.16,28.11,6844,10258
2025-06-18 09:00:00,1.45,7.62,15.21,16.42,14.53,27.62,20.26,18.52,27.56,31.92,23.79,26.83,27.28,26.63,29.47,29.64,29.35,30.64,30.77,30.53,30.75,30.81,30.66,30.03,30.05,29.98,29.11,29.11,29.11,28.08,28.13,28.05,6838,10313
2025-06-18 08:00:00,1.31,7.47,15.16,16.45,14.53,27.62,20.25,18.51,21.68,23.51,20,26.67,26.85,26.62,29.9,30.13,29.71,30.98,31.13,30.78,30.93,31.01,30.87,30.07,30.11,30.05,29.11,29.11,29.11,28.05,28.05,28.05,6820,7118
2025-06-18 07:00:00,1.32,7.43,15.23,16.49,14.49,27.57,20.25,18.5,19.15,19.77,18.95,27.23,27.58,26.87,30.42,30.66,30.18,31.32,31.48,31.16,31.08,31.13,31.01,30.15,30.17,30.12,29.11,29.11,29.1,28.05,28.05,28.05,6550,6839
2025-06-18 06:00:00,1.28,7.45,15.33,16.51,14.41,27.58,20.25,18.51,19.52,20.1,19.04,28.09,28.53,27.7,30.98,31.24,30.76,31.65,31.83,31.48,31.22,31.27,31.13,30.17,30.17,30.17,29.1,29.11,29.07,28.01,28.05,27.96,6504,1587
2025-06-18 05:00:00,1.18,7.47,15.37,16.54,14.33,27.58,20.29,18.51,20.66,21.12,20.19,29.01,29.47,28.55,31.54,31.83,31.25,31.95,32.07,31.83,31.35,31.38,31.29,30.17,30.17,30.17,29.01,29.07,28.99,27.93,27.96,27.93,6510,0
2025-06-18 04:00:00,1.22,7.49,15.44,16.56,14.29,27.57,20.25,18.48,22.09,22.73,21.31,30.04,30.54,29.59,32.11,32.39,31.83,32.25,32.41,32.11,31.46,31.49,31.39,30.17,30.17,30.17,28.99,28.99,28.99,27.93,27.93,27.93,6517,0
2025-06-18 03:00:00,1.21,7.56,15.47,16.67,14.31,27.58,20.26,18.51,23.97,24.98,22.85,31.06,31.5,30.62,32.68,32.91,32.43,32.53,32.66,32.41,31.52,31.57,31.49,30.12,30.17,30.05,28.92,28.99,28.88,27.88,27.93,27.83,6524,0
2025-06-18 02:00:00,1.22,7.54,15.51,16.69,14.35,27.61,20.25,18.5,25.82,26.75,24.98,32.06,32.53,31.6,33.25,33.5,33.02,32.77,32.9,32.66,31.59,31.61,31.57,30.05,30.06,30.03,28.87,28.88,28.83,27.82,27.85,27.82,6533,0
2025-06-18 01:00:00,1.19,7.5,15.58,16.71,14.34,27.58,20.28,18.47,27.51,28.16,26.94,33.05,33.55,32.55,33.86,34.14,33.61,33,33.11,32.9,31.56,31.6,31.5,29.94,29.99,29.93,28.78,28.83,28.76,27.82,27.82,27.81,6537,0
2025-06-18 00:00:00,1.17,7.49,15.65,16.75,14.33,27.56,20.28,18.49,28.9,29.24,28.32,34.13,34.66,33.61,34.49,34.79,34.2,33.16,33.24,33.13,31.48,31.49,31.43,29.84,29.92,29.81,28.73,28.76,28.65,27.79,27.82,27.76,6524,0
2025-06-17 23:00:00,1.16,7.54,15.76,16.79,14.36,27.64,20.24,18.52,28.06,29.12,27.02,35.67,36.65,34.79,35.15,35.49,34.84,33.25,33.25,33.24,31.34,31.4,31.25,29.72,29.81,29.69,28.64,28.66,28.64,27.72,27.76,27.7,6546,0
2025-06-17 22:00:00,1.08,7.6,15.95,16.82,14.37,27.6,20.25,18.55,29.47,31.35,28.18,37.91,39.05,36.8,35.75,35.97,35.5,33.21,33.25,33.13,31.17,31.25,31.06,29.59,29.67,29.55,28.59,28.64,28.52,27.7,27.71,27.7,6550,0
2025-06-17 21:00:00,0.99,7.7,16.07,16.86,14.37,27.58,20.26,18.55,35.11,39.4,31.72,40.26,41.18,39.28,36.12,36.21,35.97,33.01,33.13,32.89,30.93,31.01,30.8,29.47,29.53,29.43,28.52,28.53,28.52,27.7,27.7,27.7,6606,2769
2025-06-17 20:00:00,0.82,7.85,16.19,16.93,14.36,27.62,20.25,18.55,44.42,46.38,40.47,41.92,42.52,41.3,36.19,36.21,36.09,32.65,32.83,32.41,30.66,30.78,30.54,29.35,29.39,29.33,28.52,28.52,28.51,27.7,27.7,27.7,6693,6941
2025-06-17 19:00:00,0.75,7.96,16.29,16.88,14.34,27.6,20.25,18.56,45.8,47.8,44.06,43.54,44.25,42.69,35.96,36.09,35.74,32.21,32.41,31.97,30.41,30.54,30.3,29.24,29.33,29.22,28.5,28.51,28.45,27.7,27.71,27.7,6775,7047
2025-06-17 18:00:00,0.42,8.16,16.27,16.91,14.33,27.61,20.25,18.55,54.53,56.91,48.98,44.3,44.37,44.13,35.34,35.72,34.93,31.68,31.95,31.43,30.16,30.3,30.07,29.18,29.22,29.12,28.48,28.5,28.48,27.7,27.7,27.7,6840,7634
2025-06-17 17:00:00,0.27,8.29,16.2,16.88,14.39,27.61,20.25,18.56,56.82,57.14,56.54,43.64,44.13,43.07,34.44,34.91,33.96,31.12,31.36,30.89,29.91,30.05,29.83,29.1,29.1,29.1,28.49,28.51,28.46,27.7,27.71,27.7,6847,9687
2025-06-17 16:00:00,0.59,8.37,16.15,16.76,14.36,27.62,20.26,18.56,55.27,56.2,54.42,42.19,42.95,41.3,33.4,33.87,32.9,30.59,30.84,30.38,29.74,29.83,29.71,29.1,29.1,29.1,28.51,28.52,28.51,27.7,27.7,27.7,6851,9691
2025-06-17 15:00:00,0.83,8.39,16.12,16.66,14.4,27.64,20.29,18.56,53.17,54.38,51.84,40.27,41.18,39.29,32.31,32.79,31.83,30.1,30.3,29.93,29.62,29.71,29.59,29.1,29.1,29.1,28.52,28.52,28.52,27.7,27.71,27.7,6851,9722
2025-06-17 14:00:00,1.07,8.4,16.04,16.6,14.43,27.67,20.31,18.55,49.79,51.94,47.92,38.37,39.16,37.28,31.2,31.72,30.65,29.73,29.84,29.59,29.59,29.59,29.59,29.11,29.13,29.1,28.52,28.54,28.52,27.7,27.71,27.7,6851,9864
2025-06-17 13:00:00,1.28,8.38,15.78,16.57,14.48,27.65,20.31,18.55,49.78,51.75,47.14,35.52,37.04,34.07,30.08,30.54,29.62,29.49,29.59,29.44,29.59,29.61,29.59,29.21,29.22,29.19,28.57,28.61,28.54,27.7,27.71,27.7,6851,9931
2025-06-17 12:00:00,1.31,8.26,15.67,16.54,14.44,27.67,20.29,18.56,43.54,46.38,40.59,32.39,33.74,30.98,29.19,29.58,28.88,29.38,29.42,29.36,29.68,29.71,29.62,29.25,29.33,29.22,28.62,28.64,28.6,27.7,27.71,27.7,6851,10022
2025-06-17 11:00:00,1.24,8.1,15.54,16.49,14.49,27.7,20.29,18.56,38.8,40.06,36.77,29.38,30.73,28.16,28.62,28.87,28.41,29.45,29.47,29.41,29.8,29.84,29.72,29.34,29.34,29.32,28.64,28.64,28.63,27.7,27.7,27.7,6849,10156
2025-06-17 10:00:00,1.36,7.87,15.47,16.49,14.53,27.69,20.29,18.56,32.76,36.21,30.42,27.12,27.93,26.4,28.41,28.41,28.41,29.6,29.7,29.47,29.97,30.07,29.88,29.42,29.46,29.35,28.64,28.64,28.64,27.7,27.7,27.7,6844,10187
2025-06-17 09:00:00,1.36,7.75,15.4,16.47,14.54,27.7,20.29,18.56,26.96,29.78,24.08,25.71,26.28,25.3,28.5,28.64,28.41,29.89,30.06,29.76,30.14,30.22,30.07,29.47,29.5,29.46,28.64,28.64,28.64,27.69,27.7,27.67,6838,10053
2025-06-17 08:00:00,1.31,7.59,15.38,16.48,14.51,27.7,20.29,18.54,20.72,23.68,18.24,25.23,25.33,25.21,28.9,29.11,28.66,30.26,30.41,30.06,30.33,30.42,30.25,29.56,29.58,29.48,28.64,28.64,28.64,27.65,27.69,27.6,6838,8548
2025-06-17 07:00:00,1.23,7.53,15.35,16.54,14.5,27.7,20.29,18.52,17.29,17.95,17.06,25.69,26.04,25.37,29.46,29.71,29.23,30.64,30.78,30.44,30.5,30.56,30.42,29.58,29.58,29.58,28.64,28.64,28.63,27.59,27.61,27.58,6550,6839
2025-06-17 06:00:00,1.22,7.51,15.38,16.62,14.47,27.71,20.3,18.48,17.45,17.75,17.17,26.47,26.87,26.1,30.04,30.3,29.79,31,31.13,30.87,30.66,30.75,30.57,29.59,29.61,29.58,28.6,28.64,28.55,27.58,27.58,27.57,6497,1311
2025-06-17 05:00:00,1.2,7.47,15.51,16.69,14.42,27.7,20.31,18.48,18.05,18.4,17.76,27.36,27.82,26.94,30.66,30.98,30.39,31.35,31.48,31.21,30.8,30.87,30.75,29.59,29.61,29.58,28.53,28.54,28.52,27.54,27.58,27.48,6502,0
2025-06-17 04:00:00,1.21,7.49,15.58,16.75,14.35,27.7,20.28,18.51,19.06,19.65,18.51,28.36,28.83,27.92,31.3,31.6,31.01,31.68,31.83,31.5,30.91,30.97,30.88,29.58,29.6,29.58,28.5,28.52,28.45,27.46,27.49,27.46,6506,0
2025-06-17 03:00:00,1.16,7.5,15.66,16.77,14.32,27.68,20.29,18.51,20.17,20.6,19.73,29.44,29.97,28.89,31.98,32.31,31.69,31.99,32.14,31.83,31,31.01,30.96,29.57,29.58,29.54,28.41,28.46,28.4,27.46,27.46,27.45,6517,0
2025-06-17 02:00:00,1.14,7.58,15.7,16.84,14.34,27.69,20.31,18.5,21.29,22.03,20.71,30.71,31.36,30.08,32.68,33.02,32.32,32.28,32.41,32.18,31.01,31.01,31.01,29.48,29.55,29.46,28.37,28.4,28.29,27.4,27.45,27.35,6524,0
2025-06-17 01:00:00,1.14,7.56,15.76,16.95,14.36,27.68,20.32,18.52,23.07,24.15,22.22,32.16,32.89,31.48,33.4,33.73,33.07,32.5,32.58,32.41,31,31.01,30.96,29.4,29.46,29.34,28.28,28.3,28.28,27.34,27.35,27.34,6535,0
2025-06-17 00:00:00,1.13,7.55,15.87,16.97,14.37,27.67,20.29,18.52,25.97,27.28,24.39,33.74,34.53,33.02,34.09,34.43,33.81,32.66,32.66,32.62,30.9,30.95,30.84,29.28,29.34,29.22,28.2,28.27,28.17,27.34,27.34,27.34,6524,0
2025-06-16 23:00:00,1.1,7.64,15.97,17.04,14.36,27.66,20.25,18.51,28.22,29.83,27.34,35.5,36.34,34.66,34.73,35.03,34.43,32.66,32.68,32.66,30.74,30.8,30.66,29.15,29.22,29.1,28.14,28.17,28.08,27.33,27.34,27.31,6550,0
2025-06-16 22:00:00,1.1,7.73,16.11,17.11,14.36,27.66,20.24,18.49,31.25,31.86,30.18,37.47,38.46,36.57,35.26,35.5,35.03,32.61,32.66,32.54,30.53,30.66,30.42,29.01,29.09,28.97,28.05,28.05,28.05,27.3,27.34,27.28,6568,0
2025-06-16 21:00:00,1,7.8,16.27,17.11,14.32,27.64,20.23,18.54,34.74,36.93,32.32,39.53,40.47,38.58,35.6,35.72,35.5,32.38,32.54,32.2,30.28,30.42,30.19,28.86,28.91,28.79,28.03,28.05,27.99,27.27,27.3,27.25,6631,1934
2025-06-16 20:00:00,0.94,7.94,16.4,17.11,14.34,27.67,20.26,18.53,40.34,43.9,37.39,41.46,42.24,40.62,35.67,35.74,35.59,32,32.2,31.8,29.99,30.16,29.83,28.74,28.77,28.69,27.95,28,27.93,27.25,27.28,27.24,6733,6984
2025-06-16 19:00:00,0.8,8.11,16.44,17.13,14.31,27.65,20.25,18.54,45.48,47.79,44.37,43.05,43.66,42.36,35.34,35.52,35.09,31.51,31.72,31.26,29.7,29.83,29.59,28.63,28.66,28.62,27.93,27.94,27.93,27.27,27.3,27.25,6838,7359
2025-06-16 18:00:00,0.5,8.3,16.42,17.09,14.34,27.67,20.25,18.52,53.6,57.24,48.62,43.6,43.77,43.31,34.67,35.03,34.31,30.96,31.24,30.68,29.44,29.59,29.36,28.54,28.62,28.51,27.93,27.93,27.93,27.28,27.31,27.26,6844,8375
2025-06-16 17:00:00,0.39,8.41,16.43,16.95,14.37,27.66,20.26,18.51,55.92,57.01,54.87,42.75,43.22,42.24,33.75,34.2,33.28,30.38,30.65,30.12,29.2,29.34,29.12,28.51,28.51,28.51,27.93,27.93,27.93,27.31,27.34,27.3,6853,9821
2025-06-16 16:00:00,0.65,8.45,16.4,16.89,14.43,27.66,20.28,18.52,53.79,54.9,52.41,41.63,42.24,40.81,32.71,33.22,32.18,29.82,30.06,29.59,29.02,29.12,28.94,28.49,28.51,28.48,27.94,27.97,27.93,27.33,27.34,27.32,6851,9789
2025-06-16 15:00:00,0.87,8.47,16.35,16.86,14.45,27.67,20.26,18.52,53.22,54.18,50.96,39.47,40.59,38.46,31.56,32.07,31.01,29.31,29.54,29.11,28.89,28.95,28.88,28.5,28.51,28.48,28.01,28.04,27.97,27.34,27.34,27.34,6851,9927
2025-06-16 14:00:00,1.09,8.52,16.2,16.79,14.47,27.69,20.26,18.53,48.78,51.11,46.95,37.57,38.34,36.45,30.44,30.96,29.91,28.93,29.11,28.77,28.85,28.89,28.83,28.51,28.51,28.51,28.05,28.05,28.03,27.34,27.34,27.34,6851,9829
2025-06-16 13:00:00,1.23,8.46,16.04,16.74,14.49,27.71,20.28,18.53,48.72,50.67,46.17,34.74,36.2,33.29,29.29,29.82,28.86,28.66,28.76,28.57,28.86,28.89,28.83,28.54,28.62,28.51,28.05,28.05,28.05,27.34,27.34,27.34,6851,9872
2025-06-16 12:00:00,1.27,8.41,15.89,16.71,14.53,27.71,20.31,18.53,42.68,45.44,40.11,31.72,33.05,30.3,28.38,28.76,28.05,28.52,28.56,28.52,28.9,28.93,28.89,28.63,28.63,28.62,28.07,28.11,28.05,27.34,27.34,27.34,6849,10069
2025-06-16 11:00:00,1.24,8.22,15.74,16.68,14.58,27.72,20.31,18.52,38.1,39.77,36.46,28.81,30.06,27.61,27.75,28,27.58,28.54,28.62,28.52,29.01,29.09,28.97,28.7,28.75,28.64,28.15,28.17,28.12,27.34,27.34,27.34,6851,10077
2025-06-16 10:00:00,1.37,8.04,15.72,16.64,14.55,27.73,20.31,18.53,34.18,36.09,31.97,26.39,27.46,25.41,27.47,27.56,27.45,28.69,28.76,28.63,29.15,29.24,29.11,28.76,28.8,28.75,28.17,28.17,28.17,27.34,27.34,27.34,6842,10278
2025-06-16 09:00:00,1.47,7.85,15.62,16.64,14.53,27.69,20.32,18.53,26.45,31.25,22.47,24.74,25.26,24.44,27.52,27.68,27.46,28.93,29.11,28.77,29.3,29.36,29.24,28.86,28.87,28.83,28.17,28.17,28.17,27.34,27.34,27.34,6838,10238
2025-06-16 08:00:00,1.33,7.67,15.54,16.64,14.52,27.72,20.32,18.53,19.63,21.93,17.79,24.43,24.53,24.39,27.87,28.07,27.7,29.25,29.4,29.11,29.47,29.56,29.36,28.9,28.97,28.87,28.17,28.17,28.17,27.34,27.34,27.33,6813,7114
2025-06-16 07:00:00,1.24,7.67,15.54,16.6,14.47,27.71,20.31,18.54,17.1,17.64,16.94,24.87,25.18,24.62,28.34,28.54,28.17,29.58,29.7,29.47,29.64,29.71,29.58,28.99,28.99,28.97,28.17,28.17,28.17,27.29,27.32,27.25,6539,6815
2025-06-16 06:00:00,1.26,7.63,15.6,16.63,14.45,27.72,20.32,18.56,17.36,17.66,17.06,25.55,25.92,25.21,28.85,29.1,28.64,29.9,30.06,29.76,29.79,29.85,29.71,28.99,29.02,28.99,28.17,28.17,28.17,27.23,27.25,27.22,6499,1981
2025-06-16 05:00:00,1.24,7.65,15.62,16.68,14.46,27.72,20.3,18.54,18.11,18.59,17.76,26.3,26.64,25.92,29.36,29.59,29.11,30.24,30.41,30.06,29.94,30.05,29.84,29.04,29.09,29.01,28.16,28.17,28.16,27.22,27.22,27.22,6506,0
2025-06-16 04:00:00,1.24,7.6,15.66,16.77,14.42,27.71,20.3,18.54,19.24,19.89,18.69,27.1,27.46,26.75,29.9,30.17,29.69,30.54,30.65,30.41,30.08,30.15,30.05,29.05,29.08,29.03,28.12,28.17,28.05,27.22,27.22,27.22,6517,0
2025-06-16 03:00:00,1.19,7.63,15.77,16.87,14.33,27.72,20.28,18.57,20.56,21.08,20,27.86,28.17,27.5,30.45,30.74,30.19,30.83,30.97,30.67,30.18,30.19,30.15,29.01,29.04,28.99,28.05,28.07,28.05,27.19,27.22,27.17,6519,0
2025-06-16 02:00:00,1.19,7.61,15.89,16.95,14.32,27.7,20.25,18.56,21.03,21.19,20.74,28.64,29.11,28.29,31.05,31.36,30.77,31.12,31.24,31.01,30.22,30.26,30.19,28.99,28.99,28.99,28.04,28.05,28.02,27.12,27.15,27.11,6524,0
2025-06-16 01:00:00,1.16,7.63,15.94,17.02,14.34,27.7,20.28,18.54,20.81,21.16,20.6,29.74,30.33,29.14,31.72,32.07,31.4,31.37,31.48,31.24,30.25,30.29,30.21,28.95,28.99,28.87,27.94,28,27.93,27.11,27.12,27.11,6528,0
2025-06-16 00:00:00,1.17,7.68,16,17.07,14.34,27.68,20.27,18.53,21.87,22.5,21.27,31.13,31.84,30.42,32.42,32.77,32.07,31.55,31.6,31.48,30.2,30.22,30.19,28.86,28.87,28.84,27.92,27.93,27.9,27.11,27.11,27.11,6517,0
2025-06-15 23:00:00,1.14,7.64,16.05,17.11,14.33,27.71,20.29,18.52,23.41,24.27,22.62,32.85,33.73,31.99,33.09,33.37,32.78,31.67,31.72,31.6,30.12,30.19,30.07,28.76,28.82,28.75,27.84,27.9,27.81,27.11,27.11,27.09,6548,0
2025-06-15 22:00:00,1.13,7.69,16.16,17.16,14.38,27.7,20.29,18.52,25.93,27.84,24.5,34.97,36,33.96,33.67,33.86,33.46,31.65,31.71,31.6,29.97,30.07,29.87,28.66,28.74,28.63,27.81,27.81,27.81,27.09,27.11,27.08,6573,0
2025-06-15 21:00:00,1.03,7.87,16.28,17.23,14.34,27.7,20.29,18.52,31.31,34.66,28.3,37.19,38.09,36.21,34.05,34.13,33.96,31.49,31.6,31.36,29.77,29.84,29.71,28.56,28.63,28.51,27.8,27.81,27.77,27.08,27.1,27.06,6631,2710
2025-06-15 20:00:00,0.93,7.96,16.4,17.26,14.36,27.69,20.28,18.52,39.29,42.36,35.5,38.85,39.43,38.22,34.14,34.18,34.08,31.21,31.36,31.02,29.56,29.66,29.48,28.48,28.51,28.4,27.74,27.79,27.71,27.06,27.08,27.05,6731,6976
2025-06-15 19:00:00,0.89,8.09,16.49,17.21,14.37,27.7,20.31,18.52,41.95,44.02,40.93,40.28,40.82,39.63,33.93,34.08,33.73,30.84,31.01,30.65,29.34,29.47,29.24,28.39,28.4,28.38,27.71,27.74,27.69,27.08,27.11,27.05,6820,7256
2025-06-15 18:00:00,0.73,8.26,16.52,17.14,14.41,27.71,20.33,18.53,50.51,52.41,45.44,40.49,40.82,40,33.42,33.73,33.14,30.4,30.64,30.18,29.14,29.24,29.01,28.32,28.38,28.28,27.7,27.73,27.69,27.09,27.11,27.07,6838,7599
2025-06-15 17:00:00,0.8,8.23,16.56,17.07,14.45,27.7,20.31,18.55,48.65,51.7,46.12,39.79,39.98,39.75,32.76,33.06,32.43,29.91,30.17,29.7,28.94,29,28.89,28.28,28.28,28.28,27.73,27.78,27.71,27.09,27.11,27.08,6851,9880
2025-06-15 16:00:00,0.87,8.33,16.56,17.04,14.49,27.7,20.29,18.57,47.61,49.69,46.51,39.54,39.75,39.16,31.94,32.33,31.48,29.47,29.68,29.24,28.81,28.89,28.77,28.28,28.28,28.28,27.79,27.81,27.73,27.1,27.11,27.1,6844,9624
2025-06-15 15:00:00,0.92,8.45,16.49,17.01,14.49,27.72,20.3,18.57,49.96,50.65,48.72,38.25,39.04,37.48,30.92,31.41,30.42,29.04,29.23,28.88,28.73,28.77,28.66,28.28,28.29,28.28,27.8,27.81,27.8,27.11,27.11,27.1,6847,9754
2025-06-15 14:00:00,1.04,8.48,16.31,16.94,14.5,27.74,20.31,18.58,49.71,51.11,48.16,35.96,37.28,34.47,29.89,30.36,29.4,28.73,28.88,28.61,28.66,28.69,28.66,28.33,28.39,28.28,27.81,27.81,27.81,27.11,27.11,27.11,6851,9935
2025-06-15 13:00:00,1.23,8.37,16.2,16.9,14.54,27.72,20.32,18.58,43.83,48.56,41.15,33.27,34.2,32.43,28.93,29.34,28.55,28.51,28.54,28.49,28.71,28.77,28.66,28.39,28.4,28.39,27.83,27.88,27.81,27.11,27.11,27.11,6851,10041
2025-06-15 12:00:00,1.23,8.39,16.07,16.82,14.57,27.72,20.3,18.57,40.45,41.77,38.41,31.07,32.21,29.82,28.17,28.52,27.84,28.43,28.47,28.41,28.8,28.88,28.77,28.47,28.51,28.39,27.89,27.91,27.86,27.11,27.11,27.11,6844,10203
2025-06-15 11:00:00,1.25,8.21,15.97,16.83,14.59,27.78,20.29,18.54,37.06,38.25,35.86,28.33,29.59,27.11,27.59,27.81,27.44,28.51,28.53,28.46,28.93,29,28.89,28.52,28.57,28.51,27.92,27.93,27.91,27.1,27.11,27.09,6847,10057
2025-06-15 10:00:00,1.45,8.06,15.87,16.82,14.6,27.76,20.29,18.53,33.21,35.62,30.65,25.86,26.9,24.9,27.34,27.36,27.33,28.65,28.76,28.53,29.06,29.12,29,28.62,28.63,28.59,27.93,27.93,27.93,27.09,27.11,27.08,6847,10317
2025-06-15 09:00:00,1.46,7.79,15.81,16.81,14.58,27.74,20.29,18.53,25.22,30.06,20.96,24.28,24.74,24.03,27.44,27.59,27.34,28.93,29.11,28.76,29.24,29.35,29.14,28.67,28.73,28.63,27.93,27.93,27.92,27.04,27.07,27,6840,10128
2025-06-15 08:00:00,1.32,7.62,15.76,16.79,14.55,27.74,20.29,18.52,18.5,20.56,16.68,24.06,24.19,24.02,27.88,28.16,27.69,29.3,29.47,29.11,29.41,29.48,29.36,28.75,28.75,28.74,27.93,27.93,27.93,27,27.03,26.99,6820,7122
2025-06-15 07:00:00,1.22,7.62,15.76,16.78,14.51,27.76,20.29,18.51,15.85,16.45,15.61,24.57,24.93,24.27,28.43,28.71,28.17,29.66,29.82,29.47,29.58,29.67,29.48,28.76,28.81,28.75,27.92,27.93,27.92,26.99,26.99,26.99,6550,6835
2025-06-15 06:00:00,1.19,7.64,15.83,16.82,14.45,27.75,20.31,18.53,15.96,16.37,15.65,25.4,25.81,24.98,29.01,29.29,28.76,30.01,30.18,29.82,29.74,29.82,29.71,28.82,28.85,28.77,27.88,27.92,27.83,26.97,26.99,26.94,6495,1548
2025-06-15 05:00:00,1.17,7.63,15.84,16.89,14.43,27.73,20.32,18.52,16.85,17.33,16.45,26.36,26.83,25.92,29.64,29.94,29.35,30.35,30.53,30.18,29.86,29.94,29.83,28.84,28.87,28.83,27.82,27.84,27.81,26.9,26.93,26.87,6504,0
2025-06-15 04:00:00,1.23,7.61,15.93,17,14.4,27.74,20.3,18.52,18.09,18.85,17.42,27.41,27.93,26.91,30.26,30.53,29.94,30.66,30.78,30.53,29.98,30.07,29.95,28.81,28.84,28.77,27.8,27.81,27.77,26.87,26.88,26.87,6510,0
2025-06-15 03:00:00,1.2,7.63,16.09,17.12,14.34,27.76,20.32,18.53,20.13,20.84,19.06,28.51,29.01,28.05,30.87,31.13,30.59,30.96,31.1,30.84,30.07,30.07,30.06,28.75,28.76,28.75,27.72,27.77,27.69,26.86,26.87,26.83,6522,0
2025-06-15 02:00:00,1.17,7.68,16.16,17.19,14.35,27.72,20.3,18.56,21.64,22.85,20.84,29.66,30.18,29.12,31.5,31.81,31.24,31.22,31.36,31.12,30.07,30.08,30.07,28.72,28.75,28.65,27.68,27.69,27.6,26.78,26.83,26.75,6528,0
2025-06-15 01:00:00,1.19,7.75,16.25,17.26,14.36,27.74,20.29,18.53,23.59,24.79,22.97,30.87,31.39,30.3,32.13,32.43,31.83,31.43,31.48,31.36,30.07,30.08,30.07,28.62,28.64,28.58,27.58,27.61,27.57,26.75,26.76,26.75,6537,0
2025-06-15 00:00:00,1.22,7.73,16.3,17.3,14.38,27.73,20.27,18.51,25.5,25.92,24.98,32.1,32.78,31.48,32.77,33.04,32.5,31.58,31.6,31.49,30,30.07,29.95,28.51,28.56,28.43,27.52,27.57,27.46,26.75,26.75,26.75,6524,0
2025-06-14 23:00:00,1.18,7.7,16.36,17.34,14.39,27.71,20.28,18.5,25.23,26.24,24.62,33.75,34.66,32.9,33.43,33.73,33.14,31.67,31.71,31.61,29.85,29.95,29.79,28.39,28.46,28.31,27.46,27.46,27.45,26.73,26.75,26.69,6550,0
2025-06-14 22:00:00,1.1,7.8,16.48,17.4,14.35,27.72,20.29,18.5,28.32,30.48,26.51,35.75,36.68,34.79,33.99,34.2,33.73,31.61,31.66,31.57,29.66,29.73,29.58,28.25,28.32,28.16,27.39,27.45,27.35,26.7,26.72,26.67,6573,0
2025-06-14 21:00:00,1.01,7.93,16.58,17.45,14.4,27.74,20.29,18.53,33.73,36.57,30.96,37.76,38.58,36.91,34.35,34.43,34.21,31.41,31.52,31.27,29.42,29.55,29.32,28.12,28.16,28.04,27.34,27.34,27.34,26.68,26.71,26.66,6635,1946
2025-06-14 20:00:00,0.87,8,16.71,17.47,14.41,27.75,20.28,18.53,40.32,42.24,37.39,39.44,40.12,38.73,34.46,34.5,34.43,31.07,31.24,30.89,29.15,29.27,29,28,28.04,27.93,27.34,27.34,27.32,26.66,26.68,26.65,6749,7004
2025-06-14 19:00:00,0.85,8.13,16.8,17.38,14.46,27.71,20.28,18.53,42.26,44.25,40.96,41.16,41.89,40.3,34.29,34.43,34.08,30.61,30.81,30.41,28.88,29,28.77,27.91,27.92,27.85,27.31,27.34,27.29,26.67,26.7,26.65,6822,7599
2025-06-14 18:00:00,0.63,8.34,16.88,17.3,14.46,27.75,20.29,18.52,50.41,52.89,45.31,42.06,42.12,41.98,33.71,34.07,33.37,30.06,30.32,29.82,28.62,28.76,28.52,27.81,27.88,27.8,27.3,27.33,27.27,26.69,26.72,26.67,6840,8213
2025-06-14 17:00:00,0.57,8.44,16.88,17.28,14.51,27.72,20.28,18.5,52.94,53.6,52.46,41.61,41.9,41.18,32.81,33.25,32.31,29.46,29.7,29.22,28.39,28.52,28.29,27.79,27.8,27.76,27.32,27.34,27.31,26.71,26.74,26.69,6844,9738
2025-06-14 16:00:00,0.7,8.55,16.86,17.22,14.51,27.72,20.29,18.52,52.27,53.14,51.59,40.48,41.07,39.75,31.72,32.25,31.22,28.89,29.12,28.64,28.22,28.29,28.17,27.75,27.79,27.7,27.34,27.34,27.32,26.74,26.75,26.73,6851,9963
2025-06-14 15:00:00,0.9,8.62,16.72,17.16,14.47,27.73,20.29,18.53,51.11,51.82,50.05,38.63,39.64,37.61,30.53,31.1,29.94,28.39,28.64,28.17,28.09,28.17,28.06,27.77,27.8,27.72,27.34,27.35,27.34,26.74,26.75,26.74,6851,10006
2025-06-14 14:00:00,1.06,8.63,16.55,17.09,14.45,27.77,20.31,18.55,49.2,50.05,47.73,36.09,37.39,34.81,29.31,29.85,28.76,28.02,28.17,27.92,28.06,28.06,28.06,27.8,27.8,27.79,27.35,27.37,27.34,26.75,26.75,26.74,6851,10148
2025-06-14 13:00:00,1.25,8.57,16.42,17.02,14.48,27.78,20.3,18.55,45.63,47.6,43.07,33.22,34.57,31.84,28.2,28.67,27.75,27.76,27.86,27.69,28.06,28.06,28.06,27.84,27.92,27.8,27.41,27.45,27.37,26.75,26.75,26.75,6851,10171
2025-06-14 12:00:00,1.33,8.48,16.27,17,14.53,27.74,20.18,18.55,40.59,42.78,38.29,30.26,31.6,28.81,27.32,27.7,26.99,27.69,27.69,27.69,28.15,28.18,28.07,27.92,27.93,27.91,27.46,27.46,27.45,26.75,26.75,26.74,6851,10242
2025-06-14 11:00:00,1.31,8.28,16.13,16.95,14.56,27.77,20.23,18.55,35.71,37.87,33.84,27.31,28.53,26.16,26.71,26.94,26.51,27.72,27.81,27.69,28.26,28.29,28.18,28,28.04,27.94,27.46,27.46,27.46,26.75,26.75,26.74,6849,10230
2025-06-14 10:00:00,1.46,8.1,16.04,16.92,14.62,27.79,20.26,18.55,31.6,33.61,28.93,24.87,25.92,23.91,26.46,26.51,26.42,27.87,27.95,27.81,28.41,28.48,28.34,28.05,28.1,28.04,27.46,27.46,27.46,26.74,26.75,26.74,6849,10270
2025-06-14 09:00:00,1.46,7.86,15.97,16.89,14.58,27.73,20.23,18.55,22.98,28.05,19.58,23.44,23.79,23.21,26.59,26.75,26.48,28.16,28.29,28.03,28.58,28.65,28.52,28.15,28.16,28.12,27.46,27.47,27.46,26.72,26.74,26.69,6838,10294
2025-06-14 08:00:00,1.31,7.71,15.92,16.89,14.58,27.74,20.13,18.56,17.62,19.2,16.19,23.22,23.32,23.2,26.97,27.22,26.76,28.5,28.64,28.35,28.76,28.86,28.65,28.21,28.28,28.16,27.46,27.49,27.46,26.67,26.71,26.65,6795,7099
2025-06-14 07:00:00,1.27,7.67,15.96,16.91,14.51,27.72,20.11,18.51,15.31,15.88,15.04,23.62,23.91,23.33,27.47,27.7,27.22,28.86,29,28.72,28.93,29,28.88,28.28,28.28,28.25,27.46,27.46,27.46,26.63,26.65,26.63,6550,6835
2025-06-14 06:00:00,1.25,7.66,15.97,16.96,14.5,27.72,20.1,18.45,15.38,15.64,15.16,24.32,24.65,24.02,28.02,28.29,27.81,29.2,29.35,29,29.09,29.14,29,28.28,28.3,28.28,27.46,27.46,27.46,26.63,26.63,26.63,6493,1402
2025-06-14 05:00:00,1.2,7.72,16.02,16.97,14.39,27.73,20.09,18.39,16,16.37,15.66,25.13,25.57,24.74,28.57,28.87,28.29,29.53,29.7,29.36,29.24,29.31,29.17,28.31,28.33,28.29,27.46,27.46,27.43,26.61,26.63,26.57,6502,0
2025-06-14 04:00:00,1.21,7.73,16.1,17.02,14.31,27.72,20.11,18.35,17.13,17.87,16.45,26.02,26.4,25.6,29.15,29.44,28.88,29.86,30,29.7,29.36,29.4,29.35,28.3,28.33,28.28,27.38,27.45,27.34,26.53,26.56,26.52,6506,0
2025-06-14 03:00:00,1.25,7.67,16.11,17.08,14.28,27.7,20.09,18.3,18.69,19.02,18.04,26.85,27.22,26.51,29.78,30.06,29.47,30.19,30.32,30.05,29.46,29.48,29.42,28.28,28.28,28.28,27.34,27.35,27.33,26.51,26.52,26.5,6517,0
2025-06-14 02:00:00,1.28,7.68,16.24,17.17,14.27,27.71,20.06,18.31,19.27,19.66,18.92,27.75,28.29,27.34,30.43,30.77,30.14,30.48,30.64,30.34,29.48,29.48,29.48,28.25,28.28,28.16,27.27,27.33,27.22,26.48,26.52,26.42,6519,0
2025-06-14 01:00:00,1.2,7.69,16.39,17.29,14.27,27.69,20.07,18.36,19.47,20.12,18.94,28.97,29.6,28.41,31.15,31.48,30.84,30.74,30.85,30.65,29.48,29.48,29.48,28.15,28.17,28.12,27.22,27.22,27.2,26.41,26.43,26.4,6528,0
2025-06-14 00:00:00,1.14,7.74,16.46,17.38,14.28,27.73,20.08,18.38,20.82,21.43,20.25,30.48,31.25,29.74,31.88,32.18,31.58,30.93,31.01,30.89,29.44,29.48,29.36,28.05,28.1,28.04,27.13,27.2,27.1,26.4,26.4,26.4,6517,0
2025-06-13 23:00:00,1.15,7.75,16.54,17.48,14.3,27.66,20.08,18.4,22.59,23.61,21.59,32.32,33.25,31.39,32.59,32.9,32.29,31.01,31.03,31.01,29.32,29.36,29.24,27.93,28,27.9,27.08,27.1,27.03,26.4,26.4,26.4,6550,0
2025-06-13 22:00:00,1.11,7.8,16.64,17.53,14.33,27.68,20.12,18.42,25.77,28.29,23.85,34.52,35.55,33.49,33.2,33.41,32.93,30.99,31.03,30.89,29.14,29.24,29.01,27.8,27.88,27.72,26.99,27.03,26.98,26.39,26.4,26.37,6573,0
2025-06-13 21:00:00,1.02,8,16.76,17.53,14.35,27.71,20.11,18.49,32.13,35.86,28.88,36.65,37.5,35.74,33.6,33.73,33.49,30.81,30.89,30.66,28.9,29,28.77,27.67,27.72,27.62,26.98,26.98,26.97,26.38,26.39,26.37,6628,2044
2025-06-13 20:00:00,0.8,8.11,16.89,17.49,14.36,27.7,20.1,18.57,40.54,41.9,36.91,38.28,38.93,37.63,33.73,33.73,33.73,30.47,30.65,30.3,28.64,28.77,28.53,27.56,27.62,27.51,26.94,26.98,26.89,26.38,26.39,26.37,6731,6972
2025-06-13 19:00:00,0.81,8.21,16.98,17.43,14.35,27.69,20.09,18.58,40.79,43.29,38.91,40.07,40.82,39.16,33.59,33.73,33.39,30.03,30.27,29.82,28.38,28.5,28.29,27.46,27.49,27.45,26.89,26.92,26.88,26.39,26.4,26.37,6822,7784
2025-06-13 18:00:00,0.66,8.46,17.06,17.43,14.32,27.65,20.1,18.51,49.72,51.7,44.39,40.84,40.93,40.71,33.02,33.37,32.66,29.48,29.72,29.23,28.11,28.21,27.98,27.38,27.45,27.33,26.88,26.89,26.86,26.39,26.4,26.39,6842,9324
2025-06-13 17:00:00,0.69,8.54,17.11,17.39,14.34,27.63,20.12,18.47,50.62,51.12,50.17,40.51,40.71,40.23,32.18,32.65,31.72,28.9,29.17,28.64,27.87,27.94,27.81,27.33,27.34,27.33,26.89,26.95,26.87,26.4,26.4,26.39,6847,10041
2025-06-13 16:00:00,0.81,8.64,17.05,17.33,14.32,27.62,20.13,18.48,50.7,51.47,50.17,39.53,40.12,38.81,31.12,31.64,30.59,28.33,28.6,28.06,27.7,27.81,27.62,27.33,27.33,27.33,26.95,26.98,26.91,26.4,26.4,26.4,6851,10022
2025-06-13 15:00:00,0.98,8.74,16.85,17.26,14.35,27.64,20.15,18.41,48.92,50.05,47.88,37.82,38.7,36.84,29.93,30.52,29.35,27.83,28.05,27.64,27.58,27.61,27.57,27.33,27.33,27.33,26.98,26.98,26.96,26.4,26.4,26.4,6851,10006
2025-06-13 14:00:00,1.06,8.74,16.76,17.2,14.35,27.65,20.16,18.4,48.47,49.32,47.09,35.35,36.65,33.96,28.68,29.23,28.17,27.45,27.58,27.32,27.53,27.58,27.48,27.33,27.34,27.33,26.98,26.98,26.98,26.4,26.4,26.4,6851,9990
2025-06-13 13:00:00,1.29,8.7,16.6,17.13,14.33,27.67,20.18,18.4,44.35,46.62,41.64,32.37,33.73,31.01,27.56,28.05,27.1,27.18,27.3,27.1,27.56,27.58,27.53,27.41,27.45,27.37,27,27.04,26.98,26.4,26.4,26.4,6849,10073
2025-06-13 12:00:00,1.38,8.59,16.44,17.05,14.37,27.67,20.17,18.4,38.61,41.18,35.98,29.44,30.77,28.06,26.68,27.02,26.35,27.1,27.11,27.1,27.61,27.7,27.58,27.46,27.51,27.45,27.07,27.1,27.03,26.4,26.4,26.4,6849,10325
2025-06-13 11:00:00,1.24,8.43,16.32,17.04,14.41,27.65,20.15,18.41,34.51,35.73,33.66,26.63,27.82,25.45,26.07,26.28,25.92,27.14,27.22,27.1,27.74,27.82,27.7,27.57,27.57,27.55,27.1,27.1,27.09,26.4,26.4,26.4,6849,10333
2025-06-13 10:00:00,1.5,8.23,16.27,17.04,14.43,27.69,20.17,18.4,31.6,33.25,29.15,24.12,25.21,23.09,25.81,25.88,25.79,27.29,27.4,27.22,27.88,27.94,27.82,27.61,27.68,27.57,27.1,27.1,27.1,26.4,26.4,26.4,6842,10431
2025-06-13 09:00:00,1.57,7.95,16.18,17.03,14.43,27.68,20.15,18.39,23.02,28.41,18.5,22.44,22.92,22.24,25.9,26.05,25.8,27.57,27.7,27.44,28.05,28.16,27.94,27.68,27.69,27.68,27.1,27.11,27.1,26.4,26.4,26.4,6838,10349
2025-06-13 08:00:00,1.34,7.82,16.1,16.97,14.42,27.66,20.15,18.38,16.35,18.12,14.69,22.24,22.38,22.17,26.32,26.54,26.11,27.94,28.09,27.79,28.22,28.29,28.17,27.75,27.8,27.68,27.1,27.11,27.1,26.4,26.4,26.38,6809,7110
2025-06-13 07:00:00,1.29,7.74,16.09,16.99,14.44,27.65,20.14,18.37,13.76,14.34,13.51,22.75,23.09,22.41,26.86,27.1,26.63,28.29,28.46,28.16,28.39,28.46,28.29,27.8,27.8,27.8,27.1,27.1,27.1,26.37,26.39,26.34,6550,6839
2025-06-13 06:00:00,1.25,7.78,16.16,17.06,14.36,27.65,20.12,18.4,13.97,14.36,13.62,23.58,24.03,23.2,27.43,27.7,27.19,28.63,28.76,28.51,28.54,28.64,28.49,27.8,27.83,27.8,27.1,27.1,27.09,26.3,26.34,26.28,6488,1824
2025-06-13 05:00:00,1.26,7.81,16.2,17.1,14.31,27.65,20.14,18.4,15.03,15.64,14.46,24.52,24.98,24.1,28.01,28.29,27.73,28.94,29.11,28.79,28.68,28.75,28.65,27.82,27.84,27.81,27.06,27.1,27.02,26.28,26.28,26.28,6497,0
2025-06-13 04:00:00,1.22,7.86,16.27,17.17,14.28,27.65,20.19,18.37,16.52,17.17,15.75,25.53,26.02,25.1,28.58,28.88,28.29,29.24,29.36,29.11,28.78,28.83,28.76,27.81,27.82,27.8,26.98,26.99,26.98,26.28,26.28,26.27,6506,0
2025-06-13 03:00:00,1.29,7.85,16.36,17.2,14.21,27.64,20.17,18.37,18.39,19.29,17.29,26.52,26.99,26.06,29.16,29.46,28.88,29.52,29.65,29.41,28.88,28.89,28.85,27.8,27.8,27.8,26.98,26.98,26.97,26.24,26.27,26.22,6519,0
2025-06-13 02:00:00,1.27,7.87,16.38,17.24,14.22,27.63,20.18,18.37,20.03,20.48,19.41,27.5,27.95,27.07,29.76,30.06,29.47,29.78,29.93,29.7,28.89,28.89,28.89,27.75,27.8,27.69,26.89,26.97,26.86,26.17,26.22,26.16,6524,0
2025-06-13 01:00:00,1.23,7.88,16.52,17.31,14.22,27.65,20.16,18.36,21.51,22.4,20.6,28.52,28.99,28.05,30.37,30.65,30.06,30.01,30.13,29.94,28.89,28.89,28.89,27.67,27.69,27.64,26.85,26.86,26.82,26.16,26.17,26.16,6537,0
2025-06-13 00:00:00,1.25,7.91,16.68,17.38,14.24,27.63,20.17,18.36,22.97,23.2,22.5,29.54,30.08,29.02,31.01,31.33,30.74,30.2,30.29,30.16,28.83,28.89,28.77,27.56,27.58,27.53,26.76,26.78,26.75,26.16,26.16,26.16,6524,0
2025-06-12 23:00:00,1.2,7.95,16.75,17.45,14.26,27.63,20.14,18.36,22.42,23.09,21.79,31.05,31.96,30.21,31.71,32.04,31.36,30.3,30.3,30.3,28.71,28.77,28.65,27.45,27.51,27.41,26.73,26.75,26.71,26.15,26.16,26.13,6550,0
2025-06-12 22:00:00,1.13,7.97,16.86,17.48,14.28,27.61,20.19,18.36,24.26,26.4,22.49,33.15,34.16,32.18,32.32,32.54,32.07,30.28,30.3,30.2,28.52,28.64,28.41,27.32,27.4,27.26,26.64,26.68,26.63,26.14,26.16,26.13,6588,0
2025-06-12 21:00:00,1.04,8.09,16.96,17.52,14.27,27.61,20.17,18.36,29.89,33.73,26.87,35.25,36.09,34.32,32.74,32.9,32.58,30.08,30.19,29.94,28.28,28.41,28.18,27.19,27.26,27.11,26.63,26.63,26.62,26.14,26.16,26.13,6646,2009
2025-06-12 20:00:00,0.81,8.26,17.1,17.54,14.27,27.61,20.17,18.36,38.38,39.73,34.79,36.87,37.62,36.21,32.9,32.91,32.9,29.72,29.94,29.5,28,28.16,27.84,27.07,27.1,26.99,26.6,26.63,26.57,26.15,26.16,26.15,6749,7000
2025-06-12 19:00:00,0.83,8.36,17.19,17.54,14.29,27.63,20.17,18.37,37.92,40.11,35.8,38.9,39.88,37.75,32.8,32.9,32.66,29.26,29.47,29.01,27.72,27.82,27.58,26.97,26.98,26.97,26.57,26.59,26.55,26.16,26.16,26.15,6822,8068
2025-06-12 18:00:00,0.66,8.6,17.28,17.53,14.28,27.62,20.17,18.37,47.85,50.43,41.67,40,40.03,39.91,32.19,32.55,31.83,28.69,29,28.4,27.46,27.58,27.35,26.9,26.97,26.86,26.58,26.61,26.55,26.16,26.16,26.16,6842,10073
2025-06-12 17:00:00,0.66,8.74,17.28,17.46,14.29,27.65,20.18,18.38,50.22,50.64,49.7,39.57,39.88,39.16,31.25,31.72,30.77,28.08,28.39,27.81,27.23,27.35,27.11,26.86,26.86,26.86,26.61,26.63,26.59,26.16,26.16,26.16,6849,10077
2025-06-12 16:00:00,0.82,8.89,17.12,17.42,14.3,27.65,20.2,18.4,49.36,50.17,48.04,38.37,39.05,37.63,30.11,30.65,29.58,27.5,27.75,27.24,27.05,27.12,26.99,26.86,26.86,26.86,26.63,26.63,26.63,26.17,26.18,26.16,6849,10136
2025-06-12 15:00:00,0.99,8.97,17.02,17.33,14.31,27.65,20.22,18.41,48.1,48.75,46.95,36.37,37.41,35.23,28.84,29.45,28.29,26.99,27.22,26.76,26.94,26.99,26.87,26.86,26.86,26.86,26.63,26.65,26.63,26.21,26.24,26.18,6851,10215
2025-06-12 14:00:00,1.21,8.92,16.87,17.27,14.32,27.63,20.19,18.41,45.29,46.85,43.71,33.72,35.03,32.38,27.59,28.17,27.1,26.61,26.75,26.51,26.87,26.88,26.87,26.88,26.93,26.86,26.7,26.75,26.64,26.26,26.28,26.23,6851,10175
2025-06-12 13:00:00,1.39,8.9,16.71,17.23,14.36,27.66,20.19,18.41,41.77,43.47,39.38,30.75,32.13,29.35,26.49,26.99,26.04,26.38,26.5,26.3,26.9,26.95,26.87,26.97,26.97,26.94,26.75,26.75,26.75,26.27,26.28,26.26,6849,10364
2025-06-12 12:00:00,1.41,8.74,16.56,17.17,14.38,27.65,20.21,18.42,35.88,38.7,33.5,27.88,29.12,26.51,25.63,25.96,25.33,26.28,26.28,26.28,27,27.04,26.99,27.02,27.09,26.97,26.76,26.79,26.75,26.28,26.28,26.27,6849,10317
2025-06-12 11:00:00,1.37,8.61,16.42,17.12,14.43,27.64,20.2,18.42,31.88,33.25,30.65,25.09,26.28,23.94,25.02,25.21,24.86,26.35,26.39,26.28,27.12,27.21,27.06,27.1,27.14,27.09,26.83,26.86,26.77,26.28,26.28,26.27,6849,10502
2025-06-12 10:00:00,1.52,8.37,16.29,17.1,14.42,27.63,20.2,18.44,28.9,30.52,26.51,22.72,23.79,21.78,24.76,24.86,24.74,26.5,26.63,26.39,27.28,27.35,27.23,27.2,27.21,27.16,26.86,26.86,26.85,26.28,26.28,26.28,6847,10510
2025-06-12 09:00:00,1.58,8.09,16.23,17.06,14.43,27.63,20.2,18.45,21.34,25.94,17.29,21.17,21.67,20.95,24.89,25.09,24.75,26.77,26.94,26.63,27.43,27.51,27.35,27.28,27.33,27.21,26.86,26.86,26.86,26.28,26.28,26.28,6840,10546
2025-06-12 08:00:00,1.39,7.94,16.2,17.04,14.45,27.65,20.2,18.47,15.03,16.94,13.4,20.96,21.08,20.89,25.29,25.55,25.09,27.12,27.32,26.98,27.61,27.7,27.53,27.33,27.35,27.33,26.86,26.86,26.86,26.28,26.28,26.27,6822,8489
2025-06-12 07:00:00,1.34,7.93,16.21,17.07,14.45,27.65,20.2,18.53,12.6,13.15,12.43,21.48,21.81,21.14,25.82,26.04,25.57,27.47,27.58,27.34,27.78,27.82,27.7,27.43,27.45,27.39,26.86,26.87,26.86,26.27,26.28,26.27,6550,6846
2025-06-12 06:00:00,1.3,7.96,16.24,17.09,14.38,27.65,20.2,18.52,13.22,13.86,12.67,22.26,22.61,21.9,26.33,26.56,26.11,27.79,27.93,27.67,27.93,28.01,27.85,27.45,27.46,27.45,26.86,26.87,26.86,26.26,26.28,26.23,6490,1894
2025-06-12 05:00:00,1.3,7.97,16.27,17.12,14.36,27.66,20.2,18.52,14.4,14.81,13.99,23.02,23.38,22.68,26.87,27.1,26.63,28.09,28.27,27.94,28.08,28.16,28.05,27.46,27.48,27.45,26.86,26.86,26.86,26.22,26.26,26.19,6499,0
2025-06-12 04:00:00,1.31,8,16.34,17.19,14.28,27.66,20.2,18.51,15.35,15.77,14.93,23.83,24.25,23.44,27.43,27.7,27.19,28.41,28.52,28.29,28.19,28.23,28.16,27.46,27.48,27.45,26.86,26.86,26.86,26.18,26.21,26.16,6510,0
2025-06-12 03:00:00,1.26,8.05,16.38,17.25,14.23,27.65,20.2,18.51,16.39,16.87,15.87,24.7,25.11,24.27,28.01,28.29,27.73,28.69,28.83,28.56,28.28,28.29,28.26,27.45,27.46,27.45,26.8,26.85,26.75,26.16,26.17,26.16,6517,0
2025-06-12 02:00:00,1.29,8.09,16.46,17.3,14.22,27.64,20.2,18.5,17.37,17.99,16.94,25.69,26.16,25.21,28.61,28.88,28.29,28.95,29.06,28.87,28.29,28.31,28.29,27.45,27.45,27.44,26.75,26.76,26.75,26.16,26.16,26.16,6524,0
2025-06-12 01:00:00,1.3,8.06,16.53,17.4,14.22,27.64,20.18,18.5,18.66,19.29,18.12,26.82,27.37,26.28,29.25,29.58,28.99,29.16,29.24,29.08,28.3,28.31,28.29,27.37,27.43,27.33,26.74,26.75,26.72,26.16,26.16,26.16,6537,0
2025-06-12 00:00:00,1.26,8.1,16.59,17.4,14.22,27.6,20.21,18.5,20.15,20.96,19.42,28.11,28.76,27.46,29.89,30.18,29.6,29.32,29.36,29.23,28.28,28.29,28.23,27.3,27.33,27.24,26.68,26.72,26.63,26.16,26.16,26.16,6524,0
2025-06-11 23:00:00,1.26,8.15,16.73,17.46,14.22,27.62,20.21,18.49,22.03,23.09,21.08,29.61,30.42,28.88,30.5,30.77,30.21,29.38,29.43,29.35,28.17,28.2,28.06,27.21,27.24,27.2,26.63,26.64,26.63,26.16,26.16,26.15,6571,0
2025-06-11 22:00:00,1.24,8.27,16.92,17.52,14.21,27.61,20.2,18.5,24.42,25.72,23.23,31.35,32.18,30.54,31.01,31.24,30.78,29.35,29.4,29.32,28,28.06,27.94,27.1,27.14,27.09,26.63,26.63,26.62,26.16,26.16,26.16,6611,0
2025-06-11 21:00:00,1.16,8.32,17.01,17.6,14.25,27.63,20.19,18.52,28.09,30.54,26.04,33.2,33.99,32.38,31.36,31.48,31.24,29.17,29.3,29.02,27.8,27.94,27.7,27.01,27.09,26.97,26.62,26.63,26.61,26.16,26.16,26.16,6697,4187
2025-06-11 20:00:00,0.99,8.45,17.12,17.58,14.22,27.6,20.19,18.51,34.74,36.68,31.35,34.75,35.39,34.13,31.48,31.48,31.48,28.85,29,28.64,27.58,27.7,27.47,26.95,26.97,26.91,26.61,26.63,26.59,26.16,26.17,26.16,6802,7055
2025-06-11 19:00:00,0.96,8.63,17.19,17.54,14.23,27.63,20.18,18.53,35.69,37.13,34.09,36.44,37.23,35.52,31.28,31.45,31.12,28.43,28.64,28.21,27.38,27.47,27.3,26.87,26.91,26.86,26.62,26.63,26.62,26.17,26.18,26.16,6822,8493
2025-06-11 18:00:00,0.82,8.84,17.2,17.53,14.21,27.64,20.2,18.54,44.22,46.96,38.09,37.28,37.39,37.11,30.67,31.01,30.3,27.93,28.17,27.69,27.19,27.25,27.11,26.86,26.86,26.86,26.63,26.63,26.62,26.22,26.27,26.2,6838,9506
2025-06-11 17:00:00,0.83,8.97,17.09,17.49,14.22,27.64,20.24,18.53,46.42,46.72,46.15,36.68,37.04,36.21,29.75,30.18,29.23,27.43,27.67,27.22,27.04,27.11,26.99,26.86,26.86,26.86,26.63,26.64,26.63,26.27,26.28,26.26,6844,10238
2025-06-11 16:00:00,1.02,9.01,17.01,17.42,14.25,27.65,20.25,18.55,45.42,46.03,44.73,35.36,36.09,34.56,28.67,29.17,28.17,26.99,27.21,26.85,26.94,26.99,26.88,26.86,26.86,26.86,26.66,26.72,26.63,26.28,26.28,26.28,6849,10187
2025-06-11 15:00:00,1.3,9.01,16.9,17.41,14.23,27.64,20.18,18.56,43.92,44.91,42.95,33.25,34.32,32.07,27.55,28.05,27.08,26.66,26.79,26.52,26.87,26.88,26.87,26.87,26.9,26.86,26.74,26.75,26.72,26.28,26.28,26.28,6849,10349
2025-06-11 14:00:00,1.59,8.98,16.75,17.37,14.24,27.64,20.2,18.57,41.21,42.71,39.16,30.48,31.84,29.12,26.55,26.99,26.16,26.44,26.51,26.39,26.87,26.9,26.87,26.95,26.97,26.91,26.75,26.75,26.75,26.29,26.32,26.28,6849,10404
2025-06-11 13:00:00,1.82,8.75,16.62,17.31,14.26,27.67,20.21,18.54,36.64,38.93,34.2,27.62,28.88,26.4,25.83,26.13,25.57,26.39,26.39,26.39,26.97,26.99,26.9,26.98,27.01,26.97,26.8,26.85,26.75,26.34,26.38,26.32,6849,10498
2025-06-11 12:00:00,2.03,8.58,16.52,17.28,14.27,27.62,20.2,18.54,30.74,33.73,27.11,25.27,26.17,24.5,25.42,25.57,25.33,26.41,26.47,26.39,27.04,27.11,26.99,27.08,27.09,27.03,26.86,26.86,26.86,26.38,26.4,26.37,6847,10609
2025-06-11 11:00:00,2.1,8.35,16.47,17.23,14.29,27.65,20.2,18.56,25.39,26.72,23.56,23.99,24.42,23.68,25.33,25.33,25.32,26.55,26.63,26.51,27.17,27.23,27.11,27.14,27.2,27.09,26.86,26.87,26.86,26.4,26.4,26.39,6842,10494
2025-06-11 10:00:00,2.2,8.26,16.43,17.23,14.28,27.63,20.19,18.56,22.98,23.56,22.42,23.29,23.59,22.97,25.37,25.45,25.33,26.71,26.83,26.63,27.3,27.35,27.23,27.21,27.23,27.21,26.91,26.95,26.86,26.4,26.4,26.4,6838,10506
2025-06-11 09:00:00,2.26,8.13,16.39,17.21,14.28,27.62,20.2,18.55,19.55,22.04,18.35,22.95,22.99,22.91,25.58,25.72,25.45,26.94,27.07,26.86,27.43,27.47,27.35,27.3,27.33,27.25,26.97,26.98,26.95,26.4,26.4,26.4,6838,10065
2025-06-11 08:00:00,2.04,8.08,16.38,17.23,14.3,27.65,20.2,18.55,18.33,18.45,18.2,23.15,23.32,23.04,25.9,26.04,25.8,27.17,27.3,27.1,27.55,27.6,27.47,27.34,27.36,27.33,26.98,26.98,26.98,26.4,26.4,26.4,6577,6862
2025-06-11 07:00:00,1.84,8.08,16.41,17.27,14.24,27.64,20.2,18.56,18.33,18.36,18.24,23.48,23.68,23.32,26.22,26.39,26.05,27.41,27.52,27.33,27.69,27.72,27.61,27.43,27.45,27.37,26.98,26.98,26.98,26.4,26.4,26.4,6506,6756
2025-06-11 06:00:00,1.85,8.05,16.41,17.29,14.21,27.64,20.2,18.56,18.49,18.59,18.36,23.87,24.04,23.68,26.57,26.75,26.39,27.64,27.72,27.55,27.81,27.83,27.76,27.45,27.46,27.45,26.98,26.99,26.98,26.4,26.4,26.4,6502,0
2025-06-11 05:00:00,1.89,8.01,16.43,17.3,14.17,27.65,20.2,18.57,18.69,18.77,18.59,24.33,24.59,24.12,26.95,27.11,26.75,27.86,27.93,27.78,27.91,27.94,27.83,27.46,27.48,27.45,26.98,26.99,26.98,26.4,26.4,26.4,6506,0
2025-06-11 04:00:00,1.87,8.08,16.49,17.32,14.13,27.64,20.19,18.56,18.9,19.18,18.64,24.89,25.21,24.62,27.36,27.57,27.18,28.08,28.17,27.95,27.98,28.05,27.94,27.5,27.54,27.45,26.98,26.99,26.98,26.4,26.41,26.4,6510,0
2025-06-11 03:00:00,1.87,8.04,16.51,17.37,14.12,27.62,20.19,18.57,19.27,19.45,19.18,25.58,25.92,25.21,27.79,27.98,27.58,28.27,28.4,28.17,28.06,28.06,28.05,27.52,27.54,27.48,26.98,27,26.98,26.4,26.42,26.4,6519,0
2025-06-11 02:00:00,1.92,8.06,16.56,17.41,14.14,27.64,20.2,18.57,19.97,20.25,19.54,26.4,26.77,26.04,28.21,28.41,28.05,28.45,28.52,28.4,28.06,28.09,28.06,27.51,27.54,27.5,26.98,26.99,26.98,26.41,26.43,26.4,6528,0
2025-06-11 01:00:00,1.89,8.01,16.62,17.46,14.15,27.65,20.2,18.57,20.62,21.02,20.31,27.3,27.73,26.87,28.63,28.85,28.41,28.58,28.64,28.52,28.08,28.11,28.06,27.46,27.49,27.45,26.98,26.99,26.98,26.43,26.46,26.4,6537,0
2025-06-11 00:00:00,1.62,8.04,16.71,17.5,14.15,27.65,20.2,18.55,22.55,23.46,21.08,28.21,28.64,27.82,29.04,29.23,28.88,28.65,28.7,28.64,28.06,28.06,28.06,27.45,27.46,27.45,26.98,27,26.98,26.45,26.49,26.43,6528,0
2025-06-10 23:00:00,1.26,8.05,16.74,17.52,14.15,27.64,20.2,18.54,24.11,24.74,23.52,29.19,29.71,28.74,29.4,29.59,29.23,28.69,28.72,28.66,28.04,28.06,27.99,27.45,27.45,27.45,26.98,26.99,26.98,26.49,26.52,26.48,6550,0
2025-06-10 22:00:00,1.3,8.14,16.77,17.55,14.17,27.63,20.18,18.53,25.39,26.03,24.86,30.37,31.01,29.81,29.73,29.82,29.59,28.64,28.65,28.61,27.94,27.96,27.92,27.44,27.45,27.43,26.99,27.01,26.98,26.52,26.52,26.5,6595,0
2025-06-10 21:00:00,1.2,8.18,16.84,17.57,14.18,27.64,20.17,18.53,27.79,29.71,26.16,31.74,32.31,31.13,29.88,29.93,29.82,28.5,28.6,28.4,27.85,27.93,27.82,27.43,27.45,27.43,27.02,27.07,27,26.52,26.52,26.52,6671,1575
2025-06-10 20:00:00,1.11,8.26,16.9,17.58,14.15,27.63,20.13,18.54,32.1,33.14,30.3,32.89,33.4,32.41,29.81,29.92,29.71,28.28,28.4,28.17,27.79,27.82,27.72,27.44,27.45,27.42,27.09,27.1,27.05,26.53,26.56,26.52,6769,7024
2025-06-10 19:00:00,1.07,8.35,16.96,17.57,14.17,27.64,20.15,18.56,35.57,39.25,33.25,33.85,34.04,33.49,29.48,29.71,29.23,28.04,28.17,27.93,27.71,27.73,27.7,27.44,27.45,27.44,27.1,27.1,27.1,26.58,26.63,26.52,6822,8454
2025-06-10 18:00:00,1.04,8.48,16.99,17.58,14.18,27.66,20.19,18.52,42.55,44.93,39.88,33.51,33.96,32.9,28.87,29.18,28.52,27.78,27.93,27.69,27.7,27.7,27.69,27.45,27.45,27.44,27.12,27.15,27.1,26.62,26.63,26.6,6838,8930
2025-06-10 17:00:00,1.05,8.54,16.91,17.54,14.18,27.66,20.21,18.52,41.76,45.17,38.93,32.26,32.78,31.72,28.22,28.52,27.93,27.59,27.67,27.54,27.68,27.7,27.65,27.47,27.52,27.45,27.19,27.22,27.15,26.63,26.63,26.63,6838,9829
2025-06-10 16:00:00,1.22,8.53,16.84,17.53,14.18,27.64,20.2,18.53,41.36,43.54,38.7,30.4,31.5,29.43,27.64,27.93,27.44,27.45,27.51,27.39,27.68,27.7,27.67,27.55,27.57,27.51,27.22,27.22,27.22,26.63,26.64,26.63,6838,9900
2025-06-10 15:00:00,1.3,8.34,16.76,17.5,14.19,27.68,20.19,18.54,34.76,38.58,30.77,28.76,29.23,28.5,27.22,27.36,27.1,27.34,27.36,27.34,27.7,27.72,27.7,27.58,27.6,27.57,27.24,27.29,27.22,26.64,26.66,26.63,6842,9998
2025-06-10 14:00:00,1.25,8.31,16.68,17.49,14.23,27.68,20.17,18.52,31.73,32.55,30.32,28.02,28.42,27.46,26.95,27.09,26.86,27.35,27.38,27.34,27.79,27.82,27.71,27.67,27.68,27.61,27.33,27.34,27.31,26.68,26.72,26.65,6840,10160
2025-06-10 13:00:00,1.32,8.24,16.67,17.49,14.26,27.67,20.18,18.51,31.55,32.9,28.66,26.71,27.34,26.22,26.72,26.76,26.65,27.42,27.46,27.38,27.87,27.93,27.82,27.73,27.8,27.68,27.34,27.36,27.34,26.72,26.75,26.69,6838,10160
2025-06-10 12:00:00,1.37,8.21,16.63,17.45,14.23,27.65,20.17,18.52,26.34,27.93,25.69,26.03,26.16,25.81,26.65,26.68,26.63,27.52,27.58,27.46,27.98,28.06,27.94,27.81,27.88,27.8,27.4,27.45,27.36,26.74,26.75,26.72,6838,10494
2025-06-10 11:00:00,1.35,8.11,16.6,17.45,14.26,27.63,20.17,18.53,24.88,26.28,24.27,25.7,25.81,25.57,26.66,26.69,26.64,27.65,27.7,27.58,28.12,28.18,28.06,27.91,27.93,27.88,27.46,27.46,27.45,26.75,26.75,26.74,6826,9494
2025-06-10 10:00:00,1.34,8.07,16.59,17.44,14.26,27.64,20.18,18.51,24.54,24.74,24.29,25.38,25.57,25.21,26.72,26.75,26.68,27.81,27.93,27.71,28.26,28.31,28.18,27.99,28.04,27.92,27.46,27.46,27.46,26.75,26.75,26.75,6822,7946
2025-06-10 09:00:00,1.35,8.08,16.59,17.44,14.3,27.68,20.2,18.53,23.89,24.5,22.97,24.89,25.13,24.68,26.81,26.88,26.75,28.01,28.16,27.93,28.41,28.52,28.32,28.05,28.1,28.04,27.48,27.52,27.46,26.75,26.75,26.75,6822,9029
2025-06-10 08:00:00,1.36,7.94,16.56,17.45,14.28,27.63,20.19,18.52,21.56,22.61,20.48,24.55,24.62,24.5,27.03,27.17,26.9,28.26,28.4,28.17,28.57,28.65,28.52,28.16,28.16,28.13,27.52,27.55,27.5,26.75,26.75,26.74,6778,7079
2025-06-10 07:00:00,1.39,7.9,16.6,17.47,14.28,27.63,20.19,18.54,19.38,20.25,18.95,24.68,24.85,24.56,27.33,27.47,27.21,28.52,28.64,28.4,28.73,28.77,28.65,28.2,28.28,28.16,27.56,27.57,27.54,26.74,26.75,26.74,6568,6846
2025-06-10 06:00:00,1.36,7.91,16.6,17.49,14.23,27.62,20.2,18.54,19.33,19.75,18.92,25,25.1,24.86,27.69,27.84,27.55,28.8,28.91,28.65,28.87,28.92,28.78,28.28,28.28,28.28,27.57,27.57,27.56,26.74,26.75,26.73,6506,925
2025-06-10 05:00:00,1.35,7.85,16.62,17.56,14.17,27.64,20.19,18.55,19.51,19.89,19.07,25.25,25.43,25.1,28.08,28.29,27.92,29.08,29.23,28.97,29.01,29.08,28.97,28.29,28.31,28.28,27.56,27.57,27.54,26.7,26.75,26.67,6510,0
2025-06-10 04:00:00,1.33,7.82,16.66,17.54,14.12,27.62,20.18,18.56,18.75,19.06,18.56,25.66,25.93,25.45,28.54,28.76,28.29,29.37,29.47,29.23,29.14,29.21,29.11,28.34,28.37,28.3,27.54,27.56,27.51,26.66,26.71,26.63,6517,0
2025-06-10 03:00:00,1.27,7.81,16.72,17.58,14.07,27.59,20.18,18.59,18.47,18.59,18.37,26.34,26.74,26.01,29.07,29.35,28.84,29.65,29.79,29.51,29.24,29.25,29.22,28.37,28.39,28.35,27.5,27.52,27.46,26.64,26.66,26.63,6519,0
2025-06-10 02:00:00,1.27,7.75,16.72,17.62,14.05,27.61,20.18,18.59,18.92,19.43,18.51,27.22,27.69,26.78,29.63,29.9,29.35,29.91,30.04,29.82,29.33,29.36,29.28,28.36,28.38,28.33,27.46,27.47,27.46,26.63,26.63,26.63,6524,0
2025-06-10 01:00:00,1.26,7.78,16.82,17.67,14.05,27.62,20.16,18.58,19.83,20.31,19.51,28.24,28.76,27.75,30.2,30.47,29.94,30.15,30.27,30.05,29.36,29.36,29.36,28.3,28.34,28.28,27.46,27.46,27.46,26.63,26.63,26.63,6533,0
2025-06-10 00:00:00,1.2,7.82,17,17.73,14.07,27.61,20.16,18.55,21.04,21.67,20.41,29.44,30.06,28.88,30.77,31.01,30.53,30.33,30.41,30.28,29.36,29.36,29.36,28.28,28.28,28.28,27.46,27.46,27.44,26.63,26.63,26.63,6519,0
2025-06-09 23:00:00,1.21,7.89,17.07,17.81,14.06,27.62,20.17,18.55,22.68,23.57,21.81,30.88,31.6,30.18,31.32,31.58,31.11,30.41,30.43,30.41,29.35,29.36,29.33,28.25,28.28,28.21,27.41,27.45,27.39,26.62,26.63,26.62,6550,0
2025-06-09 22:00:00,1.17,7.89,17.16,17.86,14.08,27.61,20.18,18.55,25.09,26.87,23.79,32.57,33.37,31.76,31.77,31.95,31.6,30.43,30.46,30.41,29.26,29.31,29.24,28.17,28.19,28.16,27.35,27.37,27.34,26.62,26.63,26.61,6588,0
2025-06-09 21:00:00,1.1,7.97,17.26,17.88,14.1,27.63,20.18,18.58,30.26,33.61,27.34,34.11,34.66,33.49,32.03,32.07,31.95,30.4,30.41,30.33,29.17,29.24,29.12,28.13,28.16,28.07,27.34,27.35,27.34,26.61,26.63,26.6,6660,2048
2025-06-09 20:00:00,0.95,8.05,17.35,17.92,14.12,27.65,20.17,18.58,37.25,38.56,34.43,35,35.3,34.66,32.07,32.09,32.07,30.25,30.3,30.18,29.06,29.12,29,28.05,28.08,28.04,27.34,27.34,27.34,26.61,26.63,26.6,6769,7024
2025-06-09 19:00:00,0.98,8.18,17.38,17.89,14.14,27.63,20.17,18.56,37.37,38.55,36.41,35.79,36.09,35.38,32.01,32.07,31.95,30.09,30.18,30,28.93,29,28.89,28.03,28.04,28.01,27.34,27.34,27.33,26.61,26.63,26.6,6822,8753
2025-06-09 18:00:00,0.88,8.25,17.44,17.93,14.17,27.62,20.17,18.54,42.61,44.37,38.8,35.68,36.09,35.21,31.82,31.95,31.72,29.87,29.96,29.76,28.81,28.89,28.77,27.95,27.98,27.92,27.34,27.34,27.34,26.62,26.63,26.59,6840,9864
2025-06-09 17:00:00,1.04,8.14,17.46,17.92,14.14,27.62,20.17,18.55,40.1,43.81,35.86,34.99,35.15,34.9,31.69,31.72,31.6,29.6,29.72,29.47,28.66,28.74,28.59,27.92,27.92,27.92,27.34,27.34,27.34,26.63,26.63,26.62,6842,10108
2025-06-09 16:00:00,1.05,8.19,17.49,17.89,14.19,27.62,20.18,18.51,35.07,35.62,34.59,35.82,36.45,35.27,31.5,31.6,31.36,29.31,29.47,29.13,28.53,28.58,28.52,27.92,27.93,27.92,27.34,27.35,27.34,26.63,26.63,26.63,6842,9931
2025-06-09 15:00:00,0.99,8.34,17.54,17.87,14.19,27.63,20.18,18.49,39.06,43,35.97,36.98,37.16,36.57,30.98,31.25,30.65,28.97,29.11,28.8,28.47,28.53,28.43,27.93,27.97,27.92,27.37,27.42,27.34,26.63,26.63,26.63,6838,7753
2025-06-09 14:00:00,1.03,8.55,17.42,17.87,14.21,27.64,20.16,18.47,47.07,49.01,43.94,36.28,37.04,35.5,30.08,30.53,29.64,28.62,28.76,28.51,28.42,28.43,28.41,28.02,28.04,27.97,27.44,27.46,27.4,26.63,26.63,26.63,6838,7540
2025-06-09 13:00:00,1.09,8.52,17.33,17.79,14.2,27.66,20.17,18.49,46.28,46.98,45.08,34.37,35.38,33.23,29.09,29.58,28.65,28.39,28.49,28.3,28.46,28.53,28.42,28.04,28.06,28.04,27.46,27.46,27.45,26.63,26.63,26.63,6849,9927
2025-06-09 12:00:00,1.27,8.52,17.17,17.78,14.26,27.67,20.19,18.46,43.37,45.55,40.71,31.67,32.99,30.3,28.23,28.59,27.92,28.29,28.29,28.28,28.54,28.58,28.53,28.13,28.16,28.05,27.46,27.46,27.46,26.63,26.63,26.63,6851,10065
2025-06-09 11:00:00,1.27,8.35,17.05,17.73,14.27,27.62,20.21,18.48,39.09,40.48,37.68,28.84,30.06,27.62,27.6,27.81,27.45,28.31,28.4,28.29,28.66,28.74,28.63,28.17,28.22,28.16,27.46,27.47,27.46,26.62,26.63,26.61,6849,10112
2025-06-09 10:00:00,1.44,8.17,16.95,17.7,14.32,27.63,20.21,18.5,35.11,37.39,32.66,26.37,27.46,25.33,27.32,27.39,27.27,28.46,28.52,28.4,28.8,28.89,28.76,28.27,28.28,28.25,27.46,27.48,27.46,26.59,26.62,26.56,6847,10081
2025-06-09 09:00:00,1.48,7.97,16.9,17.7,14.31,27.62,20.22,18.49,26.53,31.8,22.38,24.72,25.21,24.41,27.38,27.52,27.26,28.73,28.88,28.6,28.96,29.03,28.89,28.33,28.39,28.28,27.47,27.49,27.46,26.53,26.57,26.52,6838,10081
2025-06-09 08:00:00,1.33,7.77,16.82,17.71,14.26,27.61,20.23,18.49,19.8,22.12,18,24.37,24.4,24.33,27.75,27.94,27.58,29.07,29.23,28.88,29.14,29.24,29.04,28.39,28.39,28.39,27.46,27.49,27.46,26.52,26.52,26.52,6824,8765
2025-06-09 07:00:00,1.24,7.75,16.83,17.68,14.19,27.6,20.2,18.42,16.7,17.7,16.32,24.74,25.07,24.5,28.26,28.52,28.05,29.43,29.59,29.25,29.31,29.36,29.24,28.42,28.48,28.39,27.46,27.47,27.46,26.51,26.52,26.48,6577,6862
2025-06-09 06:00:00,1.19,7.71,16.9,17.69,14.2,27.59,20.18,18.44,16.61,16.82,16.45,25.45,25.81,25.1,28.81,29.07,28.53,29.78,29.94,29.59,29.46,29.53,29.37,28.49,28.51,28.47,27.46,27.46,27.46,26.43,26.47,26.4,6502,1079
2025-06-09 05:00:00,1.23,7.73,16.94,17.76,14.16,27.59,20.16,18.43,17.28,17.65,16.92,26.26,26.63,25.92,29.39,29.71,29.11,30.13,30.3,29.94,29.61,29.7,29.57,28.5,28.51,28.5,27.43,27.46,27.37,26.4,26.4,26.4,6506,0
2025-06-09 04:00:00,1.25,7.67,16.98,17.85,14.11,27.58,20.18,18.4,18.14,18.59,17.74,27.13,27.58,26.74,30,30.3,29.71,30.47,30.65,30.3,29.72,29.76,29.71,28.49,28.5,28.45,27.35,27.4,27.34,26.38,26.4,26.35,6510,0
2025-06-09 03:00:00,1.28,7.7,17.15,17.97,14.09,27.57,20.18,18.4,19.06,19.54,18.65,28.09,28.53,27.62,30.63,30.93,30.33,30.78,30.89,30.65,29.81,29.83,29.77,28.41,28.45,28.39,27.31,27.34,27.24,26.3,26.35,26.28,6517,0
2025-06-09 02:00:00,1.22,7.7,17.24,18.05,14.04,27.58,20.19,18.39,20.05,20.48,19.64,29.16,29.71,28.64,31.31,31.61,31.01,31.08,31.21,30.93,29.83,29.83,29.83,28.37,28.39,28.31,27.22,27.26,27.22,26.28,26.28,26.28,6522,0
2025-06-09 01:00:00,1.17,7.77,17.32,18.13,14.05,27.57,20.18,18.34,21.18,21.7,20.59,30.42,31.05,29.83,32.03,32.33,31.72,31.32,31.4,31.24,29.83,29.83,29.83,28.27,28.3,28.24,27.16,27.22,27.1,26.27,26.28,26.25,6528,0
2025-06-09 00:00:00,1.19,7.75,17.39,18.18,14.03,27.57,20.14,18.36,22.55,23.32,21.78,31.92,32.66,31.2,32.77,33.14,32.43,31.51,31.59,31.46,29.75,29.83,29.71,28.14,28.19,28.07,27.08,27.1,27.03,26.2,26.25,26.16,6517,0
2025-06-08 23:00:00,1.15,7.72,17.45,18.2,14.05,27.59,20.19,18.36,24.33,25.18,23.44,33.71,34.66,32.8,33.49,33.83,33.14,31.6,31.6,31.59,29.61,29.71,29.49,28.01,28.05,27.92,26.99,27.02,26.98,26.16,26.17,26.16,6548,0
2025-06-08 22:00:00,1.12,7.85,17.59,18.28,14.06,27.56,20.18,18.36,26.99,28.95,25.44,35.94,37.04,34.9,34.12,34.36,33.84,31.55,31.6,31.48,29.41,29.48,29.31,27.87,27.93,27.8,26.95,26.98,26.89,26.16,26.16,26.16,6550,0
2025-06-08 21:00:00,1,7.95,17.73,18.34,14.09,27.59,20.19,18.36,32.18,35.11,29.35,38.27,39.29,37.24,34.56,34.66,34.43,31.35,31.48,31.23,29.15,29.25,29,27.73,27.8,27.68,26.86,26.88,26.86,26.16,26.16,26.16,6624,1694
2025-06-08 20:00:00,0.9,8.07,17.88,18.36,14.18,27.6,20.2,18.37,40.49,44.59,35.82,40.15,40.82,39.4,34.68,34.73,34.66,30.98,31.18,30.77,28.87,29,28.77,27.6,27.68,27.56,26.86,26.86,26.86,26.16,26.16,26.16,6697,6949
2025-06-08 19:00:00,0.75,8.21,17.96,18.27,14.17,27.6,20.18,18.38,44.83,46.85,43.82,41.85,42.6,41.05,34.51,34.66,34.32,30.49,30.74,30.25,28.56,28.69,28.41,27.5,27.57,27.45,26.85,26.86,26.84,26.16,26.16,26.16,6802,7055
2025-06-08 18:00:00,0.48,8.44,18.02,18.19,14.2,27.61,20.18,18.4,53.07,55.6,47.82,42.71,42.72,42.65,33.91,34.27,33.49,29.89,30.18,29.59,28.29,28.41,28.18,27.44,27.45,27.41,26.84,26.85,26.81,26.16,26.16,26.16,6838,8820
2025-06-08 17:00:00,0.28,8.57,18.03,18.18,14.18,27.62,20.18,18.43,56.17,56.74,55.32,42.33,42.66,41.89,32.96,33.48,32.43,29.27,29.59,29,28.04,28.18,27.94,27.34,27.39,27.33,26.85,26.86,26.84,26.16,26.16,26.16,6847,9675
2025-06-08 16:00:00,0.46,8.67,18.02,18.1,14.22,27.59,20.25,18.38,55.72,56.43,54.66,41.08,41.77,40.34,31.79,32.36,31.24,28.65,28.92,28.4,27.85,27.94,27.81,27.33,27.33,27.33,26.86,26.86,26.86,26.16,26.17,26.16,6851,9750
2025-06-08 15:00:00,0.69,8.73,17.87,18.03,14.21,27.6,20.24,18.38,54.24,54.65,53.76,39.18,40.13,38.09,30.51,31.13,29.94,28.13,28.39,27.93,27.72,27.8,27.7,27.33,27.33,27.33,26.86,26.86,26.86,26.16,26.17,26.16,6851,9805
2025-06-08 14:00:00,0.93,8.8,17.71,18.01,14.16,27.63,20.21,18.4,52.83,53.83,51.36,36.5,37.87,35.04,29.21,29.82,28.64,27.71,27.9,27.58,27.7,27.7,27.69,27.36,27.42,27.33,26.87,26.91,26.86,26.17,26.18,26.16,6851,9896
2025-06-08 13:00:00,1.24,8.7,17.55,17.95,14.18,27.63,20.21,18.41,48.42,51,45.55,33.34,34.79,31.95,28.02,28.52,27.56,27.44,27.57,27.34,27.7,27.7,27.7,27.44,27.45,27.43,26.94,26.98,26.9,26.17,26.18,26.16,6851,9805
2025-06-08 12:00:00,1.29,8.68,17.42,17.87,14.2,27.62,20.27,18.41,42.17,44.96,39.98,30.38,31.71,29,27.09,27.46,26.75,27.34,27.34,27.34,27.76,27.82,27.7,27.49,27.57,27.45,26.98,26.98,26.97,26.17,26.18,26.16,6849,10053
2025-06-08 11:00:00,1.28,8.47,17.28,17.86,14.24,27.64,20.31,18.37,38.44,39.88,36.52,27.37,28.76,26.04,26.42,26.67,26.23,27.36,27.44,27.34,27.88,27.94,27.82,27.57,27.59,27.57,26.98,26.98,26.98,26.17,26.18,26.16,6849,10191
2025-06-08 10:00:00,1.44,8.28,17.15,17.84,14.24,27.62,20.34,18.36,33.27,35.98,30.3,24.73,25.81,23.78,26.11,26.17,26.06,27.51,27.59,27.45,28.02,28.06,27.94,27.65,27.68,27.6,26.98,27,26.98,26.16,26.17,26.16,6849,10160
2025-06-08 09:00:00,1.49,8.04,17.08,17.81,14.25,27.61,20.33,18.35,24.96,29.71,20.62,23.13,23.65,22.85,26.19,26.33,26.09,27.79,27.93,27.62,28.22,28.29,28.13,27.72,27.78,27.68,26.99,27.01,26.98,26.16,26.16,26.16,6838,10073
2025-06-08 08:00:00,1.32,7.85,17.02,17.77,14.3,27.59,20.32,18.34,17.98,20.12,16.23,22.77,22.84,22.73,26.56,26.76,26.39,28.15,28.29,27.96,28.38,28.49,28.29,27.8,27.8,27.8,26.99,27.01,26.98,26.16,26.16,26.15,6822,8343
2025-06-08 07:00:00,1.26,7.81,17,17.8,14.29,27.61,20.32,18.35,14.74,15.91,13.99,23.09,23.41,22.85,27.07,27.34,26.85,28.52,28.7,28.35,28.58,28.65,28.52,27.84,27.89,27.8,26.98,26.99,26.98,26.12,26.16,26.09,6564,6850
2025-06-08 06:00:00,1.24,7.8,17.06,17.85,14.22,27.55,20.31,18.39,14.34,14.69,14.02,23.78,24.14,23.44,27.63,27.93,27.34,28.89,29.06,28.75,28.74,28.8,28.65,27.91,27.92,27.9,26.98,26.98,26.98,26.05,26.09,26.04,6497,2044
2025-06-08 05:00:00,1.25,7.82,17.11,17.91,14.19,27.55,20.28,18.4,15.01,15.16,14.76,24.54,24.95,24.15,28.22,28.52,27.93,29.25,29.42,29.11,28.9,28.98,28.83,27.92,27.92,27.92,26.97,26.98,26.95,26.04,26.04,26.04,6502,0
2025-06-08 04:00:00,1.22,7.83,17.19,17.92,14.1,27.54,20.27,18.39,15.54,15.89,15.2,25.42,25.89,24.98,28.86,29.19,28.52,29.59,29.73,29.47,29.01,29.05,28.99,27.91,27.92,27.91,26.89,26.96,26.86,26.02,26.04,25.98,6506,0
2025-06-08 03:00:00,1.16,7.83,17.25,17.98,14.02,27.55,20.26,18.32,16.32,16.7,15.99,26.43,26.94,25.93,29.55,29.86,29.23,29.93,30.07,29.82,29.11,29.12,29.07,27.86,27.91,27.81,26.86,26.86,26.85,25.95,26.01,25.92,6513,0
2025-06-08 02:00:00,1.2,7.8,17.33,18.05,13.98,27.56,20.27,18.28,17.39,17.99,16.82,27.57,28.17,27,30.27,30.62,29.94,30.25,30.41,30.1,29.13,29.16,29.12,27.8,27.81,27.8,26.78,26.85,26.75,25.92,25.92,25.92,6522,0
2025-06-08 01:00:00,1.19,7.82,17.53,18.14,13.97,27.57,20.27,18.29,18.64,19.19,18.04,28.93,29.59,28.28,31.01,31.36,30.65,30.5,30.63,30.41,29.12,29.13,29.12,27.71,27.79,27.68,26.74,26.75,26.69,25.92,25.92,25.91,6524,0
2025-06-08 00:00:00,1.17,7.88,17.62,18.25,13.98,27.58,20.29,18.3,20.08,20.83,19.31,30.51,31.34,29.71,31.77,32.09,31.46,30.69,30.77,30.65,29.07,29.12,29,27.61,27.68,27.57,26.64,26.68,26.63,25.89,25.92,25.86,6517,0
2025-06-07 23:00:00,1.14,7.89,17.73,18.33,14,27.56,20.29,18.32,22.04,23.32,20.96,32.43,33.38,31.48,32.49,32.78,32.18,30.77,30.78,30.77,28.94,29,28.89,27.49,27.57,27.45,26.58,26.63,26.52,25.84,25.87,25.82,6550,0
2025-06-07 22:00:00,1.11,7.94,17.81,18.38,14.01,27.55,20.25,18.34,25.32,27.49,23.57,34.68,35.75,33.61,33.12,33.37,32.88,30.74,30.77,30.66,28.74,28.87,28.65,27.35,27.45,27.31,26.51,26.52,26.51,25.81,25.84,25.81,6573,0
2025-06-07 21:00:00,0.99,8.11,17.94,18.38,14.03,27.55,20.24,18.36,31.65,35.74,28.05,36.89,37.75,35.98,33.54,33.64,33.37,30.54,30.65,30.41,28.49,28.64,28.39,27.22,27.31,27.18,26.51,26.51,26.5,25.81,25.83,25.81,6626,1997
2025-06-07 20:00:00,0.82,8.22,18.08,18.37,14.01,27.53,20.26,18.37,40.49,42.12,36.91,38.52,39.23,37.87,33.71,33.73,33.66,30.16,30.39,29.94,28.2,28.33,28.06,27.09,27.13,27.05,26.45,26.5,26.41,25.81,25.84,25.81,6731,6976
2025-06-07 19:00:00,0.8,8.33,18.18,18.35,14.02,27.57,20.29,18.38,41.36,43.31,40,40.34,41.19,39.4,33.53,33.65,33.36,29.67,29.93,29.46,27.91,28.06,27.81,26.98,27.03,26.97,26.4,26.42,26.39,25.82,25.84,25.81,6820,8564
2025-06-07 18:00:00,0.62,8.57,18.26,18.37,14.03,27.54,20.29,18.37,50.38,53.12,44.61,41.27,41.34,41.18,32.91,33.25,32.54,29.09,29.36,28.8,27.64,27.74,27.53,26.91,26.97,26.86,26.41,26.42,26.4,25.84,25.87,25.82,6838,7784
2025-06-07 17:00:00,0.53,8.7,18.29,18.32,14.02,27.56,20.27,18.35,53.12,53.36,52.65,40.8,41.12,40.38,31.97,32.43,31.48,28.47,28.76,28.17,27.4,27.47,27.33,26.86,26.86,26.86,26.44,26.49,26.41,25.88,25.92,25.86,6844,9943
2025-06-07 16:00:00,0.66,8.76,18.22,18.23,14.03,27.57,20.23,18.36,52.45,52.89,51.82,39.67,40.31,38.93,30.81,31.36,30.27,27.87,28.17,27.59,27.22,27.3,27.13,26.86,26.86,26.85,26.49,26.51,26.47,25.91,25.92,25.9,6851,10026
2025-06-07 15:00:00,0.88,8.88,18.03,18.17,14.05,27.58,20.26,18.36,51.36,52.46,50.28,37.76,38.78,36.68,29.53,30.16,28.91,27.34,27.58,27.1,27.11,27.13,27.1,26.86,26.86,26.86,26.51,26.51,26.51,25.92,25.92,25.92,6851,10041
2025-06-07 14:00:00,1.06,8.87,17.92,18.09,14.06,27.59,20.28,18.38,49.29,50.64,48.04,35.2,36.45,33.91,28.24,28.83,27.7,26.92,27.1,26.76,27.06,27.09,27.04,26.9,26.97,26.86,26.51,26.54,26.51,25.92,25.92,25.92,6851,9998
2025-06-07 13:00:00,1.29,8.88,17.75,18.04,14.07,27.59,20.29,18.39,46.21,48.04,42.95,32.14,33.62,30.66,27.02,27.58,26.51,26.66,26.75,26.59,27.1,27.11,27.04,26.97,26.97,26.97,26.59,26.63,26.54,25.92,25.92,25.92,6851,10152
2025-06-07 12:00:00,1.34,8.75,17.59,17.99,14.1,27.57,20.3,18.41,39.75,42.38,37.34,29.06,30.42,27.58,26.05,26.41,25.69,26.55,26.61,26.53,27.17,27.23,27.11,27.04,27.09,26.98,26.63,26.63,26.62,25.92,25.92,25.92,6851,10120
2025-06-07 11:00:00,1.25,8.61,17.43,17.92,14.13,27.6,20.31,18.42,35.59,36.8,34.45,25.96,27.34,24.62,25.36,25.6,25.18,26.62,26.64,26.59,27.3,27.35,27.23,27.12,27.19,27.09,26.63,26.66,26.63,25.92,25.92,25.92,6849,10250
2025-06-07 10:00:00,1.5,8.36,17.32,17.91,14.18,27.57,20.3,18.42,31.89,34.2,28.66,23.13,24.38,22.01,25.06,25.11,25.01,26.77,26.87,26.66,27.46,27.56,27.36,27.21,27.23,27.2,26.67,26.7,26.63,25.92,25.92,25.92,6849,10392
2025-06-07 09:00:00,1.57,8.06,17.24,17.87,14.19,27.57,20.27,18.41,21.97,27.82,17.17,21.32,21.81,21.08,25.16,25.33,25.03,27.06,27.22,26.87,27.63,27.7,27.58,27.31,27.33,27.26,26.72,26.74,26.69,25.92,25.92,25.92,6840,10317
2025-06-07 08:00:00,1.31,7.9,17.17,17.84,14.21,27.58,20.26,18.39,14.59,16.81,12.68,21.14,21.31,21.08,25.6,25.83,25.35,27.46,27.64,27.27,27.84,27.94,27.72,27.37,27.44,27.33,26.73,26.75,26.72,25.92,25.92,25.91,6802,7102
2025-06-07 07:00:00,1.21,7.87,17.18,17.86,14.17,27.59,20.26,18.38,11.79,12.44,11.52,21.66,22.02,21.31,26.16,26.39,25.92,27.85,28.05,27.69,28.02,28.13,27.94,27.45,27.46,27.44,26.72,26.74,26.71,25.88,25.92,25.85,6548,6835
2025-06-07 06:00:00,1.24,7.86,17.2,17.9,14.05,27.61,20.27,18.39,12.09,12.44,11.73,22.46,22.85,22.13,26.75,26.99,26.51,28.21,28.4,28.05,28.21,28.29,28.14,27.46,27.51,27.45,26.68,26.72,26.66,25.82,25.86,25.81,6488,1820
2025-06-07 05:00:00,1.21,7.88,17.27,17.96,14.07,27.56,20.29,18.37,12.89,13.27,12.46,23.31,23.69,22.91,27.35,27.64,27.1,28.58,28.76,28.4,28.37,28.41,28.29,27.51,27.54,27.49,26.63,26.64,26.63,25.81,25.81,25.81,6497,0
2025-06-07 04:00:00,1.2,7.88,17.33,18.01,14.03,27.55,20.29,18.36,13.74,14.22,13.31,24.23,24.68,23.79,28,28.29,27.7,28.93,29.11,28.76,28.5,28.53,28.41,27.52,27.55,27.5,26.63,26.63,26.62,25.8,25.81,25.78,6504,0
2025-06-07 03:00:00,1.21,7.94,17.41,18.08,13.95,27.59,20.28,18.38,14.67,15.16,14.28,25.25,25.77,24.74,28.67,29,28.37,29.26,29.45,29.11,28.6,28.65,28.53,27.46,27.51,27.45,26.56,26.62,26.51,25.76,25.79,25.71,6510,0
2025-06-07 02:00:00,1.17,7.92,17.49,18.11,13.89,27.54,20.25,18.38,15.83,16.54,15.27,26.4,26.99,25.89,29.37,29.71,29,29.58,29.7,29.47,28.65,28.66,28.65,27.45,27.45,27.44,26.51,26.51,26.51,25.7,25.72,25.69,6519,0
2025-06-07 01:00:00,1.17,7.92,17.56,18.16,13.9,27.56,20.24,18.38,17.25,17.93,16.68,27.67,28.29,27.11,30.1,30.42,29.79,29.84,29.94,29.7,28.65,28.66,28.65,27.36,27.45,27.33,26.45,26.51,26.4,25.69,25.69,25.69,6528,0
2025-06-07 00:00:00,1.19,7.95,17.76,18.22,13.92,27.54,20.26,18.37,18.77,19.57,18.03,29.16,29.93,28.41,30.85,31.18,30.53,30.03,30.12,29.94,28.61,28.65,28.54,27.27,27.33,27.21,26.39,26.39,26.38,25.68,25.69,25.68,6517,0
2025-06-06 23:00:00,1.12,8.03,17.88,18.3,13.93,27.52,20.26,18.37,20.58,21.44,19.7,30.93,31.86,30.06,31.58,31.91,31.24,30.18,30.18,30.16,28.49,28.53,28.41,27.15,27.21,27.09,26.33,26.39,26.27,25.67,25.69,25.65,6550,0
2025-06-06 22:00:00,1.11,8.03,18,18.33,13.93,27.53,20.25,18.39,23.43,25.69,21.7,33.09,34.15,32.07,32.22,32.46,31.95,30.16,30.18,30.09,28.32,28.41,28.19,27.03,27.09,26.97,26.27,26.29,26.27,25.64,25.67,25.62,6577,0
2025-06-06 21:00:00,1.03,8.18,18.13,18.41,13.91,27.54,20.26,18.42,29.97,34.11,26.27,35.24,36.09,34.32,32.67,32.78,32.54,29.96,30.06,29.82,28.08,28.18,27.94,26.91,26.97,26.86,26.25,26.27,26.22,25.63,25.67,25.61,6628,1957
2025-06-06 20:00:00,0.8,8.34,18.25,18.45,13.94,27.54,20.31,18.41,38.7,39.83,35.38,36.79,37.5,36.2,32.87,32.9,32.79,29.61,29.82,29.45,27.81,27.94,27.7,26.79,26.86,26.74,26.18,26.21,26.16,25.64,25.67,25.62,6731,6969
2025-06-06 19:00:00,0.87,8.4,18.34,18.46,13.92,27.56,20.33,18.37,37.36,39.16,35.72,38.82,39.78,37.75,32.78,32.89,32.63,29.17,29.37,28.97,27.54,27.69,27.45,26.71,26.74,26.64,26.16,26.18,26.16,25.67,25.68,25.65,6822,7197
2025-06-06 18:00:00,0.62,8.63,18.47,18.43,13.92,27.54,20.33,18.37,47.76,51.13,40.23,39.96,40,39.88,32.21,32.55,31.83,28.62,28.88,28.37,27.29,27.42,27.21,26.62,26.62,26.62,26.16,26.18,26.16,25.68,25.69,25.67,6838,8509
2025-06-06 17:00:00,0.67,8.76,18.46,18.38,13.92,27.53,20.3,18.37,50.76,51.1,50.05,39.46,39.84,39.04,31.3,31.72,30.81,28.03,28.29,27.78,27.06,27.13,26.99,26.62,26.62,26.61,26.18,26.23,26.16,25.69,25.69,25.68,6844,10148
2025-06-06 16:00:00,0.82,8.88,18.32,18.33,13.92,27.56,20.26,18.38,49.16,49.47,48.44,38.39,38.93,37.75,30.21,30.76,29.7,27.47,27.69,27.22,26.9,26.99,26.86,26.6,26.62,26.59,26.25,26.27,26.23,25.69,25.69,25.69,6851,10104
2025-06-06 15:00:00,0.97,8.99,18.22,18.26,13.98,27.55,20.26,18.39,48.85,49.32,48.23,36.62,37.63,35.5,28.99,29.59,28.41,26.98,27.21,26.76,26.78,26.85,26.76,26.61,26.62,26.61,26.27,26.27,26.27,25.69,25.69,25.69,6851,10254
2025-06-06 14:00:00,1.12,8.96,18.1,18.19,13.99,27.54,20.26,18.39,47.12,48.27,45.44,33.99,35.27,32.66,27.77,28.29,27.22,26.6,26.75,26.46,26.76,26.76,26.76,26.62,26.63,26.62,26.28,26.31,26.27,25.69,25.71,25.69,6851,10128
2025-06-06 13:00:00,1.29,8.95,17.93,18.15,14,27.57,20.28,18.39,42.58,45.32,38.93,31.29,32.43,30.3,26.68,27.13,26.28,26.34,26.41,26.28,26.76,26.78,26.76,26.69,26.74,26.63,26.35,26.39,26.32,25.69,25.72,25.69,6849,10223
2025-06-06 12:00:00,1.32,8.86,17.81,18.08,13.95,27.57,20.28,18.39,38.4,39.75,37.28,28.81,30.08,27.34,25.78,26.16,25.43,26.27,26.28,26.26,26.86,26.87,26.82,26.76,26.82,26.74,26.39,26.39,26.38,25.7,25.73,25.69,6844,9907
2025-06-06 11:00:00,1.28,8.74,17.64,18.05,13.96,27.58,20.29,18.39,34.9,37.04,33.61,25.69,27.06,24.39,25.09,25.33,24.86,26.3,26.39,26.27,26.98,27.03,26.9,26.86,26.86,26.85,26.39,26.4,26.39,25.7,25.72,25.69,6851,10286
2025-06-06 10:00:00,1.55,8.49,17.51,18.03,13.98,27.56,20.31,18.39,31.59,33.34,28.64,22.99,24.16,21.9,24.78,24.86,24.74,26.45,26.53,26.39,27.14,27.23,27.08,26.94,26.97,26.86,26.41,26.44,26.39,25.69,25.71,25.69,6844,10435
2025-06-06 09:00:00,1.61,8.19,17.42,17.98,13.97,27.57,20.28,18.39,22.09,27.97,17.17,21.2,21.7,20.96,24.85,25.01,24.74,26.73,26.87,26.59,27.3,27.37,27.23,26.99,27.06,26.97,26.46,26.49,26.42,25.69,25.69,25.69,6838,10250
2025-06-06 08:00:00,1.34,8.02,17.39,17.94,13.97,27.52,20.28,18.39,14.83,16.76,13.15,20.99,21.08,20.96,25.27,25.5,25.09,27.1,27.28,26.95,27.51,27.58,27.45,27.09,27.09,27.07,26.48,26.5,26.46,25.69,25.69,25.69,6802,7099
2025-06-06 07:00:00,1.3,8,17.39,17.97,13.98,27.56,20.27,18.38,12.14,12.92,11.85,21.43,21.78,21.17,25.81,26.04,25.56,27.49,27.67,27.34,27.68,27.78,27.58,27.12,27.17,27.09,26.47,26.5,26.47,25.69,25.69,25.69,6550,6850
2025-06-06 06:00:00,1.29,8,17.42,17.98,13.95,27.55,20.28,18.37,12.19,12.44,11.87,22.16,22.5,21.78,26.37,26.63,26.11,27.84,28.03,27.69,27.86,27.94,27.81,27.2,27.21,27.18,26.42,26.45,26.41,25.68,25.69,25.67,6493,1508
2025-06-06 05:00:00,1.25,7.98,17.47,18.03,13.9,27.53,20.28,18.45,12.8,13.15,12.46,22.96,23.32,22.61,26.96,27.22,26.67,28.19,28.4,28.05,28.01,28.06,27.94,27.21,27.21,27.21,26.4,26.41,26.39,25.61,25.67,25.58,6499,0
2025-06-06 04:00:00,1.24,8,17.54,18.09,13.89,27.52,20.26,18.44,13.54,13.96,13.15,23.86,24.27,23.44,27.58,27.91,27.29,28.53,28.68,28.4,28.14,28.18,28.06,27.21,27.21,27.21,26.39,26.39,26.38,25.57,25.58,25.57,6506,0
2025-06-06 03:00:00,1.23,8.07,17.61,18.13,13.87,27.51,20.26,18.42,14.5,15.04,14.02,24.84,25.33,24.39,28.24,28.52,27.93,28.87,29,28.75,28.24,28.29,28.18,27.2,27.21,27.18,26.32,26.38,26.27,25.57,25.57,25.56,6513,0
2025-06-06 02:00:00,1.22,8.07,17.71,18.23,13.9,27.51,20.25,18.4,15.57,16.11,15.06,25.94,26.51,25.44,28.93,29.23,28.64,29.16,29.3,29,28.29,28.29,28.29,27.11,27.18,27.09,26.27,26.27,26.27,25.55,25.57,25.51,6522,0
2025-06-06 01:00:00,1.19,8.03,17.74,18.24,13.88,27.49,20.29,18.39,16.86,17.51,16.23,27.18,27.82,26.62,29.65,29.97,29.31,29.43,29.53,29.35,28.29,28.29,28.29,27.07,27.09,27,26.2,26.26,26.16,25.49,25.53,25.46,6528,0
2025-06-06 00:00:00,1.23,8.06,17.89,18.29,13.86,27.52,20.31,18.38,18.2,18.83,17.64,28.63,29.36,27.93,30.39,30.76,30.06,29.63,29.7,29.55,28.23,28.29,28.18,26.97,26.99,26.91,26.15,26.16,26.1,25.45,25.49,25.45,6533,0
2025-06-05 23:00:00,1.2,8.14,18.08,18.35,13.87,27.5,20.28,18.37,19.78,20.84,18.95,30.43,31.36,29.55,31.12,31.47,30.77,29.7,29.73,29.7,28.11,28.18,28.06,26.86,26.89,26.81,26.05,26.09,26.04,25.45,25.46,25.45,6550,0
2025-06-05 22:00:00,1.14,8.17,18.21,18.43,13.86,27.5,20.26,18.38,22.94,25.21,21.08,32.59,33.62,31.59,31.74,31.95,31.48,29.69,29.71,29.62,27.93,28.05,27.82,26.72,26.77,26.63,26.04,26.04,26.03,25.45,25.45,25.45,6577,0
2025-06-05 21:00:00,1.07,8.29,18.33,18.49,13.88,27.51,20.27,18.39,29.46,34.03,25.69,34.71,35.5,33.84,32.16,32.29,31.99,29.52,29.59,29.39,27.7,27.82,27.58,26.6,26.63,26.52,25.96,26.03,25.92,25.45,25.45,25.45,6631,1926
2025-06-05 20:00:00,0.82,8.45,18.46,18.55,13.88,27.57,20.27,18.39,38.68,39.64,35.38,36.13,36.8,35.61,32.31,32.32,32.3,29.17,29.35,29,27.44,27.58,27.34,26.49,26.52,26.44,25.92,25.93,25.92,25.45,25.46,25.45,6720,6965
2025-06-05 19:00:00,0.87,8.55,18.54,18.52,13.87,27.55,20.27,18.4,36.7,39.25,34.81,38.02,38.93,36.91,32.23,32.31,32.07,28.75,29,28.52,27.16,27.3,27.02,26.39,26.44,26.38,25.92,25.93,25.92,25.45,25.46,25.45,6820,8280
2025-06-05 18:00:00,0.69,8.74,18.64,18.51,13.87,27.55,20.27,18.42,46.44,49.69,39.29,39.07,39.16,38.93,31.66,32,31.28,28.19,28.48,27.93,26.91,26.99,26.79,26.32,26.38,26.27,25.92,25.92,25.92,25.46,25.47,25.45,6838,7374
2025-06-05 17:00:00,0.65,8.89,18.61,18.47,13.89,27.52,20.29,18.44,49.41,49.81,48.98,38.56,38.93,38.13,30.79,31.24,30.3,27.61,27.87,27.34,26.69,26.76,26.62,26.27,26.27,26.27,25.92,25.93,25.92,25.5,25.55,25.47,6847,10238
2025-06-05 16:00:00,0.78,9.03,18.47,18.39,13.87,27.51,20.29,18.45,47.97,48.7,47.21,37.47,38.08,36.8,29.72,30.23,29.21,27.05,27.31,26.84,26.51,26.59,26.45,26.27,26.27,26.26,25.97,25.99,25.93,25.55,25.57,25.52,6851,10234
2025-06-05 15:00:00,0.96,9.07,18.4,18.34,13.91,27.52,20.3,18.46,46.8,47.56,45.91,35.71,36.68,34.68,28.53,29.11,27.98,26.55,26.76,26.39,26.4,26.45,26.39,26.27,26.27,26.27,26.03,26.04,26,25.57,25.57,25.57,6851,10297
2025-06-05 14:00:00,1.14,9.08,18.28,18.32,13.91,27.56,20.33,18.47,44.75,45.55,43.2,33.41,34.56,32.3,27.34,27.9,26.82,26.14,26.3,26.04,26.37,26.4,26.34,26.28,26.32,26.27,26.04,26.04,26.04,25.57,25.57,25.57,6851,10167
2025-06-05 13:00:00,1.37,9.14,18.15,18.27,13.91,27.57,20.34,18.48,42.15,43.25,40.62,30.84,32.07,29.47,26.23,26.75,25.77,25.88,25.99,25.8,26.39,26.4,26.35,26.38,26.38,26.34,26.07,26.11,26.04,25.57,25.58,25.57,6849,10431
2025-06-05 12:00:00,1.49,8.98,17.98,18.2,13.95,27.56,20.33,18.49,36.77,40.23,33.84,27.94,29.23,26.63,25.29,25.69,24.98,25.8,25.8,25.79,26.43,26.51,26.4,26.42,26.49,26.38,26.14,26.16,26.11,25.57,25.58,25.57,6849,10215
2025-06-05 11:00:00,1.32,8.85,17.78,18.16,13.96,27.59,20.33,18.5,32.86,33.5,32.08,25.18,26.4,23.94,24.66,24.87,24.49,25.82,25.88,25.8,26.54,26.63,26.52,26.5,26.52,26.5,26.16,26.16,26.16,25.58,25.61,25.57,6847,10451
2025-06-05 10:00:00,1.58,8.61,17.64,18.17,13.97,27.54,20.32,18.5,30.06,31.75,27.58,22.64,23.76,21.61,24.37,24.44,24.35,25.96,26.04,25.91,26.68,26.76,26.64,26.58,26.62,26.51,26.19,26.24,26.16,25.59,25.61,25.57,6847,10325
2025-06-05 09:00:00,1.63,8.31,17.55,18.09,13.98,27.52,20.27,18.48,21.38,26.86,16.82,20.99,21.43,20.8,24.45,24.62,24.35,26.22,26.39,26.04,26.83,26.88,26.76,26.63,26.66,26.62,26.24,26.27,26.21,25.6,25.61,25.58,6840,10286
2025-06-05 08:00:00,1.39,8.14,17.56,18.04,13.93,27.53,20.25,18.44,14.66,16.45,13.05,20.84,21.01,20.76,24.84,25.09,24.62,26.56,26.73,26.4,26.99,27.1,26.89,26.73,26.74,26.7,26.27,26.27,26.27,25.58,25.6,25.57,6804,7110
2025-06-05 07:00:00,1.37,8.13,17.59,18.03,13.91,27.52,20.25,18.42,12.44,12.92,12.23,21.38,21.73,21.08,25.34,25.57,25.09,26.88,27,26.75,27.15,27.23,27.1,26.76,26.78,26.74,26.27,26.27,26.27,25.57,25.58,25.57,6550,6835
2025-06-05 06:00:00,1.31,8.16,17.64,18.08,13.89,27.5,20.26,18.44,12.88,13.39,12.48,22.19,22.59,21.78,25.85,26.04,25.6,27.19,27.34,27.09,27.29,27.35,27.23,26.84,26.86,26.8,26.27,26.27,26.27,25.57,25.58,25.57,6502,594
2025-06-05 05:00:00,1.32,8.16,17.68,18.13,13.85,27.5,20.25,18.39,14.03,14.45,13.51,23,23.43,22.62,26.35,26.58,26.14,27.47,27.58,27.34,27.43,27.47,27.35,26.86,26.86,26.85,26.26,26.27,26.24,25.57,25.57,25.57,6506,0
2025-06-05 04:00:00,1.31,8.2,17.73,18.17,13.86,27.49,20.3,18.37,15.29,16.15,14.56,23.85,24.26,23.45,26.85,27.1,26.63,27.74,27.86,27.61,27.53,27.58,27.47,26.86,26.86,26.86,26.21,26.26,26.18,25.57,25.57,25.56,6517,0
2025-06-05 03:00:00,1.3,8.24,17.81,18.2,13.89,27.48,20.33,18.37,16.81,17.45,16.31,24.66,25.02,24.28,27.35,27.58,27.1,28,28.13,27.89,27.6,27.64,27.58,26.86,26.86,26.86,26.16,26.18,26.16,25.57,25.57,25.56,6528,0
2025-06-05 02:00:00,1.34,8.26,17.87,18.26,13.88,27.48,20.32,18.36,18.24,18.7,17.62,25.44,25.81,25.1,27.87,28.16,27.62,28.25,28.39,28.16,27.68,27.7,27.66,26.83,26.86,26.8,26.15,26.16,26.13,25.56,25.57,25.55,6537,0
2025-06-05 01:00:00,1.33,8.28,17.94,18.31,13.88,27.5,20.32,18.36,19.09,19.54,18.73,26.27,26.65,25.92,28.44,28.74,28.17,28.46,28.52,28.4,27.7,27.7,27.68,26.75,26.78,26.74,26.08,26.13,26.04,25.55,25.57,25.53,6542,0
2025-06-05 00:00:00,1.32,8.21,18.05,18.37,13.89,27.49,20.31,18.35,19.95,20.12,19.66,27.23,27.76,26.75,29.03,29.33,28.76,28.61,28.66,28.52,27.61,27.68,27.58,26.68,26.74,26.62,26.04,26.05,26.04,25.54,25.56,25.52,6528,0
2025-06-04 23:00:00,1.29,8.24,18.08,18.41,13.87,27.48,20.29,18.35,19.15,19.77,18.59,28.68,29.47,27.92,29.67,29.94,29.35,28.74,28.76,28.68,27.53,27.58,27.47,26.61,26.62,26.55,26.04,26.04,26.03,25.54,25.56,25.52,6564,0
2025-06-04 22:00:00,1.18,8.37,18.22,18.46,13.84,27.55,20.27,18.35,21.87,24.03,20,30.54,31.36,29.71,30.21,30.42,29.98,28.71,28.76,28.64,27.4,27.47,27.34,26.51,26.55,26.49,26.01,26.04,25.99,25.56,25.57,25.54,6599,0
2025-06-04 21:00:00,1.15,8.44,18.38,18.49,13.86,27.52,20.29,18.36,27.12,30.18,24.5,32.29,32.97,31.53,30.55,30.65,30.42,28.55,28.64,28.42,27.2,27.32,27.11,26.41,26.49,26.38,25.96,25.99,25.92,25.57,25.57,25.56,6666,1071
2025-06-04 20:00:00,0.94,8.5,18.54,18.54,13.85,27.48,20.29,18.36,34.09,35.4,31.01,33.51,33.97,33.03,30.67,30.7,30.65,28.26,28.4,28.08,26.98,27.11,26.87,26.33,26.38,26.27,25.95,25.97,25.94,25.57,25.57,25.57,6784,7039
2025-06-04 19:00:00,0.95,8.59,18.6,18.52,13.89,27.47,20.29,18.37,33.85,35.27,32.93,34.82,35.56,34.08,30.6,30.67,30.5,27.87,28.05,27.69,26.76,26.87,26.64,26.26,26.27,26.25,25.98,26.01,25.95,25.57,25.6,25.57,6822,9372
2025-06-04 18:00:00,0.9,8.84,18.59,18.51,13.85,27.49,20.29,18.36,38.25,43.78,34.66,36.03,36.21,35.68,30.17,30.42,29.84,27.41,27.65,27.13,26.55,26.64,26.48,26.22,26.26,26.18,26.03,26.04,26.01,25.63,25.67,25.57,6838,9285
2025-06-04 17:00:00,0.8,8.97,18.59,18.49,13.91,27.52,20.33,18.34,44.17,44.75,43.19,35.84,36.09,35.62,29.4,29.82,29,26.87,27.1,26.63,26.37,26.42,26.28,26.18,26.19,26.16,26.04,26.04,26.04,25.69,25.69,25.68,6842,10404
2025-06-04 16:00:00,0.92,9.01,18.54,18.45,13.9,27.5,20.33,18.36,43.42,44.25,42.48,35.06,35.5,34.56,28.43,28.88,27.93,26.39,26.63,26.16,26.24,26.28,26.17,26.21,26.26,26.18,26.07,26.16,26.04,25.69,25.69,25.69,6849,10498
2025-06-04 15:00:00,1.05,9.09,18.46,18.44,13.92,27.49,20.33,18.37,43.13,43.78,42.6,33.64,34.43,32.75,27.33,27.86,26.79,25.95,26.16,25.8,26.17,26.17,26.16,26.27,26.27,26.25,26.16,26.16,26.14,25.71,25.75,25.69,6849,10424
2025-06-04 14:00:00,1.25,9.21,18.34,18.36,13.91,27.51,20.29,18.36,42.15,42.81,41.08,31.39,32.55,30.18,26.2,26.75,25.69,25.6,25.73,25.46,26.16,26.17,26.14,26.33,26.38,26.27,26.22,26.27,26.17,25.79,25.81,25.77,6849,10431
2025-06-04 13:00:00,1.45,9.12,18.18,18.31,13.92,27.54,20.26,18.3,39.01,40.64,36.68,28.68,29.95,27.46,25.14,25.57,24.73,25.39,25.45,25.33,26.18,26.23,26.17,26.4,26.49,26.38,26.27,26.29,26.27,25.81,25.81,25.81,6849,10384
2025-06-04 12:00:00,1.44,9.01,17.95,18.29,13.91,27.56,20.29,18.3,33.9,35.98,31.6,25.99,27.22,24.73,24.32,24.62,24.03,25.33,25.33,25.33,26.3,26.38,26.28,26.5,26.53,26.47,26.34,26.39,26.29,25.81,25.81,25.81,6847,10506
2025-06-04 11:00:00,1.38,8.8,17.78,18.22,13.91,27.49,20.3,18.32,29.8,31.13,28.18,23.4,24.5,22.38,23.79,24,23.67,25.41,25.45,25.34,26.44,26.52,26.39,26.61,26.63,26.56,26.39,26.4,26.39,25.82,25.86,25.81,6847,10561
2025-06-04 10:00:00,1.57,8.61,17.69,18.19,13.93,27.49,20.3,18.28,26.66,28.53,24.15,21.17,22.14,20.34,23.56,23.61,23.56,25.59,25.68,25.49,26.59,26.66,26.52,26.71,26.74,26.63,26.45,26.51,26.39,25.87,25.92,25.84,6842,10455
2025-06-04 09:00:00,1.55,8.44,17.61,18.19,13.94,27.49,20.28,18.27,19.15,23.54,15.52,19.71,20.14,19.43,23.65,23.79,23.56,25.86,26.04,25.69,26.79,26.87,26.69,26.81,26.86,26.74,26.51,26.51,26.51,25.91,25.92,25.89,6838,10628
2025-06-04 08:00:00,1.38,8.22,17.56,18.13,13.92,27.48,20.28,18.28,13.07,15.16,11.26,19.43,19.54,19.4,24.04,24.27,23.84,26.22,26.39,26.04,26.97,27.07,26.87,26.9,26.97,26.86,26.51,26.52,26.51,25.92,25.92,25.9,6822,8769
2025-06-04 07:00:00,1.24,8.22,17.59,18.11,13.9,27.5,20.29,18.28,10.49,11.04,10.31,19.84,20.12,19.57,24.53,24.74,24.27,26.57,26.74,26.39,27.17,27.23,27.11,26.98,27.03,26.97,26.55,26.58,26.51,25.92,25.92,25.92,6546,6839
2025-06-04 06:00:00,1.2,8.17,17.68,18.13,13.9,27.46,20.29,18.28,10.66,10.91,10.43,20.5,20.83,20.17,25.04,25.27,24.84,26.9,27.09,26.75,27.34,27.44,27.24,27.08,27.09,27.02,26.61,26.63,26.58,25.92,25.92,25.92,6488,811
2025-06-04 05:00:00,1.22,8.15,17.73,18.17,13.88,27.47,20.29,18.28,11.25,11.52,11.01,21.22,21.55,20.86,25.57,25.8,25.33,27.23,27.35,27.1,27.51,27.58,27.47,27.11,27.16,27.09,26.62,26.63,26.61,25.92,25.92,25.92,6497,0
2025-06-04 04:00:00,1.29,8.2,17.78,18.21,13.87,27.48,20.29,18.28,11.97,12.4,11.61,22.06,22.49,21.67,26.12,26.39,25.88,27.55,27.69,27.41,27.65,27.7,27.58,27.19,27.21,27.17,26.63,26.63,26.62,25.92,25.92,25.92,6506,0
2025-06-04 03:00:00,1.29,8.2,17.82,18.26,13.85,27.44,20.29,18.28,13.05,13.64,12.46,22.96,23.36,22.55,26.68,26.96,26.39,27.83,27.94,27.69,27.77,27.82,27.7,27.21,27.21,27.21,26.62,26.63,26.62,25.92,25.92,25.92,6519,0
2025-06-04 02:00:00,1.32,8.24,17.89,18.28,13.83,27.44,20.29,18.26,14.36,14.9,13.85,23.9,24.39,23.44,27.25,27.5,26.99,28.11,28.24,28,27.84,27.91,27.82,27.21,27.21,27.21,26.62,26.63,26.61,25.92,25.92,25.92,6530,0
2025-06-04 01:00:00,1.27,8.31,17.96,18.34,13.79,27.45,20.29,18.26,15.95,16.92,15.02,24.89,25.33,24.42,27.83,28.07,27.58,28.35,28.43,28.28,27.93,27.94,27.9,27.21,27.21,27.21,26.61,26.63,26.61,25.92,25.92,25.92,6539,0
2025-06-04 00:00:00,1.3,8.31,18.04,18.42,13.81,27.46,20.29,18.27,17.34,17.87,16.94,25.97,26.51,25.45,28.42,28.66,28.17,28.54,28.64,28.48,27.94,27.94,27.93,27.19,27.21,27.18,26.59,26.61,26.56,25.92,25.92,25.92,6528,0
2025-06-03 23:00:00,1.29,8.29,18.15,18.45,13.83,27.45,20.28,18.27,18.68,19.29,18,27.27,27.93,26.63,29,29.23,28.76,28.66,28.72,28.64,27.89,27.94,27.83,27.11,27.16,27.09,26.58,26.59,26.57,25.92,25.92,25.92,6577,0
2025-06-03 22:00:00,1.24,8.35,18.2,18.5,13.85,27.44,20.28,18.28,20.4,21.39,19.54,28.77,29.59,28.05,29.54,29.75,29.31,28.71,28.74,28.66,27.81,27.82,27.78,27.09,27.09,27.09,26.58,26.6,26.57,25.92,25.93,25.92,6624,0
2025-06-03 21:00:00,1.22,8.49,18.29,18.54,13.87,27.44,20.29,18.29,23.44,25.69,21.55,30.5,31.25,29.71,29.93,30.06,29.82,28.61,28.66,28.52,27.7,27.76,27.64,27.08,27.09,27.06,26.6,26.61,26.57,25.93,25.96,25.92,6693,917
2025-06-03 20:00:00,1.08,8.58,18.42,18.57,13.87,27.45,20.29,18.29,29.11,31.01,26.39,31.94,32.55,31.36,30.1,30.14,30.06,28.41,28.52,28.29,27.57,27.62,27.5,27.04,27.08,27,26.62,26.63,26.61,25.98,26.01,25.95,6822,7087
2025-06-03 19:00:00,1.03,8.63,18.48,18.56,13.82,27.45,20.29,18.27,30.83,32.31,30.05,33.4,34.08,32.66,30.02,30.09,29.91,28.12,28.29,27.95,27.46,27.48,27.42,27.02,27.05,27,26.63,26.64,26.63,26.03,26.04,26.01,6822,7930
2025-06-03 18:00:00,0.89,8.81,18.53,18.58,13.82,27.45,20.3,18.27,37.25,39.8,33.14,34.28,34.32,34.16,29.58,29.85,29.25,27.77,27.93,27.58,27.36,27.41,27.35,27.07,27.09,27.04,26.65,26.71,26.63,26.04,26.04,26.03,6838,9978
2025-06-03 17:00:00,0.91,8.93,18.57,18.56,13.81,27.44,20.27,18.28,40.9,41.84,40.11,33.98,34.32,33.59,28.85,29.23,28.49,27.43,27.58,27.29,27.34,27.35,27.34,27.09,27.09,27.09,26.73,26.75,26.68,26.04,26.04,26.04,6842,10467
2025-06-03 16:00:00,1.02,9.02,18.49,18.51,13.81,27.45,20.29,18.28,40.66,41.77,39.4,32.9,33.48,32.31,27.98,28.41,27.58,27.14,27.24,27.07,27.34,27.35,27.33,27.11,27.17,27.09,26.75,26.75,26.75,26.05,26.06,26.04,6847,10498
2025-06-03 15:00:00,1.16,9.12,18.38,18.48,13.83,27.46,20.27,18.23,40.81,42.01,39.64,30.93,32.12,29.64,27.08,27.46,26.75,26.99,27.09,26.96,27.35,27.35,27.35,27.2,27.21,27.17,26.79,26.85,26.75,26.08,26.13,26.06,6838,10124
2025-06-03 14:00:00,1.35,8.99,18.25,18.45,13.83,27.44,20.26,18.21,38.15,40,35.03,27.99,29.35,26.75,26.38,26.64,26.16,26.94,26.97,26.91,27.41,27.47,27.36,27.26,27.33,27.21,26.86,26.86,26.84,26.13,26.15,26.11,6849,10609
2025-06-03 13:00:00,1.42,8.81,18.16,18.44,13.87,27.45,20.28,18.2,31.16,33.61,28.9,25.83,26.63,25.11,26.07,26.16,26.02,26.98,27.02,26.95,27.51,27.58,27.47,27.34,27.4,27.33,26.87,26.89,26.86,26.15,26.16,26.15,6847,10652
2025-06-03 12:00:00,1.44,8.66,18.09,18.37,13.89,27.46,20.28,18.2,25.72,28.17,23.32,24.69,25.07,24.39,26.02,26.04,26,27.13,27.22,27.07,27.64,27.7,27.58,27.44,27.46,27.4,26.94,26.98,26.9,26.16,26.16,26.15,6844,10652
2025-06-03 11:00:00,1.43,8.52,18.06,18.38,13.87,27.46,20.3,18.22,22.79,23.68,21.55,24.15,24.39,24.03,26.09,26.16,26.04,27.33,27.46,27.24,27.79,27.82,27.71,27.53,27.57,27.45,26.98,26.98,26.97,26.16,26.16,26.15,6838,9143
2025-06-03 10:00:00,1.41,8.44,18.03,18.39,13.87,27.47,20.31,18.22,20.35,21.16,20.01,24.03,24.03,24.03,26.28,26.39,26.16,27.55,27.69,27.46,27.94,28.04,27.85,27.6,27.67,27.57,26.99,27.01,26.98,26.16,26.16,26.16,6838,10112
2025-06-03 09:00:00,1.46,8.4,18.01,18.4,13.86,27.46,20.29,18.22,19.68,20.25,18.89,24.04,24.15,24.02,26.51,26.63,26.39,27.77,27.89,27.69,28.1,28.18,28.04,27.68,27.71,27.68,27.02,27.05,26.98,26.16,26.16,26.16,6737,7024
2025-06-03 08:00:00,1.4,8.4,18,18.39,13.87,27.42,20.26,18.21,18.83,18.83,18.78,24.26,24.39,24.15,26.82,26.97,26.69,28.02,28.16,27.92,28.25,28.31,28.18,27.77,27.8,27.71,27.07,27.09,27.06,26.16,26.16,26.16,6550,6823
2025-06-03 07:00:00,1.45,8.4,18.04,18.44,13.91,27.43,20.24,18.2,18.9,19.06,18.81,24.56,24.74,24.4,27.11,27.29,26.99,28.27,28.4,28.17,28.41,28.52,28.34,27.81,27.85,27.8,27.09,27.1,27.09,26.15,26.16,26.15,6519,6724
2025-06-03 06:00:00,1.47,8.44,18.08,18.47,13.88,27.38,20.23,18.2,19.02,19.06,18.95,24.92,25.1,24.74,27.45,27.61,27.32,28.52,28.64,28.4,28.57,28.65,28.51,27.91,27.92,27.86,27.1,27.1,27.09,26.15,26.16,26.12,6517,0
2025-06-03 05:00:00,1.4,8.38,18.11,18.5,13.84,27.37,20.23,18.21,19.33,19.52,19.06,25.32,25.49,25.14,27.82,28,27.69,28.8,28.91,28.67,28.71,28.77,28.65,27.92,27.93,27.92,27.09,27.1,27.09,26.12,26.15,26.09,6524,0
2025-06-03 04:00:00,1.41,8.37,18.14,18.55,13.82,27.4,20.26,18.24,19.72,20,19.42,25.71,25.92,25.57,28.21,28.41,28.05,29.07,29.23,28.96,28.84,28.89,28.77,27.93,27.95,27.92,27.07,27.09,27.05,26.07,26.13,26.05,6528,0
2025-06-03 03:00:00,1.34,8.39,18.19,18.57,13.83,27.4,20.28,18.27,20.08,20.12,20.01,26.09,26.28,25.92,28.66,28.88,28.41,29.36,29.47,29.23,28.96,29,28.89,27.95,27.99,27.94,27.01,27.04,26.98,26.04,26.06,26.04,6533,0
2025-06-03 02:00:00,1.4,8.29,18.25,18.58,13.84,27.4,20.3,18.27,19.83,20.01,19.66,26.58,26.89,26.29,29.17,29.46,28.91,29.64,29.79,29.49,29.02,29.1,29,27.94,27.97,27.92,26.98,27.01,26.98,26.04,26.04,26.04,6537,0
2025-06-03 01:00:00,1.38,8.26,18.25,18.62,13.81,27.36,20.28,18.24,19.67,20.01,19.54,27.39,27.82,26.99,29.77,30.06,29.47,29.91,30.03,29.82,29.11,29.12,29.09,27.92,27.93,27.92,26.98,26.98,26.98,26.04,26.04,26.04,6542,0
2025-06-03 00:00:00,1.29,8.27,18.38,18.68,13.81,27.36,20.25,18.22,20.32,20.72,20.07,28.43,29,27.93,30.39,30.65,30.08,30.14,30.23,30.06,29.12,29.12,29.12,27.91,27.92,27.88,26.94,26.98,26.89,26.03,26.04,26.03,6528,0
2025-06-02 23:00:00,1.27,8.29,18.55,18.75,13.82,27.4,20.25,18.22,21.39,21.98,20.84,29.68,30.36,29.08,31.01,31.26,30.76,30.31,30.36,30.29,29.06,29.12,29.01,27.81,27.86,27.8,26.87,26.89,26.86,26.02,26.04,26.01,6550,0
2025-06-02 22:00:00,1.27,8.39,18.63,18.77,13.85,27.38,20.24,18.21,22.78,23.68,22.14,31.27,32.07,30.51,31.6,31.83,31.36,30.4,30.41,30.36,28.98,29,28.91,27.75,27.8,27.68,26.86,26.86,26.86,26,26.02,25.98,6591,0
2025-06-02 21:00:00,1.2,8.38,18.73,18.84,13.84,27.41,20.23,18.21,25.85,28.66,23.91,33.09,33.84,32.29,32.05,32.2,31.88,30.35,30.41,30.3,28.85,28.89,28.77,27.68,27.69,27.65,26.85,26.86,26.84,25.99,26.01,25.97,6660,1355
2025-06-02 20:00:00,0.97,8.47,18.85,18.87,13.83,27.41,20.24,18.22,33.3,35.15,29.71,34.42,34.91,33.96,32.33,32.43,32.24,30.17,30.3,30.06,28.69,28.77,28.63,27.58,27.63,27.57,26.83,26.85,26.81,25.99,26.01,25.98,6766,7012
2025-06-02 19:00:00,1.03,8.59,18.94,18.87,13.86,27.38,20.24,18.22,32.72,34.79,31.25,35.92,36.68,35.06,32.41,32.43,32.32,29.9,30.06,29.78,28.51,28.62,28.41,27.56,27.57,27.54,26.82,26.84,26.79,26,26.03,25.98,6826,7646
2025-06-02 18:00:00,0.9,8.76,18.99,18.88,13.86,27.39,20.24,18.21,39.06,41.98,34.2,36.99,37.16,36.8,32.16,32.31,31.96,29.55,29.71,29.36,28.35,28.41,28.29,27.48,27.52,27.46,26.82,26.85,26.81,26.02,26.04,26.01,6838,9120
2025-06-02 17:00:00,0.92,8.88,19.03,18.9,13.84,27.38,20.23,18.24,42.74,44.61,40,36.92,37.15,36.8,31.67,31.95,31.37,29.15,29.35,29,28.19,28.28,28.16,27.45,27.46,27.45,26.85,26.86,26.85,26.03,26.04,26.02,6838,10262
2025-06-02 16:00:00,1.03,8.93,19.02,18.84,13.86,27.39,20.24,18.24,41.1,42.12,40.11,36.77,36.91,36.57,31,31.35,30.65,28.77,28.96,28.61,28.07,28.12,28.06,27.45,27.45,27.45,26.86,26.86,26.86,26.04,26.04,26.04,6844,10329
2025-06-02 15:00:00,1.12,9.05,18.9,18.81,13.84,27.37,20.27,18.25,43.17,44.18,42.07,35.84,36.5,35.07,30.16,30.56,29.71,28.4,28.54,28.26,28,28.06,27.95,27.47,27.51,27.46,26.86,26.86,26.86,26.04,26.04,26.04,6844,10081
2025-06-02 14:00:00,1.3,9.01,18.82,18.74,13.86,27.35,20.24,18.25,42.22,43.52,40.4,34.1,34.91,33.37,29.23,29.69,28.86,28.09,28.17,28,27.95,27.96,27.94,27.56,27.57,27.53,26.9,26.95,26.87,26.04,26.04,26.04,6849,10234
2025-06-02 13:00:00,1.4,9.08,18.71,18.71,13.84,27.38,20.27,18.25,40.33,41.06,39.52,32.21,33.23,31.13,28.36,28.76,27.95,27.92,27.98,27.86,28.03,28.06,27.97,27.57,27.59,27.57,26.96,26.98,26.94,26.04,26.04,26.04,6847,10171
2025-06-02 12:00:00,1.47,8.99,18.56,18.68,13.86,27.37,20.29,18.25,36.2,39.05,33.97,29.85,30.89,28.75,27.63,27.93,27.34,27.84,27.89,27.82,28.1,28.18,28.06,27.66,27.68,27.61,26.98,26.98,26.98,26.04,26.04,26.04,6849,10463
2025-06-02 11:00:00,1.36,8.83,18.43,18.63,13.84,27.35,20.3,18.25,32.67,33.61,31.78,27.52,28.53,26.53,27.14,27.33,26.99,27.93,27.94,27.92,28.22,28.29,28.18,27.72,27.8,27.68,26.98,27,26.98,26.04,26.04,26.04,6847,10538
2025-06-02 10:00:00,1.48,8.71,18.32,18.61,13.89,27.33,20.29,18.25,29.48,31.53,25.81,25.64,26.4,25.1,26.99,26.99,26.99,28.08,28.17,27.98,28.36,28.42,28.29,27.8,27.82,27.8,26.98,27,26.98,26.04,26.04,26.04,6847,10443
2025-06-02 09:00:00,1.44,8.55,18.27,18.58,13.86,27.3,20.28,18.24,23.09,25.64,21.45,24.81,24.98,24.69,27.14,27.29,27,28.37,28.52,28.22,28.54,28.65,28.42,27.88,27.92,27.82,27,27.03,26.99,26.03,26.04,26.03,6838,9943
2025-06-02 08:00:00,1.38,8.45,18.28,18.59,13.84,27.28,20.28,18.22,20.3,21.24,19.44,24.66,24.74,24.62,27.49,27.7,27.34,28.68,28.83,28.52,28.7,28.77,28.65,27.93,27.94,27.92,27.02,27.03,26.99,26,26.04,25.99,6706,7012
2025-06-02 07:00:00,1.4,8.41,18.27,18.61,13.83,27.3,20.28,18.22,18.51,19.31,18,24.96,25.21,24.74,27.94,28.17,27.7,28.99,29.12,28.87,28.85,28.91,28.77,28,28.04,27.96,27.01,27.03,26.99,25.95,26.01,25.93,6537,6783
2025-06-02 06:00:00,1.38,8.34,18.31,18.64,13.84,27.31,20.29,18.21,18.45,18.6,18.12,25.58,25.92,25.33,28.45,28.69,28.23,29.31,29.47,29.17,29.01,29.09,28.94,28.04,28.04,28.02,26.98,26.99,26.98,25.92,25.93,25.92,6519,512
2025-06-02 05:00:00,1.35,8.35,18.39,18.66,13.8,27.3,20.27,18.19,18.5,18.83,18.36,26.32,26.71,25.93,28.98,29.23,28.76,29.62,29.76,29.47,29.14,29.23,29.11,28.04,28.04,28.04,26.98,26.98,26.98,25.92,25.92,25.92,6524,0
2025-06-02 04:00:00,1.34,8.28,18.42,18.69,13.76,27.29,20.24,18.17,19.7,20.14,18.95,27.14,27.53,26.75,29.52,29.82,29.24,29.92,30.06,29.82,29.24,29.28,29.23,28.04,28.04,28.04,26.97,26.98,26.92,25.91,25.92,25.89,6528,0
2025-06-02 03:00:00,1.28,8.31,18.49,18.75,13.75,27.27,20.23,18.19,20.66,21.15,20.25,28.01,28.41,27.58,30.1,30.38,29.82,30.21,30.33,30.07,29.34,29.36,29.29,28.03,28.04,28.02,26.88,26.95,26.86,25.84,25.89,25.81,6533,0
2025-06-02 02:00:00,1.29,8.32,18.67,18.82,13.77,27.25,20.24,18.19,21.79,22.26,21.28,28.99,29.47,28.53,30.69,30.99,30.42,30.46,30.55,30.38,29.36,29.36,29.36,27.97,28.04,27.92,26.86,26.86,26.86,25.81,25.83,25.81,6539,0
2025-06-02 01:00:00,1.29,8.35,18.74,18.93,13.79,27.21,20.26,18.19,22.77,23.54,22.35,30.1,30.65,29.57,31.29,31.6,31.01,30.69,30.77,30.61,29.36,29.36,29.36,27.92,27.92,27.89,26.8,26.85,26.75,25.81,25.81,25.81,6542,0
2025-06-02 00:00:00,1.24,8.39,18.83,18.99,13.78,27.24,20.25,18.19,24.44,25.27,23.68,31.33,31.93,30.77,31.89,32.18,31.61,30.85,30.89,30.77,29.33,29.36,29.26,27.82,27.87,27.8,26.75,26.75,26.75,25.8,25.81,25.78,6533,0
2025-06-01 23:00:00,1.23,8.38,18.91,19.07,13.8,27.24,20.25,18.23,26.49,27.58,25.46,32.62,33.25,32.04,32.46,32.71,32.18,30.92,30.97,30.89,29.22,29.28,29.14,27.72,27.8,27.68,26.69,26.74,26.64,25.77,25.8,25.75,6550,0
2025-06-01 22:00:00,1.14,8.37,18.97,19.1,13.83,27.24,20.29,18.22,28.79,29.73,27.78,34.08,34.84,33.37,33.01,33.25,32.78,30.91,30.98,30.89,29.06,29.12,29,27.62,27.68,27.57,26.63,26.66,26.63,25.73,25.78,25.7,6577,0
2025-06-01 21:00:00,1.06,8.49,19.06,19.11,13.83,27.24,20.27,18.22,31.52,33.61,29.83,35.85,36.66,35.03,33.43,33.61,33.25,30.79,30.89,30.66,28.86,28.99,28.77,27.51,27.57,27.45,26.62,26.63,26.61,25.72,25.75,25.7,6624,791
2025-06-01 20:00:00,0.92,8.62,19.16,19.1,13.84,27.23,20.27,18.22,37.09,39.52,34.18,37.47,38.21,36.8,33.63,33.68,33.61,30.51,30.65,30.32,28.63,28.77,28.53,27.42,27.45,27.35,26.6,26.63,26.58,25.72,25.75,25.7,6720,6969
2025-06-01 19:00:00,0.88,8.7,19.24,19.06,13.85,27.23,20.26,18.22,40.27,41.6,39.52,39.08,39.8,38.34,33.56,33.66,33.41,30.11,30.3,29.93,28.39,28.52,28.29,27.33,27.37,27.33,26.57,26.6,26.55,25.73,25.76,25.71,6820,8635
2025-06-01 18:00:00,0.73,8.88,19.33,19.05,13.84,27.21,20.27,18.23,46.95,50.76,42.22,40.16,40.23,39.88,33.09,33.37,32.78,29.6,29.82,29.35,28.18,28.29,28.06,27.31,27.33,27.27,26.58,26.61,26.55,25.76,25.78,25.73,6838,7615
2025-06-01 17:00:00,0.69,9.05,19.4,19.06,13.84,27.23,20.28,18.22,51.25,51.94,50.82,40,40.21,39.72,32.29,32.66,31.83,29.09,29.34,28.88,27.99,28.06,27.94,27.24,27.27,27.22,26.61,26.63,26.58,25.78,25.8,25.75,6851,10057
2025-06-01 16:00:00,0.77,9.17,19.38,19,13.84,27.22,20.29,18.2,52.03,52.29,51.59,38.99,39.64,38.29,31.28,31.78,30.77,28.59,28.81,28.4,27.85,27.94,27.82,27.23,27.26,27.21,26.63,26.63,26.62,25.79,25.81,25.78,6851,9959
2025-06-01 15:00:00,1,9.3,19.22,18.91,13.84,27.21,20.29,18.19,50.92,51.7,49.93,37.16,38.11,36.09,30.15,30.65,29.64,28.16,28.35,28,27.8,27.82,27.78,27.28,27.32,27.23,26.63,26.64,26.63,25.8,25.81,25.79,6851,10061
2025-06-01 14:00:00,1.16,9.27,19.13,18.87,13.84,27.22,20.27,18.19,48.67,49.81,46.97,34.8,35.97,33.62,29.04,29.57,28.55,27.83,27.94,27.7,27.76,27.79,27.75,27.33,27.33,27.32,26.68,26.73,26.64,25.81,25.81,25.81,6851,10022
2025-06-01 13:00:00,1.33,9.28,18.97,18.83,13.85,27.22,20.26,18.19,45.47,47.27,42.45,32.15,33.38,31.01,28.09,28.52,27.7,27.64,27.69,27.58,27.81,27.82,27.8,27.38,27.45,27.33,26.74,26.75,26.72,25.81,25.81,25.8,6851,10120
2025-06-01 12:00:00,1.37,9.19,18.87,18.77,13.85,27.21,20.26,18.19,40.22,41.77,37.23,29.8,30.88,28.77,27.35,27.67,27.08,27.58,27.58,27.58,27.88,27.94,27.82,27.45,27.48,27.45,26.75,26.75,26.75,25.81,25.81,25.8,6851,10128
2025-06-01 11:00:00,1.31,9.07,18.72,18.75,13.87,27.19,20.27,18.19,36.08,37.04,34.91,27.79,28.65,26.71,26.83,26.99,26.64,27.66,27.69,27.58,28.02,28.08,27.94,27.55,27.57,27.49,26.75,26.76,26.75,25.8,25.81,25.79,6849,10266
2025-06-01 10:00:00,1.46,8.97,18.66,18.7,13.86,27.21,20.29,18.21,35.03,36.91,31.6,25.29,26.51,24.25,26.54,26.63,26.51,27.83,27.93,27.71,28.19,28.29,28.11,27.61,27.68,27.57,26.77,26.8,26.75,25.78,25.81,25.75,6842,10104
2025-06-01 09:00:00,1.55,8.66,18.56,18.69,13.91,27.2,20.26,18.23,24.97,30.8,19.89,23.58,24.06,23.34,26.64,26.82,26.51,28.1,28.29,27.93,28.36,28.42,28.29,27.68,27.68,27.68,26.81,26.82,26.78,25.73,25.78,25.7,6838,10183
2025-06-01 08:00:00,1.33,8.5,18.49,18.68,13.88,27.14,20.25,18.22,17.33,19.42,15.87,23.45,23.68,23.33,27.07,27.33,26.86,28.48,28.64,28.29,28.56,28.65,28.46,27.77,27.8,27.71,26.8,26.83,26.79,25.69,25.7,25.69,6791,7095
2025-06-01 07:00:00,1.29,8.45,18.52,18.7,13.87,27.15,20.27,18.2,15.29,15.75,15.13,23.99,24.3,23.68,27.59,27.83,27.34,28.86,29,28.68,28.73,28.83,28.65,27.8,27.82,27.8,26.78,26.81,26.75,25.69,25.69,25.69,6550,6846
2025-06-01 06:00:00,1.26,8.48,18.56,18.76,13.81,27.13,20.26,18.19,15.83,16.23,15.4,24.7,25.08,24.39,28.15,28.41,27.93,29.22,29.35,29.05,28.91,29,28.85,27.85,27.91,27.81,26.75,26.77,26.75,25.67,25.69,25.65,6510,839
2025-06-01 05:00:00,1.24,8.46,18.64,18.75,13.81,27.09,20.25,18.27,16.5,16.7,16.23,25.48,25.92,25.1,28.74,29,28.46,29.57,29.7,29.42,29.06,29.12,29,27.89,27.91,27.88,26.75,26.75,26.75,25.6,25.67,25.58,6517,0
2025-06-01 04:00:00,1.26,8.46,18.7,18.81,13.77,27.08,20.25,18.26,17.23,17.76,16.7,26.37,26.78,25.93,29.37,29.71,29.11,29.91,30.06,29.77,29.18,29.24,29.12,27.89,27.91,27.87,26.7,26.75,26.66,25.57,25.58,25.57,6519,0
2025-06-01 03:00:00,1.26,8.42,18.74,18.89,13.74,27.08,20.28,18.23,18.13,18.61,17.65,27.35,27.82,26.87,30.03,30.32,29.71,30.26,30.41,30.1,29.26,29.32,29.24,27.83,27.87,27.8,26.63,26.64,26.63,25.55,25.57,25.52,6524,0
2025-06-01 02:00:00,1.27,8.45,18.94,18.99,13.74,27.04,20.24,18.2,19.36,20.01,18.7,28.45,29,27.93,30.72,31.01,30.42,30.56,30.67,30.41,29.35,29.36,29.33,27.8,27.8,27.78,26.58,26.63,26.52,25.48,25.53,25.45,6533,0
2025-06-01 01:00:00,1.17,8.49,19.03,19.08,13.74,27.04,20.18,18.2,20.66,21.3,20.12,29.66,30.3,29.09,31.42,31.75,31.11,30.82,30.9,30.73,29.35,29.36,29.34,27.7,27.75,27.68,26.51,26.51,26.5,25.45,25.45,25.45,6539,0
2025-06-01 00:00:00,1.2,8.55,19.12,19.19,13.75,27.05,20.22,18.19,22.34,23.32,21.43,31.09,31.84,30.42,32.17,32.54,31.83,31.03,31.12,30.92,29.26,29.33,29.24,27.61,27.68,27.57,26.43,26.5,26.39,25.45,25.45,25.44,6533,0
2025-05-31 23:00:00,1.17,8.5,19.19,19.24,13.78,27.03,20.22,18.2,24.2,25.27,23.44,32.79,33.72,31.95,32.89,33.22,32.54,31.12,31.12,31.12,29.15,29.24,29.09,27.49,27.57,27.45,26.39,26.39,26.38,25.42,25.45,25.39,6550,0
2025-05-31 22:00:00,1.15,8.57,19.28,19.28,13.79,27.02,20.24,18.22,26.74,28.05,25.56,34.88,35.98,33.84,33.53,33.8,33.25,31.11,31.12,31.06,28.96,29.04,28.89,27.36,27.45,27.33,26.29,26.37,26.27,25.38,25.42,25.36,6571,0
2025-05-31 21:00:00,1.03,8.74,19.42,19.33,13.79,27.01,20.24,18.23,31.77,36.22,28.41,37.09,37.93,36.11,33.99,34.12,33.84,30.95,31.04,30.84,28.73,28.86,28.63,27.23,27.31,27.2,26.27,26.27,26.27,25.35,25.38,25.34,6604,736
2025-05-31 20:00:00,0.87,8.86,19.54,19.3,13.81,27,20.21,18.25,41.18,43.02,37.39,38.58,39.27,38,34.2,34.21,34.18,30.61,30.78,30.41,28.45,28.57,28.29,27.1,27.17,27.08,26.24,26.27,26.21,25.35,25.38,25.33,6693,6941
2025-05-31 19:00:00,0.84,8.95,19.63,19.25,13.79,27.03,20.26,18.22,41.75,43.28,40.47,40.33,41.19,39.4,34.12,34.2,33.96,30.17,30.41,29.94,28.17,28.29,28.06,26.99,27.06,26.97,26.19,26.23,26.17,25.35,25.36,25.33,6804,7075
2025-05-31 18:00:00,0.64,9.18,19.69,19.22,13.78,27.01,20.27,18.23,50.33,54.08,44.11,41.43,41.5,41.3,33.6,33.96,33.25,29.6,29.86,29.35,27.91,28.05,27.81,26.94,26.97,26.87,26.18,26.21,26.16,25.36,25.38,25.35,6822,7205
2025-05-31 17:00:00,0.48,9.36,19.74,19.22,13.81,27.02,20.27,18.23,54.41,54.74,54.08,41.13,41.42,40.75,32.71,33.14,32.21,29,29.25,28.76,27.67,27.81,27.58,26.86,26.88,26.86,26.2,26.22,26.17,25.37,25.41,25.35,6851,9758
2025-05-31 16:00:00,0.63,9.47,19.71,19.14,13.79,27.02,20.25,18.22,54.27,54.9,53.81,40.05,40.7,39.4,31.61,32.18,31.07,28.42,28.67,28.17,27.5,27.58,27.46,26.86,26.86,26.86,26.25,26.27,26.21,25.41,25.44,25.41,6851,9947
2025-05-31 15:00:00,0.92,9.58,19.59,19.07,13.8,27.02,20.24,18.2,53.1,53.83,52.15,38.22,39.16,37.15,30.37,30.94,29.82,27.9,28.16,27.69,27.38,27.46,27.35,26.86,26.86,26.86,26.27,26.27,26.27,25.43,25.45,25.42,6851,9864
2025-05-31 14:00:00,1.14,9.62,19.46,19.01,13.81,27,20.25,18.2,50.92,52.53,49.34,35.73,36.91,34.55,29.1,29.71,28.52,27.49,27.67,27.34,27.35,27.35,27.35,26.9,26.95,26.86,26.27,26.29,26.27,25.44,25.45,25.44,6851,9864
2025-05-31 13:00:00,1.25,9.6,19.32,18.93,13.81,27.01,20.25,18.2,47.31,48.75,45.41,33.02,34.32,31.73,27.94,28.43,27.46,27.23,27.34,27.13,27.35,27.37,27.35,26.97,26.97,26.97,26.31,26.35,26.27,25.44,25.45,25.44,6851,9974
2025-05-31 12:00:00,1.39,9.57,19.17,18.88,13.8,26.99,20.24,18.2,42.32,45.08,39.29,30.21,31.48,28.8,26.99,27.35,26.63,27.1,27.12,27.1,27.45,27.47,27.41,27.03,27.09,26.97,26.38,26.39,26.36,25.44,25.45,25.44,6851,10128
2025-05-31 11:00:00,1.32,9.42,19.03,18.86,13.84,26.97,20.24,18.2,37.64,39.16,36.11,27.25,28.54,26.04,26.32,26.56,26.15,27.17,27.22,27.1,27.55,27.61,27.49,27.1,27.13,27.09,26.39,26.39,26.39,25.44,25.45,25.43,6849,10097
2025-05-31 10:00:00,1.49,9.22,18.96,18.82,13.87,26.96,20.24,18.23,33.63,35.98,30.57,24.68,25.81,23.68,26.04,26.12,26.03,27.32,27.45,27.22,27.72,27.81,27.64,27.2,27.22,27.14,26.39,26.39,26.39,25.41,25.44,25.39,6849,10191
2025-05-31 09:00:00,1.58,8.94,18.86,18.79,13.86,26.92,20.25,18.23,24.37,29.94,19.66,23.08,23.56,22.85,26.11,26.28,26.04,27.6,27.8,27.46,27.88,27.94,27.82,27.27,27.33,27.21,26.39,26.41,26.39,25.37,25.41,25.34,6838,10294
2025-05-31 08:00:00,1.37,8.76,18.77,18.74,13.86,26.9,20.24,18.28,17.09,19.23,15.34,22.91,23.09,22.85,26.51,26.75,26.28,27.97,28.16,27.81,28.08,28.18,27.98,27.33,27.35,27.33,26.4,26.41,26.39,25.33,25.35,25.33,6838,7134
2025-05-31 07:00:00,1.31,8.73,18.76,18.77,13.86,26.89,20.24,18.27,14.74,15.14,14.57,23.45,23.79,23.13,27.05,27.33,26.78,28.34,28.52,28.17,28.26,28.35,28.18,27.4,27.45,27.34,26.39,26.41,26.39,25.33,25.33,25.33,6568,6850
2025-05-31 06:00:00,1.3,8.71,18.83,18.83,13.91,26.89,20.24,18.25,15.34,15.75,14.91,24.16,24.5,23.81,27.58,27.83,27.34,28.69,28.87,28.52,28.44,28.53,28.38,27.45,27.45,27.45,26.39,26.39,26.39,25.33,25.33,25.31,6517,980
2025-05-31 05:00:00,1.26,8.78,18.9,18.88,13.85,26.88,20.21,18.21,16.09,16.34,15.83,24.89,25.23,24.57,28.15,28.41,27.91,29.03,29.19,28.88,28.58,28.65,28.53,27.45,27.45,27.45,26.39,26.39,26.38,25.26,25.31,25.22,6519,0
2025-05-31 04:00:00,1.24,8.76,18.96,18.91,13.83,26.89,20.25,18.19,16.63,16.94,16.34,25.75,26.16,25.33,28.75,29.01,28.5,29.37,29.52,29.23,28.71,28.77,28.65,27.45,27.45,27.45,26.32,26.38,26.27,25.21,25.21,25.21,6524,0
2025-05-31 03:00:00,1.28,8.71,19.02,18.93,13.86,26.87,20.23,18.18,17.55,18.12,17.04,26.7,27.17,26.27,29.4,29.71,29.11,29.69,29.82,29.57,28.79,28.86,28.77,27.45,27.46,27.45,26.27,26.27,26.27,25.21,25.21,25.21,6528,0
2025-05-31 02:00:00,1.28,8.73,19.1,18.99,13.78,26.87,20.23,18.22,18.96,19.66,18.24,27.72,28.18,27.24,30.05,30.34,29.76,29.99,30.17,29.85,28.88,28.89,28.84,27.39,27.44,27.34,26.21,26.27,26.16,25.17,25.21,25.1,6535,0
2025-05-31 01:00:00,1.24,8.72,19.27,19.08,13.74,26.84,20.21,18.2,20.23,20.6,19.77,28.78,29.35,28.29,30.72,31.04,30.42,30.28,30.41,30.18,28.89,28.89,28.88,27.32,27.33,27.29,26.15,26.16,26.1,25.1,25.13,25.1,6539,0
2025-05-31 00:00:00,1.18,8.77,19.37,19.13,13.76,26.82,20.22,18.2,20.86,21.31,20.66,30.1,30.77,29.44,31.46,31.82,31.13,30.48,30.53,30.41,28.82,28.89,28.77,27.22,27.29,27.19,26.05,26.1,26.04,25.1,25.1,25.1,6524,0
2025-05-30 23:00:00,1.21,8.79,19.45,19.22,13.78,26.82,20.21,18.2,22.22,23.2,21.42,31.76,32.66,30.94,32.19,32.54,31.83,30.62,30.65,30.55,28.72,28.77,28.65,27.11,27.17,27.09,26.02,26.04,25.96,25.09,25.1,25.08,6550,0
2025-05-30 22:00:00,1.16,8.8,19.54,19.29,13.78,26.82,20.24,18.2,24.81,26.65,23.32,33.73,34.68,32.78,32.84,33.14,32.54,30.64,30.65,30.55,28.54,28.65,28.44,26.98,27.06,26.93,25.92,25.94,25.92,25.08,25.1,25.07,6577,0
2025-05-30 21:00:00,1.08,8.96,19.65,19.29,13.8,26.82,20.23,18.2,29.94,33.28,27.1,35.79,36.59,34.91,33.34,33.5,33.14,30.47,30.55,30.36,28.32,28.41,28.18,26.86,26.92,26.81,25.91,25.92,25.9,25.06,25.08,25.03,6624,1382
2025-05-30 20:00:00,0.95,9.08,19.77,19.29,13.79,26.83,20.22,18.2,36.8,38.22,34.16,37.46,38.31,36.75,33.64,33.73,33.56,30.16,30.32,29.94,28.05,28.18,27.94,26.74,26.79,26.71,25.88,25.92,25.85,25.04,25.07,25.03,6706,6953
2025-05-30 19:00:00,0.93,9.17,19.85,19.28,13.81,26.82,20.25,18.2,37.73,41.16,35.86,39.51,40.47,38.46,33.63,33.73,33.49,29.71,29.94,29.47,27.78,27.93,27.68,26.64,26.7,26.62,25.84,25.87,25.82,25.05,25.08,25.04,6766,7043
2025-05-30 18:00:00,0.77,9.46,19.96,19.31,13.78,26.81,20.25,18.2,48.26,51.79,42.32,40.78,40.91,40.56,33.11,33.48,32.77,29.16,29.46,28.88,27.53,27.63,27.45,26.6,26.62,26.57,25.84,25.86,25.82,25.06,25.08,25.01,6784,7051
2025-05-30 17:00:00,0.59,9.61,20.01,19.28,13.8,26.91,20.23,18.2,53.7,54.38,51.7,40.52,40.82,40.11,32.2,32.66,31.72,28.56,28.87,28.29,27.31,27.41,27.23,26.52,26.57,26.5,25.86,25.9,25.84,25.08,25.1,25.07,6842,9234
2025-05-30 16:00:00,0.68,9.7,19.98,19.2,13.78,26.89,20.23,18.2,53.63,54.07,53.24,39.43,40.02,38.7,31.08,31.61,30.53,27.98,28.27,27.71,27.15,27.23,27.11,26.5,26.52,26.5,25.9,25.92,25.89,25.09,25.1,25.08,6851,9935
2025-05-30 15:00:00,0.91,9.85,19.79,19.14,13.79,26.89,20.24,18.2,52.83,53.96,51.82,37.54,38.58,36.46,29.82,30.42,29.23,27.48,27.69,27.31,27.03,27.1,26.99,26.53,26.57,26.5,25.92,25.92,25.91,25.09,25.1,25.07,6851,9943
2025-05-30 14:00:00,1.06,9.84,19.69,19.08,13.8,26.79,20.25,18.2,51.02,51.7,49.83,35.01,36.23,33.72,28.53,29.11,27.98,27.09,27.24,26.98,26.99,26.99,26.99,26.6,26.62,26.57,25.92,25.93,25.92,25.1,25.1,25.09,6851,9915
2025-05-30 13:00:00,1.25,9.86,19.53,18.99,13.81,26.78,20.25,18.2,47.21,49.66,44.73,32.09,33.45,30.78,27.39,27.92,26.96,26.89,26.98,26.86,27.03,27.11,26.99,26.62,26.66,26.62,25.95,25.99,25.93,25.1,25.1,25.09,6851,10030
2025-05-30 12:00:00,1.41,9.77,19.41,18.97,13.82,26.78,20.22,18.2,42.44,44.02,39.75,29.13,30.56,27.58,26.5,26.87,26.16,26.82,26.86,26.79,27.13,27.2,27.11,26.72,26.74,26.67,26.02,26.04,26.01,25.09,25.1,25.09,6849,10069
2025-05-30 11:00:00,1.3,9.59,19.27,18.91,13.84,26.78,20.23,18.2,35.37,38.58,33.02,26.31,27.35,25.33,25.94,26.12,25.8,26.89,26.98,26.84,27.27,27.35,27.23,26.79,26.85,26.74,26.04,26.04,26.03,25.08,25.1,25.08,6849,10187
2025-05-30 10:00:00,1.44,9.41,19.18,18.91,13.86,26.76,20.23,18.19,31.36,32.78,28.41,24.18,25.15,23.34,25.78,25.8,25.75,27.06,27.18,26.98,27.42,27.47,27.35,26.87,26.89,26.86,26.04,26.04,26.04,25.05,25.09,25.02,6842,10412
2025-05-30 09:00:00,1.47,9.15,19.1,18.89,13.89,26.72,20.23,18.2,22.73,27.22,19.89,22.94,23.27,22.73,25.91,26.04,25.8,27.37,27.56,27.22,27.59,27.7,27.49,26.95,26.97,26.89,26.04,26.04,26.04,25.01,25.04,24.99,6838,10112
2025-05-30 08:00:00,1.34,8.99,19.06,18.87,13.88,26.72,20.23,18.22,17.39,19.53,15.34,22.76,22.93,22.72,26.31,26.52,26.09,27.72,27.93,27.58,27.78,27.86,27.7,26.99,27.04,26.97,26.04,26.04,26.04,24.98,24.99,24.98,6824,9529
2025-05-30 07:00:00,1.28,8.98,19.03,18.86,13.86,26.68,20.23,18.2,14.43,15.04,14.2,23.32,23.68,22.97,26.85,27.1,26.62,28.1,28.28,27.93,27.97,28.06,27.89,27.08,27.09,27.05,26.04,26.04,26.04,24.98,24.98,24.98,6588,6878
2025-05-30 06:00:00,1.25,8.97,19.13,18.91,13.77,26.67,20.21,18.2,15.37,16.11,14.61,24.13,24.49,23.79,27.39,27.67,27.14,28.44,28.64,28.29,28.13,28.18,28.06,27.09,27.09,27.09,26.04,26.04,26.04,24.96,24.98,24.92,6519,1118
2025-05-30 05:00:00,1.21,9.05,19.17,18.96,13.77,26.66,20.23,18.2,16.63,16.94,16.23,24.86,25.21,24.5,27.95,28.2,27.7,28.79,28.98,28.64,28.28,28.37,28.23,27.09,27.1,27.09,25.98,26.04,25.93,24.88,24.92,24.86,6524,0
2025-05-30 04:00:00,1.26,9.02,19.24,19.04,13.78,26.64,20.23,18.2,17.38,17.54,17.04,25.58,25.92,25.24,28.54,28.88,28.29,29.13,29.29,29,28.41,28.43,28.38,27.09,27.1,27.09,25.92,25.93,25.92,24.86,24.87,24.86,6528,0
2025-05-30 03:00:00,1.25,9.01,19.33,19.05,13.75,26.61,20.21,18.15,17.84,18.12,17.65,26.45,26.91,26.04,29.19,29.49,28.88,29.46,29.59,29.34,28.51,28.53,28.46,27.09,27.09,27.09,25.89,25.92,25.83,24.83,24.86,24.78,6533,0
2025-05-30 02:00:00,1.23,8.98,19.37,19.09,13.76,26.62,20.21,18.14,18.75,19.57,18.2,27.52,28.05,27,29.88,30.19,29.59,29.77,29.92,29.61,28.53,28.55,28.53,27.02,27.09,26.97,25.8,25.82,25.8,24.76,24.82,24.74,6542,0
2025-05-30 01:00:00,1.19,9.01,19.55,19.15,13.77,26.6,20.17,18.13,20.74,21.19,19.77,28.67,29.23,28.17,30.6,30.93,30.3,30.04,30.18,29.93,28.53,28.54,28.53,26.95,26.97,26.9,25.73,25.8,25.68,24.74,24.74,24.74,6546,0
2025-05-30 00:00:00,1.17,9.07,19.66,19.21,13.75,26.61,20.16,18.12,21.33,21.9,21.08,30.04,30.77,29.35,31.34,31.72,31.01,30.26,30.3,30.18,28.5,28.53,28.41,26.84,26.86,26.78,25.67,25.68,25.63,24.73,24.74,24.71,6533,0
2025-05-29 23:00:00,1.17,9.09,19.76,19.28,13.78,26.58,20.2,18.14,23.38,24.27,22.2,31.67,32.55,30.89,32.07,32.43,31.73,30.39,30.41,30.33,28.37,28.41,28.29,26.71,26.75,26.63,25.58,25.64,25.56,24.71,24.73,24.67,6550,0
2025-05-29 22:00:00,1.13,9.08,19.85,19.31,13.75,26.6,20.2,18.14,24.93,26.51,24.27,33.74,34.79,32.73,32.76,33.02,32.45,30.38,30.41,30.31,28.18,28.29,28.06,26.58,26.62,26.5,25.55,25.56,25.52,24.65,24.67,24.62,6573,0
2025-05-29 21:00:00,1.01,9.26,19.96,19.36,13.77,26.6,20.18,18.15,30.57,35.03,26.99,35.94,36.78,35.02,33.26,33.45,33.06,30.21,30.3,30.06,27.93,28.06,27.82,26.45,26.5,26.38,25.48,25.54,25.45,24.63,24.65,24.62,6606,1040
2025-05-29 20:00:00,0.87,9.41,20.07,19.39,13.76,26.57,20.16,18.17,39.75,41.32,36.21,37.53,38.24,36.9,33.53,33.59,33.48,29.84,30.06,29.65,27.65,27.82,27.49,26.32,26.38,26.27,25.45,25.45,25.45,24.63,24.65,24.62,6688,6929
2025-05-29 19:00:00,0.84,9.51,20.14,19.4,13.71,26.55,20.15,18.16,40.08,42.15,38.57,39.49,40.46,38.46,33.48,33.59,33.31,29.38,29.59,29.11,27.36,27.47,27.23,26.19,26.27,26.15,25.45,25.45,25.44,24.63,24.65,24.62,6809,7083
2025-05-29 18:00:00,0.61,9.8,20.24,19.4,13.7,26.56,20.17,18.15,49.82,53.71,43.19,40.69,40.74,40.56,32.93,33.25,32.54,28.8,29.11,28.52,27.09,27.23,26.99,26.14,26.15,26.11,25.45,25.45,25.44,24.63,24.65,24.62,6838,7110
2025-05-29 17:00:00,0.5,9.96,20.28,19.34,13.71,26.57,20.2,18.15,54.24,54.78,53.84,40.35,40.65,39.99,32.01,32.46,31.5,28.17,28.48,27.91,26.84,26.97,26.76,26.05,26.1,26.03,25.45,25.45,25.45,24.65,24.69,24.62,6844,9844
2025-05-29 16:00:00,0.68,10.06,20.22,19.29,13.71,26.57,20.21,18.15,53.62,54.3,53,39.31,39.88,38.64,30.88,31.45,30.3,27.56,27.81,27.32,26.67,26.76,26.62,26.03,26.04,26.03,25.45,25.45,25.45,24.67,24.7,24.65,6851,9864
2025-05-29 15:00:00,0.93,10.22,20.06,19.23,13.69,26.56,20.23,18.15,52.97,53.43,52.58,37.53,38.46,36.45,29.55,30.18,28.94,27.01,27.23,26.76,26.53,26.57,26.52,26.04,26.09,26.03,25.47,25.53,25.45,24.7,24.72,24.67,6851,10002
2025-05-29 14:00:00,1.09,10.25,19.96,19.17,13.68,26.52,20.23,18.14,51.81,53.03,50.52,34.96,36.21,33.65,28.22,28.86,27.58,26.59,26.75,26.42,26.52,26.52,26.52,26.12,26.15,26.06,25.54,25.56,25.52,24.72,24.74,24.7,6851,9896
2025-05-29 13:00:00,1.35,10.28,19.82,19.12,13.7,26.53,20.19,18.14,48.1,50.28,45.67,31.99,33.37,30.55,26.97,27.49,26.45,26.32,26.39,26.25,26.52,26.52,26.52,26.15,26.18,26.15,25.56,25.56,25.56,24.72,24.73,24.69,6851,10022
2025-05-29 12:00:00,1.46,10.19,19.69,19.09,13.71,26.5,20.19,18.14,41.69,45.03,38.34,28.97,30.3,27.58,25.96,26.39,25.57,26.17,26.23,26.16,26.61,26.65,26.55,26.25,26.27,26.18,25.56,25.58,25.56,24.7,24.73,24.69,6851,10097
2025-05-29 11:00:00,1.31,10.07,19.54,19.02,13.77,26.49,20.17,18.15,36.33,37.99,35.03,26.04,27.34,24.78,25.28,25.57,25.09,26.27,26.36,26.21,26.74,26.84,26.65,26.34,26.38,26.27,25.6,25.65,25.57,24.69,24.71,24.67,6849,10215
2025-05-29 10:00:00,1.49,9.84,19.41,19,13.73,26.49,20.15,18.15,32.76,34.68,29.94,23.44,24.6,22.38,24.97,25.06,24.94,26.44,26.51,26.38,26.9,26.99,26.85,26.41,26.48,26.38,25.65,25.68,25.62,24.65,24.68,24.62,6844,10380
2025-05-29 09:00:00,1.62,9.55,19.33,18.94,13.78,26.51,20.14,18.17,23.23,29.12,18.12,21.73,22.26,21.48,25.04,25.21,24.95,26.72,26.88,26.52,27.08,27.2,26.99,26.5,26.51,26.49,25.67,25.68,25.66,24.63,24.64,24.62,6842,10301
2025-05-29 08:00:00,1.33,9.39,19.26,18.9,13.78,26.45,20.14,18.17,15.88,17.75,14.22,21.53,21.67,21.46,25.47,25.7,25.22,27.11,27.34,26.96,27.28,27.36,27.22,26.58,26.62,26.51,25.67,25.68,25.66,24.62,24.62,24.62,6791,7095
2025-05-29 07:00:00,1.27,9.35,19.28,18.93,13.76,26.39,20.14,18.17,13.06,13.98,12.68,22.01,22.37,21.67,26.02,26.28,25.78,27.52,27.69,27.34,27.48,27.58,27.37,26.62,26.63,26.62,25.66,25.67,25.64,24.61,24.62,24.58,6571,6854
2025-05-29 06:00:00,1.24,9.32,19.31,18.94,13.75,26.39,20.16,18.17,13.02,13.27,12.8,22.75,23.09,22.38,26.6,26.87,26.32,27.89,28.06,27.69,27.64,27.71,27.58,26.66,26.7,26.63,25.61,25.65,25.57,24.54,24.59,24.5,6510,1221
2025-05-29 05:00:00,1.23,9.34,19.38,18.98,13.73,26.38,20.18,18.18,13.7,14.1,13.37,23.56,23.96,23.2,27.23,27.54,26.98,28.27,28.41,28.06,27.81,27.89,27.72,26.71,26.74,26.69,25.56,25.58,25.56,24.5,24.51,24.5,6517,0
2025-05-29 04:00:00,1.24,9.35,19.44,19.05,13.72,26.37,20.13,18.15,14.53,14.92,14.19,24.45,24.87,24.03,27.89,28.19,27.58,28.64,28.79,28.5,27.95,28.01,27.93,26.71,26.72,26.69,25.56,25.56,25.53,24.5,24.5,24.48,6522,0
2025-05-29 03:00:00,1.23,9.38,19.53,19.1,13.71,26.34,20.11,18.13,15.39,15.81,15.02,25.48,26.01,24.98,28.59,28.89,28.29,28.99,29.12,28.86,28.05,28.06,28.03,26.64,26.68,26.62,25.46,25.5,25.45,24.42,24.49,24.39,6528,0
2025-05-29 02:00:00,1.16,9.36,19.6,19.14,13.72,26.3,20.09,18.12,16.39,16.94,15.87,26.63,27.22,26.07,29.33,29.71,29,29.32,29.47,29.17,28.09,28.12,28.06,26.62,26.62,26.61,25.43,25.45,25.38,24.39,24.39,24.39,6535,0
2025-05-29 01:00:00,1.21,9.37,19.69,19.18,13.72,26.37,20.12,18.1,17.93,18.93,17.08,27.98,28.63,27.34,30.1,30.43,29.76,29.59,29.7,29.47,28.09,28.13,28.06,26.52,26.59,26.5,25.34,25.37,25.33,24.39,24.39,24.38,6542,0
2025-05-29 00:00:00,1.19,9.41,19.9,19.24,13.7,26.33,20.04,18.12,20.11,21.08,19.09,29.45,30.18,28.74,30.87,31.24,30.53,29.79,29.85,29.7,28.05,28.06,28.01,26.42,26.5,26.38,25.27,25.33,25.21,24.34,24.38,24.31,6533,0
2025-05-28 23:00:00,1.17,9.51,20.02,19.28,13.69,26.3,20.02,18.23,22.51,24.02,21.31,31.15,32.04,30.3,31.63,31.95,31.27,29.92,29.94,29.87,27.91,27.96,27.82,26.3,26.38,26.22,25.21,25.21,25.2,24.28,24.31,24.27,6550,0
2025-05-28 22:00:00,1.14,9.47,20.13,19.34,13.71,26.28,20.08,18.33,24.98,26.28,24.27,33.23,34.32,32.18,32.3,32.55,32.03,29.9,29.94,29.82,27.74,27.82,27.61,26.14,26.21,26.07,25.12,25.19,25.09,24.27,24.28,24.27,6577,0
2025-05-28 21:00:00,1.01,9.64,20.21,19.39,13.68,26.29,20.05,18.2,29.78,34.28,26.6,35.5,36.34,34.54,32.8,32.99,32.65,29.73,29.82,29.59,27.49,27.59,27.35,26.01,26.06,25.95,25.09,25.09,25.09,24.27,24.27,24.27,6608,1146
2025-05-28 20:00:00,0.87,9.83,20.35,19.46,13.67,26.25,20.04,18.12,39.77,41.42,35.62,37.02,37.65,36.46,33.04,33.08,33,29.37,29.59,29.13,27.21,27.35,27.1,25.89,25.92,25.81,25.07,25.09,25.04,24.27,24.27,24.27,6688,6929
2025-05-28 19:00:00,0.86,9.92,20.43,19.44,13.66,26.23,20.05,18.12,39.09,41.3,37.16,38.92,39.88,37.87,32.96,33.05,32.78,28.9,29.11,28.66,26.91,27.04,26.76,25.79,25.8,25.76,25.04,25.08,25.01,24.27,24.27,24.27,6809,7079
2025-05-28 18:00:00,0.6,10.19,20.52,19.43,13.69,26.24,20.03,18.12,49.79,54.05,42.24,40.06,40.12,39.97,32.39,32.78,32,28.32,28.64,28.05,26.65,26.76,26.52,25.7,25.76,25.67,25.02,25.05,25,24.27,24.28,24.27,6778,7047
2025-05-28 17:00:00,0.42,10.34,20.53,19.4,13.7,26.21,20.03,18.12,54.06,54.66,53.22,39.56,39.88,39.16,31.44,31.95,30.91,27.69,27.95,27.44,26.42,26.52,26.32,25.67,25.67,25.67,25.04,25.09,25.01,24.27,24.28,24.27,6847,9896
2025-05-28 16:00:00,0.73,10.51,20.41,19.33,13.71,26.19,20.04,18.12,52.59,53.37,51.92,38.37,39.05,37.63,30.27,30.85,29.71,27.09,27.34,26.87,26.23,26.28,26.17,25.67,25.67,25.67,25.08,25.09,25.08,24.27,24.28,24.27,6851,10006
2025-05-28 15:00:00,0.83,10.62,20.31,19.28,13.73,26.18,20.22,18.12,51.78,52.65,50.72,36.42,37.5,35.28,28.97,29.59,28.4,26.57,26.78,26.39,26.11,26.17,26.05,25.67,25.67,25.67,25.09,25.09,25.08,24.27,24.28,24.27,6851,10053
2025-05-28 14:00:00,1.08,10.61,20.19,19.25,13.74,26.19,20.38,18.12,48.88,50.52,47.33,33.89,35.13,32.66,27.68,28.28,27.1,26.17,26.37,26.04,26.05,26.06,26.05,25.67,25.68,25.67,25.09,25.11,25.09,24.27,24.28,24.27,6851,10057
2025-05-28 13:00:00,1.25,10.68,20.06,19.2,13.73,26.19,20.27,18.12,45.29,47.14,42.94,31.12,32.43,29.83,26.52,27.01,26.04,25.91,26.04,25.8,26.08,26.15,26.05,25.76,25.79,25.69,25.14,25.19,25.1,24.27,24.29,24.27,6851,10108
2025-05-28 12:00:00,1.42,10.56,19.93,19.15,13.74,26.18,20.2,18.12,39.56,42.49,36.57,28.29,29.57,27.02,25.58,25.92,25.21,25.8,25.82,25.8,26.19,26.28,26.15,25.8,25.85,25.79,25.2,25.21,25.17,24.27,24.28,24.27,6851,10112
2025-05-28 11:00:00,1.26,10.46,19.78,19.1,13.74,26.16,19.99,18.12,35.16,36.33,33.74,25.53,26.77,24.34,24.92,25.18,24.74,25.89,25.93,25.82,26.32,26.4,26.28,25.91,25.91,25.89,25.21,25.21,25.21,24.27,24.27,24.27,6849,10361
2025-05-28 10:00:00,1.48,10.23,19.66,19.09,13.72,26.15,19.99,18.12,31.63,33.49,28.88,23.05,24.15,22.09,24.63,24.73,24.62,26.05,26.16,25.94,26.47,26.52,26.4,25.97,26.03,25.91,25.21,25.21,25.21,24.27,24.27,24.27,6847,10380
2025-05-28 09:00:00,1.57,9.95,19.56,19.01,13.75,26.15,19.98,18.12,22.11,28.05,17.53,21.51,21.9,21.33,24.74,24.94,24.62,26.34,26.51,26.16,26.65,26.76,26.53,26.03,26.07,26.03,25.21,25.22,25.21,24.27,24.27,24.27,6840,10404
2025-05-28 08:00:00,1.3,9.79,19.55,18.96,13.73,26.11,19.96,18.16,15.4,17.17,13.98,21.47,21.66,21.35,25.17,25.44,24.98,26.72,26.87,26.52,26.83,26.9,26.76,26.13,26.15,26.09,25.21,25.21,25.21,24.26,24.27,24.23,6778,7083
2025-05-28 07:00:00,1.25,9.77,19.55,18.97,13.68,26.12,19.92,18.16,13.35,13.84,13.15,21.99,22.3,21.67,25.7,25.92,25.45,27.08,27.23,26.92,27.03,27.11,26.93,26.15,26.16,26.15,25.21,25.22,25.21,24.2,24.24,24.16,6573,6858
2025-05-28 06:00:00,1.24,9.75,19.6,19,13.68,26.08,19.89,18.14,13.69,13.86,13.5,22.67,23,22.38,26.26,26.51,26.03,27.45,27.59,27.31,27.19,27.24,27.11,26.21,26.26,26.17,25.21,25.21,25.2,24.15,24.16,24.15,6519,910
2025-05-28 05:00:00,1.24,9.76,19.63,19.04,13.65,26.05,19.92,18.11,14.26,14.58,13.89,23.43,23.79,23.09,26.84,27.1,26.56,27.8,27.93,27.65,27.34,27.41,27.27,26.25,26.27,26.24,25.17,25.21,25.12,24.15,24.15,24.13,6524,0
2025-05-28 04:00:00,1.26,9.76,19.72,19.07,13.62,26.06,19.99,18.1,14.91,15.29,14.6,24.28,24.72,23.89,27.47,27.8,27.21,28.15,28.29,28,27.47,27.52,27.44,26.24,26.27,26.21,25.1,25.13,25.09,24.09,24.15,24.03,6528,0
2025-05-28 03:00:00,1.22,9.82,19.78,19.14,13.62,26.04,19.96,18.08,15.81,16.25,15.38,25.23,25.69,24.76,28.13,28.41,27.81,28.48,28.64,28.33,27.57,27.58,27.52,26.17,26.24,26.15,25.07,25.09,25,24.03,24.05,24.03,6533,0
2025-05-28 02:00:00,1.19,9.82,19.88,19.19,13.64,26.02,19.93,18.07,16.93,17.52,16.36,26.32,26.87,25.81,28.82,29.14,28.52,28.79,28.9,28.64,27.58,27.6,27.58,26.15,26.15,26.13,24.98,25.01,24.97,24.03,24.03,24.03,6542,0
2025-05-28 01:00:00,1.22,9.81,19.93,19.27,13.65,25.98,19.89,18.08,18.39,19.2,17.65,27.54,28.16,26.98,29.55,29.93,29.23,29.05,29.14,28.98,27.58,27.61,27.58,26.05,26.12,26.03,24.93,24.97,24.88,24,24.02,23.98,6548,0
2025-05-28 00:00:00,1.2,9.84,20.06,19.33,13.63,25.98,19.89,18.1,20.23,21.43,19.41,28.93,29.59,28.29,30.3,30.65,29.94,29.25,29.35,29.17,27.56,27.58,27.49,25.96,26.03,25.91,24.85,24.88,24.85,23.93,23.95,23.91,6537,0
2025-05-27 23:00:00,1.2,9.93,20.26,19.34,13.64,25.95,19.88,18.09,22.73,23.09,21.78,30.49,31.36,29.71,31.01,31.35,30.67,29.35,29.36,29.35,27.43,27.47,27.35,25.83,25.91,25.79,24.79,24.85,24.74,23.91,23.91,23.91,6568,0
2025-05-27 22:00:00,1.15,9.94,20.36,19.38,13.63,25.92,19.87,18.08,24.19,25.57,23.09,32.48,33.5,31.48,31.68,31.95,31.38,29.35,29.35,29.34,27.25,27.35,27.11,25.7,25.79,25.67,24.74,24.74,24.72,23.91,23.91,23.91,6588,0
2025-05-27 21:00:00,1.04,10.04,20.48,19.47,13.62,25.94,19.87,18.08,29.23,33.96,25.82,34.63,35.43,33.73,32.16,32.31,31.96,29.18,29.31,29.03,27,27.11,26.87,25.58,25.66,25.55,24.68,24.74,24.64,23.91,23.91,23.91,6624,1504
2025-05-27 20:00:00,0.89,10.28,20.66,19.49,13.64,25.89,19.89,18.07,39.15,40.59,35.3,36.02,36.68,35.5,32.41,32.43,32.32,28.83,29,28.64,26.73,26.87,26.62,25.46,25.53,25.43,24.62,24.64,24.62,23.91,23.91,23.91,6697,6945
2025-05-27 19:00:00,0.91,10.36,20.7,19.45,13.64,25.92,19.89,18.07,37.67,39.86,35.86,37.92,38.93,36.8,32.35,32.43,32.18,28.37,28.57,28.16,26.45,26.55,26.31,25.35,25.43,25.32,24.62,24.62,24.62,23.91,23.91,23.91,6838,7102
2025-05-27 18:00:00,0.67,10.64,20.76,19.45,13.66,25.91,19.9,18.07,48.15,52.89,40.23,39.19,39.29,39.05,31.78,32.18,31.36,27.79,28.05,27.48,26.18,26.28,26.05,25.3,25.32,25.25,24.62,24.62,24.62,23.91,23.91,23.91,6769,7039
2025-05-27 17:00:00,0.58,10.8,20.74,19.41,13.67,25.89,19.9,18.08,52.67,53.24,51.73,38.7,39.05,38.23,30.81,31.27,30.3,27.18,27.46,26.9,25.96,26.05,25.87,25.22,25.26,25.2,24.62,24.63,24.62,23.91,23.91,23.91,6847,10006
2025-05-27 16:00:00,0.62,10.98,20.6,19.35,13.67,25.88,19.89,18.08,52.5,53.23,51.36,37.43,38.13,36.68,29.65,30.19,29.11,26.61,26.87,26.39,25.78,25.82,25.69,25.2,25.21,25.2,24.62,24.65,24.62,23.91,23.91,23.91,6851,10081
2025-05-27 15:00:00,0.98,11.04,20.52,19.34,13.66,25.88,19.87,18.08,49.96,51.23,48.98,35.51,36.49,34.43,28.39,29,27.81,26.1,26.31,25.91,25.69,25.69,25.68,25.21,25.22,25.2,24.66,24.71,24.63,23.91,23.91,23.91,6851,10022
2025-05-27 14:00:00,1.15,11.09,20.43,19.28,13.64,25.82,19.87,18.08,48.02,48.87,46.85,33.07,34.23,31.84,27.15,27.7,26.63,25.72,25.9,25.58,25.68,25.69,25.67,25.28,25.32,25.22,24.73,24.74,24.7,23.91,23.91,23.91,6851,10034
2025-05-27 13:00:00,1.37,11.12,20.3,19.21,13.65,25.77,19.88,18.08,44.76,46.97,42.12,30.3,31.6,29.04,26.02,26.51,25.57,25.49,25.57,25.45,25.69,25.69,25.68,25.32,25.33,25.32,24.74,24.74,24.74,23.91,23.91,23.91,6851,10065
2025-05-27 12:00:00,1.42,11,20.18,19.13,13.66,25.72,19.89,18.08,39.44,41.53,36.8,27.58,28.86,26.27,25.15,25.46,24.84,25.44,25.45,25.44,25.75,25.81,25.69,25.39,25.44,25.33,24.74,24.74,24.74,23.91,23.91,23.91,6849,10152
2025-05-27 11:00:00,1.36,10.89,19.99,19.11,13.65,25.68,19.91,18.08,33.69,36.13,32.29,25.03,26.04,24.03,24.57,24.74,24.39,25.5,25.57,25.45,25.88,25.93,25.81,25.45,25.49,25.44,24.76,24.8,24.74,23.91,23.91,23.91,6849,10278
2025-05-27 10:00:00,1.52,10.69,19.9,19.11,13.64,25.7,19.9,18.08,30.48,31.95,28.64,22.91,23.81,22.02,24.34,24.38,24.29,25.66,25.77,25.57,26.02,26.11,25.93,25.55,25.56,25.51,24.79,24.82,24.78,23.91,23.91,23.91,6847,10376
2025-05-27 09:00:00,1.63,10.44,19.82,19.09,13.64,25.67,19.89,18.07,22.87,28.29,17.76,21.39,21.86,21.19,24.43,24.62,24.32,25.94,26.15,25.8,26.21,26.28,26.14,25.59,25.66,25.56,24.81,24.83,24.8,23.89,23.91,23.86,6838,10301
2025-05-27 08:00:00,1.39,10.29,19.81,19.02,13.61,25.61,19.89,18.06,15.6,17.41,14.08,21.25,21.43,21.18,24.85,25.09,24.62,26.31,26.51,26.16,26.38,26.48,26.28,25.67,25.67,25.67,24.81,24.82,24.78,23.83,23.88,23.8,6786,7087
2025-05-27 07:00:00,1.31,10.24,19.84,19,13.58,25.62,19.89,18.03,13.25,13.86,13.03,21.78,22.14,21.44,25.36,25.58,25.09,26.67,26.87,26.51,26.56,26.64,26.51,25.68,25.7,25.67,24.77,24.82,24.75,23.8,23.81,23.8,6577,6862
2025-05-27 06:00:00,1.31,10.21,19.91,19.03,13.61,25.62,19.87,18.01,13.62,13.99,13.27,22.54,22.86,22.21,25.92,26.16,25.69,27.01,27.14,26.87,26.71,26.76,26.64,25.74,25.77,25.72,24.74,24.76,24.74,23.8,23.8,23.8,6524,724
2025-05-27 05:00:00,1.3,10.24,19.94,19.08,13.57,25.6,19.87,18.04,14.47,14.92,14.1,23.33,23.68,22.97,26.48,26.75,26.23,27.34,27.49,27.22,26.84,26.89,26.76,25.78,25.79,25.78,24.74,24.74,24.72,23.76,23.8,23.71,6524,0
2025-05-27 04:00:00,1.29,10.25,19.99,19.12,13.56,25.6,19.86,18.06,15.4,15.88,14.97,24.17,24.58,23.79,27.07,27.34,26.79,27.67,27.81,27.55,26.97,26.99,26.88,25.75,25.78,25.73,24.66,24.73,24.62,23.69,23.72,23.68,6530,0
2025-05-27 03:00:00,1.25,10.32,20.07,19.15,13.57,25.58,19.86,18.06,16.47,16.94,15.99,25.05,25.45,24.62,27.68,27.96,27.41,27.96,28.09,27.81,27.03,27.09,26.99,25.69,25.76,25.67,24.62,24.62,24.62,23.68,23.68,23.67,6537,0
2025-05-27 02:00:00,1.28,10.33,20.15,19.21,13.57,25.55,19.83,18.04,17.42,17.87,16.95,26.01,26.51,25.57,28.33,28.64,28.05,28.26,28.4,28.14,27.11,27.11,27.1,25.66,25.67,25.62,24.55,24.62,24.5,23.63,23.68,23.59,6542,0
2025-05-27 01:00:00,1.28,10.27,20.25,19.28,13.58,25.55,19.8,18.05,18.38,18.7,18,27.11,27.7,26.57,29.01,29.35,28.67,28.49,28.61,28.4,27.08,27.11,27.04,25.56,25.6,25.54,24.49,24.51,24.46,23.57,23.59,23.56,6546,0
2025-05-27 00:00:00,1.24,10.31,20.29,19.31,13.59,25.53,19.79,18.04,19.46,20.12,18.83,28.45,29.12,27.82,29.74,30.06,29.39,28.69,28.76,28.64,27,27.04,26.99,25.46,25.54,25.44,24.41,24.46,24.38,23.56,23.56,23.56,6535,0
2025-05-26 23:00:00,1.17,10.4,20.45,19.38,13.6,25.5,19.79,18.02,21.14,22.21,20.25,30.02,30.88,29.23,30.43,30.77,30.12,28.76,28.77,28.76,26.88,26.97,26.8,25.34,25.43,25.3,24.37,24.38,24.31,23.56,23.56,23.55,6566,0
2025-05-26 22:00:00,1.17,10.47,20.64,19.42,13.63,25.47,19.82,18.01,23.99,25.81,22.47,31.9,32.78,31.01,31.05,31.26,30.77,28.75,28.77,28.69,26.69,26.76,26.6,25.21,25.29,25.16,24.27,24.33,24.26,23.55,23.56,23.54,6588,0
2025-05-26 21:00:00,1.09,10.53,20.74,19.45,13.61,25.44,19.79,18.01,29.41,33.37,26.28,33.77,34.46,32.99,31.49,31.63,31.35,28.57,28.68,28.41,26.45,26.53,26.31,25.08,25.1,25.03,24.25,24.27,24.23,23.54,23.56,23.53,6613,539
2025-05-26 20:00:00,0.88,10.68,20.88,19.47,13.64,25.44,19.76,18,37.82,39.57,34.41,35.1,35.74,34.56,31.71,31.74,31.64,28.22,28.4,28.05,26.17,26.28,26.04,24.95,25,24.91,24.2,24.25,24.15,23.53,23.56,23.51,6688,6929
2025-05-26 19:00:00,0.92,10.86,20.94,19.46,13.64,25.53,19.74,18.01,36.78,38.81,35.03,36.9,37.87,35.86,31.66,31.72,31.49,27.77,27.95,27.55,25.87,26.02,25.75,24.86,24.89,24.85,24.16,24.17,24.14,23.54,23.56,23.53,6838,7102
2025-05-26 18:00:00,0.7,11.14,21,19.46,13.62,25.42,19.74,18.02,46.14,50.05,39.06,38.1,38.2,37.99,31.1,31.48,30.73,27.18,27.46,26.87,25.6,25.7,25.47,24.78,24.85,24.73,24.15,24.16,24.14,23.54,23.56,23.53,6789,7055
2025-05-26 17:00:00,0.61,11.32,20.89,19.45,13.63,25.24,19.75,18.03,50.88,51.21,50.76,37.67,37.99,37.25,30.18,30.65,29.71,26.58,26.87,26.28,25.38,25.46,25.29,24.73,24.73,24.73,24.16,24.2,24.14,23.55,23.56,23.55,6847,9990
2025-05-26 16:00:00,0.79,11.45,20.86,19.43,13.64,25.24,19.77,18.04,50,50.76,48.98,36.47,37.14,35.75,29.03,29.59,28.5,25.97,26.25,25.69,25.19,25.26,25.1,24.73,24.73,24.73,24.22,24.25,24.19,23.56,23.56,23.56,6851,10034
2025-05-26 15:00:00,0.93,11.5,20.77,19.36,13.65,25.24,19.79,18.04,48.51,49.26,48.04,34.74,35.62,33.79,27.8,28.41,27.22,25.45,25.68,25.21,25.09,25.1,25.06,24.73,24.73,24.73,24.26,24.26,24.25,23.56,23.56,23.56,6851,10211
2025-05-26 14:00:00,1.11,11.62,20.69,19.29,13.64,25.24,19.82,18.06,46.9,48.04,45.2,32.39,33.59,31.19,26.51,27.1,25.92,25.03,25.21,24.87,25.04,25.06,25.01,24.75,24.82,24.73,24.26,24.28,24.26,23.56,23.56,23.56,6851,10203
2025-05-26 13:00:00,1.37,11.66,20.56,19.18,13.64,25.24,19.8,18.08,43.18,44.96,41.19,29.7,30.98,28.41,25.32,25.83,24.84,24.78,24.86,24.73,25.09,25.1,25.06,24.85,24.85,24.83,24.31,24.36,24.27,23.56,23.56,23.56,6849,10183
2025-05-26 12:00:00,1.49,11.55,20.35,19.11,13.65,25.21,19.77,18.08,37.78,40.59,34.93,26.93,28.17,25.57,24.34,24.74,23.97,24.71,24.73,24.69,25.14,25.22,25.1,24.9,24.96,24.85,24.37,24.38,24.35,23.56,23.56,23.56,6851,10242
2025-05-26 11:00:00,1.34,11.41,20.18,19.1,13.65,25.17,19.77,18.07,33.07,34.73,32.31,24.17,25.33,23.04,23.67,23.91,23.44,24.75,24.83,24.72,25.28,25.34,25.22,24.97,25.01,24.96,24.38,24.38,24.38,23.56,23.56,23.56,6849,10282
2025-05-26 10:00:00,1.57,11.19,20.09,19.1,13.63,25.15,19.78,18.04,30.5,32.07,28.41,21.75,22.84,20.79,23.36,23.44,23.32,24.91,24.98,24.83,25.43,25.53,25.34,25.07,25.08,25.02,24.38,24.38,24.38,23.56,23.56,23.56,6842,10491
2025-05-26 09:00:00,1.69,10.98,19.99,19.09,13.61,25.15,19.78,18.01,21.8,27.64,16.35,20.11,20.6,19.89,23.42,23.56,23.32,25.18,25.33,25.03,25.61,25.69,25.54,25.12,25.2,25.08,24.38,24.4,24.38,23.56,23.56,23.55,6838,10325
2025-05-26 08:00:00,1.38,10.84,19.94,19.05,13.61,25.15,19.78,18,14.16,15.99,12.5,19.95,20.11,19.89,23.85,24.06,23.65,25.57,25.73,25.43,25.79,25.91,25.69,25.2,25.21,25.19,24.39,24.4,24.38,23.52,23.56,23.48,6778,7083
2025-05-26 07:00:00,1.29,10.71,19.98,19.06,13.6,25.13,19.77,17.98,11.6,12.21,11.38,20.41,20.72,20.12,24.38,24.62,24.15,25.95,26.13,25.8,25.98,26.05,25.93,25.26,25.31,25.2,24.38,24.4,24.38,23.46,23.5,23.44,6577,6862
2025-05-26 06:00:00,1.28,10.69,20.07,19.06,13.58,25.12,19.75,17.97,11.74,12.03,11.5,21.11,21.43,20.79,24.93,25.21,24.67,26.31,26.5,26.16,26.16,26.27,26.05,25.31,25.32,25.3,24.38,24.39,24.38,23.44,23.45,23.44,6519,910
2025-05-26 05:00:00,1.31,10.71,20.16,19.09,13.55,25.12,19.7,17.96,12.4,12.76,12.09,21.88,22.26,21.53,25.52,25.8,25.22,26.66,26.86,26.51,26.32,26.4,26.28,25.32,25.32,25.32,24.38,24.38,24.37,23.44,23.44,23.43,6524,0
2025-05-26 04:00:00,1.28,10.71,20.22,19.11,13.53,25.1,19.72,17.97,13.16,13.5,12.8,22.74,23.17,22.37,26.14,26.45,25.86,27,27.14,26.87,26.44,26.52,26.4,25.32,25.32,25.32,24.32,24.38,24.27,23.4,23.43,23.37,6528,0
2025-05-26 03:00:00,1.28,10.73,20.26,19.17,13.51,25.05,19.7,18.02,13.95,14.49,13.51,23.67,24.15,23.2,26.8,27.1,26.51,27.34,27.47,27.21,26.53,26.56,26.52,25.32,25.32,25.3,24.26,24.28,24.26,23.33,23.34,23.32,6533,0
2025-05-26 02:00:00,1.27,10.78,20.36,19.21,13.53,25.03,19.7,18.01,15.14,15.58,14.59,24.7,25.21,24.25,27.47,27.81,27.16,27.63,27.78,27.5,26.59,26.62,26.56,25.23,25.3,25.2,24.2,24.26,24.14,23.32,23.32,23.32,6539,0
2025-05-26 01:00:00,1.21,10.82,20.43,19.26,13.5,25.03,19.7,18,16.09,16.69,15.64,25.88,26.46,25.33,28.19,28.52,27.88,27.9,28.05,27.81,26.61,26.64,26.57,25.18,25.2,25.12,24.14,24.14,24.14,23.31,23.32,23.28,6546,0
2025-05-26 00:00:00,1.23,10.79,20.55,19.31,13.49,25.01,19.7,17.97,17.45,18.17,16.79,27.21,27.93,26.55,28.92,29.23,28.6,28.1,28.17,28.04,26.53,26.56,26.52,25.08,25.1,25.02,24.07,24.13,24.03,23.25,23.29,23.21,6548,0
2025-05-25 23:00:00,1.23,10.86,20.62,19.36,13.49,24.99,19.66,17.97,19.25,20.29,18.36,28.82,29.67,28.05,29.65,29.94,29.35,28.2,28.26,28.17,26.43,26.52,26.38,24.96,25,24.9,24.03,24.03,24.02,23.22,23.25,23.2,6568,0
2025-05-25 22:00:00,1.18,10.99,20.77,19.41,13.5,24.99,19.66,17.98,21.88,23.65,20.49,30.75,31.72,29.83,30.31,30.53,30.06,28.19,28.24,28.17,26.24,26.34,26.17,24.83,24.88,24.74,23.96,24.02,23.92,23.2,23.22,23.2,6588,0
2025-05-25 21:00:00,1.12,11.07,21,19.45,13.51,24.93,19.66,17.98,27.24,31.47,24.05,32.75,33.49,31.89,30.79,30.91,30.64,28.04,28.17,27.92,26,26.15,25.9,24.71,24.74,24.65,23.91,23.92,23.91,23.2,23.2,23.2,6624,760
2025-05-25 20:00:00,0.93,11.2,21.13,19.52,13.5,24.91,19.65,17.98,36.55,38.09,32.66,34.08,34.66,33.61,31.01,31.07,30.98,27.69,27.9,27.48,25.72,25.84,25.57,24.6,24.62,24.55,23.91,23.91,23.91,23.2,23.21,23.2,6693,6937
2025-05-25 19:00:00,0.94,11.35,21.19,19.48,13.5,24.89,19.66,17.98,34.88,36.91,32.9,35.87,36.81,34.8,30.97,31.05,30.84,27.25,27.46,26.99,25.46,25.57,25.34,24.5,24.54,24.49,23.9,23.91,23.89,23.2,23.2,23.2,6820,8308
2025-05-25 18:00:00,0.7,11.67,21.18,19.49,13.47,24.87,19.66,17.96,44.89,49.56,37.32,37.06,37.16,36.93,30.43,30.77,30.06,26.69,26.98,26.39,25.2,25.34,25.1,24.45,24.49,24.4,23.9,23.91,23.89,23.21,23.21,23.2,6802,7071
2025-05-25 17:00:00,0.69,11.86,21.12,19.5,13.49,24.84,19.66,17.95,48.96,49.22,48.75,36.6,36.91,36.21,29.51,29.95,29,26.07,26.39,25.8,24.98,25.09,24.86,24.37,24.39,24.37,23.91,23.91,23.9,23.21,23.24,23.2,6851,10073
2025-05-25 16:00:00,0.79,11.98,21.07,19.45,13.47,24.83,19.66,17.95,48.22,48.96,47.51,35.51,36.09,34.81,28.4,28.95,27.83,25.5,25.78,25.21,24.81,24.86,24.75,24.37,24.38,24.37,23.91,23.92,23.91,23.23,23.26,23.22,6849,10148
2025-05-25 15:00:00,0.91,12.08,20.99,19.38,13.46,24.82,19.67,17.95,47,47.92,46.22,33.81,34.66,32.88,27.18,27.75,26.62,24.99,25.21,24.76,24.72,24.75,24.69,24.39,24.45,24.37,23.92,23.97,23.91,23.28,23.29,23.26,6851,10278
2025-05-25 14:00:00,1.24,12.25,20.94,19.29,13.46,24.83,19.65,17.95,45.2,46.5,43.54,31.5,32.66,30.3,25.91,26.51,25.33,24.59,24.74,24.45,24.65,24.69,24.64,24.47,24.49,24.43,24,24.03,23.95,23.29,23.31,23.27,6851,10270
2025-05-25 13:00:00,1.39,12.19,20.75,19.22,13.47,24.85,19.66,17.95,41.82,43.44,40.48,28.86,30.14,27.56,24.7,25.21,24.18,24.33,24.41,24.26,24.73,24.75,24.69,24.5,24.54,24.49,24.03,24.03,24.03,23.3,23.32,23.29,6849,10313
2025-05-25 12:00:00,1.53,12.14,20.52,19.23,13.51,24.82,19.69,17.95,36.3,39.7,32.9,26.02,27.28,24.74,23.75,24.15,23.42,24.26,24.26,24.26,24.8,24.86,24.75,24.6,24.62,24.58,24.03,24.05,24.03,23.3,23.32,23.29,6849,10246
2025-05-25 11:00:00,1.41,11.94,20.37,19.12,13.51,24.83,19.68,17.94,31.34,32.5,30.18,23.34,24.5,22.24,23.11,23.32,22.96,24.33,24.39,24.26,24.93,24.98,24.86,24.68,24.73,24.61,24.09,24.14,24.06,23.29,23.31,23.28,6847,10510
2025-05-25 10:00:00,1.57,11.75,20.26,19.11,13.58,24.86,19.78,17.94,29.05,30.25,27.22,20.98,22.01,20.02,22.84,22.93,22.8,24.52,24.62,24.4,25.09,25.21,25,24.75,24.84,24.73,24.14,24.14,24.12,23.27,23.29,23.23,6844,10435
2025-05-25 09:00:00,1.73,11.47,20.18,19.1,13.55,24.9,19.88,17.95,20.77,26.51,15.3,19.4,19.89,19.18,22.91,23.08,22.82,24.79,24.97,24.62,25.28,25.34,25.22,24.85,24.85,24.83,24.14,24.14,24.14,23.23,23.26,23.2,6838,10357
2025-05-25 08:00:00,1.41,11.28,20.14,19.09,13.44,24.83,19.55,17.96,13.24,14.93,11.61,19.22,19.37,19.18,23.32,23.56,23.09,25.19,25.33,25,25.49,25.57,25.39,24.93,24.96,24.86,24.14,24.14,24.14,23.2,23.21,23.2,6749,7051
2025-05-25 07:00:00,1.25,11.28,20.16,19.08,13.39,24.82,19.44,17.93,10.71,11.3,10.48,19.7,20.01,19.42,23.86,24.15,23.58,25.58,25.74,25.39,25.67,25.8,25.57,24.97,25,24.96,24.14,24.14,24.14,23.2,23.2,23.2,6568,6854
2025-05-25 06:00:00,1.23,11.26,20.24,19.13,13.3,24.8,19.43,17.92,10.84,11.13,10.56,20.4,20.72,20.03,24.43,24.7,24.15,25.95,26.13,25.8,25.86,25.93,25.81,25.05,25.08,25.02,24.14,24.14,24.12,23.18,23.2,23.17,6517,953
2025-05-25 05:00:00,1.27,11.24,20.35,19.13,13.21,24.76,19.44,17.94,11.51,11.85,11.17,21.16,21.54,20.84,25.02,25.32,24.74,26.32,26.51,26.16,26.01,26.05,25.93,25.08,25.08,25.08,24.09,24.13,24.05,23.11,23.16,23.09,6522,0
2025-05-25 04:00:00,1.34,11.28,20.43,19.15,13.15,24.76,19.59,17.93,12.23,12.56,11.97,21.98,22.38,21.56,25.65,25.92,25.33,26.67,26.86,26.51,26.17,26.25,26.1,25.08,25.08,25.08,24.03,24.04,24.03,23.09,23.09,23.09,6524,0
2025-05-25 03:00:00,1.3,11.28,20.49,19.18,13.09,24.75,19.58,17.9,12.97,13.39,12.58,22.91,23.33,22.49,26.31,26.63,26.03,27.02,27.18,26.87,26.28,26.3,26.28,25.08,25.08,25.06,24.02,24.03,24,23.09,23.09,23.07,6533,0
2025-05-25 02:00:00,1.29,11.3,20.54,19.23,13.08,24.73,19.53,17.9,13.92,14.45,13.41,23.95,24.5,23.44,27,27.34,26.67,27.34,27.47,27.22,26.36,26.4,26.3,25,25.05,24.96,23.93,24,23.91,23.02,23.06,22.97,6537,0
2025-05-25 01:00:00,1.28,11.38,20.63,19.28,13.06,24.69,19.52,17.86,15.11,15.64,14.57,25.09,25.69,24.54,27.74,28.07,27.39,27.62,27.72,27.48,26.39,26.4,26.39,24.95,24.96,24.93,23.9,23.91,23.84,22.97,22.97,22.97,6542,0
2025-05-25 00:00:00,1.23,11.37,20.73,19.32,13.08,24.73,19.6,17.83,16.34,17.04,15.75,26.46,27.11,25.81,28.49,28.88,28.17,27.86,27.93,27.77,26.34,26.4,26.28,24.85,24.9,24.82,23.8,23.83,23.79,22.97,22.97,22.96,6506,0
2025-05-24 23:00:00,1.26,11.4,20.84,19.37,13.07,24.66,19.63,17.82,18.01,19.03,17.17,28.03,28.88,27.22,29.24,29.59,28.88,27.99,28.05,27.93,26.24,26.28,26.17,24.74,24.84,24.72,23.75,23.79,23.7,22.96,22.97,22.94,6564,0
2025-05-24 22:00:00,1.19,11.53,20.92,19.41,13.17,24.62,19.6,17.85,20.55,22.35,19.18,29.93,30.89,29,29.93,30.19,29.64,28.03,28.05,27.98,26.07,26.17,25.97,24.62,24.69,24.58,23.67,23.68,23.67,22.91,22.93,22.89,6588,0
2025-05-24 21:00:00,1.16,11.67,21.11,19.46,13.06,24.59,19.6,17.87,25.94,30.09,22.73,31.92,32.66,31.05,30.46,30.65,30.27,27.9,27.97,27.81,25.85,25.93,25.74,24.49,24.54,24.48,23.66,23.67,23.63,22.87,22.92,22.86,6624,681
2025-05-24 20:00:00,0.97,11.75,21.29,19.54,13.05,24.5,19.65,17.82,35.04,36.68,31.3,33.25,33.84,32.78,30.75,30.83,30.65,27.59,27.78,27.45,25.6,25.71,25.46,24.38,24.43,24.34,23.59,23.63,23.56,22.86,22.88,22.85,6702,6945
2025-05-24 19:00:00,0.99,11.89,21.36,19.5,13.13,24.52,19.66,17.8,32.97,35.15,31.16,35.11,36.09,34.05,30.78,30.84,30.65,27.19,27.4,26.98,25.34,25.46,25.22,24.26,24.3,24.25,23.55,23.57,23.55,22.85,22.88,22.85,6820,8509
2025-05-24 18:00:00,0.74,12.23,21.34,19.52,13.07,24.49,19.66,17.8,42.6,47.68,35.03,36.44,36.55,36.23,30.32,30.65,29.95,26.67,26.98,26.39,25.09,25.22,24.98,24.2,24.25,24.14,23.55,23.56,23.55,22.85,22.88,22.85,6820,7087
2025-05-24 17:00:00,0.63,12.43,21.31,19.54,12.98,24.45,19.59,17.79,47.26,47.79,46.88,36.03,36.33,35.68,29.49,29.93,29.06,26.11,26.39,25.85,24.87,24.98,24.77,24.14,24.14,24.14,23.55,23.55,23.55,22.85,22.87,22.85,6851,10266
2025-05-24 16:00:00,0.73,12.5,21.28,19.48,12.93,24.44,19.56,17.79,46.28,47.33,45.66,35.08,35.61,34.48,28.49,28.99,28.01,25.58,25.8,25.33,24.7,24.75,24.63,24.14,24.14,24.12,23.55,23.55,23.55,22.86,22.87,22.86,6849,10286
2025-05-24 15:00:00,0.94,12.65,21.2,19.42,12.91,24.44,19.53,17.78,45.33,45.91,44.64,33.52,34.33,32.63,27.38,27.92,26.87,25.11,25.33,24.94,24.61,24.63,24.55,24.14,24.14,24.13,23.56,23.58,23.55,22.87,22.89,22.86,6851,10364
2025-05-24 14:00:00,1.22,12.8,21.13,19.33,12.95,24.43,19.54,17.73,43.37,44.5,42.6,31.42,32.43,30.34,26.28,26.76,25.8,24.73,24.86,24.62,24.51,24.53,24.51,24.14,24.14,24.14,23.61,23.63,23.58,22.87,22.89,22.86,6851,10301
2025-05-24 13:00:00,1.47,12.77,21.02,19.28,12.93,24.43,19.52,17.69,39.95,42.36,37.99,29.06,30.18,27.94,25.21,25.69,24.75,24.5,24.61,24.43,24.51,24.52,24.51,24.15,24.2,24.14,23.65,23.67,23.63,22.88,22.9,22.86,6849,10278
2025-05-24 12:00:00,1.59,12.69,20.81,19.18,12.9,24.45,19.53,17.62,34.8,37.5,32.4,26.74,27.76,25.69,24.38,24.72,24.08,24.38,24.4,24.38,24.6,24.63,24.55,24.23,24.25,24.19,23.67,23.67,23.66,22.87,22.89,22.85,6849,10475
2025-05-24 11:00:00,1.43,12.55,20.68,19.14,12.89,24.44,19.53,17.56,30.99,32.07,30.35,24.52,25.45,23.59,23.82,24.03,23.67,24.4,24.45,24.38,24.66,24.73,24.63,24.25,24.28,24.25,23.67,23.67,23.67,22.85,22.88,22.85,6849,10491
2025-05-24 10:00:00,1.62,12.36,20.61,19.17,12.92,24.38,19.54,17.61,29.14,30.18,27.46,22.7,23.44,22.02,23.54,23.64,23.48,24.51,24.6,24.48,24.78,24.85,24.74,24.34,24.37,24.29,23.67,23.67,23.67,22.85,22.86,22.85,6844,10546
2025-05-24 09:00:00,1.71,12.18,20.54,19.14,12.94,24.36,19.55,17.62,23.23,26.77,20.01,21.58,21.9,21.41,23.54,23.64,23.49,24.69,24.82,24.6,24.9,24.98,24.86,24.38,24.43,24.37,23.67,23.68,23.67,22.85,22.85,22.85,6840,10325
2025-05-24 08:00:00,1.54,12.04,20.49,19.14,12.92,24.38,19.59,17.5,18.41,19.77,17.24,21.33,21.39,21.31,23.78,23.91,23.67,24.95,25.09,24.85,25.05,25.1,24.98,24.47,24.49,24.42,23.67,23.68,23.67,22.85,22.85,22.85,6822,8174
2025-05-24 07:00:00,1.4,12.02,20.52,19.14,12.91,24.38,19.58,17.33,16.54,17.04,16.32,21.54,21.67,21.43,24.11,24.27,23.95,25.23,25.33,25.09,25.19,25.23,25.11,24.49,24.51,24.49,23.67,23.69,23.67,22.85,22.85,22.84,6577,6858
2025-05-24 06:00:00,1.41,12.05,20.57,19.17,12.9,24.36,19.35,17.34,16.89,17.04,16.58,21.79,21.9,21.67,24.49,24.7,24.33,25.52,25.67,25.39,25.34,25.4,25.26,24.51,24.54,24.49,23.67,23.67,23.67,22.81,22.85,22.8,6542,508
2025-05-24 05:00:00,1.41,12.02,20.64,19.19,13.05,24.3,19.34,17.36,16.64,17.09,16.11,22.14,22.38,21.9,24.93,25.15,24.74,25.8,25.92,25.68,25.46,25.51,25.43,24.55,24.59,24.54,23.67,23.67,23.66,22.74,22.77,22.73,6542,0
2025-05-24 04:00:00,1.37,11.99,20.7,19.24,12.92,24.3,19.35,17.33,15.99,16.34,15.86,22.82,23.2,22.49,25.43,25.69,25.21,26.09,26.23,25.93,25.57,25.57,25.57,24.55,24.58,24.54,23.62,23.66,23.57,22.72,22.73,22.72,6546,0
2025-05-24 03:00:00,1.38,12.04,20.76,19.22,12.91,24.31,19.33,17.36,17.37,18.23,16.43,23.53,23.79,23.23,25.95,26.17,25.69,26.37,26.5,26.25,25.65,25.69,25.57,24.5,24.54,24.49,23.56,23.59,23.55,22.67,22.72,22.63,6550,0
2025-05-24 02:00:00,1.42,12.04,20.79,19.24,13,24.28,19.29,17.37,17.82,18.23,17.53,24.21,24.62,23.84,26.49,26.75,26.24,26.61,26.75,26.51,25.69,25.69,25.69,24.49,24.49,24.49,23.54,23.55,23.52,22.61,22.63,22.61,6550,0
2025-05-24 01:00:00,1.39,12.12,20.84,19.26,13.11,24.22,19.25,17.38,18.35,18.95,17.87,25.15,25.57,24.72,27.07,27.34,26.8,26.83,26.9,26.75,25.69,25.69,25.69,24.43,24.48,24.37,23.46,23.51,23.44,22.61,22.61,22.61,6550,0
2025-05-24 00:00:00,1.39,12.15,20.93,19.31,13.22,24.19,19.2,17.36,19.64,20.06,19.06,26.18,26.66,25.69,27.67,27.93,27.36,27.01,27.1,26.96,25.66,25.69,25.61,24.34,24.37,24.28,23.44,23.44,23.41,22.61,22.61,22.61,6546,0
2025-05-23 23:00:00,1.31,12.13,21.01,19.33,12.95,24.19,19.35,17.37,20.61,21.27,20.12,27.38,28.02,26.75,28.27,28.52,28.01,27.1,27.1,27.1,25.56,25.6,25.48,24.25,24.27,24.23,23.37,23.44,23.32,22.6,22.61,22.58,6573,0
2025-05-23 22:00:00,1.31,12.2,21.11,19.35,12.95,24.13,19.29,17.32,22.4,23.44,21.42,28.83,29.59,28.12,28.82,29.03,28.58,27.1,27.1,27.1,25.41,25.46,25.34,24.14,24.2,24.13,23.32,23.32,23.32,22.56,22.59,22.55,6595,0
2025-05-23 21:00:00,1.25,12.35,21.19,19.4,13,24.11,19.28,17.1,25.19,27.7,23.68,30.51,31.22,29.72,29.25,29.37,29.11,26.99,27.1,26.88,25.22,25.34,25.1,24.04,24.1,24.02,23.31,23.32,23.29,22.54,22.58,22.52,6635,685
2025-05-23 20:00:00,1.04,12.49,21.28,19.45,12.97,24.09,19.28,17.04,32.68,35.03,28.41,31.7,32.18,31.29,29.5,29.59,29.46,26.72,26.87,26.53,24.99,25.1,24.86,23.95,24.02,23.9,23.26,23.3,23.22,22.54,22.55,22.52,6720,6976
2025-05-23 19:00:00,1.07,12.53,21.3,19.44,13.03,24.06,19.28,17,31.78,34.08,30.17,33.08,33.84,32.31,29.53,29.59,29.4,26.34,26.51,26.16,24.76,24.86,24.64,23.9,23.9,23.89,23.24,23.27,23.21,22.54,22.56,22.52,6822,8875
2025-05-23 18:00:00,0.95,12.75,21.38,19.47,12.92,24.09,19.26,16.95,37.09,40.47,33.14,34.46,34.87,33.98,29.11,29.35,28.78,25.83,26.06,25.6,24.56,24.63,24.5,23.82,23.87,23.79,23.25,23.27,23.23,22.55,22.56,22.52,6824,7615
2025-05-23 17:00:00,0.76,13.02,21.36,19.43,12.89,24.07,19.26,16.95,44.21,47.8,39.45,34.67,34.91,34.22,28.27,28.74,27.81,25.3,25.57,25.09,24.4,24.49,24.34,23.79,23.81,23.78,23.28,23.32,23.25,22.56,22.59,22.55,6840,10400
2025-05-23 16:00:00,0.89,13.2,21.31,19.39,12.85,24.06,19.26,16.97,45.74,47.45,44.84,33.47,34.09,32.78,27.18,27.7,26.63,24.81,25,24.62,24.28,24.32,24.27,23.79,23.81,23.78,23.31,23.32,23.29,22.58,22.6,22.57,6849,10215
2025-05-23 15:00:00,1.11,13.38,21.26,19.32,12.9,24.05,19.28,16.96,43.71,44.61,43.19,31.74,32.61,30.77,26.04,26.54,25.52,24.41,24.57,24.26,24.25,24.27,24.22,23.83,23.88,23.79,23.32,23.32,23.32,22.59,22.61,22.57,6849,10313
2025-05-23 14:00:00,1.28,13.4,21.14,19.26,12.99,24.02,19.28,16.98,42.04,43.43,41.18,29.43,30.54,28.27,24.91,25.45,24.41,24.15,24.26,24.06,24.25,24.27,24.22,23.9,23.9,23.89,23.32,23.34,23.32,22.58,22.6,22.57,6849,10357
2025-05-23 13:00:00,1.48,13.37,20.94,19.18,12.86,23.98,19.25,16.96,39.41,40.82,37.39,26.67,28.04,25.28,23.97,24.38,23.64,24.04,24.08,24.03,24.27,24.3,24.27,23.92,23.98,23.9,23.35,23.4,23.32,22.58,22.6,22.56,6849,10404
2025-05-23 12:00:00,1.63,13.13,20.81,19.11,13.04,23.93,19.21,16.87,33.01,36.91,27.35,24.08,25.04,23.44,23.38,23.56,23.23,24.05,24.15,24.02,24.37,24.4,24.3,24.01,24.02,23.97,23.41,23.44,23.37,22.56,22.59,22.55,6849,10451
2025-05-23 11:00:00,1.51,13,20.71,19.16,12.85,23.94,19.18,16.86,28.65,30.48,26.99,22.56,23.35,21.56,23.14,23.2,23.08,24.17,24.26,24.15,24.49,24.56,24.41,24.05,24.1,24.02,23.44,23.44,23.43,22.52,22.55,22.51,6838,9285
2025-05-23 10:00:00,1.66,12.8,20.66,19.11,12.82,23.89,19.18,16.91,23.41,27.11,19.31,20.95,21.44,20.71,23.11,23.2,23.08,24.37,24.5,24.26,24.64,24.74,24.57,24.13,24.14,24.11,23.44,23.44,23.44,22.5,22.52,22.49,6847,10628
2025-05-23 09:00:00,1.51,12.71,20.62,19.06,12.83,23.92,19.16,16.89,17.35,18.83,15.75,20.63,20.72,20.6,23.38,23.56,23.2,24.67,24.85,24.52,24.79,24.86,24.74,24.17,24.23,24.14,23.44,23.44,23.44,22.49,22.5,22.49,6826,8442
2025-05-23 08:00:00,1.47,12.62,20.63,19.08,12.87,23.92,19.16,16.8,15.53,15.75,15.28,20.85,20.97,20.72,23.75,23.91,23.56,24.97,25.09,24.85,24.94,24.99,24.86,24.25,24.25,24.24,23.44,23.44,23.44,22.49,22.49,22.49,6624,6894
2025-05-23 07:00:00,1.45,12.58,20.67,19.1,12.86,23.93,19.14,16.75,15.09,15.41,14.81,21.22,21.43,21.06,24.19,24.38,24.02,25.25,25.4,25.1,25.09,25.15,25.01,24.25,24.28,24.25,23.44,23.44,23.42,22.48,22.49,22.47,6542,6772
2025-05-23 06:00:00,1.43,12.6,20.75,19.1,12.8,23.89,19.14,16.76,14.61,14.79,14.57,21.8,22.21,21.5,24.65,24.87,24.44,25.56,25.68,25.45,25.23,25.32,25.18,24.29,24.33,24.27,23.4,23.44,23.35,22.42,22.47,22.38,6537,0
2025-05-23 05:00:00,1.4,12.63,20.83,19.14,12.8,23.87,19.16,16.75,15.61,16.58,14.69,22.58,22.85,22.26,25.12,25.33,24.93,25.82,25.92,25.68,25.35,25.42,25.32,24.34,24.35,24.32,23.33,23.37,23.32,22.38,22.39,22.38,6542,0
2025-05-23 04:00:00,1.38,12.66,20.9,19.16,12.74,23.81,19.14,16.71,16.81,16.84,16.7,23.14,23.44,22.85,25.6,25.8,25.37,26.11,26.26,26,25.46,25.46,25.44,24.3,24.34,24.28,23.32,23.32,23.31,22.37,22.38,22.35,6542,0
2025-05-23 03:00:00,1.38,12.68,20.94,19.16,12.8,23.82,19.16,16.73,16.95,17.29,16.82,23.81,24.15,23.45,26.12,26.39,25.9,26.39,26.51,26.28,25.54,25.57,25.49,24.26,24.28,24.25,23.24,23.31,23.21,22.29,22.35,22.26,6546,0
2025-05-23 02:00:00,1.39,12.74,20.96,19.18,12.46,23.76,19.16,16.73,17.97,18.24,17.44,24.56,24.87,24.27,26.65,26.93,26.39,26.63,26.75,26.51,25.57,25.57,25.57,24.24,24.25,24.21,23.2,23.21,23.2,22.26,22.27,22.26,6550,0
2025-05-23 01:00:00,1.37,12.78,21.02,19.21,12.5,23.72,19.11,16.7,18.39,18.7,18.2,25.41,25.87,24.98,27.23,27.53,26.99,26.87,26.98,26.75,25.57,25.57,25.57,24.15,24.22,24.14,23.13,23.2,23.08,22.26,22.26,22.26,6550,0
2025-05-23 00:00:00,1.4,12.79,21.07,19.22,12.46,23.69,19.08,16.71,19.35,19.87,18.83,26.41,26.92,25.92,27.86,28.17,27.58,27.04,27.1,26.98,25.54,25.57,25.47,24.08,24.14,24.02,23.08,23.08,23.07,22.23,22.26,22.21,6542,0
2025-05-22 23:00:00,1.3,12.8,21.15,19.27,12.55,23.66,19.08,16.7,20.38,20.85,19.89,27.63,28.29,27,28.48,28.76,28.17,27.14,27.18,27.1,25.43,25.46,25.34,23.97,24.02,23.9,23.01,23.07,22.96,22.17,22.2,22.14,6573,0
2025-05-22 22:00:00,1.29,12.89,21.25,19.3,12.93,23.58,19.04,16.69,21.88,22.96,20.96,29.14,29.94,28.41,29.06,29.34,28.81,27.16,27.21,27.11,25.28,25.34,25.22,23.85,23.9,23.78,22.96,22.97,22.94,22.14,22.15,22.14,6591,0
2025-05-22 21:00:00,1.25,13.08,21.31,19.33,13.34,23.3,19.01,16.67,26.26,29.59,23.32,30.75,31.36,30.06,29.53,29.71,29.35,27.05,27.1,26.98,25.07,25.2,24.98,23.74,23.78,23.66,22.92,22.95,22.87,22.14,22.14,22.14,6631,0
2025-05-22 20:00:00,1.16,13.2,21.39,19.39,13.11,23.13,19.02,16.66,31.74,34.33,30.25,32.08,32.66,31.48,29.79,29.82,29.71,26.78,26.93,26.63,24.82,24.97,24.74,23.63,23.66,23.56,22.85,22.87,22.84,22.14,22.14,22.14,6802,7055
2025-05-22 19:00:00,1.09,13.3,21.46,19.38,13.07,23.06,19.02,16.65,34.54,35.98,33.25,33.5,34.18,32.78,29.8,29.82,29.71,26.4,26.62,26.16,24.57,24.71,24.49,23.55,23.55,23.53,22.84,22.84,22.84,22.14,22.14,22.14,6806,7079
2025-05-22 18:00:00,1.08,13.57,21.53,19.43,12.98,23.01,19.01,16.64,40.29,44.49,36.68,34.55,34.66,34.25,29.45,29.71,29.19,25.89,26.16,25.65,24.32,24.4,24.21,23.46,23.53,23.43,22.84,22.84,22.84,22.14,22.14,22.14,6838,8521
2025-05-22 17:00:00,1.02,13.76,21.56,19.39,12.94,22.97,19,16.65,43.06,44.02,41.65,34.73,34.81,34.66,28.78,29.11,28.41,25.34,25.57,25.09,24.1,24.16,24.04,23.43,23.43,23.43,22.84,22.84,22.84,22.14,22.14,22.14,6851,10175
2025-05-22 16:00:00,0.91,13.99,21.52,19.31,12.93,22.96,19,16.64,45.66,46.97,42.6,34.44,34.79,33.96,27.79,28.29,27.24,24.81,25.09,24.57,23.96,24.04,23.92,23.43,23.43,23.43,22.85,22.87,22.84,22.14,22.15,22.14,6840,9072
2025-05-22 15:00:00,1.01,14.19,21.46,19.26,12.91,22.96,18.97,16.63,46.38,46.74,45.9,33.01,33.84,32.07,26.62,27.17,26.04,24.31,24.5,24.14,23.85,23.92,23.81,23.44,23.46,23.43,22.9,22.96,22.87,22.14,22.14,22.14,6851,10199
2025-05-22 14:00:00,1.33,14.32,21.41,19.18,12.9,22.97,18.93,16.61,44.93,46.1,43.68,30.82,31.9,29.71,25.4,25.96,24.86,23.92,24.08,23.79,23.82,23.85,23.8,23.53,23.55,23.49,22.96,22.96,22.95,22.14,22.15,22.14,6849,10297
2025-05-22 13:00:00,1.52,14.27,21.23,19.12,12.88,22.97,18.95,16.59,42,43.65,40.13,28.24,29.47,26.99,24.27,24.74,23.8,23.7,23.79,23.67,23.91,24,23.84,23.62,23.69,23.55,22.99,23.05,22.96,22.14,22.14,22.14,6851,10270
2025-05-22 12:00:00,1.68,14.16,21.1,19.1,12.88,22.91,19.01,16.58,37.56,40,36.21,25.61,26.75,24.5,23.41,23.76,23,23.62,23.67,23.56,24.09,24.15,24.03,23.86,24.01,23.77,23.07,23.09,23.06,22.14,22.14,22.13,6849,10282
2025-05-22 11:00:00,1.78,12.79,19.55,19.8,14.3,15.42,16.4,16.16,34.89,36.57,33.14,23.22,24.27,22.25,22.69,22.91,22.51,23.6,23.67,23.56,23.99,24.04,23.92,23.6,23.66,23.55,22.96,22.96,22.96,22.13,22.14,22.1,6849,10376
2025-05-22 10:00:00,1.96,12.45,19.3,19.85,14.46,14.76,16.12,16.16,30.44,32.9,27.48,21.09,22.02,20.25,22.49,22.49,22.48,23.8,23.91,23.68,24.15,24.26,24.07,23.66,23.68,23.66,22.96,22.96,22.96,22.09,22.12,22.05,6847,10388
2025-05-22 09:00:00,1.94,12.2,19.22,19.86,14.46,14.77,16.12,16.16,22.06,26.74,16.58,19.73,20.12,19.54,22.64,22.85,22.49,24.11,24.29,23.92,24.33,24.39,24.27,23.75,23.78,23.68,22.96,22.96,22.96,22.03,22.07,22.02,6838,9990
2025-05-22 08:00:00,1.65,12.03,19.17,19.83,14.51,14.76,16.12,16.15,14.36,16.08,12.92,19.67,19.89,19.54,23.11,23.32,22.87,24.51,24.67,24.35,24.51,24.63,24.4,23.78,23.79,23.78,22.96,22.96,22.96,22.02,22.03,22.02,6773,7079
2025-05-22 07:00:00,1.59,11.99,19.19,19.85,14.49,14.77,16.12,16.13,12.22,12.73,12.01,20.19,20.49,19.89,23.65,23.91,23.42,24.87,25.02,24.74,24.68,24.75,24.63,23.81,23.86,23.78,22.96,22.96,22.96,22.02,22.02,22.01,6577,6862
2025-05-22 06:00:00,1.58,11.98,19.25,19.91,14.55,14.77,16.12,16.11,12.44,12.68,12.21,20.9,21.22,20.59,24.19,24.46,23.91,25.19,25.33,25.08,24.82,24.86,24.75,23.85,23.89,23.83,22.95,22.96,22.91,21.97,22.01,21.92,6528,256
2025-05-22 05:00:00,1.52,11.99,19.34,19.93,14.55,14.76,16.14,16.07,13.11,13.51,12.78,21.68,22.13,21.31,24.77,25.09,24.5,25.53,25.68,25.36,24.95,24.98,24.86,23.85,23.88,23.82,22.88,22.93,22.84,21.9,21.93,21.9,6533,0
2025-05-22 04:00:00,1.53,12.01,19.43,19.99,14.52,14.77,16.12,16.06,13.99,14.47,13.57,22.55,22.97,22.14,25.36,25.66,25.09,25.85,26.01,25.69,25.04,25.1,24.98,23.8,23.85,23.78,22.84,22.84,22.84,21.9,21.9,21.89,6539,0
2025-05-22 03:00:00,1.53,12.04,19.51,20.02,14.55,14.74,16.09,16.08,15.1,15.64,14.57,23.46,23.91,23.06,25.98,26.28,25.69,26.14,26.28,26.04,25.1,25.11,25.09,23.78,23.78,23.76,22.77,22.82,22.73,21.83,21.86,21.8,6546,0
2025-05-22 02:00:00,1.48,12.09,19.54,20.04,14.55,14.74,16.09,16.09,16.51,17.52,15.75,24.42,24.86,23.99,26.58,26.87,26.28,26.41,26.51,26.28,25.1,25.12,25.1,23.69,23.77,23.66,22.72,22.73,22.71,21.79,21.79,21.79,6550,0
2025-05-22 01:00:00,1.54,12.17,19.62,20.06,14.54,14.74,16.15,16.08,18.1,18.58,17.66,25.39,25.92,24.96,27.22,27.52,26.93,26.62,26.74,26.51,25.1,25.11,25.1,23.6,23.66,23.55,22.63,22.7,22.61,21.79,21.79,21.78,6550,0
2025-05-22 00:00:00,1.5,12.17,19.69,20.09,14.53,14.73,16.13,16.06,18.41,19.06,17.87,26.57,27.13,26.04,27.89,28.19,27.58,26.8,26.87,26.75,25.02,25.1,24.98,23.49,23.55,23.43,22.57,22.61,22.49,21.74,21.77,21.7,6539,0
2025-05-21 23:00:00,1.46,12.2,19.79,20.11,14.55,14.75,16.09,16.06,19.77,20.25,19.18,27.93,28.64,27.25,28.56,28.88,28.29,26.87,26.87,26.87,24.88,24.98,24.79,23.35,23.43,23.31,22.49,22.5,22.48,21.68,21.72,21.67,6568,0
2025-05-21 22:00:00,1.41,12.29,19.93,20.16,14.5,14.74,16.09,16.05,21.73,23.32,20.39,29.67,30.54,28.83,29.16,29.37,28.88,26.84,26.87,26.75,24.67,24.75,24.54,23.21,23.3,23.15,22.42,22.49,22.37,21.67,21.67,21.67,6588,0
2025-05-21 21:00:00,1.35,12.47,20,20.22,14.48,14.75,16.1,16.04,26.62,30.3,23.72,31.54,32.25,30.72,29.6,29.71,29.45,26.63,26.75,26.51,24.4,24.52,24.27,23.06,23.12,22.99,22.35,22.37,22.3,21.67,21.67,21.67,6606,74
2025-05-21 20:00:00,1.19,12.61,20.15,20.3,14.44,14.77,16.13,16.04,35.4,37.63,31.13,32.78,33.34,32.33,29.8,29.82,29.72,26.24,26.46,26.03,24.1,24.27,23.94,22.92,22.96,22.86,22.27,22.31,22.25,21.67,21.67,21.67,6671,6909
2025-05-21 19:00:00,1.22,12.71,20.21,20.29,14.42,14.75,16.15,16.04,33.31,35.32,31.87,34.54,35.61,33.49,29.75,29.82,29.59,25.76,26.02,25.49,23.8,23.93,23.68,22.83,22.85,22.78,22.25,22.25,22.25,21.67,21.67,21.67,6822,7099
2025-05-21 18:00:00,1,13.18,20.32,20.27,14.4,14.74,16.14,16.04,42.43,48.75,35.27,36.01,36.09,35.74,29.13,29.54,28.72,25.13,25.44,24.84,23.52,23.66,23.43,22.73,22.78,22.72,22.25,22.25,22.25,21.67,21.67,21.67,6737,7008
2025-05-21 17:00:00,0.89,13.35,20.3,20.21,14.44,14.73,16.13,16.04,49,49.69,48.17,35.47,35.91,34.99,28.13,28.64,27.64,24.46,24.74,24.15,23.28,23.39,23.21,22.72,22.72,22.7,22.25,22.25,22.25,21.67,21.67,21.67,6849,10191
2025-05-21 16:00:00,0.97,13.45,20.23,20.1,14.39,14.72,16.14,16.05,47.76,48.27,46.97,34.19,34.89,33.39,26.97,27.53,26.39,23.87,24.15,23.64,23.1,23.2,23.01,22.7,22.72,22.69,22.25,22.25,22.25,21.67,21.67,21.67,6849,10223
2025-05-21 15:00:00,1.19,13.6,20.17,20.03,14.38,14.72,16.14,16.05,45.97,46.85,45.43,32.35,33.25,31.36,25.7,26.28,25.09,23.35,23.56,23.14,22.98,23.02,22.97,22.72,22.72,22.71,22.26,22.27,22.25,21.67,21.67,21.67,6849,10183
2025-05-21 14:00:00,1.51,13.67,19.99,19.99,14.37,14.72,16.11,16.05,43.42,45.44,41.18,30.03,31.14,28.88,24.41,24.98,23.86,22.96,23.09,22.85,22.97,22.97,22.96,22.73,22.77,22.72,22.3,22.35,22.27,21.67,21.67,21.67,6851,10152
2025-05-21 13:00:00,1.6,13.57,19.79,19.92,14.37,14.71,16.09,16.05,39.19,41.27,37.87,27.35,28.64,26.1,23.26,23.77,22.79,22.71,22.83,22.62,22.98,23,22.97,22.83,22.84,22.8,22.36,22.37,22.35,21.67,21.67,21.67,6849,10262
2025-05-21 12:00:00,1.76,13.43,19.66,19.92,14.38,14.73,16.1,16.05,37.21,37.87,36.68,24.75,25.92,23.56,22.34,22.73,22.01,22.61,22.62,22.61,23.08,23.1,23.01,22.87,22.93,22.84,22.38,22.39,22.37,21.67,21.67,21.67,6851,10215
2025-05-21 11:00:00,1.92,13.21,19.52,19.87,14.39,14.76,16.1,16.05,35.06,36.52,33.49,22.29,23.36,21.19,21.67,21.94,21.47,22.7,22.73,22.61,23.22,23.31,23.15,22.96,22.98,22.95,22.43,22.48,22.4,21.67,21.67,21.67,6849,10427
2025-05-21 10:00:00,2.07,12.97,19.37,19.86,14.38,14.76,16.07,16.04,30.53,33.14,27.58,20.02,21,19.12,21.43,21.44,21.42,22.9,23.04,22.82,23.39,23.45,23.33,23.05,23.07,22.99,22.47,22.49,22.46,21.67,21.67,21.67,6844,10443
2025-05-21 09:00:00,2.06,12.63,19.3,19.81,14.36,14.72,16.06,16.04,21.7,26.91,15.64,18.55,19,18.36,21.57,21.78,21.43,23.21,23.43,23.07,23.55,23.67,23.45,23.08,23.14,23.07,22.47,22.49,22.47,21.67,21.67,21.65,6838,10215
2025-05-21 08:00:00,1.68,12.43,19.26,19.75,14.35,14.7,16.06,16.05,13.1,14.93,11.72,18.52,18.7,18.37,22.09,22.36,21.8,23.62,23.79,23.44,23.73,23.8,23.68,23.17,23.19,23.14,22.48,22.49,22.47,21.63,21.66,21.61,6746,7047
2025-05-21 07:00:00,1.53,12.4,19.26,19.79,14.35,14.69,16.08,16.05,11.09,11.5,10.92,19.06,19.39,18.77,22.61,22.85,22.37,23.97,24.15,23.79,23.88,23.93,23.8,23.19,23.19,23.19,22.48,22.49,22.45,21.57,21.61,21.55,6577,6862
2025-05-21 06:00:00,1.53,12.46,19.29,19.85,14.38,14.71,16.1,16.02,11.41,11.78,11.13,19.76,20.12,19.42,23.15,23.42,22.9,24.29,24.49,24.15,24.03,24.08,23.97,23.19,23.2,23.19,22.41,22.44,22.38,21.55,21.56,21.55,6533,240
2025-05-21 05:00:00,1.61,12.49,19.36,19.89,14.39,14.71,16.11,16,12.3,12.61,11.88,20.49,20.84,20.12,23.69,23.94,23.44,24.62,24.74,24.5,24.15,24.21,24.13,23.19,23.22,23.19,22.37,22.39,22.36,21.55,21.55,21.53,6537,0
2025-05-21 04:00:00,1.57,12.47,19.45,19.95,14.41,14.7,16.13,16.03,12.96,13.44,12.56,21.31,21.73,20.95,24.26,24.51,24.03,24.92,25.09,24.76,24.26,24.28,24.24,23.19,23.2,23.19,22.3,22.36,22.25,21.5,21.55,21.44,6542,0
2025-05-21 03:00:00,1.57,12.53,19.57,20.01,14.43,14.69,16.13,16.04,14.3,15.18,13.6,22.23,22.62,21.78,24.84,25.09,24.61,25.2,25.33,25.09,24.35,24.39,24.3,23.18,23.19,23.15,22.25,22.25,22.25,21.43,21.46,21.43,6550,0
2025-05-21 02:00:00,1.59,12.55,19.68,20.08,14.43,14.72,16.11,16.04,16.61,17.39,15.41,23.06,23.44,22.73,25.43,25.7,25.16,25.46,25.57,25.33,24.39,24.39,24.38,23.08,23.14,23.07,22.19,22.25,22.13,21.43,21.43,21.42,6550,0
2025-05-21 01:00:00,1.56,12.59,19.74,20.13,14.44,14.74,16.08,16.03,16.61,17.28,16.45,23.96,24.5,23.45,26.09,26.4,25.8,25.69,25.8,25.57,24.35,24.39,24.29,23,23.07,22.95,22.13,22.13,22.13,21.42,21.43,21.39,6550,0
2025-05-21 00:00:00,1.51,12.68,19.78,20.15,14.46,14.7,16.11,16.01,16.72,17.2,16.45,25.17,25.81,24.59,26.78,27.1,26.5,25.87,25.92,25.8,24.25,24.28,24.19,22.89,22.95,22.84,22.06,22.13,22.02,21.37,21.39,21.34,6542,0
2025-05-20 23:00:00,1.54,12.7,19.9,20.22,14.44,14.7,16.1,16.01,17.97,19.06,17.29,26.65,27.39,25.92,27.46,27.76,27.14,25.92,25.94,25.92,24.11,24.16,24.04,22.77,22.84,22.72,22.01,22.02,22,21.32,21.35,21.31,6571,0
2025-05-20 22:00:00,1.47,12.78,19.99,20.25,14.42,14.71,16.1,16.01,20.6,21.78,19.33,28.38,29.23,27.57,28.05,28.29,27.81,25.89,25.92,25.8,23.91,24.04,23.8,22.64,22.72,22.6,21.92,21.97,21.9,21.31,21.33,21.31,6588,0
2025-05-20 21:00:00,1.43,12.99,20.13,20.31,14.42,14.68,16.08,16,24.9,28.61,22.15,30.29,31.01,29.46,28.45,28.55,28.29,25.68,25.8,25.56,23.66,23.8,23.56,22.49,22.6,22.39,21.9,21.9,21.9,21.31,21.31,21.31,6613,90
2025-05-20 20:00:00,1.28,13.15,20.28,20.35,14.44,14.69,16.09,16,34.32,36.56,29.6,31.51,32.07,31.13,28.63,28.64,28.58,25.28,25.51,25.09,23.37,23.5,23.21,22.36,22.38,22.33,21.89,21.9,21.86,21.31,21.31,21.31,6677,6921
2025-05-20 19:00:00,1.3,13.25,20.35,20.26,14.42,14.72,16.08,16,31.56,33.21,30.06,33.31,34.36,32.21,28.55,28.64,28.35,24.81,25.05,24.54,23.08,23.21,22.97,22.25,22.29,22.24,21.84,21.88,21.82,21.31,21.32,21.31,6811,7087
2025-05-20 18:00:00,1.04,13.61,20.43,20.25,14.41,14.68,16.08,16.01,42.15,48.16,34.08,34.66,34.79,34.45,27.89,28.29,27.46,24.18,24.5,23.91,22.82,22.97,22.74,22.21,22.24,22.16,21.83,21.85,21.82,21.31,21.33,21.31,6737,7008
2025-05-20 17:00:00,0.91,13.85,20.4,20.12,14.39,14.67,16.08,16.01,47.05,47.7,46.62,34.01,34.43,33.49,26.88,27.34,26.39,23.54,23.8,23.28,22.59,22.7,22.5,22.13,22.16,22.13,21.86,21.89,21.84,21.33,21.35,21.31,6849,10120
2025-05-20 16:00:00,1.14,14.01,20.36,20.09,14.38,14.66,16.08,16.02,45.82,46.73,44.42,32.63,33.37,31.84,25.73,26.28,25.19,22.97,23.21,22.73,22.43,22.5,22.37,22.13,22.15,22.13,21.89,21.9,21.88,21.36,21.38,21.35,6851,10230
2025-05-20 15:00:00,1.38,14.12,20.21,20.06,14.38,14.67,16.08,16.03,43.53,44.61,42.12,30.7,31.67,29.71,24.5,25.09,23.91,22.46,22.73,22.25,22.27,22.34,22.26,22.18,22.24,22.13,21.9,21.9,21.9,21.38,21.41,21.37,6849,10424
2025-05-20 14:00:00,1.65,14.09,20.05,20,14.35,14.69,16.09,16.03,40.22,41.89,38.16,28.4,29.49,27.23,23.28,23.81,22.73,22.07,22.25,21.91,22.26,22.26,22.26,22.24,22.24,22.24,21.93,21.98,21.9,21.42,21.43,21.4,6849,10427
2025-05-20 13:00:00,1.63,14.03,19.92,19.91,14.37,14.68,16.1,16.03,35.44,37.39,34.66,25.96,27.09,24.85,22.16,22.63,21.66,21.85,21.9,21.78,22.31,22.38,22.26,22.3,22.36,22.24,22,22.02,21.96,21.42,21.43,21.42,6849,10400
2025-05-20 12:00:00,1.79,13.87,19.72,19.88,14.35,14.67,16.1,16.03,35.16,35.5,34.91,23.48,24.62,22.26,21.22,21.6,20.84,21.78,21.78,21.77,22.46,22.5,22.39,22.39,22.48,22.36,22.02,22.02,22.02,21.42,21.43,21.41,6849,10483
2025-05-20 11:00:00,2.04,13.66,19.59,19.87,14.35,14.64,16.1,16.03,33.6,35,31.98,20.87,22.03,19.77,20.55,20.8,20.36,21.83,21.9,21.78,22.61,22.71,22.51,22.52,22.58,22.47,22.04,22.07,22.02,21.43,21.43,21.42,6847,10471
2025-05-20 10:00:00,2.16,13.32,19.48,19.86,14.35,14.65,16.07,16.02,28.91,31.66,25.8,18.54,19.54,17.65,20.29,20.36,20.25,22.04,22.18,21.91,22.79,22.85,22.74,22.6,22.62,22.6,22.11,22.13,22.08,21.42,21.43,21.41,6847,10518
2025-05-20 09:00:00,2.08,12.98,19.37,19.83,14.35,14.69,16.05,16.02,20.05,25.1,13.96,17.03,17.5,16.82,20.46,20.68,20.34,22.39,22.61,22.23,22.98,23.08,22.86,22.7,22.72,22.64,22.13,22.13,22.13,21.41,21.43,21.39,6838,10585
2025-05-20 08:00:00,1.66,12.79,19.28,19.71,14.37,14.69,16.04,16.01,10.95,13.03,9.43,16.95,17.17,16.82,20.96,21.19,20.72,22.84,23.04,22.65,23.16,23.22,23.09,22.75,22.83,22.72,22.13,22.13,22.13,21.36,21.4,21.33,6737,7043
2025-05-20 07:00:00,1.56,12.74,19.32,19.7,14.39,14.68,16.05,16,8.79,9.25,8.6,17.49,17.79,17.17,21.5,21.76,21.29,23.21,23.36,23.08,23.35,23.45,23.25,22.84,22.84,22.83,22.13,22.13,22.13,21.32,21.36,21.31,6573,6862
2025-05-20 06:00:00,1.55,12.77,19.4,19.74,14.38,14.69,16.04,15.99,9.18,9.6,8.87,18.18,18.5,17.87,22.06,22.33,21.78,23.56,23.71,23.44,23.52,23.56,23.45,22.84,22.84,22.84,22.13,22.13,22.13,21.31,21.31,21.31,6524,240
2025-05-20 05:00:00,1.55,12.82,19.45,19.79,14.37,14.7,16.06,15.96,10.14,10.55,9.66,18.91,19.26,18.59,22.63,22.88,22.37,23.89,24.03,23.77,23.65,23.69,23.58,22.85,22.89,22.84,22.11,22.13,22.08,21.31,21.31,21.3,6530,0
2025-05-20 04:00:00,1.53,12.88,19.49,19.88,14.39,14.69,16.1,15.96,10.69,10.91,10.54,19.69,20.12,19.29,23.21,23.5,22.97,24.21,24.38,24.05,23.78,23.81,23.7,22.86,22.89,22.84,22.05,22.11,22.02,21.29,21.31,21.26,6533,0
2025-05-20 03:00:00,1.58,12.91,19.59,19.91,14.41,14.69,16.1,15.98,11.59,12.32,11.02,20.59,20.98,20.14,23.83,24.15,23.56,24.53,24.65,24.38,23.88,23.92,23.81,22.84,22.86,22.84,22.02,22.02,22.02,21.22,21.25,21.19,6542,0
2025-05-20 02:00:00,1.61,12.93,19.69,19.95,14.42,14.68,16.1,15.96,13.12,13.51,12.44,21.48,21.9,21.08,24.44,24.74,24.15,24.81,24.96,24.71,23.92,23.92,23.92,22.83,22.84,22.81,21.98,22.02,21.93,21.19,21.2,21.19,6550,0
2025-05-20 01:00:00,1.61,12.97,19.82,20.02,14.42,14.69,16.08,15.94,13.6,13.86,13.51,22.53,23.09,22.02,25.11,25.45,24.79,25.05,25.18,24.97,23.92,23.93,23.92,22.74,22.81,22.72,21.91,21.93,21.9,21.19,21.19,21.19,6550,0
2025-05-20 00:00:00,1.57,13.02,19.91,20.05,14.42,14.69,16.07,15.93,14.73,15.87,13.98,23.77,24.39,23.2,25.79,26.09,25.45,25.24,25.33,25.2,23.89,23.92,23.85,22.67,22.72,22.6,21.88,21.9,21.86,21.19,21.19,21.18,6542,0
2025-05-19 23:00:00,1.58,13.14,20,20.14,14.43,14.64,16.09,15.96,17.14,17.65,16.12,25.1,25.8,24.5,26.43,26.75,26.16,25.33,25.34,25.33,23.78,23.83,23.71,22.58,22.6,22.49,21.79,21.83,21.78,21.16,21.19,21.14,6573,0
2025-05-19 22:00:00,1.58,13.19,20.07,20.18,14.43,14.67,16.09,15.96,18.46,19.51,17.87,26.73,27.58,25.92,27.02,27.22,26.75,25.33,25.33,25.31,23.63,23.68,23.56,22.42,22.49,22.36,21.78,21.78,21.78,21.13,21.17,21.11,6591,0
2025-05-19 21:00:00,1.54,13.33,20.23,20.18,14.42,14.69,16.05,15.96,22.54,25.92,19.79,28.52,29.23,27.7,27.43,27.58,27.3,25.18,25.3,25.09,23.43,23.56,23.33,22.32,22.36,22.24,21.74,21.78,21.7,21.1,21.12,21.09,6624,0
2025-05-19 20:00:00,1.39,13.53,20.35,20.22,14.46,14.69,16.02,15.96,31.5,33.61,26.8,29.65,30.14,29.35,27.61,27.69,27.58,24.85,25.05,24.7,23.19,23.32,23.09,22.23,22.24,22.2,21.67,21.68,21.66,21.09,21.11,21.08,6693,6941
2025-05-19 19:00:00,1.44,13.67,20.43,20.17,14.43,14.64,16.01,15.95,28.08,30.66,26.87,31.29,32.31,30.3,27.61,27.7,27.46,24.47,24.63,24.26,22.96,23.08,22.85,22.14,22.17,22.13,21.66,21.67,21.66,21.09,21.11,21.08,6818,7221
2025-05-19 18:00:00,1.3,14.03,20.5,20.15,14.41,14.65,16.01,15.96,36.61,42.59,29.34,32.61,32.77,32.43,27.05,27.41,26.66,23.94,24.24,23.67,22.75,22.85,22.65,22.11,22.13,22.08,21.66,21.66,21.66,21.09,21.12,21.08,6791,7055
2025-05-19 17:00:00,1.26,14.24,20.5,20.12,14.42,14.67,16.01,15.96,41.06,42.72,39.29,32.04,32.32,31.72,26.19,26.61,25.8,23.42,23.65,23.2,22.57,22.62,22.5,22.05,22.09,22.02,21.66,21.67,21.66,21.1,21.11,21.08,6849,10325
2025-05-19 16:00:00,1.37,14.4,20.44,20.08,14.4,14.66,16.02,15.96,41.43,43.25,39.28,30.9,31.67,29.95,25.18,25.69,24.72,22.96,23.19,22.76,22.46,22.5,22.39,22.05,22.07,22.05,21.67,21.69,21.66,21.11,21.13,21.08,6849,10491
2025-05-19 15:00:00,1.53,14.35,20.28,20.05,14.39,14.63,16.03,15.96,39.06,41.63,36.43,29.13,29.83,28.35,24.14,24.62,23.67,22.59,22.73,22.4,22.37,22.39,22.37,22.11,22.13,22.09,21.71,21.74,21.68,21.12,21.16,21.11,6849,10427
2025-05-19 14:00:00,1.74,14.35,20.14,20.03,14.38,14.63,16.05,15.96,37.53,39,35.49,26.97,28.17,25.81,23.16,23.56,22.78,22.29,22.37,22.23,22.36,22.38,22.35,22.13,22.15,22.12,21.77,21.78,21.74,21.12,21.16,21.1,6849,10487
2025-05-19 13:00:00,1.79,14.18,20.02,19.95,14.38,14.65,16.07,15.96,31.35,34.66,28.76,24.86,25.6,24.27,22.41,22.73,22.13,22.16,22.22,22.14,22.42,22.49,22.38,22.19,22.24,22.13,21.78,21.78,21.77,21.13,21.16,21.11,6849,10455
2025-05-19 12:00:00,1.83,14.06,19.9,19.93,14.39,14.66,16.09,15.95,31.14,33.37,28.76,23.23,24.16,22.14,21.74,22.03,21.44,22.14,22.14,22.14,22.51,22.6,22.49,22.24,22.27,22.24,21.78,21.78,21.78,21.12,21.15,21.1,6847,10609
2025-05-19 11:00:00,2.06,13.83,19.76,19.95,14.38,14.62,16.1,15.96,28.82,32.07,25.33,21.17,21.9,20.54,21.34,21.43,21.3,22.21,22.28,22.14,22.63,22.73,22.6,22.33,22.36,22.27,21.78,21.79,21.78,21.11,21.13,21.08,6847,10632
2025-05-19 10:00:00,2,13.67,19.68,19.91,14.38,14.66,16.1,15.95,24.13,26.04,21.78,19.88,20.44,19.42,21.27,21.31,21.23,22.42,22.55,22.34,22.77,22.85,22.73,22.37,22.42,22.36,21.81,21.83,21.79,21.08,21.09,21.08,6838,10443
2025-05-19 09:00:00,1.9,13.46,19.64,19.84,14.4,14.64,16.06,15.93,18.47,20.84,17.12,19.27,19.42,19.18,21.45,21.55,21.31,22.71,22.85,22.6,22.92,22.97,22.85,22.47,22.49,22.42,21.83,21.84,21.82,21.08,21.08,21.08,6826,9644
2025-05-19 08:00:00,1.8,13.36,19.66,19.83,14.4,14.62,16.07,15.92,15.6,16.82,14.33,19.21,19.29,19.15,21.75,21.95,21.6,22.98,23.09,22.85,23.06,23.12,22.97,22.53,22.6,22.48,21.82,21.85,21.79,21.08,21.08,21.08,6749,7055
2025-05-19 07:00:00,1.78,13.37,19.69,19.84,14.41,14.62,16.09,15.9,14.64,14.81,14.33,19.46,19.6,19.33,22.14,22.31,22.02,23.26,23.41,23.15,23.21,23.28,23.15,22.59,22.6,22.58,21.81,21.83,21.78,21.08,21.08,21.07,6571,6846
2025-05-19 06:00:00,1.76,13.43,19.72,19.85,14.43,14.62,16.08,15.88,14.16,14.37,13.91,19.85,20.04,19.66,22.53,22.73,22.37,23.55,23.67,23.44,23.36,23.45,23.32,22.6,22.6,22.6,21.78,21.79,21.78,21.02,21.07,20.99,6546,0
2025-05-19 05:00:00,1.74,13.45,19.73,19.89,14.37,14.62,16.07,15.91,14.74,15.04,14.34,20.29,20.48,20.12,22.93,23.12,22.73,23.82,23.95,23.68,23.48,23.56,23.45,22.6,22.61,22.6,21.78,21.78,21.78,20.96,20.99,20.96,6546,0
2025-05-19 04:00:00,1.73,13.45,19.78,19.95,14.42,14.62,16.02,15.89,15.16,15.28,14.95,20.71,20.96,20.49,23.39,23.63,23.2,24.12,24.26,24,23.57,23.6,23.56,22.6,22.6,22.6,21.76,21.78,21.72,20.96,20.96,20.95,6548,0
2025-05-19 03:00:00,1.71,13.42,19.84,19.98,14.39,14.62,16.01,15.89,15.32,15.69,14.91,21.18,21.41,20.96,23.92,24.16,23.67,24.41,24.52,24.26,23.67,23.68,23.64,22.59,22.6,22.53,21.67,21.71,21.66,20.94,20.96,20.91,6548,0
2025-05-19 02:00:00,1.67,13.43,19.92,20,14.41,14.64,16.01,15.91,14.32,15.52,13.46,21.85,22.38,21.43,24.55,24.86,24.27,24.7,24.86,24.59,23.68,23.68,23.68,22.48,22.52,22.45,21.66,21.66,21.65,20.86,20.91,20.84,6550,0
2025-05-19 01:00:00,1.63,13.45,20.04,20.08,14.41,14.67,16.02,15.9,14.77,15.75,13.76,22.98,23.5,22.48,25.22,25.52,24.97,24.93,24.97,24.86,23.68,23.68,23.67,22.37,22.42,22.36,21.57,21.61,21.54,20.84,20.85,20.84,6550,0
2025-05-19 00:00:00,1.59,13.54,20.14,20.13,14.44,14.66,16.03,15.89,16.47,17.04,15.86,24.15,24.74,23.57,25.87,26.17,25.57,25.09,25.14,25.02,23.59,23.67,23.56,22.28,22.36,22.24,21.52,21.54,21.48,20.84,20.84,20.84,6548,0
2025-05-18 23:00:00,1.63,13.68,20.2,20.16,14.42,14.64,16.06,15.89,18.08,19.06,17.23,25.52,26.23,24.86,26.5,26.75,26.24,25.16,25.18,25.13,23.47,23.56,23.4,22.17,22.24,22.13,21.44,21.48,21.43,20.84,20.84,20.83,6577,0
2025-05-18 22:00:00,1.59,13.69,20.3,20.2,14.49,14.65,16.03,15.88,20.51,21.67,19.42,27.09,27.83,26.37,27.05,27.23,26.85,25.09,25.16,25.05,23.27,23.37,23.2,22.04,22.13,22.01,21.43,21.43,21.41,20.83,20.84,20.83,6591,0
2025-05-18 21:00:00,1.6,13.85,20.44,20.22,14.46,14.64,16.01,15.88,23.83,26.15,22.01,28.77,29.47,28.04,27.44,27.58,27.33,24.91,25.02,24.77,23.04,23.13,22.94,21.92,22,21.89,21.36,21.4,21.34,20.82,20.84,20.81,6624,0
2025-05-18 20:00:00,1.43,14.04,20.55,20.23,14.46,14.63,16,15.88,30.56,32.31,26.76,30.07,30.64,29.59,27.61,27.69,27.58,24.56,24.74,24.38,22.77,22.88,22.64,21.81,21.89,21.77,21.31,21.32,21.31,20.82,20.84,20.82,6693,6949
2025-05-18 19:00:00,1.46,14.22,20.63,20.2,14.44,14.63,16,15.87,30.01,31.13,29,31.59,32.43,30.77,27.54,27.65,27.36,24.11,24.35,23.9,22.51,22.62,22.38,21.75,21.77,21.68,21.31,21.31,21.31,20.82,20.84,20.81,6809,7087
2025-05-18 18:00:00,1.28,14.52,20.68,20.16,14.44,14.63,16,15.89,37.18,43.07,31.72,32.89,33.02,32.57,26.98,27.34,26.59,23.52,23.79,23.21,22.22,22.36,22.14,21.66,21.68,21.65,21.31,21.31,21.31,20.83,20.84,20.82,6784,7055
2025-05-18 17:00:00,1.22,14.8,20.7,20.15,14.44,14.62,16,15.89,42.99,43.19,42.67,32.53,32.86,32.16,26.05,26.51,25.57,22.91,23.2,22.62,22.02,22.14,21.92,21.65,21.65,21.65,21.31,21.33,21.31,20.84,20.84,20.83,6847,10219
2025-05-18 16:00:00,1.39,14.98,20.63,20.14,14.4,14.62,16.01,15.89,42.86,43.1,42.56,31.44,32.07,30.77,24.92,25.45,24.38,22.34,22.61,22.13,21.89,21.91,21.83,21.65,21.66,21.65,21.35,21.4,21.32,20.84,20.84,20.83,6849,10337
2025-05-18 15:00:00,1.52,15.04,20.46,20.07,14.44,14.63,16.02,15.9,42.55,42.73,42.3,29.7,30.65,28.67,23.69,24.27,23.09,21.86,22.03,21.67,21.79,21.81,21.79,21.7,21.76,21.65,21.42,21.43,21.39,20.84,20.84,20.84,6849,10333
2025-05-18 14:00:00,1.69,15.01,20.32,20,14.43,14.63,16.03,15.9,40.45,41.98,38.21,27.39,28.53,26.28,22.47,23.02,21.91,21.53,21.66,21.43,21.79,21.82,21.79,21.77,21.79,21.76,21.43,21.43,21.43,20.84,20.84,20.84,6849,10230
2025-05-18 13:00:00,1.74,14.94,20.15,19.95,14.39,14.61,16.05,15.9,36.45,37.75,35.38,24.85,26.06,23.56,21.34,21.8,20.93,21.34,21.43,21.31,21.9,21.92,21.86,21.86,21.89,21.78,21.44,21.49,21.43,20.84,20.84,20.84,6849,10471
2025-05-18 12:00:00,1.84,14.69,19.99,19.91,14.43,14.63,16.05,15.9,34.04,34.96,32.74,22.13,23.32,20.96,20.53,20.84,20.25,21.32,21.37,21.31,22.01,22.12,21.92,21.93,22.01,21.89,21.52,21.54,21.5,20.84,20.84,20.84,6849,10286
2025-05-18 11:00:00,2.13,14.43,19.87,19.92,14.4,14.64,16,15.89,30.89,32.65,28.3,19.67,20.72,18.7,20.02,20.2,19.89,21.47,21.55,21.41,22.18,22.26,22.14,22.02,22.08,22.01,21.54,21.54,21.54,20.84,20.84,20.84,6849,10483
2025-05-18 10:00:00,2.11,14.08,19.77,19.87,14.42,14.6,16,15.89,24.36,27.36,22.14,17.82,18.56,17.16,19.9,19.95,19.89,21.73,21.89,21.55,22.39,22.5,22.26,22.12,22.13,22.1,21.54,21.55,21.54,20.84,20.84,20.83,6844,10585
2025-05-18 09:00:00,2.05,13.86,19.7,19.87,14.41,14.63,16,15.87,17.52,21.31,13.6,16.7,17.04,16.48,20.14,20.36,20,22.09,22.25,21.9,22.6,22.72,22.5,22.21,22.24,22.14,21.55,21.56,21.54,20.82,20.84,20.79,6838,10341
2025-05-18 08:00:00,1.75,13.67,19.62,19.82,14.41,14.65,16.01,15.88,10.9,13.15,9.14,16.56,16.7,16.45,20.63,20.87,20.37,22.54,22.73,22.33,22.8,22.89,22.74,22.25,22.27,22.24,21.55,21.57,21.54,20.76,20.82,20.74,6818,7240
2025-05-18 07:00:00,1.63,13.64,19.63,19.8,14.42,14.61,16,15.89,8.5,8.97,8.35,17.06,17.29,16.82,21.19,21.43,20.96,22.95,23.1,22.76,23,23.09,22.93,22.33,22.36,22.3,21.54,21.56,21.54,20.73,20.74,20.72,6550,6846
2025-05-18 06:00:00,1.62,13.65,19.73,19.81,14.44,14.63,16,15.89,8.87,9.04,8.64,17.63,17.93,17.4,21.78,22.11,21.5,23.34,23.53,23.2,23.16,23.21,23.09,22.36,22.36,22.36,21.54,21.55,21.54,20.72,20.72,20.71,6524,0
2025-05-18 05:00:00,1.61,13.66,19.78,19.86,14.47,14.65,16.02,15.87,8.38,8.57,8.29,18.37,18.81,18,22.45,22.74,22.14,23.71,23.91,23.56,23.32,23.41,23.23,22.36,22.36,22.36,21.53,21.54,21.48,20.69,20.72,20.65,6524,0
2025-05-18 04:00:00,1.56,13.73,19.82,19.92,14.49,14.6,16.03,15.86,8.84,9.25,8.53,19.3,19.77,18.84,23.12,23.44,22.83,24.07,24.26,23.91,23.45,23.47,23.43,22.36,22.36,22.36,21.44,21.49,21.43,20.62,20.66,20.6,6533,0
2025-05-18 03:00:00,1.56,13.8,19.92,19.98,14.5,14.58,16.02,15.83,9.82,10.37,9.32,20.32,20.84,19.87,23.82,24.15,23.5,24.4,24.56,24.26,23.55,23.56,23.49,22.31,22.36,22.25,21.42,21.43,21.4,20.6,20.6,20.6,6539,0
2025-05-18 02:00:00,1.56,13.82,20.02,20.02,14.51,14.59,16,15.83,11.02,11.61,10.43,21.45,22.02,20.94,24.53,24.86,24.18,24.71,24.86,24.61,23.56,23.56,23.56,22.24,22.27,22.24,21.34,21.41,21.31,20.59,20.6,20.57,6546,0
2025-05-18 01:00:00,1.63,13.88,20.18,20.09,14.51,14.57,15.99,15.86,12.56,13.41,11.73,22.72,23.32,22.14,25.26,25.57,24.94,24.94,25.06,24.86,23.56,23.56,23.56,22.16,22.24,22.13,21.3,21.31,21.25,20.52,20.59,20.49,6550,0
2025-05-18 00:00:00,1.64,13.97,20.26,20.16,14.49,14.56,15.99,15.85,14.37,15.15,13.62,24.07,24.74,23.44,25.98,26.28,25.68,25.13,25.2,25.09,23.48,23.56,23.45,22.04,22.13,22.01,21.2,21.24,21.19,20.48,20.5,20.48,6548,0
2025-05-17 23:00:00,1.6,14.11,20.34,20.18,14.54,14.55,15.95,15.84,16.38,17.35,15.36,25.58,26.4,24.86,26.67,26.99,26.39,25.21,25.21,25.2,23.35,23.45,23.27,21.92,22.01,21.88,21.16,21.19,21.1,20.48,20.48,20.48,6577,0
2025-05-17 22:00:00,1.6,14.18,20.49,20.24,14.53,14.55,15.95,15.84,19.43,21.66,17.65,27.33,28.17,26.51,27.26,27.47,26.99,25.17,25.21,25.09,23.15,23.22,23.07,21.78,21.87,21.76,21.07,21.09,21.07,20.48,20.48,20.48,6591,0
2025-05-17 21:00:00,1.61,14.37,20.59,20.28,14.52,14.55,15.94,15.83,24.47,27.22,22.14,29.1,29.83,28.29,27.68,27.81,27.53,24.97,25.09,24.86,22.9,23.04,22.76,21.65,21.73,21.57,21.04,21.07,21.01,20.45,20.48,20.43,6608,0
2025-05-17 20:00:00,1.43,14.61,20.73,20.28,14.51,14.51,15.97,15.83,31.58,33.61,27.93,30.44,31.03,29.94,27.88,27.93,27.81,24.6,24.81,24.4,22.62,22.74,22.5,21.53,21.54,21.47,20.96,21,20.95,20.43,20.45,20.42,6684,6945
2025-05-17 19:00:00,1.48,14.73,20.78,20.26,14.5,14.53,15.95,15.83,31.24,32.55,30.41,32.04,32.9,31.21,27.85,27.93,27.7,24.14,24.38,23.9,22.31,22.48,22.14,21.42,21.43,21.42,20.95,20.96,20.95,20.43,20.45,20.4,6802,7087
2025-05-17 18:00:00,1.31,15.05,20.86,20.21,14.5,14.53,15.95,15.83,38.29,44.13,33.02,33.38,33.49,33.02,27.29,27.63,26.88,23.54,23.8,23.21,22.03,22.14,21.91,21.35,21.42,21.31,20.95,20.95,20.95,20.43,20.45,20.41,6806,7102
2025-05-17 17:00:00,1.22,15.33,20.87,20.2,14.48,14.5,15.95,15.84,44.33,44.85,43.78,33.15,33.37,32.8,26.37,26.85,25.92,22.9,23.2,22.61,21.81,21.91,21.71,21.3,21.3,21.3,20.95,20.95,20.95,20.43,20.45,20.41,6847,10053
2025-05-17 16:00:00,1.3,15.54,20.83,20.21,14.45,14.49,15.96,15.83,44.83,45.15,44.25,32.12,32.75,31.44,25.24,25.8,24.68,22.3,22.61,22.02,21.63,21.67,21.55,21.3,21.3,21.3,20.95,20.96,20.95,20.44,20.48,20.43,6849,10152
2025-05-17 15:00:00,1.54,15.65,20.64,20.1,14.45,14.5,15.97,15.84,43.39,44.02,42.72,30.49,31.28,29.59,23.97,24.6,23.33,21.78,22.01,21.55,21.55,21.55,21.52,21.31,21.37,21.3,20.96,21,20.95,20.44,20.45,20.41,6849,10128
2025-05-17 14:00:00,1.81,15.59,20.5,20.02,14.43,14.52,15.94,15.83,41.84,43.19,40.05,28.21,29.35,26.99,22.65,23.22,22.09,21.39,21.55,21.29,21.54,21.55,21.52,21.39,21.42,21.36,21.02,21.06,20.99,20.43,20.45,20.42,6849,10266
2025-05-17 13:00:00,1.87,15.52,20.31,19.93,14.44,14.52,15.94,15.83,37.16,39.59,35.45,25.42,26.75,24.09,21.46,22.01,20.97,21.2,21.29,21.19,21.56,21.61,21.55,21.44,21.5,21.42,21.07,21.07,21.06,20.43,20.45,20.41,6849,10234
2025-05-17 12:00:00,2.02,15.27,20.14,19.9,14.41,14.48,15.94,15.84,35.37,35.74,34.79,22.56,23.8,21.27,20.59,20.95,20.26,21.18,21.19,21.15,21.69,21.78,21.66,21.53,21.54,21.51,21.07,21.07,21.07,20.41,20.44,20.37,6849,10266
2025-05-17 11:00:00,2.29,14.97,20.02,19.89,14.44,14.51,15.95,15.87,31.63,34.46,28.4,19.99,21.06,19.06,20.08,20.25,20.01,21.26,21.37,21.19,21.84,21.91,21.79,21.59,21.65,21.54,21.07,21.08,21.07,20.38,20.4,20.37,6847,10475
2025-05-17 10:00:00,2.23,14.62,19.91,19.88,14.45,14.53,15.95,15.85,24.17,28.21,21.66,18.34,18.95,17.76,19.97,20.01,19.91,21.52,21.66,21.4,22,22.09,21.91,21.66,21.69,21.65,21.07,21.09,21.07,20.37,20.39,20.37,6842,10282
2025-05-17 09:00:00,2.19,14.42,19.83,19.9,14.44,14.51,15.95,15.83,20,21.66,15.28,17.12,17.65,16.82,20.15,20.36,20.01,21.84,22.02,21.67,22.18,22.26,22.12,21.75,21.77,21.72,21.08,21.09,21.07,20.37,20.37,20.37,6838,9273
2025-05-17 08:00:00,1.95,14.22,19.76,19.85,14.44,14.53,15.95,15.83,11.78,14.25,10.03,16.94,17.17,16.82,20.63,20.84,20.36,22.24,22.38,22.03,22.37,22.5,22.26,21.77,21.79,21.77,21.07,21.09,21.07,20.37,20.37,20.34,6822,7556
2025-05-17 07:00:00,1.82,14.17,19.76,19.82,14.45,14.53,15.95,15.87,9.51,9.84,9.37,17.47,17.76,17.17,21.18,21.43,20.96,22.64,22.84,22.46,22.56,22.62,22.5,21.81,21.85,21.78,21.07,21.07,21.07,20.3,20.36,20.27,6577,6862
2025-05-17 06:00:00,1.77,14.2,19.86,19.84,14.45,14.52,15.95,15.85,9.67,9.91,9.49,18.14,18.45,17.82,21.73,22.02,21.44,22.98,23.13,22.85,22.7,22.74,22.62,21.87,21.89,21.86,21.07,21.07,21.05,20.25,20.26,20.25,6533,66
2025-05-17 05:00:00,1.76,14.26,19.92,19.86,14.49,14.52,15.96,15.83,10.35,10.79,9.96,18.88,19.2,18.58,22.32,22.61,22.05,23.31,23.44,23.2,22.83,22.85,22.75,21.86,21.88,21.84,20.99,21.06,20.95,20.25,20.25,20.23,6537,0
2025-05-17 04:00:00,1.75,14.33,19.96,19.91,14.47,14.54,15.96,15.81,11.14,11.44,10.8,19.65,20.01,19.29,22.92,23.2,22.62,23.64,23.79,23.5,22.94,22.97,22.87,21.79,21.82,21.77,20.95,20.96,20.95,20.2,20.24,20.16,6539,0
2025-05-17 03:00:00,1.81,14.36,20.03,19.94,14.49,14.52,15.97,15.8,11.81,11.97,11.5,20.5,20.96,20.12,23.55,23.87,23.22,23.94,24.07,23.79,22.97,22.99,22.97,21.77,21.78,21.76,20.89,20.95,20.83,20.13,20.14,20.12,6542,0
2025-05-17 02:00:00,1.81,14.38,20.12,20.04,14.5,14.53,15.93,15.8,12.43,12.91,11.97,21.48,21.93,21.03,24.21,24.5,23.91,24.21,24.32,24.14,22.98,23,22.97,21.67,21.74,21.65,20.83,20.83,20.8,20.12,20.12,20.12,6546,0
2025-05-17 01:00:00,1.77,14.44,20.25,20.05,14.5,14.49,15.95,15.83,13.41,13.86,12.96,22.6,23.15,22.08,24.91,25.21,24.61,24.45,24.51,24.38,22.97,22.97,22.97,21.57,21.65,21.54,20.74,20.81,20.72,20.1,20.12,20.04,6550,0
2025-05-17 00:00:00,1.76,14.52,20.35,20.11,14.51,14.5,15.95,15.84,14.51,15.16,13.91,23.85,24.5,23.22,25.61,25.92,25.31,24.61,24.63,24.55,22.88,22.97,22.82,21.45,21.54,21.42,20.69,20.72,20.63,20.03,20.06,20.01,6542,0
2025-05-16 23:00:00,1.73,14.67,20.44,20.12,14.5,14.49,15.93,15.83,16.07,16.95,15.28,25.33,26.08,24.62,26.3,26.63,26.03,24.66,24.69,24.64,22.71,22.81,22.62,21.3,21.4,21.23,20.6,20.6,20.58,20.01,20.01,20.01,6568,0
2025-05-16 22:00:00,1.73,14.72,20.53,20.18,14.5,14.49,15.96,15.82,18.34,19.67,17.17,27.07,27.93,26.23,26.91,27.12,26.63,24.59,24.63,24.5,22.48,22.62,22.34,21.15,21.2,21.07,20.51,20.57,20.48,20.01,20.01,20.01,6577,0
2025-05-16 21:00:00,1.68,14.89,20.68,20.19,14.51,14.45,15.94,15.8,22.5,25.57,20.01,28.99,29.83,28.09,27.34,27.46,27.21,24.35,24.5,24.16,22.17,22.29,22.03,21.01,21.06,20.94,20.48,20.48,20.48,20.01,20.01,19.99,6595,0
2025-05-16 20:00:00,1.57,15.18,20.87,20.19,14.49,14.44,15.9,15.79,30.57,33.02,26.27,30.53,31.19,29.94,27.46,27.47,27.46,23.91,24.15,23.67,21.86,22.03,21.71,20.88,20.94,20.83,20.44,20.48,20.37,20.01,20.01,20.01,6635,6878
2025-05-16 19:00:00,1.57,15.35,20.88,20.14,14.46,14.44,15.94,15.79,31.52,33.32,30.06,32.21,33.02,31.36,27.31,27.46,27.1,23.37,23.67,23.08,21.55,21.67,21.44,20.78,20.83,20.71,20.37,20.42,20.36,20,20.01,20,6715,6992
2025-05-16 18:00:00,1.35,15.7,20.9,20.14,14.42,14.45,15.95,15.8,39.68,46.03,33.84,33.44,33.61,33.15,26.59,26.99,26.13,22.7,23.05,22.37,21.27,21.43,21.17,20.71,20.71,20.7,20.36,20.37,20.36,20.01,20.01,20.01,6757,7055
2025-05-16 17:00:00,1.14,15.98,20.92,20.15,14.37,14.42,15.95,15.81,46.04,46.38,45.72,32.79,33.25,32.25,25.5,26.04,24.98,22,22.28,21.7,21.02,21.13,20.96,20.64,20.69,20.6,20.36,20.37,20.36,20.01,20.01,20.01,6786,7095
2025-05-16 16:00:00,1.38,16.13,20.78,20.05,14.36,14.41,15.92,15.81,44.39,45.29,43.54,31.39,32.11,30.54,24.27,24.86,23.67,21.4,21.66,21.18,20.86,20.95,20.83,20.61,20.64,20.6,20.39,20.43,20.37,20.01,20.01,20,6849,10160
2025-05-16 15:00:00,1.61,16.12,20.63,19.99,14.33,14.41,15.91,15.82,42.75,44.84,41.89,29.39,30.42,28.3,22.96,23.56,22.37,20.88,21.08,20.71,20.73,20.78,20.73,20.67,20.71,20.62,20.45,20.48,20.43,20.01,20.01,20.01,6849,10250
2025-05-16 14:00:00,1.94,16.08,20.48,19.93,14.32,14.44,15.94,15.82,39.17,41.84,36.65,26.97,28.14,25.81,21.66,22.26,21.11,20.49,20.61,20.36,20.73,20.73,20.73,20.71,20.71,20.71,20.48,20.48,20.48,20.01,20.02,20.01,6849,10211
2025-05-16 13:00:00,1.97,15.93,20.29,19.85,14.31,14.42,15.95,15.81,33.99,35.91,32.66,24.36,25.57,23.2,20.54,21,20.08,20.28,20.36,20.24,20.76,20.84,20.73,20.79,20.83,20.71,20.48,20.49,20.48,20.01,20.01,20.01,6849,10258
2025-05-16 12:00:00,2.12,15.75,20.14,19.79,14.32,14.43,15.95,15.81,32.89,33.25,32.55,21.75,22.95,20.49,19.63,20.01,19.29,20.22,20.24,20.2,20.87,20.96,20.84,20.86,20.94,20.83,20.51,20.57,20.49,20.01,20.01,20.01,6847,10514
2025-05-16 11:00:00,2.36,15.48,19.97,19.79,14.32,14.4,15.93,15.79,30.82,32.43,29.35,19.22,20.32,18.12,19.02,19.24,18.83,20.29,20.36,20.24,21.01,21.08,20.96,20.94,20.95,20.93,20.57,20.6,20.55,20.01,20.01,20.01,6849,10491
2025-05-16 10:00:00,2.49,15.08,19.91,19.77,14.33,14.41,15.91,15.78,26.12,28.76,22.86,17.1,18,16.34,18.83,18.83,18.83,20.5,20.64,20.36,21.17,21.26,21.08,21.02,21.06,20.96,20.59,20.6,20.58,20.01,20.01,20.01,6844,10534
2025-05-16 09:00:00,2.4,14.82,19.75,19.73,14.36,14.43,15.92,15.77,18.59,22.38,13.39,15.76,16.23,15.52,18.99,19.18,18.83,20.83,21.02,20.69,21.35,21.44,21.31,21.07,21.1,21.06,20.6,20.6,20.59,20.01,20.01,20,6840,10026
2025-05-16 08:00:00,2.04,14.65,19.7,19.66,14.39,14.47,15.92,15.76,10.34,12.35,8.89,15.69,15.87,15.54,19.47,19.73,19.26,21.24,21.43,21.07,21.52,21.58,21.44,21.16,21.18,21.11,20.6,20.6,20.59,19.98,20.01,19.95,6731,7039
2025-05-16 07:00:00,2.01,14.58,19.74,19.69,14.4,14.49,15.91,15.76,8.31,8.7,8.18,16.19,16.45,15.88,19.99,20.25,19.77,21.59,21.77,21.43,21.69,21.78,21.62,21.18,21.18,21.18,20.6,20.6,20.6,19.93,19.95,19.9,6568,6858
2025-05-16 06:00:00,1.9,14.6,19.77,19.74,14.43,14.5,15.91,15.78,8.6,8.89,8.42,16.83,17.17,16.54,20.52,20.77,20.25,21.91,22.03,21.78,21.83,21.91,21.78,21.19,21.21,21.18,20.59,20.6,20.58,19.89,19.9,19.89,6533,0
2025-05-16 05:00:00,1.88,14.62,19.8,19.77,14.44,14.5,15.94,15.76,9.14,9.37,8.89,17.54,17.87,17.18,21.06,21.31,20.82,22.23,22.37,22.09,21.96,22.03,21.91,21.21,21.23,21.19,20.53,20.58,20.49,19.89,19.89,19.89,6535,0
2025-05-16 04:00:00,1.87,14.68,19.91,19.8,14.46,14.5,15.92,15.76,9.85,10.31,9.43,18.34,18.7,17.99,21.61,21.9,21.35,22.55,22.71,22.37,22.07,22.14,22.03,21.19,21.22,21.18,20.48,20.49,20.48,19.86,19.89,19.83,6542,0
2025-05-16 03:00:00,1.85,14.75,19.99,19.81,14.44,14.48,15.9,15.76,10.86,11.31,10.41,19.19,19.64,18.82,22.22,22.49,21.97,22.84,22.96,22.73,22.14,22.14,22.14,21.18,21.19,21.18,20.47,20.48,20.43,19.79,19.83,19.77,6546,0
2025-05-16 02:00:00,1.92,14.86,20.03,19.84,14.47,14.46,15.93,15.74,12.2,12.98,11.43,20.1,20.49,19.66,22.8,23.08,22.51,23.09,23.2,22.96,22.14,22.15,22.14,21.12,21.18,21.07,20.38,20.44,20.36,19.77,19.77,19.77,6550,0
2025-05-16 01:00:00,1.93,14.89,20.12,19.89,14.47,14.43,15.93,15.71,13.8,14.22,13.16,21.01,21.43,20.6,23.38,23.67,23.09,23.29,23.41,23.2,22.14,22.15,22.14,21.04,21.06,21,20.36,20.36,20.34,19.77,19.77,19.77,6550,0
2025-05-16 00:00:00,1.94,14.97,20.2,19.91,14.47,14.43,15.92,15.69,14.94,15.72,14.32,21.99,22.49,21.55,23.99,24.27,23.68,23.48,23.56,23.43,22.11,22.14,22.03,20.94,20.97,20.92,20.25,20.32,20.24,19.75,19.77,19.73,6546,0
2025-05-15 23:00:00,1.92,15,20.31,19.95,14.48,14.43,15.89,15.68,15.25,15.75,14.69,23.15,23.79,22.59,24.63,24.94,24.36,23.56,23.57,23.55,21.98,22.03,21.91,20.83,20.89,20.79,20.23,20.24,20.2,19.7,19.75,19.68,6564,0
2025-05-15 22:00:00,1.85,15.14,20.43,19.98,14.47,14.45,15.93,15.68,16.12,17.65,14.88,24.67,25.41,23.93,25.22,25.45,24.98,23.56,23.57,23.55,21.8,21.91,21.67,20.7,20.79,20.63,20.15,20.2,20.12,19.67,19.7,19.66,6577,0
2025-05-15 21:00:00,1.86,15.31,20.56,19.99,14.45,14.42,15.94,15.68,19.85,21.55,17.89,26.22,26.94,25.54,25.67,25.82,25.46,23.38,23.5,23.25,21.56,21.67,21.44,20.58,20.6,20.53,20.12,20.12,20.12,19.66,19.68,19.66,6591,0
2025-05-15 20:00:00,1.85,15.41,20.66,20.02,14.42,14.44,15.91,15.67,23.36,25.12,21.79,27.8,28.53,27.1,25.95,26.03,25.91,23.05,23.22,22.85,21.31,21.44,21.2,20.47,20.49,20.45,20.11,20.12,20.09,19.66,19.66,19.66,6635,6894
2025-05-15 19:00:00,1.82,15.63,20.73,20.04,14.37,14.45,15.92,15.67,26.02,27.57,25.15,29.6,30.54,28.64,25.91,26.03,25.74,22.58,22.85,22.31,21.05,21.19,20.96,20.38,20.45,20.35,20.07,20.09,20.06,19.66,19.66,19.66,6697,6980
2025-05-15 18:00:00,1.55,16.08,20.81,20.05,14.35,14.42,15.92,15.67,34,41.06,28.05,31.1,31.25,30.75,25.3,25.68,24.86,21.97,22.25,21.66,20.8,20.92,20.73,20.35,20.35,20.34,20.06,20.09,20.04,19.66,19.68,19.66,6675,6953
2025-05-15 17:00:00,1.42,16.34,20.74,19.99,14.35,14.44,15.91,15.68,40.28,41.42,38.93,30.71,31.01,30.3,24.33,24.79,23.83,21.36,21.62,21.07,20.59,20.72,20.5,20.31,20.35,20.29,20.07,20.09,20.04,19.66,19.68,19.66,6842,9864
2025-05-15 16:00:00,1.52,16.36,20.63,19.94,14.33,14.44,15.91,15.68,40.26,41.42,38.93,29.43,30.16,28.64,23.22,23.76,22.72,20.82,21.07,20.6,20.44,20.49,20.37,20.31,20.35,20.29,20.11,20.12,20.09,19.68,19.7,19.66,6847,10211
2025-05-15 15:00:00,1.76,16.36,20.53,19.88,14.33,14.4,15.93,15.68,37.84,38.58,37.02,27.62,28.53,26.63,22.03,22.61,21.45,20.38,20.59,20.24,20.37,20.37,20.37,20.35,20.35,20.35,20.12,20.12,20.12,19.69,19.7,19.67,6847,10427
2025-05-15 14:00:00,1.98,16.37,20.35,19.83,14.31,14.42,15.94,15.68,35.34,36.71,33.73,25.37,26.51,24.26,20.86,21.38,20.36,20.06,20.2,19.99,20.37,20.37,20.37,20.36,20.43,20.35,20.12,20.15,20.12,19.69,19.7,19.67,6847,10479
2025-05-15 13:00:00,2.11,16.13,20.21,19.78,14.3,14.41,15.9,15.67,30.58,33.37,28.88,22.84,24.03,21.7,19.87,20.27,19.52,19.9,19.95,19.89,20.42,20.49,20.37,20.47,20.48,20.43,20.17,20.2,20.12,19.69,19.7,19.68,6849,10309
2025-05-15 12:00:00,2.26,15.95,20.03,19.75,14.3,14.42,15.87,15.67,28.79,29,28.64,20.54,21.55,19.54,19.11,19.42,18.83,19.89,19.89,19.89,20.53,20.61,20.49,20.53,20.59,20.48,20.24,20.24,20.23,19.68,19.7,19.67,6847,10554
2025-05-15 11:00:00,2.51,15.67,19.94,19.75,14.31,14.39,15.87,15.67,27.92,28.76,26.66,18.38,19.32,17.42,18.59,18.81,18.45,19.98,20.1,19.9,20.69,20.78,20.61,20.6,20.64,20.59,20.24,20.24,20.24,19.66,19.68,19.66,6847,10628
2025-05-15 10:00:00,2.62,15.36,19.8,19.71,14.3,14.43,15.87,15.66,24.36,26.39,21.68,16.48,17.29,15.75,18.45,18.45,18.45,20.21,20.36,20.11,20.87,20.96,20.81,20.7,20.71,20.66,20.24,20.24,20.24,19.66,19.67,19.66,6842,10534
2025-05-15 09:00:00,2.59,15.18,19.74,19.72,14.32,14.43,15.87,15.66,17.47,21.08,12.32,15.21,15.64,15.02,18.66,18.85,18.45,20.54,20.72,20.36,21.04,21.13,20.96,20.76,20.82,20.71,20.24,20.24,20.24,19.66,19.66,19.66,6838,10317
2025-05-15 08:00:00,2.2,15,19.65,19.6,14.33,14.42,15.87,15.64,9.18,11.19,7.71,15.22,15.49,15.04,19.2,19.43,18.94,20.97,21.17,20.81,21.23,21.32,21.16,20.83,20.83,20.83,20.24,20.24,20.24,19.66,19.66,19.66,6700,7012
2025-05-15 07:00:00,2.12,14.89,19.7,19.64,14.39,14.43,15.86,15.66,7.35,7.59,7.21,15.87,16.23,15.52,19.74,20.01,19.51,21.33,21.47,21.19,21.39,21.44,21.32,20.84,20.86,20.83,20.24,20.24,20.24,19.63,19.66,19.6,6550,6842
2025-05-15 06:00:00,2.08,14.88,19.75,19.69,14.4,14.44,15.84,15.66,8.06,8.54,7.59,16.63,16.95,16.26,20.27,20.48,20.01,21.66,21.78,21.52,21.53,21.58,21.44,20.88,20.92,20.86,20.24,20.24,20.23,19.56,19.6,19.54,6517,0
2025-05-15 05:00:00,1.99,14.94,19.79,19.76,14.4,14.44,15.87,15.66,9.34,10.08,8.64,17.37,17.65,17.04,20.79,21.06,20.57,21.97,22.13,21.79,21.67,21.72,21.63,20.89,20.91,20.87,20.19,20.24,20.14,19.54,19.54,19.54,6519,0
2025-05-15 04:00:00,1.99,14.96,19.85,19.81,14.44,14.44,15.9,15.64,10.55,10.79,10.31,17.99,18.33,17.73,21.35,21.66,21.07,22.27,22.39,22.14,21.78,21.79,21.75,20.84,20.88,20.83,20.12,20.14,20.12,19.53,19.54,19.51,6524,0
2025-05-15 03:00:00,1.96,15.02,19.95,19.81,14.45,14.43,15.9,15.61,10.43,10.67,10.2,18.77,19.18,18.36,21.99,22.26,21.66,22.62,22.73,22.47,21.83,21.89,21.79,20.83,20.83,20.83,20.09,20.12,20.01,19.47,19.52,19.43,6524,0
2025-05-15 02:00:00,1.95,15.11,20.01,19.85,14.44,14.46,15.9,15.59,11.18,11.71,10.65,19.7,20.12,19.29,22.66,22.97,22.37,22.9,22.98,22.82,21.9,21.91,21.89,20.75,20.83,20.71,20.01,20.04,20.01,19.42,19.43,19.42,6530,0
2025-05-15 01:00:00,2.02,15.15,20.08,19.87,14.45,14.44,15.88,15.58,11.95,12.32,11.73,20.75,21.31,20.25,23.32,23.67,22.99,23.13,23.2,23.04,21.84,21.89,21.79,20.65,20.71,20.59,19.94,20,19.89,19.42,19.42,19.41,6537,0
2025-05-15 00:00:00,1.98,15.21,20.17,19.92,14.46,14.45,15.89,15.61,12.75,13.35,12.32,22,22.66,21.42,24.01,24.33,23.67,23.29,23.32,23.21,21.76,21.79,21.68,20.54,20.59,20.48,19.89,19.89,19.87,19.39,19.42,19.34,6528,0
2025-05-14 23:00:00,1.95,15.3,20.29,19.98,14.45,14.44,15.9,15.63,14.33,15.32,13.43,23.5,24.27,22.79,24.66,24.96,24.38,23.32,23.33,23.32,21.63,21.67,21.55,20.41,20.48,20.35,19.8,19.87,19.77,19.33,19.37,19.31,6550,0
2025-05-14 22:00:00,1.93,15.5,20.44,20.01,14.44,14.45,15.89,15.62,16.95,18.56,15.52,25.16,26,24.39,25.2,25.42,24.98,23.29,23.33,23.2,21.43,21.55,21.32,20.28,20.35,20.23,19.76,19.77,19.74,19.3,19.32,19.29,6550,0
2025-05-14 21:00:00,1.91,15.64,20.56,20.03,14.39,14.46,15.85,15.62,21.39,24.74,18.93,26.87,27.46,26.16,25.53,25.62,25.45,23.09,23.2,22.96,21.18,21.32,21.08,20.14,20.23,20.1,19.67,19.74,19.65,19.29,19.31,19.29,6577,0
2025-05-14 20:00:00,1.77,15.87,20.67,20.1,14.36,14.48,15.83,15.61,30.14,32.66,25.61,27.82,28.16,27.58,25.68,25.73,25.64,22.73,22.96,22.58,20.89,21.06,20.73,20.01,20.09,19.99,19.65,19.65,19.65,19.29,19.29,19.29,6631,6898
2025-05-14 19:00:00,1.86,15.94,20.71,20.09,14.36,14.46,15.82,15.62,28.21,30.59,27.08,28.83,29.57,28.21,25.73,25.78,25.64,22.27,22.51,22.02,20.59,20.73,20.48,19.89,19.98,19.87,19.64,19.65,19.64,19.29,19.29,19.29,6731,7032
2025-05-14 18:00:00,1.87,16.21,20.76,20.04,14.35,14.45,15.81,15.61,29.09,31.01,27.93,30.57,31.36,29.71,25.34,25.57,24.98,21.69,22,21.43,20.32,20.48,20.23,19.83,19.87,19.77,19.62,19.64,19.61,19.29,19.29,19.29,6731,7043
2025-05-14 17:00:00,1.53,16.63,20.72,20,14.36,14.46,15.81,15.61,38.9,42.95,31.84,31.23,31.48,30.79,24.39,24.91,23.87,21.02,21.32,20.72,20.08,20.17,20.02,19.76,19.78,19.76,19.62,19.64,19.61,19.29,19.31,19.29,6677,6980
2025-05-14 16:00:00,1.63,16.71,20.62,19.97,14.39,14.46,15.81,15.61,41.83,42.48,41.18,30.04,30.74,29.25,23.19,23.76,22.61,20.4,20.65,20.12,19.91,20.01,19.86,19.76,19.76,19.76,19.64,19.65,19.62,19.3,19.32,19.29,6847,9829
2025-05-14 15:00:00,1.85,16.7,20.52,19.92,14.36,14.46,15.81,15.61,40.46,40.97,39.96,28.2,29.12,27.22,21.92,22.49,21.31,19.91,20.12,19.7,19.79,19.81,19.78,19.76,19.76,19.76,19.65,19.65,19.64,19.29,19.31,19.29,6847,9915
2025-05-14 14:00:00,2.06,16.67,20.34,19.85,14.34,14.47,15.82,15.62,37.88,39.4,36.57,25.9,26.99,24.73,20.67,21.19,20.12,19.53,19.66,19.42,19.78,19.78,19.78,19.79,19.85,19.76,19.65,19.65,19.65,19.29,19.32,19.29,6844,10097
2025-05-14 13:00:00,2.1,16.46,20.18,19.8,14.35,14.45,15.82,15.61,33.18,36.12,31.36,23.36,24.5,22.26,19.61,20.02,19.18,19.32,19.42,19.29,19.78,19.78,19.78,19.86,19.87,19.85,19.65,19.67,19.65,19.3,19.32,19.29,6847,10077
2025-05-14 12:00:00,2.27,16.26,20.01,19.73,14.38,14.47,15.83,15.61,31.16,31.48,30.77,20.92,22,19.78,18.77,19.14,18.45,19.23,19.29,19.19,19.86,19.9,19.79,19.9,19.98,19.87,19.7,19.74,19.66,19.29,19.32,19.29,6847,10053
2025-05-14 11:00:00,2.48,15.97,19.87,19.74,14.35,14.48,15.83,15.6,29.77,30.77,28.29,18.59,19.62,17.64,18.17,18.36,18,19.28,19.34,19.2,19.97,20.02,19.9,20,20,19.98,19.75,19.77,19.73,19.3,19.32,19.29,6847,10128
2025-05-14 10:00:00,2.58,15.63,19.74,19.73,14.32,14.5,15.83,15.59,25.47,27.93,22.85,16.61,17.42,15.87,17.95,18,17.92,19.46,19.54,19.36,20.1,20.16,20.02,20.03,20.08,20,19.76,19.77,19.76,19.29,19.31,19.29,6844,10175
2025-05-14 09:00:00,2.54,15.43,19.66,19.7,14.31,14.48,15.84,15.57,18.67,22.26,14.23,15.36,15.75,15.16,18.06,18.24,17.98,19.73,19.89,19.58,20.25,20.32,20.16,20.12,20.12,20.09,19.77,19.77,19.77,19.29,19.31,19.29,6826,7969
2025-05-14 08:00:00,2.22,15.3,19.59,19.63,14.31,14.49,15.84,15.56,11.67,13.39,10.55,15.18,15.27,15.16,18.45,18.68,18.24,20.08,20.24,19.9,20.4,20.48,20.36,20.13,20.15,20.12,19.77,19.77,19.77,19.29,19.29,19.29,6604,6913
2025-05-14 07:00:00,2.11,15.2,19.6,19.64,14.33,14.47,15.83,15.54,9.53,10.38,8.72,15.46,15.75,15.28,18.91,19.17,18.7,20.39,20.5,20.24,20.53,20.61,20.49,20.18,20.2,20.15,19.77,19.77,19.77,19.29,19.29,19.29,6506,6795
2025-05-14 06:00:00,2.06,15.12,19.63,19.68,14.32,14.46,15.83,15.52,8.83,9.12,8.66,16.08,16.4,15.75,19.41,19.65,19.18,20.67,20.83,20.58,20.66,20.73,20.61,20.22,20.23,20.2,19.76,19.77,19.75,19.29,19.29,19.29,6470,0
2025-05-14 05:00:00,2.03,15.14,19.7,19.67,14.32,14.46,15.82,15.52,9.55,9.96,9.13,16.79,17.14,16.45,19.88,20.12,19.65,20.94,21.07,20.84,20.75,20.83,20.73,20.22,20.23,20.2,19.73,19.76,19.7,19.26,19.29,19.24,6475,0
2025-05-14 04:00:00,2.01,15.19,19.76,19.71,14.33,14.47,15.82,15.52,10.48,11.02,10.08,17.55,17.9,17.17,20.38,20.6,20.12,21.17,21.3,21.07,20.84,20.84,20.81,20.21,20.23,20.18,19.66,19.7,19.65,19.22,19.26,19.2,6481,0
2025-05-14 03:00:00,2.09,15.26,19.81,19.78,14.36,14.51,15.8,15.51,11.94,12.44,11.17,18.34,18.7,18,20.86,21.07,20.65,21.38,21.45,21.31,20.84,20.85,20.84,20.14,20.19,20.12,19.65,19.65,19.65,19.18,19.2,19.18,6486,0
2025-05-14 02:00:00,2.1,15.33,19.87,19.8,14.37,14.51,15.79,15.48,12.64,13.4,12.32,19.21,19.65,18.79,21.35,21.55,21.11,21.56,21.65,21.48,20.85,20.87,20.84,20.12,20.12,20.12,19.62,19.65,19.58,19.18,19.18,19.18,6488,0
2025-05-14 01:00:00,2.07,15.47,19.99,19.87,14.36,14.51,15.81,15.47,14.34,15.4,13.56,20.11,20.48,19.66,21.81,22.02,21.6,21.71,21.78,21.66,20.84,20.86,20.84,20.03,20.09,20,19.54,19.56,19.53,19.18,19.18,19.18,6493,0
2025-05-14 00:00:00,2.06,15.53,20.05,19.92,14.35,14.5,15.79,15.46,16.56,17.36,15.64,20.9,21.26,20.6,22.28,22.49,22.09,21.79,21.83,21.78,20.81,20.84,20.73,19.98,20,19.93,19.53,19.53,19.53,19.18,19.18,19.17,6493,0
2025-05-13 23:00:00,2.07,15.57,20.1,19.95,14.35,14.49,15.74,15.45,17.31,17.53,16.68,21.73,22.26,21.31,22.72,22.97,22.49,21.86,21.89,21.83,20.69,20.73,20.61,19.87,19.89,19.87,19.48,19.53,19.44,19.18,19.18,19.16,6502,0
2025-05-13 22:00:00,2.03,15.63,20.15,19.95,14.37,14.5,15.73,15.45,17.44,18.59,16.58,22.92,23.5,22.38,23.16,23.32,22.97,21.82,21.87,21.78,20.54,20.61,20.49,19.78,19.86,19.76,19.41,19.42,19.41,19.17,19.18,19.16,6510,0
2025-05-13 21:00:00,2.01,15.81,20.25,19.94,14.37,14.49,15.73,15.45,20.71,22.61,18.84,24.17,24.73,23.62,23.47,23.56,23.33,21.65,21.78,21.55,20.35,20.48,20.25,19.7,19.76,19.64,19.41,19.41,19.41,19.17,19.18,19.16,6519,0
2025-05-13 20:00:00,1.95,16.01,20.33,19.97,14.36,14.5,15.72,15.44,24.08,25.21,22.96,25.33,25.93,24.78,23.63,23.67,23.56,21.37,21.52,21.2,20.15,20.25,20.02,19.63,19.64,19.61,19.41,19.41,19.41,19.17,19.18,19.16,6550,6827
2025-05-13 19:00:00,1.96,16.15,20.39,19.94,14.4,14.55,15.72,15.44,26.07,28.04,24.43,26.68,27.24,26.08,23.54,23.66,23.42,20.99,21.19,20.83,19.94,20.02,19.87,19.54,19.6,19.52,19.41,19.41,19.41,19.18,19.18,19.18,6577,6858
2025-05-13 18:00:00,1.8,16.39,20.43,19.97,14.38,14.53,15.73,15.45,31.66,36.09,28.52,27.66,27.8,27.34,23.07,23.33,22.73,20.5,20.72,20.24,19.75,19.84,19.66,19.52,19.52,19.52,19.41,19.41,19.41,19.18,19.18,19.18,6613,6913
2025-05-13 17:00:00,1.69,16.58,20.46,19.94,14.36,14.52,15.73,15.46,35.3,37.56,33.37,27.81,27.89,27.7,22.3,22.71,21.84,20.03,20.24,19.85,19.6,19.66,19.54,19.52,19.52,19.52,19.41,19.41,19.41,19.18,19.18,19.18,6735,7087
2025-05-13 16:00:00,1.74,16.74,20.35,19.93,14.34,14.52,15.73,15.46,39.66,41.42,37.45,26.74,27.58,25.92,21.28,21.78,20.84,19.58,19.77,19.42,19.52,19.54,19.48,19.52,19.52,19.52,19.42,19.44,19.41,19.18,19.18,19.18,6624,6929
2025-05-13 15:00:00,1.95,16.67,20.25,19.88,14.31,14.51,15.73,15.46,37.35,39.43,36.16,24.83,25.69,23.99,20.35,20.73,19.95,19.26,19.42,19.14,19.43,19.45,19.42,19.55,19.6,19.52,19.47,19.53,19.44,19.18,19.19,19.18,6731,7083
2025-05-13 14:00:00,2.14,16.48,20.13,19.83,14.31,14.48,15.75,15.46,33.18,35.98,31.36,23.13,23.79,22.42,19.51,19.89,19.16,19.02,19.08,18.94,19.44,19.51,19.42,19.64,19.64,19.61,19.53,19.53,19.51,19.18,19.19,19.18,6773,7142
2025-05-13 13:00:00,2.22,16.39,19.98,19.8,14.33,14.47,15.76,15.46,30.22,31.48,29,21.49,22.29,20.7,18.69,19.06,18.35,18.9,18.94,18.85,19.54,19.54,19.51,19.7,19.76,19.64,19.53,19.54,19.53,19.18,19.2,19.18,6733,7095
2025-05-13 12:00:00,2.32,16.23,19.84,19.82,14.32,14.47,15.77,15.46,29.66,30.04,29.23,19.4,20.48,18.24,17.98,18.29,17.7,18.84,18.87,18.83,19.64,19.7,19.54,19.77,19.79,19.76,19.57,19.6,19.54,19.19,19.2,19.18,6711,7055
2025-05-13 11:00:00,2.56,15.84,19.7,19.76,14.36,14.49,15.75,15.45,25.75,28.88,24.27,17.23,18.07,16.35,17.52,17.64,17.41,18.99,19.06,18.91,19.8,19.9,19.74,19.86,19.87,19.83,19.64,19.65,19.62,19.18,19.19,19.18,6840,8832
2025-05-13 10:00:00,2.57,15.64,19.61,19.73,14.37,14.5,15.76,15.44,21.56,24.23,18.45,15.43,16.2,14.81,17.41,17.43,17.41,19.21,19.37,19.06,19.96,20.02,19.9,19.94,20,19.87,19.65,19.65,19.64,19.18,19.2,19.18,6733,7083
2025-05-13 09:00:00,2.46,15.38,19.51,19.72,14.33,14.5,15.77,15.42,14.98,18.01,11.97,14.31,14.69,14.1,17.61,17.76,17.5,19.55,19.7,19.42,20.12,20.25,20.02,20,20.01,20,19.65,19.65,19.65,19.18,19.19,19.18,6693,7032
2025-05-13 08:00:00,2.26,15.24,19.45,19.7,14.34,14.46,15.77,15.4,9.12,11.16,7.58,14.17,14.33,14.1,18.06,18.28,17.87,19.92,20.11,19.77,20.3,20.37,20.25,20.07,20.12,20.01,19.65,19.65,19.65,19.18,19.18,19.18,6546,6870
2025-05-13 07:00:00,2.23,15.21,19.48,19.68,14.35,14.41,15.76,15.39,6.93,7.36,6.77,14.65,14.93,14.33,18.56,18.81,18.35,20.26,20.41,20.12,20.45,20.51,20.37,20.12,20.12,20.12,19.65,19.65,19.65,19.18,19.18,19.17,6410,6701
2025-05-13 06:00:00,2.17,15.21,19.51,19.74,14.33,14.35,15.75,15.39,7.19,7.36,7.04,15.23,15.52,14.95,19.06,19.29,18.83,20.58,20.72,20.48,20.62,20.72,20.55,20.12,20.12,20.12,19.65,19.65,19.64,19.16,19.18,19.12,6381,0
2025-05-13 05:00:00,2.14,15.15,19.58,19.74,14.32,14.32,15.72,15.41,7.72,7.83,7.45,15.85,16.16,15.55,19.58,19.86,19.34,20.91,21.07,20.74,20.74,20.81,20.72,20.12,20.12,20.12,19.62,19.65,19.58,19.08,19.11,19.07,6386,0
2025-05-13 04:00:00,2.11,15.12,19.65,19.79,14.34,14.27,15.74,15.41,7.97,8.24,7.83,16.58,16.94,16.23,20.15,20.39,19.89,21.2,21.32,21.07,20.84,20.86,20.82,20.12,20.12,20.12,19.54,19.6,19.53,19.07,19.07,19.07,6388,0
2025-05-13 03:00:00,2.04,15.2,19.69,19.86,14.35,14.23,15.73,15.39,8.62,9.01,8.3,17.42,17.85,17.04,20.74,20.99,20.48,21.49,21.63,21.38,20.93,20.96,20.86,20.12,20.12,20.11,19.53,19.53,19.53,19.06,19.07,19.04,6390,0
2025-05-13 02:00:00,2.01,15.26,19.78,19.92,14.35,14.24,15.71,15.37,9.58,10.08,9.13,18.33,18.82,17.87,21.35,21.66,21.07,21.75,21.9,21.65,20.96,20.96,20.95,20.03,20.11,20,19.45,19.5,19.41,19.03,19.07,18.98,6395,0
2025-05-13 01:00:00,2,15.37,19.91,19.99,14.36,14.22,15.69,15.36,10.67,11.38,10.08,19.33,19.79,18.86,21.98,22.26,21.66,21.96,22.02,21.9,20.93,20.96,20.89,19.96,20,19.89,19.41,19.42,19.41,18.96,18.99,18.95,6399,0
2025-05-13 00:00:00,2.08,15.48,19.97,20.04,14.36,14.24,15.72,15.34,11.9,12.22,11.5,20.42,20.96,19.89,22.63,22.95,22.36,22.1,22.14,22.02,20.84,20.87,20.84,19.86,19.87,19.79,19.34,19.41,19.29,18.95,18.95,18.95,6399,0
2025-05-12 23:00:00,2.05,15.56,20.04,20.08,14.34,14.22,15.7,15.33,12.67,13.54,11.94,21.77,22.49,21.08,23.25,23.56,22.97,22.16,22.2,22.14,20.72,20.82,20.61,19.74,19.77,19.69,19.29,19.29,19.29,18.95,18.95,18.95,6412,0
2025-05-12 22:00:00,2.01,15.68,20.18,20.12,14.36,14.23,15.67,15.32,15.03,16.7,13.74,23.36,24.15,22.61,23.79,24.01,23.56,22.12,22.18,22.04,20.54,20.61,20.44,19.62,19.64,19.54,19.26,19.29,19.2,18.95,18.95,18.95,6417,0
2025-05-12 21:00:00,2.04,15.95,20.28,20.18,14.36,14.24,15.65,15.32,19.25,21.7,17.04,24.98,25.69,24.27,24.16,24.27,24.03,21.93,22.03,21.78,20.3,20.41,20.19,19.5,19.52,19.42,19.19,19.2,19.18,18.95,18.95,18.95,6428,0
2025-05-12 20:00:00,1.91,16.16,20.42,20.2,14.38,14.19,15.65,15.31,26.1,28.64,22.38,26.22,26.75,25.8,24.33,24.38,24.27,21.58,21.78,21.41,20.03,20.12,19.9,19.4,19.41,19.37,19.18,19.18,19.18,18.95,18.95,18.95,6453,6701
2025-05-12 19:00:00,1.96,16.25,20.45,20.15,14.37,14.21,15.65,15.31,25.24,26.04,24.68,27.65,28.51,26.87,24.31,24.38,24.16,21.13,21.33,20.92,19.77,19.9,19.66,19.3,19.37,19.29,19.18,19.18,19.18,18.95,18.95,18.95,6497,6783
2025-05-12 18:00:00,1.81,16.61,20.5,20.16,14.33,14.18,15.65,15.31,30.29,35.98,26.04,29.14,29.35,28.64,23.8,24.15,23.44,20.56,20.84,20.24,19.52,19.65,19.42,19.27,19.29,19.26,19.18,19.18,19.18,18.95,18.95,18.95,6499,6795
2025-05-12 17:00:00,1.64,16.88,20.51,20.17,14.33,14.16,15.65,15.31,37.76,38.58,36.31,29.12,29.35,28.83,22.88,23.32,22.37,19.94,20.23,19.65,19.32,19.42,19.2,19.2,19.25,19.19,19.18,19.18,19.18,18.95,18.95,18.95,6599,6941
2025-05-12 16:00:00,1.76,16.98,20.44,20.1,14.28,14.16,15.65,15.32,38.51,39.18,37.63,28.13,28.76,27.46,21.75,22.28,21.19,19.38,19.65,19.17,19.16,19.2,19.07,19.22,19.27,19.2,19.18,19.2,19.18,18.99,19.02,18.98,6624,6976
2025-05-12 15:00:00,1.99,17,20.3,20.06,14.31,14.16,15.66,15.32,37.7,38.4,36.68,26.41,27.34,25.45,20.55,21.07,20.01,18.92,19.11,18.7,19.07,19.07,19.07,19.28,19.29,19.27,19.26,19.29,19.2,19.03,19.07,19,6640,7008
2025-05-12 14:00:00,2.21,16.93,20.15,19.99,14.3,14.17,15.66,15.32,34.84,36.8,32.78,24.25,25.23,23.21,19.37,19.89,18.83,18.55,18.7,18.45,19.07,19.07,19.07,19.31,19.37,19.29,19.29,19.29,19.29,19.06,19.07,19.04,6624,6988
2025-05-12 13:00:00,2.34,16.75,19.98,19.95,14.29,14.17,15.67,15.32,30.78,32.32,29.57,21.91,23.09,20.72,18.31,18.79,17.87,18.37,18.45,18.35,19.11,19.19,19.07,19.41,19.41,19.39,19.3,19.34,19.29,19.07,19.07,19.06,6624,6996
2025-05-12 12:00:00,2.44,16.52,19.81,19.93,14.27,14.19,15.66,15.32,29.56,29.71,29.42,19.32,20.48,18.12,17.43,17.79,17.07,18.32,18.34,18.29,19.23,19.31,19.19,19.47,19.52,19.41,19.37,19.41,19.32,19.07,19.07,19.06,6604,6976
2025-05-12 11:00:00,2.78,16.19,19.7,19.93,14.28,14.2,15.65,15.32,27.6,29.12,25.92,16.8,17.87,15.75,16.84,17.04,16.7,18.39,18.45,18.34,19.37,19.42,19.31,19.55,19.64,19.52,19.41,19.41,19.4,19.07,19.07,19.07,6588,6953
2025-05-12 10:00:00,2.86,15.94,19.57,19.92,14.3,14.18,15.66,15.31,23.17,25.33,20.53,14.62,15.55,13.75,16.63,16.69,16.59,18.61,18.74,18.45,19.54,19.66,19.45,19.64,19.67,19.64,19.41,19.42,19.41,19.07,19.07,19.06,6568,6925
2025-05-12 09:00:00,2.82,15.73,19.5,19.91,14.3,14.16,15.67,15.3,15.95,19.9,10.91,13.17,13.62,12.92,16.81,17.03,16.7,18.96,19.17,18.83,19.72,19.78,19.65,19.73,19.76,19.69,19.42,19.45,19.41,19.07,19.07,19.07,6530,6874
2025-05-12 08:00:00,2.44,15.54,19.39,19.86,14.35,14.18,15.67,15.29,7.49,9.84,5.94,13.1,13.28,12.95,17.3,17.53,17.04,19.37,19.53,19.18,19.9,20.01,19.78,19.79,19.84,19.76,19.45,19.49,19.44,19.07,19.07,19.06,6375,6689
2025-05-12 07:00:00,2.27,15.49,19.4,19.87,14.27,14.17,15.67,15.27,5.5,5.82,5.35,13.61,13.88,13.34,17.82,18.08,17.59,19.73,19.89,19.53,20.07,20.12,20.01,19.87,19.87,19.86,19.46,19.5,19.45,19.05,19.07,19.04,6283,6575
2025-05-12 06:00:00,2.25,15.47,19.46,19.92,14.25,14.18,15.67,15.26,5.81,6.06,5.58,14.24,14.57,13.98,18.34,18.59,18.12,20.06,20.24,19.89,20.22,20.27,20.12,19.87,19.89,19.87,19.45,19.48,19.44,19.02,19.06,19,6266,0
2025-05-12 05:00:00,2.28,15.5,19.52,19.96,14.26,14.2,15.66,15.24,6.36,6.61,6.17,14.94,15.28,14.59,18.88,19.17,18.61,20.37,20.48,20.24,20.36,20.39,20.28,19.89,19.92,19.87,19.43,19.48,19.42,18.96,19.01,18.95,6266,0
2025-05-12 04:00:00,2.3,15.43,19.58,20.04,14.26,14.2,15.65,15.22,6.99,7.36,6.65,15.7,16.11,15.33,19.44,19.7,19.18,20.68,20.84,20.53,20.49,20.5,20.45,19.9,19.92,19.89,19.41,19.43,19.41,18.95,18.95,18.95,6266,0
2025-05-12 03:00:00,2.26,15.43,19.67,20.05,14.24,14.2,15.62,15.2,7.81,8.2,7.4,16.53,16.94,16.11,20.01,20.25,19.77,20.96,21.07,20.84,20.55,20.61,20.49,19.88,19.9,19.87,19.41,19.41,19.41,18.95,18.95,18.95,6266,0
2025-05-12 02:00:00,2.18,15.5,19.73,20.11,14.21,14.17,15.63,15.19,8.89,9.43,8.3,17.42,17.87,17.04,20.6,20.84,20.36,21.22,21.31,21.07,20.61,20.61,20.61,19.87,19.87,19.87,19.38,19.41,19.33,18.95,18.95,18.94,6266,0
2025-05-12 01:00:00,2.16,15.59,19.81,20.21,14.19,14.18,15.65,15.19,9.99,10.45,9.53,18.39,18.85,17.93,21.21,21.5,20.96,21.42,21.52,21.32,20.61,20.61,20.61,19.81,19.87,19.76,19.3,19.33,19.29,18.94,18.95,18.92,6283,0
2025-05-12 00:00:00,2.21,15.71,19.94,20.25,14.21,14.16,15.65,15.21,11.38,11.97,10.58,19.46,20.01,18.95,21.83,22.14,21.55,21.57,21.65,21.55,20.57,20.61,20.5,19.75,19.76,19.7,19.29,19.29,19.29,18.91,18.94,18.9,6288,0
2025-05-11 23:00:00,2.21,15.81,20.04,20.29,14.24,14.17,15.64,15.2,12.03,12.72,11.61,20.78,21.43,20.12,22.45,22.73,22.17,21.66,21.66,21.65,20.47,20.49,20.39,19.65,19.7,19.64,19.26,19.29,19.24,18.89,18.91,18.87,6297,0
2025-05-11 22:00:00,2.17,15.96,20.09,20.32,14.22,14.19,15.63,15.2,13.82,15,12.9,22.31,23.09,21.55,22.97,23.19,22.73,21.62,21.66,21.55,20.32,20.37,20.25,19.56,19.64,19.52,19.19,19.2,19.18,18.87,18.91,18.86,6306,0
2025-05-11 21:00:00,2.16,16.18,20.23,20.41,14.22,14.19,15.62,15.19,17.83,20.83,15.28,23.97,24.62,23.25,23.28,23.33,23.2,21.45,21.55,21.32,20.16,20.25,20.08,19.5,19.52,19.44,19.18,19.18,19.18,18.86,18.87,18.85,6315,0
2025-05-11 20:00:00,2.17,16.48,20.35,20.4,14.24,14.18,15.61,15.18,24.55,26.93,21.4,25.14,25.58,24.74,23.33,23.36,23.32,21.14,21.31,20.95,19.97,20.02,19.9,19.41,19.43,19.41,19.18,19.18,19.18,18.86,18.87,18.84,6341,6594
2025-05-11 19:00:00,2.2,16.61,20.38,20.43,14.24,14.15,15.6,15.18,25.21,25.92,24.86,26.32,26.91,25.69,23.23,23.32,23.08,20.8,20.95,20.6,19.8,19.9,19.7,19.37,19.41,19.32,19.18,19.18,19.17,18.87,18.9,18.85,6397,6705
2025-05-11 18:00:00,2.04,16.83,20.42,20.43,14.2,14.16,15.6,15.17,31.01,36.54,26.51,27.15,27.23,26.99,22.72,23.04,22.37,20.37,20.6,20.14,19.61,19.67,19.54,19.3,19.34,19.29,19.18,19.18,19.17,18.89,18.91,18.87,6377,6673
2025-05-11 17:00:00,2,17,20.43,20.43,14.18,14.14,15.6,15.17,34.71,36.5,31.91,26.77,27.11,26.29,22,22.37,21.66,19.96,20.12,19.78,19.47,19.54,19.42,19.29,19.29,19.29,19.18,19.18,19.18,18.92,18.94,18.9,6502,6858
2025-05-11 16:00:00,2.17,17.07,20.3,20.4,14.17,14.14,15.61,15.12,34.78,36.91,31.56,25.63,26.2,25.13,21.23,21.58,20.95,19.59,19.77,19.44,19.37,19.42,19.31,19.29,19.29,19.29,19.18,19.18,19.18,18.94,18.95,18.92,6435,6772
2025-05-11 15:00:00,2.42,16.97,20.22,20.32,14.18,14.14,15.62,15.12,32.71,34.38,31.39,24.39,25.1,23.68,20.49,20.84,20.12,19.28,19.42,19.17,19.31,19.31,19.31,19.31,19.35,19.29,19.19,19.2,19.18,18.94,18.95,18.94,6386,6705
2025-05-11 14:00:00,2.53,16.84,20.12,20.28,14.16,14.13,15.63,15.11,29.85,32.08,28.48,23.11,23.62,22.49,19.75,20.08,19.42,19.04,19.12,18.94,19.31,19.31,19.31,19.38,19.41,19.35,19.23,19.28,19.2,18.95,18.95,18.94,6517,6894
2025-05-11 13:00:00,2.62,16.76,19.99,20.25,14.16,14.15,15.64,15.11,28.03,29.55,26.66,21.86,22.38,21.14,19,19.33,18.68,18.89,18.94,18.83,19.33,19.39,19.31,19.41,19.43,19.41,19.29,19.29,19.27,18.95,18.95,18.95,6517,6898
2025-05-11 12:00:00,2.72,16.65,19.87,20.27,14.11,14.18,15.64,15.1,28.62,29.6,27.56,20.08,20.96,18.98,18.29,18.59,18,18.83,18.83,18.83,19.42,19.45,19.4,19.5,19.52,19.44,19.29,19.29,19.29,18.95,18.95,18.95,6381,6709
2025-05-11 11:00:00,3.03,16.34,19.75,20.24,14.16,14.18,15.65,15.09,26.2,28.76,22.73,17.97,18.82,17.2,17.81,17.99,17.7,18.88,18.95,18.83,19.53,19.58,19.45,19.53,19.59,19.52,19.29,19.31,19.29,18.95,18.95,18.95,6484,6850
2025-05-11 10:00:00,3.06,16.1,19.66,20.21,14.15,14.13,15.63,15.09,22.95,23.91,20.96,16.32,17.1,15.64,17.65,17.69,17.64,19.07,19.18,19,19.67,19.76,19.61,19.63,19.64,19.6,19.32,19.36,19.29,18.95,18.95,18.94,6352,6673
2025-05-11 09:00:00,3.02,15.94,19.58,20.17,14.19,14.13,15.61,15.07,16.75,20.01,13.39,15.2,15.52,15.04,17.78,17.98,17.64,19.33,19.48,19.18,19.82,19.9,19.77,19.67,19.75,19.64,19.35,19.37,19.33,18.95,18.95,18.94,6439,6787
2025-05-11 08:00:00,2.79,15.83,19.54,20.17,14.17,14.13,15.61,15.06,11.32,13.08,9.96,15.12,15.28,15.04,18.16,18.35,18,19.64,19.77,19.53,19.96,20.02,19.9,19.75,19.76,19.74,19.37,19.39,19.36,18.93,18.95,18.91,6266,6594
2025-05-11 07:00:00,2.69,15.75,19.56,20.18,14.15,14.14,15.61,15.09,10.17,10.43,9.93,15.46,15.64,15.28,18.54,18.7,18.36,19.92,20.02,19.78,20.08,20.12,20.02,19.77,19.79,19.76,19.37,19.39,19.36,18.9,18.93,18.87,6199,6488
2025-05-11 06:00:00,2.62,15.71,19.58,20.19,14.15,14.15,15.61,15.1,9.71,10.28,9.38,16,16.23,15.73,18.95,19.15,18.81,20.18,20.29,20.04,20.22,20.25,20.15,19.8,19.84,19.77,19.34,19.37,19.32,18.86,18.87,18.84,6185,0
2025-05-11 05:00:00,2.62,15.71,19.63,20.25,14.16,14.14,15.63,15.11,10.89,11.24,10.44,16.49,16.75,16.27,19.35,19.54,19.18,20.42,20.55,20.35,20.33,20.37,20.25,19.83,19.86,19.82,19.31,19.36,19.29,18.83,18.84,18.83,6190,0
2025-05-11 04:00:00,2.64,15.79,19.7,20.31,14.15,14.14,15.64,15.1,11.32,12.32,10.55,17.07,17.29,16.82,19.75,19.95,19.54,20.68,20.81,20.59,20.41,20.49,20.37,19.82,19.86,19.79,19.29,19.29,19.29,18.83,18.84,18.83,6190,0
2025-05-11 03:00:00,2.71,15.82,19.76,20.32,14.16,14.15,15.62,15.08,12.69,12.92,12.44,17.5,17.65,17.29,20.19,20.37,20,20.91,21.05,20.84,20.49,20.49,20.49,19.78,19.81,19.76,19.29,19.29,19.29,18.83,18.83,18.83,6192,0
2025-05-11 02:00:00,2.71,15.82,19.77,20.35,14.2,14.14,15.59,15.06,12.14,12.6,11.85,18.02,18.36,17.75,20.7,20.96,20.48,21.15,21.26,21.06,20.49,20.54,20.49,19.76,19.76,19.76,19.24,19.29,19.19,18.82,18.83,18.81,6197,0
2025-05-11 01:00:00,2.65,15.87,19.83,20.42,14.19,14.12,15.55,15.05,12.04,12.69,11.61,18.86,19.29,18.45,21.26,21.52,20.98,21.36,21.43,21.31,20.5,20.52,20.49,19.7,19.75,19.64,19.18,19.19,19.18,18.78,18.81,18.76,6199,0
2025-05-11 00:00:00,2.61,15.99,19.94,20.48,14.17,14.13,15.52,15.02,12.98,13.15,12.8,19.81,20.29,19.35,21.82,22.13,21.55,21.5,21.55,21.43,20.49,20.49,20.48,19.64,19.65,19.62,19.17,19.18,19.15,18.74,18.76,18.7,6201,0
2025-05-10 23:00:00,2.57,16.06,20.03,20.52,14.17,14.16,15.56,15.01,13.86,14.47,13.27,20.94,21.55,20.39,22.37,22.61,22.14,21.55,21.55,21.55,20.39,20.48,20.37,19.54,19.58,19.52,19.11,19.16,19.07,18.71,18.73,18.7,6210,0
2025-05-10 22:00:00,2.55,16.19,20.07,20.56,14.17,14.13,15.58,15.01,15.73,17.04,14.58,22.27,22.85,21.64,22.81,22.97,22.61,21.54,21.55,21.49,20.26,20.34,20.18,19.45,19.52,19.41,19.06,19.07,19.06,18.7,18.73,18.7,6219,0
2025-05-10 21:00:00,2.57,16.35,20.17,20.62,14.17,14.1,15.57,15,19.09,20.72,17.41,23.52,24.03,22.97,23.12,23.2,22.98,21.38,21.45,21.31,20.08,20.15,20.02,19.39,19.41,19.33,19.06,19.06,19.04,18.7,18.73,18.7,6228,0
2025-05-10 20:00:00,2.57,16.56,20.24,20.62,14.2,14.09,15.56,14.99,21.86,22.86,20.96,24.61,25.1,24.15,23.27,23.32,23.2,21.15,21.31,21.01,19.9,20.02,19.79,19.29,19.29,19.29,19.05,19.06,19.04,18.71,18.73,18.7,6257,6527
2025-05-10 19:00:00,2.57,16.74,20.31,20.66,14.15,14.07,15.56,15,24.27,25.45,23.09,25.68,26.16,25.21,23.22,23.31,23.11,20.8,20.95,20.6,19.7,19.78,19.62,19.25,19.29,19.2,19.04,19.06,19.02,18.72,18.73,18.7,6288,6582
2025-05-10 18:00:00,2.51,16.88,20.31,20.66,14.12,14.05,15.56,15,27.38,29.09,25.52,26.58,26.87,26.28,22.91,23.08,22.67,20.36,20.6,20.12,19.5,19.56,19.42,19.17,19.2,19.17,19.04,19.06,19.04,18.72,18.75,18.7,6315,6638
2025-05-10 17:00:00,2.48,17.01,20.36,20.66,14.11,14.05,15.56,14.99,30.81,31.39,29.47,26.94,26.99,26.87,22.29,22.61,21.9,19.9,20.12,19.68,19.36,19.42,19.31,19.17,19.17,19.17,19.06,19.06,19.06,18.74,18.79,18.73,6328,6653
2025-05-10 16:00:00,2.49,17.18,20.28,20.63,14.1,14.05,15.56,14.99,33.73,35.74,31.72,26.65,26.99,26.16,21.35,21.78,20.86,19.46,19.65,19.29,19.25,19.31,19.2,19.17,19.18,19.17,19.06,19.06,19.04,18.77,18.79,18.74,6339,6669
2025-05-10 15:00:00,2.65,17.21,20.17,20.56,14.09,14.06,15.57,14.99,34.73,35.62,33.84,25.22,26.03,24.39,20.33,20.83,19.87,19.09,19.24,18.95,19.19,19.2,19.19,19.22,19.28,19.17,19.06,19.08,19.06,18.79,18.81,18.76,6359,6712
2025-05-10 14:00:00,2.96,17.03,20.01,20.52,14.08,14.07,15.55,14.99,32.33,33.14,30.89,23.37,24.27,22.38,19.34,19.77,18.94,18.88,18.94,18.83,19.2,19.27,19.19,19.29,19.29,19.28,19.11,19.16,19.07,18.81,18.82,18.79,6359,6716
2025-05-10 13:00:00,3.18,16.85,19.87,20.47,14.1,14.06,15.51,14.99,30,31.67,28.77,20.97,22.15,19.77,18.52,18.83,18.24,18.77,18.82,18.74,19.3,19.31,19.25,19.33,19.41,19.29,19.17,19.18,19.16,18.82,18.83,18.81,6346,6709
2025-05-10 12:00:00,3.38,16.46,19.72,20.45,14.07,14.04,15.51,14.97,26.39,28.64,23.42,18.62,19.54,17.83,18.01,18.2,17.87,18.81,18.85,18.75,19.38,19.42,19.31,19.41,19.41,19.4,19.18,19.18,19.18,18.82,18.83,18.79,6417,6807
2025-05-10 11:00:00,3.44,16.17,19.6,20.38,14.07,14.05,15.52,14.97,21.43,23.2,19.9,17.22,17.73,16.7,17.8,17.87,17.76,18.96,19.06,18.87,19.51,19.54,19.42,19.48,19.52,19.44,19.18,19.2,19.18,18.82,18.83,18.81,6346,6705
2025-05-10 10:00:00,3.44,16.01,19.53,20.36,14.07,14.07,15.52,14.96,19.03,20.96,16.94,16.2,16.68,15.87,17.79,17.87,17.76,19.15,19.29,19.06,19.66,19.77,19.56,19.53,19.54,19.52,19.2,19.2,19.19,18.81,18.83,18.79,6266,6602
2025-05-10 09:00:00,3.36,15.9,19.5,20.34,14.12,14.01,15.52,14.95,15.21,16.57,13.86,15.66,15.84,15.55,17.98,18.12,17.87,19.42,19.53,19.29,19.82,19.9,19.78,19.63,19.64,19.58,19.24,19.27,19.2,18.8,18.83,18.77,6203,6531
2025-05-10 08:00:00,3.35,15.85,19.5,20.33,14.11,13.99,15.52,14.93,13.04,13.72,12.37,15.52,15.55,15.52,18.29,18.45,18.12,19.69,19.85,19.54,19.96,20.02,19.9,19.65,19.7,19.64,19.27,19.29,19.25,18.76,18.79,18.74,6105,6389
2025-05-10 07:00:00,3.29,15.81,19.5,20.33,14.08,13.94,15.52,14.9,11.61,12.21,11.14,15.7,15.87,15.6,18.66,18.83,18.45,19.99,20.12,19.89,20.1,20.17,20.02,19.73,19.76,19.68,19.27,19.29,19.26,18.72,18.75,18.7,6092,6350
2025-05-10 06:00:00,3.19,15.75,19.5,20.34,14.08,13.93,15.52,14.88,10.95,11.04,10.82,16.11,16.34,15.87,19.09,19.29,18.92,20.28,20.41,20.12,20.24,20.31,20.17,19.76,19.76,19.76,19.24,19.27,19.2,18.7,18.73,18.7,6090,0
2025-05-10 05:00:00,3.17,15.74,19.55,20.37,14.06,13.91,15.51,14.86,11.02,11.22,10.8,16.64,16.91,16.36,19.54,19.77,19.31,20.55,20.69,20.45,20.37,20.43,20.31,19.76,19.76,19.76,19.2,19.24,19.19,18.7,18.7,18.7,6092,0
2025-05-10 04:00:00,3.18,15.8,19.59,20.38,14.09,13.88,15.5,14.86,11.42,11.61,11.18,17.19,17.53,16.94,19.99,20.25,19.77,20.83,20.95,20.72,20.48,20.5,20.44,19.76,19.76,19.76,19.18,19.19,19.18,18.7,18.7,18.7,6092,0
2025-05-10 03:00:00,3.18,15.81,19.63,20.39,14.07,13.88,15.49,14.86,11.7,12.31,11.15,17.91,18.24,17.58,20.49,20.72,20.25,21.09,21.19,20.95,20.56,20.61,20.5,19.76,19.76,19.76,19.18,19.18,19.18,18.69,18.7,18.66,6094,0
2025-05-10 02:00:00,3.2,15.89,19.66,20.47,14.05,13.85,15.51,14.85,12.97,13.39,12.38,18.56,18.83,18.27,20.97,21.2,20.73,21.35,21.43,21.22,20.61,20.61,20.61,19.74,19.76,19.7,19.13,19.18,19.07,18.63,18.68,18.61,6096,0
2025-05-10 01:00:00,3.19,15.91,19.73,20.49,14.06,13.85,15.52,14.87,13.5,13.86,13.14,19.16,19.53,18.84,21.52,21.78,21.29,21.58,21.66,21.46,20.62,20.63,20.61,19.65,19.69,19.64,19.06,19.07,19.06,18.59,18.61,18.59,6101,0
2025-05-10 00:00:00,3.16,16,19.81,20.56,14.04,13.85,15.49,14.86,13.39,13.63,13.15,20,20.48,19.57,22.16,22.48,21.84,21.79,21.89,21.72,20.61,20.63,20.61,19.6,19.64,19.53,19.05,19.06,19.04,18.59,18.6,18.59,6103,0
2025-05-09 23:00:00,3.09,15.99,19.82,20.58,14.06,13.87,15.46,14.84,13.58,13.98,13.37,21.14,21.78,20.57,22.8,23.08,22.49,21.91,21.96,21.9,20.54,20.61,20.49,19.51,19.52,19.45,18.97,19.02,18.94,18.59,18.59,18.59,6105,0
2025-05-09 22:00:00,3.07,16.11,19.92,20.62,14.03,13.83,15.44,14.82,14.97,15.99,14.1,22.58,23.32,21.9,23.37,23.61,23.11,21.96,21.99,21.91,20.43,20.49,20.37,19.42,19.45,19.41,18.94,18.94,18.94,18.59,18.59,18.59,6114,0
2025-05-09 21:00:00,3.04,16.27,20.01,20.63,14.04,13.8,15.44,14.81,17.99,19.99,16.23,24.13,24.81,23.43,23.84,24.02,23.67,21.87,21.92,21.78,20.29,20.37,20.25,19.34,19.4,19.29,18.94,18.94,18.93,18.59,18.59,18.58,6119,0
2025-05-09 20:00:00,3.02,16.48,20.11,20.65,14.02,13.79,15.44,14.8,22.55,24.62,20.37,25.56,26.16,24.96,24.12,24.16,24.03,21.66,21.78,21.55,20.09,20.19,20.02,19.28,19.29,19.2,18.9,18.93,18.87,18.58,18.59,18.58,6132,6382
2025-05-09 19:00:00,3.05,16.59,20.14,20.61,14.04,13.75,15.45,14.81,25.05,26.27,24.14,27.02,27.82,26.29,24.15,24.18,24.09,21.36,21.55,21.19,19.94,20.02,19.9,19.18,19.24,19.17,18.86,18.9,18.84,18.59,18.59,18.58,6152,6437
2025-05-09 18:00:00,2.93,16.85,20.19,20.55,14,13.73,15.46,14.8,29.88,34.79,26.32,28.39,28.6,27.93,23.82,24.03,23.56,21,21.19,20.84,19.79,19.87,19.76,19.17,19.17,19.17,18.85,18.86,18.84,18.59,18.59,18.59,6168,6480
2025-05-09 17:00:00,2.93,17.03,20.13,20.57,13.96,13.75,15.45,14.8,36.31,37.04,34.93,28.23,28.53,27.82,23.2,23.49,22.94,20.62,20.78,20.48,19.67,19.73,19.64,19.15,19.17,19.12,18.85,18.87,18.83,18.59,18.59,18.59,6252,6598
2025-05-09 16:00:00,3.15,16.95,20.07,20.49,13.96,13.75,15.43,14.76,34.95,36.06,33.61,27.32,27.79,26.89,22.56,22.85,22.26,20.35,20.48,20.24,19.58,19.65,19.54,19.14,19.16,19.12,18.9,18.94,18.87,18.61,18.64,18.59,6266,6634
2025-05-09 15:00:00,3.38,16.91,19.95,20.38,13.94,13.73,15.4,14.72,33.74,34.08,32.79,26.32,26.87,25.64,21.92,22.26,21.66,20.16,20.24,20.12,19.54,19.54,19.54,19.16,19.17,19.16,18.94,18.94,18.93,18.69,18.7,18.66,6248,6606
2025-05-09 14:00:00,3.74,16.75,19.8,20.26,13.92,13.72,15.41,14.74,32.5,35.03,29.12,24.73,25.45,24.15,21.37,21.57,21.19,20.11,20.12,20.1,19.56,19.62,19.54,19.17,19.19,19.16,18.99,19.06,18.94,18.76,18.83,18.7,6183,6519
2025-05-09 13:00:00,3.9,16.46,19.64,20.05,13.87,13.72,15.4,14.74,28.33,30.21,26.75,23.53,24.03,23.19,21.06,21.19,20.96,20.18,20.29,20.12,19.65,19.66,19.62,19.26,19.33,19.18,19.16,19.29,19.06,18.95,19.08,18.83,6154,6496
2025-05-09 12:00:00,4.08,16.22,19.37,19.57,14.03,13.94,15.34,14.55,27.38,28.42,26.16,22.62,23.09,22.04,20.98,21.09,20.96,20.45,20.6,20.34,19.76,19.78,19.7,19.47,19.64,19.35,19.51,19.73,19.29,19.41,19.86,19.15,6219,6594
2025-05-09 11:00:00,1.56,12.82,15.14,14.83,14.23,14.84,13.13,11.47,27.27,28.32,26.24,23.55,26.52,21.91,23.2,27.1,21.19,22.82,27.58,20.72,21.94,27.22,19.78,21.97,27.46,19.7,22.05,27.46,19.78,22.29,26.99,20,6181,6547
2025-05-09 10:00:00,0.38,0.13,0.06,1.35,1.59,0.18,,0.02,25.03,27.93,20.37,23.69,26.86,19.06,23.84,27.34,18.83,24.32,28,19.42,23.51,27.35,18.83,25.12,27.94,20.12,25.02,28.05,19.7,24.53,27.58,19.18,6143,6496
2025-05-09 09:00:00,1.91,1.9,1.24,0.79,0.68,1.89,1.71,2.54,16.06,19.52,13.86,15.48,18.12,13.86,15.46,17.76,14.1,15.78,18.35,14.33,15.88,18.02,14.32,16.31,18.82,14.44,16.12,18.37,14.57,15.68,17.76,14.57,6161,6531
2025-05-09 08:00:00,0.16,0.01,0,0.02,,,,,12.36,13.16,11.75,12.35,13.16,11.73,12.49,13.36,11.85,12.65,13.5,11.97,12.63,13.52,11.97,12.71,13.61,12.05,12.81,13.74,12.09,13.02,13.86,12.34,5925,5349
2025-05-09 07:00:00,0.15,0.01,,0.02,,,,,11.88,12.21,11.73,11.86,12.18,11.73,11.96,12.25,11.83,12.1,12.42,11.97,12.01,12.33,11.86,12.1,12.43,11.96,12.2,12.48,12.08,12.41,12.68,12.27,5925,2442
2025-05-09 06:00:00,0.15,,,0,,,,,12.66,13.11,12.28,12.62,13.03,12.21,12.71,13.15,12.32,12.84,13.27,12.44,12.78,13.19,12.43,12.84,13.26,12.44,12.93,13.38,12.56,13.14,13.57,12.78,5925,0
2025-05-09 05:00:00,0.16,0.01,0,0.03,,,,,13.61,13.99,13.16,13.57,13.98,13.15,13.66,14.07,13.26,13.78,14.21,13.39,13.73,14.1,13.28,13.79,14.2,13.38,13.87,14.25,13.46,14.04,14.45,13.63,5927,0
2025-05-09 04:00:00,0.14,0,0.02,0.06,,,,,14.39,14.68,14.1,14.34,14.59,14.01,14.42,14.69,14.1,14.53,14.8,14.21,14.49,14.76,14.21,14.55,14.79,14.23,14.63,14.92,14.33,14.79,15.04,14.46,5927,0
2025-05-09 03:00:00,0.15,0.1,0.04,0.08,,,,,14.83,14.96,14.69,14.79,14.93,14.66,14.85,14.98,14.69,14.95,15.08,14.8,14.94,15.05,14.79,14.99,15.15,14.82,15.07,15.16,14.92,15.2,15.31,15.04,5927,0
2025-05-09 02:00:00,0.15,0.09,0.06,0.07,,,,,15.08,15.16,15.01,15.01,15.13,14.93,15.09,15.16,15.03,15.2,15.28,15.14,15.17,15.29,15.06,15.22,15.29,15.15,15.3,15.39,15.2,15.43,15.52,15.38,5929,0
2025-05-09 01:00:00,0.16,0.15,0.06,0.05,,,,,15.3,15.4,15.16,15.25,15.32,15.16,15.32,15.4,15.18,15.43,15.51,15.28,15.38,15.48,15.29,15.45,15.5,15.36,15.48,15.53,15.39,15.62,15.67,15.52,5932,0
2025-05-09 00:00:00,0.15,0.09,0.03,0.04,,,,,15.64,15.88,15.4,15.6,15.87,15.39,15.66,15.87,15.41,15.75,15.99,15.51,15.72,16,15.51,15.76,15.98,15.51,15.81,16.07,15.61,15.93,16.15,15.72,5932,0
2025-05-08 23:00:00,0.11,0.03,0.02,0.03,,,,,16.27,16.58,15.96,16.22,16.54,15.87,16.29,16.58,15.99,16.37,16.7,16.04,16.35,16.67,16,16.38,16.69,16.07,16.43,16.7,16.1,16.52,16.82,16.23,5934,0
2025-05-08 22:00:00,0.13,0,0.04,0.03,,,,,16.91,17.17,16.62,16.86,17.17,16.58,16.91,17.18,16.64,17,17.29,16.7,16.98,17.29,16.7,17.01,17.28,16.77,17.04,17.29,16.81,17.09,17.37,16.83,5934,0
2025-05-08 21:00:00,0.17,,0.02,0.03,,,,,17.7,18.2,17.29,17.64,18.12,17.18,17.69,18.16,17.28,17.77,18.23,17.35,17.75,18.24,17.31,17.76,18.2,17.39,17.77,18.23,17.4,17.78,18.2,17.41,5936,0
2025-05-08 20:00:00,0.19,0.01,0.05,0.04,,,,,18.76,19.18,18.29,18.7,19.09,18.24,18.73,19.16,18.26,18.79,19.18,18.35,18.79,19.19,18.35,18.77,19.17,18.34,18.74,19.11,18.34,18.67,19.04,18.25,5936,204
2025-05-08 19:00:00,0.17,0.01,0.05,0.05,,,,,19.44,19.66,19.2,19.35,19.62,19.17,19.38,19.65,19.18,19.42,19.65,19.2,19.43,19.66,19.23,19.39,19.62,19.18,19.34,19.53,19.18,19.25,19.42,19.07,5936,1957
2025-05-08 18:00:00,0.18,0.1,0.08,0.06,,,,,19.98,20.23,19.77,19.89,20.12,19.66,19.9,20.12,19.66,19.95,20.12,19.73,19.95,20.16,19.74,19.89,20.12,19.65,19.83,20.01,19.64,19.7,19.89,19.53,5936,2001
2025-05-08 17:00:00,0.16,0.11,0.09,0.08,,,,,20.03,20.23,19.77,19.94,20.12,19.65,19.94,20.12,19.65,19.96,20.12,19.65,19.97,20.15,19.66,19.91,20.12,19.6,19.83,20.01,19.53,19.68,19.89,19.4,5936,2091
2025-05-08 16:00:00,0.24,0.02,0.08,0.08,,0.01,,,19.66,19.77,19.54,19.56,19.66,19.42,19.54,19.65,19.42,19.55,19.66,19.42,19.54,19.66,19.42,19.47,19.64,19.35,19.39,19.53,19.29,19.25,19.41,19.12,5936,3695
2025-05-08 15:00:00,0.18,0.01,0.06,0.06,,,,,19.34,19.66,19.19,19.23,19.54,19.09,19.23,19.54,19.06,19.24,19.53,19.09,19.23,19.54,19.07,19.16,19.44,19.04,19.08,19.39,18.94,18.94,19.18,18.83,5938,3994
2025-05-08 14:00:00,0.22,0.02,0.07,0.07,,,,,19.05,19.19,18.89,18.94,19.1,18.78,18.93,19.1,18.76,18.94,19.1,18.74,18.92,19.07,18.7,18.85,19.04,18.67,18.78,18.95,18.59,18.62,18.83,18.45,5941,4467
2025-05-08 13:00:00,0.2,0.02,0.07,0.08,,,,,18.3,18.95,17.95,18.21,18.83,17.87,18.22,18.83,17.87,18.26,18.87,17.9,18.24,18.89,17.89,18.19,18.82,17.87,18.15,18.7,17.83,18.05,18.59,17.76,5943,5156
2025-05-08 12:00:00,0.32,0.01,0.04,0.05,,0,,,17.71,18.04,17.17,17.66,17.99,17.17,17.73,18.11,17.31,17.79,18.12,17.41,17.78,18.12,17.41,17.76,18.11,17.48,17.74,18.11,17.45,17.73,18.12,17.53,5949,6122
2025-05-08 11:00:00,0.56,0,0.05,0.05,,,,,16.65,17.1,16.25,16.64,17.09,16.23,16.78,17.2,16.39,16.88,17.29,16.45,16.91,17.36,16.51,16.94,17.4,16.57,16.96,17.4,16.58,16.99,17.41,16.62,5956,6216
2025-05-08 10:00:00,0.56,0.03,0.03,0.05,,,,,16.3,16.7,15.87,16.32,16.75,15.87,16.48,16.93,16.06,16.58,17.04,16.19,16.61,17.06,16.2,16.62,17.04,16.2,16.64,17.04,16.2,16.67,17.04,16.23,5952,6189
2025-05-08 09:00:00,0.59,0.06,0.05,0.05,,,,,14.67,15.64,14.1,14.66,15.64,14.05,14.79,15.86,14.16,14.92,15.97,14.32,14.93,16,14.31,14.98,15.98,14.32,15.04,15.99,14.43,15.14,16.04,14.56,5952,6212
2025-05-08 08:00:00,0.58,0.01,0.01,0.03,,,,,13.52,14.1,13.15,13.46,14.03,13.03,13.55,14.15,13.15,13.68,14.32,13.26,13.64,14.28,13.16,13.71,14.32,13.26,13.77,14.43,13.29,13.91,14.51,13.48,5936,6129
2025-05-08 07:00:00,0.57,0.01,,0,,,,,13,13.07,12.92,12.9,13.03,12.8,12.98,13.06,12.9,13.09,13.17,12.98,13.03,13.16,12.92,13.09,13.2,12.95,13.18,13.27,13.03,13.32,13.39,13.17,5932,3317
2025-05-08 06:00:00,0.58,,,,,,,,12.86,12.92,12.8,12.7,12.8,12.57,12.77,12.9,12.67,12.86,12.99,12.7,12.78,12.92,12.64,12.82,12.96,12.67,12.89,13.03,12.72,13.04,13.18,12.92,5932,0
2025-05-08 05:00:00,0.6,,0,0.01,,,,,12.65,12.8,12.56,12.42,12.56,12.32,12.43,12.6,12.32,12.52,12.68,12.43,12.4,12.57,12.29,12.43,12.66,12.3,12.47,12.67,12.32,12.68,12.89,12.56,5934,0
2025-05-08 04:00:00,0.59,,0.01,0,,,,,13.23,13.41,12.87,13.02,13.26,12.64,13.04,13.27,12.65,13.11,13.36,12.69,13.02,13.28,12.57,13.04,13.26,12.62,13.09,13.32,12.67,13.26,13.51,12.86,5934,0
2025-05-08 03:00:00,0.58,,,0,,,,,13.24,13.4,13.15,13.02,13.17,12.92,13.03,13.16,12.91,13.1,13.27,13.03,12.99,13.14,12.91,13,13.14,12.9,13.03,13.15,12.91,13.18,13.34,13.03,5936,0
2025-05-08 02:00:00,0.59,0.01,,0.02,,,,,14.15,14.81,13.51,13.91,14.56,13.29,13.91,14.57,13.28,14,14.64,13.39,13.91,14.58,13.28,13.92,14.57,13.26,13.94,14.65,13.27,14.09,14.79,13.49,5938,0
2025-05-08 01:00:00,0.6,0.14,0.05,0.06,,,,,15.32,15.66,14.93,15.09,15.45,14.69,15.12,15.51,14.69,15.22,15.56,14.8,15.14,15.52,14.69,15.18,15.5,14.78,15.23,15.61,14.8,15.34,15.68,14.93,5943,0
2025-05-08 00:00:00,0.58,0.05,0.02,0.02,,,,,16.04,16.36,15.75,15.81,16.12,15.52,15.82,16.12,15.52,15.92,16.23,15.63,15.87,16.2,15.55,15.89,16.2,15.62,15.92,16.2,15.63,16,16.34,15.75,5945,0
2025-05-07 23:00:00,0.6,0,0.03,0.03,,,,,17.2,17.87,16.45,17.01,17.7,16.23,17.04,17.75,16.2,17.12,17.81,16.34,17.09,17.77,16.26,17.09,17.79,16.29,17.1,17.79,16.32,17.15,17.85,16.35,5949,0
2025-05-07 22:00:00,0.63,0.01,0.05,0.04,,,,,18.37,18.83,17.95,18.2,18.64,17.76,18.23,18.7,17.79,18.32,18.74,17.89,18.31,18.77,17.89,18.3,18.74,17.87,18.3,18.75,17.87,18.3,18.7,17.87,5952,0
2025-05-07 21:00:00,0.63,0.04,0.06,0.04,,0,,,19.47,20.12,18.89,19.34,19.98,18.7,19.37,20.01,18.79,19.46,20.08,18.84,19.47,20.12,18.83,19.44,20.04,18.82,19.43,20.01,18.82,19.41,20.01,18.83,5956,0
2025-05-07 20:00:00,0.57,0.09,0.05,0.05,,,,,20.73,21.31,20.2,20.61,21.19,20.08,20.68,21.3,20.12,20.71,21.31,20.19,20.73,21.32,20.2,20.69,21.3,20.12,20.62,21.19,20.12,20.54,21.08,20.07,5961,3364
2025-05-07 19:00:00,0.58,0.01,0.07,0.06,,,,,21.79,22.17,21.43,21.69,22.14,21.32,21.76,22.14,21.41,21.77,22.14,21.43,21.81,22.21,21.44,21.74,22.12,21.39,21.64,22.02,21.31,21.52,21.88,21.19,5965,6153
2025-05-07 18:00:00,0.61,0.02,0.09,0.06,,,,,22.03,22.26,21.9,21.95,22.14,21.78,22.02,22.19,21.89,22.02,22.17,21.9,22.05,22.23,21.91,21.97,22.12,21.88,21.88,22.02,21.78,21.74,21.89,21.67,5970,6212
2025-05-07 17:00:00,0.61,0.02,0.08,0.06,,0,,,22.19,22.61,21.9,22.1,22.51,21.8,22.16,22.6,21.9,22.16,22.61,21.9,22.19,22.63,21.91,22.11,22.52,21.88,22.01,22.44,21.78,21.87,22.26,21.64,5970,6216
2025-05-07 16:00:00,0.59,0,0.07,0.04,,,,,22.63,22.73,22.49,22.59,22.73,22.38,22.62,22.75,22.49,22.65,22.79,22.49,22.68,22.83,22.5,22.53,22.7,22.36,22.41,22.54,22.25,22.24,22.38,22.13,5972,6220
2025-05-07 15:00:00,0.59,0.01,0.08,0.06,,0,,,22.29,22.58,22.02,22.27,22.55,22.02,22.34,22.61,22.1,22.29,22.61,22.02,22.31,22.62,22.03,22.15,22.47,21.89,22.01,22.35,21.72,21.83,22.14,21.55,5970,6220
2025-05-07 14:00:00,0.56,0.03,0.05,0.03,,,,,21.39,21.9,20.85,21.37,21.87,20.84,21.43,21.95,20.96,21.4,21.9,20.92,21.36,21.91,20.87,21.21,21.76,20.71,21.07,21.6,20.6,20.9,21.43,20.48,5972,6224
2025-05-07 13:00:00,0.56,0.07,0.05,0.05,,,,,20.27,20.84,19.54,20.29,20.84,19.54,20.36,20.87,19.65,20.35,20.84,19.65,20.35,20.84,19.66,20.23,20.71,19.59,20.12,20.6,19.53,20.01,20.43,19.42,5970,6228
2025-05-07 12:00:00,0.6,0.02,0.04,0.04,,0.01,,,18.36,19.43,17.08,18.4,19.49,17.17,18.51,19.57,17.29,18.57,19.61,17.41,18.6,19.66,17.41,18.55,19.52,17.4,18.51,19.45,17.4,18.46,19.42,17.41,5970,6228
2025-05-07 11:00:00,0.55,0.05,0.02,0.02,,,,,16.11,16.82,15.63,16.15,16.87,15.64,16.32,17.04,15.86,16.42,17.16,15.98,16.44,17.18,16,16.46,17.16,15.99,16.48,17.17,16,16.53,17.17,16.1,5965,6248
2025-05-07 10:00:00,0.59,0.09,0.04,0.06,,,,,14.81,15.52,14.14,14.84,15.52,14.19,15.03,15.75,14.33,15.15,15.87,14.45,15.16,15.88,14.46,15.19,15.87,14.51,15.25,15.93,14.57,15.29,15.99,14.62,5958,6224
2025-05-07 09:00:00,0.58,0,0.01,0.01,,,,,13.15,13.98,12.56,13.14,13.98,12.56,13.3,14.18,12.68,13.44,14.33,12.8,13.41,14.33,12.8,13.46,14.32,12.86,13.54,14.37,12.91,13.65,14.45,13.03,5952,6224
2025-05-07 08:00:00,0.6,0.01,0,0.01,,0,,,12.06,12.46,11.73,12.04,12.44,11.72,12.13,12.6,11.74,12.27,12.78,11.86,12.21,12.68,11.83,12.27,12.78,11.86,12.35,12.81,11.96,12.49,12.95,12.11,5936,6173
2025-05-07 07:00:00,0.54,,,0.01,,,,,11.54,11.73,11.34,11.4,11.61,11.14,11.46,11.73,11.16,11.57,11.85,11.26,11.46,11.74,11.15,11.53,11.84,11.2,11.6,11.89,11.26,11.8,12.09,11.5,5932,6137
2025-05-07 06:00:00,0.52,,,0,,,,,11.38,11.54,11.27,11.19,11.37,11.13,11.24,11.38,11.14,11.33,11.49,11.26,11.2,11.37,11.15,11.24,11.37,11.14,11.3,11.45,11.23,11.54,11.67,11.47,5932,0
2025-05-07 05:00:00,0.58,,,0.01,,,,,11.76,11.97,11.57,11.56,11.81,11.38,11.6,11.85,11.38,11.69,11.96,11.49,11.57,11.81,11.38,11.61,11.84,11.37,11.67,11.93,11.48,11.88,12.09,11.72,5932,0
2025-05-07 04:00:00,0.62,0.02,,0.01,,0,,,12.27,12.64,11.99,12.07,12.43,11.85,12.1,12.44,11.85,12.18,12.48,11.97,12.06,12.35,11.86,12.08,12.42,11.85,12.14,12.44,11.96,12.34,12.67,12.12,5934,0
2025-05-07 03:00:00,0.58,,,0.01,,,,,12.89,13.09,12.68,12.66,12.89,12.44,12.67,12.91,12.44,12.74,12.91,12.56,12.62,12.8,12.43,12.63,12.85,12.43,12.69,12.9,12.47,12.87,13.03,12.68,5936,0
2025-05-07 02:00:00,0.58,0,0,0,,,,,13.27,13.51,13.05,13.03,13.27,12.83,13.03,13.27,12.85,13.08,13.38,12.91,12.95,13.19,12.8,12.96,13.21,12.78,13.01,13.27,12.8,13.17,13.39,13.01,5936,0
2025-05-07 01:00:00,0.58,0.01,,0.02,,,,,13.99,14.33,13.62,13.75,14.1,13.37,13.74,14.1,13.37,13.81,14.14,13.39,13.7,14.04,13.28,13.69,14.06,13.26,13.71,14.08,13.27,13.87,14.21,13.48,5941,0
2025-05-07 00:00:00,0.6,0.06,0.02,0.05,,0,,,14.76,14.93,14.33,14.51,14.69,14.11,14.52,14.69,14.1,14.57,14.72,14.21,14.5,14.68,14.1,14.5,14.68,14.08,14.51,14.69,14.09,14.64,14.82,14.22,5943,0
2025-05-06 23:00:00,0.6,0.12,0.04,0.06,,,,,15.26,15.73,14.86,14.96,15.4,14.58,14.96,15.4,14.57,15,15.41,14.61,14.89,15.29,14.55,14.86,15.27,14.51,14.85,15.27,14.53,14.96,15.34,14.65,5945,0
2025-05-06 22:00:00,0.56,0.04,0.03,0.03,,,,,16.33,16.94,15.76,16.01,16.7,15.49,15.99,16.7,15.42,16.05,16.7,15.51,15.93,16.59,15.39,15.87,16.57,15.29,15.85,16.45,15.28,15.95,16.54,15.4,5949,0
2025-05-06 21:00:00,0.62,0.01,0.04,0.02,,,,,18.42,19.77,17.17,18.17,19.54,16.83,18.17,19.54,16.82,18.23,19.62,16.91,18.13,19.54,16.77,18.07,19.52,16.7,18.03,19.41,16.69,18,19.31,16.7,5954,0
2025-05-06 20:00:00,0.56,0.06,0.05,0.04,,,,,20.91,21.78,20,20.75,21.61,19.77,20.79,21.66,19.79,20.82,21.66,19.87,20.81,21.67,19.78,20.71,21.54,19.76,20.63,21.43,19.65,20.51,21.29,19.58,5958,2060
2025-05-06 19:00:00,0.58,0.02,0.08,0.06,,,,,22.17,22.47,21.85,22.05,22.37,21.73,22.08,22.37,21.78,22.06,22.34,21.78,22.06,22.37,21.78,21.93,22.22,21.65,21.82,22.08,21.54,21.66,21.9,21.37,5963,6153
2025-05-06 18:00:00,0.59,0.01,0.07,0.03,,0,,,22.58,22.62,22.48,22.48,22.6,22.38,22.49,22.61,22.37,22.49,22.59,22.37,22.5,22.61,22.38,22.33,22.36,22.24,22.21,22.25,22.11,22.06,22.13,21.9,5965,6189
2025-05-06 17:00:00,0.58,0.01,0.06,0.04,,,,,22.62,22.69,22.61,22.52,22.6,22.49,22.55,22.61,22.49,22.54,22.61,22.49,22.54,22.61,22.5,22.36,22.36,22.36,22.24,22.25,22.22,22.05,22.09,22.02,5967,6196
2025-05-06 16:00:00,0.58,0.01,0.06,0.05,,0,,,22.47,22.7,22.26,22.36,22.61,22.15,22.39,22.61,22.23,22.36,22.61,22.14,22.34,22.6,22.14,22.16,22.36,21.98,22.03,22.25,21.82,21.86,22.03,21.67,5967,6204
2025-05-06 15:00:00,0.57,0,0.07,0.05,,,,,21.99,22.26,21.72,21.89,22.15,21.67,21.92,22.19,21.66,21.88,22.14,21.66,21.85,22.14,21.61,21.68,21.97,21.42,21.55,21.79,21.31,21.4,21.67,21.19,5967,6204
2025-05-06 14:00:00,0.55,0.04,0.05,0.02,,,,,21.15,21.67,20.72,21.1,21.56,20.71,21.16,21.66,20.73,21.16,21.6,20.78,21.15,21.57,20.77,21.02,21.42,20.67,20.91,21.31,20.58,20.79,21.15,20.48,5970,6212
2025-05-06 13:00:00,0.59,0.09,0.07,0.06,,,,,20.07,20.61,19.29,20.05,20.6,19.19,20.15,20.72,19.31,20.19,20.72,19.41,20.23,20.73,19.42,20.12,20.59,19.4,20.06,20.48,19.29,19.98,20.37,19.29,5970,6220
2025-05-06 12:00:00,0.6,0.02,0.06,0.04,,,,,18.83,19.29,18.36,18.78,19.2,18.33,18.87,19.29,18.41,18.91,19.34,18.45,18.94,19.4,18.48,18.86,19.29,18.4,18.84,19.29,18.35,18.79,19.23,18.36,5970,6224
2025-05-06 11:00:00,0.62,,0.03,0.03,,,,,17.72,18.12,17.29,17.67,18.12,17.26,17.79,18.24,17.4,17.86,18.24,17.41,17.88,18.25,17.48,17.86,18.2,17.5,17.83,18.2,17.44,17.84,18.2,17.52,5967,6236
2025-05-06 10:00:00,0.58,0.07,0.04,0.04,,,,,16.19,17.06,15.52,16.14,17.04,15.44,16.25,17.17,15.54,16.36,17.29,15.64,16.36,17.29,15.64,16.39,17.28,15.71,16.42,17.29,15.75,16.46,17.29,15.82,5965,6248
2025-05-06 09:00:00,0.58,0.06,0.04,0.06,,,,,14.75,15.4,13.98,14.72,15.36,13.98,14.84,15.5,14.1,14.95,15.57,14.21,14.93,15.55,14.17,14.96,15.62,14.2,15,15.63,14.23,15.09,15.72,14.33,5952,6212
2025-05-06 08:00:00,0.53,0.01,0.01,0.02,,0.02,,,13.95,13.98,13.88,13.87,13.91,13.86,13.96,13.99,13.89,14.08,14.1,14.03,14.06,14.1,13.98,14.12,14.18,14.08,14.19,14.21,14.13,14.29,14.33,14.22,5941,6181
2025-05-06 07:00:00,0.56,0.01,0.01,0.03,,,,,14.06,14.11,13.98,13.97,14.05,13.86,14.06,14.1,13.96,14.18,14.24,14.09,14.17,14.22,14.06,14.25,14.32,14.1,14.31,14.43,14.21,14.44,14.56,14.33,5936,1520
2025-05-06 06:00:00,0.57,0,0.03,0.05,,,,,14.21,14.23,14.12,14.13,14.21,14.09,14.2,14.23,14.11,14.33,14.38,14.26,14.32,14.34,14.22,14.41,14.44,14.32,14.49,14.55,14.44,14.6,14.65,14.57,5936,0
2025-05-06 05:00:00,0.58,0.01,0.02,0.05,,,,,14.35,14.45,14.29,14.27,14.33,14.22,14.35,14.45,14.28,14.48,14.57,14.43,14.46,14.58,14.35,14.54,14.65,14.44,14.63,14.68,14.57,14.74,14.81,14.69,5936,0
2025-05-06 04:00:00,0.55,0.01,0.03,0.06,,,,,14.46,14.52,14.45,14.35,14.37,14.34,14.45,14.46,14.45,14.57,14.57,14.57,14.58,14.58,14.57,14.66,14.68,14.64,14.68,14.69,14.68,14.81,14.82,14.81,5936,0
2025-05-06 03:00:00,0.55,0.01,0.02,0.06,,,,,14.5,14.69,14.45,14.36,14.46,14.33,14.45,14.57,14.39,14.55,14.68,14.48,14.51,14.63,14.46,14.59,14.68,14.56,14.66,14.8,14.57,14.77,14.9,14.7,5938,0
2025-05-06 02:00:00,0.57,0.09,0.03,0.07,,0,,,14.84,15,14.69,14.7,14.81,14.57,14.75,14.92,14.58,14.84,15.02,14.69,14.83,14.95,14.69,14.88,15.03,14.73,14.96,15.08,14.8,15.04,15.17,14.93,5941,0
2025-05-06 01:00:00,0.59,0.13,0.08,0.06,,,,,15.27,15.4,15.04,15.13,15.28,14.9,15.16,15.28,14.92,15.28,15.4,15.04,15.26,15.4,15.05,15.3,15.39,15.09,15.36,15.49,15.15,15.45,15.53,15.27,5943,0
2025-05-06 00:00:00,0.57,0.13,0.05,0.07,,,,,15.12,15.38,14.87,14.91,15.21,14.62,14.93,15.27,14.62,15.01,15.36,14.69,14.95,15.29,14.58,14.98,15.39,14.59,15.02,15.39,14.64,15.09,15.52,14.69,5945,0
2025-05-05 23:00:00,0.56,0.1,0.04,0.04,,,,,15.63,16.34,15.04,15.38,16.11,14.81,15.38,16.11,14.8,15.44,16.2,14.8,15.35,16.11,14.71,15.35,16.1,14.76,15.36,16.1,14.75,15.43,16.2,14.82,5947,0
2025-05-05 22:00:00,0.59,,0.02,0.03,,,,,17.34,17.87,16.57,17.16,17.76,16.32,17.21,17.76,16.34,17.28,17.87,16.39,17.26,17.89,16.35,17.28,17.87,16.33,17.3,17.87,16.34,17.32,17.9,16.35,5952,0
2025-05-05 21:00:00,0.6,0.02,0.05,0.04,,,,,18.33,18.7,18,18.21,18.61,17.82,18.26,18.7,17.87,18.35,18.77,18,18.35,18.79,17.95,18.35,18.77,17.99,18.36,18.79,18,18.36,18.7,18,5954,0
2025-05-05 20:00:00,0.59,0.01,0.05,0.03,,0.01,,,19.15,19.53,18.83,19.06,19.42,18.7,19.13,19.44,18.73,19.2,19.53,18.83,19.22,19.54,18.83,19.2,19.52,18.82,19.2,19.53,18.82,19.18,19.53,18.83,5958,2013
2025-05-05 19:00:00,0.58,0.05,0.06,0.05,,,,,19.72,20,19.54,19.64,19.89,19.45,19.71,20.01,19.54,19.77,20.04,19.59,19.82,20.11,19.65,19.78,20.06,19.62,19.76,20.01,19.58,19.73,20.01,19.54,5963,5869
2025-05-05 18:00:00,0.54,0.12,0.07,0.03,,,,,20.21,20.37,20.01,20.13,20.34,19.94,20.21,20.36,20.01,20.27,20.48,20.1,20.31,20.49,20.12,20.26,20.43,20.12,20.22,20.36,20.04,20.18,20.35,20.01,5967,6189
2025-05-05 17:00:00,0.59,0.05,0.07,0.05,,,,,19.75,19.95,19.66,19.7,19.89,19.62,19.77,19.95,19.65,19.83,20.01,19.77,19.89,20.06,19.78,19.86,20.01,19.76,19.82,20,19.77,19.8,19.95,19.73,5970,6216
2025-05-05 16:00:00,0.55,0.11,0.08,0.05,,,,,20.1,20.44,19.78,20.05,20.37,19.76,20.12,20.48,19.77,20.19,20.49,19.89,20.23,20.59,19.91,20.19,20.48,19.87,20.17,20.48,19.89,20.11,20.37,19.86,5970,6204
2025-05-05 15:00:00,0.55,0.01,0.04,0.05,,0,,,19.32,20.01,19.06,19.26,19.9,19.06,19.37,20.01,19.17,19.45,20.1,19.2,19.48,20.12,19.29,19.46,20.01,19.29,19.45,20.01,19.28,19.42,19.95,19.2,5972,6232
2025-05-05 14:00:00,0.58,0.01,0.05,0.05,,0.01,,,19.14,19.43,18.83,19.1,19.42,18.83,19.21,19.54,18.93,19.31,19.65,19,19.38,19.69,19.07,19.39,19.7,19.06,19.4,19.73,19.06,19.38,19.66,19.07,5972,6236
2025-05-05 13:00:00,0.55,0.01,0.05,0.05,,0.01,,,19.43,19.54,19.29,19.41,19.54,19.29,19.52,19.65,19.42,19.59,19.76,19.42,19.65,19.79,19.5,19.62,19.78,19.45,19.61,19.77,19.41,19.57,19.77,19.42,5972,6228
2025-05-05 12:00:00,0.56,0.02,0.06,0.04,,0.01,,,18.74,19.42,18.36,18.75,19.42,18.36,18.86,19.54,18.45,18.95,19.53,18.57,18.99,19.61,18.59,18.94,19.52,18.58,18.93,19.53,18.59,18.9,19.43,18.59,5970,6228
2025-05-05 11:00:00,0.58,0.01,0.04,0.05,,,,,17.98,18.83,17.04,17.99,18.83,17.04,18.11,18.94,17.17,18.2,19.06,17.33,18.25,19.07,17.4,18.21,19.02,17.4,18.19,18.95,17.4,18.19,18.95,17.41,5965,6216
2025-05-05 10:00:00,0.52,0.04,0.02,0.04,,,,,16.35,16.94,15.87,16.37,16.94,15.86,16.5,17.09,15.99,16.62,17.19,16.12,16.67,17.27,16.17,16.69,17.28,16.2,16.74,17.29,16.23,16.77,17.29,16.35,5961,6220
2025-05-05 09:00:00,0.56,0.14,0.05,0.05,,,,,15.32,15.76,14.81,15.3,15.75,14.76,15.44,15.88,14.89,15.59,16.04,15.03,15.61,16.11,15.05,15.63,16.1,15.03,15.69,16.18,15.14,15.75,16.23,15.16,5954,6216
2025-05-05 08:00:00,0.55,0.01,0.01,0.03,,,,,14.15,14.61,13.98,14.08,14.58,13.88,14.19,14.69,13.98,14.32,14.81,14.11,14.3,14.82,14.1,14.38,14.91,14.2,14.45,14.92,14.25,14.56,15.04,14.36,5949,6204
2025-05-05 07:00:00,0.57,0.01,0.02,0.04,,,,,14.19,14.33,14.1,14.08,14.22,13.99,14.17,14.33,14.1,14.29,14.45,14.21,14.28,14.46,14.22,14.37,14.55,14.31,14.43,14.6,14.34,14.56,14.7,14.45,5938,4514
2025-05-05 06:00:00,0.56,0.01,0.03,0.06,,0,,,14.45,14.6,14.33,14.38,14.57,14.24,14.48,14.67,14.33,14.6,14.77,14.46,14.59,14.74,14.46,14.67,14.8,14.56,14.75,14.92,14.63,14.87,15.04,14.76,5938,0
2025-05-05 05:00:00,0.56,0.08,0.03,0.08,,,,,14.73,14.81,14.68,14.64,14.75,14.57,14.72,14.81,14.68,14.84,14.92,14.8,14.84,14.93,14.78,14.93,15.03,14.83,15.01,15.08,14.92,15.1,15.18,15.04,5941,0
2025-05-05 04:00:00,0.56,0.09,0.06,0.07,,,,,14.85,14.91,14.81,14.79,14.81,14.73,14.83,14.9,14.81,14.93,14.99,14.92,14.94,14.98,14.93,15.03,15.03,15.02,15.12,15.16,15.08,15.2,15.27,15.17,5941,0
2025-05-05 03:00:00,0.56,0.11,0.04,0.06,,0,,,14.86,15.04,14.81,14.76,14.93,14.69,14.83,14.96,14.78,14.95,15.13,14.91,14.94,15.07,14.87,15.02,15.15,14.93,15.08,15.22,15.04,15.19,15.33,15.16,5943,0
2025-05-05 02:00:00,0.56,0.09,0.07,0.07,,,,,15.13,15.16,15.04,15.01,15.04,14.93,15.04,15.09,15.03,15.17,15.21,15.15,15.17,15.18,15.14,15.26,15.27,15.16,15.31,15.39,15.28,15.41,15.5,15.4,5945,0
2025-05-05 01:00:00,0.57,0.15,0.07,0.06,,,,,15.27,15.39,15.16,15.15,15.28,15.04,15.21,15.28,15.11,15.32,15.41,15.24,15.32,15.4,15.21,15.39,15.5,15.27,15.46,15.56,15.39,15.57,15.65,15.5,5945,0
2025-05-05 00:00:00,0.57,0.12,0.05,0.04,,0.01,,,15.5,15.64,15.4,15.36,15.52,15.28,15.42,15.6,15.31,15.54,15.69,15.45,15.51,15.66,15.4,15.59,15.74,15.5,15.66,15.82,15.56,15.75,15.87,15.64,5949,0
2025-05-04 23:00:00,0.54,0.08,0.02,0.03,,0,,,15.82,15.87,15.75,15.66,15.74,15.52,15.72,15.75,15.63,15.84,15.87,15.75,15.84,15.88,15.75,15.86,15.91,15.76,15.96,15.99,15.87,16.03,16.09,15.98,5952,0
2025-05-04 22:00:00,0.54,0.08,0.02,0.02,,0,,,15.95,16.11,15.87,15.76,15.95,15.67,15.82,15.99,15.75,15.93,16.11,15.86,15.92,16.11,15.85,15.95,16.12,15.86,16.02,16.2,15.97,16.1,16.23,16,5954,0
2025-05-04 21:00:00,0.51,0.04,0.02,0.03,,,,,16.4,16.7,16.2,16.2,16.58,15.99,16.27,16.58,16.02,16.37,16.7,16.12,16.35,16.7,16.11,16.4,16.7,16.2,16.44,16.81,16.2,16.52,16.82,16.34,5958,0
2025-05-04 20:00:00,0.56,0.01,0.03,0.02,,,,,17.23,17.65,16.82,17.08,17.53,16.65,17.14,17.57,16.7,17.24,17.64,16.81,17.23,17.65,16.79,17.27,17.7,16.79,17.32,17.76,16.89,17.37,17.76,16.94,5963,1745
2025-05-04 19:00:00,0.6,,0.02,0.03,,,,,17.91,18,17.76,17.76,17.87,17.64,17.83,17.92,17.64,17.92,18,17.76,17.93,18.01,17.77,17.95,18.03,17.75,17.97,18.07,17.79,18,18.1,17.87,5967,5141
2025-05-04 18:00:00,0.61,0.02,0.05,0.03,,,,,18.66,19.31,18,18.53,19.23,17.87,18.61,19.29,18,18.7,19.42,18.06,18.7,19.42,18.04,18.71,19.41,18.11,18.72,19.41,18.11,18.73,19.42,18.12,5972,6204
2025-05-04 17:00:00,0.55,0.06,0.05,0.04,,0,,,19.81,20.25,19.42,19.71,20.15,19.29,19.81,20.25,19.4,19.88,20.36,19.44,19.92,20.37,19.51,19.89,20.35,19.5,19.88,20.26,19.48,19.85,20.25,19.45,5974,6204
2025-05-04 16:00:00,0.54,0.11,0.08,0.03,,,,,20.18,20.25,20.01,20.1,20.23,19.89,20.19,20.29,20.01,20.26,20.36,20.08,20.3,20.37,20.12,20.24,20.35,20.09,20.19,20.27,20.06,20.16,20.25,20.01,5978,6236
2025-05-04 15:00:00,0.55,0.1,0.08,0.05,,,,,19.9,20.01,19.7,19.82,19.92,19.66,19.93,20.02,19.77,20,20.12,19.79,20.04,20.14,19.87,20,20.12,19.84,19.99,20.12,19.79,19.94,20.03,19.77,5978,6236
2025-05-04 14:00:00,0.52,0.12,0.06,0.04,,,,,20.2,20.48,20.01,20.16,20.48,19.98,20.28,20.6,20.08,20.32,20.6,20.14,20.36,20.62,20.2,20.3,20.58,20.12,20.27,20.48,20.12,20.2,20.43,20.1,5978,6244
2025-05-04 13:00:00,0.54,0.07,0.05,0.05,,0,,,19.91,20.6,19.2,19.9,20.59,19.2,20.01,20.69,19.32,20.06,20.71,19.42,20.11,20.73,19.43,20.01,20.59,19.41,19.97,20.59,19.39,19.9,20.48,19.29,5974,6236
2025-05-04 12:00:00,0.56,0.02,0.05,0.02,,,,,18.66,19.18,18.36,18.66,19.18,18.36,18.78,19.28,18.45,18.87,19.33,18.59,18.9,19.42,18.6,18.87,19.31,18.58,18.84,19.29,18.58,18.79,19.29,18.53,5972,6232
2025-05-04 11:00:00,0.56,0,0.03,0.03,,,,,17.53,18.25,16.94,17.55,18.29,16.94,17.68,18.45,17.04,17.77,18.45,17.17,17.81,18.59,17.2,17.8,18.53,17.24,17.79,18.45,17.2,17.81,18.45,17.28,5967,6232
2025-05-04 10:00:00,0.52,0.04,0.01,0.03,,,,,16.2,16.7,15.85,16.2,16.7,15.86,16.33,16.82,15.99,16.45,16.94,16.11,16.47,16.95,16.11,16.52,17.01,16.18,16.55,17.03,16.2,16.61,17.04,16.29,5961,6228
2025-05-04 09:00:00,0.56,0.09,0.05,0.07,,,,,14.91,15.64,14.57,14.88,15.64,14.48,14.98,15.75,14.59,15.1,15.87,14.69,15.12,15.88,14.69,15.19,15.97,14.79,15.26,15.99,14.9,15.36,16.11,14.95,5954,6212
2025-05-04 08:00:00,0.57,0.01,0.02,0.04,,,,,14.24,14.45,14.1,14.16,14.34,13.99,14.25,14.45,14.1,14.38,14.58,14.21,14.37,14.58,14.22,14.45,14.68,14.32,14.51,14.7,14.34,14.64,14.82,14.47,5945,6200
2025-05-04 07:00:00,0.56,0.01,0.01,0.03,,,,,14.19,14.33,14.1,14.11,14.22,14.03,14.17,14.33,14.1,14.3,14.43,14.21,14.27,14.41,14.22,14.37,14.48,14.32,14.45,14.57,14.37,14.56,14.69,14.48,5941,1268
2025-05-04 06:00:00,0.59,,0.02,0.04,,,,,14.32,14.33,14.28,14.21,14.22,14.16,14.27,14.33,14.21,14.41,14.45,14.33,14.38,14.46,14.33,14.46,14.52,14.4,14.54,14.57,14.45,14.65,14.69,14.57,5941,0
2025-05-04 05:00:00,0.56,0,0.02,0.04,,,,,14.44,14.69,14.29,14.3,14.57,14.13,14.38,14.68,14.21,14.49,14.76,14.33,14.47,14.7,14.32,14.53,14.79,14.33,14.61,14.89,14.45,14.72,14.93,14.57,5943,0
2025-05-04 04:00:00,0.55,0.1,0.02,0.06,,,,,14.84,15.04,14.7,14.72,14.93,14.58,14.78,15.01,14.69,14.89,15.15,14.8,14.88,15.06,14.79,14.94,15.15,14.82,15.02,15.27,14.92,15.13,15.36,15.04,5943,0
2025-05-04 03:00:00,0.57,0.14,0.07,0.05,,,,,15.26,15.4,15.06,15.15,15.28,14.93,15.22,15.4,15.04,15.35,15.51,15.16,15.32,15.47,15.17,15.39,15.5,15.2,15.46,15.62,15.28,15.56,15.68,15.4,5945,0
2025-05-04 02:00:00,0.57,0.13,0.05,0.04,,,,,15.47,15.52,15.4,15.35,15.39,15.28,15.4,15.42,15.4,15.51,15.54,15.51,15.52,15.53,15.49,15.59,15.62,15.52,15.63,15.65,15.62,15.75,15.75,15.72,5945,0
2025-05-04 01:00:00,0.56,0.05,0.03,0.04,,,,,15.61,15.64,15.52,15.49,15.52,15.4,15.53,15.57,15.49,15.63,15.65,15.57,15.63,15.64,15.54,15.7,15.74,15.62,15.74,15.76,15.67,15.85,15.87,15.77,5947,0
2025-05-04 00:00:00,0.57,0.08,0.04,0.03,,,,,15.64,15.68,15.63,15.46,15.52,15.41,15.52,15.52,15.5,15.62,15.63,15.56,15.57,15.64,15.52,15.62,15.65,15.62,15.68,15.75,15.63,15.78,15.86,15.75,5949,0
2025-05-03 23:00:00,0.53,0.04,0.03,0.03,,,,,15.78,15.87,15.7,15.58,15.65,15.52,15.62,15.74,15.53,15.71,15.79,15.63,15.7,15.76,15.64,15.75,15.84,15.67,15.8,15.87,15.75,15.9,15.97,15.86,5952,0
2025-05-03 22:00:00,0.51,0.04,0.01,0.02,,,,,16.29,16.79,15.87,16.11,16.58,15.69,16.17,16.68,15.75,16.27,16.78,15.83,16.24,16.75,15.76,16.29,16.79,15.85,16.34,16.82,15.87,16.41,16.94,15.98,5954,0
2025-05-03 21:00:00,0.57,,0.03,0.02,,,,,17.39,17.76,16.87,17.26,17.65,16.7,17.3,17.7,16.79,17.41,17.78,16.9,17.4,17.81,16.85,17.44,17.86,16.92,17.48,17.87,16.93,17.52,17.87,17.01,5958,0
2025-05-03 20:00:00,0.59,,0.03,0.03,,,,,17.91,18.12,17.76,17.81,18.01,17.65,17.87,18.12,17.75,17.97,18.23,17.82,17.99,18.23,17.87,18.01,18.2,17.87,18.04,18.24,17.87,18.08,18.33,17.92,5963,3730
2025-05-03 19:00:00,0.59,0.02,0.04,0.04,,,,,18.73,19.45,18.24,18.61,19.39,18.12,18.68,19.42,18.18,18.77,19.53,18.23,18.78,19.54,18.26,18.79,19.52,18.33,18.81,19.53,18.35,18.82,19.53,18.36,5967,6074
2025-05-03 18:00:00,0.59,0.07,0.07,0.04,,,,,19.9,20.31,19.62,19.78,20.12,19.52,19.85,20.25,19.54,19.92,20.28,19.65,19.94,20.33,19.66,19.9,20.23,19.64,19.9,20.24,19.65,19.87,20.17,19.66,5974,6204
2025-05-03 17:00:00,0.59,0.09,0.07,0.04,,,,,19.92,20.31,19.66,19.8,20.12,19.54,19.9,20.25,19.65,19.95,20.27,19.7,20,20.35,19.76,19.96,20.24,19.75,19.94,20.24,19.75,19.91,20.17,19.66,5976,6216
2025-05-03 16:00:00,0.53,0.09,0.06,0.03,,,,,20.22,20.5,19.57,20.12,20.43,19.5,20.19,20.48,19.54,20.23,20.5,19.65,20.27,20.53,19.67,20.21,20.48,19.64,20.16,20.39,19.61,20.12,20.37,19.57,5974,6216
2025-05-03 15:00:00,0.57,0.02,0.05,0.02,,,,,18.68,19.42,18.36,18.56,19.29,18.24,18.63,19.42,18.35,18.71,19.42,18.39,18.74,19.51,18.4,18.73,19.41,18.45,18.74,19.41,18.45,18.73,19.42,18.45,5976,6232
2025-05-03 14:00:00,0.55,0.08,0.06,0.05,,,,,19.86,20.48,18.91,19.8,20.48,18.75,19.87,20.54,18.83,19.95,20.6,18.94,19.96,20.61,18.95,19.91,20.48,18.94,19.9,20.48,18.94,19.83,20.37,18.92,5972,6208
2025-05-03 13:00:00,0.51,0.08,0.04,0.03,,,,,20.92,21.35,20.33,20.88,21.31,20.27,20.97,21.41,20.36,20.96,21.36,20.37,20.96,21.32,20.37,20.83,21.18,20.32,20.74,21.09,20.24,20.62,20.96,20.12,5976,6220
2025-05-03 12:00:00,0.57,0.06,0.05,0.03,,,,,19.77,20.11,19.17,19.77,20.09,19.18,19.87,20.15,19.29,19.91,20.2,19.31,19.93,20.25,19.37,19.86,20.12,19.29,19.78,20.04,19.26,19.71,20,19.18,5976,6244
2025-05-03 11:00:00,0.61,0,0.03,0.02,,,,,18.55,19.06,17.76,18.59,19.07,17.77,18.71,19.18,17.95,18.79,19.28,18.06,18.81,19.31,18.06,18.73,19.2,18,18.7,19.18,18,18.65,19.12,18,5972,6244
2025-05-03 10:00:00,0.54,0.02,0.02,0.02,,,,,16.9,17.76,15.87,16.97,17.79,15.88,17.12,18,16.06,17.23,18.12,16.2,17.24,18.12,16.2,17.22,18.07,16.2,17.22,18.01,16.2,17.23,18,16.28,5967,6228
2025-05-03 09:00:00,0.56,0.06,0.03,0.02,,0,,,14.72,15.75,13.49,14.72,15.75,13.39,14.85,15.91,13.5,14.97,16.04,13.62,14.97,16.1,13.56,14.99,16.1,13.61,15.05,16.1,13.71,15.11,16.2,13.8,5963,6232
2025-05-03 08:00:00,0.54,,,0.01,,,,,12.99,13.39,12.8,12.89,13.29,12.68,12.98,13.39,12.77,13.08,13.5,12.85,13.02,13.48,12.8,13.06,13.49,12.78,13.13,13.62,12.83,13.24,13.72,12.94,5943,6157
2025-05-03 07:00:00,0.54,,,0,,,,,12.9,13.38,12.6,12.77,13.26,12.46,12.82,13.27,12.56,12.94,13.39,12.68,12.85,13.36,12.57,12.89,13.39,12.59,12.95,13.49,12.67,13.08,13.63,12.8,5945,6161
2025-05-03 06:00:00,0.52,0.01,,0.01,,0.01,,,13.76,13.98,13.4,13.67,13.86,13.31,13.74,13.97,13.39,13.86,14.09,13.5,13.8,13.99,13.4,13.88,14.08,13.49,13.93,14.16,13.53,14.06,14.27,13.71,5943,0
2025-05-03 05:00:00,0.52,0.01,,0.02,,0,,,13.83,13.96,13.63,13.72,13.86,13.51,13.77,13.93,13.59,13.87,14.03,13.64,13.82,13.98,13.63,13.89,14.08,13.66,13.95,14.1,13.73,14.06,14.22,13.85,5943,0
2025-05-03 04:00:00,0.56,0.01,,0,,,,,13.65,13.84,13.51,13.51,13.67,13.39,13.57,13.74,13.42,13.67,13.84,13.52,13.59,13.75,13.47,13.64,13.77,13.49,13.69,13.86,13.56,13.8,13.97,13.65,5945,0
2025-05-03 03:00:00,0.53,0.02,,0.01,,0,,,13.91,14.22,13.68,13.73,13.98,13.52,13.77,14.01,13.62,13.86,14.09,13.67,13.77,14.04,13.57,13.81,14.08,13.61,13.84,14.12,13.62,13.95,14.23,13.74,5945,0
2025-05-03 02:00:00,0.57,0,0.01,0.02,,,,,14.38,14.59,14.25,14.14,14.33,14.01,14.16,14.34,14.08,14.25,14.45,14.14,14.18,14.34,14.1,14.22,14.42,14.1,14.26,14.45,14.2,14.41,14.57,14.33,5947,0
2025-05-03 01:00:00,0.56,0.09,0.03,0.05,,,,,15.09,15.64,14.69,14.86,15.4,14.45,14.88,15.4,14.45,14.95,15.51,14.57,14.87,15.43,14.46,14.91,15.5,14.48,14.94,15.51,14.56,15.05,15.63,14.66,5949,0
2025-05-03 00:00:00,0.52,0.04,0.02,0.02,,,,,16.31,16.7,15.75,16.12,16.57,15.52,16.16,16.58,15.52,16.26,16.7,15.64,16.24,16.7,15.61,16.28,16.7,15.62,16.33,16.79,15.64,16.4,16.83,15.75,5952,0
2025-05-02 23:00:00,0.56,0.01,0.04,0.02,,,,,17.17,17.36,16.82,17,17.17,16.68,17.03,17.2,16.69,17.14,17.29,16.81,17.13,17.29,16.79,17.17,17.37,16.79,17.21,17.39,16.83,17.26,17.42,16.94,5954,0
2025-05-02 22:00:00,0.57,0,0.02,0.02,,,,,17.74,18.24,17.39,17.55,18.06,17.17,17.59,18.12,17.17,17.68,18.2,17.29,17.68,18.2,17.29,17.7,18.2,17.32,17.73,18.23,17.39,17.77,18.24,17.41,5958,0
2025-05-02 21:00:00,0.59,0.02,0.04,0.02,,,,,18.77,19.29,18.36,18.62,19.18,18.18,18.67,19.18,18.24,18.74,19.29,18.29,18.75,19.31,18.29,18.77,19.29,18.34,18.78,19.29,18.35,18.8,19.29,18.36,5963,0
2025-05-02 20:00:00,0.57,0.06,0.05,0.03,,,,,20.07,20.91,19.4,19.95,20.83,19.26,20.02,20.84,19.29,20.08,20.95,19.39,20.11,20.96,19.42,20.1,20.94,19.41,20.1,20.92,19.41,20.09,20.84,19.42,5967,1989
2025-05-02 19:00:00,0.53,0.05,0.04,0.03,,,,,21.25,21.43,21.01,21.15,21.31,20.93,21.21,21.39,20.96,21.28,21.43,21.07,21.31,21.44,21.08,21.26,21.42,21.05,21.22,21.43,20.97,21.18,21.31,20.96,5972,6181
2025-05-02 18:00:00,0.55,0.02,0.07,0.05,,0,,,21.96,22.26,21.66,21.88,22.25,21.54,21.96,22.26,21.61,21.98,22.28,21.66,22.03,22.37,21.68,21.95,22.24,21.65,21.89,22.16,21.61,21.82,22.12,21.55,5974,6153
2025-05-02 17:00:00,0.55,0.01,0.05,0.03,,0,,,22.43,22.73,21.78,22.36,22.72,21.67,22.43,22.73,21.78,22.45,22.8,21.78,22.49,22.85,21.83,22.42,22.72,21.77,22.36,22.67,21.77,22.25,22.51,21.67,5976,6220
2025-05-02 16:00:00,0.56,,0.04,0.02,,,,,22.82,22.85,22.73,22.77,22.84,22.73,22.83,22.87,22.77,22.88,22.94,22.85,22.93,22.97,22.85,22.83,22.84,22.78,22.75,22.8,22.73,22.61,22.64,22.61,5978,6220
2025-05-02 15:00:00,0.55,0.01,0.07,0.04,,,,,22.21,22.61,21.79,22.2,22.61,21.78,22.28,22.72,21.9,22.29,22.73,21.9,22.35,22.75,22,22.23,22.68,21.89,22.16,22.61,21.79,22.07,22.49,21.76,5978,6236
2025-05-02 14:00:00,0.52,0.03,0.05,0.04,,,,,21.44,21.7,20.84,21.46,21.75,20.85,21.53,21.78,20.96,21.58,21.88,21.01,21.63,21.91,21.07,21.53,21.79,20.94,21.47,21.76,20.87,21.4,21.67,20.83,5976,6232
2025-05-02 13:00:00,0.51,0.09,0.05,0.03,,,,,20.7,21.08,20.37,20.71,21.08,20.37,20.81,21.19,20.48,20.84,21.19,20.51,20.88,21.2,20.59,20.77,21.09,20.48,20.74,21.07,20.48,20.65,20.96,20.4,5976,6236
2025-05-02 12:00:00,0.58,0.03,0.04,0.02,,,,,19.37,20.25,18.45,19.37,20.25,18.45,19.44,20.31,18.59,19.5,20.36,18.66,19.53,20.37,18.7,19.45,20.26,18.61,19.4,20.24,18.59,19.37,20.18,18.59,5974,6236
2025-05-02 11:00:00,0.55,0.02,0.02,0.02,,,,,17.16,18.33,15.98,17.16,18.34,15.98,17.28,18.45,16.09,17.37,18.45,16.2,17.38,18.48,16.2,17.35,18.45,16.2,17.36,18.45,16.2,17.41,18.45,16.32,5970,6232
2025-05-02 10:00:00,0.55,0.12,0.05,0.04,,,,,15.21,15.73,14.93,15.16,15.72,14.81,15.27,15.84,14.92,15.4,15.96,15.04,15.38,15.95,15.04,15.43,15.98,15.04,15.47,15.99,15.15,15.55,16.09,15.21,5963,6244
2025-05-02 09:00:00,0.55,0.07,0.02,0.05,,,,,14.74,14.81,14.69,14.64,14.77,14.57,14.72,14.81,14.68,14.83,14.92,14.78,14.81,14.93,14.71,14.87,15.02,14.79,14.96,15.04,14.91,15.07,15.16,15.01,5952,6200
2025-05-02 08:00:00,0.55,0.02,0.01,0.05,,,,,14.66,14.69,14.57,14.55,14.57,14.45,14.65,14.69,14.56,14.72,14.8,14.61,14.69,14.75,14.58,14.77,14.8,14.68,14.87,14.92,14.69,14.97,15.04,14.81,5945,2147
2025-05-02 07:00:00,0.53,0.01,0.01,0.05,,,,,14.5,14.57,14.45,14.37,14.45,14.33,14.46,14.57,14.42,14.56,14.63,14.5,14.52,14.58,14.46,14.6,14.68,14.56,14.64,14.68,14.57,14.75,14.82,14.69,5945,4609
2025-05-02 06:00:00,0.55,0.03,0.01,0.04,,,,,14.62,14.93,14.55,14.42,14.73,14.33,14.51,14.81,14.44,14.61,14.89,14.55,14.54,14.82,14.46,14.62,14.91,14.56,14.66,14.94,14.57,14.76,15.04,14.69,5947,0
2025-05-02 05:00:00,0.56,0.12,0.04,0.06,,,,,15.16,15.39,15.04,14.99,15.16,14.81,15.02,15.19,14.91,15.12,15.29,14.97,15.09,15.29,14.93,15.12,15.3,15.02,15.19,15.37,15.04,15.28,15.4,15.16,5949,0
2025-05-02 04:00:00,0.56,0.09,0.05,0.02,,,,,15.61,15.83,15.4,15.44,15.64,15.24,15.48,15.71,15.28,15.58,15.78,15.39,15.53,15.76,15.31,15.58,15.79,15.39,15.63,15.87,15.39,15.72,15.88,15.52,5949,0
2025-05-02 03:00:00,0.52,0.03,0.03,0.01,,,,,16.53,17.17,15.87,16.39,17.04,15.75,16.41,17.04,15.75,16.51,17.17,15.87,16.49,17.16,15.8,16.52,17.16,15.86,16.57,17.2,15.87,16.65,17.29,15.98,5952,0
2025-05-02 02:00:00,0.58,0,0.01,0.01,,0.01,,,17.54,17.87,17.24,17.37,17.7,17.06,17.42,17.76,17.12,17.5,17.81,17.18,17.48,17.79,17.18,17.51,17.86,17.26,17.54,17.87,17.29,17.59,17.89,17.32,5954,0
2025-05-02 01:00:00,0.57,,0.04,0.03,,,,,18.25,18.42,17.95,18.1,18.24,17.77,18.14,18.32,17.87,18.22,18.35,17.92,18.22,18.37,17.89,18.22,18.34,17.95,18.24,18.35,17.99,18.27,18.42,18,5954,0
2025-05-02 00:00:00,0.58,0.01,0.05,0.04,,,,,18.28,18.39,18,18.1,18.24,17.76,18.13,18.24,17.76,18.17,18.34,17.78,18.17,18.35,17.77,18.16,18.33,17.75,18.17,18.35,17.76,18.21,18.36,17.76,5956,0
2025-05-01 23:00:00,0.61,,0.01,0.01,,,,,17.9,18,17.87,17.63,17.65,17.57,17.58,17.64,17.53,17.62,17.7,17.52,17.53,17.65,17.43,17.48,17.62,17.4,17.48,17.64,17.35,17.5,17.65,17.41,5961,0
2025-05-01 22:00:00,0.58,0.01,0.03,0.02,,,,,18.79,19.52,18.1,18.48,19.18,17.76,18.45,19.18,17.7,18.46,19.18,17.75,18.38,19.1,17.62,18.3,19.04,17.51,18.23,18.94,17.5,18.21,18.83,17.53,5963,0
2025-05-01 21:00:00,0.55,0.07,0.05,0.02,,0,,,20.42,21.31,19.64,20.12,21.07,19.29,20.1,21.06,19.29,20.13,21.06,19.29,20.06,20.96,19.2,19.96,20.83,19.16,19.87,20.72,19.06,19.77,20.6,18.95,5967,0
2025-05-01 20:00:00,0.55,0.01,0.04,0.02,,,,,22.63,23.91,21.44,22.39,23.68,21.19,22.38,23.67,21.19,22.35,23.67,21.19,22.3,23.59,21.1,22.17,23.43,20.99,22.04,23.32,20.86,21.89,23.09,20.73,5972,2036
2025-05-01 19:00:00,0.5,0,0.03,0.03,,,,,24.42,24.62,24.05,24.26,24.48,23.91,24.24,24.4,23.91,24.19,24.38,23.84,24.17,24.36,23.8,23.97,24.14,23.66,23.8,23.92,23.49,23.57,23.68,23.32,5976,6157
2025-05-01 18:00:00,0.51,,0.05,0.01,,,,,24.74,24.86,24.64,24.59,24.72,24.5,24.55,24.64,24.5,24.5,24.62,24.38,24.47,24.62,24.39,24.24,24.37,24.14,24.05,24.14,23.95,23.81,23.91,23.68,5978,6196
2025-05-01 17:00:00,0.5,0.04,0.05,,,,,,24.96,24.98,24.86,24.81,24.86,24.73,24.78,24.84,24.65,24.72,24.74,24.62,24.7,24.75,24.63,24.47,24.49,24.37,24.25,24.27,24.16,24.01,24.03,23.92,5981,6204
2025-05-01 16:00:00,0.5,0.02,0.04,0.01,,,,,24.52,24.88,24.03,24.4,24.79,23.91,24.4,24.75,23.91,24.34,24.74,23.83,24.3,24.72,23.8,24.06,24.49,23.55,23.86,24.26,23.39,23.61,24.03,23.12,5981,6228
2025-05-01 15:00:00,0.51,,0.03,,,,,,23.63,23.95,22.97,23.54,23.85,22.86,23.54,23.88,22.88,23.47,23.79,22.85,23.44,23.77,22.83,23.21,23.55,22.6,23.04,23.32,22.47,22.8,23.09,22.21,5981,6236
2025-05-01 14:00:00,0.55,,0.04,0.01,,0,,,22.74,22.97,22.49,22.67,22.85,22.39,22.68,22.85,22.45,22.64,22.85,22.37,22.6,22.79,22.38,22.39,22.6,22.19,22.22,22.48,22.02,22,22.25,21.8,5981,6236
2025-05-01 13:00:00,0.52,0.03,0.04,0.02,,,,,21.65,22.6,20.51,21.61,22.52,20.52,21.65,22.51,20.6,21.6,22.45,20.6,21.6,22.48,20.61,21.42,22.24,20.52,21.3,22.02,20.48,21.13,21.79,20.37,5981,6236
2025-05-01 12:00:00,0.56,0.04,0.04,0.02,,,,,19.46,20.45,18.83,19.47,20.42,18.85,19.56,20.48,18.94,19.62,20.48,19.06,19.65,20.49,19.09,19.58,20.35,19.06,19.53,20.29,19.06,19.44,20.2,18.95,5976,6228
2025-05-01 11:00:00,0.58,0.01,0.03,0.01,,,,,18.06,18.7,17.43,18.08,18.73,17.53,18.19,18.85,17.64,18.3,18.94,17.75,18.33,18.95,17.77,18.33,18.94,17.75,18.33,18.94,17.76,18.33,18.86,17.76,5974,6236
2025-05-01 10:00:00,0.54,,0.01,0.01,,,,,16.99,17.41,16.23,17.04,17.41,16.23,17.17,17.53,16.37,17.28,17.64,16.49,17.31,17.66,16.51,17.31,17.69,16.56,17.32,17.67,16.58,17.34,17.73,16.58,5970,6224
2025-05-01 09:00:00,0.54,0.08,0.02,0.02,,,,,15.61,16.17,14.92,15.64,16.23,14.92,15.76,16.34,15.03,15.89,16.45,15.16,15.9,16.45,15.17,15.91,16.45,15.16,15.95,16.52,15.23,15.99,16.57,15.28,5963,6204
2025-05-01 08:00:00,0.53,0.01,0.01,0.02,,,,,14.1,14.7,13.82,14.04,14.69,13.74,14.15,14.81,13.84,14.28,14.94,13.96,14.25,14.94,13.87,14.31,15.02,13.97,14.39,15.04,14.07,14.46,15.07,14.11,5958,6220
2025-05-01 07:00:00,0.54,0,,0.02,,0.01,,,13.84,13.87,13.78,13.79,13.85,13.74,13.86,13.92,13.79,13.99,14.05,13.97,13.95,13.98,13.87,14.04,14.08,13.97,14.09,14.17,14.03,14.19,14.22,14.1,5947,2091
2025-05-01 06:00:00,0.51,,,0.01,,0.01,,,13.75,13.8,13.74,13.72,13.75,13.65,13.79,13.86,13.74,13.92,13.98,13.86,13.87,13.93,13.86,13.95,13.97,13.87,13.99,14.08,13.96,14.09,14.14,14,5947,0
2025-05-01 05:00:00,0.53,0.01,,0.03,,0,,,13.86,13.98,13.75,13.76,13.86,13.74,13.86,13.91,13.81,13.97,14,13.92,13.91,13.98,13.87,13.98,14.07,13.97,14.07,14.09,13.98,14.16,14.22,14.1,5947,0
2025-05-01 04:00:00,0.53,0.01,0.01,,,0,,,14.04,14.1,13.98,13.92,13.97,13.87,13.98,13.99,13.98,14.09,14.1,14.09,14.09,14.1,14.04,14.13,14.18,14.08,14.21,14.21,14.2,14.33,14.33,14.32,5949,0
2025-05-01 03:00:00,0.5,,,0,,0.01,,,14.1,14.13,14.08,13.98,14.08,13.94,14.05,14.1,13.98,14.15,14.22,14.09,14.11,14.22,14.08,14.16,14.23,14.08,14.23,14.32,14.21,14.34,14.39,14.33,5949,0
2025-05-01 02:00:00,0.57,,,0.02,,,,,14.24,14.33,14.16,14.17,14.22,14.09,14.2,14.24,14.11,14.32,14.37,14.23,14.28,14.34,14.22,14.32,14.42,14.26,14.38,14.45,14.33,14.45,14.53,14.37,5952,0
2025-05-01 01:00:00,0.57,,,0.01,,,,,14.38,14.51,14.33,14.28,14.35,14.22,14.35,14.45,14.31,14.46,14.52,14.41,14.41,14.46,14.34,14.46,14.56,14.43,14.51,14.57,14.45,14.59,14.68,14.55,5952,0
2025-05-01 00:00:00,0.54,0.01,0.01,0.02,,,,,14.59,14.69,14.46,14.42,14.51,14.33,14.51,14.57,14.45,14.59,14.69,14.53,14.54,14.59,14.46,14.61,14.68,14.54,14.64,14.71,14.57,14.73,14.81,14.67,5954,0
2025-04-30 23:00:00,0.55,0.1,0,0.04,,,,,14.82,14.93,14.69,14.66,14.7,14.55,14.69,14.81,14.58,14.79,14.83,14.69,14.74,14.81,14.61,14.79,14.88,14.68,14.86,14.93,14.73,14.95,15.04,14.82,5954,0
2025-04-30 22:00:00,0.54,0.11,0.01,0.03,,,,,15.03,15.16,14.93,14.84,14.93,14.72,14.87,14.98,14.81,14.96,15.04,14.89,14.93,15.05,14.81,14.97,15.08,14.91,15.02,15.16,14.92,15.1,15.21,15.04,5958,0
2025-04-30 21:00:00,0.55,0.1,0.03,0.02,,,,,15.49,15.87,15.16,15.3,15.68,14.97,15.35,15.75,15.04,15.45,15.83,15.14,15.41,15.77,15.05,15.46,15.86,15.15,15.51,15.87,15.16,15.6,15.99,15.28,5961,0
2025-04-30 20:00:00,0.51,0.04,0.01,0,,,,,16.21,16.49,15.89,16.05,16.34,15.75,16.1,16.44,15.75,16.21,16.51,15.87,16.19,16.45,15.87,16.24,16.57,15.89,16.28,16.58,15.99,16.36,16.66,16.01,5965,1851
2025-04-30 19:00:00,0.52,0,0.03,0.02,,,,,16.86,17.04,16.58,16.73,16.94,16.45,16.79,17,16.45,16.9,17.07,16.58,16.89,17.06,16.58,16.93,17.14,16.61,16.96,17.17,16.69,17.02,17.18,16.7,5970,2080
2025-04-30 18:00:00,0.57,0,0.01,0.01,,,,,17.34,17.48,17.12,17.2,17.29,16.95,17.27,17.41,17.04,17.37,17.51,17.17,17.37,17.52,17.18,17.4,17.51,17.16,17.42,17.52,17.2,17.48,17.56,17.28,5974,6185
2025-04-30 17:00:00,0.58,0,,0.01,,,,,17.47,18.12,17.29,17.33,18,17.15,17.4,18,17.17,17.5,18.12,17.29,17.49,18.12,17.29,17.53,18.14,17.28,17.56,18.2,17.35,17.59,18.24,17.41,5981,6236
2025-04-30 16:00:00,0.56,0.05,0.03,0.02,,,,,19.4,20.6,18.35,19.28,20.5,18.18,19.34,20.59,18.24,19.43,20.6,18.35,19.43,20.61,18.36,19.43,20.59,18.34,19.4,20.48,18.35,19.35,20.37,18.39,5976,6200
2025-04-30 15:00:00,0.5,0.05,0.02,0.01,,,,,21,21.15,20.76,20.89,21.05,20.67,20.94,21.07,20.72,20.97,21.08,20.72,20.98,21.1,20.73,20.9,21.06,20.69,20.84,20.95,20.6,20.72,20.84,20.48,5981,6161
2025-04-30 14:00:00,0.53,0.05,0.03,0.01,,,,,21.26,21.42,21.19,21.19,21.31,21.1,21.25,21.31,21.19,21.28,21.33,21.19,21.31,21.36,21.21,21.23,21.3,21.16,21.15,21.24,21.07,21.04,21.19,20.95,5981,6220
2025-04-30 13:00:00,0.52,0.02,0.03,0.01,,,,,21.4,21.64,21.22,21.37,21.59,21.19,21.44,21.66,21.31,21.46,21.66,21.31,21.47,21.67,21.31,21.36,21.54,21.18,21.26,21.42,21.07,21.13,21.19,20.96,5981,6248
2025-04-30 12:00:00,0.5,0.07,0.02,0.02,,,,,20.94,21.31,20.35,20.97,21.31,20.37,21.06,21.42,20.48,21.06,21.43,20.48,21.07,21.44,20.49,20.94,21.3,20.35,20.82,21.19,20.24,20.67,21.07,20.12,5981,6248
2025-04-30 11:00:00,0.57,0.02,0.03,0.01,,,,,18.91,20.08,17.87,18.96,20.12,17.99,19.08,20.25,18.12,19.13,20.24,18.2,19.15,20.25,18.2,19.07,20.12,18.14,19.02,20.04,18.11,18.95,19.91,18.12,5981,6255
2025-04-30 10:00:00,0.51,0.02,0.01,0,,,,,16.8,17.77,15.89,16.88,17.87,15.99,17.02,18,16.1,17.12,18.12,16.2,17.13,18.12,16.23,17.12,18.08,16.2,17.11,18,16.2,17.13,18,16.26,5974,6248
2025-04-30 09:00:00,0.55,0.07,0.02,0.02,,,,,14.76,15.64,13.86,14.8,15.75,13.8,14.93,15.87,13.9,15.06,15.99,14.01,15.06,16,14,15.08,16.01,14.08,15.11,16.04,14.09,15.18,16.11,14.22,5963,6232
2025-04-30 08:00:00,0.53,,,,,,,,13.06,13.61,12.8,12.96,13.57,12.68,13.03,13.67,12.76,13.15,13.8,12.85,13.08,13.75,12.8,13.15,13.85,12.81,13.2,13.86,12.9,13.32,13.98,13.03,5956,6216
2025-04-30 07:00:00,0.53,,,,,,,,12.74,12.81,12.68,12.59,12.68,12.47,12.63,12.78,12.53,12.72,12.85,12.62,12.64,12.8,12.56,12.71,12.85,12.61,12.76,12.91,12.67,12.88,13.03,12.8,5947,772
2025-04-30 06:00:00,0.54,,,,,,,,12.68,12.81,12.52,12.47,12.63,12.32,12.48,12.68,12.32,12.57,12.78,12.44,12.47,12.68,12.25,12.49,12.72,12.3,12.55,12.8,12.32,12.66,12.92,12.41,5949,0
2025-04-30 05:00:00,0.54,,,,,,,,13.02,13.37,12.56,12.73,13.03,12.32,12.73,13.03,12.32,12.79,13.05,12.44,12.66,12.92,12.3,12.65,12.91,12.31,12.66,12.91,12.32,12.77,13.04,12.4,5952,0
2025-04-30 04:00:00,0.52,0.01,,0,,,,,13.76,14.1,13.39,13.48,13.83,13.15,13.46,13.81,13.07,13.52,13.86,13.15,13.39,13.75,12.99,13.39,13.73,13,13.4,13.75,12.98,13.5,13.86,13.07,5952,0
2025-04-30 03:00:00,0.54,0.03,0,0.01,,0,,,14.68,15.27,14.17,14.41,15.01,13.86,14.39,14.97,13.86,14.45,15.04,13.9,14.33,14.93,13.77,14.33,14.93,13.8,14.33,14.94,13.85,14.42,15.01,13.88,5954,0
2025-04-30 02:00:00,0.53,0.07,0.01,0.02,,,,,15.92,16.45,15.38,15.69,16.23,15.13,15.69,16.2,15.11,15.77,16.34,15.16,15.7,16.26,15.06,15.71,16.32,15.08,15.72,16.33,15.05,15.77,16.35,15.14,5954,0
2025-04-30 01:00:00,0.54,0.01,0.02,0.01,,,,,16.94,17.36,16.45,16.72,17.17,16.23,16.74,17.17,16.25,16.81,17.27,16.34,16.76,17.19,16.31,16.79,17.26,16.33,16.8,17.26,16.34,16.83,17.29,16.36,5956,0
2025-04-30 00:00:00,0.57,0.01,0.04,0.01,,,,,17.35,17.41,17.29,17.1,17.17,17.02,17.09,17.17,16.98,17.15,17.29,17.04,17.1,17.24,16.95,17.08,17.27,16.92,17.07,17.29,16.93,17.1,17.29,16.94,5958,0
2025-04-29 23:00:00,0.56,0,0.01,0,,,,,17.77,18.7,17.28,17.44,18.36,16.94,17.41,18.35,16.93,17.45,18.42,16.93,17.35,18.36,16.82,17.3,18.33,16.79,17.24,18.23,16.69,17.25,18.24,16.74,5961,0
2025-04-29 22:00:00,0.55,0.05,0.03,0.01,,,,,19.73,20.48,18.87,19.5,20.31,18.59,19.49,20.29,18.59,19.56,20.36,18.62,19.53,20.37,18.59,19.5,20.33,18.57,19.44,20.24,18.48,19.41,20.24,18.45,5963,0
2025-04-29 21:00:00,0.52,0.04,0.03,0.01,,,,,21.19,21.78,20.6,21.01,21.64,20.4,21.02,21.66,20.42,21.08,21.66,20.48,21.08,21.67,20.49,21.02,21.65,20.45,20.97,21.54,20.36,20.89,21.43,20.36,5965,0
2025-04-29 20:00:00,0.56,0.01,0.05,0.02,,,,,22.68,23.45,21.91,22.53,23.32,21.78,22.54,23.32,21.78,22.54,23.33,21.8,22.56,23.35,21.83,22.47,23.2,21.77,22.37,23.08,21.66,22.22,22.96,21.56,5970,1981
2025-04-29 19:00:00,0.5,0.01,0.03,0.01,,,,,24.12,24.56,23.57,24,24.45,23.44,24,24.46,23.44,23.98,24.39,23.44,23.98,24.39,23.45,23.82,24.22,23.31,23.66,24.03,23.2,23.45,23.8,23.01,5972,6169
2025-04-29 18:00:00,0.52,0.03,0.03,,,,,,24.79,24.86,24.62,24.68,24.76,24.5,24.68,24.75,24.5,24.65,24.74,24.5,24.61,24.71,24.44,24.4,24.49,24.25,24.19,24.26,24.03,23.92,24.03,23.81,5974,6185
2025-04-29 17:00:00,0.51,0.03,0.05,,,,,,24.83,24.97,24.71,24.73,24.86,24.6,24.7,24.84,24.5,24.65,24.74,24.49,24.61,24.75,24.39,24.34,24.49,24.14,24.1,24.26,23.89,23.8,23.93,23.56,5976,6189
2025-04-29 16:00:00,0.48,,0.02,0,,,,,24.13,24.62,23.69,24.02,24.5,23.58,24,24.49,23.59,23.93,24.38,23.56,23.87,24.34,23.45,23.62,24.03,23.24,23.4,23.79,23.07,23.11,23.48,22.75,5976,6196
2025-04-29 15:00:00,0.47,0.01,0.01,,,,,,23.87,24.01,23.7,23.78,23.91,23.62,23.79,23.91,23.62,23.73,23.89,23.56,23.67,23.8,23.5,23.43,23.56,23.29,23.23,23.41,23.07,22.97,23.12,22.82,5978,6204
2025-04-29 14:00:00,0.5,,0.02,,,,,,23.48,23.9,22.73,23.4,23.79,22.72,23.39,23.79,22.73,23.29,23.72,22.61,23.24,23.68,22.5,22.96,23.43,22.24,22.73,23.2,22.02,22.46,22.95,21.77,5978,6224
2025-04-29 13:00:00,0.53,0.01,0.04,0.03,,,,,21.73,22.52,21.2,21.67,22.49,21.21,21.71,22.49,21.31,21.64,22.37,21.31,21.6,22.26,21.28,21.42,22.01,21.15,21.22,21.79,20.97,20.97,21.55,20.76,5976,6232
2025-04-29 12:00:00,0.48,0.06,0.02,0.01,,,,,20.89,21.11,20.48,20.92,21.16,20.54,21.02,21.19,20.64,21.08,21.28,20.72,21.13,21.32,20.83,21.04,21.2,20.72,20.97,21.15,20.72,20.84,21,20.59,5970,6220
2025-04-29 11:00:00,0.56,0.06,0.03,0,,0,,,19.61,20.36,18.7,19.56,20.42,18.36,19.64,20.53,18.35,19.76,20.6,18.51,20.01,20.73,19.08,20.15,20.66,19.52,20.2,20.6,19.7,20.14,20.48,19.77,5963,6216
2025-04-29 10:00:00,0.53,1.82,2,0.56,0.21,0.17,0.25,0.36,16.9,18.44,15.18,16.34,17.89,14.67,16.39,18,14.55,16.44,18,14.44,17.36,18.83,15.29,17.99,19.41,15.93,18.39,19.57,16.69,18.78,19.66,17.65,5949,1950
2025-04-29 09:00:00,0.51,1.77,1.92,0.54,0.19,0.18,0.22,0.35,13.11,14.81,11.85,12.81,14.24,11.75,12.76,14.13,11.83,12.74,14.08,11.85,13,14.81,11.74,13.27,15.36,11.83,13.54,16.2,11.85,13.95,17.4,12.07,5947,2162
2025-04-29 08:00:00,0.41,1.69,1.86,0.51,0.16,0.07,0.14,0.28,11.14,11.73,10.67,11.23,11.67,10.91,11.33,11.73,11.06,11.43,11.75,11.19,11.12,11.66,10.67,11.02,11.71,10.42,11.03,11.75,10.35,11.17,11.94,10.44,5947,1170
2025-04-29 07:00:00,0.38,1.64,1.85,0.49,0.12,0.05,0.1,0.24,10.72,10.85,10.63,10.97,11.12,10.91,11.14,11.27,11.02,11.32,11.49,11.21,10.78,10.93,10.67,10.42,10.54,10.32,10.36,10.5,10.3,10.44,10.55,10.34,5949,453
2025-04-29 06:00:00,0.38,1.69,1.86,0.53,0.15,0.05,0.12,0.24,11.06,11.26,10.91,11.34,11.59,11.14,11.55,11.85,11.33,11.74,11.98,11.49,11.21,11.5,10.95,10.79,11.01,10.57,10.73,11.01,10.55,10.83,11.08,10.61,5949,0
2025-04-29 05:00:00,0.45,1.71,1.9,0.51,0.19,0.09,0.15,0.26,11.66,11.97,11.38,11.93,12.22,11.61,12.15,12.48,11.85,12.36,12.68,12.07,11.85,12.2,11.53,11.4,11.72,11.11,11.34,11.65,11.03,11.43,11.73,11.13,5952,0
2025-04-29 04:00:00,0.5,1.71,1.9,0.53,0.18,0.15,0.2,0.32,12.34,12.68,12.02,12.64,13,12.32,12.86,13.19,12.56,13.07,13.39,12.73,12.55,12.92,12.21,12.1,12.43,11.75,12.05,12.41,11.73,12.15,12.49,11.84,5954,0
2025-04-29 03:00:00,0.47,1.73,1.92,0.54,0.17,0.14,0.19,0.31,13.09,13.39,12.8,13.37,13.7,13.03,13.6,13.91,13.27,13.82,14.2,13.5,13.28,13.63,12.93,12.83,13.14,12.53,12.79,13.15,12.44,12.9,13.26,12.56,5954,0
2025-04-29 02:00:00,0.47,1.75,1.95,0.58,0.21,0.15,0.19,0.32,13.81,14.27,13.4,14.11,14.57,13.74,14.36,14.82,13.98,14.64,15.15,14.21,14.08,14.58,13.67,13.64,14.09,13.25,13.59,14.09,13.15,13.7,14.22,13.27,5956,0
2025-04-29 01:00:00,0.49,1.84,1.97,0.56,0.23,0.17,0.26,0.39,14.82,15.18,14.33,15.12,15.52,14.69,15.38,15.85,14.92,15.71,16.2,15.22,15.16,15.64,14.69,14.7,15.05,14.21,14.64,15.04,14.2,14.75,15.15,14.27,5958,0
2025-04-29 00:00:00,0.47,1.77,1.96,0.54,0.21,0.15,0.24,0.34,15.9,16.58,15.28,16.28,16.94,15.64,16.55,17.29,15.95,16.92,17.65,16.29,16.37,17.16,15.75,15.78,16.45,15.15,15.71,16.45,15.13,15.84,16.58,15.23,5961,0
2025-04-28 23:00:00,0.48,1.76,1.99,0.56,0.23,0.15,0.23,0.33,17.68,18.75,16.7,18.09,19.09,17.14,18.42,19.45,17.43,18.87,19.9,17.87,18.33,19.42,17.29,17.7,18.9,16.69,17.64,18.82,16.58,17.77,18.94,16.7,5963,0
2025-04-28 22:00:00,0.52,1.82,1.99,0.56,0.19,0.15,0.2,0.35,19.81,20.71,18.95,20.14,20.96,19.29,20.48,21.31,19.65,20.99,21.87,20.12,20.55,21.44,19.65,20.09,21.06,19.1,20.01,20.95,19.04,20.07,20.96,19.16,5965,0
2025-04-28 21:00:00,0.49,1.77,2.01,0.55,0.2,0.17,0.2,0.36,21.94,22.98,20.84,22.21,23.2,21.19,22.48,23.44,21.5,23,23.91,22.02,22.67,23.68,21.62,22.39,23.55,21.2,22.34,23.55,21.12,22.34,23.45,21.19,5967,0
2025-04-28 20:00:00,0.47,1.8,2.02,0.56,0.17,0.2,0.18,0.36,24.41,25.75,23.2,24.49,25.66,23.4,24.6,25.63,23.56,24.97,25.92,24.04,24.9,26.05,23.81,25,26.38,23.77,25.02,26.45,23.67,24.99,26.4,23.68,5970,0
2025-04-28 19:00:00,0.45,1.75,2.02,0.53,0.12,0.23,0.16,0.29,26.79,27.58,25.92,26.51,27.11,25.81,26.39,26.87,25.8,26.52,26.9,26.04,26.92,27.58,26.17,27.45,28.27,26.57,27.58,28.41,26.64,27.51,28.33,26.63,5970,460
2025-04-28 18:00:00,0.46,1.73,2,0.51,0.13,0.1,0.19,0.31,27.85,28.41,27.58,27.34,27.81,27.11,27.07,27.34,26.9,27.07,27.23,26.98,27.84,28.29,27.61,28.62,29.22,28.28,28.87,29.5,28.52,28.76,29.37,28.41,5970,653
2025-04-28 17:00:00,0.46,1.76,2.04,0.53,0.14,0.14,0.22,0.29,28.59,28.76,28.29,27.7,27.93,27.36,27.21,27.46,26.9,27.01,27.26,26.75,28.29,28.49,27.96,29.33,29.56,29.01,29.7,29.88,29.46,29.55,29.72,29.27,5970,523
2025-04-28 16:00:00,0.48,1.75,2.03,0.55,0.14,0.1,0.19,0.31,28.03,28.25,27.56,27.02,27.34,26.43,26.6,26.87,26.21,26.42,26.7,26.05,27.72,27.94,27.35,28.75,28.99,28.28,29.16,29.35,28.76,29.03,29.24,28.53,5970,579
2025-04-28 15:00:00,0.46,1.82,2.08,0.58,0.12,0.18,0.2,0.32,26.92,27.38,26.73,25.97,26.28,25.83,25.69,26.05,25.42,25.48,25.92,25.09,26.79,27.23,26.52,27.83,28.16,27.68,28.28,28.64,28.16,28.11,28.41,27.94,5967,642
2025-04-28 14:00:00,0.52,1.84,2.04,0.56,0.17,0.31,0.2,0.34,25.87,26.66,24.98,24.96,25.77,24.15,24.54,25.33,23.77,24.26,24.97,23.56,25.7,26.52,24.86,26.79,27.68,25.79,27.21,28.14,26.21,27.09,27.95,26.08,5967,713
2025-04-28 13:00:00,0.51,1.81,2.02,0.57,0.18,0.23,0.23,0.42,24.08,24.86,23.26,23.27,24.03,22.49,22.89,23.65,22.14,22.72,23.44,21.94,23.92,24.75,23.09,24.78,25.67,23.89,25.14,26.08,24.2,25.05,25.98,24.15,5963,783
2025-04-28 12:00:00,0.54,1.91,2.1,0.6,0.2,0.2,0.24,0.4,22.13,23.09,21.08,21.39,22.37,20.37,21.09,22.02,20.16,20.99,21.83,20.12,22.02,22.97,21.06,22.72,23.67,21.65,23,24.03,21.9,22.95,23.92,21.9,5961,996
2025-04-28 11:00:00,0.55,2.08,2.25,0.6,0.25,0.17,0.29,0.38,19.7,20.84,18.53,19.14,20.2,18,19.05,20.01,18.12,18.99,19.89,18.12,19.89,20.84,19.07,20.53,21.44,19.76,20.79,21.71,20.01,20.81,21.67,20.12,5958,1713
2025-04-28 10:00:00,0.53,2.07,2.23,0.58,0.22,0.17,0.34,0.38,16.64,18.29,14.81,16.13,17.77,14.3,16.37,17.99,14.33,16.41,17.98,14.33,17.44,18.95,15.17,18.21,19.64,15.98,18.61,19.93,16.81,19.19,20.01,18.29,5954,2052
2025-04-28 09:00:00,0.52,2.01,2.14,0.57,0.22,0.18,0.38,0.35,12.88,14.39,11.61,12.62,13.97,11.5,12.65,13.98,11.58,12.66,13.91,11.63,13.04,14.66,11.78,13.46,15.27,12.07,13.7,16.12,12.15,14.27,18,12.44,5954,2202
2025-04-28 08:00:00,0.41,1.91,2.04,0.49,0.17,0.08,0.3,0.27,10.48,11.39,9.84,10.55,11.29,10.08,10.66,11.38,10.18,10.79,11.49,10.33,10.59,11.62,9.85,10.63,11.83,9.68,10.62,11.88,9.6,10.84,12.21,9.68,5952,2060
2025-04-28 07:00:00,0.37,1.86,2.01,0.45,0.16,0.05,0.28,0.23,9.87,10.06,9.72,10.13,10.31,10,10.3,10.48,10.18,10.47,10.67,10.31,9.93,10.08,9.82,9.62,9.81,9.53,9.55,9.72,9.47,9.62,9.81,9.49,5954,728
2025-04-28 06:00:00,0.39,1.91,2.04,0.49,0.17,0.07,0.28,0.24,10.24,10.44,10.08,10.53,10.79,10.31,10.74,10.93,10.55,10.92,11.15,10.68,10.35,10.56,10.14,10.02,10.24,9.83,9.94,10.18,9.72,10.02,10.24,9.84,5954,0
2025-04-28 05:00:00,0.36,1.92,2.07,0.53,0.15,0.06,0.26,0.24,10.79,11.1,10.54,11.08,11.38,10.79,11.28,11.61,11.02,11.5,11.85,11.23,10.92,11.27,10.65,10.55,10.89,10.3,10.48,10.8,10.18,10.56,10.91,10.31,5956,0
2025-04-28 04:00:00,0.4,1.95,2.11,0.54,0.2,0.08,0.28,0.26,11.45,11.74,11.14,11.72,12.07,11.42,11.93,12.28,11.63,12.18,12.55,11.86,11.63,11.97,11.34,11.24,11.6,10.9,11.18,11.49,10.9,11.26,11.61,10.94,5958,0
2025-04-28 03:00:00,0.49,1.96,2.11,0.55,0.23,0.16,0.33,0.32,12.13,12.44,11.85,12.42,12.8,12.09,12.66,13.02,12.32,12.9,13.27,12.56,12.34,12.68,12.03,11.92,12.19,11.6,11.86,12.19,11.6,11.94,12.24,11.64,5958,0
2025-04-28 02:00:00,0.47,1.98,2.14,0.57,0.2,0.15,0.34,0.32,12.91,13.27,12.53,13.21,13.62,12.8,13.45,13.86,13.04,13.73,14.17,13.33,13.19,13.63,12.8,12.66,13.06,12.27,12.63,13.05,12.2,12.72,13.15,12.32,5961,0
2025-04-28 01:00:00,0.47,2,2.18,0.61,0.25,0.17,0.35,0.33,13.82,14.33,13.39,14.16,14.69,13.69,14.44,14.93,13.96,14.74,15.28,14.21,14.19,14.69,13.73,13.64,14.16,13.14,13.62,14.09,13.15,13.7,14.22,13.22,5963,0
2025-04-28 00:00:00,0.49,2.09,2.21,0.58,0.25,0.17,0.39,0.38,15,15.64,14.43,15.37,16.01,14.8,15.69,16.34,15.04,16.04,16.7,15.4,15.48,16.2,14.82,14.85,15.53,14.21,14.86,15.51,14.21,14.93,15.63,14.33,5965,0
2025-04-27 23:00:00,0.46,2,2.2,0.57,0.25,0.15,0.38,0.35,16.49,17.18,15.75,16.86,17.54,16.12,17.18,17.87,16.45,17.62,18.37,16.83,17.08,17.83,16.35,16.42,17.16,15.64,16.41,17.17,15.63,16.48,17.2,15.75,5967,0
2025-04-27 22:00:00,0.5,2.02,2.23,0.58,0.27,0.17,0.37,0.35,18.29,19.42,17.31,18.7,19.89,17.73,19.06,20.25,18,19.58,20.79,18.52,19.05,20.27,17.95,18.3,19.5,17.28,18.31,19.53,17.28,18.38,19.57,17.31,5972,0
2025-04-27 21:00:00,0.46,2.05,2.24,0.59,0.2,0.15,0.35,0.35,21.34,23.2,19.66,21.73,23.47,20.12,22.08,23.79,20.48,22.55,24.15,21.06,22.15,23.81,20.55,21.45,23.4,19.76,21.54,23.46,19.77,21.52,23.44,19.81,5972,0
2025-04-27 20:00:00,0.46,2.08,2.27,0.57,0.19,0.22,0.33,0.36,25.02,26.28,23.54,25.13,26.2,23.79,25.26,26.21,24.1,25.49,26.36,24.41,25.41,26.52,24.15,25.36,26.66,23.78,25.46,26.85,23.86,25.37,26.75,23.8,5976,0
2025-04-27 19:00:00,0.45,2,2.27,0.55,0.14,0.24,0.31,0.29,27.01,27.58,26.4,26.82,27.26,26.35,26.76,27.13,26.31,26.88,27.22,26.48,27.23,27.72,26.65,27.51,28.16,26.86,27.63,28.28,26.98,27.63,28.27,26.95,5976,409
2025-04-27 18:00:00,0.46,2.01,2.3,0.55,0.15,0.11,0.34,0.32,27.96,28.17,27.59,27.57,27.7,27.34,27.38,27.46,27.22,27.4,27.46,27.24,28.06,28.23,27.81,28.55,28.82,28.16,28.75,28.99,28.39,28.69,28.95,28.29,5976,681
2025-04-27 17:00:00,0.48,2.02,2.29,0.56,0.15,0.11,0.34,0.32,28.08,28.17,28.05,27.53,27.68,27.46,27.28,27.46,27.16,27.26,27.46,27.1,28.1,28.22,27.98,28.72,28.77,28.63,28.99,28.99,28.98,28.89,28.95,28.88,5976,551
2025-04-27 16:00:00,0.47,2.01,2.28,0.55,0.16,0.12,0.34,0.33,27.96,28.12,27.82,27.31,27.46,27.12,27.01,27.2,26.87,26.95,27.1,26.75,27.88,28.06,27.7,28.6,28.76,28.49,28.87,29.05,28.76,28.82,29,28.67,5974,610
2025-04-27 15:00:00,0.47,2.02,2.3,0.58,0.14,0.15,0.35,0.34,27.57,27.82,27.11,26.8,27.11,26.26,26.47,26.76,25.92,26.33,26.67,25.77,27.39,27.69,26.87,28.18,28.39,27.68,28.47,28.74,28.05,28.41,28.64,27.95,5974,665
2025-04-27 14:00:00,0.5,2.14,2.35,0.61,0.18,0.33,0.35,0.34,26.32,26.99,25.45,25.43,26.16,24.73,25.25,25.82,24.5,25.12,25.68,24.38,26.25,26.76,25.52,27.01,27.58,26.27,27.32,27.93,26.62,27.27,27.87,26.52,5972,724
2025-04-27 13:00:00,0.51,2.08,2.3,0.6,0.22,0.26,0.38,0.41,24.7,25.35,24.06,23.97,24.62,23.34,23.75,24.38,23.19,23.62,24.26,23.04,24.7,25.4,24.05,25.47,26.15,24.78,25.8,26.51,25.09,25.73,26.4,24.99,5972,795
2025-04-27 12:00:00,0.53,2.07,2.31,0.63,0.22,0.2,0.36,0.41,23.03,23.91,22.02,22.35,23.23,21.43,22.2,23.06,21.31,22.07,22.88,21.19,23.05,23.92,22.11,23.69,24.62,22.71,23.9,24.93,22.85,23.9,24.87,22.86,5967,941
2025-04-27 11:00:00,0.51,2.12,2.29,0.61,0.22,0.19,0.4,0.41,20.83,21.88,19.66,20.32,21.31,19.18,20.33,21.19,19.42,20.29,21.07,19.51,21.19,21.94,20.49,21.77,22.57,21.06,21.99,22.73,21.31,21.99,22.73,21.34,5965,1583
2025-04-27 10:00:00,0.52,2.09,2.27,0.58,0.23,0.16,0.35,0.37,17.68,19.42,15.9,17.23,18.95,15.52,17.66,19.27,15.66,17.87,19.32,15.87,18.85,20.37,16.61,19.52,20.94,17.4,20.01,21.19,18.49,20.6,21.31,20.14,5963,2032
2025-04-27 09:00:00,0.51,2.07,2.21,0.59,0.24,0.19,0.39,0.37,14.1,15.64,12.68,13.77,15.18,12.45,13.86,15.34,12.65,13.94,15.51,12.71,14.4,16.18,12.93,14.77,16.69,13.16,14.99,17.65,13.27,15.69,20.11,13.62,5961,2210
2025-04-27 08:00:00,0.44,1.97,2.14,0.56,0.2,0.12,0.33,0.31,11.44,12.44,10.8,11.51,12.27,11.09,11.68,12.44,11.28,11.87,12.56,11.49,11.69,12.68,11.03,11.68,12.9,10.77,11.68,13.02,10.66,11.9,13.28,10.79,5961,2056
2025-04-27 07:00:00,0.37,1.95,2.1,0.55,0.17,0.06,0.28,0.25,11.01,11.26,10.79,11.32,11.61,11.09,11.55,11.83,11.35,11.78,12.08,11.53,11.23,11.5,11.01,10.88,11.14,10.66,10.8,11.11,10.56,10.87,11.14,10.67,5961,783
2025-04-27 06:00:00,0.44,1.97,2.16,0.55,0.22,0.12,0.31,0.29,11.62,11.86,11.37,11.91,12.21,11.62,12.14,12.44,11.86,12.38,12.68,12.08,11.85,12.12,11.56,11.48,11.72,11.25,11.42,11.72,11.14,11.48,11.76,11.22,5963,0
2025-04-27 05:00:00,0.5,1.98,2.16,0.56,0.22,0.17,0.35,0.33,12.2,12.44,11.97,12.5,12.8,12.24,12.74,13.03,12.45,13,13.27,12.73,12.46,12.75,12.21,12.08,12.34,11.82,12.03,12.32,11.73,12.1,12.36,11.85,5963,0
2025-04-27 04:00:00,0.47,2,2.18,0.57,0.2,0.16,0.34,0.32,12.86,13.26,12.55,13.16,13.51,12.8,13.41,13.79,13.03,13.69,14.09,13.39,13.15,13.53,12.81,12.73,13.14,12.43,12.68,13.07,12.33,12.76,13.15,12.44,5965,0
2025-04-27 03:00:00,0.48,2.02,2.22,0.6,0.25,0.17,0.35,0.33,13.71,14.14,13.28,14.02,14.45,13.62,14.29,14.69,13.86,14.57,15.04,14.16,14.05,14.47,13.63,13.61,14.05,13.17,13.58,14.03,13.15,13.65,14.1,13.24,5967,0
2025-04-27 02:00:00,0.47,2.11,2.24,0.6,0.26,0.17,0.41,0.39,14.7,15.16,14.22,14.99,15.41,14.56,15.26,15.71,14.81,15.54,15.99,15.13,15.06,15.52,14.58,14.6,15.05,14.1,14.59,15.06,14.09,14.66,15.16,14.21,5970,0
2025-04-27 01:00:00,0.48,2.08,2.23,0.58,0.25,0.17,0.4,0.37,15.61,15.99,15.26,15.88,16.23,15.52,16.13,16.45,15.75,16.46,16.81,16.11,15.98,16.35,15.6,15.6,15.98,15.15,15.58,15.99,15.16,15.64,16.04,15.21,5970,0
2025-04-27 00:00:00,0.44,2.02,2.25,0.58,0.24,0.15,0.4,0.35,16.44,16.94,15.99,16.75,17.27,16.34,17,17.53,16.58,17.36,17.87,16.93,16.87,17.41,16.4,16.47,17.04,16.07,16.47,17.04,16.03,16.54,17.04,16.11,5972,0
2025-04-26 23:00:00,0.51,2.01,2.25,0.59,0.27,0.17,0.4,0.36,17.53,17.87,17.04,17.79,18.19,17.32,18.07,18.49,17.64,18.45,18.94,18,18.01,18.44,17.53,17.64,17.99,17.16,17.63,18,17.17,17.69,18.04,17.19,5972,0
2025-04-26 22:00:00,0.49,2.08,2.27,0.59,0.27,0.16,0.35,0.36,18.67,19.65,17.99,19.03,20.01,18.24,19.39,20.36,18.59,19.84,20.84,19.04,19.31,20.25,18.49,18.74,19.76,18.03,18.78,19.78,18,18.8,19.78,18.12,5976,0
2025-04-26 21:00:00,0.48,2.06,2.29,0.59,0.21,0.16,0.37,0.36,20.92,22.26,19.79,21.31,22.61,20.2,21.63,22.85,20.6,22.1,23.31,21.01,21.67,22.97,20.49,21.12,22.51,19.95,21.21,22.62,20.01,21.17,22.61,20.01,5978,0
2025-04-26 20:00:00,0.48,2.08,2.32,0.59,0.19,0.18,0.32,0.38,24,25.3,22.61,24.08,25.1,22.85,24.2,25.09,23.08,24.45,25.11,23.54,24.4,25.44,23.21,24.31,25.67,22.84,24.48,25.86,22.96,24.39,25.81,22.86,5981,0
2025-04-26 19:00:00,0.49,2.09,2.39,0.61,0.19,0.28,0.35,0.35,25.85,26.34,25.39,25.58,25.98,25.21,25.44,25.8,25.14,25.5,25.8,25.21,25.9,26.3,25.55,26.27,26.79,25.79,26.54,27.1,26.01,26.43,26.99,25.92,5981,488
2025-04-26 18:00:00,0.45,2.09,2.36,0.61,0.14,0.26,0.32,0.31,26.95,27.35,26.4,26.41,26.68,26.04,26.1,26.28,25.8,26.04,26.16,25.8,26.82,27.14,26.4,27.46,27.92,26.9,27.85,28.37,27.23,27.69,28.17,27.11,5981,602
2025-04-26 17:00:00,0.46,2.04,2.37,0.63,0.13,0.14,0.36,0.34,27.56,27.7,27.36,26.72,26.85,26.51,26.25,26.38,26.04,26.02,26.16,25.75,27.22,27.35,26.99,28.17,28.28,28,28.54,28.64,28.39,28.41,28.53,28.26,5981,512
2025-04-26 16:00:00,0.46,2.14,2.41,0.63,0.16,0.26,0.33,0.32,26.99,27.25,26.74,26.11,26.4,25.81,25.59,25.92,25.23,25.32,25.68,24.94,26.54,26.87,26.22,27.63,27.92,27.37,28.03,28.28,27.81,27.91,28.17,27.69,5981,583
2025-04-26 15:00:00,0.49,2.13,2.39,0.62,0.21,0.33,0.33,0.34,26.37,26.63,26.19,25.41,25.69,25.1,24.83,25.18,24.49,24.48,24.86,24.03,25.8,26.16,25.54,27,27.33,26.86,27.45,27.74,27.3,27.31,27.58,27.14,5978,657
2025-04-26 14:00:00,0.53,2.11,2.35,0.6,0.21,0.3,0.39,0.4,25.27,26.05,24.51,24.23,24.98,23.55,23.67,24.33,23.08,23.31,23.91,22.73,24.69,25.37,24.03,25.9,26.67,25.2,26.35,27.1,25.66,26.24,26.99,25.51,5976,728
2025-04-26 13:00:00,0.5,2.1,2.37,0.64,0.21,0.23,0.39,0.44,23.86,24.48,23.18,22.88,23.44,22.38,22.47,22.97,21.89,22.05,22.61,21.43,23.39,23.92,22.76,24.52,25.08,23.89,24.97,25.56,24.26,24.87,25.45,24.19,5976,807
2025-04-26 12:00:00,0.54,2.1,2.34,0.61,0.24,0.21,0.37,0.41,22.22,22.98,21.38,21.5,22.24,20.82,21.12,21.75,20.48,20.74,21.32,20.12,21.89,22.62,21.2,22.89,23.71,22.02,23.3,24.13,22.49,23.24,24.03,22.38,5974,973
2025-04-26 11:00:00,0.5,2.15,2.34,0.62,0.22,0.19,0.41,0.41,20.51,21.31,19.42,19.96,20.72,18.95,19.81,20.37,19.06,19.59,20.11,18.98,20.62,21.11,20.02,21.46,22,20.83,21.91,22.41,21.29,21.94,22.35,21.43,5972,1630
2025-04-26 10:00:00,0.51,2.07,2.27,0.58,0.23,0.17,0.36,0.34,17.54,19.09,16.1,17.17,18.64,15.75,17.54,18.86,15.99,17.66,18.83,16.01,18.53,19.9,16.59,19.32,20.66,17.42,20.13,21.09,19.04,20.96,21.31,20.74,5970,2052
2025-04-26 09:00:00,0.5,2.08,2.25,0.6,0.25,0.18,0.41,0.37,14.59,15.87,13.39,14.37,15.52,13.31,14.47,15.66,13.5,14.54,15.74,13.62,14.8,16.2,13.66,15.15,16.81,13.84,15.42,18,13.9,16.28,20.96,14.22,5970,2194
2025-04-26 08:00:00,0.49,1.99,2.18,0.57,0.22,0.17,0.36,0.34,12.6,13.26,12.26,12.68,13.15,12.44,12.89,13.36,12.68,13.11,13.5,12.91,12.83,13.51,12.45,12.71,13.61,12.13,12.74,13.71,12.08,12.94,13.98,12.21,5970,2032
2025-04-26 07:00:00,0.48,1.98,2.17,0.57,0.2,0.17,0.34,0.32,12.58,12.92,12.32,12.83,13.15,12.55,13.06,13.39,12.8,13.32,13.63,13.02,12.82,13.16,12.48,12.41,12.77,12.11,12.38,12.7,12.08,12.46,12.8,12.21,5970,393
2025-04-26 06:00:00,0.46,2,2.19,0.58,0.21,0.16,0.34,0.32,13.32,13.74,12.97,13.59,13.98,13.26,13.83,14.22,13.48,14.09,14.49,13.74,13.59,13.98,13.21,13.16,13.57,12.78,13.15,13.54,12.8,13.22,13.63,12.87,5972,0
2025-04-26 05:00:00,0.47,2.04,2.24,0.62,0.26,0.16,0.39,0.36,14.22,14.69,13.76,14.51,14.94,14.1,14.78,15.18,14.33,15.03,15.51,14.57,14.52,15.04,14.1,14.08,14.56,13.61,14.09,14.57,13.62,14.16,14.68,13.73,5972,0
2025-04-26 04:00:00,0.49,2.08,2.24,0.58,0.25,0.17,0.41,0.38,15.16,15.62,14.8,15.44,15.87,15.04,15.69,16.11,15.28,15.98,16.45,15.54,15.52,16,15.06,15.06,15.5,14.67,15.08,15.51,14.68,15.15,15.61,14.69,5974,0
2025-04-26 03:00:00,0.45,2.01,2.24,0.59,0.24,0.16,0.4,0.36,16.17,16.7,15.66,16.46,16.94,15.98,16.72,17.25,16.2,17.05,17.6,16.53,16.6,17.16,16.1,16.13,16.69,15.62,16.13,16.69,15.63,16.21,16.74,15.7,5976,0
2025-04-26 02:00:00,0.5,1.99,2.25,0.59,0.26,0.17,0.39,0.37,17.36,18.01,16.79,17.68,18.31,17.04,17.94,18.58,17.36,18.29,18.94,17.69,17.9,18.58,17.29,17.45,18.11,16.79,17.46,18.14,16.81,17.51,18.23,16.83,5978,0
2025-04-26 01:00:00,0.53,2.04,2.28,0.61,0.26,0.18,0.37,0.35,18.82,19.4,18.12,19.03,19.54,18.45,19.25,19.7,18.7,19.58,20.01,19.06,19.31,19.79,18.7,19.01,19.64,18.25,19,19.64,18.28,19.05,19.66,18.36,5978,0
2025-04-26 00:00:00,0.54,2.11,2.3,0.62,0.23,0.18,0.39,0.38,19.81,20.12,19.42,19.93,20.25,19.56,20.12,20.48,19.77,20.43,20.8,20.08,20.26,20.61,19.9,20.07,20.36,19.7,20.06,20.36,19.67,20.1,20.45,19.75,5981,0
2025-04-25 23:00:00,0.47,2.11,2.29,0.6,0.21,0.15,0.37,0.35,20.46,20.62,20.12,20.58,20.73,20.32,20.8,20.98,20.49,21.14,21.39,20.84,20.95,21.17,20.63,20.74,20.93,20.48,20.71,20.87,20.45,20.77,20.96,20.48,5981,0
2025-04-25 22:00:00,0.45,2.05,2.29,0.6,0.21,0.15,0.37,0.35,21.07,22.07,20.6,21.36,22.38,20.8,21.67,22.73,21.04,22.11,23.09,21.43,21.77,22.79,21.2,21.26,22.33,20.83,21.33,22.39,20.83,21.34,22.37,20.87,5981,0
2025-04-25 21:00:00,0.47,2.04,2.3,0.58,0.19,0.16,0.33,0.37,23.31,24.22,22.26,23.52,24.29,22.61,23.77,24.5,22.91,24.14,24.81,23.32,23.97,24.75,22.98,23.76,24.73,22.6,23.8,24.77,22.63,23.76,24.74,22.61,5981,0
2025-04-25 20:00:00,0.48,2.08,2.34,0.6,0.2,0.26,0.36,0.36,25.09,25.87,24.38,25.05,25.69,24.42,25.18,25.77,24.62,25.43,25.92,24.92,25.52,26.17,24.87,25.64,26.42,24.85,25.77,26.62,24.97,25.72,26.54,24.9,5981,0
2025-04-25 19:00:00,0.47,2.08,2.34,0.58,0.16,0.31,0.32,0.32,26.36,26.64,25.95,26.14,26.4,25.81,26.11,26.28,25.81,26.26,26.46,26.04,26.65,26.88,26.29,26.99,27.33,26.52,27.2,27.57,26.75,27.14,27.57,26.65,5981,409
2025-04-25 18:00:00,0.44,2.01,2.33,0.57,0.11,0.21,0.3,0.31,27.02,27.22,26.75,26.6,26.7,26.41,26.48,26.51,26.38,26.51,26.53,26.5,27.16,27.23,26.98,27.72,27.92,27.45,27.98,28.18,27.69,27.92,28.17,27.59,5981,646
2025-04-25 17:00:00,0.45,2.05,2.35,0.59,0.13,0.19,0.34,0.32,27.11,27.25,26.79,26.5,26.74,26.17,26.27,26.51,25.93,26.24,26.51,25.91,27.07,27.23,26.76,27.81,27.94,27.48,28.15,28.28,27.81,28.07,28.21,27.81,5981,661
2025-04-25 16:00:00,0.47,2.08,2.39,0.62,0.17,0.33,0.32,0.33,26.39,26.75,26.05,25.82,26.16,25.57,25.59,25.92,25.34,25.57,25.87,25.33,26.38,26.7,26.06,27.11,27.45,26.78,27.44,27.81,27.11,27.38,27.71,27.05,5981,716
2025-04-25 15:00:00,0.45,2.12,2.38,0.63,0.17,0.32,0.31,0.31,26.53,27.07,25.94,25.87,26.16,25.5,25.5,25.69,25.33,25.35,25.46,25.09,26.33,26.64,25.99,27.2,27.7,26.63,27.63,28.17,27.01,27.52,28.06,26.88,5981,1292
2025-04-25 14:00:00,0.47,2.11,2.37,0.62,0.19,0.34,0.33,0.34,26.34,26.63,25.92,25.32,25.78,24.64,24.85,25.32,24.27,24.48,25,23.79,25.79,26.28,25.23,26.94,27.33,26.45,27.4,27.81,26.86,27.33,27.7,26.87,5981,1004
2025-04-25 13:00:00,0.51,2.09,2.33,0.62,0.21,0.24,0.41,0.42,24.74,25.66,24.15,23.81,24.48,23.32,23.42,24.13,22.83,22.94,23.67,22.25,24.19,25.07,23.44,25.08,26.2,23.98,25.48,26.63,24.38,25.63,26.63,24.76,5981,1185
2025-04-25 12:00:00,0.53,2.25,2.56,0.64,0.25,0.23,0.31,0.42,23.18,24.02,22.6,22.37,23.2,21.67,21.86,22.66,21.15,21.32,22.14,20.6,22.26,23.21,21.55,22.34,23.66,21.54,23.06,24.14,22.37,23.53,24.53,22.85,5981,1268
2025-04-25 11:00:00,0.54,2.36,2.65,0.63,0.24,0.22,0.3,0.43,21.14,22.43,19.77,20.34,21.53,19.08,20.03,20.96,19.06,19.66,20.48,18.9,20.65,21.44,19.91,20.77,21.45,20.12,21.35,22.2,20.6,21.74,22.73,20.84,5976,1662
2025-04-25 10:00:00,0.54,2.33,2.55,0.59,0.24,0.21,0.25,0.39,17.53,19.48,15.66,17.01,18.83,15.28,17.23,18.86,15.4,17.26,18.7,15.4,18.2,19.78,16,18.53,20,16.48,18.99,20.48,17.29,19.22,20.72,17.53,5974,2013
2025-04-25 09:00:00,0.53,2.29,2.54,0.59,0.23,0.18,0.21,0.37,13.97,15.4,12.68,13.7,15.01,12.56,13.72,15.04,12.68,13.73,15.03,12.76,14.01,15.54,12.69,14.33,16.07,12.81,14.65,16.66,12.98,15.01,17.17,13.15,5972,2139
2025-04-25 08:00:00,0.46,2.23,2.5,0.57,0.23,0.15,0.15,0.33,11.9,12.44,11.61,11.97,12.43,11.76,12.13,12.52,11.97,12.3,12.62,12.19,11.98,12.56,11.74,11.84,12.57,11.46,11.85,12.68,11.37,11.99,12.91,11.5,5972,1493
2025-04-25 07:00:00,0.46,2.24,2.49,0.56,0.24,0.12,0.14,0.31,11.81,12.07,11.61,12.03,12.3,11.8,12.23,12.47,11.99,12.45,12.68,12.2,11.98,12.22,11.74,11.65,11.95,11.48,11.59,11.85,11.37,11.69,11.97,11.5,5974,98
2025-04-25 06:00:00,0.49,2.23,2.49,0.56,0.21,0.17,0.17,0.33,12.36,12.56,12.09,12.57,12.8,12.32,12.77,13.02,12.56,12.99,13.24,12.77,12.55,12.8,12.31,12.22,12.43,11.96,12.17,12.43,11.88,12.26,12.53,11.98,5976,0
2025-04-25 05:00:00,0.46,2.24,2.51,0.58,0.21,0.16,0.16,0.34,12.8,12.97,12.66,12.99,13.16,12.8,13.19,13.39,13.03,13.43,13.63,13.27,12.98,13.18,12.8,12.62,12.78,12.48,12.58,12.78,12.44,12.68,12.89,12.55,5976,0
2025-04-25 04:00:00,0.47,2.26,2.5,0.58,0.21,0.16,0.15,0.32,13.28,13.57,13.03,13.51,13.83,13.26,13.72,13.99,13.45,13.98,14.27,13.73,13.52,13.82,13.28,13.13,13.4,12.87,13.09,13.38,12.8,13.2,13.51,12.92,5978,0
2025-04-25 03:00:00,0.46,2.28,2.54,0.61,0.26,0.16,0.17,0.35,13.89,14.2,13.62,14.13,14.45,13.86,14.34,14.68,14.07,14.62,14.92,14.33,14.16,14.46,13.87,13.74,14.07,13.49,13.71,13.99,13.43,13.83,14.11,13.51,5978,0
2025-04-25 02:00:00,0.46,2.34,2.56,0.6,0.27,0.17,0.22,0.39,14.56,14.93,14.22,14.84,15.27,14.45,15.08,15.5,14.69,15.4,15.8,15.04,14.9,15.29,14.53,14.43,14.79,14.08,14.4,14.8,14.09,14.52,14.93,14.19,5981,0
2025-04-25 01:00:00,0.48,2.32,2.53,0.59,0.26,0.16,0.22,0.38,15.42,15.87,15.04,15.74,16.23,15.29,15.98,16.45,15.53,16.35,16.82,15.87,15.84,16.35,15.4,15.35,15.78,14.91,15.31,15.76,14.88,15.44,15.88,15.01,5981,0
2025-04-25 00:00:00,0.45,2.26,2.56,0.59,0.25,0.15,0.21,0.35,16.53,17.17,15.98,16.88,17.53,16.28,17.14,17.76,16.58,17.58,18.24,16.93,17.03,17.73,16.44,16.5,17.16,15.87,16.46,17.12,15.87,16.61,17.28,15.99,5981,0
2025-04-24 23:00:00,0.5,2.29,2.56,0.6,0.28,0.16,0.18,0.36,17.96,18.7,17.29,18.3,19.04,17.65,18.63,19.4,17.92,19.12,19.89,18.36,18.58,19.31,17.87,17.99,18.7,17.28,17.95,18.7,17.26,18.07,18.82,17.41,5981,0
2025-04-24 22:00:00,0.49,2.32,2.58,0.61,0.24,0.16,0.18,0.35,19.71,20.65,18.83,20.07,21.03,19.18,20.44,21.42,19.54,20.99,22.02,20.02,20.46,21.48,19.48,19.81,20.83,18.82,19.79,20.83,18.82,19.91,20.94,18.95,5990,0
2025-04-24 21:00:00,0.48,2.31,2.6,0.59,0.22,0.16,0.16,0.37,22.11,23.56,20.84,22.46,23.88,21.2,22.83,24.15,21.55,23.37,24.63,22.18,22.93,24.32,21.67,22.34,23.83,21.06,22.34,23.89,20.98,22.42,23.92,21.08,5992,0
2025-04-24 20:00:00,0.45,2.31,2.62,0.6,0.18,0.24,0.15,0.36,25.49,27.22,23.79,25.64,27.11,24.15,25.75,27.1,24.38,26.14,27.34,24.86,26.1,27.59,24.61,25.87,27.62,24.14,25.99,27.85,24.14,25.99,27.82,24.21,5994,0
2025-04-24 19:00:00,0.41,2.28,2.6,0.53,0.13,0.1,0.17,0.29,28.54,29.35,27.46,28.2,28.88,27.34,28.02,28.58,27.24,28.12,28.6,27.46,28.73,29.42,27.82,29.08,30.05,27.92,29.33,30.29,28.17,29.22,30.18,28.05,5994,291
2025-04-24 18:00:00,0.35,2.3,2.61,0.54,0.11,0.16,0.28,0.3,29.97,30.3,29.47,29.29,29.47,28.98,28.9,29.03,28.64,28.8,28.88,28.64,29.86,30.07,29.48,30.65,31,30.17,30.99,31.36,30.42,30.82,31.14,30.3,5994,453
2025-04-24 17:00:00,0.38,2.3,2.62,0.55,0.13,0.27,0.14,0.31,30.32,30.41,30.25,29.37,29.47,29.22,28.81,29,28.57,28.54,28.77,28.29,29.98,30.08,29.82,31.03,31.11,31,31.47,31.57,31.36,31.26,31.36,31.21,5994,386
2025-04-24 16:00:00,0.37,2.29,2.63,0.55,0.11,0.16,0.3,0.32,29.76,30.18,29.35,28.65,29.12,28.18,28.03,28.52,27.55,27.69,28.17,27.13,29.3,29.71,28.89,30.49,30.88,30.09,30.99,31.36,30.65,30.76,31.13,30.42,5994,425
2025-04-24 15:00:00,0.47,2.32,2.67,0.6,0.16,0.15,0.21,0.32,28.37,29.27,27.34,27.17,28.06,26.18,26.59,27.46,25.69,26.24,27.02,25.45,27.89,28.77,26.99,29.09,30.04,28.1,29.61,30.53,28.63,29.42,30.34,28.42,5990,464
2025-04-24 14:00:00,0.49,2.42,2.7,0.62,0.18,0.31,0.16,0.36,26.18,27.19,25.21,25.11,26.04,24.27,24.83,25.57,24.03,24.68,25.33,23.95,26.06,26.87,25.24,27.01,27.92,26.15,27.46,28.4,26.51,27.34,28.28,26.4,5990,508
2025-04-24 13:00:00,0.5,2.55,2.87,0.61,0.22,0.23,0.19,0.43,23.97,24.99,22.97,23.18,24.14,22.26,22.92,23.8,21.97,22.83,23.78,21.89,24,25.06,22.97,24.77,25.92,23.66,25.15,26.36,24.03,25.04,26.24,23.91,5981,563
2025-04-24 12:00:00,0.5,2.6,2.86,0.64,0.24,0.21,0.19,0.41,22,22.79,20.96,21.24,22.14,20.25,20.95,21.78,20.01,20.8,21.74,19.89,21.91,22.83,20.9,22.66,23.52,21.59,23.01,23.82,21.94,22.96,23.78,21.9,5981,579
2025-04-24 11:00:00,0.5,2.55,2.81,0.61,0.26,0.18,0.21,0.4,19.52,20.72,18.23,18.97,20.03,17.76,18.96,19.86,18,18.93,19.76,18.14,19.86,20.73,19.07,20.5,21.42,19.75,20.91,21.78,20.24,20.92,21.79,20.37,5981,937
2025-04-24 10:00:00,0.51,2.57,2.8,0.58,0.23,0.17,0.17,0.38,16.16,17.95,14.33,15.72,17.53,13.94,16.21,17.87,14.1,16.49,18.02,14.21,17.45,18.95,15.05,18.38,19.64,16.1,19.86,20.24,19.43,20.52,21.31,20.25,5978,1969
2025-04-24 09:00:00,0.48,2.49,2.74,0.57,0.22,0.17,0.19,0.36,12.62,14.07,11.44,12.35,13.62,11.29,12.44,13.76,11.41,12.52,13.85,11.61,12.89,14.58,11.72,13.29,15.39,11.89,13.75,17.76,11.97,14.74,21.08,12.21,5976,2147
2025-04-24 08:00:00,0.39,2.43,2.63,0.51,0.18,0.08,0.12,0.28,10.49,11.26,10.08,10.59,11.14,10.31,10.73,11.26,10.43,10.93,11.45,10.67,10.67,11.5,10.2,10.63,11.68,9.95,10.62,11.73,9.84,10.79,11.97,9.96,5976,1930
2025-04-24 07:00:00,0.37,2.38,2.62,0.5,0.17,0.07,0.11,0.24,10.26,10.43,10.08,10.48,10.67,10.31,10.68,10.9,10.5,10.9,11.13,10.68,10.4,10.59,10.2,10.06,10.22,9.95,9.98,10.18,9.84,10.07,10.24,9.95,5978,204
2025-04-24 06:00:00,0.36,2.43,2.66,0.54,0.17,0.05,0.08,0.26,10.76,11.02,10.45,10.99,11.26,10.73,11.19,11.49,10.9,11.43,11.73,11.15,10.93,11.24,10.67,10.53,10.78,10.29,10.47,10.77,10.18,10.57,10.8,10.31,5978,0
2025-04-24 05:00:00,0.38,2.45,2.71,0.58,0.2,0.08,0.11,0.27,11.37,11.67,11.09,11.59,11.88,11.28,11.8,12.09,11.49,12.05,12.35,11.74,11.57,11.86,11.27,11.17,11.48,10.87,11.11,11.41,10.78,11.2,11.5,10.91,5981,0
2025-04-24 04:00:00,0.48,2.48,2.72,0.57,0.24,0.16,0.15,0.33,12.02,12.32,11.73,12.25,12.56,11.97,12.48,12.8,12.2,12.74,13.04,12.44,12.25,12.57,11.9,11.86,12.19,11.54,11.79,12.08,11.49,11.9,12.21,11.62,5981,0
2025-04-24 03:00:00,0.46,2.48,2.73,0.58,0.2,0.16,0.17,0.33,12.65,12.92,12.35,12.9,13.15,12.62,13.12,13.39,12.81,13.41,13.74,13.13,12.9,13.25,12.6,12.52,12.8,12.22,12.46,12.8,12.2,12.56,12.86,12.25,5981,0
2025-04-24 02:00:00,0.45,2.5,2.74,0.6,0.22,0.15,0.15,0.33,13.32,13.71,13,13.59,13.98,13.26,13.83,14.21,13.5,14.16,14.56,13.81,13.65,14.04,13.28,13.23,13.61,12.9,13.17,13.52,12.8,13.27,13.63,12.92,5981,0
2025-04-24 01:00:00,0.45,2.54,2.78,0.62,0.28,0.17,0.19,0.36,14.13,14.57,13.74,14.42,14.83,13.99,14.69,15.14,14.26,15.03,15.51,14.58,14.5,14.93,14.1,14.05,14.44,13.67,13.99,14.43,13.62,14.11,14.55,13.74,5981,0
2025-04-24 00:00:00,0.47,2.6,2.78,0.59,0.27,0.17,0.22,0.4,15.04,15.52,14.63,15.35,15.85,14.93,15.63,16.11,15.17,16.03,16.57,15.52,15.5,16,15.05,14.99,15.5,14.56,14.93,15.39,14.46,15.04,15.52,14.57,5990,0
2025-04-23 23:00:00,0.43,2.53,2.78,0.6,0.25,0.15,0.22,0.36,16.17,16.79,15.61,16.49,17.16,15.88,16.79,17.51,16.2,17.29,18,16.69,16.76,17.43,16.11,16.15,16.79,15.59,16.08,16.75,15.51,16.21,16.87,15.64,5990,0
2025-04-23 22:00:00,0.49,2.52,2.78,0.6,0.28,0.16,0.2,0.35,17.78,18.7,16.94,18.15,19.06,17.29,18.51,19.44,17.64,19.07,20.02,18.12,18.54,19.54,17.62,17.84,18.83,16.92,17.82,18.82,16.92,17.94,18.94,17.04,5994,0
2025-04-23 21:00:00,0.47,2.57,2.81,0.61,0.23,0.15,0.18,0.36,20.05,21.32,18.94,20.42,21.73,19.29,20.76,22.02,19.65,21.31,22.55,20.24,20.87,22.14,19.7,20.21,21.56,19.04,20.22,21.63,19.02,20.31,21.67,19.12,5996,0
2025-04-23 20:00:00,0.46,2.57,2.82,0.6,0.2,0.18,0.15,0.37,23.53,25.46,21.67,23.67,25.31,22.01,23.76,25.15,22.26,24.12,25.32,22.84,24.06,25.66,22.47,23.84,25.81,21.89,23.93,26.04,21.9,23.97,26,22.02,5998,0
2025-04-23 19:00:00,0.44,2.61,2.88,0.63,0.17,0.3,0.14,0.33,26.51,26.99,25.69,26.1,26.49,25.45,25.86,26.16,25.33,25.86,26.1,25.45,26.55,26.96,25.84,27,27.57,26.14,27.26,27.81,26.36,27.16,27.7,26.28,5998,350
2025-04-23 18:00:00,0.44,2.54,2.87,0.6,0.12,0.18,0.14,0.32,27.24,27.36,27.04,26.6,26.68,26.51,26.25,26.28,26.16,26.14,26.16,26.04,27.11,27.23,26.99,27.85,28.03,27.59,28.2,28.4,27.91,28.02,28.17,27.81,5998,413
2025-04-23 17:00:00,0.44,2.52,2.87,0.65,0.12,0.14,0.17,0.34,27.55,27.82,27.34,26.73,26.87,26.63,26.22,26.28,26.16,26.02,26.04,25.92,27.2,27.35,27.11,28.17,28.45,28.02,28.59,28.88,28.4,28.42,28.74,28.21,5998,295
2025-04-23 16:00:00,0.45,2.6,2.92,0.64,0.16,0.22,0.16,0.35,27.24,27.8,26.8,26.24,26.77,25.81,25.65,26.19,25.2,25.34,25.88,24.86,26.8,27.34,26.35,27.93,28.47,27.48,28.4,28.88,27.94,28.21,28.67,27.82,5996,342
2025-04-23 15:00:00,0.48,2.62,2.89,0.61,0.21,0.33,0.16,0.37,26.16,26.86,25.21,25.07,25.75,24.27,24.49,25.1,23.79,24.19,24.8,23.56,25.68,26.34,24.86,26.86,27.57,25.91,27.33,28.05,26.35,27.15,27.84,26.16,5994,386
2025-04-23 14:00:00,0.62,2.6,2.85,0.6,0.22,0.25,0.2,0.43,24.01,24.96,23.09,23.35,24.03,22.63,23.13,23.67,22.57,23.01,23.44,22.48,24.16,24.74,23.56,24.94,25.67,24.25,24.99,26.04,24.12,25.05,25.92,24.26,5994,425
2025-04-23 13:00:00,1.05,2.62,2.85,0.63,0.23,0.19,0.19,0.41,22.29,22.97,21.55,21.88,22.6,21.08,21.75,22.46,20.94,21.68,22.35,20.85,22.73,23.45,21.91,23.37,24.14,22.55,23.35,24,22.73,23.46,24.15,22.73,5990,567
2025-04-23 12:00:00,0.61,2.58,2.61,0.6,0.21,0.18,0.22,0.39,20.76,21.44,20.06,20.11,20.92,19.42,19.89,20.72,19.18,19.81,20.72,19.06,20.77,21.68,20.02,21.43,22.36,20.71,21.76,22.61,21.07,21.7,22.58,21.08,5990,650
2025-04-23 11:00:00,0.51,2.23,2.24,0.55,0.24,0.17,0.19,0.37,18.9,19.95,17.68,18.36,19.29,17.29,18.33,19.06,17.56,18.25,18.94,17.64,19.22,19.93,18.6,19.94,20.64,19.29,20.36,21.06,19.79,20.33,20.96,19.83,5981,984
2025-04-23 10:00:00,0.48,2.21,2.15,0.51,0.21,0.14,0.14,0.35,15.9,17.41,14.22,15.49,17.04,13.8,16.01,17.41,14.09,16.32,17.57,14.23,17.26,18.48,15.06,18.22,19.17,16,19.87,20.24,19.65,20.26,21.47,19.77,5981,1969
2025-04-23 09:00:00,0.45,2.09,2.07,0.5,0.19,0.17,0.14,0.28,12.5,13.96,11.24,12.2,13.51,11.04,12.29,13.73,11.16,12.35,13.86,11.29,12.78,14.57,11.46,13.16,15.23,11.72,13.75,18.34,11.85,14.85,21.55,12.05,5981,2174
2025-04-23 08:00:00,0.36,2,1.96,0.42,0.15,0.07,0.09,0.24,10.27,11.02,9.77,10.34,10.93,9.97,10.48,11.03,10.18,10.65,11.16,10.37,10.42,11.27,9.85,10.42,11.48,9.64,10.45,11.61,9.6,10.58,11.76,9.66,5981,1993
2025-04-23 07:00:00,0.34,1.98,1.95,0.4,0.14,0.04,0.07,0.21,9.88,10.08,9.72,10.16,10.31,10,10.33,10.55,10.18,10.54,10.74,10.39,9.97,10.18,9.85,9.74,9.92,9.59,9.66,9.84,9.49,9.73,9.91,9.6,5981,244
2025-04-23 06:00:00,0.35,2.02,1.97,0.43,0.14,0.04,0.08,0.21,10.3,10.55,10.08,10.58,10.79,10.33,10.79,11.02,10.56,11.01,11.26,10.78,10.43,10.67,10.2,10.17,10.42,9.95,10.1,10.35,9.84,10.18,10.43,9.96,5981,0
2025-04-23 05:00:00,0.33,2.02,2.01,0.5,0.14,0.04,0.04,0.22,10.8,11.02,10.57,11.07,11.32,10.9,11.27,11.5,11.07,11.53,11.78,11.26,10.94,11.21,10.7,10.68,10.89,10.49,10.6,10.78,10.43,10.67,10.91,10.45,5981,0
2025-04-23 04:00:00,0.36,2.05,2.05,0.49,0.17,0.07,0.08,0.23,11.38,11.67,11.1,11.65,11.97,11.37,11.89,12.2,11.61,12.15,12.46,11.85,11.55,11.86,11.27,11.24,11.6,10.91,11.17,11.49,10.89,11.25,11.62,10.94,5981,0
2025-04-23 03:00:00,0.47,2.09,2.05,0.49,0.2,0.15,0.13,0.29,12.09,12.44,11.73,12.39,12.77,12.05,12.63,13.02,12.3,12.91,13.27,12.56,12.31,12.68,11.96,11.99,12.37,11.61,11.93,12.32,11.61,12.01,12.44,11.62,5987,0
2025-04-23 02:00:00,0.44,2.08,2.07,0.52,0.18,0.14,0.14,0.28,12.94,13.39,12.52,13.22,13.62,12.8,13.44,13.86,13.03,13.72,14.12,13.36,13.17,13.63,12.75,12.86,13.29,12.43,12.81,13.27,12.42,12.89,13.36,12.44,5990,0
2025-04-23 01:00:00,0.44,2.08,2.08,0.54,0.21,0.15,0.15,0.3,13.76,13.98,13.46,13.99,14.22,13.73,14.21,14.47,13.96,14.49,14.8,14.21,14.01,14.27,13.67,13.73,13.97,13.38,13.69,13.93,13.38,13.76,13.99,13.4,5990,0
2025-04-23 00:00:00,0.44,2.19,2.14,0.54,0.24,0.15,0.19,0.34,14.49,14.95,14,14.79,15.28,14.33,15.04,15.52,14.57,15.38,15.87,14.92,14.84,15.34,14.34,14.49,15.03,14,14.45,14.93,13.97,14.52,15.04,14.05,5994,0
2025-04-22 23:00:00,0.46,2.2,2.1,0.52,0.23,0.15,0.18,0.33,15.45,15.89,15.04,15.76,16.24,15.36,16.05,16.58,15.63,16.45,17.02,15.99,15.87,16.37,15.41,15.49,15.95,15.09,15.44,15.87,15.04,15.52,15.99,15.1,5994,0
2025-04-22 22:00:00,0.45,2.1,2.14,0.53,0.22,0.15,0.18,0.32,16.85,17.62,16.03,17.16,17.85,16.39,17.43,18.12,16.7,17.9,18.59,17.17,17.36,18.12,16.53,16.95,17.75,16.1,16.89,17.7,16.01,16.96,17.76,16.11,5996,0
2025-04-22 21:00:00,0.49,2.14,2.17,0.53,0.24,0.16,0.15,0.33,18.4,19.29,17.68,18.67,19.54,17.95,18.93,19.77,18.24,19.38,20.12,18.69,18.98,19.78,18.24,18.61,19.52,17.87,18.6,19.53,17.85,18.63,19.54,17.87,5998,0
2025-04-22 20:00:00,0.44,2.21,2.19,0.54,0.18,0.13,0.16,0.33,20.21,20.84,19.42,20.35,20.96,19.66,20.51,21.07,19.89,20.83,21.36,20.24,20.66,21.32,19.93,20.53,21.23,19.7,20.57,21.31,19.7,20.57,21.31,19.77,5998,0
2025-04-22 19:00:00,0.45,2.15,2.19,0.55,0.19,0.15,0.14,0.33,22.12,23.56,20.94,22.09,23.2,21.02,22.06,22.91,21.15,22.2,22.84,21.43,22.4,23.45,21.36,22.52,24.02,21.3,22.69,24.28,21.4,22.64,24.19,21.38,6001,496
2025-04-22 18:00:00,0.44,2.14,2.2,0.56,0.18,0.17,0.16,0.38,23.76,24.15,23.31,23.08,23.44,22.73,22.76,23.06,22.48,22.58,22.85,22.28,23.5,23.82,23.16,24.28,24.71,23.86,24.65,25.09,24.16,24.54,24.97,24.11,6001,137
2025-04-22 17:00:00,0.49,2.14,2.23,0.59,0.21,0.16,0.14,0.37,22.91,23.44,22.14,22.32,22.73,21.81,22.07,22.48,21.67,21.97,22.25,21.74,22.76,23.13,22.16,23.46,24.02,22.71,23.78,24.38,22.95,23.68,24.27,22.85,6001,449
2025-04-22 16:00:00,0.48,2.17,2.21,0.57,0.2,0.19,0.13,0.34,22.68,23.08,22.38,22.21,22.38,22.04,21.97,22.09,21.85,21.88,21.91,21.8,22.59,22.85,22.37,23.22,23.57,22.84,23.56,24.01,23.18,23.44,23.86,23.07,6001,397
2025-04-22 15:00:00,0.47,2.15,2.21,0.58,0.18,0.15,0.12,0.37,23.08,23.91,22.67,22.6,23.21,22.26,22.31,22.74,22.05,22.18,22.42,22,22.98,23.56,22.62,23.7,24.57,23.21,24.08,25.08,23.55,23.94,24.86,23.44,6001,579
2025-04-22 14:00:00,0.45,2.17,2.21,0.58,0.19,0.22,0.17,0.39,23.9,24.62,22.58,22.68,23.44,21.42,22.18,22.85,21.07,21.72,22.41,20.72,23.27,23.92,22.03,24.53,25.26,23.2,25.14,25.9,23.79,24.96,25.69,23.68,5998,724
2025-04-22 13:00:00,0.47,2.2,2.2,0.56,0.18,0.2,0.16,0.37,21.62,22.26,21.31,20.85,21.18,20.73,20.51,20.86,20.34,20.2,20.6,19.89,21.32,21.79,21.17,22.26,22.89,21.93,22.82,23.44,22.49,22.68,23.32,22.31,5996,1552
2025-04-22 12:00:00,0.49,2.21,2.19,0.56,0.2,0.18,0.18,0.36,20.42,21.59,19.54,19.65,20.7,18.95,19.31,20.25,18.7,18.98,19.77,18.45,20.14,21.19,19.42,21.09,22.28,20.2,21.61,22.9,20.66,21.51,22.77,20.6,5994,1237
2025-04-22 11:00:00,0.5,2.19,2.17,0.55,0.23,0.18,0.17,0.35,18.89,19.65,17.89,18.24,18.95,17.29,18.04,18.67,17.29,17.85,18.35,17.25,18.96,19.42,18.43,19.92,20.35,19.45,20.47,20.86,20.09,20.44,20.84,20.06,5994,1504
2025-04-22 10:00:00,0.48,2.22,2.13,0.54,0.2,0.15,0.17,0.35,16,17.62,14.22,15.46,17.04,13.74,15.75,17.15,13.85,15.81,17.07,13.86,16.83,18.24,14.41,18.09,19.29,15.39,19.58,19.9,19.06,19.61,19.89,19.49,5990,1985
2025-04-22 09:00:00,0.46,2.11,2.07,0.5,0.2,0.17,0.15,0.29,12.8,13.87,12.09,12.59,13.51,11.98,12.6,13.5,12.09,12.6,13.49,12.14,12.69,13.91,12.06,12.93,14.5,12.07,13.47,17.18,12.2,14.11,19.06,12.3,5990,2217
2025-04-22 08:00:00,0.43,2.08,2.06,0.52,0.2,0.13,0.13,0.28,11.7,11.97,11.5,11.73,11.97,11.61,11.82,11.97,11.73,11.93,12.08,11.85,11.72,11.97,11.6,11.67,11.96,11.48,11.69,12.08,11.48,11.77,12.15,11.53,5990,772
2025-04-22 07:00:00,0.4,2.06,2.03,0.53,0.17,0.08,0.09,0.24,11.44,11.5,11.38,11.52,11.6,11.5,11.66,11.73,11.64,11.84,11.85,11.83,11.5,11.57,11.49,11.38,11.48,11.34,11.34,11.45,11.26,11.42,11.5,11.38,5990,0
2025-04-22 06:00:00,0.41,2.07,2.05,0.52,0.16,0.08,0.09,0.24,11.41,11.5,11.38,11.56,11.67,11.5,11.75,11.84,11.69,11.91,11.97,11.85,11.52,11.61,11.49,11.35,11.37,11.33,11.29,11.37,11.26,11.39,11.47,11.36,5990,0
2025-04-22 05:00:00,0.38,2.07,2.06,0.5,0.2,0.09,0.1,0.25,11.54,11.6,11.5,11.72,11.78,11.64,11.89,11.97,11.85,12.11,12.22,11.98,11.65,11.74,11.62,11.41,11.48,11.38,11.37,11.39,11.37,11.5,11.5,11.46,5990,0
2025-04-22 04:00:00,0.43,2.08,2.05,0.49,0.2,0.12,0.12,0.28,11.83,12.2,11.61,12.07,12.43,11.83,12.29,12.68,11.97,12.57,12.91,12.3,12.04,12.37,11.75,11.69,12.07,11.48,11.65,12.02,11.4,11.74,12.09,11.5,5994,0
2025-04-22 03:00:00,0.46,2.07,2.06,0.51,0.18,0.15,0.14,0.29,12.58,12.92,12.23,12.81,13.11,12.46,13.03,13.33,12.71,13.32,13.62,12.99,12.8,13.15,12.45,12.49,12.78,12.13,12.46,12.8,12.08,12.54,12.85,12.21,5994,0
2025-04-22 02:00:00,0.45,2.08,2.08,0.52,0.18,0.15,0.14,0.28,13.22,13.6,12.92,13.47,13.86,13.15,13.71,14.1,13.39,14.04,14.43,13.69,13.51,13.87,13.16,13.17,13.51,12.85,13.12,13.5,12.8,13.21,13.61,12.91,5994,0
2025-04-22 01:00:00,0.44,2.13,2.1,0.55,0.23,0.16,0.17,0.32,14.07,14.57,13.62,14.31,14.81,13.88,14.57,15.04,14.15,14.92,15.4,14.48,14.42,14.93,13.98,14.06,14.56,13.61,14.01,14.49,13.61,14.1,14.59,13.63,5996,0
2025-04-22 00:00:00,0.46,2.23,2.12,0.52,0.23,0.16,0.19,0.35,15.1,15.45,14.69,15.31,15.64,14.92,15.53,15.87,15.15,15.89,16.2,15.51,15.46,15.86,15.02,15.17,15.52,14.67,15.12,15.51,14.61,15.21,15.58,14.69,5998,0
2025-04-21 23:00:00,0.44,2.16,2.1,0.54,0.22,0.14,0.2,0.32,15.88,16.23,15.52,16.06,16.45,15.72,16.31,16.7,15.93,16.7,17.12,16.33,16.27,16.7,15.88,15.97,16.33,15.61,15.92,16.34,15.53,16,16.35,15.64,6001,0
2025-04-21 22:00:00,0.44,2.11,2.12,0.53,0.22,0.15,0.18,0.32,16.79,17.41,16.31,17.03,17.65,16.49,17.3,17.92,16.78,17.73,18.35,17.17,17.29,18,16.74,16.94,17.62,16.45,16.9,17.61,16.35,16.97,17.65,16.45,6003,0
2025-04-21 21:00:00,0.47,2.14,2.14,0.53,0.24,0.15,0.15,0.32,18.26,18.84,17.54,18.43,18.95,17.79,18.64,19.18,18.04,19.02,19.53,18.45,18.74,19.31,18.12,18.57,19.25,17.75,18.54,19.2,17.76,18.54,19.2,17.76,6003,0
2025-04-21 20:00:00,0.47,2.19,2.17,0.55,0.2,0.14,0.16,0.33,19.65,20.51,18.95,19.76,20.6,19.06,19.88,20.62,19.27,20.25,20.96,19.65,20.12,20.96,19.43,20.08,21,19.35,20.09,21.07,19.31,20.07,21.03,19.31,6005,0
2025-04-21 19:00:00,0.45,2.16,2.18,0.56,0.19,0.17,0.15,0.33,21.82,22.85,20.72,21.6,22.38,20.72,21.51,22.13,20.82,21.67,22.09,21.09,21.99,22.74,21.08,22.37,23.5,21.19,22.55,23.79,21.29,22.45,23.68,21.19,6007,0
2025-04-21 18:00:00,0.48,2.13,2.21,0.58,0.19,0.14,0.12,0.35,23.21,23.44,22.97,22.58,22.73,22.38,22.27,22.37,22.14,22.21,22.25,22.14,23.03,23.21,22.85,23.82,24.02,23.55,24.15,24.38,23.86,24.03,24.27,23.77,6007,787
2025-04-21 17:00:00,0.47,2.13,2.21,0.57,0.19,0.13,0.12,0.37,23.35,23.44,23.28,22.66,22.73,22.61,22.3,22.37,22.26,22.16,22.25,22.04,23.13,23.21,23.09,24.05,24.14,24.01,24.35,24.5,24.26,24.23,24.39,24.15,6005,476
2025-04-21 16:00:00,0.48,2.16,2.21,0.59,0.19,0.16,0.16,0.37,23.4,23.56,23.09,22.47,22.73,22.14,22,22.26,21.66,21.74,22.02,21.42,23,23.21,22.69,24.06,24.24,23.73,24.53,24.62,24.23,24.37,24.5,24.08,6005,555
2025-04-21 15:00:00,0.49,2.15,2.18,0.56,0.21,0.18,0.14,0.36,22.49,23.07,21.79,21.47,22.08,20.94,21.1,21.63,20.61,20.83,21.31,20.36,22.05,22.62,21.44,23.13,23.73,22.38,23.6,24.16,22.85,23.47,24.03,22.73,6003,602
2025-04-21 14:00:00,0.45,2.24,2.19,0.56,0.18,0.19,0.17,0.37,21.42,21.94,20.84,20.45,20.95,20.01,20.17,20.61,19.65,19.83,20.36,19.27,21.03,21.5,20.49,22.1,22.61,21.54,22.6,23.15,22.13,22.47,22.97,21.99,6003,969
2025-04-21 13:00:00,0.46,2.21,2.18,0.54,0.22,0.17,0.19,0.36,19.93,20.84,19.29,19.13,19.9,18.59,18.78,19.54,18.24,18.43,19.17,17.87,19.59,20.48,18.95,20.6,21.54,19.9,21.1,22.13,20.45,20.99,22,20.37,6001,1142
2025-04-21 12:00:00,0.53,2.22,2.18,0.56,0.23,0.18,0.18,0.36,18.57,19.29,17.65,17.77,18.5,16.94,17.45,18.12,16.7,17.11,17.76,16.44,18.19,18.91,17.36,19.17,19.87,18.24,19.69,20.37,18.82,19.61,20.32,18.7,5998,1390
2025-04-21 11:00:00,0.46,2.34,2.21,0.55,0.21,0.16,0.18,0.36,16.6,17.5,15.75,16.06,16.82,15.28,15.93,16.58,15.29,15.81,16.34,15.32,16.65,17.2,16.23,17.5,18.11,17.04,18.08,18.6,17.76,18.14,18.59,17.92,5996,1863
2025-04-21 10:00:00,0.45,2.33,2.19,0.53,0.21,0.14,0.14,0.34,14.29,15.52,12.82,13.84,15.05,12.44,14.12,15.19,12.68,14.25,15.26,12.8,15.11,16.11,13.28,16.23,17.03,14.34,18.15,18.6,17.79,18.61,19.62,18,5994,1993
2025-04-21 09:00:00,0.42,2.25,2.09,0.5,0.19,0.13,0.13,0.29,11.57,12.56,10.79,11.36,12.21,10.67,11.47,12.42,10.79,11.54,12.45,10.94,11.67,12.91,10.91,11.98,13.51,11.02,12.68,17.14,11.23,13.43,19.23,11.38,5994,2190
2025-04-21 08:00:00,0.35,2.17,2.02,0.42,0.15,0.05,0.07,0.22,10.06,10.61,9.83,10.15,10.55,9.96,10.34,10.67,10.18,10.62,10.9,10.51,10.26,10.79,9.96,10.13,10.89,9.71,10.12,11,9.6,10.26,11.14,9.72,5994,1950
2025-04-21 07:00:00,0.34,2.18,2.03,0.44,0.15,0.03,0.08,0.21,10.24,10.67,9.84,10.45,10.82,10.08,10.69,11.03,10.31,10.95,11.31,10.63,10.43,10.79,10.08,10.11,10.54,9.72,10.05,10.44,9.7,10.13,10.55,9.74,5994,0
2025-04-21 06:00:00,0.34,2.22,2.08,0.51,0.16,0.04,0.06,0.22,11.01,11.26,10.75,11.16,11.38,10.91,11.36,11.61,11.14,11.6,11.85,11.38,11.16,11.38,10.9,10.9,11.15,10.58,10.86,11.14,10.55,10.93,11.14,10.66,5994,0
2025-04-21 05:00:00,0.38,2.24,2.11,0.51,0.19,0.08,0.09,0.25,11.45,11.61,11.26,11.6,11.84,11.39,11.81,12.01,11.61,12.05,12.31,11.85,11.62,11.86,11.39,11.4,11.61,11.22,11.35,11.59,11.14,11.42,11.64,11.26,5996,0
2025-04-21 04:00:00,0.46,2.27,2.14,0.5,0.23,0.15,0.13,0.3,11.95,12.21,11.7,12.12,12.34,11.85,12.32,12.56,12.09,12.59,12.83,12.32,12.19,12.45,11.89,11.96,12.25,11.71,11.9,12.2,11.61,11.97,12.23,11.73,5998,0
2025-04-21 03:00:00,0.46,2.25,2.13,0.52,0.19,0.13,0.14,0.29,12.51,12.8,12.25,12.69,13.03,12.43,12.89,13.24,12.63,13.17,13.5,12.91,12.78,13.16,12.47,12.56,12.9,12.31,12.49,12.8,12.21,12.57,12.92,12.32,5998,0
2025-04-21 02:00:00,0.44,2.26,2.15,0.52,0.19,0.14,0.14,0.29,13.41,13.85,12.92,13.53,13.86,13.14,13.67,13.95,13.28,13.89,14.09,13.61,13.64,13.98,13.17,13.51,13.97,13.01,13.47,13.97,12.91,13.54,13.99,13.03,5998,0
2025-04-21 01:00:00,0.44,2.27,2.17,0.53,0.23,0.16,0.17,0.33,13.83,13.87,13.74,13.81,13.86,13.73,13.92,13.98,13.84,14.05,14.09,13.98,13.95,13.99,13.87,13.93,13.97,13.85,13.96,14.03,13.86,14.05,14.1,13.94,6001,0
2025-04-21 00:00:00,0.46,2.29,2.15,0.54,0.2,0.13,0.15,0.3,13.55,13.74,13.5,13.58,13.67,13.51,13.75,13.84,13.74,14,14.09,13.97,13.75,13.86,13.7,13.64,13.83,13.55,13.63,13.85,13.51,13.7,13.87,13.63,6003,0
2025-04-20 23:00:00,0.44,2.27,2.18,0.55,0.22,0.14,0.15,0.31,13.71,13.86,13.57,13.82,13.98,13.62,14.02,14.21,13.86,14.35,14.57,14.11,14,14.22,13.79,13.79,13.97,13.61,13.77,13.97,13.62,13.84,13.99,13.66,6003,0
2025-04-20 22:00:00,0.44,2.3,2.18,0.56,0.26,0.16,0.19,0.34,14.2,14.56,13.93,14.34,14.7,14.03,14.6,14.97,14.25,15.01,15.4,14.67,14.61,15.03,14.26,14.33,14.68,14.01,14.28,14.63,13.97,14.34,14.69,14.06,6003,0
2025-04-20 21:00:00,0.44,2.36,2.19,0.54,0.24,0.14,0.2,0.34,15.26,16.29,14.59,15.47,16.45,14.81,15.78,16.73,15.04,16.23,17.15,15.51,15.81,16.82,15.07,15.45,16.5,14.79,15.4,16.51,14.69,15.49,16.58,14.79,6005,0
2025-04-20 20:00:00,0.47,2.28,2.21,0.54,0.23,0.14,0.15,0.33,17.54,18.36,16.53,17.6,18.26,16.7,17.7,18.26,16.93,17.91,18.35,17.29,17.88,18.6,17.02,17.9,18.82,16.78,17.96,18.94,16.78,17.94,18.87,16.82,6007,0
2025-04-20 19:00:00,0.51,2.32,2.23,0.53,0.24,0.16,0.17,0.33,18.69,18.83,18.54,18.43,18.5,18.36,18.39,18.45,18.35,18.46,18.56,18.45,18.84,18.94,18.7,19.19,19.29,18.93,19.38,19.5,19.08,19.32,19.43,19.07,6007,126
2025-04-20 18:00:00,0.48,2.32,2.24,0.55,0.24,0.17,0.17,0.36,19.21,19.54,18.83,18.81,18.95,18.58,18.64,18.78,18.45,18.63,18.7,18.5,19.24,19.43,18.95,19.85,20.14,19.41,20.11,20.48,19.58,20.03,20.37,19.54,6007,256
2025-04-20 17:00:00,0.46,2.32,2.23,0.54,0.24,0.17,0.19,0.36,19.11,19.29,18.83,18.59,18.75,18.4,18.36,18.58,18.14,18.23,18.45,18,19.02,19.19,18.73,19.73,19.89,19.41,20.06,20.24,19.77,19.97,20.12,19.66,6007,638
2025-04-20 16:00:00,0.53,2.3,2.21,0.55,0.24,0.17,0.2,0.36,18.85,19.06,18.7,18.2,18.45,17.82,17.85,18.2,17.41,17.57,18,17.04,18.54,18.84,18.18,19.41,19.69,19.17,19.81,20.09,19.65,19.74,20.01,19.57,6005,650
2025-04-20 15:00:00,0.5,2.33,2.21,0.56,0.23,0.18,0.19,0.36,17.31,18.45,16.26,16.66,17.65,15.86,16.33,17.2,15.63,16.06,16.84,15.4,16.94,18.01,16.04,17.74,18.95,16.69,18.12,19.41,17.01,18.06,19.33,16.94,6003,1110
2025-04-20 14:00:00,0.44,2.41,2.23,0.58,0.22,0.13,0.2,0.36,16.04,16.23,15.74,15.52,15.76,15.05,15.27,15.62,14.81,15,15.4,14.45,15.73,16,15.29,16.45,16.65,16.1,16.8,16.93,16.45,16.74,16.87,16.45,6001,1043
2025-04-20 13:00:00,0.48,2.33,2.17,0.54,0.23,0.16,0.21,0.36,14.68,15.55,13.49,14.02,14.93,12.92,13.76,14.68,12.76,13.5,14.33,12.56,14.25,15.16,13.16,15,15.98,13.73,15.37,16.34,14.09,15.36,16.31,14.1,5998,1300
2025-04-20 12:00:00,0.45,2.29,2.12,0.5,0.2,0.15,0.14,0.3,12.43,13.15,11.38,11.99,12.68,11.02,11.86,12.56,11.01,11.71,12.42,10.9,12.12,12.89,11.15,12.61,13.41,11.48,12.9,13.73,11.73,12.93,13.74,11.75,5996,1485
2025-04-20 11:00:00,0.36,2.22,2.03,0.43,0.14,0.06,0.09,0.24,10.54,11.26,9.81,10.29,10.95,9.66,10.26,10.9,9.72,10.21,10.78,9.72,10.32,11,9.64,10.58,11.35,9.81,10.74,11.51,9.84,10.8,11.62,9.95,5996,1284
2025-04-20 10:00:00,0.34,2.23,2.04,0.45,0.16,0.04,0.1,0.23,9.47,9.72,9.25,9.38,9.6,9.16,9.41,9.6,9.22,9.44,9.62,9.24,9.34,9.6,9.12,9.41,9.71,9.13,9.47,9.79,9.2,9.54,9.84,9.25,5996,555
2025-04-20 09:00:00,0.37,2.23,2.05,0.45,0.15,0.06,0.11,0.24,9.02,9.21,8.89,8.98,9.13,8.89,9.01,9.14,8.89,9.07,9.22,8.97,8.88,9.03,8.77,8.89,9.12,8.72,8.92,9.13,8.76,8.97,9.21,8.78,5996,177
2025-04-20 08:00:00,0.33,2.2,2.04,0.45,0.16,0.05,0.08,0.24,8.72,8.87,8.66,8.76,8.81,8.7,8.8,8.89,8.77,8.89,8.93,8.89,8.61,8.68,8.55,8.57,8.67,8.52,8.56,8.68,8.45,8.62,8.78,8.54,5996,0
2025-04-20 07:00:00,0.33,2.21,2.06,0.45,0.17,0.04,0.07,0.24,8.74,8.79,8.66,8.81,8.89,8.72,8.85,8.89,8.77,8.95,9.01,8.89,8.63,8.7,8.55,8.57,8.64,8.5,8.55,8.64,8.43,8.61,8.66,8.54,5996,0
2025-04-20 06:00:00,0.37,2.19,2.03,0.45,0.14,0.06,0.1,0.23,8.88,8.93,8.79,8.97,9.01,8.89,9.01,9.06,8.93,9.11,9.14,9.02,8.82,8.89,8.74,8.72,8.77,8.64,8.72,8.77,8.64,8.76,8.84,8.67,5998,0
2025-04-20 05:00:00,0.37,2.19,2.02,0.44,0.15,0.05,0.1,0.24,8.9,8.95,8.85,8.95,9.01,8.89,9.01,9.03,9,9.12,9.13,9.1,8.82,8.89,8.78,8.72,8.77,8.64,8.71,8.77,8.64,8.77,8.85,8.67,5996,0
2025-04-20 04:00:00,0.33,2.21,2.05,0.44,0.17,0.05,0.1,0.23,8.7,8.8,8.6,8.81,8.89,8.72,8.91,9,8.89,9.03,9.09,9.01,8.67,8.77,8.6,8.53,8.64,8.41,8.47,8.62,8.32,8.55,8.66,8.42,5998,0
2025-04-20 03:00:00,0.32,2.19,2.04,0.44,0.15,0.03,0.09,0.22,8.53,8.66,8.43,8.75,8.92,8.66,8.94,9.13,8.81,9.15,9.35,9.01,8.59,8.75,8.55,8.32,8.45,8.21,8.24,8.39,8.16,8.31,8.42,8.18,5998,0
2025-04-20 02:00:00,0.33,2.22,2.03,0.42,0.15,0.04,0.09,0.22,8.98,9.24,8.77,9.2,9.43,9.01,9.38,9.6,9.16,9.62,9.84,9.37,9.03,9.25,8.79,8.7,8.99,8.51,8.63,8.89,8.42,8.72,9.01,8.5,5998,0
2025-04-20 01:00:00,0.32,2.2,2,0.41,0.15,0.05,0.11,0.23,9.39,9.53,9.26,9.6,9.81,9.49,9.82,10.08,9.64,10.06,10.31,9.85,9.43,9.62,9.27,9.09,9.24,9,9.04,9.18,8.93,9.12,9.25,9.01,6001,0
2025-04-20 00:00:00,0.33,2.16,2.01,0.41,0.15,0.04,0.07,0.2,9.95,10.31,9.6,10.21,10.55,9.84,10.46,10.79,10.09,10.75,11.13,10.4,10.08,10.44,9.72,9.68,10.06,9.33,9.61,9.95,9.24,9.7,10.07,9.35,6003,0
2025-04-19 23:00:00,0.32,2.22,2.06,0.49,0.15,0.02,0.06,0.21,10.66,11.13,10.31,10.95,11.39,10.57,11.24,11.73,10.87,11.6,12.16,11.17,10.87,11.38,10.44,10.41,10.89,10.06,10.35,10.82,9.99,10.43,10.91,10.08,6005,0
2025-04-19 22:00:00,0.4,2.25,2.12,0.49,0.19,0.09,0.11,0.26,12.02,12.91,11.25,12.34,13.2,11.53,12.65,13.48,11.85,13.03,13.86,12.23,12.36,13.28,11.5,11.9,12.9,11.01,11.84,12.81,10.92,11.92,12.92,11.02,6007,0
2025-04-19 21:00:00,0.43,2.27,2.16,0.55,0.22,0.14,0.15,0.31,13.67,14.45,13.03,13.98,14.7,13.34,14.2,14.92,13.6,14.58,15.28,13.98,14.06,14.81,13.39,13.84,14.66,13.06,13.75,14.57,13.02,13.79,14.61,13.03,6007,0
2025-04-19 20:00:00,0.44,2.37,2.18,0.53,0.23,0.13,0.2,0.33,15.39,16.06,14.62,15.49,16,14.84,15.59,16.08,15.04,15.85,16.31,15.38,15.62,16.15,14.93,15.55,16.2,14.79,15.58,16.33,14.74,15.61,16.35,14.8,6012,0
2025-04-19 19:00:00,0.41,2.31,2.19,0.53,0.22,0.14,0.17,0.32,16.54,17.39,16.11,16.53,17.29,16.07,16.56,17.28,16.11,16.8,17.41,16.34,16.7,17.53,16.23,16.8,17.75,16.27,16.91,17.87,16.34,16.92,17.87,16.35,6012,323
2025-04-19 18:00:00,0.48,2.28,2.19,0.54,0.24,0.14,0.15,0.33,17.96,18.27,17.53,17.7,17.87,17.41,17.61,17.76,17.37,17.67,17.76,17.52,18.01,18.24,17.65,18.38,18.75,17.9,18.61,19.03,18.1,18.58,18.95,18.04,6012,295
2025-04-19 17:00:00,0.49,2.29,2.2,0.54,0.25,0.15,0.15,0.33,17.93,18.12,17.76,17.64,17.77,17.53,17.55,17.64,17.45,17.6,17.64,17.52,17.94,18.12,17.78,18.36,18.59,18.2,18.6,18.9,18.35,18.57,18.83,18.36,6012,823
2025-04-19 16:00:00,0.47,2.28,2.19,0.53,0.27,0.16,0.16,0.32,18.02,18.12,17.87,17.66,17.76,17.53,17.52,17.61,17.41,17.54,17.64,17.41,17.97,18.04,17.87,18.47,18.58,18.34,18.76,18.89,18.59,18.72,18.83,18.59,6012,1055
2025-04-19 15:00:00,0.48,2.3,2.2,0.54,0.24,0.15,0.15,0.32,17.88,18.08,17.69,17.5,17.64,17.41,17.39,17.52,17.29,17.42,17.51,17.4,17.84,18.01,17.7,18.35,18.56,18.12,18.62,18.85,18.37,18.58,18.83,18.36,6012,614
2025-04-19 14:00:00,0.5,2.3,2.2,0.54,0.26,0.14,0.16,0.32,18.17,18.36,18,17.65,17.74,17.56,17.44,17.53,17.41,17.4,17.52,17.29,18.01,18.12,17.92,18.69,18.92,18.56,19.05,19.29,18.9,18.99,19.26,18.82,6012,984
2025-04-19 13:00:00,0.49,2.31,2.21,0.55,0.23,0.17,0.17,0.35,17.7,18.36,16.94,17.1,17.7,16.45,16.83,17.41,16.2,16.71,17.28,16.2,17.47,18.12,16.73,18.23,18.93,17.4,18.62,19.41,17.76,18.54,19.29,17.68,6012,890
2025-04-19 12:00:00,0.42,2.36,2.18,0.53,0.23,0.14,0.19,0.35,16.5,16.81,16.17,16.1,16.34,15.87,15.99,16.2,15.8,15.95,16.11,15.77,16.43,16.65,16.19,16.96,17.27,16.69,17.32,17.59,17.04,17.26,17.53,16.95,6007,870
2025-04-19 11:00:00,0.43,2.39,2.19,0.53,0.23,0.13,0.18,0.34,15.93,16.2,15.47,15.74,15.97,15.4,15.81,15.88,15.75,15.89,15.99,15.77,16.32,16.45,16.11,16.87,17.06,16.58,17.3,17.64,17,17.23,17.53,16.94,6007,1820
2025-04-19 10:00:00,0.44,2.34,2.17,0.51,0.18,0.15,0.12,0.31,14.25,15.38,12.92,14.11,15.28,12.8,14.82,15.75,13.13,15.26,16.11,13.39,15.82,16.7,13.63,17.12,17.62,15.03,18.94,20.01,17.79,18.94,20.48,17.69,6007,2052
2025-04-19 09:00:00,0.46,2.28,2.11,0.53,0.21,0.15,0.13,0.3,12.19,12.8,11.94,12.14,12.59,11.97,12.25,12.85,12.06,12.4,13.05,12.2,12.28,13.18,11.97,12.37,13.85,11.87,13.15,17.85,11.95,13.84,19.69,11.98,6007,3009
2025-04-19 08:00:00,0.48,2.34,2.14,0.52,0.21,0.16,0.13,0.31,12.08,12.18,11.97,12.1,12.21,11.97,12.18,12.3,12.09,12.33,12.44,12.21,12.11,12.21,12.02,12.04,12.12,11.94,12.06,12.16,11.96,12.11,12.21,12.04,6007,78
2025-04-19 07:00:00,0.47,2.28,2.14,0.51,0.22,0.16,0.15,0.28,12.37,12.56,12.21,12.42,12.58,12.22,12.5,12.68,12.32,12.7,12.91,12.47,12.44,12.65,12.23,12.35,12.55,12.19,12.35,12.55,12.19,12.4,12.56,12.21,6007,0
2025-04-19 06:00:00,0.44,2.27,2.14,0.53,0.18,0.15,0.14,0.29,12.82,13.14,12.56,12.9,13.2,12.67,12.99,13.27,12.74,13.19,13.5,12.91,12.93,13.28,12.68,12.81,13.14,12.55,12.8,13.15,12.56,12.87,13.17,12.61,6007,0
2025-04-19 05:00:00,0.46,2.29,2.15,0.54,0.2,0.15,0.13,0.29,13.37,13.6,13.16,13.44,13.62,13.27,13.54,13.74,13.37,13.73,13.94,13.53,13.5,13.75,13.28,13.4,13.61,13.18,13.4,13.62,13.19,13.45,13.64,13.27,6012,0
2025-04-19 04:00:00,0.44,2.3,2.19,0.55,0.22,0.16,0.16,0.32,13.82,13.98,13.62,13.88,14.1,13.68,13.97,14.18,13.75,14.16,14.33,13.98,13.97,14.21,13.75,13.88,14.08,13.66,13.88,14.09,13.64,13.94,14.11,13.74,6012,0
2025-04-19 03:00:00,0.45,2.31,2.19,0.58,0.26,0.16,0.2,0.34,14.27,14.51,14.04,14.33,14.57,14.1,14.44,14.69,14.21,14.64,14.89,14.42,14.43,14.69,14.22,14.34,14.59,14.08,14.34,14.57,14.09,14.4,14.69,14.17,6012,0
2025-04-19 02:00:00,0.45,2.4,2.21,0.58,0.26,0.16,0.2,0.38,14.75,14.93,14.57,14.82,15.03,14.67,14.92,15.12,14.72,15.12,15.29,14.92,14.94,15.17,14.69,14.86,15.1,14.68,14.86,15.07,14.67,14.91,15.15,14.69,6012,0
2025-04-19 01:00:00,0.47,2.44,2.22,0.55,0.24,0.15,0.17,0.34,15.23,15.46,14.95,15.28,15.5,15.04,15.38,15.58,15.16,15.58,15.75,15.38,15.45,15.64,15.17,15.41,15.62,15.15,15.41,15.63,15.15,15.46,15.68,15.16,6014,0
2025-04-19 00:00:00,0.45,2.38,2.19,0.53,0.22,0.14,0.18,0.33,15.59,15.71,15.51,15.63,15.75,15.52,15.73,15.87,15.63,15.95,16.11,15.77,15.83,15.97,15.68,15.78,15.86,15.64,15.78,15.87,15.65,15.83,15.91,15.75,6018,0
2025-04-18 23:00:00,0.43,2.34,2.19,0.54,0.23,0.14,0.2,0.32,15.98,16.33,15.75,16.07,16.44,15.76,16.19,16.58,15.87,16.47,16.87,16.14,16.29,16.67,16,16.17,16.52,15.88,16.15,16.45,15.87,16.21,16.56,15.98,6018,0
2025-04-18 22:00:00,0.43,2.29,2.21,0.55,0.22,0.14,0.18,0.32,16.81,17.28,16.37,16.94,17.41,16.5,17.08,17.53,16.65,17.38,17.89,16.93,17.18,17.66,16.7,17.06,17.52,16.58,17.03,17.52,16.58,17.07,17.53,16.59,6018,0
2025-04-18 21:00:00,0.48,2.3,2.21,0.55,0.24,0.14,0.16,0.32,17.94,18.59,17.31,18.07,18.7,17.52,18.24,18.83,17.64,18.6,19.18,18,18.41,19.04,17.77,18.27,18.95,17.62,18.24,18.94,17.61,18.27,18.95,17.65,6021,0
2025-04-18 20:00:00,0.45,2.36,2.23,0.55,0.22,0.14,0.16,0.32,19.45,20.31,18.7,19.52,20.25,18.83,19.61,20.33,18.94,19.92,20.49,19.29,19.87,20.61,19.18,19.89,20.82,19.06,19.95,20.94,19.09,19.98,20.96,19.17,6021,0
2025-04-18 19:00:00,0.43,2.39,2.24,0.57,0.2,0.14,0.17,0.33,20.9,21.2,20.48,20.74,21.01,20.37,20.74,20.96,20.37,20.93,21.19,20.6,21.16,21.45,20.74,21.45,21.82,20.94,21.6,22.02,21.07,21.6,22.02,21.08,6023,0
2025-04-18 18:00:00,0.44,2.36,2.23,0.57,0.21,0.17,0.16,0.35,21.59,21.88,21.29,21.31,21.55,21.08,21.24,21.43,21,21.37,21.55,21.19,21.8,22.03,21.55,22.25,22.6,21.89,22.48,22.84,22.06,22.44,22.81,22.03,6023,732
2025-04-18 17:00:00,0.48,2.35,2.25,0.55,0.2,0.19,0.14,0.33,22.14,22.28,21.9,21.69,21.78,21.55,21.53,21.58,21.43,21.54,21.56,21.49,22.19,22.27,22.03,22.87,23.07,22.6,23.16,23.37,22.84,23.12,23.32,22.85,6023,728
2025-04-18 16:00:00,0.49,2.33,2.25,0.57,0.22,0.19,0.13,0.34,22.13,22.26,21.98,21.56,21.67,21.5,21.33,21.43,21.27,21.28,21.43,21.18,22.07,22.23,21.94,22.87,22.98,22.72,23.25,23.44,23.09,23.17,23.32,23.06,6021,295
2025-04-18 15:00:00,0.47,2.35,2.24,0.57,0.22,0.19,0.11,0.34,22.14,22.26,22.06,21.35,21.55,21.08,21.03,21.24,20.81,20.85,21.08,20.48,21.88,22.03,21.67,22.9,23.06,22.81,23.36,23.44,23.3,23.24,23.32,23.17,6021,854
2025-04-18 14:00:00,0.46,2.45,2.26,0.58,0.2,0.19,0.17,0.37,21.47,22.02,20.73,20.53,21.03,20,20.19,20.72,19.54,19.83,20.44,19.18,21.1,21.67,20.37,22.23,22.72,21.49,22.78,23.24,22.01,22.64,23.1,21.9,6021,807
2025-04-18 13:00:00,0.47,2.38,2.24,0.57,0.24,0.16,0.2,0.37,19.92,20.72,18.86,19.11,19.89,18.23,18.7,19.42,17.87,18.31,19.06,17.54,19.47,20.27,18.48,20.5,21.42,19.32,21.02,21.9,19.78,20.94,21.79,19.77,6018,1311
2025-04-18 12:00:00,0.51,2.33,2.23,0.57,0.24,0.17,0.18,0.36,18.17,18.77,17.2,17.46,18.12,16.67,17.12,17.76,16.35,16.81,17.51,16.11,17.71,18.36,16.84,18.54,19.17,17.51,19,19.65,17.92,18.99,19.65,17.92,6018,1757
2025-04-18 11:00:00,0.45,2.37,2.22,0.57,0.24,0.15,0.2,0.34,16.57,17.14,15.52,15.93,16.57,14.96,15.64,16.29,14.78,15.37,16.02,14.56,16.13,16.7,15.17,16.79,17.4,15.74,17.22,17.82,16.1,17.23,17.79,16.11,6014,1753
2025-04-18 10:00:00,0.46,2.33,2.18,0.55,0.24,0.18,0.2,0.34,14.27,15.28,13.39,13.91,14.79,13.16,13.79,14.57,13.15,13.7,14.39,13.15,14.08,14.95,13.31,14.44,15.5,13.52,14.67,15.81,13.63,14.72,15.86,13.74,6012,2009
2025-04-18 09:00:00,0.46,2.29,2.14,0.52,0.18,0.16,0.13,0.3,12.94,13.28,12.66,12.82,13.15,12.56,12.84,13.14,12.66,12.86,13.12,12.68,12.93,13.28,12.68,13.04,13.47,12.69,13.12,13.58,12.76,13.17,13.63,12.8,6012,409
2025-04-18 08:00:00,0.47,2.29,2.14,0.52,0.23,0.15,0.15,0.3,12.44,12.58,12.33,12.42,12.56,12.32,12.49,12.57,12.43,12.58,12.68,12.51,12.48,12.65,12.37,12.5,12.67,12.38,12.52,12.67,12.39,12.59,12.8,12.44,6012,0
2025-04-18 07:00:00,0.49,2.3,2.15,0.52,0.22,0.15,0.16,0.3,12.29,12.32,12.23,12.29,12.32,12.21,12.35,12.43,12.31,12.44,12.48,12.35,12.32,12.34,12.24,12.31,12.38,12.29,12.33,12.37,12.31,12.41,12.44,12.34,6012,0
2025-04-18 06:00:00,0.49,2.33,2.15,0.53,0.21,0.19,0.16,0.3,12.14,12.21,12.05,12.13,12.21,12.04,12.18,12.29,12.09,12.26,12.34,12.2,12.15,12.24,12.08,12.15,12.25,12.06,12.17,12.3,12.08,12.25,12.32,12.12,6012,0
2025-04-18 05:00:00,0.47,2.27,2.14,0.52,0.21,0.14,0.14,0.31,11.87,11.99,11.73,11.85,11.98,11.72,11.92,12.08,11.77,12,12.15,11.85,11.86,12,11.71,11.84,11.97,11.63,11.87,12.08,11.68,11.95,12.09,11.73,6012,0
2025-04-18 04:00:00,0.38,2.27,2.08,0.53,0.18,0.08,0.1,0.25,11.44,11.7,11.22,11.46,11.63,11.26,11.58,11.74,11.41,11.71,11.85,11.61,11.43,11.63,11.26,11.35,11.6,11.07,11.34,11.61,11.03,11.42,11.73,11.14,6012,0
2025-04-18 03:00:00,0.34,2.25,2.08,0.51,0.17,0.04,0.06,0.21,11.08,11.26,11.02,11.24,11.45,11.14,11.47,11.73,11.38,11.74,11.97,11.61,11.22,11.38,11.15,10.91,11.03,10.83,10.86,11.02,10.78,10.97,11.12,10.91,6014,0
2025-04-18 02:00:00,0.4,2.28,2.11,0.5,0.19,0.08,0.09,0.24,11.57,11.85,11.26,11.79,12.09,11.5,12.06,12.39,11.73,12.38,12.71,12.07,11.81,12.14,11.5,11.43,11.75,11.13,11.38,11.73,11.06,11.48,11.84,11.14,6018,0
2025-04-18 01:00:00,0.46,2.27,2.11,0.52,0.2,0.14,0.13,0.29,12.3,12.68,11.97,12.55,12.94,12.21,12.84,13.27,12.44,13.19,13.62,12.8,12.6,13.04,12.21,12.22,12.67,11.84,12.16,12.57,11.76,12.27,12.69,11.85,6018,0
2025-04-18 00:00:00,0.43,2.28,2.16,0.54,0.21,0.13,0.13,0.28,13.29,13.86,12.8,13.56,14.1,13.03,13.87,14.45,13.39,14.26,14.82,13.74,13.7,14.24,13.16,13.25,13.85,12.74,13.2,13.74,12.67,13.31,13.86,12.8,6012,0
2025-04-17 23:00:00,0.44,2.38,2.19,0.54,0.25,0.14,0.19,0.33,14.55,15.28,13.97,14.86,15.52,14.22,15.19,15.87,14.57,15.6,16.33,14.95,15.05,15.77,14.35,14.63,15.38,13.97,14.54,15.28,13.88,14.65,15.4,13.98,6021,0
2025-04-17 22:00:00,0.44,2.33,2.19,0.54,0.22,0.13,0.17,0.32,16.26,17.17,15.4,16.51,17.36,15.65,16.78,17.53,15.99,17.18,17.87,16.45,16.77,17.54,15.94,16.46,17.44,15.5,16.4,17.4,15.43,16.48,17.43,15.52,6023,0
2025-04-17 21:00:00,0.48,2.3,2.2,0.54,0.25,0.14,0.16,0.33,17.77,18.12,17.29,17.86,18.24,17.43,18.02,18.35,17.64,18.29,18.6,17.99,18.15,18.52,17.7,18.1,18.5,17.62,18.09,18.51,17.52,18.12,18.56,17.6,6025,0
2025-04-17 20:00:00,0.48,2.34,2.22,0.55,0.24,0.15,0.15,0.32,18.65,19.06,18.24,18.67,18.98,18.32,18.77,19.06,18.45,18.99,19.29,18.7,18.98,19.31,18.6,19.05,19.5,18.58,19.1,19.54,18.59,19.1,19.54,18.6,6025,0
2025-04-17 19:00:00,0.44,2.33,2.22,0.56,0.24,0.15,0.18,0.35,19.37,19.54,19.08,19.26,19.42,19.06,19.3,19.43,19.09,19.47,19.65,19.29,19.64,19.78,19.42,19.84,20.04,19.52,19.96,20.2,19.65,19.96,20.19,19.66,6025,149
2025-04-17 18:00:00,0.44,2.39,2.24,0.56,0.22,0.13,0.15,0.32,19.88,20.37,19.58,19.74,20.12,19.45,19.74,20.08,19.53,19.89,20.19,19.65,20.12,20.5,19.89,20.44,20.94,20.12,20.62,21.19,20.24,20.61,21.19,20.25,6025,346
2025-04-17 17:00:00,0.42,2.45,2.24,0.56,0.17,0.14,0.18,0.34,20.84,21.19,20.39,20.47,20.72,20.14,20.33,20.5,20.12,20.36,20.48,20.24,20.9,21.2,20.61,21.5,21.89,21.05,21.82,22.25,21.29,21.77,22.24,21.21,6025,653
2025-04-17 16:00:00,0.42,2.43,2.25,0.58,0.18,0.16,0.19,0.36,20.84,20.96,20.72,20.31,20.48,20.12,20.13,20.28,19.93,20.07,20.24,19.89,20.78,20.96,20.61,21.52,21.65,21.41,21.88,22.02,21.78,21.83,22.02,21.68,6025,1201
2025-04-17 15:00:00,0.43,2.42,2.24,0.57,0.21,0.13,0.18,0.34,20.47,20.72,20.01,19.82,20.08,19.37,19.6,19.89,19.17,19.46,19.79,19,20.28,20.53,19.79,21.13,21.42,20.63,21.52,21.78,21.07,21.49,21.79,20.98,6025,811
2025-04-17 14:00:00,0.48,2.35,2.23,0.56,0.25,0.16,0.18,0.33,19.48,20,18.59,18.75,19.29,17.99,18.52,19.06,17.76,18.32,18.94,17.54,19.23,19.74,18.36,20.09,20.59,19.17,20.5,21.06,19.53,20.45,20.96,19.5,6023,1158
2025-04-17 13:00:00,0.49,2.34,2.21,0.56,0.24,0.16,0.16,0.33,17.99,18.56,17.37,17.37,17.87,16.77,17.17,17.67,16.58,16.97,17.52,16.34,17.73,18.26,17.08,18.55,19.06,17.87,18.98,19.45,18.34,18.93,19.42,18.31,6021,1370
2025-04-17 12:00:00,0.46,2.4,2.21,0.56,0.23,0.16,0.19,0.34,16.48,17.17,15.52,15.9,16.6,15.01,15.69,16.45,14.81,15.49,16.2,14.68,16.14,16.94,15.17,16.84,17.62,15.76,17.28,18.11,16.11,17.29,18.12,16.18,6021,1812
2025-04-17 11:00:00,0.46,2.35,2.18,0.55,0.23,0.16,0.2,0.37,14.53,15.36,13.86,14.13,14.82,13.51,14,14.69,13.42,13.9,14.56,13.39,14.31,15.05,13.67,14.78,15.63,14.08,15.06,15.99,14.33,15.09,15.99,14.34,6018,1666
2025-04-17 10:00:00,0.46,2.29,2.14,0.52,0.18,0.14,0.15,0.31,13.18,13.74,12.68,12.92,13.39,12.44,12.89,13.36,12.45,12.86,13.27,12.46,13.05,13.59,12.57,13.34,13.97,12.78,13.55,14.21,12.92,13.59,14.22,13.02,6018,1047
2025-04-17 09:00:00,0.48,2.32,2.14,0.52,0.23,0.17,0.16,0.3,12.17,12.57,11.92,12.09,12.39,11.91,12.13,12.41,11.97,12.21,12.44,12.08,12.16,12.49,11.97,12.24,12.67,11.96,12.3,12.8,11.98,12.39,12.92,12.09,6018,984
2025-04-17 08:00:00,0.48,2.27,2.14,0.51,0.21,0.14,0.15,0.3,11.85,11.89,11.84,11.85,11.87,11.85,11.97,11.97,11.96,12.08,12.09,12.08,11.91,11.97,11.88,11.89,11.96,11.84,11.9,11.96,11.85,11.97,12.07,11.93,6018,208
2025-04-17 07:00:00,0.48,2.28,2.13,0.52,0.22,0.14,0.14,0.31,11.87,11.92,11.85,11.91,11.97,11.85,12.01,12.09,11.97,12.15,12.22,12.08,11.96,12,11.91,11.91,11.96,11.84,11.9,11.96,11.85,11.97,11.97,11.95,6018,0
2025-04-17 06:00:00,0.48,2.34,2.15,0.51,0.21,0.18,0.15,0.3,12.05,12.09,11.96,12.06,12.1,11.97,12.17,12.2,12.09,12.31,12.33,12.22,12.14,12.21,12.02,12.1,12.19,11.96,12.09,12.19,11.96,12.15,12.21,11.98,6018,0
2025-04-17 05:00:00,0.48,2.41,2.15,0.51,0.22,0.16,0.14,0.31,12.03,12.09,11.97,12.08,12.09,12.07,12.2,12.2,12.2,12.33,12.35,12.32,12.11,12.18,12.09,12.07,12.16,12.03,12.07,12.14,11.99,12.14,12.21,12.09,6021,0
2025-04-17 04:00:00,0.48,2.33,2.1,0.51,0.23,0.17,0.15,0.3,12.13,12.32,11.98,12.2,12.32,12.09,12.31,12.44,12.2,12.49,12.56,12.42,12.25,12.38,12.15,12.16,12.31,12.07,12.16,12.32,12.08,12.2,12.36,12.09,6021,0
2025-04-17 03:00:00,0.46,2.29,2.06,0.51,0.24,0.13,0.14,0.28,12.39,12.44,12.32,12.42,12.45,12.34,12.53,12.57,12.44,12.69,12.76,12.61,12.48,12.56,12.45,12.43,12.46,12.34,12.42,12.47,12.32,12.5,12.56,12.44,6021,0
2025-04-17 02:00:00,0.47,2.29,2.03,0.5,0.18,0.14,0.14,0.29,12.49,12.58,12.44,12.56,12.68,12.46,12.67,12.78,12.57,12.84,12.91,12.8,12.62,12.69,12.57,12.56,12.67,12.47,12.57,12.67,12.49,12.62,12.68,12.56,6023,0
2025-04-17 01:00:00,0.45,2.27,2.02,0.5,0.17,0.13,0.13,0.3,12.72,12.8,12.59,12.78,12.92,12.68,12.89,13.02,12.8,13.07,13.22,12.93,12.83,12.92,12.71,12.77,12.89,12.67,12.76,12.88,12.67,12.82,12.92,12.69,6023,0
2025-04-17 00:00:00,0.44,2.27,2.03,0.53,0.18,0.13,0.12,0.28,12.98,13.16,12.8,13.07,13.27,12.92,13.19,13.39,13.03,13.41,13.61,13.27,13.14,13.33,12.96,13.05,13.26,12.9,13.05,13.27,12.91,13.09,13.27,12.92,6021,0
2025-04-16 23:00:00,0.44,2.28,2.02,0.52,0.2,0.14,0.15,0.3,13.51,13.74,13.23,13.57,13.84,13.28,13.69,13.95,13.39,13.88,14.13,13.62,13.69,13.98,13.39,13.64,13.94,13.28,13.64,13.95,13.28,13.69,13.98,13.37,6025,0
2025-04-16 22:00:00,0.45,2.29,2.05,0.55,0.24,0.15,0.18,0.34,14.06,14.33,13.81,14.11,14.44,13.86,14.23,14.57,13.98,14.46,14.8,14.21,14.3,14.58,13.99,14.26,14.56,13.97,14.26,14.57,13.97,14.3,14.64,13.98,6025,0
2025-04-16 21:00:00,0.43,2.36,2.07,0.55,0.24,0.14,0.18,0.36,14.82,15.28,14.45,14.87,15.37,14.46,15.01,15.52,14.62,15.25,15.75,14.81,15.11,15.64,14.69,15.09,15.62,14.68,15.1,15.63,14.68,15.13,15.64,14.69,6027,0
2025-04-16 20:00:00,0.43,2.34,2.04,0.52,0.21,0.12,0.18,0.32,15.93,16.43,15.4,15.94,16.39,15.47,16.08,16.54,15.63,16.32,16.7,15.87,16.26,16.7,15.75,16.32,16.84,15.74,16.37,16.93,15.75,16.39,16.94,15.75,6030,0
2025-04-16 19:00:00,0.44,2.29,2.06,0.54,0.21,0.13,0.17,0.32,16.91,17.32,16.45,16.83,17.17,16.45,16.92,17.19,16.58,17.09,17.33,16.81,17.21,17.57,16.82,17.44,17.92,16.93,17.55,18.09,17.04,17.55,18.08,17.04,6030,0
2025-04-16 18:00:00,0.48,2.3,2.06,0.53,0.24,0.15,0.15,0.34,17.5,17.65,17.29,17.24,17.33,17.17,17.3,17.4,17.17,17.4,17.44,17.36,17.69,17.78,17.54,18.1,18.2,17.92,18.3,18.45,18.04,18.29,18.45,18.02,6030,795
2025-04-16 17:00:00,0.48,2.32,2.05,0.53,0.22,0.14,0.16,0.36,17.4,17.53,17.29,17.17,17.34,17.07,17.18,17.29,17.12,17.3,17.41,17.25,17.61,17.76,17.53,18.05,18.2,17.98,18.26,18.45,18.14,18.23,18.39,18.12,6030,1252
2025-04-16 16:00:00,0.49,2.3,2.05,0.52,0.25,0.14,0.15,0.32,18.08,18.45,17.65,17.65,17.86,17.42,17.49,17.64,17.29,17.41,17.52,17.1,18.07,18.26,17.83,18.8,19.17,18.34,19.13,19.53,18.59,19.06,19.45,18.54,6030,839
2025-04-16 15:00:00,0.49,2.31,2.05,0.55,0.22,0.16,0.15,0.36,17.63,18.12,17.17,16.98,17.53,16.58,16.71,17.19,16.28,16.52,17.04,16.11,17.34,17.9,16.85,18.18,18.82,17.62,18.58,19.2,18,18.51,19.18,17.93,6030,1359
2025-04-16 14:00:00,0.48,2.31,2.04,0.52,0.2,0.16,0.16,0.35,17.24,17.62,16.94,16.6,16.82,16.45,16.22,16.34,16,15.91,16.08,15.52,16.79,16.95,16.59,17.67,18.06,17.33,18.09,18.51,17.73,18.03,18.45,17.65,6025,996
2025-04-16 13:00:00,0.48,2.37,2.03,0.55,0.25,0.16,0.21,0.37,15.87,17.41,14.72,15.1,16.34,14.21,14.75,15.85,13.96,14.42,15.37,13.74,15.39,16.69,14.42,16.35,17.87,15.15,16.77,18.35,15.53,16.71,18.24,15.52,6025,1540
2025-04-16 12:00:00,0.44,2.3,2,0.53,0.21,0.16,0.2,0.39,14.21,14.59,13.86,13.72,14.1,13.39,13.5,13.86,13.16,13.31,13.63,13.03,13.94,14.31,13.66,14.7,15.03,14.45,15.14,15.42,14.91,15.06,15.4,14.81,6023,1493
2025-04-16 11:00:00,0.44,2.28,1.96,0.5,0.17,0.17,0.2,0.37,12.91,13.74,11.97,12.65,13.27,11.96,12.73,13.13,12.41,12.75,12.92,12.68,13.3,13.63,13.16,14.09,14.44,13.95,14.63,14.92,14.47,14.55,14.82,14.45,6021,1973
2025-04-16 10:00:00,0.36,2.26,1.9,0.44,0.13,0.13,0.11,0.31,10.3,11.75,8.7,10.29,11.76,8.54,11.22,12.33,9.01,11.75,12.68,9.42,12.36,13.27,9.85,14.36,14.91,12.43,17.04,19.57,14.97,17.34,20.96,14.9,6021,2178
2025-04-16 09:00:00,0.4,2.24,1.87,0.42,0.15,0.03,0.07,0.21,7.46,8.43,6.65,7.36,8.3,6.65,7.56,8.66,6.86,7.69,8.95,6.88,7.64,9.25,6.66,8.06,10.89,6.75,9.48,16.54,6.88,11.1,19.66,7.07,6018,2852
2025-04-16 08:00:00,0.32,2.23,1.87,0.41,0.13,0.01,0.03,0.15,6,6.5,5.82,6.18,6.51,6.06,6.38,6.65,6.29,6.56,6.82,6.42,6.04,6.53,5.83,5.85,6.58,5.56,5.8,6.64,5.45,5.91,6.78,5.52,6018,2107
2025-04-16 07:00:00,0.35,2.22,1.87,0.41,0.13,0.01,0.04,0.14,6.29,6.65,6,6.54,6.9,6.27,6.76,7.12,6.43,6.95,7.24,6.64,6.33,6.65,6.05,5.99,6.36,5.69,5.89,6.28,5.58,5.97,6.32,5.65,6018,0
2025-04-16 06:00:00,0.4,2.25,1.89,0.42,0.15,0.02,0.06,0.19,7.08,7.36,6.66,7.28,7.48,7,7.43,7.59,7.13,7.6,7.8,7.35,7.04,7.36,6.76,6.75,7.06,6.4,6.68,7,6.3,6.74,7.01,6.41,6021,0
2025-04-16 05:00:00,0.39,2.2,1.87,0.41,0.15,0.01,0.08,0.21,7.57,7.73,7.37,7.7,7.86,7.53,7.79,7.95,7.63,7.95,8.1,7.83,7.51,7.71,7.36,7.31,7.52,7.11,7.26,7.47,7,7.29,7.48,7.1,6021,0
2025-04-16 04:00:00,0.38,2.16,1.82,0.41,0.15,0.02,0.07,0.2,7.95,8.1,7.76,8.09,8.3,7.94,8.19,8.42,7.98,8.38,8.66,8.18,7.93,8.1,7.72,7.72,7.87,7.57,7.66,7.82,7.47,7.71,7.83,7.5,6023,0
2025-04-16 03:00:00,0.36,2.17,1.84,0.43,0.15,0.04,0.07,0.2,8.31,8.53,8.17,8.52,8.74,8.3,8.69,8.93,8.43,8.93,9.17,8.66,8.38,8.59,8.18,8.06,8.28,7.91,7.98,8.18,7.83,8.03,8.24,7.83,6023,0
2025-04-16 02:00:00,0.31,2.18,1.83,0.42,0.15,0.04,0.09,0.22,8.88,9.29,8.54,9.15,9.59,8.78,9.33,9.72,9.01,9.6,9.96,9.25,9.01,9.39,8.66,8.71,9.16,8.31,8.63,9.12,8.25,8.69,9.14,8.3,6025,0
2025-04-16 01:00:00,0.32,2.17,1.81,0.4,0.14,0.03,0.07,0.21,9.8,10.2,9.37,10,10.31,9.6,10.14,10.43,9.75,10.37,10.67,10.02,9.87,10.22,9.49,9.65,10.05,9.24,9.58,9.95,9.18,9.64,10.06,9.24,6025,0
2025-04-16 00:00:00,0.32,2.19,1.82,0.43,0.15,0.03,0.08,0.21,10.44,10.67,10.21,10.59,10.79,10.38,10.73,11,10.5,10.96,11.26,10.67,10.52,10.78,10.31,10.3,10.51,10.06,10.24,10.43,10.06,10.29,10.45,10.08,6023,0
2025-04-15 23:00:00,0.31,2.19,1.89,0.5,0.16,0.03,0.05,0.22,10.91,11.25,10.67,11.13,11.5,10.88,11.34,11.74,11.02,11.66,12.08,11.29,11.11,11.5,10.79,10.76,11.07,10.54,10.68,11.02,10.43,10.75,11.05,10.54,6030,0
2025-04-15 22:00:00,0.41,2.24,1.92,0.49,0.2,0.11,0.1,0.27,11.84,12.31,11.36,12.1,12.56,11.61,12.35,12.8,11.85,12.68,13.15,12.2,12.13,12.59,11.62,11.79,12.31,11.25,11.72,12.24,11.14,11.77,12.32,11.15,6032,0
2025-04-15 21:00:00,0.44,2.24,1.93,0.52,0.18,0.12,0.13,0.29,12.92,13.51,12.36,13.2,13.77,12.68,13.42,13.98,12.91,13.79,14.35,13.27,13.28,13.88,12.68,13,13.72,12.43,12.97,13.62,12.32,13,13.7,12.43,6034,0
2025-04-15 20:00:00,0.42,2.35,1.98,0.55,0.24,0.14,0.16,0.32,14.49,15.4,13.68,14.65,15.47,13.89,14.82,15.62,14.1,15.12,15.85,14.45,14.82,15.66,14.04,14.69,15.74,13.85,14.72,15.82,13.75,14.75,15.85,13.86,6034,0
2025-04-15 19:00:00,0.41,2.31,1.97,0.54,0.2,0.13,0.18,0.33,16.27,16.73,15.52,16.16,16.45,15.62,16.18,16.45,15.7,16.34,16.58,15.97,16.46,16.83,15.83,16.69,17.25,15.86,16.83,17.4,15.99,16.84,17.42,15.99,6034,106
2025-04-15 18:00:00,0.42,2.29,1.98,0.55,0.21,0.15,0.18,0.34,16.85,16.95,16.7,16.6,16.7,16.48,16.52,16.62,16.45,16.63,16.7,16.58,16.95,17.06,16.82,17.39,17.51,17.26,17.62,17.76,17.43,17.63,17.76,17.43,6032,1051
2025-04-15 17:00:00,0.47,2.31,2,0.54,0.21,0.15,0.16,0.36,17.29,17.54,16.94,16.96,17.17,16.7,16.82,16.95,16.6,16.84,16.95,16.7,17.3,17.53,17.04,17.83,18.11,17.48,18.11,18.45,17.7,18.07,18.41,17.68,6036,1300
2025-04-15 16:00:00,0.48,2.3,1.99,0.55,0.22,0.15,0.16,0.38,17.35,17.53,16.91,16.8,17.02,16.32,16.59,16.82,16.11,16.51,16.81,16.11,17.16,17.4,16.7,17.86,18.09,17.4,18.21,18.45,17.7,18.19,18.43,17.65,6034,1103
2025-04-15 15:00:00,0.42,2.37,1.95,0.53,0.23,0.13,0.19,0.34,16.39,16.7,16.03,16.03,16.12,15.86,15.91,16,15.75,15.91,15.99,15.84,16.32,16.53,16.09,16.83,17.16,16.45,17.13,17.44,16.69,17.1,17.41,16.7,6034,1477
2025-04-15 14:00:00,0.42,2.37,1.97,0.56,0.23,0.14,0.2,0.34,16.39,16.62,16.03,15.91,16.12,15.7,15.72,15.95,15.53,15.62,15.87,15.48,16.17,16.43,15.88,16.79,17.09,16.34,17.13,17.43,16.69,17.12,17.41,16.69,6034,1363
2025-04-15 13:00:00,0.47,2.38,1.98,0.57,0.26,0.16,0.21,0.35,15.39,16.34,14.57,14.92,15.64,14.22,14.77,15.4,14.21,14.71,15.28,14.32,15.18,16,14.49,15.71,16.69,14.91,16.01,17.06,15.16,15.99,17.04,15.13,6034,1808
2025-04-15 12:00:00,0.43,2.34,1.95,0.57,0.23,0.14,0.2,0.35,14.66,15.86,13.9,14.61,15.44,13.98,14.62,15.31,14.1,14.71,15.28,14.22,14.75,15.76,14.1,14.99,16.33,14.2,15.22,16.7,14.33,15.22,16.7,14.33,6034,1678
2025-04-15 11:00:00,0.46,2.4,1.98,0.57,0.22,0.15,0.19,0.34,15.2,15.75,14.69,15.02,15.39,14.69,15.1,15.28,15.04,15.21,15.32,15.11,15.57,15.76,15.4,16.11,16.33,15.87,16.58,16.92,16.32,16.53,16.82,16.23,6034,1784
2025-04-15 10:00:00,0.44,2.3,1.91,0.53,0.19,0.13,0.11,0.31,13.91,14.59,12.69,13.83,14.58,12.54,14.58,15.28,12.96,14.98,15.63,13.27,15.52,16.12,13.69,16.97,17.61,15.63,19.11,21.07,17.04,19.1,21.31,17,6032,2249
2025-04-15 09:00:00,0.41,2.25,1.85,0.51,0.2,0.13,0.12,0.29,11.72,12.44,11.28,11.69,12.32,11.38,11.84,12.67,11.49,12.02,12.91,11.68,11.89,13.11,11.39,12.07,14.44,11.28,13.05,18.59,11.37,13.56,19.89,11.48,6032,3005
2025-04-15 08:00:00,0.34,2.24,1.83,0.5,0.17,0.05,0.09,0.25,11.25,11.38,11.21,11.4,11.5,11.36,11.51,11.61,11.48,11.69,11.83,11.63,11.34,11.44,11.27,11.19,11.26,11.13,11.19,11.33,11.14,11.24,11.43,11.14,6032,913
2025-04-15 07:00:00,0.4,2.23,1.87,0.52,0.2,0.1,0.11,0.26,11.65,11.81,11.46,11.75,11.86,11.58,11.84,11.97,11.72,11.97,12.08,11.85,11.68,11.86,11.5,11.56,11.72,11.37,11.55,11.72,11.34,11.6,11.73,11.38,6034,0
2025-04-15 06:00:00,0.46,2.27,1.87,0.53,0.21,0.13,0.14,0.3,11.93,12.09,11.84,12.02,12.2,11.89,12.09,12.21,11.97,12.22,12.35,12.08,11.95,12.09,11.86,11.84,12.05,11.72,11.85,12.08,11.73,11.9,12.09,11.73,6034,0
2025-04-15 05:00:00,0.48,2.25,1.87,0.51,0.23,0.17,0.15,0.3,12.25,12.32,12.1,12.29,12.38,12.21,12.36,12.44,12.26,12.49,12.56,12.39,12.26,12.35,12.12,12.19,12.31,12.07,12.21,12.32,12.08,12.25,12.35,12.1,6034,0
2025-04-15 04:00:00,0.45,2.26,1.87,0.52,0.23,0.13,0.15,0.3,12.44,12.56,12.33,12.49,12.63,12.41,12.56,12.68,12.45,12.69,12.81,12.56,12.48,12.6,12.36,12.41,12.55,12.31,12.42,12.56,12.32,12.47,12.59,12.38,6034,0
2025-04-15 03:00:00,0.44,2.25,1.86,0.52,0.18,0.15,0.14,0.29,12.72,12.9,12.56,12.79,12.92,12.66,12.87,13.03,12.71,13.02,13.2,12.85,12.77,12.92,12.63,12.66,12.8,12.55,12.67,12.8,12.56,12.73,12.89,12.62,6036,0
2025-04-15 02:00:00,0.43,2.25,1.88,0.55,0.18,0.14,0.14,0.29,13.08,13.27,12.92,13.17,13.39,12.99,13.27,13.5,13.05,13.45,13.65,13.27,13.16,13.39,12.95,13.02,13.25,12.83,13.03,13.27,12.84,13.08,13.27,12.92,6036,0
2025-04-15 01:00:00,0.42,2.27,1.89,0.53,0.2,0.14,0.14,0.3,13.55,13.74,13.27,13.65,13.86,13.39,13.76,13.98,13.5,13.93,14.18,13.73,13.64,13.87,13.39,13.51,13.73,13.26,13.52,13.74,13.27,13.57,13.79,13.29,6039,0
2025-04-15 00:00:00,0.43,2.28,1.9,0.57,0.24,0.16,0.18,0.33,14.02,14.22,13.79,14.11,14.33,13.87,14.22,14.45,13.98,14.41,14.68,14.2,14.13,14.35,13.87,14.01,14.25,13.74,14.01,14.27,13.75,14.07,14.33,13.85,6039,0
2025-04-14 23:00:00,0.44,2.33,1.92,0.58,0.26,0.15,0.21,0.35,14.47,14.57,14.32,14.57,14.69,14.36,14.71,14.85,14.56,14.94,15.16,14.69,14.64,14.81,14.46,14.48,14.65,14.32,14.48,14.62,14.33,14.54,14.69,14.36,6041,0
2025-04-14 22:00:00,0.43,2.37,1.94,0.56,0.25,0.15,0.2,0.37,14.9,15.4,14.6,15.04,15.56,14.71,15.17,15.63,14.91,15.49,15.99,15.16,15.15,15.64,14.81,14.99,15.52,14.68,14.99,15.55,14.66,15.01,15.62,14.69,6043,0
2025-04-14 21:00:00,0.41,2.29,1.91,0.54,0.22,0.12,0.18,0.33,16.36,16.94,15.52,16.48,17.04,15.75,16.57,17.16,15.78,16.86,17.41,16.11,16.65,17.29,15.83,16.6,17.23,15.74,16.62,17.28,15.75,16.65,17.29,15.76,6043,0
2025-04-14 20:00:00,0.47,2.27,1.91,0.53,0.24,0.15,0.15,0.32,17.67,18.45,17.04,17.76,18.54,17.14,17.85,18.59,17.2,18.16,18.87,17.52,18.02,18.83,17.4,18.02,18.87,17.32,18.1,18.95,17.4,18.11,18.95,17.41,6047,0
2025-04-14 19:00:00,0.44,2.31,1.93,0.56,0.23,0.14,0.16,0.33,19.48,20.03,18.62,19.38,19.77,18.7,19.38,19.77,18.7,19.57,19.89,19.04,19.72,20.24,18.95,19.94,20.54,19.04,20.08,20.72,19.18,20.1,20.73,19.18,6047,0
2025-04-14 18:00:00,0.45,2.36,1.94,0.56,0.21,0.12,0.15,0.32,20.07,20.6,19.77,19.86,20.25,19.66,19.84,20.2,19.65,19.98,20.24,19.77,20.26,20.71,20.02,20.6,21.17,20.23,20.8,21.4,20.48,20.79,21.38,20.45,6047,1079
2025-04-14 17:00:00,0.43,2.4,1.95,0.57,0.19,0.12,0.18,0.33,20.49,20.72,20.37,20.12,20.28,20.01,20.04,20.25,19.91,20.12,20.24,20.01,20.6,20.76,20.49,21.07,21.3,20.94,21.32,21.54,21.19,21.32,21.55,21.19,6047,701
2025-04-14 16:00:00,0.41,2.38,1.96,0.55,0.17,0.14,0.16,0.34,20.59,20.72,20.37,20.16,20.25,20.07,20.02,20.04,19.99,20.09,20.12,20.04,20.64,20.73,20.49,21.2,21.37,20.94,21.52,21.73,21.21,21.5,21.67,21.19,6047,933
2025-04-14 15:00:00,0.42,2.41,1.96,0.58,0.2,0.15,0.18,0.35,20.58,20.72,20.45,20.04,20.2,19.83,19.85,20.01,19.65,19.82,20.01,19.54,20.48,20.69,20.27,21.17,21.33,21.01,21.54,21.68,21.41,21.53,21.67,21.37,6047,980
2025-04-14 14:00:00,0.44,2.31,1.93,0.57,0.23,0.14,0.17,0.34,19.73,20.36,19.39,19.2,19.76,18.87,19.04,19.54,18.7,19,19.44,18.67,19.63,20.25,19.31,20.26,20.94,19.87,20.63,21.31,20.24,20.62,21.3,20.25,6047,1536
2025-04-14 13:00:00,0.51,2.3,1.93,0.56,0.26,0.17,0.17,0.35,18.63,19.4,17.76,18.1,18.82,17.29,18.02,18.66,17.29,17.96,18.59,17.29,18.51,19.2,17.68,19.06,19.87,18.11,19.39,20.24,18.36,19.4,20.25,18.36,6043,1753
2025-04-14 12:00:00,0.46,2.29,1.92,0.57,0.22,0.15,0.19,0.34,17.04,17.53,16.82,16.82,17.17,16.7,16.82,17.12,16.7,16.86,17.16,16.7,17.08,17.53,16.94,17.35,17.87,17.16,17.54,18.12,17.29,17.58,18.2,17.31,6043,1879
2025-04-14 11:00:00,0.4,1.71,1.45,0.56,0.23,0.14,0.2,0.32,16.46,16.94,16.09,16.24,16.7,15.98,16.29,16.7,15.99,16.33,16.7,16.08,16.5,16.94,16.14,16.7,17.25,16.31,16.84,17.41,16.36,16.91,17.51,16.45,6043,815
2025-04-14 10:00:00,0.42,0.86,0.86,0.55,0.22,0.15,0.2,0.33,15.96,16.2,15.66,15.75,15.99,15.49,15.8,16,15.54,15.8,16.02,15.57,15.98,16.23,15.68,16.16,16.44,15.86,16.29,16.58,15.99,16.35,16.58,15.99,6043,130
2025-04-14 09:00:00,0.45,0.95,0.91,0.58,0.24,0.15,0.19,0.34,15.29,15.63,15.14,15.21,15.4,15.08,15.29,15.52,15.16,15.38,15.52,15.28,15.38,15.64,15.25,15.42,15.74,15.27,15.49,15.87,15.28,15.56,15.93,15.36,6043,492
2025-04-14 08:00:00,0.43,0.9,0.9,0.57,0.26,0.16,0.21,0.35,14.98,15.1,14.94,15.04,15.04,15.04,15.14,15.16,15.12,15.28,15.31,15.28,15.17,15.2,15.16,15.1,15.24,15.04,15.11,15.28,15.05,15.18,15.28,15.15,6043,0
2025-04-14 07:00:00,0.44,0.94,0.9,0.57,0.24,0.15,0.19,0.34,15.15,15.28,15.04,15.22,15.38,15.04,15.29,15.4,15.16,15.47,15.6,15.36,15.32,15.5,15.17,15.28,15.5,15.13,15.29,15.5,15.14,15.34,15.52,15.16,6043,0
2025-04-14 06:00:00,0.43,0.91,0.89,0.55,0.24,0.15,0.2,0.32,15.39,15.43,15.33,15.43,15.49,15.4,15.51,15.54,15.46,15.65,15.74,15.62,15.56,15.64,15.51,15.55,15.62,15.5,15.57,15.63,15.51,15.63,15.66,15.54,6047,0
2025-04-14 05:00:00,0.44,0.85,0.87,0.55,0.23,0.13,0.19,0.33,15.51,15.62,15.43,15.55,15.64,15.5,15.63,15.75,15.54,15.79,15.87,15.75,15.69,15.76,15.64,15.67,15.74,15.62,15.67,15.76,15.63,15.74,15.86,15.66,6047,0
2025-04-14 04:00:00,0.43,0.86,0.86,0.54,0.22,0.16,0.18,0.33,15.7,15.75,15.64,15.72,15.75,15.64,15.79,15.87,15.75,15.95,15.99,15.87,15.87,15.95,15.78,15.85,15.95,15.75,15.88,15.99,15.82,15.94,15.99,15.87,6047,0
2025-04-14 03:00:00,0.42,0.89,0.84,0.55,0.23,0.14,0.22,0.32,15.84,15.94,15.75,15.86,15.96,15.76,15.94,15.99,15.87,16.09,16.19,15.99,16.04,16.11,15.99,16.03,16.1,15.98,16.05,16.11,15.99,16.11,16.23,16.01,6047,0
2025-04-14 02:00:00,0.43,0.85,0.84,0.55,0.25,0.15,0.24,0.31,15.96,15.99,15.89,15.97,15.99,15.89,16.01,16.04,15.99,16.17,16.2,16.11,16.11,16.11,16.11,16.1,16.12,16.1,16.12,16.18,16.1,16.22,16.23,16.17,6047,0
2025-04-14 01:00:00,0.42,0.89,0.85,0.55,0.23,0.15,0.19,0.32,15.79,15.87,15.64,15.83,15.89,15.75,15.94,15.99,15.87,16.08,16.11,15.99,15.96,16.04,15.88,15.91,16.06,15.74,15.93,16.09,15.75,16,16.11,15.87,6047,0
2025-04-14 00:00:00,0.44,0.85,0.84,0.53,0.22,0.16,0.19,0.34,15.53,15.64,15.44,15.71,15.75,15.64,15.84,15.92,15.77,16.06,16.2,15.99,15.75,15.88,15.66,15.57,15.74,15.5,15.57,15.75,15.49,15.64,15.85,15.52,6043,0
2025-04-13 23:00:00,0.43,0.83,0.83,0.54,0.23,0.14,0.19,0.31,15.74,15.99,15.52,16.03,16.26,15.78,16.2,16.45,15.99,16.51,16.81,16.2,16.06,16.35,15.8,15.8,16.07,15.59,15.76,15.99,15.51,15.84,16.1,15.64,6050,0
2025-04-13 22:00:00,0.39,0.76,0.85,0.53,0.22,0.12,0.21,0.32,16.37,16.94,16,16.74,17.29,16.34,16.95,17.53,16.56,17.39,18,16.92,16.82,17.41,16.36,16.47,17.04,16.1,16.4,16.99,16.04,16.5,17.08,16.11,6054,0
2025-04-13 21:00:00,0.45,0.78,0.85,0.54,0.24,0.14,0.16,0.31,17.93,18.83,17.04,18.24,18.95,17.49,18.4,19.1,17.64,18.83,19.52,18.12,18.44,19.31,17.54,18.16,19.17,17.2,18.11,19.12,17.17,18.18,19.18,17.27,6054,0
2025-04-13 20:00:00,0.43,0.81,0.88,0.55,0.21,0.15,0.16,0.32,19.59,20.28,18.95,19.64,20.24,19.06,19.77,20.35,19.2,20.09,20.6,19.56,19.98,20.61,19.42,19.97,20.71,19.29,20.01,20.83,19.29,20.03,20.84,19.29,6056,0
2025-04-13 19:00:00,0.39,0.88,0.89,0.55,0.18,0.14,0.18,0.33,20.81,21.01,20.48,20.51,20.6,20.36,20.64,20.72,20.44,20.82,20.88,20.67,21.04,21.2,20.73,21.29,21.51,20.87,21.43,21.66,20.95,21.43,21.67,20.96,6056,382
2025-04-13 18:00:00,0.41,0.83,0.86,0.55,0.2,0.15,0.17,0.34,21.17,21.9,20.66,20.9,21.43,20.48,21.03,21.53,20.6,21.25,21.66,20.84,21.43,22.03,20.96,21.7,22.48,21.18,21.89,22.73,21.31,21.85,22.71,21.3,6056,1252
2025-04-13 17:00:00,0.45,0.8,0.88,0.55,0.2,0.18,0.17,0.36,21.87,22.3,21.31,21.28,21.55,20.96,21.45,21.66,21.2,21.59,21.72,21.43,22.01,22.26,21.67,22.47,22.9,21.89,22.75,23.2,22.13,22.7,23.2,22.02,6059,1209
2025-04-13 16:00:00,0.4,0.78,0.87,0.55,0.18,0.17,0.12,0.34,22.88,24.52,21.43,22.34,23.3,21.3,22.4,23.32,21.43,22.56,23.18,21.78,23.02,24.27,21.83,23.54,25.32,22.01,23.88,25.81,22.24,23.78,25.69,22.14,6059,1567
2025-04-13 15:00:00,0.4,0.79,0.88,0.57,0.16,0.25,0.17,0.37,24.42,24.62,24.15,22.98,23.21,22.49,23.03,23.31,22.61,22.7,23.08,22.14,24.01,24.27,23.56,25.17,25.38,24.85,25.71,25.92,25.45,25.59,25.81,25.33,6059,1768
2025-04-13 14:00:00,0.45,0.81,0.9,0.57,0.21,0.18,0.15,0.37,22.99,24,22.26,21.57,22.38,20.96,21.66,22.43,21.07,21.3,22.02,20.72,22.56,23.45,21.92,23.67,24.73,22.87,24.21,25.31,23.41,24.12,25.15,23.32,6056,1855
2025-04-13 13:00:00,0.44,0.89,0.87,0.59,0.2,0.18,0.17,0.36,21.52,22.29,20.62,20.18,20.84,19.54,20.36,21.02,19.65,19.91,20.61,19.18,21.17,21.91,20.33,22.24,22.98,21.3,22.79,23.55,21.78,22.7,23.44,21.76,6054,1950
2025-04-13 12:00:00,0.44,0.79,0.85,0.56,0.25,0.16,0.2,0.35,19.7,20.59,18.45,18.58,19.43,17.49,18.61,19.54,17.53,18.16,19.06,17.17,19.28,20.25,18.01,20.21,21.18,18.82,20.72,21.69,19.29,20.68,21.67,19.29,6054,1977
2025-04-13 11:00:00,0.44,0.8,0.84,0.56,0.23,0.15,0.2,0.34,17.02,18.24,16.26,16.43,17.29,15.86,16.47,17.34,15.87,16.28,16.93,15.75,16.82,17.78,16.11,17.34,18.58,16.57,17.62,19.04,16.75,17.67,19.06,16.81,6054,2036
2025-04-13 10:00:00,0.44,0.88,0.86,0.58,0.23,0.16,0.21,0.33,15.67,16.2,15.26,15.33,15.75,15.04,15.38,15.75,15.04,15.34,15.63,15.05,15.63,16.1,15.25,15.89,16.45,15.41,16.06,16.65,15.53,16.11,16.7,15.63,6052,874
2025-04-13 09:00:00,0.43,0.85,0.84,0.59,0.26,0.16,0.21,0.37,14.84,15.16,14.56,14.71,14.93,14.46,14.8,15.04,14.58,14.82,15.04,14.69,14.89,15.17,14.61,14.99,15.39,14.68,15.08,15.51,14.71,15.15,15.52,14.81,6050,275
2025-04-13 08:00:00,0.46,0.79,0.83,0.57,0.27,0.15,0.21,0.36,14.36,14.45,14.33,14.36,14.45,14.33,14.48,14.57,14.45,14.58,14.69,14.57,14.48,14.58,14.46,14.47,14.57,14.44,14.5,14.68,14.45,14.55,14.7,14.46,6054,1166
2025-04-13 07:00:00,0.47,0.79,0.83,0.58,0.28,0.14,0.2,0.36,14.33,14.33,14.33,14.35,14.43,14.33,14.45,14.47,14.45,14.58,14.61,14.57,14.46,14.46,14.46,14.44,14.44,14.44,14.45,14.45,14.44,14.5,14.56,14.46,6054,0
2025-04-13 06:00:00,0.43,0.77,0.84,0.57,0.29,0.18,0.22,0.35,14.38,14.41,14.33,14.44,14.45,14.43,14.51,14.55,14.5,14.61,14.64,14.58,14.48,14.52,14.47,14.47,14.5,14.44,14.52,14.55,14.45,14.57,14.57,14.56,6054,0
2025-04-13 05:00:00,0.46,0.78,0.82,0.56,0.28,0.16,0.21,0.35,14.33,14.37,14.25,14.34,14.4,14.33,14.45,14.49,14.38,14.55,14.58,14.49,14.42,14.46,14.34,14.4,14.45,14.32,14.42,14.5,14.33,14.5,14.57,14.42,6054,0
2025-04-13 04:00:00,0.42,0.76,0.8,0.57,0.25,0.17,0.2,0.34,14.16,14.23,14.02,14.24,14.31,14.22,14.33,14.4,14.3,14.45,14.47,14.45,14.26,14.34,14.15,14.18,14.32,14.06,14.19,14.33,14.03,14.25,14.36,14.1,6054,0
2025-04-13 03:00:00,0.41,0.76,0.8,0.56,0.24,0.17,0.18,0.32,14.09,14.33,13.98,14.32,14.55,14.2,14.43,14.66,14.29,14.59,14.8,14.45,14.23,14.46,14.1,14.07,14.31,13.97,14.05,14.24,13.95,14.13,14.33,13.99,6054,0
2025-04-13 02:00:00,0.42,0.86,0.83,0.58,0.26,0.16,0.2,0.34,14.48,14.58,14.33,14.7,14.81,14.58,14.8,14.92,14.69,14.97,15.13,14.8,14.62,14.69,14.47,14.48,14.56,14.32,14.47,14.57,14.33,14.54,14.65,14.39,6054,0
2025-04-13 01:00:00,0.41,0.88,0.86,0.57,0.25,0.15,0.2,0.37,14.76,14.93,14.59,14.99,15.17,14.81,15.11,15.29,14.92,15.34,15.51,15.16,14.94,15.17,14.77,14.73,14.91,14.57,14.71,14.92,14.57,14.8,14.93,14.67,6054,0
2025-04-13 00:00:00,0.43,0.86,0.83,0.53,0.24,0.15,0.19,0.35,15.24,15.58,14.93,15.53,15.87,15.26,15.65,15.99,15.39,15.93,16.24,15.62,15.51,15.88,15.17,15.27,15.62,14.91,15.24,15.62,14.92,15.32,15.67,15.04,6054,0
2025-04-12 23:00:00,0.41,0.79,0.81,0.55,0.23,0.14,0.2,0.31,15.93,16.23,15.64,16.17,16.45,15.87,16.31,16.58,16,16.61,16.93,16.34,16.23,16.57,15.91,16.02,16.33,15.74,15.97,16.25,15.64,16.05,16.35,15.75,6056,0
2025-04-12 22:00:00,0.39,0.76,0.82,0.54,0.22,0.13,0.18,0.32,16.6,17.02,16.23,16.84,17.28,16.48,17.01,17.41,16.68,17.37,17.76,16.95,16.98,17.41,16.59,16.73,17.16,16.33,16.7,17.15,16.34,16.77,17.17,16.4,6059,0
2025-04-12 21:00:00,0.44,0.76,0.83,0.54,0.24,0.15,0.17,0.32,17.67,18.28,17.06,17.92,18.59,17.34,18.08,18.7,17.53,18.47,19.18,17.87,18.12,18.83,17.52,17.87,18.58,17.27,17.86,18.58,17.2,17.92,18.59,17.29,6061,0
2025-04-12 20:00:00,0.42,0.8,0.84,0.56,0.22,0.13,0.15,0.31,19.31,20.37,18.45,19.47,20.28,18.7,19.59,20.36,18.83,19.95,20.6,19.29,19.8,20.68,18.95,19.68,20.81,18.7,19.7,20.84,18.7,19.72,20.85,18.7,6061,0
2025-04-12 19:00:00,0.4,0.81,0.85,0.57,0.2,0.13,0.17,0.36,21.13,21.31,20.51,20.75,20.84,20.42,20.83,20.96,20.48,20.91,20.97,20.72,21.3,21.44,20.84,21.67,21.89,20.94,21.86,22.13,21.08,21.84,22.13,21.08,6063,98
2025-04-12 18:00:00,0.42,0.82,0.85,0.56,0.21,0.15,0.17,0.35,21.34,21.49,21.05,20.72,20.84,20.37,20.82,20.95,20.48,20.74,20.95,20.37,21.35,21.44,21.06,21.91,22.07,21.6,22.19,22.39,21.9,22.17,22.38,21.88,6061,1300
2025-04-12 17:00:00,0.41,0.84,0.86,0.56,0.2,0.13,0.17,0.34,20.38,20.96,20.01,19.84,20.29,19.54,19.98,20.43,19.65,19.98,20.36,19.76,20.45,20.96,20.12,20.93,21.54,20.48,21.16,21.79,20.72,21.15,21.79,20.72,6061,1524
2025-04-12 16:00:00,0.47,0.77,0.85,0.56,0.22,0.13,0.16,0.33,19.82,20.01,19.77,19.34,19.5,19.29,19.56,19.65,19.54,19.63,19.7,19.61,20,20.12,19.91,20.37,20.48,20.32,20.58,20.72,20.48,20.57,20.72,20.48,6061,1181
2025-04-12 15:00:00,0.44,0.77,0.84,0.56,0.25,0.14,0.16,0.35,19.69,19.89,19.42,19.23,19.42,19.04,19.4,19.59,19.18,19.41,19.65,19.18,19.87,20.04,19.64,20.33,20.52,20.09,20.58,20.82,20.29,20.55,20.74,20.25,6061,1043
2025-04-12 14:00:00,0.43,0.76,0.83,0.55,0.24,0.13,0.16,0.33,19.78,20.12,19.41,19.21,19.35,19.04,19.28,19.42,19.16,19.11,19.2,18.86,19.79,19.95,19.54,20.43,20.74,20.03,20.73,21.17,20.24,20.69,21.08,20.25,6061,1847
2025-04-12 13:00:00,0.44,0.77,0.83,0.56,0.25,0.15,0.18,0.34,19.53,20.12,18.36,18.41,19.19,17.2,18.37,19.18,17.2,17.88,18.75,16.81,19.05,19.81,17.89,19.99,20.71,18.7,20.45,21.14,19.12,20.42,21.08,19.1,6059,1709
2025-04-12 12:00:00,0.45,0.81,0.82,0.56,0.23,0.17,0.2,0.35,16.71,18,15.64,16.06,16.95,15.28,16.06,16.95,15.28,15.83,16.62,15.16,16.45,17.53,15.52,16.99,18.34,15.87,17.26,18.74,16.1,17.27,18.7,16.11,6056,1977
2025-04-12 11:00:00,0.45,0.83,0.82,0.57,0.25,0.16,0.2,0.36,15,15.55,14.45,14.69,15.16,14.32,14.73,15.16,14.33,14.68,15.09,14.35,14.95,15.45,14.46,15.2,15.77,14.57,15.36,15.99,14.68,15.39,15.99,14.73,6056,783
2025-04-12 10:00:00,0.43,0.75,0.79,0.55,0.23,0.16,0.2,0.35,14.13,14.43,13.82,14.01,14.22,13.74,14.06,14.3,13.85,14.12,14.33,13.92,14.14,14.43,13.87,14.23,14.56,13.85,14.3,14.63,13.92,14.36,14.69,13.98,6056,382
2025-04-12 09:00:00,0.42,0.76,0.75,0.52,0.2,0.14,0.15,0.3,13.59,13.75,13.51,13.65,13.74,13.62,13.74,13.84,13.69,13.83,13.86,13.81,13.67,13.79,13.62,13.63,13.84,13.5,13.65,13.86,13.5,13.72,13.93,13.62,6056,185
2025-04-12 08:00:00,0.44,0.75,0.74,0.52,0.2,0.15,0.14,0.3,13.51,13.51,13.5,13.63,13.71,13.62,13.72,13.74,13.68,13.85,13.87,13.84,13.62,13.63,13.61,13.49,13.5,13.49,13.5,13.5,13.5,13.58,13.63,13.55,6056,0
2025-04-12 07:00:00,0.43,0.73,0.76,0.53,0.2,0.13,0.15,0.3,13.59,13.65,13.51,13.76,13.85,13.71,13.83,13.87,13.75,13.99,14.09,13.91,13.71,13.75,13.63,13.61,13.69,13.54,13.59,13.63,13.51,13.67,13.74,13.63,6059,0
2025-04-12 06:00:00,0.38,0.75,0.79,0.53,0.2,0.12,0.15,0.29,13.73,13.75,13.68,13.88,13.97,13.86,13.98,14.1,13.9,14.16,14.24,14.09,13.86,13.93,13.79,13.75,13.8,13.72,13.73,13.76,13.66,13.8,13.86,13.74,6059,0
2025-04-12 05:00:00,0.4,0.74,0.78,0.55,0.23,0.14,0.16,0.31,13.95,14.22,13.76,14.2,14.45,13.98,14.29,14.57,14.1,14.49,14.69,14.29,14.13,14.35,13.98,13.96,14.2,13.82,13.91,14.21,13.74,14,14.23,13.86,6061,0
2025-04-12 04:00:00,0.43,0.81,0.79,0.57,0.26,0.14,0.2,0.34,14.41,14.69,14.22,14.66,14.86,14.45,14.76,14.94,14.57,14.95,15.16,14.74,14.61,14.81,14.43,14.44,14.68,14.22,14.41,14.68,14.21,14.49,14.7,14.32,6061,0
2025-04-12 03:00:00,0.41,0.82,0.82,0.55,0.25,0.15,0.2,0.39,14.85,14.93,14.7,15.05,15.16,14.93,15.16,15.28,15.03,15.38,15.51,15.21,15.06,15.17,14.93,14.89,15.03,14.69,14.87,14.96,14.68,14.94,15.04,14.79,6061,0
2025-04-12 02:00:00,0.42,0.83,0.82,0.53,0.23,0.14,0.19,0.34,15.16,15.4,14.96,15.4,15.63,15.16,15.52,15.73,15.29,15.78,15.99,15.58,15.43,15.64,15.2,15.22,15.47,15.03,15.19,15.39,14.97,15.27,15.52,15.04,6061,0
2025-04-12 01:00:00,0.43,0.79,0.78,0.53,0.23,0.15,0.17,0.33,15.5,15.75,15.4,15.79,16.11,15.64,15.92,16.2,15.75,16.23,16.58,15.99,15.81,16.11,15.66,15.57,15.84,15.48,15.5,15.75,15.39,15.6,15.87,15.52,6063,0
2025-04-12 00:00:00,0.39,0.72,0.79,0.52,0.22,0.13,0.19,0.31,16.26,16.79,15.82,16.59,17.04,16.17,16.74,17.18,16.33,17.1,17.52,16.64,16.66,17.18,16.19,16.37,16.92,15.89,16.32,16.9,15.87,16.42,16.94,15.95,6061,0
2025-04-11 23:00:00,0.43,0.72,0.78,0.53,0.24,0.15,0.18,0.32,17.16,17.42,16.83,17.42,17.76,17.14,17.58,17.87,17.29,18.01,18.37,17.64,17.65,18,17.29,17.39,17.68,17.04,17.32,17.62,16.98,17.39,17.65,17.04,6067,0
2025-04-11 22:00:00,0.44,0.75,0.8,0.54,0.25,0.13,0.15,0.31,18,18.58,17.52,18.31,18.9,17.77,18.5,19.06,18,19.02,19.65,18.45,18.59,19.23,18.02,18.29,18.93,17.75,18.19,18.85,17.64,18.27,18.91,17.76,6070,0
2025-04-11 21:00:00,0.45,0.79,0.81,0.53,0.21,0.13,0.15,0.3,19.41,20.33,18.67,19.75,20.65,18.95,19.91,20.77,19.17,20.49,21.31,19.77,20.1,20.99,19.32,19.83,20.81,19.04,19.76,20.72,18.94,19.83,20.84,18.98,6070,0
2025-04-11 20:00:00,0.4,0.76,0.83,0.54,0.18,0.12,0.13,0.31,21.96,23.28,20.55,21.98,22.96,20.84,22.08,22.97,20.96,22.36,23.08,21.46,22.4,23.45,21.2,22.45,23.78,21.05,22.53,23.91,21,22.52,23.91,21.08,6074,0
2025-04-11 19:00:00,0.4,0.76,0.82,0.51,0.16,0.14,0.14,0.36,23.81,24.13,23.44,23.29,23.44,23.07,23.31,23.45,23.08,23.31,23.43,23.13,23.9,24.15,23.56,24.35,24.73,23.9,24.57,24.97,24.07,24.5,24.86,24.04,6072,559
2025-04-11 18:00:00,0.41,0.78,0.82,0.51,0.16,0.23,0.16,0.4,24.17,24.25,24.15,23.36,23.46,23.14,23.37,23.46,23.2,23.24,23.43,22.96,24.11,24.15,23.94,24.81,24.85,24.73,25.09,25.21,24.97,25.04,25.1,24.92,6072,1296
2025-04-11 17:00:00,0.44,0.75,0.84,0.55,0.17,0.14,0.14,0.38,23.61,24.04,23.25,22.63,23.08,22.15,22.65,23.08,22.23,22.46,22.85,22.01,23.45,23.92,22.97,24.23,24.73,23.78,24.6,25.09,24.25,24.55,24.98,24.15,6072,1264
2025-04-11 16:00:00,0.45,0.78,0.83,0.54,0.2,0.16,0.13,0.35,22.57,23.2,21.93,21.37,22.04,20.83,21.44,22.11,20.84,21.22,21.87,20.68,22.25,22.91,21.67,23.1,23.75,22.48,23.56,24.17,22.96,23.52,24.15,22.95,6070,1225
2025-04-11 15:00:00,0.41,0.84,0.82,0.56,0.19,0.16,0.18,0.36,21.04,21.84,20.57,20.1,20.71,19.77,20.21,20.76,19.89,20.06,20.6,19.77,20.9,21.55,20.51,21.6,22.36,21.18,22,22.84,21.54,21.94,22.85,21.43,6070,1757
2025-04-11 14:00:00,0.4,0.83,0.82,0.55,0.18,0.14,0.19,0.35,20.67,20.84,20.48,19.67,19.77,19.29,19.79,19.92,19.42,19.52,19.77,19.06,20.51,20.71,20.16,21.32,21.53,21.07,21.77,22.02,21.46,21.71,21.9,21.43,6067,1441
2025-04-11 13:00:00,0.44,0.76,0.8,0.54,0.24,0.16,0.18,0.35,19.45,20.25,18.7,18.57,19.18,17.95,18.63,19.29,18,18.27,18.94,17.64,19.16,20.02,18.42,19.95,20.91,19.04,20.34,21.32,19.41,20.31,21.31,19.41,6065,1910
2025-04-11 12:00:00,0.48,0.73,0.78,0.54,0.24,0.15,0.16,0.33,18.03,18.45,17.37,17.31,17.78,16.45,17.33,17.87,16.54,16.95,17.53,16.1,17.69,18.24,16.9,18.3,18.82,17.51,18.62,19.18,17.87,18.63,19.18,17.87,6065,1946
2025-04-11 11:00:00,0.43,0.78,0.78,0.56,0.25,0.16,0.21,0.36,15.41,16.94,14.45,15.03,16.11,14.29,15.11,16.2,14.4,14.97,15.85,14.39,15.25,16.51,14.46,15.51,17.04,14.56,15.73,17.4,14.68,15.77,17.41,14.7,6065,2032
2025-04-11 10:00:00,0.41,0.71,0.74,0.53,0.22,0.15,0.18,0.33,14.03,14.33,13.74,14,14.22,13.77,14.08,14.33,13.86,14.15,14.33,13.98,14.11,14.34,13.87,14.13,14.44,13.85,14.16,14.47,13.86,14.23,14.57,13.94,6065,1914
2025-04-11 09:00:00,0.39,0.68,0.73,0.53,0.19,0.12,0.15,0.29,13.64,13.74,13.62,13.74,13.74,13.74,13.81,13.84,13.79,13.96,13.98,13.95,13.75,13.81,13.74,13.65,13.73,13.61,13.66,13.75,13.62,13.74,13.86,13.64,6065,0
2025-04-11 08:00:00,0.38,0.69,0.74,0.52,0.19,0.12,0.15,0.3,13.66,13.74,13.62,13.81,13.94,13.74,13.9,13.99,13.84,14.06,14.21,13.98,13.78,13.87,13.73,13.65,13.73,13.61,13.65,13.74,13.62,13.72,13.8,13.66,6065,0
2025-04-11 07:00:00,0.41,0.68,0.75,0.54,0.21,0.15,0.15,0.3,13.88,14.07,13.74,14.1,14.28,13.97,14.19,14.36,14.06,14.37,14.57,14.21,14.03,14.22,13.87,13.89,14.08,13.73,13.88,14.09,13.74,13.96,14.13,13.84,6065,0
2025-04-11 06:00:00,0.41,0.75,0.75,0.56,0.25,0.14,0.2,0.35,14.43,14.83,14.1,14.61,14.96,14.33,14.7,15.04,14.44,14.86,15.2,14.58,14.55,14.95,14.24,14.47,14.91,14.12,14.48,14.92,14.12,14.56,15.02,14.22,6067,0
2025-04-11 05:00:00,0.43,0.79,0.79,0.54,0.23,0.14,0.19,0.33,15.12,15.28,14.93,15.23,15.4,15.04,15.32,15.5,15.16,15.5,15.63,15.28,15.3,15.43,15.07,15.22,15.37,15.03,15.23,15.39,15.04,15.28,15.42,15.07,6067,0
2025-04-11 04:00:00,0.44,0.74,0.75,0.52,0.23,0.14,0.18,0.33,15.37,15.51,15.28,15.51,15.65,15.4,15.63,15.75,15.52,15.81,15.99,15.65,15.57,15.71,15.46,15.46,15.58,15.39,15.46,15.54,15.39,15.54,15.64,15.43,6070,0
2025-04-11 03:00:00,0.41,0.77,0.74,0.51,0.22,0.12,0.18,0.31,15.68,15.87,15.52,15.88,16.09,15.69,15.99,16.2,15.8,16.22,16.45,15.99,15.94,16.12,15.76,15.79,16.04,15.6,15.78,15.99,15.6,15.85,16.11,15.64,6070,0
2025-04-11 02:00:00,0.38,0.69,0.75,0.54,0.23,0.13,0.21,0.32,16.16,16.25,15.98,16.32,16.45,16.11,16.46,16.58,16.2,16.69,16.81,16.45,16.42,16.58,16.2,16.29,16.42,16.1,16.27,16.37,16.1,16.36,16.45,16.12,6070,0
2025-04-11 01:00:00,0.38,0.68,0.77,0.52,0.22,0.12,0.18,0.33,16.42,16.68,16.25,16.66,16.94,16.45,16.81,17.04,16.58,17.09,17.41,16.86,16.73,16.99,16.59,16.53,16.75,16.41,16.49,16.7,16.35,16.58,16.82,16.45,6072,0
2025-04-11 00:00:00,0.4,0.68,0.74,0.51,0.23,0.14,0.18,0.31,17.06,17.51,16.7,17.34,17.76,16.95,17.49,17.87,17.16,17.81,18.23,17.42,17.43,17.89,17.06,17.18,17.62,16.79,17.16,17.62,16.81,17.25,17.73,16.85,6067,0
2025-04-10 23:00:00,0.44,0.69,0.76,0.52,0.25,0.14,0.16,0.33,17.85,18.1,17.53,18.07,18.33,17.77,18.24,18.45,17.98,18.59,18.9,18.26,18.29,18.57,18,18.07,18.33,17.75,18.05,18.29,17.69,18.12,18.36,17.76,6074,0
2025-04-10 22:00:00,0.44,0.73,0.77,0.53,0.24,0.14,0.14,0.3,18.44,18.83,18.12,18.73,19.18,18.36,18.92,19.42,18.56,19.36,19.89,18.94,18.97,19.42,18.6,18.67,19.04,18.34,18.65,19.06,18.35,18.71,19.18,18.37,6076,0
2025-04-10 21:00:00,0.43,0.76,0.78,0.53,0.21,0.13,0.16,0.32,19.66,20.45,18.95,19.99,20.72,19.29,20.19,20.92,19.53,20.65,21.31,20,20.29,21.08,19.54,19.97,20.83,19.2,19.96,20.83,19.18,20.04,20.84,19.29,6079,0
2025-04-10 20:00:00,0.39,0.72,0.78,0.55,0.2,0.14,0.17,0.33,21.35,22.03,20.6,21.48,22.14,20.84,21.67,22.26,21.07,22.09,22.73,21.46,21.93,22.62,21.2,21.82,22.6,20.94,21.85,22.64,20.95,21.86,22.61,21.06,6079,0
2025-04-10 19:00:00,0.41,0.71,0.77,0.51,0.17,0.13,0.12,0.33,23.1,24.03,22.19,23.05,23.86,22.26,23.21,24.03,22.38,23.62,24.38,22.85,23.6,24.48,22.74,23.73,24.73,22.74,23.83,24.85,22.84,23.82,24.84,22.84,6083,133
2025-04-10 18:00:00,0.39,0.71,0.81,0.53,0.17,0.24,0.12,0.3,25.29,26.16,24.18,24.87,25.46,24.03,24.97,25.57,24.15,25.15,25.56,24.5,25.54,26.28,24.63,26.03,26.95,24.86,26.26,27.22,25.02,26.19,27.13,24.99,6083,1016
2025-04-10 17:00:00,0.4,0.73,0.83,0.55,0.13,0.28,0.09,0.27,26.37,26.63,26.16,25.53,25.69,25.44,25.58,25.76,25.45,25.48,25.57,25.41,26.37,26.52,26.24,27.12,27.33,26.95,27.47,27.69,27.23,27.36,27.58,27.14,6083,1560
2025-04-10 16:00:00,0.39,0.72,0.82,0.55,0.14,0.28,0.09,0.26,26.53,26.63,26.4,25.49,25.57,25.33,25.54,25.57,25.41,25.35,25.45,25.19,26.41,26.52,26.29,27.2,27.34,27.1,27.64,27.81,27.53,27.57,27.71,27.46,6083,1804
2025-04-10 15:00:00,0.44,0.73,0.8,0.53,0.18,0.25,0.14,0.31,25.62,26.32,25.05,24.57,25.21,24.03,24.66,25.32,24.13,24.51,25.09,24.03,25.51,26.18,24.95,26.23,26.97,25.58,26.66,27.41,26.04,26.59,27.34,25.99,6079,1812
2025-04-10 14:00:00,0.39,0.72,0.78,0.51,0.17,0.2,0.18,0.38,24.37,24.98,23.79,23.36,23.91,22.75,23.47,24.03,22.91,23.4,23.91,22.85,24.33,24.86,23.8,24.97,25.56,24.4,25.35,25.98,24.79,25.32,25.92,24.8,6079,1859
2025-04-10 13:00:00,0.44,0.71,0.79,0.54,0.17,0.29,0.12,0.35,22.86,23.65,22.38,21.92,22.61,21.32,22.06,22.74,21.47,21.95,22.73,21.22,22.9,23.65,22.27,23.47,24.25,22.95,23.84,24.61,23.39,23.8,24.62,23.32,6076,1875
2025-04-10 12:00:00,0.45,0.72,0.66,0.56,0.19,0.17,0.18,0.37,21.21,22.26,19.79,20.32,21.23,19.1,20.4,21.43,19.17,19.97,21.1,18.62,21.14,22.26,19.66,21.82,22.95,20.23,22.19,23.36,20.54,22.16,23.32,20.54,6074,1847
2025-04-10 11:00:00,0.48,0.64,0.58,0.57,0.23,0.16,0.22,0.41,17.83,19.54,16.23,17.24,18.83,15.87,17.24,18.83,15.9,16.88,18.35,15.75,17.65,19.34,16.23,18.1,19.87,16.57,18.41,20.18,16.74,18.44,20.17,16.82,6074,2095
2025-04-10 10:00:00,0.45,0.69,0.56,0.59,0.22,0.14,0.22,0.39,15.24,16,14.59,15.04,15.65,14.52,15.12,15.75,14.58,15.12,15.63,14.67,15.33,16.07,14.69,15.46,16.33,14.68,15.55,16.45,14.8,15.61,16.54,14.84,6072,2040
2025-04-10 09:00:00,0.44,0.6,0.52,0.58,0.24,0.13,0.24,0.38,14.25,14.46,14.1,14.26,14.45,14.18,14.34,14.54,14.22,14.46,14.57,14.41,14.34,14.58,14.22,14.34,14.57,14.2,14.37,14.68,14.21,14.45,14.71,14.29,6072,835
2025-04-10 08:00:00,0.42,0.58,0.52,0.58,0.23,0.12,0.2,0.39,14.1,14.1,14.1,14.2,14.22,14.17,14.26,14.33,14.21,14.44,14.46,14.43,14.22,14.23,14.22,14.2,14.2,14.19,14.2,14.21,14.17,14.22,14.24,14.22,6074,0
2025-04-10 07:00:00,0.43,0.6,0.52,0.59,0.24,0.13,0.23,0.38,14.2,14.3,14.1,14.33,14.45,14.22,14.44,14.57,14.33,14.61,14.69,14.5,14.34,14.45,14.22,14.25,14.32,14.2,14.26,14.33,14.21,14.33,14.42,14.24,6074,0
2025-04-10 06:00:00,0.44,0.66,0.54,0.61,0.24,0.13,0.22,0.39,14.43,14.57,14.33,14.62,14.81,14.45,14.72,14.91,14.57,14.89,15.04,14.73,14.58,14.69,14.46,14.45,14.58,14.32,14.46,14.57,14.33,14.55,14.69,14.45,6074,0
2025-04-10 05:00:00,0.43,0.71,0.56,0.59,0.23,0.13,0.22,0.41,14.75,14.93,14.59,14.93,15.05,14.81,15.03,15.16,14.92,15.25,15.41,15.07,14.93,15.15,14.74,14.8,15.02,14.65,14.8,15.03,14.63,14.88,15.04,14.69,6074,0
2025-04-10 04:00:00,0.44,0.69,0.55,0.57,0.22,0.13,0.21,0.38,15.13,15.28,14.93,15.31,15.52,15.16,15.43,15.63,15.25,15.66,15.87,15.5,15.36,15.52,15.17,15.23,15.42,15.03,15.22,15.39,15.04,15.32,15.52,15.13,6076,0
2025-04-10 03:00:00,0.43,0.66,0.52,0.56,0.2,0.13,0.2,0.36,15.55,15.75,15.3,15.76,15.99,15.52,15.89,16.11,15.63,16.15,16.39,15.88,15.81,16.04,15.56,15.68,15.92,15.5,15.66,15.87,15.45,15.75,15.99,15.52,6079,0
2025-04-10 02:00:00,0.41,0.62,0.53,0.57,0.21,0.12,0.23,0.36,16.01,16.2,15.82,16.22,16.43,16,16.35,16.58,16.12,16.63,16.81,16.45,16.29,16.45,16.11,16.14,16.33,15.98,16.12,16.31,15.97,16.23,16.42,16.03,6079,0
2025-04-10 01:00:00,0.4,0.58,0.57,0.56,0.21,0.12,0.21,0.36,16.4,16.64,16.23,16.66,16.94,16.45,16.81,17.04,16.58,17.1,17.4,16.84,16.7,16.94,16.48,16.5,16.7,16.33,16.5,16.7,16.34,16.6,16.82,16.45,6079,0
2025-04-10 00:00:00,0.43,0.58,0.52,0.56,0.2,0.12,0.2,0.36,16.97,17.28,16.7,17.26,17.53,16.95,17.43,17.76,17.12,17.76,18.12,17.41,17.33,17.65,17.04,17.1,17.4,16.79,17.11,17.4,16.81,17.21,17.53,16.93,6076,0
2025-04-09 23:00:00,0.45,0.59,0.54,0.57,0.23,0.14,0.19,0.37,17.67,18.1,17.29,18.01,18.45,17.65,18.22,18.69,17.84,18.62,19.09,18.17,18.12,18.6,17.74,17.83,18.2,17.49,17.83,18.23,17.45,17.93,18.36,17.54,6083,0
2025-04-09 22:00:00,0.47,0.63,0.55,0.58,0.22,0.13,0.16,0.35,18.75,19.36,18.14,19.14,19.77,18.58,19.36,20,18.79,19.83,20.48,19.19,19.34,20.02,18.7,18.98,19.64,18.34,18.99,19.65,18.35,19.03,19.69,18.45,6085,0
2025-04-09 21:00:00,0.44,0.61,0.57,0.57,0.18,0.11,0.18,0.36,20.31,21.43,19.49,20.77,21.84,19.89,20.97,22.03,20.12,21.55,22.61,20.6,21.01,22.14,20.12,20.65,21.85,19.76,20.68,21.9,19.77,20.73,21.9,19.81,6090,0
2025-04-09 20:00:00,0.42,0.6,0.56,0.55,0.16,0.11,0.14,0.36,22.82,23.91,21.67,23.07,24.03,22.04,23.3,24.28,22.26,23.7,24.62,22.76,23.47,24.51,22.37,23.29,24.42,22.07,23.37,24.54,22.13,23.32,24.47,22.14,6092,0
2025-04-09 19:00:00,0.42,0.64,0.59,0.57,0.14,0.22,0.16,0.34,25.48,26.71,24.11,25.39,26.28,24.27,25.54,26.39,24.5,25.71,26.39,24.79,25.93,26.99,24.73,26.09,27.45,24.61,26.27,27.62,24.79,26.14,27.46,24.73,6092,370
2025-04-09 18:00:00,0.39,0.53,0.56,0.53,0.11,0.12,0.13,0.3,27.49,28.05,26.75,26.9,27.22,26.4,26.92,27.22,26.46,26.78,26.98,26.42,27.67,28.14,27.11,28.24,28.89,27.49,28.51,29.23,27.72,28.32,29,27.58,6092,1359
2025-04-09 17:00:00,0.4,0.53,0.57,0.53,0.13,0.06,0.15,0.34,27.73,28.04,27.58,26.77,27.09,26.63,26.82,27.1,26.64,26.6,26.78,26.45,27.84,28.06,27.7,28.67,28.91,28.51,29.03,29.23,28.88,28.79,29,28.64,6092,1493
2025-04-09 16:00:00,0.4,0.57,0.57,0.56,0.13,0.08,0.16,0.34,27.46,27.58,27.22,26.41,26.6,26.04,26.44,26.63,26.04,26.17,26.42,25.68,27.55,27.7,27.23,28.44,28.58,28.28,28.81,28.94,28.63,28.57,28.71,28.39,6090,1776
2025-04-09 15:00:00,0.44,0.62,0.61,0.57,0.14,0.24,0.15,0.34,26.24,27.11,25.33,25.05,25.94,24.15,25.08,25.92,24.27,24.74,25.57,23.91,26.29,27.11,25.46,27.26,28.13,26.38,27.65,28.47,26.78,27.42,28.21,26.56,6090,1796
2025-04-09 14:00:00,0.44,0.57,0.57,0.56,0.17,0.19,0.19,0.42,24.03,25.11,22.97,23,24,22.14,23.2,24.08,22.38,23.01,23.79,22.25,24.29,25.23,23.39,25.09,26.15,24.08,25.47,26.61,24.44,25.28,26.37,24.27,6085,1843
2025-04-09 13:00:00,0.46,0.58,0.57,0.59,0.19,0.16,0.17,0.41,22.01,22.81,21.07,21.27,21.98,20.37,21.48,22.26,20.55,21.27,22.03,20.36,22.37,23.21,21.33,23.04,23.9,22.01,23.36,24.26,22.27,23.22,24.15,22.15,6083,1942
2025-04-09 12:00:00,0.42,0.62,0.55,0.59,0.19,0.14,0.2,0.4,20.03,20.95,18.84,19.47,20.25,18.24,19.66,20.43,18.59,19.44,20.24,18.35,20.33,21.2,19.2,20.94,21.84,19.87,21.26,22.13,20.24,21.16,22.02,20.14,6081,1973
2025-04-09 11:00:00,0.48,0.55,0.5,0.57,0.24,0.14,0.21,0.39,17.38,18.59,16.34,17.05,18,16.23,17.7,18.35,17.35,17.54,18.17,17.29,18.21,19.03,17.81,19.02,19.76,18.65,19.6,20.12,19.29,19.48,20.01,19.18,6079,2064
2025-04-09 10:00:00,0.49,0.64,0.45,0.57,0.21,0.14,0.16,0.39,14.61,16.2,12.55,14.4,16.11,12.21,16.33,17.36,13.39,16.1,17.29,13.5,17.09,17.89,14.58,18.88,19.52,16.82,21.25,22.95,19.73,21.25,23.2,19.54,6079,5475
2025-04-09 09:00:00,0.45,0.52,0.48,0.5,0.19,0.11,0.17,0.38,11,12.21,10.08,10.88,11.97,10.12,11.25,12.83,10.31,11.36,12.99,10.43,11.44,13.85,10.13,11.97,15.68,10.09,13.19,19.75,10.18,14.28,21.31,10.36,6076,6299
2025-04-09 08:00:00,0.33,0.48,0.35,0.46,0.12,0.03,0.13,0.28,9.74,9.97,9.63,9.97,10.08,9.93,10.12,10.28,10.06,10.26,10.38,10.18,9.79,10.07,9.72,9.62,9.95,9.49,9.6,10.01,9.47,9.75,10.2,9.6,6074,2123
2025-04-09 07:00:00,0.32,0.4,0.35,0.46,0.13,0.02,0.09,0.25,10,10.22,9.79,10.28,10.55,10.08,10.4,10.67,10.18,10.59,10.78,10.36,10.04,10.3,9.85,9.83,10.06,9.59,9.8,10.07,9.6,9.9,10.14,9.7,6074,0
2025-04-09 06:00:00,0.3,0.47,0.37,0.49,0.14,0.02,0.11,0.26,10.42,10.55,10.28,10.73,10.91,10.55,10.84,11.02,10.67,11.02,11.26,10.83,10.46,10.65,10.32,10.25,10.42,10.09,10.22,10.43,10.07,10.32,10.49,10.18,6076,0
2025-04-09 05:00:00,0.3,0.45,0.4,0.54,0.14,0.01,0.07,0.26,10.88,11.16,10.6,11.21,11.5,10.91,11.35,11.62,11.1,11.55,11.85,11.26,10.97,11.28,10.67,10.73,11.01,10.42,10.7,11.02,10.43,10.82,11.14,10.55,6079,0
2025-04-09 04:00:00,0.35,0.5,0.45,0.54,0.18,0.06,0.12,0.3,11.56,11.85,11.26,11.87,12.12,11.58,12,12.31,11.72,12.22,12.45,11.93,11.67,11.95,11.38,11.46,11.72,11.12,11.44,11.71,11.14,11.54,11.79,11.24,6079,0
2025-04-09 03:00:00,0.43,0.49,0.45,0.55,0.2,0.12,0.16,0.34,12.06,12.32,11.86,12.39,12.67,12.19,12.56,12.82,12.32,12.77,13.03,12.56,12.18,12.45,11.97,11.95,12.19,11.72,11.93,12.2,11.73,12.05,12.32,11.85,6079,0
2025-04-09 02:00:00,0.42,0.48,0.45,0.56,0.18,0.12,0.15,0.33,12.68,13.03,12.32,13.05,13.4,12.69,13.26,13.63,12.91,13.48,13.86,13.13,12.86,13.25,12.49,12.6,12.99,12.23,12.58,12.93,12.2,12.72,13.07,12.33,6083,0
2025-04-09 01:00:00,0.39,0.51,0.48,0.59,0.19,0.12,0.15,0.34,13.49,13.88,13.13,13.9,14.33,13.51,14.14,14.59,13.74,14.37,14.8,13.96,13.73,14.22,13.28,13.44,13.86,13.02,13.44,13.86,13.03,13.56,13.98,13.15,6083,0
2025-04-09 00:00:00,0.4,0.59,0.52,0.59,0.24,0.13,0.21,0.4,14.45,14.93,13.98,14.88,15.38,14.43,15.16,15.63,14.69,15.46,15.99,14.92,14.78,15.29,14.25,14.45,14.94,13.97,14.44,14.92,13.97,14.57,15.04,14.1,6083,0
2025-04-08 23:00:00,0.41,0.56,0.49,0.56,0.21,0.12,0.2,0.37,15.58,16.23,15.04,16.02,16.69,15.41,16.34,16.95,15.75,16.74,17.42,16.11,16,16.7,15.4,15.63,16.28,15.04,15.61,16.23,15.04,15.74,16.37,15.16,6090,0
2025-04-08 22:00:00,0.4,0.49,0.51,0.57,0.21,0.11,0.19,0.37,17.09,17.95,16.34,17.58,18.45,16.79,17.9,18.7,17.08,18.42,19.35,17.57,17.67,18.6,16.82,17.23,18.19,16.41,17.22,18.12,16.36,17.34,18.24,16.51,6092,0
2025-04-08 21:00:00,0.41,0.54,0.52,0.59,0.21,0.1,0.16,0.35,19.16,20.48,18.11,19.71,20.96,18.59,19.94,21.17,18.92,20.61,21.79,19.53,19.95,21.22,18.83,19.54,20.91,18.34,19.53,20.9,18.35,19.59,20.96,18.44,6094,0
2025-04-08 20:00:00,0.4,0.52,0.54,0.56,0.18,0.11,0.16,0.37,22.4,24.1,20.72,22.66,24.03,21.19,22.86,24.16,21.42,23.29,24.39,22.02,23.05,24.51,21.54,22.92,24.65,21.18,22.99,24.79,21.19,22.96,24.7,21.2,6096,0
2025-04-08 19:00:00,0.42,0.55,0.57,0.59,0.16,0.23,0.17,0.38,25.15,25.92,24.32,24.89,25.52,24.26,24.99,25.57,24.38,25.07,25.57,24.52,25.55,26.28,24.75,25.9,26.74,24.96,26.07,26.97,25.09,25.91,26.75,24.98,6096,543
2025-04-08 18:00:00,0.38,0.53,0.56,0.59,0.11,0.19,0.1,0.3,26.64,26.8,26.15,25.91,26.01,25.66,25.89,25.96,25.67,25.73,25.8,25.67,26.84,26.99,26.4,27.59,27.8,26.97,27.88,28.12,27.21,27.64,27.84,26.99,6096,1686
2025-04-08 17:00:00,0.37,0.51,0.58,0.58,0.1,0.13,0.12,0.32,26.73,26.77,26.63,25.82,25.92,25.77,25.8,25.92,25.7,25.55,25.68,25.43,26.88,26.93,26.86,27.77,27.82,27.68,28.14,28.21,28.04,27.88,27.93,27.78,6096,1678
2025-04-08 16:00:00,0.39,0.6,0.59,0.59,0.12,0.2,0.14,0.34,26.59,26.8,26.13,25.51,25.69,25.1,25.45,25.69,25.06,25.06,25.38,24.62,26.61,26.86,26.1,27.59,27.83,27.09,28,28.28,27.45,27.75,27.97,27.22,6096,1749
2025-04-08 15:00:00,0.43,0.54,0.55,0.57,0.19,0.23,0.18,0.39,24.93,25.92,24.13,24.01,24.98,23.2,23.99,24.86,23.2,23.75,24.5,23.08,25.05,25.93,24.27,25.86,26.86,25.06,26.24,27.22,25.45,26.03,26.99,25.21,6094,1788
2025-04-08 14:00:00,0.43,0.52,0.56,0.59,0.16,0.14,0.17,0.43,23.27,24.03,22.38,22.38,23.11,21.55,22.45,23.15,21.75,22.26,22.99,21.55,23.51,24.17,22.74,24.28,24.96,23.53,24.66,25.33,23.89,24.46,25.1,23.68,6092,1843
2025-04-08 13:00:00,0.44,0.59,0.55,0.6,0.2,0.16,0.19,0.43,21.44,22.26,20.6,20.75,21.43,20.01,20.9,21.58,20.12,20.7,21.43,19.89,21.81,22.61,20.96,22.49,23.31,21.54,22.8,23.67,21.82,22.48,23.46,21.47,6090,1879
2025-04-08 12:00:00,0.44,0.54,0.54,0.6,0.22,0.14,0.21,0.52,19.36,20.45,18.24,18.8,19.83,17.79,19.04,19.94,18.23,18.92,19.75,18.12,19.81,20.81,18.83,20.27,21.42,19.04,20.49,21.66,19.29,20.23,21.31,19.2,6090,1950
2025-04-08 11:00:00,0.47,0.57,0.49,0.59,0.24,0.19,0.18,0.6,17.16,18.11,16.45,17.03,17.65,16.45,17.71,18.11,17.53,17.7,18.03,17.53,18.24,18.7,18.01,18.23,18.87,17.87,18.87,19.18,18.7,18.87,19.18,18.7,6087,2052
2025-04-08 10:00:00,0.6,0.69,0.43,0.58,0.17,0.28,0.16,0.66,14.56,16.35,12.28,14.51,16.27,12.17,16.99,18.17,13.67,16.68,17.66,13.95,17.73,18.5,15.27,18.25,19.15,16.7,21.88,24.61,19.29,22.22,25.57,19.35,6090,6275
2025-04-08 09:00:00,0.59,0.64,0.47,0.52,0.17,0.41,0.25,0.69,10.79,11.97,9.72,10.68,11.85,9.72,11.09,13.03,9.91,11.24,13.27,10.02,11.51,14.34,9.85,11.98,15.67,9.95,13.72,21.26,10.07,15.5,23.46,10.26,6083,6315
2025-04-08 08:00:00,0.44,0.53,0.41,0.49,0.16,0.19,0.18,0.65,9.18,9.6,9.01,9.35,9.6,9.25,9.51,9.79,9.38,9.7,9.96,9.6,9.29,9.72,9.14,9.13,9.75,8.88,9.13,9.84,8.88,9.24,10.04,8.89,6079,3183
2025-04-08 07:00:00,0.3,0.41,0.33,0.48,0.15,0.02,0.12,0.39,9.29,9.49,9.13,9.55,9.72,9.37,9.71,9.96,9.5,9.92,10.07,9.72,9.39,9.59,9.25,9.17,9.35,9,9.12,9.33,8.92,9.2,9.39,9.01,6081,0
2025-04-08 06:00:00,0.29,0.38,0.32,0.47,0.14,0.01,0.1,0.25,9.78,10.07,9.49,10.05,10.31,9.79,10.2,10.43,9.96,10.4,10.66,10.16,9.87,10.09,9.6,9.68,9.95,9.38,9.64,9.89,9.35,9.74,9.97,9.46,6083,0
2025-04-08 05:00:00,0.3,0.4,0.35,0.51,0.15,0.02,0.09,0.25,10.32,10.55,10.08,10.55,10.79,10.31,10.72,10.92,10.46,10.91,11.14,10.67,10.4,10.65,10.18,10.21,10.43,9.96,10.18,10.43,9.95,10.28,10.54,10.06,6083,0
2025-04-08 04:00:00,0.3,0.4,0.39,0.56,0.14,0.01,0.08,0.26,10.85,11.02,10.56,11.05,11.23,10.82,11.19,11.38,11,11.38,11.52,11.19,10.89,11.13,10.67,10.72,10.9,10.49,10.7,10.9,10.43,10.8,11.02,10.55,6083,0
2025-04-08 03:00:00,0.31,0.43,0.41,0.57,0.16,0.02,0.11,0.25,11.05,11.14,11.02,11.3,11.45,11.25,11.45,11.61,11.38,11.67,11.85,11.56,11.18,11.27,11.15,10.93,11.08,10.89,10.92,11.02,10.89,11.04,11.14,11.02,6085,0
2025-04-08 02:00:00,0.34,0.43,0.44,0.57,0.19,0.05,0.1,0.29,11.45,11.72,11.22,11.74,11.99,11.5,11.95,12.21,11.66,12.16,12.44,11.86,11.59,11.86,11.35,11.36,11.6,11.12,11.34,11.61,11.13,11.45,11.73,11.15,6087,0
2025-04-08 01:00:00,0.42,0.48,0.44,0.56,0.22,0.12,0.15,0.34,12.03,12.33,11.73,12.37,12.68,12.08,12.61,12.94,12.31,12.84,13.24,12.52,12.23,12.57,11.89,11.96,12.31,11.67,11.95,12.3,11.62,12.08,12.44,11.74,6090,0
2025-04-08 00:00:00,0.4,0.44,0.46,0.58,0.17,0.1,0.14,0.33,12.76,13.15,12.44,13.13,13.51,12.8,13.41,13.84,13.03,13.68,14.09,13.27,13.02,13.4,12.68,12.72,13.12,12.38,12.71,13.12,12.33,12.83,13.23,12.44,6087,0
2025-04-07 23:00:00,0.39,0.49,0.48,0.62,0.21,0.11,0.16,0.35,13.7,14.22,13.24,14.11,14.69,13.62,14.45,15.04,13.92,14.79,15.45,14.21,14.08,14.69,13.51,13.71,14.27,13.23,13.68,14.21,13.18,13.81,14.36,13.33,6094,0
2025-04-07 22:00:00,0.4,0.56,0.49,0.58,0.22,0.11,0.21,0.38,15.05,15.87,14.33,15.53,16.34,14.81,15.91,16.7,15.16,16.38,17.29,15.62,15.59,16.45,14.81,15.15,15.98,14.41,15.11,15.99,14.33,15.25,16.11,14.48,6096,0
2025-04-07 21:00:00,0.4,0.47,0.5,0.59,0.22,0.1,0.18,0.35,17.09,18.36,15.99,17.6,18.84,16.51,17.9,19.06,16.87,18.55,19.76,17.45,17.79,19.07,16.68,17.3,18.6,16.18,17.31,18.7,16.12,17.41,18.75,16.23,6099,0
2025-04-07 20:00:00,0.38,0.5,0.53,0.6,0.2,0.11,0.16,0.37,20.4,22.26,18.59,20.67,22.14,19.09,20.78,22.24,19.29,21.25,22.34,20.01,20.98,22.6,19.31,20.8,22.72,18.93,20.94,22.95,18.94,20.93,22.85,19.07,6101,0
2025-04-07 19:00:00,0.44,0.48,0.54,0.59,0.18,0.11,0.13,0.39,23.13,23.44,22.49,22.79,22.97,22.38,22.79,22.97,22.37,22.78,22.96,22.48,23.33,23.58,22.77,23.76,24.14,23.06,23.99,24.4,23.2,23.85,24.27,23.1,6101,756
2025-04-07 18:00:00,0.39,0.51,0.54,0.57,0.16,0.16,0.16,0.43,23.88,24.27,23.49,23.26,23.45,23,23.2,23.33,22.98,23.08,23.19,22.96,23.99,24.27,23.68,24.66,25.08,24.16,25.02,25.45,24.5,24.82,25.25,24.34,6101,1938
2025-04-07 17:00:00,0.4,0.51,0.54,0.6,0.17,0.2,0.19,0.44,24.02,24.33,23.57,23.15,23.49,22.73,23.04,23.32,22.71,22.77,23.08,22.48,24.02,24.35,23.61,24.9,25.22,24.45,25.3,25.6,24.85,25.08,25.41,24.62,6101,1701
2025-04-07 16:00:00,0.44,0.49,0.56,0.63,0.18,0.12,0.17,0.43,23.45,23.57,23.23,22.61,22.73,22.44,22.53,22.69,22.36,22.21,22.4,22.01,23.43,23.56,23.21,24.29,24.49,24.02,24.69,24.86,24.4,24.46,24.62,24.15,6101,1788
2025-04-07 15:00:00,0.45,0.53,0.55,0.61,0.2,0.14,0.16,0.42,22.34,23.2,21.55,21.54,22.38,20.83,21.48,22.26,20.8,21.19,21.9,20.54,22.43,23.21,21.74,23.2,24.02,22.55,23.55,24.37,22.88,23.18,24.15,22.38,6096,1835
2025-04-07 14:00:00,0.42,0.57,0.55,0.61,0.2,0.15,0.21,0.53,20.42,21.43,19.54,19.71,20.64,18.95,19.78,20.7,18.94,19.57,20.39,18.77,20.69,21.67,19.78,21.43,22.45,20.48,21.78,22.81,20.83,21.34,22.32,20.43,6096,1883
2025-04-07 13:00:00,0.48,0.51,0.53,0.6,0.24,0.14,0.21,0.66,18.65,19.42,17.87,18.05,18.77,17.29,18.08,18.83,17.36,17.89,18.61,17.17,18.87,19.66,18.04,19.51,20.35,18.6,19.82,20.71,18.94,19.51,20.26,18.7,6094,1918
2025-04-07 12:00:00,0.43,0.52,0.52,0.61,0.22,0.15,0.21,0.74,17.08,17.76,16.34,16.56,17.17,15.87,16.65,17.19,16.11,16.47,17.04,15.88,17.2,17.89,16.45,17.48,18.42,16.53,18,18.78,17.2,17.89,18.59,17.17,6092,1973
2025-04-07 11:00:00,0.43,0.63,0.47,0.58,0.23,0.21,0.24,0.78,15.75,16.2,15.26,15.48,15.75,15.12,15.95,15.99,15.89,15.76,15.83,15.75,16.16,16.35,16.11,16.07,16.33,15.87,17.09,17.29,16.95,16.99,17.17,16.92,6092,2076
2025-04-07 10:00:00,0.47,0.53,0.42,0.58,0.2,0.33,0.16,0.85,13.41,15.13,11.08,13.31,14.99,11.02,15.62,16.7,12.44,14.93,15.75,12.56,15.67,16.23,13.51,16.35,17.24,15.15,19.64,22.04,17.45,19.68,22.61,17.29,6092,6283
2025-04-07 09:00:00,0.42,0.49,0.4,0.54,0.22,0.44,0.22,0.87,9.66,10.79,8.68,9.58,10.67,8.72,10.04,11.85,9,10.14,11.97,9.01,10.23,12.71,8.78,10.66,14.2,8.76,12.03,18.67,8.89,13.55,20.56,9.12,6090,6326
2025-04-07 08:00:00,0.42,0.44,0.39,0.53,0.24,0.4,0.21,0.83,8.33,8.55,8.24,8.49,8.66,8.42,8.68,8.89,8.57,8.86,9,8.77,8.39,8.66,8.3,8.22,8.63,8.06,8.24,8.67,8.07,8.37,8.89,8.18,6085,2292
2025-04-07 07:00:00,0.35,0.44,0.38,0.51,0.19,0.2,0.18,0.68,8.58,8.78,8.41,8.77,8.95,8.58,8.92,9.13,8.77,9.18,9.35,9.01,8.64,8.82,8.43,8.46,8.64,8.24,8.43,8.64,8.26,8.51,8.67,8.31,6087,0
2025-04-07 06:00:00,0.34,0.42,0.37,0.54,0.16,0.09,0.16,0.34,8.9,9,8.8,9.08,9.22,9.01,9.23,9.37,9.13,9.44,9.59,9.35,8.93,9.02,8.85,8.75,8.88,8.64,8.7,8.78,8.64,8.79,8.89,8.71,6087,0
2025-04-07 05:00:00,0.29,0.41,0.34,0.5,0.15,0.02,0.13,0.3,9.21,9.42,9.01,9.44,9.6,9.25,9.6,9.84,9.38,9.79,9.99,9.6,9.26,9.47,9.02,9.06,9.25,8.88,9.02,9.24,8.84,9.1,9.3,8.89,6090,0
2025-04-07 04:00:00,0.29,0.37,0.33,0.5,0.15,0.01,0.12,0.27,9.65,9.84,9.46,9.88,10.08,9.66,10.04,10.26,9.84,10.23,10.43,10.05,9.68,9.88,9.49,9.5,9.71,9.33,9.45,9.67,9.24,9.54,9.72,9.35,6090,0
2025-04-07 03:00:00,0.3,0.36,0.35,0.5,0.15,0.02,0.1,0.28,10.06,10.31,9.89,10.32,10.55,10.1,10.5,10.79,10.3,10.69,10.95,10.47,10.12,10.36,9.95,9.92,10.18,9.71,9.87,10.09,9.72,9.96,10.2,9.8,6092,0
2025-04-07 02:00:00,0.29,0.4,0.38,0.56,0.14,0.01,0.09,0.29,10.63,10.91,10.32,10.9,11.14,10.59,11.1,11.38,10.79,11.31,11.61,11.02,10.72,11.03,10.44,10.51,10.77,10.2,10.47,10.77,10.18,10.55,10.79,10.27,6092,0
2025-04-07 01:00:00,0.3,0.43,0.44,0.58,0.17,0.02,0.11,0.32,11.25,11.61,10.91,11.55,11.92,11.23,11.79,12.2,11.44,12.01,12.44,11.64,11.41,11.8,11.05,11.17,11.56,10.84,11.13,11.49,10.78,11.21,11.62,10.87,6094,0
2025-04-07 00:00:00,0.41,0.46,0.45,0.58,0.2,0.11,0.16,0.39,12.09,12.5,11.65,12.41,12.8,11.97,12.68,13.14,12.23,12.95,13.39,12.48,12.33,12.8,11.86,12.05,12.44,11.61,12.01,12.44,11.6,12.08,12.49,11.64,6094,0
2025-04-06 23:00:00,0.39,0.45,0.47,0.59,0.18,0.1,0.15,0.42,13.06,13.62,12.56,13.41,13.98,12.92,13.7,14.21,13.16,14.03,14.61,13.5,13.4,14,12.84,13.11,13.71,12.55,13.02,13.62,12.51,13.08,13.64,12.56,6096,0
2025-04-06 22:00:00,0.39,0.53,0.51,0.63,0.24,0.11,0.21,0.52,14.39,15.05,13.74,14.73,15.38,14.1,14.99,15.63,14.36,15.38,16.04,14.69,14.82,15.52,14.1,14.52,15.27,13.83,14.43,15.16,13.74,14.45,15.16,13.74,6101,0
2025-04-06 21:00:00,0.4,0.5,0.5,0.6,0.21,0.1,0.21,0.55,15.83,16.58,15.18,16.1,16.82,15.47,16.31,17.04,15.74,16.76,17.45,16.12,16.32,17.06,15.65,16.08,16.92,15.39,15.99,16.81,15.29,15.94,16.69,15.28,6101,0
2025-04-06 20:00:00,0.42,0.47,0.5,0.59,0.22,0.11,0.17,0.61,17.58,18.45,16.7,17.75,18.5,16.95,17.91,18.67,17.17,18.25,18.85,17.58,18.08,18.94,17.27,18.05,19.04,17.04,17.94,18.95,16.94,17.72,18.7,16.82,6103,0
2025-04-06 19:00:00,0.41,0.48,0.52,0.6,0.24,0.11,0.19,0.73,19.29,19.54,18.67,19.03,19.18,18.61,19.16,19.29,18.79,19.18,19.29,18.94,19.56,19.78,19.06,19.98,20.32,19.29,19.96,20.36,19.18,19.65,20.01,18.84,6105,433
2025-04-06 18:00:00,0.46,0.52,0.52,0.62,0.24,0.14,0.22,0.88,19.16,19.42,18.95,18.83,18.95,18.75,19.09,19.18,19.04,19.1,19.18,19.06,19.56,19.68,19.44,20.03,20.23,19.87,20.04,20.24,19.89,19.71,19.89,19.54,6105,2036
2025-04-06 17:00:00,0.41,0.49,0.51,0.62,0.21,0.1,0.2,1.02,19.7,20.1,19.1,19.32,19.54,18.94,19.5,19.73,19.18,19.43,19.53,19.27,20.07,20.37,19.62,20.72,21.18,20.06,20.79,21.31,20.03,20.4,20.87,19.67,6105,1954
2025-04-06 16:00:00,0.41,0.5,0.52,0.6,0.21,0.1,0.2,1.18,19.95,20.41,19.66,19.46,19.66,19.29,19.5,19.65,19.4,19.17,19.29,18.94,20.16,20.37,19.93,20.94,21.41,20.59,21.1,21.78,20.72,20.72,21.33,20.37,6103,1977
2025-04-06 15:00:00,0.46,0.5,0.53,0.62,0.25,0.17,0.24,1.38,18.95,20.25,18.45,18.39,19.42,18,18.38,19.29,18,17.99,18.7,17.64,19.12,20.25,18.7,19.78,21.29,19.17,20.1,21.66,19.53,19.77,21.23,19.19,6101,2080
2025-04-06 14:00:00,0.46,0.5,0.51,0.62,0.25,0.19,0.22,1.58,18.22,18.59,17.99,17.6,18,17.25,17.54,18,17.15,17.13,17.64,16.58,18.33,18.7,18.03,18.95,19.28,18.7,19.43,19.65,19.16,19.09,19.32,18.83,6101,2052
2025-04-06 13:00:00,0.45,0.56,0.52,0.63,0.22,0.24,0.25,1.75,17,17.87,16.36,16.37,17.12,15.67,16.17,17.03,15.37,15.65,16.45,14.69,17.02,17.89,16.28,17.59,18.64,16.94,18.21,19.27,17.64,18.03,18.95,17.53,6096,2040
2025-04-06 12:00:00,0.51,0.61,0.52,0.61,0.23,0.28,0.32,1.9,14.73,16.14,13.23,14.06,15.47,12.56,13.86,15.16,12.54,13.27,14.45,12.03,14.56,16.02,13.04,15.15,16.69,13.57,15.81,17.4,14.19,15.75,17.29,14.15,6094,2084
2025-04-06 11:00:00,0.49,0.56,0.47,0.56,0.19,0.29,0.27,1.92,11.64,12.92,10.67,11.22,12.32,10.34,11.24,12.31,10.39,10.94,11.84,10.18,11.48,12.68,10.52,11.85,13.25,10.77,12.3,13.83,11.13,12.31,13.76,11.14,6092,3549
2025-04-06 10:00:00,0.45,0.51,0.43,0.54,0.17,0.25,0.23,1.93,9.97,10.52,9.37,9.71,10.24,9.13,9.71,10.24,9.17,9.6,10.07,9.12,9.77,10.36,9.22,9.99,10.59,9.35,10.21,10.89,9.47,10.25,10.91,9.58,6092,2099
2025-04-06 09:00:00,0.45,0.5,0.44,0.54,0.18,0.25,0.25,2.03,8.74,9.25,8.3,8.61,9.06,8.18,8.65,9.07,8.3,8.66,9.01,8.35,8.59,9.07,8.18,8.67,9.24,8.17,8.75,9.35,8.2,8.81,9.39,8.3,6092,1536
2025-04-06 08:00:00,0.5,0.49,0.39,0.52,0.17,0.22,0.21,2.07,7.85,8.18,7.6,7.92,8.18,7.76,8.01,8.2,7.89,8.11,8.3,8.05,7.78,8.07,7.6,7.7,8.05,7.46,7.71,8.1,7.47,7.81,8.18,7.54,6092,228
2025-04-06 07:00:00,0.48,0.49,0.4,0.52,0.17,0.21,0.2,1.88,7.55,7.6,7.48,7.74,7.83,7.71,7.9,8.02,7.85,8.09,8.2,8.06,7.6,7.68,7.58,7.39,7.46,7.31,7.4,7.47,7.35,7.47,7.5,7.46,6092,0
2025-04-06 06:00:00,0.44,0.44,0.4,0.5,0.16,0.21,0.18,1.12,7.82,8.07,7.6,8.08,8.3,7.88,8.24,8.46,8.06,8.48,8.68,8.29,7.93,8.17,7.72,7.66,7.92,7.46,7.67,7.89,7.47,7.77,7.96,7.5,6092,0
2025-04-06 05:00:00,0.35,0.39,0.38,0.51,0.16,0.06,0.12,0.3,8.34,8.54,8.08,8.55,8.78,8.3,8.75,8.97,8.54,8.97,9.13,8.77,8.4,8.55,8.18,8.18,8.41,7.94,8.13,8.3,7.94,8.24,8.42,8.05,6094,0
2025-04-06 04:00:00,0.28,0.38,0.35,0.52,0.15,0.02,0.11,0.27,8.79,9.01,8.55,9.06,9.25,8.84,9.23,9.47,9.01,9.41,9.62,9.18,8.82,9.03,8.64,8.61,8.84,8.41,8.58,8.82,8.39,8.68,8.89,8.43,6094,0
2025-04-06 03:00:00,0.29,0.39,0.33,0.49,0.15,0.01,0.12,0.28,9.32,9.6,9.06,9.58,9.84,9.35,9.77,10.05,9.47,9.96,10.21,9.72,9.36,9.6,9.14,9.14,9.37,8.88,9.12,9.35,8.89,9.22,9.47,9,6096,0
2025-04-06 02:00:00,0.29,0.35,0.32,0.49,0.14,0.01,0.1,0.25,9.88,10.2,9.6,10.16,10.43,9.85,10.36,10.67,10.08,10.57,10.9,10.31,9.94,10.21,9.68,9.72,9.99,9.47,9.68,9.96,9.41,9.79,10.08,9.5,6099,0
2025-04-06 01:00:00,0.28,0.38,0.37,0.55,0.15,0.01,0.08,0.25,10.55,10.91,10.2,10.84,11.18,10.54,11.07,11.4,10.76,11.28,11.68,10.91,10.64,11.03,10.32,10.39,10.76,10.07,10.38,10.75,10.07,10.48,10.81,10.18,6101,0
2025-04-06 00:00:00,0.31,0.43,0.43,0.58,0.18,0.03,0.1,0.28,11.31,11.73,10.92,11.64,12.09,11.26,11.9,12.32,11.49,12.16,12.65,11.73,11.5,11.97,11.09,11.2,11.65,10.78,11.19,11.61,10.78,11.28,11.73,10.9,6096,0
2025-04-05 23:00:00,0.42,0.42,0.44,0.58,0.2,0.1,0.15,0.33,12.32,12.92,11.82,12.68,13.27,12.18,12.97,13.52,12.44,13.26,13.86,12.68,12.59,13.18,12.06,12.28,12.9,11.72,12.26,12.84,11.73,12.35,12.92,11.85,6105,0
2025-04-05 22:00:00,0.38,0.45,0.48,0.63,0.22,0.11,0.16,0.35,13.66,14.22,13.03,14,14.61,13.39,14.27,14.91,13.62,14.63,15.29,13.98,14.03,14.69,13.33,13.71,14.4,13.02,13.67,14.33,12.99,13.75,14.44,13.04,6105,0
2025-04-05 21:00:00,0.4,0.54,0.5,0.59,0.21,0.1,0.2,0.37,15.21,16.12,14.35,15.51,16.34,14.72,15.76,16.57,15.04,16.18,16.93,15.45,15.67,16.59,14.81,15.39,16.37,14.52,15.36,16.35,14.45,15.42,16.44,14.56,6108,0
2025-04-05 20:00:00,0.39,0.46,0.49,0.59,0.22,0.12,0.18,0.37,17,17.64,16.34,17.12,17.65,16.53,17.25,17.76,16.7,17.58,18.02,17.04,17.44,18.01,16.74,17.35,17.99,16.57,17.39,18.08,16.58,17.36,18,16.58,6110,0
2025-04-05 19:00:00,0.43,0.47,0.51,0.6,0.24,0.11,0.16,0.36,18.19,18.59,17.76,18.14,18.48,17.76,18.26,18.59,17.87,18.45,18.79,18.12,18.54,18.95,18.12,18.67,19.17,18.12,18.76,19.2,18.23,18.69,19.18,18.15,6110,579
2025-04-05 18:00:00,0.41,0.48,0.51,0.61,0.24,0.12,0.19,0.39,19.14,19.89,18.62,19.02,19.66,18.58,19.1,19.65,18.7,19.23,19.68,18.83,19.46,20.1,18.95,19.76,20.53,19.18,19.9,20.72,19.29,19.82,20.62,19.25,6112,1319
2025-04-05 17:00:00,0.38,0.58,0.55,0.63,0.18,0.11,0.19,0.4,20.67,21.08,20.01,20.09,20.37,19.77,20.04,20.27,19.77,19.84,20.01,19.53,20.67,20.96,20.25,21.44,21.89,20.71,21.75,22.26,20.95,21.62,22.14,20.84,6112,1851
2025-04-05 16:00:00,0.4,0.49,0.53,0.61,0.22,0.1,0.19,0.38,20.09,20.37,19.89,19.51,19.66,19.29,19.51,19.7,19.29,19.28,19.42,19.06,20.08,20.33,19.9,20.85,21.18,20.7,21.15,21.48,20.97,21.03,21.36,20.84,6110,2095
2025-04-05 15:00:00,0.4,0.48,0.51,0.61,0.23,0.1,0.18,0.39,19.85,20.37,19.43,19.27,19.54,18.98,19.24,19.43,19.06,19.04,19.18,18.94,19.83,20.18,19.54,20.7,21.3,20.23,21.04,21.66,20.53,20.9,21.55,20.39,6110,2095
2025-04-05 14:00:00,0.41,0.49,0.52,0.63,0.23,0.11,0.21,0.4,20.02,20.34,19.54,19.11,19.51,18.54,19.02,19.42,18.45,18.55,19.02,17.9,19.81,20.12,19.31,20.91,21.22,20.35,21.36,21.66,20.83,21.17,21.48,20.63,6110,2107
2025-04-05 13:00:00,0.45,0.48,0.52,0.62,0.24,0.14,0.2,0.4,18.22,19.29,17.56,17.49,18.36,16.91,17.43,18.35,16.82,16.99,17.76,16.35,18.08,19.07,17.41,18.96,20.12,18.2,19.38,20.6,18.59,19.23,20.39,18.45,6108,2115
2025-04-05 12:00:00,0.38,0.53,0.47,0.61,0.23,0.12,0.21,0.4,16.54,17.39,16.23,16.09,16.7,15.88,16.12,16.7,15.97,15.85,16.2,15.75,16.53,17.25,16.31,17.12,18.02,16.79,17.48,18.4,17.17,17.39,18.25,17.04,6105,2166
2025-04-05 11:00:00,0.4,0.55,0.5,0.64,0.21,0.12,0.21,0.39,15.84,16.66,14.69,15.29,16.08,14.22,15.45,16.06,14.7,15.07,15.74,14.38,15.85,16.5,14.99,16.51,17.28,15.59,16.99,17.73,16.2,16.88,17.64,16,6105,2115
2025-04-05 10:00:00,0.4,0.44,0.44,0.61,0.22,0.13,0.2,0.39,13.09,14.36,11.61,12.84,13.98,11.45,13.97,14.57,12.32,13.45,14.26,12,13.97,14.8,12.21,14.82,15.39,12.8,16.22,16.84,14.57,15.84,16.23,14.93,6105,6319
2025-04-05 09:00:00,0.3,0.41,0.38,0.53,0.17,0.05,0.12,0.32,10.85,11.38,10.32,10.75,11.26,10.31,10.9,11.61,10.43,10.91,11.6,10.44,10.85,11.63,10.28,10.99,11.96,10.3,11.34,12.93,10.32,11.57,13.27,10.43,6103,6338
2025-04-05 08:00:00,0.3,0.36,0.33,0.51,0.15,0.02,0.11,0.27,9.98,10.22,9.76,10.04,10.2,9.95,10.16,10.31,10.08,10.26,10.43,10.18,9.94,10.2,9.75,9.88,10.18,9.62,9.88,10.18,9.64,9.96,10.31,9.72,6101,2044
2025-04-05 07:00:00,0.28,0.35,0.33,0.51,0.15,0,0.09,0.26,9.86,9.96,9.72,10.05,10.2,9.92,10.24,10.43,10.08,10.44,10.67,10.24,9.9,10.08,9.74,9.73,9.83,9.59,9.72,9.84,9.6,9.8,9.93,9.72,6103,0
2025-04-05 06:00:00,0.29,0.38,0.36,0.55,0.15,0.01,0.09,0.26,10.36,10.79,10.08,10.62,11.02,10.28,10.85,11.26,10.45,11.07,11.49,10.67,10.49,10.91,10.1,10.27,10.66,9.91,10.24,10.66,9.87,10.33,10.78,9.96,6105,0
2025-04-05 05:00:00,0.31,0.41,0.43,0.59,0.18,0.04,0.1,0.29,11.31,11.85,10.85,11.54,11.98,11.12,11.73,12.17,11.32,11.98,12.43,11.52,11.49,11.97,11.01,11.28,11.84,10.77,11.26,11.83,10.77,11.32,11.85,10.8,6105,0
2025-04-05 04:00:00,0.42,0.45,0.47,0.59,0.2,0.11,0.16,0.34,12.31,12.57,11.96,12.4,12.66,12.09,12.53,12.78,12.2,12.73,12.91,12.45,12.45,12.68,12.09,12.36,12.67,11.96,12.35,12.67,11.92,12.41,12.71,11.97,6105,0
2025-04-05 03:00:00,0.41,0.43,0.45,0.59,0.18,0.1,0.15,0.34,12.77,12.92,12.65,12.8,12.92,12.68,12.91,13.03,12.8,13.07,13.19,12.92,12.89,13.04,12.75,12.84,13.02,12.67,12.85,13.03,12.67,12.91,13.03,12.78,6108,0
2025-04-05 02:00:00,0.39,0.43,0.46,0.61,0.19,0.11,0.16,0.33,12.99,13.03,12.92,13.01,13.09,12.94,13.11,13.16,13.03,13.29,13.39,13.22,13.12,13.19,13.04,13.1,13.14,13.02,13.11,13.15,13.03,13.16,13.26,13.09,6108,0
2025-04-05 01:00:00,0.39,0.43,0.49,0.62,0.17,0.11,0.14,0.35,13.15,13.27,13.06,13.18,13.27,13.12,13.29,13.39,13.24,13.47,13.61,13.39,13.3,13.39,13.22,13.27,13.38,13.18,13.27,13.38,13.17,13.32,13.4,13.27,6110,0
2025-04-05 00:00:00,0.42,0.45,0.46,0.59,0.2,0.11,0.16,0.34,13.44,13.6,13.27,13.47,13.61,13.29,13.58,13.73,13.4,13.76,13.86,13.62,13.61,13.75,13.41,13.6,13.73,13.38,13.6,13.74,13.38,13.65,13.76,13.46,6105,0
2025-04-04 23:00:00,0.38,0.47,0.48,0.62,0.2,0.1,0.18,0.37,13.68,13.77,13.61,13.71,13.85,13.62,13.83,13.97,13.74,14.02,14.14,13.87,13.87,13.98,13.75,13.84,13.97,13.73,13.85,13.97,13.74,13.9,13.98,13.8,6110,0
2025-04-04 22:00:00,0.38,0.46,0.49,0.62,0.23,0.13,0.2,0.37,13.93,14.1,13.82,13.99,14.22,13.86,14.12,14.33,13.98,14.35,14.57,14.21,14.16,14.34,13.99,14.11,14.31,13.97,14.1,14.28,13.97,14.16,14.33,14,6110,0
2025-04-04 21:00:00,0.4,0.5,0.51,0.66,0.25,0.12,0.21,0.41,14.48,14.92,14.13,14.56,14.93,14.22,14.69,15.04,14.33,14.92,15.27,14.6,14.75,15.16,14.44,14.7,15.15,14.32,14.7,15.16,14.33,14.74,15.17,14.34,6112,0
2025-04-04 20:00:00,0.43,0.58,0.52,0.63,0.23,0.12,0.21,0.38,15.2,15.28,14.96,15.16,15.23,15.03,15.28,15.36,15.12,15.44,15.51,15.28,15.39,15.48,15.17,15.43,15.5,15.22,15.47,15.58,15.27,15.54,15.64,15.28,6112,0
2025-04-04 19:00:00,0.43,0.59,0.51,0.63,0.23,0.12,0.2,0.37,15.37,15.58,15.26,15.35,15.55,15.2,15.51,15.75,15.36,15.67,15.94,15.51,15.59,15.79,15.45,15.62,15.86,15.5,15.72,15.99,15.53,15.74,15.99,15.59,6114,815
2025-04-04 18:00:00,0.37,0.47,0.49,0.61,0.21,0.09,0.2,0.36,16.39,16.94,15.63,16.3,16.7,15.64,16.4,16.82,15.75,16.51,16.81,15.99,16.59,17.06,15.87,16.78,17.4,15.87,16.9,17.52,15.99,16.91,17.53,15.99,6114,2091
2025-04-04 17:00:00,0.37,0.48,0.5,0.61,0.22,0.11,0.22,0.39,16.64,16.85,16.11,16.35,16.62,15.79,16.44,16.7,15.87,16.37,16.7,15.84,16.72,16.95,16.12,17.05,17.28,16.45,17.21,17.45,16.58,17.22,17.49,16.6,6114,1918
2025-04-04 16:00:00,0.42,0.57,0.52,0.65,0.23,0.12,0.22,0.4,15.25,15.91,14.69,15.07,15.64,14.57,15.21,15.75,14.78,15.24,15.72,14.89,15.37,16,14.81,15.54,16.24,14.91,15.65,16.41,15.04,15.68,16.45,15.04,6114,2005
2025-04-04 15:00:00,0.39,0.52,0.5,0.65,0.25,0.12,0.22,0.42,14.71,15.27,14.5,14.72,15.28,14.45,14.9,15.51,14.69,15.14,15.75,14.83,14.92,15.52,14.69,14.96,15.53,14.73,15.08,15.69,14.82,15.1,15.74,14.83,6114,1993
2025-04-04 14:00:00,0.38,0.48,0.49,0.62,0.21,0.1,0.19,0.36,16.41,17.02,15.43,16.35,16.94,15.49,16.54,17.17,15.63,16.73,17.29,15.98,16.67,17.28,15.74,16.83,17.41,15.75,17.01,17.64,15.96,17,17.65,15.98,6114,240
2025-04-04 13:00:00,0.46,0.45,0.5,0.6,0.24,0.11,0.16,0.36,17.8,17.98,17.29,17.59,17.7,17.25,17.75,17.87,17.41,17.71,17.78,17.52,18.01,18.12,17.54,18.34,18.5,17.75,18.55,18.7,18,18.53,18.7,18,6114,992
2025-04-04 12:00:00,0.44,0.44,0.5,0.61,0.24,0.12,0.17,0.37,17.91,18.12,17.65,17.59,17.79,17.35,17.68,17.89,17.42,17.49,17.76,17.17,18,18.24,17.77,18.5,18.7,18.25,18.77,18.98,18.59,18.68,18.95,18.45,6114,1993
2025-04-04 11:00:00,0.44,0.5,0.5,0.63,0.23,0.12,0.17,0.39,17.18,17.87,15.52,16.73,17.41,15.16,16.92,17.41,15.81,16.46,17.15,15.36,17.31,17.81,16.11,17.98,18.56,16.7,18.43,18.95,17.29,18.25,18.83,16.94,6114,2107
2025-04-04 10:00:00,0.41,0.46,0.46,0.63,0.2,0.11,0.2,0.38,13.68,15.16,12.11,13.59,14.93,11.97,15.13,15.66,12.89,14.35,15.19,12.61,15.11,15.88,13.03,15.85,16.54,13.57,16.99,17.87,15.28,16.49,16.9,15.87,6114,5574
2025-04-04 09:00:00,0.33,0.42,0.39,0.57,0.17,0.08,0.13,0.34,11.15,11.97,10.53,11.08,11.79,10.55,11.35,12.35,10.75,11.43,12.32,10.9,11.36,12.66,10.56,11.49,13.14,10.43,12.09,14.59,10.45,12.64,15.27,10.55,6110,4262
2025-04-04 08:00:00,0.29,0.37,0.35,0.54,0.15,0.02,0.08,0.26,10.44,10.55,10.41,10.61,10.79,10.55,10.76,10.92,10.67,10.98,11.18,10.9,10.51,10.67,10.44,10.36,10.54,10.3,10.35,10.47,10.31,10.42,10.55,10.33,6110,835
2025-04-04 07:00:00,0.28,0.38,0.39,0.58,0.15,0.01,0.08,0.27,10.95,11.3,10.65,11.14,11.5,10.8,11.29,11.61,11.01,11.53,11.84,11.26,11.1,11.46,10.78,10.91,11.31,10.54,10.89,11.26,10.55,10.95,11.35,10.61,6110,0
2025-04-04 06:00:00,0.37,0.41,0.44,0.6,0.2,0.08,0.14,0.33,11.65,11.95,11.37,11.75,11.97,11.5,11.88,12.09,11.62,12.08,12.31,11.85,11.78,12.05,11.5,11.69,11.96,11.37,11.67,11.96,11.37,11.73,12.07,11.39,6112,0
2025-04-04 05:00:00,0.45,0.47,0.47,0.58,0.22,0.14,0.17,0.35,12.14,12.3,11.97,12.19,12.32,12.03,12.29,12.43,12.13,12.47,12.56,12.32,12.25,12.4,12.09,12.21,12.38,12.05,12.21,12.38,12.02,12.28,12.44,12.09,6114,0
2025-04-04 04:00:00,0.45,0.44,0.46,0.59,0.25,0.11,0.18,0.34,12.33,12.38,12.32,12.34,12.41,12.32,12.45,12.54,12.43,12.61,12.68,12.56,12.45,12.48,12.4,12.42,12.44,12.4,12.42,12.44,12.38,12.48,12.56,12.44,6114,0
2025-04-04 03:00:00,0.42,0.45,0.47,0.6,0.19,0.1,0.15,0.33,12.43,12.47,12.39,12.46,12.56,12.42,12.58,12.68,12.54,12.74,12.8,12.68,12.55,12.62,12.48,12.51,12.55,12.43,12.51,12.56,12.44,12.57,12.66,12.55,6114,0
2025-04-04 02:00:00,0.42,0.43,0.47,0.59,0.17,0.1,0.15,0.36,12.63,12.68,12.54,12.64,12.68,12.56,12.75,12.8,12.68,12.88,12.91,12.8,12.74,12.8,12.68,12.73,12.78,12.61,12.74,12.8,12.61,12.78,12.84,12.68,6114,0
2025-04-04 01:00:00,0.43,0.44,0.47,0.6,0.19,0.12,0.16,0.35,12.49,12.68,12.32,12.53,12.68,12.43,12.65,12.8,12.56,12.82,12.9,12.8,12.62,12.77,12.48,12.57,12.77,12.41,12.56,12.77,12.36,12.63,12.8,12.44,6114,0
2025-04-04 00:00:00,0.41,0.43,0.46,0.59,0.18,0.11,0.16,0.34,12.48,12.67,12.32,12.58,12.72,12.44,12.75,12.91,12.59,12.94,13.09,12.8,12.66,12.8,12.48,12.54,12.7,12.42,12.54,12.67,12.39,12.6,12.8,12.44,6110,0
2025-04-03 23:00:00,0.41,0.42,0.44,0.6,0.18,0.1,0.15,0.34,12.78,12.92,12.68,12.88,13.03,12.8,13.04,13.22,12.91,13.26,13.42,13.14,12.95,13.14,12.81,12.84,13.01,12.76,12.83,12.97,12.73,12.89,13.03,12.8,6114,0
2025-04-03 22:00:00,0.39,0.43,0.46,0.6,0.18,0.11,0.15,0.33,13.16,13.42,12.92,13.31,13.59,13.07,13.48,13.74,13.27,13.71,13.98,13.49,13.38,13.64,13.16,13.25,13.52,13.02,13.24,13.5,13.03,13.31,13.63,13.04,6116,0
2025-04-03 21:00:00,0.38,0.45,0.48,0.61,0.21,0.1,0.18,0.37,13.88,14.22,13.51,13.97,14.3,13.62,14.12,14.45,13.8,14.3,14.57,13.99,14.07,14.42,13.75,14,14.42,13.61,14.02,14.45,13.62,14.07,14.45,13.63,6119,0
2025-04-03 20:00:00,0.39,0.51,0.49,0.65,0.24,0.13,0.21,0.42,14.61,14.93,14.33,14.61,14.86,14.33,14.73,14.97,14.47,14.83,15.04,14.58,14.75,15.05,14.46,14.78,15.08,14.44,14.85,15.16,14.55,14.87,15.18,14.57,6119,0
2025-04-03 19:00:00,0.4,0.56,0.52,0.63,0.24,0.11,0.19,0.38,15.16,15.4,14.93,15.09,15.28,14.92,15.19,15.4,15.04,15.28,15.45,15.14,15.26,15.5,15.05,15.37,15.62,15.15,15.49,15.75,15.28,15.51,15.75,15.28,6119,263
2025-04-03 18:00:00,0.4,0.6,0.5,0.61,0.22,0.11,0.23,0.38,15.64,15.75,15.43,15.48,15.52,15.37,15.53,15.57,15.4,15.56,15.62,15.51,15.7,15.76,15.52,15.89,15.98,15.67,16.06,16.2,15.87,16.06,16.23,15.86,6119,1237
2025-04-03 17:00:00,0.41,0.59,0.52,0.63,0.22,0.11,0.22,0.37,15.52,15.75,15.32,15.26,15.52,15.04,15.3,15.52,15.06,15.29,15.51,15.04,15.53,15.76,15.32,15.79,16.01,15.62,16.01,16.2,15.87,16,16.23,15.83,6119,1875
2025-04-03 16:00:00,0.43,0.54,0.51,0.65,0.25,0.11,0.21,0.38,15.1,15.28,14.89,14.81,15.04,14.56,14.82,15.04,14.57,14.73,15,14.45,15.05,15.29,14.81,15.36,15.52,15.15,15.64,15.78,15.48,15.62,15.76,15.4,6119,2028
2025-04-03 15:00:00,0.41,0.46,0.48,0.61,0.22,0.13,0.21,0.41,14.17,14.81,13.34,13.84,14.45,13.15,13.85,14.45,13.18,13.76,14.33,13.15,14.11,14.72,13.3,14.45,15.15,13.49,14.68,15.39,13.73,14.7,15.4,13.74,6116,2249
2025-04-03 14:00:00,0.4,0.44,0.45,0.58,0.19,0.1,0.15,0.34,12.84,13.19,12.59,12.7,13.03,12.49,12.77,13.05,12.56,12.76,13.03,12.56,12.85,13.16,12.6,13.01,13.38,12.78,13.15,13.51,12.9,13.18,13.6,12.92,6114,2249
2025-04-03 13:00:00,0.42,0.41,0.45,0.58,0.23,0.11,0.15,0.35,12.44,12.58,12.31,12.34,12.47,12.2,12.38,12.56,12.2,12.4,12.56,12.22,12.47,12.6,12.33,12.63,12.78,12.43,12.72,12.91,12.56,12.77,12.92,12.58,6114,1851
2025-04-03 12:00:00,0.42,0.45,0.44,0.59,0.21,0.13,0.18,0.36,12.01,12.21,11.78,11.91,12.11,11.73,11.97,12.2,11.76,12.01,12.2,11.85,12.02,12.26,11.78,12.14,12.43,11.86,12.23,12.5,11.96,12.27,12.56,11.98,6114,1430
2025-04-03 11:00:00,0.33,0.39,0.4,0.58,0.19,0.09,0.15,0.35,11.59,11.74,11.5,11.56,11.72,11.5,11.63,11.74,11.54,11.68,11.82,11.61,11.58,11.74,11.49,11.64,11.84,11.48,11.71,11.92,11.59,11.76,11.97,11.62,6114,772
2025-04-03 10:00:00,0.32,0.37,0.42,0.58,0.17,0.04,0.13,0.34,11.44,11.5,11.39,11.45,11.5,11.43,11.51,11.54,11.5,11.61,11.63,11.61,11.46,11.49,11.43,11.48,11.48,11.48,11.51,11.57,11.49,11.58,11.62,11.53,6114,421
2025-04-03 09:00:00,0.32,0.36,0.4,0.56,0.17,0.04,0.12,0.33,11.43,11.5,11.38,11.5,11.5,11.47,11.6,11.61,11.56,11.7,11.73,11.63,11.49,11.5,11.46,11.46,11.48,11.42,11.48,11.49,11.45,11.53,11.57,11.5,6119,0
2025-04-03 08:00:00,0.3,0.36,0.4,0.58,0.17,0.04,0.12,0.34,11.47,11.5,11.42,11.53,11.61,11.5,11.66,11.73,11.61,11.78,11.85,11.73,11.51,11.54,11.5,11.47,11.48,11.46,11.48,11.49,11.47,11.51,11.59,11.5,6116,0
2025-04-03 07:00:00,0.33,0.39,0.41,0.58,0.21,0.08,0.14,0.33,11.63,11.73,11.5,11.72,11.85,11.61,11.85,11.97,11.73,11.98,12.09,11.85,11.69,11.81,11.6,11.62,11.72,11.49,11.63,11.73,11.49,11.69,11.78,11.62,6119,0
2025-04-03 06:00:00,0.41,0.44,0.43,0.58,0.21,0.11,0.16,0.36,11.89,12.08,11.73,11.97,12.1,11.85,12.1,12.25,11.97,12.27,12.44,12.09,11.97,12.14,11.84,11.89,12.07,11.72,11.91,12.08,11.73,11.97,12.15,11.83,6119,0
2025-04-03 05:00:00,0.42,0.39,0.45,0.58,0.23,0.14,0.17,0.34,12.2,12.32,12.09,12.28,12.44,12.17,12.42,12.56,12.31,12.58,12.68,12.44,12.32,12.45,12.21,12.23,12.33,12.07,12.23,12.32,12.09,12.31,12.44,12.2,6119,0
2025-04-03 04:00:00,0.42,0.4,0.42,0.58,0.22,0.1,0.17,0.34,12.4,12.54,12.32,12.5,12.62,12.44,12.66,12.8,12.56,12.84,12.93,12.76,12.53,12.68,12.45,12.45,12.55,12.36,12.46,12.56,12.35,12.52,12.64,12.44,6121,0
2025-04-03 03:00:00,0.38,0.39,0.43,0.58,0.18,0.11,0.15,0.35,12.7,12.92,12.56,12.81,13.03,12.67,12.96,13.15,12.8,13.16,13.39,13.02,12.84,13.04,12.68,12.73,12.9,12.55,12.73,12.92,12.56,12.81,13.03,12.68,6121,0
2025-04-03 02:00:00,0.38,0.39,0.44,0.59,0.17,0.11,0.14,0.34,13.14,13.27,12.92,13.25,13.39,13.03,13.39,13.52,13.19,13.58,13.74,13.39,13.3,13.39,13.12,13.2,13.36,13.01,13.22,13.37,13.03,13.29,13.4,13.04,6123,0
2025-04-03 01:00:00,0.4,0.43,0.44,0.59,0.2,0.12,0.16,0.35,13.4,13.51,13.27,13.51,13.63,13.39,13.67,13.82,13.54,13.87,14.01,13.74,13.58,13.75,13.44,13.48,13.61,13.38,13.48,13.62,13.38,13.56,13.74,13.43,6123,0
2025-04-03 00:00:00,0.36,0.42,0.45,0.6,0.2,0.1,0.18,0.37,13.68,13.85,13.58,13.8,13.96,13.7,13.97,14.1,13.86,14.19,14.33,14.09,13.87,14.01,13.75,13.78,13.93,13.66,13.77,13.89,13.64,13.85,13.98,13.74,6119,0
2025-04-02 23:00:00,0.37,0.42,0.46,0.62,0.24,0.12,0.2,0.38,14.02,14.22,13.86,14.15,14.39,13.98,14.34,14.57,14.14,14.59,14.81,14.35,14.27,14.55,14.1,14.15,14.42,13.97,14.14,14.4,13.97,14.2,14.45,13.98,6123,0
2025-04-02 22:00:00,0.38,0.48,0.49,0.62,0.24,0.11,0.21,0.42,14.6,14.84,14.33,14.72,14.96,14.45,14.9,15.16,14.67,15.18,15.48,14.91,14.89,15.17,14.58,14.78,15.05,14.44,14.78,15.04,14.45,14.84,15.12,14.55,6128,0
2025-04-02 21:00:00,0.39,0.53,0.49,0.59,0.22,0.11,0.2,0.39,15.17,15.52,14.93,15.3,15.67,15.04,15.49,15.87,15.18,15.8,16.2,15.51,15.5,15.88,15.21,15.41,15.79,15.14,15.42,15.79,15.16,15.46,15.86,15.16,6128,0
2025-04-02 20:00:00,0.34,0.44,0.46,0.6,0.22,0.1,0.2,0.37,16.34,17.09,15.64,16.44,17.19,15.75,16.65,17.41,15.99,16.95,17.66,16.34,16.67,17.41,16,16.59,17.4,15.87,16.68,17.52,15.87,16.7,17.53,15.96,6130,0
2025-04-02 19:00:00,0.4,0.41,0.48,0.6,0.24,0.11,0.17,0.36,18.28,19.29,17.29,18.29,19.18,17.4,18.44,19.37,17.53,18.69,19.53,17.87,18.59,19.65,17.62,18.68,19.84,17.62,18.86,20.01,17.74,18.84,20.01,17.73,6132,0
2025-04-02 18:00:00,0.36,0.49,0.49,0.6,0.2,0.1,0.16,0.38,20.44,21.78,19.29,20.27,21.31,19.29,20.34,21.24,19.42,20.44,21.07,19.65,20.69,21.79,19.66,21.05,22.49,19.87,21.32,22.84,20.07,21.23,22.73,20.01,6132,2072
2025-04-02 17:00:00,0.38,0.52,0.51,0.61,0.2,0.13,0.2,0.42,21.24,21.87,20.6,20.77,21.32,20.2,20.72,21.26,20.25,20.56,21.07,20.16,21.33,21.91,20.76,21.99,22.6,21.3,22.31,22.96,21.65,22.22,22.85,21.54,6132,1804
2025-04-02 16:00:00,0.37,0.53,0.5,0.62,0.19,0.1,0.19,0.39,20.47,21.31,20.12,20.22,20.96,19.89,20.29,20.97,20.01,20.33,20.94,20.04,20.69,21.44,20.37,21.18,22.01,20.8,21.46,22.37,21.07,21.36,22.24,20.96,6132,2013
2025-04-02 15:00:00,0.42,0.45,0.5,0.6,0.2,0.15,0.15,0.39,22.02,22.36,21.43,21.4,21.64,21.08,21.25,21.43,20.84,20.89,21.08,20.36,21.9,22.14,21.55,22.8,23.15,22.24,23.22,23.58,22.53,23.08,23.44,22.38,6132,2005
2025-04-02 14:00:00,0.39,0.52,0.51,0.63,0.22,0.14,0.21,0.43,20.75,21.67,19.4,20.04,20.96,18.87,19.87,20.72,18.83,19.37,20.24,18.45,20.52,21.44,19.29,21.43,22.48,19.99,21.86,22.96,20.25,21.72,22.83,20.17,6130,2143
2025-04-02 13:00:00,0.41,0.45,0.5,0.61,0.25,0.13,0.21,0.41,19.01,19.29,18.37,18.44,18.83,17.79,18.36,18.7,17.76,17.94,18.44,17.29,18.8,19.19,18.16,19.53,19.87,18.82,19.88,20.14,19.2,19.79,20.03,19.17,6130,2474
2025-04-02 12:00:00,0.42,0.44,0.48,0.62,0.21,0.13,0.2,0.41,17.36,18.2,16.93,16.95,17.65,16.58,16.87,17.58,16.45,16.54,17.17,16.16,17.24,18.01,16.76,17.78,18.66,17.28,18.13,19.04,17.64,18.04,18.95,17.53,6128,3151
2025-04-02 11:00:00,0.38,0.49,0.49,0.63,0.22,0.1,0.21,0.4,16.45,17.02,15.28,15.92,16.57,14.81,15.85,16.45,14.89,15.45,16.11,14.47,16.15,16.79,15.04,16.68,17.32,15.42,17.11,17.76,15.82,17.07,17.74,15.79,6128,2044
2025-04-02 10:00:00,0.4,0.44,0.45,0.6,0.21,0.12,0.2,0.41,13.94,15.04,12.92,13.65,14.57,12.8,13.79,14.69,12.82,13.55,14.33,12.9,13.85,14.75,12.92,14.11,15.15,13.02,14.35,15.51,13.12,14.38,15.52,13.15,6128,6204
2025-04-02 09:00:00,0.4,0.4,0.45,0.6,0.19,0.1,0.16,0.35,12.57,12.8,12.44,12.53,12.7,12.44,12.63,12.8,12.56,12.72,12.8,12.68,12.66,12.82,12.57,12.68,12.9,12.55,12.73,13.03,12.56,12.8,13.04,12.67,6123,1197
2025-04-02 08:00:00,0.4,0.4,0.45,0.58,0.18,0.08,0.14,0.35,12.41,12.44,12.38,12.43,12.44,12.42,12.53,12.56,12.52,12.68,12.68,12.68,12.53,12.57,12.48,12.52,12.55,12.5,12.54,12.56,12.52,12.58,12.66,12.56,6123,0
2025-04-02 07:00:00,0.41,0.41,0.46,0.58,0.19,0.09,0.15,0.34,12.43,12.44,12.39,12.44,12.45,12.43,12.56,12.57,12.54,12.71,12.76,12.68,12.57,12.57,12.55,12.55,12.55,12.53,12.56,12.56,12.55,12.64,12.68,12.56,6123,0
2025-04-02 06:00:00,0.41,0.41,0.43,0.59,0.18,0.1,0.16,0.35,12.47,12.56,12.44,12.47,12.56,12.44,12.61,12.68,12.57,12.79,12.8,12.76,12.61,12.68,12.57,12.58,12.67,12.55,12.59,12.67,12.56,12.69,12.8,12.66,6128,0
2025-04-02 05:00:00,0.4,0.42,0.44,0.6,0.18,0.12,0.16,0.35,12.56,12.57,12.56,12.56,12.57,12.55,12.67,12.68,12.65,12.79,12.8,12.73,12.67,12.68,12.62,12.66,12.67,12.61,12.67,12.69,12.67,12.79,12.8,12.76,6128,0
2025-04-02 04:00:00,0.41,0.4,0.45,0.57,0.22,0.12,0.17,0.36,12.37,12.56,12.09,12.36,12.53,12.13,12.47,12.63,12.32,12.58,12.7,12.44,12.42,12.58,12.2,12.39,12.59,12.09,12.42,12.67,12.1,12.51,12.69,12.21,6128,0
2025-04-02 03:00:00,0.42,0.46,0.45,0.57,0.21,0.09,0.15,0.36,11.89,12.01,11.85,12.04,12.09,11.98,12.24,12.34,12.2,12.46,12.61,12.37,12.02,12.09,11.97,11.88,12.05,11.84,11.88,12.06,11.85,11.99,12.1,11.96,6128,0
2025-04-02 02:00:00,0.4,0.38,0.42,0.58,0.19,0.11,0.16,0.35,12.3,12.68,11.96,12.54,12.92,12.19,12.78,13.15,12.44,13.07,13.5,12.68,12.54,12.99,12.11,12.32,12.78,11.91,12.29,12.67,11.88,12.39,12.8,11.97,6130,0
2025-04-02 01:00:00,0.36,0.39,0.44,0.59,0.19,0.1,0.15,0.34,13.1,13.44,12.75,13.28,13.62,12.93,13.53,13.86,13.16,13.86,14.21,13.52,13.4,13.76,13.04,13.18,13.57,12.78,13.14,13.5,12.8,13.23,13.61,12.85,6130,0
2025-04-02 00:00:00,0.36,0.41,0.46,0.63,0.23,0.11,0.17,0.36,13.74,14.1,13.51,13.99,14.34,13.68,14.23,14.69,13.87,14.59,15.05,14.24,14.12,14.54,13.78,13.88,14.25,13.61,13.81,14.21,13.5,13.9,14.31,13.63,6128,0
2025-04-01 23:00:00,0.37,0.52,0.49,0.6,0.23,0.1,0.21,0.41,14.8,15.3,14.22,15.01,15.52,14.47,15.27,15.75,14.76,15.67,16.12,15.16,15.24,15.76,14.62,15.02,15.62,14.37,14.95,15.51,14.33,15.03,15.58,14.45,6134,0
2025-04-01 22:00:00,0.36,0.45,0.45,0.6,0.22,0.09,0.2,0.37,15.86,16.43,15.4,16.04,16.58,15.62,16.27,16.82,15.81,16.67,17.17,16.2,16.33,16.84,15.87,16.15,16.7,15.64,16.1,16.69,15.63,16.14,16.7,15.64,6136,0
2025-04-01 21:00:00,0.37,0.41,0.47,0.58,0.21,0.11,0.2,0.38,17.06,17.53,16.52,17.17,17.64,16.7,17.34,17.76,16.9,17.64,18.01,17.23,17.46,17.9,16.94,17.42,17.98,16.84,17.4,18,16.81,17.43,18,16.83,6136,0
2025-04-01 20:00:00,0.4,0.4,0.49,0.6,0.24,0.11,0.16,0.37,17.96,18.24,17.65,17.96,18.24,17.65,18.14,18.42,17.87,18.36,18.6,18.12,18.32,18.6,18.01,18.38,18.7,18.02,18.45,18.82,18.08,18.45,18.78,18.1,6136,0
2025-04-01 19:00:00,0.39,0.43,0.49,0.6,0.23,0.11,0.17,0.37,18.84,19.54,18.32,18.82,19.52,18.29,19.01,19.65,18.45,19.21,19.79,18.7,19.23,19.9,18.69,19.38,20.12,18.79,19.53,20.36,18.86,19.51,20.32,18.84,6139,1252
2025-04-01 18:00:00,0.35,0.52,0.5,0.63,0.18,0.1,0.17,0.38,20.46,21.08,19.74,20.25,20.73,19.66,20.33,20.74,19.77,20.38,20.71,19.9,20.69,21.2,20.02,21.14,21.81,20.35,21.38,22.13,20.49,21.31,22.02,20.48,6139,1906
2025-04-01 17:00:00,0.38,0.49,0.5,0.64,0.19,0.13,0.19,0.41,21.18,21.43,20.6,20.68,20.96,20.09,20.6,20.84,20.01,20.36,20.72,19.77,21.19,21.44,20.61,21.92,22.16,21.31,22.29,22.59,21.66,22.16,22.41,21.55,6139,1997
2025-04-01 16:00:00,0.38,0.46,0.51,0.61,0.22,0.09,0.19,0.38,19.92,20.37,19.56,19.53,19.91,19.29,19.57,19.89,19.39,19.48,19.69,19.32,20.07,20.49,19.78,20.69,21.18,20.35,20.98,21.43,20.6,20.88,21.33,20.48,6136,2095
2025-04-01 15:00:00,0.39,0.42,0.49,0.59,0.21,0.1,0.18,0.39,19.87,20.11,19.65,19.38,19.54,19.15,19.38,19.62,19.07,19.17,19.42,18.83,19.96,20.16,19.66,20.73,20.94,20.48,21.07,21.21,20.86,20.96,21.12,20.73,6136,2020
2025-04-01 14:00:00,0.42,0.44,0.5,0.55,0.2,0.15,0.21,0.41,18.86,19.54,18.33,18.44,19.06,17.98,18.42,19,17.87,18.14,18.7,17.64,18.96,19.62,18.36,19.71,20.44,19.08,20.08,20.83,19.43,19.97,20.72,19.35,6136,2107
2025-04-01 13:00:00,0.43,0.43,0.44,0.48,0.18,0.13,0.18,0.36,18.14,18.24,18.07,17.82,17.89,17.76,17.58,17.83,17.29,17.09,17.53,16.45,17.94,18.26,17.62,18.86,19.04,18.77,19.29,19.41,19.2,19.17,19.29,19.08,6132,2190
2025-04-01 12:00:00,0.43,0.54,0.46,0.43,0.15,0.17,0.18,0.36,16.87,18.12,15.4,16.5,17.79,15.04,15.83,17.17,14.45,14.86,16.2,13.62,16.09,17.43,14.68,17.29,18.7,15.71,17.88,19.29,16.23,17.73,19.09,16.15,6130,4014
2025-04-01 11:00:00,0.42,0.47,0.42,0.38,0.12,0.16,0.18,0.35,13.64,15.16,12.32,13.41,14.81,12.21,13.09,14.21,12.2,12.52,13.39,11.75,13.14,14.41,12.09,13.87,15.39,12.62,14.47,15.99,13.27,14.42,15.87,13.29,6132,5992
2025-04-01 10:00:00,0.32,0.39,0.34,0.33,0.06,0.14,0.11,0.3,10.87,12.09,9.47,11.08,11.97,9.72,11.61,12.09,10.52,10.95,11.62,9.85,11.14,11.86,9.93,11.87,12.43,10.76,13.29,13.86,12.91,13.41,14.05,13.03,6136,6326
2025-04-01 09:00:00,0.34,0.39,0.3,0.29,0.06,0.04,0.08,0.22,8.03,9.05,7.36,8.08,9.33,7.47,8.3,9.83,7.59,8.29,9.47,7.72,8.05,9.49,7.36,8.18,10.18,7.23,8.8,12.44,7.23,9.33,13.03,7.36,6136,6409
2025-04-01 08:00:00,0.36,0.4,0.3,0.26,0.06,0.03,0.08,0.22,7.18,7.34,7.12,7.26,7.36,7.24,7.49,7.58,7.47,7.73,7.83,7.7,7.22,7.36,7.14,7.02,7.16,6.98,6.97,7.12,6.88,7.05,7.24,7,6123,1847
2025-04-01 07:00:00,0.38,0.42,0.31,0.27,0.06,0.02,0.08,0.22,7.38,7.59,7.24,7.47,7.68,7.34,7.72,7.94,7.59,8.03,8.24,7.83,7.49,7.71,7.36,7.23,7.46,7.08,7.17,7.37,7,7.25,7.47,7.11,6128,0
2025-04-01 06:00:00,0.37,0.36,0.27,0.29,0.05,0.02,0.07,0.2,7.81,8.04,7.59,7.89,8.07,7.71,8.15,8.37,7.95,8.48,8.66,8.28,7.93,8.13,7.72,7.68,7.9,7.48,7.63,7.83,7.46,7.72,7.95,7.48,6128,0
2025-04-01 05:00:00,0.32,0.35,0.3,0.3,0.06,0.05,0.07,0.21,8.27,8.54,8.05,8.36,8.59,8.13,8.63,8.89,8.42,8.96,9.22,8.75,8.39,8.66,8.18,8.13,8.41,7.94,8.09,8.32,7.84,8.19,8.42,7.95,6130,0
2025-04-01 04:00:00,0.29,0.37,0.3,0.3,0.07,0.05,0.08,0.23,8.81,9.06,8.54,8.9,9.13,8.64,9.18,9.47,8.91,9.52,9.84,9.25,8.94,9.25,8.66,8.67,8.96,8.41,8.64,8.89,8.39,8.74,9.01,8.47,6130,0
2025-04-01 03:00:00,0.29,0.39,0.27,0.28,0.06,0.04,0.09,0.21,9.38,9.68,9.12,9.46,9.77,9.18,9.78,10.08,9.47,10.16,10.53,9.84,9.56,9.92,9.25,9.28,9.59,9,9.24,9.6,8.97,9.36,9.72,9.03,6132,0
2025-04-01 02:00:00,0.29,0.35,0.28,0.3,0.05,0.04,0.07,0.2,10.07,10.43,9.72,10.18,10.55,9.84,10.52,10.9,10.18,10.91,11.29,10.55,10.31,10.67,9.96,10.02,10.4,9.68,9.98,10.36,9.6,10.11,10.48,9.72,6132,0
2025-04-01 01:00:00,0.3,0.4,0.33,0.38,0.07,0.04,0.05,0.22,10.9,11.34,10.49,11.02,11.47,10.56,11.39,11.85,10.96,11.82,12.31,11.38,11.21,11.65,10.78,10.87,11.36,10.42,10.85,11.28,10.43,10.98,11.45,10.55,6136,0
2025-04-01 00:00:00,0.39,0.42,0.38,0.37,0.12,0.13,0.12,0.28,11.83,12.32,11.38,11.96,12.42,11.5,12.36,12.8,11.91,12.86,13.39,12.36,12.26,12.8,11.74,11.88,12.39,11.37,11.84,12.32,11.37,11.99,12.45,11.5,6132,0
2025-03-31 23:00:00,0.4,0.43,0.4,0.4,0.11,0.14,0.13,0.28,12.84,13.39,12.38,12.96,13.51,12.47,13.4,13.98,12.91,14,14.63,13.5,13.38,13.98,12.85,12.93,13.49,12.44,12.89,13.44,12.44,13.03,13.57,12.56,6141,0
2025-03-31 22:00:00,0.38,0.5,0.44,0.4,0.16,0.15,0.17,0.33,14.19,15.04,13.51,14.33,15.16,13.62,14.85,15.74,14.1,15.59,16.56,14.72,14.89,15.84,14.1,14.33,15.15,13.61,14.29,15.16,13.54,14.43,15.28,13.71,6145,0
2025-03-31 21:00:00,0.39,0.46,0.44,0.39,0.15,0.12,0.16,0.31,16.46,17.87,15.17,16.61,18.04,15.31,17.18,18.59,15.88,18.01,19.42,16.73,17.35,18.83,16,16.71,18.19,15.39,16.69,18.2,15.39,16.82,18.24,15.52,6145,0
2025-03-31 20:00:00,0.4,0.48,0.46,0.4,0.12,0.14,0.13,0.31,20.09,22.14,18.12,20.2,22.14,18.36,20.56,22.26,18.84,21.11,22.49,19.65,20.87,22.62,19.12,20.48,22.6,18.45,20.56,22.73,18.48,20.58,22.61,18.59,6150,0
2025-03-31 19:00:00,0.38,0.45,0.48,0.38,0.09,0.18,0.13,0.34,23.87,24.62,22.49,23.68,24.39,22.43,23.54,24.06,22.5,23.44,23.79,22.73,24.04,24.68,22.91,24.41,25.32,22.95,24.65,25.56,23.08,24.51,25.33,23,6150,1150
2025-03-31 18:00:00,0.42,0.52,0.46,0.39,0.13,0.22,0.17,0.35,24.96,25.1,24.74,24.65,24.77,24.48,24.25,24.37,24.15,23.89,23.91,23.81,24.91,24.98,24.75,25.66,25.82,25.42,25.98,26.16,25.68,25.76,25.93,25.45,6150,1938
2025-03-31 17:00:00,0.43,0.55,0.46,0.38,0.14,0.23,0.17,0.33,25.13,25.24,25.01,24.77,24.86,24.65,24.21,24.38,24.15,23.68,23.89,23.56,24.9,24.98,24.86,25.89,26.03,25.79,26.26,26.41,26.16,26.01,26.16,25.92,6150,1938
2025-03-31 16:00:00,0.41,0.51,0.49,0.39,0.11,0.24,0.17,0.36,24.91,25.29,24.39,24.43,24.86,23.91,23.76,24.16,23.31,22.98,23.45,22.45,24.48,24.86,24,25.65,26.03,25.16,26.1,26.5,25.56,25.82,26.16,25.33,6148,1954
2025-03-31 15:00:00,0.42,0.5,0.49,0.43,0.12,0.18,0.15,0.38,23.08,24.26,21.78,22.6,23.7,21.43,22.15,23.15,21.07,21.54,22.35,20.68,22.89,23.8,21.89,23.86,24.96,22.72,24.26,25.35,23.08,24.06,25.13,22.89,6145,2005
2025-03-31 14:00:00,0.42,0.57,0.47,0.42,0.12,0.16,0.18,0.35,20.62,21.57,19.66,20.32,21.29,19.29,20.05,20.95,19.06,19.8,20.53,18.94,20.82,21.69,19.87,21.5,22.58,20.45,21.74,22.85,20.6,21.6,22.68,20.49,6145,2032
2025-03-31 13:00:00,0.46,0.48,0.43,0.38,0.15,0.16,0.16,0.33,18.36,19.42,17.28,18.07,19.18,16.94,17.77,18.84,16.7,17.54,18.7,16.45,18.46,19.66,17.29,19.07,20.23,17.87,19.3,20.45,18.11,19.2,20.34,18,6143,2084
2025-03-31 12:00:00,0.36,0.52,0.36,0.33,0.13,0.14,0.15,0.28,15.97,17.04,14.93,15.78,16.79,14.83,15.54,16.45,14.68,15.27,16.26,14.34,15.92,17.06,14.81,16.48,17.65,15.27,16.75,17.89,15.64,16.61,17.76,15.52,6143,2135
2025-03-31 11:00:00,0.34,0.54,0.33,0.31,0.15,0.14,0.14,0.33,14.69,15.16,14.45,14.79,15.4,14.57,14.74,15.63,14.43,14.26,14.8,14.03,14.33,14.66,14.1,14.65,15.14,14.43,15.38,15.99,15.06,15.32,16.12,15.01,6154,5294
2025-03-31 10:00:00,0.18,0.4,0.15,0.29,0.08,0.09,0.05,0.25,14.23,17.04,9.29,15.35,17.65,10.1,17.04,19.41,13.14,14.8,15.75,12.31,14.61,15.43,12.21,15.48,16.33,13.73,19.25,22.25,16.26,20.66,25.33,16.52,6165,6425
2025-03-31 09:00:00,0.39,0.49,0.18,0.17,0.04,0.06,0.04,0.14,6.68,8.18,5.5,6.82,9.18,5.53,7.54,11.27,5.7,7.89,11.38,5.94,7.82,11.33,5.59,8.38,12.67,5.57,11.01,19.41,5.58,14.48,22.9,5.82,6163,6468
2025-03-31 08:00:00,0.2,0.44,0.27,0.14,0.01,0,0.01,0.07,5.11,5.35,4.98,5.2,5.4,5.12,5.43,5.58,5.34,5.68,5.82,5.58,5.16,5.47,5.05,4.96,5.34,4.86,4.87,5.34,4.75,4.99,5.49,4.85,6130,6338
2025-03-31 07:00:00,0.2,0.43,0.19,0.14,0,0,0,0.05,5.31,5.47,5.12,5.4,5.58,5.23,5.66,5.82,5.46,5.95,6.07,5.82,5.37,5.5,5.23,5.1,5.22,4.91,5.02,5.22,4.86,5.09,5.24,4.87,6130,0
2025-03-31 06:00:00,0.19,0.35,0.16,0.17,0.02,0,0,0.05,5.7,5.94,5.47,5.8,6.06,5.58,6.07,6.29,5.83,6.37,6.64,6.17,5.78,6.06,5.58,5.51,5.76,5.3,5.44,5.7,5.22,5.52,5.76,5.29,6130,0
2025-03-31 05:00:00,0.28,0.35,0.17,0.2,0.04,0.02,0,0.07,6.19,6.41,5.97,6.29,6.53,6.06,6.56,6.88,6.31,6.87,7.12,6.64,6.28,6.53,6.06,6,6.27,5.81,5.93,6.17,5.7,6.02,6.29,5.81,6132,0
2025-03-31 04:00:00,0.31,0.36,0.17,0.2,0.06,0.01,0.02,0.1,6.71,7,6.48,6.81,7.06,6.56,7.11,7.36,6.88,7.43,7.71,7.15,6.82,7.1,6.53,6.53,6.75,6.28,6.46,6.72,6.19,6.55,6.77,6.29,6132,0
2025-03-31 03:00:00,0.32,0.38,0.19,0.18,0.06,0.01,0.03,0.14,7.31,7.59,7.01,7.4,7.7,7.12,7.68,7.97,7.36,8.05,8.33,7.72,7.45,7.72,7.13,7.15,7.46,6.84,7.08,7.35,6.76,7.16,7.45,6.88,6134,0
2025-03-31 02:00:00,0.3,0.32,0.17,0.19,0.05,0.01,0.02,0.11,7.89,8.18,7.59,7.99,8.3,7.71,8.29,8.58,8.03,8.67,9.01,8.39,8.06,8.38,7.81,7.75,8.05,7.46,7.69,7.97,7.41,7.78,8.07,7.48,6136,0
2025-03-31 01:00:00,0.25,0.33,0.21,0.2,0.07,0.03,0.04,0.14,8.57,8.92,8.21,8.67,9.01,8.3,9.01,9.37,8.66,9.44,9.84,9.04,8.8,9.14,8.43,8.45,8.85,8.09,8.39,8.77,8.05,8.49,8.89,8.16,6136,0
2025-03-31 00:00:00,0.25,0.36,0.16,0.18,0.05,0.03,0.04,0.13,9.4,9.83,9.01,9.51,9.96,9.12,9.86,10.31,9.45,10.36,10.85,9.87,9.69,10.18,9.25,9.32,9.75,8.88,9.26,9.72,8.87,9.36,9.83,8.89,6134,0
2025-03-30 23:00:00,0.24,0.34,0.2,0.25,0.05,0.03,0.01,0.12,10.4,10.99,9.92,10.51,11.05,10.01,10.92,11.49,10.43,11.5,12.18,10.91,10.83,11.5,10.27,10.37,10.96,9.83,10.32,10.9,9.83,10.43,11.02,9.91,6143,0
2025-03-30 22:00:00,0.32,0.39,0.27,0.26,0.11,0.1,0.06,0.19,11.83,12.68,11.09,11.93,12.76,11.17,12.42,13.27,11.62,13.13,13.99,12.32,12.47,13.39,11.62,11.9,12.78,11.1,11.82,12.67,11.02,11.95,12.8,11.14,6145,0
2025-03-30 21:00:00,0.33,0.46,0.31,0.29,0.14,0.13,0.1,0.23,13.87,15.04,12.8,13.98,15.16,12.92,14.49,15.63,13.39,15.31,16.45,14.21,14.7,15.89,13.59,14.06,15.27,12.92,13.99,15.25,12.88,14.12,15.4,13.01,6148,0
2025-03-30 20:00:00,0.34,0.45,0.32,0.27,0.14,0.12,0.11,0.22,16.95,18.83,15.28,17.09,18.83,15.41,17.41,18.95,15.88,18.04,19.29,16.7,17.73,19.31,16.18,17.31,19.27,15.53,17.33,19.32,15.51,17.4,19.33,15.64,6150,0
2025-03-30 19:00:00,0.34,0.52,0.37,0.32,0.11,0.1,0.11,0.24,20.15,20.6,19.18,20.03,20.44,19.18,19.95,20.25,19.24,19.91,20.12,19.42,20.29,20.7,19.54,20.6,21.13,19.59,20.8,21.33,19.68,20.74,21.3,19.66,6150,1067
2025-03-30 18:00:00,0.32,0.56,0.38,0.31,0.09,0.13,0.13,0.25,20.77,20.93,20.6,20.55,20.69,20.39,20.31,20.36,20.24,20.12,20.12,20.12,20.79,20.84,20.7,21.35,21.53,21.17,21.62,21.78,21.4,21.53,21.67,21.31,6150,1954
2025-03-30 17:00:00,0.33,0.57,0.39,0.32,0.1,0.13,0.12,0.26,20.8,20.88,20.64,20.51,20.6,20.37,20.12,20.32,19.95,19.81,20.02,19.54,20.61,20.76,20.4,21.35,21.42,21.18,21.73,21.78,21.56,21.63,21.67,21.45,6150,1961
2025-03-30 16:00:00,0.34,0.54,0.37,0.32,0.14,0.11,0.12,0.25,20.29,20.6,19.89,19.99,20.34,19.54,19.61,19.89,19.19,19.24,19.53,18.82,20.04,20.37,19.66,20.8,21.17,20.35,21.17,21.54,20.72,21.08,21.43,20.68,6150,2001
2025-03-30 15:00:00,0.42,0.45,0.37,0.3,0.15,0.16,0.13,0.27,19,19.77,18.36,18.69,19.42,18.1,18.35,19.06,17.76,18.04,18.66,17.52,18.82,19.51,18.23,19.5,20.23,18.92,19.87,20.6,19.26,19.79,20.51,19.18,6150,2028
2025-03-30 14:00:00,0.39,0.45,0.35,0.29,0.14,0.14,0.11,0.27,17.62,18.24,17.17,17.35,17.95,16.94,17.04,17.64,16.58,16.81,17.41,16.34,17.43,18.08,16.95,18.07,18.7,17.62,18.44,19.07,18,18.36,19.01,17.9,6150,2048
2025-03-30 13:00:00,0.35,0.48,0.34,0.31,0.13,0.13,0.15,0.27,16.44,17.04,15.75,16.2,16.82,15.52,15.92,16.45,15.28,15.66,16.2,15.01,16.25,16.85,15.52,16.85,17.51,16.1,17.17,17.87,16.37,17.1,17.79,16.35,6150,2064
2025-03-30 12:00:00,0.36,0.53,0.34,0.33,0.15,0.14,0.15,0.28,15.09,15.61,14.46,14.92,15.4,14.33,14.71,15.14,14.19,14.48,14.88,13.98,14.86,15.4,14.18,15.28,15.86,14.51,15.57,16.2,14.8,15.55,16.17,14.81,6150,2115
2025-03-30 11:00:00,0.33,0.48,0.31,0.29,0.11,0.15,0.14,0.28,14.79,15.87,14.3,14.78,16,14.22,14.48,15.63,13.98,14.01,14.57,13.84,13.87,14.1,13.75,14.12,14.34,13.97,14.72,15.45,14.45,14.76,15.64,14.45,6161,4802
2025-03-30 10:00:00,0.17,0.29,0.15,0.31,0.1,0.08,0.03,0.17,16.38,19.54,11.61,17.37,20.01,12.38,18.35,20.84,15.62,15.4,16.08,14.1,14.87,15.4,13.9,15.85,17.04,14.57,19.89,23.64,15.87,21.05,26.37,16.11,6174,6441
2025-03-30 09:00:00,0.3,0.36,0.17,0.19,0.04,0.07,0.01,0.07,8.26,10.31,6.71,8.45,11.38,6.77,9.34,13.98,7,9.62,13.39,7.24,9.55,13.28,6.89,10.13,14.68,6.87,12.92,21.54,6.83,16.15,24.05,7.24,6177,6480
2025-03-30 08:00:00,0.29,0.34,0.18,0.19,0.07,0.01,0.01,0.09,6.56,6.77,6.41,6.64,6.9,6.53,6.93,7.16,6.79,7.22,7.47,7.11,6.66,6.89,6.53,6.42,6.63,6.28,6.34,6.64,6.17,6.44,6.77,6.29,6139,6358
2025-03-30 07:00:00,0.3,0.38,0.19,0.2,0.07,0.01,0.02,0.12,6.98,7.06,6.85,7.04,7.13,7,7.32,7.47,7.22,7.65,7.83,7.47,7.04,7.19,6.9,6.75,6.87,6.63,6.66,6.77,6.54,6.76,6.88,6.65,6136,0
2025-03-30 06:00:00,0.32,0.38,0.19,0.18,0.06,0.02,0.03,0.12,7.42,7.73,7.12,7.53,7.85,7.23,7.83,8.18,7.47,8.23,8.54,7.9,7.63,7.95,7.35,7.27,7.61,6.89,7.19,7.57,6.84,7.27,7.66,6.91,6139,0
2025-03-30 05:00:00,0.28,0.32,0.18,0.2,0.06,0.03,0.03,0.12,8.14,8.5,7.83,8.24,8.6,7.95,8.54,8.89,8.18,8.98,9.35,8.66,8.38,8.78,8.04,8.02,8.41,7.7,7.96,8.3,7.59,8.05,8.42,7.71,6141,0
2025-03-30 04:00:00,0.25,0.36,0.19,0.19,0.07,0.04,0.04,0.15,8.96,9.37,8.55,9.07,9.49,8.66,9.41,9.84,9.01,9.85,10.3,9.47,9.24,9.68,8.8,8.87,9.35,8.47,8.81,9.24,8.42,8.91,9.37,8.51,6143,0
2025-03-30 03:00:00,0.24,0.35,0.18,0.18,0.05,0.03,0.02,0.12,9.73,10.07,9.49,9.84,10.18,9.57,10.19,10.54,9.88,10.68,11.02,10.36,10.06,10.44,9.72,9.69,10,9.37,9.63,9.95,9.35,9.73,10.08,9.42,6145,0
2025-03-30 02:00:00,0.26,0.34,0.16,0.22,0.04,0.01,0.02,0.12,10.18,10.28,10.09,10.3,10.4,10.21,10.69,10.79,10.62,11.22,11.28,11.14,10.55,10.67,10.45,10.16,10.24,10.06,10.09,10.18,10.01,10.2,10.31,10.1,6148,0
2025-03-30 01:00:00,0.26,0.38,0.24,0.26,0.09,0.05,0.02,0.16,10.98,11.73,10.33,11.13,11.85,10.47,11.55,12.29,10.89,12.13,12.9,11.39,11.48,12.23,10.79,11,11.76,10.32,10.96,11.73,10.29,11.06,11.84,10.41,6148,0
2025-03-30 00:00:00,0.34,0.4,0.29,0.3,0.13,0.12,0.09,0.2,13.01,14.22,11.85,13.15,14.33,12.04,13.53,14.68,12.44,14.06,15.06,13.04,13.53,14.63,12.45,13.11,14.32,11.96,13.05,14.33,11.88,13.17,14.37,12,6145,0
2025-03-29 23:00:00,0.35,0.53,0.32,0.29,0.15,0.14,0.14,0.25,15.18,15.99,14.39,15.25,15.99,14.46,15.53,16.2,14.81,15.88,16.45,15.26,15.59,16.33,14.81,15.38,16.2,14.56,15.36,16.2,14.52,15.43,16.24,14.57,6150,0
2025-03-29 22:00:00,0.32,0.43,0.33,0.31,0.12,0.13,0.14,0.23,16.52,16.7,16.11,16.47,16.65,16.11,16.69,16.82,16.34,16.98,17.17,16.58,16.92,17.12,16.45,16.86,17.09,16.33,16.82,17.04,16.34,16.87,17.04,16.4,6154,0
2025-03-29 21:00:00,0.32,0.41,0.35,0.28,0.13,0.12,0.13,0.25,16.53,16.7,16.45,16.56,16.82,16.45,16.81,17.07,16.7,17.27,17.64,17.14,17.04,17.29,16.94,16.89,17.04,16.79,16.8,16.95,16.69,16.87,17.04,16.79,6154,0
2025-03-29 20:00:00,0.36,0.42,0.33,0.29,0.15,0.12,0.12,0.23,17.41,18.29,16.82,17.53,18.45,16.91,17.85,18.75,17.17,18.5,19.42,17.76,18.14,19.07,17.41,17.77,18.7,17.16,17.72,18.7,17.04,17.77,18.7,17.14,6156,0
2025-03-29 19:00:00,0.33,0.47,0.35,0.3,0.12,0.12,0.1,0.23,19.86,20.96,18.59,19.87,20.85,18.66,20.07,20.96,18.94,20.52,21.31,19.6,20.44,21.41,19.31,20.31,21.42,18.93,20.35,21.54,18.94,20.35,21.55,18.95,6161,0
2025-03-29 18:00:00,0.37,0.46,0.39,0.32,0.12,0.15,0.09,0.25,21.76,22.26,21.08,21.66,22.14,21.07,21.66,22.03,21.12,21.84,22.15,21.41,22.14,22.62,21.55,22.36,22.86,21.65,22.55,23.08,21.78,22.5,23.09,21.78,6161,980
2025-03-29 17:00:00,0.38,0.44,0.4,0.33,0.1,0.13,0.04,0.24,22.69,23.04,22.36,22.52,22.85,22.15,22.37,22.61,22.14,22.4,22.54,22.25,22.96,23.21,22.65,23.36,23.66,22.95,23.64,24.03,23.2,23.57,23.91,23.11,6161,1942
2025-03-29 16:00:00,0.37,0.46,0.37,0.34,0.1,0.1,0.05,0.26,23.34,23.57,23.09,23.09,23.3,22.85,22.74,22.85,22.61,22.51,22.61,22.41,23.34,23.45,23.21,23.99,24.25,23.67,24.38,24.62,24.03,24.28,24.5,23.93,6161,1950
2025-03-29 15:00:00,0.36,0.47,0.4,0.36,0.09,0.13,0.08,0.28,23.41,23.68,22.97,23.04,23.32,22.61,22.51,22.85,22.02,21.84,22.38,21.19,23.05,23.45,22.5,24.02,24.25,23.57,24.45,24.64,24.03,24.3,24.5,23.91,6161,1985
2025-03-29 14:00:00,0.36,0.51,0.4,0.34,0.12,0.16,0.12,0.28,21.68,22.84,20.72,21.28,22.38,20.37,20.81,21.79,19.89,20.27,21.07,19.52,21.35,22.3,20.49,22.28,23.43,21.3,22.73,23.89,21.78,22.61,23.74,21.67,6154,2009
2025-03-29 13:00:00,0.37,0.52,0.37,0.31,0.15,0.12,0.12,0.26,19.87,20.6,19.04,19.55,20.25,18.7,19.1,19.82,18.34,18.6,19.4,17.85,19.63,20.37,18.83,20.52,21.29,19.65,20.99,21.71,20.12,20.83,21.56,19.9,6154,2036
2025-03-29 12:00:00,0.4,0.46,0.36,0.32,0.14,0.16,0.12,0.27,17.94,18.84,17.29,17.7,18.59,17.04,17.4,18.15,16.82,17.13,17.69,16.58,17.87,18.69,17.18,18.48,19.52,17.7,18.8,19.89,18,18.53,19.75,17.65,6154,2064
2025-03-29 11:00:00,0.34,0.45,0.34,0.32,0.13,0.14,0.15,0.33,16.72,17.17,16.2,16.55,17,16.11,16.29,16.82,15.84,15.97,16.53,15.51,16.52,17.1,15.91,17.07,17.62,16.44,17.38,17.87,16.81,17.14,17.64,16.58,6161,2080
2025-03-29 10:00:00,0.32,0.47,0.31,0.32,0.13,0.13,0.13,0.38,16.15,16.73,15.99,16.25,17.04,15.99,16.02,16.93,15.75,15.57,15.99,15.4,15.66,15.88,15.52,16.01,16.33,15.79,16.65,17.29,16.45,16.62,17.41,16.41,6165,4491
2025-03-29 09:00:00,0.19,0.35,0.16,0.32,0.08,0.09,0.02,0.37,16.28,19.4,10.91,17.24,19.87,11.73,18.57,21.01,14.93,15.71,16.45,13.58,15.46,16.11,13.28,16.18,16.69,14.68,21.04,24.74,17.64,22.04,26.63,17.87,6179,6441
2025-03-29 08:00:00,0.37,0.43,0.19,0.19,0.05,0.1,0.03,0.29,7.84,9.83,6.53,8.04,10.92,6.54,8.93,13.42,6.82,9.15,12.8,7.01,8.98,12.45,6.65,9.58,13.85,6.63,12.44,20.66,6.64,15.73,22.85,7.34,6181,6484
2025-03-29 07:00:00,0.33,0.41,0.21,0.21,0.07,0.03,0.04,0.14,6.28,6.41,6.22,6.35,6.43,6.29,6.57,6.65,6.52,6.88,6.98,6.82,6.38,6.53,6.3,6.16,6.4,6.05,6.1,6.41,6.01,6.19,6.53,6.06,6143,6350
2025-03-29 06:00:00,0.29,0.37,0.19,0.2,0.07,0.01,0.01,0.07,6.53,6.66,6.39,6.62,6.77,6.41,6.88,7.05,6.66,7.17,7.36,7,6.63,6.77,6.44,6.39,6.52,6.25,6.3,6.45,6.16,6.39,6.53,6.21,6143,0
2025-03-29 05:00:00,0.31,0.38,0.2,0.2,0.06,0.01,0.02,0.11,6.96,7.24,6.66,7.05,7.32,6.77,7.31,7.58,7.1,7.65,7.89,7.41,7.07,7.36,6.79,6.8,7.04,6.52,6.72,7,6.47,6.8,7.03,6.53,6143,0
2025-03-29 04:00:00,0.3,0.38,0.2,0.19,0.06,0.01,0.03,0.12,7.48,7.71,7.24,7.57,7.83,7.34,7.85,8.08,7.59,8.2,8.46,7.95,7.63,7.9,7.36,7.35,7.59,7.11,7.28,7.57,7,7.35,7.64,7.12,6145,0
2025-03-29 03:00:00,0.32,0.32,0.19,0.2,0.06,0.03,0.03,0.12,8.03,8.3,7.76,8.12,8.42,7.85,8.42,8.75,8.16,8.79,9.12,8.54,8.24,8.55,7.95,7.92,8.18,7.68,7.85,8.18,7.59,7.94,8.24,7.71,6145,0
2025-03-29 02:00:00,0.24,0.35,0.21,0.2,0.07,0.03,0.03,0.14,8.71,9.02,8.41,8.79,9.13,8.45,9.09,9.42,8.77,9.49,9.84,9.14,8.95,9.25,8.63,8.63,9,8.29,8.56,8.89,8.21,8.66,9.01,8.3,6148,0
2025-03-29 01:00:00,0.25,0.36,0.18,0.19,0.05,0.03,0.04,0.12,9.42,9.72,9.13,9.5,9.8,9.21,9.77,10.05,9.47,10.19,10.52,9.85,9.67,9.96,9.37,9.39,9.71,9.02,9.32,9.63,8.99,9.41,9.72,9.08,6150,0
2025-03-29 00:00:00,0.26,0.34,0.18,0.21,0.06,0.04,0.03,0.13,10.06,10.43,9.72,10.16,10.55,9.84,10.46,10.9,10.08,10.93,11.38,10.55,10.37,10.79,10.04,10.07,10.42,9.8,10,10.38,9.72,10.1,10.44,9.83,6145,0
2025-03-28 23:00:00,0.26,0.37,0.24,0.28,0.09,0.03,0.01,0.15,10.96,11.42,10.5,11.08,11.56,10.62,11.4,11.86,10.93,11.94,12.44,11.46,11.37,11.86,10.87,11,11.48,10.54,10.94,11.46,10.43,11.04,11.53,10.55,6154,0
2025-03-28 22:00:00,0.34,0.42,0.28,0.26,0.11,0.12,0.08,0.2,12.06,12.75,11.5,12.21,12.91,11.61,12.57,13.27,11.97,13.25,13.99,12.56,12.66,13.41,11.97,12.24,12.9,11.6,12.14,12.8,11.51,12.24,12.92,11.62,6156,0
2025-03-28 21:00:00,0.34,0.45,0.32,0.31,0.14,0.13,0.1,0.23,13.83,14.81,12.91,13.95,14.93,13.03,14.36,15.29,13.39,15.12,16.11,14.21,14.57,15.57,13.62,14.07,15.15,13.04,13.97,15.04,12.97,14.07,15.09,13.05,6161,0
2025-03-28 20:00:00,0.33,0.49,0.32,0.29,0.13,0.12,0.13,0.23,15.9,16.87,14.93,16.03,17.04,15.07,16.39,17.39,15.46,17.11,18.03,16.2,16.67,17.65,15.74,16.21,17.18,15.27,16.13,17.17,15.16,16.22,17.25,15.27,6161,0
2025-03-28 19:00:00,0.37,0.43,0.34,0.3,0.16,0.14,0.1,0.23,18.46,19.66,17.07,18.52,19.66,17.25,18.74,19.77,17.56,19.21,20.01,18.23,19.05,20.03,17.89,18.83,20.12,17.43,18.89,20.24,17.4,18.93,20.25,17.45,6163,0
2025-03-28 18:00:00,0.32,0.51,0.36,0.31,0.1,0.11,0.11,0.24,20.59,21.02,19.89,20.49,20.89,19.79,20.47,20.84,19.89,20.59,20.88,20.12,20.88,21.3,20.25,21.12,21.6,20.32,21.32,21.89,20.48,21.27,21.79,20.45,6163,984
2025-03-28 17:00:00,0.35,0.46,0.36,0.31,0.11,0.14,0.11,0.26,21.5,22.13,21.08,21.37,21.9,20.96,21.19,21.62,20.84,21.18,21.48,20.95,21.66,22.14,21.32,22.07,22.69,21.65,22.42,23.08,21.9,22.36,22.97,21.9,6163,1946
2025-03-28 16:00:00,0.38,0.44,0.41,0.33,0.09,0.13,0.04,0.25,22.77,23.04,22.26,22.54,22.73,22.07,22.1,22.26,21.75,21.58,21.66,21.37,22.57,22.74,22.26,23.46,23.78,22.84,23.9,24.15,23.32,23.77,24.03,23.17,6163,1957
2025-03-28 15:00:00,0.38,0.47,0.39,0.34,0.12,0.16,0.06,0.26,22.25,22.75,21.55,21.97,22.49,21.32,21.47,22.02,20.84,20.73,21.31,20.12,21.83,22.38,21.2,23.05,23.55,22.44,23.53,23.93,22.96,23.33,23.8,22.73,6163,2009
2025-03-28 14:00:00,0.34,0.54,0.39,0.34,0.1,0.17,0.12,0.28,21,21.44,20.4,20.75,21.2,20.17,20.29,20.72,19.76,19.53,20.02,18.94,20.66,21.08,20.04,21.84,22.33,21.18,22.39,22.86,21.78,22.07,22.61,21.43,6161,2032
2025-03-28 13:00:00,0.37,0.49,0.38,0.34,0.16,0.15,0.11,0.3,19.61,20.15,18.95,19.41,20.01,18.79,18.93,19.54,18.24,18.12,18.81,17.41,19.22,19.9,18.48,20.26,20.94,19.52,20.93,21.54,20.23,20.6,21.19,19.89,6161,2048
2025-03-28 12:00:00,0.39,0.46,0.36,0.34,0.15,0.19,0.13,0.37,17.96,18.83,17.04,17.77,18.59,16.91,17.26,18.07,16.41,16.44,17.18,15.63,17.5,18.36,16.59,18.39,19.33,17.4,19.05,20.01,18,18.82,19.77,17.87,6161,2076
2025-03-28 11:00:00,0.34,0.51,0.36,0.36,0.15,0.19,0.15,0.41,16.1,16.94,15.29,15.98,16.73,15.28,15.53,16.29,14.92,14.86,15.52,14.34,15.66,16.45,14.93,16.27,17.2,15.36,16.96,17.87,16.1,16.82,17.65,15.99,6163,2135
2025-03-28 10:00:00,0.35,0.57,0.33,0.34,0.15,0.2,0.13,0.46,15.34,16.03,15.05,15.4,16.11,15.14,15.11,15.9,14.81,14.46,14.8,14.33,14.66,14.83,14.58,14.76,15.2,14.56,15.96,16.58,15.75,15.89,16.58,15.64,6170,4920
2025-03-28 09:00:00,0.19,0.35,0.17,0.33,0.12,0.21,0.03,0.43,15.29,18.12,9.96,15.98,18.45,11.02,17.21,19.29,14.1,14.37,14.92,12.54,13.98,14.69,12.1,14.31,14.72,12.78,19.63,23.08,16.86,19.95,24.03,16.91,6183,6449
2025-03-28 08:00:00,0.39,0.46,0.19,0.19,0.07,0.23,0.03,0.44,7.27,9.37,6.08,7.46,10.41,6.06,8.38,12.8,6.39,8.56,11.85,6.64,8.27,11.47,6.18,8.56,11.99,6.07,11.37,18.52,6.13,14.37,20.12,7.05,6185,6488
2025-03-28 07:00:00,0.3,0.5,0.21,0.19,0.04,0.13,0.05,0.45,5.9,6.06,5.82,5.93,6.06,5.82,6.24,6.41,6.17,6.6,6.76,6.51,6.02,6.18,5.94,5.77,5.93,5.67,5.72,5.93,5.58,5.82,6.1,5.7,6148,6338
2025-03-28 06:00:00,0.33,0.39,0.19,0.19,0.08,0.03,0.02,0.17,6.33,6.6,6.08,6.43,6.7,6.16,6.73,7,6.44,7.06,7.35,6.81,6.5,6.77,6.25,6.22,6.52,5.93,6.14,6.41,5.9,6.22,6.52,5.94,6148,0
2025-03-28 05:00:00,0.34,0.37,0.19,0.2,0.07,0.02,0.01,0.1,6.92,7.24,6.65,7.03,7.29,6.77,7.3,7.59,7.05,7.65,7.92,7.44,7.08,7.36,6.79,6.8,7.09,6.52,6.71,7,6.45,6.8,7.06,6.53,6150,0
2025-03-28 04:00:00,0.33,0.37,0.18,0.19,0.07,0.01,0.03,0.12,7.5,7.72,7.24,7.59,7.83,7.36,7.85,8.08,7.59,8.18,8.42,7.95,7.65,7.9,7.37,7.37,7.61,7.11,7.3,7.59,7,7.37,7.69,7.12,6150,0
2025-03-28 03:00:00,0.3,0.31,0.18,0.19,0.07,0.03,0.02,0.11,8.04,8.3,7.82,8.13,8.39,7.92,8.4,8.66,8.17,8.75,9.01,8.49,8.21,8.51,7.95,7.93,8.17,7.7,7.86,8.12,7.59,7.96,8.21,7.71,6150,0
2025-03-28 02:00:00,0.24,0.32,0.19,0.21,0.07,0.04,0.04,0.13,8.63,8.95,8.31,8.71,9.01,8.42,9.01,9.34,8.72,9.37,9.71,9.08,8.83,9.14,8.55,8.54,8.88,8.24,8.47,8.77,8.18,8.57,8.89,8.3,6152,0
2025-03-28 01:00:00,0.25,0.37,0.18,0.19,0.06,0.05,0.04,0.14,9.27,9.57,9.01,9.36,9.62,9.13,9.65,9.96,9.37,10.02,10.33,9.72,9.49,9.81,9.24,9.19,9.47,8.88,9.13,9.43,8.85,9.22,9.52,8.92,6154,0
2025-03-28 00:00:00,0.25,0.32,0.17,0.19,0.06,0.03,0.02,0.12,9.95,10.32,9.6,10.05,10.43,9.72,10.38,10.79,10,10.78,11.23,10.43,10.22,10.64,9.85,9.9,10.3,9.58,9.85,10.31,9.47,9.95,10.36,9.6,6150,0
2025-03-27 23:00:00,0.25,0.38,0.24,0.27,0.08,0.03,0.01,0.13,10.8,11.26,10.43,10.93,11.38,10.55,11.26,11.72,10.89,11.75,12.2,11.31,11.19,11.63,10.73,10.82,11.25,10.42,10.75,11.2,10.31,10.85,11.26,10.43,6161,0
2025-03-27 22:00:00,0.33,0.42,0.27,0.27,0.12,0.11,0.06,0.18,11.77,12.32,11.27,11.89,12.44,11.39,12.26,12.8,11.77,12.87,13.47,12.32,12.3,12.92,11.75,11.87,12.43,11.37,11.78,12.32,11.26,11.89,12.44,11.38,6161,0
2025-03-27 21:00:00,0.33,0.41,0.29,0.3,0.13,0.13,0.08,0.19,13.12,13.94,12.44,13.26,14.08,12.56,13.66,14.48,12.91,14.37,15.28,13.62,13.82,14.69,13.04,13.3,14.2,12.55,13.22,14.09,12.44,13.31,14.19,12.56,6163,0
2025-03-27 20:00:00,0.33,0.47,0.32,0.28,0.14,0.12,0.12,0.22,15.3,16.58,14.1,15.42,16.7,14.23,15.77,16.93,14.69,16.45,17.52,15.4,16.07,17.28,14.93,15.63,17.04,14.34,15.55,16.99,14.26,15.65,17.04,14.35,6165,0
2025-03-27 19:00:00,0.36,0.42,0.34,0.28,0.15,0.13,0.1,0.22,17.64,18.5,16.82,17.68,18.54,16.89,17.85,18.59,17.08,18.28,18.94,17.64,18.18,18.95,17.41,18.16,19.06,17.28,18.19,19.18,17.26,18.19,19.18,17.28,6168,0
2025-03-27 18:00:00,0.36,0.44,0.35,0.32,0.16,0.13,0.11,0.23,19.24,19.77,18.68,19.22,19.67,18.68,19.21,19.65,18.7,19.39,19.76,19,19.56,20.02,19.07,19.84,20.35,19.24,20,20.6,19.33,19.99,20.57,19.29,6168,874
2025-03-27 17:00:00,0.33,0.54,0.38,0.33,0.11,0.11,0.12,0.22,20.26,20.51,19.89,20.15,20.37,19.79,20,20.23,19.76,19.87,20.01,19.65,20.33,20.52,20.11,20.91,21.18,20.48,21.21,21.52,20.72,21.16,21.43,20.71,6168,2013
2025-03-27 16:00:00,0.35,0.54,0.38,0.32,0.13,0.1,0.11,0.21,20.02,20.31,19.77,19.96,20.25,19.69,19.81,20.04,19.64,19.79,20.01,19.62,20.21,20.48,20.01,20.74,21.08,20.48,21.06,21.44,20.72,20.98,21.41,20.6,6168,2170
2025-03-27 15:00:00,0.32,0.5,0.36,0.32,0.09,0.13,0.11,0.26,20.97,21.27,20.34,20.85,21.08,20.25,20.53,20.72,20.12,20.2,20.36,20.01,20.93,21.19,20.49,21.8,22.13,21.08,22.27,22.61,21.43,22.14,22.46,21.36,6168,2174
2025-03-27 14:00:00,0.3,0.51,0.37,0.3,0.09,0.11,0.11,0.23,20.61,20.84,20.48,20.47,20.72,20.29,20.08,20.36,19.89,19.55,19.89,19.2,20.46,20.73,20.25,21.54,21.77,21.38,22.03,22.25,21.9,21.89,22.13,21.77,6165,3549
2025-03-27 13:00:00,0.34,0.43,0.33,0.27,0.12,0.09,0.08,0.19,20.09,20.56,19.42,19.76,20.33,18.95,19.26,19.89,18.45,18.43,19.18,17.64,19.59,20.2,18.83,20.81,21.3,20.01,21.36,21.9,20.6,21.21,21.79,20.43,6163,2111
2025-03-27 12:00:00,0.38,0.39,0.31,0.28,0.13,0.12,0.07,0.2,18.04,19.18,17.04,17.76,18.83,16.85,17.26,18.35,16.35,16.43,17.41,15.58,17.51,18.6,16.59,18.69,19.81,17.62,19.23,20.36,18.12,19.1,20.24,18.03,6161,2150
2025-03-27 11:00:00,0.33,0.44,0.3,0.29,0.15,0.11,0.1,0.2,16.08,16.94,15.29,15.87,16.7,15.09,15.41,16.2,14.68,14.7,15.4,14.01,15.48,16.35,14.58,16.36,17.41,15.27,16.86,18,15.79,16.75,17.85,15.74,6163,2131
2025-03-27 10:00:00,0.32,0.47,0.28,0.24,0.13,0.11,0.09,0.22,15.46,16.11,15.16,15.12,15.4,14.98,14.47,14.57,14.45,13.78,13.98,13.53,14.2,14.49,13.79,14.62,15.15,14.08,15.19,15.63,14.82,15.1,15.52,14.79,6165,4652
2025-03-27 09:00:00,0.21,0.34,0.2,0.22,0.07,0.06,0.04,0.16,14.78,18.12,10.08,14.07,16.34,10.2,13.59,14.92,10.66,11.99,13.49,10.21,11.93,13.7,10.08,12.35,13.97,10.37,14.22,15.51,11.5,14.16,15.39,11.49,6177,6441
2025-03-27 08:00:00,0.25,0.27,0.14,0.16,0.07,0.02,0.01,0.07,8.93,9.84,8.58,8.98,9.85,8.64,9.15,10.25,8.77,9.18,10.02,8.89,8.95,9.77,8.66,9,10.06,8.64,9.25,11.12,8.6,9.4,11.26,8.66,6163,6425
2025-03-27 07:00:00,0.26,0.27,0.14,0.16,0.08,0.02,0,0.09,8.61,8.75,8.56,8.65,8.77,8.63,8.78,8.87,8.77,8.92,9.01,8.89,8.68,8.78,8.64,8.64,8.76,8.62,8.58,8.7,8.54,8.68,8.78,8.66,6154,236
2025-03-27 06:00:00,0.26,0.28,0.17,0.17,0.08,0.02,0.01,0.09,8.79,8.84,8.72,8.76,8.8,8.66,8.85,8.89,8.77,8.93,9.01,8.79,8.75,8.78,8.66,8.75,8.78,8.64,8.75,8.77,8.66,8.84,8.89,8.78,6154,0
2025-03-27 05:00:00,0.27,0.27,0.16,0.16,0.07,0.03,0.01,0.08,8.48,8.67,8.18,8.44,8.66,8.18,8.52,8.72,8.3,8.6,8.78,8.42,8.39,8.6,8.18,8.41,8.64,8.17,8.42,8.64,8.14,8.49,8.74,8.18,6154,0
2025-03-27 04:00:00,0.31,0.25,0.13,0.15,0.05,0.01,0,0.05,7.86,8.18,7.59,7.89,8.18,7.69,8.08,8.3,7.95,8.28,8.42,8.2,7.88,8.09,7.72,7.76,8.05,7.46,7.71,8.06,7.39,7.79,8.17,7.48,6154,0
2025-03-27 03:00:00,0.28,0.26,0.13,0.14,0.03,0,0,0.05,7.8,8.07,7.59,7.9,8.18,7.69,8.16,8.42,7.95,8.53,8.77,8.3,8,8.29,7.74,7.7,7.94,7.46,7.62,7.9,7.37,7.71,7.95,7.48,6156,0
2025-03-27 02:00:00,0.29,0.26,0.15,0.15,0.05,0.02,0.01,0.07,8.34,8.6,8.1,8.42,8.67,8.18,8.71,9.01,8.46,9.11,9.35,8.88,8.55,8.83,8.31,8.25,8.53,8,8.17,8.45,7.94,8.26,8.54,8,6161,0
2025-03-27 01:00:00,0.24,0.29,0.15,0.14,0.05,0.02,0.01,0.09,8.99,9.37,8.66,9.09,9.49,8.78,9.38,9.74,9.02,9.8,10.18,9.47,9.22,9.6,8.89,8.92,9.35,8.58,8.85,9.24,8.54,8.96,9.37,8.63,6161,0
2025-03-27 00:00:00,0.24,0.26,0.14,0.13,0.03,0.01,0,0.05,9.83,10.27,9.43,9.95,10.41,9.55,10.25,10.67,9.84,10.7,11.14,10.27,10.17,10.62,9.72,9.83,10.3,9.35,9.77,10.24,9.35,9.87,10.31,9.41,6161,0
2025-03-26 23:00:00,0.24,0.29,0.18,0.21,0.06,0.01,0,0.07,10.75,11.1,10.34,10.86,11.16,10.44,11.14,11.49,10.79,11.59,11.97,11.25,11.1,11.49,10.68,10.79,11.13,10.4,10.73,11.13,10.31,10.82,11.14,10.43,6163,0
2025-03-26 22:00:00,0.29,0.33,0.23,0.21,0.12,0.07,0.01,0.12,11.49,11.85,11.14,11.59,11.97,11.26,11.91,12.32,11.57,12.44,12.91,12,11.96,12.43,11.55,11.59,11.98,11.25,11.52,11.93,11.14,11.61,11.98,11.26,6165,0
2025-03-26 21:00:00,0.34,0.34,0.24,0.22,0.11,0.12,0.05,0.14,12.49,13.19,11.96,12.62,13.31,12.08,12.98,13.68,12.39,13.69,14.45,13.03,13.14,13.95,12.48,12.68,13.43,12.07,12.59,13.35,11.96,12.67,13.4,12.09,6168,0
2025-03-26 20:00:00,0.36,0.41,0.27,0.24,0.13,0.11,0.08,0.18,14.37,15.4,13.38,14.48,15.49,13.49,14.78,15.69,13.85,15.42,16.2,14.57,15.05,16,14.1,14.66,15.74,13.61,14.57,15.66,13.5,14.65,15.75,13.62,6172,0
2025-03-26 19:00:00,0.3,0.38,0.29,0.23,0.1,0.1,0.1,0.17,16.23,16.82,15.52,16.27,16.83,15.64,16.46,17.02,15.86,16.88,17.4,16.34,16.72,17.28,16.11,16.64,17.28,15.88,16.61,17.29,15.87,16.63,17.29,15.88,6172,0
2025-03-26 18:00:00,0.36,0.35,0.28,0.23,0.12,0.11,0.05,0.16,17.56,18.45,16.91,17.58,18.37,16.94,17.7,18.45,17.04,18.02,18.59,17.43,18,18.7,17.37,18.09,19.04,17.4,18.15,19.18,17.4,18.13,19.15,17.41,6172,642
2025-03-26 17:00:00,0.34,0.37,0.29,0.24,0.13,0.11,0.06,0.18,18.97,19.6,18.59,18.92,19.54,18.58,18.88,19.39,18.56,18.97,19.32,18.66,19.22,19.78,18.83,19.62,20.35,19.17,19.82,20.6,19.36,19.75,20.49,19.29,6172,1599
2025-03-26 16:00:00,0.32,0.44,0.31,0.26,0.11,0.08,0.07,0.17,19.99,20.37,19.54,19.87,20.15,19.54,19.68,19.95,19.41,19.57,19.77,19.34,20.12,20.48,19.78,20.83,21.28,20.35,21.11,21.57,20.6,21,21.45,20.48,6174,2028
2025-03-26 15:00:00,0.31,0.46,0.34,0.27,0.07,0.12,0.08,0.2,20.68,21.08,20.03,20.45,20.84,19.89,20.11,20.41,19.65,19.61,19.89,19.06,20.71,20.96,20.37,21.88,22.13,21.42,22.39,22.71,21.78,22.2,22.49,21.67,6172,1824
2025-03-26 14:00:00,0.35,0.37,0.3,0.25,0.13,0.09,0.08,0.2,18.65,19.7,18,18.67,19.61,18.07,18.67,19.42,18.12,18.27,18.91,17.66,19.61,20.17,19.07,20.93,21.54,20.48,21.49,22.05,21.06,21.19,21.82,20.71,6172,2005
2025-03-26 13:00:00,0.34,0.35,0.29,0.25,0.13,0.12,0.08,0.22,17.12,17.87,16.28,17.2,17.99,16.4,17.21,18,16.35,16.74,17.52,15.89,18.18,18.95,17.29,19.6,20.35,18.67,20.2,20.95,19.29,19.85,20.6,18.95,6170,965
2025-03-26 12:00:00,0.34,0.45,0.28,0.27,0.11,0.11,0.07,0.24,15.43,16.11,14.81,15.56,16.23,14.93,15.49,16.2,14.84,15.1,15.75,14.42,16.32,17.1,15.52,17.48,18.45,16.65,18.07,19.06,17.18,17.77,18.7,16.94,6168,2009
2025-03-26 11:00:00,0.32,0.35,0.26,0.24,0.13,0.11,0.1,0.29,14.05,14.69,13.74,14.14,14.8,13.77,14.07,14.69,13.66,13.75,14.27,13.4,14.49,15.37,13.86,15.3,16.44,14.37,15.85,16.93,14.96,15.64,16.7,14.81,6174,2072
2025-03-26 10:00:00,0.28,0.39,0.25,0.25,0.08,0.13,0.09,0.32,14.79,16.58,13.76,14.51,15.86,13.74,14.21,15.31,13.63,13.76,14.33,13.39,13.8,14.1,13.63,14.04,14.28,13.89,15.03,15.99,14.57,14.89,15.87,14.45,6179,4120
2025-03-26 09:00:00,0.13,0.27,0.11,0.27,0.06,0.13,0.01,0.26,16.67,20.6,10.08,16.26,19.35,10.54,17.18,19.89,13.74,14.16,14.63,12.7,13.76,14.21,12.3,14.58,15.41,13.35,19.23,23.39,16.44,19,23.32,16.23,6192,6460
2025-03-26 08:00:00,0.26,0.34,0.11,0.14,0.04,0.12,0,0.16,7.55,9.84,6.53,7.64,9.72,6.43,8.71,12.65,6.65,8.89,12.2,6.88,8.56,11.74,6.42,8.96,12.67,6.28,11.84,18.82,6.28,15.02,19.45,7.83,6190,6480
2025-03-26 07:00:00,0.28,0.32,0.13,0.15,0.05,0.02,0,0.18,6.51,6.77,6.4,6.46,6.67,6.32,6.65,6.88,6.53,6.9,7.12,6.76,6.33,6.57,6.18,6.06,6.28,5.93,5.96,6.17,5.82,6.09,6.52,5.94,6161,6346
2025-03-26 06:00:00,0.27,0.29,0.13,0.14,0.05,0,0,0.02,7.08,7.36,6.77,7.05,7.33,6.77,7.21,7.47,6.92,7.5,7.82,7.16,6.93,7.25,6.65,6.62,6.87,6.37,6.51,6.77,6.27,6.59,6.88,6.3,6161,0
2025-03-26 05:00:00,0.28,0.28,0.13,0.13,0.04,0,0,0.05,7.71,8.07,7.39,7.68,8.06,7.36,7.83,8.18,7.48,8.17,8.54,7.83,7.64,8.01,7.36,7.29,7.7,6.97,7.2,7.59,6.87,7.26,7.71,6.9,6161,0
2025-03-26 04:00:00,0.26,0.26,0.15,0.15,0.04,0.01,0,0.05,8.53,8.89,8.16,8.5,8.89,8.1,8.63,9.01,8.24,8.94,9.25,8.57,8.47,8.89,8.07,8.2,8.64,7.74,8.12,8.56,7.68,8.19,8.66,7.71,6163,0
2025-03-26 03:00:00,0.24,0.28,0.18,0.15,0.05,0.02,0,0.07,9.21,9.32,9.01,9.18,9.26,9,9.29,9.37,9.12,9.48,9.59,9.35,9.14,9.25,8.91,8.99,9.12,8.75,8.93,9.04,8.64,9.02,9.13,8.78,6163,0
2025-03-26 02:00:00,0.24,0.3,0.16,0.13,0.04,0.02,0.01,0.07,9.37,9.47,9.32,9.33,9.41,9.26,9.44,9.5,9.37,9.64,9.72,9.59,9.28,9.37,9.25,9.16,9.24,9.12,9.12,9.24,9.02,9.19,9.26,9.13,6163,0
2025-03-26 01:00:00,0.23,0.27,0.13,0.13,0.05,0.02,0,0.07,9.5,9.55,9.47,9.48,9.49,9.43,9.6,9.66,9.51,9.81,9.91,9.72,9.42,9.49,9.37,9.27,9.31,9.24,9.24,9.24,9.24,9.31,9.37,9.26,6165,0
2025-03-26 00:00:00,0.22,0.27,0.12,0.13,0.05,0.01,0,0.06,9.64,9.72,9.6,9.61,9.72,9.55,9.76,9.85,9.68,10.03,10.18,9.93,9.56,9.72,9.49,9.36,9.42,9.34,9.29,9.35,9.24,9.37,9.43,9.35,6163,0
2025-03-25 23:00:00,0.23,0.25,0.12,0.12,0.04,0.01,0,0.04,9.98,10.28,9.72,9.94,10.21,9.72,10.14,10.43,9.92,10.53,10.9,10.2,9.98,10.32,9.72,9.65,9.95,9.46,9.56,9.84,9.35,9.66,9.95,9.47,6168,0
2025-03-25 22:00:00,0.23,0.29,0.17,0.2,0.04,0,0,0.05,10.86,11.41,10.32,10.81,11.38,10.31,11.04,11.61,10.55,11.52,12.11,11.01,10.99,11.62,10.43,10.56,11.25,10.04,10.47,11.14,9.95,10.56,11.18,10.06,6170,0
2025-03-25 21:00:00,0.33,0.35,0.22,0.2,0.1,0.08,0.02,0.11,12.11,12.68,11.5,12.1,12.68,11.5,12.32,12.91,11.73,12.85,13.48,12.22,12.39,13.04,11.74,12.01,12.66,11.37,11.91,12.56,11.25,12.01,12.66,11.3,6172,0
2025-03-25 20:00:00,0.31,0.33,0.24,0.24,0.11,0.1,0.03,0.12,13.33,13.98,12.77,13.32,13.98,12.75,13.56,14.21,12.98,14.16,14.89,13.51,13.76,14.51,13.15,13.34,14.08,12.78,13.25,13.97,12.67,13.35,14.1,12.71,6174,0
2025-03-25 19:00:00,0.32,0.43,0.27,0.22,0.12,0.09,0.08,0.18,15.17,16.23,14.13,15.19,16.23,14.13,15.41,16.4,14.38,15.92,16.7,15.04,15.74,16.74,14.69,15.5,16.81,14.21,15.49,16.93,14.2,15.55,16.93,14.22,6177,0
2025-03-25 18:00:00,0.29,0.33,0.28,0.24,0.1,0.12,0.06,0.16,16.64,16.94,16.34,16.66,16.94,16.34,16.84,17.17,16.51,17.04,17.35,16.75,17.25,17.62,16.92,17.5,17.87,17.04,17.68,18.11,17.17,17.64,18.01,17.14,6177,681
2025-03-25 17:00:00,0.35,0.33,0.26,0.23,0.13,0.1,0.05,0.16,17.37,17.53,17.04,17.46,17.65,17.04,17.61,17.76,17.29,17.62,17.76,17.43,18.27,18.48,17.77,18.89,19.18,18.11,19.22,19.54,18.34,19.07,19.42,18.24,6177,1520
2025-03-25 16:00:00,0.37,0.34,0.26,0.25,0.14,0.11,0.04,0.17,17.1,17.31,16.94,17.23,17.5,17.04,17.32,17.57,17.12,17.27,17.52,17.1,18.02,18.35,17.76,18.79,19.17,18.36,19.23,19.53,18.82,18.96,19.34,18.56,6177,2005
2025-03-25 15:00:00,0.34,0.36,0.27,0.25,0.13,0.11,0.05,0.19,17.09,17.2,16.94,17.16,17.29,17.01,17.18,17.29,17.04,17.03,17.17,16.7,17.96,18.12,17.75,18.75,19.07,18.34,19.27,19.65,18.81,18.99,19.42,18.45,6174,2154
2025-03-25 14:00:00,0.29,0.36,0.26,0.24,0.1,0.11,0.06,0.24,16.47,16.94,16.11,16.48,17.02,16,16.35,16.93,15.79,15.88,16.58,15.16,16.87,17.74,15.96,17.84,18.7,16.79,18.58,19.39,17.64,18.4,19.12,17.64,6172,2135
2025-03-25 13:00:00,0.32,0.6,0.41,0.44,0.2,0.14,0.07,0.23,15.94,16.12,15.63,15.53,15.99,15.04,15.27,15.75,14.81,14.31,15.04,13.71,14.52,15.76,13.51,15.89,16.69,15.27,16.9,17.52,16.31,16.97,17.53,16.35,6172,2651
2025-03-25 12:00:00,0.34,0.6,0.49,0.53,0.37,0.2,0.05,0.13,14.67,15.47,13.86,14.16,14.93,13.38,13.84,14.69,12.99,12.68,13.56,11.8,12.54,13.39,11.62,14.35,15.14,13.61,15.4,16.18,14.68,15.46,16.23,14.73,6168,2032
2025-03-25 11:00:00,0.35,0.55,0.45,0.48,0.33,0.21,0.02,0.11,12.47,13.68,11.26,12.09,13.15,10.99,11.81,12.8,10.79,10.79,11.61,9.96,10.65,11.5,9.85,12.16,13.38,10.9,13.05,14.45,11.68,13.19,14.56,11.85,6168,1914
2025-03-25 10:00:00,0.28,0.49,0.38,0.46,0.35,0.17,0,0.05,10.16,11.02,9.26,9.85,10.79,9.01,9.7,10.53,8.93,9.09,9.75,8.52,9.01,9.72,8.38,9.74,10.66,8.88,10.27,11.37,9.27,10.43,11.51,9.47,6165,2162
2025-03-25 09:00:00,0.32,0.49,0.38,0.44,0.34,0.19,0,0.08,8.7,9.13,7.68,8.41,8.89,7.53,8.37,8.84,7.59,7.96,8.42,7.47,7.82,8.31,7.36,8.17,8.76,7.46,8.63,9.13,7.71,8.82,9.29,7.83,6165,3726
2025-03-25 08:00:00,0.4,0.52,0.38,0.42,0.33,0.11,0.01,0.07,6.98,7.52,6.65,6.99,7.46,6.74,7.09,7.47,6.88,7.19,7.46,7.12,7.05,7.28,6.96,6.91,7.4,6.63,6.91,7.59,6.52,6.97,7.71,6.53,6163,2048
2025-03-25 07:00:00,0.34,0.5,0.38,0.41,0.31,0.03,0,0,6.68,6.77,6.63,6.72,6.77,6.66,6.88,6.91,6.88,7.12,7.12,7.12,6.97,7,6.96,6.66,6.72,6.63,6.51,6.58,6.47,6.55,6.64,6.52,6165,299
2025-03-25 06:00:00,0.3,0.5,0.38,0.39,0.31,0.04,0,0,6.66,6.77,6.53,6.7,6.77,6.58,6.84,6.9,6.73,7.03,7.12,6.98,6.87,6.92,6.8,6.62,6.73,6.52,6.49,6.61,6.37,6.53,6.65,6.41,6165,0
2025-03-25 05:00:00,0.28,0.48,0.37,0.39,0.31,0.03,0,0,6.4,6.53,6.29,6.45,6.55,6.29,6.6,6.67,6.48,6.91,6.96,6.89,6.77,6.78,6.77,6.39,6.52,6.28,6.21,6.32,6.05,6.24,6.39,6.06,6165,0
2025-03-25 04:00:00,0.29,0.47,0.35,0.37,0.31,0.04,0,0,6.24,6.34,6.17,6.32,6.41,6.27,6.49,6.62,6.41,7.07,7.24,6.91,6.97,7.13,6.82,6.28,6.4,6.19,6,6.08,5.93,6.03,6.15,5.95,6165,0
2025-03-25 03:00:00,0.28,0.49,0.36,0.38,0.32,0.04,0,0,6.52,6.73,6.39,6.59,6.78,6.41,6.83,7.08,6.65,7.52,7.75,7.24,7.45,7.72,7.18,6.6,6.82,6.4,6.27,6.49,6.11,6.3,6.52,6.18,6168,0
2025-03-25 02:00:00,0.29,0.5,0.36,0.37,0.31,0.05,0,0,7.05,7.36,6.77,7.14,7.43,6.88,7.35,7.6,7.12,8.1,8.41,7.83,8.04,8.32,7.73,7.13,7.46,6.87,6.8,7.11,6.52,6.83,7.12,6.53,6168,0
2025-03-25 01:00:00,0.3,0.49,0.35,0.38,0.32,0.06,0,0,7.65,7.95,7.36,7.73,8.01,7.48,7.95,8.25,7.69,8.75,9.09,8.43,8.72,9.04,8.43,7.78,8.08,7.47,7.44,7.73,7.12,7.46,7.8,7.15,6170,0
2025-03-25 00:00:00,0.28,0.46,0.36,0.38,0.3,0.07,0,0,8.3,8.63,7.96,8.38,8.68,8.07,8.62,9,8.3,9.5,9.87,9.13,9.52,9.95,9.14,8.52,8.88,8.16,8.15,8.54,7.83,8.18,8.54,7.83,6170,0
2025-03-24 23:00:00,0.24,0.49,0.37,0.35,0.3,0.06,0,0,9.11,9.6,8.66,9.2,9.72,8.78,9.45,9.96,9.01,10.43,10.92,9.96,10.49,11.03,9.97,9.41,9.95,8.96,9.02,9.5,8.56,9.07,9.6,8.64,6174,0
2025-03-24 22:00:00,0.24,0.47,0.36,0.43,0.34,0.07,0,0,10.26,10.91,9.68,10.36,11.02,9.8,10.62,11.26,10.06,11.6,12.14,11.02,11.65,12.2,11.15,10.63,11.36,10.06,10.27,11.02,9.63,10.32,11.02,9.72,6177,0
2025-03-24 21:00:00,0.31,0.54,0.45,0.43,0.34,0.15,0.01,0.02,11.64,12.09,11.03,11.7,12.11,11.14,11.94,12.34,11.38,12.65,13.03,12.21,12.66,13.04,12.27,12.07,12.54,11.48,11.82,12.32,11.14,11.85,12.32,11.16,6179,0
2025-03-24 20:00:00,0.35,0.52,0.45,0.44,0.34,0.15,0,0.02,12.54,13.03,12.09,12.62,13.1,12.21,12.84,13.28,12.44,13.45,13.86,13.08,13.47,13.87,13.07,13.05,13.58,12.55,12.84,13.38,12.36,12.87,13.39,12.42,6179,0
2025-03-24 19:00:00,0.32,0.53,0.46,0.48,0.38,0.15,0.03,0.05,13.7,14.33,13.14,13.7,14.22,13.16,13.89,14.39,13.39,14.29,14.68,13.87,14.31,14.68,13.92,14.21,14.79,13.64,14.15,14.8,13.5,14.16,14.86,13.51,6181,0
2025-03-24 18:00:00,0.33,0.63,0.5,0.53,0.39,0.14,0.05,0.07,14.89,15.32,14.41,14.79,15.17,14.33,14.88,15.27,14.47,15.01,15.28,14.69,15.02,15.29,14.69,15.34,15.81,14.87,15.52,16.1,14.92,15.55,16.11,14.94,6181,382
2025-03-24 17:00:00,0.31,0.62,0.5,0.51,0.38,0.12,0.04,0.06,16.12,16.94,15.46,15.87,16.45,15.28,15.79,16.24,15.32,15.51,15.63,15.32,15.5,15.59,15.37,16.47,17.04,15.9,17.02,18,16.2,17.06,18,16.23,6181,906
2025-03-24 16:00:00,0.3,0.61,0.49,0.56,0.39,0.11,0.02,0.05,16.53,16.82,16.36,16.08,16.34,15.95,15.86,16.15,15.69,15.18,15.5,14.92,15.11,15.4,14.81,16.71,17.03,16.57,17.64,17.87,17.51,17.66,17.95,17.53,6181,1768
2025-03-24 15:00:00,0.31,0.67,0.53,0.56,0.4,0.1,0.03,0.05,16.34,16.45,16.12,15.79,15.92,15.52,15.46,15.63,15.15,14.46,14.82,13.98,14.33,14.76,13.86,16.38,16.57,16.04,17.51,17.62,17.29,17.56,17.65,17.37,6179,1000
2025-03-24 14:00:00,0.34,0.67,0.51,0.55,0.35,0.12,0.04,0.06,15.57,16,15.13,14.93,15.41,14.37,14.46,15.02,13.85,13.17,13.86,12.44,13.04,13.74,12.31,15.39,15.93,14.79,16.72,17.17,16.2,16.78,17.2,16.32,6177,1430
2025-03-24 13:00:00,0.32,0.57,0.48,0.52,0.34,0.12,0.04,0.05,13.98,15.04,12.68,13.24,14.3,11.97,12.69,13.74,11.49,11.24,12.3,10.18,11.1,12.11,10.08,13.6,14.68,12.31,15.03,16.1,13.62,15.12,16.23,13.74,6174,1489
2025-03-24 12:00:00,0.28,0.51,0.38,0.47,0.33,0.06,0,0.01,11.22,12.32,10.08,10.59,11.69,9.47,10.2,11.25,9.16,9.22,10.07,8.42,9.09,9.91,8.3,10.89,12.07,9.68,12.01,13.27,10.66,12.14,13.39,10.79,6170,1926
2025-03-24 11:00:00,0.25,0.48,0.38,0.46,0.33,0.05,0,0,8.78,9.83,8.07,8.39,9.22,7.83,8.26,9.01,7.72,7.84,8.3,7.47,7.69,8.18,7.36,8.51,9.45,7.94,9.11,10.31,8.3,9.21,10.43,8.42,6170,2139
2025-03-24 10:00:00,0.28,0.51,0.39,0.45,0.33,0.05,0,0,7.47,7.96,7,7.3,7.72,6.91,7.27,7.69,6.89,7.1,7.47,6.87,6.93,7.24,6.68,7.33,7.82,6.87,7.61,8.22,7.04,7.67,8.3,7.12,6168,1851
2025-03-24 09:00:00,0.29,0.5,0.37,0.41,0.35,0.04,0,0,6.59,7,6.29,6.53,6.81,6.29,6.57,6.88,6.3,6.66,6.81,6.53,6.51,6.65,6.42,6.57,6.87,6.29,6.6,7,6.29,6.64,7,6.29,6168,870
2025-03-24 08:00:00,0.29,0.51,0.34,0.4,0.34,0.02,0,0,6.18,6.26,6.17,6.18,6.21,6.17,6.27,6.29,6.23,6.56,6.64,6.53,6.42,6.42,6.41,6.19,6.28,6.16,6.09,6.18,6.05,6.12,6.27,6.06,6170,516
2025-03-24 07:00:00,0.29,0.48,0.35,0.4,0.36,0.01,0,0,6.17,6.2,6.17,6.25,6.29,6.2,6.37,6.41,6.31,6.67,6.76,6.64,6.49,6.53,6.42,6.16,6.22,6.12,6.01,6.05,5.94,6.01,6.06,5.95,6170,0
2025-03-24 06:00:00,0.28,0.48,0.36,0.41,0.34,0.03,0,0,6.34,6.43,6.23,6.4,6.51,6.29,6.51,6.58,6.42,6.78,6.81,6.76,6.63,6.65,6.54,6.34,6.43,6.27,6.22,6.32,6.05,6.24,6.4,6.06,6170,0
2025-03-24 05:00:00,0.28,0.49,0.37,0.41,0.34,0.03,0,0,6.48,6.56,6.41,6.54,6.63,6.47,6.61,6.68,6.54,6.86,6.88,6.81,6.65,6.66,6.65,6.49,6.52,6.44,6.37,6.41,6.3,6.4,6.43,6.37,6172,0
2025-03-24 04:00:00,0.28,0.49,0.37,0.41,0.34,0.04,0,0,6.54,6.6,6.45,6.58,6.65,6.52,6.64,6.68,6.54,6.74,6.84,6.64,6.56,6.65,6.42,6.46,6.52,6.38,6.38,6.41,6.29,6.43,6.5,6.35,6172,0
2025-03-24 03:00:00,0.26,0.49,0.36,0.4,0.31,0.04,0,0,6.16,6.41,5.83,6.2,6.43,5.94,6.29,6.53,6.05,6.49,6.64,6.41,6.32,6.42,6.28,6.08,6.3,5.81,5.96,6.27,5.63,6.01,6.29,5.66,6172,0
2025-03-24 02:00:00,0.19,0.5,0.34,0.39,0.33,0.04,0,0,5.72,5.82,5.64,5.79,5.94,5.7,5.98,6.14,5.94,6.57,6.79,6.41,6.45,6.68,6.3,5.76,5.92,5.69,5.46,5.58,5.36,5.48,5.58,5.4,6172,0
2025-03-24 01:00:00,0.26,0.48,0.36,0.4,0.33,0.04,0,0,6.19,6.53,5.87,6.29,6.65,5.95,6.5,6.88,6.17,7.16,7.47,6.88,7.04,7.36,6.77,6.27,6.63,5.93,5.94,6.29,5.59,5.96,6.29,5.61,6172,0
2025-03-24 00:00:00,0.29,0.49,0.36,0.4,0.33,0.04,0,0,6.85,7.14,6.55,6.94,7.24,6.65,7.15,7.44,6.88,7.75,7.96,7.48,7.63,7.86,7.36,6.91,7.23,6.63,6.62,6.92,6.33,6.64,6.97,6.4,6170,0
2025-03-23 23:00:00,0.31,0.49,0.39,0.4,0.32,0.03,0,0,7.46,7.71,7.24,7.53,7.81,7.28,7.72,7.95,7.48,8.24,8.42,8.06,8.12,8.31,7.95,7.54,7.82,7.26,7.28,7.59,7,7.28,7.59,7,6177,0
2025-03-23 22:00:00,0.28,0.46,0.35,0.4,0.34,0.06,0,0,7.94,8.14,7.74,8,8.18,7.83,8.17,8.39,7.99,8.64,8.78,8.46,8.53,8.66,8.35,8.02,8.25,7.82,7.8,8.06,7.59,7.84,8.07,7.65,6177,0
2025-03-23 21:00:00,0.27,0.46,0.36,0.41,0.34,0.06,0,0,8.34,8.52,8.18,8.38,8.54,8.21,8.53,8.66,8.41,8.97,9.13,8.83,8.86,9.02,8.68,8.46,8.64,8.29,8.28,8.45,8.06,8.29,8.43,8.07,6177,0
2025-03-23 20:00:00,0.24,0.47,0.38,0.42,0.33,0.07,0,0,8.6,8.78,8.54,8.62,8.78,8.54,8.8,9,8.68,9.33,9.6,9.13,9.26,9.51,9.03,8.76,8.97,8.64,8.57,8.74,8.52,8.6,8.78,8.54,6179,0
2025-03-23 19:00:00,0.23,0.49,0.36,0.39,0.31,0.05,0,0,9.42,9.97,8.88,9.44,9.96,8.89,9.56,9.96,9.03,9.98,10.18,9.68,9.87,10.09,9.6,9.55,10.06,9.01,9.45,10.07,8.78,9.49,10.14,8.84,6179,0
2025-03-23 18:00:00,0.24,0.45,0.36,0.41,0.3,0.05,0,0,10.52,10.85,10.08,10.35,10.55,10.07,10.32,10.51,10.08,10.22,10.31,10.02,10.08,10.2,9.85,10.44,10.7,10.1,10.74,11.14,10.18,10.77,11.22,10.21,6179,464
2025-03-23 17:00:00,0.24,0.48,0.34,0.42,0.32,0.05,0,0,9.92,10.39,9.72,9.79,10.13,9.64,9.82,10.1,9.72,9.83,9.96,9.77,9.71,9.85,9.64,9.94,10.3,9.82,10.11,10.66,9.89,10.15,10.68,9.96,6179,1918
2025-03-23 16:00:00,0.21,0.48,0.35,0.4,0.33,0.04,0,0,9.72,9.84,9.49,9.58,9.72,9.38,9.62,9.72,9.47,9.7,9.76,9.64,9.6,9.64,9.57,9.75,9.83,9.59,9.87,9.97,9.6,9.94,10.08,9.71,6179,476
2025-03-23 15:00:00,0.23,0.5,0.36,0.4,0.33,0.04,0,0,9.52,9.57,9.47,9.44,9.49,9.37,9.53,9.6,9.45,9.76,9.84,9.68,9.65,9.72,9.6,9.62,9.7,9.57,9.66,9.72,9.6,9.68,9.72,9.6,6179,1177
2025-03-23 14:00:00,0.22,0.48,0.35,0.39,0.32,0.05,0,0,9.71,9.91,9.6,9.63,9.84,9.49,9.71,9.88,9.6,9.95,10.07,9.84,9.87,9.96,9.72,9.83,10.05,9.71,9.89,10.1,9.72,9.94,10.2,9.74,6179,338
2025-03-23 13:00:00,0.25,0.45,0.34,0.4,0.31,0.04,0,0,10.33,10.83,9.96,10.22,10.57,9.84,10.19,10.45,9.93,10.15,10.2,10.07,10.07,10.1,10,10.43,10.77,10.06,10.65,11.26,10.18,10.7,11.31,10.21,6179,847
2025-03-23 12:00:00,0.22,0.46,0.36,0.44,0.32,0.05,0,0,10.78,10.91,10.53,10.42,10.64,10.12,10.25,10.45,9.96,9.79,10.08,9.45,9.7,10.01,9.31,10.61,10.77,10.3,11.2,11.37,10.9,11.29,11.5,11.02,6179,843
2025-03-23 11:00:00,0.24,0.5,0.37,0.44,0.34,0.05,0,0,9.83,10.43,9.37,9.51,10.08,9.04,9.36,9.85,8.92,8.9,9.35,8.53,8.79,9.25,8.39,9.62,10.2,9.12,10.15,10.8,9.6,10.26,10.91,9.72,6177,1985
2025-03-23 10:00:00,0.26,0.48,0.37,0.41,0.32,0.06,0,0,8.5,9.25,7.88,8.3,8.89,7.82,8.27,8.82,7.83,8.09,8.42,7.83,7.95,8.31,7.7,8.33,8.99,7.79,8.6,9.47,7.88,8.69,9.6,7.95,6177,1950
2025-03-23 09:00:00,0.3,0.51,0.4,0.42,0.32,0.04,0,0,7.61,7.83,7.48,7.58,7.73,7.48,7.62,7.81,7.5,7.68,7.81,7.59,7.52,7.61,7.42,7.55,7.71,7.46,7.57,7.83,7.44,7.6,7.88,7.45,6177,929
2025-03-23 08:00:00,0.3,0.51,0.38,0.42,0.33,0.04,0,0,7.31,7.48,7.14,7.3,7.48,7.14,7.36,7.47,7.24,7.46,7.57,7.38,7.3,7.36,7.19,7.21,7.44,7.1,7.17,7.37,7,7.2,7.43,7.02,6177,0
2025-03-23 07:00:00,0.29,0.5,0.36,0.4,0.35,0.07,0,0,7.06,7.14,7,7.06,7.13,7,7.15,7.24,7.12,7.29,7.37,7.24,7.13,7.15,7.12,6.96,7.04,6.87,6.91,7,6.82,6.93,7.01,6.88,6177,0
2025-03-23 06:00:00,0.29,0.52,0.37,0.37,0.33,0.07,0,0,6.96,7,6.88,6.98,7,6.94,7.03,7.11,7,7.23,7.24,7.21,7.04,7.12,7.01,6.84,6.87,6.76,6.74,6.78,6.67,6.78,6.88,6.72,6177,0
2025-03-23 05:00:00,0.32,0.49,0.36,0.4,0.31,0.02,0,0,6.79,6.88,6.77,6.86,6.91,6.82,6.99,7,6.97,7.14,7.16,7.12,7,7.01,6.98,6.73,6.75,6.67,6.6,6.64,6.54,6.63,6.67,6.57,6177,0
2025-03-23 04:00:00,0.3,0.49,0.37,0.39,0.32,0.04,0,0,6.7,6.77,6.65,6.73,6.79,6.65,6.88,6.95,6.85,7.11,7.12,7.09,6.91,6.97,6.89,6.6,6.66,6.52,6.46,6.53,6.38,6.49,6.58,6.41,6177,0
2025-03-23 03:00:00,0.27,0.46,0.37,0.38,0.31,0.04,0,0,6.55,6.63,6.53,6.64,6.65,6.63,6.76,6.8,6.7,7.13,7.2,7.1,6.96,7.02,6.89,6.5,6.52,6.46,6.31,6.38,6.29,6.32,6.4,6.29,6179,0
2025-03-23 02:00:00,0.27,0.48,0.36,0.37,0.33,0.04,0,0,6.65,6.71,6.59,6.71,6.82,6.65,6.9,7,6.78,7.35,7.47,7.23,7.21,7.36,7.04,6.61,6.72,6.54,6.4,6.44,6.37,6.41,6.45,6.38,6179,0
2025-03-23 01:00:00,0.3,0.48,0.35,0.38,0.31,0.05,0,0,6.88,7.05,6.74,6.99,7.17,6.83,7.15,7.35,7,7.69,7.87,7.53,7.56,7.72,7.36,6.86,7.06,6.75,6.6,6.76,6.5,6.61,6.77,6.49,6181,0
2025-03-23 00:00:00,0.3,0.51,0.38,0.36,0.31,0.03,0,0,7.25,7.36,7.12,7.35,7.48,7.23,7.5,7.62,7.36,8.08,8.27,7.93,7.97,8.17,7.84,7.24,7.42,7.11,6.98,7.12,6.85,6.98,7.14,6.84,6177,0
2025-03-22 23:00:00,0.3,0.48,0.36,0.35,0.32,0.04,0,0,7.53,7.72,7.42,7.63,7.88,7.48,7.83,8.09,7.64,8.57,8.89,8.3,8.49,8.85,8.2,7.59,7.83,7.46,7.3,7.55,7.12,7.27,7.48,7.12,6183,0
2025-03-22 22:00:00,0.27,0.45,0.36,0.37,0.32,0.06,0,0,8.27,8.66,7.83,8.38,8.78,7.95,8.58,8.97,8.18,9.33,9.7,9,9.26,9.6,8.89,8.37,8.77,7.94,8.08,8.54,7.6,8.08,8.54,7.62,6183,0
2025-03-22 21:00:00,0.23,0.48,0.35,0.35,0.31,0.06,0,0,9.17,9.6,8.77,9.24,9.63,8.89,9.41,9.84,9.01,10.07,10.43,9.72,10.02,10.32,9.71,9.3,9.72,8.88,9.07,9.56,8.6,9.08,9.59,8.63,6185,0
2025-03-22 20:00:00,0.24,0.45,0.33,0.35,0.29,0.06,0,0,9.96,10.2,9.64,10.02,10.31,9.72,10.17,10.43,9.85,10.74,11.02,10.43,10.72,11.03,10.44,10.16,10.43,9.83,9.97,10.28,9.6,9.99,10.29,9.63,6185,0
2025-03-22 19:00:00,0.23,0.48,0.36,0.41,0.33,0.05,0,0,10.66,11.02,10.31,10.68,11.02,10.33,10.84,11.14,10.52,11.43,11.73,11.09,11.46,11.78,11.14,10.88,11.25,10.54,10.73,11.14,10.31,10.75,11.14,10.31,6188,0
2025-03-22 18:00:00,0.28,0.51,0.43,0.43,0.37,0.13,0.01,0.01,11.49,12,11.08,11.44,11.97,11.02,11.57,12.06,11.21,12.11,12.44,11.83,12.18,12.45,11.86,11.74,12.31,11.32,11.67,12.32,11.22,11.7,12.32,11.22,6190,334
2025-03-22 17:00:00,0.36,0.64,0.47,0.43,0.33,0.13,0,0.01,12.19,12.26,12.09,12.07,12.09,11.98,12.18,12.2,12.09,12.68,12.97,12.44,12.79,13.16,12.56,12.49,12.55,12.33,12.53,12.61,12.42,12.55,12.65,12.44,6190,260
2025-03-22 16:00:00,0.32,0.54,0.47,0.45,0.35,0.14,0.02,0.03,13.15,14.32,12.21,13.04,14.1,12.09,13.13,14.1,12.23,13.66,14.19,13.03,13.79,14.22,13.26,13.54,14.65,12.55,13.57,14.9,12.53,13.59,14.93,12.54,6190,1839
2025-03-22 15:00:00,0.34,0.59,0.49,0.49,0.36,0.15,0.04,0.07,14.71,15.04,14.25,14.41,14.69,13.97,14.38,14.69,13.97,13.94,14.24,13.5,13.87,14.22,13.45,14.88,15.19,14.38,15.36,15.75,14.85,15.43,15.85,14.93,6190,988
2025-03-22 14:00:00,0.31,0.57,0.45,0.48,0.33,0.15,0.07,0.07,13.85,14.11,13.75,13.57,13.86,13.43,13.54,13.8,13.39,13.22,13.44,12.96,13.16,13.39,12.92,13.95,14.2,13.85,14.37,14.68,14.26,14.46,14.8,14.33,6190,1981
2025-03-22 13:00:00,0.32,0.52,0.46,0.46,0.36,0.14,0.01,0.03,13.23,13.74,12.93,12.94,13.39,12.71,12.9,13.29,12.69,12.61,12.91,12.44,12.54,12.8,12.33,13.29,13.73,13.08,13.72,14.21,13.44,13.79,14.33,13.51,6190,2032
2025-03-22 12:00:00,0.33,0.52,0.47,0.49,0.37,0.13,0,0.02,12.76,13.09,12.46,12.46,12.8,12.21,12.41,12.7,12.13,12.08,12.42,11.8,11.98,12.33,11.7,12.77,13.13,12.43,13.22,13.59,12.91,13.31,13.65,13.03,6188,1977
2025-03-22 11:00:00,0.35,0.53,0.43,0.48,0.33,0.13,0,0.01,12.06,12.49,11.75,11.72,12.18,11.39,11.68,12.09,11.38,11.38,11.74,11.02,11.29,11.62,11.01,11.94,12.43,11.6,12.4,12.91,12.08,12.52,13.03,12.21,6188,2028
2025-03-22 10:00:00,0.23,0.54,0.39,0.4,0.3,0.05,0,0.01,11.24,11.63,11.03,10.91,11.27,10.79,10.86,11.26,10.79,10.8,10.97,10.67,10.79,10.91,10.67,11.04,11.48,10.89,11.42,11.96,11.26,11.54,12.09,11.33,6188,2143
2025-03-22 09:00:00,0.21,0.5,0.34,0.39,0.3,0.05,0,0,10.82,11.36,10.05,10.39,10.79,9.96,10.48,10.7,10.18,10.49,10.66,10.42,10.57,10.67,10.53,10.56,10.77,10.42,11.21,11.73,10.78,11.59,12.19,11.14,6190,2493
2025-03-22 08:00:00,0.23,0.52,0.35,0.4,0.33,0.06,0,0,9.52,10.08,9.13,9.44,9.96,9.13,9.68,10.31,9.25,9.91,10.41,9.6,9.95,10.56,9.6,9.82,10.62,9.24,10.11,11.26,9.12,10.98,12.68,9.26,6190,1961
2025-03-22 07:00:00,0.23,0.49,0.37,0.4,0.32,0.06,0,0,9.33,9.6,9.13,9.37,9.63,9.13,9.48,9.72,9.25,9.92,10.1,9.72,9.86,10.08,9.68,9.45,9.71,9.24,9.3,9.6,9.03,9.34,9.62,9.12,6190,2115
2025-03-22 06:00:00,0.23,0.48,0.35,0.39,0.33,0.06,0,0,9.87,10.03,9.68,9.89,10.03,9.72,9.98,10.1,9.83,10.31,10.43,10.18,10.23,10.32,10.08,9.96,10.06,9.82,9.89,10.04,9.72,9.92,10.08,9.72,6190,0
2025-03-22 05:00:00,0.26,0.42,0.33,0.39,0.33,0.07,0,0,10.09,10.2,10.05,10.1,10.2,10.06,10.2,10.31,10.13,10.5,10.55,10.43,10.41,10.5,10.32,10.15,10.29,10.06,10.09,10.18,10.06,10.12,10.2,10.08,6190,0
2025-03-22 04:00:00,0.27,0.46,0.36,0.39,0.3,0.07,0,0,10.24,10.31,10.2,10.25,10.31,10.2,10.36,10.43,10.31,10.69,10.78,10.58,10.61,10.67,10.54,10.33,10.4,10.3,10.24,10.31,10.18,10.29,10.31,10.21,6190,0
2025-03-22 03:00:00,0.23,0.44,0.36,0.41,0.31,0.06,0,0,10.4,10.55,10.31,10.42,10.55,10.31,10.55,10.7,10.43,10.96,11.15,10.8,10.88,11.06,10.73,10.51,10.66,10.42,10.4,10.55,10.31,10.41,10.56,10.31,6190,0
2025-03-22 02:00:00,0.24,0.52,0.37,0.46,0.35,0.06,0,0,10.79,11.02,10.55,10.83,11.02,10.59,10.96,11.14,10.77,11.39,11.61,11.19,11.33,11.53,11.14,10.92,11.13,10.68,10.8,11.02,10.57,10.82,11.02,10.56,6192,0
2025-03-22 01:00:00,0.25,0.5,0.42,0.48,0.38,0.1,0,0,11.28,11.61,11.02,11.33,11.69,11.03,11.46,11.83,11.23,11.9,12.2,11.66,11.86,12.14,11.62,11.5,11.85,11.23,11.38,11.8,11.03,11.41,11.85,11.06,6192,0
2025-03-22 00:00:00,0.37,0.55,0.48,0.48,0.38,0.21,0.03,0.01,11.97,12.06,11.73,11.97,12.08,11.75,12.07,12.17,11.86,12.33,12.44,12.2,12.3,12.34,12.21,12.16,12.22,11.96,12.14,12.2,11.89,12.17,12.21,11.97,6190,0
2025-03-21 23:00:00,0.37,0.59,0.48,0.48,0.4,0.15,0.02,0.03,12.14,12.22,12.08,12.14,12.24,12.09,12.24,12.32,12.2,12.48,12.56,12.43,12.45,12.54,12.35,12.33,12.43,12.24,12.29,12.42,12.2,12.33,12.44,12.24,6194,0
2025-03-21 22:00:00,0.38,0.53,0.46,0.51,0.35,0.16,0.01,0.02,12.31,12.32,12.25,12.3,12.32,12.25,12.38,12.43,12.33,12.57,12.62,12.56,12.56,12.57,12.54,12.44,12.48,12.43,12.44,12.44,12.43,12.48,12.55,12.44,6194,0
2025-03-21 21:00:00,0.38,0.52,0.45,0.49,0.35,0.17,0.01,0.02,12.31,12.32,12.28,12.3,12.32,12.28,12.4,12.44,12.37,12.66,12.74,12.6,12.63,12.72,12.57,12.47,12.55,12.43,12.44,12.47,12.44,12.48,12.55,12.45,6194,0
2025-03-21 20:00:00,0.36,0.53,0.47,0.48,0.35,0.16,0,0.01,12.46,12.56,12.32,12.46,12.56,12.32,12.58,12.68,12.44,12.85,12.91,12.77,12.85,12.92,12.75,12.68,12.78,12.55,12.65,12.74,12.56,12.68,12.8,12.56,6194,0
2025-03-21 19:00:00,0.35,0.54,0.48,0.47,0.36,0.14,0,0.02,12.65,12.8,12.56,12.63,12.75,12.56,12.75,12.86,12.68,13.06,13.15,12.91,13.09,13.2,12.94,12.88,13.02,12.78,12.85,12.96,12.77,12.89,13.03,12.8,6197,0
2025-03-21 18:00:00,0.33,0.52,0.44,0.49,0.33,0.16,0.01,0.02,12.81,12.91,12.8,12.8,12.82,12.78,12.91,12.96,12.88,13.28,13.39,13.18,13.35,13.51,13.26,13.06,13.14,13.02,13.04,13.13,13.02,13.05,13.15,13.03,6197,0
2025-03-21 17:00:00,0.33,0.54,0.47,0.47,0.36,0.16,0,0.01,13.11,13.5,12.92,13.08,13.4,12.92,13.2,13.51,13.03,13.69,13.98,13.47,13.78,14.1,13.52,13.42,13.77,13.21,13.38,13.75,13.15,13.4,13.79,13.15,6199,260
2025-03-21 16:00:00,0.33,0.55,0.48,0.49,0.39,0.15,0.05,0.06,13.98,14.22,13.6,13.84,14.08,13.51,13.93,14.1,13.62,14.19,14.21,14.07,14.27,14.34,14.1,14.22,14.44,13.87,14.31,14.57,13.86,14.36,14.69,13.91,6199,906
2025-03-21 15:00:00,0.32,0.57,0.5,0.5,0.4,0.16,0.05,0.07,14.32,14.7,13.88,14.21,14.56,13.77,14.29,14.64,13.87,14.55,14.72,14.32,14.64,14.81,14.35,14.64,15.03,14.2,14.72,15.16,14.22,14.78,15.26,14.29,6199,1954
2025-03-21 14:00:00,0.33,0.63,0.5,0.51,0.39,0.16,0.05,0.06,14.98,15.75,14.58,14.82,15.52,14.45,14.9,15.53,14.57,15,15.28,14.78,15.06,15.29,14.81,15.3,15.98,14.91,15.51,16.35,15.05,15.56,16.45,15.12,6199,1871
2025-03-21 13:00:00,0.33,0.71,0.52,0.55,0.41,0.13,0.05,0.04,15.77,16,15.4,15.42,15.64,15.04,15.41,15.63,15.05,15.05,15.28,14.79,15.02,15.29,14.75,15.88,16.12,15.5,16.4,16.69,16.04,16.5,16.74,16.11,6199,1296
2025-03-21 12:00:00,0.35,0.66,0.53,0.55,0.41,0.14,0.03,0.04,15.31,15.47,15.16,15.02,15.16,14.91,14.96,15.06,14.9,14.59,14.73,14.45,14.55,14.69,14.34,15.41,15.5,15.27,15.93,16.1,15.75,16.01,16.12,15.87,6199,2064
2025-03-21 11:00:00,0.33,0.66,0.51,0.55,0.37,0.14,0.06,0.05,15.27,15.75,14.11,14.74,15.29,13.62,14.56,15.16,13.49,13.64,14.41,12.68,13.45,14.23,12.55,14.93,15.62,13.73,15.74,16.35,14.46,15.89,16.45,14.69,6197,1469
2025-03-21 10:00:00,0.32,0.54,0.46,0.51,0.39,0.14,0,0.01,13,13.76,12.8,12.62,13.28,12.42,12.51,13.15,12.26,12.1,12.56,11.73,11.97,12.37,11.62,12.61,13.4,12.19,13.12,14.09,12.8,13.25,14.22,12.92,6197,3226
2025-03-21 09:00:00,0.28,0.53,0.42,0.47,0.33,0.09,0,0,12.02,12.98,11.02,11.52,12.32,10.91,11.48,12.2,10.9,11.22,11.7,10.95,11.11,11.53,10.88,11.41,12.09,11,11.97,12.8,11.14,12.1,12.95,11.16,6197,1678
2025-03-21 08:00:00,0.24,0.48,0.38,0.42,0.32,0.06,0,0,10.61,10.96,10.43,10.55,10.8,10.43,10.65,10.88,10.55,10.88,10.91,10.85,10.81,10.91,10.79,10.68,10.91,10.54,10.67,11.07,10.46,10.73,11.13,10.54,6197,2028
2025-03-21 07:00:00,0.23,0.49,0.37,0.44,0.33,0.07,0,0,10.6,10.9,10.43,10.62,10.91,10.43,10.74,11.02,10.55,11.14,11.38,10.91,11.13,11.38,10.91,10.78,11.02,10.59,10.67,10.95,10.5,10.7,11.01,10.54,6197,0
2025-03-21 06:00:00,0.24,0.5,0.4,0.48,0.35,0.08,0,0,11.11,11.26,10.91,11.12,11.26,10.93,11.23,11.38,11.04,11.59,11.73,11.4,11.56,11.74,11.38,11.3,11.48,11.13,11.22,11.37,11.02,11.23,11.38,11.04,6197,0
2025-03-21 05:00:00,0.27,0.53,0.45,0.5,0.38,0.13,0,0.01,11.46,11.76,11.26,11.48,11.79,11.26,11.59,11.89,11.38,11.97,12.2,11.76,11.94,12.14,11.74,11.68,11.96,11.48,11.59,11.88,11.37,11.63,11.97,11.39,6199,0
2025-03-21 04:00:00,0.36,0.52,0.47,0.48,0.39,0.19,0.02,0.03,11.92,11.98,11.84,11.94,12.02,11.85,12.05,12.12,11.97,12.28,12.34,12.2,12.24,12.33,12.19,12.12,12.19,11.97,12.06,12.16,11.96,12.11,12.21,11.97,6199,0
2025-03-21 03:00:00,0.37,0.59,0.48,0.47,0.4,0.21,0.02,0.01,12.02,12.08,11.97,12.03,12.09,11.97,12.15,12.2,12.09,12.4,12.44,12.34,12.35,12.45,12.33,12.2,12.22,12.19,12.14,12.2,12.08,12.18,12.21,12.1,6199,0
2025-03-21 02:00:00,0.36,0.56,0.49,0.47,0.37,0.15,0.01,0.02,12.13,12.21,11.98,12.16,12.21,12.06,12.28,12.32,12.15,12.56,12.65,12.45,12.52,12.57,12.45,12.34,12.43,12.22,12.26,12.32,12.09,12.29,12.33,12.15,6201,0
2025-03-21 01:00:00,0.37,0.53,0.46,0.48,0.35,0.16,0.01,0.01,12.31,12.44,12.21,12.33,12.44,12.21,12.45,12.56,12.34,12.73,12.8,12.68,12.66,12.71,12.57,12.51,12.62,12.43,12.43,12.56,12.32,12.49,12.59,12.41,6201,0
2025-03-21 00:00:00,0.36,0.53,0.47,0.48,0.34,0.15,0,0,12.45,12.51,12.43,12.46,12.56,12.44,12.59,12.68,12.56,12.84,12.91,12.8,12.8,12.91,12.74,12.67,12.75,12.66,12.57,12.67,12.56,12.65,12.68,12.57,6197,0
2025-03-20 23:00:00,0.35,0.53,0.48,0.47,0.36,0.13,0,0.02,12.58,12.62,12.56,12.6,12.66,12.56,12.75,12.8,12.68,12.99,13.03,12.91,12.97,13.04,12.91,12.78,12.8,12.76,12.71,12.78,12.67,12.77,12.8,12.69,6203,0
2025-03-20 22:00:00,0.35,0.54,0.46,0.48,0.34,0.13,0,0.01,12.56,12.57,12.56,12.58,12.6,12.56,12.76,12.8,12.73,13.15,13.27,13.03,13.18,13.36,13.04,12.85,12.9,12.8,12.74,12.8,12.68,12.79,12.8,12.76,6203,0
2025-03-20 21:00:00,0.34,0.53,0.46,0.48,0.37,0.16,0,0.01,12.73,12.97,12.58,12.76,13.03,12.6,12.95,13.25,12.8,13.6,13.95,13.35,13.67,13.98,13.39,13.11,13.38,12.9,12.93,13.15,12.8,12.95,13.17,12.8,6203,0
2025-03-20 20:00:00,0.32,0.55,0.48,0.5,0.42,0.17,0.01,0.02,13.4,13.85,13.03,13.43,13.86,13.07,13.65,14.1,13.27,14.4,14.81,13.98,14.46,14.93,14.08,13.81,14.31,13.41,13.61,14.09,13.24,13.63,14.1,13.26,6205,0
2025-03-20 19:00:00,0.34,0.59,0.51,0.51,0.39,0.16,0.06,0.08,14.44,15.04,13.89,14.48,15.04,13.97,14.69,15.23,14.18,15.38,15.85,14.92,15.43,15.88,14.97,14.89,15.45,14.33,14.75,15.39,14.17,14.76,15.4,14.2,6208,0
2025-03-20 18:00:00,0.33,0.68,0.5,0.49,0.39,0.14,0.05,0.04,15.68,16.06,15.16,15.66,16.11,15.16,15.84,16.2,15.3,16.36,16.73,15.92,16.39,16.79,16,16.1,16.56,15.59,16.06,16.45,15.5,16.08,16.45,15.52,6208,0
2025-03-20 17:00:00,0.33,0.56,0.5,0.51,0.38,0.15,0.03,0.05,16.87,17.62,16.12,16.87,17.53,16.2,16.98,17.53,16.34,17.16,17.42,16.81,17.15,17.4,16.82,17.3,17.87,16.62,17.37,18.19,16.58,17.39,18.24,16.58,6208,275
2025-03-20 16:00:00,0.37,0.54,0.51,0.52,0.38,0.13,0.01,0.03,18.13,18.36,17.67,17.88,18,17.64,17.79,17.87,17.64,17.35,17.45,17.17,17.32,17.41,17.15,18.32,18.45,17.99,18.88,19.17,18.33,18.92,19.18,18.36,6208,772
2025-03-20 15:00:00,0.34,0.55,0.5,0.55,0.37,0.14,0.01,0.03,18.04,18.12,17.9,17.69,17.76,17.62,17.52,17.64,17.41,16.89,17.12,16.64,16.86,17.07,16.59,18.12,18.23,17.99,18.87,18.95,18.7,18.93,19.07,18.76,6208,1666
2025-03-20 14:00:00,0.39,0.57,0.52,0.56,0.4,0.14,0,0.04,17.62,17.98,17.29,17.16,17.53,16.82,16.94,17.35,16.58,16.12,16.58,15.64,16.07,16.48,15.64,17.54,17.95,17.16,18.39,18.82,18,18.49,18.83,18.11,6208,1934
2025-03-20 13:00:00,0.33,0.62,0.51,0.59,0.42,0.13,0.03,0.04,16.75,17.28,16.39,16.28,16.81,15.87,15.93,16.45,15.49,14.95,15.54,14.4,14.99,15.52,14.46,16.55,17.07,16.1,17.46,17.99,17.04,17.52,18.04,17.17,6205,1954
2025-03-20 12:00:00,0.32,0.67,0.53,0.56,0.38,0.14,0.05,0.05,15.56,16.34,14.12,14.95,15.78,13.62,14.57,15.4,13.39,13.51,14.27,12.68,13.54,14.33,12.68,15.2,16.07,13.89,16.18,17.04,14.68,16.28,17.15,14.79,6203,1906
2025-03-20 11:00:00,0.37,0.57,0.49,0.52,0.39,0.16,0.01,0.02,12.97,13.84,12.43,12.7,13.39,12.21,12.58,13.15,12.17,12.15,12.56,11.75,12.13,12.57,11.74,12.83,13.61,12.31,13.23,14.23,12.58,13.33,14.35,12.68,6203,2040
2025-03-20 10:00:00,0.33,0.58,0.48,0.49,0.35,0.14,0.01,0.02,11.82,12.32,11.5,11.68,12.09,11.38,11.68,12.09,11.38,11.42,11.72,11.15,11.33,11.63,11.04,11.71,12.19,11.37,11.91,12.44,11.51,12.02,12.56,11.62,6201,1437
2025-03-20 09:00:00,0.27,0.5,0.41,0.41,0.32,0.07,0,0,10.95,11.39,10.44,10.89,11.34,10.43,10.92,11.36,10.44,10.77,11.12,10.51,10.68,11.01,10.44,10.88,11.28,10.46,11.02,11.48,10.54,11.09,11.59,10.55,6201,216
2025-03-20 08:00:00,0.27,0.47,0.36,0.38,0.34,0.06,0,0,10.28,10.43,10.08,10.23,10.42,10.08,10.28,10.43,10.13,10.35,10.46,10.18,10.29,10.44,10.17,10.29,10.43,10.14,10.29,10.44,10.08,10.34,10.55,10.18,6201,0
2025-03-20 07:00:00,0.25,0.49,0.36,0.4,0.32,0.07,0,0,9.87,10.08,9.72,9.86,10.08,9.72,9.95,10.08,9.84,10.1,10.18,10.07,10.02,10.14,9.96,9.91,10.06,9.72,9.84,10.07,9.67,9.88,10.08,9.72,6201,0
2025-03-20 06:00:00,0.24,0.49,0.35,0.38,0.31,0.06,0,0,9.64,9.71,9.6,9.67,9.72,9.6,9.78,9.84,9.72,9.99,10.06,9.96,9.94,9.96,9.89,9.7,9.72,9.64,9.59,9.64,9.53,9.62,9.71,9.6,6201,0
2025-03-20 05:00:00,0.23,0.5,0.35,0.36,0.32,0.05,0,0,9.49,9.55,9.45,9.52,9.6,9.49,9.65,9.71,9.6,9.96,9.96,9.96,9.89,9.95,9.87,9.57,9.59,9.5,9.42,9.47,9.35,9.45,9.52,9.38,6203,0
2025-03-20 04:00:00,0.24,0.5,0.35,0.38,0.3,0.07,0,0,9.38,9.43,9.37,9.43,9.49,9.38,9.59,9.6,9.57,10.01,10.07,9.96,9.98,10.08,9.93,9.47,9.47,9.47,9.29,9.35,9.24,9.32,9.37,9.26,6203,0
2025-03-20 03:00:00,0.24,0.49,0.34,0.35,0.31,0.05,0,0,9.42,9.52,9.37,9.47,9.6,9.39,9.65,9.79,9.6,10.26,10.47,10.08,10.27,10.5,10.08,9.55,9.68,9.47,9.28,9.38,9.24,9.31,9.38,9.26,6203,0
2025-03-20 02:00:00,0.23,0.47,0.34,0.37,0.29,0.06,0,0,9.83,10.08,9.6,9.88,10.13,9.6,10.09,10.32,9.84,10.79,11.03,10.55,10.82,11.15,10.56,10,10.28,9.71,9.7,9.95,9.47,9.73,9.96,9.47,6205,0
2025-03-20 01:00:00,0.25,0.45,0.36,0.41,0.34,0.06,0,0,10.35,10.55,10.1,10.42,10.67,10.2,10.65,10.9,10.42,11.38,11.66,11.12,11.44,11.74,11.15,10.57,10.82,10.3,10.27,10.54,10.02,10.3,10.55,10.06,6208,0
2025-03-20 00:00:00,0.24,0.51,0.39,0.42,0.37,0.08,0,0,10.94,11.26,10.65,11,11.32,10.69,11.24,11.55,10.9,12.05,12.43,11.73,12.15,12.54,11.8,11.22,11.59,10.89,10.88,11.26,10.55,10.91,11.26,10.57,6203,0
2025-03-19 23:00:00,0.31,0.52,0.44,0.41,0.33,0.16,0,0.01,11.62,11.96,11.3,11.69,12.04,11.38,11.95,12.3,11.61,12.84,13.26,12.44,12.97,13.39,12.57,11.98,12.37,11.62,11.62,11.96,11.27,11.66,11.98,11.3,6210,0
2025-03-19 22:00:00,0.36,0.54,0.46,0.43,0.37,0.15,0.01,0.02,12.38,12.8,12.01,12.45,12.89,12.09,12.74,13.15,12.32,13.81,14.35,13.38,14,14.58,13.51,12.82,13.28,12.43,12.43,12.88,12.08,12.46,12.91,12.09,6212,0
2025-03-19 21:00:00,0.33,0.54,0.47,0.46,0.38,0.17,0.01,0.02,13.47,14.1,12.92,13.56,14.22,12.97,13.88,14.57,13.27,15.15,15.9,14.45,15.39,16.14,14.69,14.04,14.79,13.38,13.58,14.31,12.97,13.58,14.31,13,6214,0
2025-03-19 20:00:00,0.34,0.64,0.5,0.42,0.36,0.15,0.05,0.07,15.15,16.23,14.22,15.29,16.43,14.33,15.6,16.7,14.69,16.98,18,16.08,17.22,18.15,16.35,15.86,17.02,14.89,15.42,16.58,14.45,15.41,16.58,14.45,6217,0
2025-03-19 19:00:00,0.34,0.54,0.51,0.45,0.37,0.15,0.02,0.05,17.87,19.23,16.45,17.98,19.18,16.66,18.15,19.29,16.93,18.94,19.62,18.12,19.11,19.78,18.35,18.58,19.87,17.25,18.38,19.89,16.84,18.28,19.77,16.82,6219,0
2025-03-19 18:00:00,0.3,0.63,0.53,0.47,0.35,0.12,0.02,0.06,20.22,20.84,19.42,20.08,20.69,19.37,20.07,20.6,19.42,20.09,20.36,19.7,20.18,20.42,19.87,20.7,21.3,20.02,20.99,21.66,20.12,20.79,21.44,19.95,6219,267
2025-03-19 17:00:00,0.32,0.57,0.51,0.52,0.34,0.14,0.01,0.08,21.53,21.9,20.96,21.18,21.43,20.74,21.03,21.19,20.72,20.42,20.48,20.29,20.45,20.49,20.27,21.86,22.13,21.42,22.48,23.04,21.82,22.27,22.85,21.64,6219,1028
2025-03-19 16:00:00,0.33,0.6,0.52,0.53,0.38,0.14,0,0.09,21.71,21.9,21.43,21.14,21.42,20.82,20.94,21.19,20.6,19.84,20.24,19.29,19.78,20.25,19.2,21.87,22.13,21.54,22.79,23.04,22.56,22.59,22.85,22.38,6217,1697
2025-03-19 15:00:00,0.31,0.64,0.54,0.54,0.4,0.12,0.02,0.08,20.38,21.36,19.54,19.72,20.71,18.95,19.55,20.48,18.7,18.35,19.18,17.65,18.41,19.08,17.77,20.53,21.42,19.76,21.49,22.49,20.61,21.37,22.26,20.52,6217,1867
2025-03-19 14:00:00,0.35,0.58,0.51,0.54,0.37,0.13,0.02,0.12,18.71,19.42,17.81,18.17,18.92,17.31,17.94,18.69,17.17,16.88,17.54,16.2,16.92,17.65,16.25,18.84,19.66,17.86,19.71,20.57,18.6,19.66,20.48,18.6,6214,1863
2025-03-19 13:00:00,0.35,0.57,0.5,0.54,0.39,0.13,0.02,0.12,17.21,17.65,16.82,16.76,17.17,16.34,16.59,17.04,16.17,15.75,16.12,15.37,15.73,16.16,15.34,17.11,17.64,16.69,17.83,18.45,17.4,17.83,18.39,17.4,6214,1989
2025-03-19 12:00:00,0.29,0.65,0.51,0.58,0.41,0.12,0.04,0.12,16.5,16.82,15.87,15.96,16.34,15.28,15.75,16.11,15.06,14.75,15.28,14.04,14.73,15.29,14.02,16.28,16.69,15.62,17.06,17.35,16.36,17.1,17.37,16.45,6210,1989
2025-03-19 11:00:00,0.33,0.65,0.49,0.54,0.37,0.17,0.05,0.15,14.76,15.66,13.95,14.17,15.05,13.36,14.06,14.92,13.29,13.22,13.86,12.68,13.26,13.88,12.7,14.49,15.39,13.66,15.07,16.18,14.09,15.34,16.35,14.45,6210,2009
2025-03-19 10:00:00,0.35,0.68,0.46,0.51,0.37,0.19,0.08,0.13,12.93,13.85,11.85,12.29,13.17,11.26,12.32,13.17,11.38,11.85,12.56,11.02,11.99,12.65,11.15,12.65,13.55,11.6,12.96,13.97,11.85,13.24,14.28,12.1,6208,2544
2025-03-19 09:00:00,0.25,0.63,0.37,0.42,0.31,0.11,0.04,0.1,10.27,11.5,9.53,10.14,11.02,9.72,10.56,11.14,10.43,10.54,10.9,10.31,10.6,10.94,10.44,10.66,11.36,10.49,10.9,11.62,10.66,11.27,11.93,11.02,6212,6452
2025-03-19 08:00:00,0.27,0.61,0.36,0.42,0.34,0.12,0.07,0.12,8.48,9.49,7.83,8.48,9.6,7.83,8.96,10.43,8.04,9.12,10.21,8.63,9.14,10.32,8.55,8.93,10.49,7.84,9.23,11.26,7.6,10.13,12.2,7.82,6208,1260
2025-03-19 07:00:00,0.28,0.52,0.37,0.4,0.34,0.08,0.03,0.03,8,8.3,7.82,8.05,8.41,7.83,8.26,8.54,8.07,8.89,9.13,8.66,8.86,9.14,8.58,8.09,8.41,7.84,7.82,8.17,7.59,7.87,8.18,7.71,6208,1036
2025-03-19 06:00:00,0.23,0.49,0.36,0.41,0.33,0.07,0,0,8.66,8.79,8.41,8.73,8.89,8.42,8.9,9.03,8.66,9.42,9.59,9.25,9.36,9.49,9.18,8.75,8.89,8.51,8.51,8.66,8.2,8.54,8.7,8.26,6208,0
2025-03-19 05:00:00,0.25,0.51,0.4,0.39,0.32,0.07,0,0,9,9.13,8.83,9.06,9.18,8.89,9.25,9.37,9.08,9.73,9.85,9.6,9.68,9.85,9.54,9.11,9.24,8.93,8.87,9.01,8.67,8.9,9.03,8.72,6208,0
2025-03-19 04:00:00,0.24,0.5,0.38,0.38,0.31,0.06,0,0,9.29,9.6,9.13,9.36,9.62,9.14,9.55,9.84,9.37,10.11,10.33,9.89,10.08,10.32,9.85,9.43,9.71,9.24,9.17,9.47,8.97,9.19,9.49,9.01,6208,0
2025-03-19 03:00:00,0.22,0.48,0.34,0.37,0.32,0.06,0,0,9.71,9.84,9.6,9.76,9.91,9.72,9.96,10.08,9.85,10.5,10.67,10.34,10.48,10.69,10.32,9.87,10.06,9.74,9.62,9.72,9.53,9.65,9.82,9.6,6210,0
2025-03-19 02:00:00,0.24,0.46,0.36,0.38,0.31,0.05,0,0,10.22,10.43,9.88,10.27,10.43,9.96,10.44,10.65,10.18,10.94,11.07,10.78,10.93,11.07,10.78,10.38,10.54,10.06,10.15,10.34,9.84,10.19,10.42,9.84,6212,0
2025-03-19 01:00:00,0.24,0.45,0.36,0.42,0.34,0.07,0,0,10.42,10.44,10.4,10.44,10.55,10.43,10.68,10.79,10.66,11.26,11.49,11.13,11.28,11.5,11.15,10.61,10.7,10.54,10.37,10.43,10.31,10.42,10.44,10.4,6212,0
2025-03-19 00:00:00,0.22,0.52,0.4,0.44,0.37,0.07,0,0,10.85,11.14,10.54,10.92,11.23,10.56,11.12,11.38,10.79,11.83,12.14,11.49,11.89,12.21,11.61,11.1,11.4,10.77,10.8,11.14,10.43,10.85,11.15,10.54,6208,0
2025-03-18 23:00:00,0.28,0.54,0.46,0.44,0.36,0.15,0,0.01,11.54,11.75,11.22,11.61,11.85,11.27,11.81,12.09,11.49,12.48,12.73,12.2,12.53,12.8,12.24,11.85,12.09,11.48,11.58,11.85,11.23,11.62,11.85,11.26,6217,0
2025-03-18 22:00:00,0.36,0.54,0.47,0.45,0.35,0.16,0.01,0.01,12.01,12.31,11.81,12.07,12.35,11.85,12.3,12.61,12.09,13.1,13.5,12.8,13.2,13.63,12.82,12.41,12.78,12.17,12.08,12.41,11.85,12.12,12.44,11.89,6217,0
2025-03-18 21:00:00,0.33,0.53,0.46,0.45,0.38,0.15,0,0,12.85,13.28,12.34,12.94,13.39,12.44,13.18,13.62,12.68,14,14.45,13.58,14.13,14.57,13.67,13.39,13.91,12.81,13.06,13.62,12.47,13.08,13.63,12.55,6219,0
2025-03-18 20:00:00,0.33,0.56,0.49,0.49,0.39,0.16,0.03,0.05,13.94,14.57,13.39,14.04,14.63,13.51,14.27,14.82,13.74,15,15.51,14.53,15.12,15.59,14.64,14.56,15.16,13.97,14.29,15.01,13.63,14.31,14.97,13.7,6221,0
2025-03-18 19:00:00,0.34,0.66,0.5,0.46,0.36,0.14,0.04,0.04,15.26,15.95,14.69,15.27,15.87,14.7,15.48,16.09,14.92,15.98,16.42,15.54,16.09,16.45,15.64,15.85,16.48,15.27,15.74,16.45,15.08,15.76,16.54,15.08,6221,0
2025-03-18 18:00:00,0.31,0.56,0.5,0.48,0.36,0.13,0.02,0.03,16.68,17.04,16.1,16.52,16.82,16,16.61,16.93,16.14,16.69,16.81,16.45,16.74,16.83,16.56,17.15,17.51,16.59,17.37,17.86,16.67,17.4,17.87,16.7,6221,173
2025-03-18 17:00:00,0.36,0.56,0.52,0.52,0.35,0.16,0.01,0.04,17.19,17.29,17.04,16.94,17.04,16.82,16.98,17.06,16.89,16.81,16.81,16.79,16.82,16.83,16.82,17.63,17.75,17.51,18.02,18.23,17.83,18.08,18.24,17.87,6221,1433
2025-03-18 16:00:00,0.36,0.56,0.5,0.52,0.38,0.14,0,0.03,17.45,17.53,17.29,17.13,17.2,16.98,17.11,17.19,16.93,16.65,16.81,16.42,16.63,16.82,16.35,17.79,17.87,17.62,18.36,18.45,18.23,18.46,18.59,18.36,6221,1512
2025-03-18 15:00:00,0.35,0.56,0.5,0.52,0.39,0.12,0.02,0.03,17.01,17.29,16.74,16.65,16.94,16.34,16.61,16.93,16.34,16.07,16.34,15.75,16.01,16.29,15.64,17.26,17.62,16.92,17.89,18.23,17.64,18,18.36,17.76,6221,1918
2025-03-18 14:00:00,0.3,0.64,0.49,0.56,0.42,0.11,0.02,0.03,16.37,16.58,16.03,16.01,16.23,15.64,15.94,16.2,15.57,15.36,15.64,14.92,15.27,15.63,14.81,16.49,16.79,16.1,17.14,17.41,16.81,17.25,17.53,16.9,6219,1985
2025-03-18 13:00:00,0.35,0.7,0.53,0.57,0.43,0.14,0.05,0.02,15.41,15.87,15.16,15.06,15.52,14.81,15,15.43,14.69,14.45,14.8,14.09,14.34,14.69,13.97,15.47,15.98,15.15,16.08,16.68,15.82,16.2,16.79,15.9,6219,1957
2025-03-18 12:00:00,0.32,0.6,0.5,0.55,0.37,0.14,0.03,0.03,14.5,15.1,13.62,14.09,14.69,13.31,14.02,14.57,13.27,13.49,13.98,12.91,13.34,13.87,12.8,14.39,15.03,13.6,15.02,15.75,14.09,15.15,15.87,14.22,6217,2009
2025-03-18 11:00:00,0.32,0.54,0.46,0.53,0.39,0.14,0,0.01,12.86,13.39,12.44,12.68,13.15,12.32,12.7,13.15,12.37,12.51,12.8,12.32,12.4,12.68,12.21,12.9,13.38,12.55,13.21,13.83,12.77,13.29,13.94,12.8,6217,2162
2025-03-18 10:00:00,0.36,0.53,0.49,0.53,0.41,0.14,0,0,12.35,12.44,12.32,12.25,12.32,12.18,12.27,12.32,12.19,12.18,12.32,12.02,12.07,12.21,11.89,12.43,12.54,12.31,12.63,12.67,12.56,12.71,12.8,12.67,6217,1264
2025-03-18 09:00:00,0.35,0.57,0.47,0.54,0.38,0.15,0.01,0.01,11.93,12.27,11.61,11.8,12.09,11.5,11.85,12.14,11.61,11.74,11.97,11.51,11.63,11.86,11.38,11.95,12.31,11.62,12.11,12.51,11.73,12.21,12.58,11.85,6217,732
2025-03-18 08:00:00,0.25,0.53,0.45,0.5,0.36,0.09,0,0,11.3,11.5,11.13,11.25,11.47,11.08,11.32,11.51,11.14,11.34,11.49,11.23,11.23,11.38,11.14,11.36,11.59,11.17,11.42,11.69,11.25,11.49,11.73,11.26,6217,460
2025-03-18 07:00:00,0.23,0.55,0.4,0.47,0.35,0.06,0,0,10.95,11.1,10.81,10.92,11.02,10.79,11,11.14,10.9,11.09,11.16,11.02,10.98,11.07,10.91,11.01,11.13,10.89,11.04,11.17,10.9,11.09,11.26,10.99,6217,0
2025-03-18 06:00:00,0.23,0.56,0.4,0.43,0.34,0.05,0,0,10.77,10.82,10.71,10.74,10.79,10.68,10.82,10.9,10.79,11,11.02,10.98,10.91,10.91,10.9,10.84,10.89,10.77,10.82,10.9,10.78,10.89,10.93,10.85,6217,0
2025-03-18 05:00:00,0.21,0.55,0.41,0.42,0.33,0.05,,,10.7,10.71,10.7,10.68,10.69,10.67,10.79,10.79,10.79,11,11.02,11,10.91,10.91,10.91,10.78,10.79,10.78,10.78,10.78,10.78,10.84,10.86,10.83,6217,0
2025-03-18 03:00:00,0.26,0.58,0.39,0.47,0.34,0.05,,,10.79,10.79,10.79,10.79,10.79,10.79,10.9,10.9,10.9,11.09,11.12,11.06,11.02,11.03,11.02,10.89,10.89,10.89,10.89,10.9,10.89,10.91,10.91,10.91,6219,0
2025-03-18 02:00:00,0.25,0.58,0.4,0.45,0.34,0.06,0,0,10.79,10.79,10.79,10.79,10.79,10.79,10.9,10.9,10.9,11.12,11.15,11.11,11.04,11.08,11.03,10.89,10.9,10.89,10.89,10.9,10.88,10.91,10.91,10.91,6219,0
2025-03-18 01:00:00,0.25,0.57,0.39,0.46,0.35,0.05,0,0,10.85,10.91,10.79,10.85,10.91,10.79,10.94,11.01,10.9,11.21,11.26,11.15,11.13,11.15,11.08,10.96,11.01,10.9,10.9,10.93,10.89,10.97,11.02,10.91,6219,0
2025-03-18 00:00:00,0.22,0.57,0.37,0.46,0.34,0.06,0,0,10.91,10.91,10.89,10.91,10.91,10.9,11.01,11.03,10.99,11.26,11.26,11.26,11.17,11.24,11.15,11.01,11.03,11.01,11,11.02,10.94,11.02,11.05,11.02,6212,0
2025-03-17 23:00:00,0.22,0.51,0.38,0.48,0.34,0.07,0,0,10.97,11.02,10.92,10.97,11.02,10.91,11.06,11.14,11.02,11.35,11.4,11.28,11.29,11.38,11.26,11.09,11.13,11.03,11.07,11.13,11.02,11.12,11.14,11.07,6221,0
2025-03-17 22:00:00,0.24,0.5,0.42,0.49,0.35,0.07,0,0,11.06,11.14,11.02,11.05,11.14,11.02,11.18,11.26,11.14,11.51,11.61,11.4,11.45,11.56,11.38,11.21,11.25,11.13,11.17,11.26,11.14,11.2,11.26,11.14,6221,0
2025-03-17 21:00:00,0.24,0.5,0.43,0.49,0.37,0.09,0,0,11.21,11.26,11.14,11.21,11.26,11.14,11.34,11.41,11.26,11.74,11.85,11.61,11.7,11.86,11.61,11.4,11.48,11.28,11.32,11.38,11.26,11.35,11.46,11.26,6221,0
2025-03-17 20:00:00,0.27,0.55,0.44,0.49,0.4,0.11,0,0,11.43,11.61,11.26,11.45,11.61,11.28,11.6,11.8,11.47,12.07,12.3,11.85,12.05,12.23,11.86,11.69,11.85,11.52,11.57,11.73,11.43,11.6,11.74,11.49,6221,0
2025-03-17 19:00:00,0.33,0.54,0.47,0.46,0.37,0.18,0,0.01,11.79,11.97,11.61,11.81,11.97,11.62,11.99,12.18,11.85,12.5,12.69,12.32,12.5,12.7,12.32,12.11,12.31,11.93,11.95,12.19,11.75,11.99,12.21,11.81,6221,0
2025-03-17 18:00:00,0.36,0.56,0.47,0.47,0.35,0.14,0.01,0,12.2,12.55,11.97,12.22,12.56,11.97,12.42,12.78,12.2,13.09,13.5,12.8,13.15,13.61,12.8,12.61,12.98,12.31,12.46,12.8,12.2,12.47,12.8,12.21,6223,0
2025-03-17 17:00:00,0.32,0.55,0.47,0.49,0.4,0.15,0.02,0.04,13.6,14.81,12.65,13.62,14.81,12.68,13.75,14.81,12.86,14.2,14.69,13.62,14.2,14.58,13.68,13.99,15.05,13.09,13.95,15.28,12.91,13.96,15.31,12.92,6225,55
2025-03-17 16:00:00,0.34,0.68,0.52,0.56,0.42,0.13,0.02,0.03,15.26,15.4,15.04,15.07,15.16,14.93,15.03,15.13,14.81,14.56,14.69,14.32,14.46,14.58,14.22,15.3,15.39,15.15,15.72,15.87,15.39,15.83,15.99,15.52,6225,110
2025-03-17 15:00:00,0.33,0.66,0.5,0.54,0.38,0.14,0.03,0.02,15.05,15.16,14.7,14.74,14.81,14.33,14.6,14.75,14.21,13.91,14.22,13.45,13.86,14.22,13.39,15.05,15.14,14.68,15.63,15.77,15.3,15.74,15.87,15.4,6223,1634
2025-03-17 14:00:00,0.32,0.56,0.48,0.53,0.39,0.14,0.02,0.04,13.75,14.58,13.02,13.41,14.21,12.78,13.32,14.08,12.69,12.78,13.37,12.31,12.73,13.28,12.22,13.77,14.56,13.01,14.22,15.16,13.37,14.33,15.28,13.46,6223,1863
2025-03-17 13:00:00,0.34,0.55,0.48,0.52,0.4,0.14,0,0,12.52,12.92,12.27,12.3,12.68,11.97,12.23,12.65,11.95,11.84,12.2,11.49,11.8,12.21,11.38,12.51,12.9,12.19,12.82,13.27,12.56,12.94,13.39,12.68,6221,1914
2025-03-17 12:00:00,0.27,0.54,0.42,0.46,0.34,0.1,0,0,11.44,12.2,10.74,11.24,11.87,10.58,11.23,11.85,10.67,10.98,11.4,10.58,10.89,11.32,10.5,11.44,12.07,10.77,11.65,12.44,10.89,11.75,12.57,10.91,6221,1989
2025-03-17 11:00:00,0.24,0.46,0.38,0.4,0.36,0.06,0,0,10.39,10.62,10.29,10.33,10.55,10.2,10.39,10.59,10.31,10.48,10.55,10.43,10.37,10.44,10.32,10.45,10.66,10.32,10.51,10.78,10.41,10.56,10.81,10.43,6221,1540
2025-03-17 10:00:00,0.27,0.46,0.35,0.4,0.35,0.06,0,0,10.18,10.28,10.08,10.15,10.24,10.08,10.23,10.31,10.17,10.35,10.43,10.31,10.24,10.32,10.2,10.25,10.31,10.18,10.27,10.36,10.18,10.33,10.43,10.2,6221,0
2025-03-17 09:00:00,0.23,0.5,0.36,0.39,0.33,0.05,0,0,9.98,10.08,9.91,9.96,10.07,9.89,10.03,10.12,9.97,10.28,10.31,10.25,10.19,10.2,10.16,10.05,10.16,9.97,10.03,10.18,9.95,10.1,10.2,10.03,6221,169
2025-03-17 08:00:00,0.23,0.49,0.35,0.38,0.36,0.05,0,0,9.97,10.08,9.91,9.97,10.08,9.93,10.06,10.16,9.97,10.36,10.43,10.31,10.27,10.32,10.2,10.05,10.14,10,10.02,10.08,9.95,10.08,10.17,10.05,6221,0
2025-03-17 07:00:00,0.26,0.44,0.34,0.38,0.36,0.07,0,0,10.08,10.12,10.07,10.09,10.13,10.08,10.19,10.24,10.18,10.49,10.55,10.43,10.41,10.44,10.32,10.19,10.24,10.18,10.17,10.18,10.12,10.2,10.24,10.2,6221,0
2025-03-17 06:00:00,0.28,0.47,0.38,0.39,0.32,0.06,0,0,10.2,10.24,10.17,10.2,10.25,10.13,10.31,10.33,10.24,10.61,10.67,10.55,10.52,10.59,10.44,10.3,10.4,10.25,10.27,10.31,10.18,10.31,10.4,10.25,6223,0
2025-03-17 05:00:00,0.25,0.46,0.37,0.39,0.31,0.05,0,0,10.31,10.43,10.24,10.33,10.43,10.25,10.44,10.55,10.37,10.76,10.89,10.67,10.71,10.79,10.62,10.46,10.54,10.4,10.39,10.49,10.31,10.44,10.55,10.37,6223,0
2025-03-17 04:00:00,0.24,0.46,0.36,0.4,0.33,0.07,0,0,10.5,10.55,10.43,10.49,10.57,10.43,10.64,10.71,10.55,10.95,11.02,10.89,10.88,11,10.79,10.62,10.75,10.54,10.59,10.66,10.52,10.62,10.7,10.55,6225,0
2025-03-17 03:00:00,0.23,0.54,0.38,0.41,0.34,0.04,0,0,10.69,10.79,10.57,10.68,10.79,10.57,10.82,10.9,10.76,11.13,11.25,11.02,11.09,11.15,11.01,10.81,10.89,10.74,10.74,10.79,10.66,10.79,10.86,10.73,6225,0
2025-03-17 02:00:00,0.26,0.59,0.39,0.42,0.34,0.05,0,0,10.82,10.91,10.79,10.83,10.91,10.79,10.95,11.02,10.9,11.3,11.38,11.26,11.23,11.28,11.15,10.96,11.01,10.89,10.88,10.9,10.8,10.92,11.01,10.88,6225,0
2025-03-17 01:00:00,0.23,0.55,0.38,0.47,0.34,0.06,0,0,10.95,11.02,10.91,10.96,11.02,10.91,11.1,11.15,11.02,11.44,11.49,11.38,11.39,11.48,11.32,11.1,11.16,11.01,11.01,11.09,10.91,11.05,11.13,11.02,6225,0
2025-03-17 00:00:00,0.24,0.51,0.42,0.44,0.36,0.08,0,0,11.03,11.08,11.02,11.05,11.13,11.02,11.21,11.26,11.14,11.59,11.72,11.49,11.56,11.64,11.5,11.24,11.3,11.2,11.13,11.14,11.11,11.14,11.18,11.13,6219,0
2025-03-16 23:00:00,0.25,0.51,0.42,0.45,0.37,0.1,0,0,11.2,11.33,11.13,11.22,11.37,11.13,11.39,11.51,11.27,11.84,11.97,11.73,11.82,11.97,11.68,11.44,11.6,11.33,11.28,11.39,11.16,11.31,11.48,11.22,6228,0
2025-03-16 22:00:00,0.27,0.53,0.44,0.43,0.39,0.13,0,0,11.49,11.67,11.36,11.52,11.73,11.38,11.71,11.88,11.54,12.2,12.44,12.01,12.2,12.45,12,11.79,11.96,11.6,11.62,11.84,11.47,11.66,11.85,11.5,6228,0
2025-03-16 21:00:00,0.36,0.56,0.47,0.42,0.35,0.15,0,0,12.01,12.32,11.73,12.05,12.32,11.73,12.22,12.48,11.96,12.66,12.84,12.44,12.65,12.81,12.45,12.31,12.61,12.06,12.16,12.52,11.85,12.2,12.56,11.88,6232,0
2025-03-16 20:00:00,0.35,0.53,0.45,0.43,0.35,0.13,0,0,12.52,12.69,12.32,12.53,12.69,12.35,12.69,12.86,12.55,13.01,13.16,12.9,13.01,13.16,12.85,12.83,13.02,12.67,12.76,12.96,12.56,12.8,13.03,12.56,6232,0
2025-03-16 19:00:00,0.31,0.52,0.44,0.44,0.33,0.15,0,0.01,12.82,12.92,12.78,12.82,12.92,12.77,12.98,13.13,12.91,13.35,13.51,13.16,13.36,13.61,13.16,13.15,13.26,13.04,13.08,13.18,13.03,13.1,13.21,13.03,6232,0
2025-03-16 18:00:00,0.33,0.53,0.46,0.44,0.38,0.14,0,0.01,13.24,13.62,12.94,13.22,13.61,12.94,13.4,13.74,13.15,13.86,14.21,13.61,13.93,14.24,13.63,13.66,14.08,13.38,13.58,13.99,13.27,13.6,14.01,13.27,6232,74
2025-03-16 17:00:00,0.31,0.56,0.48,0.47,0.4,0.14,0.03,0.06,14.27,14.69,13.74,14.13,14.45,13.68,14.22,14.5,13.86,14.48,14.69,14.21,14.57,14.81,14.33,14.68,15.07,14.2,14.8,15.28,14.11,14.84,15.37,14.19,6232,149
2025-03-16 16:00:00,0.33,0.66,0.51,0.51,0.4,0.12,0.03,0.03,15.3,15.87,14.77,14.99,15.52,14.5,14.98,15.41,14.57,14.84,14.92,14.69,14.87,14.93,14.69,15.61,16.1,15.15,16.03,16.7,15.39,16.09,16.82,15.42,6232,1575
2025-03-16 15:00:00,0.33,0.62,0.49,0.5,0.41,0.13,0.02,0.04,15.03,15.88,13.98,14.62,15.52,13.68,14.57,15.4,13.74,14.18,14.69,13.86,14.2,14.59,13.98,15.2,16.03,14.32,15.81,16.75,14.6,15.89,16.83,14.69,6232,1717
2025-03-16 14:00:00,0.33,0.62,0.49,0.49,0.39,0.13,0.03,0.05,14.72,15.64,13.86,14.38,15.16,13.62,14.33,15.04,13.67,14.17,14.33,13.95,14.13,14.29,13.87,14.94,15.64,14.21,15.41,16.45,14.45,15.47,16.58,14.46,6232,1871
2025-03-16 13:00:00,0.33,0.59,0.49,0.5,0.36,0.13,0.03,0.05,14.61,15.28,14.18,14.2,14.81,13.74,14.09,14.69,13.62,13.43,13.98,12.93,13.26,13.76,12.8,14.62,15.27,14.08,15.34,15.99,14.8,15.44,16.11,14.93,6232,2064
2025-03-16 12:00:00,0.3,0.55,0.47,0.49,0.38,0.13,0.02,0.04,13.58,14.21,12.92,13.1,13.74,12.44,12.96,13.62,12.31,12.26,12.88,11.63,12.08,12.68,11.46,13.38,14.08,12.63,14.13,14.88,13.33,14.25,14.94,13.5,6228,1902
2025-03-16 11:00:00,0.3,0.55,0.42,0.43,0.34,0.09,0,0,11.98,12.8,11.1,11.57,12.32,10.79,11.44,12.2,10.67,10.88,11.51,10.31,10.7,11.38,10.14,11.71,12.54,10.89,12.33,13.23,11.37,12.47,13.37,11.5,6228,2135
2025-03-16 10:00:00,0.23,0.49,0.35,0.4,0.34,0.05,0,0,10.3,11.02,9.76,10.06,10.67,9.6,10.04,10.6,9.6,9.82,10.18,9.52,9.68,10.07,9.37,10.16,10.77,9.71,10.48,11.26,9.92,10.58,11.38,9.97,6225,1950
2025-03-16 09:00:00,0.24,0.5,0.38,0.41,0.35,0.05,0,0,9.36,9.72,9.04,9.26,9.56,9.01,9.29,9.6,9.03,9.29,9.47,9.13,9.17,9.37,9.02,9.32,9.62,9.01,9.44,9.84,9.12,9.52,9.89,9.13,6228,1839
2025-03-16 08:00:00,0.24,0.49,0.38,0.39,0.36,0.07,0,0,8.82,9.03,8.66,8.77,8.97,8.66,8.86,9.01,8.77,9.03,9.13,9.01,8.92,9.02,8.89,8.83,9,8.75,8.82,9.06,8.64,8.88,9.13,8.71,6228,169
2025-03-16 07:00:00,0.24,0.47,0.35,0.39,0.36,0.07,0,0,8.64,8.66,8.6,8.65,8.66,8.64,8.77,8.77,8.77,9.01,9.04,9.01,8.9,8.99,8.89,8.69,8.75,8.64,8.61,8.64,8.56,8.65,8.67,8.64,6225,0
2025-03-16 06:00:00,0.24,0.47,0.4,0.39,0.35,0.07,0,0,8.71,8.79,8.64,8.73,8.81,8.66,8.83,8.89,8.77,9.12,9.14,9.04,9.03,9.1,8.97,8.81,8.88,8.72,8.7,8.79,8.6,8.74,8.87,8.64,6228,0
2025-03-16 05:00:00,0.26,0.5,0.37,0.38,0.34,0.07,0,0,8.86,8.89,8.81,8.87,8.89,8.81,8.95,9,8.92,9.2,9.24,9.18,9.13,9.14,9.12,8.88,8.89,8.88,8.82,8.85,8.79,8.89,8.89,8.88,6228,0
2025-03-16 04:00:00,0.25,0.49,0.39,0.37,0.35,0.07,0,0,8.8,8.84,8.78,8.84,8.87,8.81,8.95,8.99,8.93,9.23,9.25,9.18,9.14,9.14,9.14,8.88,8.88,8.88,8.77,8.78,8.77,8.81,8.87,8.78,6228,0
2025-03-16 03:00:00,0.23,0.48,0.38,0.37,0.35,0.06,0,0,8.78,8.79,8.78,8.79,8.85,8.78,8.95,9,8.92,9.3,9.35,9.25,9.22,9.27,9.14,8.88,8.89,8.88,8.75,8.77,8.72,8.78,8.78,8.77,6230,0
2025-03-16 02:00:00,0.24,0.5,0.36,0.38,0.32,0.07,0,0,8.91,9.03,8.78,8.94,9.05,8.87,9.08,9.2,9.01,9.46,9.57,9.35,9.41,9.49,9.34,9.04,9.16,8.89,8.89,9.01,8.77,8.92,9.08,8.78,6230,0
2025-03-16 01:00:00,0.23,0.49,0.37,0.36,0.31,0.05,0,0,9.03,9.09,9,9.05,9.12,9.01,9.21,9.25,9.16,9.6,9.63,9.57,9.52,9.6,9.49,9.14,9.18,9.12,8.99,9.05,8.92,9.04,9.12,8.96,6232,0
2025-03-16 00:00:00,0.23,0.49,0.37,0.32,0.31,0.06,0,0,9.05,9.22,8.99,9.11,9.28,9.01,9.3,9.47,9.18,9.83,10.04,9.68,9.83,10.08,9.6,9.3,9.54,9.12,9.05,9.24,8.93,9.07,9.25,8.97,6223,0
2025-03-15 23:00:00,0.22,0.48,0.34,0.32,0.32,0.05,0,0,9.53,9.72,9.27,9.59,9.84,9.37,9.78,9.97,9.51,10.31,10.55,10.07,10.31,10.56,10.08,9.83,10.06,9.59,9.59,9.84,9.33,9.62,9.84,9.37,6232,0
2025-03-15 22:00:00,0.23,0.44,0.32,0.33,0.3,0.05,0,0,10.07,10.34,9.81,10.13,10.42,9.84,10.32,10.64,10.08,10.82,11.04,10.55,10.81,11.06,10.56,10.4,10.66,10.14,10.17,10.47,9.88,10.2,10.51,9.89,6234,0
2025-03-15 21:00:00,0.22,0.49,0.34,0.39,0.33,0.04,0,0,10.58,10.79,10.41,10.64,10.91,10.43,10.85,11.13,10.67,11.36,11.67,11.13,11.39,11.71,11.15,10.96,11.25,10.73,10.76,11.02,10.55,10.76,11.02,10.55,6234,0
2025-03-15 20:00:00,0.24,0.5,0.4,0.39,0.37,0.12,0,0,11.25,11.67,10.91,11.33,11.74,10.93,11.54,11.97,11.14,12.13,12.54,11.73,12.15,12.57,11.74,11.72,12.19,11.31,11.5,11.96,11.11,11.48,11.97,11.05,6237,0
2025-03-15 19:00:00,0.34,0.54,0.43,0.4,0.33,0.13,0,0,12.36,12.9,11.77,12.4,12.84,11.85,12.58,13.03,12.09,12.94,13.27,12.57,12.98,13.28,12.65,12.85,13.38,12.31,12.72,13.27,12.08,12.73,13.34,12.09,6237,0
2025-03-15 18:00:00,0.31,0.52,0.44,0.43,0.35,0.14,0.02,0.03,13.47,14.05,12.92,13.39,13.86,12.92,13.5,13.98,13.07,13.6,13.85,13.3,13.61,13.82,13.38,13.91,14.44,13.43,13.95,14.58,13.38,14.02,14.69,13.41,6239,0
2025-03-15 17:00:00,0.33,0.54,0.47,0.43,0.37,0.13,0.04,0.09,14.16,14.34,13.82,13.94,14.1,13.65,13.98,14.1,13.74,13.76,13.86,13.66,13.73,13.83,13.65,14.49,14.68,14.2,14.82,15.04,14.42,14.86,15.04,14.45,6239,795
2025-03-15 16:00:00,0.32,0.6,0.48,0.48,0.35,0.13,0.04,0.05,14.74,15.4,13.91,14.43,14.93,13.77,14.36,14.75,13.85,13.9,13.98,13.74,13.8,13.88,13.61,14.96,15.43,14.32,15.45,16.2,14.54,15.52,16.35,14.57,6239,1319
2025-03-15 15:00:00,0.31,0.57,0.47,0.5,0.35,0.13,0.03,0.05,14.63,15.28,14.1,14.14,14.76,13.62,13.97,14.57,13.49,13.15,13.63,12.69,12.99,13.51,12.57,14.58,15.25,14.07,15.36,16.03,14.81,15.44,16.12,14.88,6237,1977
2025-03-15 14:00:00,0.3,0.54,0.45,0.47,0.39,0.12,0.02,0.04,13.4,13.96,13.03,13.09,13.5,12.8,12.99,13.36,12.77,12.47,12.62,12.4,12.31,12.46,12.22,13.47,13.9,13.16,14.03,14.68,13.62,14.09,14.69,13.63,6234,1879
2025-03-15 13:00:00,0.3,0.57,0.47,0.51,0.36,0.12,0.04,0.08,13.73,14.12,13.03,13.15,13.57,12.41,12.9,13.28,12.2,11.84,12.42,11.12,11.59,12.21,10.84,13.52,13.97,12.78,14.46,14.93,13.63,14.51,15.02,13.71,6234,1225
2025-03-15 12:00:00,0.31,0.58,0.41,0.45,0.34,0.09,0,0.02,12.18,12.92,11.38,11.51,12.32,10.67,11.32,12.09,10.45,10.22,10.98,9.47,10,10.68,9.25,11.86,12.67,11,12.8,13.61,11.87,12.78,13.63,11.84,6232,1697
2025-03-15 11:00:00,0.22,0.6,0.37,0.47,0.35,0.03,0,0,10.42,11.16,9.6,9.75,10.51,8.92,9.55,10.31,8.77,8.6,9.35,7.83,8.46,9.14,7.72,9.94,10.77,9.01,10.74,11.73,9.68,10.71,11.62,9.79,6232,1887
2025-03-15 10:00:00,0.26,0.65,0.37,0.44,0.34,0.04,0,0.04,7.98,9.37,6.77,7.51,8.68,6.53,7.44,8.54,6.54,6.92,7.71,6.38,6.77,7.6,6.19,7.54,8.76,6.61,7.96,9.38,6.76,8.09,9.52,6.88,6228,3076
2025-03-15 09:00:00,0.25,0.64,0.37,0.38,0.32,0.03,0,0.01,6.19,6.68,5.79,6.05,6.43,5.7,6.12,6.51,5.82,6.03,6.29,5.81,5.85,6.17,5.59,6.04,6.52,5.64,6.13,6.67,5.69,6.19,6.77,5.72,6228,1906
2025-03-15 08:00:00,0.18,0.72,0.43,0.35,0.3,0,0,0,5.3,5.7,4.94,5.29,5.61,4.98,5.43,5.79,5.12,5.48,5.74,5.31,5.29,5.58,5.12,5.16,5.57,4.81,5.11,5.58,4.63,5.19,5.68,4.69,6228,1280
2025-03-15 07:00:00,0.17,0.85,0.44,0.33,0.29,0.02,0,0,4.69,4.88,4.46,4.72,4.88,4.52,4.91,5.12,4.75,5.24,5.27,5.23,5.07,5.12,5.03,4.59,4.75,4.39,4.38,4.6,4.15,4.41,4.64,4.16,6228,102
2025-03-15 06:00:00,0.17,0.67,0.44,0.33,0.3,0.03,0,0,4.54,4.76,4.4,4.65,4.87,4.52,4.85,5.12,4.69,5.48,5.73,5.25,5.36,5.61,5.12,4.56,4.86,4.39,4.21,4.51,4.04,4.22,4.52,4.05,6228,0
2025-03-15 05:00:00,0.16,0.55,0.4,0.35,0.31,0.01,0,0,5.17,5.49,4.86,5.29,5.58,4.96,5.46,5.71,5.14,6.01,6.17,5.82,5.88,6.05,5.7,5.19,5.45,4.86,4.87,5.22,4.51,4.91,5.23,4.54,6230,0
2025-03-15 04:00:00,0.17,0.5,0.39,0.35,0.32,0,0,0,5.64,5.69,5.58,5.7,5.71,5.66,5.83,5.85,5.82,6.25,6.29,6.17,6.08,6.16,6.06,5.58,5.62,5.53,5.33,5.35,5.22,5.35,5.38,5.26,6230,0
2025-03-15 03:00:00,0.18,0.5,0.38,0.35,0.32,0.01,0,0,5.62,5.66,5.61,5.7,5.7,5.7,5.86,5.94,5.82,6.37,6.53,6.29,6.25,6.4,6.17,5.6,5.67,5.57,5.34,5.34,5.33,5.35,5.35,5.35,6232,0
2025-03-15 02:00:00,0.18,0.48,0.35,0.38,0.35,0.03,0,0,5.79,5.94,5.7,5.86,6,5.7,6.07,6.18,5.94,6.71,6.9,6.53,6.62,6.88,6.42,5.79,5.96,5.69,5.46,5.6,5.34,5.48,5.63,5.35,6232,0
2025-03-15 01:00:00,0.24,0.47,0.34,0.38,0.35,0.03,0,0,6.17,6.46,5.94,6.27,6.57,6.06,6.49,6.88,6.25,7.28,7.61,6.99,7.23,7.6,6.89,6.25,6.61,6.03,5.88,6.17,5.68,5.9,6.2,5.69,6234,0
2025-03-15 00:00:00,0.27,0.5,0.36,0.37,0.34,0.04,0,0,6.9,7.31,6.53,7.02,7.41,6.65,7.25,7.61,6.88,8.07,8.46,7.71,8.04,8.43,7.66,7.01,7.46,6.63,6.63,7.01,6.29,6.66,7.05,6.29,6228,0
2025-03-14 23:00:00,0.29,0.46,0.35,0.39,0.34,0.05,0,0,7.83,8.3,7.36,7.93,8.41,7.48,8.17,8.62,7.71,8.97,9.37,8.54,8.94,9.37,8.55,7.96,8.41,7.49,7.62,8.1,7.12,7.63,8.16,7.12,6237,0
2025-03-14 22:00:00,0.23,0.49,0.35,0.38,0.33,0.06,0,0,8.91,9.43,8.42,9,9.49,8.53,9.21,9.7,8.74,9.85,10.18,9.47,9.8,10.1,9.47,9.08,9.59,8.53,8.8,9.35,8.25,8.82,9.38,8.22,6239,0
2025-03-14 21:00:00,0.21,0.48,0.33,0.37,0.34,0.06,0,0,9.74,9.95,9.49,9.79,9.97,9.58,9.97,10.17,9.72,10.46,10.67,10.22,10.4,10.67,10.18,9.92,10.14,9.64,9.73,9.95,9.47,9.76,9.96,9.49,6239,0
2025-03-14 20:00:00,0.24,0.44,0.34,0.4,0.33,0.05,0,0,10.22,10.59,9.96,10.27,10.67,9.99,10.46,10.83,10.18,11.02,11.38,10.72,10.99,11.3,10.67,10.47,10.89,10.18,10.25,10.66,9.95,10.28,10.69,9.96,6239,0
2025-03-14 19:00:00,0.23,0.52,0.4,0.47,0.37,0.08,0,0,11.14,11.5,10.7,11.14,11.5,10.78,11.27,11.61,10.9,11.66,11.87,11.39,11.63,11.86,11.38,11.36,11.73,10.91,11.29,11.73,10.78,11.32,11.8,10.79,6241,0
2025-03-14 18:00:00,0.33,0.55,0.44,0.49,0.4,0.14,0,0.01,12,12.32,11.61,11.88,12.11,11.56,11.93,12.13,11.65,12.06,12.16,11.95,12.03,12.09,11.88,12.16,12.43,11.83,12.28,12.67,11.85,12.33,12.69,11.85,6241,275
2025-03-14 17:00:00,0.35,0.55,0.45,0.47,0.4,0.16,0,0,12,12.32,11.78,11.83,12.12,11.63,11.91,12.11,11.77,12.1,12.2,12.08,12.07,12.21,11.99,12.15,12.43,11.96,12.31,12.67,12.08,12.36,12.7,12.09,6243,823
2025-03-14 16:00:00,0.33,0.54,0.45,0.47,0.38,0.15,0,0.01,12.03,12.7,11.73,11.94,12.6,11.61,12.05,12.68,11.77,12.62,13.15,12.2,12.7,13.27,12.24,12.36,13.02,12.05,12.38,13.15,12.06,12.4,13.15,12.09,6243,1804
2025-03-14 15:00:00,0.31,0.56,0.48,0.54,0.38,0.13,0.02,0.05,14.28,15.09,13.02,13.96,14.57,12.9,13.81,14.21,12.89,13.51,13.62,13.27,13.45,13.54,13.28,14.36,14.91,13.33,14.88,15.87,13.5,14.95,15.95,13.51,6243,287
2025-03-14 14:00:00,0.33,0.58,0.48,0.55,0.39,0.13,0.01,0.02,14.04,15.28,12.32,13.49,14.67,11.98,13.26,14.3,11.97,12.48,13.28,11.77,12.34,13.16,11.72,13.78,14.94,12.31,14.68,16.04,12.71,14.78,16.12,12.8,6239,1697
2025-03-14 13:00:00,0.35,0.55,0.46,0.54,0.39,0.16,0,0,12.22,12.55,11.87,11.97,12.21,11.73,11.91,12.09,11.73,11.69,11.77,11.49,11.58,11.69,11.37,12.15,12.41,11.96,12.54,12.91,12.2,12.63,13.03,12.24,6239,2056
2025-03-14 12:00:00,0.28,0.52,0.41,0.47,0.35,0.09,0,0,11.64,12.2,11.26,11.35,11.85,11.01,11.31,11.75,10.91,11.05,11.4,10.7,10.91,11.27,10.56,11.47,11.96,11.1,11.85,12.44,11.4,11.96,12.56,11.5,6239,2080
2025-03-14 11:00:00,0.22,0.48,0.36,0.43,0.37,0.05,0,0,10.53,11.22,10.22,10.38,10.91,10.2,10.41,10.9,10.2,10.41,10.67,10.31,10.29,10.52,10.2,10.49,11.01,10.3,10.67,11.37,10.38,10.74,11.5,10.43,6241,2056
2025-03-14 10:00:00,0.25,0.47,0.36,0.41,0.34,0.05,0,0,10.35,10.43,10.2,10.24,10.32,10.08,10.27,10.36,10.1,10.25,10.35,10.07,10.12,10.24,9.96,10.34,10.43,10.18,10.48,10.61,10.31,10.55,10.67,10.31,6241,776
2025-03-14 09:00:00,0.22,0.48,0.35,0.43,0.35,0.05,0,0,9.91,10.18,9.64,9.84,10.08,9.6,9.89,10.08,9.71,9.96,10.07,9.84,9.84,9.96,9.72,9.9,10.13,9.7,9.98,10.29,9.72,10.03,10.31,9.72,6241,650
2025-03-14 08:00:00,0.22,0.49,0.38,0.43,0.35,0.05,0,0,9.54,9.6,9.49,9.53,9.6,9.49,9.62,9.68,9.6,9.85,9.89,9.84,9.73,9.78,9.72,9.61,9.68,9.59,9.56,9.66,9.47,9.61,9.72,9.57,6241,342
2025-03-14 07:00:00,0.22,0.49,0.34,0.4,0.34,0.05,0,0,9.56,9.6,9.49,9.58,9.6,9.5,9.67,9.72,9.6,9.94,9.96,9.88,9.84,9.87,9.8,9.64,9.71,9.59,9.57,9.6,9.5,9.61,9.64,9.6,6241,0
2025-03-14 06:00:00,0.22,0.49,0.35,0.44,0.34,0.05,0,0,9.65,9.72,9.6,9.68,9.72,9.6,9.8,9.84,9.72,10.05,10.07,9.97,9.94,9.99,9.89,9.74,9.81,9.71,9.68,9.72,9.6,9.71,9.72,9.67,6243,0
2025-03-14 05:00:00,0.22,0.49,0.36,0.41,0.33,0.06,0,0,9.75,9.84,9.72,9.76,9.84,9.72,9.88,9.96,9.84,10.17,10.3,10.08,10.08,10.18,9.99,9.85,9.93,9.81,9.76,9.84,9.72,9.78,9.84,9.72,6243,0
2025-03-14 04:00:00,0.23,0.46,0.34,0.4,0.36,0.06,0,0,9.99,10.08,9.85,9.99,10.1,9.85,10.09,10.22,9.96,10.4,10.51,10.31,10.31,10.44,10.2,10.08,10.2,9.95,10.02,10.18,9.84,10.06,10.2,9.89,6243,0
2025-03-14 03:00:00,0.25,0.47,0.35,0.41,0.33,0.05,0,0,10.23,10.31,10.13,10.23,10.31,10.16,10.32,10.43,10.24,10.59,10.67,10.55,10.5,10.56,10.44,10.34,10.42,10.24,10.27,10.35,10.18,10.32,10.43,10.2,6243,0
2025-03-14 02:00:00,0.23,0.48,0.36,0.41,0.34,0.05,0,0,10.31,10.32,10.31,10.31,10.33,10.31,10.43,10.43,10.42,10.68,10.75,10.67,10.6,10.67,10.56,10.42,10.43,10.42,10.35,10.39,10.33,10.42,10.43,10.41,6243,0
2025-03-14 01:00:00,0.23,0.45,0.37,0.41,0.34,0.04,0,0,10.38,10.44,10.32,10.4,10.49,10.34,10.52,10.66,10.43,10.83,10.9,10.78,10.74,10.85,10.67,10.52,10.65,10.46,10.45,10.55,10.42,10.47,10.55,10.43,6243,0
2025-03-14 00:00:00,0.21,0.52,0.37,0.44,0.35,0.05,0,0,10.67,10.83,10.51,10.68,10.79,10.51,10.8,10.91,10.67,11.06,11.21,10.92,11,11.15,10.91,10.82,11.01,10.66,10.75,10.91,10.55,10.79,11.02,10.57,6239,0
2025-03-13 23:00:00,0.22,0.5,0.38,0.47,0.35,0.06,0,0,10.97,11.03,10.87,10.97,11.02,10.88,11.07,11.14,10.91,11.31,11.38,11.24,11.23,11.28,11.15,11.12,11.25,11.01,11.09,11.14,10.98,11.12,11.2,11.02,6246,0
2025-03-13 22:00:00,0.23,0.5,0.43,0.5,0.36,0.07,0,0,11.12,11.21,11.02,11.12,11.2,11.02,11.23,11.32,11.14,11.45,11.49,11.38,11.37,11.41,11.29,11.31,11.37,11.25,11.28,11.36,11.19,11.3,11.39,11.23,6246,0
2025-03-13 21:00:00,0.23,0.52,0.41,0.47,0.36,0.09,0,0,11.28,11.38,11.25,11.28,11.38,11.25,11.39,11.49,11.3,11.56,11.61,11.49,11.49,11.51,11.44,11.45,11.48,11.37,11.42,11.49,11.37,11.47,11.52,11.38,6246,0
2025-03-13 20:00:00,0.26,0.55,0.42,0.48,0.37,0.1,0,0,11.34,11.38,11.26,11.34,11.38,11.26,11.45,11.49,11.38,11.61,11.61,11.61,11.54,11.61,11.5,11.48,11.52,11.4,11.45,11.49,11.37,11.52,11.59,11.38,6248,0
2025-03-13 19:00:00,0.23,0.52,0.41,0.5,0.39,0.11,0,0,11.34,11.73,11.16,11.35,11.73,11.2,11.48,11.84,11.36,11.83,12.08,11.62,11.8,12.01,11.62,11.54,11.92,11.37,11.46,11.85,11.28,11.5,11.91,11.33,6248,0
2025-03-13 18:00:00,0.36,0.52,0.46,0.51,0.41,0.19,0.01,0,11.93,11.97,11.79,11.91,11.97,11.75,11.99,12.05,11.86,12.15,12.2,12.08,12.1,12.17,12.07,12.13,12.19,11.96,12.14,12.21,11.96,12.2,12.32,12,6248,0
2025-03-13 17:00:00,0.34,0.53,0.46,0.48,0.41,0.16,0,0,12.25,12.68,11.97,12.2,12.56,11.96,12.26,12.56,12.04,12.34,12.44,12.2,12.29,12.34,12.21,12.42,12.78,12.19,12.51,13,12.2,12.57,13.03,12.23,6248,811
2025-03-13 16:00:00,0.31,0.54,0.46,0.51,0.41,0.12,0,0,12.76,12.92,12.56,12.53,12.68,12.21,12.49,12.67,12.2,12.19,12.44,11.85,12.07,12.33,11.74,12.7,12.85,12.41,13.08,13.25,12.88,13.16,13.27,12.95,6248,1142
2025-03-13 15:00:00,0.27,0.53,0.42,0.5,0.37,0.11,0,0,11.55,12.32,11.26,11.44,12.03,11.25,11.5,11.97,11.34,11.58,11.73,11.5,11.53,11.62,11.49,11.64,12.22,11.46,11.79,12.67,11.48,11.83,12.72,11.5,6248,1954
2025-03-13 14:00:00,0.28,0.53,0.43,0.52,0.39,0.11,0,0,11.64,11.74,11.38,11.56,11.67,11.37,11.65,11.73,11.43,11.77,11.83,11.68,11.71,11.74,11.62,11.77,11.85,11.51,11.85,11.96,11.58,11.9,12.04,11.62,6248,563
2025-03-13 13:00:00,0.33,0.54,0.45,0.54,0.39,0.15,0,0.01,11.83,12.01,11.73,11.74,11.94,11.61,11.79,11.95,11.73,11.86,11.92,11.85,11.78,11.86,11.74,11.93,12.07,11.84,12.07,12.31,11.96,12.1,12.32,11.97,6248,1252
2025-03-13 12:00:00,0.33,0.56,0.47,0.52,0.38,0.14,0,0,12.41,12.67,12.09,12.16,12.32,11.85,12.08,12.2,11.78,11.77,11.97,11.38,11.64,11.86,11.27,12.29,12.43,12.01,12.71,12.95,12.34,12.81,13.04,12.44,6248,827
2025-03-13 11:00:00,0.24,0.5,0.39,0.46,0.35,0.08,0,0,11.37,11.97,11.17,11.18,11.63,11.02,11.19,11.61,11.02,11.07,11.26,10.9,10.97,11.15,10.79,11.32,11.84,11.14,11.58,12.32,11.37,11.67,12.44,11.47,6248,2052
2025-03-13 10:00:00,0.23,0.5,0.38,0.43,0.34,0.05,0,0,10.68,11.06,10.4,10.58,10.91,10.34,10.66,10.9,10.43,10.73,10.89,10.67,10.63,10.79,10.56,10.72,11.01,10.53,10.81,11.26,10.47,10.88,11.36,10.55,6248,3139
2025-03-13 09:00:00,0.25,0.45,0.38,0.41,0.32,0.03,0,0,10.43,10.43,10.4,10.41,10.43,10.37,10.45,10.48,10.43,10.65,10.67,10.62,10.56,10.56,10.54,10.52,10.54,10.51,10.48,10.51,10.43,10.55,10.55,10.54,6248,0
2025-03-13 08:00:00,0.23,0.48,0.38,0.42,0.33,0.05,0,0,10.35,10.43,10.29,10.31,10.37,10.26,10.4,10.43,10.34,10.55,10.6,10.55,10.46,10.54,10.44,10.42,10.5,10.35,10.39,10.46,10.31,10.46,10.55,10.34,6250,0
2025-03-13 07:00:00,0.23,0.47,0.37,0.41,0.35,0.07,0,0,10.27,10.31,10.25,10.26,10.31,10.24,10.35,10.41,10.32,10.55,10.55,10.55,10.44,10.47,10.44,10.35,10.38,10.32,10.31,10.32,10.31,10.34,10.38,10.31,6250,0
2025-03-13 06:00:00,0.23,0.48,0.35,0.42,0.32,0.05,0,0,10.31,10.31,10.31,10.31,10.31,10.29,10.4,10.43,10.36,10.59,10.64,10.55,10.52,10.56,10.48,10.41,10.42,10.39,10.36,10.41,10.32,10.42,10.43,10.4,6250,0
2025-03-13 05:00:00,0.23,0.49,0.36,0.4,0.32,0.05,0,0,10.31,10.34,10.31,10.31,10.31,10.31,10.43,10.43,10.42,10.66,10.67,10.64,10.56,10.56,10.55,10.42,10.42,10.42,10.42,10.43,10.39,10.43,10.43,10.43,6250,0
2025-03-13 04:00:00,0.22,0.47,0.37,0.4,0.34,0.05,0,0,10.35,10.42,10.31,10.35,10.42,10.31,10.44,10.47,10.43,10.67,10.69,10.67,10.59,10.64,10.56,10.45,10.52,10.42,10.43,10.43,10.43,10.44,10.49,10.43,6250,0
2025-03-13 03:00:00,0.25,0.44,0.38,0.4,0.32,0.04,0,0,10.43,10.43,10.43,10.43,10.43,10.42,10.53,10.55,10.5,10.72,10.77,10.68,10.67,10.67,10.66,10.54,10.54,10.52,10.46,10.49,10.44,10.54,10.55,10.54,6250,0
2025-03-13 02:00:00,0.25,0.44,0.39,0.4,0.33,0.04,0,0,10.43,10.43,10.43,10.43,10.43,10.43,10.54,10.55,10.53,10.77,10.78,10.75,10.67,10.67,10.67,10.54,10.54,10.54,10.5,10.52,10.49,10.55,10.55,10.55,6252,0
2025-03-13 01:00:00,0.25,0.45,0.39,0.4,0.33,0.05,0,0,10.43,10.44,10.43,10.43,10.44,10.43,10.55,10.56,10.55,10.8,10.84,10.78,10.73,10.79,10.67,10.54,10.54,10.54,10.5,10.54,10.47,10.55,10.55,10.55,6252,0
2025-03-13 00:00:00,0.25,0.44,0.35,0.41,0.34,0.06,0,0,10.46,10.52,10.43,10.47,10.54,10.43,10.62,10.67,10.56,10.9,10.95,10.87,10.83,10.91,10.79,10.6,10.66,10.54,10.55,10.56,10.52,10.57,10.62,10.55,6248,0
2025-03-12 23:00:00,0.23,0.48,0.37,0.41,0.34,0.05,0,0,10.58,10.64,10.55,10.59,10.67,10.55,10.74,10.79,10.67,11.05,11.13,11,11,11.14,10.91,10.74,10.8,10.66,10.65,10.7,10.57,10.69,10.79,10.65,6252,0
2025-03-12 22:00:00,0.23,0.57,0.38,0.44,0.35,0.05,0,0,10.74,10.85,10.64,10.76,10.87,10.67,10.88,11.01,10.79,11.26,11.38,11.14,11.24,11.38,11.14,10.95,11.04,10.85,10.83,10.92,10.72,10.87,10.99,10.79,6252,0
2025-03-12 21:00:00,0.23,0.5,0.39,0.47,0.36,0.06,0,0,10.97,11.02,10.89,10.97,11.03,10.9,11.12,11.26,11.02,11.51,11.63,11.38,11.48,11.62,11.38,11.19,11.25,11.1,11.05,11.14,10.94,11.07,11.14,11.02,6254,0
2025-03-12 20:00:00,0.23,0.5,0.42,0.46,0.38,0.09,0,0,11.18,11.33,11.02,11.2,11.38,11.06,11.37,11.5,11.26,11.82,11.97,11.66,11.78,11.97,11.62,11.43,11.6,11.25,11.28,11.44,11.14,11.29,11.48,11.14,6254,0
2025-03-12 19:00:00,0.29,0.53,0.45,0.44,0.4,0.14,0,0,11.6,11.94,11.38,11.64,11.97,11.38,11.82,12.09,11.6,12.29,12.56,12.07,12.25,12.54,11.99,11.89,12.21,11.6,11.75,12.1,11.49,11.77,12.15,11.5,6257,0
2025-03-12 18:00:00,0.33,0.54,0.45,0.46,0.36,0.14,0,0,12.46,12.92,11.97,12.46,12.92,12.05,12.58,12.94,12.2,12.84,13.03,12.58,12.81,13.04,12.57,12.76,13.26,12.31,12.77,13.37,12.2,12.78,13.39,12.21,6257,0
2025-03-12 17:00:00,0.31,0.53,0.46,0.47,0.35,0.14,0,0.01,13.32,13.62,13.03,13.2,13.39,12.94,13.22,13.39,13.03,13.15,13.2,13.05,13.12,13.16,13.04,13.52,13.73,13.27,13.76,14.09,13.42,13.81,14.1,13.51,6257,200
2025-03-12 16:00:00,0.34,0.53,0.47,0.48,0.37,0.12,0,0.01,13.51,13.62,13.26,13.28,13.39,13.03,13.26,13.39,13.03,13.04,13.16,12.91,12.97,13.11,12.83,13.62,13.73,13.38,13.99,14.09,13.71,14.05,14.17,13.74,6257,1351
2025-03-12 15:00:00,0.3,0.52,0.46,0.49,0.37,0.14,0.01,0.02,13.39,13.75,13.15,13.19,13.47,12.99,13.16,13.36,13.03,12.91,12.94,12.91,12.86,12.92,12.8,13.52,13.73,13.37,13.89,14.33,13.62,13.95,14.36,13.63,6257,1820
2025-03-12 14:00:00,0.29,0.53,0.46,0.5,0.39,0.12,0.02,0.03,13.59,13.76,13.3,13.25,13.5,12.93,13.1,13.36,12.8,12.56,12.88,12.23,12.44,12.76,12.09,13.52,13.74,13.21,14.16,14.33,13.85,14.24,14.45,13.9,6254,1879
2025-03-12 13:00:00,0.3,0.53,0.47,0.51,0.38,0.13,0,0.01,13.07,13.39,12.68,12.62,12.94,12.21,12.42,12.8,11.97,11.72,12.2,11.21,11.57,12.09,11.01,12.81,13.18,12.33,13.55,13.92,13.15,13.66,14.02,13.27,6254,1918
2025-03-12 12:00:00,0.27,0.52,0.39,0.44,0.34,0.08,0,0,11.47,12.56,10.24,11.08,12.09,10.07,10.95,11.85,10.05,10.42,11.04,9.87,10.24,10.83,9.72,11.21,12.24,10.18,11.81,13.04,10.43,11.92,13.15,10.54,6252,2056
2025-03-12 11:00:00,0.22,0.48,0.36,0.42,0.36,0.05,0,0,9.77,10.08,9.49,9.66,9.96,9.46,9.69,9.96,9.47,9.68,9.84,9.55,9.54,9.72,9.41,9.74,10.04,9.47,9.89,10.27,9.6,9.95,10.31,9.62,6252,2024
2025-03-12 10:00:00,0.23,0.49,0.39,0.45,0.35,0.06,0,0,9.31,9.49,9.25,9.27,9.37,9.22,9.33,9.47,9.26,9.47,9.51,9.46,9.35,9.38,9.28,9.32,9.47,9.24,9.33,9.52,9.24,9.39,9.6,9.26,6252,827
2025-03-12 09:00:00,0.24,0.53,0.36,0.44,0.36,0.06,0,0,9.16,9.25,9.13,9.14,9.22,9.12,9.23,9.25,9.18,9.37,9.42,9.35,9.26,9.28,9.25,9.16,9.24,9.12,9.17,9.24,9.13,9.19,9.25,9.13,6254,86
2025-03-12 08:00:00,0.24,0.53,0.37,0.44,0.35,0.06,0,0,9.13,9.13,9.12,9.12,9.13,9.09,9.19,9.25,9.14,9.43,9.47,9.35,9.33,9.37,9.25,9.13,9.18,9.12,9.11,9.13,9.09,9.13,9.14,9.13,6254,70
2025-03-12 07:00:00,0.22,0.49,0.37,0.41,0.36,0.06,0,0,9.2,9.25,9.13,9.2,9.25,9.13,9.28,9.34,9.25,9.52,9.59,9.47,9.42,9.49,9.37,9.24,9.28,9.2,9.21,9.24,9.13,9.23,9.25,9.18,6254,0
2025-03-12 06:00:00,0.22,0.48,0.39,0.41,0.34,0.07,0,0,9.25,9.25,9.25,9.25,9.25,9.25,9.36,9.37,9.34,9.6,9.6,9.59,9.49,9.5,9.47,9.29,9.35,9.25,9.24,9.24,9.24,9.25,9.25,9.25,6254,0
2025-03-12 05:00:00,0.23,0.49,0.41,0.4,0.35,0.04,0,0,9.25,9.28,9.25,9.26,9.31,9.25,9.37,9.41,9.37,9.67,9.72,9.6,9.57,9.64,9.5,9.35,9.35,9.34,9.24,9.24,9.24,9.25,9.26,9.25,6254,0
2025-03-12 04:00:00,0.22,0.5,0.37,0.4,0.34,0.05,0,0,9.39,9.49,9.29,9.42,9.54,9.34,9.52,9.62,9.42,9.85,9.96,9.72,9.77,9.85,9.68,9.48,9.59,9.35,9.35,9.47,9.24,9.38,9.53,9.25,6254,0
2025-03-12 03:00:00,0.22,0.49,0.33,0.39,0.34,0.05,0,0,9.59,9.63,9.53,9.61,9.66,9.57,9.72,9.77,9.71,9.96,9.96,9.96,9.85,9.85,9.85,9.68,9.71,9.6,9.58,9.62,9.5,9.63,9.71,9.6,6254,0
2025-03-12 02:00:00,0.21,0.49,0.33,0.39,0.34,0.04,0,0,9.53,9.6,9.47,9.54,9.6,9.49,9.68,9.72,9.62,9.99,10.07,9.96,9.9,9.96,9.85,9.6,9.64,9.59,9.46,9.53,9.39,9.51,9.6,9.43,6254,0
2025-03-12 01:00:00,0.21,0.47,0.34,0.39,0.32,0.04,0,0,9.57,9.67,9.49,9.63,9.72,9.55,9.77,9.84,9.71,10.17,10.3,10.07,10.12,10.24,9.99,9.73,9.85,9.59,9.54,9.68,9.43,9.57,9.7,9.47,6257,0
2025-03-12 00:00:00,0.21,0.48,0.34,0.37,0.33,0.06,0,0,9.79,9.97,9.67,9.85,10.08,9.72,10,10.21,9.85,10.5,10.72,10.31,10.48,10.68,10.3,10,10.18,9.85,9.79,9.95,9.71,9.8,9.97,9.72,6252,0
2025-03-11 23:00:00,0.23,0.44,0.35,0.4,0.34,0.05,0,0,10.28,10.43,10.08,10.35,10.54,10.16,10.5,10.67,10.31,10.97,11.24,10.78,10.95,11.16,10.75,10.51,10.66,10.3,10.31,10.43,10.07,10.33,10.48,10.08,6259,0
2025-03-11 22:00:00,0.23,0.5,0.37,0.45,0.36,0.05,0,0,10.71,10.91,10.44,10.78,11.02,10.55,10.96,11.15,10.73,11.49,11.73,11.26,11.48,11.74,11.24,10.93,11.17,10.7,10.7,10.91,10.5,10.73,10.93,10.55,6261,0
2025-03-11 21:00:00,0.24,0.51,0.42,0.47,0.38,0.1,0,0,11.24,11.61,11.01,11.31,11.63,11.02,11.49,11.83,11.25,12.02,12.31,11.74,12.02,12.31,11.75,11.53,11.85,11.25,11.31,11.72,11.02,11.32,11.73,11.02,6261,0
2025-03-11 20:00:00,0.33,0.55,0.47,0.46,0.38,0.16,0,0.01,11.96,12.24,11.64,12,12.26,11.73,12.14,12.4,11.85,12.53,12.71,12.32,12.51,12.68,12.33,12.22,12.46,11.96,12.11,12.44,11.77,12.15,12.44,11.83,6261,0
2025-03-11 19:00:00,0.33,0.53,0.46,0.45,0.37,0.12,0,0,12.59,12.92,12.32,12.57,12.8,12.32,12.66,12.85,12.44,12.85,12.91,12.73,12.78,12.82,12.68,12.77,13.02,12.55,12.79,13.15,12.44,12.84,13.15,12.52,6263,0
2025-03-11 18:00:00,0.32,0.55,0.45,0.47,0.36,0.12,0,0,12.81,12.98,12.49,12.67,12.84,12.38,12.74,12.91,12.48,12.78,12.91,12.68,12.72,12.81,12.63,12.9,13.02,12.66,13.08,13.26,12.75,13.13,13.27,12.8,6263,196
2025-03-11 17:00:00,0.34,0.58,0.45,0.47,0.37,0.14,0.01,0,12.21,12.44,12.08,12.2,12.45,12.09,12.36,12.65,12.22,12.84,13.15,12.68,12.82,13.16,12.6,12.44,12.72,12.31,12.37,12.64,12.2,12.39,12.68,12.21,6263,768
2025-03-11 16:00:00,0.31,0.52,0.46,0.47,0.37,0.15,0,0,12.96,13.22,12.56,12.96,13.17,12.56,13.09,13.31,12.68,13.48,13.67,13.23,13.47,13.64,13.26,13.22,13.49,12.84,13.16,13.44,12.72,13.19,13.48,12.76,6266,63
2025-03-11 15:00:00,0.31,0.55,0.45,0.48,0.4,0.14,0,0.01,13.48,13.86,13.26,13.44,13.74,13.23,13.57,13.85,13.38,13.91,14.15,13.74,13.94,14.22,13.74,13.76,14.08,13.49,13.78,14.17,13.5,13.8,14.2,13.51,6266,55
2025-03-11 14:00:00,0.31,0.55,0.48,0.5,0.43,0.15,0.03,0.03,14.07,14.19,13.88,13.96,14.03,13.86,14.08,14.18,13.95,14.34,14.55,14.21,14.38,14.58,14.22,14.37,14.44,14.2,14.45,14.57,14.23,14.5,14.58,14.33,6266,799
2025-03-11 13:00:00,0.32,0.64,0.5,0.52,0.42,0.13,0.02,0.04,14.99,15.64,14.22,14.83,15.38,14.11,14.88,15.37,14.21,14.84,15.03,14.57,14.83,14.93,14.63,15.24,15.74,14.56,15.45,16.2,14.57,15.51,16.26,14.63,6266,1339
2025-03-11 12:00:00,0.33,0.64,0.51,0.54,0.43,0.13,0.03,0.03,15.08,15.72,14.33,14.77,15.38,14.06,14.76,15.31,14.1,14.32,14.8,13.86,14.24,14.69,13.87,15.11,15.74,14.35,15.56,16.2,14.69,15.68,16.35,14.81,6266,1914
2025-03-11 11:00:00,0.31,0.56,0.48,0.51,0.4,0.16,0.02,0.05,14.11,14.81,13.74,13.91,14.47,13.62,13.92,14.44,13.64,13.9,14.04,13.77,13.9,13.98,13.79,14.19,14.68,13.88,14.43,15.16,14.08,14.51,15.21,14.1,6266,2064
2025-03-11 10:00:00,0.3,0.6,0.49,0.54,0.39,0.14,0.01,0.04,15.04,15.27,14.92,14.25,14.7,13.82,14.07,14.57,13.62,13.38,13.98,12.68,13.18,13.87,12.34,14.07,14.81,13.14,14.87,15.4,14.34,15.02,15.55,14.57,6266,1977
2025-03-11 09:00:00,0.28,0.55,0.45,0.52,0.41,0.16,0,0,13.47,15.66,12.63,12.7,13.74,12.4,12.6,13.62,12.29,12.07,12.55,11.66,11.81,12.22,11.39,12.25,12.94,11.84,12.86,14.68,12.05,12.99,14.8,12.18,6266,2481
2025-03-11 08:00:00,0.21,0.51,0.39,0.44,0.36,0.06,0,0,11.28,13.11,10.67,11.03,12.12,10.65,11.08,12.01,10.76,11.06,11.49,10.9,10.93,11.27,10.79,11.04,11.62,10.77,11.08,11.84,10.75,11.16,11.96,10.79,6266,6527
2025-03-11 07:00:00,0.18,0.46,0.35,0.41,0.34,0.05,0,0,10.57,10.67,10.54,10.57,10.67,10.53,10.69,10.79,10.67,10.93,11.03,10.89,10.85,10.98,10.79,10.69,10.79,10.66,10.65,10.78,10.6,10.7,10.79,10.67,6261,0
2025-03-11 06:00:00,0.21,0.52,0.36,0.43,0.35,0.05,0,0,10.86,10.91,10.71,10.86,10.91,10.74,10.93,10.98,10.86,11.14,11.15,11.08,11.07,11.14,11.01,10.98,11.01,10.88,10.92,11,10.78,10.99,11.02,10.87,6263,0
2025-03-11 05:00:00,0.22,0.55,0.37,0.45,0.35,0.05,0,0,10.85,10.9,10.8,10.85,10.89,10.82,10.95,11.02,10.92,11.23,11.29,11.18,11.17,11.27,11.12,11.01,11.01,11.01,10.91,10.94,10.9,10.99,11.02,10.93,6263,0
2025-03-11 04:00:00,0.21,0.5,0.39,0.47,0.35,0.08,0,0,11.12,11.38,10.91,11.13,11.39,10.91,11.24,11.49,11.01,11.49,11.62,11.37,11.42,11.52,11.27,11.29,11.55,11.03,11.26,11.57,11.01,11.29,11.62,11.02,6263,0
2025-03-11 03:00:00,0.25,0.52,0.43,0.47,0.37,0.12,0,0,11.47,11.53,11.38,11.46,11.5,11.37,11.54,11.61,11.38,11.59,11.66,11.49,11.49,11.57,11.39,11.58,11.65,11.48,11.62,11.73,11.49,11.68,11.73,11.58,6266,0
2025-03-11 02:00:00,0.2,0.51,0.42,0.49,0.36,0.08,0,0,11.27,11.36,11.25,11.25,11.32,11.22,11.32,11.38,11.27,11.43,11.49,11.38,11.35,11.38,11.27,11.39,11.48,11.35,11.39,11.49,11.37,11.46,11.54,11.39,6266,0
2025-03-11 01:00:00,0.22,0.48,0.41,0.46,0.35,0.07,0,0,11.12,11.25,11.02,11.1,11.21,11.01,11.2,11.27,11.1,11.31,11.38,11.24,11.21,11.27,11.15,11.23,11.36,11.12,11.24,11.37,11.12,11.28,11.39,11.14,6266,0
2025-03-11 00:00:00,0.21,0.54,0.36,0.43,0.35,0.05,0,0,10.91,11,10.89,10.88,10.95,10.83,10.96,11.03,10.91,11.16,11.23,11.14,11.1,11.15,11.08,11.02,11.09,11,10.98,11.11,10.9,11.04,11.13,11.02,6259,0
2025-03-10 23:00:00,0.22,0.56,0.38,0.42,0.35,0.06,0,0,10.8,10.87,10.79,10.79,10.81,10.79,10.9,10.9,10.9,11.14,11.17,11.14,11.1,11.15,11.04,10.91,11.01,10.89,10.87,10.9,10.83,10.92,11.02,10.9,6266,0
2025-03-10 22:00:00,0.23,0.57,0.37,0.42,0.35,0.06,0,0,10.79,10.81,10.79,10.79,10.8,10.79,10.9,10.92,10.9,11.27,11.38,11.21,11.22,11.33,11.15,10.94,11,10.89,10.88,10.9,10.82,10.9,10.91,10.86,6266,0
2025-03-10 21:00:00,0.21,0.52,0.38,0.46,0.37,0.06,0,0,10.88,11.13,10.79,10.91,11.14,10.79,11.05,11.29,10.9,11.58,11.9,11.38,11.61,11.97,11.38,11.13,11.41,10.95,11,11.26,10.83,11,11.27,10.89,6266,0
2025-03-10 20:00:00,0.28,0.51,0.44,0.45,0.38,0.13,0,0,11.77,12.21,11.19,11.79,12.22,11.26,11.94,12.33,11.38,12.4,12.68,11.97,12.42,12.68,12.07,12.08,12.5,11.48,11.99,12.44,11.37,12,12.47,11.38,6266,0
2025-03-10 19:00:00,0.32,0.52,0.44,0.45,0.37,0.13,0,0,12.51,12.8,12.25,12.51,12.8,12.29,12.63,12.91,12.41,12.89,13.05,12.68,12.87,13.03,12.68,12.77,13.02,12.54,12.74,13.05,12.44,12.79,13.14,12.52,6266,0
2025-03-10 18:00:00,0.32,0.53,0.45,0.47,0.37,0.15,0,0,13.24,13.51,12.89,13.17,13.39,12.86,13.2,13.39,12.92,13.1,13.15,12.91,12.99,13.06,12.8,13.38,13.6,13.12,13.54,13.86,13.15,13.61,13.98,13.15,6266,0
2025-03-10 17:00:00,0.34,0.55,0.46,0.48,0.39,0.15,0,0,12.56,13.48,12.09,12.39,13.26,11.97,12.45,13.25,12.06,12.37,12.8,12.2,12.32,12.68,12.21,12.61,13.39,12.22,12.8,13.75,12.32,12.89,13.87,12.38,6266,492
2025-03-10 16:00:00,0.33,0.53,0.46,0.47,0.4,0.18,0,0,11.94,12.09,11.77,11.83,11.97,11.73,11.92,12.04,11.85,12.25,12.42,12.2,12.25,12.37,12.21,12.15,12.26,12.07,12.18,12.33,12.02,12.26,12.44,12.07,6266,181
2025-03-10 15:00:00,0.33,0.54,0.43,0.44,0.36,0.16,0,0,12.09,12.67,11.83,12.05,12.66,11.73,12.21,12.8,11.89,12.79,13.27,12.43,12.82,13.28,12.45,12.4,13.02,12.07,12.34,12.98,12.06,12.38,13.03,12.09,6266,1839
2025-03-10 14:00:00,0.29,0.54,0.46,0.48,0.37,0.14,0.01,0.04,13.86,14.69,12.8,13.71,14.33,12.8,13.69,14.21,12.91,13.6,13.74,13.38,13.52,13.63,13.37,14,14.57,13.14,14.28,15.16,13.15,14.35,15.28,13.15,6266,0
2025-03-10 13:00:00,0.32,0.56,0.47,0.5,0.37,0.14,0.03,0.06,14.23,14.56,13.74,13.87,14.22,13.37,13.7,14.1,13.15,13.01,13.5,12.46,12.85,13.28,12.33,14.02,14.44,13.49,14.69,15.04,14.21,14.81,15.16,14.33,6266,2001
2025-03-10 12:00:00,0.31,0.54,0.45,0.49,0.39,0.13,0,0.01,13.1,13.62,12.63,12.71,13.24,12.21,12.52,13.03,12.03,11.91,12.41,11.46,11.82,12.25,11.38,12.87,13.38,12.43,13.52,14.02,13.03,13.62,14.14,13.14,6266,2036
2025-03-10 11:00:00,0.32,0.54,0.43,0.43,0.34,0.12,0,0,12.13,12.56,11.59,11.71,12.18,11.15,11.49,11.97,10.95,10.89,11.38,10.41,10.85,11.31,10.33,11.91,12.31,11.35,12.52,12.92,11.91,12.63,13.03,12.01,6266,1965
2025-03-10 10:00:00,0.21,0.5,0.36,0.41,0.34,0.05,0,0,10.54,11.5,9.72,10.2,11.05,9.49,10.13,10.9,9.49,9.78,10.31,9.37,9.7,10.25,9.25,10.32,11.25,9.59,10.72,11.84,9.76,10.83,11.97,9.84,6266,1772
2025-03-10 09:00:00,0.22,0.5,0.38,0.41,0.35,0.06,0,0,9.14,9.6,8.87,9.06,9.41,8.78,9.12,9.47,8.89,9.13,9.35,9.01,9.01,9.25,8.89,9.11,9.49,8.82,9.17,9.7,8.79,9.23,9.74,8.89,6266,1768
2025-03-10 08:00:00,0.21,0.47,0.36,0.4,0.35,0.06,0,0,8.66,8.78,8.57,8.67,8.78,8.59,8.77,8.87,8.68,8.91,8.97,8.89,8.79,8.85,8.78,8.68,8.76,8.63,8.63,8.77,8.54,8.68,8.8,8.57,6266,311
2025-03-10 07:00:00,0.2,0.47,0.36,0.39,0.33,0.06,0,0,8.54,8.57,8.54,8.54,8.56,8.54,8.65,8.67,8.64,8.89,8.89,8.88,8.76,8.78,8.72,8.54,8.59,8.53,8.5,8.54,8.46,8.54,8.54,8.52,6266,0
2025-03-10 06:00:00,0.2,0.45,0.36,0.37,0.33,0.07,0,0,8.53,8.54,8.52,8.53,8.54,8.52,8.63,8.66,8.6,8.87,8.89,8.85,8.73,8.77,8.7,8.53,8.53,8.53,8.44,8.47,8.42,8.49,8.54,8.43,6266,0
2025-03-10 05:00:00,0.19,0.45,0.37,0.37,0.33,0.06,0,0,8.5,8.54,8.43,8.5,8.53,8.46,8.56,8.6,8.54,8.85,8.87,8.83,8.71,8.74,8.68,8.51,8.53,8.45,8.42,8.43,8.42,8.45,8.49,8.42,6266,0
2025-03-10 04:00:00,0.21,0.46,0.36,0.37,0.33,0.07,0,0,8.43,8.45,8.42,8.43,8.46,8.42,8.54,8.55,8.54,8.87,8.89,8.84,8.75,8.78,8.68,8.42,8.45,8.41,8.42,8.42,8.39,8.42,8.43,8.42,6266,0
2025-03-10 03:00:00,0.2,0.44,0.36,0.38,0.33,0.07,0,0,8.45,8.54,8.42,8.46,8.53,8.42,8.57,8.64,8.54,8.96,9.05,8.89,8.86,8.97,8.78,8.46,8.53,8.41,8.42,8.46,8.41,8.44,8.52,8.42,6266,0
2025-03-10 02:00:00,0.2,0.46,0.35,0.37,0.33,0.06,0,0,8.66,8.78,8.54,8.66,8.78,8.54,8.8,8.89,8.66,9.22,9.35,9.13,9.14,9.25,9.02,8.68,8.8,8.53,8.62,8.76,8.53,8.66,8.78,8.53,6266,0
2025-03-10 01:00:00,0.22,0.47,0.36,0.38,0.32,0.07,0,0,8.93,9.06,8.81,8.94,9.1,8.84,9.06,9.22,8.93,9.49,9.6,9.35,9.42,9.59,9.25,8.97,9.12,8.85,8.89,9.02,8.77,8.92,9.06,8.78,6266,0
2025-03-10 00:00:00,0.21,0.48,0.36,0.34,0.32,0.05,0,0,9.21,9.37,9.13,9.22,9.37,9.13,9.36,9.47,9.25,9.77,9.95,9.64,9.71,9.85,9.6,9.32,9.47,9.14,9.2,9.32,9.07,9.22,9.35,9.12,6263,0
2025-03-09 23:00:00,0.21,0.48,0.33,0.34,0.31,0.04,0,0,9.48,9.6,9.37,9.48,9.6,9.37,9.62,9.75,9.47,10.07,10.21,9.96,10.02,10.18,9.87,9.59,9.74,9.47,9.44,9.6,9.35,9.47,9.6,9.37,6266,0
2025-03-09 22:00:00,0.2,0.46,0.32,0.32,0.33,0.05,0,0,9.75,9.85,9.6,9.78,9.91,9.64,9.94,10.08,9.82,10.4,10.55,10.24,10.35,10.55,10.2,9.92,10.06,9.78,9.75,9.87,9.6,9.78,9.91,9.6,6266,0
2025-03-09 21:00:00,0.22,0.44,0.32,0.35,0.31,0.04,0,0,10.08,10.28,9.92,10.11,10.31,9.96,10.27,10.46,10.08,10.8,11.02,10.59,10.75,10.97,10.56,10.27,10.52,10.06,10.09,10.31,9.93,10.11,10.31,9.96,6266,0
2025-03-09 20:00:00,0.21,0.47,0.34,0.38,0.33,0.04,0,0,10.57,10.9,10.31,10.61,10.91,10.32,10.79,11.05,10.55,11.3,11.55,11.02,11.27,11.51,11.03,10.82,11.14,10.54,10.65,11.02,10.35,10.67,11.02,10.34,6266,0
2025-03-09 19:00:00,0.21,0.5,0.39,0.4,0.37,0.1,0,0,11.28,11.73,10.91,11.31,11.73,10.94,11.46,11.85,11.14,11.88,12.2,11.61,11.86,12.14,11.61,11.59,12.05,11.25,11.5,11.98,11.08,11.52,12.04,11.08,6266,0
2025-03-09 18:00:00,0.32,0.52,0.43,0.41,0.38,0.13,0,0,12.2,12.57,11.84,12.15,12.46,11.84,12.24,12.54,11.97,12.41,12.56,12.2,12.37,12.55,12.21,12.47,12.8,12.08,12.54,13.02,12.08,12.58,13.03,12.09,6266,0
2025-03-09 17:00:00,0.29,0.51,0.45,0.43,0.37,0.13,0,0,12.94,13.14,12.68,12.75,12.88,12.55,12.75,12.8,12.57,12.59,12.63,12.56,12.54,12.57,12.45,13.1,13.25,12.89,13.41,13.62,13.1,13.47,13.74,13.15,6266,862
2025-03-09 16:00:00,0.29,0.52,0.43,0.44,0.38,0.12,0,0,12.9,13.14,12.69,12.63,12.82,12.45,12.6,12.8,12.44,12.33,12.48,12.2,12.23,12.43,12.06,12.95,13.23,12.78,13.39,13.63,13.15,13.45,13.74,13.24,6266,1824
2025-03-09 15:00:00,0.31,0.53,0.44,0.45,0.36,0.12,0,0,12.61,13,12.33,12.29,12.68,11.97,12.2,12.56,11.9,11.79,12.13,11.48,11.65,11.97,11.31,12.54,12.92,12.2,13.05,13.5,12.8,13.13,13.6,12.86,6266,1504
2025-03-09 14:00:00,0.26,0.51,0.39,0.4,0.32,0.09,0,0,11.61,12.21,11.14,11.33,11.85,10.91,11.29,11.8,10.9,11.06,11.38,10.8,10.95,11.27,10.76,11.56,12.07,11.13,11.95,12.56,11.45,12.02,12.68,11.5,6266,2056
2025-03-09 13:00:00,0.19,0.49,0.33,0.38,0.31,0.03,0,0,10.83,11.02,10.68,10.69,10.91,10.55,10.75,10.9,10.66,10.87,11.02,10.78,10.8,10.93,10.7,10.91,11.12,10.77,11.07,11.28,10.89,11.11,11.37,10.91,6266,2024
2025-03-09 12:00:00,0.28,0.51,0.4,0.4,0.33,0.09,0,0,11.58,11.94,11.06,11.38,11.62,10.97,11.32,11.49,10.98,11.09,11.14,11.02,10.97,11.03,10.79,11.55,11.72,11.18,11.9,12.21,11.37,11.97,12.32,11.4,6266,1910
2025-03-09 11:00:00,0.31,0.52,0.39,0.4,0.33,0.07,0,0,11.87,12.15,11.14,11.39,11.73,10.59,11.16,11.49,10.43,10.43,10.9,9.72,10.23,10.78,9.58,11.36,11.72,10.53,12.09,12.44,11.26,12.21,12.56,11.38,6266,1934
2025-03-09 10:00:00,0.2,0.49,0.36,0.42,0.35,0.05,0,0,9.86,10.82,9.37,9.51,10.31,9.13,9.44,10.18,9.1,9.19,9.6,9,9.01,9.43,8.78,9.38,10.27,8.91,9.67,10.9,9.02,9.76,11.02,9.1,6266,2927
2025-03-09 09:00:00,0.18,0.48,0.38,0.41,0.34,0.07,0,0,9.8,10.26,9.49,9.19,9.37,8.77,8.98,9.14,8.54,8.7,8.97,8.3,8.45,8.74,8.08,8.66,8.89,8.17,8.81,9.05,8.3,8.87,9.13,8.34,6266,307
2025-03-09 08:00:00,0.25,0.47,0.34,0.39,0.33,0.04,0,0,7.87,9.38,7.59,7.78,8.53,7.59,7.88,8.33,7.72,8.08,8.18,8.06,7.95,8.07,7.92,7.69,8.05,7.58,7.59,8.06,7.42,7.63,8.18,7.39,6266,6011
2025-03-09 07:00:00,0.27,0.45,0.33,0.38,0.34,0.04,0,0,7.67,7.73,7.59,7.74,7.82,7.68,7.85,7.9,7.8,8.09,8.13,8.06,7.96,7.98,7.95,7.66,7.7,7.58,7.54,7.6,7.46,7.59,7.71,7.48,6266,0
2025-03-09 06:00:00,0.28,0.48,0.35,0.38,0.34,0.04,0,0,7.7,7.71,7.68,7.71,7.72,7.71,7.83,7.86,7.83,8.08,8.09,8.06,7.96,7.98,7.95,7.7,7.7,7.7,7.58,7.59,7.57,7.58,7.63,7.51,6266,0
2025-03-09 05:00:00,0.26,0.46,0.34,0.36,0.33,0.04,0,0,7.6,7.65,7.59,7.68,7.71,7.65,7.82,7.83,7.8,8.16,8.2,8.09,8.05,8.14,7.96,7.65,7.7,7.59,7.47,7.52,7.42,7.47,7.49,7.42,6266,0
2025-03-09 04:00:00,0.27,0.45,0.33,0.36,0.34,0.03,0,0,7.76,7.94,7.59,7.82,7.95,7.66,7.97,8.07,7.83,8.38,8.47,8.29,8.28,8.39,8.18,7.79,7.94,7.6,7.58,7.71,7.44,7.6,7.76,7.4,6266,0
2025-03-09 03:00:00,0.26,0.45,0.32,0.35,0.35,0.06,0,0,7.98,8.07,7.9,8.02,8.14,7.95,8.17,8.3,8.07,8.6,8.68,8.53,8.51,8.62,8.43,8.02,8.16,7.94,7.82,7.94,7.71,7.86,7.95,7.76,6266,0
2025-03-09 02:00:00,0.24,0.44,0.34,0.38,0.34,0.05,0,0,8.28,8.43,8.07,8.33,8.47,8.18,8.45,8.56,8.3,8.84,8.96,8.76,8.74,8.85,8.66,8.32,8.51,8.17,8.17,8.39,7.94,8.19,8.41,7.95,6266,0
2025-03-09 01:00:00,0.19,0.46,0.32,0.38,0.34,0.05,0,0,8.55,8.64,8.51,8.6,8.66,8.54,8.72,8.78,8.6,9.08,9.14,9,8.98,9.1,8.89,8.58,8.64,8.51,8.43,8.53,8.39,8.45,8.54,8.42,6266,0
2025-03-09 00:00:00,0.17,0.46,0.37,0.37,0.34,0.06,0,0,8.64,8.66,8.62,8.66,8.67,8.66,8.81,8.89,8.78,9.29,9.45,9.17,9.22,9.37,9.1,8.66,8.76,8.64,8.49,8.54,8.43,8.51,8.54,8.49,6266,0
2025-03-08 23:00:00,0.21,0.47,0.35,0.36,0.33,0.06,0,0,8.98,9.28,8.66,9.06,9.37,8.75,9.21,9.47,8.91,9.7,9.92,9.47,9.63,9.83,9.42,9.09,9.39,8.76,8.86,9.24,8.54,8.88,9.25,8.54,6266,0
2025-03-08 22:00:00,0.21,0.48,0.32,0.36,0.32,0.05,0,0,9.5,9.59,9.35,9.53,9.6,9.38,9.63,9.72,9.49,10.02,10.12,9.93,9.95,10.08,9.85,9.59,9.71,9.46,9.43,9.5,9.26,9.46,9.56,9.27,6266,0
2025-03-08 21:00:00,0.2,0.46,0.32,0.33,0.33,0.05,0,0,9.67,9.85,9.57,9.72,9.93,9.6,9.86,10.08,9.72,10.35,10.55,10.18,10.31,10.55,10.09,9.84,10.06,9.7,9.64,9.84,9.47,9.66,9.84,9.51,6266,0
2025-03-08 20:00:00,0.22,0.43,0.32,0.36,0.32,0.05,0,0,10.11,10.31,9.91,10.15,10.37,9.96,10.29,10.55,10.08,10.85,11.14,10.6,10.84,11.15,10.56,10.29,10.54,10.06,10.1,10.33,9.85,10.1,10.31,9.85,6266,0
2025-03-08 19:00:00,0.2,0.48,0.34,0.42,0.36,0.06,0,0,10.77,11.26,10.38,10.81,11.29,10.43,10.97,11.42,10.58,11.61,12,11.26,11.61,12.08,11.21,10.98,11.5,10.56,10.82,11.4,10.43,10.83,11.47,10.43,6266,0
2025-03-08 18:00:00,0.31,0.51,0.43,0.43,0.41,0.12,0,0,12.15,12.68,11.39,12.1,12.56,11.39,12.18,12.58,11.54,12.42,12.56,12.08,12.38,12.48,12.09,12.35,12.78,11.62,12.4,13.03,11.58,12.42,13.03,11.61,6266,90
2025-03-08 17:00:00,0.31,0.52,0.44,0.44,0.42,0.12,0,0,12.62,12.68,12.56,12.5,12.56,12.44,12.55,12.57,12.44,12.52,12.56,12.44,12.44,12.47,12.38,12.75,12.78,12.67,12.93,13.02,12.8,13,13.03,12.92,6266,929
2025-03-08 16:00:00,0.3,0.52,0.44,0.45,0.41,0.12,0,0,12.75,13.03,12.55,12.58,12.81,12.32,12.58,12.8,12.32,12.36,12.5,12.03,12.24,12.4,11.88,12.77,13.01,12.54,13.06,13.38,12.8,13.13,13.48,12.85,6266,1433
2025-03-08 15:00:00,0.3,0.54,0.42,0.47,0.38,0.12,0,0.01,11.82,12.32,11.64,11.72,12.14,11.61,11.79,12.17,11.7,11.83,11.97,11.79,11.75,11.86,11.74,11.88,12.31,11.73,12,12.62,11.82,12.05,12.68,11.85,6266,1918
2025-03-08 14:00:00,0.26,0.51,0.42,0.44,0.38,0.11,0,0,11.64,11.73,11.52,11.56,11.64,11.5,11.66,11.73,11.61,11.75,11.82,11.73,11.7,11.74,11.63,11.73,11.83,11.64,11.77,11.85,11.66,11.84,11.97,11.73,6266,882
2025-03-08 13:00:00,0.26,0.51,0.42,0.42,0.39,0.12,0,0,11.47,11.53,11.39,11.45,11.5,11.38,11.54,11.61,11.49,11.73,11.73,11.73,11.65,11.73,11.63,11.59,11.63,11.54,11.61,11.66,11.54,11.69,11.73,11.62,6266,492
2025-03-08 12:00:00,0.24,0.52,0.41,0.46,0.38,0.12,0,0,11.49,11.61,11.39,11.46,11.61,11.38,11.57,11.73,11.49,11.87,11.99,11.73,11.83,11.97,11.74,11.65,11.82,11.59,11.64,11.76,11.61,11.66,11.84,11.62,6266,350
2025-03-08 11:00:00,0.33,0.55,0.45,0.46,0.38,0.18,0,0.01,11.96,12.18,11.67,11.96,12.15,11.7,12.05,12.2,11.8,12.17,12.2,12.08,12.08,12.1,11.98,12.09,12.2,11.84,12.11,12.31,11.85,12.16,12.33,11.86,6266,0
2025-03-08 10:00:00,0.34,0.59,0.46,0.46,0.4,0.17,0,0,12.13,12.21,11.97,12.07,12.15,11.93,12.15,12.22,11.98,12.06,12.2,11.85,11.89,12.09,11.69,12.08,12.2,11.86,12.18,12.32,11.98,12.24,12.34,12.09,6266,0
2025-03-08 09:00:00,0.26,0.51,0.43,0.45,0.36,0.09,0,0,11.47,11.96,11.16,11.41,11.85,11.15,11.5,11.97,11.26,11.53,11.83,11.38,11.43,11.62,11.29,11.46,11.84,11.25,11.5,11.96,11.25,11.56,11.97,11.26,6266,0
2025-03-08 08:00:00,0.22,0.48,0.38,0.42,0.34,0.05,0,0,11.01,11.14,10.91,11,11.14,10.91,11.11,11.26,11.02,11.3,11.38,11.26,11.26,11.27,11.24,11.08,11.24,11,11.04,11.24,10.9,11.07,11.26,10.91,6266,0
2025-03-08 07:00:00,0.21,0.45,0.35,0.42,0.34,0.05,0,0,10.89,10.91,10.83,10.9,10.91,10.88,11.02,11.02,11.01,11.3,11.37,11.26,11.27,11.27,11.26,10.96,11,10.91,10.87,10.9,10.8,10.91,10.91,10.9,6266,0
2025-03-08 06:00:00,0.22,0.49,0.36,0.45,0.35,0.05,0,0,10.89,10.92,10.85,10.92,11,10.88,11.05,11.14,11.01,11.42,11.49,11.37,11.38,11.49,11.29,10.99,11.02,10.92,10.87,10.9,10.8,10.91,10.96,10.89,6266,0
2025-03-08 05:00:00,0.21,0.48,0.39,0.42,0.37,0.08,0,0,11.06,11.24,10.92,11.1,11.26,10.99,11.24,11.38,11.13,11.63,11.73,11.5,11.6,11.74,11.5,11.19,11.36,11.03,11.08,11.26,10.91,11.12,11.26,10.99,6266,0
2025-03-08 04:00:00,0.2,0.51,0.4,0.44,0.39,0.08,0,0,11.27,11.35,11.25,11.28,11.38,11.26,11.42,11.52,11.38,11.86,11.97,11.73,11.85,11.98,11.74,11.41,11.49,11.37,11.29,11.37,11.26,11.3,11.38,11.26,6266,0
2025-03-08 03:00:00,0.26,0.52,0.43,0.43,0.39,0.12,0,0,11.58,11.73,11.38,11.61,11.73,11.39,11.76,11.85,11.59,12.15,12.22,12.02,12.14,12.23,12.05,11.76,11.86,11.59,11.63,11.74,11.38,11.68,11.84,11.47,6266,0
2025-03-08 02:00:00,0.31,0.51,0.45,0.42,0.39,0.16,0,0.01,11.78,11.85,11.73,11.79,11.85,11.73,11.93,12,11.85,12.33,12.44,12.22,12.32,12.43,12.23,11.97,12.06,11.88,11.85,11.95,11.76,11.9,11.97,11.85,6266,0
2025-03-08 01:00:00,0.36,0.52,0.44,0.41,0.39,0.18,0,0,11.92,12.01,11.85,11.93,12.04,11.85,12.1,12.2,12,12.51,12.64,12.44,12.52,12.65,12.45,12.12,12.2,12.07,12,12.08,11.95,12.03,12.09,11.97,6266,0
2025-03-08 00:00:00,0.34,0.56,0.45,0.41,0.35,0.14,0,0,12.16,12.29,12.03,12.17,12.32,12.08,12.32,12.44,12.2,12.76,12.89,12.65,12.76,12.9,12.68,12.37,12.5,12.26,12.22,12.32,12.08,12.27,12.42,12.18,6266,0
2025-03-07 23:00:00,0.33,0.52,0.43,0.41,0.36,0.14,0,0,12.43,12.57,12.29,12.45,12.61,12.32,12.62,12.8,12.44,13.01,13.15,12.91,13.01,13.13,12.92,12.65,12.78,12.54,12.5,12.67,12.33,12.56,12.72,12.44,6288,0
2025-03-07 22:00:00,0.33,0.51,0.44,0.42,0.34,0.13,0,0,12.68,12.72,12.63,12.71,12.77,12.68,12.87,12.91,12.8,13.2,13.27,13.15,13.2,13.28,13.15,12.9,12.93,12.85,12.79,12.84,12.72,12.87,12.92,12.8,6288,0
2025-03-07 21:00:00,0.31,0.52,0.43,0.43,0.36,0.13,0,0,12.67,12.8,12.63,12.72,12.86,12.68,12.9,13.05,12.82,13.47,13.74,13.27,13.52,13.82,13.28,12.97,13.14,12.9,12.77,12.87,12.71,12.82,12.92,12.8,6288,0
2025-03-07 20:00:00,0.31,0.53,0.44,0.43,0.4,0.14,0,0,13.26,13.61,12.83,13.33,13.62,12.92,13.53,13.86,13.14,14.12,14.43,13.81,14.19,14.46,13.87,13.64,13.97,13.24,13.4,13.74,12.91,13.44,13.78,13,6290,0
2025-03-07 19:00:00,0.28,0.53,0.46,0.46,0.39,0.16,0.02,0.02,13.92,14.38,13.62,13.94,14.36,13.65,14.14,14.57,13.86,14.85,15.28,14.45,14.98,15.4,14.58,14.32,14.79,13.97,14.1,14.59,13.77,14.15,14.67,13.84,6292,0
2025-03-07 18:00:00,0.32,0.65,0.51,0.43,0.37,0.14,0.02,0.04,15.02,15.48,14.5,14.98,15.4,14.47,15.12,15.52,14.69,15.76,16.12,15.4,15.9,16.34,15.52,15.43,15.87,14.91,15.33,15.84,14.68,15.38,15.87,14.8,6292,0
2025-03-07 17:00:00,0.3,0.56,0.48,0.45,0.37,0.13,0.01,0.02,16.65,17.37,15.64,16.54,17.17,15.58,16.54,17.04,15.66,16.63,16.81,16.2,16.69,16.82,16.39,16.94,17.51,16.1,17.13,17.87,16,17.17,17.99,16.06,6292,342
2025-03-07 16:00:00,0.35,0.53,0.46,0.47,0.37,0.16,0,0.04,17.58,17.74,17.43,17.24,17.29,17.17,17.12,17.17,16.95,16.64,16.81,16.34,16.57,16.81,16.23,17.58,17.62,17.51,18.16,18.34,18,18.23,18.36,18.04,6292,1331
2025-03-07 15:00:00,0.29,0.58,0.47,0.47,0.37,0.12,0.01,0.02,16.79,17.5,16.29,16.45,17.04,16.07,16.34,16.91,15.99,15.94,16.28,15.75,15.89,16.2,15.72,16.81,17.4,16.44,17.38,18.11,16.81,17.43,18.15,16.9,6292,1965
2025-03-07 14:00:00,0.27,0.63,0.46,0.49,0.39,0.13,0.01,0.02,16.27,16.45,15.89,15.99,16.11,15.64,15.9,16.04,15.6,15.52,15.74,15.26,15.46,15.66,15.17,16.32,16.45,15.98,16.83,17.04,16.45,16.88,17.04,16.54,6292,1745
2025-03-07 13:00:00,0.31,0.67,0.5,0.53,0.42,0.12,0.03,0.01,15.7,15.75,15.52,15.45,15.52,15.2,15.36,15.52,15.14,14.99,15.17,14.69,14.96,15.17,14.69,15.79,15.86,15.58,16.26,16.34,16.1,16.3,16.4,16.12,6292,1914
2025-03-07 12:00:00,0.34,0.66,0.5,0.5,0.42,0.13,0.01,0.01,15.26,15.42,15.09,14.98,15.16,14.77,14.84,15.04,14.57,14.4,14.69,14.09,14.39,14.66,14.05,15.3,15.5,15.03,15.82,15.99,15.63,15.91,16.11,15.75,6290,1883
2025-03-07 11:00:00,0.29,0.56,0.47,0.48,0.38,0.14,0.02,0.04,14.35,15.04,13.64,14.04,14.69,13.49,13.93,14.55,13.39,13.58,13.98,13.27,13.55,13.98,13.22,14.3,14.96,13.73,14.78,15.6,13.97,14.88,15.65,14.1,6290,1670
2025-03-07 10:00:00,0.34,0.39,0.5,0.41,0.38,0.14,0,0.04,13.15,13.62,12.74,13.05,13.4,12.68,13.03,13.39,12.7,12.98,13.22,12.8,12.92,13.16,12.69,13.21,13.61,12.84,13.45,13.97,13.01,13.53,14.05,13.03,6290,913
2025-03-07 09:00:00,0.4,0.28,0.53,0.36,0.37,0.15,0,0.07,12.45,12.68,12.32,12.42,12.63,12.31,12.5,12.68,12.36,12.65,12.8,12.56,12.61,12.68,12.57,12.6,12.78,12.44,12.62,12.91,12.43,12.68,12.95,12.46,6290,1142
2025-03-07 08:00:00,0.4,0.26,0.55,0.36,0.37,0.14,0.01,0.07,12.22,12.28,12.2,12.21,12.25,12.2,12.32,12.35,12.32,12.58,12.65,12.56,12.57,12.57,12.57,12.41,12.43,12.38,12.32,12.42,12.28,12.35,12.44,12.32,6290,0
2025-03-07 07:00:00,0.41,0.27,0.54,0.35,0.36,0.13,0,0.07,12.22,12.26,12.21,12.23,12.3,12.21,12.37,12.44,12.32,12.71,12.8,12.67,12.69,12.8,12.6,12.43,12.47,12.42,12.31,12.33,12.3,12.33,12.4,12.32,6292,0
2025-03-07 06:00:00,0.41,0.27,0.53,0.33,0.38,0.15,0.01,0.05,12.38,12.52,12.32,12.4,12.55,12.32,12.56,12.68,12.44,12.89,13.03,12.8,12.89,13.04,12.8,12.62,12.77,12.54,12.48,12.63,12.33,12.52,12.68,12.44,6292,0
2025-03-07 05:00:00,0.37,0.27,0.53,0.33,0.36,0.13,0,0.07,12.62,12.68,12.55,12.62,12.69,12.55,12.77,12.84,12.68,13.1,13.18,13.03,13.11,13.21,13.04,12.85,12.92,12.78,12.73,12.8,12.67,12.76,12.82,12.68,6292,0
2025-03-07 04:00:00,0.37,0.27,0.53,0.35,0.36,0.15,0,0.05,12.83,12.92,12.71,12.84,12.92,12.72,12.98,13.06,12.91,13.32,13.39,13.24,13.33,13.44,13.27,13.07,13.16,12.99,12.95,13.04,12.81,12.98,13.1,12.89,6292,0
2025-03-07 03:00:00,0.36,0.26,0.54,0.34,0.38,0.15,0,0.07,13.07,13.23,12.92,13.08,13.24,12.94,13.22,13.39,13.13,13.57,13.74,13.46,13.6,13.75,13.5,13.34,13.49,13.21,13.23,13.38,13.09,13.26,13.41,13.15,6292,0
2025-03-07 02:00:00,0.38,0.27,0.54,0.35,0.4,0.12,0,0.06,13.38,13.5,13.27,13.38,13.51,13.27,13.51,13.62,13.39,13.85,13.98,13.74,13.88,13.98,13.75,13.65,13.76,13.49,13.56,13.69,13.38,13.61,13.74,13.47,6292,0
2025-03-07 01:00:00,0.39,0.31,0.52,0.34,0.42,0.15,0,0.07,13.56,13.62,13.51,13.57,13.62,13.51,13.71,13.79,13.62,14.08,14.21,13.98,14.13,14.25,13.99,13.89,13.97,13.8,13.77,13.86,13.7,13.8,13.86,13.74,6292,0
2025-03-07 00:00:00,0.34,0.28,0.56,0.35,0.43,0.17,0.02,0.1,13.76,13.9,13.62,13.78,13.97,13.62,13.94,14.1,13.8,14.38,14.57,14.21,14.47,14.69,14.31,14.14,14.32,14,13.97,14.12,13.86,14.01,14.17,13.86,6288,0
2025-03-06 23:00:00,0.37,0.29,0.56,0.37,0.43,0.15,0.05,0.12,14.18,14.43,13.98,14.18,14.44,13.98,14.35,14.58,14.1,14.83,15.06,14.58,14.95,15.17,14.69,14.58,14.79,14.32,14.4,14.68,14.21,14.43,14.69,14.22,6297,0
2025-03-06 22:00:00,0.37,0.37,0.58,0.35,0.41,0.15,0.06,0.16,14.68,14.93,14.45,14.7,14.93,14.45,14.86,15.1,14.68,15.37,15.63,15.16,15.52,15.82,15.28,15.13,15.39,14.9,14.93,15.16,14.68,14.95,15.17,14.7,6297,0
2025-03-06 21:00:00,0.38,0.4,0.58,0.31,0.4,0.13,0.03,0.1,15.3,15.64,14.96,15.31,15.64,14.99,15.48,15.83,15.16,16.02,16.34,15.71,16.21,16.59,15.88,15.82,16.2,15.49,15.6,15.99,15.24,15.64,16,15.28,6303,0
2025-03-06 20:00:00,0.36,0.34,0.57,0.31,0.37,0.13,0.05,0.1,16.01,16.34,15.72,16.04,16.37,15.75,16.22,16.59,15.87,16.86,17.29,16.45,17.08,17.53,16.68,16.64,17.04,16.27,16.37,16.74,16.08,16.41,16.81,16.11,6303,0
2025-03-06 19:00:00,0.36,0.31,0.57,0.29,0.39,0.14,0.02,0.09,17.09,17.89,16.45,17.13,17.87,16.45,17.28,18.01,16.7,17.96,18.59,17.41,18.22,18.83,17.65,17.82,18.58,17.16,17.52,18.37,16.81,17.56,18.45,16.87,6303,0
2025-03-06 18:00:00,0.38,0.3,0.59,0.32,0.37,0.13,0.02,0.09,18.96,19.77,18.1,18.91,19.66,18.07,18.89,19.54,18.12,19.2,19.62,18.7,19.4,19.78,18.95,19.52,20.23,18.7,19.6,20.52,18.59,19.68,20.6,18.66,6306,118
2025-03-06 17:00:00,0.33,0.42,0.63,0.35,0.39,0.1,0.01,0.09,20.22,20.45,19.89,20.07,20.27,19.77,19.87,20.01,19.65,19.8,19.89,19.65,19.93,20.02,19.78,20.61,20.82,20.35,21.07,21.35,20.61,21.17,21.45,20.72,6306,1627
2025-03-06 16:00:00,0.33,0.41,0.63,0.36,0.36,0.09,0.02,0.12,20.68,21.19,20.42,20.48,20.95,20.25,20.16,20.48,20.01,19.94,20.02,19.87,20.05,20.12,20.02,20.98,21.37,20.77,21.62,22.22,21.31,21.7,22.26,21.43,6306,1887
2025-03-06 15:00:00,0.37,0.33,0.64,0.38,0.38,0.13,0.02,0.13,21.42,21.53,21.31,21.11,21.19,21.08,20.5,20.59,20.48,19.85,20.02,19.62,19.85,20.12,19.54,21.4,21.48,21.3,22.53,22.61,22.46,22.57,22.63,22.49,6303,1760
2025-03-06 14:00:00,0.35,0.4,0.64,0.39,0.39,0.11,0.03,0.14,20.83,21.44,20.12,20.47,21.08,19.77,19.81,20.41,19.16,18.94,19.53,18.35,18.85,19.42,18.24,20.59,21.22,19.87,21.84,22.49,21.07,21.93,22.61,21.13,6303,1910
2025-03-06 13:00:00,0.38,0.32,0.63,0.39,0.39,0.14,0.03,0.12,19.32,19.93,18.54,19.01,19.62,18.24,18.55,18.95,17.87,17.77,18.23,17.15,17.65,18.14,16.99,19.06,19.76,18.26,20.09,20.84,19.27,20.2,20.96,19.33,6303,1831
2025-03-06 12:00:00,0.4,0.31,0.6,0.4,0.38,0.14,0.02,0.1,17.56,18.36,16.94,17.26,18.02,16.66,16.88,17.65,16.26,16.35,16.98,15.87,16.31,16.83,15.78,17.38,18.11,16.69,18.17,19.04,17.4,18.28,19.17,17.53,6297,1973
2025-03-06 11:00:00,0.31,0.33,0.6,0.42,0.42,0.12,0.05,0.12,16.45,16.83,16.25,16.13,16.58,15.95,15.71,16.2,15.52,15.43,15.77,15.28,15.41,15.76,15.17,16,16.57,15.64,16.69,17.29,16.4,16.82,17.41,16.57,6297,2056
2025-03-06 10:00:00,0.28,0.29,0.59,0.46,0.4,0.12,0.01,0.08,17.9,19.54,16.62,16.91,17.87,16.12,15.57,15.74,14.92,14.83,15.28,13.92,14.29,15.17,13.12,14.98,15.64,13.82,17.34,18.82,16.45,17.79,19.45,16.7,6303,5286
2025-03-06 09:00:00,0.33,0.31,0.59,0.42,0.41,0.15,0.02,0.08,14.55,18,12.24,14.05,16.7,12.43,12.93,14.33,11.73,12.68,13.62,11.85,12.25,12.92,11.66,12.4,13.49,11.5,12.91,16.82,11.49,13.06,17.45,11.61,6303,6543
2025-03-06 08:00:00,0.28,0.25,0.5,0.37,0.39,0.08,0,0.02,11.21,11.84,11.09,11.3,12.07,11.13,11.36,11.54,11.26,11.65,11.73,11.61,11.63,11.7,11.61,11.36,11.45,11.28,11.23,11.37,11.14,11.26,11.47,11.14,6297,6496
2025-03-06 07:00:00,0.32,0.29,0.5,0.38,0.4,0.12,0,0.04,11.4,11.46,11.3,11.38,11.42,11.28,11.54,11.58,11.47,11.81,11.85,11.73,11.74,11.75,11.74,11.57,11.6,11.48,11.48,11.54,11.37,11.56,11.61,11.42,6292,0
2025-03-06 06:00:00,0.32,0.3,0.51,0.39,0.39,0.12,0,0.06,11.38,11.39,11.38,11.38,11.4,11.38,11.52,11.58,11.5,11.85,11.9,11.83,11.81,11.86,11.75,11.59,11.6,11.59,11.48,11.49,11.46,11.51,11.56,11.5,6292,0
2025-03-06 05:00:00,0.3,0.26,0.51,0.36,0.41,0.12,0,0.06,11.48,11.61,11.38,11.48,11.61,11.38,11.67,11.82,11.59,12.02,12.19,11.91,12.03,12.2,11.89,11.71,11.84,11.6,11.56,11.73,11.48,11.6,11.73,11.5,6292,0
2025-03-06 04:00:00,0.37,0.27,0.52,0.34,0.41,0.17,0.01,0.09,11.81,11.97,11.63,11.82,11.97,11.62,11.98,12.09,11.85,12.31,12.44,12.2,12.3,12.43,12.21,12.05,12.19,11.86,11.92,12.08,11.73,11.96,12.15,11.76,6297,0
2025-03-06 03:00:00,0.39,0.34,0.55,0.34,0.4,0.15,0.02,0.07,12.03,12.12,11.97,12.04,12.15,11.97,12.2,12.31,12.1,12.5,12.61,12.44,12.5,12.57,12.45,12.27,12.32,12.19,12.19,12.3,12.1,12.23,12.32,12.18,6297,0
2025-03-06 02:00:00,0.41,0.27,0.54,0.33,0.37,0.14,0.01,0.06,12.25,12.32,12.19,12.25,12.32,12.19,12.39,12.44,12.32,12.73,12.8,12.66,12.69,12.8,12.57,12.48,12.55,12.36,12.39,12.44,12.32,12.42,12.51,12.32,6297,0
2025-03-06 01:00:00,0.41,0.27,0.56,0.33,0.38,0.16,0,0.08,12.37,12.44,12.32,12.38,12.44,12.32,12.54,12.57,12.45,12.87,12.91,12.8,12.85,12.92,12.8,12.62,12.67,12.55,12.51,12.56,12.44,12.56,12.6,12.49,6297,0
2025-03-06 00:00:00,0.4,0.28,0.53,0.33,0.37,0.14,0,0.08,12.45,12.54,12.44,12.46,12.56,12.44,12.64,12.71,12.57,13.03,13.15,12.91,13.03,13.16,12.92,12.71,12.8,12.67,12.57,12.66,12.56,12.63,12.68,12.58,6292,0
2025-03-05 23:00:00,0.36,0.26,0.53,0.35,0.37,0.14,0,0.06,12.73,12.92,12.56,12.74,12.92,12.56,12.92,13.04,12.8,13.35,13.5,13.16,13.37,13.51,13.2,13.03,13.2,12.83,12.87,13.03,12.67,12.91,13.05,12.69,6303,0
2025-03-05 22:00:00,0.36,0.26,0.55,0.35,0.38,0.15,0,0.07,13.03,13.15,12.92,13.04,13.15,12.92,13.22,13.35,13.11,13.69,13.86,13.51,13.7,13.87,13.53,13.34,13.46,13.26,13.18,13.27,13.04,13.22,13.36,13.12,6303,0
2025-03-05 21:00:00,0.37,0.27,0.53,0.34,0.43,0.13,0,0.07,13.34,13.59,13.15,13.37,13.62,13.17,13.56,13.78,13.39,14.12,14.38,13.87,14.17,14.46,13.91,13.7,13.97,13.49,13.5,13.74,13.29,13.55,13.79,13.39,6303,0
2025-03-05 20:00:00,0.36,0.29,0.56,0.36,0.43,0.16,0.03,0.1,13.97,14.33,13.62,14,14.33,13.65,14.19,14.57,13.86,14.77,15.14,14.45,14.85,15.17,14.52,14.39,14.79,14.03,14.17,14.57,13.8,14.21,14.57,13.86,6306,0
2025-03-05 19:00:00,0.37,0.37,0.59,0.35,0.38,0.14,0.03,0.13,14.83,15.28,14.36,14.84,15.28,14.43,15.01,15.41,14.6,15.52,15.87,15.16,15.59,15.89,15.27,15.29,15.74,14.85,15.11,15.63,14.66,15.15,15.64,14.69,6306,0
2025-03-05 18:00:00,0.35,0.39,0.56,0.33,0.37,0.13,0.03,0.1,15.8,16.18,15.39,15.76,16.11,15.39,15.87,16.2,15.52,16.17,16.34,15.91,16.22,16.45,15.99,16.17,16.53,15.8,16.13,16.58,15.67,16.18,16.6,15.75,6306,0
2025-03-05 17:00:00,0.31,0.3,0.57,0.34,0.36,0.11,0.03,0.1,16.4,16.69,16.23,16.29,16.58,16.11,16.37,16.62,16.2,16.55,16.78,16.36,16.66,16.94,16.45,16.76,17.04,16.57,16.83,17.17,16.58,16.87,17.17,16.66,6306,200
2025-03-05 16:00:00,0.37,0.29,0.58,0.37,0.36,0.13,0.02,0.1,17.17,17.56,16.7,17.04,17.41,16.59,17.07,17.41,16.7,16.97,17.04,16.81,17.17,17.29,16.94,17.54,17.94,17.14,17.73,18.23,17.17,17.78,18.27,17.24,6306,468
2025-03-05 15:00:00,0.37,0.3,0.58,0.39,0.37,0.13,0.02,0.12,17.21,17.65,16.37,17,17.41,16.23,16.95,17.41,16.11,16.34,16.93,15.63,16.53,17.18,15.76,17.52,17.99,16.67,17.89,18.35,17.01,17.98,18.4,17.04,6306,1847
2025-03-05 14:00:00,0.36,0.43,0.59,0.41,0.43,0.13,0.05,0.11,15.84,16.23,15.64,15.7,16.1,15.52,15.62,15.99,15.4,15.23,15.54,14.92,15.3,15.64,15.03,16.06,16.45,15.86,16.37,16.81,16.15,16.48,16.94,16.25,6303,2013
2025-03-05 13:00:00,0.39,0.39,0.6,0.41,0.43,0.14,0.05,0.12,15.09,15.64,14.33,14.92,15.47,14.21,14.79,15.4,14.1,14.35,14.86,13.86,14.39,14.93,13.89,15.2,15.85,14.44,15.49,16.12,14.57,15.55,16.23,14.57,6303,1567
2025-03-05 12:00:00,0.36,0.29,0.55,0.39,0.38,0.14,0.08,0.12,14.15,14.27,14.1,14,14.1,13.95,13.88,14.04,13.74,13.66,13.86,13.47,13.69,13.87,13.5,14.26,14.36,14.2,14.39,14.55,14.33,14.28,14.53,14.1,6303,2040
2025-03-05 11:00:00,0.38,0.28,0.56,0.38,0.38,0.15,0.05,0.15,13.61,14.11,12.69,13.43,13.96,12.56,13.23,13.7,12.41,12.71,13.39,11.81,12.64,13.39,11.69,13.67,14.21,12.67,14.01,14.4,13.12,14.01,14.34,13.2,6303,1300
2025-03-05 10:00:00,0.34,0.26,0.51,0.31,0.34,0.09,0,0.06,11.52,12.49,10.67,11.39,12.32,10.55,11.28,12.2,10.55,10.95,11.61,10.43,10.81,11.5,10.32,11.44,12.43,10.66,11.83,12.91,10.87,11.93,13,10.91,6297,2048
2025-03-05 09:00:00,0.28,0.2,0.44,0.26,0.33,0.05,0,0.01,10.1,10.55,9.72,10.07,10.46,9.72,10.08,10.43,9.72,10.12,10.38,9.93,10.01,10.24,9.84,10.11,10.54,9.71,10.2,10.72,9.72,10.26,10.79,9.79,6297,1221
2025-03-05 08:00:00,0.27,0.23,0.44,0.27,0.34,0.04,0,0.01,9.33,9.6,9.25,9.37,9.6,9.26,9.51,9.68,9.47,9.82,9.84,9.78,9.75,9.85,9.72,9.46,9.6,9.38,9.28,9.6,9.14,9.32,9.6,9.21,6297,2068
2025-03-05 07:00:00,0.26,0.24,0.43,0.23,0.33,0.04,0,0.01,9.37,9.38,9.34,9.39,9.43,9.37,9.59,9.6,9.52,9.93,9.97,9.85,9.9,9.96,9.85,9.49,9.52,9.47,9.26,9.31,9.24,9.28,9.33,9.25,6299,0
2025-03-05 06:00:00,0.26,0.2,0.42,0.25,0.34,0.03,0,0,9.55,9.72,9.37,9.59,9.83,9.39,9.78,9.96,9.6,10.18,10.32,10.02,10.19,10.33,10.02,9.71,9.95,9.51,9.45,9.71,9.24,9.49,9.72,9.26,6303,0
2025-03-05 05:00:00,0.27,0.18,0.42,0.23,0.33,0.03,0,0.01,9.84,9.85,9.8,9.86,9.93,9.83,10.06,10.1,9.96,10.48,10.6,10.39,10.53,10.7,10.41,10.04,10.1,9.95,9.8,9.84,9.72,9.81,9.84,9.72,6303,0
2025-03-05 04:00:00,0.28,0.18,0.43,0.24,0.34,0.04,0,0,10.19,10.5,9.91,10.24,10.55,9.96,10.45,10.79,10.16,10.93,11.25,10.67,11.04,11.28,10.79,10.47,10.77,10.18,10.15,10.52,9.84,10.19,10.55,9.84,6303,0
2025-03-05 03:00:00,0.27,0.25,0.48,0.31,0.37,0.04,0,0.01,10.78,11.02,10.55,10.82,11.02,10.57,11.01,11.26,10.81,11.47,11.72,11.26,11.57,11.78,11.38,11.08,11.37,10.87,10.8,11.05,10.55,10.84,11.13,10.56,6303,0
2025-03-05 02:00:00,0.29,0.24,0.52,0.33,0.4,0.11,0,0.04,11.37,11.61,11.02,11.41,11.63,11.14,11.61,11.85,11.29,11.97,12.13,11.73,12.02,12.17,11.86,11.71,11.96,11.39,11.5,11.8,11.14,11.53,11.84,11.14,6306,0
2025-03-05 01:00:00,0.33,0.27,0.55,0.35,0.41,0.17,0,0.09,11.67,11.7,11.61,11.71,11.73,11.65,11.85,11.87,11.85,12.2,12.21,12.18,12.22,12.3,12.2,11.96,11.96,11.96,11.84,11.85,11.77,11.85,11.87,11.81,6306,0
2025-03-05 00:00:00,0.34,0.27,0.53,0.32,0.4,0.15,0,0.08,11.68,11.74,11.61,11.72,11.81,11.62,11.92,11.99,11.85,12.35,12.45,12.21,12.43,12.57,12.32,12.01,12.07,11.96,11.79,11.85,11.73,11.82,11.9,11.73,6303,0
2025-03-04 23:00:00,0.39,0.31,0.53,0.31,0.36,0.16,0,0.08,11.91,12.09,11.73,11.97,12.13,11.85,12.18,12.33,12.03,12.69,12.91,12.52,12.8,13.04,12.59,12.27,12.43,12.11,12.01,12.2,11.85,12.06,12.21,11.9,6306,0
2025-03-04 22:00:00,0.39,0.26,0.53,0.32,0.36,0.13,0,0.07,12.36,12.57,12.1,12.42,12.67,12.21,12.65,12.91,12.39,13.22,13.5,12.92,13.38,13.65,13.1,12.77,13.02,12.49,12.5,12.78,12.2,12.54,12.8,12.28,6308,0
2025-03-04 21:00:00,0.36,0.26,0.54,0.33,0.42,0.14,0,0.07,12.91,13.24,12.68,12.97,13.27,12.68,13.2,13.5,12.91,13.87,14.25,13.52,14.1,14.54,13.75,13.38,13.73,13.11,13.05,13.38,12.8,13.1,13.4,12.81,6310,0
2025-03-04 20:00:00,0.37,0.28,0.56,0.35,0.41,0.15,0.01,0.1,13.83,14.45,13.27,13.93,14.57,13.39,14.15,14.76,13.6,14.9,15.51,14.33,15.2,15.79,14.58,14.39,15.03,13.79,14.02,14.64,13.4,14.05,14.69,13.51,6310,0
2025-03-04 19:00:00,0.35,0.36,0.57,0.33,0.37,0.12,0.03,0.11,15.44,16.45,14.57,15.52,16.5,14.69,15.68,16.58,14.88,16.32,17.04,15.63,16.61,17.2,15.94,15.99,16.92,15.15,15.69,16.81,14.77,15.8,16.94,14.82,6310,0
2025-03-04 18:00:00,0.38,0.27,0.59,0.35,0.37,0.13,0.01,0.11,17.36,17.76,16.7,17.31,17.65,16.7,17.3,17.61,16.79,17.41,17.54,17.17,17.53,17.68,17.29,17.7,18.1,17.14,17.85,18.35,17.04,17.94,18.41,17.17,6310,0
2025-03-04 17:00:00,0.39,0.27,0.58,0.37,0.38,0.14,0,0.1,17.8,18.24,17.64,17.76,18.2,17.59,17.73,18.12,17.61,17.7,18,17.56,17.91,18.23,17.75,18.21,18.66,18.09,18.35,18.85,18.12,18.44,18.95,18.24,6315,1311
2025-03-04 16:00:00,0.37,0.31,0.63,0.4,0.4,0.13,0.01,0.11,19.19,19.66,18.45,18.98,19.4,18.36,18.68,18.89,18.26,18.15,18.23,18.01,18.29,18.36,18.12,19.33,19.64,18.81,19.98,20.6,19.06,20.1,20.72,19.18,6310,1099
2025-03-04 15:00:00,0.39,0.32,0.62,0.43,0.39,0.12,0.02,0.13,19.01,19.53,18.68,18.74,19.2,18.36,18.31,18.7,17.87,17.57,18,17.1,17.62,18.01,17.18,18.95,19.41,18.58,19.89,20.44,19.6,20.02,20.6,19.75,6310,1961
2025-03-04 14:00:00,0.4,0.31,0.62,0.46,0.37,0.13,0,0.12,17.78,18.59,17.34,17.49,18.24,17.08,17.14,17.78,16.82,16.57,16.99,16.34,16.71,17.07,16.45,17.78,18.45,17.4,18.59,19.53,18.11,18.75,19.65,18.25,6310,1973
2025-03-04 13:00:00,0.4,0.32,0.6,0.46,0.37,0.12,0,0.13,17.33,17.41,17.25,17.01,17.08,16.93,16.74,16.82,16.61,16.09,16.33,15.85,16.2,16.45,15.88,17.32,17.4,17.17,18.16,18.23,18.11,18.39,18.45,18.36,6310,1985
2025-03-04 12:00:00,0.36,0.38,0.62,0.51,0.4,0.12,0.02,0.11,16.7,17.29,15.75,16.36,16.94,15.47,15.98,16.58,15.05,15.1,15.75,14.33,15.1,15.8,14.25,16.5,17.16,15.54,17.64,18.25,16.7,17.85,18.45,16.93,6308,2040
2025-03-04 11:00:00,0.38,0.44,0.62,0.47,0.38,0.13,0.11,0.09,14.96,15.64,14.42,14.69,15.36,14.19,14.27,14.92,13.62,13.62,14.21,13.03,13.61,14.19,12.98,14.65,15.39,13.98,15.54,16.45,14.91,15.82,16.7,15.16,6308,2111
2025-03-04 10:00:00,0.39,0.36,0.56,0.46,0.38,0.1,0.01,0.08,13.05,14.22,12.21,12.81,13.98,11.87,12.33,13.5,11.21,11.93,12.85,11.02,11.76,12.8,10.79,12.43,13.85,11.2,13.6,14.71,12.93,13.93,15.02,13.27,6308,3124
2025-03-04 09:00:00,0.3,0.27,0.48,0.34,0.35,0.04,0,0.01,10.25,11.38,9.85,10.27,11.24,9.95,10.36,10.89,10.09,10.54,10.82,10.38,10.47,10.7,10.32,10.49,10.97,10.3,10.58,11.85,10.18,10.71,12.04,10.31,6306,6519
2025-03-04 08:00:00,0.28,0.22,0.47,0.26,0.34,0.04,0,0,9.68,9.84,9.6,9.75,9.93,9.64,9.96,10.08,9.85,10.22,10.32,10.09,10.17,10.32,10.08,10.1,10.29,9.95,9.97,10.18,9.84,10.03,10.28,9.85,6306,1441
2025-03-04 07:00:00,0.28,0.23,0.46,0.25,0.33,0.03,0,0,9.43,9.56,9.25,9.49,9.63,9.35,9.7,9.85,9.52,9.99,10.08,9.84,9.95,10.07,9.85,9.78,9.95,9.59,9.62,9.84,9.39,9.66,9.84,9.46,6306,0
2025-03-04 06:00:00,0.29,0.25,0.5,0.25,0.34,0.04,0,0,9.08,9.25,9.01,9.16,9.27,9.13,9.4,9.47,9.37,9.82,9.84,9.78,9.86,9.89,9.85,9.46,9.56,9.39,9.23,9.35,9.13,9.28,9.37,9.24,6306,0
2025-03-04 05:00:00,0.29,0.23,0.49,0.24,0.34,0.03,0,0,9.08,9.14,9.01,9.16,9.24,9.12,9.41,9.47,9.37,9.84,9.88,9.84,9.92,9.97,9.89,9.49,9.58,9.35,9.25,9.35,9.13,9.28,9.37,9.14,6306,0
2025-03-04 04:00:00,0.27,0.23,0.47,0.22,0.34,0.03,0,0,9.16,9.37,9.01,9.24,9.41,9.13,9.49,9.72,9.37,10.08,10.31,9.89,10.24,10.51,10.06,9.53,9.72,9.38,9.25,9.47,9.13,9.28,9.49,9.14,6308,0
2025-03-04 03:00:00,0.26,0.19,0.44,0.22,0.34,0.02,0,0,9.73,10.09,9.37,9.82,10.2,9.49,10.1,10.47,9.72,10.73,11.11,10.37,10.92,11.27,10.56,10.15,10.54,9.82,9.85,10.25,9.47,9.88,10.31,9.49,6310,0
2025-03-04 02:00:00,0.26,0.21,0.49,0.29,0.38,0.03,0,0,10.58,10.92,10.2,10.68,11.02,10.31,10.95,11.27,10.56,11.5,11.76,11.18,11.65,11.86,11.38,11.03,11.41,10.61,10.76,11.14,10.31,10.8,11.22,10.34,6310,0
2025-03-04 01:00:00,0.29,0.23,0.52,0.33,0.41,0.09,0,0.01,11.22,11.49,11.02,11.3,11.5,11.08,11.54,11.73,11.37,12.01,12.2,11.85,12.08,12.21,11.92,11.64,11.82,11.48,11.45,11.71,11.25,11.51,11.73,11.26,6310,0
2025-03-04 00:00:00,0.31,0.26,0.55,0.3,0.39,0.13,0,0.04,11.6,11.73,11.5,11.67,11.83,11.52,11.89,12.07,11.74,12.35,12.55,12.2,12.42,12.65,12.22,12.01,12.2,11.84,11.88,12.05,11.73,11.93,12.09,11.76,6306,0
2025-03-03 23:00:00,0.39,0.31,0.57,0.31,0.37,0.12,0,0.03,11.91,12.09,11.73,11.98,12.13,11.85,12.24,12.43,12.09,12.71,12.9,12.56,12.84,13.04,12.68,12.43,12.56,12.28,12.21,12.36,12.08,12.27,12.44,12.09,6310,0
2025-03-03 22:00:00,0.39,0.26,0.56,0.3,0.36,0.12,0,0.02,12.3,12.56,12.09,12.38,12.68,12.18,12.65,12.91,12.44,13.13,13.39,12.91,13.26,13.51,13.04,12.87,13.14,12.64,12.63,12.9,12.41,12.68,12.92,12.44,6315,0
2025-03-03 21:00:00,0.36,0.25,0.57,0.32,0.4,0.13,0,0.02,12.82,13.05,12.56,12.89,13.15,12.68,13.13,13.38,12.91,13.63,13.87,13.39,13.76,14.01,13.51,13.37,13.61,13.14,13.15,13.38,12.91,13.19,13.46,12.95,6315,0
2025-03-03 20:00:00,0.37,0.27,0.56,0.33,0.43,0.13,0,0.04,13.36,13.62,13.15,13.43,13.74,13.15,13.67,13.98,13.39,14.21,14.53,13.95,14.35,14.69,14.1,13.91,14.2,13.63,13.67,13.97,13.44,13.72,13.98,13.51,6315,0
2025-03-03 19:00:00,0.36,0.31,0.6,0.35,0.41,0.13,0.03,0.08,14.2,14.81,13.74,14.24,14.81,13.74,14.45,14.92,14.01,14.97,15.4,14.57,15.14,15.52,14.72,14.72,15.27,14.27,14.49,15.12,13.98,14.56,15.16,14.1,6317,0
2025-03-03 18:00:00,0.35,0.38,0.61,0.32,0.36,0.11,0.02,0.06,15.56,16.1,14.93,15.53,15.99,14.93,15.58,15.97,15.04,15.79,15.99,15.5,15.86,16,15.64,15.93,16.33,15.39,16.01,16.61,15.28,16.08,16.7,15.29,6319,0
2025-03-03 17:00:00,0.33,0.37,0.6,0.33,0.36,0.11,0.03,0.08,15.95,16.12,15.52,15.85,16,15.52,15.83,15.99,15.63,15.95,15.99,15.88,16,16.04,15.99,16.23,16.37,15.98,16.53,16.78,16.06,16.63,16.83,16.11,6319,685
2025-03-03 16:00:00,0.32,0.34,0.6,0.32,0.37,0.1,0.02,0.05,16.15,16.82,15.52,16.05,16.7,15.52,16.12,16.6,15.63,16.35,16.7,15.99,16.46,16.79,16.11,16.57,17.16,16,16.7,17.52,16.01,16.8,17.65,16.11,6319,1934
2025-03-03 15:00:00,0.38,0.29,0.63,0.36,0.35,0.12,0,0.07,17.36,17.76,16.94,17.17,17.53,16.81,16.98,17.31,16.7,16.85,17.01,16.7,16.9,16.94,16.82,17.55,17.76,17.28,18.16,18.48,17.65,18.3,18.65,17.81,6319,1642
2025-03-03 14:00:00,0.39,0.28,0.62,0.38,0.37,0.13,0,0.04,17.77,17.87,17.67,17.57,17.65,17.41,17.38,17.53,17.06,16.76,16.99,16.2,16.64,16.94,16.11,17.71,17.82,17.53,18.53,18.59,18.36,18.66,18.78,18.54,6317,2044
2025-03-03 13:00:00,0.37,0.32,0.64,0.42,0.4,0.11,0.02,0.08,16.76,17.53,15.99,16.46,17.19,15.68,16.04,16.86,15.28,15.21,16.02,14.45,15.14,15.9,14.36,16.61,17.4,15.79,17.58,18.35,16.69,17.76,18.54,16.89,6315,2084
2025-03-03 12:00:00,0.38,0.39,0.62,0.4,0.39,0.13,0.04,0.1,14.94,15.87,14.1,14.68,15.52,13.86,14.34,15.16,13.5,13.58,14.32,12.8,13.47,14.23,12.61,14.73,15.64,13.85,15.48,16.57,14.48,15.7,16.7,14.81,6310,2056
2025-03-03 11:00:00,0.37,0.29,0.58,0.38,0.39,0.12,0.01,0.05,12.88,13.86,11.97,12.72,13.64,11.76,12.46,13.37,11.49,11.89,12.66,11.13,11.72,12.45,10.91,12.66,13.61,11.6,13.2,14.31,12.09,13.45,14.57,12.39,6310,2060
2025-03-03 10:00:00,0.29,0.23,0.49,0.27,0.35,0.04,0,0.01,10.66,11.57,10.14,10.59,11.39,10.08,10.54,11.18,10.1,10.48,10.9,10.18,10.3,10.72,10,10.57,11.3,10.16,10.76,11.73,10.18,10.92,11.97,10.31,6310,6500
2025-03-03 09:00:00,0.26,0.22,0.47,0.28,0.34,0.02,0,0,9.87,10.08,9.72,9.86,10.07,9.76,9.87,10.08,9.72,9.99,10.09,9.87,9.85,9.96,9.74,9.86,10.06,9.71,9.85,10.12,9.67,9.91,10.2,9.72,6310,1662
2025-03-03 08:00:00,0.25,0.23,0.47,0.27,0.34,0.01,0,0,9.46,9.6,9.42,9.47,9.64,9.43,9.61,9.68,9.6,9.84,9.84,9.83,9.72,9.72,9.72,9.59,9.63,9.59,9.49,9.6,9.47,9.51,9.6,9.47,6310,3549
2025-03-03 07:00:00,0.25,0.23,0.47,0.25,0.34,0.02,0,0,9.49,9.57,9.47,9.5,9.56,9.47,9.63,9.71,9.6,9.9,9.96,9.84,9.82,9.85,9.74,9.63,9.71,9.59,9.52,9.6,9.47,9.53,9.6,9.49,6310,0
2025-03-03 06:00:00,0.26,0.21,0.45,0.26,0.34,0.01,0,0,9.6,9.64,9.57,9.6,9.66,9.57,9.74,9.83,9.71,10,10.07,9.96,9.92,9.96,9.85,9.76,9.83,9.71,9.65,9.72,9.6,9.64,9.72,9.6,6310,0
2025-03-03 05:00:00,0.25,0.21,0.46,0.27,0.33,0.05,0,0,9.75,9.84,9.68,9.74,9.84,9.68,9.87,9.96,9.84,10.09,10.14,10.07,10.03,10.08,9.96,9.92,9.95,9.83,9.83,9.93,9.72,9.84,9.96,9.72,6310,0
2025-03-03 04:00:00,0.25,0.23,0.46,0.23,0.33,0.07,0,0,9.83,9.84,9.82,9.83,9.84,9.82,9.95,9.96,9.92,10.17,10.18,10.14,10.08,10.08,10.08,9.95,9.95,9.95,9.88,9.93,9.84,9.89,9.96,9.84,6310,0
2025-03-03 03:00:00,0.25,0.24,0.47,0.22,0.33,0.06,0,0,9.82,9.84,9.8,9.83,9.84,9.82,9.96,9.96,9.95,10.18,10.18,10.18,10.08,10.08,10.08,9.95,9.95,9.95,9.84,9.84,9.84,9.85,9.85,9.84,6310,0
2025-03-03 02:00:00,0.26,0.2,0.45,0.22,0.33,0.05,0,0,9.76,9.81,9.72,9.76,9.8,9.72,9.93,9.96,9.91,10.18,10.18,10.18,10.08,10.08,10.08,9.94,9.95,9.92,9.84,9.84,9.82,9.83,9.84,9.79,6310,0
2025-03-03 01:00:00,0.25,0.21,0.45,0.22,0.34,0.04,0,0,9.69,9.74,9.62,9.71,9.74,9.66,9.86,9.91,9.84,10.18,10.18,10.17,10.1,10.18,10.08,9.86,9.93,9.83,9.74,9.81,9.72,9.73,9.8,9.67,6310,0
2025-03-03 00:00:00,0.25,0.2,0.46,0.21,0.35,0.04,0,0,9.7,9.84,9.62,9.73,9.84,9.66,9.9,10.02,9.84,10.3,10.43,10.18,10.33,10.55,10.2,9.95,10.06,9.84,9.76,9.84,9.72,9.71,9.84,9.64,6306,0
2025-03-02 23:00:00,0.26,0.19,0.45,0.22,0.33,0.02,0,0,10.09,10.34,9.84,10.11,10.38,9.84,10.3,10.56,10.08,10.74,11.01,10.53,10.78,11.03,10.56,10.4,10.66,10.14,10.19,10.45,9.92,10.13,10.43,9.85,6315,0
2025-03-02 22:00:00,0.26,0.22,0.48,0.27,0.36,0.02,0,0,10.62,10.9,10.43,10.65,10.91,10.43,10.83,11.04,10.64,11.26,11.49,11.02,11.29,11.51,11.07,10.93,11.24,10.68,10.74,11.02,10.53,10.71,11.02,10.45,6317,0
2025-03-02 21:00:00,0.26,0.24,0.52,0.3,0.39,0.08,0,0,11.16,11.38,10.91,11.16,11.38,10.91,11.35,11.58,11.14,11.74,11.97,11.5,11.78,11.97,11.59,11.51,11.73,11.25,11.36,11.61,11.1,11.32,11.62,11.02,6319,0
2025-03-02 20:00:00,0.33,0.26,0.55,0.29,0.4,0.13,0,0.03,11.71,11.97,11.46,11.7,11.97,11.44,11.85,12.14,11.61,12.24,12.52,11.97,12.27,12.56,12.01,12.07,12.36,11.81,11.95,12.26,11.68,11.92,12.21,11.63,6319,0
2025-03-02 19:00:00,0.37,0.28,0.55,0.29,0.36,0.11,0,0.02,12.46,12.92,12.04,12.45,12.92,12.04,12.59,13.02,12.2,12.83,13.05,12.56,12.82,13.02,12.57,12.78,13.14,12.43,12.76,13.27,12.32,12.77,13.29,12.32,6319,0
2025-03-02 18:00:00,0.36,0.26,0.55,0.29,0.37,0.12,0,0.04,13.16,13.25,13.03,13.09,13.15,12.92,13.12,13.15,13.03,13.09,13.15,13.03,13,13.04,12.92,13.32,13.38,13.24,13.5,13.61,13.28,13.59,13.72,13.39,6319,0
2025-03-02 17:00:00,0.34,0.28,0.57,0.29,0.38,0.13,0,0.04,13.03,13.15,12.92,12.96,13.1,12.84,12.96,13.05,12.9,12.93,13.03,12.89,12.83,12.92,12.8,13.19,13.27,13.12,13.4,13.52,13.27,13.52,13.64,13.39,6319,697
2025-03-02 16:00:00,0.35,0.27,0.57,0.31,0.36,0.13,0,0.04,13.06,13.15,12.94,12.93,12.97,12.91,12.92,12.97,12.91,12.82,12.91,12.68,12.71,12.8,12.57,13.15,13.17,13.14,13.45,13.5,13.35,13.58,13.64,13.39,6319,409
2025-03-02 15:00:00,0.36,0.27,0.56,0.31,0.41,0.11,0,0.03,12.88,13.13,12.45,12.73,12.97,12.32,12.63,12.91,12.26,12.39,12.68,12.08,12.23,12.57,11.86,12.85,13.14,12.43,13.26,13.5,12.81,13.45,13.7,13.03,6319,1544
2025-03-02 14:00:00,0.37,0.27,0.55,0.32,0.37,0.12,0,0.04,11.96,12.44,11.53,11.85,12.28,11.5,11.82,12.2,11.48,11.69,12,11.4,11.53,11.85,11.28,11.98,12.43,11.6,12.28,12.78,11.85,12.44,12.93,11.97,6317,1898
2025-03-02 13:00:00,0.26,0.23,0.51,0.28,0.35,0.05,0,0.01,11.3,11.5,11.25,11.19,11.38,11.14,11.21,11.38,11.15,11.27,11.38,11.15,11.16,11.27,11.05,11.4,11.6,11.31,11.53,11.74,11.43,11.66,11.92,11.58,6317,2005
2025-03-02 12:00:00,0.26,0.21,0.5,0.25,0.34,0.05,0,0.01,11.18,11.23,11.14,11.12,11.14,11.02,11.12,11.14,11.02,11.01,11.14,10.87,10.89,11.03,10.68,11.24,11.26,11.17,11.39,11.44,11.37,11.54,11.62,11.5,6315,1902
2025-03-02 11:00:00,0.26,0.22,0.47,0.24,0.33,0.02,0,0,10.66,11.14,10.08,10.58,11.02,10.08,10.56,11.01,10.08,10.41,10.78,10.06,10.25,10.67,9.85,10.66,11.13,10.14,10.87,11.37,10.31,11.01,11.5,10.4,6317,1043
2025-03-02 10:00:00,0.25,0.22,0.48,0.23,0.34,0.03,0,0,9.61,10.06,9.22,9.56,9.97,9.14,9.61,9.97,9.25,9.72,9.96,9.52,9.59,9.85,9.43,9.64,10.06,9.27,9.69,10.18,9.24,9.77,10.31,9.26,6315,1650
2025-03-02 09:00:00,0.27,0.24,0.48,0.21,0.34,0.02,0,0,9.11,9.14,9.06,9.1,9.16,9.06,9.21,9.31,9.14,9.56,9.72,9.47,9.52,9.68,9.43,9.23,9.35,9.18,9.14,9.24,9.1,9.14,9.25,9.09,6317,1473
2025-03-02 08:00:00,0.24,0.22,0.46,0.21,0.33,0.01,0,0,9.37,9.49,9.22,9.38,9.49,9.24,9.52,9.71,9.37,9.89,10.06,9.72,9.85,9.96,9.72,9.54,9.71,9.35,9.4,9.6,9.24,9.39,9.6,9.25,6319,0
2025-03-02 07:00:00,0.24,0.19,0.44,0.21,0.32,0.03,0,0,9.71,9.84,9.6,9.72,9.84,9.6,9.87,9.96,9.72,10.13,10.18,10.07,10.04,10.08,9.96,9.87,9.95,9.74,9.76,9.92,9.6,9.78,9.95,9.6,6319,0
2025-03-02 06:00:00,0.25,0.18,0.45,0.2,0.34,0.01,0,0,9.97,10.1,9.84,9.97,10.1,9.84,10.09,10.21,9.96,10.3,10.43,10.18,10.21,10.32,10.08,10.1,10.26,9.95,10.06,10.2,9.95,10.1,10.29,9.96,6319,0
2025-03-02 05:00:00,0.3,0.19,0.45,0.19,0.36,0.03,0,0,10.2,10.2,10.18,10.19,10.2,10.17,10.31,10.31,10.3,10.42,10.43,10.36,10.3,10.32,10.24,10.31,10.35,10.3,10.31,10.32,10.3,10.36,10.42,10.31,6319,0
2025-03-02 04:00:00,0.26,0.19,0.45,0.2,0.33,0.01,0,0,9.94,10.1,9.82,9.95,10.13,9.84,10.09,10.28,9.97,10.27,10.34,10.18,10.15,10.22,10.09,10.11,10.3,9.95,10.06,10.31,9.89,10.08,10.31,9.89,6319,0
2025-03-02 03:00:00,0.25,0.19,0.45,0.22,0.32,0.03,0,0,9.7,9.83,9.6,9.73,9.84,9.6,9.9,9.96,9.82,10.13,10.18,10.07,10.03,10.08,9.96,9.88,9.95,9.76,9.76,9.85,9.6,9.76,9.85,9.6,6319,0
2025-03-02 02:00:00,0.25,0.22,0.45,0.2,0.33,0.02,0,0,9.38,9.56,9.24,9.41,9.6,9.25,9.59,9.72,9.47,9.97,10.02,9.95,9.98,10.08,9.96,9.6,9.72,9.47,9.4,9.6,9.24,9.35,9.6,9.13,6319,0
2025-03-02 01:00:00,0.25,0.21,0.45,0.19,0.33,0.02,0,0,9.4,9.6,9.22,9.46,9.68,9.26,9.66,9.89,9.47,10.26,10.55,10.02,10.39,10.68,10.1,9.72,9.95,9.5,9.42,9.64,9.24,9.31,9.58,9.13,6319,0
2025-03-02 00:00:00,0.25,0.17,0.45,0.21,0.34,0.01,0,0,10.05,10.54,9.68,10.09,10.55,9.72,10.32,10.79,9.96,11,11.49,10.55,11.22,11.68,10.79,10.44,10.89,10.06,10.1,10.58,9.72,10.01,10.51,9.6,6315,0
2025-03-01 23:00:00,0.27,0.24,0.51,0.26,0.4,0.06,0,0,11.18,11.65,10.6,11.24,11.73,10.68,11.45,11.91,10.9,12.05,12.44,11.6,12.15,12.46,11.74,11.54,11.96,11.01,11.28,11.83,10.68,11.24,11.76,10.62,6323,0
2025-03-01 22:00:00,0.37,0.27,0.53,0.26,0.35,0.11,0,0.02,12.1,12.52,11.73,12.14,12.56,11.73,12.33,12.76,11.97,12.87,13.27,12.54,12.89,13.28,12.56,12.41,12.81,12.04,12.28,12.72,11.85,12.28,12.71,11.85,6326,0
2025-03-01 21:00:00,0.34,0.25,0.55,0.28,0.38,0.11,0,0.02,12.97,13.29,12.58,12.99,13.32,12.67,13.14,13.49,12.8,13.62,13.98,13.27,13.64,13.98,13.32,13.27,13.61,12.9,13.21,13.6,12.8,13.22,13.62,12.8,6328,0
2025-03-01 20:00:00,0.33,0.27,0.57,0.3,0.41,0.11,0.01,0.04,13.76,14.22,13.39,13.76,14.22,13.39,13.88,14.32,13.52,14.38,14.8,13.98,14.42,14.82,14.01,14.06,14.49,13.68,14.02,14.46,13.62,14.05,14.47,13.63,6328,0
2025-03-01 19:00:00,0.39,0.36,0.65,0.31,0.38,0.11,0.02,0.08,14.86,15.4,14.28,14.84,15.4,14.28,14.94,15.52,14.35,15.37,15.87,14.83,15.44,15.91,14.93,15.21,15.86,14.58,15.21,15.87,14.57,15.22,15.87,14.57,6328,0
2025-03-01 18:00:00,0.32,0.34,0.59,0.3,0.38,0.09,0.02,0.05,16.03,16.5,15.52,15.98,16.43,15.52,16.02,16.41,15.63,16.21,16.45,15.94,16.27,16.51,16,16.39,16.79,15.94,16.48,17.04,15.95,16.55,17.09,15.99,6328,0
2025-03-01 17:00:00,0.32,0.28,0.61,0.33,0.39,0.1,0.01,0.05,16.79,16.94,16.58,16.68,16.82,16.45,16.61,16.73,16.45,16.59,16.69,16.45,16.65,16.7,16.59,17.06,17.2,16.9,17.33,17.53,17.08,17.46,17.65,17.17,6328,850
2025-03-01 16:00:00,0.36,0.28,0.62,0.33,0.36,0.11,0.01,0.07,17.13,17.41,16.91,16.99,17.28,16.79,16.83,17.04,16.69,16.73,16.81,16.65,16.82,16.9,16.7,17.36,17.62,17.16,17.74,18.11,17.45,17.89,18.24,17.62,6328,1926
2025-03-01 15:00:00,0.37,0.3,0.63,0.37,0.37,0.14,0.01,0.07,17.39,17.65,16.95,17.2,17.41,16.82,16.91,17.16,16.58,16.6,16.81,16.34,16.66,16.91,16.42,17.48,17.69,17.16,18.08,18.34,17.68,18.27,18.5,17.87,6328,1906
2025-03-01 14:00:00,0.35,0.28,0.63,0.37,0.38,0.1,0.02,0.06,17.1,17.65,16.7,16.96,17.37,16.68,16.72,17.04,16.45,16.38,16.45,16.31,16.39,16.45,16.25,17.19,17.45,17,17.8,18.32,17.42,18,18.59,17.53,6328,1934
2025-03-01 13:00:00,0.33,0.31,0.62,0.42,0.4,0.1,0.02,0.07,16.74,17.53,16.2,16.51,17.29,15.99,16.28,16.93,15.86,15.68,16.27,15.17,15.59,16.16,15.05,16.61,17.34,16.1,17.34,18.2,16.69,17.67,18.57,17.04,6328,2076
2025-03-01 12:00:00,0.36,0.44,0.63,0.45,0.44,0.12,0.04,0.07,15.52,16.11,14.81,15.29,15.87,14.57,15.09,15.74,14.33,14.45,15.11,13.74,14.25,14.93,13.51,15.38,15.98,14.68,16.03,16.58,15.39,16.31,16.94,15.62,6326,2001
2025-03-01 11:00:00,0.38,0.35,0.59,0.42,0.41,0.14,0.05,0.12,13.87,14.65,12.87,13.66,14.35,12.69,13.43,14.16,12.56,12.98,13.62,12.28,12.77,13.41,12.09,13.83,14.51,12.92,14.51,15.16,13.5,14.79,15.4,13.75,6326,2434
2025-03-01 10:00:00,0.35,0.34,0.55,0.4,0.41,0.11,0.01,0.07,11.6,12.68,10.79,11.53,12.56,10.79,11.52,12.37,10.9,11.5,12.17,11.02,11.42,11.97,11.02,11.92,12.78,11.25,12.19,13.36,11.37,12.4,13.63,11.43,6323,2158
2025-03-01 09:00:00,0.29,0.23,0.5,0.32,0.37,0.04,0,0.02,10.17,10.67,9.85,10.23,10.68,9.96,10.45,10.79,10.28,10.76,11.01,10.66,10.78,10.92,10.69,10.84,11.22,10.66,10.75,11.26,10.43,10.76,11.28,10.43,6323,1489
2025-03-01 08:00:00,0.27,0.22,0.47,0.31,0.36,0.02,0,0,9.86,9.93,9.84,9.97,10.01,9.96,10.3,10.33,10.28,10.66,10.68,10.65,10.75,10.79,10.7,10.66,10.68,10.66,10.43,10.46,10.43,10.4,10.43,10.34,6323,86
2025-03-01 07:00:00,0.28,0.16,0.45,0.31,0.36,0.03,0,0,9.97,10,9.96,10.08,10.08,10.06,10.4,10.43,10.32,10.75,10.78,10.69,10.84,10.91,10.79,10.76,10.77,10.7,10.55,10.6,10.49,10.51,10.55,10.43,6323,0
2025-03-01 06:00:00,0.27,0.19,0.46,0.33,0.36,0.02,0,0,10.07,10.09,10.01,10.16,10.21,10.08,10.48,10.55,10.43,10.82,10.88,10.78,10.91,10.91,10.91,10.86,10.89,10.8,10.68,10.77,10.59,10.65,10.7,10.55,6323,0
2025-03-01 05:00:00,0.28,0.21,0.46,0.34,0.36,0.02,0,0,10.08,10.1,10.08,10.2,10.2,10.2,10.53,10.55,10.49,10.82,10.88,10.78,10.91,10.91,10.91,10.89,10.89,10.88,10.73,10.77,10.68,10.69,10.76,10.67,6323,0
2025-03-01 04:00:00,0.27,0.19,0.45,0.33,0.36,0.02,0,0,10.08,10.08,10.07,10.15,10.2,10.08,10.45,10.52,10.43,10.78,10.8,10.78,10.84,10.9,10.79,10.84,10.89,10.78,10.66,10.68,10.66,10.67,10.67,10.64,6323,0
2025-03-01 03:00:00,0.27,0.16,0.45,0.31,0.35,0.03,0,0,9.97,10.04,9.93,10.07,10.09,10.02,10.39,10.43,10.31,10.7,10.75,10.67,10.79,10.79,10.77,10.74,10.78,10.67,10.58,10.66,10.54,10.56,10.62,10.53,6323,0
2025-03-01 02:00:00,0.26,0.19,0.46,0.32,0.35,0.02,0,0,9.87,9.95,9.84,9.99,10.06,9.96,10.31,10.33,10.3,10.69,10.78,10.67,10.81,10.91,10.76,10.66,10.69,10.66,10.45,10.53,10.43,10.43,10.46,10.43,6328,0
2025-03-01 01:00:00,0.28,0.18,0.46,0.34,0.35,0.02,0,0,10.04,10.2,9.96,10.15,10.31,10.08,10.5,10.67,10.36,10.88,11.02,10.78,11.01,11.14,10.91,10.84,11.01,10.69,10.62,10.78,10.5,10.59,10.79,10.44,6326,0
2025-03-01 00:00:00,0.32,0.19,0.47,0.36,0.36,0.03,0,0,10.21,10.26,10.2,10.33,10.4,10.31,10.69,10.76,10.67,11.04,11.13,11.02,11.17,11.25,11.15,11.06,11.14,11.01,10.87,10.9,10.79,10.84,10.91,10.79,6319,0
2025-02-28 23:00:00,0.26,0.18,0.48,0.37,0.38,0.05,0,0,10.41,10.55,10.31,10.51,10.65,10.42,10.87,11.01,10.79,11.24,11.37,11.14,11.34,11.41,11.27,11.26,11.37,11.13,11.06,11.23,10.91,11.02,11.14,10.91,6328,0
2025-02-28 22:00:00,0.26,0.28,0.48,0.41,0.38,0.07,0,0,10.58,10.67,10.55,10.69,10.79,10.67,11.04,11.12,11.02,11.39,11.47,11.35,11.46,11.52,11.41,11.45,11.48,11.37,11.27,11.33,11.24,11.24,11.27,11.18,6328,0
2025-02-28 21:00:00,0.26,0.31,0.5,0.43,0.4,0.09,0,0,10.72,10.8,10.67,10.82,10.91,10.79,11.16,11.26,11.12,11.52,11.61,11.49,11.62,11.73,11.52,11.53,11.6,11.48,11.36,11.43,11.33,11.32,11.4,11.26,6328,0
2025-02-28 20:00:00,0.26,0.23,0.51,0.41,0.4,0.1,0,0,10.94,11.02,10.82,11,11.1,10.91,11.34,11.41,11.26,11.69,11.73,11.61,11.79,11.86,11.74,11.71,11.82,11.61,11.56,11.68,11.45,11.55,11.65,11.46,6328,0
2025-02-28 19:00:00,0.27,0.24,0.53,0.42,0.4,0.11,0,0.02,11.15,11.26,11.03,11.2,11.26,11.12,11.51,11.61,11.4,11.82,11.85,11.73,11.89,11.97,11.86,11.88,11.95,11.84,11.77,11.85,11.72,11.77,11.85,11.7,6328,0
2025-02-28 18:00:00,0.28,0.28,0.54,0.43,0.44,0.13,0,0.03,11.31,11.38,11.26,11.33,11.38,11.26,11.61,11.64,11.61,11.87,11.92,11.86,11.96,11.97,11.95,11.96,11.96,11.94,11.89,11.96,11.85,11.91,11.97,11.85,6328,0
2025-02-28 17:00:00,0.32,0.27,0.53,0.43,0.43,0.15,0,0.02,11.4,11.47,11.38,11.41,11.47,11.38,11.71,11.73,11.66,11.94,11.97,11.88,11.95,11.97,11.91,11.96,12,11.95,11.94,11.97,11.89,11.99,12.04,11.96,6328,0
2025-02-28 16:00:00,0.31,0.26,0.53,0.42,0.42,0.11,0,0.03,11.42,11.5,11.38,11.43,11.5,11.38,11.68,11.73,11.63,11.9,11.95,11.86,11.9,11.95,11.86,11.87,11.95,11.84,11.85,11.88,11.85,11.88,11.97,11.85,6328,200
2025-02-28 15:00:00,0.35,0.29,0.55,0.43,0.43,0.15,0,0.03,11.84,12.12,11.54,11.79,12.07,11.51,11.95,12.2,11.73,12.04,12.15,11.95,12.03,12.09,11.97,12.13,12.32,11.93,12.18,12.52,11.85,12.24,12.59,11.94,6328,149
2025-02-28 14:00:00,0.39,0.33,0.56,0.45,0.42,0.12,0,0.03,12.29,12.42,12.09,12.16,12.25,11.97,12.2,12.32,11.97,12.05,12.19,11.85,11.97,12.09,11.83,12.38,12.44,12.19,12.67,12.8,12.44,12.81,12.92,12.58,6328,807
2025-02-28 13:00:00,0.38,0.33,0.55,0.46,0.4,0.14,0,0.05,11.96,12.29,11.81,11.82,12.09,11.67,11.93,12.2,11.81,11.82,11.9,11.76,11.77,11.85,11.74,12.06,12.31,11.96,12.21,12.48,12.08,12.27,12.56,12.09,6328,1985
2025-02-28 12:00:00,0.37,0.35,0.54,0.47,0.38,0.11,0,0.04,12.33,12.6,11.63,12.1,12.33,11.43,12.11,12.43,11.39,11.48,11.86,10.78,11.32,11.8,10.56,12.19,12.52,11.49,12.64,12.91,11.96,12.74,13.03,12.06,6328,839
2025-02-28 11:00:00,0.28,0.34,0.48,0.42,0.37,0.04,0,0.03,10.73,11.5,10.02,10.56,11.26,9.93,10.56,11.26,9.89,10.04,10.67,9.47,9.79,10.44,9.17,10.6,11.37,9.85,11.02,11.81,10.31,11.09,11.85,10.43,6328,2119
2025-02-28 10:00:00,0.27,0.35,0.48,0.43,0.37,0.04,0,0.03,9.09,9.96,8.1,9.01,9.84,8.08,8.97,9.8,8.18,8.72,9.35,8.18,8.47,9.03,7.95,8.97,9.79,8.17,9.29,10.18,8.3,9.43,10.31,8.33,6326,1957
2025-02-28 09:00:00,0.33,0.34,0.48,0.4,0.37,0.03,0,0.01,7.74,8.04,7.48,7.77,8.04,7.59,7.8,8.07,7.48,7.88,8.12,7.71,7.71,7.95,7.5,7.83,8.12,7.57,7.81,8.18,7.47,7.86,8.22,7.48,6323,1969
2025-02-28 08:00:00,0.32,0.4,0.47,0.43,0.35,0.02,0,0.02,6.98,7.48,6.79,7.11,7.59,7,7.27,7.47,7.19,7.55,7.66,7.47,7.49,7.59,7.47,7.34,7.46,7.23,7.12,7.35,7,7.11,7.36,7,6326,1725
2025-02-28 07:00:00,0.35,0.35,0.46,0.39,0.4,0.01,0,0.02,7.05,7.12,7,7.12,7.17,7.08,7.36,7.37,7.36,7.67,7.71,7.61,7.6,7.61,7.6,7.47,7.54,7.46,7.26,7.35,7.15,7.2,7.34,7.12,6326,0
2025-02-28 06:00:00,0.38,0.32,0.46,0.35,0.39,0.03,0,0.01,7.05,7.12,7,7.12,7.19,7.08,7.36,7.4,7.35,7.64,7.71,7.6,7.59,7.6,7.56,7.47,7.53,7.46,7.28,7.35,7.14,7.22,7.32,7.13,6328,0
2025-02-28 05:00:00,0.32,0.31,0.48,0.31,0.38,0,0,0.01,6.94,7,6.88,7.01,7.05,7,7.25,7.3,7.22,7.6,7.7,7.59,7.62,7.72,7.57,7.4,7.46,7.31,7.06,7.16,7,7.03,7.12,6.97,6328,0
2025-02-28 04:00:00,0.33,0.24,0.48,0.21,0.35,0,0,0,7.06,7.24,6.88,7.16,7.36,7,7.42,7.59,7.24,7.88,8.06,7.69,7.94,8.07,7.72,7.56,7.71,7.46,7.19,7.37,7.01,7.11,7.3,7,6328,0
2025-02-28 03:00:00,0.33,0.23,0.45,0.19,0.35,0,0,0,7.37,7.54,7.25,7.46,7.59,7.36,7.71,7.84,7.6,8.2,8.39,8.06,8.27,8.43,8.12,7.82,7.95,7.7,7.51,7.66,7.43,7.41,7.56,7.34,6328,0
2025-02-28 02:00:00,0.32,0.18,0.44,0.19,0.35,0.03,0,0,7.75,7.95,7.58,7.83,8.02,7.59,8.08,8.3,7.88,8.6,8.77,8.42,8.7,8.89,8.52,8.23,8.45,8.01,7.91,8.1,7.71,7.84,8.07,7.59,6328,0
2025-02-28 01:00:00,0.29,0.15,0.45,0.2,0.36,0.02,0,0,8.21,8.54,7.95,8.3,8.63,8.06,8.56,8.89,8.3,9.1,9.42,8.83,9.21,9.49,8.91,8.77,9.05,8.52,8.43,8.77,8.17,8.36,8.66,8.07,6328,0
2025-02-28 00:00:00,0.25,0.21,0.47,0.18,0.35,0.02,0,0,8.83,9.01,8.59,8.92,9.13,8.66,9.19,9.39,8.99,9.71,9.96,9.47,9.78,10.02,9.57,9.37,9.59,9.12,9.06,9.27,8.77,8.99,9.24,8.78,6323,0
2025-02-27 23:00:00,0.25,0.2,0.44,0.17,0.34,0.02,0,0,9.38,9.66,9.13,9.49,9.77,9.24,9.72,9.97,9.47,10.31,10.65,9.99,10.42,10.75,10.08,9.87,10.17,9.6,9.56,9.84,9.34,9.48,9.72,9.25,6339,0
2025-02-27 22:00:00,0.26,0.16,0.44,0.2,0.36,0.01,0,0,10.07,10.43,9.72,10.18,10.55,9.84,10.44,10.79,10.08,11.1,11.49,10.7,11.22,11.62,10.79,10.61,11.01,10.18,10.26,10.66,9.88,10.19,10.56,9.84,6339,0
2025-02-27 21:00:00,0.25,0.21,0.5,0.23,0.39,0.07,0,0,10.93,11.5,10.43,11.08,11.65,10.56,11.32,11.86,10.87,12.11,12.73,11.55,12.32,13.04,11.74,11.58,12.19,11.1,11.17,11.73,10.72,11.11,11.66,10.67,6339,0
2025-02-27 20:00:00,0.35,0.25,0.52,0.25,0.4,0.11,0,0.01,12.56,13.62,11.66,12.7,13.74,11.79,12.93,13.96,12.06,13.74,14.66,12.9,13.96,14.81,13.16,13.21,14.27,12.31,12.8,13.94,11.85,12.76,13.86,11.81,6341,0
2025-02-27 19:00:00,0.35,0.36,0.6,0.28,0.41,0.1,0.02,0.06,14.78,15.52,13.85,14.82,15.48,13.93,15.01,15.63,14.12,15.45,15.91,14.8,15.48,15.88,14.93,15.35,15.98,14.45,15.19,15.97,14.14,15.18,15.98,14.1,6341,0
2025-02-27 18:00:00,0.32,0.32,0.59,0.29,0.4,0.09,0.02,0.05,16.15,16.7,15.52,16.09,16.58,15.52,16.14,16.58,15.66,16.32,16.58,15.99,16.26,16.48,16,16.53,16.95,16.06,16.65,17.27,16,16.7,17.34,16.03,6341,0
2025-02-27 17:00:00,0.35,0.28,0.61,0.3,0.39,0.11,0.01,0.06,17.1,17.65,16.74,16.95,17.42,16.67,16.85,17.24,16.58,16.78,16.95,16.58,16.69,16.82,16.54,17.29,17.66,17.04,17.65,18.23,17.29,17.79,18.45,17.41,6341,1024
2025-02-27 16:00:00,0.39,0.27,0.58,0.34,0.4,0.12,0,0.04,17.76,17.99,17.62,17.51,17.65,17.39,17.23,17.32,17.12,16.85,16.95,16.7,16.62,16.82,16.45,17.67,17.75,17.54,18.39,18.59,18.23,18.63,18.94,18.45,6341,996
2025-02-27 15:00:00,0.37,0.3,0.62,0.34,0.43,0.1,0.01,0.06,17.38,18,16.82,17.08,17.65,16.57,16.73,17.29,16.2,16.19,16.7,15.75,15.89,16.35,15.52,17.14,17.66,16.69,18.06,18.65,17.52,18.34,18.95,17.77,6341,925
2025-02-27 14:00:00,0.31,0.29,0.6,0.36,0.43,0.11,0.02,0.06,16.58,16.82,16.41,16.3,16.57,16.19,16,16.11,15.88,15.56,15.67,15.51,15.3,15.43,15.17,16.44,16.57,16.33,17.23,17.52,17.04,17.49,17.87,17.29,6341,1977
2025-02-27 13:00:00,0.32,0.32,0.62,0.39,0.44,0.1,0.03,0.08,16.54,16.94,15.75,16.24,16.61,15.45,15.75,16.17,14.92,14.92,15.48,14.09,14.49,15.09,13.67,16.02,16.57,15.15,17.13,17.64,16.2,17.52,18,16.58,6339,1879
2025-02-27 12:00:00,0.37,0.38,0.61,0.36,0.41,0.12,0.03,0.08,15.09,15.52,14.33,14.78,15.28,13.98,14.19,14.81,13.39,13.34,13.98,12.51,12.88,13.56,12.03,14.4,14.96,13.53,15.49,15.99,14.6,15.89,16.36,15.04,6339,2147
2025-02-27 11:00:00,0.35,0.28,0.57,0.31,0.38,0.11,0,0.06,13,14.11,12.09,12.69,13.82,11.8,12.13,13.15,11.26,11.37,12.32,10.55,11,11.86,10.18,12.31,13.38,11.37,13.16,14.45,12.08,13.53,14.82,12.44,6339,2505
2025-02-27 10:00:00,0.25,0.22,0.48,0.26,0.37,0.02,0,0.01,10.58,11.85,9.2,10.29,11.5,9.12,9.95,11.02,9.01,9.53,10.31,8.89,9.17,9.96,8.55,9.91,11.08,8.99,10.39,11.76,9.24,10.66,12.09,9.37,6339,6551
2025-02-27 09:00:00,0.25,0.2,0.47,0.24,0.37,0.03,0,0,8.72,9.01,8.45,8.62,8.89,8.3,8.6,8.89,8.3,8.59,8.77,8.41,8.3,8.54,8.09,8.5,8.83,8.18,8.61,9.01,8.28,8.72,9.13,8.3,6332,5475
2025-02-27 08:00:00,0.3,0.17,0.44,0.23,0.35,0.03,0,0,8.04,8.22,7.95,8.04,8.2,7.96,8.13,8.28,8.07,8.28,8.33,8.22,8.07,8.07,8.06,8.05,8.17,7.97,8,8.18,7.94,8.03,8.24,7.95,6332,1229
2025-02-27 07:00:00,0.31,0.18,0.45,0.2,0.35,0,0,0,7.95,7.95,7.95,7.95,7.96,7.95,8.07,8.07,8.07,8.23,8.25,8.21,8.06,8.07,8.06,7.95,7.97,7.94,7.89,7.94,7.84,7.91,7.95,7.84,6332,0
2025-02-27 06:00:00,0.33,0.17,0.45,0.21,0.35,0,0,0,7.93,7.95,7.9,7.94,7.95,7.93,8.07,8.07,8.06,8.26,8.29,8.22,8.07,8.07,8.07,7.94,7.94,7.94,7.83,7.83,7.83,7.83,7.84,7.83,6339,0
2025-02-27 05:00:00,0.3,0.18,0.44,0.21,0.36,0.02,0,0,7.92,8.06,7.85,7.96,8.07,7.92,8.1,8.18,8.07,8.34,8.42,8.29,8.13,8.18,8.07,7.98,8.05,7.94,7.87,7.94,7.83,7.86,7.95,7.82,6339,0
2025-02-27 04:00:00,0.26,0.18,0.42,0.2,0.35,0.06,0,0,8.07,8.07,8.06,8.07,8.07,8.06,8.18,8.21,8.17,8.41,8.42,8.35,8.18,8.18,8.14,8.07,8.1,8.05,8,8.04,7.94,8.02,8.06,7.95,6339,0
2025-02-27 03:00:00,0.31,0.18,0.45,0.21,0.37,0.01,0,0,7.92,8.04,7.85,7.94,8.04,7.9,8.08,8.17,8.07,8.31,8.34,8.3,8.11,8.14,8.09,7.96,8.04,7.94,7.84,7.94,7.8,7.82,7.95,7.74,6339,0
2025-02-27 02:00:00,0.31,0.19,0.44,0.2,0.36,0,0,0,7.84,7.87,7.83,7.86,7.93,7.83,8.05,8.07,8.03,8.36,8.42,8.31,8.22,8.31,8.18,7.94,7.94,7.93,7.74,7.83,7.71,7.72,7.76,7.71,6339,0
2025-02-27 01:00:00,0.28,0.16,0.44,0.19,0.37,0.03,0,0,7.98,8.13,7.83,8.01,8.17,7.93,8.19,8.32,8.07,8.63,8.83,8.42,8.52,8.78,8.32,8.09,8.29,7.94,7.86,8.01,7.73,7.82,7.95,7.71,6339,0
2025-02-27 00:00:00,0.28,0.17,0.47,0.2,0.36,0.03,0,0,8.4,8.75,8.17,8.45,8.78,8.18,8.67,9.01,8.41,9.19,9.58,8.89,9.13,9.49,8.78,8.61,8.97,8.29,8.34,8.66,8.06,8.29,8.66,7.97,6328,0
2025-02-26 23:00:00,0.24,0.21,0.45,0.17,0.35,0.02,0,0,9.22,9.6,8.79,9.27,9.63,8.89,9.47,9.84,9.1,9.99,10.34,9.6,9.93,10.31,9.59,9.45,9.83,9.01,9.19,9.6,8.77,9.17,9.6,8.72,6341,0
2025-02-26 22:00:00,0.25,0.17,0.45,0.17,0.35,0.02,0,0,9.91,10.08,9.68,9.95,10.13,9.72,10.15,10.31,9.95,10.68,10.9,10.43,10.61,10.91,10.32,10.19,10.42,9.93,9.96,10.18,9.72,9.93,10.1,9.68,6341,0
2025-02-26 21:00:00,0.26,0.19,0.46,0.21,0.38,0.02,0,0,10.42,11.01,10.08,10.48,11.02,10.17,10.69,11.26,10.32,11.47,12.12,10.98,11.57,12.28,10.97,10.82,11.48,10.42,10.48,11.08,10.18,10.45,11.02,10.14,6346,0
2025-02-26 20:00:00,0.31,0.24,0.53,0.22,0.4,0.1,0,0.01,12.02,13.01,11.14,12.08,13.08,11.16,12.31,13.33,11.38,13.22,14.21,12.32,13.32,14.22,12.45,12.57,13.61,11.6,12.18,13.27,11.25,12.14,13.2,11.14,6346,0
2025-02-26 19:00:00,0.34,0.32,0.58,0.27,0.43,0.12,0.02,0.04,14.41,15.75,13.17,14.46,15.75,13.27,14.67,15.88,13.5,15.4,16.36,14.39,15.32,16.12,14.45,14.96,16.2,13.84,14.74,16.16,13.49,14.74,16.2,13.4,6350,0
2025-02-26 18:00:00,0.34,0.29,0.6,0.28,0.41,0.1,0.01,0.05,16.91,17.76,15.99,16.82,17.62,15.99,16.87,17.53,16.11,17.02,17.41,16.54,16.68,17.04,16.23,17.18,17.87,16.37,17.44,18.35,16.41,17.54,18.56,16.45,6350,90
2025-02-26 17:00:00,0.4,0.28,0.61,0.3,0.41,0.1,0,0.04,18.33,18.58,17.87,18.15,18.36,17.74,17.97,18.12,17.64,17.6,17.64,17.52,17.05,17.12,16.94,18.31,18.45,17.99,19.07,19.34,18.56,19.3,19.62,18.7,6350,1162
2025-02-26 16:00:00,0.38,0.28,0.62,0.32,0.4,0.1,0,0.06,18.38,18.59,18.18,18.14,18.36,17.95,17.78,18.08,17.53,17.19,17.52,16.93,16.63,16.94,16.36,18.25,18.43,18.1,19.26,19.41,19.06,19.54,19.66,19.4,6346,1784
2025-02-26 15:00:00,0.37,0.29,0.62,0.33,0.41,0.11,0,0.06,18.13,18.24,18,17.86,18.01,17.66,17.42,17.53,17.28,16.67,16.93,16.34,16.04,16.35,15.64,17.87,18.11,17.54,18.99,19.18,18.79,19.34,19.53,19.16,6346,1820
2025-02-26 14:00:00,0.36,0.3,0.61,0.35,0.44,0.09,0.01,0.08,17.19,17.81,16.45,16.89,17.53,16.2,16.57,17.14,15.87,15.65,16.2,14.92,15.06,15.57,14.38,16.85,17.43,16.19,17.91,18.59,17.17,18.21,18.95,17.41,6346,1831
2025-02-26 13:00:00,0.36,0.4,0.63,0.38,0.44,0.12,0.03,0.08,15.56,16.29,14.83,15.26,15.99,14.56,14.92,15.64,14.21,14.13,14.8,13.5,13.67,14.32,12.94,15.26,16.02,14.42,16.21,16.95,15.48,16.43,17.29,15.64,6343,1879
2025-02-26 12:00:00,0.34,0.28,0.62,0.39,0.5,0.22,0.09,0.1,14.07,14.7,13.39,13.76,14.45,13.06,13.48,14.1,12.8,12.81,13.39,12.2,12.3,12.87,11.74,13.62,14.31,12.9,14.56,15.36,13.74,14.69,15.51,13.79,6341,1926
2025-02-26 11:00:00,0.33,0.28,0.6,0.39,0.48,0.22,0.03,0.06,12.8,13.27,12.56,12.41,12.94,12.15,12.04,12.68,11.62,11.56,12.08,11.18,11.13,11.62,10.64,12.1,12.76,11.6,12.88,13.58,12.56,12.96,13.63,12.61,6341,2048
2025-02-26 10:00:00,0.23,0.26,0.55,0.38,0.49,0.14,0.02,0.04,13.47,15.65,10.31,12.36,13.65,10.06,11.16,11.73,9.6,10.3,11.14,9.01,9.21,10.46,7.98,10.25,11.48,8.58,12.91,15.26,9.13,13.15,15.64,9.3,6346,6543
2025-02-26 09:00:00,0.24,0.27,0.55,0.37,0.5,0.14,0.03,0.01,9.79,10.2,9.13,9.34,9.95,8.64,8.39,9.47,7.12,7.86,8.89,6.74,6.9,7.84,6.06,7.28,8.41,6.16,7.65,8.89,6.4,7.81,9.04,6.48,6339,6527
2025-02-26 08:00:00,0.2,0.26,0.61,0.26,0.45,0.11,0,0,5.96,8.54,4.98,6.08,8.55,5.01,5.71,6.88,5.23,5.83,6.53,5.57,5.55,5.94,5.41,5.39,6.04,5,5.29,6.17,4.75,5.34,6.29,4.71,6341,6579
2025-02-26 07:00:00,0.19,0.27,0.58,0.23,0.45,0.09,0,0,5.11,5.37,4.92,5.16,5.45,4.98,5.37,5.59,5.21,5.79,6.05,5.58,5.7,5.98,5.47,5.17,5.45,4.98,4.8,5.12,4.63,4.78,5.08,4.62,6339,0
2025-02-26 06:00:00,0.21,0.19,0.51,0.25,0.48,0.11,0,0,5.71,6.06,5.47,5.76,6.08,5.47,5.95,6.29,5.7,6.4,6.75,6.16,6.33,6.65,6.06,5.8,6.16,5.5,5.44,5.82,5.12,5.41,5.79,5.12,6339,0
2025-02-26 05:00:00,0.29,0.19,0.5,0.3,0.49,0.11,0,0,6.41,6.77,6.09,6.46,6.83,6.17,6.67,7.02,6.34,7.06,7.47,6.76,6.98,7.36,6.66,6.54,6.89,6.19,6.21,6.64,5.87,6.19,6.64,5.82,6339,0
2025-02-26 04:00:00,0.33,0.22,0.52,0.28,0.49,0.13,0,0,7.23,7.42,6.9,7.24,7.4,6.97,7.39,7.53,7.12,7.65,7.72,7.47,7.45,7.5,7.36,7.22,7.35,6.98,7.06,7.29,6.68,7.06,7.24,6.69,6339,0
2025-02-26 03:00:00,0.31,0.23,0.54,0.27,0.49,0.14,0,0,7.36,7.43,7.31,7.36,7.41,7.31,7.48,7.53,7.44,7.71,7.72,7.71,7.48,7.49,7.48,7.31,7.34,7.23,7.19,7.26,7.12,7.22,7.24,7.12,6341,0
2025-02-26 02:00:00,0.32,0.22,0.51,0.27,0.5,0.14,0,0,7.16,7.24,7,7.16,7.25,7,7.31,7.39,7.23,7.68,7.71,7.65,7.53,7.64,7.48,7.16,7.23,7.11,6.94,7.12,6.76,6.94,7.12,6.77,6341,0
2025-02-26 01:00:00,0.32,0.22,0.51,0.26,0.49,0.12,0,0,7.27,7.68,7,7.3,7.71,7,7.5,7.93,7.21,8.07,8.53,7.71,8.13,8.59,7.72,7.47,7.94,7.11,7.05,7.49,6.76,7.04,7.48,6.74,6341,0
2025-02-26 00:00:00,0.27,0.17,0.51,0.27,0.49,0.15,0,0,8.29,8.84,7.76,8.36,8.89,7.83,8.56,9.13,8.04,9.16,9.72,8.66,9.22,9.72,8.67,8.61,9.13,8.05,8.19,8.77,7.6,8.18,8.77,7.59,6339,0
2025-02-25 23:00:00,0.24,0.18,0.49,0.26,0.48,0.14,0,0,9.45,10.08,8.89,9.52,10.09,9.01,9.7,10.31,9.22,10.31,10.9,9.79,10.37,10.91,9.85,9.8,10.42,9.25,9.43,10.07,8.87,9.43,10.08,8.84,6346,0
2025-02-25 22:00:00,0.26,0.21,0.54,0.34,0.51,0.16,0,0.01,10.91,11.5,10.2,10.93,11.5,10.2,11.08,11.62,10.43,11.51,11.91,10.98,11.45,11.74,11.03,11.17,11.72,10.54,10.98,11.62,10.21,11.01,11.71,10.22,6346,0
2025-02-25 21:00:00,0.32,0.26,0.6,0.37,0.54,0.23,0.03,0.05,11.71,11.85,11.59,11.69,11.84,11.53,11.83,11.97,11.72,12.05,12.19,11.97,11.88,11.98,11.74,11.85,11.96,11.72,11.86,11.98,11.73,11.92,12.09,11.73,6346,0
2025-02-25 20:00:00,0.39,0.3,0.62,0.35,0.56,0.26,0.04,0.05,11.97,12.1,11.85,11.96,12.09,11.85,12.08,12.21,11.97,12.32,12.44,12.2,12.13,12.27,11.98,12.13,12.31,11.97,12.16,12.33,12,12.22,12.41,12.09,6346,0
2025-02-25 19:00:00,0.36,0.25,0.6,0.35,0.54,0.23,0.02,0.03,12.39,12.68,12.15,12.37,12.68,12.12,12.48,12.74,12.26,12.66,12.88,12.47,12.45,12.57,12.33,12.55,12.8,12.31,12.65,13.02,12.35,12.7,13.03,12.44,6346,0
2025-02-25 18:00:00,0.33,0.25,0.61,0.37,0.51,0.22,0.03,0.05,13.11,13.4,12.75,13.03,13.28,12.68,13.04,13.24,12.8,13.01,13.1,12.91,12.68,12.71,12.67,13.1,13.26,12.89,13.49,13.86,13.03,13.6,13.99,13.15,6350,0
2025-02-25 17:00:00,0.35,0.26,0.61,0.36,0.55,0.22,0.04,0.06,13.22,13.39,12.95,13.12,13.27,12.92,13.01,13.15,12.8,12.88,13.03,12.74,12.49,12.68,12.34,13.05,13.26,12.89,13.67,13.86,13.39,13.81,13.98,13.52,6346,1512
2025-02-25 16:00:00,0.35,0.25,0.61,0.37,0.55,0.22,0.03,0.06,12.91,12.94,12.87,12.84,12.9,12.8,12.77,12.8,12.68,12.68,12.73,12.65,12.28,12.33,12.21,12.82,12.87,12.78,13.38,13.43,13.3,13.52,13.58,13.43,6346,1839
2025-02-25 15:00:00,0.33,0.26,0.59,0.37,0.57,0.23,0.04,0.06,13.13,13.27,12.92,13.02,13.15,12.83,12.87,12.92,12.8,12.62,12.68,12.45,12.15,12.23,12,12.87,12.9,12.78,13.63,13.79,13.38,13.8,13.98,13.51,6346,1902
2025-02-25 14:00:00,0.33,0.26,0.61,0.38,0.57,0.21,0.03,0.05,13.09,13.15,13.03,12.95,13.03,12.92,12.73,12.8,12.65,12.27,12.44,12.08,11.81,11.97,11.61,12.71,12.78,12.59,13.59,13.65,13.5,13.73,13.85,13.63,6346,1981
2025-02-25 13:00:00,0.33,0.28,0.61,0.4,0.52,0.24,0.03,0.05,13.11,13.19,13.03,12.91,13.01,12.86,12.46,12.64,12.23,11.69,12.02,11.26,11.17,11.56,10.65,12.46,12.64,12.3,13.6,13.74,13.49,13.73,13.94,13.63,6346,2036
2025-02-25 12:00:00,0.33,0.27,0.56,0.35,0.53,0.18,0.03,0.06,11.93,13.06,10.79,11.67,12.8,10.55,11.09,12.12,10.08,10.21,11.14,9.35,9.65,10.45,8.89,11.08,12.16,10.06,12.38,13.62,11.04,12.52,13.8,11.15,6341,2005
2025-02-25 11:00:00,0.25,0.21,0.53,0.33,0.53,0.17,0.09,0.06,9.93,10.67,9.02,9.69,10.43,8.79,9.25,9.96,8.42,8.59,9.25,7.92,8.1,8.78,7.36,9.1,9.92,8.29,9.95,10.9,8.89,10.07,11.02,8.89,6341,2154
2025-02-25 10:00:00,0.28,0.21,0.53,0.31,0.51,0.15,0.02,0.01,8,8.87,7.19,7.78,8.58,7,7.53,8.24,6.88,7.12,7.71,6.53,6.53,7.23,5.94,7.24,8.17,6.41,7.92,8.77,6.84,7.96,8.72,7,6341,4298
2025-02-25 09:00:00,0.26,0.22,0.56,0.25,0.44,0.1,0,0,6.11,7.02,4.98,6,6.9,4.98,5.93,6.74,5.1,5.84,6.46,5.23,5.34,5.84,4.94,5.49,6.28,4.73,5.66,6.64,4.63,5.74,6.77,4.64,6339,2115
2025-02-25 08:00:00,0.18,0.4,0.56,0.19,0.41,0.1,0,0,4.76,4.87,4.71,4.78,4.87,4.76,4.94,4.98,4.9,5.23,5.23,5.21,4.96,5,4.89,4.7,4.73,4.67,4.43,4.53,4.4,4.45,4.6,4.4,6339,2139
2025-02-25 07:00:00,0.18,0.25,0.58,0.2,0.43,0.09,0,0,4.85,4.98,4.76,4.92,5,4.8,5.1,5.2,4.98,5.36,5.46,5.24,5.1,5.17,5.02,4.84,4.92,4.73,4.58,4.65,4.48,4.59,4.66,4.5,6339,0
2025-02-25 06:00:00,0.17,0.27,0.59,0.18,0.42,0.07,0,0,4.98,5.01,4.96,5.04,5.08,5,5.23,5.23,5.2,5.46,5.48,5.45,5.22,5.24,5.17,4.96,4.98,4.92,4.71,4.75,4.65,4.73,4.76,4.67,6341,0
2025-02-25 05:00:00,0.15,0.27,0.59,0.18,0.44,0.07,0,0,4.98,5.01,4.98,5.01,5.07,4.98,5.23,5.23,5.21,5.52,5.58,5.46,5.32,5.46,5.23,4.95,4.98,4.91,4.64,4.71,4.63,4.66,4.73,4.64,6341,0
2025-02-25 04:00:00,0.17,0.27,0.59,0.18,0.44,0.07,0,0,5.15,5.32,5.03,5.2,5.35,5.06,5.39,5.58,5.23,5.78,5.95,5.59,5.65,5.83,5.47,5.15,5.33,4.98,4.79,4.98,4.63,4.81,4.98,4.65,6341,0
2025-02-25 03:00:00,0.18,0.23,0.5,0.18,0.45,0.1,0,0,5.52,5.72,5.35,5.58,5.82,5.37,5.78,6.02,5.58,6.2,6.41,6.02,6.09,6.31,5.85,5.56,5.81,5.33,5.18,5.42,4.98,5.22,5.46,5,6341,0
2025-02-25 02:00:00,0.24,0.19,0.5,0.22,0.48,0.11,0,0,6.02,6.29,5.82,6.07,6.29,5.82,6.27,6.53,6.05,6.71,6.98,6.48,6.61,6.87,6.4,6.09,6.35,5.81,5.7,5.94,5.46,5.73,6.01,5.47,6346,0
2025-02-25 01:00:00,0.29,0.18,0.5,0.22,0.47,0.11,0,0,6.54,6.77,6.29,6.58,6.8,6.36,6.81,7.03,6.56,7.27,7.53,7,7.17,7.48,6.89,6.61,6.87,6.4,6.25,6.51,6.03,6.28,6.53,6.06,6346,0
2025-02-25 00:00:00,0.31,0.2,0.51,0.21,0.48,0.11,0,0,7.1,7.36,6.79,7.15,7.45,6.9,7.34,7.59,7.12,7.86,8.18,7.59,7.81,8.12,7.5,7.18,7.49,6.87,6.8,7.09,6.52,6.85,7.12,6.58,6339,0
2025-02-24 23:00:00,0.3,0.18,0.48,0.2,0.47,0.12,0,0,7.73,8.07,7.43,7.79,8.17,7.48,8,8.35,7.7,8.58,9.01,8.18,8.56,9,8.18,7.9,8.28,7.58,7.5,7.86,7.12,7.55,7.95,7.22,6350,0
2025-02-24 22:00:00,0.26,0.17,0.5,0.2,0.47,0.14,0,0,8.56,8.97,8.18,8.62,9.03,8.18,8.84,9.25,8.42,9.49,9.96,9.02,9.54,10.08,9.03,8.79,9.24,8.35,8.37,8.78,7.94,8.43,8.89,8,6352,0
2025-02-24 21:00:00,0.24,0.19,0.49,0.21,0.46,0.12,0,0,9.61,10.3,9.03,9.69,10.31,9.13,9.92,10.6,9.35,10.73,11.49,10.07,10.86,11.62,10.18,10,10.66,9.35,9.48,10.18,8.89,9.57,10.31,8.97,6355,0
2025-02-24 20:00:00,0.28,0.22,0.55,0.26,0.51,0.18,0,0.01,11.33,12.32,10.43,11.4,12.44,10.5,11.64,12.68,10.75,12.52,13.5,11.61,12.63,13.51,11.75,11.79,12.78,10.85,11.32,12.43,10.32,11.44,12.55,10.43,6355,0
2025-02-24 19:00:00,0.32,0.28,0.62,0.3,0.54,0.22,0.01,0.05,13.81,15.18,12.55,13.91,15.28,12.6,14.09,15.4,12.8,14.76,15.75,13.7,14.61,15.38,13.75,14.21,15.49,13.01,14.01,15.51,12.59,14.2,15.75,12.78,6359,0
2025-02-24 18:00:00,0.33,0.3,0.63,0.32,0.54,0.2,0,0.07,16.46,17.32,15.44,16.43,17.25,15.52,16.43,17.12,15.57,16.42,16.81,15.88,15.84,16.11,15.46,16.43,17.04,15.62,16.93,17.95,15.78,17.13,18.12,15.99,6359,102
2025-02-24 17:00:00,0.37,0.26,0.67,0.34,0.54,0.21,0,0.07,17.71,17.78,17.48,17.58,17.65,17.36,17.31,17.41,17.17,16.8,16.93,16.59,16.03,16.11,15.88,17.35,17.4,17.16,18.48,18.62,18.11,18.7,18.84,18.36,6359,795
2025-02-24 16:00:00,0.37,0.27,0.69,0.34,0.53,0.21,0,0.07,17.68,17.75,17.65,17.5,17.53,17.41,17.05,17.16,17,16.45,16.58,16.32,15.71,15.88,15.52,17.25,17.33,17.16,18.5,18.59,18.45,18.75,18.83,18.7,6359,1237
2025-02-24 15:00:00,0.37,0.28,0.67,0.35,0.56,0.2,0,0.09,17.38,17.76,16.7,17.09,17.53,16.34,16.55,17.03,15.87,15.72,16.25,15.08,15.03,15.51,14.58,16.72,17.16,16.1,18.23,18.7,17.5,18.5,18.95,17.76,6355,1875
2025-02-24 14:00:00,0.33,0.41,0.68,0.35,0.53,0.22,0.02,0.08,15.88,16.58,15.16,15.52,16.23,14.81,15.1,15.75,14.45,14.37,14.94,13.75,14.16,14.48,13.79,15.36,15.98,14.57,16.44,17.29,15.37,16.94,17.65,16.2,6355,2005
2025-02-24 13:00:00,0.35,0.33,0.62,0.3,0.37,0.49,1.07,0.23,14.03,14.98,13.03,13.77,14.67,12.8,13.51,14.33,12.63,12.88,13.64,12.08,12.92,13.74,12,13.3,14.44,12.19,13.95,15.05,13.03,14.96,16,13.86,6350,2076
2025-02-24 12:00:00,0.36,0.36,0.62,0.26,0.34,1.53,3.42,1.45,11.98,12.9,11.06,11.74,12.65,10.91,11.59,12.44,10.79,11.21,11.97,10.54,11.07,11.86,10.32,11.54,12.07,11.11,12.07,12.91,11.37,12.5,13.63,11.5,6346,2095
2025-02-24 11:00:00,0.32,0.31,0.61,0.17,0.29,1.14,0.97,0.4,9.83,10.91,8.78,9.75,10.79,8.67,9.47,10.67,8.29,9.43,10.39,8.45,8.92,10.1,7.68,9.65,10.94,8.17,10.21,11.48,8.77,10.46,11.45,9.25,6346,2119
2025-02-24 10:00:00,0.37,0.3,1.44,0.91,0.1,0.17,0.38,0.4,7.08,8.43,5.83,7.16,8.42,5.86,7.04,8.07,5.91,6.95,8.18,5.91,6.27,7.38,5.47,6.53,7.94,5.57,7.11,8.53,5.88,7.49,8.99,6.04,6346,2147
2025-02-24 09:00:00,0.13,0.17,2.21,2.51,0,0.07,0.01,0.3,5.39,5.74,5.1,5.43,5.73,5.23,5.48,5.82,5.23,5.45,5.82,5.12,5.1,5.36,4.88,5.18,5.5,4.86,5.4,5.81,4.91,5.52,5.91,5.08,6343,1808
2025-02-24 08:00:00,0.14,0.23,2.34,2.74,0,0.08,0.01,0.09,4.56,4.98,4.31,4.63,5.17,4.28,4.86,5.21,4.64,4.95,5.12,4.87,4.66,4.79,4.59,4.52,4.73,4.39,4.39,4.76,4.17,4.38,4.88,4.16,6343,334
2025-02-24 07:00:00,0.16,0.32,2.33,2.77,0,0.08,0.01,0,4.28,4.36,4.25,4.29,4.39,4.25,4.69,4.75,4.64,4.95,5.09,4.87,4.65,4.76,4.57,4.41,4.51,4.39,4.19,4.28,4.16,4.1,4.16,4.05,6346,0
2025-02-24 06:00:00,0.09,0.24,2.32,2.78,0,0.07,0,0,4.49,4.64,4.39,4.5,4.64,4.4,4.95,5.12,4.78,5.26,5.46,5.12,4.91,5.12,4.76,4.63,4.82,4.51,4.42,4.61,4.28,4.31,4.52,4.16,6346,0
2025-02-24 05:00:00,0.07,0.17,2.32,2.76,0,0.04,0,0,4.85,4.98,4.64,4.87,5.02,4.67,5.33,5.47,5.13,5.66,5.82,5.48,5.32,5.47,5.12,5.03,5.22,4.86,4.82,4.98,4.63,4.72,4.87,4.52,6346,0
2025-02-24 04:00:00,0.07,0.15,2.24,2.78,0,0.06,0,0,5.21,5.35,5.04,5.23,5.35,5.07,5.66,5.82,5.49,6,6.17,5.82,5.69,5.84,5.5,5.33,5.45,5.22,5.13,5.28,4.98,5.04,5.22,4.87,6346,0
2025-02-24 03:00:00,0.08,0.09,2.22,2.79,0,0.07,0,0,5.55,5.7,5.36,5.57,5.7,5.41,6.03,6.18,5.83,6.41,6.63,6.2,6.09,6.3,5.93,5.72,5.92,5.54,5.51,5.69,5.34,5.41,5.58,5.23,6346,0
2025-02-24 02:00:00,0.14,0.05,2.2,2.81,0.01,0.08,0,0,5.94,6.17,5.7,5.99,6.29,5.74,6.47,6.76,6.22,6.91,7.23,6.64,6.58,6.89,6.3,6.16,6.4,5.93,5.94,6.18,5.7,5.83,6.06,5.58,6350,0
2025-02-24 01:00:00,0.19,0.09,2.19,2.81,0,0.09,0.01,0,6.55,6.9,6.27,6.6,6.98,6.29,7.13,7.47,6.87,7.61,7.95,7.24,7.29,7.61,6.93,6.81,7.17,6.5,6.59,6.94,6.29,6.48,6.83,6.16,6350,0
2025-02-24 00:00:00,0.2,0.1,2.16,2.79,0,0.09,0.02,0,7.28,7.57,7,7.32,7.6,7,7.82,8.14,7.48,8.33,8.66,8.01,8.04,8.42,7.71,7.55,7.82,7.23,7.32,7.59,7,7.19,7.48,6.88,6343,0
2025-02-23 23:00:00,0.2,0.05,2.13,2.8,0.01,0.11,0.01,0,7.96,8.3,7.62,8.03,8.42,7.68,8.56,9,8.18,9.17,9.6,8.77,8.87,9.35,8.43,8.3,8.7,7.94,8.06,8.43,7.7,7.96,8.34,7.57,6355,0
2025-02-23 22:00:00,0.13,0.07,2.12,2.76,0,0.11,0.01,0,8.88,9.37,8.41,8.99,9.49,8.5,9.55,10.08,9.01,10.27,10.87,9.72,9.96,10.56,9.42,9.33,9.92,8.78,9.07,9.6,8.54,8.97,9.49,8.42,6359,0
2025-02-23 21:00:00,0.14,0.06,2.13,2.81,0.02,0.11,0,0,10.06,10.78,9.49,10.2,10.91,9.6,10.77,11.47,10.18,11.67,12.44,10.95,11.36,12.1,10.67,10.59,11.28,9.97,10.31,11.03,9.72,10.21,10.91,9.6,6363,0
2025-02-23 20:00:00,0.2,0.12,2.23,2.84,0.04,0.19,0.04,0.02,11.74,12.63,10.9,11.88,12.8,11.02,12.45,13.39,11.61,13.49,14.45,12.56,13.2,14.15,12.3,12.37,13.38,11.48,12.12,13.14,11.21,12.02,13.03,11.08,6363,0
2025-02-23 19:00:00,0.22,0.19,2.27,2.85,0.06,0.21,0.09,0.06,14.07,15.52,12.8,14.25,15.69,12.98,14.73,16.06,13.58,15.77,16.92,14.66,15.49,16.6,14.34,14.77,16.2,13.52,14.6,16.1,13.28,14.56,16.11,13.15,6363,0
2025-02-23 18:00:00,0.23,0.14,2.31,2.84,0.07,0.19,0.08,0.04,17.33,18.36,15.86,17.38,18.36,15.99,17.41,18.12,16.33,17.72,18.12,17.04,17.63,18.12,16.83,17.59,18.34,16.44,17.76,18.7,16.36,17.91,18.95,16.45,6368,0
2025-02-23 17:00:00,0.25,0.19,2.33,2.84,0.09,0.19,0.07,0.05,18.73,18.87,18.45,18.71,18.83,18.45,18.37,18.45,18.23,18.21,18.23,18.12,18.3,18.36,18.23,18.59,18.7,18.45,19.02,19.16,18.82,19.35,19.54,19.07,6368,137
2025-02-23 16:00:00,0.24,0.19,2.34,2.86,0.1,0.17,0.05,0.06,18.92,19.01,18.83,18.84,18.95,18.7,18.38,18.49,18.2,17.95,18.2,17.64,18.14,18.36,17.78,18.58,18.7,18.34,19.11,19.19,18.94,19.52,19.64,19.42,6363,173
2025-02-23 15:00:00,0.26,0.17,2.34,2.89,0.09,0.2,0.05,0.05,18.52,18.83,18,18.44,18.7,17.99,17.71,18.14,17.04,16.92,17.57,16.12,17.12,17.77,16.32,17.79,18.33,17.06,18.55,18.94,17.99,19.06,19.37,18.57,6363,196
2025-02-23 14:00:00,0.25,0.16,2.34,2.92,0.13,0.18,0.1,0.06,17.2,17.87,16.57,17.22,17.87,16.58,16.14,16.9,15.4,15.23,15.99,14.45,15.36,16.11,14.58,16.17,16.92,15.4,17.11,17.83,16.44,17.74,18.45,17.04,6363,216
2025-02-23 13:00:00,0.25,0.24,2.33,2.92,0.1,0.2,0.11,0.08,15.39,16.34,14.57,15.34,16.35,14.45,14.36,15.25,13.62,13.53,14.33,12.8,13.71,14.46,13.04,14.5,15.27,13.74,15.3,16.2,14.48,15.84,16.86,14.93,6359,244
2025-02-23 12:00:00,0.23,0.19,2.26,2.92,0.1,0.19,0.07,0.06,13.62,14.45,12.85,13.45,14.23,12.72,12.72,13.5,12.08,12.01,12.68,11.38,12.08,12.88,11.38,12.83,13.61,12.07,13.53,14.33,12.76,13.86,14.81,13.03,6355,319
2025-02-23 11:00:00,0.27,0.23,2.24,2.88,0.07,0.14,0.06,0.04,12.25,12.69,11.97,12.33,12.6,12.2,11.58,11.96,11.38,10.71,11.26,10.07,10.59,11.27,9.85,11.36,11.96,10.77,12.24,12.67,11.99,12.42,12.91,12.09,6355,547
2025-02-23 10:00:00,0.17,0.24,2.29,2.9,0.12,0.13,0.02,0.02,11.52,13.39,8.54,12.22,14.81,8.54,10.69,12.28,7.81,8.47,9.93,7.12,8.23,9.6,6.96,8.99,10.6,7.03,11.62,14.57,7.24,11.68,14.69,7.48,6350,1768
2025-02-23 09:00:00,0.29,0.34,2.37,2.82,0.09,0.09,0,0,7.57,8.42,6.29,7.81,8.47,7.17,6.73,7.64,5.81,6.01,6.91,5.22,5.82,6.77,5,5.71,6.78,4.76,5.77,6.97,4.73,6.05,7.24,4.87,6346,1816
2025-02-23 08:00:00,0.13,0.2,2.31,2.79,0,0.11,0,0,4.46,5.89,4.05,4.97,7.12,4.09,4.87,5.65,4.52,4.83,5.1,4.75,4.51,4.88,4.41,4.27,4.62,4.15,4.11,4.52,3.93,4.07,4.64,3.83,6346,2032
2025-02-23 07:00:00,0.14,0.27,2.29,2.75,0,0.09,0,0,4.23,4.32,4.14,4.27,4.38,4.16,4.73,4.86,4.64,4.99,5.12,4.87,4.64,4.76,4.51,4.35,4.51,4.17,4.14,4.27,4.03,4.05,4.16,3.92,6350,0
2025-02-23 06:00:00,0.08,0.27,2.28,2.77,0,0.05,0,0,4.55,4.76,4.39,4.58,4.76,4.4,5.05,5.23,4.87,5.36,5.58,5.2,4.99,5.23,4.79,4.69,4.86,4.51,4.48,4.67,4.28,4.38,4.61,4.16,6350,0
2025-02-23 05:00:00,0.06,0.14,2.28,2.76,0,0.04,0,0,4.96,5.17,4.77,4.99,5.23,4.83,5.45,5.69,5.23,5.81,6.05,5.59,5.44,5.69,5.23,5.09,5.33,4.96,4.89,5.12,4.75,4.79,5,4.64,6352,0
2025-02-23 04:00:00,0.08,0.12,2.2,2.79,0,0.07,0,0,5.44,5.7,5.23,5.47,5.7,5.23,5.92,6.17,5.7,6.29,6.53,6.05,5.97,6.19,5.71,5.65,5.93,5.36,5.43,5.7,5.2,5.34,5.62,5.12,6355,0
2025-02-23 03:00:00,0.12,0.06,2.17,2.8,0.01,0.08,0,0,5.99,6.2,5.79,6.01,6.24,5.81,6.42,6.65,6.18,6.79,7,6.62,6.47,6.65,6.25,6.19,6.41,5.98,6,6.22,5.79,5.91,6.18,5.7,6355,0
2025-02-23 02:00:00,0.15,0.06,2.18,2.81,0,0.07,0.01,0,6.39,6.54,6.29,6.42,6.6,6.29,6.86,7.11,6.65,7.25,7.5,7.03,6.91,7.2,6.69,6.62,6.75,6.49,6.41,6.53,6.29,6.31,6.41,6.18,6355,0
2025-02-23 01:00:00,0.2,0.07,2.18,2.78,0,0.09,0.01,0,6.89,7.23,6.6,6.94,7.25,6.65,7.39,7.71,7.12,7.87,8.18,7.59,7.56,7.85,7.29,7.1,7.46,6.82,6.87,7.2,6.61,6.79,7.11,6.53,6355,0
2025-02-23 00:00:00,0.2,0.07,2.13,2.79,0.01,0.1,0.01,0,7.6,7.96,7.27,7.65,8.01,7.34,8.1,8.46,7.8,8.63,9.01,8.3,8.3,8.66,7.95,7.79,8.17,7.46,7.6,7.95,7.29,7.49,7.9,7.13,6350,0
2025-02-22 23:00:00,0.14,0.05,2.11,2.8,0,0.11,0.01,0,8.37,8.67,8.06,8.41,8.75,8.07,8.89,9.25,8.54,9.4,9.74,9.03,9.13,9.49,8.78,8.64,9,8.28,8.44,8.77,8.06,8.34,8.66,7.95,6361,0
2025-02-22 22:00:00,0.13,0.08,2.1,2.76,0,0.11,0.02,0,9.06,9.38,8.78,9.12,9.49,8.78,9.61,10.03,9.25,10.24,10.72,9.84,9.93,10.44,9.51,9.39,9.79,9.05,9.17,9.57,8.89,9.07,9.46,8.78,6363,0
2025-02-22 21:00:00,0.14,0.05,2.1,2.8,0.01,0.1,0,0,10,10.55,9.49,10.1,10.68,9.6,10.63,11.16,10.09,11.42,12.07,10.82,11.1,11.74,10.55,10.39,10.97,9.83,10.15,10.73,9.6,10.06,10.63,9.55,6363,0
2025-02-22 20:00:00,0.17,0.11,2.2,2.83,0.03,0.17,0.02,0.01,11.4,12.32,10.63,11.56,12.46,10.79,12.09,13.02,11.28,13.01,13.86,12.2,12.7,13.63,11.86,11.93,12.88,11.09,11.68,12.67,10.83,11.57,12.56,10.75,6368,0
2025-02-22 19:00:00,0.21,0.15,2.24,2.86,0.07,0.2,0.08,0.04,13.7,14.81,12.56,13.8,14.87,12.68,14.14,15.04,13.16,14.78,15.4,14.03,14.63,15.4,13.75,14.18,15.22,13.02,14.04,15.16,12.89,13.98,15.16,12.8,6370,0
2025-02-22 18:00:00,0.2,0.22,2.28,2.84,0.06,0.2,0.11,0.06,15.78,16.23,15.04,15.79,16.23,15.04,15.65,15.9,15.16,15.69,15.76,15.51,15.76,15.88,15.49,15.92,16.2,15.38,16.06,16.52,15.34,16.18,16.7,15.34,6370,0
2025-02-22 17:00:00,0.17,0.19,2.27,2.84,0.05,0.19,0.1,0.05,16.18,16.26,16.11,16.18,16.23,16.11,15.86,15.94,15.77,15.69,15.75,15.63,15.8,15.88,15.71,16.12,16.2,16,16.45,16.56,16.34,16.68,16.77,16.58,6370,157
2025-02-22 16:00:00,0.22,0.22,2.28,2.87,0.06,0.2,0.12,0.05,15.8,16.11,15.55,15.88,16.12,15.64,15.65,15.75,15.54,15.6,15.75,15.51,15.63,15.76,15.53,15.84,15.98,15.71,16.07,16.36,15.87,16.27,16.64,15.99,6370,0
2025-02-22 15:00:00,0.17,0.16,2.27,2.88,0.05,0.19,0.09,0.05,16.52,16.82,15.99,16.61,16.94,16.09,16.08,16.2,15.84,15.79,15.89,15.54,15.86,15.99,15.64,16.21,16.34,15.98,16.7,17.03,16.2,17.02,17.48,16.36,6370,295
2025-02-22 14:00:00,0.19,0.15,2.29,2.9,0.07,0.2,0.11,0.05,16.17,16.37,15.93,16.23,16.45,15.99,15.72,15.87,15.63,15.39,15.51,15.28,15.41,15.54,15.31,15.82,15.98,15.74,16.33,16.58,16.11,16.69,16.99,16.43,6368,626
2025-02-22 13:00:00,0.2,0.19,2.34,2.92,0.1,0.2,0.1,0.05,15.88,16.34,15.36,16,16.45,15.49,15.19,15.63,14.69,14.7,15.16,14.26,14.83,15.29,14.34,15.31,15.74,14.79,15.9,16.37,15.39,16.37,16.82,15.86,6368,366
2025-02-22 12:00:00,0.24,0.25,2.29,2.89,0.06,0.2,0.11,0.09,14.73,15.17,14.15,14.87,15.29,14.33,14.25,14.65,13.86,13.87,14.21,13.62,13.87,14.22,13.51,14.24,14.68,13.83,14.79,15.28,14.21,15.14,15.72,14.51,6363,811
2025-02-22 11:00:00,0.22,0.15,2.28,2.89,0.03,0.19,0.1,0.07,14.1,14.22,13.92,14.3,14.45,14.18,13.75,13.86,13.62,13.31,13.52,13.03,13.25,13.51,12.92,13.63,13.84,13.38,14.18,14.32,14.06,14.46,14.57,14.3,6368,992
2025-02-22 10:00:00,0.22,0.15,2.27,2.89,0.06,0.19,0.1,0.07,13.57,14.45,11.85,13.9,14.98,11.97,13.15,13.74,11.74,12.35,13.02,11.63,12.31,12.87,11.62,12.69,13.35,11.72,13.85,14.81,11.96,14.07,15.04,12.15,6363,1122
2025-02-22 09:00:00,0.15,0.1,2.23,2.87,0.02,0.14,0.03,0,11.25,11.61,11.1,11.26,11.73,11.08,11.33,11.61,11.26,11.49,11.59,11.46,11.4,11.52,11.38,11.39,11.59,11.34,11.41,11.74,11.26,11.48,11.96,11.27,6363,1914
2025-02-22 08:00:00,0.15,0.09,2.21,2.88,0.02,0.15,0.02,0,11.15,11.26,11.1,11.14,11.23,11.07,11.31,11.38,11.26,11.53,11.61,11.49,11.43,11.5,11.38,11.38,11.48,11.34,11.32,11.4,11.26,11.32,11.43,11.26,6363,0
2025-02-22 07:00:00,0.17,0.14,2.21,2.86,0.05,0.16,0.02,0.01,11.32,11.38,11.26,11.31,11.38,11.25,11.45,11.5,11.38,11.69,11.73,11.61,11.58,11.62,11.5,11.54,11.6,11.48,11.51,11.6,11.41,11.54,11.62,11.48,6363,0
2025-02-22 06:00:00,0.17,0.11,2.23,2.87,0.04,0.17,0.04,0.02,11.48,11.5,11.4,11.46,11.5,11.38,11.59,11.61,11.51,11.78,11.83,11.74,11.7,11.74,11.62,11.66,11.72,11.6,11.65,11.71,11.61,11.7,11.73,11.62,6363,0
2025-02-22 05:00:00,0.16,0.06,2.22,2.85,0.04,0.19,0.06,0.02,11.5,11.5,11.49,11.46,11.5,11.41,11.59,11.61,11.58,11.76,11.79,11.74,11.68,11.71,11.66,11.62,11.66,11.6,11.62,11.67,11.61,11.71,11.73,11.64,6363,0
2025-02-22 04:00:00,0.18,0.16,2.2,2.85,0.05,0.17,0.04,0.02,11.43,11.47,11.42,11.39,11.42,11.38,11.55,11.6,11.52,11.74,11.78,11.73,11.66,11.72,11.62,11.6,11.62,11.6,11.61,11.61,11.61,11.62,11.62,11.62,6368,0
2025-02-22 03:00:00,0.15,0.09,2.2,2.86,0.04,0.16,0.05,0.01,11.48,11.5,11.46,11.43,11.49,11.39,11.61,11.61,11.6,11.82,11.85,11.77,11.73,11.74,11.68,11.68,11.71,11.62,11.62,11.63,11.61,11.68,11.72,11.62,6368,0
2025-02-22 02:00:00,0.17,0.11,2.21,2.84,0.04,0.17,0.04,0.01,11.46,11.5,11.38,11.42,11.5,11.36,11.56,11.61,11.49,11.77,11.85,11.7,11.69,11.74,11.62,11.65,11.71,11.59,11.6,11.65,11.51,11.65,11.73,11.6,6368,0
2025-02-22 01:00:00,0.14,0.1,2.17,2.82,0.04,0.14,0.01,0.01,11.2,11.36,11.02,11.19,11.33,11.03,11.38,11.47,11.32,11.66,11.73,11.63,11.62,11.62,11.61,11.48,11.57,11.4,11.38,11.49,11.26,11.4,11.59,11.19,6368,0
2025-02-22 00:00:00,0.13,0.09,2.17,2.83,0.05,0.15,0.01,0,11.09,11.3,10.99,11.13,11.38,11.02,11.49,11.76,11.32,12,12.36,11.73,11.89,12.22,11.62,11.54,11.78,11.4,11.33,11.59,11.21,11.25,11.5,11.14,6363,0
2025-02-21 23:00:00,0.22,0.12,2.21,2.82,0.03,0.2,0.04,0.02,11.91,12.44,11.38,11.96,12.44,11.48,12.33,12.8,11.85,12.89,13.27,12.44,12.78,13.2,12.33,12.42,13,11.84,12.23,12.8,11.61,12.14,12.69,11.6,6375,0
2025-02-21 22:00:00,0.22,0.11,2.2,2.84,0.02,0.2,0.05,0.01,12.95,13.27,12.55,12.95,13.26,12.56,13.22,13.5,12.9,13.66,13.98,13.39,13.61,13.93,13.28,13.48,13.84,13.06,13.31,13.62,12.9,13.24,13.51,12.8,6375,0
2025-02-21 21:00:00,0.21,0.13,2.23,2.86,0.07,0.21,0.09,0.04,13.67,14.1,13.27,13.68,14.1,13.27,13.93,14.33,13.54,14.41,14.8,14.03,14.35,14.69,13.98,14.26,14.68,13.85,14.08,14.51,13.66,14.02,14.45,13.62,6377,0
2025-02-21 20:00:00,0.22,0.2,2.26,2.87,0.07,0.21,0.11,0.09,14.61,15.08,14.11,14.63,15.12,14.17,14.85,15.29,14.44,15.29,15.74,14.86,15.23,15.64,14.81,15.17,15.62,14.69,15.05,15.51,14.57,15.01,15.52,14.54,6377,0
2025-02-21 19:00:00,0.23,0.25,2.24,2.84,0.06,0.19,0.1,0.05,15.66,16.11,15.16,15.68,16.11,15.16,15.84,16.29,15.4,16.17,16.58,15.75,16.16,16.58,15.76,16.16,16.57,15.74,16.11,16.58,15.63,16.12,16.6,15.64,6377,0
2025-02-21 18:00:00,0.2,0.14,2.26,2.85,0.04,0.18,0.08,0.05,16.77,17.41,16.23,16.78,17.41,16.23,16.81,17.29,16.34,16.98,17.29,16.6,17.01,17.37,16.61,17.13,17.54,16.69,17.24,17.81,16.69,17.34,18.02,16.7,6377,0
2025-02-21 17:00:00,0.27,0.13,2.26,2.85,0.05,0.21,0.06,0.05,17.7,17.87,17.45,17.67,17.79,17.52,17.45,17.53,17.29,17.29,17.34,17.17,17.46,17.53,17.41,17.7,17.75,17.62,18.06,18.23,17.87,18.33,18.52,18.12,6377,0
2025-02-21 16:00:00,0.25,0.15,2.31,2.86,0.05,0.19,0.07,0.06,17.4,17.87,17.17,17.38,17.77,17.17,17.1,17.42,16.93,16.86,17.16,16.7,17.08,17.41,16.94,17.39,17.73,17.26,17.8,18.16,17.64,18.1,18.45,17.87,6377,315
2025-02-21 15:00:00,0.25,0.16,2.3,2.86,0.06,0.18,0.09,0.07,17.14,17.37,16.92,17.16,17.35,16.94,16.77,17.04,16.45,16.35,16.7,15.99,16.61,16.94,16.23,16.99,17.28,16.61,17.57,17.76,17.28,17.96,18.14,17.66,6377,374
2025-02-21 14:00:00,0.2,0.14,2.29,2.91,0.08,0.18,0.1,0.05,16.7,16.87,16.34,16.74,16.92,16.44,16.06,16.45,15.6,15.4,15.88,14.8,15.56,16.11,14.9,16.07,16.57,15.47,16.86,17.2,16.34,17.38,17.65,16.94,6375,622
2025-02-21 13:00:00,0.23,0.24,2.32,2.89,0.09,0.22,0.11,0.05,15.66,16.24,15.05,15.69,16.33,15.05,14.76,15.48,14.08,13.95,14.67,13.19,14.01,14.7,13.28,14.65,15.34,13.91,15.57,16.2,14.88,16.18,16.82,15.52,6372,803
2025-02-21 12:00:00,0.24,0.17,2.29,2.88,0.05,0.19,0.07,0.06,13.81,14.93,12.8,13.84,14.93,12.8,12.94,13.86,11.99,12.17,13.03,11.38,12.18,13.13,11.27,12.79,13.73,11.84,13.67,14.68,12.67,14.23,15.32,13.15,6368,858
2025-02-21 11:00:00,0.21,0.15,2.21,2.8,0.01,0.12,0.03,0.02,11.74,12.59,10.67,11.77,12.68,10.76,11.05,11.85,10.08,10.42,11.24,9.6,10.33,11.15,9.47,10.8,11.72,9.83,11.56,12.5,10.5,12.05,13.01,10.91,6368,870
2025-02-21 10:00:00,0.15,0.09,2.19,2.8,0.02,0.12,0.02,0,9.39,10.43,8.54,9.41,10.46,8.54,9.05,9.93,8.31,8.72,9.38,8.14,8.58,9.25,7.95,8.78,9.59,8.05,9.23,10.29,8.3,9.51,10.67,8.5,6363,1493
2025-02-21 09:00:00,0.21,0.06,2.2,2.79,0.01,0.09,0.01,0,7.9,8.42,7.47,7.98,8.42,7.71,7.79,8.18,7.47,7.7,8.06,7.47,7.49,7.84,7.21,7.45,7.94,7.08,7.53,8.1,7,7.66,8.31,7.11,6363,835
2025-02-21 08:00:00,0.19,0.08,2.19,2.77,0.01,0.11,0,0,6.78,7.29,6.65,6.93,7.59,6.65,7.16,7.36,7.11,7.35,7.47,7.24,7.09,7.14,7.02,6.89,6.99,6.83,6.75,6.94,6.66,6.71,7,6.65,6363,1213
2025-02-21 07:00:00,0.25,0.1,2.18,2.78,0.01,0.08,0.01,0,6.92,7.03,6.77,6.94,7.1,6.77,7.33,7.47,7.19,7.64,7.83,7.47,7.38,7.57,7.2,7.13,7.23,6.99,6.93,7.07,6.76,6.86,7,6.73,6363,0
2025-02-21 06:00:00,0.19,0.11,2.18,2.75,0,0.09,0.02,0,7.3,7.58,7.1,7.31,7.59,7.12,7.73,7.95,7.48,8.08,8.32,7.84,7.82,8.07,7.6,7.54,7.8,7.29,7.34,7.59,7.12,7.22,7.48,7,6368,0
2025-02-21 05:00:00,0.2,0.06,2.13,2.76,0.01,0.12,0,0,7.85,8.03,7.59,7.84,8.02,7.59,8.22,8.42,8.07,8.53,8.66,8.41,8.32,8.51,8.12,8.06,8.22,7.82,7.89,8.06,7.65,7.83,7.99,7.57,6368,0
2025-02-21 04:00:00,0.19,0.04,2.14,2.77,0,0.1,0.02,0,8.18,8.3,8.07,8.17,8.31,8.06,8.54,8.68,8.42,8.84,9,8.68,8.65,8.78,8.55,8.4,8.53,8.28,8.24,8.42,8.06,8.17,8.3,8.04,6368,0
2025-02-21 03:00:00,0.14,0.06,2.16,2.76,0,0.12,0.01,0,8.46,8.56,8.33,8.46,8.55,8.31,8.82,8.89,8.72,9.11,9.25,9.01,8.92,9.02,8.78,8.69,8.77,8.58,8.54,8.64,8.42,8.47,8.62,8.35,6370,0
2025-02-21 02:00:00,0.13,0.06,2.16,2.77,0.01,0.12,0.02,0,8.64,8.67,8.6,8.65,8.7,8.59,9.04,9.13,8.93,9.37,9.53,9.25,9.17,9.32,9.03,8.89,9,8.8,8.72,8.77,8.64,8.66,8.7,8.63,6370,0
2025-02-21 01:00:00,0.13,0.07,2.13,2.73,0,0.11,0.02,0,8.89,9.13,8.7,8.94,9.21,8.76,9.4,9.71,9.21,9.85,10.18,9.6,9.61,9.91,9.37,9.2,9.47,9,9.01,9.27,8.81,8.93,9.2,8.78,6372,0
2025-02-21 00:00:00,0.13,0.07,2.1,2.73,0,0.12,0.01,0,9.51,9.84,9.18,9.59,9.96,9.25,10.06,10.42,9.72,10.59,11.01,10.18,10.34,10.75,9.96,9.84,10.18,9.52,9.65,9.96,9.34,9.57,9.93,9.25,6368,0
2025-02-20 23:00:00,0.13,0.07,2.16,2.79,0.02,0.1,0,0,10.32,10.79,9.93,10.43,10.88,10.06,10.91,11.38,10.47,11.51,11.97,11.02,11.26,11.74,10.79,10.69,11.2,10.3,10.5,10.99,10.07,10.41,10.89,9.97,6377,0
2025-02-20 22:00:00,0.16,0.09,2.23,2.79,0.04,0.18,0.02,0.01,11.3,11.84,10.84,11.41,11.95,10.91,11.93,12.46,11.42,12.65,13.27,12.08,12.41,13.04,11.86,11.74,12.31,11.25,11.56,12.11,11.05,11.47,12.05,10.93,6381,0
2025-02-20 21:00:00,0.25,0.12,2.23,2.81,0.05,0.19,0.05,0.03,12.51,13.15,11.93,12.63,13.28,12.04,13.21,13.86,12.56,14.03,14.72,13.39,13.8,14.49,13.12,13.07,13.73,12.43,12.85,13.52,12.2,12.76,13.48,12.13,6381,0
2025-02-20 20:00:00,0.22,0.18,2.28,2.81,0.06,0.21,0.1,0.06,14.06,14.93,13.27,14.23,15.16,13.39,14.79,15.64,13.98,15.73,16.67,14.87,15.5,16.41,14.67,14.72,15.62,13.86,14.51,15.43,13.66,14.43,15.38,13.63,6386,0
2025-02-20 19:00:00,0.22,0.16,2.27,2.79,0.06,0.2,0.09,0.04,16.37,17.76,15.15,16.55,17.87,15.34,16.97,18.14,15.87,17.83,18.83,16.81,17.62,18.62,16.59,17.04,18.34,15.82,16.9,18.23,15.63,16.83,18.24,15.52,6386,0
2025-02-20 18:00:00,0.22,0.21,2.29,2.82,0.06,0.19,0.06,0.03,19.28,20.48,18,19.37,20.48,18.12,19.37,20.23,18.35,19.64,20.12,18.94,19.59,20.14,18.83,19.58,20.4,18.58,19.7,20.75,18.45,19.8,21.01,18.45,6390,0
2025-02-20 17:00:00,0.18,0.16,2.3,2.83,0.04,0.15,0.08,0.06,21.03,21.31,20.59,21.08,21.43,20.6,20.52,20.67,20.28,20.23,20.24,20.12,20.32,20.37,20.24,20.73,20.83,20.48,21.27,21.54,20.88,21.65,22.02,21.19,6390,78
2025-02-20 16:00:00,0.25,0.14,2.33,2.86,0.07,0.16,0.09,0.07,21.43,21.51,21.31,21.49,21.55,21.32,20.54,20.71,20.25,19.93,20.16,19.57,20.05,20.25,19.78,20.7,20.83,20.48,21.54,21.65,21.37,22.11,22.15,22.01,6386,196
2025-02-20 15:00:00,0.19,0.2,2.34,2.86,0.08,0.19,0.05,0.05,20.84,21.19,20.6,20.88,21.31,20.51,19.77,20.17,19.42,19.15,19.53,18.77,19.33,19.66,19,20.03,20.35,19.65,20.92,21.31,20.6,21.52,21.9,21.2,6386,228
2025-02-20 14:00:00,0.22,0.21,2.33,2.86,0.08,0.2,0.07,0.05,19.83,20.5,18.95,19.74,20.48,18.89,18.75,19.41,17.98,17.99,18.7,17.18,18.29,18.95,17.51,18.95,19.58,18.2,19.82,20.49,18.98,20.44,21.19,19.54,6381,263
2025-02-20 13:00:00,0.26,0.16,2.31,2.88,0.06,0.19,0.06,0.04,18.08,18.79,17.48,18.05,18.7,17.41,17.15,17.84,16.58,16.41,17.04,15.75,16.69,17.37,16.11,17.33,18.03,16.62,18.08,18.82,17.4,18.62,19.41,17.87,6381,315
2025-02-20 12:00:00,0.23,0.19,2.29,2.91,0.09,0.2,0.1,0.05,16.4,17.29,15.41,16.36,17.2,15.45,15.57,16.45,14.69,14.73,15.63,13.77,15.01,15.91,13.98,15.57,16.45,14.58,16.28,17.2,15.3,16.77,17.76,15.75,6377,437
2025-02-20 11:00:00,0.22,0.26,2.26,2.88,0.03,0.19,0.1,0.09,14.76,15.28,14.52,14.96,15.29,14.79,13.97,14.57,13.63,12.76,13.62,11.83,12.79,13.86,11.59,13.61,14.44,12.67,14.61,15.16,14.33,14.97,15.58,14.69,6377,716
2025-02-20 10:00:00,0.12,0.1,2.24,2.82,0.01,0.13,0.04,0.04,13.18,15.29,10.06,13.73,16.45,10.08,12.09,13.84,9.27,10,11.6,8.66,9.71,11.27,8.55,10.49,12.43,8.59,12.95,15.53,8.89,13.31,16.11,9.28,6375,1871
2025-02-20 09:00:00,0.17,0.08,2.2,2.78,0.01,0.11,0.02,0,8.66,9.85,7.37,8.71,9.93,7.59,8.05,9.12,7.12,7.61,8.42,7,7.49,8.43,6.79,7.42,8.41,6.63,7.51,8.64,6.57,7.8,9.1,6.66,6370,1859
2025-02-20 08:00:00,0.18,0.08,2.2,2.78,0.02,0.08,0,0,6.35,7.13,6.17,6.5,7.47,6.17,6.64,7,6.53,6.82,6.89,6.76,6.59,6.76,6.53,6.34,6.52,6.28,6.18,6.44,6.07,6.17,6.53,6.06,6370,1950
2025-02-20 07:00:00,0.14,0.06,2.19,2.76,0,0.07,0,0,6.32,6.44,6.28,6.35,6.51,6.26,6.79,6.96,6.65,7.08,7.24,6.92,6.8,7.01,6.65,6.5,6.63,6.4,6.32,6.44,6.19,6.24,6.4,6.18,6372,0
2025-02-20 06:00:00,0.18,0.07,2.17,2.77,0,0.1,0,0,6.71,7,6.52,6.75,7,6.53,7.2,7.46,7,7.57,7.81,7.32,7.27,7.5,7.01,6.88,7.11,6.64,6.71,7,6.52,6.63,6.88,6.41,6375,0
2025-02-20 05:00:00,0.21,0.09,2.18,2.74,0,0.09,0.01,0,7.23,7.48,7,7.26,7.48,7.01,7.7,7.95,7.47,8.08,8.37,7.83,7.8,8.07,7.59,7.46,7.7,7.19,7.26,7.52,7,7.16,7.38,6.89,6375,0
2025-02-20 04:00:00,0.19,0.05,2.13,2.75,0,0.11,0.01,0,7.75,8.07,7.48,7.8,8.07,7.58,8.25,8.54,7.97,8.7,9.01,8.42,8.43,8.78,8.14,7.98,8.29,7.74,7.8,8.06,7.57,7.72,8.05,7.46,6377,0
2025-02-20 03:00:00,0.15,0.04,2.16,2.76,0,0.12,0.01,0,8.44,8.78,8.07,8.48,8.83,8.18,8.94,9.25,8.58,9.41,9.72,9.08,9.17,9.5,8.79,8.72,9.1,8.37,8.52,8.89,8.18,8.44,8.78,8.07,6377,0
2025-02-20 02:00:00,0.13,0.08,2.12,2.74,0,0.1,0.01,0,9.16,9.47,8.87,9.2,9.49,8.89,9.64,9.96,9.32,10.15,10.52,9.84,9.94,10.31,9.6,9.49,9.84,9.12,9.28,9.6,8.92,9.2,9.55,8.87,6377,0
2025-02-20 01:00:00,0.13,0.05,2.13,2.76,0,0.11,0,0,9.87,10.29,9.49,9.96,10.35,9.6,10.4,10.84,9.97,10.99,11.47,10.55,10.77,11.27,10.33,10.29,10.66,9.89,10.05,10.44,9.68,9.97,10.42,9.6,6381,0
2025-02-20 00:00:00,0.12,0.08,2.2,2.81,0.04,0.14,0,0,10.85,11.39,10.31,10.97,11.56,10.44,11.42,11.97,10.9,12.08,12.68,11.52,11.85,12.45,11.31,11.29,11.85,10.77,11.09,11.71,10.55,11.01,11.62,10.47,6377,0
2025-02-19 23:00:00,0.23,0.12,2.24,2.82,0.01,0.2,0.04,0.02,12.29,13.04,11.52,12.35,13.03,11.68,12.72,13.27,12.09,13.27,13.74,12.78,13.11,13.63,12.57,12.75,13.49,11.99,12.6,13.38,11.82,12.53,13.34,11.73,6386,0
2025-02-19 22:00:00,0.21,0.14,2.25,2.83,0.05,0.21,0.07,0.03,13.47,13.74,13.16,13.44,13.63,13.15,13.65,13.86,13.39,13.97,14.12,13.74,13.97,14.21,13.72,13.9,14.09,13.61,13.79,14,13.5,13.79,14.02,13.51,6386,0
2025-02-19 21:00:00,0.22,0.16,2.27,2.85,0.09,0.21,0.07,0.04,13.57,13.74,13.39,13.58,13.71,13.46,13.86,13.98,13.82,14.34,14.69,14.18,14.31,14.61,14.22,14.11,14.2,14.08,13.93,14.04,13.86,13.91,14.08,13.74,6388,0
2025-02-19 20:00:00,0.23,0.19,2.26,2.85,0.06,0.21,0.1,0.06,14.21,15.04,13.51,14.3,15.16,13.6,14.79,15.63,14.07,15.62,16.45,14.8,15.5,16.35,14.7,15,15.81,14.31,14.7,15.51,13.97,14.59,15.45,13.86,6390,0
2025-02-19 19:00:00,0.21,0.19,2.24,2.86,0.06,0.19,0.09,0.03,16.36,17.61,15.21,16.46,17.65,15.3,16.81,17.84,15.78,17.47,18.23,16.6,17.36,18.23,16.45,16.98,18.11,15.98,16.85,18.11,15.73,16.83,18.12,15.64,6390,0
2025-02-19 18:00:00,0.25,0.16,2.27,2.89,0.07,0.19,0.05,0.03,18.58,19.06,17.77,18.64,19.18,17.86,18.56,18.94,18,18.69,18.94,18.35,18.74,19.04,18.35,18.85,19.2,18.23,19.03,19.53,18.25,19.18,19.77,18.33,6395,0
2025-02-19 17:00:00,0.2,0.18,2.28,2.9,0.07,0.2,0.08,0.06,19.55,20.12,19.18,19.6,20.2,19.19,19.3,19.68,18.95,19.21,19.42,18.98,19.26,19.54,19.07,19.52,19.87,19.29,19.92,20.36,19.57,20.18,20.73,19.77,6395,173
2025-02-19 16:00:00,0.18,0.23,2.31,2.92,0.09,0.19,0.06,0.03,20.53,20.71,20.25,20.58,20.72,20.34,19.8,19.89,19.67,19.3,19.42,19.06,19.45,19.54,19.2,19.94,20.01,19.77,20.7,20.83,20.48,21.17,21.31,20.84,6395,118
2025-02-19 15:00:00,0.2,0.26,2.3,2.96,0.14,0.2,0.08,0.03,20.19,20.5,20,20.24,20.6,20.01,19.27,19.65,18.94,18.57,18.95,18.23,18.75,19.19,18.36,19.35,19.76,19.04,20.25,20.6,20.01,20.84,21.19,20.6,6390,362
2025-02-19 14:00:00,0.22,0.18,2.31,2.95,0.08,0.19,0.07,0.06,19.53,19.95,18.95,19.47,19.94,18.87,18.4,18.94,17.76,17.44,18.12,16.7,17.74,18.35,17.02,18.49,19.04,17.87,19.5,19.95,18.94,20.19,20.6,19.66,6390,350
2025-02-19 13:00:00,0.24,0.16,2.29,2.98,0.07,0.18,0.07,0.04,17.8,18.83,16.94,17.78,18.7,16.94,16.64,17.62,15.75,15.61,16.58,14.73,15.83,16.82,14.94,16.71,17.7,15.81,17.75,18.82,16.81,18.44,19.54,17.44,6386,748
2025-02-19 12:00:00,0.21,0.23,2.29,2.96,0.07,0.19,0.09,0.05,15.7,16.82,14.44,15.71,16.82,14.51,14.59,15.63,13.5,13.58,14.57,12.56,13.78,14.81,12.68,14.52,15.62,13.38,15.46,16.62,14.21,16.07,17.29,14.69,6381,523
2025-02-19 11:00:00,0.22,0.15,2.23,2.92,0.04,0.16,0.05,0.02,13.18,14.22,12.24,13.33,14.33,12.45,12.36,13.28,11.49,11.38,12.35,10.42,11.49,12.57,10.4,12.16,13.23,11.01,12.96,14.05,11.97,13.4,14.56,12.33,6379,961
2025-02-19 10:00:00,0.13,0.09,2.12,2.87,0.01,0.11,0.01,0.01,10.48,12.1,8.66,10.72,12.33,8.78,9.94,11.35,8.45,8.99,10.18,8.14,8.89,10.13,8.06,9.29,10.77,8.17,10.38,11.85,8.54,10.68,12.21,8.78,6377,1977
2025-02-19 09:00:00,0.18,0.08,2.16,2.84,0.01,0.1,0.01,0,7.78,8.54,7.12,7.85,8.64,7.28,7.72,8.31,7.24,7.6,8.05,7.27,7.43,7.95,7.11,7.4,8.05,6.87,7.5,8.31,6.86,7.66,8.64,6.88,6377,1820
2025-02-19 08:00:00,0.2,0.08,2.15,2.84,0,0.09,0.01,0,6.74,7,6.62,6.81,7.17,6.65,7.11,7.24,7.01,7.38,7.59,7.24,7.12,7.36,7.01,6.84,6.99,6.75,6.68,6.86,6.59,6.62,6.77,6.53,6377,1575
2025-02-19 07:00:00,0.17,0.09,2.14,2.82,0.01,0.08,0.01,0,7.09,7.45,6.85,7.11,7.43,6.9,7.52,7.83,7.28,7.88,8.18,7.61,7.63,7.95,7.37,7.32,7.7,7.07,7.13,7.47,6.87,7.02,7.36,6.77,6377,0
2025-02-19 06:00:00,0.2,0.07,2.07,2.84,0,0.11,0.01,0,7.83,8.07,7.48,7.81,8.07,7.48,8.12,8.3,7.9,8.41,8.54,8.2,8.21,8.32,7.99,8.02,8.21,7.73,7.86,8.06,7.59,7.83,8.07,7.48,6379,0
2025-02-19 05:00:00,0.19,0.04,2.09,2.85,0.02,0.1,0.01,0,8.12,8.21,8.07,8.11,8.18,8.07,8.37,8.43,8.3,8.61,8.66,8.54,8.44,8.55,8.34,8.28,8.39,8.21,8.15,8.3,8.07,8.12,8.18,8.07,6379,0
2025-02-19 04:00:00,0.15,0.04,2.08,2.85,0.01,0.1,0.03,0,8.3,8.39,8.24,8.27,8.34,8.18,8.53,8.64,8.43,8.8,8.89,8.71,8.6,8.66,8.55,8.46,8.53,8.41,8.34,8.42,8.3,8.31,8.39,8.27,6381,0
2025-02-19 03:00:00,0.13,0.05,2.08,2.86,0,0.12,0.02,0,8.49,8.56,8.41,8.47,8.54,8.35,8.73,8.77,8.66,8.97,9.01,8.89,8.8,8.88,8.68,8.65,8.75,8.53,8.54,8.64,8.42,8.52,8.63,8.42,6381,0
2025-02-19 02:00:00,0.13,0.05,2.1,2.86,0,0.13,0.01,0,8.54,8.55,8.54,8.54,8.55,8.54,8.82,8.89,8.77,9.09,9.22,9.01,8.93,9.02,8.89,8.73,8.77,8.7,8.58,8.64,8.54,8.56,8.66,8.54,6381,0
2025-02-19 01:00:00,0.13,0.06,2.1,2.86,0,0.11,0,0,8.77,8.87,8.62,8.77,8.88,8.62,9.05,9.13,8.93,9.34,9.42,9.25,9.19,9.25,9.04,8.96,9.01,8.85,8.83,8.89,8.66,8.82,8.89,8.66,6381,0
2025-02-19 00:00:00,0.13,0.07,2.11,2.84,0,0.12,0,0,8.85,9.01,8.78,8.88,9.02,8.78,9.24,9.47,9.13,9.64,9.88,9.47,9.42,9.66,9.25,9.1,9.26,9,8.94,9.07,8.85,8.87,9.01,8.78,6377,0
2025-02-18 23:00:00,0.13,0.08,2.07,2.81,0,0.1,0.02,0,9.29,9.6,9.02,9.37,9.72,9.12,9.77,10.09,9.47,10.29,10.67,9.96,10.06,10.44,9.72,9.6,9.95,9.35,9.41,9.81,9.13,9.34,9.72,9.01,6386,0
2025-02-18 22:00:00,0.13,0.06,2.08,2.87,0,0.1,0,0,10.11,10.55,9.72,10.19,10.66,9.74,10.62,11.06,10.18,11.21,11.7,10.78,10.99,11.5,10.56,10.53,10.97,10.06,10.32,10.78,9.84,10.23,10.67,9.77,6388,0
2025-02-18 21:00:00,0.13,0.1,2.16,2.9,0.05,0.15,0.01,0,11.09,11.61,10.66,11.18,11.71,10.76,11.61,12.12,11.14,12.26,12.8,11.73,12.08,12.63,11.6,11.54,12.08,11.01,11.33,11.85,10.84,11.26,11.79,10.79,6390,0
2025-02-18 20:00:00,0.24,0.12,2.19,2.92,0.02,0.2,0.05,0.02,12.32,13.02,11.73,12.4,13.09,11.79,12.85,13.5,12.21,13.51,14.13,12.91,13.34,13.98,12.71,12.84,13.53,12.19,12.63,13.38,11.96,12.55,13.27,11.94,6390,0
2025-02-18 19:00:00,0.21,0.15,2.24,2.97,0.08,0.2,0.08,0.05,13.97,14.93,13.15,14.05,14.93,13.27,14.36,15.16,13.62,14.87,15.51,14.25,14.76,15.4,14.1,14.48,15.28,13.73,14.33,15.27,13.5,14.3,15.28,13.42,6395,0
2025-02-18 18:00:00,0.2,0.21,2.24,2.95,0.06,0.19,0.1,0.03,15.78,16.33,15.06,15.78,16.29,15.12,15.79,16.12,15.28,15.87,16.08,15.58,15.88,16.11,15.52,15.98,16.37,15.46,16.04,16.58,15.39,16.13,16.7,15.4,6395,0
2025-02-18 17:00:00,0.18,0.13,2.25,2.97,0.05,0.15,0.08,0.05,16.47,16.58,16.34,16.44,16.57,16.34,16.21,16.26,16.18,16.1,16.11,16.1,16.22,16.25,16.12,16.55,16.66,16.45,16.76,16.84,16.6,16.92,17.04,16.79,6395,98
2025-02-18 16:00:00,0.18,0.14,2.26,2.97,0.05,0.17,0.09,0.04,16.78,16.94,16.58,16.79,16.94,16.58,16.34,16.37,16.28,15.98,16.11,15.75,16.24,16.33,16.11,16.72,16.79,16.68,17.08,17.26,16.91,17.32,17.59,17.04,6395,153
2025-02-18 15:00:00,0.2,0.16,2.27,3.03,0.06,0.17,0.09,0.04,16.32,16.94,15.64,16.31,16.94,15.64,15.68,16.2,15.16,15.08,15.64,14.63,15.34,16,14.81,16.01,16.69,15.4,16.56,17.2,15.87,16.97,17.61,16.23,6390,390
2025-02-18 14:00:00,0.24,0.26,2.27,3.01,0.08,0.19,0.08,0.04,15.37,15.64,15.04,15.38,15.64,15.04,14.78,15.15,14.33,14.13,14.57,13.66,14.31,14.71,13.87,14.99,15.39,14.56,15.56,15.87,15.16,15.95,16.23,15.56,6390,634
2025-02-18 13:00:00,0.22,0.18,2.25,3,0.02,0.19,0.09,0.07,14.3,14.93,13.62,14.31,14.93,13.62,13.66,14.21,13.07,13.04,13.58,12.56,13.2,13.75,12.68,13.85,14.44,13.26,14.4,15.04,13.74,14.79,15.47,14.1,6386,772
2025-02-18 12:00:00,0.23,0.11,2.23,2.99,0.06,0.19,0.03,0.03,13.11,13.54,12.65,13.16,13.56,12.77,12.61,13.03,12.2,12,12.44,11.49,12.08,12.57,11.5,12.69,13.15,12.19,13.23,13.66,12.75,13.54,13.98,13.03,6381,677
2025-02-18 11:00:00,0.23,0.1,2.24,2.93,0,0.14,0.03,0.02,12.44,12.58,12.38,12.82,13.27,12.65,12.02,12.13,11.97,10.9,11.4,10.31,10.69,11.38,9.96,11.52,11.99,11.01,12.63,12.91,12.56,12.98,13.28,12.88,6381,874
2025-02-18 10:00:00,0.13,0.07,2.22,2.94,0.01,0.09,0.02,0,11.08,13.39,8.18,11.61,14.33,8.18,10.41,12.2,7.95,8.76,10.07,7.7,8.64,9.77,7.6,9.28,10.89,7.7,11.37,14.21,7.94,11.67,14.57,8.18,6381,1185
2025-02-18 09:00:00,0.2,0.08,2.21,2.94,0.01,0.08,0.01,0,7.11,7.96,6.42,7.18,8.04,6.53,7.19,7.83,6.78,7.12,7.59,6.9,6.95,7.48,6.66,6.88,7.58,6.44,6.94,7.8,6.36,7.05,8.06,6.36,6377,1433
2025-02-18 08:00:00,0.16,0.06,2.22,2.93,0,0.08,0.01,0,6.42,6.54,6.32,6.47,6.57,6.4,6.81,6.96,6.74,7.05,7.2,6.93,6.8,6.98,6.65,6.52,6.75,6.4,6.37,6.52,6.29,6.34,6.49,6.29,6381,953
2025-02-18 07:00:00,0.17,0.07,2.2,2.95,0,0.1,0.01,0,6.7,6.89,6.57,6.7,6.9,6.58,7.1,7.27,6.98,7.4,7.59,7.24,7.14,7.36,7,6.86,7.02,6.75,6.68,6.88,6.52,6.62,6.82,6.52,6381,0
2025-02-18 06:00:00,0.18,0.09,2.22,2.93,0.01,0.09,0.01,0,7.14,7.28,6.98,7.14,7.28,6.99,7.47,7.6,7.35,7.77,7.95,7.6,7.54,7.71,7.36,7.28,7.46,7.11,7.11,7.34,6.89,7.06,7.24,6.88,6381,0
2025-02-18 05:00:00,0.18,0.11,2.18,2.93,0,0.09,0.01,0,7.43,7.59,7.35,7.43,7.59,7.33,7.78,7.95,7.61,8.06,8.2,7.95,7.85,8.03,7.72,7.62,7.82,7.46,7.46,7.59,7.35,7.37,7.51,7.24,6381,0
2025-02-18 04:00:00,0.2,0.06,2.13,2.93,0,0.11,0,0,7.8,7.95,7.59,7.8,7.95,7.59,8.12,8.27,7.95,8.42,8.54,8.27,8.2,8.32,8.06,8,8.14,7.82,7.84,7.95,7.63,7.8,7.95,7.57,6386,0
2025-02-18 03:00:00,0.17,0.04,2.16,2.93,0.01,0.11,0,0,8.01,8.14,7.95,8.02,8.16,7.95,8.37,8.52,8.26,8.7,8.88,8.54,8.51,8.66,8.35,8.24,8.41,8.14,8.07,8.2,7.95,8.02,8.17,7.95,6386,0
2025-02-18 02:00:00,0.18,0.04,2.16,2.94,0,0.1,0.02,0,8.34,8.63,8.18,8.36,8.66,8.18,8.77,9.01,8.54,9.16,9.47,8.89,8.93,9.25,8.66,8.63,8.88,8.41,8.44,8.71,8.24,8.37,8.66,8.18,6386,0
2025-02-18 01:00:00,0.13,0.08,2.17,2.93,0,0.11,0.01,0,8.94,9.22,8.66,8.98,9.25,8.67,9.35,9.6,9.1,9.74,9.96,9.47,9.56,9.84,9.27,9.25,9.5,8.97,9.06,9.35,8.77,9,9.25,8.68,6390,0
2025-02-18 00:00:00,0.12,0.07,2.13,2.93,0,0.1,0.01,0,9.48,9.7,9.25,9.51,9.72,9.29,9.87,10.08,9.64,10.25,10.43,10.05,10.09,10.32,9.85,9.79,9.97,9.59,9.62,9.84,9.37,9.56,9.76,9.33,6386,0
2025-02-17 23:00:00,0.13,0.06,2.14,2.92,0,0.1,0,0,9.89,10.08,9.72,9.93,10.18,9.74,10.31,10.56,10.08,10.75,11.02,10.53,10.59,10.89,10.33,10.25,10.54,10.06,10.06,10.31,9.84,10,10.2,9.83,6390,0
2025-02-17 22:00:00,0.14,0.07,2.18,2.99,0.01,0.1,0,0,10.46,10.79,10.17,10.52,10.88,10.2,10.95,11.26,10.67,11.46,11.85,11.13,11.29,11.72,10.91,10.89,11.25,10.55,10.68,11.02,10.39,10.61,10.92,10.31,6395,0
2025-02-17 21:00:00,0.14,0.1,2.24,3,0.05,0.18,0.02,0.01,11.24,11.61,10.88,11.31,11.73,10.92,11.76,12.2,11.38,12.4,12.91,11.97,12.23,12.71,11.75,11.74,12.19,11.36,11.52,11.96,11.13,11.42,11.85,11.02,6395,0
2025-02-17 20:00:00,0.23,0.14,2.25,3.02,0.04,0.19,0.05,0.01,12.32,13.03,11.73,12.42,13.15,11.85,12.93,13.62,12.32,13.7,14.43,13.03,13.5,14.23,12.82,12.95,13.72,12.31,12.68,13.41,12.08,12.6,13.36,11.97,6399,0
2025-02-17 19:00:00,0.22,0.18,2.31,3.06,0.07,0.21,0.08,0.05,14.2,15.38,13.15,14.3,15.42,13.27,14.71,15.71,13.75,15.38,16.17,14.57,15.23,16.01,14.39,14.76,15.74,13.85,14.6,15.75,13.61,14.55,15.75,13.51,6399,0
2025-02-17 18:00:00,0.21,0.16,2.31,3.08,0.05,0.16,0.09,0.03,16.5,17.04,15.61,16.51,17.04,15.64,16.52,16.93,15.87,16.54,16.7,16.2,16.55,16.75,16.16,16.65,17.04,15.98,16.77,17.29,15.96,16.87,17.44,15.99,6399,0
2025-02-17 17:00:00,0.24,0.14,2.33,3.1,0.07,0.16,0.09,0.05,17.26,17.36,17.17,17.26,17.39,17.14,16.93,16.93,16.89,16.6,16.7,16.45,16.65,16.76,16.54,17.03,17.04,16.95,17.42,17.52,17.29,17.68,17.76,17.53,6399,157
2025-02-17 16:00:00,0.26,0.15,2.32,3.09,0.07,0.16,0.09,0.05,17.18,17.32,16.94,17.23,17.41,16.94,16.6,16.84,16.31,16.15,16.45,15.85,16.24,16.48,15.91,16.72,16.94,16.41,17.28,17.48,16.93,17.59,17.76,17.28,6399,386
2025-02-17 15:00:00,0.18,0.14,2.32,3.12,0.07,0.18,0.1,0.06,16.66,16.82,16.57,16.74,16.94,16.58,15.93,16.2,15.63,15.46,15.75,15.14,15.55,15.88,15.24,16.05,16.33,15.78,16.66,16.93,16.5,17,17.17,16.83,6399,401
2025-02-17 14:00:00,0.22,0.22,2.35,3.13,0.09,0.19,0.09,0.08,15.81,16.45,15.1,15.81,16.52,15.06,14.97,15.55,14.33,14.4,15.03,13.74,14.6,15.17,13.98,15.15,15.73,14.53,15.85,16.45,15.18,16.26,16.83,15.53,6397,441
2025-02-17 13:00:00,0.24,0.18,2.47,3.31,0.06,0.22,0.17,0.14,13.99,14.99,12.92,14.01,14.93,12.92,13.38,14.21,12.56,12.9,13.62,12.23,13.05,13.84,12.33,13.67,14.44,12.9,14.28,15.14,13.38,14.56,15.48,13.63,6395,429
2025-02-17 12:00:00,0.24,0.16,2.84,3.78,0.13,0.28,0.25,0.27,12.25,12.8,11.73,12.24,12.8,11.69,11.93,12.44,11.41,11.74,12.2,11.36,11.79,12.21,11.38,12.3,12.78,11.84,12.7,13.27,12.2,13.06,13.52,12.56,6390,1520
2025-02-17 11:00:00,0.14,0.14,3.18,2.38,0.07,0.2,0.3,0.34,11.12,11.61,10.56,11.07,11.61,10.55,10.88,11.38,10.43,10.83,11.26,10.43,10.81,11.27,10.33,11.2,11.72,10.66,11.56,12.11,10.9,11.76,12.44,11.13,6390,760
2025-02-17 10:00:00,0.14,0.08,4.19,1.76,0.13,0.3,0.16,0.16,10.09,10.54,9.7,10.03,10.45,9.6,9.97,10.31,9.64,10.03,10.33,9.72,9.94,10.32,9.6,10.14,10.54,9.71,10.39,10.78,9.84,10.51,11.03,9.85,6390,244
2025-02-17 09:00:00,0.14,0.1,4.37,1.81,0.14,0.16,0,0,9.43,9.6,9.27,9.4,9.6,9.24,9.44,9.6,9.3,9.59,9.72,9.47,9.45,9.6,9.37,9.49,9.71,9.35,9.53,9.72,9.35,9.62,9.84,9.49,6390,0
2025-02-17 08:00:00,0.15,0.16,4.42,1.85,0.14,0.17,0,0,9.17,9.25,9.13,9.14,9.21,9.12,9.25,9.31,9.24,9.41,9.47,9.35,9.27,9.34,9.25,9.27,9.35,9.24,9.28,9.35,9.24,9.36,9.46,9.32,6390,0
2025-02-17 07:00:00,0.17,0.15,4.42,1.85,0.13,0.17,0,0,9.13,9.14,9.13,9.1,9.13,9.03,9.18,9.25,9.13,9.34,9.37,9.26,9.21,9.25,9.14,9.2,9.24,9.12,9.23,9.24,9.14,9.29,9.33,9.25,6390,0
2025-02-17 06:00:00,0.14,0.09,4.43,1.83,0.13,0.19,0,0,9,9.12,8.89,8.95,9.02,8.89,9.01,9.13,8.89,9.15,9.27,9.04,8.99,9.14,8.89,9.01,9.12,8.88,9.04,9.14,8.93,9.13,9.25,9.01,6390,0
2025-02-17 05:00:00,0.14,0.09,4.43,1.83,0.14,0.17,0,0,8.79,8.89,8.66,8.75,8.89,8.6,8.78,8.89,8.64,8.91,9.01,8.77,8.74,8.89,8.6,8.75,8.88,8.64,8.8,8.89,8.64,8.88,9.01,8.76,6390,0
2025-02-17 04:00:00,0.14,0.07,4.46,1.81,0.12,0.17,0,0,8.46,8.66,8.3,8.4,8.56,8.2,8.43,8.6,8.24,8.58,8.77,8.42,8.41,8.56,8.21,8.38,8.57,8.17,8.43,8.64,8.2,8.5,8.7,8.3,6390,0
2025-02-17 03:00:00,0.22,0.07,4.46,1.79,0.12,0.17,0,0,7.96,8.21,7.68,7.93,8.18,7.68,8,8.2,7.83,8.13,8.38,7.95,7.97,8.18,7.8,7.87,8.16,7.59,7.88,8.18,7.59,7.93,8.21,7.62,6390,0
2025-02-17 02:00:00,0.19,0.13,4.5,1.77,0.09,0.14,0,0,7.36,7.59,7.24,7.39,7.6,7.26,7.67,7.78,7.61,7.91,8.06,7.83,7.75,7.87,7.7,7.43,7.58,7.34,7.29,7.49,7.14,7.34,7.54,7.24,6390,0
2025-02-17 01:00:00,0.19,0.1,4.43,1.77,0.11,0.15,0,0,7.64,7.94,7.36,7.7,7.98,7.42,8.1,8.41,7.82,8.4,8.72,8.07,8.24,8.55,7.95,7.81,8.14,7.51,7.62,7.93,7.35,7.71,8.02,7.36,6390,0
2025-02-17 00:00:00,0.15,0.05,4.4,1.79,0.11,0.17,0,0,8.26,8.55,7.95,8.35,8.66,8.06,8.76,9.13,8.42,9.1,9.47,8.77,8.95,9.35,8.57,8.51,8.88,8.17,8.29,8.64,7.94,8.39,8.77,8.07,6388,0
2025-02-16 23:00:00,0.12,0.08,4.35,1.76,0.1,0.16,0,0,9.01,9.39,8.66,9.14,9.6,8.78,9.54,9.96,9.14,9.95,10.43,9.53,9.83,10.32,9.38,9.3,9.71,8.91,9.08,9.5,8.66,9.18,9.6,8.8,6399,0
2025-02-16 22:00:00,0.12,0.07,4.33,1.79,0.09,0.15,0,0,9.99,10.53,9.49,10.13,10.67,9.63,10.57,11.14,10.08,11.09,11.72,10.55,10.98,11.62,10.44,10.4,11,9.83,10.13,10.66,9.6,10.23,10.79,9.72,6399,0
2025-02-16 21:00:00,0.16,0.1,4.41,1.84,0.14,0.22,0,0,11.28,12.04,10.59,11.49,12.29,10.79,11.97,12.8,11.26,12.59,13.39,11.85,12.5,13.39,11.74,11.89,12.7,11.12,11.56,12.44,10.78,11.69,12.56,10.91,6404,0
2025-02-16 20:00:00,0.22,0.13,4.45,1.87,0.16,0.24,0,0.01,13.24,14.41,12.21,13.44,14.5,12.44,13.92,14.92,12.92,14.51,15.4,13.59,14.47,15.4,13.51,13.98,15.15,12.89,13.69,14.92,12.56,13.84,15.04,12.68,6406,0
2025-02-16 19:00:00,0.21,0.26,4.47,1.86,0.17,0.23,0,0.02,15.48,16.12,14.67,15.51,16.2,14.7,15.76,16.34,15.07,16.16,16.7,15.57,16.12,16.69,15.52,16.11,16.7,15.38,16,16.69,15.16,16.1,16.79,15.27,6408,0
2025-02-16 18:00:00,0.21,0.14,4.46,1.87,0.16,0.24,0,0.01,16.93,17.53,16.25,16.97,17.53,16.34,17,17.48,16.45,17.25,17.64,16.81,17.24,17.65,16.73,17.42,17.92,16.79,17.52,18.11,16.81,17.6,18.24,16.92,6410,0
2025-02-16 17:00:00,0.24,0.15,4.46,1.89,0.2,0.24,0,0.01,17.95,18.24,17.57,18.01,18.34,17.65,17.78,17.99,17.53,17.79,17.87,17.64,17.83,17.92,17.65,18.27,18.45,17.99,18.59,18.91,18.23,18.66,18.95,18.33,6410,315
2025-02-16 16:00:00,0.26,0.18,4.47,1.91,0.21,0.24,0,0,18.37,18.45,18.24,18.41,18.45,18.24,17.86,18,17.64,17.64,17.87,17.31,17.73,17.89,17.41,18.32,18.45,18.11,18.89,18.95,18.7,18.93,19.04,18.73,6408,468
2025-02-16 15:00:00,0.25,0.15,4.48,1.93,0.2,0.25,0,0.03,17.76,18.12,17.36,17.81,18.19,17.4,17.12,17.53,16.7,16.79,17.29,16.26,16.88,17.35,16.35,17.59,17.99,17.12,18.27,18.65,17.81,18.28,18.7,17.81,6406,571
2025-02-16 14:00:00,0.21,0.16,4.48,1.95,0.23,0.23,0,0.02,16.78,17.29,16.23,16.83,17.29,16.34,16.01,16.58,15.4,15.55,16.16,14.82,15.57,16.23,14.86,16.35,16.95,15.62,17.12,17.74,16.45,17.1,17.7,16.45,6404,661
2025-02-16 13:00:00,0.22,0.28,4.49,1.96,0.22,0.25,0.01,0.05,15.43,16.11,14.69,15.52,16.23,14.79,14.57,15.28,13.85,13.95,14.69,13.15,13.89,14.69,13.04,14.67,15.5,13.85,15.49,16.34,14.59,15.43,16.26,14.55,6399,791
2025-02-16 12:00:00,0.22,0.16,4.45,1.94,0.21,0.25,0.01,0.01,13.86,14.58,13.15,14.01,14.69,13.36,13.02,13.74,12.32,12.28,13.05,11.49,12.08,12.92,11.27,12.89,13.73,12.06,13.6,14.48,12.67,13.46,14.42,12.45,6395,1055
2025-02-16 11:00:00,0.23,0.1,4.45,1.87,0.17,0.17,0,0,12.51,13.03,12.09,12.93,13.27,12.78,11.8,12.23,11.49,10.53,11.38,9.47,10.09,11.1,8.89,10.99,11.91,9.83,11.66,12.55,10.78,11.21,12.32,9.96,6395,1682
2025-02-16 10:00:00,0.14,0.06,4.48,1.86,0.18,0.15,0,0,10.06,12.44,7.48,10.62,13.74,7.55,9.32,11.58,6.76,7.81,9.26,6.53,7.41,8.66,6.31,7.75,9.59,6.26,8.93,10.81,6.64,8.05,9.63,6.65,6390,2072
2025-02-16 09:00:00,0.12,0.15,4.65,1.75,0.11,0.14,0,0,5.7,7.22,4.46,5.75,7.24,4.56,5.47,6.53,4.69,5.4,6.3,4.8,5.17,6.11,4.53,4.96,6.04,4.25,5.03,6.36,4.09,5.06,6.4,4.16,6388,2115
2025-02-16 08:00:00,0.12,0.29,4.67,1.71,0.08,0.15,0,0,4.25,4.46,4.08,4.33,4.52,4.17,4.7,4.92,4.55,4.93,5.22,4.75,4.64,4.89,4.48,4.32,4.62,4.15,4.08,4.31,3.92,4.17,4.4,4.05,6390,2076
2025-02-16 07:00:00,0.06,0.19,4.62,1.71,0.09,0.1,0,0,4.83,5.18,4.52,4.9,5.23,4.56,5.3,5.62,4.98,5.57,5.92,5.23,5.29,5.61,4.98,4.99,5.33,4.62,4.73,5.12,4.4,4.83,5.21,4.51,6388,0
2025-02-16 06:00:00,0.07,0.1,4.53,1.76,0.12,0.13,0,0,5.6,5.96,5.23,5.64,6.01,5.3,6.02,6.39,5.7,6.28,6.64,5.94,6.01,6.35,5.71,5.76,6.16,5.39,5.53,5.93,5.12,5.62,6.06,5.23,6390,0
2025-02-16 05:00:00,0.16,0.07,4.51,1.78,0.15,0.13,0,0,6.39,6.57,6.06,6.37,6.53,6.07,6.67,6.85,6.41,6.84,6.96,6.64,6.6,6.72,6.42,6.47,6.63,6.18,6.35,6.52,6.05,6.41,6.57,6.11,6390,0
2025-02-16 04:00:00,0.15,0.07,4.51,1.76,0.15,0.16,0,0,6.64,6.65,6.59,6.56,6.6,6.54,6.88,6.88,6.88,7,7,6.98,6.77,6.77,6.76,6.63,6.65,6.63,6.52,6.54,6.52,6.64,6.65,6.6,6390,0
2025-02-16 03:00:00,0.16,0.08,4.49,1.77,0.15,0.15,0,0,6.53,6.65,6.42,6.52,6.59,6.41,6.88,6.96,6.82,7.04,7.12,6.98,6.8,6.89,6.76,6.63,6.72,6.53,6.46,6.52,6.38,6.55,6.65,6.47,6395,0
2025-02-16 02:00:00,0.18,0.09,4.49,1.77,0.15,0.13,0,0,6.76,6.92,6.63,6.76,6.95,6.63,7.11,7.24,6.99,7.35,7.51,7.15,7.12,7.36,6.93,6.88,7.03,6.75,6.68,6.82,6.52,6.77,6.88,6.65,6395,0
2025-02-16 01:00:00,0.18,0.1,4.44,1.77,0.15,0.14,0,0,7.09,7.36,6.94,7.14,7.42,7,7.52,7.83,7.3,7.83,8.18,7.59,7.61,7.95,7.36,7.28,7.59,7.07,7.04,7.36,6.86,7.13,7.48,6.92,6397,0
2025-02-16 00:00:00,0.17,0.07,4.37,1.76,0.15,0.16,0,0,7.8,8.18,7.45,7.88,8.3,7.48,8.29,8.74,7.93,8.63,9.04,8.22,8.43,8.88,8.03,8.08,8.53,7.7,7.84,8.3,7.47,7.93,8.41,7.49,6395,0
2025-02-15 23:00:00,0.11,0.07,4.34,1.78,0.15,0.17,0,0,8.75,9.14,8.3,8.8,9.25,8.41,9.19,9.6,8.77,9.56,9.96,9.13,9.36,9.77,8.89,9.1,9.54,8.64,8.84,9.27,8.39,8.95,9.37,8.46,6399,0
2025-02-15 22:00:00,0.11,0.08,4.29,1.76,0.15,0.16,0,0,9.56,9.96,9.25,9.63,10.07,9.27,10,10.43,9.62,10.41,10.88,9.99,10.23,10.67,9.85,9.95,10.42,9.59,9.7,10.18,9.35,9.82,10.27,9.46,6404,0
2025-02-15 21:00:00,0.13,0.06,4.32,1.83,0.17,0.17,0,0,10.55,11.08,10.07,10.62,11.14,10.1,11.04,11.61,10.51,11.49,12.06,10.91,11.31,11.86,10.79,11.05,11.62,10.53,10.78,11.37,10.24,10.89,11.49,10.33,6406,0
2025-02-15 20:00:00,0.2,0.12,4.39,1.85,0.2,0.25,0,0,11.79,12.44,11.16,11.86,12.56,11.26,12.29,13.03,11.69,12.75,13.42,12.14,12.59,13.28,11.97,12.38,13.11,11.72,12.07,12.8,11.48,12.18,12.92,11.56,6410,0
2025-02-15 19:00:00,0.21,0.14,4.41,1.89,0.23,0.25,0,0.02,13.51,14.45,12.6,13.57,14.45,12.69,13.98,14.81,13.15,14.27,14.96,13.56,14.12,14.81,13.39,14.07,14.91,13.24,13.84,14.8,12.93,13.91,14.82,13.03,6412,0
2025-02-15 18:00:00,0.21,0.26,4.44,1.9,0.26,0.23,0,0.03,15.35,16.03,14.59,15.35,16,14.62,15.58,16.17,14.92,15.6,16.04,15.06,15.43,15.88,14.93,15.74,16.33,15.07,15.7,16.37,14.94,15.76,16.45,14.99,6412,0
2025-02-15 17:00:00,0.19,0.15,4.43,1.91,0.28,0.22,0,0.02,16.69,17.2,16.11,16.66,17.17,16.11,16.61,16.82,16.23,16.31,16.44,16.11,16.12,16.23,15.88,16.88,17.28,16.44,17.05,17.54,16.45,17.08,17.54,16.53,6412,165
2025-02-15 16:00:00,0.23,0.17,4.43,1.93,0.32,0.23,0,0.04,16.98,17.36,16.45,16.94,17.29,16.45,16.41,16.82,15.99,15.94,16.34,15.51,15.72,16.14,15.29,16.83,17.28,16.23,17.22,17.64,16.64,17.21,17.65,16.64,6410,590
2025-02-15 15:00:00,0.19,0.21,4.46,1.97,0.35,0.24,0.01,0.05,16.11,16.42,15.75,16.08,16.37,15.72,15.53,15.91,15.04,15.01,15.4,14.53,14.76,15.17,14.3,15.83,16.2,15.39,16.25,16.58,15.87,16.23,16.58,15.86,6410,933
2025-02-15 14:00:00,0.23,0.27,4.44,1.94,0.32,0.26,0.01,0.07,15.03,15.64,14.22,14.95,15.64,14.1,14.29,14.94,13.5,13.76,14.43,12.99,13.54,14.21,12.8,14.71,15.29,13.89,15.11,15.74,14.21,15.18,15.75,14.39,6406,1497
2025-02-15 13:00:00,0.23,0.19,4.42,1.93,0.35,0.26,0,0.02,13.22,14.01,12.32,13.13,13.97,12.21,12.53,13.33,11.73,12.07,12.83,11.29,11.87,12.67,11.07,12.89,13.73,12.02,13.19,14.09,12.25,13.41,14.22,12.56,6399,1449
2025-02-15 12:00:00,0.2,0.24,4.34,1.86,0.3,0.2,0,0.01,11.54,12.2,10.79,11.48,12.09,10.79,11.03,11.61,10.39,10.56,11.21,9.85,10.28,10.91,9.53,11.21,11.88,10.36,11.44,12.08,10.55,11.81,12.44,11.02,6399,1323
2025-02-15 11:00:00,0.17,0.22,4.33,1.87,0.33,0.19,0.02,0,10.22,10.67,9.81,10.49,10.79,10.27,9.88,10.3,9.56,9.03,9.77,8.17,8.58,9.39,7.6,9.37,10.18,8.3,9.69,10.43,8.89,9.89,10.8,8.66,6397,1729
2025-02-15 10:00:00,0.22,0.3,4.52,1.83,0.29,0.19,0.07,0,8.27,10.08,6.26,8.67,10.95,6.26,7.76,9.6,5.8,6.7,7.95,5.62,6.27,7.36,5.31,6.62,8.05,5.33,7.4,8.88,5.58,6.98,8.42,5.62,6390,2115
2025-02-15 09:00:00,0.25,0.48,4.78,1.76,0.25,0.22,0.1,0,5.01,6.06,3.82,4.97,6.05,3.81,4.67,5.59,3.81,4.6,5.46,3.92,4.3,5.14,3.58,4.19,5.12,3.36,4.28,5.36,3.33,4.36,5.47,3.34,6390,2060
2025-02-15 08:00:00,0.22,0.61,4.87,1.72,0.2,0.19,0.03,0,3.18,3.69,3.06,3.2,3.69,3.06,3.56,3.74,3.46,3.73,3.81,3.69,3.39,3.53,3.34,3.13,3.31,3.08,2.95,3.21,2.86,3.03,3.24,2.98,6390,1883
2025-02-15 07:00:00,0.14,0.5,4.75,1.7,0.12,0.13,0,0,3.34,3.57,3.09,3.35,3.6,3.1,3.82,4.04,3.58,4.05,4.28,3.82,3.75,3.96,3.5,3.41,3.68,3.21,3.16,3.39,2.97,3.27,3.48,3.06,6390,0
2025-02-15 06:00:00,0.1,0.3,4.69,1.69,0.08,0.15,0,0,3.85,4.06,3.59,3.89,4.13,3.68,4.31,4.52,4.07,4.54,4.75,4.29,4.24,4.44,4.05,3.95,4.17,3.68,3.71,3.92,3.45,3.79,4.05,3.56,6395,0
2025-02-15 05:00:00,0.11,0.29,4.62,1.67,0.04,0.12,0,0,4.32,4.52,4.13,4.34,4.52,4.16,4.75,4.94,4.54,4.97,5.17,4.75,4.69,4.88,4.52,4.43,4.62,4.25,4.19,4.4,3.98,4.27,4.46,4.05,6395,0
2025-02-15 04:00:00,0.06,0.2,4.58,1.67,0.04,0.1,0,0,4.69,4.87,4.52,4.72,4.92,4.52,5.15,5.35,4.96,5.38,5.59,5.2,5.11,5.35,4.89,4.81,4.98,4.62,4.56,4.75,4.4,4.67,4.88,4.52,6395,0
2025-02-15 03:00:00,0.06,0.15,4.52,1.66,0.06,0.11,0,0,5.18,5.38,4.96,5.21,5.45,4.98,5.63,5.82,5.4,5.88,6.09,5.69,5.63,5.83,5.37,5.31,5.56,5.09,5.07,5.31,4.85,5.18,5.4,4.94,6397,0
2025-02-15 02:00:00,0.07,0.08,4.47,1.7,0.08,0.14,0,0,5.69,5.94,5.45,5.71,5.95,5.47,6.14,6.41,5.91,6.39,6.64,6.17,6.16,6.42,5.93,5.85,6.15,5.57,5.6,5.85,5.34,5.71,5.97,5.47,6399,0
2025-02-15 01:00:00,0.15,0.06,4.46,1.73,0.11,0.12,0,0,6.18,6.4,6,6.21,6.41,6,6.63,6.88,6.41,6.9,7.12,6.67,6.68,6.89,6.43,6.34,6.52,6.16,6.11,6.29,5.93,6.21,6.41,6.04,6399,0
2025-02-15 00:00:00,0.17,0.08,4.41,1.72,0.1,0.15,0,0,6.68,7,6.41,6.74,7.11,6.43,7.19,7.52,6.88,7.52,7.87,7.15,7.33,7.72,7.01,6.88,7.23,6.58,6.64,7,6.32,6.73,7.08,6.41,6395,0
2025-02-14 23:00:00,0.16,0.08,4.34,1.7,0.08,0.15,0,0,7.45,7.85,7.1,7.53,7.95,7.13,7.99,8.42,7.59,8.35,8.79,7.95,8.19,8.66,7.76,7.71,8.17,7.26,7.45,7.91,7.01,7.54,7.98,7.12,6406,0
2025-02-14 22:00:00,0.16,0.05,4.29,1.72,0.1,0.16,0,0,8.39,8.89,7.95,8.52,9.01,8.05,8.97,9.47,8.49,9.41,9.96,8.89,9.27,9.85,8.75,8.77,9.35,8.27,8.47,9.01,7.94,8.57,9.13,8.07,6410,0
2025-02-14 21:00:00,0.11,0.08,4.22,1.71,0.08,0.16,0,0,9.56,10.2,9.01,9.68,10.31,9.13,10.17,10.84,9.6,10.73,11.45,10.07,10.63,11.38,9.96,10.06,10.77,9.46,9.73,10.43,9.12,9.82,10.51,9.24,6412,0
2025-02-14 20:00:00,0.16,0.11,4.28,1.78,0.14,0.22,0,0,11.13,12.07,10.31,11.3,12.25,10.43,11.83,12.8,11.01,12.47,13.39,11.6,12.38,13.39,11.5,11.82,12.8,10.89,11.43,12.44,10.55,11.54,12.56,10.66,6415,0
2025-02-14 19:00:00,0.22,0.15,4.33,1.82,0.16,0.25,0,0.01,13.46,14.81,12.26,13.67,15.04,12.44,14.15,15.4,13,14.68,15.75,13.62,14.61,15.74,13.52,14.28,15.54,13.02,13.89,15.28,12.67,14.02,15.4,12.8,6417,0
2025-02-14 18:00:00,0.22,0.18,4.35,1.84,0.16,0.23,0,0.01,16.34,17.41,15.06,16.49,17.53,15.28,16.61,17.41,15.63,16.67,17.27,15.91,16.68,17.29,15.88,16.78,17.62,15.74,16.74,17.76,15.51,16.77,17.76,15.62,6417,0
2025-02-14 17:00:00,0.22,0.16,4.36,1.86,0.19,0.24,0,0.02,18.15,18.7,17.53,18.28,18.83,17.65,17.9,18.12,17.53,17.55,17.68,17.29,17.56,17.69,17.29,18.17,18.45,17.75,18.44,18.82,17.87,18.43,18.83,17.87,6417,299
2025-02-14 16:00:00,0.24,0.19,4.38,1.88,0.2,0.24,0,0.02,18.65,18.7,18.58,18.79,18.84,18.7,17.94,18.12,17.76,17.44,17.64,17.18,17.41,17.65,17.18,18.32,18.45,18.11,18.77,18.87,18.65,18.71,18.83,18.59,6417,606
2025-02-14 15:00:00,0.26,0.16,4.39,1.91,0.24,0.24,0.01,0.06,18.18,18.59,17.65,18.21,18.67,17.65,17.29,17.76,16.69,16.62,17.17,15.99,16.51,17.08,15.83,17.64,18.11,17.01,18.24,18.7,17.64,18.17,18.59,17.53,6417,693
2025-02-14 14:00:00,0.2,0.19,4.48,1.93,0.29,0.24,0.06,0.07,16.67,17.53,15.75,16.67,17.53,15.75,15.7,16.58,14.81,14.98,15.86,14.1,14.81,15.71,13.9,16.03,16.91,15.14,16.65,17.52,15.74,16.53,17.42,15.58,6412,787
2025-02-14 13:00:00,0.22,0.26,4.47,1.89,0.27,0.25,0.07,0.09,14.63,15.52,13.92,14.59,15.52,13.93,13.85,14.63,13.27,13.19,13.98,12.56,12.93,13.75,12.21,13.96,14.91,13.09,14.56,15.51,13.79,14.34,15.32,13.62,6410,961
2025-02-14 12:00:00,0.24,0.26,4.2,1.76,0.28,0.27,0.05,0.11,13.29,13.86,12.41,13.39,13.86,12.58,12.53,13.15,11.78,11.81,12.44,11.02,11.43,12.09,10.61,12.19,12.98,11.28,12.94,13.73,11.85,12.97,13.51,11.98,6406,1197
2025-02-14 11:00:00,0.25,0.35,3.43,1.36,0.28,0.22,0.06,0.07,11.87,12.32,11.61,12.25,12.49,12.09,11.33,11.73,11.05,10.13,10.88,9.25,9.57,10.45,8.43,10.3,11.13,9.24,10.91,11.73,10.28,10.73,11.84,9.41,6410,634
2025-02-14 10:00:00,0.27,0.97,4.6,0.7,0.29,0.3,0.16,0.1,9.63,12.69,7.12,9.88,13.74,6.74,8.51,11.02,6.27,7.6,9.01,6.49,6.92,8.07,5.94,7.16,8.88,5.81,8.33,10.58,6.17,7.45,9.1,6.18,6426,1563
2025-02-14 09:00:00,0.29,1.42,5.39,0.29,0.25,0.27,0.09,0.05,5.49,6.78,4.25,5.27,6.43,4.16,5,6.05,4.15,5.09,6.19,4.3,4.71,5.71,4.05,4.49,5.57,3.68,4.61,5.92,3.58,4.67,5.94,3.68,6448,6744
2025-02-14 08:00:00,0.11,1.35,5.41,0.17,0.1,0.1,0,0,3.64,3.96,3.46,3.75,3.98,3.65,3.95,4.04,3.84,4.11,4.25,4.03,3.87,4.01,3.79,3.63,3.8,3.55,3.4,3.57,3.31,3.47,3.57,3.35,6412,6693
2025-02-14 07:00:00,0.11,1.29,5.42,0.17,0.09,0.09,0,0,3.86,4.02,3.78,3.98,4.13,3.87,4.19,4.34,4.06,4.36,4.52,4.26,4.14,4.29,4.04,3.89,4.03,3.8,3.66,3.8,3.57,3.72,3.91,3.6,6397,0
2025-02-14 06:00:00,0.11,1.29,5.4,0.15,0.08,0.1,0,0,4.17,4.33,4.05,4.3,4.52,4.16,4.52,4.73,4.38,4.71,4.88,4.53,4.49,4.71,4.3,4.22,4.39,4.05,3.98,4.16,3.8,4.07,4.27,3.93,6397,0
2025-02-14 05:00:00,0.05,1.19,5.32,0.14,0.05,0.06,0,0,4.63,4.87,4.4,4.77,5.04,4.52,5,5.23,4.75,5.2,5.46,4.98,5.01,5.26,4.76,4.71,4.98,4.51,4.47,4.75,4.21,4.55,4.82,4.28,6399,0
2025-02-14 04:00:00,0.05,1.15,5.29,0.14,0.07,0.05,0,0,5.24,5.55,4.98,5.37,5.61,5.12,5.58,5.83,5.33,5.78,6.05,5.49,5.6,5.83,5.35,5.32,5.59,4.98,5.11,5.44,4.77,5.19,5.47,4.87,6399,0
2025-02-14 03:00:00,0.07,1.08,5.24,0.17,0.07,0.06,0,0,5.74,5.85,5.58,5.8,5.92,5.69,6.01,6.1,5.88,6.2,6.29,6.05,6.01,6.07,5.88,5.81,5.92,5.69,5.63,5.7,5.46,5.72,5.82,5.55,6399,0
2025-02-14 02:00:00,0.07,1.06,5.24,0.17,0.09,0.07,0,0,5.88,5.95,5.82,5.94,6.04,5.86,6.14,6.24,6.06,6.35,6.44,6.29,6.18,6.3,6.06,5.94,6.03,5.9,5.75,5.82,5.7,5.84,5.92,5.78,6404,0
2025-02-14 01:00:00,0.11,1.04,5.21,0.18,0.11,0.09,0,0,6.04,6.23,5.94,6.18,6.4,6.06,6.39,6.6,6.28,6.62,6.86,6.43,6.47,6.66,6.3,6.15,6.35,6.03,5.93,6.15,5.82,6.02,6.19,5.91,6404,0
2025-02-14 00:00:00,0.14,1.05,5.19,0.19,0.1,0.08,0,0,6.51,6.77,6.29,6.68,7,6.41,6.92,7.22,6.65,7.16,7.47,6.88,7.03,7.36,6.77,6.64,6.92,6.4,6.42,6.76,6.17,6.51,6.77,6.28,6397,0
2025-02-13 23:00:00,0.16,1.05,5.13,0.18,0.09,0.08,0,0,7.2,7.59,6.88,7.37,7.73,7.02,7.61,7.96,7.24,7.91,8.3,7.56,7.81,8.22,7.44,7.36,7.74,6.99,7.13,7.52,6.77,7.2,7.61,6.86,6410,0
2025-02-13 22:00:00,0.16,1.01,5.03,0.19,0.1,0.1,0,0,8.06,8.52,7.59,8.29,8.75,7.83,8.52,9.01,8.07,8.85,9.35,8.42,8.79,9.29,8.31,8.32,8.87,7.82,8.08,8.54,7.59,8.16,8.64,7.71,6412,0
2025-02-13 21:00:00,0.1,1.03,4.96,0.17,0.08,0.1,0,0,9.11,9.7,8.58,9.35,9.96,8.85,9.6,10.2,9.04,10.03,10.67,9.47,10.02,10.67,9.37,9.51,10.18,8.89,9.21,9.84,8.64,9.3,9.95,8.74,6415,0
2025-02-13 20:00:00,0.11,1.04,4.96,0.23,0.12,0.12,0,0,10.58,11.38,9.84,10.89,11.73,10.08,11.14,11.97,10.33,11.59,12.44,10.78,11.63,12.49,10.79,11.14,12.07,10.3,10.81,11.72,9.96,10.89,11.79,10.08,6417,0
2025-02-13 19:00:00,0.2,1.09,5.02,0.26,0.14,0.19,0,0.01,12.65,13.98,11.51,13.05,14.33,11.87,13.23,14.45,12.14,13.64,14.75,12.56,13.75,14.81,12.68,13.36,14.68,12.19,13.04,14.38,11.85,13.16,14.53,11.97,6421,0
2025-02-13 18:00:00,0.19,1.16,5.07,0.29,0.17,0.17,0,0.03,15.56,16.51,14.22,15.72,16.45,14.57,15.7,16.34,14.69,15.71,16.17,14.92,15.8,16.24,15.05,15.95,16.69,14.91,15.98,16.93,14.68,16.05,16.95,14.8,6421,0
2025-02-13 17:00:00,0.17,1.11,5.07,0.29,0.17,0.17,0.01,0.02,16.69,16.78,16.58,16.59,16.62,16.57,16.4,16.43,16.35,16.16,16.2,16.11,16.23,16.26,16.2,16.78,16.79,16.69,17.15,17.26,17.03,17.15,17.19,17.04,6421,1875
2025-02-13 16:00:00,0.16,1.12,5.11,0.31,0.2,0.17,0.02,0.03,16.8,16.85,16.7,16.66,16.7,16.58,16.28,16.36,16.11,16.02,16.11,15.85,16.13,16.23,15.99,16.77,16.79,16.69,17.26,17.29,17.17,17.23,17.29,17.17,6421,2024
2025-02-13 15:00:00,0.16,1.14,5.15,0.32,0.19,0.16,0.01,0.03,16.51,16.7,16.12,16.33,16.54,15.99,15.76,16.03,15.4,15.65,15.75,15.51,15.66,15.91,15.29,16.41,16.6,16,16.99,17.16,16.7,17.03,17.17,16.81,6417,2024
2025-02-13 14:00:00,0.3,1.2,5.03,0.36,0.22,0.22,0.03,0.06,15.34,16,14.68,15.22,15.87,14.56,14.99,15.28,14.57,15.33,15.43,14.97,14.65,15.17,13.98,15.3,15.93,14.44,16.04,16.61,15.14,16.45,16.7,15.87,6417,2080
2025-02-13 13:00:00,0.57,0.94,3.95,0.68,0.18,0.31,1.01,0.94,13.94,14.55,13.27,13.66,14.34,12.92,13.63,14.41,12.85,13.96,14.8,13.14,13.02,13.81,12.24,13.54,14.32,12.78,13.66,14.94,12.8,14.44,15.67,13.51,6415,1477
2025-02-13 12:00:00,0.33,1.45,3.83,0.73,0.14,0.4,0.79,0.78,12.26,13.15,11.38,11.98,12.8,11.27,12.03,12.8,11.3,12.11,12.95,11.26,11.29,12.11,10.39,11.91,12.65,11.01,12.08,12.67,11.48,12.55,13.41,11.62,6410,1890
2025-02-13 11:00:00,0.22,1.98,3.41,0.31,0.11,0.34,1.37,3.23,10.65,11.24,10.28,10.84,11.14,10.68,10.73,11.24,10.44,10.59,11.12,10.31,9.37,10.2,8.52,10,10.89,9.04,10.63,11.37,10.18,10.77,11.5,10.31,6410,2087
2025-02-13 10:00:00,0.2,1.97,2.95,0.34,0.12,0.1,0,0.61,8.6,10.45,6.76,8.67,11.26,6.41,8.76,11.14,6.65,8.73,10.58,6.88,7.26,8.31,6.19,7.47,8.88,6.04,8.45,10.79,6.07,8.51,10.67,6.27,6412,5554
2025-02-13 09:00:00,0.16,2.16,3.37,0.33,0.06,0.09,0.01,0,5.43,6.52,4.38,5.13,6.22,4.13,5.18,6.41,4.16,5.26,6.62,4.23,4.81,5.94,3.93,4.64,5.79,3.8,4.61,5.82,3.69,4.71,5.98,3.69,6430,6712
2025-02-13 08:00:00,0.09,2.33,3.74,0.37,0.03,0.08,0,0,3.49,4.08,3.34,3.57,3.93,3.45,3.64,3.97,3.57,3.63,4.04,3.52,3.57,3.81,3.46,3.39,3.68,3.32,3.18,3.57,3.07,3.17,3.57,3.06,6412,6685
2025-02-13 07:00:00,0.09,2.32,3.76,0.32,0.01,0.09,0,0,3.6,3.81,3.45,3.73,3.92,3.58,3.8,3.94,3.67,3.77,3.92,3.58,3.8,3.95,3.67,3.58,3.77,3.44,3.32,3.45,3.15,3.31,3.46,3.12,6399,0
2025-02-13 06:00:00,0.11,2.27,3.7,0.32,0.01,0.1,0,0,3.92,4.05,3.81,4.05,4.23,3.93,4.1,4.21,4.01,4.07,4.23,3.93,4.14,4.29,3.99,3.89,4.03,3.79,3.63,3.8,3.52,3.6,3.76,3.46,6399,0
2025-02-13 05:00:00,0.1,2.26,3.72,0.31,0,0.1,0,0,4.31,4.52,4.08,4.46,4.69,4.28,4.47,4.75,4.27,4.48,4.73,4.28,4.56,4.76,4.34,4.28,4.51,4.08,4.01,4.23,3.8,4.02,4.26,3.82,6404,0
2025-02-13 04:00:00,0.05,2.14,3.62,0.28,0,0.07,0,0,4.78,4.98,4.56,4.93,5.13,4.76,4.99,5.23,4.75,4.96,5.17,4.75,5.05,5.23,4.86,4.74,4.96,4.51,4.5,4.75,4.28,4.49,4.69,4.28,6404,0
2025-02-13 03:00:00,0.05,2.11,3.62,0.29,0,0.06,0,0,5.22,5.44,5.01,5.38,5.58,5.17,5.4,5.59,5.23,5.4,5.6,5.23,5.51,5.72,5.29,5.17,5.34,4.98,4.94,5.12,4.75,4.94,5.12,4.76,6410,0
2025-02-13 02:00:00,0.08,2.02,3.51,0.29,0,0.08,0,0,5.74,6.06,5.47,5.92,6.19,5.64,5.95,6.29,5.69,5.95,6.29,5.69,6.09,6.42,5.8,5.7,5.98,5.45,5.46,5.79,5.18,5.47,5.78,5.21,6410,0
2025-02-13 01:00:00,0.15,2.01,3.48,0.32,0.02,0.08,0,0,6.37,6.66,6.06,6.55,6.88,6.29,6.63,6.98,6.29,6.62,6.98,6.29,6.8,7.13,6.48,6.36,6.75,6.04,6.12,6.47,5.82,6.13,6.46,5.82,6410,0
2025-02-13 00:00:00,0.15,2.01,3.47,0.34,0.01,0.1,0,0,7.12,7.48,6.77,7.31,7.7,7,7.38,7.75,7,7.39,7.78,7,7.62,8.05,7.24,7.17,7.58,6.76,6.9,7.35,6.52,6.9,7.27,6.53,6399,0
2025-02-12 23:00:00,0.16,1.94,3.38,0.32,0.02,0.1,0,0,7.96,8.39,7.59,8.17,8.63,7.72,8.25,8.66,7.83,8.3,8.77,7.83,8.55,9.02,8.08,8.09,8.57,7.63,7.82,8.3,7.36,7.82,8.3,7.36,6417,0
2025-02-12 22:00:00,0.11,1.96,3.35,0.33,0,0.12,0,0,9.01,9.6,8.42,9.26,9.85,8.67,9.34,9.96,8.78,9.43,10.07,8.85,9.78,10.44,9.14,9.24,9.93,8.64,8.93,9.6,8.33,8.95,9.6,8.39,6417,0
2025-02-12 21:00:00,0.11,1.95,3.35,0.33,0.02,0.11,0,0,10.38,11.03,9.71,10.65,11.36,9.96,10.72,11.38,10.08,10.88,11.6,10.18,11.27,11.97,10.56,10.79,11.55,10.06,10.44,11.18,9.72,10.43,11.14,9.72,6421,0
2025-02-12 20:00:00,0.18,2,3.43,0.37,0.05,0.2,0,0,11.99,12.91,11.16,12.31,13.17,11.5,12.34,13.2,11.51,12.52,13.39,11.72,12.95,13.76,12.1,12.53,13.45,11.7,12.18,13.15,11.31,12.2,13.15,11.27,6426,0
2025-02-12 19:00:00,0.2,2.04,3.49,0.41,0.1,0.2,0.03,0.03,13.98,14.81,13.04,14.22,14.99,13.39,14.23,15.02,13.38,14.44,15.17,13.59,14.64,15.29,13.96,14.51,15.28,13.61,14.34,15.24,13.32,14.38,15.28,13.38,6426,0
2025-02-12 18:00:00,0.2,2.09,3.51,0.4,0.08,0.19,0.02,0.02,15.57,16.11,14.93,15.73,16.23,15.12,15.73,16.2,15.16,15.91,16.45,15.28,15.87,16.23,15.4,16.01,16.52,15.46,16.13,16.81,15.39,16.25,16.94,15.42,6426,0
2025-02-12 17:00:00,0.16,2.01,3.5,0.41,0.1,0.18,0.01,0.02,16.38,16.45,16.23,16.43,16.57,16.26,16.49,16.58,16.31,16.65,16.7,16.5,16.34,16.36,16.25,16.72,16.79,16.57,17.16,17.29,16.93,17.39,17.53,17.11,6426,1209
2025-02-12 16:00:00,0.17,2.02,3.49,0.44,0.11,0.19,0.02,0.01,16.61,16.68,16.54,16.6,16.66,16.58,16.65,16.7,16.58,16.78,16.81,16.7,16.33,16.37,16.23,16.85,16.92,16.74,17.41,17.49,17.32,17.69,17.76,17.61,6426,2056
2025-02-12 15:00:00,0.16,2.01,3.51,0.46,0.11,0.18,0.02,0.02,16.4,16.57,16.32,16.35,16.45,16.23,16.4,16.58,16.32,16.52,16.69,16.45,15.92,16.12,15.76,16.35,16.69,15.98,16.8,17.29,16.2,16.98,17.53,16.35,6426,2076
2025-02-12 14:00:00,0.28,2.33,3.32,0.55,0.12,0.17,0.12,0.4,15.85,16.26,15.52,15.84,16.23,15.52,16.02,16.34,15.87,16.11,16.42,15.87,15.35,15.66,15.06,15.47,15.86,15.15,15.63,16,15.33,15.7,16.11,15.39,6426,2123
2025-02-12 13:00:00,0.42,2.23,2.72,0.53,0.12,0.19,0.15,0.74,14.82,15.4,14.33,14.72,15.42,14.1,15.04,15.75,14.33,15.07,15.79,14.36,14.28,15,13.69,14.32,15.03,13.73,14.51,15.25,13.87,14.57,15.28,14,6421,2150
2025-02-12 12:00:00,0.43,2.86,2.37,1.11,0.07,0.17,0.11,0.81,13.52,14.3,12.8,13.32,13.99,12.68,13.47,14.3,12.68,13.51,14.33,12.71,12.92,13.62,12.32,13.03,13.62,12.44,13.26,13.85,12.78,13.5,13.97,13.09,6417,1808
2025-02-12 11:00:00,0.38,3.31,2.5,1.19,0.1,0.15,0.09,0.22,12.04,12.68,11.73,12.09,12.55,11.85,12.11,12.56,11.81,12.16,12.67,11.85,11.67,12.21,11.29,11.84,12.36,11.47,12.24,12.67,11.89,12.49,13.03,12.13,6421,2013
2025-02-12 10:00:00,0.16,3.51,2.65,1,0.06,0.08,0,0,11.1,11.67,10.56,11.08,11.75,10.55,11.2,11.8,10.67,11.28,11.84,10.78,10.88,11.26,10.56,10.96,11.37,10.66,11.32,11.85,10.78,11.51,12.1,10.91,6421,5448
2025-02-12 09:00:00,0.16,3.49,2.61,0.95,0.05,0.08,0,0,10.38,10.55,10.24,10.37,10.55,10.24,10.46,10.67,10.31,10.6,10.78,10.43,10.46,10.56,10.41,10.45,10.59,10.34,10.51,10.77,10.31,10.6,10.88,10.34,6421,1890
2025-02-12 08:00:00,0.16,3.49,2.62,0.94,0.03,0.07,0,0,10.31,10.42,10.2,10.32,10.42,10.21,10.37,10.44,10.31,10.53,10.64,10.43,10.5,10.63,10.43,10.46,10.54,10.36,10.39,10.46,10.31,10.4,10.51,10.31,6421,1918
2025-02-12 07:00:00,0.16,3.5,2.62,0.96,0.05,0.09,0,0,10.49,10.67,10.43,10.54,10.79,10.43,10.61,10.79,10.47,10.74,10.9,10.67,10.79,11.03,10.67,10.71,10.9,10.58,10.57,10.75,10.5,10.57,10.74,10.53,6421,0
2025-02-12 06:00:00,0.17,3.54,2.67,1.01,0.08,0.1,0,0,11.1,11.42,10.78,11.16,11.5,10.79,11.18,11.49,10.85,11.36,11.73,11.02,11.4,11.7,11.1,11.34,11.68,11.01,11.23,11.61,10.78,11.24,11.64,10.79,6421,0
2025-02-12 05:00:00,0.22,3.55,2.7,1.03,0.12,0.17,0.01,0.01,11.64,11.78,11.5,11.64,11.73,11.5,11.72,11.85,11.54,11.88,12,11.73,11.87,11.97,11.74,11.87,12.03,11.72,11.88,12.05,11.71,11.91,12.09,11.73,6424,0
2025-02-12 04:00:00,0.27,3.55,2.74,1.02,0.13,0.21,0.02,0.02,11.88,11.97,11.81,11.83,11.87,11.74,11.93,11.97,11.85,12.1,12.2,12,12.08,12.15,11.97,12.12,12.19,12.05,12.12,12.2,12.06,12.16,12.21,12.09,6424,0
2025-02-12 03:00:00,0.28,3.55,2.73,1.07,0.13,0.22,0.02,0.01,11.97,11.98,11.97,11.95,11.97,11.91,12.02,12.08,11.97,12.2,12.21,12.2,12.21,12.21,12.19,12.19,12.21,12.19,12.21,12.23,12.2,12.27,12.32,12.21,6424,0
2025-02-12 02:00:00,0.29,3.54,2.72,1.07,0.13,0.23,0.02,0.01,11.98,12,11.97,11.97,11.97,11.96,12.05,12.08,12.03,12.21,12.22,12.2,12.21,12.21,12.2,12.19,12.21,12.19,12.2,12.21,12.2,12.26,12.3,12.21,6421,0
2025-02-12 01:00:00,0.28,3.55,2.72,1.04,0.14,0.2,0.02,0.02,11.88,11.97,11.78,11.82,11.94,11.73,11.92,12,11.85,12.07,12.2,11.97,12.05,12.17,11.97,12.11,12.19,12.05,12.09,12.2,11.96,12.1,12.21,11.97,6424,0
2025-02-12 00:00:00,0.28,3.54,2.71,1.04,0.12,0.19,0.01,0.01,11.93,12.03,11.85,11.91,11.97,11.84,11.98,12.09,11.85,12.11,12.2,11.97,12.11,12.21,12.03,12.18,12.31,12.07,12.17,12.32,12.02,12.19,12.32,12.07,6417,0
2025-02-11 23:00:00,0.26,3.56,2.72,1.06,0.12,0.15,0,0.01,12.08,12.09,12.04,12.01,12.05,11.97,12.09,12.1,12.09,12.21,12.23,12.2,12.21,12.22,12.2,12.31,12.31,12.31,12.32,12.32,12.3,12.32,12.33,12.32,6426,0
2025-02-11 22:00:00,0.31,3.61,2.73,1.03,0.11,0.16,0.01,0.01,12.18,12.32,12.09,12.14,12.21,12.08,12.21,12.32,12.11,12.34,12.44,12.25,12.33,12.42,12.23,12.42,12.53,12.31,12.38,12.51,12.32,12.41,12.56,12.32,6426,0
2025-02-11 21:00:00,0.31,3.59,2.73,1.05,0.12,0.17,0.01,0.01,12.19,12.32,12.1,12.17,12.29,12.09,12.25,12.32,12.2,12.38,12.48,12.32,12.41,12.57,12.33,12.46,12.55,12.42,12.38,12.53,12.32,12.4,12.56,12.32,6430,0
2025-02-11 20:00:00,0.28,3.55,2.71,1.05,0.08,0.16,0,0.01,12.51,12.8,12.32,12.56,12.92,12.32,12.61,12.91,12.35,12.77,13.1,12.56,12.86,13.17,12.57,12.86,13.26,12.58,12.7,13.03,12.45,12.7,13.03,12.46,6430,0
2025-02-11 19:00:00,0.25,3.55,2.72,1.08,0.1,0.17,0.01,0.01,13.34,13.82,12.92,13.43,13.87,13,13.45,13.94,13.03,13.6,14.05,13.15,13.69,14.1,13.28,13.78,14.3,13.28,13.61,14.13,13.12,13.58,14.11,13.04,6430,0
2025-02-11 18:00:00,0.25,3.61,2.74,1.14,0.15,0.17,0.05,0.07,14.48,15.04,13.86,14.52,14.93,13.98,14.57,15.04,14,14.66,15.16,14.13,14.61,14.93,14.21,14.87,15.31,14.33,14.89,15.51,14.23,14.92,15.64,14.22,6433,0
2025-02-11 17:00:00,0.26,3.66,2.76,1.16,0.18,0.17,0.04,0.05,15.06,15.16,15.03,15.01,15.16,14.93,15.16,15.28,15.09,15.23,15.34,15.16,14.99,15.06,14.94,15.41,15.54,15.36,15.64,15.75,15.6,15.71,15.86,15.64,6433,709
2025-02-11 16:00:00,0.27,3.65,2.74,1.16,0.18,0.16,0.05,0.06,15.57,15.99,15.24,15.54,15.87,15.24,15.66,16.01,15.34,15.71,16.08,15.4,15.34,15.52,15.15,15.91,16.2,15.62,16.2,16.66,15.81,16.33,16.82,15.87,6433,1110
2025-02-11 15:00:00,0.21,3.62,2.73,1.2,0.26,0.16,0.05,0.06,16.22,16.34,16.03,16,16.11,15.95,16.19,16.34,16.1,16.2,16.34,16.11,15.4,15.52,15.17,16.26,16.34,16.1,16.86,17.04,16.69,17.12,17.29,16.94,6433,1871
2025-02-11 14:00:00,0.25,3.67,2.74,1.28,0.31,0.16,0.12,0.11,15.85,16.2,15.44,15.52,15.91,15.08,15.78,16.11,15.4,15.73,16.11,15.28,14.69,15.17,14.22,15.61,16.1,15.15,16.17,16.81,15.39,16.22,17.04,15.23,6430,2024
2025-02-11 13:00:00,0.31,3.53,2.69,1.25,0.31,0.18,0.57,0.51,14.55,15.36,13.74,14.2,14.99,13.39,14.48,15.28,13.62,14.33,15.16,13.5,13.29,14.1,12.54,14.16,15.02,13.38,14.65,15.36,13.86,14.86,15.18,14.22,6426,2115
2025-02-11 12:00:00,0.34,3.57,2.67,1.13,0.34,0.17,0.23,0.48,12.62,13.55,11.7,12.43,13.26,11.73,12.61,13.5,11.73,12.38,13.31,11.49,11.5,12.34,10.66,12.39,13.24,11.48,12.87,13.74,11.88,13.2,14.1,12.09,6421,2607
2025-02-11 11:00:00,0.32,3.8,2.54,0.81,0.35,0.14,0.37,0.4,11.49,11.73,11.38,11.77,12.21,11.61,11.37,11.73,11.15,11.19,11.38,11.04,9.84,10.54,8.89,10.63,11.37,9.59,11.56,11.85,11.26,12.12,12.44,11.98,6421,3490
2025-02-11 10:00:00,0.41,3.52,2.33,0.77,0.36,0.17,0.2,0.18,9.31,12.55,6.92,9.05,12.81,6.32,9.25,12.97,6.65,8.92,11.73,6.7,7.42,8.68,6.18,7.64,9.35,6.16,9.12,12.56,6.64,9.55,13.39,6.77,6435,5566
2025-02-11 09:00:00,0.44,4.13,2.82,0.69,0.38,0.17,0.25,0.15,5.24,6.55,4.06,4.94,6.07,3.95,5.08,6.37,4.04,5.08,6.41,4.08,4.7,5.83,3.93,4.74,5.93,3.8,4.87,6.31,3.61,4.94,6.52,3.58,6453,6748
2025-02-11 08:00:00,0.28,4.42,2.91,0.51,0.23,0.1,0,0,3.8,3.97,3.65,3.87,4.05,3.72,3.87,4.04,3.7,3.95,4.16,3.81,3.92,4.17,3.78,3.77,3.96,3.68,3.45,3.69,3.33,3.42,3.6,3.34,6421,6689
2025-02-11 07:00:00,0.17,4.36,2.75,0.39,0.05,0.06,0,0,4.29,4.55,4.05,4.39,4.64,4.16,4.4,4.65,4.16,4.48,4.75,4.19,4.49,4.76,4.21,4.3,4.62,4.03,4,4.28,3.69,3.97,4.28,3.69,6415,0
2025-02-11 06:00:00,0.12,4.2,2.66,0.37,0.01,0.02,0,0,4.85,5.1,4.64,4.94,5.12,4.75,4.94,5.12,4.71,5.03,5.23,4.76,5,5.15,4.78,4.86,5.06,4.62,4.63,4.87,4.34,4.62,4.87,4.35,6415,0
2025-02-11 05:00:00,0.12,4.16,2.65,0.37,0,0.01,0,0,5.12,5.14,5.1,5.12,5.15,5.12,5.16,5.2,5.12,5.25,5.29,5.23,5.22,5.23,5.18,5.09,5.1,5.08,4.88,4.94,4.84,4.87,4.92,4.83,6417,0
2025-02-11 04:00:00,0.13,4.23,2.66,0.37,0.01,0.03,0,0,5.23,5.35,5.12,5.28,5.44,5.16,5.31,5.46,5.19,5.4,5.58,5.26,5.4,5.59,5.23,5.22,5.39,5.1,4.97,5.14,4.87,4.96,5.12,4.87,6417,0
2025-02-11 03:00:00,0.14,4.17,2.58,0.37,0.04,0.02,0,0,5.48,5.58,5.45,5.52,5.68,5.46,5.57,5.7,5.46,5.65,5.79,5.58,5.68,5.83,5.59,5.49,5.59,5.42,5.24,5.34,5.2,5.22,5.33,5.15,6417,0
2025-02-11 02:00:00,0.14,4.09,2.55,0.38,0.03,0.06,0,0,5.78,5.98,5.58,5.87,6.09,5.7,5.91,6.17,5.7,5.99,6.19,5.82,6.08,6.34,5.85,5.84,6.05,5.67,5.54,5.76,5.34,5.52,5.75,5.35,6417,0
2025-02-11 01:00:00,0.21,4.06,2.52,0.39,0.07,0.04,0,0,6.33,6.58,6.06,6.43,6.66,6.17,6.48,6.75,6.17,6.57,6.87,6.29,6.69,6.99,6.42,6.44,6.75,6.13,6.12,6.41,5.82,6.12,6.41,5.82,6421,0
2025-02-11 00:00:00,0.24,4.06,2.51,0.41,0.07,0.07,0,0,6.89,7.23,6.65,7.02,7.34,6.74,7.08,7.36,6.86,7.16,7.47,6.88,7.3,7.6,7.01,7.06,7.42,6.77,6.73,7.02,6.51,6.72,7,6.45,6410,0
2025-02-10 23:00:00,0.24,4.02,2.48,0.41,0.04,0.07,0,0,7.57,7.95,7.24,7.71,8.06,7.36,7.76,8.07,7.44,7.89,8.25,7.57,8.02,8.37,7.7,7.81,8.17,7.46,7.49,7.86,7.12,7.47,7.84,7.11,6426,0
2025-02-10 22:00:00,0.24,3.94,2.43,0.41,0.07,0.08,0,0,8.22,8.52,7.95,8.33,8.66,8.07,8.41,8.75,8.17,8.55,8.87,8.3,8.72,9.1,8.43,8.47,8.76,8.22,8.14,8.42,7.94,8.15,8.41,7.95,6428,0
2025-02-10 21:00:00,0.17,3.92,2.43,0.41,0.06,0.08,0,0,9.06,9.6,8.54,9.25,9.84,8.72,9.29,9.85,8.77,9.45,10.07,8.89,9.73,10.33,9.18,9.43,10.06,8.88,9,9.6,8.5,9,9.6,8.45,6430,0
2025-02-10 20:00:00,0.17,3.9,2.43,0.41,0.07,0.09,0,0,10.46,11.26,9.74,10.69,11.5,9.96,10.69,11.49,9.96,10.9,11.72,10.18,11.22,11.97,10.45,10.96,11.77,10.18,10.52,11.37,9.72,10.5,11.38,9.72,6435,0
2025-02-10 19:00:00,0.27,3.96,2.52,0.48,0.1,0.17,0.01,0.02,12.18,13.18,11.38,12.46,13.51,11.61,12.42,13.4,11.61,12.63,13.62,11.85,12.95,13.87,12.12,12.76,13.8,11.95,12.36,13.48,11.51,12.4,13.54,11.5,6435,0
2025-02-10 18:00:00,0.28,4.04,2.56,0.51,0.15,0.17,0.04,0.05,14.56,15.39,13.4,14.69,15.28,13.74,14.71,15.49,13.63,14.88,15.58,13.86,14.8,15.27,14.1,15.01,15.62,14.03,15.03,15.98,13.74,15.2,16.23,13.85,6435,0
2025-02-10 17:00:00,0.29,4.09,2.54,0.52,0.16,0.16,0.08,0.07,15.61,15.72,15.41,15.46,15.52,15.36,15.68,15.75,15.52,15.77,15.87,15.63,15.31,15.38,15.19,15.79,15.86,15.7,16.23,16.35,16.02,16.55,16.7,16.34,6435,1942
2025-02-10 16:00:00,0.3,4.1,2.55,0.55,0.19,0.15,0.08,0.1,15.66,15.75,15.52,15.46,15.52,15.28,15.67,15.77,15.52,15.71,15.85,15.51,15.07,15.23,14.81,15.64,15.79,15.39,16.3,16.45,16.1,16.71,16.85,16.5,6435,2060
2025-02-10 15:00:00,0.3,4.08,2.58,0.6,0.19,0.17,0.09,0.07,15.18,15.52,14.93,15.01,15.28,14.76,15.26,15.63,15.04,15.19,15.56,14.92,14.3,14.8,13.9,14.92,15.39,14.56,15.85,16.2,15.67,16.45,16.7,16.35,6435,1942
2025-02-10 14:00:00,0.32,4.01,2.56,0.6,0.16,0.2,0.14,0.09,14.4,14.79,14.26,14.27,14.59,13.99,14.51,14.91,14.34,14.3,14.69,14.08,13.44,13.76,13.16,14.02,14.4,13.83,15,15.5,14.82,15.68,16.11,15.52,6433,3376
2025-02-10 13:00:00,0.35,3.67,2.18,0.55,0.22,0.31,0.78,0.34,13.13,14.22,11.97,12.74,13.86,11.51,13.16,14.23,11.91,12.91,13.92,11.85,12.15,13.04,11.27,12.69,13.7,11.6,13.68,14.83,12.44,14.66,15.69,13.35,6430,2143
2025-02-10 12:00:00,0.38,2.72,1.31,0.43,0.19,0.27,0.44,0.47,10.92,11.73,9.97,10.59,11.38,9.6,10.85,11.63,9.96,10.9,11.61,10.04,10.38,11.03,9.72,10.65,11.4,9.83,11.19,12.19,10.09,11.97,13.06,10.72,6424,5125
2025-02-10 11:00:00,0.13,0.48,0.33,0.17,0.08,0.28,0.34,0,8.86,9.78,8.18,8.76,9.49,8.22,8.97,9.74,8.43,9.03,9.84,8.54,9.02,9.6,8.52,8.91,9.64,8.32,8.89,9.84,8.28,9.19,10.43,8.39,6424,6441
2025-02-10 10:00:00,0,0.2,0.11,0.1,0,0.33,0.15,0,7.18,8.06,6.29,7.28,8.16,6.29,7.5,8.42,6.41,7.59,8.54,6.49,7.51,8.52,6.3,7.38,8.33,6.2,7.33,8.17,6.25,7.46,8.27,6.41,6424,6649
2025-02-10 09:00:00,0,0.35,0.18,0.08,0,0.34,0.1,0,5.2,6.09,4.52,5.17,6.07,4.51,5.28,6.2,4.6,5.35,6.29,4.65,5.14,6.17,4.41,5.12,6.04,4.39,5.1,6.05,4.38,5.19,6.23,4.41,6417,5570
2025-02-10 08:00:00,0,0.3,0.08,0,0,0.06,0,0,4.03,4.44,3.81,3.97,4.4,3.7,4.07,4.52,3.81,4.16,4.6,3.92,3.86,4.29,3.58,3.88,4.28,3.6,3.85,4.28,3.57,3.9,4.35,3.58,6417,2150
2025-02-10 07:00:00,0,0.35,0.13,0,0,0.04,0,0,3.7,3.81,3.65,3.62,3.7,3.57,3.72,3.81,3.68,3.78,3.88,3.71,3.48,3.58,3.43,3.49,3.58,3.44,3.47,3.57,3.41,3.5,3.57,3.46,6417,0
2025-02-10 06:00:00,0,0.31,0.11,0,0,0.02,0,0,3.69,3.8,3.59,3.63,3.69,3.56,3.72,3.81,3.62,3.81,3.9,3.7,3.49,3.58,3.37,3.5,3.57,3.43,3.48,3.57,3.38,3.51,3.57,3.45,6417,0
2025-02-10 05:00:00,0,0.3,0.11,0,0,0.02,0,0,3.6,3.69,3.57,3.53,3.61,3.45,3.63,3.7,3.57,3.73,3.81,3.69,3.39,3.47,3.34,3.41,3.52,3.32,3.39,3.51,3.33,3.45,3.57,3.37,6417,0
2025-02-10 04:00:00,0,0.27,0.05,0,0,0.02,0,0,3.92,4.11,3.71,3.86,4.05,3.68,3.96,4.16,3.76,4.05,4.23,3.82,3.74,3.93,3.56,3.75,3.91,3.56,3.75,3.92,3.57,3.77,3.94,3.57,6417,0
2025-02-10 03:00:00,0,0.25,0.07,0,0,0.04,0,0,4.28,4.4,4.16,4.2,4.33,4.05,4.31,4.41,4.16,4.4,4.52,4.26,4.1,4.25,3.93,4.12,4.27,3.94,4.12,4.27,3.92,4.16,4.28,4.02,6421,0
2025-02-10 02:00:00,0,0.21,0.04,0,0,0.01,0,0,4.55,4.75,4.4,4.49,4.64,4.36,4.58,4.75,4.4,4.67,4.87,4.53,4.39,4.54,4.28,4.4,4.62,4.27,4.42,4.63,4.28,4.47,4.65,4.3,6421,0
2025-02-10 01:00:00,0,0.12,0.01,0,0,0,0,0,4.99,5.23,4.76,4.92,5.18,4.67,5.03,5.28,4.77,5.11,5.34,4.87,4.84,5.12,4.63,4.86,5.1,4.62,4.9,5.14,4.63,4.95,5.23,4.67,6424,0
2025-02-10 00:00:00,0,0.1,0,0,0,0,0,0,5.52,5.7,5.32,5.46,5.7,5.23,5.57,5.82,5.35,5.65,5.88,5.4,5.38,5.6,5.12,5.39,5.65,5.13,5.46,5.7,5.22,5.52,5.81,5.23,6410,0
2025-02-09 23:00:00,0,0.02,0,0,0,0.01,0,0,6.06,6.41,5.8,6,6.3,5.7,6.1,6.41,5.82,6.21,6.53,5.94,5.96,6.3,5.68,5.99,6.28,5.69,6.07,6.41,5.73,6.14,6.49,5.82,6430,0
2025-02-09 22:00:00,0,0.04,0,0,0,0.02,0,0,6.81,7.22,6.41,6.76,7.12,6.39,6.87,7.24,6.47,6.97,7.38,6.61,6.74,7.13,6.37,6.76,7.12,6.4,6.88,7.34,6.5,6.97,7.36,6.53,6433,0
2025-02-09 21:00:00,0,0.03,0,0,0,0.02,0,0,7.8,8.33,7.27,7.75,8.3,7.24,7.85,8.35,7.36,7.96,8.51,7.47,7.75,8.31,7.26,7.78,8.33,7.23,7.95,8.53,7.45,8.06,8.66,7.48,6435,0
2025-02-09 20:00:00,0,0.03,0,0,0,0.04,0,0,9.2,10.07,8.43,9.14,9.96,8.42,9.18,9.96,8.43,9.3,10.08,8.6,9.16,9.96,8.43,9.19,10.06,8.42,9.38,10.18,8.64,9.48,10.31,8.77,6435,0
2025-02-09 19:00:00,0.01,0.06,0,0,0,0.06,0,0,11.32,12.63,10.2,11.21,12.56,10.08,11.18,12.44,10.13,11.32,12.56,10.29,11.24,12.57,10.16,11.31,12.67,10.18,11.5,12.8,10.38,11.53,12.8,10.43,6439,0
2025-02-09 18:00:00,0.02,0.15,0.03,0,0,0.12,0.02,0,14.42,15.75,12.92,14.4,15.79,12.8,14.38,15.87,12.77,14.51,15.99,12.91,14.49,16,12.86,14.7,16.2,13.01,14.76,16.23,13.14,14.72,16.2,13.13,6446,0
2025-02-09 17:00:00,0,0.14,0.04,0,0,0.1,0.01,0,16.13,16.23,15.87,16.23,16.36,15.92,16.3,16.45,15.99,16.45,16.58,16.12,16.48,16.61,16.14,16.64,16.79,16.33,16.71,16.83,16.42,16.63,16.79,16.35,6446,2036
2025-02-09 16:00:00,0.02,0.14,0.05,0,0,0.1,0.02,0,16.14,16.31,15.99,16.29,16.45,16.12,16.3,16.45,16.11,16.44,16.59,16.28,16.49,16.7,16.35,16.71,16.9,16.57,16.71,16.9,16.57,16.63,16.82,16.45,6439,2158
2025-02-09 15:00:00,0.05,0.22,0.06,0,0,0.12,0.05,0,15.64,16,15.16,15.79,16.18,15.28,15.78,16.12,15.29,15.89,16.29,15.4,15.97,16.35,15.44,16.16,16.57,15.62,16.16,16.57,15.63,16.13,16.51,15.64,6439,2194
2025-02-09 14:00:00,0.05,0.2,0.06,0,0,0.15,0.05,0.01,14.32,15.04,13.39,14.44,15.16,13.51,14.46,15.16,13.51,14.52,15.26,13.62,14.54,15.29,13.54,14.71,15.5,13.73,14.72,15.5,13.74,14.73,15.47,13.75,6435,2170
2025-02-09 13:00:00,0.03,0.12,0.01,0,0,0.14,0.01,0,12.43,13.27,11.63,12.52,13.37,11.73,12.58,13.39,11.84,12.63,13.4,11.85,12.57,13.39,11.77,12.69,13.6,11.84,12.62,13.5,11.8,12.73,13.6,11.97,6433,2162
2025-02-09 12:00:00,0,0.08,0,0,0,0.08,0,0,10.81,11.5,10.08,10.88,11.61,10.08,10.96,11.71,10.18,10.98,11.73,10.18,10.9,11.64,10.1,10.87,11.72,9.97,10.86,11.61,10.03,11.06,11.79,10.3,6426,2178
2025-02-09 11:00:00,0,0.1,0,0,0,0.13,0.03,0,9.75,9.96,9.68,9.84,10.24,9.66,9.83,10.24,9.6,9.92,10.36,9.72,9.83,10.18,9.67,9.57,9.84,9.43,9.48,9.87,9.34,9.75,10.09,9.6,6426,2891
2025-02-09 10:00:00,0.02,0.35,0.25,0.08,0.05,0.34,0.15,0.03,7.68,9.85,5.58,8.15,11.27,5.51,8.4,11.59,5.59,8.64,11.71,5.82,8.64,11.75,5.61,8.2,11.24,5.22,8.21,10.78,5.39,8.66,11.38,5.6,6421,5487
2025-02-09 09:00:00,0,0.64,0.53,0.01,0,0.37,0.15,0,3.87,5.25,2.76,3.76,5.23,2.63,3.82,5.33,2.74,3.88,5.46,2.74,3.55,5.23,2.32,3.41,4.88,2.26,3.39,5.01,2.16,3.5,5.23,2.27,6421,6598
2025-02-09 08:00:00,0,0.69,0.68,0,0,0.36,0.09,0,2.28,2.57,2.16,2.15,2.45,2.04,2.25,2.51,2.15,2.33,2.59,2.27,1.95,2.16,1.91,1.96,2.08,1.9,1.92,2.03,1.88,1.97,2.1,1.91,6415,3927
2025-02-09 07:00:00,0,0.57,0.49,0,0,0.21,0.04,0,2.33,2.4,2.25,2.22,2.31,2.15,2.33,2.39,2.27,2.42,2.51,2.35,2.07,2.16,1.97,2.07,2.14,2.02,2.04,2.15,1.94,2.08,2.15,2.01,6421,0
2025-02-09 06:00:00,0,0.32,0.25,0,0,0,0,0,2.33,2.47,2.27,2.26,2.39,2.18,2.34,2.48,2.28,2.44,2.53,2.39,2.08,2.17,2.03,2.1,2.25,2.02,2.07,2.15,2.02,2.08,2.17,2.04,6421,0
2025-02-09 05:00:00,0,0.27,0.24,0,0,0,0,0,2.69,2.93,2.5,2.62,2.86,2.39,2.71,2.95,2.51,2.8,2.98,2.61,2.44,2.64,2.24,2.47,2.69,2.26,2.43,2.62,2.22,2.44,2.63,2.24,6421,0
2025-02-09 04:00:00,0,0.36,0.22,0,0,0.02,0,0,3.11,3.29,2.97,3.03,3.22,2.86,3.15,3.33,2.98,3.21,3.36,3.06,2.86,3.02,2.71,2.88,3.09,2.73,2.84,3.01,2.67,2.87,3.07,2.69,6424,0
2025-02-09 03:00:00,0,0.35,0.16,0,0,0.02,0,0,3.47,3.69,3.33,3.4,3.6,3.22,3.49,3.69,3.33,3.56,3.79,3.38,3.22,3.45,3.04,3.24,3.44,3.09,3.22,3.45,3.04,3.26,3.46,3.09,6424,0
2025-02-09 02:00:00,0,0.32,0.08,0,0,0.03,0,0,3.89,4.12,3.69,3.82,4.05,3.68,3.92,4.16,3.72,3.99,4.21,3.81,3.67,3.93,3.46,3.69,3.91,3.45,3.69,3.92,3.45,3.73,3.99,3.51,6421,0
2025-02-09 01:00:00,0,0.27,0.07,0,0,0.04,0,0,4.41,4.67,4.16,4.35,4.64,4.06,4.44,4.73,4.16,4.52,4.8,4.28,4.23,4.52,3.93,4.24,4.51,3.94,4.26,4.52,4.01,4.32,4.63,4.05,6426,0
2025-02-09 00:00:00,0,0.18,0.02,0,0,0.01,0,0,5,5.3,4.76,4.93,5.23,4.64,5.04,5.35,4.75,5.12,5.39,4.87,4.84,5.12,4.53,4.85,5.12,4.54,4.88,5.21,4.62,4.93,5.23,4.64,6412,0
2025-02-08 23:00:00,0,0.1,0.01,0,0,0.01,0,0,5.65,5.94,5.35,5.58,5.92,5.25,5.68,6.03,5.35,5.77,6.08,5.46,5.49,5.83,5.13,5.51,5.81,5.21,5.57,5.93,5.22,5.64,6.01,5.33,6433,0
2025-02-08 22:00:00,0,0.07,0,0,0,0.03,0,0,6.37,6.77,6.04,6.32,6.69,5.94,6.42,6.87,6.05,6.49,6.88,6.17,6.23,6.65,5.9,6.25,6.63,5.93,6.36,6.76,5.99,6.45,6.88,6.06,6435,0
2025-02-08 21:00:00,0.02,0.1,0,0,0,0.04,0,0,7.31,7.84,6.81,7.27,7.83,6.77,7.36,7.9,6.89,7.43,7.95,6.97,7.18,7.75,6.67,7.2,7.79,6.73,7.36,7.94,6.87,7.45,8.07,6.96,6435,0
2025-02-08 20:00:00,0.01,0.07,0,0,0,0.05,0,0,8.66,9.49,7.95,8.63,9.42,7.95,8.67,9.46,8,8.77,9.59,8.06,8.56,9.37,7.84,8.6,9.37,7.92,8.78,9.6,8.06,8.89,9.72,8.18,6441,0
2025-02-08 19:00:00,0.01,0.07,0,0,0,0.05,0,0,10.66,11.85,9.6,10.62,11.78,9.58,10.63,11.82,9.6,10.76,11.94,9.72,10.62,11.86,9.5,10.64,11.9,9.58,10.83,12.07,9.72,10.98,12.21,9.88,6446,0
2025-02-08 18:00:00,0.07,0.14,0.01,0,0,0.14,0.01,0,12.97,13.62,12.09,12.95,13.62,11.97,13.01,13.74,12,13.15,13.86,12.15,13.13,13.87,12.09,13.2,13.89,12.18,13.33,14.09,12.31,13.43,14.17,12.44,6446,0
2025-02-08 17:00:00,0.04,0.16,0.06,0,0,0.17,0.05,0,13.98,14.57,13.65,14.01,14.58,13.69,14.08,14.68,13.76,14.2,14.78,13.89,14.2,14.81,13.87,14.28,14.88,13.97,14.42,15.02,14.09,14.52,15.09,14.22,6446,2064
2025-02-08 16:00:00,0.09,0.29,0.09,0,0,0.16,0.04,0,15.27,15.52,14.69,15.35,15.63,14.72,15.41,15.69,14.81,15.54,15.79,14.92,15.58,15.88,14.93,15.68,15.98,15.03,15.83,16.1,15.16,15.96,16.23,15.28,6446,2186
2025-02-08 15:00:00,0.08,0.28,0.1,0.01,0,0.18,0.05,0,14.83,15.4,14.22,14.91,15.48,14.28,14.98,15.52,14.33,15.08,15.63,14.45,15.11,15.68,14.46,15.2,15.76,14.56,15.36,15.99,14.68,15.49,16.11,14.81,6446,3049
2025-02-08 14:00:00,0.07,0.17,0.04,0,0,0.19,0.04,0,13.67,13.99,13.39,13.76,14.1,13.49,13.79,14.12,13.5,13.91,14.24,13.62,13.89,14.24,13.62,14.02,14.32,13.73,14.12,14.46,13.83,14.19,14.58,13.86,6446,2091
2025-02-08 13:00:00,0.05,0.18,0.08,0,0,0.2,0.06,0,13.9,14.14,13.51,14.04,14.31,13.62,14.09,14.34,13.74,14.22,14.48,13.86,14.24,14.49,13.87,14.39,14.68,13.97,14.45,14.72,14.09,14.58,14.88,14.22,6439,2143
2025-02-08 12:00:00,0.06,0.16,0.04,0,0,0.19,0.01,0,12,13.38,10.88,12.13,13.51,10.97,12.21,13.62,11.05,12.34,13.74,11.23,12.31,13.75,11.15,12.37,13.84,11.17,12.45,13.91,11.26,12.57,14.1,11.33,6435,4408
2025-02-08 11:00:00,0,0.14,0,0,0,0.12,0,0,9.58,10.67,8.66,9.65,10.79,8.66,9.77,10.9,8.77,9.88,11.02,8.88,9.78,10.91,8.74,9.81,10.99,8.76,9.84,11.03,8.78,9.95,11.14,8.89,6435,3053
2025-02-08 10:00:00,0.03,0.1,0,0,0,0.14,0,0,8.18,8.54,7.94,8.19,8.54,7.9,8.27,8.66,7.95,8.39,8.77,8.06,8.22,8.66,7.92,8.25,8.64,7.94,8.28,8.7,7.94,8.33,8.78,7.99,6435,1950
2025-02-08 09:00:00,0.05,0.1,0,0,0,0.11,0,0,7.87,7.94,7.84,7.84,7.9,7.83,7.95,7.95,7.94,8.06,8.06,8.03,7.84,7.86,7.84,7.92,7.94,7.9,7.93,7.94,7.91,7.95,7.96,7.95,6435,847
2025-02-08 08:00:00,0.04,0.09,0,0,0,0.13,0,0,8.14,8.3,7.95,8.12,8.27,7.95,8.2,8.32,7.98,8.3,8.43,8.06,8.14,8.31,7.91,8.17,8.31,7.94,8.2,8.37,7.94,8.28,8.42,8.05,6439,0
2025-02-08 07:00:00,0,0.09,0,0,0,0.13,0.01,0,8.36,8.42,8.3,8.33,8.39,8.3,8.41,8.46,8.35,8.53,8.59,8.46,8.38,8.43,8.31,8.4,8.43,8.35,8.45,8.53,8.41,8.51,8.56,8.42,6435,0
2025-02-08 06:00:00,0,0.1,0,0,0,0.14,0,0,8.5,8.66,8.42,8.49,8.57,8.42,8.57,8.66,8.5,8.69,8.78,8.63,8.52,8.66,8.43,8.56,8.67,8.47,8.61,8.77,8.54,8.68,8.78,8.6,6435,0
2025-02-08 05:00:00,0,0.11,0.01,0,0,0.14,0,0,8.87,9.1,8.66,8.84,9.01,8.66,8.92,9.13,8.75,9.03,9.25,8.85,8.88,9.1,8.66,8.93,9.12,8.74,8.98,9.21,8.77,9.04,9.25,8.82,6439,0
2025-02-08 04:00:00,0,0.16,0,0,0,0.13,0,0,9.22,9.28,9.13,9.21,9.25,9.13,9.3,9.37,9.14,9.41,9.47,9.28,9.28,9.37,9.14,9.31,9.35,9.18,9.34,9.41,9.24,9.42,9.49,9.26,6435,0
2025-02-08 03:00:00,0,0.14,0,0,0,0.14,0,0,9.18,9.26,9.06,9.17,9.26,9.03,9.26,9.37,9.13,9.37,9.47,9.25,9.23,9.37,9.09,9.25,9.35,9.12,9.31,9.39,9.22,9.37,9.49,9.25,6439,0
2025-02-08 02:00:00,0,0.12,0,0,0,0.13,0,0,9.21,9.6,9.02,9.16,9.5,9.01,9.24,9.6,9.06,9.35,9.72,9.17,9.21,9.6,9.02,9.24,9.6,9.06,9.32,9.72,9.13,9.43,9.83,9.25,6446,0
2025-02-08 01:00:00,0,0.11,0,0,0,0.15,0,0,9.82,9.96,9.63,9.79,9.95,9.6,9.86,9.97,9.71,9.98,10.08,9.84,9.86,9.96,9.71,9.9,10.06,9.71,9.96,10.09,9.81,10.04,10.2,9.84,6446,0
2025-02-08 00:00:00,0.01,0.08,0,0,0,0.12,0,0,10.09,10.2,9.96,10.08,10.2,9.96,10.14,10.25,10.03,10.26,10.37,10.14,10.15,10.27,10.05,10.2,10.3,10.06,10.25,10.36,10.12,10.32,10.43,10.2,6428,0
2025-02-07 23:00:00,0.01,0.06,0,0,0,0.13,0,0,10.33,10.43,10.2,10.31,10.43,10.2,10.4,10.55,10.31,10.53,10.66,10.43,10.42,10.56,10.31,10.45,10.57,10.3,10.53,10.66,10.43,10.6,10.76,10.43,6446,0
2025-02-07 22:00:00,0,0.11,0,0,0,0.13,0,0,10.61,10.87,10.43,10.59,10.81,10.43,10.69,10.9,10.55,10.8,11.02,10.67,10.69,10.92,10.56,10.75,11.01,10.6,10.82,11.11,10.66,10.91,11.14,10.79,6446,0
2025-02-07 21:00:00,0,0.05,0,0,0,0.15,0,0,10.94,11.02,10.91,10.94,11.02,10.91,11.02,11.08,10.98,11.16,11.26,11.12,11.07,11.15,11.02,11.1,11.17,11.01,11.2,11.26,11.14,11.26,11.33,11.25,6448,0
2025-02-07 20:00:00,0,0.1,0,0,0,0.17,0,0,11.08,11.19,11.02,11.08,11.19,11.02,11.18,11.26,11.11,11.31,11.4,11.26,11.2,11.3,11.15,11.27,11.37,11.18,11.33,11.47,11.26,11.42,11.53,11.34,6448,0
2025-02-07 19:00:00,0.01,0.12,0,0,0,0.19,0,0,11.32,11.5,11.24,11.33,11.5,11.24,11.41,11.61,11.27,11.56,11.73,11.44,11.44,11.62,11.33,11.49,11.69,11.37,11.61,11.79,11.49,11.7,11.87,11.62,6448,0
2025-02-07 18:00:00,0.05,0.15,0.02,0,0,0.25,0.01,0,11.74,12.01,11.5,11.76,12.07,11.5,11.85,12.14,11.61,11.99,12.3,11.76,11.89,12.21,11.64,11.94,12.24,11.72,12.09,12.42,11.85,12.18,12.46,11.97,6448,0
2025-02-07 17:00:00,0.11,0.15,0.03,0,0,0.25,0,0,12.37,12.64,12.09,12.42,12.68,12.09,12.51,12.8,12.2,12.65,12.91,12.33,12.55,12.8,12.22,12.64,12.9,12.31,12.78,13.04,12.44,12.88,13.15,12.56,6446,267
2025-02-07 16:00:00,0.06,0.15,0.05,0,0,0.27,0.01,0,12.95,13.14,12.68,13.05,13.27,12.78,13.13,13.31,12.8,13.26,13.48,12.96,13.18,13.39,12.91,13.23,13.38,12.92,13.42,13.62,13.13,13.53,13.74,13.18,6446,1638
2025-02-07 15:00:00,0.1,0.17,0.02,0,0,0.3,0.01,0,12.63,13.02,12.21,12.77,13.14,12.32,12.86,13.25,12.44,12.94,13.39,12.45,12.86,13.28,12.43,12.81,13.26,12.31,13.07,13.5,12.56,13.26,13.63,12.84,6446,3191
2025-02-07 14:00:00,0.05,0.16,0.03,0,0,0.36,0.02,0,11.65,12.21,11.14,11.65,12.32,11.02,11.8,12.41,11.23,11.75,12.44,11.1,11.75,12.34,11.15,11.58,12.23,10.97,11.83,12.55,11.17,12.19,12.8,11.69,6439,3265
2025-02-07 13:00:00,0.01,0.14,0.01,0,0,0.46,0.05,0,10.1,11.02,9.09,9.93,10.9,8.89,10.08,11.1,9.01,10.12,11.01,9.13,10.16,11.04,9.14,9.96,10.88,8.97,10.17,11.09,9.13,10.64,11.61,9.6,6435,2198
2025-02-07 12:00:00,0.02,0.24,0.04,0,0,0.56,0.14,0,7.25,8.8,5.7,7.14,8.66,5.6,7.25,8.7,5.7,7.41,8.89,5.86,7.34,8.89,5.73,7.22,8.7,5.68,7.34,8.89,5.71,7.63,9.25,5.94,6430,2777
2025-02-07 11:00:00,0,0.47,0.23,0,0,0.59,0.16,0,4.7,5.48,4.05,4.6,5.41,3.95,4.7,5.47,4.04,4.84,5.68,4.17,4.63,5.51,3.94,4.59,5.45,3.91,4.63,5.5,3.92,4.76,5.69,4.05,6430,3305
2025-02-07 10:00:00,0,0.57,0.34,0.01,0,0.62,0.17,0,3.6,3.93,3.34,3.57,3.93,3.34,3.67,3.98,3.45,3.8,4.13,3.57,3.55,3.87,3.32,3.42,3.8,3.09,3.47,3.82,3.12,3.58,3.93,3.33,6426,2013
2025-02-07 09:00:00,0,0.62,0.44,0,0,0.55,0.12,0,1.94,3.06,1.1,1.91,3.03,1.09,2,3.19,1.2,2.08,3.32,1.21,1.72,2.99,0.81,1.62,2.8,0.76,1.61,2.86,0.73,1.66,2.99,0.74,6430,6102
2025-02-07 08:00:00,0,0.47,0.35,0,0,0.04,0,0,0.83,0.97,0.74,0.78,0.88,0.73,0.88,0.98,0.81,0.97,1.09,0.85,0.56,0.73,0.5,0.58,0.72,0.49,0.55,0.73,0.49,0.55,0.72,0.48,6426,2225
2025-02-07 07:00:00,0,0.45,0.29,0,0,0.06,0,0,1.19,1.33,0.99,1.13,1.25,0.97,1.24,1.33,1.07,1.33,1.44,1.16,0.94,1.09,0.74,0.96,1.08,0.84,0.9,1,0.73,0.91,1.04,0.74,6426,0
2025-02-07 06:00:00,0,0.42,0.29,0,0,0.06,0,0,1.21,1.33,1.09,1.15,1.22,1.08,1.26,1.32,1.2,1.36,1.44,1.32,0.96,1.03,0.86,0.98,1.07,0.88,0.92,1.01,0.85,0.94,1.08,0.85,6430,0
2025-02-07 05:00:00,0,0.43,0.22,0,0,0.04,0,0,1.51,1.68,1.33,1.45,1.67,1.27,1.55,1.75,1.35,1.64,1.81,1.44,1.25,1.45,1.07,1.26,1.45,1.08,1.24,1.44,1.07,1.27,1.45,1.09,6430,0
2025-02-07 04:00:00,0,0.4,0.22,0,0,0.03,0,0,1.9,2.07,1.76,1.83,2.04,1.68,1.93,2.14,1.8,2.03,2.26,1.91,1.64,1.8,1.45,1.66,1.87,1.47,1.63,1.82,1.44,1.67,1.89,1.46,6430,0
2025-02-07 03:00:00,0,0.32,0.25,0,0,0.03,0,0,2.29,2.47,2.15,2.2,2.39,2.04,2.31,2.49,2.15,2.41,2.56,2.27,2.04,2.21,1.89,2.05,2.26,1.9,2.04,2.24,1.91,2.08,2.27,1.92,6430,0
2025-02-07 02:00:00,0,0.29,0.24,0,0,0.04,0,0,2.69,2.88,2.5,2.62,2.86,2.39,2.71,2.94,2.51,2.82,3.06,2.62,2.47,2.73,2.26,2.49,2.73,2.26,2.49,2.74,2.27,2.54,2.76,2.28,6435,0
2025-02-07 01:00:00,0,0.4,0.2,0,0,0.06,0,0,3.22,3.45,2.98,3.16,3.45,2.86,3.26,3.55,2.98,3.36,3.59,3.1,3.02,3.26,2.75,3.03,3.31,2.75,3.05,3.33,2.76,3.11,3.36,2.86,6435,0
2025-02-07 00:00:00,0,0.34,0.09,0,0,0.08,0,0,3.83,4.16,3.56,3.76,4.06,3.45,3.86,4.16,3.57,3.96,4.28,3.68,3.65,3.98,3.34,3.66,4.01,3.32,3.7,4.04,3.34,3.77,4.16,3.44,6417,0
2025-02-06 23:00:00,0,0.29,0.07,0,0,0.07,0,0,4.52,4.87,4.16,4.47,4.87,4.13,4.58,4.98,4.23,4.7,5.12,4.29,4.42,4.82,4.05,4.44,4.86,4.03,4.5,4.87,4.14,4.59,4.98,4.17,6441,0
2025-02-06 22:00:00,0,0.17,0.01,0,0,0.05,0,0,5.4,5.82,4.98,5.35,5.81,4.92,5.45,5.92,5.03,5.57,6.05,5.14,5.31,5.74,4.88,5.32,5.8,4.88,5.41,5.89,4.98,5.52,6.01,5.12,6446,0
2025-02-06 21:00:00,0.04,0.1,0,0,0,0.07,0,0,6.45,7.01,5.94,6.41,7,5.89,6.52,7.12,5.98,6.65,7.24,6.13,6.41,7.01,5.86,6.41,6.99,5.9,6.54,7.12,6.01,6.66,7.24,6.09,6448,0
2025-02-06 20:00:00,0.06,0.1,0,0,0,0.09,0,0,7.83,8.64,7.12,7.8,8.54,7.11,7.86,8.59,7.19,8.01,8.77,7.3,7.82,8.57,7.12,7.85,8.64,7.11,8.01,8.78,7.29,8.14,8.91,7.36,6453,0
2025-02-06 19:00:00,0,0.13,0,0,0,0.1,0,0,10.04,11.48,8.85,9.94,11.37,8.77,9.9,11.26,8.77,10.04,11.38,8.89,9.93,11.37,8.78,10,11.42,8.76,10.15,11.57,8.99,10.27,11.67,9.12,6457,0
2025-02-06 18:00:00,0.1,0.18,0.04,0,0,0.2,0.03,0.01,13.25,14.56,11.73,13.22,14.57,11.62,13.22,14.65,11.59,13.34,14.72,11.73,13.3,14.7,11.63,13.43,14.89,11.72,13.5,14.92,11.85,13.58,15.01,11.97,6457,0
2025-02-06 17:00:00,0.12,0.33,0.1,0,0,0.2,0.06,0,15.13,15.52,14.69,15.18,15.55,14.69,15.23,15.63,14.81,15.36,15.75,14.91,15.38,15.76,14.9,15.49,15.86,15.03,15.57,15.99,15.07,15.63,15.99,15.16,6457,2048
2025-02-06 16:00:00,0.13,0.27,0.08,0,0,0.22,0.11,0.01,15.63,15.75,15.52,15.72,15.81,15.64,15.75,15.87,15.63,15.86,15.99,15.75,15.88,16,15.76,16.02,16.1,15.92,16.09,16.2,15.99,16.15,16.23,16.04,6457,2150
2025-02-06 15:00:00,0.13,0.32,0.11,0,0,0.25,0.09,0.02,15.16,15.47,14.81,15.29,15.59,15.03,15.33,15.63,15.04,15.42,15.75,15.15,15.34,15.69,15,15.56,15.86,15.27,15.64,15.96,15.28,15.69,15.99,15.39,6453,2178
2025-02-06 14:00:00,0.13,0.23,0.08,0,0,0.28,0.1,0.04,13.83,14.69,13.04,14,14.81,13.2,14.03,14.92,13.21,14.06,14.93,13.21,13.92,14.81,13.14,14.2,15.1,13.38,14.24,15.16,13.38,14.31,15.18,13.51,6450,2186
2025-02-06 13:00:00,0.11,0.19,0.03,0,0,0.27,0.06,0.01,11.83,12.92,10.79,11.95,13.03,10.91,12.01,13.03,11,12.01,13.03,11.02,11.9,12.94,10.89,12.08,13.15,11.01,12.1,13.27,11.01,12.2,13.34,11.13,6446,2166
2025-02-06 12:00:00,0.02,0.13,0,0,0,0.21,0.03,0,9.75,10.55,9.01,9.94,10.71,9.25,9.91,10.79,9.13,10.05,10.78,9.35,9.85,10.67,9.14,9.92,10.77,9.12,9.89,10.78,9.07,10.06,10.91,9.25,6439,2198
2025-02-06 11:00:00,0.12,0.15,0.01,0,0,0.24,0.07,0,8.43,8.89,8.18,9.01,9.49,8.82,8.87,9.34,8.66,8.96,9.25,8.77,8.63,9.02,8.43,8.53,9.01,8.29,8.33,8.95,7.97,8.48,9.13,8.1,6435,2923
2025-02-06 10:00:00,0.13,0.29,0.18,0.04,0.03,0.38,0.19,0.03,5.98,8.45,4.05,6.63,10.2,4.16,6.8,10.18,4.28,6.98,10.14,4.42,6.9,10.08,4.17,6.58,9.72,3.86,6.5,9.24,3.93,6.81,9.35,4.16,6435,6598
2025-02-06 09:00:00,0.11,0.49,0.44,0,0,0.41,0.16,0,2.55,3.76,1.61,2.55,3.81,1.56,2.61,3.93,1.58,2.7,4.08,1.68,2.34,3.82,1.21,2.22,3.56,1.2,2.18,3.62,1.1,2.26,3.81,1.21,6435,6110
2025-02-06 08:00:00,0.06,0.58,0.48,0,0,0.33,0.18,0,1.15,1.44,1.09,1.08,1.4,0.99,1.16,1.44,1.09,1.25,1.52,1.2,0.83,1.1,0.75,0.87,1.08,0.84,0.79,0.97,0.73,0.87,1.09,0.81,6433,2296
2025-02-06 07:00:00,0,0.53,0.35,0,0,0.12,0.03,0.01,1.39,1.68,1.2,1.3,1.58,1.09,1.4,1.68,1.19,1.51,1.8,1.29,1.11,1.44,0.86,1.14,1.43,0.9,1.1,1.44,0.85,1.13,1.45,0.85,6430,0
2025-02-06 06:00:00,0,0.46,0.26,0,0,0,0,0,1.94,2.15,1.72,1.87,2.04,1.67,1.98,2.17,1.78,2.07,2.27,1.91,1.71,1.92,1.49,1.73,1.91,1.54,1.69,1.91,1.44,1.71,1.92,1.5,6433,0
2025-02-06 05:00:00,0,0.34,0.27,0,0,0,0,0,2.34,2.44,2.15,2.3,2.39,2.08,2.39,2.51,2.2,2.47,2.58,2.27,2.12,2.22,1.92,2.16,2.26,1.99,2.1,2.19,1.91,2.14,2.24,1.97,6435,0
2025-02-06 04:00:00,0,0.31,0.26,0,0,0,0,0,2.49,2.63,2.39,2.44,2.61,2.33,2.55,2.69,2.44,2.63,2.76,2.51,2.28,2.41,2.16,2.3,2.49,2.21,2.26,2.39,2.16,2.29,2.44,2.17,6435,0
2025-02-06 03:00:00,0,0.38,0.24,0,0,0,0,0,2.88,3,2.69,2.81,2.98,2.63,2.92,3.1,2.74,3.02,3.22,2.86,2.68,2.87,2.51,2.69,2.85,2.5,2.67,2.86,2.48,2.7,2.87,2.51,6439,0
2025-02-06 02:00:00,0,0.42,0.2,0,0,0,0,0,3.26,3.54,3.03,3.2,3.45,2.98,3.31,3.57,3.1,3.41,3.69,3.22,3.08,3.34,2.87,3.1,3.34,2.85,3.09,3.34,2.86,3.16,3.45,2.92,6439,0
2025-02-06 01:00:00,0.02,0.39,0.11,0,0,0.02,0,0,3.82,4.05,3.57,3.75,3.95,3.47,3.86,4.04,3.59,3.97,4.17,3.7,3.66,3.88,3.35,3.68,3.91,3.43,3.69,3.92,3.45,3.75,4.02,3.46,6439,0
2025-02-06 00:00:00,0.01,0.33,0.1,0,0,0.03,0,0,4.37,4.64,4.05,4.32,4.62,4.05,4.43,4.73,4.16,4.54,4.86,4.23,4.25,4.54,3.93,4.28,4.62,3.92,4.31,4.63,4.01,4.39,4.71,4.05,6424,0
2025-02-05 23:00:00,0,0.24,0.03,0,0,0,0,0,5.07,5.41,4.73,5.01,5.35,4.64,5.12,5.46,4.75,5.25,5.6,4.89,4.98,5.35,4.64,4.99,5.33,4.62,5.05,5.45,4.66,5.16,5.56,4.76,6446,0
2025-02-05 22:00:00,0.02,0.12,0,0,0,0.01,0,0,5.86,6.28,5.47,5.82,6.27,5.44,5.92,6.29,5.56,6.06,6.45,5.69,5.81,6.26,5.38,5.83,6.28,5.42,5.9,6.38,5.47,6.05,6.53,5.59,6453,0
2025-02-05 21:00:00,0.09,0.15,0,0,0,0.02,0,0,6.95,7.59,6.34,6.9,7.48,6.29,7,7.59,6.41,7.12,7.72,6.54,6.91,7.53,6.31,6.93,7.57,6.39,7.04,7.69,6.44,7.2,7.83,6.61,6453,0
2025-02-05 20:00:00,0.07,0.16,0,0,0,0.04,0.01,0,8.44,9.37,7.7,8.37,9.27,7.59,8.43,9.34,7.71,8.56,9.47,7.83,8.4,9.31,7.61,8.42,9.35,7.65,8.55,9.47,7.77,8.73,9.67,7.95,6457,0
2025-02-05 19:00:00,0.06,0.14,0,0,0,0.04,0.01,0.01,10.58,11.86,9.54,10.47,11.73,9.49,10.45,11.61,9.47,10.59,11.8,9.6,10.49,11.74,9.49,10.56,11.84,9.59,10.69,11.96,9.7,10.89,12.15,9.84,6461,0
2025-02-05 18:00:00,0.17,0.26,0.08,0,0,0.12,0.07,0.03,13.86,15.4,12.21,13.79,15.39,12.03,13.75,15.4,11.97,13.87,15.51,12.08,13.86,15.52,12.06,13.99,15.69,12.13,14.07,15.74,12.22,14.23,15.87,12.44,6466,0
2025-02-05 17:00:00,0.17,0.31,0.09,0,0,0.13,0.12,0.02,15.71,15.79,15.52,15.76,15.87,15.52,15.82,15.94,15.6,15.96,16.09,15.73,16.01,16.11,15.75,16.1,16.2,15.86,16.12,16.2,15.87,16.23,16.35,15.99,6464,2044
2025-02-05 16:00:00,0.2,0.3,0.09,0,0,0.14,0.13,0.04,15.64,15.72,15.52,15.73,15.75,15.64,15.75,15.83,15.63,15.88,15.99,15.75,15.93,16,15.79,16.04,16.1,15.98,16.08,16.1,15.98,16.09,16.12,15.99,6461,2147
2025-02-05 15:00:00,0.19,0.36,0.12,0,0,0.17,0.12,0.04,15.3,15.55,14.93,15.39,15.64,15.05,15.44,15.67,15.13,15.5,15.77,15.16,15.55,15.83,15.17,15.67,15.98,15.27,15.72,15.99,15.39,15.75,15.99,15.4,6459,2178
2025-02-05 14:00:00,0.17,0.27,0.1,0.01,0,0.2,0.14,0.09,14.17,14.73,13.34,14.33,14.87,13.51,14.36,14.92,13.59,14.39,14.92,13.62,14.44,14.93,13.63,14.55,15.14,13.73,14.59,15.16,13.75,14.64,15.19,13.86,6457,2178
2025-02-05 13:00:00,0.14,0.2,0.05,0,0,0.21,0.07,0.02,12.01,13.14,10.91,12.22,13.28,11.14,12.31,13.39,11.26,12.33,13.39,11.28,12.35,13.42,11.28,12.45,13.5,11.37,12.49,13.6,11.37,12.56,13.63,11.5,6453,2158
2025-02-05 12:00:00,0.08,0.15,0,0,0,0.14,0.03,0,9.78,10.67,8.89,9.95,10.91,9.01,10.21,11.02,9.37,10.21,11.06,9.35,10.17,11.09,9.26,10.22,11.14,9.34,10.12,11.14,9.13,10.27,11.25,9.26,6446,2194
2025-02-05 11:00:00,0.19,0.18,0.01,0,0,0.16,0.1,0,8.38,8.78,8.18,8.71,9.37,8.42,9.08,9.62,8.85,8.99,9.47,8.77,8.84,9.25,8.58,8.8,9.21,8.57,8.33,9,8.06,8.47,9.13,8.18,6446,2950
2025-02-05 10:00:00,0.21,0.45,0.22,0.04,0.03,0.2,0.2,0.03,6.16,8.78,4.28,6.58,10.2,4.28,6.94,10.43,4.52,7.1,10.34,4.63,7.12,10.56,4.48,6.86,10.27,4.15,6.65,9.27,4.28,6.92,9.37,4.48,6439,5661
2025-02-05 09:00:00,0.2,0.7,0.53,0,0,0.21,0.17,0,2.58,3.99,1.55,2.57,3.99,1.44,2.69,4.16,1.58,2.77,4.29,1.66,2.43,4.1,1.21,2.31,3.81,1.2,2.3,3.92,1.09,2.39,4.09,1.21,6439,6425
2025-02-05 08:00:00,0.19,0.77,0.62,0,0,0.24,0.17,0.01,1.29,1.48,1.11,1.24,1.44,1.09,1.38,1.56,1.21,1.45,1.68,1.32,1.05,1.21,0.93,1.08,1.31,0.96,1.03,1.21,0.92,1.07,1.26,0.96,6435,2296
2025-02-05 07:00:00,0.18,0.77,0.6,0,0,0.26,0.21,0.01,1.75,1.92,1.56,1.67,1.81,1.44,1.81,1.97,1.58,1.89,2.03,1.68,1.51,1.69,1.27,1.53,1.67,1.31,1.47,1.67,1.23,1.51,1.67,1.32,6439,0
2025-02-05 06:00:00,0,0.56,0.29,0,0,0,0,0,2.05,2.15,1.92,1.97,2.07,1.8,2.08,2.17,1.92,2.17,2.27,2.03,1.81,1.92,1.68,1.82,1.91,1.67,1.78,1.91,1.57,1.8,1.92,1.66,6439,0
2025-02-05 05:00:00,0,0.41,0.29,0,0,0,0,0,2.25,2.48,2.08,2.18,2.39,2.04,2.29,2.51,2.15,2.4,2.62,2.27,2.02,2.23,1.89,2.04,2.26,1.9,2.01,2.2,1.88,2.05,2.27,1.88,6439,0
2025-02-05 04:00:00,0,0.35,0.27,0,0,0,0,0,2.64,2.86,2.48,2.56,2.8,2.4,2.67,2.88,2.51,2.78,2.98,2.62,2.41,2.63,2.26,2.42,2.67,2.26,2.41,2.62,2.25,2.45,2.7,2.27,6441,0
2025-02-05 03:00:00,0.01,0.43,0.24,0,0,0,0,0,3.13,3.31,2.92,3.06,3.22,2.86,3.19,3.33,2.98,3.26,3.45,3.04,2.91,3.11,2.68,2.93,3.09,2.73,2.92,3.1,2.73,2.95,3.12,2.75,6446,0
2025-02-05 02:00:00,0.01,0.4,0.2,0,0,0,0,0,3.55,3.81,3.34,3.48,3.7,3.25,3.59,3.81,3.36,3.69,3.92,3.45,3.35,3.59,3.11,3.36,3.59,3.12,3.36,3.59,3.11,3.42,3.66,3.21,6446,0
2025-02-05 01:00:00,0.03,0.4,0.11,0,0,0.01,0,0,4.06,4.28,3.81,4.01,4.28,3.77,4.09,4.35,3.83,4.19,4.41,3.92,3.88,4.16,3.62,3.9,4.15,3.65,3.9,4.16,3.67,3.96,4.25,3.69,6448,0
2025-02-05 00:00:00,0,0.33,0.09,0,0,0,0,0,4.65,4.88,4.34,4.57,4.87,4.28,4.68,4.98,4.4,4.79,5.09,4.51,4.49,4.76,4.17,4.52,4.83,4.19,4.55,4.87,4.23,4.61,4.96,4.28,6439,0
2025-02-04 23:00:00,0,0.21,0.04,0,0,0,0,0,5.29,5.6,4.98,5.25,5.58,4.89,5.34,5.7,5.01,5.46,5.82,5.12,5.18,5.51,4.87,5.21,5.57,4.87,5.24,5.58,4.88,5.34,5.7,4.98,6453,0
2025-02-04 22:00:00,0.05,0.14,0,0,0,0,0,0,6.06,6.41,5.7,6.02,6.41,5.66,6.12,6.53,5.71,6.25,6.64,5.86,6,6.42,5.59,6.03,6.41,5.64,6.09,6.52,5.7,6.21,6.65,5.81,6453,0
2025-02-04 21:00:00,0.11,0.17,0,0,0,0,0,0,6.98,7.48,6.53,6.94,7.48,6.49,7.05,7.57,6.56,7.17,7.71,6.75,6.94,7.48,6.52,6.97,7.53,6.52,7.06,7.59,6.6,7.2,7.78,6.75,6457,0
2025-02-04 20:00:00,0.09,0.14,0,0,0,0.01,0,0,8.23,8.89,7.59,8.16,8.87,7.59,8.25,8.89,7.68,8.38,9.01,7.81,8.23,8.89,7.6,8.24,8.93,7.6,8.36,9.06,7.71,8.5,9.22,7.86,6461,0
2025-02-04 19:00:00,0.07,0.18,0.01,0,0,0,0,0,10.15,11.49,9.02,10.05,11.36,9.01,10.05,11.26,9.01,10.18,11.38,9.13,10.08,11.36,9.02,10.15,11.47,9.09,10.27,11.52,9.22,10.44,11.73,9.37,6466,0
2025-02-04 18:00:00,0.18,0.22,0.06,0,0,0.08,0.03,0.05,13.25,14.59,11.73,13.18,14.57,11.61,13.15,14.58,11.53,13.25,14.69,11.66,13.17,14.58,11.62,13.37,14.86,11.72,13.44,14.92,11.85,13.55,15.02,11.97,6468,0
2025-02-04 17:00:00,0.21,0.32,0.12,0.01,0,0.08,0.07,0.06,15.29,15.64,14.81,15.3,15.64,14.79,15.33,15.71,14.81,15.42,15.77,14.83,15.37,15.75,14.81,15.61,15.98,15.04,15.7,16.1,15.14,15.77,16.18,15.18,6468,2036
2025-02-04 16:00:00,0.18,0.34,0.09,0,0,0.08,0.09,0.06,15.79,15.87,15.69,15.82,15.92,15.75,15.84,15.96,15.75,15.91,15.99,15.84,15.84,15.88,15.76,16.1,16.2,16.01,16.18,16.2,16.1,16.3,16.37,16.23,6466,2135
2025-02-04 15:00:00,0.19,0.33,0.1,0,0,0.07,0.07,0.07,15.79,15.99,15.47,15.84,16,15.52,15.86,16.08,15.52,15.82,16.08,15.46,15.79,16,15.4,16.07,16.28,15.74,16.12,16.34,15.75,16.28,16.45,15.93,6466,2158
2025-02-04 14:00:00,0.2,0.34,0.13,0.03,0,0.09,0.07,0.1,14.8,15.4,14.08,14.86,15.45,14.11,14.85,15.43,14.1,14.8,15.4,14.09,14.74,15.36,13.99,15.01,15.62,14.2,15.08,15.72,14.33,15.27,15.87,14.55,6461,2158
2025-02-04 13:00:00,0.19,0.24,0.08,0,0,0.09,0.03,0.05,13.05,13.86,11.99,13.18,13.98,12.21,13.13,13.98,12.09,13.14,13.92,12.2,13.08,13.87,12.09,13.15,14.06,12.1,13.19,14.18,11.96,13.48,14.33,12.45,6457,2135
2025-02-04 12:00:00,0.11,0.17,0.02,0,0,0.04,0.01,0.01,10.68,11.84,9.84,10.9,11.98,10.08,10.73,11.86,9.85,10.95,11.97,10.07,10.79,11.89,9.85,10.67,11.9,9.68,10.67,11.79,9.72,11.1,12.28,10.08,6453,2166
2025-02-04 11:00:00,0.13,0.19,0.05,0,0,0.16,0.05,0,9.52,9.84,9.37,10.01,10.91,9.72,9.87,10.84,9.6,10.05,10.85,9.84,9.71,10.44,9.49,9.35,9.93,9.12,9.24,9.58,9.01,9.45,9.96,9.14,6448,2702
2025-02-04 10:00:00,0.19,0.34,0.24,0.06,0.04,0.36,0.08,0.02,6.72,9.96,4.64,7.24,11.49,4.69,7.4,11.35,4.76,7.59,11.35,4.9,7.59,11.38,4.76,7.2,10.86,4.46,7.13,10.2,4.5,7.36,9.95,4.71,6446,4695
2025-02-04 09:00:00,0.19,0.56,0.46,0.02,0,0.4,0.05,0,3.19,4.33,2.38,3.17,4.39,2.27,3.25,4.46,2.35,3.31,4.59,2.39,2.99,4.35,2.04,2.91,4.16,2.01,2.86,4.16,1.91,2.96,4.39,2.04,6446,6539
2025-02-04 08:00:00,0.06,0.48,0.36,0,0,0.1,0.01,0,2.18,2.27,2.07,2.11,2.24,2.04,2.21,2.29,2.13,2.31,2.39,2.22,1.94,2.04,1.8,1.95,2.03,1.83,1.91,2.02,1.8,1.93,2.04,1.81,6444,2210
2025-02-04 07:00:00,0,0.38,0.29,0,0,0,0,0,2.37,2.51,2.26,2.31,2.41,2.16,2.4,2.52,2.27,2.49,2.62,2.39,2.13,2.28,2.04,2.15,2.26,2.02,2.12,2.27,2.01,2.14,2.27,2.04,6446,0
2025-02-04 06:00:00,0.02,0.38,0.28,0,0,0,0,0,2.74,2.98,2.51,2.7,2.94,2.48,2.8,3.05,2.56,2.88,3.1,2.62,2.51,2.75,2.28,2.55,2.83,2.28,2.52,2.76,2.27,2.56,2.86,2.28,6448,0
2025-02-04 05:00:00,0.02,0.47,0.23,0,0,0,0,0,3.32,3.61,3.01,3.27,3.57,2.98,3.36,3.62,3.1,3.43,3.7,3.18,3.08,3.35,2.83,3.11,3.4,2.85,3.1,3.35,2.86,3.15,3.46,2.86,6448,0
2025-02-04 04:00:00,0.06,0.42,0.13,0,0,0,0,0,3.88,4.11,3.69,3.82,4.05,3.61,3.91,4.16,3.69,3.98,4.17,3.79,3.66,3.92,3.45,3.69,3.91,3.44,3.67,3.92,3.44,3.71,3.93,3.46,6448,0
2025-02-04 03:00:00,0.04,0.38,0.14,0,0,0.01,0,0,4.41,4.67,4.16,4.35,4.64,4.07,4.44,4.69,4.16,4.52,4.75,4.28,4.21,4.52,3.93,4.22,4.51,3.94,4.23,4.51,3.94,4.29,4.57,4.05,6453,0
2025-02-04 02:00:00,0,0.27,0.07,0,0,0,0,0,4.95,5.23,4.69,4.89,5.17,4.64,4.99,5.23,4.75,5.08,5.34,4.82,4.79,5.08,4.52,4.81,5.1,4.52,4.83,5.12,4.53,4.91,5.23,4.64,6453,0
2025-02-04 01:00:00,0.01,0.23,0.05,0,0,0,0,0,5.6,5.94,5.24,5.55,5.94,5.23,5.64,6.04,5.3,5.74,6.12,5.36,5.46,5.83,5.12,5.48,5.84,5.1,5.52,5.93,5.14,5.61,5.98,5.23,6453,0
2025-02-04 00:00:00,0.13,0.17,0,0,0,0,0,0,6.42,6.83,6.06,6.36,6.77,5.94,6.45,6.88,6.05,6.55,6.97,6.17,6.3,6.73,5.94,6.32,6.75,5.93,6.36,6.76,5.94,6.47,6.88,6.06,6439,0
2025-02-03 23:00:00,0.14,0.19,0,0,0,0,0,0,7.46,7.97,7,7.4,7.95,6.9,7.5,8.07,7,7.59,8.18,7.02,7.38,7.95,6.78,7.4,7.97,6.85,7.45,8.05,6.88,7.56,8.17,7,6461,0
2025-02-03 22:00:00,0.11,0.16,0,0,0,0.01,0,0,8.32,8.43,8.07,8.29,8.42,8.05,8.39,8.54,8.09,8.52,8.66,8.22,8.33,8.49,8.06,8.37,8.53,8.05,8.4,8.54,8.08,8.51,8.66,8.18,6461,0
2025-02-03 21:00:00,0.08,0.18,0.02,0,0,0.01,0,0,8.69,8.89,8.49,8.66,8.89,8.42,8.76,9.01,8.54,8.88,9.13,8.66,8.71,8.92,8.52,8.75,9,8.53,8.82,9.05,8.57,8.93,9.22,8.67,6466,0
2025-02-03 20:00:00,0.07,0.21,0.01,0,0,0,0,0,9.36,9.72,9,9.31,9.7,8.92,9.38,9.72,9.01,9.51,9.84,9.13,9.39,9.72,9.02,9.43,9.81,9.06,9.53,9.93,9.13,9.66,10.07,9.25,6466,0
2025-02-03 19:00:00,0.09,0.18,0,0,0,0,0,0.01,10.54,11.61,9.84,10.47,11.5,9.75,10.49,11.47,9.84,10.61,11.61,9.96,10.51,11.5,9.85,10.58,11.6,9.85,10.7,11.73,9.97,10.85,11.9,10.14,6470,0
2025-02-03 18:00:00,0.18,0.24,0.07,0,0,0.06,0.02,0.05,13.13,14.1,11.85,13.07,14.1,11.73,13.07,14.17,11.72,13.2,14.33,11.85,13.15,14.27,11.75,13.28,14.43,11.84,13.34,14.45,11.96,13.49,14.57,12.11,6470,0
2025-02-03 17:00:00,0.21,0.26,0.11,0.01,0,0.1,0.05,0.12,14.36,14.45,14.22,14.4,14.52,14.22,14.48,14.58,14.3,14.6,14.69,14.42,14.6,14.69,14.38,14.71,14.81,14.53,14.8,14.92,14.57,14.92,15.04,14.69,6470,2009
2025-02-03 16:00:00,0.19,0.25,0.1,0,0,0.08,0.05,0.07,13.92,14.18,13.62,13.96,14.22,13.62,14.03,14.28,13.73,14.17,14.42,13.85,14.16,14.41,13.79,14.25,14.54,13.85,14.32,14.57,13.95,14.4,14.69,13.98,6470,2143
2025-02-03 15:00:00,0.18,0.25,0.1,0,0,0.08,0.06,0.06,13.84,14.02,13.62,13.9,14.1,13.65,13.97,14.21,13.74,14.1,14.33,13.86,14.08,14.33,13.84,14.19,14.43,13.95,14.23,14.45,13.97,14.33,14.56,14.01,6468,2036
2025-02-03 14:00:00,0.21,0.24,0.08,0,0,0.08,0.01,0.03,12.71,13.62,11.75,12.78,13.71,11.85,12.88,13.75,11.97,13,13.86,12.08,12.98,13.87,12.05,13.05,13.97,12.09,13.12,14.09,12.16,13.21,14.19,12.21,6466,3179
2025-02-03 13:00:00,0.11,0.21,0.02,0,0,0.03,0,0.01,10.78,11.72,9.84,10.86,11.77,9.93,10.95,11.85,9.97,11.07,11.99,10.1,11,11.97,10.01,11.06,12.02,10.06,11.1,12.08,10.07,11.19,12.15,10.2,6461,2241
2025-02-03 12:00:00,0.09,0.21,0.01,0,0,0,0,0,9.21,9.7,8.89,9.24,9.72,8.91,9.31,9.84,9.01,9.43,9.96,9.13,9.29,9.85,9.02,9.36,9.89,9.06,9.37,9.95,9.07,9.42,9.96,9.13,6457,2261
2025-02-03 11:00:00,0.13,0.18,0.01,0,0,0,0,0,8.39,8.89,7.85,8.4,8.89,7.83,8.49,9.01,7.95,8.6,9.13,8.03,8.43,8.93,7.84,8.48,9,7.89,8.48,9.01,7.88,8.55,9.12,7.95,6459,1894
2025-02-03 10:00:00,0.15,0.2,0.02,0,0,0,0,0,7.65,7.82,7.55,7.62,7.74,7.48,7.7,7.83,7.59,7.82,7.95,7.71,7.65,7.83,7.51,7.68,7.82,7.58,7.69,7.84,7.59,7.75,7.91,7.65,6459,917
2025-02-03 09:00:00,0.14,0.25,0.02,0,0,0,0,0,7.47,7.51,7.42,7.41,7.48,7.36,7.5,7.59,7.47,7.62,7.71,7.59,7.41,7.5,7.36,7.48,7.57,7.46,7.49,7.58,7.43,7.51,7.61,7.48,6459,169
2025-02-03 08:00:00,0.15,0.22,0,0,0,0,0,0,7.32,7.39,7.24,7.28,7.36,7.24,7.36,7.44,7.3,7.48,7.55,7.44,7.28,7.36,7.13,7.31,7.45,7.23,7.34,7.39,7.26,7.36,7.46,7.28,6459,0
2025-02-03 07:00:00,0.15,0.21,0,0,0,0,0,0,7.29,7.44,7.24,7.27,7.36,7.24,7.35,7.47,7.3,7.48,7.59,7.44,7.24,7.36,7.16,7.29,7.46,7.23,7.33,7.46,7.25,7.34,7.48,7.25,6461,0
2025-02-03 06:00:00,0.13,0.22,0.03,0,0,0,0,0,7.58,7.7,7.48,7.54,7.6,7.44,7.61,7.71,7.48,7.73,7.83,7.6,7.54,7.6,7.39,7.59,7.7,7.46,7.61,7.71,7.47,7.66,7.74,7.48,6461,0
2025-02-03 05:00:00,0.16,0.2,0.01,0,0,0,0,0,7.73,7.82,7.71,7.7,7.73,7.65,7.79,7.83,7.71,7.9,7.95,7.83,7.71,7.76,7.62,7.75,7.82,7.7,7.77,7.83,7.71,7.82,7.88,7.76,6461,0
2025-02-03 04:00:00,0.14,0.18,0.01,0,0,0,0,0,7.84,7.86,7.83,7.81,7.83,7.73,7.89,7.95,7.83,8,8.05,7.95,7.83,7.84,7.8,7.86,7.93,7.82,7.88,7.91,7.83,7.94,7.95,7.9,6461,0
2025-02-03 03:00:00,0.16,0.19,0,0,0,0,0,0,7.86,7.9,7.83,7.83,7.85,7.82,7.94,7.95,7.9,8.04,8.06,8,7.84,7.84,7.84,7.89,7.94,7.84,7.92,7.94,7.87,7.95,7.95,7.95,6461,0
2025-02-03 02:00:00,0.13,0.17,0,0,0,0.01,0,0,8,8.07,7.93,7.98,8.08,7.87,8.05,8.18,7.95,8.14,8.26,8.06,7.97,8.07,7.86,8.01,8.12,7.94,8.03,8.16,7.94,8.08,8.18,7.96,6461,0
2025-02-03 01:00:00,0.16,0.16,0.01,0,0,0.01,0.01,0,8.32,8.54,8.13,8.3,8.54,8.07,8.36,8.54,8.18,8.48,8.66,8.29,8.3,8.55,8.07,8.34,8.54,8.16,8.37,8.58,8.18,8.42,8.66,8.18,6466,0
2025-02-03 00:00:00,0.09,0.19,0.01,0,0,0,0,0,8.84,9.13,8.54,8.81,9.12,8.54,8.89,9.14,8.63,9,9.28,8.77,8.83,9.14,8.55,8.89,9.18,8.64,8.91,9.24,8.64,8.97,9.29,8.67,6453,0
2025-02-02 23:00:00,0.1,0.21,0.01,0,0,0,0,0,9.41,9.6,9.14,9.38,9.6,9.13,9.45,9.62,9.24,9.56,9.74,9.35,9.42,9.6,9.18,9.49,9.71,9.24,9.52,9.72,9.24,9.6,9.84,9.37,6468,0
2025-02-02 22:00:00,0.1,0.18,0,0,0,0,0,0,9.92,10.2,9.67,9.87,10.18,9.6,9.94,10.21,9.71,10.05,10.33,9.82,9.92,10.21,9.66,9.98,10.3,9.71,10.02,10.31,9.75,10.11,10.43,9.84,6470,0
2025-02-02 21:00:00,0.12,0.17,0,0,0,0,0,0,10.23,10.31,10.17,10.19,10.22,10.09,10.29,10.31,10.18,10.41,10.43,10.31,10.31,10.33,10.24,10.35,10.42,10.29,10.41,10.43,10.31,10.5,10.55,10.43,6470,0
2025-02-02 20:00:00,0.12,0.14,0,0,0,0,0,0,10.12,10.31,10.08,10.09,10.24,10.03,10.14,10.3,10.08,10.26,10.42,10.18,10.15,10.31,10.08,10.21,10.33,10.14,10.3,10.43,10.21,10.41,10.57,10.31,6470,0
2025-02-02 19:00:00,0.12,0.19,0.02,0,0,0.02,0,0.01,11.06,11.85,10.37,11,11.77,10.31,11.01,11.78,10.31,11.13,11.89,10.43,11.03,11.83,10.32,11.13,11.94,10.42,11.2,11.98,10.53,11.32,12.09,10.67,6470,0
2025-02-02 18:00:00,0.21,0.25,0.06,0,0,0.07,0.01,0.02,12.76,13.5,11.97,12.73,13.48,11.95,12.76,13.5,11.95,12.86,13.62,12.06,12.81,13.63,11.97,12.92,13.73,12.07,13,13.75,12.16,13.1,13.88,12.22,6475,0
2025-02-02 17:00:00,0.2,0.26,0.11,0,0,0.07,0.04,0.09,14.04,14.26,13.62,14.06,14.33,13.6,14.13,14.4,13.62,14.24,14.46,13.74,14.24,14.48,13.74,14.36,14.66,13.85,14.45,14.71,13.92,14.58,14.87,14,6475,732
2025-02-02 16:00:00,0.2,0.25,0.09,0,0,0.08,0.02,0.05,13.39,13.98,12.92,13.43,13.99,13,13.51,14.1,13.03,13.62,14.21,13.15,13.62,14.22,13.16,13.72,14.32,13.26,13.78,14.44,13.28,13.91,14.57,13.39,6470,2726
2025-02-02 15:00:00,0.21,0.25,0.07,0,0,0.07,0,0.02,12.63,12.92,12.43,12.71,12.94,12.51,12.76,13.03,12.56,12.87,13.15,12.68,12.84,13.11,12.64,12.95,13.23,12.78,13.01,13.27,12.8,13.12,13.39,12.92,6470,2040
2025-02-02 14:00:00,0.23,0.25,0.08,0,0,0.09,0.01,0.03,12.07,12.32,11.73,12.17,12.44,11.85,12.2,12.45,11.87,12.32,12.56,11.97,12.29,12.57,11.97,12.4,12.67,12.07,12.43,12.68,12.09,12.55,12.8,12.21,6468,2119
2025-02-02 13:00:00,0.12,0.22,0.04,0,0,0.03,0,0.01,10.99,11.73,9.87,11.11,11.85,9.93,11.16,11.85,9.96,11.26,11.98,10.08,11.21,11.97,9.96,11.31,12.07,10.06,11.33,12.08,10.08,11.45,12.21,10.2,6466,2162
2025-02-02 12:00:00,0.1,0.2,0,0,0,0,0,0,9.5,9.84,8.64,9.55,9.93,8.66,9.63,9.97,8.76,9.74,10.08,8.85,9.62,9.99,8.68,9.7,10.06,8.76,9.72,10.09,8.77,9.82,10.2,8.89,6461,2099
2025-02-02 11:00:00,0.15,0.19,0.01,0,0,0,0,0,7.78,8.43,7.24,7.79,8.47,7.23,7.89,8.54,7.31,8.02,8.67,7.47,7.89,8.55,7.23,7.89,8.63,7.23,7.92,8.64,7.35,8,8.67,7.36,6461,2170
2025-02-02 10:00:00,0.13,0.19,0,0,0,0,0,0,6.67,7.12,6.41,6.64,7.12,6.32,6.76,7.23,6.42,6.86,7.29,6.54,6.66,7.13,6.34,6.71,7.14,6.4,6.72,7.18,6.41,6.77,7.24,6.48,6461,1910
2025-02-02 09:00:00,0.14,0.21,0,0,0,0,0,0,6.24,6.38,6.17,6.2,6.3,6.08,6.29,6.41,6.17,6.42,6.53,6.29,6.2,6.3,6.07,6.25,6.39,6.16,6.26,6.41,6.17,6.31,6.41,6.2,6461,421
2025-02-02 08:00:00,0.12,0.2,0,0,0,0.02,0,0,6.07,6.16,6.01,6.02,6.06,5.94,6.11,6.17,6.05,6.23,6.29,6.17,6,6.06,5.94,6.05,6.15,5.99,6.06,6.17,5.97,6.11,6.18,6.06,6459,0
2025-02-02 07:00:00,0.06,0.22,0,0,0,0,0,0,5.95,5.98,5.94,5.94,5.94,5.92,6.03,6.05,6,6.14,6.17,6.11,5.92,5.94,5.89,5.93,5.95,5.93,5.93,5.95,5.93,5.98,6.05,5.95,6461,0
2025-02-02 06:00:00,0.05,0.22,0,0,0,0.01,0,0,5.94,5.95,5.94,5.93,5.94,5.91,5.98,6.03,5.94,6.09,6.15,6.05,5.88,5.94,5.84,5.93,5.93,5.93,5.93,5.93,5.91,5.94,5.95,5.93,6459,0
2025-02-02 05:00:00,0.04,0.22,0,0,0,0,0,0,5.87,5.94,5.73,5.82,5.88,5.7,5.91,5.94,5.82,6.02,6.05,5.94,5.8,5.83,5.71,5.84,5.93,5.69,5.81,5.87,5.7,5.84,5.93,5.7,6457,0
2025-02-02 04:00:00,0.04,0.27,0.06,0,0,0,0,0,5.46,5.7,5.23,5.42,5.7,5.22,5.5,5.78,5.26,5.61,5.88,5.34,5.38,5.68,5.12,5.4,5.69,5.19,5.39,5.67,5.15,5.41,5.67,5.21,6457,0
2025-02-02 03:00:00,0.02,0.3,0.07,0,0,0,0,0,4.96,5.23,4.64,4.93,5.21,4.64,5.01,5.23,4.73,5.11,5.34,4.84,4.87,5.12,4.56,4.89,5.1,4.62,4.86,5.12,4.52,4.88,5.12,4.56,6457,0
2025-02-02 02:00:00,0.05,0.41,0.14,0,0,0.01,0,0,4.13,4.59,3.69,4.11,4.59,3.65,4.19,4.64,3.7,4.29,4.75,3.81,4.02,4.52,3.52,4.03,4.51,3.54,4.01,4.51,3.54,4.04,4.52,3.57,6457,0
2025-02-02 01:00:00,0.05,0.46,0.16,0,0,0,0,0,3.6,3.81,3.45,3.56,3.77,3.45,3.67,3.87,3.56,3.78,3.99,3.67,3.44,3.69,3.33,3.44,3.68,3.32,3.46,3.69,3.33,3.54,3.75,3.42,6457,0
2025-02-02 00:00:00,0.05,0.41,0.12,0,0,0,0,0,4.15,4.42,3.89,4.09,4.4,3.81,4.19,4.51,3.93,4.29,4.6,4.04,4,4.29,3.71,4.02,4.31,3.73,4.04,4.39,3.78,4.12,4.42,3.81,6446,0
2025-02-01 23:00:00,0.01,0.28,0.05,0,0,0,0,0,4.85,5.23,4.52,4.8,5.17,4.44,4.89,5.24,4.52,4.99,5.34,4.63,4.71,5.1,4.39,4.74,5.1,4.39,4.78,5.14,4.4,4.88,5.27,4.52,6466,0
2025-02-01 22:00:00,0.04,0.22,0.02,0,0,0,0,0,5.74,6.21,5.27,5.69,6.17,5.23,5.78,6.29,5.35,5.89,6.41,5.45,5.63,6.18,5.12,5.66,6.18,5.21,5.72,6.29,5.22,5.85,6.41,5.35,6466,0
2025-02-01 21:00:00,0.14,0.19,0,0,0,0,0,0,6.81,7.24,6.29,6.78,7.23,6.29,6.87,7.3,6.36,6.98,7.47,6.49,6.76,7.16,6.27,6.8,7.23,6.28,6.86,7.35,6.35,7.02,7.48,6.51,6470,0
2025-02-01 20:00:00,0.12,0.15,0.01,0,0,0,0,0,8.01,8.72,7.36,7.95,8.66,7.3,8.01,8.7,7.36,8.13,8.83,7.49,7.98,8.66,7.36,8.01,8.76,7.35,8.13,8.88,7.47,8.26,9.01,7.6,6470,0
2025-02-01 19:00:00,0.09,0.15,0,0,0,0,0,0,9.81,10.6,8.89,9.76,10.55,8.87,9.81,10.67,8.89,9.93,10.75,9,9.82,10.65,8.84,9.91,10.77,8.89,10.01,10.84,9.01,10.13,10.91,9.13,6475,0
2025-02-01 18:00:00,0.16,0.22,0.03,0,0,0.04,0,0.02,11.61,12.33,10.79,11.6,12.33,10.79,11.68,12.44,10.8,11.81,12.56,10.91,11.77,12.57,10.85,11.88,12.67,10.97,11.95,12.77,11.04,12.02,12.8,11.14,6481,0
2025-02-01 17:00:00,0.19,0.24,0.05,0,0,0.05,0,0.03,12.76,12.92,12.44,12.78,12.99,12.44,12.88,13.07,12.56,13.01,13.22,12.68,12.99,13.17,12.68,13.1,13.31,12.78,13.19,13.38,12.87,13.2,13.39,12.92,6475,1571
2025-02-01 16:00:00,0.19,0.24,0.05,0,0,0.06,0.01,0.04,12.79,12.91,12.69,12.86,12.92,12.8,12.95,13.03,12.91,13.07,13.15,13.02,13.06,13.16,13,13.16,13.26,13.09,13.21,13.36,13.15,13.23,13.38,13.15,6475,2147
2025-02-01 15:00:00,0.18,0.25,0.06,0,0,0.06,0.02,0.05,12.8,12.83,12.77,12.9,12.92,12.86,12.95,13.03,12.91,13.04,13.15,12.91,13,13.13,12.92,13.07,13.23,12.91,13.05,13.17,12.91,13.18,13.27,13.04,6475,2178
2025-02-01 14:00:00,0.24,0.23,0.07,0,0,0.09,0.04,0.07,12.28,12.68,11.84,12.4,12.8,11.97,12.45,12.91,11.97,12.5,12.92,11.98,12.43,12.91,11.94,12.37,12.9,11.82,12.22,12.83,11.57,12.58,13.03,12.09,6470,2166
2025-02-01 13:00:00,0.14,0.21,0.03,0,0,0.06,0.03,0.05,11.16,11.84,10.2,11.28,11.95,10.31,11.31,11.97,10.33,11.38,11.98,10.43,11.28,11.94,10.3,11.16,11.84,10.18,10.9,11.51,9.95,11.35,12.09,10.31,6466,2150
2025-02-01 12:00:00,0.11,0.19,0,0,0,0.08,0.08,0.01,9.06,10.03,8.3,9.2,10.14,8.47,9.23,10.18,8.52,9.28,10.21,8.54,9.1,10.08,8.31,8.97,9.97,8.16,8.7,9.76,7.83,8.99,10.13,7.96,6457,2186
2025-02-01 11:00:00,0.16,0.16,0,0,0,0.06,0.12,0.01,8.02,8.3,7.83,8.57,9.6,8.2,8.55,9.6,8.18,8.53,9.5,8.18,8.16,9.02,7.84,7.85,8.53,7.58,7.26,7.64,7,7.27,7.84,7,6457,2730
2025-02-01 10:00:00,0.08,0.39,0.14,0.02,0.02,0.12,0.15,0.02,5.01,8.18,2.98,5.41,9.72,3.06,5.66,9.74,3.22,5.89,9.72,3.33,5.74,9.62,3.07,5.42,9.1,2.85,5.27,8.21,2.86,5.29,7.71,2.87,6453,4140
2025-02-01 09:00:00,0.02,0.5,0.33,0,0,0.07,0.1,0.09,1.61,2.71,0.73,1.61,2.75,0.65,1.71,2.86,0.75,1.82,2.98,0.85,1.46,2.72,0.49,1.4,2.6,0.49,1.32,2.51,0.38,1.34,2.57,0.38,6453,5999
2025-02-01 08:00:00,0,0.52,0.38,0,0,0,0,0,0.76,0.85,0.68,0.69,0.78,0.62,0.79,0.87,0.73,0.9,0.97,0.85,0.47,0.58,0.39,0.51,0.6,0.43,0.44,0.52,0.38,0.44,0.54,0.38,6450,1213
2025-02-01 07:00:00,0,0.52,0.36,0,0,0,0,0,0.92,0.97,0.85,0.87,0.96,0.82,0.96,1.04,0.86,1.06,1.1,0.97,0.66,0.74,0.61,0.67,0.75,0.6,0.62,0.72,0.55,0.62,0.72,0.57,6453,0
2025-02-01 06:00:00,0,0.51,0.31,0,0,0,0,0,1.09,1.2,0.97,1.03,1.09,0.95,1.16,1.21,1.08,1.26,1.32,1.16,0.83,0.87,0.74,0.85,0.91,0.77,0.8,0.85,0.73,0.8,0.85,0.72,6450,0
2025-02-01 05:00:00,0,0.51,0.3,0,0,0,0,0,1.24,1.37,1.15,1.18,1.33,1.09,1.29,1.44,1.21,1.38,1.55,1.29,0.96,1.1,0.86,1.01,1.14,0.91,0.95,1.09,0.85,0.97,1.12,0.85,6446,0
2025-02-01 04:00:00,0,0.51,0.28,0,0,0,0,0,1.59,1.8,1.44,1.52,1.73,1.33,1.62,1.8,1.44,1.72,1.91,1.56,1.32,1.57,1.1,1.35,1.55,1.16,1.31,1.56,1.1,1.36,1.56,1.16,6453,0
2025-02-01 03:00:00,0,0.44,0.28,0,0,0,0,0,2.07,2.32,1.8,2,2.27,1.78,2.11,2.39,1.83,2.19,2.49,1.94,1.81,2.08,1.57,1.84,2.13,1.56,1.82,2.09,1.56,1.86,2.15,1.58,6457,0
2025-02-01 02:00:00,0.01,0.38,0.27,0,0,0,0,0,2.62,2.86,2.39,2.56,2.86,2.29,2.66,2.95,2.39,2.77,3.01,2.51,2.4,2.67,2.16,2.42,2.72,2.14,2.41,2.7,2.15,2.46,2.75,2.18,6459,0
2025-02-01 01:00:00,0.03,0.47,0.24,0,0,0,0,0,3.21,3.45,2.96,3.16,3.45,2.86,3.27,3.57,2.99,3.36,3.67,3.1,3.02,3.32,2.75,3.04,3.32,2.75,3.03,3.33,2.74,3.1,3.44,2.78,6461,0
2025-02-01 00:00:00,0.07,0.39,0.13,0,0,0,0,0,3.93,4.34,3.57,3.87,4.28,3.47,3.97,4.4,3.57,4.08,4.52,3.69,3.75,4.17,3.35,3.78,4.19,3.39,3.8,4.19,3.41,3.87,4.28,3.46,6453,0
2025-01-31 23:00:00,0.03,0.32,0.03,0,0,0,0,0,4.71,5.07,4.4,4.65,4.98,4.35,4.74,5.12,4.41,4.86,5.23,4.53,4.56,4.89,4.26,4.58,4.96,4.27,4.6,4.96,4.28,4.7,5.08,4.39,6466,0
2025-01-31 22:00:00,0.03,0.22,0.04,0,0,0,0,0,5.39,5.69,5.12,5.35,5.66,5.04,5.44,5.71,5.12,5.56,5.84,5.23,5.3,5.59,5,5.31,5.62,4.98,5.35,5.7,4.98,5.46,5.82,5.12,6470,0
2025-01-31 21:00:00,0.09,0.17,0,0,0,0,0,0,6.16,6.65,5.7,6.13,6.65,5.7,6.23,6.73,5.82,6.36,6.88,5.94,6.12,6.65,5.7,6.13,6.63,5.69,6.22,6.76,5.73,6.35,6.89,5.89,6470,0
2025-01-31 20:00:00,0.17,0.19,0,0,0,0,0,0,7.43,8.17,6.77,7.4,8.1,6.74,7.47,8.18,6.88,7.61,8.3,6.96,7.41,8.14,6.73,7.45,8.17,6.75,7.56,8.3,6.87,7.72,8.49,7,6475,0
2025-01-31 19:00:00,0.08,0.17,0,0,0,0,0,0,9.31,10.55,8.3,9.22,10.43,8.22,9.24,10.42,8.3,9.38,10.55,8.42,9.25,10.44,8.29,9.32,10.54,8.31,9.45,10.66,8.42,9.62,10.79,8.66,6481,0
2025-01-31 18:00:00,0.17,0.22,0.04,0,0,0.04,0,0.04,12.34,13.75,10.79,12.25,13.74,10.68,12.23,13.75,10.67,12.34,13.86,10.78,12.28,13.85,10.68,12.43,13.97,10.77,12.51,14.08,10.9,12.66,14.22,11.06,6484,0
2025-01-31 17:00:00,0.23,0.31,0.11,0.01,0,0.06,0.05,0.11,14.47,14.87,13.96,14.45,14.87,13.86,14.51,14.92,13.93,14.61,15.04,14.01,14.6,15.05,13.98,14.76,15.16,14.2,14.83,15.28,14.21,14.98,15.41,14.36,6484,1922
2025-01-31 16:00:00,0.23,0.37,0.13,0.02,0,0.06,0.04,0.1,14.68,14.82,14.45,14.71,14.88,14.53,14.76,14.92,14.57,14.85,15.04,14.67,14.88,15.05,14.69,15.01,15.16,14.79,15.11,15.28,14.91,15.25,15.41,15.04,6484,2135
2025-01-31 15:00:00,0.23,0.28,0.1,0,0,0.06,0.04,0.11,14.06,14.33,13.65,14.11,14.35,13.74,14.15,14.45,13.75,14.25,14.53,13.86,14.26,14.56,13.87,14.41,14.68,14,14.47,14.76,14.09,14.61,14.93,14.22,6481,2162
2025-01-31 14:00:00,0.22,0.24,0.07,0,0,0.05,0,0.05,13.03,13.63,12.44,13.11,13.74,12.53,13.16,13.75,12.56,13.26,13.86,12.68,13.23,13.87,12.6,13.38,13.97,12.78,13.43,14.09,12.8,13.58,14.21,12.92,6481,2147
2025-01-31 13:00:00,0.23,0.22,0.07,0,0,0.06,0.01,0.04,11.94,12.32,11.39,12,12.4,11.44,12.05,12.44,11.5,12.16,12.55,11.61,12.12,12.45,11.62,12.26,12.67,11.72,12.29,12.67,11.73,12.38,12.8,11.8,6475,2139
2025-01-31 12:00:00,0.12,0.2,0.02,0,0,0,0,0.01,10.76,11.28,10.14,10.81,11.36,10.2,10.98,11.4,10.59,11.14,11.52,10.79,11.11,11.5,10.8,11.17,11.6,10.77,11.13,11.61,10.66,11.1,11.7,10.48,6466,2166
2025-01-31 11:00:00,0.74,0.02,0,0,0,0,0,0.3,9.15,10.08,7.71,9.26,10.08,8.06,10.4,10.56,10.31,11,11.73,10.67,11.07,12.08,10.56,10.71,11.45,10.42,10.64,11.37,10.43,9.85,10.42,9.42,6461,3076
2025-01-31 10:00:00,0.89,0.14,0,0,0,0,0,0.29,5.43,7.36,3.85,5.48,7.69,3.82,6.36,10.43,3.97,6.9,11.75,4.31,7.11,12.33,4.42,6.97,11.72,4.14,6.84,11.77,3.92,6.32,9.38,3.93,6457,3588
2025-01-31 09:00:00,1.33,3.24,3.68,0.27,0.56,0.41,0,0.02,2.62,3.61,1.75,2.49,3.56,1.7,2.41,3.56,1.8,2.65,3.92,1.96,2.43,4.05,1.57,2.48,3.68,1.67,2.46,3.55,1.71,2.6,3.57,1.91,6457,6153
2025-01-31 08:00:00,1.56,4.14,3.85,0.26,0.02,0,0,0,1.72,1.92,1.56,1.71,1.92,1.56,1.9,2.08,1.8,1.97,2.15,1.84,1.56,1.72,1.45,1.66,1.82,1.55,1.77,1.91,1.68,1.95,2.1,1.8,6457,2170
2025-01-31 07:00:00,1.48,3.92,3.91,0.29,0.03,0,0,0,2.13,2.28,1.94,2.12,2.27,1.93,2.26,2.44,2.1,2.33,2.51,2.15,1.92,2.07,1.79,2.02,2.19,1.87,2.09,2.27,1.91,2.3,2.51,2.15,6457,0
2025-01-31 06:00:00,1.48,3.9,3.87,0.32,0.05,0,0,0,2.59,2.83,2.38,2.58,2.79,2.34,2.71,2.95,2.51,2.73,2.89,2.51,2.34,2.52,2.16,2.45,2.63,2.26,2.54,2.74,2.3,2.74,2.96,2.51,6459,0
2025-01-31 05:00:00,1.5,3.95,3.83,0.35,0.05,0,0,0,3.12,3.45,2.86,3.11,3.45,2.85,3.25,3.57,2.97,3.22,3.56,2.98,2.83,3.14,2.54,2.94,3.26,2.67,3.03,3.33,2.75,3.24,3.57,2.98,6461,0
2025-01-31 04:00:00,1.52,3.88,3.78,0.35,0.06,0,0,0,3.86,4.16,3.48,3.85,4.16,3.46,3.98,4.28,3.66,3.97,4.28,3.6,3.62,3.94,3.22,3.7,4.03,3.32,3.8,4.11,3.45,3.99,4.28,3.65,6461,0
2025-01-31 03:00:00,1.52,3.8,3.7,0.33,0.07,0,0,0,4.46,4.76,4.21,4.47,4.76,4.23,4.59,4.87,4.37,4.6,4.89,4.37,4.26,4.55,4.04,4.34,4.62,4.1,4.42,4.75,4.16,4.6,4.87,4.33,6466,0
2025-01-31 02:00:00,1.48,3.74,3.7,0.31,0.03,0,0,0,5.1,5.35,4.76,5.1,5.35,4.83,5.23,5.47,4.98,5.24,5.55,4.94,4.92,5.23,4.64,4.98,5.26,4.73,5.07,5.35,4.75,5.24,5.58,4.96,6466,0
2025-01-31 01:00:00,1.5,3.66,3.59,0.31,0.04,0,0,0,5.71,5.95,5.47,5.72,5.94,5.47,5.82,6.07,5.58,5.85,6.08,5.58,5.53,5.83,5.23,5.6,5.83,5.33,5.68,5.93,5.45,5.84,6.07,5.58,6468,0
2025-01-31 00:00:00,1.57,3.63,3.55,0.35,0.06,0,0,0,6.27,6.53,6.02,6.28,6.53,6.05,6.4,6.65,6.16,6.4,6.64,6.16,6.12,6.38,5.83,6.2,6.42,5.93,6.25,6.52,5.94,6.41,6.65,6.18,6453,0
2025-01-30 23:00:00,1.62,3.61,3.53,0.37,0.09,0,0,0,6.8,7.11,6.54,6.82,7.12,6.54,6.95,7.23,6.65,6.91,7.16,6.66,6.64,6.89,6.42,6.7,6.92,6.51,6.76,7,6.52,6.94,7.24,6.67,6475,0
2025-01-30 22:00:00,1.6,3.6,3.51,0.38,0.09,0,0,0,7.53,7.95,7.12,7.56,7.96,7.15,7.67,8.07,7.27,7.66,8.06,7.24,7.34,7.72,6.93,7.4,7.8,6.99,7.5,7.89,7.12,7.71,8.18,7.31,6475,0
2025-01-30 21:00:00,1.58,3.53,3.42,0.37,0.09,0,0,0,8.69,9.49,8.07,8.74,9.49,8.07,8.87,9.67,8.21,8.81,9.6,8.18,8.47,9.25,7.84,8.54,9.35,7.94,8.66,9.47,8.04,8.9,9.62,8.27,6481,0
2025-01-30 20:00:00,1.56,3.51,3.38,0.36,0.07,0,0,0,10.23,10.79,9.6,10.28,10.79,9.64,10.44,10.96,9.84,10.37,10.9,9.72,10.12,10.67,9.45,10.18,10.69,9.5,10.28,10.78,9.6,10.44,10.98,9.84,6484,0
2025-01-30 19:00:00,1.63,3.56,3.47,0.43,0.1,0.02,0,0.01,11.55,12.32,10.85,11.58,12.32,10.91,11.8,12.56,11.04,11.69,12.44,11.01,11.45,12.22,10.73,11.48,12.31,10.77,11.6,12.44,10.9,11.79,12.56,11.08,6486,0
2025-01-30 18:00:00,1.7,3.65,3.51,0.44,0.11,0.05,0,0.02,13.08,13.62,12.44,13.08,13.62,12.45,13.29,13.76,12.68,13.27,13.86,12.57,13.15,13.81,12.45,13.18,13.84,12.44,13.27,13.86,12.56,13.39,13.98,12.69,6488,0
2025-01-30 17:00:00,1.68,3.7,3.56,0.47,0.14,0.06,0.02,0.05,13.91,13.98,13.74,13.9,13.98,13.74,14.03,14.1,13.86,14.19,14.32,13.95,14.16,14.33,13.87,14.17,14.32,13.88,14.21,14.33,13.97,14.27,14.41,14.05,6488,1879
2025-01-30 16:00:00,1.69,3.72,3.57,0.46,0.14,0.07,0.02,0.04,13.87,13.98,13.74,13.87,13.98,13.74,13.96,14.1,13.86,14.2,14.33,14.09,14.22,14.34,14.1,14.21,14.32,14.08,14.22,14.33,14.09,14.23,14.37,14.1,6488,2198
2025-01-30 15:00:00,1.69,3.71,3.54,0.47,0.14,0.07,0,0.04,13.6,13.74,13.51,13.6,13.74,13.5,13.7,13.85,13.62,13.94,14.09,13.86,13.96,14.1,13.87,13.94,14.08,13.85,13.92,14.09,13.76,13.93,14.1,13.77,6488,2214
2025-01-30 14:00:00,1.71,3.69,3.54,0.46,0.11,0.05,0,0.03,13.27,13.5,12.92,13.25,13.48,12.92,13.35,13.61,13.02,13.62,13.85,13.27,13.67,13.87,13.33,13.62,13.83,13.26,13.54,13.74,13.22,13.55,13.74,13.17,6486,2158
2025-01-30 13:00:00,1.72,3.68,3.53,0.43,0.1,0.04,0,0.03,12.5,12.89,12.15,12.48,12.86,12.12,12.56,12.91,12.2,12.83,13.25,12.44,12.87,13.28,12.45,12.82,13.26,12.43,12.72,13.15,12.32,12.73,13.15,12.32,6484,2119
2025-01-30 12:00:00,1.68,3.66,3.52,0.47,0.12,0.05,0,0.06,11.76,12.09,11.61,11.75,12.09,11.61,11.81,12.09,11.73,11.97,12.34,11.85,11.95,12.42,11.76,11.91,12.33,11.73,11.79,12.21,11.62,11.77,12.21,11.5,6481,2150
2025-01-30 11:00:00,1.71,3.62,3.51,0.44,0.13,0.04,0.01,0.04,11.7,11.95,11.07,11.6,11.85,10.89,11.35,11.84,10.46,11.44,11.86,10.78,11.66,11.86,11.1,11.69,11.84,11.37,11.79,12.08,11.65,11.05,11.51,10.43,6481,2690
2025-01-30 10:00:00,1.58,3.57,3.52,0.36,0.06,0,0.01,0.02,9.58,10.79,7.83,9.31,10.43,7.71,8.89,10.08,7.56,9.47,10.53,7.96,9.56,10.56,7.95,9.53,10.69,7.95,9.51,10.93,7.99,9.3,10.26,7.95,6475,4112
2025-01-30 09:00:00,1.6,3.71,3.63,0.41,0.09,0,0,0.07,7.07,7.59,6.91,7.04,7.48,6.85,7.08,7.36,6.99,7.21,7.71,7.04,7.03,7.62,6.87,7.09,7.7,6.89,7.11,7.71,6.91,7.15,7.71,7,6475,6646
2025-01-30 08:00:00,1.65,3.72,3.62,0.39,0.09,0,0,0.05,6.8,6.88,6.77,6.8,6.86,6.77,6.91,6.98,6.88,6.97,7,6.9,6.76,6.81,6.7,6.82,6.87,6.75,6.83,6.89,6.76,6.91,7,6.88,6470,0
2025-01-30 07:00:00,1.62,3.7,3.59,0.4,0.1,0,0,0.06,6.84,7.01,6.77,6.85,7.01,6.77,6.98,7.13,6.88,7.01,7.16,6.93,6.77,6.93,6.7,6.82,6.99,6.75,6.84,7,6.76,6.95,7.12,6.88,6470,0
2025-01-30 06:00:00,1.62,3.7,3.59,0.4,0.09,0,0,0.06,7.22,7.29,7.11,7.21,7.25,7.1,7.32,7.36,7.22,7.4,7.47,7.24,7.17,7.3,7.01,7.22,7.33,7.06,7.28,7.35,7.09,7.31,7.37,7.13,6475,0
2025-01-30 05:00:00,1.6,3.7,3.61,0.44,0.1,0,0,0.05,7.36,7.45,7.31,7.34,7.39,7.27,7.43,7.47,7.36,7.53,7.59,7.47,7.35,7.36,7.3,7.41,7.46,7.34,7.41,7.47,7.35,7.45,7.48,7.36,6475,0
2025-01-30 04:00:00,1.64,3.75,3.63,0.39,0.08,0,0,0.05,7.48,7.52,7.44,7.47,7.51,7.41,7.56,7.59,7.47,7.67,7.71,7.59,7.45,7.48,7.36,7.53,7.58,7.46,7.55,7.59,7.47,7.6,7.71,7.49,6475,0
2025-01-30 03:00:00,1.64,3.66,3.58,0.39,0.09,0,0,0.04,7.65,7.71,7.55,7.65,7.71,7.53,7.75,7.83,7.64,7.84,7.95,7.71,7.65,7.72,7.5,7.68,7.75,7.58,7.73,7.82,7.6,7.8,7.84,7.71,6481,0
2025-01-30 02:00:00,1.63,3.65,3.55,0.39,0.08,0,0,0.04,7.84,7.99,7.71,7.83,7.96,7.72,7.93,8.07,7.83,8.01,8.17,7.95,7.8,7.95,7.72,7.86,8,7.74,7.9,8.06,7.83,7.97,8.07,7.85,6481,0
2025-01-30 01:00:00,1.61,3.6,3.51,0.38,0.07,0.01,0,0.05,8.1,8.18,8.06,8.1,8.18,8.02,8.19,8.3,8.07,8.25,8.39,8.18,8.04,8.1,7.95,8.09,8.17,8.05,8.15,8.3,8.06,8.21,8.3,8.14,6481,0
2025-01-30 00:00:00,1.6,3.59,3.5,0.39,0.1,0,0,0.09,8.55,9.01,8.22,8.57,9.02,8.24,8.71,9.17,8.31,8.71,9.21,8.42,8.46,8.97,8.16,8.52,9,8.18,8.57,9.07,8.3,8.66,9.14,8.31,6457,0
2025-01-29 23:00:00,1.59,3.6,3.46,0.39,0.08,0,0,0.06,9.49,9.96,9.12,9.51,9.96,9.13,9.65,10.08,9.26,9.71,10.18,9.3,9.48,9.96,9.02,9.53,9.95,9.12,9.6,10.07,9.18,9.68,10.18,9.25,6484,0
2025-01-29 22:00:00,1.61,3.63,3.5,0.39,0.08,0,0,0.06,10.5,10.83,10.01,10.49,10.79,10.06,10.62,10.9,10.18,10.71,11.02,10.24,10.56,10.91,10.06,10.6,10.89,10.06,10.66,10.99,10.16,10.71,11.02,10.21,6484,0
2025-01-29 21:00:00,1.63,3.64,3.53,0.44,0.08,0,0,0.09,11.03,11.14,10.91,10.99,11.09,10.85,11.1,11.21,10.99,11.22,11.33,11.04,11.1,11.25,10.92,11.13,11.25,10.98,11.18,11.27,11.02,11.19,11.26,11.03,6484,0
2025-01-29 20:00:00,1.65,3.66,3.57,0.45,0.11,0.01,0,0.1,11.12,11.14,11.04,11.09,11.14,11.02,11.22,11.26,11.14,11.33,11.38,11.26,11.24,11.27,11.15,11.26,11.29,11.24,11.31,11.37,11.26,11.25,11.29,11.19,6484,0
2025-01-29 19:00:00,1.64,3.67,3.52,0.42,0.08,0,0,0.08,10.95,11.03,10.79,10.91,11.02,10.78,11.02,11.14,10.84,11.16,11.26,10.97,11.07,11.15,10.9,11.1,11.25,10.89,11.14,11.26,10.92,11.04,11.16,10.88,6484,0
2025-01-29 18:00:00,1.62,3.65,3.52,0.4,0.08,0,0,0.07,10.56,10.79,10.26,10.48,10.68,10.2,10.6,10.79,10.3,10.72,10.92,10.43,10.65,10.84,10.32,10.68,10.89,10.41,10.7,10.9,10.38,10.58,10.8,10.2,6481,0
2025-01-29 17:00:00,1.63,3.7,3.53,0.41,0.08,0.05,0,0.06,9.51,10.14,9.14,9.47,10.08,9.13,9.58,10.18,9.28,9.71,10.31,9.39,9.57,10.2,9.25,9.64,10.28,9.34,9.63,10.26,9.33,9.57,10.08,9.35,6481,638
2025-01-29 16:00:00,1.62,3.68,3.58,0.41,0.09,0,0,0.08,9.18,9.22,9.14,9.19,9.22,9.14,9.36,9.38,9.32,9.5,9.6,9.45,9.35,9.46,9.25,9.39,9.47,9.35,9.4,9.47,9.35,9.37,9.39,9.37,6481,0
2025-01-29 15:00:00,1.63,3.72,3.57,0.39,0.08,0,0,0.1,9.15,9.22,9.12,9.17,9.24,9.13,9.35,9.37,9.28,9.6,9.6,9.59,9.48,9.49,9.47,9.47,9.5,9.47,9.47,9.49,9.46,9.38,9.42,9.37,6481,843
2025-01-29 14:00:00,1.65,3.71,3.55,0.41,0.08,0,0,0.1,8.86,9.01,8.66,8.88,9.13,8.66,9.04,9.25,8.77,9.36,9.56,9.13,9.32,9.47,9.14,9.3,9.47,9.12,9.25,9.45,9.05,9.2,9.37,9.01,6481,1103
2025-01-29 13:00:00,1.71,3.77,3.62,0.39,0.08,0,0,0.09,8.15,8.66,7.59,8.09,8.58,7.49,8.18,8.76,7.59,8.62,9.13,8.03,8.59,9.14,7.95,8.59,9.12,7.96,8.51,9.01,7.92,8.47,8.95,7.9,6475,2048
2025-01-29 12:00:00,1.76,3.89,3.71,0.4,0.08,0,0,0.1,7.09,7.48,6.65,7.03,7.47,6.53,7.1,7.52,6.63,7.51,7.95,7,7.44,7.84,6.89,7.48,7.91,6.99,7.44,7.83,6.98,7.41,7.82,6.9,6470,2162
2025-01-29 11:00:00,1.72,3.93,3.77,0.38,0.08,0,0,0.1,6.03,6.53,5.47,5.97,6.49,5.47,5.99,6.53,5.46,6.33,6.9,5.72,6.23,6.82,5.59,6.31,6.87,5.69,6.23,6.87,5.61,6.29,6.86,5.7,6470,2028
2025-01-29 10:00:00,1.67,4.02,3.86,0.35,0.04,0,0,0.02,5.05,5.38,4.76,5.01,5.35,4.67,5.06,5.43,4.75,5.27,5.67,4.92,5.07,5.47,4.75,5.15,5.57,4.79,5.12,5.56,4.75,5.22,5.66,4.87,6466,2013
2025-01-29 09:00:00,1.69,4.07,3.9,0.34,0.07,0.01,0,0,4.27,4.64,3.97,4.25,4.64,3.94,4.32,4.69,4.08,4.51,4.88,4.26,4.26,4.64,3.93,4.35,4.73,4.04,4.36,4.73,4.12,4.48,4.78,4.28,6466,468
2025-01-29 08:00:00,1.69,4.07,3.88,0.35,0.09,0,0,0,3.96,4.04,3.93,3.95,4.02,3.93,4.1,4.16,4.04,4.22,4.28,4.17,3.95,4.01,3.93,4.06,4.11,4.03,4.11,4.16,4.06,4.27,4.28,4.23,6466,130
2025-01-29 07:00:00,1.69,4.03,3.89,0.33,0.09,0,0,0,3.93,3.96,3.93,3.94,3.96,3.93,4.11,4.16,4.07,4.26,4.28,4.25,3.93,3.96,3.93,4.04,4.06,4.03,4.11,4.16,4.05,4.28,4.28,4.28,6468,0
2025-01-29 06:00:00,1.7,4.06,3.89,0.35,0.08,0.01,0,0,4.07,4.19,3.93,4.12,4.28,3.99,4.29,4.4,4.16,4.37,4.48,4.28,4.05,4.17,3.93,4.16,4.27,4.04,4.26,4.39,4.16,4.43,4.52,4.32,6468,0
2025-01-29 05:00:00,1.57,3.91,3.81,0.35,0.07,0,0,0,4.48,4.76,4.28,4.46,4.73,4.28,4.63,4.87,4.41,4.68,4.89,4.52,4.37,4.64,4.17,4.46,4.73,4.27,4.58,4.79,4.4,4.75,4.98,4.54,6470,0
2025-01-29 04:00:00,1.49,3.81,3.76,0.33,0.04,0,0,0,4.98,5.12,4.76,4.97,5.12,4.76,5.11,5.23,4.89,5.13,5.28,4.96,4.84,5,4.64,4.93,5.1,4.73,5.01,5.16,4.87,5.17,5.35,4.98,6470,0
2025-01-29 03:00:00,1.51,3.79,3.76,0.33,0.04,0,0,0,5.34,5.49,5.17,5.34,5.51,5.17,5.46,5.6,5.31,5.48,5.69,5.34,5.19,5.36,5,5.27,5.45,5.1,5.34,5.53,5.22,5.52,5.7,5.35,6470,0
2025-01-29 02:00:00,1.49,3.72,3.67,0.33,0.05,0,0,0,5.66,5.7,5.57,5.65,5.71,5.54,5.75,5.82,5.6,5.79,5.82,5.7,5.49,5.55,5.4,5.57,5.62,5.47,5.66,5.7,5.58,5.8,5.85,5.7,6470,0
2025-01-29 01:00:00,1.53,3.69,3.64,0.34,0.06,0,0,0,5.94,6.2,5.71,5.94,6.17,5.73,6.08,6.33,5.83,6.06,6.3,5.82,5.76,6.05,5.56,5.85,6.14,5.64,5.94,6.21,5.7,6.13,6.41,5.89,6470,0
2025-01-29 00:00:00,1.58,3.67,3.61,0.38,0.09,0,0,0,6.56,6.88,6.29,6.58,6.93,6.29,6.72,7,6.41,6.66,6.98,6.36,6.38,6.65,6.06,6.46,6.75,6.16,6.55,6.87,6.29,6.73,7,6.43,6457,0
2025-01-28 23:00:00,1.61,3.68,3.59,0.4,0.09,0,0,0,7.32,7.71,7,7.33,7.71,7,7.48,7.92,7.11,7.39,7.83,7,7.08,7.48,6.77,7.17,7.58,6.81,7.27,7.71,6.89,7.48,7.95,7.12,6481,0
2025-01-28 22:00:00,1.59,3.58,3.49,0.38,0.09,0,0,0,8.31,8.87,7.82,8.35,8.89,7.83,8.51,9.03,7.96,8.46,9.01,7.94,8.16,8.7,7.6,8.23,8.76,7.7,8.34,8.89,7.83,8.55,9.13,8.02,6484,0
2025-01-28 21:00:00,1.55,3.58,3.45,0.39,0.1,0,0,0,9.43,9.84,8.95,9.49,9.87,9.01,9.64,10.05,9.13,9.63,10.07,9.13,9.38,9.82,8.83,9.42,9.83,8.88,9.53,9.95,9.01,9.72,10.16,9.24,6486,0
2025-01-28 20:00:00,1.56,3.54,3.46,0.37,0.09,0,0,0,10.42,11.02,9.93,10.49,11.05,9.97,10.65,11.26,10.1,10.6,11.23,10.08,10.33,10.98,9.85,10.4,11.01,9.95,10.5,11.14,10.01,10.68,11.28,10.2,6488,0
2025-01-28 19:00:00,1.65,3.62,3.53,0.46,0.13,0.04,0,0.02,11.74,12.32,11.14,11.77,12.32,11.15,11.95,12.53,11.38,11.91,12.56,11.31,11.71,12.35,11.1,11.77,12.43,11.13,11.89,12.55,11.26,12.03,12.68,11.43,6493,0
2025-01-28 18:00:00,1.66,3.67,3.56,0.46,0.12,0.06,0,0.02,12.87,13.32,12.42,12.9,13.38,12.44,13.05,13.49,12.58,13.1,13.6,12.62,12.99,13.51,12.45,13.02,13.54,12.55,13.1,13.61,12.6,13.22,13.68,12.77,6493,0
2025-01-28 17:00:00,1.7,3.72,3.59,0.48,0.14,0.05,0,0.02,13.5,13.73,13.38,13.52,13.74,13.39,13.67,13.86,13.5,13.79,13.98,13.62,13.74,13.98,13.59,13.75,13.95,13.61,13.78,13.96,13.62,13.88,14.08,13.74,6493,866
2025-01-28 16:00:00,1.67,3.74,3.6,0.49,0.16,0.07,0.01,0.05,13.88,14.09,13.74,13.89,14.1,13.74,14.05,14.21,13.86,14.21,14.44,14.03,14.19,14.44,13.98,14.17,14.39,13.97,14.12,14.33,13.97,14.23,14.35,14.1,6493,1977
2025-01-28 15:00:00,1.68,3.75,3.62,0.5,0.17,0.07,0.01,0.03,13.91,14.2,13.51,13.87,14.13,13.51,13.97,14.22,13.62,14.23,14.49,13.86,14.3,14.58,13.87,14.24,14.51,13.85,14.13,14.4,13.74,14.19,14.45,13.74,6493,2170
2025-01-28 14:00:00,1.68,3.71,3.59,0.47,0.12,0.05,0,0.02,13.19,13.5,12.8,13.15,13.49,12.77,13.23,13.54,12.8,13.51,13.82,13.15,13.58,13.87,13.19,13.55,13.85,13.15,13.45,13.74,13.03,13.37,13.74,12.92,6488,2123
2025-01-28 13:00:00,1.69,3.68,3.59,0.46,0.13,0.06,0,0.03,12.1,12.69,11.38,12.01,12.67,11.3,12.02,12.68,11.27,12.36,13.03,11.61,12.44,13.11,11.63,12.4,13.05,11.65,12.27,12.95,11.49,12.18,12.8,11.49,6486,2127
2025-01-28 12:00:00,1.58,3.63,3.5,0.41,0.08,0,0,0,10.52,11.26,9.72,10.46,11.14,9.7,10.48,11.14,9.71,10.74,11.49,9.96,10.76,11.49,9.91,10.75,11.48,9.95,10.67,11.37,9.85,10.6,11.26,9.84,6481,2162
2025-01-28 11:00:00,1.58,3.69,3.52,0.41,0.1,0,0,0,9.23,9.6,9.1,9.21,9.52,9.1,9.29,9.58,9.18,9.45,9.82,9.34,9.31,9.72,9.14,9.35,9.78,9.18,9.36,9.72,9.24,9.41,9.72,9.27,6481,4093
2025-01-28 10:00:00,1.6,3.7,3.54,0.43,0.09,0,0,0.01,9.19,9.26,9.13,9.17,9.25,9.13,9.26,9.34,9.16,9.38,9.47,9.31,9.26,9.35,9.14,9.31,9.35,9.24,9.32,9.37,9.24,9.39,9.47,9.29,6481,630
2025-01-28 09:00:00,1.6,3.66,3.54,0.42,0.1,0,0,0.02,8.97,9.12,8.89,8.96,9.1,8.89,9.05,9.14,9.01,9.17,9.28,9.13,9.03,9.14,8.97,9.07,9.22,9,9.1,9.24,9.01,9.18,9.26,9.13,6481,1181
2025-01-28 08:00:00,1.63,3.67,3.52,0.4,0.12,0,0,0.02,8.89,8.89,8.89,8.89,8.89,8.87,8.99,9.01,8.92,9.08,9.13,9.01,8.91,8.93,8.89,9,9,8.97,9.01,9.01,9.01,9.1,9.13,9.01,6481,0
2025-01-28 07:00:00,1.59,3.65,3.56,0.41,0.12,0.01,0,0.02,8.69,8.85,8.54,8.67,8.81,8.54,8.75,8.89,8.55,8.88,9.01,8.74,8.75,8.89,8.56,8.8,8.96,8.64,8.81,8.96,8.64,8.88,9.01,8.72,6481,0
2025-01-28 06:00:00,1.62,3.63,3.56,0.4,0.1,0.01,0,0.01,8.29,8.54,8.07,8.27,8.49,8.07,8.34,8.54,8.17,8.45,8.66,8.2,8.32,8.55,8.07,8.38,8.64,8.16,8.39,8.64,8.17,8.46,8.67,8.27,6481,0
2025-01-28 05:00:00,1.61,3.65,3.56,0.39,0.09,0,0,0,7.88,8.07,7.8,7.89,8.07,7.82,7.98,8.07,7.92,8,8.18,7.91,7.79,8.04,7.64,7.86,8.07,7.72,7.92,8.14,7.83,8.03,8.18,7.95,6481,0
2025-01-28 04:00:00,1.61,3.6,3.54,0.39,0.09,0,0,0.01,8.06,8.38,7.83,8.08,8.42,7.83,8.22,8.54,7.96,8.15,8.42,7.95,7.9,8.18,7.7,7.99,8.29,7.77,8.08,8.39,7.83,8.25,8.56,7.97,6484,0
2025-01-28 03:00:00,1.56,3.6,3.5,0.41,0.11,0,0,0.01,8.88,9.37,8.42,8.9,9.37,8.46,9.06,9.52,8.6,8.98,9.47,8.54,8.73,9.25,8.27,8.81,9.35,8.35,8.93,9.47,8.42,9.12,9.6,8.66,6484,0
2025-01-28 02:00:00,1.57,3.56,3.46,0.38,0.09,0,0,0,9.88,10.22,9.46,9.91,10.31,9.49,10.03,10.42,9.6,10.08,10.43,9.6,9.86,10.2,9.37,9.91,10.3,9.46,9.98,10.32,9.54,10.16,10.51,9.72,6488,0
2025-01-28 01:00:00,1.57,3.57,3.48,0.4,0.1,0,0,0.01,10.69,11.14,10.31,10.73,11.15,10.32,10.85,11.26,10.43,10.88,11.29,10.5,10.68,11.15,10.28,10.73,11.15,10.3,10.81,11.26,10.43,10.95,11.38,10.55,6488,0
2025-01-28 00:00:00,1.63,3.59,3.54,0.46,0.13,0.04,0,0.06,11.55,11.86,11.19,11.56,11.87,11.25,11.67,11.97,11.35,11.71,12.02,11.38,11.55,11.86,11.19,11.6,11.96,11.25,11.67,11.98,11.36,11.79,12.13,11.46,6470,0
2025-01-27 23:00:00,1.71,3.63,3.57,0.46,0.16,0.08,0,0.06,12.3,12.68,11.97,12.31,12.68,11.97,12.41,12.76,12.09,12.45,12.8,12.08,12.34,12.68,11.97,12.38,12.78,12,12.45,12.8,12.08,12.55,12.92,12.21,6493,0
2025-01-27 22:00:00,1.68,3.64,3.58,0.48,0.12,0.08,0,0.06,12.97,13.39,12.68,12.98,13.39,12.69,13.08,13.5,12.8,13.13,13.5,12.87,13,13.39,12.8,13.04,13.43,12.78,13.11,13.5,12.89,13.24,13.63,12.97,6495,0
2025-01-27 21:00:00,1.69,3.7,3.61,0.5,0.15,0.08,0.02,0.09,13.85,14.22,13.44,13.87,14.23,13.49,13.98,14.34,13.62,14.03,14.44,13.62,13.95,14.34,13.51,13.99,14.42,13.55,14.04,14.46,13.62,14.14,14.57,13.74,6497,0
2025-01-27 20:00:00,1.72,3.8,3.66,0.54,0.19,0.08,0.03,0.14,14.71,15.04,14.33,14.71,15.04,14.33,14.82,15.15,14.45,14.87,15.17,14.46,14.83,15.16,14.46,14.85,15.15,14.44,14.93,15.27,14.56,15.01,15.39,14.62,6497,0
2025-01-27 19:00:00,1.75,3.85,3.68,0.52,0.17,0.09,0.02,0.1,15.4,15.75,15.07,15.41,15.75,15.1,15.5,15.83,15.16,15.57,15.87,15.28,15.53,15.88,15.18,15.57,15.93,15.27,15.64,15.99,15.31,15.74,16.09,15.4,6499,0
2025-01-27 18:00:00,1.71,3.86,3.65,0.5,0.16,0.07,0.03,0.1,16.03,16.23,15.75,16.02,16.23,15.75,16.1,16.28,15.87,16.22,16.43,15.98,16.22,16.45,15.91,16.25,16.45,15.98,16.28,16.45,16,16.37,16.57,16.11,6502,0
2025-01-27 17:00:00,1.69,3.84,3.67,0.51,0.15,0.06,0.01,0.12,16.23,16.26,16.23,16.22,16.23,16.16,16.27,16.34,16.2,16.39,16.45,16.34,16.41,16.45,16.36,16.45,16.49,16.45,16.47,16.57,16.45,16.56,16.58,16.52,6502,1020
2025-01-27 16:00:00,1.71,3.87,3.66,0.51,0.16,0.06,0.03,0.1,16.24,16.58,16.11,16.24,16.58,16.11,16.32,16.62,16.12,16.4,16.7,16.2,16.4,16.73,16.23,16.46,16.79,16.31,16.51,16.82,16.34,16.61,16.92,16.45,6502,1930
2025-01-27 15:00:00,1.72,3.83,3.67,0.53,0.15,0.06,0.02,0.08,16.66,16.74,16.59,16.66,16.73,16.59,16.74,16.82,16.7,16.85,16.94,16.81,16.88,16.95,16.82,16.93,17.03,16.85,16.96,17.04,16.92,17.04,17.17,16.94,6502,1678
2025-01-27 14:00:00,1.74,3.84,3.68,0.52,0.15,0.07,0.02,0.08,16.97,17.25,16.78,16.98,17.25,16.77,17.05,17.29,16.84,17.18,17.44,16.93,17.21,17.52,16.95,17.23,17.51,17.04,17.28,17.53,17.06,17.32,17.53,17.17,6502,2032
2025-01-27 13:00:00,1.79,3.83,3.66,0.48,0.16,0.11,0,0.1,17.3,17.36,17.29,17.28,17.29,17.2,17.38,17.41,17.29,17.52,17.53,17.51,17.6,17.65,17.53,17.61,17.64,17.56,17.63,17.66,17.62,17.57,17.62,17.51,6502,1902
2025-01-27 12:00:00,1.75,3.84,3.7,0.52,0.15,0.07,0.02,0.1,16.83,17.25,16.4,16.79,17.17,16.34,16.83,17.2,16.43,17.04,17.42,16.58,17.11,17.53,16.64,17.12,17.52,16.66,17.14,17.53,16.69,17.03,17.41,16.58,6497,2714
2025-01-27 11:00:00,1.74,3.9,3.67,0.51,0.17,0.06,0.03,0.12,16.1,16.34,15.99,16.05,16.29,15.87,16.08,16.34,15.88,16.26,16.56,16.11,16.3,16.59,16.12,16.32,16.57,16.14,16.33,16.58,16.16,16.3,16.58,16.11,6497,2036
2025-01-27 10:00:00,1.79,3.93,3.73,0.52,0.17,0.09,0.03,0.13,15.46,15.96,15.15,15.4,15.87,15.06,15.43,15.86,15.16,15.6,16.04,15.28,15.64,16.11,15.29,15.65,16.1,15.27,15.68,16.15,15.36,15.65,16.11,15.37,6497,1780
2025-01-27 09:00:00,1.79,3.94,3.74,0.57,0.19,0.12,0.03,0.16,14.97,15.07,14.91,14.94,15.04,14.88,15,15.15,14.93,15.12,15.28,15.05,15.1,15.23,15.05,15.14,15.27,15.05,15.19,15.28,15.15,15.2,15.3,15.16,6497,653
2025-01-27 08:00:00,1.79,3.92,3.74,0.58,0.21,0.11,0.03,0.16,14.93,14.93,14.93,14.89,14.92,14.87,14.95,14.97,14.92,15.06,15.12,15.04,15.05,15.07,15.05,15.07,15.14,15.04,15.15,15.16,15.14,15.16,15.16,15.16,6499,0
2025-01-27 07:00:00,1.79,3.98,3.74,0.58,0.21,0.1,0.05,0.17,14.87,14.93,14.83,14.83,14.9,14.81,14.92,14.95,14.92,15.04,15.06,15.03,15.04,15.05,15,15.04,15.08,15.03,15.09,15.16,15.04,15.12,15.16,15.07,6497,0
2025-01-27 06:00:00,1.79,3.99,3.73,0.58,0.21,0.09,0.06,0.2,14.86,14.93,14.81,14.82,14.88,14.81,14.92,14.92,14.9,15.02,15.04,14.97,15.01,15.05,14.93,15.03,15.05,15.02,15.08,15.14,15.04,15.08,15.14,15.04,6497,0
2025-01-27 05:00:00,1.8,3.98,3.74,0.56,0.19,0.08,0.06,0.24,14.81,14.81,14.81,14.81,14.81,14.81,14.91,14.92,14.89,14.96,15.02,14.93,14.94,14.97,14.93,15,15.03,14.97,15.04,15.05,15.04,15.04,15.05,15.04,6497,0
2025-01-27 04:00:00,1.8,3.98,3.73,0.57,0.2,0.07,0.07,0.23,14.81,14.84,14.81,14.81,14.81,14.81,14.91,14.92,14.89,15.01,15.04,14.97,14.99,15.03,14.95,15.03,15.03,15.02,15.04,15.06,15.04,15.05,15.07,15.04,6495,0
2025-01-27 03:00:00,1.79,3.97,3.73,0.54,0.19,0.08,0.06,0.21,14.78,14.81,14.71,14.75,14.81,14.69,14.82,14.88,14.8,14.91,14.94,14.88,14.9,14.94,14.81,14.93,15.01,14.91,14.99,15.04,14.92,14.99,15.04,14.93,6499,0
2025-01-27 02:00:00,1.78,4.02,3.72,0.55,0.19,0.1,0.05,0.2,14.72,14.76,14.69,14.69,14.7,14.69,14.81,14.81,14.8,14.89,14.92,14.86,14.86,14.93,14.81,14.89,14.91,14.85,14.93,14.96,14.92,14.94,14.96,14.93,6499,0
2025-01-27 01:00:00,1.79,3.95,3.73,0.57,0.2,0.11,0.05,0.2,14.7,14.8,14.59,14.64,14.7,14.57,14.74,14.81,14.69,14.84,14.92,14.79,14.82,14.93,14.71,14.84,14.91,14.79,14.88,14.96,14.8,14.89,14.97,14.81,6497,0
2025-01-27 00:00:00,1.77,3.86,3.73,0.56,0.18,0.11,0.03,0.17,14.5,14.59,14.45,14.48,14.57,14.41,14.57,14.68,14.5,14.64,14.74,14.57,14.63,14.7,14.58,14.64,14.75,14.57,14.7,14.8,14.63,14.73,14.81,14.69,6484,0
2025-01-26 23:00:00,1.76,3.86,3.73,0.55,0.17,0.11,0.02,0.15,14.44,14.45,14.38,14.39,14.44,14.33,14.49,14.53,14.45,14.57,14.58,14.57,14.58,14.58,14.55,14.57,14.59,14.56,14.65,14.68,14.57,14.67,14.69,14.59,6497,0
2025-01-26 22:00:00,1.82,3.85,3.71,0.55,0.21,0.09,0.03,0.15,14.3,14.37,14.22,14.27,14.33,14.19,14.35,14.45,14.22,14.45,14.56,14.33,14.43,14.53,14.34,14.45,14.56,14.32,14.5,14.57,14.39,14.51,14.57,14.43,6497,0
2025-01-26 21:00:00,1.74,3.83,3.7,0.53,0.17,0.09,0.05,0.15,14.1,14.22,13.99,14.05,14.15,13.98,14.14,14.21,14.08,14.25,14.33,14.2,14.21,14.34,14.1,14.24,14.33,14.17,14.27,14.34,14.21,14.29,14.38,14.22,6497,0
2025-01-26 20:00:00,1.72,3.82,3.69,0.48,0.16,0.13,0,0.12,13.95,13.98,13.92,13.91,13.98,13.86,14,14.07,13.98,14.1,14.18,14.09,14.06,14.1,13.99,14.09,14.16,14.08,14.12,14.21,14.09,14.17,14.22,14.11,6497,0
2025-01-26 19:00:00,1.72,3.81,3.69,0.51,0.16,0.09,0.03,0.14,14.07,14.22,13.98,14.05,14.18,13.97,14.14,14.21,14.05,14.25,14.33,14.11,14.19,14.34,14.1,14.22,14.32,14.08,14.27,14.34,14.17,14.3,14.39,14.22,6497,0
2025-01-26 18:00:00,1.75,3.8,3.7,0.53,0.17,0.08,0.02,0.14,14.22,14.22,14.22,14.19,14.22,14.1,14.22,14.24,14.21,14.35,14.41,14.33,14.35,14.39,14.34,14.36,14.44,14.32,14.43,14.45,14.37,14.43,14.45,14.34,6497,0
2025-01-26 17:00:00,1.74,3.83,3.71,0.52,0.16,0.11,0.03,0.13,13.93,14.1,13.82,13.87,14.08,13.74,13.93,14.1,13.82,14.07,14.29,13.95,14.07,14.3,13.9,14.09,14.32,13.97,14.13,14.33,13.97,14.12,14.33,13.98,6497,51
2025-01-26 16:00:00,1.75,3.82,3.7,0.52,0.15,0.08,0.01,0.11,13.62,13.81,13.4,13.55,13.74,13.37,13.6,13.76,13.39,13.73,13.92,13.53,13.72,13.93,13.51,13.77,13.96,13.57,13.78,13.97,13.59,13.75,13.98,13.51,6497,397
2025-01-26 15:00:00,1.74,3.8,3.69,0.52,0.13,0.1,0,0.09,13.03,13.39,12.56,12.95,13.29,12.44,13.01,13.39,12.56,13.15,13.5,12.68,13.13,13.51,12.68,13.15,13.52,12.67,13.16,13.55,12.67,13.1,13.51,12.65,6493,417
2025-01-26 14:00:00,1.75,3.74,3.67,0.49,0.16,0.12,0.01,0.08,12.11,12.44,11.97,12.08,12.43,11.95,12.12,12.44,11.97,12.29,12.59,12.14,12.26,12.57,12.09,12.29,12.59,12.19,12.29,12.57,12.17,12.3,12.56,12.21,6493,866
2025-01-26 13:00:00,1.7,3.71,3.64,0.49,0.16,0.1,0,0.1,11.73,11.97,11.41,11.68,11.9,11.38,11.71,11.97,11.38,11.93,12.14,11.61,11.93,12.1,11.62,11.96,12.16,11.66,11.96,12.16,11.64,11.98,12.2,11.67,6488,874
2025-01-26 12:00:00,1.62,3.66,3.59,0.46,0.1,0.01,0,0.04,11.03,11.38,10.77,10.98,11.27,10.68,11,11.3,10.7,11.21,11.52,10.9,11.18,11.52,10.86,11.21,11.6,10.89,11.21,11.6,10.9,11.24,11.62,10.91,6486,2127
2025-01-26 11:00:00,1.6,3.62,3.54,0.39,0.09,0,0,0.02,10.43,10.66,10.31,10.39,10.57,10.31,10.46,10.67,10.36,10.61,10.79,10.55,10.52,10.79,10.44,10.56,10.77,10.44,10.57,10.78,10.43,10.64,10.85,10.55,6488,2127
2025-01-26 10:00:00,1.63,3.62,3.56,0.39,0.12,0.01,0,0,10.24,10.31,10.2,10.22,10.31,10.2,10.31,10.33,10.3,10.43,10.5,10.41,10.33,10.42,10.31,10.35,10.42,10.3,10.38,10.43,10.33,10.45,10.55,10.43,6488,1177
2025-01-26 09:00:00,1.66,3.62,3.55,0.38,0.12,0.01,0,0,10.22,10.27,10.2,10.2,10.21,10.2,10.29,10.31,10.27,10.41,10.43,10.37,10.3,10.32,10.24,10.32,10.38,10.3,10.35,10.41,10.31,10.43,10.43,10.42,6488,484
2025-01-26 08:00:00,1.67,3.62,3.54,0.39,0.12,0,0,0.01,10.2,10.2,10.2,10.2,10.2,10.18,10.28,10.3,10.28,10.39,10.41,10.37,10.26,10.28,10.24,10.3,10.3,10.3,10.31,10.32,10.31,10.42,10.43,10.4,6488,0
2025-01-26 07:00:00,1.66,3.61,3.51,0.4,0.11,0,0,0.02,10.18,10.2,10.1,10.15,10.2,10.08,10.21,10.3,10.18,10.33,10.4,10.31,10.21,10.25,10.18,10.28,10.3,10.21,10.3,10.32,10.25,10.34,10.41,10.31,6488,0
2025-01-26 06:00:00,1.61,3.58,3.51,0.38,0.11,0,0,0,10.08,10.09,10.08,10.08,10.08,10.07,10.15,10.18,10.1,10.25,10.3,10.2,10.1,10.18,10.08,10.18,10.18,10.17,10.19,10.22,10.18,10.28,10.31,10.24,6488,0
2025-01-26 05:00:00,1.64,3.6,3.5,0.39,0.09,0,0,0.02,10.14,10.2,10.1,10.11,10.18,10.08,10.19,10.28,10.18,10.31,10.32,10.3,10.19,10.2,10.12,10.21,10.26,10.18,10.29,10.31,10.22,10.32,10.38,10.31,6488,0
2025-01-26 04:00:00,1.61,3.59,3.54,0.4,0.11,0.01,0,0,10.34,10.43,10.2,10.32,10.43,10.2,10.39,10.46,10.31,10.49,10.55,10.4,10.35,10.44,10.22,10.41,10.53,10.3,10.45,10.55,10.32,10.51,10.58,10.43,6488,0
2025-01-26 03:00:00,1.61,3.58,3.53,0.4,0.08,0,0,0,10.42,10.43,10.38,10.4,10.43,10.37,10.44,10.51,10.43,10.55,10.55,10.55,10.44,10.44,10.43,10.5,10.54,10.45,10.53,10.55,10.43,10.57,10.65,10.55,6488,0
2025-01-26 02:00:00,1.59,3.61,3.55,0.4,0.09,0,0,0.01,10.51,10.55,10.44,10.47,10.54,10.43,10.55,10.57,10.54,10.66,10.67,10.61,10.55,10.56,10.48,10.58,10.65,10.54,10.62,10.66,10.55,10.67,10.67,10.67,6488,0
2025-01-26 01:00:00,1.6,3.6,3.53,0.4,0.1,0,0,0,10.46,10.55,10.37,10.41,10.54,10.31,10.46,10.55,10.39,10.58,10.67,10.48,10.48,10.56,10.36,10.53,10.66,10.42,10.54,10.66,10.43,10.58,10.67,10.44,6488,0
2025-01-26 00:00:00,1.6,3.6,3.51,0.39,0.1,0.01,0,0.01,10.15,10.32,9.96,10.12,10.31,9.96,10.15,10.31,9.96,10.26,10.44,10.07,10.13,10.33,9.88,10.19,10.42,9.95,10.2,10.43,9.97,10.24,10.43,10.08,6461,0
2025-01-25 23:00:00,1.58,3.58,3.5,0.4,0.1,0.01,0,0,10.08,10.34,9.95,10.11,10.4,9.96,10.2,10.49,9.97,10.2,10.47,10.07,9.99,10.24,9.85,10.06,10.3,9.93,10.11,10.4,9.95,10.23,10.53,10.08,6488,0
2025-01-25 22:00:00,1.57,3.6,3.53,0.42,0.09,0,0,0.02,10.87,11.26,10.43,10.89,11.26,10.43,11,11.38,10.55,11.01,11.4,10.55,10.82,11.27,10.32,10.88,11.34,10.42,10.94,11.37,10.46,11.04,11.47,10.57,6488,0
2025-01-25 21:00:00,1.62,3.65,3.59,0.48,0.13,0.03,0,0.06,11.44,11.61,11.26,11.45,11.61,11.26,11.54,11.73,11.38,11.59,11.75,11.46,11.45,11.62,11.27,11.49,11.65,11.37,11.56,11.73,11.37,11.65,11.85,11.5,6493,0
2025-01-25 20:00:00,1.7,3.68,3.62,0.48,0.17,0.08,0,0.1,11.88,11.97,11.7,11.88,11.97,11.71,11.96,12.09,11.81,12.02,12.11,11.85,11.89,11.97,11.7,11.94,12.07,11.72,12,12.08,11.81,12.07,12.21,11.87,6493,0
2025-01-25 19:00:00,1.73,3.69,3.63,0.48,0.16,0.11,0,0.07,12.15,12.33,11.97,12.16,12.36,11.97,12.26,12.44,12.09,12.33,12.56,12.17,12.18,12.44,11.99,12.22,12.43,12.07,12.29,12.53,12.08,12.38,12.61,12.21,6493,0
2025-01-25 18:00:00,1.7,3.7,3.63,0.47,0.15,0.07,0,0.07,12.66,12.8,12.43,12.65,12.8,12.43,12.76,12.91,12.54,12.82,13.02,12.56,12.73,12.92,12.45,12.77,12.98,12.49,12.83,13.03,12.56,12.9,13.04,12.68,6495,0
2025-01-25 17:00:00,1.69,3.71,3.63,0.47,0.1,0.07,0,0.08,12.83,12.92,12.8,12.82,12.89,12.8,12.9,12.94,12.86,13,13.03,12.94,12.94,13.04,12.92,12.98,13.02,12.9,13.03,13.07,12.99,13.09,13.15,13.03,6495,1969
2025-01-25 16:00:00,1.67,3.71,3.62,0.48,0.13,0.07,0,0.07,12.94,13.03,12.92,12.93,13,12.89,13,13.04,12.93,13.13,13.19,13.04,13.09,13.16,13.03,13.12,13.18,13.02,13.16,13.27,13.12,13.22,13.27,13.15,6495,898
2025-01-25 15:00:00,1.67,3.72,3.63,0.48,0.14,0.08,0,0.07,13.01,13.05,12.94,12.97,13.03,12.92,13.05,13.14,12.94,13.2,13.27,13.15,13.18,13.26,13.16,13.21,13.26,13.14,13.22,13.27,13.15,13.22,13.28,13.15,6493,1859
2025-01-25 14:00:00,1.7,3.71,3.64,0.48,0.13,0.07,0,0.06,12.65,12.92,12.44,12.61,12.91,12.43,12.66,12.91,12.45,12.82,13.13,12.6,12.8,13.12,12.57,12.83,13.14,12.6,12.84,13.15,12.65,12.85,13.15,12.67,6493,1950
2025-01-25 13:00:00,1.71,3.71,3.61,0.48,0.17,0.07,0,0.08,12.36,12.44,12.32,12.33,12.4,12.32,12.44,12.45,12.43,12.57,12.59,12.56,12.51,12.57,12.45,12.54,12.57,12.52,12.57,12.64,12.55,12.6,12.67,12.56,6493,1863
2025-01-25 12:00:00,1.72,3.71,3.63,0.48,0.16,0.09,0,0.08,12.36,12.44,12.21,12.28,12.41,12.09,12.33,12.44,12.13,12.5,12.62,12.32,12.5,12.59,12.33,12.52,12.64,12.33,12.55,12.67,12.34,12.54,12.68,12.32,6486,1130
2025-01-25 11:00:00,1.7,3.7,3.64,0.49,0.16,0.1,0,0.07,11.8,12.13,11.5,11.74,12.09,11.44,11.76,12.09,11.49,11.93,12.31,11.61,11.93,12.31,11.62,11.96,12.31,11.63,11.95,12.32,11.61,11.95,12.31,11.62,6488,1993
2025-01-25 10:00:00,1.61,3.66,3.59,0.47,0.12,0.02,0,0.03,11.18,11.47,10.96,11.12,11.38,10.91,11.14,11.38,10.9,11.32,11.59,11.12,11.26,11.53,11.03,11.3,11.6,11.05,11.29,11.61,11.03,11.29,11.59,11.02,6486,1280
2025-01-25 09:00:00,1.59,3.65,3.55,0.4,0.1,0,0,0.02,10.68,10.91,10.54,10.64,10.87,10.47,10.69,10.9,10.55,10.82,11.03,10.67,10.73,10.98,10.56,10.78,11.01,10.63,10.78,11.01,10.66,10.82,11.02,10.67,6484,267
2025-01-25 08:00:00,1.59,3.57,3.54,0.4,0.1,0,0,0,10.46,10.54,10.43,10.42,10.44,10.37,10.49,10.55,10.43,10.6,10.67,10.55,10.5,10.56,10.44,10.55,10.6,10.49,10.58,10.66,10.53,10.63,10.67,10.55,6484,0
2025-01-25 07:00:00,1.59,3.6,3.53,0.39,0.12,0,0,0,10.29,10.37,10.2,10.26,10.32,10.2,10.33,10.42,10.27,10.44,10.55,10.36,10.33,10.44,10.25,10.39,10.49,10.3,10.41,10.53,10.31,10.47,10.55,10.4,6484,0
2025-01-25 06:00:00,1.59,3.55,3.5,0.38,0.1,0,0,0,10.12,10.2,10.07,10.1,10.2,10.06,10.15,10.25,10.08,10.26,10.34,10.18,10.14,10.22,10.08,10.2,10.3,10.09,10.23,10.31,10.18,10.29,10.4,10.21,6484,0
2025-01-25 05:00:00,1.57,3.53,3.5,0.38,0.1,0,0,0,10.11,10.2,10.03,10.11,10.2,10.04,10.18,10.31,10.08,10.26,10.43,10.18,10.12,10.24,10.07,10.17,10.3,10.07,10.24,10.37,10.18,10.3,10.43,10.2,6484,0
2025-01-25 04:00:00,1.57,3.57,3.52,0.39,0.11,0,0,0,10.34,10.43,10.21,10.34,10.43,10.2,10.43,10.55,10.31,10.51,10.62,10.43,10.37,10.51,10.24,10.42,10.54,10.3,10.49,10.57,10.41,10.55,10.67,10.43,6484,0
2025-01-25 03:00:00,1.57,3.55,3.51,0.39,0.1,0,0,0,10.52,10.55,10.45,10.5,10.55,10.43,10.6,10.67,10.55,10.68,10.75,10.67,10.56,10.63,10.53,10.6,10.66,10.54,10.67,10.77,10.62,10.74,10.79,10.67,6484,0
2025-01-25 02:00:00,1.56,3.58,3.51,0.39,0.09,0,0,0.04,10.61,10.65,10.56,10.56,10.61,10.55,10.67,10.67,10.67,10.78,10.78,10.77,10.67,10.67,10.67,10.71,10.74,10.69,10.77,10.78,10.77,10.8,10.83,10.79,6484,0
2025-01-25 01:00:00,1.57,3.55,3.52,0.39,0.1,0,0,0.01,10.53,10.6,10.44,10.5,10.55,10.43,10.56,10.67,10.44,10.65,10.76,10.55,10.55,10.67,10.44,10.62,10.67,10.54,10.65,10.75,10.55,10.73,10.79,10.65,6484,0
2025-01-25 00:00:00,1.57,3.57,3.5,0.38,0.11,0,0,0,10.33,10.43,10.22,10.31,10.43,10.2,10.35,10.43,10.29,10.43,10.55,10.32,10.32,10.44,10.2,10.4,10.54,10.3,10.42,10.55,10.31,10.5,10.62,10.43,6457,0
2025-01-24 23:00:00,1.58,3.56,3.5,0.38,0.11,0,0,0,10.26,10.49,10.2,10.28,10.55,10.2,10.36,10.66,10.24,10.38,10.55,10.31,10.19,10.38,10.1,10.26,10.44,10.18,10.35,10.55,10.28,10.46,10.67,10.37,6486,0
2025-01-24 22:00:00,1.55,3.58,3.52,0.42,0.1,0,0,0.01,10.92,11.38,10.55,10.97,11.44,10.55,11.08,11.56,10.67,11.04,11.5,10.67,10.8,11.27,10.44,10.88,11.37,10.54,10.97,11.48,10.58,11.12,11.62,10.71,6488,0
2025-01-24 21:00:00,1.65,3.62,3.58,0.47,0.16,0.07,0,0.05,12.07,12.72,11.5,12.11,12.8,11.5,12.23,12.91,11.64,12.22,12.91,11.61,11.98,12.68,11.38,12.03,12.7,11.48,12.15,12.8,11.6,12.36,13.03,11.73,6493,0
2025-01-24 20:00:00,1.64,3.66,3.62,0.49,0.13,0.07,0,0.05,13.38,13.89,12.84,13.44,13.98,12.92,13.56,14.1,13.03,13.56,14.09,13.03,13.34,13.87,12.8,13.37,13.88,12.8,13.49,14,12.91,13.67,14.22,13.13,6497,0
2025-01-24 19:00:00,1.67,3.76,3.66,0.53,0.19,0.07,0.02,0.1,14.72,15.3,14.04,14.74,15.3,14.1,14.9,15.5,14.21,14.87,15.51,14.21,14.68,15.4,13.96,14.71,15.39,13.97,14.8,15.51,14.09,14.93,15.54,14.29,6502,0
2025-01-24 18:00:00,1.67,3.79,3.64,0.5,0.17,0.06,0.01,0.05,15.8,16.23,15.4,15.8,16.17,15.41,15.93,16.34,15.54,15.98,16.36,15.61,15.93,16.35,15.52,15.93,16.33,15.5,16,16.41,15.62,16.06,16.45,15.64,6504,0
2025-01-24 17:00:00,1.64,3.78,3.67,0.51,0.16,0.04,0.01,0.05,16.56,16.7,16.23,16.51,16.67,16.23,16.61,16.7,16.37,16.76,16.93,16.45,16.79,16.94,16.45,16.78,16.92,16.45,16.77,16.93,16.45,16.83,16.94,16.56,6506,669
2025-01-24 16:00:00,1.64,3.77,3.67,0.51,0.15,0.05,0,0.05,16.61,16.7,16.45,16.59,16.7,16.45,16.64,16.7,16.53,16.84,16.93,16.7,16.92,17.02,16.75,16.87,16.95,16.69,16.84,16.93,16.69,16.85,16.94,16.7,6506,2080
2025-01-24 15:00:00,1.66,3.76,3.68,0.53,0.15,0.04,0,0.06,16.53,16.66,16.45,16.51,16.58,16.45,16.61,16.68,16.57,16.76,16.89,16.7,16.86,16.95,16.78,16.82,16.92,16.7,16.75,16.81,16.69,16.76,16.82,16.7,6506,2170
2025-01-24 14:00:00,1.67,3.8,3.67,0.52,0.17,0.05,0.01,0.07,16.2,16.58,15.7,16.16,16.58,15.73,16.22,16.58,15.86,16.46,16.82,15.99,16.56,16.94,16.02,16.48,16.92,15.98,16.37,16.81,15.87,16.39,16.79,15.92,6504,2107
2025-01-24 13:00:00,1.71,3.86,3.69,0.51,0.18,0.07,0.01,0.09,15.39,15.74,15.16,15.4,15.75,15.14,15.49,15.83,15.16,15.7,16,15.37,15.75,16.11,15.4,15.63,15.99,15.27,15.5,15.93,15.04,15.56,15.99,15.07,6502,2036
2025-01-24 12:00:00,1.79,3.95,4.08,0.57,0.19,0.07,0.03,0.12,14.75,15.06,14.22,14.75,15.04,14.22,14.64,15.1,14.1,14.87,15.28,14.34,14.91,15.29,14.34,14.75,15.16,14.2,14.51,14.97,13.97,14.56,15.03,13.98,6497,2210
2025-01-24 11:00:00,1.85,3.93,4.22,0.55,0.15,0.07,0,0.07,13.56,14.1,13.12,13.56,14.1,13.15,13.49,13.97,13.15,13.72,14.21,13.33,13.63,14.21,13.16,13.41,14.08,12.78,13.25,13.83,12.75,13.27,13.86,12.8,6524,4420
2025-01-24 10:00:00,1.44,3.07,4.61,0.45,1.59,4.88,5.42,5.76,14.36,15.98,12.8,13.63,14.81,12.12,13.56,14.92,11.97,13.79,15.1,11.82,13.59,15.28,11.03,12.4,13.26,10.77,12.16,12.8,10.69,12.28,13.03,10.79,6575,4428
2025-01-24 09:00:00,33.8,33.34,31.19,22.51,22.24,22.84,22.03,23.04,11.19,12.21,11.02,11.29,11.85,11.14,11.34,11.73,11.26,11.29,11.51,11.26,10.92,10.96,10.91,10.77,10.78,10.77,10.67,10.69,10.66,10.77,10.79,10.76,6604,6898
2025-01-24 08:00:00,47.67,46.94,40.25,25.56,22.45,22.86,22.04,23.04,11.02,11.02,11.02,11.25,11.26,11.25,11.33,11.38,11.29,11.26,11.29,11.26,10.91,10.92,10.91,10.77,10.77,10.77,10.66,10.66,10.66,10.73,10.78,10.7,6502,6740
2025-01-24 07:00:00,47.76,47.02,40.16,25.55,22.45,22.86,22.03,23.03,11.02,11.02,11.02,11.26,11.3,11.26,11.38,11.38,11.38,11.27,11.3,11.26,10.91,10.91,10.91,10.76,10.77,10.74,10.66,10.66,10.65,10.68,10.69,10.67,6497,0
2025-01-24 06:00:00,47.9,47.12,40.1,25.53,22.44,22.89,22.04,23.01,11.02,11.03,11.02,11.32,11.38,11.27,11.38,11.39,11.38,11.29,11.31,11.26,10.91,10.91,10.9,10.69,10.71,10.66,10.62,10.66,10.58,10.67,10.68,10.67,6497,0
2025-01-24 05:00:00,48.02,47.21,40.03,25.51,22.46,22.88,22.03,23,11.04,11.09,11.02,11.38,11.39,11.38,11.4,11.45,11.38,11.28,11.32,11.26,10.89,10.91,10.87,10.66,10.66,10.66,10.56,10.59,10.55,10.67,10.67,10.66,6504,0
2025-01-24 04:00:00,48.11,47.17,39.95,25.48,22.45,22.86,22.01,23.01,11.13,11.16,11.09,11.46,11.5,11.39,11.46,11.48,11.42,11.27,11.29,11.26,10.83,10.89,10.8,10.66,10.66,10.65,10.55,10.55,10.55,10.66,10.67,10.64,6506,0
2025-01-24 03:00:00,48.24,47.26,39.87,25.45,22.43,22.89,21.99,23.02,11.22,11.26,11.15,11.51,11.54,11.5,11.49,11.49,11.49,11.26,11.28,11.26,10.79,10.81,10.79,10.62,10.65,10.57,10.55,10.55,10.53,10.62,10.65,10.58,6519,0
2025-01-24 02:00:00,48.43,47.32,39.79,25.44,22.41,22.88,21.99,23.01,11.32,11.36,11.27,11.6,11.61,11.56,11.49,11.52,11.49,11.26,11.26,11.26,10.79,10.79,10.78,10.54,10.57,10.54,10.52,10.55,10.48,10.57,10.6,10.55,6528,0
2025-01-24 01:00:00,48.57,47.45,39.67,25.41,22.43,22.87,22.02,23,11.37,11.38,11.33,11.7,11.74,11.62,11.51,11.53,11.5,11.25,11.26,11.23,10.72,10.78,10.67,10.54,10.54,10.54,10.45,10.49,10.43,10.55,10.56,10.55,6550,0
2025-01-24 00:00:00,48.73,47.52,39.56,25.41,22.42,22.85,22.01,22.99,11.44,11.56,11.38,11.82,11.87,11.74,11.52,11.56,11.49,11.18,11.23,11.14,10.67,10.68,10.67,10.52,10.54,10.5,10.43,10.43,10.43,10.55,10.55,10.55,6537,0
2025-01-23 23:00:00,48.91,47.55,39.41,25.39,22.41,22.88,22,22.98,11.77,11.97,11.59,11.95,11.97,11.88,11.49,11.51,11.49,11.11,11.15,11.04,10.64,10.67,10.59,10.44,10.47,10.42,10.43,10.43,10.43,10.55,10.55,10.54,6573,0
2025-01-23 22:00:00,49.14,47.7,39.25,25.35,22.39,22.87,22,22.97,12.18,12.39,11.97,12.02,12.07,11.97,11.45,11.49,11.4,11.02,11.04,11.02,10.56,10.59,10.56,10.42,10.43,10.42,10.42,10.43,10.42,10.53,10.55,10.5,6582,0
2025-01-23 21:00:00,49.29,47.81,39.05,25.32,22.38,22.86,22.02,22.99,12.61,12.8,12.44,12.08,12.09,12.07,11.37,11.38,11.35,10.95,11.02,10.9,10.55,10.56,10.53,10.42,10.42,10.41,10.39,10.43,10.37,10.49,10.52,10.45,6595,0
2025-01-23 20:00:00,49.47,47.88,38.91,25.32,22.39,22.88,22.03,23.01,12.97,13.15,12.8,12.07,12.09,12.02,11.27,11.37,11.26,10.88,10.9,10.84,10.47,10.52,10.44,10.39,10.42,10.35,10.34,10.39,10.32,10.45,10.48,10.43,6624,0
2025-01-23 19:00:00,49.81,47.95,38.67,25.29,22.38,22.88,22.02,23.01,13.35,13.51,13.16,11.98,12.04,11.97,11.15,11.24,11.12,10.79,10.82,10.78,10.44,10.44,10.44,10.33,10.37,10.31,10.31,10.33,10.31,10.43,10.44,10.43,6648,0
2025-01-23 18:00:00,50.19,48,38.37,25.27,22.37,22.88,22.01,23,13.63,13.74,13.51,11.84,11.97,11.73,11.03,11.12,10.99,10.73,10.78,10.68,10.44,10.44,10.43,10.3,10.32,10.3,10.31,10.32,10.31,10.43,10.43,10.43,6706,1965
2025-01-23 17:00:00,50.62,48.03,38.14,25.23,22.38,22.86,21.99,22.99,13.74,13.75,13.74,11.62,11.73,11.5,10.91,10.98,10.9,10.67,10.69,10.67,10.42,10.44,10.39,10.3,10.3,10.29,10.31,10.31,10.3,10.43,10.43,10.4,6822,8481
2025-01-23 16:00:00,51.04,47.91,37.89,25.2,22.46,22.86,21.99,23.01,13.51,13.73,13.27,11.38,11.5,11.26,10.83,10.9,10.79,10.66,10.67,10.65,10.36,10.4,10.34,10.3,10.3,10.3,10.28,10.3,10.24,10.4,10.43,10.38,6838,10065
2025-01-23 15:00:00,51.6,47.34,37.66,25.2,22.45,22.83,22.04,23,12.87,13.2,12.55,11.18,11.26,11.13,10.79,10.79,10.77,10.64,10.67,10.63,10.33,10.34,10.32,10.28,10.3,10.24,10.22,10.25,10.21,10.33,10.38,10.31,6847,10707
2025-01-23 14:00:00,50.69,46.4,37.5,25.21,22.43,22.86,22.06,22.99,12.33,12.51,12.12,11.03,11.11,10.96,10.73,10.77,10.68,10.63,10.65,10.61,10.32,10.33,10.32,10.22,10.29,10.18,10.19,10.2,10.18,10.31,10.32,10.31,6844,10715
2025-01-23 13:00:00,48.55,45.89,37.39,25.2,22.42,22.86,22.05,22.98,11.94,12.09,11.8,10.91,10.98,10.88,10.69,10.72,10.67,10.61,10.64,10.59,10.32,10.32,10.32,10.18,10.2,10.18,10.18,10.18,10.18,10.31,10.31,10.31,6840,10743
2025-01-23 12:00:00,47.23,45.76,37.33,25.19,22.39,22.85,22.05,22.97,11.56,11.74,11.38,10.8,10.87,10.79,10.68,10.73,10.67,10.61,10.63,10.59,10.32,10.32,10.31,10.18,10.18,10.18,10.18,10.18,10.14,10.31,10.31,10.31,6822,10294
2025-01-23 11:00:00,47.14,45.63,37.26,25.17,22.37,22.85,22.04,22.96,11.16,11.34,11.02,10.79,10.79,10.79,10.69,10.73,10.67,10.6,10.64,10.58,10.28,10.32,10.26,10.17,10.18,10.14,10.13,10.18,10.09,10.29,10.31,10.28,6826,9990
2025-01-23 10:00:00,46.8,45.5,37.19,25.14,22.36,22.87,22.03,22.98,10.95,11.02,10.91,10.79,10.79,10.79,10.72,10.78,10.7,10.59,10.62,10.56,10.25,10.3,10.21,10.1,10.14,10.08,10.07,10.1,10.07,10.24,10.29,10.21,6795,7110
2025-01-23 09:00:00,46.1,45.49,37.13,25.13,22.33,22.86,22.02,22.97,10.86,10.91,10.8,10.79,10.79,10.79,10.76,10.79,10.74,10.57,10.59,10.56,10.2,10.22,10.2,10.07,10.09,10.06,10.07,10.07,10.07,10.2,10.21,10.2,6624,6906
2025-01-23 08:00:00,46.06,45.47,37.07,25.12,22.32,22.85,22.01,22.97,10.84,10.87,10.81,10.82,10.87,10.79,10.77,10.79,10.76,10.55,10.58,10.55,10.2,10.2,10.2,10.06,10.06,10.05,10.06,10.07,10.04,10.2,10.2,10.2,6542,6827
2025-01-23 07:00:00,46.09,45.42,37.02,25.11,22.31,22.83,22.01,22.96,10.9,10.91,10.88,10.89,10.91,10.87,10.78,10.79,10.77,10.55,10.55,10.55,10.18,10.2,10.14,10.02,10.06,9.97,10,10.04,9.97,10.2,10.2,10.2,6522,0
2025-01-23 06:00:00,46.03,45.39,36.97,25.09,22.34,22.91,22.02,22.95,10.91,10.93,10.91,10.91,10.91,10.91,10.78,10.79,10.77,10.55,10.55,10.55,10.09,10.13,10.08,9.95,9.97,9.95,9.95,9.97,9.95,10.17,10.2,10.14,6528,0
2025-01-23 05:00:00,45.61,45.42,36.91,25.08,22.34,22.9,22,22.99,10.98,11.02,10.95,10.93,10.98,10.91,10.79,10.79,10.78,10.54,10.55,10.53,10.08,10.09,10.08,9.95,9.95,9.95,9.95,9.95,9.95,10.13,10.18,10.1,6537,0
2025-01-23 04:00:00,45.63,45.49,36.83,25.1,22.31,22.89,21.99,23,11.02,11.02,11.02,11,11.02,10.96,10.79,10.79,10.78,10.5,10.54,10.47,10.03,10.08,9.97,9.9,9.93,9.85,9.94,9.95,9.92,10.09,10.12,10.08,6542,0
2025-01-23 03:00:00,45.65,45.58,36.77,25.12,22.32,22.87,22.02,22.99,11.1,11.14,11.02,11.02,11.04,11.02,10.79,10.79,10.78,10.43,10.44,10.43,9.96,9.97,9.96,9.84,9.89,9.83,9.88,9.92,9.85,10.08,10.09,10.08,6546,0
2025-01-23 02:00:00,45.71,45.64,36.7,25.09,22.3,22.84,22.01,22.97,11.24,11.27,11.16,11.07,11.13,11.03,10.77,10.79,10.74,10.41,10.43,10.36,9.94,9.96,9.89,9.83,9.83,9.82,9.84,9.85,9.84,10.08,10.08,10.08,6550,0
2025-01-23 01:00:00,45.81,45.68,36.62,25.08,22.3,22.83,22,22.97,11.35,11.38,11.29,11.14,11.14,11.12,10.72,10.75,10.67,10.32,10.37,10.31,9.86,9.89,9.85,9.78,9.83,9.72,9.84,9.84,9.84,10.07,10.08,10.07,6550,0
2025-01-23 00:00:00,45.92,45.78,36.54,25.06,22.28,22.84,21.99,23,11.49,11.61,11.39,11.16,11.19,11.14,10.67,10.69,10.67,10.28,10.31,10.21,9.84,9.85,9.8,9.71,9.74,9.71,9.83,9.84,9.81,10.06,10.08,10.04,6550,0
2025-01-22 23:00:00,46.03,45.86,36.45,25.05,22.29,22.84,22,22.99,11.68,11.75,11.61,11.24,11.26,11.2,10.65,10.67,10.6,10.18,10.2,10.17,9.73,9.79,9.72,9.7,9.71,9.68,9.77,9.82,9.72,10.01,10.07,9.99,6577,0
2025-01-22 22:00:00,46.12,45.94,36.39,25.1,22.27,22.86,22.01,22.98,11.9,11.98,11.78,11.26,11.26,11.25,10.54,10.59,10.49,10.09,10.16,10.07,9.71,9.72,9.68,9.65,9.68,9.6,9.73,9.76,9.72,9.97,10.02,9.96,6588,0
2025-01-22 21:00:00,46.25,46,36.26,25.08,22.31,22.85,22.01,22.97,12.15,12.31,12.03,11.25,11.26,11.25,10.44,10.49,10.42,10.01,10.07,9.96,9.62,9.66,9.6,9.59,9.6,9.59,9.72,9.72,9.72,9.96,9.97,9.96,6604,0
2025-01-22 20:00:00,46.38,46.06,36.22,25.04,22.3,22.83,22,22.96,12.4,12.55,12.32,11.19,11.25,11.14,10.33,10.39,10.29,9.93,9.96,9.87,9.59,9.6,9.57,9.59,9.59,9.59,9.72,9.72,9.72,9.96,9.96,9.96,6613,0
2025-01-22 19:00:00,46.44,46.14,36.07,25.08,22.28,22.83,22,22.95,12.67,12.8,12.56,11.09,11.14,11.02,10.19,10.28,10.12,9.84,9.84,9.83,9.52,9.57,9.49,9.59,9.59,9.57,9.71,9.72,9.7,9.96,9.96,9.95,6644,0
2025-01-22 18:00:00,46.56,46.17,35.98,25.05,22.25,22.86,22.01,22.94,12.92,13.03,12.8,10.95,11.02,10.87,10.04,10.1,9.96,9.74,9.82,9.72,9.49,9.49,9.49,9.54,9.58,9.51,9.68,9.7,9.66,9.93,9.96,9.92,6693,232
2025-01-22 17:00:00,46.75,46.24,35.87,25.05,22.25,22.88,22,22.95,12.95,13.02,12.92,10.73,10.82,10.58,9.92,9.96,9.85,9.69,9.72,9.64,9.49,9.49,9.47,9.48,9.52,9.47,9.61,9.64,9.6,9.92,9.93,9.89,6838,7102
2025-01-22 16:00:00,46.91,46.28,35.79,25.08,22.26,22.9,22,22.96,12.82,12.92,12.67,10.47,10.56,10.35,9.8,9.84,9.72,9.61,9.64,9.6,9.44,9.47,9.42,9.47,9.47,9.47,9.6,9.6,9.6,9.87,9.92,9.84,6840,10585
2025-01-22 15:00:00,47.08,46.34,35.62,25.03,22.29,22.88,21.99,22.98,12.38,12.63,12.2,10.23,10.32,10.08,9.71,9.72,9.68,9.6,9.6,9.6,9.38,9.41,9.37,9.47,9.47,9.46,9.6,9.6,9.6,9.84,9.87,9.84,6838,10278
2025-01-22 14:00:00,47.12,46.38,35.53,25.01,22.28,22.86,21.98,23,11.85,12.12,11.59,10,10.08,9.91,9.62,9.68,9.6,9.6,9.6,9.6,9.37,9.39,9.37,9.45,9.47,9.43,9.58,9.6,9.58,9.84,9.85,9.84,6838,10357
2025-01-22 13:00:00,47.12,46.43,35.39,25.01,22.26,22.84,22.02,23,11.28,11.52,11.02,9.8,9.88,9.72,9.6,9.6,9.6,9.59,9.6,9.59,9.37,9.37,9.37,9.38,9.41,9.37,9.55,9.59,9.52,9.84,9.84,9.84,6838,10215
2025-01-22 12:00:00,47.19,46.45,35.23,25.01,22.25,22.82,22.02,22.99,10.64,10.91,10.31,9.69,9.72,9.63,9.6,9.6,9.6,9.59,9.6,9.58,9.35,9.37,9.32,9.35,9.37,9.35,9.5,9.53,9.47,9.84,9.84,9.83,6838,10518
2025-01-22 11:00:00,47.33,46.53,35.08,25,22.25,22.81,22.02,22.98,10.05,10.31,9.84,9.62,9.64,9.6,9.6,9.6,9.6,9.58,9.6,9.56,9.3,9.34,9.26,9.35,9.35,9.35,9.47,9.47,9.47,9.82,9.84,9.8,6826,10471
2025-01-22 10:00:00,47.37,46.58,34.94,25,22.27,22.82,22.01,22.97,9.77,9.84,9.72,9.63,9.66,9.6,9.6,9.6,9.6,9.54,9.57,9.51,9.25,9.27,9.25,9.34,9.35,9.31,9.47,9.47,9.47,9.8,9.83,9.77,6826,9309
2025-01-22 09:00:00,47.44,46.6,34.8,24.99,22.25,22.87,22,22.97,9.72,9.72,9.71,9.68,9.71,9.64,9.6,9.6,9.6,9.49,9.52,9.47,9.25,9.25,9.25,9.26,9.3,9.24,9.46,9.47,9.43,9.74,9.77,9.72,6573,6866
2025-01-22 08:00:00,47.54,46.65,34.64,25.03,22.25,22.87,22.04,22.96,9.76,9.82,9.72,9.72,9.72,9.7,9.6,9.6,9.6,9.47,9.49,9.47,9.23,9.25,9.18,9.24,9.24,9.24,9.41,9.46,9.38,9.73,9.76,9.72,6502,3206
2025-01-22 07:00:00,47.63,46.71,34.48,25.03,22.25,22.86,22.03,22.96,9.84,9.84,9.83,9.72,9.72,9.72,9.6,9.6,9.59,9.47,9.47,9.47,9.15,9.2,9.14,9.21,9.24,9.18,9.36,9.39,9.35,9.72,9.72,9.72,6506,0
2025-01-22 06:00:00,47.75,46.76,34.3,25,22.23,22.87,22.01,22.95,9.85,9.89,9.84,9.72,9.72,9.72,9.59,9.6,9.58,9.43,9.47,9.39,9.14,9.14,9.12,9.14,9.18,9.12,9.35,9.35,9.35,9.72,9.72,9.72,6522,0
2025-01-22 05:00:00,47.87,46.8,34.11,25,22.24,22.87,22,22.94,9.9,9.96,9.85,9.72,9.72,9.72,9.56,9.59,9.54,9.36,9.39,9.35,9.05,9.1,9.02,9.12,9.12,9.12,9.35,9.35,9.33,9.72,9.72,9.71,6524,0
2025-01-22 04:00:00,48.02,46.82,33.94,24.97,22.24,22.85,21.98,22.96,9.95,9.96,9.93,9.73,9.75,9.72,9.52,9.56,9.49,9.35,9.35,9.35,9.02,9.03,9.02,9.1,9.12,9.07,9.32,9.35,9.28,9.71,9.72,9.7,6542,0
2025-01-22 03:00:00,48.16,46.75,33.77,24.96,22.23,22.88,22.04,22.97,9.96,9.97,9.96,9.77,9.8,9.74,9.48,9.5,9.47,9.3,9.35,9.25,8.96,9.01,8.91,9.02,9.04,9,9.26,9.28,9.24,9.69,9.72,9.68,6546,0
2025-01-22 02:00:00,47.94,46.64,33.59,24.98,22.21,22.87,22.03,22.98,10.06,10.08,10,9.81,9.83,9.78,9.47,9.47,9.47,9.24,9.26,9.21,8.89,8.89,8.89,9,9.01,9,9.24,9.25,9.24,9.66,9.68,9.64,6550,0
2025-01-22 01:00:00,47.41,46.66,33.41,24.97,22.2,22.87,22.02,23,10.13,10.2,10.08,9.84,9.84,9.83,9.46,9.47,9.43,9.14,9.18,9.13,8.85,8.89,8.79,8.98,9,8.95,9.24,9.24,9.24,9.64,9.66,9.62,6550,0
2025-01-22 00:00:00,47.52,46.74,33.32,24.96,22.19,22.89,22.02,23.01,10.22,10.27,10.2,9.84,9.84,9.84,9.38,9.39,9.37,9.1,9.13,9.04,8.78,8.78,8.77,8.9,8.96,8.88,9.24,9.24,9.22,9.62,9.64,9.6,6550,0
2025-01-21 23:00:00,47.51,46.77,33.11,24.95,22.19,22.87,22.01,23,10.34,10.43,10.31,9.84,9.85,9.84,9.35,9.37,9.29,9.01,9.01,9,8.72,8.78,8.68,8.88,8.89,8.88,9.23,9.24,9.22,9.61,9.62,9.6,6577,0
2025-01-21 22:00:00,47.51,46.84,32.87,24.95,22.19,22.86,22.03,23,10.49,10.55,10.43,9.84,9.85,9.84,9.26,9.3,9.25,8.91,8.97,8.89,8.66,8.67,8.64,8.87,8.88,8.85,9.2,9.22,9.17,9.6,9.6,9.6,6588,0
2025-01-21 21:00:00,47.49,47.02,32.7,24.94,22.14,22.86,22.04,23,10.67,10.79,10.55,9.84,9.85,9.84,9.15,9.24,9.12,8.81,8.89,8.77,8.58,8.64,8.55,8.81,8.87,8.79,9.15,9.18,9.13,9.6,9.6,9.6,6599,0
2025-01-21 20:00:00,47.66,47.13,32.46,24.94,22.13,22.88,22.04,22.99,10.88,11.02,10.79,9.82,9.84,9.77,9.03,9.1,9,8.7,8.77,8.66,8.55,8.56,8.54,8.77,8.79,8.76,9.14,9.18,9.13,9.6,9.6,9.6,6613,0
2025-01-21 19:00:00,47.83,47.29,32.29,24.92,22.16,22.87,22.03,22.98,11.12,11.26,11.02,9.73,9.77,9.68,8.88,8.97,8.8,8.61,8.66,8.54,8.48,8.54,8.43,8.76,8.77,8.76,9.13,9.14,9.13,9.6,9.6,9.6,6640,0
2025-01-21 18:00:00,48.09,47.49,32.01,24.9,22.17,22.86,22.02,22.98,11.37,11.5,11.26,9.58,9.66,9.49,8.72,8.78,8.66,8.51,8.54,8.43,8.43,8.43,8.42,8.76,8.76,8.76,9.13,9.13,9.13,9.6,9.6,9.6,6688,161
2025-01-21 17:00:00,48.34,47.75,31.76,24.95,22.15,22.85,22.02,22.98,11.55,11.61,11.5,9.37,9.49,9.25,8.55,8.64,8.45,8.42,8.43,8.41,8.42,8.43,8.39,8.75,8.76,8.74,9.13,9.13,9.1,9.6,9.6,9.6,6778,7032
2025-01-21 16:00:00,48.62,47.93,31.5,24.93,22.14,22.86,22.01,22.98,11.52,11.6,11.38,9.11,9.25,9.01,8.38,8.43,8.3,8.33,8.41,8.3,8.37,8.39,8.33,8.73,8.76,8.71,9.13,9.13,9.12,9.6,9.6,9.6,6822,8525
2025-01-21 15:00:00,48.85,48.15,31.2,24.93,22.12,22.89,22.02,22.98,11.17,11.38,11.02,8.84,8.97,8.67,8.24,8.3,8.18,8.3,8.3,8.29,8.32,8.34,8.31,8.69,8.72,8.67,9.12,9.13,9.1,9.6,9.6,9.6,6826,9770
2025-01-21 14:00:00,49.13,48.34,30.85,24.88,22.1,22.87,22.01,22.97,10.76,10.97,10.51,8.54,8.66,8.42,8.13,8.18,8.07,8.23,8.29,8.18,8.31,8.32,8.31,8.66,8.67,8.64,9.11,9.13,9.1,9.6,9.6,9.6,6838,10388
2025-01-21 13:00:00,49.56,48.57,30.55,24.89,22.09,22.87,21.99,22.97,10.21,10.43,9.97,8.28,8.42,8.18,8.06,8.07,8.05,8.19,8.22,8.18,8.31,8.31,8.31,8.65,8.67,8.64,9.1,9.13,9.07,9.6,9.6,9.6,6838,10727
2025-01-21 12:00:00,49.96,48.86,30.18,24.88,22.07,22.87,22.01,22.97,9.53,9.96,9.13,8.08,8.18,8.02,8.02,8.06,7.96,8.18,8.18,8.18,8.31,8.31,8.31,8.64,8.64,8.64,9.08,9.1,9.06,9.6,9.6,9.6,6838,10672
2025-01-21 11:00:00,50.38,49.21,29.8,24.85,22.06,22.86,22.02,22.96,8.76,9.03,8.54,7.95,7.99,7.93,7.96,7.98,7.95,8.18,8.18,8.18,8.3,8.31,8.28,8.64,8.64,8.64,9.06,9.1,9.05,9.6,9.6,9.6,6844,11014
2025-01-21 10:00:00,50.87,49.55,29.35,24.84,22.08,22.86,22.03,22.97,8.24,8.42,8.07,7.9,7.94,7.86,7.95,7.96,7.95,8.18,8.18,8.18,8.27,8.29,8.24,8.64,8.64,8.64,9.05,9.08,9.02,9.6,9.6,9.6,6838,10349
2025-01-21 09:00:00,51.45,49.97,28.85,24.82,22.09,22.85,22.04,22.96,8.03,8.07,7.96,7.85,7.87,7.84,7.95,7.95,7.95,8.17,8.18,8.17,8.22,8.26,8.2,8.64,8.64,8.64,9.03,9.06,9.02,9.6,9.6,9.59,6791,7118
2025-01-21 08:00:00,52.25,50.49,28.28,24.84,22.08,22.85,22.04,22.96,7.97,8.01,7.95,7.83,7.84,7.83,7.95,7.95,7.94,8.16,8.18,8.14,8.19,8.21,8.18,8.64,8.64,8.64,9.02,9.03,9.01,9.6,9.6,9.6,6484,6677
2025-01-21 07:00:00,53.23,50.92,27.66,24.83,22.07,22.85,22.04,22.96,7.95,7.96,7.95,7.82,7.83,7.82,7.92,7.95,7.9,8.12,8.14,8.09,8.18,8.21,8.18,8.62,8.64,8.6,9.01,9.02,9.01,9.6,9.6,9.6,6481,0
2025-01-21 06:00:00,53.88,50.92,27.02,24.84,22.06,22.84,22.03,22.96,7.95,7.95,7.94,7.8,7.82,7.76,7.87,7.93,7.86,8.07,8.1,8.06,8.18,8.18,8.18,8.59,8.63,8.56,9.01,9.02,9.01,9.6,9.6,9.6,6481,0
2025-01-21 05:00:00,53.24,50.46,26.53,24.85,22.07,22.84,22.03,22.96,7.91,7.93,7.87,7.74,7.78,7.73,7.84,7.86,7.83,8.06,8.07,8.06,8.18,8.18,8.14,8.57,8.59,8.56,9.01,9.02,9.01,9.6,9.6,9.6,6475,0
2025-01-21 04:00:00,53.68,50.81,26.15,24.84,22.1,22.86,22.03,22.96,7.86,7.88,7.84,7.71,7.73,7.71,7.83,7.83,7.83,8.06,8.06,8.06,8.12,8.14,8.1,8.54,8.56,8.53,9.01,9.01,9.01,9.6,9.6,9.59,6484,0
2025-01-21 03:00:00,54.44,51.01,25.87,24.84,22.08,22.88,22.03,22.96,7.83,7.85,7.83,7.71,7.72,7.71,7.83,7.83,7.82,8.04,8.06,8.01,8.08,8.12,8.07,8.53,8.54,8.53,9.01,9.02,9.01,9.6,9.6,9.6,6484,0
2025-01-21 02:00:00,54.83,50.75,25.73,24.83,22.07,22.87,22.03,22.96,7.83,7.84,7.83,7.71,7.71,7.71,7.81,7.83,7.78,7.99,8.03,7.96,8.07,8.08,8.07,8.53,8.53,8.53,9.01,9.01,9.01,9.6,9.6,9.6,6497,0
2025-01-21 01:00:00,55.53,49.16,25.65,24.83,22.06,22.87,22.03,22.96,7.82,7.83,7.8,7.71,7.71,7.7,7.76,7.79,7.73,7.95,7.97,7.95,8.07,8.07,8.06,8.53,8.53,8.53,9.01,9.01,9.01,9.6,9.6,9.59,6510,0
2025-01-21 00:00:00,55.37,42.77,25.64,24.81,22.04,22.86,22.03,22.96,7.79,7.82,7.77,7.67,7.7,7.63,7.71,7.75,7.71,7.95,7.95,7.95,8.07,8.07,8.06,8.53,8.53,8.53,9.01,9.01,9.01,9.6,9.6,9.6,6506,0
2025-01-20 23:00:00,55.13,36.74,25.62,24.8,22.02,22.86,22.03,22.96,7.77,7.79,7.76,7.63,7.66,7.61,7.7,7.71,7.69,7.93,7.95,7.89,8.04,8.07,8.01,8.53,8.53,8.52,9.01,9.02,9.01,9.6,9.6,9.6,6542,0
2025-01-20 22:00:00,53.37,33.06,25.59,24.82,22.05,22.86,22.03,22.96,7.78,7.81,7.76,7.6,7.63,7.59,7.65,7.69,7.6,7.86,7.9,7.83,7.98,8.02,7.96,8.52,8.53,8.51,9.01,9.01,9.01,9.6,9.6,9.6,6566,0
2025-01-20 21:00:00,44.26,32.07,25.58,24.82,22.06,22.85,22.03,22.97,7.82,7.83,7.8,7.59,7.6,7.59,7.59,7.61,7.59,7.83,7.83,7.83,7.95,7.98,7.95,8.52,8.53,8.51,9.01,9.01,9.01,9.6,9.6,9.6,6577,0
2025-01-20 20:00:00,39.23,32.06,25.58,24.81,22.05,22.85,22.03,22.97,7.83,7.84,7.83,7.59,7.59,7.59,7.57,7.59,7.53,7.8,7.83,7.76,7.95,7.95,7.95,8.51,8.52,8.5,9.01,9.01,9.01,9.6,9.6,9.6,6595,0
2025-01-20 19:00:00,36.2,32.03,25.6,24.83,22.04,22.85,22.03,22.97,7.92,7.95,7.86,7.56,7.59,7.51,7.49,7.54,7.47,7.73,7.77,7.71,7.95,7.95,7.95,8.5,8.52,8.49,9.01,9.02,9.01,9.6,9.6,9.6,6613,0
2025-01-20 18:00:00,33.35,32.12,25.57,24.82,22.04,22.85,22.02,22.97,7.96,8.01,7.95,7.48,7.51,7.48,7.44,7.47,7.37,7.71,7.72,7.71,7.95,7.95,7.94,8.5,8.52,8.49,9.01,9.01,9.01,9.6,9.6,9.6,6648,0
2025-01-20 17:00:00,31.81,32.07,25.54,24.81,22.02,22.85,22.03,22.97,8.05,8.07,8,7.41,7.48,7.36,7.36,7.39,7.35,7.7,7.71,7.68,7.95,7.95,7.94,8.5,8.52,8.5,9.01,9.02,9.01,9.6,9.6,9.6,6706,6740
2025-01-20 16:00:00,31.49,32.04,25.51,24.83,22.01,22.85,22.02,22.98,8.06,8.07,8.05,7.29,7.36,7.24,7.29,7.36,7.24,7.65,7.71,7.62,7.94,7.95,7.93,8.5,8.53,8.49,9.01,9.01,9.01,9.6,9.6,9.6,6789,7051
2025-01-20 15:00:00,31.43,32.02,25.5,24.83,22.01,22.84,22.03,22.99,8.04,8.07,7.99,7.17,7.24,7.12,7.23,7.24,7.19,7.61,7.64,7.59,7.94,7.95,7.93,8.51,8.53,8.5,9.01,9.01,9.01,9.6,9.6,9.6,6838,7126
2025-01-20 14:00:00,31.5,32.03,25.51,24.85,22.01,22.85,22.03,22.98,7.93,7.99,7.84,7.01,7.1,6.93,7.14,7.19,7.12,7.6,7.62,7.59,7.95,7.95,7.93,8.5,8.53,8.49,9.01,9.01,9.01,9.6,9.6,9.6,6818,7575
2025-01-20 13:00:00,31.51,32.02,25.52,24.85,22.01,22.84,22.03,22.99,7.62,7.83,7.39,6.8,6.91,6.75,7.12,7.13,7.12,7.6,7.62,7.59,7.95,7.95,7.93,8.52,8.53,8.5,9.01,9.02,9.01,9.6,9.6,9.6,6820,9206
2025-01-20 12:00:00,31.55,31.98,25.5,24.83,22.02,22.85,22.03,22.99,7.14,7.36,6.94,6.67,6.75,6.65,7.12,7.12,7.12,7.61,7.63,7.59,7.94,7.95,7.94,8.52,8.53,8.5,9.01,9.02,9.01,9.6,9.6,9.6,6826,10065
2025-01-20 11:00:00,31.53,31.94,25.49,24.81,22.01,22.85,22.03,23,6.62,6.86,6.41,6.64,6.65,6.62,7.12,7.12,7.12,7.65,7.69,7.64,7.95,7.95,7.94,8.51,8.53,8.5,9.01,9.02,9.01,9.6,9.62,9.6,6822,9577
2025-01-20 10:00:00,31.48,31.94,25.47,24.79,22.02,22.85,22.03,22.99,6.3,6.41,6.17,6.59,6.63,6.56,7.13,7.13,7.12,7.68,7.71,7.66,7.95,7.95,7.94,8.51,8.53,8.47,9.01,9.02,9.01,9.6,9.62,9.6,6826,9718
2025-01-20 09:00:00,31.5,31.93,25.44,24.78,22.01,22.85,22.03,23,6.1,6.17,6.06,6.6,6.63,6.57,7.14,7.18,7.12,7.7,7.71,7.69,7.95,7.95,7.95,8.51,8.53,8.5,9.01,9.02,9.01,9.61,9.63,9.6,6644,6949
2025-01-20 08:00:00,31.47,31.92,25.43,24.78,22.01,22.85,22.03,22.99,6.04,6.06,6.02,6.63,6.65,6.62,7.2,7.24,7.17,7.71,7.71,7.7,7.95,7.95,7.94,8.5,8.53,8.5,9.01,9.02,9.01,9.62,9.63,9.6,6475,6279
2025-01-20 07:00:00,31.47,31.95,25.43,24.79,22.01,22.84,22.03,22.99,5.97,6.03,5.95,6.65,6.65,6.65,7.23,7.24,7.22,7.71,7.71,7.71,7.95,7.95,7.94,8.5,8.53,8.49,9.01,9.02,9.01,9.63,9.67,9.62,6481,0
2025-01-20 06:00:00,31.47,31.96,25.44,24.78,22,22.84,22.03,22.98,5.94,5.96,5.94,6.67,6.73,6.65,7.24,7.24,7.24,7.71,7.71,7.71,7.94,7.95,7.93,8.49,8.51,8.47,9.01,9.03,9.01,9.66,9.68,9.62,6484,0
2025-01-20 05:00:00,31.48,31.99,25.44,24.79,22.02,22.84,22.03,22.98,6,6.06,5.95,6.76,6.77,6.71,7.24,7.24,7.24,7.71,7.71,7.69,7.91,7.94,7.88,8.48,8.5,8.47,9.02,9.03,9.01,9.68,9.71,9.66,6493,0
2025-01-20 04:00:00,31.54,32.02,25.44,24.78,22.04,22.83,22.04,22.96,6.16,6.19,6.09,6.77,6.77,6.77,7.24,7.25,7.24,7.7,7.71,7.69,7.89,7.93,7.87,8.47,8.5,8.46,9.02,9.03,9.02,9.69,9.71,9.68,6506,0
2025-01-20 03:00:00,31.56,32.01,25.44,24.78,22.04,22.84,22.04,22.94,6.26,6.29,6.18,6.79,6.86,6.77,7.25,7.27,7.24,7.69,7.7,7.68,7.86,7.87,7.84,8.46,8.49,8.45,9.02,9.05,9.02,9.71,9.72,9.71,6519,0
2025-01-20 02:00:00,31.51,32,25.44,24.8,22.03,22.84,22.04,22.94,6.29,6.29,6.29,6.88,6.93,6.82,7.25,7.27,7.24,7.66,7.69,7.64,7.84,7.84,7.84,8.45,8.47,8.43,9.04,9.05,9.03,9.72,9.72,9.72,6522,0
2025-01-20 01:00:00,31.54,31.99,25.44,24.82,22.02,22.86,22.03,22.95,6.33,6.41,6.29,6.97,7,6.94,7.25,7.27,7.24,7.61,7.66,7.59,7.84,7.84,7.84,8.44,8.46,8.42,9.06,9.08,9.05,9.72,9.72,9.72,6533,0
2025-01-20 00:00:00,31.6,32.02,25.43,24.85,22.02,22.86,22.01,22.95,6.43,6.48,6.41,7,7,7,7.25,7.26,7.24,7.59,7.6,7.58,7.84,7.84,7.84,8.44,8.46,8.42,9.09,9.1,9.07,9.72,9.72,9.72,6533,0
2025-01-19 23:00:00,31.57,32.04,25.42,24.85,22.03,22.85,21.99,22.95,6.51,6.53,6.49,7.05,7.12,7,7.24,7.27,7.24,7.56,7.59,7.51,7.82,7.84,7.81,8.45,8.47,8.43,9.11,9.13,9.09,9.72,9.72,9.72,6550,0
2025-01-19 22:00:00,31.6,32.04,25.4,24.82,22.04,22.84,22,22.96,6.65,6.77,6.54,7.13,7.18,7.12,7.23,7.24,7.22,7.48,7.52,7.47,7.78,7.82,7.76,8.46,8.47,8.45,9.12,9.13,9.1,9.72,9.74,9.72,6564,0
2025-01-19 21:00:00,31.61,32.05,25.43,24.81,22.02,22.84,22.01,22.96,7.02,7.13,6.81,7.22,7.24,7.17,7.13,7.18,7.12,7.46,7.47,7.42,7.75,7.78,7.73,8.48,8.51,8.47,9.13,9.13,9.13,9.73,9.75,9.72,6593,0
2025-01-19 20:00:00,31.67,32.08,25.41,24.82,22.01,22.84,22.02,22.97,7.32,7.51,7.15,7.24,7.24,7.24,7.05,7.12,7,7.35,7.42,7.3,7.73,7.77,7.72,8.52,8.53,8.5,9.13,9.13,9.13,9.75,9.77,9.75,6613,0
2025-01-19 19:00:00,31.65,32.09,25.4,24.8,22.01,22.85,22.02,22.97,7.84,8.16,7.59,7.21,7.24,7.14,6.91,7,6.88,7.25,7.3,7.24,7.74,7.76,7.72,8.53,8.53,8.52,9.14,9.16,9.13,9.78,9.82,9.76,6660,0
2025-01-19 18:00:00,31.66,32.11,25.39,24.79,22.02,22.87,22.03,22.97,8.41,8.66,8.18,7.05,7.12,6.99,6.73,6.88,6.65,7.23,7.24,7.21,7.77,7.81,7.73,8.53,8.53,8.53,9.17,9.22,9.16,9.81,9.83,9.8,6731,342
2025-01-19 17:00:00,31.65,32.11,25.37,24.83,22.03,22.86,22.01,22.97,8.87,9.01,8.66,6.72,6.91,6.54,6.56,6.65,6.51,7.18,7.22,7.14,7.82,7.84,7.8,8.54,8.56,8.53,9.22,9.24,9.18,9.83,9.84,9.83,6820,8477
2025-01-19 16:00:00,31.71,32.07,25.37,24.82,22.01,22.84,21.99,22.97,8.89,9.01,8.66,6.31,6.51,6.12,6.41,6.49,6.39,7.18,7.22,7.15,7.84,7.84,7.84,8.6,8.62,8.55,9.24,9.24,9.24,9.84,9.84,9.83,6838,10585
2025-01-19 15:00:00,31.81,32.03,25.32,24.78,22.03,22.85,22.01,22.98,8.12,8.55,7.7,5.88,6.06,5.7,6.32,6.37,6.29,7.23,7.24,7.21,7.85,7.88,7.84,8.64,8.64,8.63,9.24,9.24,9.24,9.84,9.84,9.83,6844,10774
2025-01-19 14:00:00,31.78,32,25.28,24.8,22.01,22.85,22.01,22.98,7.13,7.59,6.53,5.53,5.7,5.35,6.31,6.34,6.29,7.27,7.34,7.24,7.93,7.95,7.89,8.64,8.64,8.64,9.24,9.24,9.24,9.84,9.84,9.84,6847,10829
2025-01-19 13:00:00,31.7,32.02,25.27,24.79,22.03,22.86,22.01,22.99,5.8,6.41,5.23,5.28,5.35,5.21,6.39,6.41,6.35,7.43,7.47,7.36,7.95,7.96,7.95,8.64,8.64,8.64,9.24,9.24,9.24,9.84,9.84,9.84,6844,10987
2025-01-19 12:00:00,31.65,31.93,25.27,24.8,22.03,22.86,22.02,22.99,4.6,5.12,4.1,5.14,5.19,5.13,6.47,6.53,6.41,7.49,7.58,7.47,7.99,8.03,7.95,8.64,8.67,8.64,9.24,9.24,9.24,9.84,9.84,9.84,6844,11247
2025-01-19 11:00:00,31.67,31.92,25.26,24.78,22.02,22.87,22.02,22.99,3.63,4.02,3.34,5.19,5.24,5.12,6.6,6.65,6.53,7.59,7.64,7.57,8.06,8.07,8.04,8.67,8.68,8.64,9.24,9.25,9.24,9.84,9.84,9.84,6844,11294
2025-01-19 10:00:00,31.6,31.96,25.27,24.7,22.04,22.87,22.02,22.99,3.17,3.33,3.09,5.31,5.37,5.24,6.76,6.88,6.65,7.69,7.71,7.64,8.07,8.07,8.07,8.7,8.71,8.68,9.24,9.26,9.24,9.84,9.85,9.84,6842,11294
2025-01-19 09:00:00,31.58,31.89,25.26,24.72,22.06,22.84,22.02,22.98,3.13,3.22,3.09,5.5,5.58,5.41,6.89,6.96,6.87,7.72,7.77,7.71,8.08,8.09,8.07,8.71,8.75,8.7,9.25,9.26,9.24,9.84,9.85,9.84,6824,11302
2025-01-19 08:00:00,31.57,31.91,25.26,24.71,22.08,22.84,22.02,22.98,3.33,3.45,3.22,5.66,5.74,5.58,7.01,7.08,6.98,7.82,7.83,7.78,8.11,8.14,8.09,8.73,8.75,8.72,9.25,9.28,9.24,9.85,9.85,9.84,6468,6752
2025-01-19 07:00:00,31.57,31.92,25.29,24.72,22.07,22.83,22.03,22.97,3.55,3.69,3.45,5.86,5.94,5.78,7.11,7.13,7.08,7.85,7.89,7.83,8.15,8.18,8.13,8.74,8.75,8.72,9.26,9.27,9.25,9.85,9.87,9.84,6461,0
2025-01-19 06:00:00,31.57,31.92,25.27,24.7,22.06,22.83,22.03,22.97,3.8,3.93,3.69,6.03,6.14,5.94,7.22,7.24,7.13,7.93,7.95,7.89,8.17,8.18,8.16,8.73,8.76,8.72,9.25,9.27,9.24,9.86,9.89,9.85,6481,0
2025-01-19 05:00:00,31.58,31.94,25.28,24.72,22.05,22.84,22.01,22.96,4.06,4.16,3.93,6.23,6.3,6.17,7.33,7.36,7.25,7.95,7.95,7.95,8.18,8.18,8.18,8.73,8.76,8.72,9.26,9.28,9.25,9.88,9.89,9.87,6493,0
2025-01-19 04:00:00,31.6,31.98,25.32,24.72,22.05,22.83,22.03,22.95,4.35,4.5,4.19,6.41,6.53,6.32,7.4,7.47,7.36,7.95,7.95,7.95,8.17,8.18,8.16,8.72,8.76,8.7,9.27,9.3,9.26,9.9,9.93,9.88,6502,0
2025-01-19 03:00:00,31.55,32,25.35,24.73,22.08,22.87,22.01,22.93,4.65,4.77,4.52,6.6,6.69,6.53,7.47,7.49,7.47,7.95,7.95,7.95,8.14,8.18,8.13,8.7,8.72,8.68,9.27,9.29,9.26,9.93,9.96,9.91,6510,0
2025-01-19 02:00:00,31.5,32.03,25.34,24.73,22.08,22.88,22,22.92,4.97,5.13,4.81,6.81,6.97,6.72,7.54,7.59,7.47,7.95,7.95,7.95,8.11,8.13,8.09,8.69,8.72,8.68,9.29,9.32,9.27,9.94,9.96,9.93,6522,0
2025-01-19 01:00:00,31.55,32.05,25.34,24.73,22.06,22.87,21.97,22.92,5.33,5.47,5.17,7.03,7.12,6.97,7.59,7.59,7.58,7.95,7.95,7.95,8.08,8.1,8.07,8.68,8.7,8.66,9.3,9.33,9.28,9.95,9.96,9.93,6528,0
2025-01-19 00:00:00,31.53,32.09,25.34,24.73,22.04,22.87,21.97,22.93,5.71,5.92,5.55,7.19,7.26,7.12,7.59,7.6,7.59,7.93,7.95,7.92,8.07,8.07,8.07,8.67,8.7,8.64,9.33,9.35,9.3,9.96,9.96,9.96,6517,0
2025-01-18 23:00:00,31.56,32.12,25.35,24.75,22.02,22.87,21.98,22.94,6.13,6.32,5.94,7.38,7.48,7.28,7.59,7.6,7.58,7.85,7.89,7.83,8.07,8.07,8.06,8.67,8.7,8.67,9.34,9.35,9.33,9.96,9.96,9.96,6550,0
2025-01-18 22:00:00,31.58,32.12,25.35,24.77,22.01,22.87,21.99,22.94,6.62,6.88,6.41,7.53,7.59,7.48,7.59,7.59,7.56,7.79,7.83,7.72,8.05,8.06,8.03,8.67,8.7,8.66,9.35,9.35,9.35,9.96,9.97,9.96,6573,0
2025-01-18 21:00:00,31.58,32.12,25.37,24.76,22.02,22.86,21.99,22.95,7.18,7.48,6.94,7.65,7.71,7.59,7.49,7.55,7.47,7.71,7.73,7.69,7.99,8.03,7.96,8.71,8.72,8.68,9.35,9.35,9.35,9.96,9.97,9.96,6591,0
2025-01-18 20:00:00,31.58,32.15,25.32,24.78,22.03,22.83,22,22.96,7.79,8.1,7.48,7.71,7.71,7.7,7.39,7.47,7.34,7.62,7.69,7.59,7.97,7.99,7.95,8.74,8.76,8.72,9.35,9.37,9.35,9.98,10,9.96,6624,0
2025-01-18 19:00:00,31.57,32.17,25.3,24.83,22.04,22.83,22.01,22.96,8.5,8.88,8.18,7.67,7.71,7.59,7.2,7.31,7.12,7.55,7.59,7.49,7.96,7.98,7.95,8.76,8.76,8.74,9.36,9.39,9.35,10,10.03,9.97,6666,0
2025-01-18 18:00:00,31.5,32.23,25.3,24.81,22.02,22.85,22.02,22.97,9.25,9.57,8.89,7.47,7.59,7.36,7.03,7.12,6.95,7.47,7.49,7.47,7.98,8,7.96,8.76,8.76,8.76,9.39,9.42,9.37,10.04,10.06,10,6737,1024
2025-01-18 17:00:00,31.52,32.22,25.29,24.81,22,22.86,22,22.98,9.64,9.7,9.6,7.13,7.32,7,6.86,6.9,6.79,7.47,7.47,7.47,8.04,8.07,8.01,8.76,8.79,8.76,9.43,9.46,9.42,10.06,10.08,10.03,6838,10628
2025-01-18 16:00:00,31.58,32.19,25.27,24.8,22.02,22.86,21.99,22.96,9.46,9.6,9.25,6.69,6.95,6.49,6.68,6.76,6.65,7.47,7.47,7.47,8.07,8.07,8.05,8.81,8.87,8.78,9.47,9.47,9.46,10.07,10.08,10.06,6847,10873
2025-01-18 15:00:00,31.61,32.13,25.24,24.8,22.04,22.84,22,22.96,8.74,9.13,8.3,6.24,6.41,6.05,6.59,6.64,6.53,7.47,7.48,7.47,8.07,8.09,8.07,8.86,8.88,8.84,9.47,9.47,9.47,10.08,10.08,10.07,6847,10924
2025-01-18 14:00:00,31.65,32.1,25.25,24.81,22.06,22.85,22,22.94,7.65,8.18,7.12,5.84,6.02,5.7,6.55,6.61,6.53,7.53,7.59,7.48,8.13,8.18,8.09,8.88,8.88,8.87,9.47,9.47,9.47,10.08,10.08,10.07,6844,10947
2025-01-18 13:00:00,31.63,32.05,25.19,24.78,22.05,22.87,22,22.95,6.35,7,5.7,5.56,5.7,5.47,6.62,6.65,6.58,7.61,7.68,7.59,8.18,8.2,8.18,8.88,8.89,8.88,9.47,9.47,9.47,10.08,10.08,10.08,6847,11003
2025-01-18 12:00:00,31.55,32.01,25.18,24.71,22.06,22.87,22,22.95,5.06,5.62,4.52,5.44,5.47,5.39,6.7,6.78,6.65,7.71,7.71,7.7,8.22,8.27,8.2,8.89,8.91,8.88,9.47,9.49,9.47,10.08,10.08,10.08,6847,11070
2025-01-18 11:00:00,31.58,31.96,25.18,24.71,22.03,22.88,22.01,22.95,4.01,4.4,3.69,5.45,5.47,5.41,6.87,6.88,6.82,7.81,7.83,7.73,8.29,8.31,8.28,8.91,8.95,8.89,9.47,9.49,9.47,10.08,10.09,10.08,6842,11144
2025-01-18 10:00:00,31.52,31.98,25.15,24.69,22.05,22.88,22,22.96,3.53,3.68,3.45,5.56,5.64,5.49,6.98,7.01,6.89,7.89,7.95,7.83,8.31,8.31,8.31,8.94,8.96,8.92,9.48,9.5,9.47,10.08,10.09,10.08,6842,11054
2025-01-18 09:00:00,31.5,31.97,25.18,24.69,22.06,22.87,22,22.96,3.49,3.58,3.45,5.73,5.81,5.68,7.09,7.12,7,7.95,7.95,7.95,8.31,8.33,8.31,8.98,9,8.95,9.49,9.51,9.47,10.08,10.1,10.08,6826,10691
2025-01-18 08:00:00,31.54,32,25.17,24.7,22.07,22.86,21.99,22.96,3.68,3.81,3.57,5.89,5.95,5.82,7.18,7.24,7.13,8,8.06,7.95,8.34,8.35,8.32,8.99,9,8.97,9.5,9.53,9.5,10.09,10.1,10.09,6459,6732
2025-01-18 07:00:00,31.55,32,25.18,24.7,22.08,22.85,22,22.97,3.9,4.01,3.81,6.05,6.16,5.95,7.3,7.36,7.24,8.06,8.07,8.05,8.38,8.39,8.37,8.99,9,8.99,9.52,9.54,9.51,10.11,10.13,10.09,6457,0
2025-01-18 06:00:00,31.55,32.02,25.2,24.7,22.1,22.85,21.99,22.97,4.12,4.23,4.03,6.22,6.29,6.17,7.38,7.46,7.36,8.07,8.12,8.06,8.42,8.43,8.39,9,9,8.99,9.53,9.55,9.52,10.13,10.14,10.1,6470,0
2025-01-18 05:00:00,31.59,32.05,25.24,24.69,22.1,22.85,22,22.97,4.36,4.48,4.27,6.38,6.46,6.29,7.47,7.49,7.47,8.15,8.17,8.12,8.42,8.43,8.41,9,9,8.99,9.55,9.56,9.53,10.15,10.17,10.14,6484,0
2025-01-18 04:00:00,31.54,32.06,25.22,24.67,22.11,22.85,22,22.94,4.61,4.75,4.51,6.56,6.65,6.49,7.57,7.59,7.5,8.18,8.18,8.17,8.43,8.43,8.42,8.99,9,8.99,9.55,9.58,9.52,10.17,10.18,10.14,6488,0
2025-01-18 03:00:00,31.53,32.11,25.23,24.68,22.11,22.84,21.99,22.94,4.87,4.98,4.76,6.73,6.77,6.65,7.62,7.66,7.59,8.18,8.18,8.18,8.43,8.43,8.42,9,9,8.99,9.57,9.6,9.56,10.19,10.2,10.17,6515,0
2025-01-18 02:00:00,31.54,32.12,25.24,24.7,22.09,22.85,21.97,22.95,5.17,5.35,5.01,6.93,7,6.8,7.7,7.72,7.69,8.18,8.18,8.18,8.42,8.43,8.41,8.99,9,8.99,9.58,9.6,9.56,10.2,10.2,10.18,6524,0
2025-01-18 01:00:00,31.57,32.14,25.2,24.7,22.08,22.85,21.95,22.95,5.47,5.58,5.35,7.08,7.15,7,7.74,7.79,7.71,8.18,8.18,8.18,8.39,8.42,8.38,8.99,9,8.97,9.59,9.6,9.58,10.2,10.2,10.18,6533,0
2025-01-18 00:00:00,31.56,32.16,25.2,24.7,22.08,22.84,21.96,22.94,5.77,5.94,5.59,7.27,7.36,7.21,7.81,7.83,7.8,8.17,8.18,8.14,8.35,8.39,8.32,8.99,9,8.97,9.59,9.6,9.58,10.2,10.2,10.2,6522,0
2025-01-17 23:00:00,31.61,32.2,25.2,24.72,22.06,22.85,21.96,22.95,6.12,6.29,5.94,7.43,7.48,7.36,7.83,7.83,7.82,8.11,8.17,8.06,8.32,8.34,8.31,8.99,9,8.97,9.6,9.6,9.59,10.2,10.2,10.2,6550,0
2025-01-17 22:00:00,31.64,32.18,25.2,24.74,22.05,22.85,21.97,22.95,6.52,6.74,6.31,7.56,7.62,7.48,7.81,7.83,7.79,8.06,8.07,8.06,8.31,8.32,8.31,8.99,9,8.99,9.6,9.6,9.6,10.2,10.2,10.2,6568,0
2025-01-17 21:00:00,31.67,32.18,25.22,24.73,22.04,22.85,21.98,22.96,7.02,7.24,6.77,7.7,7.72,7.68,7.72,7.78,7.71,8.02,8.06,7.95,8.31,8.31,8.31,9,9,8.99,9.6,9.6,9.6,10.21,10.24,10.2,6588,0
2025-01-17 20:00:00,31.67,32.19,25.23,24.73,22.04,22.85,21.98,22.95,7.58,7.87,7.31,7.75,7.8,7.72,7.63,7.71,7.59,7.95,7.95,7.95,8.31,8.31,8.31,9,9,9,9.61,9.64,9.6,10.23,10.26,10.21,6624,0
2025-01-17 19:00:00,31.75,32.22,25.25,24.72,22.03,22.86,21.99,22.93,8.23,8.54,7.94,7.73,7.79,7.71,7.52,7.59,7.47,7.88,7.94,7.83,8.31,8.31,8.31,9,9.01,9,9.64,9.67,9.62,10.27,10.3,10.26,6664,0
2025-01-17 18:00:00,31.67,32.25,25.22,24.76,22.04,22.87,21.99,22.93,8.83,9.04,8.6,7.62,7.71,7.52,7.38,7.47,7.35,7.83,7.84,7.83,8.31,8.31,8.31,9.01,9.02,9,9.68,9.71,9.66,10.3,10.31,10.29,6731,1843
2025-01-17 17:00:00,31.73,32.31,25.19,24.76,22.04,22.87,21.98,22.93,9.16,9.22,9.09,7.37,7.48,7.24,7.24,7.32,7.18,7.81,7.83,7.8,8.31,8.31,8.31,9.05,9.1,9.01,9.71,9.72,9.7,10.31,10.31,10.3,6838,10613
2025-01-17 16:00:00,31.79,32.25,25.2,24.77,22.06,22.84,21.97,22.95,9.1,9.22,8.97,7.06,7.23,6.9,7.13,7.21,7.11,7.81,7.82,7.8,8.33,8.38,8.31,9.1,9.12,9.07,9.72,9.72,9.72,10.31,10.31,10.31,6847,11129
2025-01-17 15:00:00,31.86,32.24,25.16,24.76,22.07,22.85,21.98,22.95,8.65,8.89,8.3,6.68,6.87,6.53,7.05,7.1,7.01,7.82,7.83,7.82,8.4,8.43,8.37,9.12,9.12,9.1,9.72,9.72,9.72,10.31,10.31,10.31,6844,11156
2025-01-17 14:00:00,31.9,32.19,25.13,24.73,22.11,22.85,21.98,22.95,7.82,8.24,7.36,6.36,6.52,6.23,7,7.02,7,7.85,7.94,7.83,8.43,8.43,8.42,9.12,9.12,9.12,9.72,9.72,9.72,10.31,10.31,10.31,6844,11168
2025-01-17 13:00:00,31.94,32.14,25.11,24.71,22.13,22.86,21.98,22.95,6.8,7.31,6.29,6.11,6.19,6.06,7.06,7.12,7.02,7.95,7.95,7.93,8.43,8.43,8.43,9.12,9.13,9.12,9.72,9.72,9.72,10.31,10.32,10.31,6847,11239
2025-01-17 12:00:00,31.98,32.09,25.11,24.7,22.14,22.86,21.99,22.96,5.71,6.18,5.24,6,6.06,5.97,7.13,7.17,7.1,8,8.06,7.95,8.48,8.53,8.43,9.13,9.14,9.12,9.72,9.75,9.72,10.32,10.34,10.31,6844,11144
2025-01-17 11:00:00,31.96,32.07,25.09,24.7,22.09,22.84,21.99,22.96,4.82,5.18,4.53,6.02,6.06,5.98,7.23,7.26,7.19,8.07,8.12,8.06,8.54,8.55,8.52,9.15,9.18,9.13,9.75,9.78,9.72,10.34,10.36,10.33,6844,11286
2025-01-17 10:00:00,31.9,32.08,25.07,24.66,22.08,22.84,21.99,22.97,4.43,4.52,4.38,6.12,6.17,6.06,7.34,7.36,7.3,8.15,8.18,8.1,8.55,8.55,8.55,9.18,9.21,9.17,9.78,9.81,9.75,10.36,10.38,10.34,6842,10940
2025-01-17 09:00:00,32.12,32.08,25.12,24.65,22.08,22.84,21.97,22.97,4.38,4.4,4.36,6.26,6.3,6.17,7.42,7.47,7.36,8.18,8.18,8.18,8.55,8.55,8.55,9.21,9.22,9.2,9.81,9.82,9.81,10.4,10.43,10.37,6822,9608
2025-01-17 08:00:00,32.16,32.12,25.12,24.67,22.09,22.86,21.97,22.95,4.53,4.64,4.41,6.4,6.46,6.31,7.5,7.56,7.47,8.21,8.25,8.18,8.55,8.56,8.55,9.22,9.24,9.21,9.81,9.84,9.79,10.42,10.43,10.39,6446,6709
2025-01-17 07:00:00,32.13,32.13,25.13,24.68,22.09,22.85,21.97,22.94,4.73,4.87,4.64,6.56,6.65,6.51,7.59,7.61,7.57,8.27,8.3,8.26,8.55,8.57,8.55,9.23,9.24,9.22,9.83,9.84,9.82,10.43,10.43,10.42,6448,0
2025-01-17 06:00:00,32.11,32.16,25.09,24.71,22.1,22.86,21.97,22.94,4.95,5.07,4.87,6.7,6.77,6.65,7.66,7.71,7.61,8.3,8.3,8.29,8.57,8.58,8.55,9.23,9.24,9.22,9.84,9.84,9.83,10.43,10.43,10.43,6457,0
2025-01-17 05:00:00,32.12,32.17,25.1,24.72,22.1,22.86,21.98,22.94,5.21,5.34,5.12,6.89,7,6.77,7.72,7.77,7.71,8.3,8.31,8.3,8.57,8.59,8.55,9.24,9.24,9.22,9.84,9.84,9.84,10.43,10.43,10.43,6470,0
2025-01-17 04:00:00,32.16,32.19,25.09,24.73,22.09,22.86,21.98,22.96,5.47,5.58,5.35,7.04,7.12,7,7.79,7.83,7.75,8.3,8.32,8.3,8.57,8.58,8.56,9.24,9.24,9.24,9.84,9.84,9.84,10.43,10.44,10.43,6488,0
2025-01-17 03:00:00,32.18,32.2,25.1,24.72,22.09,22.86,21.99,22.97,5.76,5.93,5.6,7.19,7.24,7.12,7.83,7.83,7.82,8.3,8.32,8.3,8.56,8.58,8.55,9.24,9.24,9.22,9.84,9.84,9.84,10.44,10.47,10.43,6506,0
2025-01-17 02:00:00,32.19,32.22,25.1,24.73,22.09,22.86,21.99,22.95,6.09,6.28,5.94,7.3,7.36,7.24,7.83,7.83,7.83,8.3,8.3,8.29,8.55,8.57,8.55,9.24,9.24,9.24,9.84,9.85,9.84,10.48,10.5,10.45,6522,0
2025-01-17 01:00:00,32.21,32.27,25.1,24.71,22.09,22.86,22,22.93,6.44,6.64,6.29,7.42,7.47,7.36,7.83,7.84,7.83,8.28,8.3,8.25,8.55,8.57,8.55,9.24,9.24,9.24,9.87,9.89,9.84,10.51,10.54,10.5,6533,0
2025-01-17 00:00:00,32.26,32.31,25.1,24.7,22.08,22.87,21.99,22.94,6.83,7,6.65,7.48,7.5,7.48,7.83,7.84,7.83,8.22,8.29,8.18,8.55,8.55,8.55,9.24,9.25,9.24,9.91,9.95,9.88,10.55,10.55,10.54,6528,0
2025-01-16 23:00:00,32.3,32.23,25.1,24.7,22.07,22.86,21.96,22.95,7.05,7.12,7,7.54,7.59,7.49,7.83,7.83,7.82,8.18,8.18,8.18,8.55,8.55,8.55,9.25,9.29,9.24,9.94,9.95,9.92,10.55,10.55,10.55,6564,0
2025-01-16 22:00:00,32.34,32.25,25.08,24.69,22.07,22.84,21.97,22.96,7.21,7.3,7.12,7.59,7.61,7.59,7.79,7.83,7.75,8.18,8.18,8.14,8.55,8.55,8.55,9.28,9.33,9.26,9.95,9.95,9.95,10.55,10.56,10.55,6577,0
2025-01-16 21:00:00,32.33,32.25,25.11,24.71,22.07,22.82,21.97,22.96,7.41,7.51,7.33,7.67,7.71,7.6,7.71,7.75,7.7,8.09,8.14,8.06,8.55,8.55,8.55,9.33,9.35,9.3,9.95,9.95,9.95,10.56,10.57,10.55,6595,0
2025-01-16 20:00:00,32.39,32.3,25.09,24.71,22.07,22.8,21.98,22.96,7.72,7.94,7.56,7.71,7.71,7.7,7.62,7.69,7.59,8.06,8.06,8.05,8.55,8.55,8.55,9.35,9.35,9.35,9.96,9.99,9.95,10.58,10.6,10.55,6624,0
2025-01-16 19:00:00,32.45,32.3,25.13,24.7,22.07,22.81,21.97,22.97,8.24,8.54,7.95,7.67,7.71,7.59,7.51,7.59,7.47,8,8.06,7.95,8.55,8.56,8.55,9.35,9.35,9.35,10.02,10.06,9.97,10.63,10.65,10.6,6662,0
2025-01-16 18:00:00,32.51,32.36,25.08,24.73,22.08,22.81,21.97,22.96,8.85,9.12,8.55,7.5,7.59,7.37,7.35,7.44,7.27,7.95,7.96,7.95,8.56,8.6,8.55,9.37,9.42,9.35,10.06,10.07,10.05,10.65,10.67,10.63,6731,1418
2025-01-16 17:00:00,32.68,32.36,25.06,24.73,22.1,22.82,21.99,22.95,9.18,9.25,9.13,7.22,7.36,7.05,7.2,7.24,7.12,7.95,7.95,7.95,8.63,8.66,8.57,9.45,9.47,9.43,10.07,10.07,10.07,10.67,10.67,10.66,6826,9718
2025-01-16 16:00:00,32.86,32.35,25.06,24.73,22.12,22.85,22,22.96,9.24,9.35,9.02,6.82,7,6.63,7.1,7.12,7.07,7.95,7.98,7.95,8.66,8.67,8.66,9.47,9.47,9.47,10.07,10.09,10.07,10.67,10.67,10.67,6844,10758
2025-01-16 15:00:00,33.05,32.3,25.03,24.71,22.12,22.86,22,22.97,8.57,9.01,8.1,6.38,6.54,6.17,7.02,7.06,7,8.03,8.06,7.97,8.72,8.77,8.67,9.48,9.52,9.47,10.09,10.12,10.07,10.67,10.68,10.67,6847,10632
2025-01-16 14:00:00,33.15,32.25,25.01,24.7,22.12,22.84,22.01,22.98,7.43,8.01,6.77,6.04,6.17,5.92,7.06,7.1,7.02,8.1,8.17,8.06,8.78,8.78,8.77,9.56,9.58,9.53,10.14,10.18,10.13,10.67,10.69,10.67,6844,10640
2025-01-16 13:00:00,33.04,32.19,25.01,24.67,22.14,22.83,22.03,22.99,6.03,6.66,5.41,5.83,5.9,5.81,7.13,7.18,7.12,8.19,8.24,8.18,8.82,8.87,8.79,9.59,9.59,9.58,10.18,10.18,10.16,10.69,10.71,10.68,6844,10758
2025-01-16 12:00:00,33,32.15,24.97,24.67,22.13,22.83,22.04,23,4.75,5.33,4.28,5.81,5.82,5.8,7.25,7.34,7.19,8.3,8.37,8.27,8.89,8.89,8.88,9.59,9.59,9.59,10.18,10.18,10.18,10.73,10.75,10.7,6838,10857
2025-01-16 11:00:00,33.02,32.15,24.98,24.66,22.16,22.83,22.04,23,4.02,4.16,3.93,5.87,5.94,5.82,7.38,7.45,7.34,8.41,8.43,8.35,8.9,8.93,8.89,9.59,9.6,9.59,10.18,10.18,10.18,10.76,10.77,10.74,6826,11294
2025-01-16 10:00:00,33.02,32.13,25,24.64,22.16,22.84,22.04,23,3.89,3.93,3.85,6,6.06,5.94,7.49,7.58,7.47,8.48,8.54,8.42,8.96,9.01,8.92,9.62,9.66,9.6,10.18,10.2,10.18,10.78,10.79,10.77,6591,6909
2025-01-16 09:00:00,33.02,32.16,24.98,24.61,22.15,22.85,22.04,23,3.91,3.94,3.86,6.16,6.24,6.08,7.61,7.68,7.59,8.54,8.57,8.54,9.01,9.02,9,9.67,9.71,9.64,10.19,10.21,10.18,10.79,10.79,10.78,6530,6842
2025-01-16 08:00:00,33.02,32.16,24.97,24.64,22.16,22.83,22.04,23,4.06,4.16,3.93,6.33,6.41,6.29,7.72,7.78,7.7,8.64,8.66,8.57,9.02,9.04,9.02,9.7,9.71,9.68,10.21,10.24,10.18,10.79,10.79,10.79,6435,6693
2025-01-16 07:00:00,33.07,32.19,24.98,24.67,22.18,22.81,21.99,23.01,4.25,4.37,4.16,6.48,6.54,6.41,7.83,7.87,7.81,8.66,8.68,8.66,9.04,9.08,9.02,9.71,9.71,9.71,10.24,10.27,10.21,10.79,10.79,10.79,6433,0
2025-01-16 06:00:00,33.03,32.21,24.95,24.67,22.15,22.81,21.95,23.01,4.45,4.55,4.39,6.67,6.77,6.6,7.94,7.96,7.9,8.72,8.77,8.68,9.09,9.14,9.06,9.71,9.71,9.71,10.27,10.29,10.26,10.79,10.79,10.79,6446,0
2025-01-16 05:00:00,32.99,32.25,24.93,24.67,22.16,22.83,21.95,23.01,4.69,4.77,4.58,6.86,7,6.77,8.05,8.07,7.98,8.77,8.78,8.77,9.13,9.14,9.1,9.71,9.72,9.71,10.3,10.31,10.29,10.79,10.8,10.79,6461,0
2025-01-16 04:00:00,32.99,32.27,24.93,24.69,22.16,22.83,21.95,23.03,4.92,5.07,4.83,7.05,7.12,7,8.13,8.18,8.07,8.78,8.83,8.77,9.14,9.14,9.13,9.71,9.72,9.71,10.31,10.31,10.29,10.8,10.82,10.79,6475,0
2025-01-16 03:00:00,33,32.28,24.95,24.67,22.16,22.84,21.96,23.04,5.21,5.35,5.1,7.23,7.34,7.14,8.2,8.24,8.18,8.83,8.87,8.81,9.14,9.14,9.14,9.71,9.72,9.71,10.31,10.31,10.31,10.84,10.86,10.82,6493,0
2025-01-16 02:00:00,33.03,32.33,24.99,24.68,22.17,22.83,21.97,23.03,5.51,5.68,5.36,7.42,7.48,7.35,8.29,8.3,8.26,8.85,8.87,8.85,9.14,9.14,9.14,9.72,9.74,9.71,10.31,10.31,10.31,10.88,10.9,10.85,6504,0
2025-01-16 01:00:00,33.06,32.29,24.99,24.68,22.16,22.84,21.97,23.01,5.83,5.99,5.7,7.59,7.71,7.5,8.32,8.35,8.3,8.86,8.88,8.84,9.14,9.14,9.13,9.73,9.76,9.72,10.31,10.32,10.31,10.9,10.91,10.88,6517,0
2025-01-16 00:00:00,33.1,32.3,24.95,24.7,22.15,22.82,21.98,22.98,6.18,6.34,6.03,7.76,7.83,7.71,8.39,8.41,8.35,8.83,8.88,8.81,9.14,9.14,9.13,9.76,9.8,9.74,10.32,10.35,10.31,10.91,10.91,10.91,6506,0
2025-01-15 23:00:00,33.12,32.28,24.95,24.71,22.15,22.8,22,22.98,6.55,6.74,6.4,7.93,8,7.87,8.41,8.42,8.41,8.78,8.81,8.77,9.14,9.14,9.12,9.79,9.81,9.78,10.37,10.4,10.35,10.91,10.91,10.91,6546,0
2025-01-15 22:00:00,33.14,32.29,24.95,24.69,22.15,22.8,21.97,22.98,6.99,7.24,6.77,8.1,8.18,8.04,8.4,8.42,8.37,8.77,8.77,8.77,9.12,9.14,9.1,9.82,9.83,9.79,10.41,10.43,10.39,10.91,10.94,10.91,6550,0
2025-01-15 21:00:00,33.14,32.29,25,24.72,22.15,22.81,21.97,22.98,7.47,7.71,7.24,8.2,8.27,8.18,8.32,8.38,8.3,8.7,8.77,8.66,9.12,9.14,9.1,9.83,9.83,9.82,10.43,10.43,10.42,10.93,10.96,10.91,6582,0
2025-01-15 20:00:00,33.17,32.31,24.98,24.72,22.15,22.82,21.97,22.98,8.03,8.3,7.73,8.3,8.3,8.28,8.24,8.3,8.18,8.66,8.66,8.66,9.13,9.14,9.1,9.83,9.84,9.83,10.43,10.43,10.43,10.97,10.99,10.95,6608,0
2025-01-15 19:00:00,33.18,32.33,24.96,24.7,22.16,22.83,21.98,22.94,8.67,9.01,8.39,8.26,8.3,8.18,8.12,8.18,8.07,8.63,8.66,8.59,9.14,9.14,9.14,9.84,9.87,9.83,10.43,10.43,10.43,11,11.02,10.96,6660,0
2025-01-15 18:00:00,33.25,32.36,24.96,24.69,22.17,22.86,21.99,22.94,9.33,9.6,9.01,8.11,8.18,7.99,7.98,8.07,7.94,8.55,8.58,8.54,9.14,9.17,9.14,9.91,9.95,9.85,10.46,10.5,10.44,11.02,11.02,11.01,6731,980
2025-01-15 17:00:00,33.41,32.44,25,24.68,22.16,22.88,21.96,22.95,9.71,9.84,9.6,7.82,7.96,7.68,7.84,7.92,7.8,8.54,8.56,8.54,9.21,9.25,9.14,9.95,9.95,9.95,10.51,10.54,10.49,11.02,11.02,11.02,6822,8485
2025-01-15 16:00:00,33.63,32.52,25,24.7,22.16,22.9,21.96,22.95,9.79,9.85,9.6,7.42,7.59,7.24,7.73,7.79,7.71,8.57,8.63,8.54,9.25,9.25,9.25,9.95,9.95,9.95,10.55,10.55,10.53,11.02,11.02,11.02,6847,10829
2025-01-15 15:00:00,33.87,32.5,24.99,24.72,22.17,22.87,21.97,22.96,9.06,9.51,8.54,7,7.22,6.78,7.7,7.71,7.7,8.65,8.66,8.63,9.26,9.31,9.25,9.99,10.04,9.95,10.55,10.55,10.55,11.02,11.04,11.02,6847,10810
2025-01-15 14:00:00,34.04,32.48,24.97,24.71,22.17,22.82,21.98,22.97,7.77,8.42,7.1,6.66,6.77,6.53,7.72,7.8,7.71,8.71,8.77,8.66,9.34,9.37,9.31,10.05,10.06,10.03,10.55,10.55,10.55,11.03,11.07,11.02,6847,10691
2025-01-15 13:00:00,34.05,32.44,24.93,24.69,22.21,22.83,21.98,22.98,6.24,7,5.61,6.53,6.54,6.53,7.82,7.85,7.78,8.8,8.89,8.77,9.37,9.39,9.37,10.06,10.06,10.06,10.57,10.6,10.55,11.07,11.09,11.05,6844,10751
2025-01-15 12:00:00,33.96,32.42,24.87,24.68,22.2,22.84,21.98,22.98,5.17,5.48,4.98,6.56,6.64,6.53,7.93,7.95,7.87,8.89,8.92,8.88,9.42,9.47,9.38,10.07,10.09,10.06,10.61,10.66,10.59,11.1,11.13,11.06,6826,11070
2025-01-15 11:00:00,33.95,32.42,24.87,24.66,22.16,22.87,21.98,22.99,4.91,4.98,4.87,6.66,6.72,6.65,8.04,8.07,7.96,8.99,9.01,8.95,9.49,9.49,9.47,10.09,10.13,10.08,10.65,10.66,10.63,11.13,11.14,11.11,6822,10951
2025-01-15 10:00:00,33.92,32.46,24.84,24.66,22.17,22.85,21.97,23,4.87,4.87,4.87,6.77,6.85,6.73,8.12,8.18,8.07,9.03,9.09,9.01,9.49,9.51,9.49,10.15,10.18,10.12,10.66,10.66,10.66,11.13,11.14,11.13,6666,6980
2025-01-15 09:00:00,33.95,32.44,24.86,24.68,22.19,22.82,21.98,23,4.92,4.98,4.87,6.96,7,6.88,8.21,8.3,8.18,9.12,9.13,9.09,9.54,9.57,9.51,10.18,10.18,10.18,10.66,10.66,10.66,11.14,11.14,11.14,6495,6799
2025-01-15 08:00:00,33.95,32.46,24.9,24.68,22.2,22.84,21.98,23,5.07,5.21,4.98,7.08,7.13,7,8.31,8.37,8.29,9.14,9.17,9.13,9.59,9.6,9.58,10.18,10.18,10.18,10.66,10.66,10.66,11.14,11.14,11.14,6435,6677
2025-01-15 07:00:00,33.99,32.48,24.89,24.68,22.23,22.85,21.99,23.01,5.27,5.35,5.18,7.22,7.28,7.13,8.42,8.42,8.41,9.22,9.25,9.16,9.6,9.6,9.6,10.18,10.2,10.18,10.66,10.68,10.66,11.14,11.16,11.14,6433,0
2025-01-15 06:00:00,34.01,32.49,24.87,24.68,22.25,22.85,22,23.01,5.45,5.58,5.35,7.36,7.45,7.29,8.49,8.54,8.43,9.26,9.28,9.25,9.61,9.62,9.6,10.2,10.25,10.18,10.68,10.71,10.66,11.14,11.15,11.14,6439,0
2025-01-15 05:00:00,34.02,32.52,24.91,24.67,22.22,22.85,22.01,23.01,5.64,5.72,5.58,7.5,7.59,7.47,8.55,8.6,8.54,9.32,9.35,9.28,9.65,9.68,9.62,10.23,10.25,10.2,10.72,10.75,10.69,11.15,11.16,11.14,6453,0
2025-01-15 04:00:00,34.03,32.47,24.88,24.67,22.18,22.81,21.97,23.02,5.86,5.94,5.75,7.65,7.71,7.59,8.65,8.68,8.62,9.35,9.35,9.34,9.7,9.72,9.68,10.27,10.29,10.24,10.75,10.77,10.74,11.17,11.2,11.16,6475,0
2025-01-15 03:00:00,34.08,32.48,24.87,24.69,22.17,22.82,21.97,23.02,6.08,6.17,5.94,7.78,7.84,7.71,8.72,8.77,8.67,9.35,9.35,9.35,9.72,9.72,9.71,10.29,10.3,10.29,10.77,10.78,10.76,11.22,11.25,11.19,6488,0
2025-01-15 02:00:00,34.11,32.47,24.88,24.71,22.17,22.83,21.98,23,6.33,6.42,6.21,7.92,7.96,7.85,8.77,8.77,8.77,9.35,9.37,9.35,9.72,9.72,9.72,10.3,10.3,10.3,10.78,10.78,10.78,11.24,11.26,11.21,6506,0
2025-01-15 01:00:00,34.16,32.48,24.91,24.71,22.18,22.84,21.99,23.01,6.57,6.66,6.46,8.05,8.09,7.96,8.8,8.83,8.77,9.36,9.38,9.35,9.72,9.72,9.72,10.3,10.3,10.3,10.78,10.78,10.78,11.25,11.26,11.24,6515,0
2025-01-15 00:00:00,34.25,32.45,24.92,24.71,22.19,22.85,21.99,23.01,6.86,7,6.73,8.17,8.2,8.14,8.85,8.89,8.81,9.36,9.37,9.35,9.72,9.72,9.72,10.3,10.32,10.3,10.78,10.8,10.78,11.26,11.26,11.25,6502,0
2025-01-14 23:00:00,34.16,32.46,24.93,24.72,22.19,22.86,22,23.01,7.14,7.25,7,8.28,8.31,8.21,8.88,8.89,8.87,9.35,9.35,9.35,9.72,9.74,9.72,10.33,10.36,10.31,10.79,10.81,10.78,11.26,11.26,11.26,6542,0
2025-01-14 22:00:00,34.17,32.48,24.93,24.72,22.2,22.87,22,23.04,7.45,7.59,7.31,8.38,8.42,8.33,8.86,8.89,8.84,9.35,9.35,9.35,9.73,9.75,9.72,10.38,10.41,10.35,10.84,10.88,10.81,11.26,11.26,11.26,6550,0
2025-01-14 21:00:00,34.18,32.51,24.9,24.71,22.2,22.85,22.01,23.04,7.79,7.95,7.61,8.42,8.45,8.42,8.8,8.85,8.78,9.35,9.35,9.35,9.78,9.81,9.74,10.41,10.42,10.4,10.89,10.9,10.88,11.26,11.27,11.26,6573,0
2025-01-14 20:00:00,34.22,32.49,24.87,24.71,22.19,22.84,22.02,23.04,8.16,8.32,7.98,8.44,8.47,8.43,8.77,8.77,8.77,9.35,9.35,9.35,9.82,9.85,9.8,10.42,10.42,10.42,10.9,10.9,10.9,11.28,11.29,11.27,6613,0
2025-01-14 19:00:00,34.22,32.53,24.86,24.71,22.21,22.86,22.03,23.04,8.56,8.76,8.41,8.41,8.42,8.38,8.7,8.77,8.66,9.35,9.35,9.35,9.85,9.85,9.85,10.44,10.48,10.42,10.9,10.91,10.9,11.3,11.32,11.28,6660,0
2025-01-14 18:00:00,34.3,32.5,24.88,24.73,22.22,22.81,22.01,23.03,8.93,9.03,8.78,8.27,8.35,8.18,8.63,8.66,8.58,9.35,9.35,9.35,9.87,9.91,9.85,10.51,10.54,10.48,10.91,10.92,10.9,11.32,11.35,11.3,6717,291
2025-01-14 17:00:00,34.48,32.53,24.88,24.73,22.2,22.83,21.99,23,9.06,9.12,9.04,8.07,8.18,7.95,8.56,8.58,8.54,9.36,9.39,9.35,9.94,9.96,9.91,10.54,10.54,10.53,10.93,10.98,10.91,11.35,11.37,11.34,6818,7835
2025-01-14 16:00:00,34.71,32.6,24.88,24.76,22.24,22.85,21.99,23.01,8.91,9.04,8.67,7.81,7.95,7.71,8.54,8.55,8.54,9.45,9.47,9.42,9.96,9.99,9.96,10.54,10.55,10.54,10.98,11.02,10.97,11.37,11.38,11.36,6847,10845
2025-01-14 15:00:00,34.95,32.65,24.86,24.72,22.21,22.87,21.97,23,8.12,8.6,7.59,7.62,7.71,7.59,8.59,8.66,8.55,9.5,9.59,9.47,10.03,10.08,9.97,10.59,10.64,10.57,11.01,11.02,11,11.37,11.38,11.36,6847,10979
2025-01-14 14:00:00,35.08,32.65,24.83,24.7,22.23,22.86,21.98,23.01,7.04,7.48,6.77,7.56,7.59,7.52,8.68,8.76,8.66,9.6,9.62,9.59,10.08,10.1,10.08,10.64,10.66,10.62,11.02,11.02,11.01,11.38,11.38,11.37,6847,10837
2025-01-14 13:00:00,35.1,32.68,24.8,24.64,22.26,22.83,21.98,23.01,6.47,6.66,6.29,7.53,7.56,7.51,8.78,8.81,8.77,9.69,9.72,9.62,10.13,10.2,10.08,10.66,10.66,10.66,11.02,11.03,11.02,11.38,11.38,11.38,6844,10758
2025-01-14 12:00:00,35.12,32.7,24.86,24.65,22.26,22.85,21.99,23.01,6.13,6.29,6,7.59,7.6,7.57,8.88,8.92,8.83,9.77,9.84,9.72,10.2,10.2,10.18,10.66,10.67,10.66,11.03,11.05,11.02,11.38,11.38,11.38,6826,10695
2025-01-14 11:00:00,35.11,32.7,24.77,24.67,22.3,22.87,21.99,23.01,5.92,5.96,5.89,7.68,7.71,7.61,9,9.01,8.93,9.85,9.89,9.84,10.22,10.27,10.2,10.69,10.74,10.66,11.06,11.07,11.04,11.38,11.39,11.38,6822,9423
2025-01-14 10:00:00,35.16,32.67,24.82,24.63,22.31,22.85,22,23.01,5.85,5.89,5.83,7.81,7.88,7.72,9.1,9.13,9.03,9.94,9.96,9.89,10.29,10.32,10.26,10.75,10.77,10.71,11.08,11.11,11.07,11.38,11.39,11.38,6684,6996
2025-01-14 09:00:00,35.17,32.68,24.78,24.65,22.31,22.83,22,23.01,5.93,6,5.86,7.97,8.05,7.88,9.22,9.25,9.14,9.99,10.06,9.96,10.32,10.33,10.32,10.77,10.77,10.76,11.11,11.13,11.11,11.38,11.39,11.38,6517,6823
2025-01-14 08:00:00,35.23,32.67,24.82,24.69,22.32,22.84,22.01,23.01,6.11,6.17,6.04,8.12,8.18,8.07,9.33,9.37,9.26,10.07,10.07,10.06,10.34,10.38,10.32,10.77,10.77,10.77,11.12,11.14,11.11,11.39,11.42,11.38,6435,6677
2025-01-14 07:00:00,35.27,32.67,24.79,24.66,22.3,22.85,22.01,23.01,6.3,6.41,6.18,8.26,8.31,8.18,9.42,9.47,9.37,10.11,10.17,10.07,10.41,10.44,10.37,10.77,10.77,10.77,11.13,11.14,11.13,11.4,11.42,11.39,6439,0
2025-01-14 06:00:00,35.32,32.69,24.77,24.6,22.27,22.85,22.02,23.01,6.49,6.6,6.41,8.43,8.52,8.34,9.5,9.58,9.47,10.18,10.2,10.17,10.44,10.44,10.44,10.77,10.79,10.77,11.14,11.14,11.13,11.41,11.43,11.4,6448,0
2025-01-14 05:00:00,35.36,32.71,24.77,24.62,22.28,22.86,22.02,23.01,6.71,6.78,6.64,8.59,8.66,8.54,9.61,9.63,9.6,10.21,10.27,10.18,10.44,10.44,10.44,10.78,10.8,10.77,11.14,11.14,11.14,11.42,11.45,11.39,6453,0
2025-01-14 04:00:00,35.34,32.72,24.75,24.62,22.29,22.85,22.03,23.01,6.97,7.1,6.83,8.74,8.84,8.66,9.71,9.72,9.66,10.3,10.31,10.25,10.44,10.45,10.44,10.8,10.82,10.77,11.14,11.14,11.14,11.41,11.45,11.39,6470,0
2025-01-14 03:00:00,35.36,32.73,24.76,24.62,22.3,22.81,22.03,23.01,7.21,7.35,7.12,8.92,9.01,8.87,9.79,9.84,9.72,10.31,10.32,10.31,10.45,10.47,10.44,10.83,10.86,10.81,11.14,11.14,11.14,11.43,11.46,11.41,6488,0
2025-01-14 02:00:00,35.36,32.74,24.77,24.65,22.3,22.8,22.03,23.01,7.47,7.59,7.36,9.07,9.13,9.01,9.85,9.89,9.84,10.32,10.33,10.31,10.49,10.52,10.47,10.86,10.88,10.83,11.14,11.14,11.14,11.44,11.45,11.43,6502,0
2025-01-14 01:00:00,35.37,32.74,24.73,24.66,22.28,22.8,22.04,23.01,7.73,7.86,7.59,9.21,9.26,9.13,9.93,9.96,9.88,10.34,10.36,10.33,10.52,10.55,10.5,10.88,10.89,10.86,11.14,11.15,11.14,11.45,11.47,11.42,6506,0
2025-01-14 00:00:00,35.37,32.77,24.73,24.67,22.29,22.81,22.04,23.01,8.01,8.18,7.88,9.36,9.43,9.28,9.96,9.96,9.96,10.37,10.39,10.35,10.54,10.56,10.53,10.89,10.89,10.88,11.14,11.16,11.14,11.45,11.48,11.44,6506,0
2025-01-13 23:00:00,35.44,32.74,24.75,24.68,22.3,22.82,22.04,23.01,8.31,8.43,8.18,9.5,9.58,9.46,9.97,9.99,9.96,10.38,10.4,10.37,10.55,10.56,10.53,10.89,10.89,10.89,11.14,11.16,11.14,11.45,11.48,11.44,6542,0
2025-01-13 22:00:00,35.42,32.71,24.76,24.68,22.3,22.83,22.04,23.01,8.64,8.78,8.51,9.61,9.63,9.6,9.98,10.01,9.96,10.37,10.41,10.34,10.56,10.56,10.56,10.89,10.89,10.89,11.15,11.17,11.14,11.46,11.48,11.45,6550,0
2025-01-13 21:00:00,35.47,32.7,24.75,24.67,22.3,22.84,22.04,23.01,9,9.16,8.84,9.71,9.72,9.68,9.97,10,9.96,10.35,10.38,10.33,10.56,10.56,10.56,10.89,10.9,10.89,11.17,11.2,11.15,11.47,11.47,11.46,6588,0
2025-01-13 20:00:00,35.47,32.73,24.73,24.68,22.31,22.85,22.05,23.01,9.39,9.59,9.21,9.73,9.76,9.72,9.96,9.97,9.96,10.35,10.38,10.33,10.56,10.57,10.56,10.9,10.94,10.89,11.19,11.22,11.18,11.46,11.49,11.45,6613,0
2025-01-13 19:00:00,35.51,32.73,24.71,24.68,22.31,22.87,22.05,23.01,9.78,9.97,9.6,9.74,9.8,9.72,9.95,9.96,9.92,10.35,10.38,10.32,10.59,10.63,10.56,10.94,10.98,10.91,11.21,11.23,11.19,11.46,11.48,11.44,6648,0
2025-01-13 18:00:00,35.6,32.76,24.74,24.69,22.3,22.86,22.04,23.01,10.18,10.32,9.99,9.67,9.72,9.6,9.87,9.92,9.84,10.38,10.42,10.36,10.66,10.67,10.62,10.99,11.01,10.96,11.22,11.24,11.21,11.46,11.48,11.44,6713,200
2025-01-13 17:00:00,35.72,32.8,24.76,24.67,22.32,22.85,22.03,23.01,10.44,10.54,10.35,9.51,9.6,9.38,9.84,9.84,9.84,10.42,10.43,10.41,10.67,10.69,10.67,11,11.01,11,11.24,11.26,11.22,11.44,11.47,11.42,6813,7496
2025-01-13 16:00:00,35.93,32.87,24.77,24.68,22.32,22.86,22.02,23.01,10.45,10.55,10.2,9.29,9.38,9.18,9.84,9.84,9.84,10.44,10.47,10.43,10.7,10.75,10.67,11.01,11.01,11.01,11.24,11.26,11.23,11.43,11.47,11.41,6844,10857
2025-01-13 15:00:00,36.15,32.92,24.71,24.65,22.3,22.86,22.02,23.01,9.68,10.17,9.14,9.13,9.18,9.1,9.88,9.96,9.84,10.53,10.55,10.49,10.77,10.79,10.74,11.01,11.02,11.01,11.24,11.26,11.23,11.42,11.44,11.4,6847,10739
2025-01-13 14:00:00,36.27,32.93,24.7,24.66,22.33,22.86,22.02,23.01,8.67,9.06,8.42,9.1,9.12,9.09,9.96,9.99,9.95,10.59,10.67,10.55,10.79,10.8,10.79,11.01,11.03,11.01,11.24,11.25,11.23,11.41,11.42,11.39,6847,10790
2025-01-13 13:00:00,36.37,33,24.67,24.66,22.35,22.86,22.02,23.01,8.19,8.42,8.07,9.12,9.13,9.1,10.06,10.1,10.01,10.67,10.7,10.66,10.81,10.84,10.79,11.01,11.03,11.01,11.23,11.25,11.23,11.4,11.42,11.39,6844,10758
2025-01-13 12:00:00,36.4,32.99,24.65,24.66,22.37,22.86,22.02,23.01,7.91,8.03,7.82,9.16,9.25,9.13,10.16,10.21,10.1,10.76,10.78,10.7,10.87,10.91,10.83,11.02,11.05,11.01,11.23,11.25,11.22,11.38,11.4,11.38,6826,10735
2025-01-13 11:00:00,36.42,32.97,24.69,24.68,22.33,22.86,22.03,23.01,7.75,7.83,7.71,9.29,9.37,9.25,10.28,10.31,10.22,10.81,10.87,10.78,10.91,10.91,10.9,11.03,11.05,11.02,11.22,11.23,11.2,11.38,11.39,11.38,6820,9915
2025-01-13 10:00:00,36.44,32.99,24.66,24.7,22.32,22.86,22.04,23,7.72,7.77,7.71,9.44,9.49,9.37,10.39,10.43,10.32,10.9,10.9,10.87,10.91,10.91,10.91,11.04,11.05,11.03,11.2,11.23,11.17,11.38,11.38,11.38,6691,7000
2025-01-13 09:00:00,36.43,32.93,24.67,24.69,22.33,22.86,22.04,23,7.87,7.95,7.78,9.61,9.7,9.5,10.5,10.55,10.43,10.92,10.97,10.9,10.91,10.92,10.91,11.04,11.05,11.03,11.18,11.2,11.17,11.38,11.38,11.37,6533,6835
2025-01-13 08:00:00,36.46,32.91,24.67,24.68,22.35,22.86,22.04,22.99,8.1,8.18,7.98,9.78,9.85,9.72,10.61,10.67,10.55,11,11.02,10.95,10.92,10.94,10.91,11.02,11.03,11.02,11.16,11.17,11.14,11.37,11.38,11.36,6461,6697
2025-01-13 07:00:00,36.52,32.92,24.66,24.71,22.37,22.86,22.04,22.99,8.35,8.49,8.18,9.95,10.03,9.84,10.69,10.76,10.67,11.02,11.02,11.02,10.93,10.94,10.92,11.02,11.03,11.01,11.14,11.15,11.14,11.36,11.38,11.34,6475,0
2025-01-13 06:00:00,36.5,32.88,24.7,24.73,22.37,22.86,22.03,22.99,8.61,8.75,8.5,10.11,10.2,10.07,10.79,10.79,10.78,11.03,11.06,11.02,10.94,10.95,10.93,11.01,11.03,11.01,11.14,11.14,11.14,11.34,11.36,11.32,6488,0
2025-01-13 05:00:00,36.54,32.91,24.7,24.73,22.37,22.86,22.03,23.02,8.88,9.01,8.78,10.27,10.32,10.2,10.87,10.9,10.79,11.08,11.1,11.04,10.94,10.97,10.92,11.01,11.02,11.01,11.14,11.14,11.14,11.31,11.33,11.3,6497,0
2025-01-13 04:00:00,36.57,32.89,24.69,24.74,22.36,22.85,22.01,23.02,9.14,9.25,9.01,10.41,10.48,10.34,10.91,10.95,10.9,11.12,11.14,11.1,10.93,10.96,10.92,11.01,11.01,11.01,11.14,11.14,11.14,11.29,11.31,11.28,6513,0
2025-01-13 03:00:00,36.56,32.89,24.66,24.75,22.35,22.85,22,23.01,9.4,9.49,9.25,10.57,10.67,10.52,11.01,11.02,10.98,11.12,11.14,11.12,10.92,10.95,10.91,11.01,11.01,11,11.14,11.14,11.14,11.27,11.3,11.26,6524,0
2025-01-13 02:00:00,36.59,32.92,24.69,24.75,22.33,22.85,22,23,9.66,9.8,9.55,10.74,10.79,10.67,11.02,11.05,11.02,11.13,11.14,11.12,10.91,10.92,10.91,11,11.01,11,11.13,11.14,11.12,11.26,11.28,11.26,6533,0
2025-01-13 01:00:00,36.6,32.9,24.7,24.75,22.32,22.86,21.99,22.99,9.94,10.08,9.83,10.87,10.91,10.79,11.1,11.13,11.04,11.13,11.14,11.11,10.91,10.91,10.91,10.98,11,10.95,11.12,11.14,11.09,11.26,11.27,11.26,6542,0
2025-01-13 00:00:00,36.66,32.91,24.71,24.75,22.32,22.87,21.98,22.99,10.21,10.33,10.08,11.01,11.05,10.93,11.14,11.14,11.13,11.09,11.14,11.05,10.91,10.91,10.9,10.94,10.97,10.91,11.08,11.11,11.06,11.26,11.26,11.26,6528,0
2025-01-12 23:00:00,36.66,32.92,24.71,24.74,22.37,22.86,21.98,22.98,10.52,10.67,10.38,11.13,11.19,11.07,11.14,11.14,11.14,11.04,11.09,11.02,10.89,10.91,10.86,10.9,10.93,10.89,11.06,11.09,11.04,11.26,11.26,11.25,6550,0
2025-01-12 22:00:00,36.67,32.94,24.71,24.74,22.36,22.84,21.97,22.98,10.85,11.02,10.67,11.25,11.27,11.21,11.14,11.14,11.13,11.02,11.02,11.02,10.82,10.87,10.81,10.89,10.9,10.89,11.03,11.05,11.02,11.26,11.26,11.25,6575,0
2025-01-12 21:00:00,36.73,32.99,24.69,24.72,22.34,22.84,21.97,22.97,11.19,11.38,11.02,11.34,11.38,11.26,11.1,11.14,11.06,11,11.02,10.97,10.8,10.81,10.79,10.89,10.89,10.89,11.02,11.03,11.02,11.26,11.26,11.26,6591,0
2025-01-12 20:00:00,36.85,33,24.67,24.74,22.34,22.83,21.97,22.97,11.57,11.74,11.38,11.38,11.38,11.38,11.03,11.07,11.02,10.92,10.97,10.9,10.79,10.79,10.79,10.89,10.89,10.89,11.02,11.03,11.02,11.25,11.26,11.24,6613,0
2025-01-12 19:00:00,36.98,33,24.65,24.79,22.32,22.82,21.96,22.97,11.98,12.19,11.79,11.37,11.38,11.36,10.96,11.02,10.9,10.9,10.9,10.9,10.79,10.79,10.79,10.89,10.89,10.89,11.02,11.02,11.02,11.24,11.26,11.22,6648,0
2025-01-12 18:00:00,37.15,32.99,24.68,24.77,22.31,22.82,21.96,22.98,12.35,12.45,12.21,11.29,11.37,11.26,10.89,10.91,10.87,10.88,10.9,10.86,10.79,10.79,10.78,10.89,10.89,10.88,11.02,11.02,11,11.22,11.24,11.2,6711,0
2025-01-12 17:00:00,37.33,32.96,24.67,24.75,22.31,22.81,21.95,22.99,12.54,12.56,12.48,11.15,11.25,11.05,10.8,10.87,10.79,10.83,10.87,10.81,10.78,10.79,10.78,10.88,10.89,10.88,11,11.02,10.98,11.2,11.22,11.18,6818,8686
2025-01-12 16:00:00,37.56,32.99,24.65,24.76,22.3,22.8,21.97,22.99,12.54,12.61,12.44,10.96,11.02,10.9,10.78,10.79,10.75,10.8,10.82,10.78,10.78,10.79,10.76,10.88,10.88,10.86,10.99,11.02,10.97,11.17,11.2,11.16,6847,10617
2025-01-12 15:00:00,37.76,33.07,24.63,24.73,22.31,22.8,21.98,22.98,12.06,12.33,11.73,10.8,10.88,10.78,10.75,10.77,10.73,10.81,10.84,10.79,10.77,10.78,10.76,10.86,10.87,10.82,10.95,10.97,10.94,11.15,11.17,11.14,6847,10865
2025-01-12 14:00:00,37.73,33.04,24.61,24.72,22.3,22.84,21.98,22.98,11.37,11.65,11.16,10.7,10.78,10.67,10.74,10.76,10.72,10.82,10.84,10.8,10.76,10.78,10.74,10.83,10.86,10.8,10.93,10.96,10.92,11.14,11.16,11.14,6847,10865
2025-01-12 13:00:00,37.8,33.05,24.61,24.71,22.33,22.86,22,22.97,11,11.14,10.89,10.65,10.67,10.62,10.77,10.78,10.75,10.84,10.87,10.83,10.73,10.76,10.71,10.79,10.82,10.78,10.91,10.92,10.9,11.14,11.15,11.14,6847,10991
2025-01-12 12:00:00,37.85,33.04,24.61,24.71,22.34,22.85,22.01,22.97,10.73,10.82,10.62,10.61,10.65,10.58,10.78,10.79,10.76,10.85,10.87,10.84,10.71,10.74,10.7,10.78,10.8,10.77,10.9,10.92,10.9,11.14,11.14,11.14,6826,10057
2025-01-12 11:00:00,37.9,33.03,24.59,24.71,22.33,22.85,22.01,22.96,10.55,10.59,10.54,10.62,10.66,10.59,10.79,10.79,10.78,10.85,10.87,10.84,10.68,10.7,10.67,10.77,10.77,10.77,10.9,10.91,10.9,11.14,11.14,11.14,6822,9151
2025-01-12 10:00:00,37.92,32.99,24.6,24.7,22.32,22.84,22.01,22.96,10.45,10.52,10.43,10.66,10.67,10.65,10.79,10.79,10.79,10.85,10.87,10.84,10.67,10.69,10.67,10.77,10.77,10.77,10.9,10.9,10.9,11.14,11.14,11.14,6737,7055
2025-01-12 09:00:00,37.91,33,24.6,24.7,22.32,22.84,22.01,22.95,10.43,10.43,10.42,10.73,10.79,10.68,10.79,10.8,10.79,10.84,10.88,10.83,10.67,10.67,10.67,10.77,10.77,10.76,10.9,10.9,10.89,11.14,11.14,11.13,6537,6811
2025-01-12 08:00:00,37.91,33.02,24.6,24.7,22.31,22.84,22,22.95,10.48,10.56,10.43,10.79,10.79,10.78,10.79,10.8,10.79,10.81,10.84,10.78,10.67,10.67,10.67,10.76,10.77,10.71,10.89,10.9,10.89,11.13,11.14,11.13,6484,2221
2025-01-12 07:00:00,37.87,33.03,24.58,24.7,22.3,22.87,22,22.94,10.69,10.79,10.56,10.8,10.82,10.79,10.79,10.79,10.79,10.78,10.79,10.78,10.67,10.67,10.65,10.73,10.75,10.71,10.88,10.9,10.86,11.12,11.13,11.11,6495,0
2025-01-12 06:00:00,37.9,33,24.58,24.7,22.32,22.87,22,22.93,10.86,10.91,10.79,10.83,10.87,10.81,10.79,10.8,10.79,10.78,10.79,10.78,10.64,10.67,10.59,10.68,10.71,10.66,10.84,10.86,10.81,11.11,11.13,11.1,6506,0
2025-01-12 05:00:00,37.91,32.97,24.56,24.69,22.31,22.86,21.99,22.93,10.93,10.96,10.91,10.84,10.87,10.82,10.79,10.79,10.79,10.78,10.78,10.78,10.58,10.62,10.56,10.66,10.67,10.66,10.81,10.85,10.8,11.09,11.11,11.07,6522,0
2025-01-12 04:00:00,37.97,32.95,24.55,24.69,22.31,22.85,21.98,22.93,10.94,10.96,10.92,10.87,10.91,10.85,10.79,10.79,10.79,10.77,10.78,10.76,10.56,10.58,10.56,10.66,10.66,10.66,10.79,10.82,10.78,11.06,11.09,11.04,6528,0
2025-01-12 03:00:00,37.98,32.93,24.54,24.68,22.31,22.83,21.98,22.93,10.96,11,10.93,10.89,10.91,10.88,10.79,10.79,10.79,10.73,10.77,10.7,10.56,10.56,10.56,10.66,10.66,10.66,10.78,10.8,10.78,11.05,11.06,11.03,6539,0
2025-01-12 02:00:00,38,32.89,24.53,24.71,22.3,22.86,21.97,22.93,11.01,11.02,10.99,10.91,10.91,10.91,10.79,10.79,10.79,10.67,10.7,10.67,10.55,10.56,10.53,10.65,10.66,10.63,10.78,10.78,10.78,11.04,11.05,11.02,6548,0
2025-01-12 01:00:00,38.02,32.87,24.51,24.68,22.29,22.88,21.96,22.93,11.02,11.02,11.02,10.91,10.92,10.91,10.77,10.79,10.74,10.67,10.67,10.67,10.5,10.53,10.45,10.63,10.64,10.61,10.78,10.78,10.78,11.02,11.04,11.02,6550,0
2025-01-12 00:00:00,38.04,32.86,24.51,24.67,22.3,22.87,21.95,22.93,11.1,11.14,11.02,10.92,10.95,10.91,10.7,10.75,10.67,10.64,10.67,10.61,10.44,10.47,10.44,10.58,10.62,10.56,10.78,10.78,10.78,11.02,11.03,11.02,6546,0
2025-01-11 23:00:00,38.08,32.86,24.49,24.66,22.28,22.87,21.94,22.93,11.26,11.36,11.17,10.94,10.96,10.93,10.67,10.68,10.67,10.56,10.61,10.55,10.44,10.44,10.44,10.55,10.58,10.54,10.78,10.78,10.77,11.02,11.02,11.02,6577,0
2025-01-11 22:00:00,38.14,32.83,24.48,24.65,22.28,22.86,21.94,22.93,11.42,11.5,11.38,10.92,10.96,10.91,10.64,10.67,10.59,10.55,10.55,10.54,10.44,10.44,10.43,10.54,10.55,10.54,10.77,10.78,10.77,11.02,11.02,11.02,6588,0
2025-01-11 21:00:00,38.18,32.83,24.51,24.66,22.28,22.86,21.94,22.93,11.5,11.53,11.5,10.91,10.91,10.91,10.56,10.6,10.53,10.51,10.55,10.46,10.43,10.44,10.41,10.54,10.54,10.54,10.77,10.78,10.77,11.02,11.02,11.02,6604,0
2025-01-11 20:00:00,38.16,32.81,24.49,24.67,22.32,22.85,21.93,22.93,11.58,11.61,11.51,10.86,10.9,10.79,10.47,10.53,10.43,10.44,10.45,10.43,10.4,10.43,10.38,10.54,10.54,10.54,10.76,10.78,10.75,11.02,11.02,11.02,6624,0
2025-01-11 19:00:00,38.22,32.81,24.46,24.67,22.32,22.86,21.93,22.93,11.64,11.7,11.61,10.79,10.79,10.76,10.42,10.43,10.39,10.43,10.43,10.42,10.36,10.38,10.33,10.54,10.54,10.54,10.75,10.77,10.75,11.02,11.02,11.02,6648,0
2025-01-11 18:00:00,38.3,32.75,24.48,24.66,22.33,22.85,21.95,22.92,11.72,11.73,11.7,10.65,10.74,10.57,10.32,10.36,10.31,10.41,10.43,10.39,10.33,10.36,10.32,10.54,10.54,10.54,10.74,10.76,10.72,11.02,11.02,11.02,6702,0
2025-01-11 17:00:00,38.35,32.74,24.47,24.69,22.31,22.84,21.98,22.92,11.68,11.73,11.62,10.5,10.56,10.43,10.29,10.31,10.25,10.37,10.41,10.33,10.32,10.34,10.32,10.54,10.54,10.54,10.72,10.75,10.7,11.02,11.02,11.01,6822,7099
2025-01-11 16:00:00,38.41,32.71,24.45,24.67,22.31,22.84,21.98,22.92,11.5,11.61,11.33,10.35,10.43,10.31,10.21,10.25,10.18,10.34,10.37,10.32,10.32,10.33,10.32,10.54,10.54,10.54,10.69,10.72,10.68,11.01,11.02,10.99,6822,9569
2025-01-11 15:00:00,38.45,32.7,24.42,24.66,22.31,22.83,21.97,22.91,11.09,11.26,10.88,10.22,10.31,10.2,10.18,10.21,10.18,10.33,10.35,10.32,10.32,10.33,10.32,10.54,10.54,10.53,10.68,10.7,10.66,10.99,11.02,10.97,6842,10664
2025-01-11 14:00:00,38.53,32.68,24.4,24.66,22.31,22.83,21.96,22.95,10.68,10.79,10.55,10.13,10.2,10.08,10.18,10.18,10.18,10.33,10.36,10.33,10.32,10.33,10.32,10.53,10.54,10.52,10.67,10.69,10.66,10.98,11.01,10.97,6847,11085
2025-01-11 13:00:00,38.56,32.61,24.39,24.66,22.31,22.82,21.96,22.95,10.43,10.54,10.33,10.08,10.08,10.08,10.18,10.18,10.18,10.35,10.38,10.33,10.32,10.32,10.32,10.52,10.54,10.5,10.66,10.68,10.66,10.96,10.99,10.95,6826,10128
2025-01-11 12:00:00,38.6,32.56,24.38,24.66,22.31,22.83,21.95,22.94,10.24,10.32,10.14,10.08,10.08,10.06,10.18,10.18,10.18,10.34,10.36,10.33,10.32,10.32,10.32,10.51,10.53,10.49,10.66,10.67,10.66,10.94,10.96,10.91,6822,7130
2025-01-11 11:00:00,38.56,32.56,24.37,24.65,22.31,22.85,21.95,22.93,10.04,10.09,9.97,10.06,10.08,10.05,10.18,10.2,10.18,10.36,10.38,10.35,10.32,10.32,10.32,10.47,10.49,10.43,10.66,10.66,10.66,10.93,10.94,10.92,6826,10652
2025-01-11 10:00:00,38.57,32.54,24.36,24.65,22.31,22.87,21.95,22.92,9.96,9.97,9.96,10.07,10.08,10.06,10.19,10.22,10.18,10.37,10.41,10.36,10.32,10.32,10.31,10.45,10.46,10.43,10.66,10.66,10.66,10.91,10.92,10.91,6624,6925
2025-01-11 09:00:00,38.55,32.49,24.35,24.65,22.31,22.87,21.95,22.91,9.96,9.96,9.96,10.07,10.08,10.06,10.19,10.22,10.18,10.36,10.41,10.33,10.32,10.32,10.31,10.42,10.44,10.42,10.66,10.66,10.66,10.91,10.92,10.91,6524,6795
2025-01-11 08:00:00,38.58,32.43,24.36,24.65,22.31,22.86,21.95,22.91,9.96,9.96,9.95,10.08,10.08,10.08,10.2,10.22,10.18,10.35,10.37,10.34,10.32,10.32,10.31,10.42,10.43,10.42,10.66,10.66,10.65,10.91,10.91,10.91,6495,2107
2025-01-11 07:00:00,38.62,32.41,24.37,24.65,22.31,22.85,21.96,22.9,9.96,9.97,9.96,10.08,10.08,10.08,10.21,10.24,10.18,10.34,10.38,10.33,10.3,10.32,10.28,10.42,10.43,10.42,10.65,10.66,10.63,10.91,10.91,10.91,6504,0
2025-01-11 06:00:00,38.65,32.4,24.36,24.65,22.31,22.85,21.97,22.91,9.96,9.97,9.96,10.08,10.08,10.08,10.24,10.28,10.22,10.35,10.37,10.33,10.28,10.3,10.27,10.42,10.42,10.42,10.63,10.66,10.6,10.91,10.91,10.91,6510,0
2025-01-11 05:00:00,38.73,32.39,24.37,24.65,22.3,22.86,21.96,22.9,9.96,9.97,9.96,10.11,10.14,10.08,10.26,10.28,10.24,10.33,10.36,10.32,10.23,10.25,10.21,10.41,10.42,10.4,10.6,10.63,10.58,10.91,10.91,10.91,6522,0
2025-01-11 04:00:00,38.75,32.38,24.36,24.63,22.3,22.87,21.96,22.9,9.97,10,9.97,10.19,10.2,10.17,10.28,10.3,10.27,10.32,10.33,10.31,10.2,10.22,10.2,10.4,10.42,10.4,10.58,10.6,10.56,10.91,10.91,10.91,6530,0
2025-01-11 03:00:00,38.69,32.36,24.37,24.62,22.27,22.88,21.96,22.91,10.02,10.07,9.97,10.2,10.2,10.2,10.3,10.31,10.29,10.31,10.32,10.31,10.2,10.21,10.2,10.38,10.41,10.36,10.55,10.58,10.55,10.91,10.91,10.9,6539,0
2025-01-11 02:00:00,38.68,32.31,24.38,24.61,22.25,22.88,21.96,22.9,10.08,10.08,10.06,10.26,10.31,10.2,10.3,10.31,10.29,10.31,10.31,10.31,10.2,10.2,10.2,10.34,10.37,10.31,10.55,10.56,10.55,10.91,10.91,10.91,6548,0
2025-01-11 01:00:00,38.71,32.29,24.38,24.6,22.23,22.86,21.95,22.95,10.1,10.17,10.08,10.31,10.31,10.31,10.3,10.31,10.3,10.3,10.31,10.29,10.19,10.2,10.18,10.31,10.32,10.3,10.55,10.55,10.55,10.9,10.91,10.89,6550,0
2025-01-11 00:00:00,38.72,32.19,24.32,24.62,22.27,22.86,21.95,23,10.31,10.31,10.31,10.41,10.43,10.41,10.26,10.28,10.25,10.19,10.2,10.18,10.09,10.1,10.09,10.3,10.3,10.3,10.55,10.55,10.55,10.89,10.9,10.89,6577,0
2025-01-10 23:00:00,38.71,32.19,24.32,24.6,22.25,22.85,21.95,22.99,10.46,10.55,10.34,10.43,10.43,10.42,10.21,10.25,10.2,10.18,10.18,10.18,10.08,10.1,10.08,10.3,10.31,10.3,10.55,10.55,10.55,10.89,10.9,10.88,6577,0
2025-01-10 22:00:00,38.73,32.17,24.32,24.62,22.24,22.84,21.95,23,10.64,10.71,10.55,10.43,10.45,10.43,10.18,10.2,10.18,10.15,10.18,10.1,10.08,10.1,10.08,10.3,10.3,10.3,10.55,10.55,10.55,10.87,10.89,10.84,6588,0
2025-01-10 21:00:00,38.75,32.15,24.32,24.7,22.22,22.84,21.94,22.99,10.83,10.91,10.78,10.44,10.45,10.43,10.12,10.18,10.08,10.07,10.1,10.07,10.08,10.08,10.06,10.3,10.3,10.3,10.55,10.55,10.55,10.87,10.9,10.85,6595,0
2025-01-10 20:00:00,38.8,32.12,24.32,24.69,22.21,22.84,21.95,22.99,11.06,11.21,10.92,10.43,10.46,10.43,10.05,10.08,9.97,10.07,10.07,10.04,10.07,10.08,10.06,10.3,10.3,10.3,10.55,10.55,10.54,10.85,10.87,10.83,6624,0
2025-01-10 19:00:00,38.92,32.08,24.33,24.67,22.21,22.84,21.94,22.99,11.31,11.47,11.19,10.38,10.43,10.31,9.95,9.96,9.91,9.99,10.05,9.96,10.06,10.08,10.05,10.3,10.3,10.3,10.55,10.55,10.55,10.83,10.86,10.81,6653,0
2025-01-10 18:00:00,39.01,32.11,24.33,24.65,22.2,22.84,21.93,22.98,11.58,11.73,11.47,10.24,10.31,10.17,9.84,9.88,9.81,9.96,9.96,9.96,10.05,10.08,10.04,10.3,10.3,10.3,10.55,10.55,10.54,10.81,10.84,10.79,6715,0
2025-01-10 17:00:00,39.21,32.1,24.32,24.64,22.2,22.84,21.93,22.98,11.73,11.74,11.73,10.01,10.1,9.88,9.74,9.81,9.72,9.96,9.96,9.96,10.05,10.07,10.02,10.3,10.3,10.3,10.54,10.55,10.52,10.8,10.82,10.79,6815,7315
2025-01-10 16:00:00,39.4,32.09,24.3,24.65,22.21,22.84,21.93,22.97,11.61,11.73,11.38,9.72,9.84,9.6,9.71,9.72,9.71,9.96,9.96,9.96,10.06,10.08,10.05,10.3,10.3,10.29,10.53,10.55,10.52,10.79,10.81,10.79,6847,10845
2025-01-10 15:00:00,39.52,32.07,24.29,24.65,22.21,22.84,21.92,22.96,10.85,11.37,10.31,9.51,9.6,9.46,9.69,9.72,9.68,9.96,9.96,9.96,10.06,10.08,10.05,10.3,10.3,10.29,10.52,10.55,10.5,10.79,10.8,10.79,6847,10786
2025-01-10 14:00:00,39.65,32.06,24.27,24.65,22.22,22.84,21.92,22.95,9.82,10.2,9.58,9.38,9.43,9.37,9.71,9.72,9.71,9.99,10.03,9.96,10.08,10.08,10.07,10.3,10.3,10.29,10.51,10.55,10.49,10.79,10.79,10.79,6847,10546
2025-01-10 13:00:00,39.67,32.03,24.27,24.66,22.22,22.83,21.95,22.94,9.38,9.52,9.25,9.37,9.37,9.37,9.72,9.72,9.72,10.05,10.07,10.02,10.08,10.08,10.08,10.29,10.3,10.29,10.47,10.5,10.46,10.79,10.79,10.79,6840,10400
2025-01-10 12:00:00,39.71,31.99,24.27,24.66,22.21,22.83,21.97,22.94,9.16,9.25,9.06,9.37,9.37,9.35,9.73,9.76,9.72,10.07,10.07,10.07,10.08,10.08,10.07,10.28,10.3,10.26,10.45,10.48,10.43,10.79,10.79,10.79,6826,9876
2025-01-10 11:00:00,39.71,31.93,24.27,24.67,22.22,22.83,21.97,22.93,9,9.03,8.93,9.37,9.37,9.37,9.81,9.84,9.76,10.07,10.07,10.07,10.08,10.08,10.08,10.26,10.29,10.25,10.43,10.46,10.43,10.79,10.79,10.79,6822,9931
2025-01-10 10:00:00,39.82,31.91,24.28,24.65,22.21,22.85,21.96,22.92,8.89,8.92,8.89,9.38,9.43,9.37,9.84,9.84,9.84,10.07,10.09,10.07,10.08,10.08,10.08,10.23,10.26,10.2,10.43,10.43,10.43,10.79,10.79,10.79,6680,6988
2025-01-10 09:00:00,39.85,31.77,24.25,24.62,22.22,22.85,21.95,22.91,8.89,8.89,8.89,9.46,9.49,9.39,9.87,9.93,9.84,10.09,10.13,10.07,10.08,10.08,10.07,10.2,10.24,10.18,10.43,10.44,10.43,10.78,10.79,10.78,6533,6807
2025-01-10 08:00:00,39.87,31.76,24.22,24.62,22.21,22.85,21.93,22.91,8.89,8.89,8.89,9.5,9.55,9.49,9.95,9.96,9.93,10.12,10.18,10.1,10.07,10.08,10.05,10.18,10.18,10.18,10.43,10.43,10.43,10.77,10.79,10.76,6499,4124
2025-01-10 07:00:00,39.92,31.66,24.22,24.58,22.21,22.84,21.92,22.91,8.89,8.89,8.89,9.6,9.6,9.55,9.96,9.97,9.96,10.15,10.16,10.14,10.04,10.06,10.02,10.18,10.18,10.18,10.43,10.43,10.42,10.77,10.79,10.74,6506,0
2025-01-10 06:00:00,39.94,31.61,24.26,24.59,22.21,22.84,21.92,22.91,8.95,9.01,8.89,9.69,9.72,9.62,10.02,10.05,9.97,10.16,10.18,10.16,9.99,10.04,9.97,10.18,10.18,10.16,10.41,10.43,10.4,10.74,10.77,10.73,6515,0
2025-01-10 05:00:00,40.02,31.57,24.21,24.58,22.24,22.85,21.96,22.91,9.06,9.13,9.01,9.79,9.84,9.72,10.07,10.08,10.05,10.14,10.18,10.13,9.96,9.99,9.96,10.14,10.18,10.1,10.38,10.41,10.36,10.72,10.74,10.7,6522,0
2025-01-10 04:00:00,40.05,31.51,24.22,24.62,22.23,22.86,21.95,22.91,9.21,9.31,9.13,9.9,9.97,9.84,10.08,10.08,10.08,10.11,10.13,10.09,9.96,9.96,9.96,10.08,10.13,10.06,10.34,10.38,10.32,10.7,10.73,10.68,6528,0
2025-01-10 03:00:00,40.08,31.43,24.23,24.64,22.22,22.86,21.95,22.91,9.41,9.49,9.31,10.01,10.08,9.96,10.09,10.1,10.08,10.08,10.1,10.07,9.94,9.96,9.92,10.06,10.07,10.06,10.32,10.35,10.31,10.68,10.7,10.67,6537,0
2025-01-10 02:00:00,40.12,31.36,24.23,24.67,22.22,22.84,21.94,22.9,9.62,9.72,9.51,10.11,10.18,10.08,10.1,10.14,10.09,10.07,10.07,10.07,9.87,9.93,9.85,10.06,10.06,10.06,10.31,10.32,10.31,10.68,10.7,10.67,6546,0
2025-01-10 01:00:00,40.16,31.33,24.22,24.66,22.22,22.83,21.94,22.9,9.84,9.96,9.72,10.21,10.27,10.2,10.1,10.14,10.08,10.05,10.07,10,9.85,9.85,9.85,10.05,10.06,10.03,10.31,10.31,10.31,10.67,10.7,10.67,6550,0
2025-01-10 00:00:00,40.24,31.26,24.22,24.62,22.2,22.84,21.93,22.9,10.09,10.2,9.96,10.31,10.33,10.29,10.08,10.09,10.08,9.96,9.99,9.96,9.83,9.85,9.79,10.01,10.06,9.97,10.31,10.31,10.31,10.67,10.68,10.67,6550,0
2025-01-09 23:00:00,40.25,31.16,24.22,24.61,22.21,22.91,21.93,22.9,10.34,10.44,10.2,10.39,10.43,10.33,10.08,10.08,10.05,9.93,9.96,9.85,9.74,9.79,9.72,9.96,9.99,9.95,10.31,10.31,10.3,10.67,10.68,10.67,6573,0
2025-01-09 22:00:00,40.27,31.12,24.25,24.65,22.18,22.91,21.93,22.9,10.62,10.78,10.48,10.43,10.45,10.43,10,10.08,9.96,9.84,9.85,9.84,9.72,9.72,9.72,9.95,9.95,9.95,10.31,10.31,10.3,10.67,10.68,10.67,6582,0
2025-01-09 21:00:00,40.31,31.08,24.22,24.63,22.19,22.91,21.92,22.9,10.91,11.02,10.79,10.44,10.46,10.43,9.93,9.96,9.85,9.77,9.84,9.72,9.7,9.72,9.66,9.95,9.95,9.95,10.3,10.31,10.29,10.67,10.68,10.67,6595,0
2025-01-09 20:00:00,40.37,31.01,24.25,24.62,22.23,22.9,21.92,22.9,11.22,11.38,11.05,10.44,10.46,10.43,9.82,9.85,9.74,9.7,9.72,9.64,9.62,9.66,9.6,9.95,9.95,9.93,10.29,10.31,10.28,10.67,10.68,10.67,6624,0
2025-01-09 19:00:00,40.5,30.95,24.22,24.68,22.21,22.89,21.92,22.9,11.55,11.73,11.38,10.38,10.43,10.31,9.68,9.72,9.6,9.61,9.62,9.6,9.6,9.6,9.6,9.94,9.95,9.93,10.29,10.3,10.28,10.67,10.67,10.67,6648,0
2025-01-09 18:00:00,40.65,30.91,24.25,24.65,22.19,22.89,21.91,22.9,11.86,11.97,11.73,10.2,10.31,10.08,9.54,9.6,9.47,9.56,9.6,9.51,9.6,9.6,9.6,9.94,9.95,9.93,10.27,10.3,10.26,10.67,10.67,10.67,6702,0
2025-01-09 17:00:00,40.85,30.87,24.27,24.68,22.19,22.88,21.91,22.9,11.97,11.97,11.97,9.96,10.08,9.84,9.42,9.47,9.37,9.48,9.52,9.47,9.59,9.6,9.57,9.93,9.95,9.92,10.27,10.3,10.25,10.67,10.67,10.67,6838,7110
2025-01-09 16:00:00,41.06,30.81,24.28,24.7,22.18,22.88,21.93,22.89,11.79,11.97,11.55,9.65,9.81,9.51,9.34,9.37,9.28,9.47,9.47,9.47,9.55,9.57,9.52,9.9,9.93,9.88,10.26,10.29,10.24,10.67,10.67,10.67,6847,10640
2025-01-09 15:00:00,41.17,30.77,24.24,24.69,22.17,22.88,21.9,22.9,11.09,11.5,10.7,9.42,9.49,9.35,9.25,9.28,9.25,9.47,9.47,9.47,9.52,9.54,9.5,9.89,9.91,9.87,10.27,10.29,10.26,10.67,10.68,10.67,6847,10613
2025-01-09 14:00:00,41.29,30.63,24.22,24.67,22.17,22.88,21.92,22.9,10.24,10.65,9.96,9.26,9.35,9.22,9.25,9.25,9.24,9.46,9.47,9.43,9.5,9.51,9.49,9.86,9.89,9.85,10.25,10.28,10.24,10.67,10.67,10.67,6838,9750
2025-01-09 13:00:00,41.33,30.54,24.2,24.65,22.16,22.87,21.92,22.89,9.71,9.93,9.55,9.15,9.21,9.13,9.23,9.25,9.22,9.43,9.47,9.42,9.49,9.5,9.49,9.86,9.89,9.84,10.25,10.27,10.24,10.67,10.67,10.67,6847,10758
2025-01-09 12:00:00,41.36,30.46,24.18,24.66,22.16,22.87,21.94,22.9,9.44,9.5,9.37,9.12,9.13,9.1,9.19,9.22,9.16,9.4,9.45,9.38,9.49,9.49,9.49,9.84,9.85,9.84,10.24,10.26,10.24,10.67,10.68,10.67,6838,10652
2025-01-09 11:00:00,41.38,30.31,24.21,24.65,22.15,22.86,21.95,22.9,9.3,9.37,9.25,9.08,9.12,9.04,9.14,9.18,9.13,9.36,9.41,9.35,9.49,9.49,9.49,9.84,9.85,9.83,10.24,10.26,10.21,10.67,10.68,10.67,6822,9742
2025-01-09 10:00:00,41.38,30.16,24.23,24.64,22.14,22.86,21.95,22.9,9.2,9.25,9.14,9.02,9.04,9.01,9.13,9.14,9.13,9.35,9.35,9.35,9.49,9.49,9.47,9.83,9.84,9.83,10.24,10.27,10.22,10.67,10.68,10.67,6684,6988
2025-01-09 09:00:00,41.43,30.03,24.22,24.63,22.15,22.85,21.94,22.9,9.13,9.16,9.13,9.01,9.01,9.01,9.13,9.13,9.12,9.35,9.35,9.35,9.48,9.49,9.47,9.83,9.84,9.83,10.25,10.27,10.24,10.67,10.68,10.67,6528,6811
2025-01-09 08:00:00,41.41,29.91,24.19,24.62,22.16,22.85,21.92,22.9,9.13,9.13,9.13,8.99,9.01,8.96,9.09,9.12,9.04,9.35,9.35,9.35,9.47,9.49,9.46,9.83,9.84,9.83,10.25,10.27,10.24,10.67,10.68,10.67,6484,4617
2025-01-09 07:00:00,41.29,29.83,24.17,24.62,22.17,22.86,21.92,22.9,9.12,9.13,9.1,8.93,8.97,8.89,9.04,9.09,9.01,9.34,9.35,9.32,9.46,9.47,9.43,9.83,9.84,9.83,10.25,10.27,10.24,10.67,10.69,10.67,6488,0
2025-01-09 06:00:00,41.08,29.79,24.15,24.61,22.17,22.86,21.92,22.9,9.07,9.1,9.06,8.89,8.92,8.89,9.01,9.03,9.01,9.3,9.35,9.28,9.44,9.47,9.43,9.83,9.84,9.83,10.25,10.27,10.24,10.67,10.68,10.67,6493,0
2025-01-09 05:00:00,40.7,29.72,24.13,24.62,22.19,22.86,21.91,22.91,9.03,9.07,9.01,8.88,8.89,8.87,9.01,9.01,9,9.26,9.28,9.25,9.42,9.46,9.39,9.83,9.84,9.83,10.26,10.29,10.25,10.67,10.68,10.67,6499,0
2025-01-09 04:00:00,40.07,29.62,24.12,24.63,22.19,22.85,21.91,22.9,8.99,9.01,8.95,8.82,8.87,8.78,8.99,9.01,8.97,9.25,9.26,9.25,9.39,9.42,9.38,9.83,9.84,9.83,10.27,10.29,10.26,10.68,10.69,10.67,6515,0
2025-01-09 03:00:00,39.25,29.57,24.15,24.62,22.2,22.85,21.91,22.9,8.9,8.93,8.89,8.78,8.79,8.77,8.93,8.97,8.92,9.25,9.25,9.25,9.39,9.42,9.37,9.83,9.84,9.83,10.28,10.29,10.26,10.68,10.7,10.68,6524,0
2025-01-09 02:00:00,38.4,29.51,24.2,24.61,22.2,22.86,21.92,22.91,8.88,8.89,8.85,8.75,8.78,8.72,8.9,8.93,8.89,9.25,9.25,9.24,9.38,9.39,9.37,9.83,9.84,9.83,10.29,10.31,10.29,10.69,10.71,10.68,6542,0
2025-01-09 01:00:00,37.78,29.48,24.2,24.6,22.2,22.86,21.92,22.91,8.8,8.84,8.78,8.69,8.75,8.66,8.89,8.89,8.89,9.23,9.25,9.22,9.38,9.39,9.37,9.83,9.84,9.83,10.29,10.31,10.29,10.7,10.71,10.68,6550,0
2025-01-09 00:00:00,37.52,29.49,24.18,24.62,22.2,22.86,21.92,22.91,8.78,8.78,8.77,8.66,8.67,8.66,8.89,8.89,8.88,9.19,9.22,9.17,9.37,9.39,9.37,9.84,9.85,9.83,10.31,10.31,10.3,10.71,10.74,10.68,6542,0
2025-01-08 23:00:00,37.5,29.44,24.17,24.62,22.2,22.87,21.92,22.91,8.74,8.78,8.7,8.66,8.66,8.64,8.85,8.89,8.8,9.16,9.18,9.14,9.37,9.39,9.37,9.84,9.85,9.84,10.31,10.31,10.3,10.72,10.74,10.7,6573,0
2025-01-08 22:00:00,37.56,29.4,24.13,24.61,22.2,22.87,21.93,22.91,8.69,8.72,8.67,8.62,8.66,8.58,8.79,8.81,8.77,9.14,9.17,9.13,9.38,9.39,9.37,9.85,9.88,9.85,10.31,10.31,10.3,10.74,10.77,10.72,6577,0
2025-01-08 21:00:00,37.57,29.38,24.12,24.61,22.2,22.89,21.93,22.91,8.67,8.68,8.66,8.56,8.62,8.54,8.77,8.78,8.77,9.13,9.14,9.13,9.38,9.39,9.37,9.88,9.91,9.85,10.31,10.31,10.31,10.74,10.77,10.73,6599,0
2025-01-08 20:00:00,37.59,29.35,24.11,24.6,22.21,22.89,21.94,22.91,8.67,8.7,8.66,8.54,8.54,8.53,8.76,8.77,8.72,9.13,9.13,9.13,9.39,9.42,9.39,9.92,9.93,9.91,10.31,10.32,10.31,10.76,10.77,10.74,6624,0
2025-01-08 19:00:00,37.59,29.32,24.14,24.6,22.17,22.9,21.94,22.91,8.71,8.77,8.67,8.46,8.54,8.42,8.68,8.74,8.66,9.13,9.13,9.13,9.44,9.47,9.42,9.94,9.95,9.92,10.31,10.31,10.31,10.77,10.78,10.76,6644,0
2025-01-08 18:00:00,37.66,29.3,24.12,24.61,22.16,22.91,21.94,22.91,8.78,8.78,8.77,8.37,8.42,8.3,8.66,8.66,8.64,9.13,9.13,9.13,9.47,9.49,9.45,9.95,9.95,9.95,10.31,10.32,10.31,10.77,10.79,10.76,6697,0
2025-01-08 17:00:00,37.72,29.27,24.13,24.61,22.14,22.91,21.94,22.91,8.69,8.77,8.63,8.25,8.3,8.18,8.63,8.66,8.6,9.13,9.18,9.13,9.49,9.49,9.47,9.95,9.95,9.95,10.31,10.32,10.31,10.78,10.79,10.77,6826,7110
2025-01-08 16:00:00,37.82,29.22,24.13,24.6,22.14,22.91,21.94,22.91,8.49,8.58,8.41,8.13,8.18,8.07,8.59,8.63,8.58,9.16,9.2,9.14,9.49,9.49,9.49,9.95,9.95,9.95,10.31,10.34,10.31,10.78,10.79,10.77,6822,9072
2025-01-08 15:00:00,37.98,29.22,24.11,24.57,22.16,22.91,21.95,22.91,8.23,8.38,8.07,8.01,8.07,7.95,8.62,8.64,8.6,9.23,9.25,9.21,9.5,9.51,9.49,9.95,9.96,9.95,10.32,10.34,10.32,10.77,10.79,10.77,6824,10097
2025-01-08 14:00:00,38.04,29.17,24.09,24.59,22.17,22.91,21.95,22.91,7.87,8.05,7.7,7.93,7.95,7.9,8.65,8.66,8.64,9.25,9.28,9.25,9.55,9.59,9.52,9.96,9.97,9.95,10.33,10.35,10.32,10.78,10.79,10.76,6838,10955
2025-01-08 13:00:00,38.14,29.11,24.08,24.58,22.18,22.9,21.95,22.91,7.45,7.65,7.25,7.88,7.91,7.87,8.69,8.76,8.66,9.34,9.35,9.29,9.59,9.6,9.58,9.97,10,9.96,10.34,10.36,10.32,10.78,10.79,10.77,6838,10924
2025-01-08 12:00:00,38.21,29.09,24.07,24.6,22.19,22.83,21.95,22.91,7.15,7.24,7.03,7.89,7.93,7.85,8.77,8.78,8.75,9.36,9.39,9.35,9.6,9.6,9.59,10,10.03,9.97,10.34,10.37,10.32,10.78,10.79,10.77,6838,10924
2025-01-08 11:00:00,38.24,29.06,24.11,24.6,22.2,22.83,21.95,22.91,6.92,7,6.79,7.95,7.96,7.93,8.83,8.89,8.77,9.4,9.45,9.35,9.6,9.6,9.6,10.03,10.06,10.01,10.35,10.37,10.35,10.77,10.79,10.77,6822,10183
2025-01-08 10:00:00,38.29,29.01,24.12,24.61,22.22,22.83,21.95,22.91,6.77,6.77,6.74,8.04,8.07,7.96,8.9,8.92,8.89,9.46,9.47,9.43,9.61,9.62,9.6,10.03,10.06,10.02,10.35,10.37,10.33,10.78,10.79,10.77,6820,8934
2025-01-08 09:00:00,38.29,28.95,24.03,24.6,22.2,22.83,21.95,22.91,6.83,6.95,6.77,8.15,8.18,8.07,8.98,9.01,8.93,9.47,9.49,9.47,9.63,9.66,9.62,10.03,10.05,10.02,10.35,10.38,10.34,10.78,10.79,10.77,6528,6835
2025-01-08 08:00:00,38.32,28.91,24.03,24.54,22.19,22.84,21.95,22.91,7.02,7.11,6.97,8.25,8.3,8.18,9.02,9.04,9.01,9.5,9.52,9.47,9.66,9.68,9.63,10.04,10.06,10.01,10.36,10.38,10.35,10.77,10.79,10.76,6448,6512
2025-01-08 07:00:00,38.37,28.88,24.07,24.55,22.18,22.84,21.95,22.9,7.19,7.24,7.12,8.35,8.41,8.3,9.1,9.13,9.05,9.56,9.59,9.54,9.69,9.71,9.66,10.05,10.06,10.04,10.35,10.36,10.34,10.78,10.79,10.77,6453,0
2025-01-08 06:00:00,38.42,28.85,24.09,24.56,22.17,22.83,21.95,22.91,7.34,7.45,7.26,8.45,8.53,8.42,9.13,9.16,9.13,9.6,9.6,9.58,9.69,9.72,9.68,10.05,10.06,10.03,10.34,10.38,10.33,10.77,10.79,10.77,6459,0
2025-01-08 05:00:00,38.48,28.83,24.06,24.57,22.17,22.83,21.95,22.91,7.5,7.59,7.47,8.55,8.6,8.54,9.2,9.25,9.14,9.6,9.6,9.6,9.7,9.71,9.68,10.05,10.06,10.04,10.34,10.36,10.32,10.77,10.79,10.76,6470,0
2025-01-08 04:00:00,38.51,28.79,24.06,24.57,22.17,22.83,21.95,22.91,7.63,7.71,7.59,8.66,8.68,8.64,9.25,9.25,9.24,9.6,9.6,9.6,9.7,9.72,9.68,10.04,10.06,10.03,10.34,10.36,10.33,10.77,10.79,10.77,6475,0
2025-01-08 03:00:00,38.56,28.75,24.08,24.57,22.18,22.83,21.95,22.91,7.77,7.87,7.71,8.77,8.82,8.7,9.25,9.28,9.25,9.6,9.6,9.6,9.7,9.72,9.68,10.04,10.06,10.01,10.34,10.37,10.32,10.77,10.79,10.77,6504,0
2025-01-08 02:00:00,38.6,28.75,24.09,24.58,22.19,22.83,21.95,22.9,7.99,8.07,7.89,8.88,8.92,8.85,9.3,9.34,9.26,9.6,9.6,9.6,9.68,9.71,9.66,10.04,10.06,10.01,10.33,10.35,10.32,10.77,10.79,10.75,6517,0
2025-01-08 01:00:00,38.7,28.67,24.1,24.57,22.18,22.84,21.95,22.91,8.19,8.3,8.07,8.98,9.01,8.91,9.34,9.35,9.31,9.6,9.6,9.6,9.66,9.68,9.64,10.03,10.06,10.01,10.35,10.38,10.33,10.77,10.78,10.75,6533,0
2025-01-08 00:00:00,38.73,28.65,24.11,24.57,22.19,22.83,21.95,22.9,8.41,8.54,8.3,9.07,9.13,9.01,9.35,9.37,9.34,9.6,9.6,9.59,9.65,9.68,9.64,10.03,10.06,10.01,10.34,10.36,10.32,10.76,10.78,10.74,6524,0
2025-01-07 23:00:00,38.76,28.63,24.1,24.57,22.2,22.84,21.95,22.9,8.66,8.78,8.54,9.13,9.14,9.13,9.34,9.35,9.31,9.58,9.6,9.56,9.63,9.64,9.62,10.04,10.06,10.01,10.34,10.36,10.32,10.76,10.79,10.75,6564,0
2025-01-07 22:00:00,38.82,28.54,24.1,24.56,22.19,22.84,21.95,22.9,8.91,9.01,8.78,9.19,9.22,9.14,9.28,9.34,9.25,9.52,9.55,9.47,9.63,9.64,9.6,10.05,10.06,10.03,10.35,10.38,10.34,10.76,10.77,10.74,6577,0
2025-01-07 21:00:00,38.9,28.5,24.08,24.59,22.2,22.85,21.95,22.9,9.12,9.25,9.01,9.24,9.25,9.22,9.25,9.26,9.25,9.48,9.5,9.47,9.62,9.64,9.6,10.05,10.06,10.04,10.36,10.38,10.33,10.75,10.77,10.74,6595,0
2025-01-07 20:00:00,38.93,28.43,24.06,24.62,22.19,22.85,21.95,22.9,9.36,9.49,9.25,9.24,9.25,9.22,9.22,9.25,9.16,9.47,9.47,9.47,9.64,9.67,9.63,10.06,10.06,10.05,10.37,10.39,10.35,10.75,10.77,10.74,6613,0
2025-01-07 19:00:00,39.01,28.41,24.09,24.61,22.18,22.85,21.95,22.89,9.63,9.75,9.49,9.17,9.22,9.13,9.13,9.14,9.13,9.47,9.47,9.47,9.67,9.71,9.64,10.06,10.06,10.06,10.37,10.41,10.34,10.73,10.76,10.71,6653,0
2025-01-07 18:00:00,39.09,28.35,24.06,24.61,22.15,22.86,21.95,22.89,9.89,9.96,9.79,9.06,9.13,9,9.05,9.12,9.01,9.47,9.47,9.47,9.71,9.72,9.68,10.06,10.06,10.06,10.38,10.42,10.37,10.73,10.74,10.71,6711,0
2025-01-07 17:00:00,39.25,28.3,24.03,24.61,22.15,22.86,21.95,22.89,9.96,9.97,9.95,8.86,8.95,8.77,9.01,9.01,9,9.47,9.47,9.47,9.72,9.72,9.72,10.06,10.06,10.06,10.37,10.38,10.35,10.71,10.72,10.7,6818,8907
2025-01-07 16:00:00,39.4,28.22,24.02,24.59,22.16,22.86,21.95,22.88,9.82,9.95,9.66,8.61,8.74,8.5,9,9.01,9,9.48,9.51,9.47,9.72,9.72,9.72,10.06,10.08,10.06,10.36,10.39,10.35,10.69,10.72,10.68,6847,10991
2025-01-07 15:00:00,39.61,28.15,24.01,24.57,22.17,22.87,21.95,22.88,9.26,9.6,8.78,8.38,8.47,8.3,9.01,9.01,9,9.56,9.6,9.51,9.73,9.76,9.72,10.06,10.06,10.06,10.35,10.38,10.34,10.69,10.71,10.68,6844,10873
2025-01-07 14:00:00,39.73,28.05,24.03,24.57,22.17,22.87,21.95,22.88,8.2,8.66,7.95,8.3,8.3,8.3,9.05,9.12,9.01,9.6,9.62,9.59,9.78,9.82,9.76,10.06,10.07,10.06,10.34,10.37,10.33,10.68,10.7,10.67,6847,10652
2025-01-07 13:00:00,39.78,27.96,24.06,24.52,22.16,22.87,21.95,22.87,7.67,7.85,7.51,8.3,8.3,8.3,9.13,9.16,9.13,9.68,9.72,9.62,9.83,9.85,9.82,10.06,10.08,10.06,10.32,10.36,10.32,10.67,10.67,10.67,6844,10672
2025-01-07 12:00:00,39.83,27.88,24.02,24.52,22.18,22.87,21.94,22.86,7.4,7.48,7.28,8.32,8.41,8.3,9.23,9.25,9.17,9.72,9.75,9.72,9.85,9.85,9.84,10.06,10.07,10.06,10.31,10.32,10.31,10.67,10.68,10.67,6838,10995
2025-01-07 11:00:00,39.88,27.79,24.05,24.54,22.2,22.87,21.94,22.86,7.24,7.27,7.23,8.43,8.49,8.39,9.31,9.37,9.25,9.79,9.84,9.74,9.85,9.85,9.85,10.06,10.07,10.06,10.31,10.32,10.31,10.67,10.67,10.67,6822,10171
2025-01-07 10:00:00,39.93,27.72,24.06,24.56,22.21,22.87,21.93,22.85,7.22,7.24,7.21,8.55,8.64,8.51,9.39,9.45,9.37,9.84,9.84,9.83,9.85,9.85,9.85,10.06,10.06,10.06,10.31,10.31,10.31,10.67,10.67,10.67,6818,7398
2025-01-07 09:00:00,40.01,27.64,23.99,24.55,22.21,22.86,21.93,22.85,7.26,7.35,7.24,8.7,8.78,8.64,9.48,9.53,9.47,9.84,9.87,9.84,9.85,9.85,9.85,10.06,10.06,10.06,10.31,10.31,10.31,10.67,10.67,10.66,6522,6827
2025-01-07 08:00:00,40.09,27.57,23.98,24.53,22.21,22.86,21.92,22.85,7.45,7.59,7.36,8.86,8.89,8.78,9.56,9.6,9.47,9.88,9.92,9.85,9.85,9.85,9.85,10.06,10.06,10.06,10.31,10.31,10.3,10.66,10.67,10.65,6461,6657
2025-01-07 07:00:00,40.17,27.47,24.01,24.51,22.21,22.86,21.91,22.88,7.68,7.82,7.59,9.01,9.09,8.92,9.61,9.64,9.6,9.94,9.96,9.93,9.85,9.85,9.85,10.06,10.06,10.05,10.29,10.31,10.27,10.64,10.67,10.62,6468,0
2025-01-07 06:00:00,40.26,27.42,23.98,24.51,22.2,22.85,21.9,22.87,7.94,8.07,7.83,9.15,9.24,9.12,9.71,9.72,9.68,9.95,9.96,9.95,9.85,9.85,9.85,10.04,10.06,10.02,10.27,10.3,10.25,10.62,10.65,10.6,6475,0
2025-01-07 05:00:00,40.38,27.31,23.99,24.52,22.19,22.89,21.98,22.86,8.19,8.3,8.07,9.3,9.37,9.24,9.74,9.79,9.72,9.96,9.96,9.95,9.85,9.85,9.85,9.98,10.02,9.95,10.22,10.25,10.18,10.58,10.6,10.57,6497,0
2025-01-07 04:00:00,40.46,27.23,24.01,24.52,22.17,22.92,22,22.85,8.44,8.55,8.3,9.44,9.49,9.37,9.81,9.84,9.76,9.96,9.96,9.95,9.84,9.85,9.83,9.96,10,9.95,10.19,10.21,10.18,10.56,10.58,10.55,6506,0
2025-01-07 03:00:00,40.56,27.11,24.01,24.52,22.16,22.91,22,22.84,8.7,8.83,8.55,9.56,9.6,9.49,9.84,9.84,9.84,9.95,9.96,9.95,9.8,9.83,9.78,9.95,9.95,9.95,10.18,10.2,10.18,10.56,10.57,10.55,6524,0
2025-01-07 02:00:00,40.67,27,24.01,24.52,22.18,22.91,21.99,22.84,8.97,9.09,8.89,9.66,9.72,9.6,9.84,9.85,9.84,9.94,9.96,9.91,9.75,9.76,9.72,9.95,9.95,9.93,10.18,10.18,10.18,10.55,10.56,10.55,6537,0
2025-01-07 01:00:00,40.8,26.89,24,24.55,22.16,22.91,21.98,22.83,9.22,9.35,9.13,9.78,9.84,9.72,9.85,9.87,9.85,9.88,9.93,9.85,9.72,9.74,9.72,9.93,9.95,9.91,10.18,10.18,10.18,10.55,10.55,10.55,6546,0
2025-01-07 00:00:00,40.92,26.77,24.01,24.58,22.16,22.9,21.97,22.83,9.43,9.51,9.37,9.86,9.95,9.84,9.86,9.89,9.85,9.84,9.85,9.84,9.72,9.72,9.71,9.88,9.92,9.85,10.18,10.18,10.17,10.55,10.55,10.55,6537,0
2025-01-06 23:00:00,41.05,26.64,24,24.58,22.17,22.89,21.96,22.82,9.62,9.72,9.5,9.96,9.99,9.96,9.85,9.87,9.84,9.84,9.84,9.84,9.67,9.72,9.63,9.84,9.85,9.83,10.15,10.17,10.13,10.55,10.55,10.55,6568,0
2025-01-06 22:00:00,41.2,26.48,24.03,24.58,22.2,22.88,21.95,22.81,9.87,9.97,9.72,10.06,10.08,10,9.84,9.85,9.84,9.79,9.84,9.72,9.61,9.64,9.6,9.83,9.83,9.83,10.11,10.13,10.1,10.55,10.55,10.54,6573,0
2025-01-06 21:00:00,41.4,26.35,24.02,24.55,22.18,22.86,21.94,22.81,10.13,10.27,10.02,10.09,10.1,10.08,9.82,9.84,9.8,9.72,9.72,9.72,9.6,9.6,9.59,9.83,9.83,9.82,10.08,10.09,10.07,10.54,10.55,10.52,6591,0
2025-01-06 20:00:00,41.55,26.24,24.01,24.57,22.16,22.85,21.92,22.81,10.43,10.55,10.31,10.14,10.17,10.1,9.74,9.79,9.72,9.67,9.72,9.6,9.58,9.6,9.56,9.82,9.83,9.81,10.07,10.08,10.07,10.53,10.55,10.51,6608,0
2025-01-06 19:00:00,41.75,26.1,24.01,24.58,22.15,22.84,21.92,22.82,10.74,10.9,10.57,10.11,10.17,10.08,9.67,9.72,9.6,9.6,9.6,9.6,9.51,9.56,9.49,9.79,9.82,9.77,10.07,10.07,10.07,10.51,10.55,10.5,6640,0
2025-01-06 18:00:00,42.03,25.96,24.01,24.57,22.14,22.87,21.91,22.83,11.02,11.14,10.91,10.07,10.08,10,9.58,9.6,9.52,9.57,9.6,9.52,9.49,9.5,9.49,9.75,9.78,9.72,10.07,10.07,10.07,10.49,10.52,10.46,6706,0
2025-01-06 17:00:00,42.39,25.87,24.04,24.59,22.13,22.87,21.92,22.85,11.22,11.26,11.14,9.92,9.97,9.84,9.48,9.5,9.47,9.49,9.53,9.47,9.49,9.49,9.49,9.72,9.74,9.71,10.07,10.07,10.06,10.46,10.51,10.45,6824,7102
2025-01-06 16:00:00,42.82,25.73,24.07,24.62,22.15,22.85,21.91,22.85,11.19,11.26,11.08,9.74,9.84,9.62,9.4,9.47,9.37,9.47,9.47,9.47,9.48,9.49,9.47,9.71,9.72,9.71,10.06,10.07,10.05,10.45,10.46,10.44,6847,10723
2025-01-06 15:00:00,43.28,25.58,24.09,24.61,22.16,22.85,21.91,22.85,10.86,11.04,10.59,9.55,9.6,9.49,9.37,9.37,9.37,9.47,9.47,9.46,9.46,9.47,9.42,9.71,9.71,9.71,10.04,10.06,10.03,10.44,10.45,10.43,6847,10715
2025-01-06 14:00:00,43.85,25.46,24.07,24.61,22.19,22.88,21.9,22.85,10.29,10.55,10.09,9.42,9.49,9.37,9.34,9.37,9.32,9.46,9.47,9.43,9.4,9.43,9.38,9.7,9.71,9.68,10.01,10.04,10,10.43,10.45,10.43,6840,10325
2025-01-06 13:00:00,44.45,25.3,24.06,24.63,22.2,22.89,21.94,22.85,9.91,10.08,9.72,9.35,9.37,9.31,9.31,9.34,9.29,9.43,9.45,9.41,9.37,9.38,9.37,9.67,9.7,9.64,9.97,9.99,9.96,10.43,10.43,10.43,6842,10609
2025-01-06 12:00:00,45.26,25.12,24.04,24.63,22.18,22.9,21.95,22.85,9.63,9.72,9.49,9.27,9.32,9.25,9.29,9.31,9.26,9.38,9.39,9.37,9.37,9.37,9.37,9.63,9.66,9.6,9.95,9.97,9.95,10.43,10.43,10.43,6838,10999
2025-01-06 11:00:00,46.39,24.96,24.03,24.62,22.16,22.88,21.95,22.85,9.41,9.49,9.37,9.25,9.26,9.25,9.27,9.28,9.25,9.36,9.39,9.35,9.37,9.37,9.35,9.6,9.6,9.59,9.95,9.96,9.95,10.43,10.43,10.43,6822,9683
2025-01-06 10:00:00,48.02,24.81,24.02,24.61,22.15,22.87,21.94,22.84,9.33,9.37,9.3,9.25,9.26,9.25,9.25,9.27,9.25,9.35,9.35,9.35,9.33,9.35,9.31,9.59,9.59,9.59,9.95,9.95,9.95,10.43,10.43,10.43,6731,7055
2025-01-06 09:00:00,49.5,24.52,24.02,24.6,22.17,22.86,21.94,22.84,9.34,9.37,9.32,9.26,9.29,9.25,9.25,9.25,9.25,9.35,9.35,9.35,9.27,9.3,9.25,9.59,9.59,9.58,9.95,9.95,9.95,10.43,10.43,10.43,6542,6854
2025-01-06 08:00:00,43.87,24.28,24.01,24.58,22.17,22.85,21.93,22.84,9.38,9.41,9.37,9.28,9.32,9.27,9.25,9.25,9.25,9.33,9.35,9.28,9.25,9.25,9.25,9.58,9.59,9.58,9.95,9.95,9.95,10.43,10.43,10.43,6481,1449
2025-01-06 07:00:00,39.89,23.95,23.99,24.58,22.14,22.88,21.92,22.84,9.47,9.49,9.41,9.29,9.31,9.27,9.23,9.25,9.22,9.26,9.31,9.25,9.25,9.25,9.25,9.56,9.58,9.53,9.95,9.95,9.93,10.43,10.43,10.43,6481,0
2025-01-06 06:00:00,33.04,23.81,24,24.58,22.14,22.89,21.92,22.83,9.51,9.57,9.49,9.28,9.3,9.26,9.17,9.2,9.14,9.24,9.25,9.22,9.21,9.25,9.18,9.52,9.55,9.5,9.94,9.95,9.92,10.43,10.43,10.43,6493,0
2025-01-06 05:00:00,28.3,23.8,24.02,24.59,22.16,22.91,21.94,22.83,9.6,9.6,9.57,9.26,9.29,9.25,9.13,9.14,9.13,9.18,9.22,9.14,9.15,9.2,9.14,9.47,9.5,9.47,9.92,9.93,9.89,10.43,10.43,10.42,6497,0
2025-01-06 04:00:00,27.76,23.8,24.02,24.6,22.15,22.92,21.96,22.82,9.62,9.66,9.6,9.25,9.26,9.24,9.12,9.13,9.09,9.13,9.14,9.13,9.14,9.14,9.14,9.47,9.47,9.47,9.9,9.92,9.87,10.42,10.43,10.42,6513,0
2025-01-06 03:00:00,18.42,23.78,23.98,24.6,22.14,22.92,21.96,22.83,9.66,9.68,9.63,9.25,9.26,9.24,9.04,9.1,9.01,9.12,9.13,9.09,9.11,9.14,9.06,9.47,9.47,9.47,9.87,9.89,9.87,10.42,10.43,10.41,6524,0
2025-01-06 02:00:00,18.37,23.76,23.97,24.59,22.14,22.91,21.95,22.82,9.72,9.72,9.68,9.24,9.25,9.22,9.01,9.01,9.01,9.03,9.08,9.01,9.03,9.07,9.02,9.47,9.47,9.46,9.85,9.87,9.84,10.42,10.43,10.41,6533,0
2025-01-06 01:00:00,18.38,23.76,23.98,24.57,22.13,22.9,21.95,22.82,9.77,9.83,9.72,9.22,9.24,9.2,8.97,9.01,8.92,9.01,9.01,9,9.02,9.02,9.02,9.44,9.47,9.42,9.85,9.87,9.84,10.42,10.43,10.41,6550,0
2025-01-06 00:00:00,18.39,23.78,24.04,24.58,22.13,22.9,21.95,22.83,9.85,9.89,9.84,9.15,9.21,9.13,8.89,8.89,8.87,8.93,8.99,8.89,9.01,9.02,9,9.4,9.43,9.38,9.84,9.85,9.84,10.42,10.43,10.41,6542,0
2025-01-05 23:00:00,18.37,23.83,24,24.6,22.15,22.89,21.95,22.83,9.94,9.96,9.89,9.13,9.13,9.12,8.8,8.87,8.77,8.89,8.89,8.88,8.96,9.02,8.92,9.38,9.39,9.37,9.84,9.84,9.84,10.42,10.43,10.41,6573,0
2025-01-05 22:00:00,18.38,23.76,23.97,24.58,22.14,22.89,21.95,22.83,9.96,9.97,9.96,9.05,9.12,9.01,8.75,8.77,8.72,8.83,8.89,8.78,8.9,8.93,8.89,9.35,9.37,9.35,9.84,9.85,9.84,10.42,10.43,10.4,6588,0
2025-01-05 21:00:00,18.4,23.75,24,24.58,22.13,22.89,21.95,22.82,9.98,10.02,9.97,8.97,9.01,8.89,8.66,8.7,8.64,8.77,8.79,8.77,8.89,8.89,8.89,9.35,9.37,9.35,9.84,9.85,9.84,10.43,10.43,10.42,6593,0
2025-01-05 20:00:00,18.38,23.78,24,24.55,22.13,22.88,21.95,22.82,10,10.06,9.97,8.87,8.89,8.81,8.56,8.63,8.54,8.74,8.77,8.68,8.89,8.89,8.89,9.35,9.35,9.35,9.84,9.84,9.84,10.42,10.43,10.41,6608,0
2025-01-05 19:00:00,18.4,23.77,23.96,24.59,22.12,22.88,21.94,22.82,9.97,10.03,9.96,8.73,8.78,8.66,8.47,8.54,8.42,8.67,8.68,8.66,8.89,8.89,8.88,9.35,9.35,9.35,9.84,9.85,9.84,10.43,10.43,10.42,6631,0
2025-01-05 18:00:00,18.39,23.75,23.96,24.57,22.12,22.87,21.95,22.82,9.91,9.96,9.85,8.59,8.66,8.54,8.4,8.42,8.33,8.66,8.66,8.66,8.89,8.89,8.89,9.35,9.35,9.35,9.84,9.85,9.84,10.43,10.43,10.42,6666,0
2025-01-05 17:00:00,18.42,23.73,24.01,24.55,22.12,22.88,21.95,22.82,9.81,9.84,9.72,8.43,8.54,8.31,8.3,8.32,8.3,8.65,8.66,8.64,8.89,8.89,8.88,9.35,9.37,9.35,9.84,9.85,9.84,10.43,10.43,10.42,6742,6953
2025-01-05 16:00:00,18.41,23.72,23.97,24.55,22.12,22.88,21.95,22.82,9.65,9.72,9.58,8.24,8.3,8.18,8.25,8.29,8.21,8.63,8.66,8.63,8.89,8.89,8.87,9.35,9.37,9.35,9.84,9.87,9.84,10.43,10.43,10.43,6820,8292
2025-01-05 15:00:00,18.41,23.74,23.92,24.54,22.12,22.89,21.95,22.82,9.34,9.55,9.13,8.04,8.16,7.95,8.18,8.2,8.18,8.63,8.66,8.62,8.89,8.89,8.88,9.35,9.35,9.35,9.84,9.85,9.84,10.43,10.43,10.43,6826,9821
2025-01-05 14:00:00,18.39,23.72,23.91,24.55,22.13,22.9,21.96,22.83,8.69,9.04,8.42,7.91,7.95,7.83,8.18,8.18,8.18,8.64,8.66,8.63,8.89,8.89,8.88,9.35,9.35,9.35,9.84,9.85,9.84,10.43,10.43,10.43,6826,9998
2025-01-05 13:00:00,18.4,23.73,23.9,24.54,22.13,22.89,21.95,22.84,8.15,8.42,7.95,7.81,7.85,7.77,8.18,8.18,8.18,8.65,8.66,8.63,8.89,8.89,8.88,9.35,9.35,9.35,9.85,9.87,9.84,10.43,10.43,10.43,6838,10609
2025-01-05 12:00:00,18.38,23.75,23.9,24.54,22.13,22.89,21.96,22.84,7.74,7.94,7.59,7.73,7.77,7.71,8.18,8.18,8.18,8.66,8.66,8.64,8.89,8.89,8.88,9.35,9.37,9.35,9.84,9.85,9.84,10.43,10.43,10.43,6838,10687
2025-01-05 11:00:00,18.38,23.76,23.9,24.53,22.13,22.88,21.95,22.84,7.49,7.59,7.36,7.71,7.72,7.71,8.18,8.18,8.18,8.66,8.66,8.64,8.89,8.89,8.88,9.35,9.37,9.35,9.84,9.87,9.84,10.43,10.43,10.43,6826,10680
2025-01-05 10:00:00,18.36,23.74,23.89,24.54,22.13,22.89,21.96,22.84,7.3,7.36,7.24,7.71,7.72,7.71,8.18,8.18,8.18,8.66,8.66,8.66,8.89,8.89,8.87,9.35,9.35,9.35,9.84,9.87,9.84,10.43,10.43,10.43,6822,7689
2025-01-05 09:00:00,18.37,23.74,23.9,24.54,22.13,22.89,21.96,22.84,7.24,7.25,7.24,7.71,7.73,7.71,8.18,8.2,8.18,8.66,8.66,8.66,8.89,8.89,8.88,9.35,9.35,9.35,9.85,9.87,9.84,10.43,10.43,10.43,6542,6846
2025-01-05 08:00:00,18.36,23.73,23.89,24.53,22.13,22.9,21.96,22.84,7.24,7.27,7.24,7.72,7.74,7.71,8.18,8.21,8.18,8.66,8.66,8.66,8.89,8.89,8.88,9.35,9.35,9.35,9.85,9.87,9.84,10.43,10.44,10.43,6468,2158
2025-01-05 07:00:00,18.35,23.71,23.89,24.53,22.13,22.89,21.96,22.85,7.24,7.25,7.24,7.74,7.78,7.72,8.19,8.21,8.18,8.66,8.66,8.66,8.88,8.89,8.85,9.35,9.35,9.35,9.85,9.88,9.84,10.43,10.43,10.43,6461,0
2025-01-05 06:00:00,18.35,23.71,23.9,24.54,22.13,22.89,21.96,22.85,7.24,7.25,7.24,7.79,7.83,7.76,8.21,8.24,8.2,8.66,8.66,8.66,8.87,8.89,8.85,9.35,9.35,9.35,9.85,9.88,9.84,10.43,10.43,10.43,6470,0
2025-01-05 05:00:00,18.35,23.73,23.92,24.53,22.12,22.89,21.96,22.85,7.32,7.35,7.27,7.81,7.83,7.79,8.22,8.26,8.2,8.66,8.66,8.66,8.86,8.88,8.85,9.35,9.35,9.35,9.86,9.89,9.84,10.43,10.44,10.43,6484,0
2025-01-05 04:00:00,18.34,23.73,23.91,24.53,22.12,22.89,21.96,22.85,7.34,7.36,7.31,7.83,7.83,7.82,8.25,8.29,8.24,8.66,8.66,8.66,8.83,8.85,8.81,9.35,9.35,9.35,9.86,9.89,9.85,10.43,10.43,10.43,6493,0
2025-01-05 03:00:00,18.33,23.72,23.9,24.53,22.13,22.89,21.96,22.85,7.33,7.34,7.32,7.83,7.85,7.83,8.26,8.28,8.24,8.66,8.66,8.66,8.82,8.85,8.8,9.35,9.35,9.35,9.87,9.89,9.84,10.44,10.45,10.43,6506,0
2025-01-05 02:00:00,18.32,23.7,23.92,24.53,22.13,22.88,21.96,22.85,7.34,7.35,7.31,7.86,7.92,7.83,8.27,8.29,8.25,8.65,8.66,8.63,8.78,8.8,8.78,9.35,9.35,9.35,9.88,9.92,9.87,10.45,10.47,10.44,6519,0
2025-01-05 01:00:00,18.33,23.7,23.93,24.52,22.13,22.88,21.96,22.85,7.35,7.36,7.34,7.94,7.95,7.92,8.27,8.29,8.26,8.61,8.64,8.59,8.78,8.8,8.78,9.35,9.35,9.35,9.89,9.92,9.88,10.45,10.48,10.43,6533,0
2025-01-05 00:00:00,18.31,23.71,23.9,24.5,22.11,22.88,21.95,22.85,7.41,7.48,7.36,7.96,8,7.95,8.26,8.28,8.25,8.56,8.63,8.54,8.78,8.78,8.78,9.35,9.35,9.35,9.92,9.95,9.89,10.48,10.51,10.46,6517,0
2025-01-04 23:00:00,18.33,23.7,23.9,24.48,22.11,22.89,21.93,22.84,7.57,7.7,7.48,8.05,8.07,8,8.2,8.24,8.18,8.54,8.57,8.54,8.78,8.78,8.78,9.35,9.35,9.35,9.93,9.95,9.92,10.49,10.51,10.47,6550,0
2025-01-04 22:00:00,18.31,23.72,23.9,24.49,22.1,22.9,21.93,22.81,7.81,7.95,7.71,8.07,8.07,8.07,8.18,8.18,8.18,8.53,8.54,8.52,8.78,8.78,8.78,9.35,9.35,9.35,9.94,9.95,9.93,10.51,10.53,10.51,6573,0
2025-01-04 21:00:00,18.3,23.73,23.89,24.53,22.1,22.9,21.93,22.8,8.05,8.18,7.95,8.07,8.09,8.07,8.13,8.18,8.08,8.46,8.51,8.43,8.78,8.78,8.77,9.35,9.37,9.35,9.95,9.95,9.95,10.53,10.55,10.51,6582,0
2025-01-04 20:00:00,18.32,23.73,23.92,24.54,22.1,22.91,21.94,22.8,8.34,8.52,8.18,8.07,8.07,8.07,8.07,8.07,8.06,8.42,8.43,8.42,8.78,8.78,8.77,9.35,9.37,9.35,9.95,9.95,9.95,10.54,10.55,10.52,6608,0
2025-01-04 19:00:00,18.3,23.72,23.91,24.52,22.1,22.91,21.94,22.8,8.66,8.83,8.53,8,8.07,7.95,7.97,8.05,7.95,8.42,8.42,8.42,8.78,8.78,8.78,9.37,9.41,9.35,9.95,9.95,9.95,10.54,10.55,10.54,6640,0
2025-01-04 18:00:00,18.35,23.73,23.93,24.52,22.11,22.92,21.94,22.8,8.95,9.04,8.85,7.86,7.95,7.77,7.88,7.95,7.83,8.41,8.42,8.41,8.78,8.78,8.78,9.4,9.43,9.38,9.95,9.95,9.95,10.54,10.55,10.54,6688,0
2025-01-04 17:00:00,18.4,23.75,23.95,24.52,22.12,22.92,21.94,22.8,9.11,9.12,9.09,7.63,7.73,7.5,7.82,7.83,7.8,8.41,8.42,8.39,8.78,8.8,8.78,9.44,9.47,9.41,9.95,9.96,9.95,10.55,10.55,10.54,6820,7102
2025-01-04 16:00:00,18.42,23.78,23.94,24.52,22.12,22.92,21.95,22.81,8.92,9.07,8.7,7.37,7.48,7.24,7.75,7.81,7.73,8.42,8.42,8.41,8.8,8.84,8.79,9.46,9.47,9.45,9.95,9.96,9.95,10.55,10.55,10.55,6826,10282
2025-01-04 15:00:00,18.44,23.73,23.95,24.54,22.12,22.92,21.95,22.81,8.22,8.66,7.71,7.15,7.24,7.05,7.73,7.75,7.72,8.42,8.43,8.42,8.87,8.89,8.82,9.47,9.47,9.47,9.95,9.96,9.95,10.55,10.55,10.55,6844,10751
2025-01-04 14:00:00,18.44,23.72,23.9,24.52,22.13,22.92,21.95,22.83,7.17,7.6,6.8,7.01,7.04,7,7.79,7.83,7.74,8.48,8.54,8.43,8.89,8.89,8.89,9.47,9.47,9.47,9.96,9.97,9.95,10.55,10.55,10.55,6844,10798
2025-01-04 13:00:00,18.41,23.69,23.91,24.47,22.14,22.93,21.95,22.83,6.5,6.77,6.23,6.97,7,6.92,7.83,7.84,7.81,8.54,8.54,8.53,8.89,8.89,8.89,9.47,9.47,9.47,9.96,10,9.95,10.55,10.55,10.55,6838,10821
2025-01-04 12:00:00,18.35,23.67,23.88,24.5,22.15,22.94,21.94,22.83,5.99,6.17,5.82,6.95,7,6.92,7.87,7.93,7.83,8.56,8.62,8.54,8.89,8.91,8.89,9.47,9.47,9.47,9.97,10,9.97,10.55,10.56,10.55,6838,10802
2025-01-04 11:00:00,18.31,23.7,23.88,24.51,22.16,22.94,21.95,22.84,5.67,5.82,5.58,6.99,7,6.98,7.95,7.96,7.94,8.65,8.66,8.6,8.91,8.93,8.89,9.47,9.47,9.47,9.98,10.01,9.97,10.55,10.56,10.55,6822,10806
2025-01-04 10:00:00,18.32,23.69,23.86,24.52,22.17,22.94,21.93,22.83,5.5,5.58,5.47,7.02,7.09,7,8.02,8.07,7.97,8.66,8.67,8.66,8.92,8.93,8.91,9.47,9.47,9.47,9.99,10.02,9.97,10.55,10.57,10.55,6824,7150
2025-01-04 09:00:00,18.3,23.69,23.87,24.52,22.17,22.94,21.92,22.83,5.47,5.51,5.46,7.12,7.19,7.1,8.07,8.08,8.07,8.67,8.71,8.66,8.96,9,8.93,9.47,9.5,9.47,10,10.04,9.97,10.55,10.56,10.55,6550,6878
2025-01-04 08:00:00,18.29,23.71,23.84,24.51,22.16,22.94,21.92,22.84,5.56,5.59,5.48,7.24,7.25,7.22,8.14,8.18,8.08,8.72,8.77,8.68,8.97,9,8.92,9.47,9.47,9.47,10.01,10.04,9.99,10.55,10.57,10.55,6439,6665
2025-01-04 07:00:00,18.28,23.69,23.84,24.5,22.14,22.94,21.91,22.84,5.7,5.81,5.62,7.34,7.39,7.28,8.19,8.21,8.18,8.77,8.77,8.75,8.99,9.02,8.97,9.47,9.49,9.47,10,10.02,10,10.55,10.57,10.55,6448,0
2025-01-04 06:00:00,18.28,23.74,23.89,24.52,22.14,22.94,21.91,22.84,5.86,5.94,5.81,7.47,7.52,7.41,8.26,8.3,8.21,8.77,8.77,8.77,8.99,9.01,8.97,9.47,9.49,9.47,10.01,10.03,9.97,10.55,10.58,10.55,6459,0
2025-01-04 05:00:00,18.29,23.69,23.95,24.52,22.14,22.94,21.91,22.84,6.04,6.16,5.94,7.57,7.6,7.51,8.3,8.3,8.29,8.77,8.78,8.77,8.98,9.01,8.97,9.47,9.49,9.47,10.01,10.04,9.99,10.57,10.58,10.55,6475,0
2025-01-04 04:00:00,18.31,23.68,23.91,24.53,22.15,22.94,21.9,22.84,6.25,6.38,6.17,7.69,7.73,7.63,8.32,8.35,8.3,8.77,8.77,8.77,8.97,9,8.96,9.47,9.47,9.47,10.02,10.04,10,10.57,10.59,10.56,6488,0
2025-01-04 03:00:00,18.3,23.68,23.9,24.52,22.16,22.94,21.91,22.84,6.49,6.62,6.41,7.8,7.85,7.73,8.39,8.42,8.35,8.77,8.77,8.77,8.95,8.97,8.93,9.47,9.47,9.47,10.03,10.05,10.01,10.58,10.6,10.57,6506,0
2025-01-04 02:00:00,18.32,23.69,23.92,24.52,22.16,22.94,21.9,22.84,6.74,6.88,6.65,7.93,7.95,7.85,8.41,8.42,8.39,8.77,8.77,8.77,8.92,8.93,8.91,9.47,9.47,9.47,10.04,10.07,10.01,10.6,10.62,10.6,6513,0
2025-01-04 01:00:00,18.31,23.69,23.93,24.52,22.15,22.94,21.91,22.84,7.03,7.12,6.9,8.02,8.07,7.95,8.42,8.42,8.41,8.76,8.77,8.72,8.9,8.91,8.89,9.47,9.47,9.47,10.05,10.07,10.03,10.62,10.64,10.6,6528,0
2025-01-04 00:00:00,18.32,23.68,23.93,24.55,22.14,22.94,21.91,22.85,7.26,7.37,7.12,8.11,8.18,8.07,8.42,8.42,8.41,8.69,8.72,8.66,8.89,8.89,8.89,9.47,9.47,9.47,10.06,10.07,10.05,10.63,10.66,10.62,6522,0
2025-01-03 23:00:00,18.29,23.67,23.92,24.54,22.13,22.94,21.91,22.85,7.54,7.71,7.39,8.19,8.24,8.18,8.39,8.42,8.34,8.66,8.67,8.66,8.89,8.89,8.89,9.47,9.47,9.47,10.07,10.07,10.06,10.65,10.67,10.64,6550,0
2025-01-03 22:00:00,18.29,23.68,23.96,24.52,22.13,22.94,21.91,22.84,7.86,8.04,7.71,8.27,8.3,8.21,8.32,8.35,8.3,8.65,8.66,8.63,8.89,8.89,8.89,9.47,9.47,9.47,10.07,10.07,10.07,10.66,10.67,10.65,6573,0
2025-01-03 21:00:00,18.3,23.72,23.96,24.5,22.13,22.94,21.92,22.83,8.22,8.41,8.07,8.3,8.31,8.3,8.29,8.3,8.25,8.57,8.63,8.54,8.89,8.89,8.89,9.47,9.49,9.47,10.07,10.07,10.07,10.67,10.67,10.66,6588,0
2025-01-03 20:00:00,18.29,23.72,23.89,24.47,22.13,22.94,21.93,22.84,8.61,8.81,8.42,8.3,8.3,8.3,8.18,8.21,8.17,8.54,8.54,8.54,8.89,8.89,8.89,9.48,9.52,9.47,10.07,10.07,10.07,10.67,10.67,10.67,6611,0
2025-01-03 19:00:00,18.33,23.71,23.91,24.52,22.13,22.92,21.93,22.83,9.05,9.25,8.87,8.22,8.3,8.18,8.08,8.14,8.07,8.51,8.53,8.47,8.89,8.89,8.89,9.52,9.56,9.5,10.07,10.07,10.07,10.67,10.67,10.67,6648,0
2025-01-03 18:00:00,18.35,23.73,23.93,24.52,22.13,22.91,21.93,22.84,9.48,9.64,9.3,8.06,8.18,7.95,7.96,8.04,7.94,8.45,8.5,8.43,8.89,8.89,8.89,9.57,9.58,9.55,10.07,10.09,10.07,10.67,10.67,10.67,6702,0
2025-01-03 17:00:00,18.44,23.74,23.96,24.53,22.13,22.89,21.94,22.84,9.73,9.79,9.71,7.78,7.95,7.62,7.85,7.94,7.83,8.43,8.46,8.43,8.89,8.89,8.89,9.58,9.59,9.58,10.08,10.1,10.07,10.67,10.67,10.67,6820,7099
2025-01-03 16:00:00,18.47,23.79,23.96,24.52,22.15,22.9,21.95,22.84,9.57,9.72,9.37,7.43,7.59,7.25,7.82,7.83,7.8,8.48,8.51,8.43,8.91,8.93,8.89,9.59,9.59,9.59,10.1,10.12,10.09,10.67,10.68,10.67,6847,10660
2025-01-03 15:00:00,18.49,23.74,23.95,24.49,22.16,22.9,21.96,22.84,8.61,9.25,7.83,7.15,7.24,7.07,7.82,7.83,7.81,8.53,8.54,8.51,8.97,9.02,8.93,9.59,9.59,9.59,10.12,10.14,10.1,10.67,10.68,10.67,6842,10502
2025-01-03 14:00:00,18.47,23.72,23.93,24.5,22.14,22.9,21.96,22.85,7.1,7.71,6.66,7,7.02,7,7.83,7.84,7.83,8.57,8.63,8.54,9.01,9.02,9,9.59,9.59,9.59,10.14,10.18,10.1,10.67,10.68,10.67,6844,10624
2025-01-03 13:00:00,18.4,23.69,23.88,24.52,22.15,22.91,21.97,22.85,6.39,6.65,6.17,6.98,7,6.95,7.88,7.93,7.84,8.65,8.66,8.63,9.02,9.02,9.02,9.59,9.6,9.59,10.16,10.18,10.14,10.67,10.68,10.67,6844,10971
2025-01-03 12:00:00,18.36,23.67,23.88,24.54,22.17,22.91,21.98,22.85,5.93,6.15,5.71,6.97,7,6.95,7.95,7.96,7.94,8.66,8.68,8.66,9.02,9.03,9.02,9.6,9.63,9.59,10.17,10.18,10.14,10.67,10.69,10.67,6838,10790
2025-01-03 11:00:00,18.33,23.7,23.87,24.51,22.18,22.91,21.97,22.86,5.57,5.7,5.47,7,7,7,8.04,8.07,7.95,8.74,8.77,8.68,9.04,9.06,9.03,9.61,9.64,9.59,10.18,10.18,10.16,10.68,10.7,10.68,6822,10711
2025-01-03 10:00:00,18.3,23.69,23.87,24.52,22.15,22.92,21.98,22.86,5.38,5.46,5.35,7.04,7.11,7,8.08,8.14,8.07,8.77,8.77,8.77,9.09,9.1,9.06,9.61,9.64,9.6,10.18,10.18,10.18,10.69,10.71,10.68,6818,8596
2025-01-03 09:00:00,18.28,23.69,23.83,24.5,22.16,22.92,21.98,22.85,5.35,5.35,5.34,7.16,7.24,7.12,8.18,8.18,8.14,8.8,8.83,8.77,9.11,9.13,9.1,9.63,9.66,9.6,10.18,10.18,10.18,10.69,10.72,10.68,6595,6913
2025-01-03 08:00:00,18.3,23.7,23.87,24.48,22.16,22.93,21.98,22.86,5.47,5.57,5.37,7.27,7.34,7.24,8.23,8.29,8.18,8.87,8.89,8.83,9.13,9.14,9.12,9.64,9.66,9.62,10.18,10.18,10.18,10.7,10.74,10.68,6448,6709
2025-01-03 07:00:00,18.29,23.71,23.92,24.48,22.16,22.93,21.98,22.86,5.64,5.7,5.58,7.39,7.47,7.36,8.3,8.31,8.29,8.89,8.89,8.87,9.14,9.14,9.13,9.63,9.64,9.6,10.18,10.18,10.18,10.71,10.73,10.69,6448,0
2025-01-03 06:00:00,18.28,23.71,23.89,24.51,22.16,22.93,21.98,22.86,5.81,5.92,5.7,7.5,7.59,7.47,8.36,8.41,8.31,8.89,8.89,8.89,9.14,9.14,9.13,9.63,9.64,9.6,10.18,10.18,10.18,10.73,10.76,10.72,6446,0
2025-01-03 05:00:00,18.29,23.68,23.92,24.52,22.16,22.92,21.98,22.86,6,6.06,5.94,7.62,7.71,7.59,8.42,8.42,8.41,8.89,8.91,8.89,9.14,9.14,9.14,9.62,9.64,9.59,10.18,10.18,10.18,10.74,10.76,10.72,6477,0
2025-01-03 04:00:00,18.32,23.68,23.93,24.54,22.16,22.92,21.98,22.87,6.21,6.29,6.11,7.74,7.82,7.71,8.44,8.46,8.42,8.89,8.91,8.89,9.13,9.14,9.13,9.62,9.66,9.6,10.18,10.18,10.18,10.76,10.78,10.75,6495,0
2025-01-03 03:00:00,18.3,23.68,23.91,24.54,22.16,22.92,21.99,22.87,6.42,6.53,6.29,7.87,7.94,7.82,8.51,8.54,8.46,8.89,8.91,8.89,9.12,9.14,9.1,9.61,9.64,9.6,10.18,10.18,10.18,10.77,10.78,10.77,6506,0
2025-01-03 02:00:00,18.33,23.68,23.93,24.54,22.15,22.92,21.99,22.87,6.66,6.77,6.53,7.98,8.07,7.95,8.54,8.54,8.53,8.89,8.89,8.89,9.1,9.12,9.08,9.6,9.63,9.59,10.18,10.18,10.18,10.78,10.79,10.77,6519,0
2025-01-03 01:00:00,18.32,23.66,23.93,24.52,22.17,22.92,21.99,22.87,6.95,7.1,6.77,8.1,8.18,8.07,8.54,8.55,8.54,8.89,8.89,8.88,9.08,9.1,9.04,9.6,9.62,9.6,10.18,10.18,10.18,10.78,10.79,10.77,6528,0
2025-01-03 00:00:00,18.32,23.66,23.94,24.5,22.17,22.92,21.99,22.88,7.22,7.36,7.12,8.2,8.27,8.18,8.54,8.55,8.54,8.88,8.89,8.87,9.04,9.06,9.02,9.6,9.62,9.6,10.18,10.18,10.18,10.79,10.79,10.78,6517,0
2025-01-02 23:00:00,18.3,23.7,23.94,24.53,22.16,22.93,22,22.88,7.5,7.65,7.36,8.31,8.37,8.3,8.54,8.55,8.53,8.81,8.87,8.77,9.02,9.04,9.02,9.6,9.63,9.59,10.18,10.18,10.18,10.79,10.79,10.79,6550,0
2025-01-02 22:00:00,18.29,23.7,23.92,24.54,22.15,22.93,22,22.88,7.86,8.07,7.71,8.41,8.43,8.37,8.5,8.54,8.43,8.77,8.78,8.77,9.02,9.03,9.02,9.6,9.63,9.6,10.18,10.18,10.18,10.79,10.79,10.78,6566,0
2025-01-02 21:00:00,18.32,23.7,23.95,24.53,22.15,22.93,22,22.88,8.25,8.43,8.07,8.45,8.5,8.42,8.42,8.45,8.42,8.74,8.77,8.68,9.02,9.02,9.02,9.63,9.66,9.6,10.18,10.2,10.18,10.79,10.79,10.79,6588,0
2025-01-02 20:00:00,18.29,23.69,23.96,24.54,22.14,22.94,22,22.88,8.71,8.93,8.53,8.48,8.53,8.43,8.34,8.42,8.3,8.66,8.67,8.66,9.02,9.02,9.02,9.66,9.68,9.62,10.19,10.22,10.18,10.79,10.79,10.79,6608,0
2025-01-02 19:00:00,18.32,23.72,23.93,24.52,22.14,22.95,22.01,22.88,9.23,9.49,9.01,8.41,8.45,8.35,8.22,8.3,8.18,8.66,8.66,8.64,9.02,9.02,9.02,9.68,9.71,9.68,10.21,10.24,10.18,10.79,10.79,10.79,6648,0
2025-01-02 18:00:00,18.38,23.72,23.92,24.52,22.15,22.94,21.98,22.89,9.75,9.95,9.49,8.23,8.3,8.14,8.1,8.18,8.07,8.63,8.66,8.6,9.02,9.03,9.02,9.7,9.71,9.68,10.24,10.26,10.21,10.79,10.79,10.79,6702,0
2025-01-02 17:00:00,18.47,23.74,23.93,24.51,22.15,22.93,21.92,22.9,10.01,10.06,9.97,7.96,8.08,7.81,8,8.07,7.95,8.6,8.63,8.58,9.04,9.06,9.03,9.71,9.71,9.71,10.27,10.3,10.24,10.79,10.79,10.79,6809,7071
2025-01-02 16:00:00,18.52,23.78,23.93,24.53,22.15,22.93,21.91,22.9,9.88,9.97,9.66,7.59,7.76,7.43,7.95,7.95,7.93,8.63,8.66,8.6,9.1,9.12,9.06,9.71,9.71,9.71,10.28,10.31,10.26,10.79,10.81,10.79,6847,10514
2025-01-02 15:00:00,18.54,23.76,23.91,24.53,22.16,22.94,21.92,22.91,8.92,9.6,8.16,7.27,7.37,7.16,7.94,7.95,7.92,8.66,8.66,8.64,9.14,9.14,9.13,9.71,9.72,9.71,10.3,10.31,10.29,10.8,10.81,10.79,6847,10522
2025-01-02 14:00:00,18.48,23.72,23.91,24.55,22.17,22.94,21.92,22.91,7.35,7.95,6.89,7.1,7.13,7.06,7.95,7.95,7.95,8.7,8.77,8.66,9.14,9.14,9.14,9.73,9.78,9.72,10.31,10.31,10.3,10.8,10.82,10.79,6847,10577
2025-01-02 13:00:00,18.42,23.72,23.87,24.53,22.18,22.94,21.93,22.91,6.51,6.77,6.27,7.01,7.05,7,8.02,8.07,7.95,8.77,8.78,8.77,9.16,9.2,9.14,9.77,9.8,9.75,10.31,10.31,10.29,10.81,10.83,10.8,6844,10888
2025-01-02 12:00:00,18.38,23.72,23.88,24.52,22.18,22.91,21.93,22.91,5.96,6.22,5.71,7,7.02,7,8.07,8.09,8.07,8.82,8.87,8.78,9.22,9.25,9.18,9.79,9.81,9.76,10.31,10.31,10.3,10.82,10.85,10.8,6838,10802
2025-01-02 11:00:00,18.33,23.67,23.84,24.5,22.18,22.91,21.93,22.91,5.57,5.7,5.47,7.06,7.11,7.01,8.16,8.18,8.12,8.89,8.89,8.88,9.25,9.25,9.24,9.81,9.83,9.79,10.31,10.31,10.3,10.83,10.87,10.82,6820,10333
2025-01-02 10:00:00,18.34,23.69,23.86,24.55,22.19,22.91,21.93,22.91,5.38,5.47,5.35,7.16,7.24,7.12,8.23,8.29,8.18,8.91,8.96,8.89,9.25,9.25,9.25,9.81,9.83,9.8,10.31,10.31,10.31,10.85,10.86,10.83,6664,6976
2025-01-02 09:00:00,18.31,23.7,23.92,24.49,22.21,22.91,21.93,22.91,5.37,5.44,5.35,7.26,7.34,7.24,8.3,8.32,8.29,8.99,9.01,8.96,9.25,9.25,9.25,9.82,9.83,9.81,10.31,10.31,10.3,10.85,10.87,10.84,6515,6819
2025-01-02 08:00:00,18.31,23.71,23.88,24.49,22.21,22.91,21.94,22.91,5.52,5.58,5.47,7.38,7.48,7.35,8.4,8.42,8.34,9.01,9.01,9.01,9.25,9.26,9.25,9.82,9.83,9.81,10.31,10.31,10.31,10.86,10.88,10.84,6446,6677
2025-01-02 07:00:00,18.29,23.73,23.91,24.51,22.21,22.91,21.93,22.91,5.66,5.72,5.58,7.5,7.59,7.48,8.42,8.46,8.42,9.01,9.03,9.01,9.25,9.26,9.25,9.82,9.83,9.81,10.31,10.31,10.3,10.86,10.89,10.84,6450,0
2025-01-02 06:00:00,18.28,23.68,23.91,24.51,22.21,22.91,21.94,22.9,5.84,5.94,5.73,7.63,7.71,7.59,8.52,8.54,8.46,9.04,9.06,9.02,9.26,9.28,9.25,9.82,9.83,9.81,10.31,10.31,10.31,10.88,10.89,10.87,6461,0
2025-01-02 05:00:00,18.3,23.68,23.93,24.49,22.22,22.91,21.93,22.91,6.04,6.17,5.94,7.75,7.83,7.71,8.55,8.57,8.54,9.08,9.12,9.05,9.25,9.27,9.25,9.81,9.83,9.8,10.31,10.31,10.31,10.89,10.91,10.87,6475,0
2025-01-02 04:00:00,18.34,23.67,23.93,24.5,22.21,22.91,21.94,22.91,6.26,6.39,6.17,7.9,7.95,7.83,8.62,8.66,8.58,9.09,9.1,9.08,9.25,9.26,9.25,9.81,9.82,9.81,10.31,10.31,10.31,10.89,10.9,10.88,6488,0
2025-01-02 03:00:00,18.32,23.68,23.94,24.5,22.2,22.91,21.93,22.9,6.5,6.63,6.41,8.01,8.07,7.95,8.66,8.66,8.66,9.09,9.1,9.08,9.25,9.26,9.25,9.8,9.82,9.79,10.31,10.31,10.31,10.89,10.91,10.88,6504,0
2025-01-02 02:00:00,18.34,23.65,23.94,24.5,22.19,22.91,21.94,22.87,6.74,6.89,6.65,8.14,8.18,8.07,8.69,8.72,8.66,9.07,9.1,9.05,9.25,9.25,9.25,9.79,9.81,9.78,10.31,10.31,10.31,10.91,10.91,10.9,6515,0
2025-01-02 01:00:00,18.34,23.66,23.89,24.52,22.18,22.91,21.93,22.84,7.04,7.16,6.94,8.25,8.3,8.18,8.74,8.77,8.72,9.03,9.08,9.01,9.25,9.25,9.25,9.79,9.81,9.76,10.31,10.31,10.31,10.91,10.91,10.9,6528,0
2025-01-02 00:00:00,18.32,23.69,23.91,24.52,22.18,22.92,21.94,22.83,7.33,7.48,7.21,8.38,8.42,8.32,8.74,8.75,8.72,9.01,9.02,9.01,9.25,9.25,9.24,9.78,9.8,9.76,10.31,10.31,10.31,10.91,10.91,10.9,6515,0
2025-01-01 23:00:00,18.32,23.69,23.92,24.5,22.16,22.92,21.94,22.82,7.64,7.83,7.48,8.48,8.54,8.42,8.72,8.76,8.68,9,9.01,8.99,9.23,9.25,9.22,9.77,9.79,9.76,10.31,10.31,10.31,10.91,10.91,10.91,6550,0
2025-01-01 22:00:00,18.31,23.69,23.96,24.56,22.17,22.91,21.94,22.82,8.02,8.18,7.83,8.57,8.63,8.54,8.66,8.68,8.66,8.93,9,8.89,9.2,9.25,9.17,9.79,9.81,9.76,10.31,10.32,10.31,10.91,10.91,10.91,6564,0
2025-01-01 21:00:00,18.31,23.68,23.96,24.53,22.17,22.91,21.95,22.83,8.41,8.64,8.18,8.65,8.66,8.64,8.6,8.66,8.54,8.89,8.89,8.89,9.17,9.2,9.14,9.8,9.81,9.79,10.31,10.32,10.31,10.91,10.91,10.91,6577,0
2025-01-01 20:00:00,18.3,23.68,23.96,24.52,22.17,22.91,21.95,22.83,8.87,9.12,8.66,8.66,8.66,8.66,8.52,8.54,8.45,8.85,8.89,8.8,9.14,9.17,9.14,9.82,9.83,9.81,10.33,10.34,10.32,10.91,10.91,10.91,6608,0
2025-01-01 19:00:00,18.34,23.72,23.95,24.54,22.17,22.92,21.95,22.83,9.36,9.6,9.13,8.59,8.66,8.54,8.41,8.43,8.35,8.78,8.8,8.77,9.17,9.18,9.17,9.83,9.83,9.82,10.35,10.37,10.32,10.91,10.91,10.91,6642,0
2025-01-01 18:00:00,18.4,23.71,23.99,24.53,22.16,22.94,21.96,22.84,9.86,10.08,9.63,8.42,8.54,8.3,8.29,8.32,8.22,8.77,8.77,8.77,9.2,9.22,9.18,9.83,9.83,9.83,10.37,10.4,10.34,10.91,10.91,10.91,6697,0
2025-01-01 17:00:00,18.49,23.72,23.91,24.53,22.16,22.94,21.95,22.84,10.09,10.12,10.08,8.16,8.3,8.04,8.18,8.2,8.17,8.77,8.77,8.77,9.24,9.25,9.22,9.83,9.83,9.83,10.4,10.43,10.38,10.91,10.93,10.91,6804,7055
2025-01-01 16:00:00,18.53,23.75,23.93,24.54,22.18,22.95,21.92,22.84,9.99,10.08,9.83,7.82,7.99,7.68,8.09,8.16,8.07,8.77,8.77,8.77,9.25,9.25,9.25,9.83,9.84,9.83,10.41,10.43,10.4,10.92,10.94,10.91,6847,10561
