,sensor de humedad del suelo  1 [%],sensor de humedad del suelo  2 [%],sensor de humedad del suelo  3 [%],sensor de humedad del suelo  4 [%],sensor de humedad del suelo  5 [%],sensor de humedad del suelo  6 [%],sensor de humedad del suelo  7 [%],sensor de humedad del suelo  8 [%],sensor de temperatura del suelo  1 [°C],,,sensor de temperatura del suelo  2 [°C],,,sensor de temperatura del suelo  3 [°C],,,sensor de temperatura del suelo  4 [°C],,,sensor de temperatura del suelo  5 [°C],,,sensor de temperatura del suelo  6 [°C],,,sensor de temperatura del suelo  7 [°C],,,sensor de temperatura del suelo  8 [°C],,,Batería [mV],Panel solar [mV]
Fecha / Hora,promedio,promedio,promedio,promedio,promedio,promedio,promedio,promedio,promedio,máx,mín,promedio,máx,mín,promedio,máx,mín,promedio,máx,mín,promedio,máx,mín,promedio,máx,mín,promedio,máx,mín,promedio,máx,mín,última,última
2025-12-31 16:00:00,1.4,1.21,2.4,20.04,3.54,3.9,3.41,3.65,18.79,19.89,16.2,18.97,20.24,16.28,19.31,20.76,16.34,14.76,15.4,13.39,10.12,10.32,9.85,8.14,8.31,7.94,8.21,8.3,8.17,8.89,8.89,8.89,6838,10884
2025-12-31 15:00:00,1.47,1.29,2.58,20.72,3.67,3.92,3.44,3.65,18.9,19.54,18,19.37,19.95,18.59,20.17,20.63,19.43,15.15,15.4,14.89,9.39,9.81,8.97,7.77,7.94,7.59,8.1,8.17,8.06,8.89,8.89,8.89,6847,10987
2025-12-31 14:00:00,1.35,1.11,2.51,21.3,3.83,3.93,3.45,3.65,17.45,17.99,16.7,18.3,18.6,17.76,19.48,19.65,19.06,14.38,14.8,13.74,8.35,8.89,7.82,7.45,7.58,7.32,8.06,8.06,8.06,8.89,8.89,8.89,6847,10979
2025-12-31 13:00:00,1.18,0.99,2.22,21.68,4.01,3.98,3.45,3.67,14.87,16.34,12.92,15.84,17.53,13.48,17.02,18.83,14.33,12.08,13.5,10.33,7.23,7.72,6.79,7.19,7.27,7.11,8.06,8.06,8.06,8.85,8.89,8.81,6844,11038
2025-12-31 12:00:00,0.91,0.66,1.79,21.82,4.11,3.98,3.46,3.68,9.32,12.32,8.12,9.42,12.76,8.18,9.84,13.48,8.53,8.44,9.96,7.61,6.51,6.77,6.3,7.1,7.11,7.09,8.06,8.07,8.05,8.78,8.81,8.78,6842,11200
2025-12-31 11:00:00,0.84,0.68,1.78,22.13,4.15,3.98,3.48,3.69,6.6,8.06,5.47,6.62,8.06,5.48,6.86,8.42,5.7,6.47,7.47,5.71,6.11,6.25,6.02,7.09,7.1,7.08,8.08,8.13,8.06,8.78,8.8,8.78,6824,10191
2025-12-31 10:00:00,0.75,0.66,1.84,22.43,4.18,3.98,3.48,3.69,4.73,5.35,4.16,4.71,5.35,4.14,4.88,5.57,4.3,5.17,5.65,4.78,5.95,6.03,5.94,7.1,7.11,7.09,8.15,8.18,8.1,8.8,8.83,8.78,6813,7173
2025-12-31 09:00:00,0.81,0.78,2.01,22.76,4.2,3.99,3.48,3.67,3.97,4.16,3.81,3.93,4.15,3.79,4.08,4.28,3.93,4.65,4.76,4.55,5.92,5.94,5.84,7.11,7.12,7.11,8.18,8.2,8.18,8.87,8.89,8.82,6624,6921
2025-12-31 08:00:00,0.88,0.85,2.1,23.05,4.22,3.99,3.49,3.68,4.37,4.46,4.23,4.34,4.42,4.21,4.44,4.52,4.31,4.72,4.8,4.62,5.83,5.85,5.81,7.16,7.23,7.12,8.23,8.29,8.18,8.89,8.89,8.89,6486,6405
2025-12-31 07:00:00,0.94,0.91,2.21,23.21,4.22,3.98,3.5,3.68,4,4.28,3.57,3.96,4.25,3.57,4.05,4.32,3.68,4.35,4.63,4.06,5.73,5.8,5.71,7.25,7.31,7.23,8.3,8.3,8.29,8.89,8.89,8.89,6484,0
2025-12-31 06:00:00,0.91,0.97,2.31,23.34,4.23,3.98,3.53,3.69,2.99,3.48,2.52,2.97,3.45,2.51,3.1,3.57,2.63,3.72,4.04,3.45,5.77,5.83,5.72,7.4,7.46,7.31,8.33,8.39,8.3,8.92,8.97,8.89,6488,0
2025-12-31 05:00:00,0.92,1.1,2.32,23.15,4.21,3.97,3.55,3.7,2.36,2.85,2.04,2.33,2.81,2.04,2.44,2.89,2.15,3.45,3.8,3.22,5.91,5.94,5.83,7.48,7.55,7.46,8.42,8.42,8.41,9,9.01,8.96,6488,0
2025-12-31 04:00:00,0.94,1.02,2.29,22.84,4.2,3.99,3.52,3.7,2.8,2.95,2.63,2.78,2.9,2.63,2.92,3.08,2.74,3.8,3.92,3.73,6.01,6.06,5.94,7.6,7.68,7.55,8.43,8.46,8.42,9.01,9.01,9.01,6497,0
2025-12-31 03:00:00,0.95,0.99,2.27,22.57,4.18,3.98,3.46,3.7,3.17,3.26,2.98,3.14,3.22,2.98,3.27,3.33,3.1,4.03,4.05,3.94,6.06,6.06,6.05,7.71,7.77,7.7,8.52,8.54,8.46,9.02,9.04,9.01,6506,0
2025-12-31 02:00:00,0.98,1.03,2.31,22.34,4.04,3.95,3.44,3.69,3.37,3.45,3.23,3.35,3.45,3.22,3.46,3.57,3.33,4.03,4.14,3.92,6.07,6.11,6.06,7.85,7.93,7.81,8.54,8.54,8.54,9.06,9.09,9.03,6519,0
2025-12-31 01:00:00,0.99,1.08,2.32,22.16,3.74,3.94,3.45,3.63,2.82,3.22,2.45,2.76,3.19,2.39,2.85,3.32,2.4,3.62,3.85,3.45,6.21,6.3,6.14,7.98,8.05,7.94,8.59,8.64,8.56,9.11,9.13,9.1,6528,0
2025-12-31 00:00:00,1.02,1.2,2.3,21.66,3.28,3.99,3.45,3.64,2.51,2.75,2.04,2.43,2.65,2.04,2.5,2.74,2.06,3.51,3.61,3.34,6.41,6.53,6.3,8.1,8.17,8.05,8.63,8.64,8.62,9.13,9.13,9.12,6522,0
2025-12-30 23:00:00,1.05,1.16,2.27,21.22,2.79,3.94,3.43,3.65,1.74,1.92,1.57,1.71,1.9,1.56,1.76,1.94,1.57,3.32,3.33,3.29,6.73,6.91,6.54,8.24,8.31,8.17,8.63,8.64,8.62,9.14,9.14,9.13,6550,0
2025-12-30 22:00:00,1.05,1.18,2.24,20.77,2.67,3.91,3.43,3.66,1.77,2.04,1.56,1.66,1.93,1.44,1.73,2.03,1.47,3.59,3.9,3.33,7.19,7.4,7,8.39,8.42,8.31,8.64,8.64,8.64,9.14,9.16,9.14,6568,0
2025-12-30 21:00:00,1.07,1.2,2.02,20.53,2.68,3.9,3.45,3.65,2.36,2.75,2.08,2.3,2.63,2.04,2.34,2.68,2.03,4.29,4.67,3.93,7.7,7.95,7.48,8.48,8.53,8.41,8.65,8.68,8.64,9.13,9.14,9.13,6588,0
2025-12-30 20:00:00,1,0.99,1.82,20.35,2.73,3.9,3.44,3.64,3.22,3.57,2.77,3.14,3.48,2.72,3.2,3.57,2.74,5.2,5.7,4.75,8.25,8.53,7.97,8.53,8.54,8.53,8.63,8.64,8.56,9.13,9.13,9.13,6604,0
2025-12-30 19:00:00,0.88,0.78,1.6,20.3,2.76,3.9,3.42,3.62,4.31,4.98,3.7,4.25,4.98,3.64,4.32,5.09,3.69,6.43,7.12,5.82,8.81,9.08,8.55,8.53,8.55,8.51,8.53,8.56,8.47,9.12,9.13,9.1,6640,0
2025-12-30 18:00:00,0.83,0.63,1.53,20.31,2.81,3.89,3.48,3.6,6.47,8.3,5.12,6.52,8.35,5.12,6.62,8.42,5.22,8.33,9.47,7.28,9.34,9.49,9.14,8.38,8.47,8.29,8.41,8.45,8.35,9.11,9.12,9.09,6693,0
2025-12-30 17:00:00,0.95,0.73,1.76,20.56,2.9,3.91,3.44,3.6,11.66,15.16,8.67,11.61,15.04,8.78,11.61,15.04,8.78,11.03,12.59,9.68,9.57,9.6,9.49,8.11,8.27,7.94,8.3,8.31,8.26,9.1,9.12,9.09,6826,7102
2025-12-30 16:00:00,1.33,1.13,2.28,21.28,3.17,3.92,3.42,3.63,18.52,20.01,15.61,18.52,20.04,15.53,18.96,20.65,15.75,14.07,14.69,12.91,9.1,9.47,8.67,7.78,7.94,7.64,8.19,8.24,8.17,9.08,9.1,9.07,6838,10884
2025-12-30 15:00:00,1.39,1.16,2.39,21.67,3.16,3.94,3.45,3.67,17.97,19.31,14.73,18.05,19.54,14.81,18.77,20.12,15.36,13.31,14.21,11.73,8.19,8.64,7.84,7.47,7.58,7.32,8.15,8.18,8.12,9.05,9.09,9.01,6847,10963
2025-12-30 14:00:00,1.02,0.82,1.95,21.6,3.07,3.97,3.45,3.69,11.97,13.39,10.91,12.04,13.51,10.95,12.36,13.86,11.23,10.61,11.3,9.96,7.4,7.72,7.1,7.17,7.28,7.06,8.16,8.18,8.14,9.02,9.04,9.01,6844,11148
2025-12-30 13:00:00,0.88,0.63,1.84,21.77,3.09,4.01,3.47,3.7,10.36,10.67,10.08,10.39,10.7,10.08,10.64,10.96,10.31,9.46,9.84,9.02,6.69,7.01,6.34,6.95,7.02,6.87,8.19,8.22,8.18,9.01,9.01,9,6838,10380
2025-12-30 12:00:00,0.87,0.64,1.85,22.13,3.09,4.04,3.5,3.69,9.67,10,9.53,9.71,10.08,9.6,9.94,10.3,9.82,8.35,8.89,7.76,5.95,6.3,5.62,6.87,6.87,6.87,8.28,8.3,8.22,8.96,9.01,8.89,6826,10766
2025-12-30 11:00:00,0.87,0.63,1.92,22.79,3.25,4.03,3.53,3.71,7.94,9.49,6.41,7.89,9.49,6.29,8.07,9.72,6.53,6.24,7.59,4.87,5.36,5.59,5.22,6.92,6.99,6.87,8.31,8.35,8.3,8.91,8.95,8.89,6826,10932
2025-12-30 10:00:00,0.75,0.67,2.06,23.71,3.25,4,3.55,3.72,4.87,6.16,2.72,4.77,6.05,2.64,5.02,6.2,2.85,3.66,4.63,2.74,5.13,5.18,5.12,7.04,7.11,6.99,8.39,8.42,8.35,9,9.01,8.96,6824,9915
2025-12-30 09:00:00,0.87,0.99,2.58,24.2,3.24,4.01,3.55,3.74,1.81,2.51,1.45,1.76,2.46,1.44,1.87,2.6,1.47,2.37,2.63,2.27,5.15,5.21,5.12,7.21,7.32,7.11,8.42,8.43,8.42,9.04,9.08,9.01,6613,6929
2025-12-30 08:00:00,0.91,1.01,2.59,24.29,3.22,4.01,3.54,3.7,1.88,2.04,1.58,1.82,2.02,1.56,1.88,2.08,1.59,2.41,2.51,2.27,5.23,5.23,5.22,7.46,7.57,7.34,8.43,8.51,8.42,9.08,9.13,9.03,6486,6724
2025-12-30 07:00:00,0.92,1.11,2.73,24.46,3.3,4,3.48,3.66,1.06,1.8,0.38,0.97,1.75,0.26,0.98,1.8,0.28,1.81,2.2,1.56,5.28,5.35,5.23,7.64,7.71,7.58,8.58,8.64,8.46,9.21,9.25,9.13,6481,0
2025-12-30 06:00:00,0.9,1.13,2.68,24.37,3.22,3.97,3.49,3.66,0.48,0.98,0.16,0.41,0.93,0.11,0.4,0.88,0.1,1.71,1.91,1.56,5.46,5.58,5.35,7.83,7.94,7.74,8.73,8.77,8.64,9.3,9.35,9.25,6486,0
2025-12-30 05:00:00,0.93,1.14,2.71,24.33,3.23,3.99,3.46,3.63,1.04,1.33,0.38,0.94,1.21,0.36,0.95,1.21,0.38,1.96,2.03,1.81,5.65,5.78,5.58,8.02,8.14,7.94,8.84,8.89,8.77,9.37,9.39,9.37,6493,0
2025-12-30 04:00:00,0.9,1.14,2.54,24.14,3.21,3.98,3.46,3.61,0.38,0.45,0.28,0.31,0.38,0.21,0.35,0.4,0.26,1.91,2.03,1.85,5.92,6.06,5.8,8.22,8.3,8.14,8.94,9.01,8.89,9.46,9.49,9.39,6502,0
2025-12-30 03:00:00,0.92,1.17,2.44,23.85,3.21,3.95,3.46,3.58,0.58,0.72,0.47,0.49,0.62,0.37,0.52,0.68,0.38,2.17,2.35,2.03,6.22,6.39,6.06,8.41,8.52,8.31,9.02,9.05,9.01,9.5,9.58,9.49,6513,0
2025-12-30 02:00:00,0.94,1.17,2.39,23.05,3.16,3.91,3.42,3.6,0.7,0.84,0.62,0.61,0.74,0.52,0.68,0.83,0.61,2.49,2.67,2.39,6.55,6.75,6.42,8.58,8.64,8.53,9.11,9.13,9.04,9.6,9.6,9.57,6524,0
2025-12-30 01:00:00,0.96,1.17,2.38,22.65,2.89,3.86,3.41,3.62,1.04,1.21,0.85,0.95,1.1,0.74,1.03,1.21,0.85,2.93,3.12,2.73,6.94,7.13,6.77,8.74,8.85,8.64,9.14,9.16,9.13,9.6,9.62,9.6,6537,0
2025-12-30 00:00:00,1,1.16,2.24,21.85,2.65,3.79,3.4,3.61,1.52,1.72,1.28,1.45,1.68,1.21,1.51,1.71,1.24,3.42,3.69,3.22,7.4,7.6,7.15,8.93,9,8.87,9.22,9.24,9.17,9.61,9.63,9.6,6524,0
2025-12-29 23:00:00,1.06,1.21,2.1,21.15,2.64,3.72,3.4,3.61,2.06,2.38,1.8,2,2.28,1.75,2.04,2.31,1.8,4,4.28,3.7,7.85,8.07,7.61,9.09,9.13,9,9.24,9.26,9.24,9.6,9.62,9.6,6550,0
2025-12-29 22:00:00,1.09,1.21,2.04,20.95,2.69,3.7,3.38,3.61,2.71,2.93,2.39,2.65,2.86,2.33,2.7,2.89,2.39,4.66,4.96,4.34,8.33,8.55,8.07,9.24,9.3,9.16,9.3,9.34,9.25,9.6,9.6,9.6,6573,0
2025-12-29 21:00:00,1.07,1.05,1.86,20.69,2.73,3.68,3.38,3.6,3.24,3.69,2.97,3.2,3.69,2.86,3.27,3.71,2.86,5.39,5.82,4.98,8.87,9.14,8.6,9.36,9.45,9.33,9.31,9.35,9.26,9.58,9.6,9.52,6588,0
2025-12-29 20:00:00,0.96,0.89,1.63,20.59,2.76,3.69,3.4,3.58,4.16,4.76,3.72,4.12,4.73,3.69,4.21,4.76,3.81,6.39,6.9,5.94,9.46,9.72,9.18,9.47,9.47,9.47,9.23,9.24,9.16,9.49,9.51,9.49,6604,0
2025-12-29 19:00:00,0.82,0.72,1.47,20.48,2.82,3.7,3.41,3.6,5.45,6.17,4.81,5.41,6.17,4.76,5.52,6.29,4.87,7.75,8.52,7.02,10.12,10.44,9.85,9.46,9.47,9.39,9.08,9.13,9.01,9.43,9.49,9.37,6635,0
2025-12-29 18:00:00,0.86,0.6,1.48,20.46,2.91,3.71,3.4,3.62,7.91,10.08,6.32,7.95,10.08,6.4,7.99,9.99,6.48,9.68,10.82,8.66,10.74,11.01,10.45,9.28,9.35,9.13,8.91,9.01,8.82,9.37,9.39,9.37,6680,0
2025-12-29 17:00:00,1,0.8,1.73,20.82,3.13,3.74,3.41,3.61,13.72,17.17,10.55,13.63,17.04,10.52,13.51,17.04,10.44,12.53,14.26,11.02,11.14,11.2,11.03,8.95,9.12,8.76,8.73,8.79,8.64,9.37,9.37,9.37,6778,7039
2025-12-29 16:00:00,1.35,1.15,2.31,21.9,3.44,3.77,3.39,3.6,20.76,22.26,17.65,20.82,22.38,17.68,21.37,23.2,17.83,16.18,16.93,14.65,10.9,11.15,10.56,8.54,8.76,8.34,8.58,8.64,8.54,9.37,9.37,9.37,6838,10829
2025-12-29 15:00:00,1.44,1.28,2.51,22.64,3.49,3.83,3.45,3.61,21.79,22.26,21.32,22.19,22.49,21.78,23.14,23.44,22.75,16.68,17.04,16.2,10.08,10.55,9.6,8.1,8.29,7.94,8.47,8.54,8.42,9.35,9.37,9.32,6847,10884
2025-12-29 14:00:00,1.41,1.23,2.51,23.22,3.54,3.86,3.5,3.65,20.18,21.27,19.09,20.97,21.78,20.12,22.01,22.73,21.31,15.55,16.11,15.03,9,9.53,8.43,7.72,7.94,7.56,8.42,8.43,8.42,9.26,9.31,9.25,6847,10853
2025-12-29 13:00:00,1.24,1.05,2.38,23.86,3.57,3.94,3.45,3.64,19.7,20.71,18.76,20.85,21.89,19.89,22.03,23.08,20.96,14.36,14.92,13.52,7.73,8.31,7.13,7.36,7.49,7.23,8.5,8.54,8.43,9.24,9.25,9.22,6847,10947
2025-12-29 12:00:00,1.07,0.88,2.19,24.2,3.61,3.96,3.45,3.66,18.35,20,15.99,19.12,21.08,16.34,20.06,22.26,16.69,11.54,13.27,9.47,6.5,7.01,6.06,7.12,7.2,7.11,8.58,8.64,8.54,9.24,9.25,9.21,6844,10790
2025-12-29 11:00:00,0.93,0.75,1.97,24.48,3.7,3.97,3.48,3.67,16.7,17.64,15.75,17.03,18,16.11,17.65,18.84,16.2,8.72,9.39,7.47,5.65,6.04,5.35,7.18,7.23,7.11,8.64,8.64,8.62,9.22,9.25,9.18,6844,11050
2025-12-29 10:00:00,0.81,0.6,1.95,25.67,3.84,3.96,3.49,3.66,12.13,15.99,6.36,11.98,16.12,5.92,12.46,16.82,6.17,5.18,7.13,2.98,5.16,5.29,5.12,7.39,7.46,7.24,8.63,8.68,8.59,9.27,9.35,9.25,6842,10908
2025-12-29 09:00:00,0.85,1.01,2.61,26.42,3.87,3.97,3.48,3.65,2.02,5.17,-0.08,1.82,4.79,-0.19,1.94,5.08,-0.19,1.78,2.68,1.22,5.22,5.32,5.13,7.56,7.7,7.46,8.76,8.78,8.72,9.38,9.43,9.35,6818,7772
2025-12-29 08:00:00,0.91,1.17,2.82,26.47,3.84,3.96,3.46,3.62,-0.01,0.14,-0.19,-0.12,0,-0.31,-0.14,-0.04,-0.3,1.33,1.45,1.21,5.43,5.53,5.34,7.77,7.92,7.7,8.87,8.89,8.81,9.48,9.49,9.43,6481,6736
2025-12-29 07:00:00,0.9,1.18,2.79,26.39,3.84,3.97,3.47,3.61,0.25,0.4,0.14,0.14,0.34,0.03,0.13,0.31,0.02,1.63,1.79,1.49,5.65,5.75,5.57,8.02,8.14,7.94,8.97,9.01,8.89,9.57,9.6,9.5,6481,0
2025-12-29 06:00:00,0.89,1.16,2.77,26.29,3.81,3.97,3.45,3.6,0.45,0.72,0.33,0.34,0.61,0.26,0.34,0.58,0.26,1.9,2.04,1.8,5.89,6,5.77,8.22,8.29,8.16,9.08,9.13,9.01,9.64,9.71,9.6,6484,0
2025-12-29 05:00:00,0.94,1.16,2.77,26.24,3.77,3.95,3.43,3.56,0.86,0.99,0.72,0.73,0.85,0.6,0.69,0.85,0.56,2.22,2.39,2.06,6.16,6.3,6.06,8.43,8.53,8.32,9.22,9.24,9.14,9.72,9.74,9.72,6493,0
2025-12-29 04:00:00,0.95,1.17,2.79,26.18,3.77,3.93,3.41,3.57,0.99,1.2,0.85,0.89,1.09,0.74,0.9,1.12,0.73,2.54,2.74,2.39,6.45,6.59,6.3,8.61,8.7,8.53,9.32,9.35,9.24,9.81,9.84,9.75,6502,0
2025-12-29 03:00:00,0.97,1.14,2.79,25.97,3.7,3.9,3.4,3.57,1.48,1.68,1.33,1.37,1.56,1.21,1.38,1.57,1.21,2.94,3.1,2.75,6.76,6.89,6.64,8.8,8.88,8.72,9.4,9.47,9.35,9.85,9.89,9.84,6513,0
2025-12-29 02:00:00,1,1.12,2.67,25.22,3.62,3.89,3.39,3.54,1.86,2.21,1.59,1.74,2.08,1.49,1.73,2.07,1.44,3.36,3.58,3.1,7.1,7.3,6.92,8.96,9.05,8.88,9.48,9.52,9.47,9.93,9.96,9.89,6524,0
2025-12-29 01:00:00,1.02,1.22,2.64,24.86,3.32,3.87,3.35,3.56,2.46,2.63,2.27,2.34,2.51,2.13,2.33,2.51,2.15,3.86,4.04,3.68,7.48,7.65,7.36,9.14,9.22,9.09,9.57,9.6,9.51,9.96,9.97,9.96,6537,0
2025-12-29 00:00:00,1.08,1.19,2.61,24.2,2.78,3.84,3.36,3.56,2.9,3.19,2.63,2.79,3.07,2.51,2.8,3.1,2.51,4.38,4.63,4.15,7.87,8.07,7.71,9.3,9.35,9.24,9.62,9.66,9.6,9.96,9.97,9.96,6537,0
2025-12-28 23:00:00,1.14,1.18,2.45,23.55,2.75,3.83,3.35,3.55,3.46,3.83,3.22,3.36,3.73,3.1,3.38,3.76,3.12,4.99,5.34,4.69,8.29,8.5,8.08,9.44,9.47,9.35,9.71,9.72,9.68,9.96,9.97,9.96,6564,0
2025-12-28 22:00:00,1.1,1.05,2.17,23.37,2.76,3.8,3.34,3.54,4.35,4.83,3.84,4.26,4.76,3.79,4.28,4.8,3.78,5.8,6.29,5.37,8.69,8.89,8.55,9.58,9.6,9.51,9.72,9.72,9.72,9.96,9.96,9.96,6575,0
2025-12-28 21:00:00,1.01,0.93,1.92,23.38,2.82,3.8,3.34,3.53,5.42,5.7,4.98,5.36,5.59,4.92,5.44,5.7,4.98,6.64,6.76,6.32,9.05,9.25,8.89,9.68,9.72,9.6,9.72,9.72,9.72,9.95,9.96,9.93,6591,0
2025-12-28 20:00:00,0.92,0.83,1.81,23.41,2.85,3.78,3.34,3.56,5.39,5.56,5.24,5.35,5.47,5.23,5.45,5.59,5.35,6.97,7.17,6.76,9.47,9.72,9.25,9.8,9.83,9.72,9.72,9.72,9.71,9.88,9.93,9.84,6608,0
2025-12-28 19:00:00,0.83,0.7,1.75,23.39,2.9,3.79,3.33,3.56,5.81,6.41,5.38,5.79,6.41,5.35,5.9,6.53,5.46,7.74,8.3,7.24,9.96,10.2,9.72,9.83,9.83,9.83,9.62,9.7,9.6,9.84,9.84,9.84,6637,0
2025-12-28 18:00:00,0.86,0.61,1.74,23.31,3.17,3.79,3.33,3.56,8.13,10.14,6.63,8.15,10.14,6.64,8.19,10.13,6.68,9.33,10.31,8.46,10.35,10.44,10.2,9.74,9.82,9.7,9.53,9.6,9.47,9.83,9.84,9.81,6688,0
2025-12-28 17:00:00,0.94,0.73,1.89,23.7,3.32,3.8,3.36,3.56,11.55,12.09,10.51,11.52,12.09,10.48,11.54,12.09,10.47,10.93,11.26,10.43,10.53,10.56,10.45,9.59,9.68,9.47,9.43,9.47,9.35,9.77,9.82,9.74,6826,7102
2025-12-28 16:00:00,1.01,0.82,1.95,24.1,3.34,3.8,3.36,3.56,12.62,13.51,12.09,12.66,13.6,12.09,12.71,13.63,12.14,11.7,12.22,11.26,10.51,10.56,10.44,9.38,9.47,9.26,9.33,9.35,9.29,9.73,9.75,9.72,6822,9222
2025-12-28 15:00:00,1.08,0.93,2.08,24.69,3.39,3.81,3.39,3.55,14.99,16.11,13.68,15.13,16.23,13.74,15.3,16.52,13.86,12.8,13.15,12.32,10.16,10.39,9.93,9.14,9.24,9,9.24,9.27,9.24,9.72,9.72,9.72,6826,10057
2025-12-28 14:00:00,1.09,0.96,2.15,25.25,3.42,3.85,3.39,3.55,15.39,16.7,14.35,15.54,16.94,14.42,15.76,17.29,14.57,12.6,13.15,11.97,9.57,9.85,9.32,8.94,9,8.88,9.23,9.24,9.22,9.72,9.72,9.72,6844,11014
2025-12-28 13:00:00,1.01,0.83,2.11,25.66,3.47,3.86,3.42,3.56,13.14,14.33,12.67,13.14,14.33,12.66,13.22,14.52,12.68,11.25,11.85,10.98,9.06,9.25,8.85,8.79,8.88,8.76,9.17,9.2,9.16,9.72,9.72,9.71,6838,10947
2025-12-28 12:00:00,0.99,0.79,2.19,26.15,3.49,3.9,3.43,3.58,12.03,12.56,11.61,11.97,12.56,11.5,12.04,12.65,11.55,10.54,10.9,10.08,8.6,8.8,8.42,8.7,8.76,8.66,9.16,9.18,9.13,9.7,9.72,9.67,6826,10301
2025-12-28 11:00:00,0.86,0.72,2.26,26.83,3.48,3.9,3.42,3.59,10.29,11.26,8.91,10.17,11.2,8.87,10.22,11.22,8.89,9.31,9.96,8.54,8.22,8.35,8.1,8.65,8.67,8.64,9.16,9.18,9.14,9.66,9.68,9.63,6822,7938
2025-12-28 10:00:00,0.94,0.73,2.38,27.02,3.48,3.9,3.42,3.61,8.23,8.67,7.91,8.17,8.66,7.83,8.24,8.75,7.87,8.06,8.42,7.83,8.07,8.09,8.07,8.65,8.7,8.64,9.16,9.2,9.14,9.63,9.64,9.62,6688,7012
2025-12-28 09:00:00,0.95,0.74,2.49,27.13,3.47,3.9,3.43,3.61,7.63,7.83,7.36,7.55,7.73,7.25,7.61,7.83,7.35,7.64,7.8,7.47,8.07,8.07,8.07,8.68,8.7,8.67,9.17,9.2,9.14,9.62,9.64,9.6,6533,6811
2025-12-28 08:00:00,0.98,0.91,2.7,27.53,3.49,3.89,3.43,3.61,7.13,7.27,7.05,7.07,7.24,7,7.14,7.26,7.1,7.47,7.47,7.46,8.09,8.14,8.07,8.72,8.76,8.71,9.17,9.18,9.14,9.61,9.64,9.6,6502,2174
2025-12-28 07:00:00,0.99,0.89,2.84,27.95,3.48,3.88,3.43,3.61,7.27,7.49,7.08,7.21,7.48,7,7.26,7.48,7.09,7.57,7.71,7.47,8.18,8.18,8.16,8.76,8.76,8.75,9.19,9.21,9.16,9.6,9.62,9.6,6504,0
2025-12-28 06:00:00,0.97,0.82,2.89,28.42,3.49,3.89,3.43,3.61,7.62,7.68,7.58,7.55,7.59,7.48,7.59,7.61,7.59,7.71,7.72,7.71,8.18,8.18,8.18,8.76,8.76,8.76,9.18,9.2,9.16,9.6,9.6,9.6,6506,0
2025-12-28 05:00:00,1.07,1.01,3.1,28.94,3.5,3.89,3.43,3.61,7.4,7.59,7.12,7.34,7.51,7.11,7.4,7.59,7.12,7.59,7.71,7.48,8.25,8.31,8.18,8.76,8.76,8.76,9.16,9.18,9.14,9.6,9.6,9.6,6506,0
2025-12-28 04:00:00,1.01,0.9,2.97,28.73,3.51,3.89,3.43,3.6,7.41,7.65,7.12,7.36,7.6,7.1,7.43,7.7,7.12,7.74,7.91,7.52,8.31,8.31,8.31,8.76,8.76,8.76,9.14,9.16,9.13,9.6,9.6,9.6,6515,0
2025-12-28 03:00:00,1.13,1.03,3.33,30,3.53,3.9,3.43,3.6,7.71,7.8,7.66,7.68,7.71,7.59,7.76,7.83,7.71,7.95,7.95,7.94,8.32,8.34,8.31,8.76,8.76,8.76,9.13,9.14,9.13,9.6,9.6,9.6,6524,0
2025-12-28 02:00:00,1.14,1.07,3.31,29.57,3.53,3.89,3.42,3.6,7.87,7.95,7.79,7.81,7.9,7.71,7.88,7.95,7.81,7.97,8.01,7.95,8.39,8.43,8.35,8.76,8.76,8.76,9.13,9.13,9.13,9.6,9.6,9.6,6533,0
2025-12-28 01:00:00,1.05,0.94,3,28.5,3.54,3.89,3.42,3.59,7.84,7.95,7.72,7.77,7.83,7.71,7.82,7.94,7.72,8,8.06,7.95,8.43,8.43,8.43,8.76,8.76,8.76,9.12,9.13,9.1,9.6,9.6,9.6,6542,0
2025-12-28 00:00:00,1.11,1.04,3.35,29.98,3.54,3.89,3.44,3.59,8.07,8.16,7.84,8.02,8.07,7.82,8.09,8.18,7.83,8.21,8.28,8.07,8.46,8.5,8.43,8.76,8.76,8.76,9.06,9.12,9.02,9.6,9.6,9.6,6542,0
2025-12-27 23:00:00,1.22,1.15,3.58,30.4,3.5,3.88,3.43,3.6,8.09,8.13,8.07,8.06,8.07,8.04,8.1,8.14,8.07,8.26,8.3,8.22,8.53,8.55,8.5,8.76,8.76,8.76,9.01,9.02,9.01,9.58,9.6,9.55,6564,0
2025-12-27 22:00:00,1.22,1,3.26,28.04,3.42,3.9,3.43,3.58,8.17,8.21,8.1,8.12,8.18,8.07,8.18,8.29,8.12,8.35,8.42,8.29,8.55,8.55,8.55,8.71,8.76,8.66,8.98,9.01,8.93,9.52,9.57,9.5,6577,0
2025-12-27 21:00:00,1.09,0.87,3.04,24.62,3.41,3.9,3.45,3.57,8.26,8.42,8.18,8.22,8.37,8.18,8.28,8.41,8.18,8.44,8.54,8.41,8.57,8.63,8.55,8.64,8.66,8.64,8.89,8.92,8.89,9.49,9.49,9.49,6588,0
2025-12-27 20:00:00,1.01,0.77,2.42,21.43,3.28,3.89,3.43,3.58,8.4,8.51,8.31,8.36,8.42,8.3,8.37,8.43,8.3,8.54,8.54,8.53,8.65,8.66,8.6,8.6,8.64,8.53,8.82,8.88,8.77,9.48,9.49,9.47,6602,0
2025-12-27 19:00:00,0.92,0.66,1.87,19.06,2.96,3.9,3.42,3.6,8.46,8.54,8.39,8.41,8.51,8.3,8.42,8.54,8.3,8.7,8.85,8.57,8.69,8.76,8.66,8.5,8.53,8.41,8.73,8.77,8.64,9.43,9.46,9.41,6624,0
2025-12-27 18:00:00,0.92,0.72,1.81,18.78,3.07,3.87,3.44,3.62,9.27,10.44,8.58,9.24,10.41,8.54,9.25,10.31,8.63,9.19,9.6,8.89,8.76,8.78,8.74,8.35,8.41,8.29,8.63,8.66,8.56,9.39,9.42,9.38,6648,0
2025-12-27 17:00:00,0.97,0.78,1.8,18.37,3.24,3.91,3.42,3.62,11.94,12.69,10.79,11.84,12.58,10.68,11.72,12.54,10.56,10.08,10.44,9.7,8.68,8.74,8.63,8.14,8.27,8.05,8.54,8.54,8.53,9.38,9.39,9.37,6713,4294
2025-12-27 16:00:00,0.99,0.78,1.84,18.66,3.25,3.9,3.49,3.62,13.21,13.62,12.81,13.12,13.51,12.69,13.07,13.5,12.65,10.73,10.9,10.55,8.5,8.59,8.38,7.92,8.05,7.82,8.44,8.51,8.42,9.37,9.39,9.37,6826,7102
2025-12-27 15:00:00,1.01,0.81,1.89,18.98,3.26,3.94,3.52,3.6,13.64,13.86,13.51,13.6,13.86,13.4,13.6,13.86,13.39,10.92,11.04,10.81,8.17,8.32,7.95,7.68,7.81,7.58,8.42,8.43,8.42,9.33,9.37,9.29,6824,10183
2025-12-27 14:00:00,1.07,0.95,1.99,19.51,3.31,3.95,3.49,3.61,14.69,15.56,13.88,14.86,15.87,13.91,15.07,16.2,13.97,11.42,11.73,11.14,7.63,7.95,7.33,7.42,7.56,7.26,8.47,8.53,8.42,9.26,9.29,9.25,6838,10538
2025-12-27 13:00:00,1.1,0.94,2.04,20.03,3.35,3.99,3.44,3.62,14.56,15.99,12.8,14.98,16.57,13.15,15.43,17.17,13.5,10.7,11.61,9.6,6.83,7.2,6.51,7.11,7.23,7,8.56,8.59,8.54,9.26,9.3,9.25,6840,11030
2025-12-27 12:00:00,1.04,0.89,1.97,20.57,3.37,4,3.47,3.63,13.98,15.04,12.66,14.59,15.75,12.92,15.18,16.56,13.15,9.37,10.02,7.95,6.06,6.42,5.71,7.03,7.1,6.99,8.63,8.64,8.6,9.24,9.25,9.21,6826,11030
2025-12-27 11:00:00,0.94,0.72,1.85,21.09,3.38,4.01,3.48,3.64,12.33,12.8,11.26,12.7,13.23,11.57,13.2,13.88,11.97,7.31,7.83,6.52,5.38,5.71,5.12,7.16,7.28,7.11,8.58,8.64,8.54,9.19,9.21,9.16,6838,11007
2025-12-27 10:00:00,0.78,0.54,1.85,22.32,3.47,4.02,3.53,3.62,10.28,12.92,5.23,10.32,13.2,4.98,10.8,13.86,5.12,4.5,6.3,2.28,5.04,5.12,5,7.5,7.59,7.34,8.46,8.54,8.42,9.13,9.17,9.12,6838,11219
2025-12-27 09:00:00,0.82,1.04,2.58,23.42,3.5,4.02,3.49,3.59,0.89,4.16,-1.04,0.75,3.93,-1.15,0.88,4.1,-1.12,1,2.02,0.5,5.14,5.23,5.12,7.73,7.82,7.63,8.52,8.63,8.42,9.2,9.25,9.13,6818,7938
2025-12-27 08:00:00,0.85,1.21,2.79,23.47,3.48,4.01,3.49,3.58,-1.05,-0.79,-1.26,-1.18,-1,-1.37,-1.18,-1.02,-1.36,0.57,0.73,0.47,5.45,5.6,5.27,7.92,8.01,7.82,8.64,8.68,8.6,9.28,9.35,9.25,6488,6752
2025-12-27 07:00:00,0.88,1.21,2.75,23.36,3.43,4.03,3.46,3.58,-0.5,-0.18,-0.9,-0.62,-0.3,-1.02,-0.62,-0.21,-1.02,0.98,1.21,0.73,5.77,5.93,5.63,8.1,8.17,8.05,8.78,8.88,8.71,9.38,9.43,9.37,6484,0
2025-12-27 06:00:00,0.9,1.2,2.7,23.13,3.4,4,3.45,3.56,-0.2,0,-0.43,-0.3,-0.08,-0.55,-0.29,-0.14,-0.5,1.34,1.55,1.16,6.05,6.18,5.94,8.29,8.41,8.17,8.93,9.01,8.89,9.49,9.55,9.45,6488,0
2025-12-27 05:00:00,0.9,1.18,2.65,22.85,3.38,3.99,3.44,3.56,-0.01,0.42,-0.31,-0.06,0.38,-0.43,-0.04,0.41,-0.33,1.79,2.15,1.56,6.28,6.32,6.18,8.46,8.53,8.41,9.09,9.22,9.01,9.65,9.72,9.58,6497,0
2025-12-27 04:00:00,0.93,1.13,2.62,22.67,3.35,3.96,3.4,3.57,1.1,1.76,0.62,1.04,1.68,0.56,1.09,1.73,0.6,2.49,2.74,2.22,6.3,6.33,6.28,8.62,8.76,8.53,9.37,9.47,9.24,9.9,9.96,9.76,6510,0
2025-12-27 03:00:00,0.94,1.11,2.59,22.61,3.37,3.95,3.4,3.58,1.57,1.92,0.84,1.49,1.81,0.74,1.57,1.92,0.84,2.72,2.86,2.43,6.46,6.59,6.37,8.82,8.89,8.76,9.5,9.58,9.47,10,10.08,9.96,6519,0
2025-12-27 02:00:00,0.95,1.19,2.58,22.36,3.32,3.93,3.38,3.55,0.79,0.97,0.62,0.72,0.86,0.58,0.79,0.97,0.62,2.53,2.62,2.39,6.78,6.98,6.65,9.02,9.12,8.91,9.6,9.6,9.6,10.07,10.09,10.06,6528,0
2025-12-27 01:00:00,0.99,1.24,2.5,21.53,3.21,3.91,3.36,3.54,0.92,0.97,0.85,0.87,0.95,0.76,0.93,0.97,0.85,2.83,2.98,2.65,7.17,7.36,6.99,9.19,9.27,9.12,9.69,9.72,9.62,10.13,10.18,10.09,6539,0
2025-12-27 00:00:00,1.01,1.24,2.46,20.72,2.79,3.84,3.35,3.54,1.28,1.68,0.97,1.24,1.64,0.88,1.31,1.7,0.97,3.34,3.69,3.01,7.62,7.84,7.41,9.4,9.47,9.33,9.72,9.72,9.72,10.19,10.2,10.18,6530,0
2025-12-26 23:00:00,1.07,1.2,2.18,19.51,2.62,3.8,3.33,3.54,1.79,1.82,1.74,1.75,1.8,1.68,1.85,1.92,1.8,3.85,4.04,3.69,8.08,8.31,7.84,9.58,9.68,9.47,9.81,9.84,9.72,10.2,10.2,10.18,6550,0
2025-12-26 22:00:00,1.05,1.14,1.96,19.09,2.66,3.78,3.33,3.54,2.11,2.27,1.88,2.07,2.27,1.81,2.19,2.39,1.92,4.38,4.71,4.12,8.59,8.85,8.31,9.76,9.83,9.71,9.85,9.87,9.84,10.2,10.2,10.18,6575,0
2025-12-26 21:00:00,0.96,0.97,1.82,18.82,2.71,3.78,3.32,3.56,2.83,3.37,2.33,2.8,3.35,2.31,2.96,3.54,2.43,5.21,5.7,4.75,9.16,9.46,8.89,9.89,9.95,9.83,9.91,9.95,9.87,10.17,10.2,10.14,6591,0
2025-12-26 20:00:00,0.88,0.84,1.63,18.72,2.74,3.76,3.34,3.55,3.69,4,3.45,3.67,4.02,3.41,3.86,4.17,3.57,6.21,6.64,5.82,9.77,10.08,9.49,10.02,10.06,9.95,9.86,9.93,9.84,10.08,10.1,10.08,6608,0
2025-12-26 19:00:00,0.78,0.68,1.5,18.62,2.81,3.75,3.33,3.56,4.57,5.35,4.05,4.59,5.41,4.05,4.79,5.59,4.25,7.39,8.18,6.76,10.45,10.79,10.13,10.06,10.06,10.06,9.77,9.84,9.72,10.07,10.08,10.05,6640,0
2025-12-26 18:00:00,0.85,0.6,1.5,18.81,2.9,3.78,3.32,3.55,7.09,9.02,5.55,7.22,9.14,5.58,7.41,9.37,5.8,9.52,10.67,8.42,11.11,11.38,10.8,9.95,10.05,9.83,9.63,9.72,9.58,10,10.04,9.97,6693,0
2025-12-26 17:00:00,0.93,0.72,1.73,19.23,3.11,3.77,3.34,3.53,11.89,15.28,9.39,12.03,15.45,9.55,12.2,15.75,9.72,12.26,14.09,10.9,11.56,11.62,11.38,9.69,9.83,9.55,9.47,9.56,9.39,9.96,9.99,9.96,6813,8068
2025-12-26 16:00:00,1.29,1.06,2.36,20.35,3.51,3.77,3.36,3.52,20.41,22.25,16.23,20.62,22.49,16.45,21.45,23.56,16.82,16.35,17.08,14.57,11.34,11.58,11.04,9.33,9.47,9.12,9.33,9.37,9.27,9.96,9.97,9.96,6824,9450
2025-12-26 15:00:00,1.39,1.25,2.59,21.05,3.53,3.84,3.38,3.54,20.24,20.96,19.06,20.75,21.38,19.66,21.98,22.49,20.87,16.43,16.79,15.77,10.61,10.98,10.2,8.94,9.12,8.76,9.24,9.25,9.24,9.96,9.97,9.96,6844,10790
2025-12-26 14:00:00,1.27,1.13,2.43,21.58,3.57,3.87,3.39,3.56,19.36,20.25,18.59,20.25,20.96,19.29,21.56,22.37,20.48,15.62,16,15.1,9.61,10.12,9.05,8.61,8.76,8.52,9.22,9.24,9.2,9.96,9.96,9.96,6844,11070
2025-12-26 13:00:00,1.18,0.96,2.23,22.03,3.64,3.86,3.4,3.58,16.64,18.95,14.11,17.43,20.01,14.57,18.36,21.31,15.16,13.17,14.8,11.85,8.53,9.02,8.09,8.37,8.45,8.29,9.21,9.24,9.18,9.93,9.96,9.89,6847,10837
2025-12-26 12:00:00,0.96,0.76,1.9,22.21,3.73,3.86,3.4,3.58,12.56,15.16,9.75,12.8,15.65,9.84,13.21,16.43,10.07,10.36,11.74,9.13,7.74,8.07,7.48,8.26,8.29,8.22,9.24,9.24,9.24,9.86,9.89,9.84,6842,11137
2025-12-26 11:00:00,0.84,0.61,1.84,22.49,3.81,3.87,3.43,3.6,9.97,10.31,9.37,9.98,10.36,9.37,10.22,10.66,9.56,8.6,9.25,7.83,7.15,7.42,6.9,8.27,8.29,8.25,9.24,9.25,9.24,9.84,9.85,9.84,6822,8588
2025-12-26 10:00:00,0.86,0.64,1.96,23.29,3.88,3.9,3.42,3.61,7.62,9.13,6.3,7.53,9.13,6.24,7.65,9.27,6.38,6.66,7.61,5.82,6.75,6.89,6.65,8.36,8.41,8.29,9.28,9.34,9.24,9.84,9.85,9.84,6826,9829
2025-12-26 09:00:00,0.95,0.91,2.27,23.89,3.91,3.92,3.41,3.58,4.76,6.17,3.22,4.68,6.06,3.11,4.77,6.17,3.22,4.77,5.7,3.92,6.67,6.77,6.65,8.49,8.53,8.41,9.36,9.41,9.35,9.89,9.95,9.85,6626,6937
2025-12-26 08:00:00,0.93,1.05,2.45,24,3.91,3.91,3.39,3.57,2.19,2.96,1.85,2.12,2.86,1.79,2.16,2.93,1.8,3.54,3.81,3.45,6.91,7.06,6.77,8.61,8.64,8.53,9.46,9.47,9.41,9.96,9.96,9.95,6493,6015
2025-12-26 07:00:00,0.94,1.06,2.38,23.29,3.87,3.92,3.38,3.58,2.29,2.86,1.95,2.23,2.82,1.92,2.27,2.86,1.92,4.03,4.52,3.69,7.24,7.36,7.12,8.67,8.75,8.64,9.49,9.54,9.47,10.03,10.08,9.97,6502,0
2025-12-26 06:00:00,0.94,0.92,2.16,22.83,3.81,3.9,3.36,3.55,4.23,5.23,3.09,4.19,5.22,2.98,4.24,5.25,3.1,5.3,5.82,4.63,7.43,7.48,7.36,8.76,8.76,8.75,9.58,9.6,9.53,10.08,10.08,10.08,6510,0
2025-12-26 05:00:00,0.94,0.89,2.07,22.62,3.8,3.89,3.38,3.56,5.21,5.48,4.84,5.17,5.47,4.79,5.23,5.58,4.87,5.79,5.94,5.59,7.48,7.48,7.48,8.83,8.88,8.76,9.6,9.64,9.6,10.09,10.14,10.08,6519,0
2025-12-26 04:00:00,0.92,0.87,2.03,22.46,3.8,3.89,3.37,3.54,5.26,5.55,4.96,5.23,5.47,4.9,5.32,5.58,5,5.94,6.05,5.7,7.48,7.49,7.48,8.92,9,8.88,9.68,9.72,9.63,10.18,10.2,10.16,6528,0
2025-12-26 03:00:00,0.95,0.91,2.05,22.46,3.78,3.89,3.35,3.53,5.41,5.58,5.16,5.37,5.53,5.14,5.47,5.59,5.23,5.93,6.05,5.79,7.48,7.48,7.48,9.02,9.1,9,9.72,9.72,9.72,10.2,10.2,10.18,6537,0
2025-12-26 02:00:00,0.96,0.95,2.09,22.34,3.71,3.89,3.35,3.54,4.93,5.13,4.64,4.9,5.12,4.61,5.02,5.23,4.71,5.58,5.74,5.36,7.49,7.5,7.48,9.14,9.24,9.12,9.72,9.72,9.72,10.2,10.2,10.2,6546,0
2025-12-26 01:00:00,1.03,1.03,2.2,22.21,3.58,3.86,3.34,3.54,4.23,4.56,3.7,4.2,4.52,3.69,4.31,4.64,3.81,5.14,5.34,4.87,7.58,7.61,7.5,9.3,9.35,9.24,9.76,9.81,9.72,10.22,10.26,10.2,6550,0
2025-12-26 00:00:00,1.06,1.14,2.28,22.14,3.39,3.84,3.31,3.53,3.75,3.93,3.57,3.7,3.92,3.57,3.79,3.98,3.59,4.87,4.94,4.76,7.76,7.87,7.64,9.43,9.52,9.35,9.83,9.84,9.79,10.25,10.29,10.24,6537,0
2025-12-25 23:00:00,1.1,1.2,2.35,21.78,2.86,3.8,3.33,3.54,2.83,3.48,2.51,2.77,3.45,2.51,2.87,3.57,2.57,4.42,4.67,4.28,8.1,8.31,7.94,9.63,9.71,9.57,9.85,9.89,9.84,10.25,10.28,10.24,6566,0
2025-12-25 22:00:00,1.12,1.25,2.12,21,2.83,3.78,3.31,3.55,2.33,2.51,2.17,2.3,2.5,2.15,2.38,2.54,2.27,4.49,4.75,4.32,8.57,8.79,8.33,9.79,9.85,9.71,9.94,9.95,9.89,10.23,10.26,10.21,6577,0
2025-12-25 21:00:00,1.04,1.05,1.94,20.72,2.87,3.78,3.32,3.56,3.06,3.36,2.6,3.01,3.31,2.53,3.11,3.4,2.63,5.21,5.58,4.87,9.12,9.38,8.89,9.94,10.01,9.85,9.95,9.96,9.95,10.2,10.22,10.2,6591,0
2025-12-25 20:00:00,0.94,0.88,1.67,20.55,2.88,3.75,3.31,3.55,3.68,4.05,3.33,3.65,4.05,3.26,3.76,4.16,3.39,6.1,6.59,5.68,9.73,10.02,9.47,10.07,10.13,10.05,9.95,9.95,9.95,10.2,10.2,10.18,6608,0
2025-12-25 19:00:00,0.8,0.71,1.48,20.46,2.94,3.76,3.33,3.55,4.69,5.23,4.16,4.68,5.23,4.16,4.83,5.35,4.28,7.3,7.97,6.66,10.38,10.68,10.08,10.17,10.18,10.14,9.85,9.92,9.81,10.12,10.17,10.08,6635,0
2025-12-25 18:00:00,0.82,0.6,1.45,20.47,3.03,3.76,3.32,3.54,7.01,9.01,5.35,7.03,9.01,5.43,7.1,9,5.57,9.11,10.14,8.18,11.07,11.38,10.78,10.06,10.16,9.97,9.72,9.82,9.64,10.08,10.08,10.08,6680,0
2025-12-25 17:00:00,0.91,0.7,1.65,20.68,3.21,3.78,3.31,3.53,11.7,14.69,9.38,11.7,14.69,9.37,11.73,14.87,9.37,11.68,13.39,10.32,11.6,11.74,11.38,9.84,9.95,9.71,9.56,9.63,9.47,10.08,10.08,10.07,6784,7047
2025-12-25 16:00:00,1.23,1.09,2.23,21.68,3.63,3.79,3.35,3.54,18.67,20.37,15.52,18.95,20.73,15.63,19.84,22,15.87,15.66,16.58,13.84,11.57,11.73,11.38,9.49,9.68,9.35,9.42,9.47,9.35,10.07,10.08,10.07,6838,10940
2025-12-25 15:00:00,1.33,1.19,2.54,22.46,3.72,3.81,3.35,3.55,20.05,20.37,19.77,20.59,20.84,20.25,21.91,22.26,21.43,16.54,16.7,16.34,10.94,11.29,10.56,9.1,9.28,8.93,9.32,9.35,9.25,10.05,10.08,10.03,6847,10928
2025-12-25 14:00:00,1.29,1.07,2.31,23.06,3.81,3.86,3.38,3.55,18.81,19.66,17.76,19.72,20.37,18.83,21.05,21.72,20.01,15.86,16.28,15.04,10.01,10.44,9.5,8.75,8.89,8.64,9.24,9.25,9.24,10,10.03,9.99,6847,10896
2025-12-25 13:00:00,1.13,0.94,2.2,23.68,3.92,3.85,3.39,3.57,18.45,19.06,17.17,19.67,20.37,18.12,21.1,21.89,19.28,14.64,15.4,13.74,8.92,9.45,8.43,8.47,8.59,8.39,9.24,9.24,9.24,9.96,9.97,9.96,6847,11231
2025-12-25 12:00:00,1.03,0.8,2.07,24.1,4.02,3.84,3.38,3.57,17.49,18.59,15.04,18.29,19.29,15.4,19.42,20.6,15.98,12.23,13.5,10.18,7.95,8.32,7.6,8.3,8.37,8.29,9.28,9.33,9.24,9.96,9.96,9.95,6844,10963
2025-12-25 11:00:00,0.9,0.71,1.91,24.3,4.14,3.85,3.38,3.57,15.68,17.17,13.74,16.03,17.4,14.16,16.87,18.42,14.76,9.81,10.3,8.89,7.28,7.6,7.02,8.29,8.29,8.28,9.34,9.35,9.32,9.95,9.96,9.93,6840,10632
2025-12-25 10:00:00,0.81,0.6,1.89,24.85,4.19,3.86,3.4,3.58,9.02,14.39,5.83,8.93,14.45,5.81,9.3,15.28,5.94,6.72,8.52,5.82,6.95,7.01,6.9,8.34,8.41,8.29,9.36,9.37,9.35,9.96,9.97,9.96,6838,11007
2025-12-25 09:00:00,0.89,0.88,2.21,25.24,4.19,3.9,3.39,3.58,4.8,5.7,4.08,4.73,5.58,4.05,4.85,5.78,4.14,5.22,5.7,4.89,6.9,6.93,6.89,8.41,8.43,8.41,9.42,9.47,9.38,10,10.06,9.96,6640,6953
2025-12-25 08:00:00,0.93,0.9,2.31,25.44,4.21,3.89,3.39,3.58,4.36,4.76,4.05,4.31,4.73,4.01,4.38,4.75,4.04,5.08,5.26,4.88,6.94,6.98,6.91,8.52,8.54,8.47,9.47,9.47,9.47,10.08,10.09,10.08,6504,6204
2025-12-25 07:00:00,0.95,0.94,2.3,25.34,4.2,3.89,3.38,3.56,4.77,4.87,4.64,4.72,4.82,4.6,4.79,4.89,4.64,5.23,5.34,5.12,6.92,6.94,6.9,8.63,8.64,8.56,9.55,9.6,9.47,10.11,10.18,10.09,6506,0
2025-12-25 06:00:00,0.99,0.97,2.3,25.26,4.19,3.89,3.37,3.54,4.42,4.62,4.28,4.36,4.53,4.16,4.46,4.64,4.28,4.96,5.12,4.77,6.89,6.9,6.89,8.77,8.87,8.67,9.62,9.7,9.6,10.19,10.2,10.17,6515,0
2025-12-25 05:00:00,1.02,1.02,2.39,25.58,4.2,3.88,3.35,3.55,3.92,4.17,3.57,3.86,4.16,3.45,3.95,4.28,3.53,4.49,4.75,4.17,6.97,7.03,6.89,8.93,9,8.88,9.72,9.72,9.7,10.21,10.25,10.2,6522,0
2025-12-25 04:00:00,1.01,1.22,2.5,24.98,4.18,3.86,3.34,3.54,2.7,3.45,2.31,2.6,3.34,2.26,2.6,3.33,2.27,3.9,4.08,3.74,7.23,7.36,7.1,9.05,9.12,9,9.81,9.84,9.72,10.28,10.31,10.24,6528,0
2025-12-25 03:00:00,1.08,1.15,2.42,23.96,3.92,3.83,3.34,3.55,3.32,4.28,2.7,3.26,4.25,2.61,3.29,4.28,2.63,4.62,5.23,4.13,7.46,7.5,7.36,9.19,9.24,9.12,9.86,9.93,9.84,10.31,10.32,10.31,6539,0
2025-12-25 02:00:00,1.07,1.08,2.25,23.79,3.63,3.82,3.32,3.55,4.75,4.87,4.5,4.68,4.8,4.41,4.77,4.87,4.52,5.34,5.45,5.23,7.53,7.59,7.48,9.34,9.43,9.26,9.94,9.95,9.93,10.35,10.39,10.31,6546,0
2025-12-25 01:00:00,1.16,1.16,2.24,23.35,3.21,3.81,3.32,3.53,4.1,4.63,3.57,4.01,4.52,3.45,4.09,4.63,3.57,4.84,5.18,4.52,7.66,7.78,7.6,9.51,9.59,9.47,9.96,9.99,9.95,10.42,10.43,10.4,6550,0
2025-12-25 00:00:00,1.14,1.24,2.17,23.25,3.21,3.8,3.3,3.53,2.74,3.41,2.48,2.65,3.29,2.39,2.71,3.33,2.4,4.28,4.42,4.16,7.98,8.18,7.84,9.66,9.75,9.59,10.05,10.07,10,10.43,10.43,10.43,6539,0
2025-12-24 23:00:00,1.03,1.06,2,23.11,3.32,3.77,3.31,3.54,3.03,3.37,2.72,2.98,3.34,2.63,3.04,3.39,2.74,4.73,4.98,4.41,8.39,8.58,8.18,9.86,9.95,9.8,10.12,10.18,10.07,10.43,10.44,10.43,6571,0
2025-12-24 22:00:00,0.94,0.92,1.85,22.94,3.42,3.74,3.32,3.53,3.55,3.69,3.45,3.51,3.69,3.45,3.59,3.73,3.52,5.24,5.46,5.08,8.84,9.05,8.66,10.01,10.06,9.95,10.18,10.18,10.18,10.43,10.43,10.43,6577,0
2025-12-24 21:00:00,0.82,0.77,1.61,22.9,3.5,3.71,3.33,3.52,4.14,4.75,3.75,4.07,4.64,3.69,4.16,4.71,3.8,5.9,6.3,5.51,9.34,9.59,9.14,10.15,10.18,10.07,10.19,10.22,10.18,10.43,10.43,10.43,6595,0
2025-12-24 20:00:00,0.75,0.66,1.52,22.91,3.49,3.7,3.33,3.54,5.43,6.08,4.87,5.35,6.05,4.76,5.39,6.05,4.83,6.91,7.47,6.42,9.83,10.07,9.6,10.27,10.31,10.18,10.19,10.21,10.18,10.38,10.43,10.34,6613,0
2025-12-24 19:00:00,0.84,0.59,1.55,22.82,3.54,3.73,3.32,3.52,7.16,8.18,6.17,7.07,8.07,6.06,7.06,7.95,6.11,8.07,8.54,7.54,10.3,10.52,10.08,10.3,10.32,10.3,10.17,10.18,10.1,10.31,10.32,10.31,6640,0
2025-12-24 18:00:00,0.82,0.59,1.62,22.97,3.6,3.72,3.29,3.5,8.96,9.97,8.3,8.88,9.96,8.18,8.81,9.85,8.1,9.24,9.96,8.66,10.75,10.91,10.56,10.3,10.31,10.28,10.07,10.1,10.04,10.31,10.31,10.29,6684,0
2025-12-24 17:00:00,0.95,0.77,1.82,23.3,3.74,3.7,3.3,3.5,12.82,14.93,10.47,12.68,14.7,10.43,12.54,14.57,10.31,11.13,11.97,10.18,11.06,11.15,10.93,10.19,10.27,10.12,9.96,10.02,9.93,10.24,10.28,10.21,6782,7043
2025-12-24 16:00:00,1.14,1,2.07,23.61,3.97,3.75,3.3,3.51,15.24,16.48,14.1,15.31,16.58,14.23,15.46,16.82,14.44,12.45,12.88,12.08,11.13,11.15,11.07,10.01,10.07,9.95,9.86,9.95,9.84,10.2,10.2,10.2,6838,10530
2025-12-24 15:00:00,1.1,0.95,2.06,23.98,3.97,3.75,3.3,3.51,15.38,16.82,14.22,15.55,17.04,14.39,15.86,17.52,14.58,13.05,13.62,12.56,10.91,11.04,10.79,9.78,9.85,9.68,9.77,9.84,9.72,10.2,10.2,10.2,6838,10632
2025-12-24 14:00:00,1.06,0.94,2.01,24.31,4.02,3.76,3.29,3.5,15.23,15.86,14.81,15.49,16.23,15.04,15.83,16.73,15.28,13.13,13.41,12.91,10.54,10.78,10.32,9.55,9.64,9.47,9.72,9.72,9.71,10.19,10.2,10.18,6838,10617
2025-12-24 13:00:00,1.11,0.97,2.13,25.01,4.08,3.76,3.31,3.52,16.82,17.29,16,17.66,18.36,16.51,18.49,19.29,17.04,13.41,13.62,13.03,9.88,10.2,9.57,9.38,9.47,9.35,9.68,9.72,9.64,10.16,10.18,10.14,6838,10735
2025-12-24 12:00:00,1.04,0.88,2.04,25.57,4.16,3.79,3.32,3.54,15.93,17.18,13.4,16.68,18.24,13.74,17.43,19.09,14.1,11.86,12.8,10.46,9.29,9.49,9.14,9.27,9.35,9.24,9.62,9.64,9.6,10.11,10.14,10.09,6847,11046
2025-12-24 11:00:00,0.9,0.69,1.89,25.53,4.17,3.79,3.32,3.48,11.65,12.32,11.14,11.72,12.55,11.13,11.96,12.89,11.32,10.07,10.2,9.72,8.93,9.1,8.78,9.23,9.24,9.22,9.61,9.63,9.6,10.08,10.1,10.08,6844,11066
2025-12-24 10:00:00,0.82,0.59,1.86,25.82,4.2,3.79,3.32,3.48,9.81,10.91,8.97,9.78,10.91,8.92,9.88,11.04,9.01,9.09,9.63,8.66,8.71,8.78,8.66,9.21,9.22,9.21,9.6,9.62,9.6,10.08,10.09,10.08,6822,8517
2025-12-24 09:00:00,0.85,0.57,1.86,26.03,4.21,3.79,3.32,3.48,8.26,8.89,7.59,8.23,8.89,7.58,8.29,8.95,7.69,8.29,8.66,8.06,8.66,8.66,8.66,9.22,9.24,9.21,9.6,9.6,9.6,10.08,10.08,10.08,6595,6886
2025-12-24 08:00:00,0.86,0.6,1.87,26.25,4.21,3.79,3.33,3.48,7.52,7.59,7.49,7.48,7.51,7.48,7.59,7.6,7.59,8.05,8.06,8.03,8.66,8.68,8.66,9.23,9.24,9.22,9.6,9.6,9.6,10.08,10.08,10.08,6504,6110
2025-12-24 07:00:00,0.86,0.6,1.89,26.46,4.21,3.79,3.32,3.47,7.57,7.59,7.53,7.52,7.59,7.48,7.59,7.62,7.59,8.07,8.09,8.06,8.71,8.77,8.67,9.24,9.24,9.22,9.6,9.6,9.6,10.08,10.08,10.08,6506,0
2025-12-24 06:00:00,0.87,0.57,1.89,26.57,4.2,3.79,3.32,3.47,7.59,7.6,7.59,7.59,7.6,7.57,7.66,7.7,7.61,8.13,8.18,8.09,8.77,8.78,8.77,9.24,9.24,9.24,9.6,9.6,9.6,10.08,10.08,10.07,6506,0
2025-12-24 05:00:00,0.86,0.57,1.94,26.73,4.21,3.79,3.32,3.48,7.88,8.07,7.6,7.83,7.97,7.59,7.9,8.07,7.7,8.27,8.34,8.18,8.78,8.8,8.78,9.24,9.24,9.22,9.6,9.6,9.6,10.07,10.08,10.07,6513,0
2025-12-24 04:00:00,0.82,0.59,2,26.91,4.2,3.79,3.31,3.5,8.07,8.1,8.04,8,8.07,7.96,8.07,8.07,8.07,8.4,8.42,8.34,8.8,8.82,8.79,9.24,9.24,9.24,9.59,9.6,9.59,10.06,10.08,10.04,6519,0
2025-12-24 03:00:00,0.97,0.58,2.13,27.13,4.19,3.79,3.32,3.5,8.18,8.18,8.14,8.16,8.18,8.08,8.19,8.27,8.12,8.49,8.54,8.42,8.83,8.84,8.81,9.23,9.24,9.22,9.58,9.6,9.57,10.01,10.04,9.97,6524,0
2025-12-24 02:00:00,1.03,0.59,2.27,27.57,4.2,3.79,3.33,3.5,8.18,8.18,8.18,8.18,8.18,8.17,8.25,8.27,8.24,8.54,8.54,8.52,8.84,8.85,8.8,9.24,9.24,9.22,9.56,9.59,9.53,9.97,9.97,9.96,6537,0
2025-12-24 01:00:00,1.04,0.64,2.44,28.14,4.22,3.79,3.33,3.5,8.18,8.18,8.18,8.16,8.18,8.14,8.22,8.25,8.18,8.49,8.52,8.43,8.87,8.89,8.85,9.24,9.24,9.24,9.51,9.55,9.49,9.96,9.97,9.96,6546,0
2025-12-24 00:00:00,1.03,0.78,2.73,29.35,4.26,3.8,3.35,3.5,8.14,8.18,8.07,8.1,8.17,8.04,8.17,8.2,8.07,8.44,8.47,8.42,8.89,8.91,8.89,9.24,9.24,9.24,9.47,9.47,9.47,9.96,9.96,9.93,6542,0
2025-12-23 23:00:00,1,0.8,2.77,29.19,4.25,3.8,3.35,3.5,8.02,8.07,7.95,7.97,8.02,7.95,8.07,8.08,8.07,8.43,8.47,8.42,8.98,9.02,8.91,9.24,9.24,9.24,9.47,9.47,9.47,9.93,9.95,9.92,6573,0
2025-12-23 22:00:00,1.02,0.78,2.7,28.44,4.22,3.8,3.36,3.53,8.14,8.3,7.95,8.12,8.3,7.95,8.21,8.39,8.06,8.61,8.68,8.51,9.04,9.1,9.02,9.24,9.24,9.24,9.43,9.47,9.39,9.86,9.89,9.84,6588,0
2025-12-23 21:00:00,0.91,0.54,1.69,24.51,4.16,3.79,3.37,3.55,8.23,8.32,8.18,8.21,8.3,8.18,8.3,8.39,8.25,8.72,8.78,8.67,9.15,9.2,9.13,9.22,9.24,9.18,9.35,9.39,9.35,9.84,9.84,9.84,6595,0
2025-12-23 20:00:00,0.83,0.57,1.71,24.6,4.16,3.81,3.38,3.55,8.38,8.42,8.31,8.34,8.41,8.3,8.42,8.45,8.41,8.93,9.01,8.83,9.26,9.31,9.24,9.13,9.18,9.12,9.28,9.35,9.24,9.84,9.84,9.83,6613,0
2025-12-23 19:00:00,0.79,0.55,1.7,24.72,4.16,3.81,3.38,3.53,8.48,8.54,8.42,8.48,8.54,8.41,8.58,8.66,8.47,9.18,9.35,9.01,9.37,9.39,9.32,9.06,9.12,9,9.23,9.24,9.18,9.81,9.83,9.75,6640,0
2025-12-23 18:00:00,0.8,0.57,1.72,24.88,4.16,3.84,3.39,3.52,8.94,9.6,8.54,8.97,9.64,8.54,9.11,9.84,8.68,9.71,10.16,9.37,9.41,9.45,9.37,8.92,9,8.87,9.13,9.14,9.12,9.74,9.78,9.72,6682,0
2025-12-23 17:00:00,0.84,0.59,1.76,25.11,4.19,3.85,3.38,3.52,10.18,10.65,9.72,10.26,10.79,9.77,10.47,11.02,9.96,10.5,10.78,10.18,9.25,9.37,9.14,8.74,8.85,8.64,9.04,9.1,9.01,9.72,9.72,9.72,6782,7051
2025-12-23 16:00:00,0.84,0.6,1.81,25.43,4.24,3.86,3.39,3.52,10.45,10.79,10.08,10.49,10.91,10.08,10.83,11.14,10.44,10.59,10.78,10.43,8.9,9.06,8.77,8.59,8.64,8.53,9,9.01,8.96,9.72,9.72,9.72,6820,7812
2025-12-23 15:00:00,0.93,0.71,1.86,25.81,4.26,3.85,3.41,3.52,9.39,9.96,9.14,9.5,9.96,9.27,9.75,10.3,9.54,9.85,10.31,9.6,8.56,8.67,8.43,8.44,8.53,8.41,8.92,8.96,8.89,9.72,9.72,9.72,6822,9750
2025-12-23 14:00:00,0.83,0.63,1.77,25.78,4.29,3.84,3.4,3.52,9.5,9.72,9.22,9.62,9.85,9.35,9.85,10.08,9.6,9.58,9.72,9.26,8.2,8.41,8.06,8.3,8.39,8.24,8.89,8.89,8.89,9.72,9.72,9.72,6818,7292
2025-12-23 13:00:00,0.88,0.61,1.85,26.1,4.3,3.9,3.4,3.53,8.5,9.13,8.18,8.53,9.2,8.18,8.69,9.37,8.3,8.69,9.13,8.39,7.9,8.01,7.83,8.18,8.22,8.17,8.89,8.89,8.89,9.71,9.72,9.7,6822,8938
2025-12-23 12:00:00,0.92,0.55,1.79,25.58,4.34,3.91,3.41,3.56,8.15,8.2,8.07,8.16,8.18,8.09,8.27,8.31,8.18,8.22,8.32,8.06,7.66,7.76,7.55,8.08,8.16,8.05,8.89,8.89,8.89,9.68,9.71,9.66,6809,7122
2025-12-23 11:00:00,0.86,0.53,1.7,25.2,4.37,3.9,3.42,3.57,8.11,8.31,7.95,8.11,8.3,7.95,8.23,8.41,8.07,7.85,8.06,7.64,7.4,7.5,7.27,8.05,8.05,8.04,8.89,8.89,8.89,9.66,9.68,9.64,6751,7051
2025-12-23 10:00:00,0.84,0.56,1.75,25.38,4.39,3.89,3.43,3.58,7.05,7.96,6.41,6.97,7.89,6.29,7.04,7.95,6.41,6.97,7.53,6.64,7.16,7.25,7.13,8.04,8.05,8.01,8.89,8.92,8.89,9.67,9.71,9.63,6684,7000
2025-12-23 09:00:00,0.8,0.72,1.86,25.54,4.41,3.89,3.44,3.57,5.98,6.29,5.78,5.92,6.25,5.7,6.05,6.32,5.83,6.38,6.55,6.28,7.11,7.13,7.08,8.03,8.05,8,8.91,8.95,8.89,9.69,9.72,9.68,6530,6807
2025-12-23 08:00:00,0.81,0.76,1.94,25.77,4.4,3.9,3.44,3.57,5.71,5.75,5.7,5.7,5.71,5.7,5.81,5.82,5.81,6.19,6.25,6.17,7.03,7.07,7.01,8.04,8.05,8.03,8.98,9.01,8.96,9.69,9.72,9.67,6497,5125
2025-12-23 07:00:00,0.86,0.81,1.99,26.02,4.4,3.9,3.42,3.54,5.72,5.77,5.7,5.7,5.71,5.69,5.81,5.82,5.77,6.12,6.17,6.05,7.01,7.01,7,8.04,8.05,8.04,9,9.01,8.99,9.72,9.72,9.72,6497,0
2025-12-23 06:00:00,0.88,0.84,2.07,26.27,4.42,3.91,3.43,3.54,5.69,5.77,5.58,5.66,5.71,5.58,5.72,5.81,5.6,5.97,6.05,5.94,6.98,7.01,6.93,8.05,8.05,8.05,9.01,9.01,9.01,9.72,9.72,9.72,6497,0
2025-12-23 05:00:00,0.9,0.86,2.06,26.35,4.43,3.91,3.45,3.55,5.51,5.7,5.31,5.46,5.61,5.24,5.56,5.7,5.35,5.88,5.94,5.77,6.9,6.93,6.89,8.05,8.07,8.05,9.03,9.07,9.01,9.72,9.72,9.72,6497,0
2025-12-23 04:00:00,0.92,0.89,2.08,26.07,4.41,3.92,3.43,3.55,5.06,5.23,4.87,5.03,5.23,4.87,5.14,5.35,4.96,5.59,5.7,5.46,6.89,6.89,6.89,8.13,8.17,8.07,9.09,9.13,9.07,9.72,9.72,9.72,6502,0
2025-12-23 03:00:00,0.94,0.9,2.16,25.65,4.29,3.91,3.42,3.55,4.73,4.87,4.56,4.71,4.87,4.53,4.8,4.91,4.64,5.35,5.46,5.23,6.88,6.89,6.87,8.17,8.2,8.17,9.13,9.13,9.1,9.74,9.77,9.72,6506,0
2025-12-23 02:00:00,0.95,0.91,2.17,25.46,4.19,3.85,3.43,3.55,4.58,4.64,4.52,4.54,4.62,4.46,4.63,4.73,4.55,5.25,5.31,5.23,6.89,6.9,6.89,8.27,8.29,8.2,9.15,9.21,9.13,9.79,9.84,9.77,6513,0
2025-12-23 01:00:00,0.99,0.96,2.24,25.3,3.94,3.86,3.41,3.55,4.42,4.51,4.28,4.38,4.48,4.26,4.48,4.54,4.35,5.16,5.23,5.09,6.9,6.97,6.89,8.36,8.41,8.29,9.23,9.24,9.21,9.83,9.84,9.83,6522,0
2025-12-23 00:00:00,1.05,0.93,2.15,24.57,3.63,3.88,3.4,3.55,4.13,4.25,4.05,4.09,4.19,4,4.2,4.29,4.11,4.96,5.02,4.91,7,7.02,6.96,8.44,8.52,8.41,9.24,9.24,9.22,9.84,9.84,9.83,6513,0
2025-12-22 23:00:00,1.03,0.99,2.12,24.61,3.64,3.87,3.4,3.55,3.81,4.05,3.3,3.73,4.02,3.22,3.83,4.07,3.33,4.79,4.91,4.54,7.13,7.26,7.01,8.54,8.58,8.53,9.24,9.24,9.24,9.84,9.84,9.83,6550,0
2025-12-22 22:00:00,0.98,0.98,2.14,24.65,3.67,3.86,3.4,3.56,3.01,3.57,2.75,2.98,3.53,2.75,3.07,3.62,2.85,4.62,5.04,4.41,7.43,7.58,7.33,8.63,8.64,8.59,9.24,9.24,9.24,9.84,9.85,9.84,6573,0
2025-12-22 21:00:00,0.95,0.83,1.9,24.67,3.72,3.87,3.4,3.55,4.23,4.5,3.69,4.21,4.46,3.68,4.32,4.58,3.75,5.49,5.7,5.13,7.68,7.83,7.6,8.64,8.64,8.64,9.24,9.24,9.22,9.84,9.85,9.84,6588,0
2025-12-22 20:00:00,0.89,0.81,1.84,24.61,3.74,3.87,3.4,3.51,4.18,4.5,3.82,4.16,4.44,3.81,4.31,4.63,3.94,5.66,5.74,5.58,7.97,8.14,7.84,8.64,8.67,8.64,9.17,9.22,9.13,9.91,9.95,9.85,6604,0
2025-12-22 19:00:00,0.8,0.68,1.72,24.74,3.78,3.88,3.4,3.5,4.55,5.23,3.82,4.58,5.32,3.82,4.71,5.46,3.96,6.33,6.88,5.74,8.32,8.43,8.18,8.64,8.66,8.64,9.11,9.13,9.05,9.95,9.96,9.93,6631,0
2025-12-22 18:00:00,0.81,0.6,1.64,24.85,3.88,3.86,3.4,3.5,6.55,7.59,5.23,6.61,7.6,5.35,6.73,7.73,5.46,7.63,8.14,6.93,8.51,8.55,8.43,8.59,8.64,8.53,9.02,9.07,9.01,9.94,9.96,9.93,6671,0
2025-12-22 17:00:00,0.83,0.56,1.62,24.59,4.12,3.86,3.4,3.5,8.35,8.89,7.71,8.38,8.97,7.73,8.54,9.13,7.88,8.56,8.89,8.18,8.55,8.55,8.54,8.44,8.53,8.39,8.96,9.01,8.89,9.95,9.96,9.95,6753,5802
2025-12-22 16:00:00,0.79,0.57,1.64,24.67,4.33,3.88,3.4,3.5,9.18,10.08,8.67,9.29,10.2,8.78,9.49,10.43,9.01,9.12,9.6,8.88,8.43,8.55,8.31,8.23,8.33,8.16,8.89,8.92,8.89,9.95,9.96,9.93,6820,9348
2025-12-22 15:00:00,0.81,0.59,1.69,25.09,4.35,3.9,3.41,3.51,10.7,11.26,9.88,10.78,11.33,9.96,11.07,11.66,10.18,9.71,9.99,9.28,8.08,8.29,7.95,8.02,8.14,7.94,8.89,8.89,8.89,9.94,9.96,9.93,6820,7559
2025-12-22 14:00:00,0.78,0.56,1.62,25.24,4.4,3.9,3.43,3.54,9.51,9.84,9.25,9.6,9.89,9.37,9.87,10.18,9.6,9.09,9.25,9.01,7.74,7.91,7.58,7.81,7.94,7.7,8.93,9.01,8.89,9.86,9.91,9.84,6824,10494
2025-12-22 13:00:00,0.79,0.56,1.68,25.65,4.45,3.9,3.43,3.56,10.27,11.27,9.63,10.44,11.5,9.78,10.82,12.06,10.08,9.22,9.35,9.13,7.25,7.5,6.98,7.63,7.71,7.58,9.01,9.05,9.01,9.84,9.84,9.84,6826,10116
2025-12-22 12:00:00,0.78,0.55,1.72,25.89,4.51,3.91,3.42,3.56,10.1,11.05,9.49,10.31,11.38,9.72,10.69,11.85,10.08,8.56,9,8.2,6.61,6.89,6.3,7.49,7.58,7.46,9.11,9.13,9.05,9.83,9.84,9.81,6842,11219
2025-12-22 11:00:00,0.84,0.61,1.79,26.46,4.55,3.92,3.44,3.56,12.75,13.68,11.73,13.1,13.98,12.09,13.8,14.69,12.57,7.92,8.54,7.1,5.93,6.23,5.71,7.54,7.6,7.48,9.13,9.14,9.13,9.81,9.83,9.79,6826,10695
2025-12-22 10:00:00,0.71,0.49,1.81,27.3,4.6,3.94,3.45,3.57,10.37,13.51,5.81,10.42,13.71,5.66,10.84,14.26,5.91,4.96,6.76,3.22,5.53,5.63,5.47,7.72,7.82,7.63,9.18,9.24,9.13,9.84,9.84,9.84,6838,10967
2025-12-22 09:00:00,0.75,0.92,2.48,27.88,4.61,3.91,3.42,3.54,1.85,4.87,0.09,1.8,4.76,0.03,1.99,4.98,0.17,2.11,2.98,1.68,5.57,5.63,5.51,7.91,7.95,7.82,9.27,9.35,9.24,9.91,9.96,9.84,6826,8903
2025-12-22 08:00:00,0.81,1.04,2.69,28.05,4.59,3.92,3.42,3.54,0.72,1.24,0.24,0.68,1.21,0.17,0.77,1.32,0.28,1.98,2.21,1.77,5.69,5.71,5.64,8.06,8.17,7.95,9.39,9.47,9.35,10.05,10.08,9.97,6484,6736
2025-12-22 07:00:00,0.82,1.08,2.74,28.35,4.59,3.91,3.41,3.52,0.31,1.16,-0.6,0.23,1.1,-0.77,0.33,1.21,-0.66,1.6,2.14,1.09,5.78,5.93,5.71,8.28,8.41,8.17,9.51,9.6,9.47,10.17,10.2,10.08,6470,0
2025-12-22 06:00:00,0.81,1.15,2.83,28.33,4.55,3.92,3.38,3.52,-0.62,-0.47,-0.78,-0.7,-0.55,-0.89,-0.62,-0.43,-0.82,1.31,1.56,1.16,6.05,6.18,5.94,8.47,8.56,8.41,9.66,9.72,9.6,10.28,10.32,10.2,6470,0
2025-12-22 05:00:00,0.86,1.11,2.76,28.3,4.56,3.91,3.36,3.52,-0.07,0.06,-0.34,-0.12,0.03,-0.42,-0.05,0.11,-0.31,1.81,1.93,1.66,6.32,6.43,6.18,8.7,8.84,8.6,9.77,9.84,9.72,10.4,10.44,10.33,6475,0
2025-12-22 04:00:00,0.85,1.11,2.73,28.24,4.54,3.89,3.34,3.49,0.07,0.5,-0.19,0.03,0.42,-0.19,0.11,0.5,-0.11,2.07,2.35,1.91,6.63,6.77,6.51,8.97,9.09,8.88,9.89,9.95,9.84,10.51,10.55,10.47,6481,0
2025-12-22 03:00:00,0.86,1.1,2.73,28.21,4.51,3.9,3.34,3.49,0.64,0.97,0.42,0.57,0.96,0.38,0.66,0.98,0.47,2.56,2.86,2.35,6.99,7.13,6.82,9.19,9.27,9.12,9.98,10.07,9.95,10.57,10.64,10.55,6481,0
2025-12-22 02:00:00,0.92,1.07,2.69,28.08,4.46,3.85,3.35,3.48,1.47,1.95,1,1.4,1.92,0.97,1.45,1.93,1.01,3.25,3.63,2.91,7.4,7.6,7.19,9.36,9.45,9.32,10.11,10.18,10.07,10.66,10.68,10.64,6488,0
2025-12-22 01:00:00,0.97,1.12,2.59,27.87,4.41,3.85,3.35,3.48,2.5,3.06,2.08,2.4,2.89,2.04,2.4,2.91,2.03,4.06,4.52,3.69,7.79,7.95,7.6,9.49,9.55,9.45,10.19,10.21,10.18,10.73,10.79,10.67,6495,0
2025-12-22 00:00:00,0.99,1.02,2.53,27.48,4.37,3.81,3.3,3.5,3.5,4.02,3.2,3.4,3.93,3.02,3.43,4.04,3,5,5.51,4.55,8.14,8.29,7.97,9.59,9.6,9.56,10.28,10.31,10.24,10.79,10.8,10.79,6488,0
2025-12-21 23:00:00,0.91,0.89,2.28,27.66,4.36,3.8,3.31,3.51,4.84,5.58,4.21,4.79,5.56,4.16,4.88,5.65,4.27,6.08,6.53,5.68,8.36,8.43,8.31,9.67,9.71,9.6,10.31,10.34,10.31,10.81,10.85,10.79,6522,0
2025-12-21 22:00:00,0.95,0.82,2.24,28.06,4.39,3.8,3.31,3.52,6.01,6.17,5.7,5.98,6.17,5.7,6.07,6.23,5.8,6.73,6.77,6.63,8.46,8.54,8.43,9.75,9.82,9.71,10.39,10.43,10.34,10.86,10.89,10.83,6537,0
2025-12-21 21:00:00,0.93,0.86,2.3,28.37,4.34,3.8,3.28,3.48,5.95,6.18,5.7,5.94,6.17,5.7,6.02,6.24,5.72,6.7,6.79,6.57,8.6,8.66,8.55,9.83,9.85,9.83,10.43,10.43,10.42,10.9,10.91,10.89,6550,0
2025-12-21 20:00:00,0.92,0.84,2.38,28.95,4.35,3.82,3.29,3.45,5.88,6.17,5.58,5.83,6.17,5.58,5.89,6.18,5.66,6.65,6.76,6.56,8.81,8.92,8.68,9.92,9.95,9.85,10.43,10.44,10.43,10.91,10.91,10.91,6568,0
2025-12-21 19:00:00,0.88,0.83,2.47,29.16,4.35,3.83,3.29,3.46,5.83,6.17,5.58,5.79,6.09,5.58,5.88,6.22,5.63,6.97,7.24,6.73,9.05,9.14,8.92,9.98,10.04,9.95,10.47,10.49,10.43,10.91,10.91,10.91,6588,0
2025-12-21 18:00:00,0.89,0.79,2.59,29.56,4.39,3.81,3.26,3.49,6.15,6.65,5.82,6.14,6.68,5.82,6.26,6.88,5.94,7.43,7.73,7.19,9.29,9.38,9.21,10.06,10.07,10.05,10.54,10.55,10.52,10.91,10.91,10.91,6613,0
2025-12-21 17:00:00,1.01,0.94,3.34,31.45,4.4,3.81,3.27,3.52,6.83,7,6.54,6.83,7,6.6,7,7.12,6.82,7.94,8.06,7.83,9.52,9.68,9.38,10.16,10.18,10.09,10.55,10.55,10.54,10.91,10.91,10.91,6671,6917
2025-12-21 16:00:00,1.11,1.06,3.58,32.68,4.37,3.83,3.29,3.57,6.72,7.14,6.22,6.73,7.12,6.29,6.89,7.3,6.41,8.04,8.37,7.83,9.93,10.18,9.71,10.25,10.31,10.18,10.56,10.66,10.55,10.96,11.14,10.91,6693,6949
2025-12-21 15:00:00,1.2,1.06,3.52,33.26,4.32,3.79,3.27,3.5,7.99,8.42,7.59,8,8.42,7.6,8.21,8.66,7.83,9.38,9.82,8.89,10.24,10.3,10.2,10.31,10.34,10.3,10.65,10.66,10.63,11.14,11.14,11.14,6715,6913
2025-12-21 14:00:00,1,0.91,3.17,30.79,4.22,3.76,3.24,3.44,9.21,10.66,8.52,9.27,10.69,8.54,9.45,10.9,8.77,10.25,10.78,9.84,10.23,10.31,10.13,10.23,10.3,10.18,10.62,10.65,10.6,11.14,11.14,11.14,6795,7075
2025-12-21 13:00:00,0.82,0.66,2.15,27.57,4.18,3.75,3.24,3.44,10.97,11.13,10.64,11.01,11.14,10.67,11.14,11.27,10.79,10.72,10.81,10.53,10.02,10.1,9.96,10.16,10.18,10.12,10.59,10.62,10.56,11.14,11.14,11.14,6818,8525
2025-12-21 12:00:00,0.84,0.63,2.14,27.99,4.21,3.76,3.25,3.46,10.37,10.55,10.28,10.42,10.64,10.31,10.51,10.75,10.4,10.33,10.44,10.29,9.82,9.92,9.72,10.07,10.12,10.06,10.58,10.6,10.55,11.14,11.15,11.14,6822,7398
2025-12-21 11:00:00,0.85,0.63,2.24,28.38,4.26,3.76,3.25,3.46,10.14,10.49,9.5,10.14,10.55,9.5,10.23,10.66,9.6,10.01,10.28,9.71,9.63,9.72,9.57,10.06,10.06,10.06,10.59,10.6,10.56,11.14,11.14,11.14,6826,7134
2025-12-21 10:00:00,0.91,0.73,2.63,29.5,4.29,3.77,3.25,3.48,9.22,9.6,8.89,9.2,9.49,8.89,9.32,9.6,9.01,9.43,9.71,9.24,9.51,9.57,9.49,10.06,10.06,10.06,10.62,10.64,10.6,11.14,11.15,11.14,6673,6976
2025-12-21 09:00:00,1.05,0.9,3.03,31.13,4.31,3.79,3.25,3.5,9.04,9.14,8.89,9.02,9.13,8.89,9.08,9.2,9,9.23,9.25,9.18,9.49,9.5,9.49,10.06,10.06,10.06,10.65,10.66,10.63,11.16,11.2,11.15,6542,6823
2025-12-21 08:00:00,1.15,1.05,3.46,32.51,4.35,3.79,3.26,3.5,9.23,9.35,9.14,9.2,9.29,9.13,9.27,9.37,9.2,9.32,9.35,9.25,9.48,9.49,9.45,10.05,10.06,10.03,10.66,10.66,10.65,11.22,11.26,11.19,6510,2143
2025-12-21 07:00:00,0.98,0.82,2.73,28.98,4.28,3.72,3.2,3.44,9.41,9.49,9.37,9.37,9.38,9.35,9.39,9.46,9.37,9.28,9.35,9.25,9.39,9.45,9.37,10.03,10.06,10.01,10.66,10.66,10.66,11.25,11.26,11.23,6506,0
2025-12-21 06:00:00,0.95,0.79,2.72,29.37,4.29,3.72,3.21,3.44,9.2,9.46,8.99,9.15,9.37,8.89,9.19,9.41,9.01,9.08,9.24,8.97,9.32,9.37,9.26,10.03,10.05,10.01,10.66,10.67,10.66,11.26,11.26,11.25,6506,0
2025-12-21 05:00:00,1.02,0.85,2.87,29.85,4.29,3.73,3.22,3.44,8.76,8.89,8.64,8.7,8.87,8.55,8.78,8.91,8.66,8.82,8.89,8.74,9.25,9.26,9.25,10.05,10.06,10.03,10.69,10.75,10.66,11.26,11.26,11.26,6506,0
2025-12-21 04:00:00,0.97,0.77,2.55,28.76,4.28,3.75,3.19,3.44,8.44,8.59,8.3,8.39,8.54,8.28,8.47,8.66,8.32,8.59,8.68,8.46,9.19,9.24,9.14,10.06,10.06,10.06,10.77,10.78,10.76,11.26,11.27,11.26,6506,0
2025-12-21 03:00:00,1.11,0.89,2.69,29.13,4.27,3.78,3.21,3.45,7.98,8.3,7.8,7.94,8.18,7.74,8.03,8.3,7.84,8.31,8.42,8.18,9.14,9.14,9.14,10.08,10.12,10.06,10.78,10.79,10.78,11.27,11.28,11.26,6506,0
2025-12-21 02:00:00,1.11,0.88,2.54,26.81,4.15,3.75,3.22,3.46,7.65,7.76,7.57,7.63,7.72,7.54,7.74,7.83,7.64,8.12,8.18,8.06,9.14,9.14,9.12,10.16,10.18,10.12,10.82,10.87,10.79,11.29,11.32,11.27,6510,0
2025-12-21 01:00:00,1.05,0.82,2,23.78,3.78,3.75,3.24,3.43,7.41,7.53,7.36,7.39,7.5,7.34,7.51,7.6,7.46,7.98,8.06,7.92,9.09,9.13,9.05,10.23,10.3,10.18,10.89,10.9,10.86,11.35,11.38,11.31,6519,0
2025-12-21 00:00:00,1.1,0.86,2.05,23.9,3.8,3.75,3.25,3.43,7.28,7.36,7.13,7.25,7.35,7.12,7.35,7.44,7.24,7.78,7.9,7.69,9.06,9.09,9.05,10.32,10.4,10.3,10.9,10.91,10.9,11.37,11.38,11.36,6513,0
2025-12-20 23:00:00,1.14,0.97,2.05,23.81,3.77,3.72,3.23,3.43,6.7,7.11,6.29,6.67,7.08,6.29,6.78,7.15,6.41,7.38,7.61,7.13,9.14,9.2,9.09,10.43,10.47,10.41,10.92,10.94,10.9,11.38,11.39,11.38,6548,0
2025-12-20 22:00:00,1.11,0.92,1.91,23.69,3.77,3.7,3.22,3.43,6.1,6.22,5.77,6.06,6.17,5.7,6.16,6.29,5.82,7.08,7.12,6.9,9.29,9.37,9.22,10.53,10.56,10.52,11,11.02,10.96,11.39,11.43,11.38,6550,0
2025-12-20 21:00:00,0.98,0.86,1.87,23.67,3.82,3.72,3.22,3.43,5.74,5.94,5.58,5.7,5.93,5.58,5.81,6.04,5.69,6.99,7.22,6.88,9.55,9.72,9.39,10.64,10.66,10.57,11.02,11.03,11.02,11.41,11.44,11.39,6577,0
2025-12-20 20:00:00,0.9,0.77,1.77,23.62,3.92,3.7,3.21,3.44,5.8,6.17,5.59,5.79,6.17,5.58,5.89,6.29,5.69,7.33,7.71,7.12,9.91,10.08,9.72,10.71,10.77,10.66,11.03,11.03,11.02,11.46,11.5,11.42,6595,0
2025-12-20 19:00:00,0.89,0.63,1.67,23.42,4.15,3.67,3.21,3.43,6.95,7.5,6.29,6.94,7.49,6.29,7.06,7.61,6.41,8.33,8.77,7.83,10.21,10.32,10.08,10.76,10.77,10.75,11.03,11.06,11.02,11.47,11.49,11.45,6626,0
2025-12-20 18:00:00,0.84,0.59,1.63,23.57,4.11,3.67,3.2,3.43,7.87,9.13,7.22,7.88,9.13,7.24,7.98,9.24,7.36,9.05,9.71,8.68,10.46,10.54,10.36,10.77,10.77,10.75,11.03,11.05,11.02,11.47,11.49,11.47,6673,0
2025-12-20 17:00:00,0.82,0.59,1.74,23.98,4.13,3.71,3.19,3.43,10.4,11.13,9.47,10.39,11.07,9.47,10.46,11.16,9.47,10.26,10.56,9.84,10.51,10.55,10.44,10.7,10.75,10.66,11.02,11.03,11.01,11.47,11.5,11.46,6778,7028
2025-12-20 16:00:00,0.81,0.61,1.76,24.18,4.13,3.71,3.19,3.43,10.65,11.02,10.09,10.64,11,10.09,10.75,11.14,10.22,10.41,10.55,10.18,10.44,10.44,10.42,10.66,10.68,10.66,11.02,11.02,11.02,11.46,11.49,11.45,6818,8178
2025-12-20 15:00:00,0.82,0.55,1.79,24.31,4.18,3.7,3.19,3.44,10.07,10.2,9.96,10.08,10.21,9.97,10.25,10.4,10.16,10.16,10.24,10.07,10.35,10.41,10.32,10.66,10.66,10.66,11.02,11.02,11,11.46,11.49,11.43,6813,7102
2025-12-20 14:00:00,0.8,0.56,1.79,24.51,4.17,3.73,3.2,3.44,9.79,9.93,9.55,9.83,9.96,9.6,10.01,10.18,9.74,10.04,10.07,9.92,10.29,10.32,10.22,10.64,10.66,10.63,11.01,11.02,11,11.46,11.47,11.45,6822,7559
2025-12-20 13:00:00,0.8,0.56,1.85,24.71,4.16,3.74,3.2,3.43,9.73,9.85,9.5,9.8,9.95,9.6,9.96,10.1,9.76,9.95,10.04,9.85,10.2,10.21,10.18,10.62,10.65,10.59,11.02,11.02,11.01,11.46,11.49,11.45,6820,8473
2025-12-20 12:00:00,0.81,0.55,1.98,25.02,4.18,3.74,3.19,3.43,9.13,9.68,8.89,9.2,9.72,8.97,9.33,9.84,9.1,9.59,9.84,9.47,10.16,10.2,10.09,10.59,10.62,10.57,11.02,11.02,11.01,11.45,11.47,11.43,6820,7504
2025-12-20 11:00:00,0.83,0.6,2.16,25.46,4.19,3.74,3.19,3.43,9.09,9.39,8.67,9.09,9.46,8.67,9.2,9.5,8.89,9.69,9.84,9.52,10.08,10.1,10.08,10.61,10.63,10.6,11.02,11.02,11.02,11.46,11.49,11.45,6782,7079
2025-12-20 10:00:00,1,0.8,2.57,26.22,4.2,3.75,3.2,3.44,8.65,8.84,8.43,8.65,8.79,8.51,8.8,8.93,8.64,9.45,9.47,9.37,10.08,10.09,10.08,10.63,10.66,10.62,11.02,11.03,11.02,11.46,11.49,11.45,6640,6945
2025-12-20 09:00:00,0.93,0.74,2.41,25.56,4.19,3.75,3.2,3.44,8.98,9.13,8.82,8.96,9.13,8.78,9.06,9.22,8.89,9.56,9.6,9.47,10.08,10.1,10.08,10.63,10.65,10.62,11.02,11.02,11.02,11.46,11.48,11.43,6537,6811
2025-12-20 08:00:00,1.02,0.91,2.68,26.13,4.2,3.75,3.2,3.43,9.2,9.49,9.01,9.19,9.49,9.01,9.3,9.6,9.13,9.65,9.72,9.59,10.08,10.1,10.08,10.65,10.66,10.63,11.02,11.03,11.02,11.46,11.49,11.45,6506,2127
2025-12-20 07:00:00,0.92,0.75,2.17,25.02,4.19,3.73,3.21,3.44,9.47,9.5,9.42,9.43,9.49,9.37,9.48,9.58,9.47,9.71,9.72,9.68,10.08,10.09,10.08,10.66,10.66,10.64,11.02,11.05,11.02,11.45,11.48,11.44,6506,0
2025-12-20 06:00:00,0.96,0.83,2.25,25.78,4.19,3.72,3.22,3.44,9.37,9.39,9.37,9.37,9.37,9.37,9.46,9.47,9.45,9.62,9.68,9.6,10.08,10.08,10.08,10.66,10.66,10.66,11.03,11.05,11.03,11.45,11.47,11.44,6506,0
2025-12-20 05:00:00,1.03,0.89,2.38,24.77,4.19,3.73,3.22,3.43,9.22,9.37,9.05,9.18,9.37,9.01,9.26,9.43,9.12,9.47,9.6,9.35,10.08,10.08,10.08,10.66,10.69,10.66,11.06,11.09,11.04,11.45,11.46,11.42,6510,0
2025-12-20 04:00:00,0.97,0.78,2.32,24.15,4.19,3.73,3.23,3.44,9.01,9.04,9.01,8.99,9.01,8.95,9.04,9.1,9.01,9.35,9.38,9.35,10.08,10.1,10.08,10.7,10.75,10.66,11.09,11.11,11.08,11.42,11.44,11.41,6515,0
2025-12-20 03:00:00,0.99,0.81,2.28,23.83,4.17,3.72,3.22,3.43,9.06,9.13,9.01,9.02,9.04,9.01,9.09,9.13,9.03,9.36,9.38,9.35,10.15,10.2,10.1,10.77,10.77,10.74,11.09,11.11,11.07,11.41,11.42,11.39,6517,0
2025-12-20 02:00:00,0.96,0.79,2.22,22.94,4.16,3.74,3.23,3.43,8.97,9.06,8.89,8.94,9.01,8.89,9.01,9.08,8.97,9.35,9.37,9.35,10.21,10.24,10.2,10.77,10.77,10.77,11.1,11.11,11.09,11.39,11.42,11.38,6524,0
2025-12-20 01:00:00,0.98,0.78,2.15,22.82,4.17,3.75,3.22,3.44,8.9,8.95,8.89,8.89,8.89,8.87,8.95,9.01,8.89,9.35,9.35,9.35,10.31,10.34,10.26,10.79,10.8,10.78,11.09,11.11,11.07,11.38,11.4,11.38,6533,0
2025-12-20 00:00:00,0.98,0.77,2.16,22.8,4.09,3.72,3.22,3.43,8.85,8.89,8.78,8.82,8.89,8.78,8.9,8.93,8.89,9.43,9.56,9.37,10.42,10.44,10.36,10.84,10.88,10.81,11.07,11.09,11.06,11.38,11.39,11.38,6530,0
2025-12-19 23:00:00,0.97,0.8,2.2,22.77,3.98,3.72,3.22,3.42,9.23,9.37,8.96,9.19,9.33,8.89,9.28,9.38,9.01,9.76,9.84,9.6,10.52,10.56,10.46,10.88,10.89,10.86,11.05,11.09,11.02,11.37,11.38,11.36,6550,0
2025-12-19 22:00:00,0.98,0.8,2.18,22.42,3.31,3.72,3.2,3.44,9.49,9.57,9.37,9.46,9.49,9.37,9.54,9.6,9.47,9.95,9.96,9.87,10.59,10.67,10.56,10.89,10.89,10.88,11.02,11.03,11.02,11.34,11.38,11.3,6575,0
2025-12-19 21:00:00,0.95,0.77,2.08,21.53,2.67,3.72,3.2,3.45,9.53,9.72,9.42,9.49,9.68,9.38,9.57,9.72,9.47,10,10.1,9.96,10.7,10.78,10.67,10.89,10.89,10.89,11,11.02,10.94,11.27,11.3,11.26,6588,0
2025-12-19 20:00:00,0.88,0.67,1.69,20.16,2.44,3.67,3.21,3.45,9.86,10.1,9.6,9.8,10.05,9.52,9.86,10.07,9.62,10.18,10.18,10.14,10.82,10.91,10.79,10.89,10.89,10.89,10.92,11,10.9,11.26,11.26,11.26,6604,0
2025-12-19 19:00:00,0.8,0.61,1.42,19.33,2.47,3.65,3.21,3.43,9.41,9.58,9.35,9.39,9.49,9.32,9.46,9.6,9.37,10.2,10.31,10.18,11.02,11.15,10.91,10.87,10.89,10.82,10.87,10.9,10.8,11.25,11.26,11.24,6624,0
2025-12-19 18:00:00,0.83,0.58,1.41,19.32,2.5,3.68,3.2,3.44,10.2,11.14,9.47,10.19,11.14,9.46,10.24,11.14,9.47,10.76,11.26,10.33,11.25,11.34,11.15,10.78,10.83,10.73,10.78,10.79,10.77,11.21,11.25,11.18,6660,0
2025-12-19 17:00:00,0.93,0.73,1.51,19.42,2.51,3.72,3.2,3.44,12.04,12.8,11.28,12.02,12.8,11.27,12.09,12.9,11.27,11.81,12.3,11.38,11.37,11.38,11.35,10.62,10.67,10.54,10.68,10.77,10.66,11.18,11.22,11.16,6731,6941
2025-12-19 16:00:00,0.96,0.72,1.59,19.51,2.51,3.75,3.22,3.44,13.6,14.1,13.03,13.61,14.1,13.01,13.7,14.21,13.03,12.73,13.03,12.42,11.24,11.34,11.15,10.42,10.54,10.3,10.64,10.66,10.59,11.17,11.19,11.15,6826,7110
2025-12-19 15:00:00,1.01,0.83,1.67,19.7,2.49,3.77,3.23,3.45,14.61,15.3,14.22,14.66,15.4,14.22,14.84,15.63,14.39,13.25,13.53,13.05,10.88,11.13,10.67,10.19,10.3,10.07,10.55,10.57,10.55,11.17,11.2,11.15,6822,9100
2025-12-19 14:00:00,1.03,0.88,1.71,19.98,2.47,3.79,3.23,3.46,15.12,15.86,14.68,15.15,15.87,14.69,15.34,16.12,14.83,13.11,13.62,12.68,10.34,10.59,10.09,9.99,10.06,9.93,10.55,10.55,10.55,11.18,11.21,11.17,6824,9502
2025-12-19 13:00:00,1,0.78,1.66,20.2,2.44,3.79,3.24,3.47,14.19,14.5,13.9,14.21,14.52,13.97,14.47,14.72,14.21,12.24,12.56,11.85,9.78,10.06,9.51,9.84,9.93,9.8,10.55,10.55,10.55,11.17,11.22,11.14,6826,10648
2025-12-19 12:00:00,0.97,0.78,1.62,20.4,2.45,3.79,3.24,3.47,12.75,13.51,12.31,12.72,13.51,12.21,12.88,13.74,12.33,11.12,11.61,10.67,9.24,9.49,9.01,9.72,9.75,9.71,10.55,10.57,10.55,11.14,11.16,11.14,6838,10778
2025-12-19 11:00:00,0.89,0.64,1.56,20.55,2.42,3.78,3.26,3.45,11.38,12.21,10.43,11.22,12.11,10.18,11.39,12.31,10.43,9.85,10.55,9.13,8.72,8.91,8.55,9.78,9.83,9.72,10.63,10.66,10.58,11.14,11.16,11.14,6824,9297
2025-12-19 10:00:00,0.89,0.68,1.64,20.75,2.4,3.76,3.23,3.44,8.78,10.3,7.48,8.61,9.96,7.45,8.83,10.24,7.58,8.11,8.93,7.24,8.42,8.55,8.35,9.88,9.95,9.83,10.66,10.66,10.65,11.15,11.17,11.14,6822,8324
2025-12-19 09:00:00,0.97,0.89,1.81,20.86,2.39,3.71,3.24,3.44,5.87,7.25,4.76,5.8,7.23,4.75,5.91,7.36,4.75,6.3,7.12,5.78,8.42,8.55,8.34,10,10.06,9.95,10.71,10.77,10.66,11.22,11.25,11.16,6644,6953
2025-12-19 08:00:00,0.98,0.95,1.87,20.76,2.37,3.68,3.22,3.44,5.03,5.49,4.76,4.94,5.35,4.64,4.95,5.37,4.64,5.98,6.29,5.77,8.6,8.66,8.55,10.09,10.18,10.06,10.78,10.79,10.78,11.26,11.26,11.25,6502,6705
2025-12-19 07:00:00,1,0.93,1.88,20.78,2.42,3.67,3.24,3.45,5.79,5.94,5.6,5.69,5.82,5.54,5.71,5.89,5.55,6.51,6.64,6.37,8.74,8.78,8.67,10.21,10.3,10.18,10.84,10.89,10.79,11.28,11.32,11.26,6497,0
2025-12-19 06:00:00,1.08,0.96,1.84,20.75,2.41,3.67,3.26,3.42,6.03,6.06,5.94,5.95,6,5.89,6.02,6.07,5.94,6.74,6.76,6.67,8.86,8.89,8.78,10.33,10.41,10.3,10.9,10.9,10.9,11.35,11.38,11.33,6502,0
2025-12-19 05:00:00,1.04,1.01,1.86,20.68,2.43,3.67,3.23,3.42,5.84,6.03,5.7,5.77,5.94,5.61,5.82,5.99,5.69,6.65,6.7,6.62,9,9.12,8.89,10.44,10.53,10.41,10.93,11,10.9,11.38,11.38,11.36,6506,0
2025-12-19 04:00:00,1.11,0.98,1.83,20.68,2.44,3.68,3.22,3.43,6.19,6.41,5.82,6.1,6.29,5.78,6.1,6.29,5.81,6.81,6.88,6.64,9.21,9.32,9.14,10.57,10.63,10.54,11.01,11.03,11,11.38,11.4,11.38,6510,0
2025-12-19 03:00:00,1.13,0.99,1.85,20.49,2.44,3.65,3.23,3.43,6.12,6.29,5.94,6.01,6.2,5.82,6,6.17,5.82,6.86,7,6.76,9.46,9.6,9.37,10.68,10.77,10.66,11.06,11.09,11.03,11.39,11.42,11.38,6522,0
2025-12-19 02:00:00,1.03,0.92,1.65,20.26,2.46,3.62,3.23,3.43,6,6.29,5.82,5.94,6.17,5.81,5.99,6.29,5.82,7.21,7.47,7.09,9.74,9.85,9.6,10.78,10.83,10.76,11.13,11.14,11.11,11.38,11.39,11.38,6533,0
2025-12-19 01:00:00,1.01,0.75,1.57,20.17,2.47,3.61,3.24,3.43,6.65,7,6.29,6.58,6.88,6.29,6.66,6.98,6.3,7.77,7.97,7.5,10.03,10.17,9.91,10.88,10.89,10.84,11.14,11.14,11.13,11.38,11.39,11.38,6546,0
2025-12-19 00:00:00,0.93,0.69,1.54,20.11,2.51,3.62,3.24,3.43,7.33,7.89,7,7.28,7.82,6.95,7.34,7.86,7,8.35,8.68,8.06,10.27,10.32,10.2,10.95,11.01,10.89,11.14,11.14,11.14,11.38,11.39,11.38,6539,0
2025-12-18 23:00:00,0.89,0.63,1.49,20.17,2.51,3.6,3.24,3.43,8.1,8.16,7.95,8.04,8.08,7.93,8.14,8.18,7.95,8.88,8.97,8.77,10.45,10.56,10.37,11.01,11.01,11.01,11.14,11.14,11.14,11.37,11.38,11.33,6573,0
2025-12-18 22:00:00,0.87,0.63,1.48,20.16,2.53,3.61,3.24,3.45,8.07,8.18,8.01,8.04,8.1,7.97,8.16,8.21,8.1,9.03,9.13,9,10.66,10.79,10.56,11.08,11.13,11.02,11.14,11.14,11.13,11.28,11.32,11.26,6577,0
2025-12-18 21:00:00,0.87,0.62,1.45,20.14,2.55,3.59,3.23,3.45,8.06,8.07,7.98,8.04,8.07,7.96,8.17,8.18,8.1,9.19,9.27,9.13,10.92,11.12,10.79,11.17,11.24,11.13,11.09,11.13,11.03,11.25,11.26,11.23,6593,0
2025-12-18 20:00:00,0.89,0.6,1.44,20.1,2.6,3.61,3.21,3.45,7.87,8.07,7.54,7.84,8.07,7.55,8.01,8.18,7.71,9.35,9.35,9.31,11.31,11.51,11.15,11.25,11.25,11.25,10.97,11.02,10.9,11.16,11.22,11.14,6608,0
2025-12-18 19:00:00,0.87,0.59,1.41,20,2.71,3.61,3.22,3.42,7.58,7.95,7.36,7.59,8.02,7.36,7.76,8.18,7.58,9.74,10.31,9.35,11.85,12.09,11.61,11.24,11.25,11.16,10.85,10.9,10.78,11.14,11.14,11.13,6631,0
2025-12-18 18:00:00,0.82,0.57,1.46,20.08,2.82,3.61,3.21,3.41,9.44,11.31,8.1,9.55,11.42,8.18,9.69,11.54,8.33,11.4,12.49,10.44,12.4,12.57,12.2,11.05,11.14,10.94,10.7,10.78,10.66,11.09,11.13,11.06,6677,0
2025-12-18 17:00:00,0.96,0.76,1.7,20.31,2.97,3.65,3.23,3.4,14.45,17.04,11.73,14.56,17.17,11.87,14.71,17.41,11.97,14.08,15.34,12.76,12.68,12.74,12.64,10.77,10.89,10.64,10.55,10.62,10.49,11.04,11.07,11.03,6789,7043
2025-12-18 16:00:00,1.21,1,2.16,21.19,3.32,3.68,3.22,3.4,20.86,23.44,17.54,21.08,23.68,17.7,21.83,24.74,18,17.13,18.12,15.63,12.51,12.68,12.26,10.4,10.57,10.2,10.41,10.44,10.34,11.03,11.05,11.02,6838,10565
2025-12-18 15:00:00,1.42,1.16,2.49,22.06,3.37,3.74,3.23,3.4,22.51,23.18,22,22.95,23.45,22.56,24.05,24.55,23.55,17.72,18,17.54,11.82,12.21,11.38,9.99,10.18,9.83,10.31,10.32,10.31,11.02,11.03,11.02,6847,10817
2025-12-18 14:00:00,1.28,1.07,2.35,22.81,3.36,3.8,3.23,3.4,21.46,22.3,20.28,22.33,22.85,21.43,23.83,24.26,22.97,17.32,17.64,16.58,10.76,11.29,10.2,9.64,9.83,9.47,10.29,10.31,10.28,11.02,11.03,11.02,6847,10703
2025-12-18 13:00:00,1.21,1.03,2.29,23.38,3.41,3.83,3.26,3.4,19.08,19.78,18.04,20.23,20.96,19.12,21.74,22.49,20.6,15.36,16.35,14.17,9.54,10.08,9.02,9.39,9.47,9.33,10.31,10.31,10.31,11.02,11.02,11.02,6847,10940
2025-12-18 12:00:00,1.01,0.84,2,23.7,3.46,3.88,3.3,3.43,15.16,17.56,11.26,15.8,18.59,11.27,16.81,19.95,11.67,11.97,13.84,9.77,8.59,8.93,8.31,9.25,9.27,9.24,10.31,10.32,10.31,10.98,11,10.96,6847,11011
2025-12-18 11:00:00,0.81,0.59,1.8,23.75,3.45,3.89,3.31,3.42,9.42,10.54,8.42,9.43,10.55,8.39,9.72,10.9,8.66,8.8,9.55,8.03,8.04,8.3,7.84,9.25,9.3,9.24,10.32,10.35,10.31,11.01,11.02,10.99,6824,10660
2025-12-18 10:00:00,0.86,0.66,1.94,24.31,3.51,3.85,3.29,3.41,7.48,8.18,6.8,7.4,8.07,6.75,7.59,8.31,6.88,7.09,7.83,6.29,7.7,7.84,7.6,9.41,9.47,9.35,10.41,10.43,10.38,11.02,11.02,11.02,6822,8643
2025-12-18 09:00:00,0.91,0.88,2.31,24.96,3.51,3.84,3.29,3.41,5.41,6.65,4.46,5.31,6.54,4.4,5.43,6.75,4.5,5.43,6.11,5.1,7.67,7.72,7.61,9.56,9.62,9.47,10.46,10.53,10.43,11.03,11.05,11.02,6688,7000
2025-12-18 08:00:00,0.98,1.02,2.56,25.15,3.51,3.84,3.27,3.41,3.73,4.32,3.57,3.67,4.28,3.47,3.72,4.32,3.57,4.75,5,4.63,7.82,7.92,7.72,9.73,9.82,9.67,10.55,10.58,10.55,11.11,11.14,11.04,6497,6748
2025-12-18 07:00:00,1,1.02,2.49,25.09,3.48,3.85,3.27,3.44,4.03,4.36,3.57,3.97,4.28,3.47,4.04,4.35,3.57,5.03,5.21,4.76,7.97,8.07,7.93,9.88,9.95,9.83,10.65,10.68,10.6,11.16,11.22,11.14,6493,0
2025-12-18 06:00:00,1,1.02,2.47,24.96,3.46,3.84,3.25,3.43,4.25,4.52,3.96,4.18,4.4,3.93,4.24,4.52,3.93,5.24,5.45,5.12,8.12,8.18,8.07,10.03,10.1,9.95,10.74,10.78,10.67,11.24,11.26,11.22,6495,0
2025-12-18 05:00:00,0.98,1.01,2.48,25,3.44,3.82,3.25,3.44,4.55,4.76,4.27,4.48,4.64,4.16,4.54,4.75,4.21,5.37,5.46,5.19,8.26,8.35,8.18,10.2,10.3,10.12,10.79,10.83,10.78,11.26,11.27,11.26,6497,0
2025-12-18 04:00:00,1.04,1.12,2.59,25.05,3.45,3.79,3.27,3.44,3.81,4.16,3.57,3.71,4.06,3.45,3.78,4.16,3.54,5.02,5.12,4.98,8.52,8.67,8.39,10.36,10.42,10.3,10.88,10.9,10.85,11.29,11.33,11.26,6506,0
2025-12-18 03:00:00,1.09,1.16,2.59,24.81,3.4,3.76,3.26,3.43,3.76,3.94,3.57,3.68,3.93,3.45,3.74,3.93,3.54,5.24,5.46,5.04,8.87,9.02,8.68,10.5,10.54,10.42,10.9,10.91,10.9,11.37,11.38,11.35,6513,0
2025-12-18 02:00:00,1.14,1.19,2.47,23.6,3.1,3.74,3.24,3.43,4.14,4.39,3.93,4.06,4.29,3.81,4.12,4.33,3.9,5.75,6,5.46,9.27,9.47,9.07,10.66,10.77,10.56,10.99,11.02,10.92,11.38,11.38,11.38,6528,0
2025-12-18 01:00:00,1.11,1.09,2.19,22.39,2.55,3.69,3.23,3.43,4.79,5.28,4.39,4.72,5.18,4.28,4.74,5.23,4.3,6.36,6.74,6.05,9.67,9.85,9.49,10.82,10.89,10.77,11.03,11.06,11.02,11.37,11.38,11.36,6539,0
2025-12-18 00:00:00,1.1,0.98,1.85,21.9,2.56,3.71,3.24,3.44,5.81,6.14,5.4,5.7,6.06,5.31,5.76,6.08,5.32,7.13,7.47,6.76,10.08,10.27,9.88,10.91,10.99,10.89,11.06,11.09,11.04,11.34,11.38,11.3,6533,0
2025-12-17 23:00:00,1.05,0.85,1.67,21.78,2.59,3.69,3.24,3.46,6.38,6.63,6.17,6.3,6.55,6.06,6.36,6.65,6.14,7.81,8.06,7.55,10.48,10.67,10.32,11.01,11.03,10.99,11.07,11.11,11.06,11.27,11.3,11.26,6568,0
2025-12-17 22:00:00,0.97,0.68,1.49,21.7,2.6,3.69,3.22,3.44,6.89,7.46,6.53,6.85,7.36,6.49,6.91,7.46,6.53,8.53,9.01,8.14,10.92,11.15,10.71,11.09,11.12,11.04,11.02,11.04,11.01,11.26,11.26,11.25,6582,0
2025-12-17 21:00:00,0.85,0.59,1.47,21.79,2.67,3.67,3.23,3.43,8.29,9.28,7.56,8.25,9.26,7.48,8.34,9.37,7.5,9.73,10.45,9.08,11.28,11.38,11.15,11.1,11.13,11.06,10.93,11,10.9,11.18,11.24,11.14,6595,0
2025-12-17 20:00:00,0.83,0.57,1.47,22.11,2.71,3.69,3.22,3.42,10.12,10.43,9.57,10.09,10.42,9.52,10.19,10.53,9.6,10.95,11.25,10.58,11.53,11.62,11.42,11.03,11.09,11.01,10.83,10.9,10.78,11.14,11.14,11.13,6613,0
2025-12-17 19:00:00,0.82,0.62,1.51,22.19,2.77,3.7,3.21,3.4,10.7,11.02,10.43,10.68,11.02,10.43,10.78,11.11,10.55,11.47,11.72,11.26,11.77,11.87,11.62,10.95,11.01,10.89,10.7,10.78,10.63,11.1,11.14,11.05,6635,0
2025-12-17 18:00:00,0.87,0.65,1.6,22.21,2.81,3.69,3.24,3.4,11.36,12.12,11.02,11.4,12.21,11.02,11.49,12.28,11.14,12.12,12.65,11.73,12.07,12.21,11.93,10.76,10.89,10.66,10.54,10.63,10.44,11.03,11.05,11.02,6680,0
2025-12-17 17:00:00,0.99,0.79,1.82,22.38,2.86,3.72,3.23,3.4,14.95,17.65,12.49,14.91,17.53,12.55,14.87,17.53,12.58,13.77,14.81,12.8,12.27,12.33,12.21,10.47,10.64,10.3,10.4,10.43,10.31,11.02,11.03,11.02,6791,7047
2025-12-17 16:00:00,1.28,1.07,2.28,23.29,3.15,3.74,3.24,3.39,21.18,23.2,18.53,21.37,23.44,18.41,21.96,24.27,18.45,16.57,17.29,15.2,12,12.21,11.74,10.1,10.3,9.95,10.27,10.31,10.2,11.02,11.02,11.02,6844,10999
2025-12-17 15:00:00,1.46,1.3,2.56,24.08,3.17,3.78,3.32,3.4,21.59,22.79,21.02,22.1,23.09,21.67,23.1,24.01,22.68,16.81,17.17,16.7,11.26,11.64,10.79,9.73,9.89,9.59,10.18,10.2,10.18,11.01,11.02,10.99,6844,10727
2025-12-17 14:00:00,1.32,1.21,2.48,24.68,3.23,3.8,3.33,3.42,20.47,21.2,19.54,21.3,21.9,20.6,22.68,23.27,22.03,16.15,16.79,15.26,10.19,10.68,9.72,9.41,9.58,9.27,10.18,10.18,10.18,10.93,10.99,10.91,6847,10845
2025-12-17 13:00:00,1.2,1.01,2.26,25.26,3.38,3.82,3.34,3.42,17.66,19.09,16.49,18.88,20.25,17.68,20.15,21.57,18.94,13.9,14.97,12.91,9.14,9.6,8.67,9.15,9.25,9.04,10.19,10.24,10.18,10.91,10.91,10.9,6847,10817
2025-12-17 12:00:00,1,0.85,1.98,25.66,3.5,3.85,3.29,3.45,15.55,16.45,13.62,16.51,17.65,14.22,17.59,18.86,14.92,11.46,12.68,9.84,8.26,8.6,7.95,8.99,9.01,8.96,10.29,10.32,10.22,10.91,10.92,10.91,6844,11081
2025-12-17 11:00:00,0.86,0.66,1.8,25.86,3.57,3.85,3.32,3.45,13.19,14.1,12.44,13.82,14.81,13.02,14.51,15.63,13.5,9.19,9.59,8.6,7.67,7.95,7.47,9.01,9.1,8.99,10.34,10.39,10.31,10.91,10.91,10.91,6842,11247
2025-12-17 10:00:00,0.8,0.6,1.8,26.61,3.64,3.87,3.3,3.44,11.61,13.27,8.78,11.71,13.62,8.64,12.34,14.46,8.89,7.18,8.42,5.68,7.3,7.39,7.24,9.15,9.22,9.1,10.41,10.43,10.38,10.96,11.02,10.91,6838,11208
2025-12-17 09:00:00,0.85,0.84,2.29,27.62,3.68,3.86,3.28,3.44,5.12,7.82,3,4.97,7.59,2.86,5.12,7.83,2.92,4.5,5.34,3.8,7.33,7.4,7.24,9.3,9.35,9.24,10.47,10.55,10.43,11.05,11.13,11.02,6822,7520
2025-12-17 08:00:00,0.9,1.09,2.61,27.66,3.63,3.85,3.26,3.48,2.44,2.75,2.25,2.36,2.63,2.15,2.37,2.69,2.17,3.82,4.04,3.7,7.54,7.7,7.42,9.38,9.45,9.35,10.57,10.66,10.55,11.15,11.25,11.13,6504,6772
2025-12-17 07:00:00,0.93,1.04,2.56,27.43,3.57,3.83,3.26,3.46,3.32,3.55,2.86,3.24,3.45,2.77,3.25,3.46,2.75,4.47,4.75,4.16,7.72,7.72,7.71,9.56,9.71,9.46,10.66,10.66,10.64,11.26,11.26,11.25,6493,0
2025-12-17 06:00:00,0.91,0.93,2.3,27.26,3.57,3.82,3.25,3.46,4.53,5.12,3.6,4.49,5,3.57,4.54,5.12,3.57,5.25,5.46,4.87,7.72,7.72,7.71,9.77,9.85,9.71,10.73,10.78,10.66,11.3,11.36,11.26,6493,0
2025-12-17 05:00:00,0.93,0.98,2.4,27.6,3.57,3.84,3.26,3.44,4.39,4.76,3.66,4.32,4.69,3.57,4.4,4.75,3.63,4.91,5.23,4.4,7.74,7.84,7.72,9.99,10.06,9.87,10.84,10.9,10.78,11.39,11.45,11.37,6493,0
2025-12-17 04:00:00,0.95,1.13,2.61,27.9,3.54,3.83,3.25,3.45,2.73,3.42,2.52,2.64,3.34,2.46,2.67,3.35,2.51,4.03,4.28,3.93,7.95,8.07,7.84,10.21,10.3,10.09,10.97,11.02,10.9,11.49,11.5,11.47,6495,0
2025-12-17 03:00:00,0.96,1.15,2.62,27.85,3.53,3.81,3.25,3.45,2.65,2.87,2.51,2.56,2.78,2.46,2.59,2.81,2.51,4.23,4.4,4.09,8.26,8.43,8.09,10.41,10.52,10.31,11.11,11.14,11.03,11.54,11.61,11.5,6502,0
2025-12-17 02:00:00,0.99,1.14,2.62,27.72,3.48,3.81,3.25,3.43,3.13,3.45,2.86,3.03,3.34,2.75,3.07,3.36,2.78,4.68,4.92,4.41,8.58,8.76,8.43,10.59,10.66,10.54,11.19,11.26,11.14,11.62,11.62,11.62,6513,0
2025-12-17 01:00:00,1.02,1.14,2.6,27.62,3.45,3.78,3.22,3.44,3.69,3.81,3.45,3.6,3.71,3.42,3.68,3.82,3.45,5.18,5.34,4.98,8.91,9.07,8.78,10.77,10.89,10.66,11.26,11.29,11.24,11.65,11.7,11.62,6524,0
2025-12-17 00:00:00,1.07,1.21,2.58,27.55,3.4,3.76,3.2,3.43,3.71,3.82,3.69,3.65,3.81,3.58,3.71,3.83,3.69,5.45,5.66,5.34,9.31,9.49,9.14,10.95,11.01,10.89,11.36,11.37,11.3,11.73,11.73,11.71,6519,0
2025-12-16 23:00:00,1.14,1.2,2.5,26.3,3.1,3.74,3.21,3.43,4.07,4.44,3.93,4.01,4.39,3.86,4.08,4.4,3.93,5.98,6.29,5.7,9.76,9.96,9.52,11.12,11.24,11.02,11.38,11.43,11.37,11.73,11.73,11.73,6550,0
2025-12-16 22:00:00,1.09,1.01,2.03,25.3,2.73,3.73,3.19,3.43,4.75,5.22,4.52,4.71,5.2,4.44,4.78,5.23,4.52,6.76,7.24,6.41,10.24,10.44,10.02,11.28,11.37,11.24,11.47,11.49,11.43,11.73,11.73,11.73,6568,0
2025-12-16 21:00:00,1,0.88,1.76,25.31,2.71,3.73,3.19,3.43,5.87,6.1,5.35,5.85,6.06,5.34,5.97,6.17,5.41,7.74,7.95,7.35,10.66,10.87,10.44,11.39,11.48,11.37,11.49,11.49,11.48,11.73,11.73,11.7,6588,0
2025-12-16 20:00:00,0.96,0.72,1.66,25.33,2.72,3.74,3.19,3.43,6.49,6.77,6.06,6.48,6.74,6.06,6.62,6.88,6.17,8.42,8.74,8.06,11.12,11.38,10.91,11.48,11.5,11.48,11.48,11.49,11.45,11.67,11.7,11.62,6604,0
2025-12-16 19:00:00,0.87,0.66,1.62,25.43,2.76,3.75,3.19,3.43,7.09,7.57,6.77,7.11,7.59,6.77,7.29,7.83,6.91,9.26,9.84,8.77,11.6,11.8,11.38,11.49,11.51,11.48,11.39,11.45,11.37,11.62,11.63,11.62,6626,0
2025-12-16 18:00:00,0.79,0.58,1.6,25.85,2.88,3.74,3.2,3.41,9.05,10.2,7.73,9.13,10.32,7.83,9.3,10.47,8.01,10.8,11.49,10.04,11.97,12.09,11.85,11.47,11.48,11.4,11.36,11.37,11.29,11.62,11.62,11.61,6671,0
2025-12-16 17:00:00,0.87,0.7,1.77,26.49,2.89,3.72,3.21,3.41,12.07,13.66,10.43,12.21,13.86,10.55,12.45,14.2,10.72,12.33,13.03,11.56,12.11,12.14,12.09,11.33,11.38,11.25,11.26,11.28,11.26,11.62,11.62,11.61,6755,6976
2025-12-16 16:00:00,1.03,0.87,2.01,27.26,2.91,3.71,3.22,3.41,15.1,16.03,13.98,15.29,16.23,14.2,15.79,16.79,14.57,13.62,13.86,13.18,12,12.09,11.86,11.15,11.25,11.01,11.19,11.25,11.14,11.59,11.61,11.56,6838,10782
2025-12-16 15:00:00,1,0.85,2.09,27.78,2.9,3.71,3.22,3.42,14.98,15.74,14.13,15.23,15.87,14.36,15.73,16.45,14.79,13.67,14.05,13.33,11.68,11.86,11.45,10.96,11.01,10.89,11.14,11.14,11.13,11.56,11.59,11.53,6838,10798
2025-12-16 14:00:00,1,0.89,2.36,28.82,2.92,3.74,3.21,3.45,14.99,17.04,12.21,15.31,17.37,12.41,15.91,18.23,12.56,13.41,14.38,12.32,11.19,11.38,11.03,10.81,10.89,10.77,11.12,11.14,11.09,11.52,11.55,11.51,6826,10455
2025-12-16 13:00:00,0.91,0.78,2.55,29.77,2.95,3.73,3.23,3.45,11.43,12.09,10.78,11.51,12.24,10.79,11.69,12.43,11.01,11.93,12.24,11.61,10.85,11.01,10.75,10.7,10.77,10.66,11.07,11.11,11.06,11.51,11.53,11.5,6826,10112
2025-12-16 12:00:00,0.95,0.8,2.57,30.01,2.96,3.75,3.23,3.46,10.75,11.76,10.28,10.85,11.95,10.33,11.07,12.09,10.58,11.45,11.61,11.38,10.57,10.69,10.44,10.63,10.66,10.58,11.08,11.11,11.06,11.5,11.53,11.5,6826,9797
2025-12-16 11:00:00,0.93,0.75,2.35,29.33,3,3.76,3.24,3.46,12.67,13.51,12.08,12.79,13.71,12.15,13.06,14.06,12.4,11.56,11.77,11.02,10.19,10.39,10.05,10.59,10.63,10.57,11.12,11.14,11.11,11.5,11.5,11.5,6822,7808
2025-12-16 10:00:00,0.92,0.81,2.97,31.04,3.08,3.77,3.25,3.48,10.12,11.38,9.68,10.06,11.26,9.63,10.29,11.55,9.84,10.15,10.72,9.77,9.94,10.01,9.89,10.62,10.66,10.59,11.14,11.14,11.13,11.5,11.5,11.5,6838,11089
2025-12-16 09:00:00,0.99,0.9,3.1,31.29,3.09,3.75,3.26,3.49,8.96,9.72,8.45,8.95,9.72,8.42,9.09,9.93,8.54,9.24,9.72,9.01,9.92,9.96,9.87,10.66,10.66,10.63,11.14,11.14,11.14,11.5,11.52,11.5,6751,7071
2025-12-16 08:00:00,1.1,1.05,3.48,33.33,3.12,3.76,3.26,3.47,8.56,8.77,8.43,8.54,8.72,8.42,8.65,8.85,8.54,9.1,9.22,9.01,9.96,9.96,9.96,10.67,10.72,10.66,11.14,11.16,11.14,11.54,11.58,11.51,6510,6078
2025-12-16 07:00:00,1.01,0.97,3.18,31.33,3.07,3.75,3.26,3.43,8.69,8.78,8.58,8.66,8.77,8.55,8.76,8.83,8.66,9.16,9.22,9.13,10,10.08,9.96,10.74,10.77,10.69,11.15,11.19,11.14,11.57,11.59,11.56,6510,0
2025-12-16 06:00:00,0.93,0.85,2.85,30.26,3.05,3.75,3.26,3.45,8.54,8.55,8.54,8.51,8.54,8.43,8.6,8.66,8.54,9.13,9.18,9.1,10.08,10.08,10.08,10.77,10.77,10.77,11.18,11.21,11.16,11.59,11.61,11.58,6510,0
2025-12-16 05:00:00,1.03,1.01,3.26,31.5,3.07,3.76,3.26,3.45,8.67,8.85,8.53,8.64,8.8,8.54,8.77,8.89,8.63,9.28,9.35,9.22,10.16,10.2,10.1,10.79,10.87,10.77,11.22,11.24,11.2,11.6,11.62,11.59,6513,0
2025-12-16 04:00:00,1,0.96,3.13,31.04,3.07,3.73,3.22,3.46,8.9,9.01,8.81,8.85,8.97,8.78,8.95,9.02,8.89,9.38,9.47,9.35,10.23,10.3,10.2,10.88,10.89,10.86,11.24,11.26,11.22,11.61,11.62,11.6,6517,0
2025-12-16 03:00:00,1.1,1.12,3.68,33.22,3.13,3.73,3.23,3.48,9.08,9.25,8.89,9.05,9.25,8.89,9.14,9.32,9.01,9.53,9.6,9.47,10.34,10.4,10.31,10.94,11.01,10.89,11.26,11.28,11.26,11.63,11.66,11.62,6524,0
2025-12-16 02:00:00,1.26,1.28,3.74,34.88,3.1,3.71,3.22,3.42,9.24,9.25,9.22,9.2,9.22,9.18,9.28,9.33,9.25,9.6,9.62,9.6,10.44,10.47,10.42,11.01,11.03,11.01,11.31,11.33,11.28,11.69,11.71,11.67,6530,0
2025-12-16 01:00:00,1.02,0.92,2.72,29.56,2.95,3.69,3.21,3.42,9.1,9.22,9.01,9.09,9.18,9.01,9.16,9.26,9.06,9.59,9.6,9.57,10.55,10.61,10.51,11.07,11.13,11.02,11.32,11.33,11.31,11.65,11.68,11.63,6542,0
2025-12-16 00:00:00,0.86,0.73,2.39,28.33,2.94,3.67,3.22,3.41,9,9.02,8.97,8.97,9.02,8.91,9.06,9.13,9.01,9.63,9.72,9.6,10.7,10.79,10.65,11.13,11.13,11.12,11.29,11.32,11.28,11.62,11.65,11.62,6537,0
2025-12-15 23:00:00,0.98,0.88,2.82,29.78,3,3.69,3.21,3.41,9.07,9.14,9.01,9.07,9.13,9.01,9.18,9.25,9.12,9.81,9.96,9.72,10.85,10.92,10.79,11.15,11.18,11.13,11.27,11.3,11.26,11.62,11.62,11.62,6568,0
2025-12-15 22:00:00,1.08,1.03,3.19,31.75,3.04,3.7,3.2,3.41,9.28,9.37,9.14,9.26,9.35,9.13,9.4,9.47,9.26,10.07,10.18,9.96,11.06,11.16,10.92,11.21,11.24,11.2,11.26,11.26,11.23,11.58,11.62,11.53,6577,0
2025-12-15 21:00:00,1.12,1.04,3.06,26.62,2.9,3.7,3.23,3.43,10,10.55,9.35,9.98,10.48,9.35,10.09,10.58,9.47,10.61,10.9,10.18,11.27,11.38,11.19,11.19,11.22,11.15,11.17,11.24,11.14,11.5,11.53,11.5,6593,0
2025-12-15 20:00:00,1.01,0.81,2.31,18.91,2.8,3.67,3.19,3.41,10.46,10.52,10.37,10.41,10.44,10.32,10.5,10.55,10.43,10.96,11.12,10.9,11.42,11.5,11.38,11.13,11.17,11.11,11.09,11.14,11.03,11.49,11.5,11.47,6606,0
2025-12-15 19:00:00,1.03,0.86,2.3,18.31,2.84,3.69,3.19,3.39,10.69,10.79,10.55,10.67,10.8,10.51,10.77,10.9,10.62,11.36,11.57,11.14,11.61,11.73,11.51,11.04,11.11,11.01,10.96,11.02,10.9,11.43,11.47,11.39,6626,0
2025-12-15 18:00:00,0.96,0.74,1.73,15.9,2.83,3.68,3.19,3.38,11.5,12.32,10.82,11.49,12.32,10.85,11.54,12.35,10.93,11.97,12.45,11.61,11.8,11.86,11.74,10.89,11.01,10.79,10.84,10.9,10.78,11.38,11.4,11.38,6660,0
2025-12-15 17:00:00,0.98,0.74,1.77,15.96,2.85,3.69,3.19,3.37,13.39,14.1,12.58,13.42,14.21,12.56,13.51,14.33,12.62,13.16,13.65,12.62,11.86,11.88,11.86,10.67,10.77,10.54,10.71,10.78,10.66,11.38,11.39,11.37,6731,6579
2025-12-15 16:00:00,1.02,0.87,1.93,16.25,2.86,3.72,3.2,3.36,15.54,16.5,14.29,15.65,16.58,14.33,15.98,16.93,14.57,14.44,14.84,13.77,11.76,11.86,11.62,10.39,10.54,10.24,10.59,10.66,10.55,11.38,11.39,11.37,6818,7599
2025-12-15 15:00:00,1.1,0.92,2.08,16.54,2.86,3.74,3.2,3.37,17.61,18.2,16.7,17.76,18.35,16.83,18.25,18.83,17.33,15.54,15.75,15.15,11.32,11.61,11.03,10.07,10.18,9.95,10.51,10.55,10.47,11.37,11.38,11.33,6838,10684
2025-12-15 14:00:00,1.07,0.85,2.05,16.79,2.88,3.77,3.21,3.38,17.77,18.59,17.29,17.96,18.92,17.45,18.42,19.54,17.87,15.34,15.62,15.16,10.66,11,10.3,9.77,9.92,9.62,10.45,10.47,10.43,11.27,11.34,11.26,6840,10802
2025-12-15 13:00:00,1.1,0.95,2.16,17.12,2.93,3.8,3.23,3.39,18.74,19.14,18.04,19.09,19.42,18.57,19.76,20.12,19.24,15.17,15.64,14.69,9.77,10.2,9.37,9.52,9.6,9.47,10.44,10.46,10.43,11.22,11.26,11.14,6838,10644
2025-12-15 12:00:00,1.11,0.96,2.23,17.43,3.06,3.83,3.26,3.39,19.02,20,17.2,19.71,20.84,17.75,20.72,22.02,18.45,13.76,14.69,11.91,8.94,9.25,8.67,9.51,9.58,9.47,10.33,10.43,10.2,10.99,11.14,10.89,6838,10719
2025-12-15 11:00:00,0.98,0.83,1.93,17.28,3.14,3.82,3.28,3.38,16.56,17.51,15.76,16.93,17.89,16.09,17.69,18.89,16.7,10.9,11.52,9.78,8.32,8.66,7.97,9.58,9.59,9.55,10.24,10.31,10.18,10.91,10.92,10.91,6842,11077
2025-12-15 10:00:00,0.84,0.61,1.75,17.31,3.22,3.81,3.25,3.38,13.79,16.79,9.12,13.76,16.94,8.78,14.38,17.66,9.13,7.8,9.56,5.68,7.72,7.95,7.58,9.6,9.67,9.59,10.41,10.54,10.31,11.02,11.14,10.91,6838,10947
2025-12-15 09:00:00,0.9,0.87,2.01,17.41,3.12,3.79,3.25,3.43,5.13,7.71,2.86,4.94,7.45,2.75,5.07,7.71,2.74,4.38,5.34,3.57,7.48,7.55,7.44,9.6,9.67,9.58,10.77,10.9,10.55,11.35,11.5,11.14,6822,8493
2025-12-15 08:00:00,0.98,1.16,2.31,17.37,3,3.78,3.25,3.45,2.3,2.72,2.06,2.16,2.52,1.95,2.09,2.51,1.92,3.41,3.47,3.35,7.62,7.72,7.52,9.7,9.83,9.62,10.97,11.02,10.9,11.51,11.59,11.5,6506,6783
2025-12-15 07:00:00,0.98,1.16,2.31,17.21,2.89,3.78,3.25,3.44,2.37,2.63,2.13,2.25,2.51,2.01,2.23,2.51,1.95,3.65,3.78,3.45,7.8,7.89,7.72,9.93,10.03,9.83,11.07,11.14,11.02,11.62,11.66,11.58,6493,0
2025-12-15 06:00:00,1,1.19,2.31,17.02,2.8,3.73,3.26,3.42,2.53,2.7,2.33,2.41,2.51,2.25,2.4,2.51,2.24,3.87,3.99,3.81,8.02,8.08,7.93,10.1,10.24,10.03,11.16,11.23,11.14,11.73,11.76,11.68,6497,0
2025-12-15 05:00:00,1.04,1.1,2.34,16.82,2.74,3.73,3.22,3.44,2.95,3.22,2.66,2.81,3.03,2.52,2.78,2.98,2.51,4.18,4.29,4.04,8.19,8.31,8.07,10.36,10.46,10.28,11.26,11.31,11.25,11.81,11.85,11.74,6504,0
2025-12-15 04:00:00,1.09,1.13,2.33,16.56,2.59,3.69,3.2,3.42,3.23,3.34,3.1,3.09,3.22,2.98,3.04,3.22,2.86,4.46,4.63,4.35,8.44,8.55,8.31,10.56,10.66,10.49,11.36,11.37,11.34,11.86,11.9,11.85,6510,0
2025-12-15 03:00:00,1.13,1.15,2.31,16.18,2.43,3.68,3.2,3.4,3.43,3.79,3.22,3.32,3.61,3.11,3.29,3.58,3.1,4.78,4.98,4.63,8.71,8.83,8.56,10.73,10.81,10.66,11.47,11.49,11.39,11.96,11.97,11.92,6522,0
2025-12-15 02:00:00,1.16,1.14,2.21,15.86,2.41,3.64,3.21,3.42,3.88,4.05,3.75,3.76,3.93,3.6,3.74,3.93,3.57,5.18,5.34,4.98,8.99,9.14,8.89,10.91,11.01,10.84,11.55,11.61,11.49,11.97,12.01,11.97,6533,0
2025-12-15 01:00:00,1.16,1.08,2.05,15.38,2.43,3.64,3.21,3.41,4.3,4.46,4.05,4.15,4.3,3.92,4.13,4.28,3.9,5.56,5.76,5.34,9.3,9.47,9.14,11.07,11.14,11.01,11.61,11.61,11.61,12.05,12.08,11.98,6542,0
2025-12-15 00:00:00,1.12,1.06,1.86,14.89,2.43,3.64,3.22,3.43,4.6,4.78,4.5,4.49,4.69,4.36,4.48,4.75,4.32,5.99,6.19,5.82,9.63,9.82,9.49,11.22,11.25,11.13,11.64,11.71,11.61,12.09,12.09,12.09,6533,0
2025-12-14 23:00:00,1.05,0.95,1.64,14.69,2.43,3.64,3.2,3.43,5.11,5.35,4.76,5,5.23,4.67,5.03,5.23,4.75,6.48,6.7,6.28,10.01,10.2,9.85,11.35,11.46,11.25,11.73,11.73,11.73,12.09,12.1,12.09,6566,0
2025-12-14 22:00:00,0.95,0.85,1.5,14.63,2.48,3.64,3.2,3.43,5.39,5.59,5.23,5.3,5.55,5.12,5.34,5.58,5.13,6.96,7.24,6.76,10.43,10.66,10.2,11.5,11.58,11.48,11.73,11.73,11.73,12.09,12.09,12.09,6577,0
2025-12-14 21:00:00,0.9,0.73,1.43,14.63,2.48,3.67,3.2,3.41,6.06,6.41,5.7,5.98,6.32,5.6,6.01,6.35,5.68,7.7,8.06,7.35,10.86,11.09,10.67,11.61,11.65,11.59,11.73,11.74,11.73,12.09,12.09,12.09,6591,0
2025-12-14 20:00:00,0.88,0.59,1.35,14.62,2.53,3.66,3.2,3.4,6.79,7.18,6.43,6.7,7.12,6.39,6.73,7.12,6.4,8.5,8.91,8.09,11.34,11.56,11.15,11.71,11.72,11.67,11.73,11.74,11.73,12.06,12.09,12.03,6608,0
2025-12-14 19:00:00,0.86,0.57,1.36,14.65,2.6,3.66,3.19,3.39,7.94,8.89,7.24,7.9,8.87,7.24,7.9,8.79,7.24,9.64,10.31,9.01,11.83,12.06,11.62,11.72,11.72,11.72,11.66,11.72,11.61,12.01,12.06,11.98,6635,0
2025-12-14 18:00:00,0.9,0.63,1.45,14.83,2.65,3.66,3.18,3.4,10.91,13.04,9.13,10.85,12.92,9.1,10.73,12.8,9.01,11.41,12.44,10.44,12.24,12.38,12.09,11.65,11.72,11.6,11.58,11.61,11.51,11.97,11.99,11.97,6682,0
2025-12-14 17:00:00,1.01,0.83,1.7,15.03,2.7,3.65,3.17,3.4,15,16.32,13.51,14.9,16.23,13.36,14.75,16.14,13.15,13.36,14.21,12.56,12.51,12.57,12.44,11.46,11.59,11.37,11.46,11.5,11.4,11.97,11.98,11.97,6820,7095
2025-12-14 16:00:00,1.12,0.89,1.88,15.33,2.71,3.64,3.18,3.4,17.65,19.06,16.7,17.63,19.06,16.68,17.65,19.29,16.58,15.24,16.23,14.45,12.51,12.57,12.37,11.21,11.36,11.04,11.36,11.38,11.34,11.97,11.98,11.97,6820,7556
2025-12-14 15:00:00,1.17,1.06,2.02,15.67,2.75,3.64,3.19,3.39,19.9,20.84,19.14,20.04,20.97,19.18,20.36,21.44,19.42,16.58,16.93,16.34,12.13,12.33,11.9,10.9,11.01,10.77,11.27,11.31,11.26,12,12.04,11.98,6840,10140
2025-12-14 14:00:00,1.15,0.97,2,15.86,2.75,3.67,3.18,3.38,19.15,20.61,18.2,19.44,21.19,18.41,19.88,22.02,18.7,16.24,17.17,15.75,11.59,11.86,11.21,10.59,10.76,10.43,11.26,11.26,11.26,12.06,12.09,12.04,6844,10798
2025-12-14 13:00:00,1.19,1.08,2.21,16.31,2.75,3.67,3.2,3.39,21.2,21.55,20.95,21.94,22.38,21.67,22.84,23.32,22.49,16.93,17.28,16.33,10.62,11.15,10.12,10.3,10.42,10.18,11.3,11.37,11.26,12.02,12.08,11.98,6842,10628
2025-12-14 12:00:00,1.11,0.97,2.08,16.44,2.69,3.7,3.19,3.44,20.26,20.99,19.29,20.92,21.77,19.66,21.74,22.61,20.25,14.84,16.04,13.39,9.64,10.08,9.25,10.15,10.18,10.07,11.37,11.37,11.37,11.98,11.99,11.97,6847,11018
2025-12-14 11:00:00,0.99,0.78,1.83,16.53,2.61,3.72,3.2,3.42,17.77,19.29,14.35,17.97,19.42,14.45,18.65,20.35,15.16,11.68,12.96,9.72,8.92,9.24,8.66,10.1,10.18,10.06,11.41,11.49,11.37,12.02,12.05,11.97,6844,11014
2025-12-14 10:00:00,1,0.79,1.82,16.51,2.53,3.72,3.23,3.42,9.23,13.03,6.41,9.05,12.92,6.29,9.49,13.86,6.4,7.4,9.31,5.94,8.48,8.6,8.43,10.39,10.52,10.27,11.51,11.6,11.48,12.05,12.09,12,6838,11176
2025-12-14 09:00:00,1.13,1.08,2.12,16.48,2.5,3.59,3.24,3.45,4.87,5.82,3.69,4.73,5.7,3.56,4.77,5.82,3.56,5.2,5.7,4.73,8.5,8.6,8.43,10.63,10.74,10.54,11.61,11.64,11.6,12.11,12.19,12.09,6624,6929
2025-12-14 08:00:00,1.16,1.19,2.04,15.95,2.29,3.43,3.22,3.4,3.36,3.57,3.22,3.24,3.45,3.1,3.22,3.42,3.1,4.67,4.75,4.63,8.7,8.8,8.6,10.87,11,10.77,11.71,11.74,11.65,12.21,12.23,12.19,6510,6756
2025-12-14 07:00:00,1.09,1.11,1.87,15.56,2.26,3.35,3.22,3.39,3.55,3.79,3.23,3.43,3.64,3.14,3.42,3.61,3.15,4.96,5.12,4.76,8.96,9.12,8.85,11.08,11.19,11.01,11.84,11.85,11.77,12.3,12.32,12.23,6510,0
2025-12-14 06:00:00,1.01,0.97,1.63,15.4,2.27,3.38,3.23,3.39,3.95,4.16,3.69,3.81,4.02,3.57,3.78,3.93,3.57,5.31,5.46,5.12,9.26,9.39,9.14,11.29,11.37,11.22,11.94,11.97,11.86,12.37,12.44,12.32,6519,0
2025-12-14 05:00:00,0.89,0.8,1.49,15.33,2.26,3.38,3.2,3.38,4.37,4.64,4.16,4.23,4.52,4.05,4.18,4.5,3.97,5.73,5.94,5.54,9.58,9.72,9.42,11.45,11.52,11.37,12.05,12.08,11.97,12.44,12.44,12.44,6528,0
2025-12-14 04:00:00,0.77,0.69,1.36,15.27,2.26,3.43,3.19,3.39,4.97,5.12,4.64,4.79,4.98,4.52,4.76,4.89,4.51,6.21,6.41,5.99,9.92,10.08,9.72,11.64,11.72,11.57,12.15,12.2,12.08,12.46,12.49,12.44,6537,0
2025-12-14 03:00:00,0.75,0.59,1.25,15.26,2.27,3.44,3.19,3.37,5.54,5.99,5.19,5.38,5.82,5,5.3,5.71,4.96,6.77,7.12,6.45,10.28,10.44,10.09,11.8,11.85,11.72,12.24,12.31,12.2,12.5,12.55,12.46,6546,0
2025-12-14 02:00:00,0.83,0.59,1.29,15.27,2.27,3.49,3.19,3.36,6.98,8.92,5.95,6.85,8.77,5.89,6.7,8.54,5.82,7.72,8.49,7.19,10.64,10.79,10.45,11.94,12.01,11.86,12.31,12.32,12.3,12.56,12.56,12.55,6550,0
2025-12-14 01:00:00,0.8,0.55,1.33,15.38,2.28,3.5,3.19,3.37,9.78,10.08,9.34,9.58,9.87,9.13,9.33,9.64,8.89,8.84,8.93,8.64,10.96,11.12,10.81,12.08,12.18,12.01,12.32,12.35,12.32,12.56,12.56,12.55,6571,0
2025-12-14 00:00:00,0.85,0.6,1.36,15.49,2.31,3.55,3.19,3.37,10.95,11.59,9.72,10.75,11.37,9.49,10.5,11.14,9.25,9.54,9.79,9.01,11.24,11.38,11.15,12.21,12.29,12.19,12.39,12.43,12.34,12.56,12.56,12.56,6575,0
2025-12-13 23:00:00,0.85,0.6,1.35,15.53,2.31,3.52,3.17,3.36,11.02,11.48,10.79,10.8,11.26,10.55,10.57,11.02,10.33,9.65,9.72,9.6,11.51,11.66,11.38,12.33,12.41,12.3,12.44,12.44,12.43,12.56,12.56,12.55,6588,0
2025-12-13 22:00:00,0.88,0.64,1.39,15.54,2.34,3.51,3.17,3.36,11.52,12.43,11.05,11.31,12.21,10.88,11.07,11.97,10.62,10.13,10.59,9.82,11.86,12.03,11.73,12.43,12.48,12.41,12.44,12.44,12.44,12.54,12.56,12.51,6595,0
2025-12-13 21:00:00,0.97,0.73,1.49,15.68,2.37,3.54,3.16,3.38,12.57,12.77,12.44,12.36,12.51,12.24,12.12,12.31,12,10.81,10.99,10.67,12.22,12.42,12.07,12.55,12.6,12.53,12.44,12.44,12.44,12.45,12.5,12.44,6604,0
2025-12-13 20:00:00,0.97,0.71,1.5,15.82,2.37,3.55,3.18,3.36,13.01,13.4,12.44,12.81,13.24,12.23,12.57,13.02,11.97,11.43,11.77,11.02,12.62,12.8,12.45,12.65,12.67,12.61,12.39,12.44,12.32,12.44,12.44,12.44,6613,0
2025-12-13 19:00:00,0.96,0.69,1.53,15.93,2.37,3.57,3.18,3.37,13.76,14.22,13.35,13.55,13.99,13.15,13.34,13.8,12.91,12.19,12.56,11.85,13.04,13.28,12.81,12.67,12.67,12.66,12.31,12.33,12.25,12.38,12.44,12.33,6631,0
2025-12-13 18:00:00,1,0.79,1.62,16.02,2.43,3.59,3.18,3.36,15.03,15.76,14.33,14.84,15.64,14.12,14.61,15.4,13.9,13.23,13.9,12.68,13.49,13.7,13.28,12.59,12.67,12.55,12.2,12.25,12.18,12.32,12.33,12.32,6666,0
2025-12-13 17:00:00,1.04,0.82,1.72,16.23,2.48,3.64,3.17,3.36,17.4,19.18,15.99,17.29,19.16,15.85,17.08,18.94,15.63,15.09,16.28,14.09,13.83,13.89,13.74,12.41,12.53,12.31,12.08,12.13,12.07,12.32,12.32,12.32,6755,7004
2025-12-13 16:00:00,1.25,1.09,2.15,17.06,2.58,3.7,3.2,3.36,21.82,23.44,19.77,21.92,23.71,19.77,21.99,24.04,19.61,17.87,18.83,16.58,13.79,13.88,13.63,12.16,12.31,12.05,11.98,12.04,11.96,12.32,12.32,12.3,6844,11011
2025-12-13 15:00:00,1.4,1.14,2.29,17.75,2.75,3.68,3.18,3.36,23.41,23.57,23.22,23.77,23.94,23.6,24.23,24.49,24.03,18.69,18.78,18.56,13.33,13.62,13.04,11.89,12.02,11.76,11.88,11.95,11.85,12.3,12.32,12.3,6847,10987
2025-12-13 14:00:00,1.35,1.07,2.26,18.2,2.79,3.59,3.17,3.36,22.45,23.2,21.78,22.92,23.56,22.29,23.52,24.15,22.89,17.9,18.45,17.41,12.71,13.04,12.45,11.63,11.72,11.5,11.85,11.85,11.83,12.29,12.31,12.27,6847,11034
2025-12-13 13:00:00,1.19,1.05,2.22,18.61,2.71,3.49,3.17,3.37,21.39,21.64,21.12,22.02,22.36,21.78,22.63,22.98,22.37,16.93,17.29,16.7,12.03,12.33,11.72,11.44,11.48,11.37,11.83,11.85,11.82,12.29,12.31,12.28,6847,11042
2025-12-13 12:00:00,1.11,0.97,1.99,18.96,2.62,3.48,3.18,3.38,21.26,21.78,20.02,21.8,22.43,20.28,22.39,23.16,20.6,15.75,16.62,14.45,11.32,11.62,11.04,11.33,11.37,11.27,11.83,11.85,11.82,12.26,12.3,12.24,6847,11066
2025-12-13 11:00:00,1.05,0.81,1.68,19.08,2.57,3.44,3.18,3.38,18.2,19.66,17.4,18.29,19.89,17.41,18.4,20.03,17.53,13.32,14.21,12.8,10.85,11.03,10.67,11.25,11.26,11.25,11.85,11.85,11.84,12.28,12.3,12.27,6844,10908
2025-12-13 10:00:00,0.99,0.76,1.59,19.42,2.57,3.43,3.2,3.39,17.63,18.49,14.95,17.6,18.5,14.79,17.72,18.7,14.66,12.32,12.85,11.05,10.52,10.67,10.44,11.31,11.37,11.25,11.85,11.86,11.85,12.24,12.29,12.21,6826,9521
2025-12-13 09:00:00,0.96,0.69,1.47,19.5,2.51,3.45,3.23,3.39,13.25,14.57,12.12,13.03,14.33,11.93,12.83,14.18,11.73,10.32,10.9,9.83,10.44,10.44,10.43,11.37,11.38,11.35,11.87,11.92,11.85,12.24,12.26,12.22,6742,7055
2025-12-13 08:00:00,0.9,0.61,1.4,19.63,2.49,3.45,3.22,3.38,11.68,11.95,11.38,11.46,11.73,11.14,11.23,11.49,10.91,9.65,9.74,9.5,10.44,10.44,10.44,11.45,11.48,11.38,11.94,11.96,11.91,12.28,12.31,12.25,6528,6768
2025-12-13 07:00:00,0.82,0.54,1.37,19.69,2.44,3.45,3.23,3.37,9.75,11.02,9.12,9.56,10.79,8.92,9.39,10.59,8.8,9.19,9.42,9.13,10.5,10.56,10.44,11.48,11.5,11.48,11.96,11.96,11.96,12.32,12.32,12.31,6519,0
2025-12-13 06:00:00,0.82,0.56,1.4,19.7,2.45,3.46,3.24,3.37,9.37,9.6,9.04,9.2,9.38,8.89,9.08,9.25,8.81,9.17,9.25,9.13,10.59,10.67,10.56,11.57,11.6,11.52,11.97,12.01,11.96,12.32,12.32,12.32,6522,0
2025-12-13 05:00:00,0.82,0.55,1.37,19.69,2.45,3.48,3.2,3.38,9.59,9.96,9.01,9.42,9.72,8.89,9.26,9.59,8.77,9.29,9.35,9.14,10.7,10.78,10.67,11.62,11.7,11.6,12.04,12.07,12.02,12.32,12.34,12.32,6526,0
2025-12-13 04:00:00,0.82,0.55,1.38,19.69,2.46,3.49,3.18,3.38,9.56,9.82,9.37,9.4,9.6,9.25,9.24,9.46,9.1,9.35,9.42,9.34,10.83,10.91,10.79,11.72,11.73,11.68,12.08,12.08,12.07,12.32,12.33,12.32,6533,0
2025-12-13 03:00:00,0.84,0.54,1.35,19.68,2.49,3.49,3.19,3.38,10.15,10.46,9.72,10.02,10.31,9.6,9.88,10.18,9.47,9.59,9.72,9.47,10.97,11.03,10.91,11.79,11.84,11.73,12.08,12.08,12.08,12.34,12.36,12.33,6542,0
2025-12-13 02:00:00,0.83,0.53,1.35,19.69,2.51,3.5,3.19,3.38,10.2,10.56,9.58,10.04,10.42,9.39,9.91,10.28,9.27,9.72,9.76,9.68,11.14,11.24,11.04,11.84,11.86,11.84,12.08,12.08,12.08,12.33,12.35,12.32,6550,0
2025-12-13 01:00:00,0.83,0.54,1.37,19.73,2.54,3.52,3.19,3.37,9.73,9.97,9.38,9.58,9.84,9.26,9.49,9.72,9.25,9.87,10.06,9.72,11.29,11.38,11.24,11.91,11.96,11.85,12.1,12.13,12.08,12.33,12.35,12.32,6550,0
2025-12-13 00:00:00,0.84,0.55,1.34,19.72,2.58,3.54,3.19,3.37,9.79,9.84,9.72,9.67,9.74,9.6,9.66,9.72,9.6,10.15,10.2,10.07,11.42,11.5,11.38,11.96,11.96,11.96,12.12,12.14,12.11,12.32,12.33,12.32,6550,0
2025-12-12 23:00:00,0.83,0.54,1.33,19.72,2.59,3.52,3.19,3.37,9.79,9.84,9.72,9.69,9.72,9.6,9.7,9.72,9.64,10.3,10.36,10.24,11.56,11.62,11.5,12.02,12.07,11.96,12.13,12.16,12.11,12.32,12.32,12.31,6577,0
2025-12-12 22:00:00,0.83,0.54,1.35,19.7,2.64,3.57,3.19,3.38,9.82,9.91,9.72,9.77,9.84,9.64,9.79,9.84,9.71,10.48,10.55,10.4,11.71,11.81,11.62,12.07,12.09,12.07,12.11,12.13,12.09,12.29,12.32,12.24,6591,0
2025-12-12 21:00:00,0.82,0.54,1.35,19.69,2.67,3.6,3.19,3.38,9.89,9.93,9.84,9.83,9.84,9.78,9.87,9.96,9.84,10.65,10.77,10.55,11.91,12,11.85,12.13,12.19,12.07,12.08,12.09,12.08,12.22,12.27,12.21,6595,0
2025-12-12 20:00:00,0.83,0.54,1.35,19.67,2.7,3.63,3.2,3.37,9.8,9.87,9.72,9.75,9.84,9.72,9.86,9.95,9.83,10.82,10.9,10.78,12.16,12.33,12.02,12.19,12.19,12.18,12.05,12.08,11.98,12.21,12.21,12.21,6613,0
2025-12-12 19:00:00,0.84,0.54,1.38,19.67,2.76,3.65,3.2,3.37,9.93,10.31,9.72,9.91,10.3,9.72,10,10.32,9.84,11.19,11.58,10.92,12.48,12.66,12.33,12.13,12.19,12.08,11.96,11.98,11.92,12.19,12.21,12.17,6631,0
2025-12-12 18:00:00,0.88,0.62,1.48,19.75,2.74,3.67,3.18,3.38,11.33,12.71,10.42,11.33,12.7,10.42,11.36,12.75,10.43,12.26,13.03,11.66,12.79,12.9,12.68,12.02,12.07,11.96,11.86,11.91,11.85,12.14,12.18,12.11,6671,0
2025-12-12 17:00:00,0.98,0.75,1.67,19.97,2.75,3.69,3.17,3.39,14.82,16.62,13.06,14.84,16.59,13.1,14.88,16.7,13.14,14.03,14.8,13.26,12.86,12.92,12.8,11.85,11.96,11.74,11.79,11.85,11.73,12.1,12.13,12.09,6771,7004
2025-12-12 16:00:00,1.1,0.83,1.8,20.42,2.89,3.7,3.18,3.39,17.85,18.85,16.94,17.87,18.95,16.93,18.04,19.26,17,15.32,15.76,14.92,12.63,12.8,12.45,11.66,11.72,11.59,11.73,11.73,11.72,12.09,12.1,12.09,6822,8793
2025-12-12 15:00:00,1.18,0.91,1.85,20.8,3.07,3.69,3.18,3.39,18.41,19.23,17.54,18.49,19.29,17.62,18.76,19.65,17.77,15.33,15.87,14.69,12.18,12.37,11.97,11.46,11.54,11.37,11.66,11.72,11.62,12.09,12.1,12.09,6842,10743
2025-12-12 14:00:00,1.07,0.81,1.67,21,3,3.7,3.19,3.39,16.85,17.56,15.86,16.88,17.64,15.85,17.1,17.92,15.99,14.27,14.67,13.7,11.74,11.95,11.56,11.3,11.37,11.25,11.61,11.62,11.61,12.09,12.1,12.09,6844,11014
2025-12-12 13:00:00,1.02,0.82,1.62,21.12,2.89,3.68,3.2,3.4,15.26,15.64,15.16,15.27,15.64,15.16,15.44,15.75,15.36,13.39,13.6,13.27,11.33,11.51,11.15,11.18,11.25,11.12,11.61,11.62,11.61,12.09,12.09,12.09,6838,10790
2025-12-12 12:00:00,1.02,0.81,1.62,21.32,2.87,3.67,3.2,3.41,15.09,15.42,14.8,15.14,15.52,14.81,15.38,15.83,15.03,12.99,13.27,12.68,10.84,11.09,10.64,11.1,11.13,11.09,11.61,11.62,11.61,12.09,12.09,12.09,6838,9947
2025-12-12 11:00:00,0.99,0.74,1.57,21.45,2.91,3.66,3.21,3.4,14.28,14.77,13.27,14.28,14.81,13.17,14.58,15.04,13.41,11.95,12.56,11.1,10.41,10.56,10.31,11.13,11.16,11.11,11.61,11.62,11.61,12.08,12.09,12.04,6826,10577
2025-12-12 10:00:00,0.88,0.59,1.39,21.34,2.9,3.63,3.21,3.39,11.52,13.04,10.2,11.44,13.03,10.08,11.6,13.26,10.2,10.06,10.95,9.35,10.18,10.29,10.08,11.22,11.25,11.16,11.67,11.73,11.61,12.06,12.09,12.03,6826,8946
2025-12-12 09:00:00,0.83,0.5,1.26,21.24,2.89,3.59,3.2,3.42,8.84,10.17,7.96,8.72,10.08,7.83,8.76,10.14,7.83,8.66,9.25,8.39,10.13,10.2,10.08,11.25,11.28,11.25,11.73,11.73,11.73,12.09,12.09,12.09,6688,6988
2025-12-12 08:00:00,0.85,0.54,1.31,21.23,2.93,3.58,3.2,3.42,7.59,8.03,7.24,7.49,7.9,7.17,7.56,7.87,7.24,8.34,8.43,8.27,10.3,10.44,10.2,11.34,11.37,11.28,11.74,11.78,11.73,12.1,12.14,12.09,6533,6803
2025-12-12 07:00:00,0.85,0.52,1.27,21.15,2.98,3.58,3.18,3.4,7.73,8.54,7.12,7.65,8.45,7,7.66,8.42,7.1,8.58,9.01,8.26,10.52,10.59,10.44,11.37,11.39,11.37,11.81,11.85,11.79,12.15,12.18,12.13,6519,0
2025-12-12 06:00:00,0.81,0.52,1.33,21.39,3.04,3.61,3.18,3.39,9.15,9.37,8.64,9.09,9.35,8.54,9.1,9.37,8.54,9.43,9.6,9.07,10.66,10.68,10.6,11.46,11.48,11.42,11.84,11.85,11.83,12.17,12.2,12.15,6524,0
2025-12-12 05:00:00,0.82,0.54,1.34,21.46,3.07,3.62,3.18,3.39,9.3,9.37,9.24,9.25,9.35,9.13,9.31,9.37,9.25,9.66,9.72,9.6,10.69,10.73,10.67,11.48,11.5,11.48,11.85,11.85,11.85,12.17,12.18,12.15,6528,0
2025-12-12 04:00:00,0.82,0.54,1.36,21.49,3.03,3.66,3.19,3.39,9.37,9.49,9.25,9.32,9.37,9.24,9.33,9.39,9.25,9.63,9.7,9.6,10.78,10.79,10.76,11.57,11.6,11.5,11.85,11.85,11.85,12.17,12.18,12.14,6533,0
2025-12-12 03:00:00,0.83,0.54,1.37,21.53,3.04,3.7,3.19,3.4,8.88,9.25,8.42,8.82,9.14,8.35,8.88,9.22,8.42,9.44,9.6,9.25,10.89,10.98,10.79,11.6,11.63,11.6,11.85,11.85,11.85,12.15,12.18,12.14,6542,0
2025-12-12 02:00:00,0.84,0.53,1.36,21.5,3.05,3.72,3.19,3.41,8.98,9.49,8.35,8.95,9.49,8.3,8.96,9.47,8.41,9.68,9.96,9.29,11.07,11.15,11.02,11.68,11.72,11.63,11.85,11.86,11.85,12.12,12.16,12.09,6550,0
2025-12-12 01:00:00,0.83,0.55,1.38,21.58,3.1,3.72,3.19,3.41,9.64,9.72,9.49,9.55,9.6,9.37,9.55,9.6,9.47,10.03,10.07,9.96,11.18,11.26,11.15,11.72,11.72,11.72,11.85,11.87,11.85,12.09,12.12,12.09,6550,0
2025-12-12 00:00:00,0.9,0.63,1.46,21.62,3.11,3.75,3.19,3.41,9.7,9.76,9.49,9.66,9.72,9.43,9.76,9.84,9.47,10.27,10.31,10.07,11.27,11.27,11.26,11.73,11.76,11.72,11.85,11.86,11.85,12.09,12.1,12.09,6550,0
2025-12-11 23:00:00,0.88,0.59,1.37,21.37,3.1,3.74,3.19,3.38,9.63,9.72,9.49,9.58,9.71,9.47,9.68,9.77,9.54,10.23,10.31,10.18,11.36,11.38,11.29,11.81,11.84,11.76,11.85,11.86,11.85,12.08,12.09,12.04,6582,0
2025-12-11 22:00:00,0.88,0.63,1.4,21.35,3.14,3.76,3.19,3.39,9.41,9.49,9.31,9.35,9.45,9.25,9.45,9.51,9.37,10.18,10.2,10.18,11.51,11.62,11.4,11.84,11.87,11.84,11.85,11.85,11.85,12,12.04,11.97,6591,0
2025-12-11 21:00:00,0.91,0.64,1.44,21.33,3.17,3.79,3.18,3.4,9.26,9.37,9.2,9.23,9.33,9.14,9.37,9.43,9.32,10.25,10.31,10.18,11.71,11.84,11.62,11.93,11.96,11.86,11.83,11.85,11.77,11.97,11.98,11.96,6599,0
2025-12-11 20:00:00,0.94,0.65,1.42,21.3,3.21,3.8,3.19,3.41,9.02,9.21,8.78,9,9.18,8.78,9.17,9.35,8.89,10.3,10.31,10.24,12.02,12.21,11.86,11.96,11.96,11.96,11.73,11.79,11.71,11.89,11.96,11.85,6613,0
2025-12-11 19:00:00,0.92,0.57,1.35,21.25,3.21,3.8,3.19,3.4,8.31,8.7,8.07,8.31,8.66,8.07,8.43,8.83,8.18,10.31,10.74,10.18,12.53,12.8,12.28,11.96,11.96,11.96,11.61,11.68,11.55,11.85,11.86,11.84,6631,0
2025-12-11 18:00:00,0.84,0.55,1.34,21.31,3.21,3.78,3.17,3.39,9.49,11.05,8.42,9.57,11.14,8.42,9.7,11.26,8.58,11.78,12.8,10.9,13.09,13.3,12.82,11.83,11.95,11.72,11.46,11.52,11.37,11.81,11.84,11.76,6666,0
2025-12-11 17:00:00,0.98,0.71,1.59,21.51,3.36,3.76,3.18,3.38,14.3,17.87,11.5,14.32,17.87,11.59,14.35,17.87,11.64,14.33,15.95,13.03,13.47,13.51,13.37,11.56,11.72,11.4,11.32,11.37,11.26,11.76,11.79,11.75,6751,6953
2025-12-11 16:00:00,1.26,1.02,2.13,22.45,3.73,3.73,3.17,3.38,22.45,24.62,18.84,22.53,24.86,18.83,23.14,25.92,18.93,18.05,19.14,16.34,13.3,13.51,13.04,11.2,11.37,11.01,11.2,11.26,11.14,11.76,11.79,11.74,6838,10301
2025-12-11 15:00:00,1.35,1.11,2.35,23.31,3.92,3.75,3.17,3.38,24.1,24.57,23.46,24.47,24.86,24.02,25.64,26.04,25.21,18.81,19.06,18.59,12.58,12.94,12.2,10.82,11.01,10.66,11.13,11.14,11.11,11.74,11.75,11.73,6847,10703
2025-12-11 14:00:00,1.39,1.08,2.37,23.93,4.03,3.77,3.17,3.37,23,23.74,22.24,23.72,24.27,23.09,25,25.57,24.34,18.02,18.59,17.29,11.59,12.09,11.12,10.52,10.66,10.42,11.09,11.12,11.06,11.73,11.73,11.73,6847,10715
2025-12-11 13:00:00,1.26,1.08,2.31,24.46,4.08,3.79,3.18,3.38,20.3,21.9,19.18,21.36,22.87,20.23,22.6,24.16,21.42,16.05,17.15,15.04,10.54,11.02,10.1,10.32,10.41,10.29,11.05,11.09,11.02,11.66,11.73,11.62,6847,10703
2025-12-11 12:00:00,1.12,0.93,2.12,24.92,4.17,3.81,3.18,3.38,17.86,18.95,16.23,18.74,20.03,16.83,19.79,21.19,17.58,13.61,14.8,12.2,9.75,10.07,9.54,10.31,10.33,10.3,10.99,11.02,10.91,11.57,11.62,11.5,6847,10987
2025-12-11 11:00:00,0.97,0.79,1.95,25.18,4.23,3.82,3.19,3.37,15.82,17.02,15.04,16.32,17.53,15.46,17.09,18.45,16,11.27,11.85,10.41,9.21,9.49,8.96,10.38,10.42,10.3,10.94,11.02,10.9,11.5,11.52,11.5,6844,11089
2025-12-11 10:00:00,0.85,0.66,1.93,25.8,4.3,3.83,3.19,3.38,13.81,15.92,9.96,13.8,16.23,9.6,14.25,16.93,9.49,8.5,10.07,6.62,8.83,8.91,8.79,10.51,10.55,10.42,11.06,11.13,11.02,11.56,11.62,11.5,6838,10924
2025-12-11 09:00:00,0.9,0.83,2.28,26.38,4.27,3.82,3.21,3.38,5.74,8.42,3.93,5.54,8.07,3.81,5.6,7.95,3.82,5.62,6.29,5.17,8.94,9.03,8.83,10.66,10.77,10.56,11.15,11.18,11.13,11.62,11.64,11.62,6822,8174
2025-12-11 08:00:00,0.96,1.01,2.57,26.52,4.26,3.78,3.2,3.37,3.77,4.01,3.61,3.67,3.92,3.51,3.69,3.93,3.56,5.24,5.45,5.12,9.18,9.25,9.06,10.81,10.89,10.77,11.27,11.37,11.21,11.72,11.81,11.67,6524,6795
2025-12-11 07:00:00,0.96,0.97,2.51,26.48,4.23,3.75,3.2,3.41,4.3,4.75,3.93,4.17,4.6,3.81,4.13,4.52,3.81,5.68,5.94,5.46,9.26,9.34,9.25,10.91,11,10.89,11.51,11.61,11.37,11.92,11.97,11.85,6506,0
2025-12-11 06:00:00,0.96,0.94,2.43,26.5,4.19,3.73,3.23,3.41,5.21,5.49,4.75,5.02,5.35,4.52,4.98,5.26,4.52,6.25,6.46,5.99,9.49,9.62,9.37,11.05,11.13,11,11.61,11.63,11.61,11.98,12,11.97,6506,0
2025-12-11 05:00:00,0.97,0.91,2.37,26.41,4.14,3.73,3.2,3.41,5.76,6.35,5.3,5.65,6.24,5.22,5.64,6.28,5.15,6.85,7.24,6.5,9.78,9.85,9.68,11.22,11.25,11.14,11.71,11.73,11.66,11.99,12.04,11.97,6510,0
2025-12-11 04:00:00,1,0.9,2.3,26.33,4.11,3.73,3.2,3.4,6.15,6.41,5.86,6.06,6.29,5.82,6.07,6.29,5.81,7.26,7.47,7.13,10.04,10.2,9.91,11.31,11.37,11.25,11.73,11.73,11.73,12.08,12.09,12.07,6510,0
2025-12-11 03:00:00,1.03,0.8,2.25,26.27,4.1,3.74,3.2,3.41,6.55,6.77,6.41,6.47,6.68,6.29,6.49,6.74,6.29,7.74,8.02,7.52,10.35,10.51,10.2,11.41,11.48,11.37,11.74,11.76,11.73,12.09,12.09,12.09,6510,0
2025-12-11 02:00:00,1.04,0.84,2.32,26.18,4.05,3.76,3.2,3.42,7.19,7.39,6.86,7.1,7.32,6.77,7.11,7.34,6.81,8.33,8.54,8.06,10.66,10.79,10.56,11.48,11.51,11.48,11.75,11.79,11.73,12.09,12.09,12.09,6519,0
2025-12-11 01:00:00,1.02,0.77,2.25,26.07,4.05,3.77,3.19,3.41,8.08,8.89,7.44,8.03,8.88,7.34,8.06,8.89,7.36,9.16,9.6,8.66,10.89,10.97,10.79,11.56,11.6,11.51,11.81,11.85,11.79,12.09,12.1,12.09,6528,0
2025-12-11 00:00:00,0.97,0.76,2.36,26.06,4.02,3.79,3.19,3.41,8.99,9.02,8.89,8.93,9.01,8.89,8.99,9.05,8.89,9.74,9.84,9.66,11.07,11.15,10.99,11.6,11.6,11.6,11.84,11.85,11.82,12.09,12.09,12.09,6524,0
2025-12-10 23:00:00,0.98,0.74,2.34,26.24,4.03,3.8,3.19,3.4,9.2,9.49,9.01,9.17,9.49,8.93,9.21,9.5,9.01,10,10.21,9.84,11.24,11.27,11.15,11.63,11.66,11.61,11.84,11.85,11.83,12.09,12.09,12.09,6550,0
2025-12-10 22:00:00,0.97,0.72,2.29,26.4,4.04,3.79,3.18,3.39,9.72,9.96,9.52,9.69,9.91,9.49,9.77,9.97,9.6,10.42,10.55,10.3,11.38,11.44,11.31,11.71,11.72,11.69,11.81,11.84,11.77,12.07,12.09,12.05,6568,0
2025-12-10 21:00:00,0.97,0.73,2.3,26.6,4.02,3.8,3.2,3.39,9.98,10.08,9.96,9.96,10.06,9.93,10.04,10.1,9.97,10.66,10.78,10.55,11.53,11.62,11.48,11.72,11.72,11.71,11.74,11.77,11.73,12,12.06,11.97,6588,0
2025-12-10 20:00:00,0.96,0.71,2.31,26.85,4.05,3.8,3.2,3.4,10.28,10.54,10.08,10.24,10.47,10.07,10.33,10.59,10.14,10.95,11.14,10.78,11.67,11.74,11.62,11.72,11.72,11.71,11.73,11.73,11.72,11.97,11.98,11.97,6595,0
2025-12-10 19:00:00,0.94,0.75,2.33,27.06,4.04,3.8,3.21,3.4,10.72,10.79,10.55,10.68,10.79,10.55,10.77,10.9,10.67,11.31,11.46,11.18,11.81,11.86,11.74,11.69,11.72,11.65,11.67,11.73,11.62,11.97,11.97,11.96,6613,0
2025-12-10 18:00:00,0.98,0.77,2.35,27.32,4.06,3.8,3.2,3.4,11.02,11.25,10.79,11.01,11.2,10.79,11.11,11.35,10.9,11.67,11.88,11.49,11.93,11.97,11.86,11.61,11.63,11.6,11.61,11.62,11.6,11.95,11.97,11.93,6640,0
2025-12-10 17:00:00,1.07,0.85,2.39,27.03,4.07,3.78,3.19,3.38,11.52,11.96,11.26,11.53,11.97,11.26,11.64,12.09,11.38,12.17,12.44,11.97,11.97,11.98,11.97,11.51,11.59,11.48,11.53,11.6,11.49,11.91,11.94,11.87,6684,3490
2025-12-10 16:00:00,1.02,0.74,1.93,24.91,4.01,3.77,3.17,3.41,12.36,12.57,11.98,12.4,12.6,12.05,12.53,12.75,12.19,12.7,12.8,12.5,11.96,11.97,11.92,11.38,11.48,11.32,11.48,11.49,11.45,11.87,11.9,11.86,6760,7008
2025-12-10 15:00:00,0.98,0.7,1.95,24.94,4.01,3.75,3.19,3.41,12.97,13.52,12.57,13.05,13.63,12.58,13.19,13.86,12.74,12.98,13.27,12.8,11.79,11.86,11.65,11.24,11.3,11.15,11.4,11.45,11.37,11.85,11.87,11.85,6813,7473
2025-12-10 14:00:00,1.02,0.73,2.06,25.43,4.01,3.76,3.19,3.42,13.11,13.58,12.5,13.15,13.68,12.55,13.26,13.84,12.68,13.13,13.28,12.8,11.48,11.62,11.38,11.06,11.13,11.01,11.37,11.37,11.37,11.85,11.86,11.85,6822,9872
2025-12-10 13:00:00,1.04,0.81,2.06,25.03,4.02,3.77,3.19,3.41,12.68,13.39,12.33,12.74,13.39,12.38,12.81,13.53,12.44,12.62,12.75,12.56,11.15,11.34,10.92,10.93,11.01,10.89,11.37,11.37,11.37,11.85,11.87,11.85,6826,9320
2025-12-10 12:00:00,0.97,0.71,2.04,24.89,4.05,3.77,3.19,3.41,13.6,13.92,12.92,13.62,13.93,12.97,13.81,14.13,13.14,12.51,12.8,11.92,10.68,10.91,10.44,10.86,10.89,10.83,11.37,11.37,11.37,11.85,11.85,11.85,6820,7260
2025-12-10 11:00:00,0.96,0.71,2.13,25.55,4.13,3.79,3.19,3.42,12.05,12.8,11.02,12.02,12.81,10.91,12.15,12.97,11.07,11.29,11.85,10.67,10.3,10.44,10.2,10.81,10.86,10.8,11.37,11.37,11.37,11.85,11.85,11.85,6826,9947
2025-12-10 10:00:00,0.96,0.76,2.47,26.41,4.14,3.78,3.19,3.42,9.9,10.79,9.6,9.88,10.71,9.6,10.03,10.9,9.72,10.02,10.55,9.75,10.13,10.2,10.08,10.84,10.87,10.81,11.37,11.37,11.37,11.85,11.85,11.85,6822,7607
2025-12-10 09:00:00,1.02,0.83,2.62,26.24,4.12,3.78,3.19,3.42,9.26,9.6,9.04,9.22,9.6,9.01,9.32,9.72,9.1,9.46,9.72,9.35,10.08,10.09,10.08,10.88,10.89,10.86,11.37,11.37,11.37,11.85,11.85,11.85,6577,6862
2025-12-10 08:00:00,1.05,0.85,2.62,24.01,4.05,3.79,3.19,3.42,8.93,9.02,8.85,8.88,9.01,8.78,8.96,9.1,8.89,9.28,9.35,9.25,10.08,10.1,10.08,10.89,10.89,10.89,11.37,11.39,11.37,11.85,11.86,11.85,6519,2257
2025-12-10 07:00:00,0.94,0.66,1.74,19.18,3.35,3.78,3.19,3.42,8.8,8.87,8.77,8.75,8.78,8.7,8.81,8.88,8.77,9.21,9.25,9.18,10.11,10.16,10.09,10.9,10.93,10.89,11.41,11.44,11.37,11.85,11.87,11.85,6522,0
2025-12-10 06:00:00,0.88,0.62,1.52,18.02,3.09,3.77,3.17,3.42,8.97,9.03,8.89,8.93,9.01,8.8,8.93,9.01,8.78,9.22,9.25,9.14,10.17,10.2,10.13,10.98,11.01,10.94,11.46,11.48,11.44,11.85,11.86,11.85,6524,0
2025-12-10 05:00:00,0.83,0.52,1.33,17.58,3.09,3.76,3.17,3.41,8.82,8.89,8.78,8.73,8.81,8.68,8.76,8.78,8.72,9.13,9.14,9.13,10.2,10.2,10.2,11.01,11.01,11.01,11.48,11.49,11.48,11.85,11.86,11.85,6528,0
2025-12-10 04:00:00,0.82,0.56,1.38,17.56,3.1,3.78,3.17,3.42,9.06,9.13,8.89,8.88,8.92,8.79,8.87,8.89,8.77,9.2,9.25,9.14,10.22,10.25,10.2,11.05,11.09,11.01,11.49,11.49,11.49,11.85,11.85,11.85,6533,0
2025-12-10 03:00:00,0.87,0.58,1.42,17.58,3.16,3.74,3.18,3.42,8.85,8.89,8.78,8.74,8.79,8.7,8.77,8.79,8.75,9.13,9.14,9.13,10.31,10.32,10.27,11.13,11.13,11.11,11.49,11.49,11.49,11.85,11.85,11.85,6542,0
2025-12-10 02:00:00,0.89,0.64,1.47,17.56,3.18,3.76,3.18,3.41,8.72,8.78,8.66,8.66,8.68,8.64,8.73,8.78,8.67,9.13,9.14,9.12,10.36,10.43,10.32,11.21,11.25,11.14,11.49,11.49,11.49,11.85,11.85,11.84,6550,0
2025-12-10 01:00:00,0.97,0.67,1.48,17.56,3.15,3.79,3.18,3.4,8.44,8.66,8.2,8.4,8.58,8.18,8.46,8.66,8.24,8.99,9.1,8.89,10.47,10.56,10.43,11.26,11.3,11.25,11.49,11.49,11.49,11.84,11.85,11.83,6550,0
2025-12-10 00:00:00,0.96,0.62,1.4,17.51,3.17,3.79,3.18,3.4,7.91,8.18,7.79,7.85,8.14,7.71,7.95,8.2,7.83,8.8,8.89,8.75,10.65,10.78,10.56,11.36,11.37,11.34,11.49,11.49,11.49,11.78,11.83,11.74,6548,0
2025-12-09 23:00:00,0.89,0.58,1.36,17.51,3.18,3.82,3.18,3.39,7.81,8.2,7.61,7.75,8.18,7.59,7.84,8.25,7.64,8.92,9.25,8.77,10.9,11.03,10.79,11.39,11.45,11.37,11.49,11.5,11.49,11.73,11.75,11.73,6577,0
2025-12-09 22:00:00,0.87,0.55,1.37,17.55,3.24,3.82,3.17,3.38,8.3,8.42,8.18,8.26,8.33,8.18,8.37,8.43,8.3,9.44,9.47,9.34,11.19,11.34,11.03,11.48,11.48,11.46,11.45,11.49,11.38,11.72,11.73,11.67,6588,0
2025-12-09 21:00:00,0.87,0.53,1.33,17.49,3.26,3.83,3.19,3.4,8.35,8.55,8.18,8.33,8.54,8.13,8.43,8.66,8.24,9.74,10.05,9.47,11.5,11.63,11.38,11.48,11.49,11.48,11.37,11.38,11.35,11.63,11.65,11.62,6599,0
2025-12-09 20:00:00,0.82,0.55,1.37,17.49,3.34,3.83,3.2,3.39,9.08,9.49,8.66,9.06,9.47,8.66,9.17,9.55,8.77,10.46,10.79,10.1,11.85,12.05,11.72,11.48,11.48,11.48,11.26,11.32,11.21,11.59,11.62,11.53,6613,0
2025-12-09 19:00:00,0.81,0.53,1.37,17.59,3.38,3.83,3.19,3.39,9.86,10.08,9.6,9.84,10.08,9.55,9.94,10.18,9.62,11.27,11.66,10.9,12.25,12.45,12.09,11.39,11.48,11.31,11.11,11.18,11.03,11.5,11.53,11.5,6635,0
2025-12-09 18:00:00,0.89,0.62,1.48,17.71,3.43,3.82,3.18,3.37,11.52,13.29,10.2,11.6,13.39,10.2,11.68,13.5,10.31,12.69,13.74,11.75,12.59,12.68,12.45,11.17,11.28,11.01,10.95,11.02,10.9,11.5,11.5,11.49,6671,0
2025-12-09 17:00:00,0.98,0.75,1.73,18.08,3.51,3.82,3.18,3.36,15.49,17.29,13.63,15.51,17.31,13.68,15.61,17.5,13.75,14.82,15.75,13.89,12.68,12.69,12.67,10.86,11.01,10.69,10.78,10.86,10.7,11.49,11.5,11.48,6766,7004
2025-12-09 16:00:00,1.09,0.87,1.87,18.35,3.82,3.85,3.2,3.36,19.29,21.07,17.51,19.39,21.19,17.53,19.68,21.66,17.64,16.73,17.52,15.87,12.46,12.62,12.22,10.48,10.66,10.3,10.63,10.68,10.55,11.48,11.5,11.47,6838,10640
2025-12-09 15:00:00,1.31,1.08,2.26,19.13,3.93,3.88,3.19,3.35,22.69,24.15,20.9,22.98,24.4,21.1,23.81,25.44,21.55,18.29,18.94,17.43,11.78,12.2,11.37,10.09,10.29,9.95,10.55,10.55,10.55,11.46,11.5,11.39,6847,10806
2025-12-09 14:00:00,1.29,1.05,2.31,19.72,4.01,3.92,3.2,3.36,21.84,22.26,21.43,22.51,22.97,22.23,23.59,24.15,23.32,17.75,18.18,17.04,10.74,11.27,10.2,9.77,9.93,9.63,10.54,10.55,10.54,11.34,11.38,11.27,6847,10916
2025-12-09 13:00:00,1.2,1.06,2.25,20.11,4.12,3.95,3.21,3.35,19.62,20.96,18.83,20.5,21.88,19.69,21.56,22.97,20.73,15.66,16.81,14.69,9.69,10.18,9.25,9.52,9.6,9.47,10.5,10.55,10.47,11.25,11.28,11.18,6847,10837
2025-12-09 12:00:00,1.11,0.9,2.07,20.55,4.25,3.96,3.23,3.35,17.72,18.7,16.58,18.46,19.54,17.17,19.4,20.6,17.87,13.27,14.45,11.85,8.92,9.21,8.66,9.57,9.59,9.47,10.35,10.46,10.29,11.05,11.14,11.02,6847,11038
2025-12-09 11:00:00,0.96,0.82,1.92,20.86,4.31,3.96,3.24,3.35,15.93,16.94,15.31,16.4,17.29,15.76,17.1,18.12,16.31,10.92,11.54,10.18,8.23,8.56,7.89,9.64,9.7,9.59,10.32,10.35,10.31,11.02,11.02,11.02,6847,11034
2025-12-09 10:00:00,0.81,0.63,1.81,21.58,4.39,3.94,3.23,3.37,13.98,16.7,9.06,13.84,17.04,8.54,14.29,17.76,8.46,7.6,9.78,5.2,7.68,7.84,7.6,9.74,9.83,9.7,10.42,10.44,10.38,11.1,11.14,11.02,6840,10904
2025-12-09 09:00:00,0.9,0.91,2.35,22.36,4.42,3.95,3.23,3.37,4.17,7.11,2.51,3.95,6.64,2.33,3.98,6.51,2.33,3.94,4.75,3.34,7.61,7.66,7.6,9.86,9.93,9.83,10.55,10.66,10.44,11.19,11.26,11.14,6822,7331
2025-12-09 08:00:00,0.94,1.04,2.61,22.43,4.42,3.94,3.22,3.37,1.96,2.38,1.8,1.81,2.16,1.68,1.77,2.16,1.59,3.25,3.33,3.22,7.65,7.7,7.6,9.94,9.95,9.93,10.79,11.01,10.66,11.41,11.62,11.26,6524,6807
2025-12-09 07:00:00,0.93,1.02,2.55,22.31,4.38,3.9,3.25,3.41,1.98,2.04,1.9,1.85,1.92,1.73,1.81,1.92,1.68,3.41,3.56,3.33,7.75,7.84,7.62,9.96,10.06,9.85,11.13,11.14,11.07,11.69,11.73,11.62,6497,0
2025-12-09 06:00:00,0.96,1.09,2.51,22.16,4.36,3.86,3.23,3.42,2.12,2.26,2.01,2,2.1,1.91,1.98,2.04,1.91,3.66,3.81,3.56,7.96,8.07,7.84,10.19,10.3,10.06,11.22,11.26,11.16,11.76,11.84,11.73,6504,0
2025-12-09 05:00:00,0.96,1.12,2.52,21.99,4.33,3.87,3.21,3.42,2.41,2.63,2.15,2.29,2.51,2.04,2.28,2.51,2.03,3.95,4.1,3.81,8.16,8.31,8.07,10.42,10.54,10.3,11.31,11.37,11.26,11.85,11.9,11.84,6510,0
2025-12-09 04:00:00,0.97,1.06,2.51,21.75,4.33,3.85,3.21,3.4,2.66,2.81,2.52,2.55,2.69,2.46,2.55,2.7,2.42,4.25,4.4,4.12,8.42,8.55,8.31,10.63,10.74,10.54,11.41,11.48,11.37,11.95,11.97,11.9,6517,0
2025-12-09 03:00:00,1,1.04,2.51,21.52,4.29,3.82,3.2,3.39,3.24,3.71,2.75,3.13,3.57,2.68,3.08,3.5,2.66,4.65,4.87,4.4,8.68,8.8,8.55,10.83,10.89,10.77,11.52,11.58,11.49,11.98,12.02,11.97,6528,0
2025-12-09 02:00:00,1.04,1.06,2.48,21.18,4.26,3.81,3.21,3.37,3.83,4.05,3.54,3.64,3.84,3.38,3.59,3.81,3.37,5,5.12,4.87,8.98,9.14,8.85,11,11.09,10.89,11.61,11.61,11.6,12.07,12.09,12.02,6539,0
2025-12-09 01:00:00,1.06,1.06,2.39,20.29,4.2,3.8,3.22,3.39,3.6,3.79,3.51,3.51,3.69,3.42,3.52,3.7,3.42,5.29,5.46,5.12,9.31,9.49,9.14,11.18,11.25,11.11,11.62,11.65,11.61,12.09,12.1,12.09,6548,0
2025-12-09 00:00:00,1.11,1.04,2.25,19.52,3.84,3.8,3.19,3.39,4.06,4.27,3.81,3.97,4.16,3.69,4,4.16,3.7,5.74,5.94,5.54,9.69,9.85,9.49,11.33,11.37,11.25,11.71,11.73,11.66,12.11,12.14,12.09,6539,0
2025-12-08 23:00:00,1.15,1.03,2.2,18.83,3.07,3.79,3.19,3.38,4.32,4.4,4.23,4.23,4.4,4.15,4.27,4.4,4.16,6.18,6.41,5.94,10.12,10.32,9.93,11.49,11.57,11.42,11.73,11.75,11.73,12.12,12.15,12.11,6573,0
2025-12-08 22:00:00,1.07,0.99,2.08,18.38,2.71,3.8,3.18,3.38,4.8,5.13,4.52,4.73,5.12,4.41,4.79,5.12,4.5,6.78,7.12,6.52,10.56,10.79,10.35,11.62,11.71,11.59,11.78,11.82,11.74,12.1,12.13,12.09,6582,0
2025-12-08 21:00:00,1.02,0.92,1.65,18.05,2.74,3.8,3.18,3.38,5.5,5.88,5.22,5.44,5.82,5.12,5.49,5.83,5.23,7.53,7.95,7.15,11.03,11.27,10.79,11.72,11.76,11.71,11.82,11.84,11.8,12.09,12.1,12.09,6593,0
2025-12-08 20:00:00,1.02,0.73,1.37,17.98,2.84,3.8,3.19,3.37,6.41,6.77,5.95,6.35,6.74,5.94,6.42,6.87,5.96,8.42,8.88,7.99,11.55,11.79,11.3,11.82,11.84,11.76,11.75,11.8,11.73,12.09,12.09,12.08,6608,0
2025-12-08 19:00:00,0.92,0.6,1.31,17.97,3,3.8,3.19,3.37,7.29,7.71,6.8,7.24,7.73,6.77,7.34,7.86,6.88,9.47,10.08,8.89,12.11,12.36,11.86,11.82,11.84,11.76,11.67,11.73,11.61,12.04,12.07,12.01,6631,0
2025-12-08 18:00:00,0.82,0.52,1.3,18.06,3.06,3.8,3.17,3.37,9.01,10.51,7.86,9.05,10.58,7.83,9.15,10.72,7.96,11.18,12.2,10.27,12.67,12.91,12.45,11.68,11.76,11.6,11.54,11.61,11.49,12,12.01,11.98,6666,0
2025-12-08 17:00:00,0.92,0.68,1.56,18.33,3.16,3.78,3.18,3.38,13.75,17.48,10.91,13.82,17.53,11.02,13.88,17.65,11.12,13.86,15.63,12.44,13.01,13.05,12.92,11.44,11.59,11.28,11.4,11.48,11.37,11.98,12.01,11.97,6751,6980
2025-12-08 16:00:00,1.27,1.04,2.17,19.26,3.52,3.77,3.17,3.37,22.25,24.5,18.36,22.34,24.58,18.45,23.01,25.52,18.7,17.8,18.83,16.07,12.79,13.04,12.48,11.09,11.25,10.91,11.3,11.37,11.26,11.98,11.99,11.97,6844,10731
2025-12-08 15:00:00,1.44,1.21,2.38,19.94,3.64,3.79,3.17,3.37,22.46,24.03,19.4,22.69,24.27,19.66,23.67,25.21,20.36,17.78,18.59,16.34,12.12,12.45,11.83,10.76,10.89,10.66,11.24,11.26,11.21,11.97,11.98,11.97,6847,10684
2025-12-08 14:00:00,1.18,1,2.11,20.02,3.66,3.8,3.17,3.36,19.38,21.08,18.45,19.92,21.9,18.83,20.79,23.32,19.42,16.67,17.52,16.11,11.35,11.74,10.9,10.47,10.6,10.37,11.23,11.25,11.21,11.94,11.97,11.87,6847,11089
2025-12-08 13:00:00,1.26,1.07,2.24,20.69,3.74,3.83,3.2,3.38,19.75,21.31,18.78,20.82,22.37,19.77,22.12,23.67,21.07,16.13,17.41,15.16,10.33,10.79,9.91,10.3,10.34,10.3,11.2,11.23,11.15,11.82,11.87,11.74,6847,10522
2025-12-08 12:00:00,1.08,0.89,2.01,21.08,3.9,3.86,3.16,3.35,17.33,19.04,14.92,18.12,20.01,15.5,19.16,21.32,16.15,13.38,15.03,11.74,9.59,9.85,9.35,10.31,10.36,10.3,11.05,11.14,11,11.71,11.73,11.65,6847,11018
2025-12-08 11:00:00,0.98,0.76,1.83,21.37,4,3.86,3.16,3.36,16.05,17.87,15.01,16.55,18.36,15.52,17.38,19.42,16.11,11.39,11.73,10.9,8.91,9.25,8.55,10.41,10.42,10.37,11.07,11.14,11.02,11.73,11.73,11.73,6840,10877
2025-12-08 10:00:00,0.83,0.58,1.77,22.11,4.12,3.84,3.2,3.38,14.33,18.12,9.01,14.33,18.45,8.66,15.01,19.42,8.67,8.28,10.65,5.72,8.38,8.55,8.31,10.5,10.54,10.42,11.19,11.26,11.14,11.79,11.85,11.73,6840,10928
2025-12-08 09:00:00,0.92,0.88,2.27,22.82,4.15,3.83,3.19,3.38,4.5,7.35,2.97,4.35,7,2.79,4.4,6.86,2.78,4.49,5.25,3.93,8.32,8.35,8.31,10.64,10.75,10.54,11.34,11.4,11.26,11.94,11.97,11.86,6824,7792
2025-12-08 08:00:00,0.95,1.11,2.52,22.97,4.15,3.79,3.19,3.37,2.51,2.84,2.1,2.37,2.65,2.04,2.34,2.63,2.03,3.84,3.92,3.81,8.4,8.43,8.38,10.77,10.77,10.77,11.58,11.75,11.44,12.14,12.32,11.97,6524,6803
2025-12-08 07:00:00,0.95,1.1,2.5,22.79,4.1,3.77,3.22,3.37,2.2,2.35,2.08,2.11,2.27,2.03,2.15,2.31,2.03,3.99,4.16,3.87,8.53,8.66,8.43,10.91,11.02,10.77,11.84,11.88,11.79,12.34,12.4,12.32,6504,0
2025-12-08 06:00:00,0.95,1.1,2.5,22.66,4.06,3.76,3.22,3.36,2.52,2.72,2.39,2.45,2.63,2.28,2.48,2.63,2.3,4.3,4.41,4.16,8.78,8.89,8.66,11.17,11.26,11.03,11.99,12.08,11.91,12.45,12.52,12.44,6510,0
2025-12-08 05:00:00,0.99,1.06,2.51,22.5,4.03,3.77,3.19,3.34,2.89,3.1,2.74,2.79,2.98,2.63,2.82,3.09,2.63,4.65,4.86,4.51,9.06,9.24,8.89,11.41,11.49,11.33,12.12,12.2,12.08,12.55,12.56,12.52,6517,0
2025-12-08 04:00:00,0.99,1.08,2.49,22.32,3.98,3.76,3.19,3.35,3.29,3.49,3.1,3.19,3.41,3,3.2,3.35,3.08,5.01,5.18,4.87,9.37,9.5,9.25,11.62,11.72,11.49,12.23,12.31,12.2,12.64,12.68,12.58,6524,0
2025-12-08 03:00:00,1.02,1.06,2.48,22.15,3.93,3.73,3.18,3.34,3.62,3.82,3.45,3.55,3.71,3.35,3.55,3.71,3.33,5.38,5.58,5.23,9.71,9.85,9.54,11.81,11.89,11.72,12.32,12.36,12.31,12.68,12.71,12.68,6533,0
2025-12-08 02:00:00,1.06,1.12,2.39,21.91,3.86,3.76,3.16,3.33,3.94,4.05,3.82,3.85,3.94,3.74,3.84,3.96,3.7,5.78,5.96,5.58,10.06,10.2,9.89,12,12.07,11.94,12.42,12.44,12.37,12.77,12.8,12.71,6542,0
2025-12-08 01:00:00,1.04,1.05,2.33,21.64,3.78,3.75,3.14,3.33,4.37,4.64,4.05,4.29,4.59,3.96,4.35,4.64,4.04,6.26,6.52,6.05,10.46,10.67,10.3,12.21,12.31,12.08,12.52,12.56,12.44,12.8,12.8,12.8,6550,0
2025-12-08 00:00:00,1.03,0.99,2.23,21.23,3.72,3.7,3.13,3.33,5,5.24,4.67,4.93,5.23,4.64,5.04,5.35,4.75,6.79,7,6.53,10.89,11.14,10.67,12.42,12.52,12.31,12.62,12.67,12.56,12.8,12.8,12.8,6542,0
2025-12-07 23:00:00,1.06,1,2.19,20.29,3.54,3.66,3.12,3.33,5.29,5.35,5.23,5.23,5.32,5.16,5.31,5.35,5.23,7.24,7.47,7.02,11.37,11.61,11.15,12.61,12.67,12.55,12.67,12.69,12.67,12.8,12.8,12.8,6577,0
2025-12-07 22:00:00,1.06,0.97,2.12,19.7,2.99,3.64,3.12,3.32,5.72,6.06,5.35,5.68,6.05,5.35,5.75,6.16,5.4,7.86,8.18,7.53,11.85,12.09,11.62,12.76,12.82,12.68,12.75,12.8,12.71,12.79,12.8,12.75,6588,0
2025-12-07 21:00:00,1.12,0.87,1.98,19.2,2.66,3.63,3.11,3.34,6.73,7.24,6.24,6.67,7.13,6.17,6.76,7.24,6.25,8.7,9.13,8.3,12.38,12.68,12.11,12.93,13.02,12.87,12.8,12.8,12.78,12.7,12.77,12.68,6595,0
2025-12-07 20:00:00,1.08,0.73,1.47,19.04,2.67,3.62,3.11,3.33,7.91,8.34,7.36,7.83,8.28,7.24,7.92,8.38,7.36,9.67,10.07,9.24,12.96,13.28,12.68,13.06,13.13,13.02,12.71,12.78,12.67,12.68,12.68,12.67,6613,0
2025-12-07 19:00:00,0.94,0.58,1.34,18.97,2.75,3.64,3.12,3.32,8.47,8.97,8.26,8.41,8.96,8.18,8.55,9.1,8.3,10.76,11.49,10.18,13.6,13.87,13.28,13.12,13.14,13.11,12.62,12.67,12.56,12.63,12.68,12.58,6635,0
2025-12-07 18:00:00,0.84,0.56,1.31,19,2.95,3.62,3.12,3.31,10.21,11.73,9.13,10.29,11.85,9.12,10.42,11.97,9.25,12.59,13.62,11.61,14.22,14.47,13.98,13,13.09,12.91,12.5,12.56,12.44,12.57,12.58,12.56,6675,0
2025-12-07 17:00:00,0.95,0.7,1.56,19.15,3.03,3.64,3.14,3.29,14.7,18.19,12.09,14.83,18.26,12.21,14.97,18.52,12.32,15.18,16.84,13.86,14.64,14.69,14.48,12.79,12.9,12.67,12.36,12.44,12.32,12.56,12.56,12.56,6766,7012
2025-12-07 16:00:00,1.24,1.03,2.1,20.06,3.27,3.68,3.14,3.28,22.98,25.63,19.06,23.12,25.8,19.17,23.83,26.75,19.44,19.02,20.12,17.28,14.54,14.69,14.32,12.47,12.64,12.31,12.25,12.32,12.2,12.56,12.56,12.56,6842,10798
2025-12-07 15:00:00,1.44,1.25,2.43,20.91,3.33,3.72,3.16,3.29,24.26,25.21,22.97,24.64,25.45,23.53,25.79,26.4,24.74,19.86,20.01,19.48,13.9,14.22,13.51,12.13,12.3,11.96,12.19,12.2,12.17,12.56,12.57,12.56,6847,10601
2025-12-07 14:00:00,1.36,1.07,2.34,21.28,3.44,3.69,3.16,3.3,22.24,23.2,21.36,23.04,23.8,22.38,24.45,25.21,23.91,18.91,19.52,18.12,12.97,13.4,12.52,11.83,11.96,11.72,12.12,12.16,12.09,12.56,12.56,12.56,6847,10857
2025-12-07 13:00:00,1.18,0.96,2.17,21.5,3.59,3.69,3.18,3.31,19.71,21.32,17.54,20.75,22.46,18.29,22.05,23.91,19.31,16.7,17.95,15.4,12.02,12.45,11.62,11.65,11.72,11.6,12.12,12.16,12.1,12.56,12.56,12.56,6847,10723
2025-12-07 12:00:00,1.01,0.87,1.87,21.58,3.59,3.68,3.19,3.33,15.54,16.7,14.22,15.87,17.17,14.34,16.57,18,14.86,14.15,15.04,13.15,11.27,11.61,10.94,11.53,11.59,11.5,12.18,12.2,12.15,12.56,12.56,12.56,6844,11137
2025-12-07 11:00:00,0.94,0.71,1.77,21.63,3.61,3.69,3.19,3.34,13.77,14.19,12.92,13.9,14.33,12.92,14.37,14.83,13.28,12.37,13.01,11.49,10.66,10.91,10.44,11.57,11.6,11.5,12.2,12.23,12.2,12.56,12.56,12.56,6838,10498
2025-12-07 10:00:00,0.82,0.56,1.66,21.67,3.57,3.7,3.18,3.35,11.03,12.56,9.96,10.96,12.56,9.82,11.27,12.91,10.07,10.05,11.26,9.24,10.42,10.44,10.36,11.66,11.72,11.6,12.28,12.32,12.22,12.57,12.58,12.56,6826,9644
2025-12-07 09:00:00,0.96,0.71,1.83,21.77,3.53,3.69,3.19,3.35,7.72,9.01,7.19,7.69,8.97,7.22,7.9,9.18,7.36,8.63,9.07,8.42,10.41,10.44,10.38,11.78,11.84,11.72,12.32,12.32,12.32,12.63,12.66,12.6,6818,7311
2025-12-07 08:00:00,1.07,0.84,1.96,21.87,3.48,3.71,3.17,3.34,7.42,7.48,7.25,7.41,7.48,7.26,7.55,7.61,7.47,8.43,8.47,8.42,10.45,10.52,10.44,11.92,11.98,11.84,12.39,12.44,12.33,12.68,12.68,12.67,6533,6803
2025-12-07 07:00:00,1.14,0.84,2,21.93,3.42,3.74,3.16,3.34,7.58,7.7,7.39,7.57,7.68,7.4,7.69,7.81,7.58,8.37,8.42,8.18,10.55,10.59,10.5,12.1,12.19,11.99,12.45,12.5,12.44,12.68,12.68,12.68,6522,0
2025-12-07 06:00:00,1.19,0.98,2.16,21.88,3.14,3.69,3.13,3.35,6.8,7.59,5.35,6.74,7.56,5.33,6.81,7.62,5.35,7.69,8.18,7.16,10.8,11.03,10.64,12.27,12.34,12.19,12.54,12.56,12.49,12.68,12.69,12.68,6524,0
2025-12-07 05:00:00,1.11,1.03,2.1,21.5,2.62,3.64,3.13,3.35,5.49,5.82,5.24,5.46,5.83,5.23,5.54,5.91,5.31,7.59,7.97,7.24,11.24,11.39,11.04,12.44,12.53,12.36,12.61,12.67,12.56,12.69,12.72,12.68,6528,0
2025-12-07 04:00:00,1.19,0.94,1.95,21.32,2.63,3.63,3.12,3.35,6.85,7.82,6.02,6.83,7.79,5.94,6.94,7.94,6.05,8.59,9.06,8.06,11.59,11.74,11.42,12.59,12.67,12.54,12.68,12.73,12.67,12.7,12.75,12.68,6537,0
2025-12-07 03:00:00,1.16,0.85,1.69,21.3,2.67,3.6,3.12,3.34,7.5,7.76,7.19,7.47,7.71,7.12,7.59,7.87,7.24,9.05,9.12,9.01,11.93,12.12,11.74,12.73,12.78,12.67,12.78,12.8,12.75,12.68,12.69,12.68,6546,0
2025-12-07 02:00:00,1.07,0.75,1.53,20.98,2.7,3.6,3.13,3.33,7.52,8.32,7.02,7.49,8.3,7,7.55,8.32,7.1,9.51,10.08,9.04,12.37,12.56,12.21,12.86,12.9,12.78,12.8,12.8,12.8,12.68,12.68,12.68,6550,0
2025-12-07 01:00:00,0.92,0.65,1.46,21.04,2.82,3.61,3.13,3.33,9.64,10.55,8.54,9.61,10.53,8.5,9.67,10.66,8.54,10.95,11.49,10.21,12.68,12.8,12.57,12.97,13.02,12.9,12.8,12.8,12.8,12.67,12.68,12.65,6568,0
2025-12-07 00:00:00,0.86,0.61,1.4,21.09,2.92,3.59,3.13,3.35,10.59,10.68,10.53,10.56,10.67,10.45,10.68,10.79,10.6,11.59,11.71,11.5,12.92,13.04,12.8,13.05,13.12,13.02,12.8,12.8,12.8,12.59,12.63,12.56,6550,0
2025-12-06 23:00:00,0.85,0.63,1.42,21.13,2.93,3.62,3.12,3.33,11.15,11.5,10.68,11.12,11.5,10.67,11.22,11.61,10.78,12.08,12.34,11.73,13.15,13.28,13.04,13.14,13.15,13.13,12.8,12.8,12.78,12.55,12.56,12.49,6588,0
2025-12-06 22:00:00,0.89,0.62,1.48,21.13,2.9,3.62,3.13,3.34,11.69,11.73,11.61,11.67,11.73,11.56,11.78,11.85,11.66,12.49,12.56,12.39,13.36,13.5,13.28,13.21,13.25,13.16,12.74,12.78,12.68,12.46,12.5,12.44,6595,0
2025-12-06 21:00:00,0.91,0.65,1.5,21.15,2.93,3.62,3.12,3.34,11.74,11.78,11.73,11.72,11.74,11.7,11.85,11.85,11.83,12.65,12.8,12.56,13.63,13.75,13.51,13.26,13.26,13.25,12.67,12.68,12.66,12.41,12.44,12.33,6604,0
2025-12-06 20:00:00,0.96,0.65,1.52,21.17,2.94,3.62,3.14,3.35,11.88,11.97,11.79,11.86,11.97,11.75,11.97,12.09,11.86,12.99,13.27,12.8,13.96,14.1,13.79,13.26,13.26,13.26,12.58,12.64,12.56,12.32,12.32,12.29,6613,0
2025-12-06 19:00:00,0.93,0.68,1.56,21.26,2.97,3.62,3.14,3.34,12.74,13.23,12.09,12.75,13.27,12.09,12.87,13.39,12.2,13.86,14.21,13.39,14.29,14.44,14.16,13.22,13.26,13.16,12.47,12.56,12.44,12.22,12.27,12.21,6631,0
2025-12-06 18:00:00,0.93,0.72,1.65,21.45,3,3.63,3.17,3.36,14.1,15.04,13.35,14.13,15.07,13.39,14.24,15.16,13.5,14.8,15.31,14.33,14.54,14.61,14.46,13.1,13.14,13.02,12.33,12.41,12.29,12.16,12.21,12.1,6662,0
2025-12-06 17:00:00,0.97,0.8,1.72,21.66,2.99,3.63,3.18,3.37,16.26,17.17,15.28,16.27,17.18,15.28,16.41,17.41,15.4,15.91,16.34,15.4,14.68,14.69,14.62,12.93,13.02,12.84,12.18,12.27,12.1,12.09,12.1,12.08,6731,6945
2025-12-06 16:00:00,1.03,0.77,1.75,21.78,3.02,3.66,3.18,3.37,17.46,17.87,17.23,17.5,17.92,17.29,17.68,18.12,17.41,16.6,16.93,16.45,14.67,14.69,14.61,12.69,12.8,12.55,12.04,12.08,11.96,12.03,12.09,11.98,6822,7347
2025-12-06 15:00:00,1.01,0.77,1.77,21.94,3.05,3.69,3.18,3.37,18.26,18.7,18,18.39,18.87,18.12,18.65,19.18,18.35,17.31,17.7,17.04,14.51,14.59,14.35,12.4,12.55,12.27,11.9,11.96,11.85,11.97,11.98,11.97,6822,8517
2025-12-06 14:00:00,1,0.82,1.93,22.24,3.17,3.75,3.18,3.36,20.92,23.26,18.95,21.22,23.68,19.15,21.84,24.73,19.45,18.7,19.42,17.87,14.02,14.34,13.65,12.09,12.22,11.96,11.8,11.85,11.74,11.97,11.97,11.96,6826,8722
2025-12-06 13:00:00,1.04,0.85,1.86,22.65,3.3,3.7,3.19,3.37,21.4,22.85,20.48,21.85,23.32,20.84,22.7,24.27,21.43,18.46,19.06,18.1,13.21,13.63,12.8,11.84,11.96,11.72,11.73,11.73,11.72,11.9,11.95,11.87,6842,10191
2025-12-06 12:00:00,1.03,0.83,1.75,22.88,3.44,3.72,3.19,3.39,18.41,20.72,17.04,18.52,21.08,17.04,19.04,22,17.41,16.34,17.54,15.41,12.44,12.77,12.17,11.67,11.72,11.6,11.66,11.71,11.62,11.85,11.86,11.85,6847,10947
2025-12-06 11:00:00,0.92,0.76,1.64,23.03,3.45,3.72,3.2,3.39,16.16,16.7,15.24,16.12,16.77,15.12,16.45,17.16,15.4,14.52,15.28,13.7,11.89,12.09,11.73,11.58,11.6,11.56,11.61,11.62,11.61,11.85,11.85,11.84,6826,9517
2025-12-06 10:00:00,0.95,0.69,1.58,22.99,3.21,3.72,3.2,3.39,13.56,14.93,12.47,13.42,14.81,12.42,13.63,15.06,12.56,12.76,13.5,12.14,11.57,11.68,11.5,11.51,11.54,11.48,11.61,11.61,11.61,11.81,11.84,11.77,6824,7433
2025-12-06 09:00:00,0.98,0.72,1.64,23.01,3.16,3.71,3.19,3.39,11.65,12.19,11.26,11.62,12.09,11.24,11.73,12.2,11.33,11.7,11.98,11.49,11.5,11.5,11.49,11.49,11.51,11.48,11.61,11.61,11.6,11.74,11.76,11.73,6648,6957
2025-12-06 08:00:00,0.95,0.69,1.61,23.04,3.17,3.7,3.19,3.38,11.06,11.19,11.02,11.03,11.14,10.99,11.12,11.26,11.07,11.39,11.44,11.38,11.5,11.5,11.5,11.48,11.5,11.48,11.58,11.61,11.56,11.73,11.74,11.73,6542,6772
2025-12-06 07:00:00,0.99,0.72,1.64,23.17,3.17,3.7,3.18,3.38,11.22,11.44,11.02,11.2,11.38,11.02,11.29,11.49,11.13,11.51,11.6,11.38,11.5,11.51,11.5,11.48,11.48,11.48,11.52,11.55,11.5,11.73,11.73,11.73,6537,0
2025-12-06 06:00:00,1.05,0.77,1.67,23.19,3.18,3.7,3.18,3.38,11.43,11.46,11.4,11.38,11.39,11.38,11.49,11.49,11.49,11.6,11.61,11.58,11.5,11.5,11.5,11.48,11.48,11.48,11.49,11.51,11.49,11.69,11.73,11.65,6537,0
2025-12-06 05:00:00,1.03,0.75,1.64,23.19,3.19,3.69,3.17,3.4,11.4,11.44,11.38,11.38,11.39,11.38,11.49,11.49,11.47,11.59,11.61,11.58,11.5,11.51,11.5,11.48,11.48,11.48,11.49,11.49,11.49,11.63,11.66,11.62,6539,0
2025-12-06 04:00:00,1.04,0.75,1.64,23.24,3.21,3.69,3.17,3.39,11.4,11.43,11.39,11.38,11.38,11.38,11.49,11.49,11.47,11.6,11.61,11.6,11.51,11.52,11.5,11.48,11.48,11.48,11.47,11.49,11.42,11.62,11.62,11.62,6542,0
2025-12-06 03:00:00,1.04,0.76,1.67,23.3,3.21,3.69,3.19,3.39,11.42,11.47,11.4,11.38,11.39,11.38,11.49,11.49,11.49,11.61,11.61,11.6,11.53,11.57,11.52,11.48,11.48,11.46,11.4,11.45,11.37,11.58,11.62,11.51,6548,0
2025-12-06 02:00:00,0.94,0.69,1.58,23.17,3.26,3.69,3.19,3.39,11.48,11.5,11.43,11.4,11.44,11.38,11.49,11.49,11.49,11.62,11.67,11.61,11.58,11.61,11.56,11.47,11.48,11.46,11.37,11.38,11.37,11.5,11.53,11.5,6550,0
2025-12-06 01:00:00,0.87,0.59,1.53,23.1,3.29,3.71,3.19,3.38,11.5,11.5,11.5,11.47,11.49,11.45,11.51,11.54,11.49,11.68,11.72,11.64,11.61,11.62,11.59,11.44,11.46,11.43,11.36,11.37,11.34,11.49,11.5,11.48,6550,0
2025-12-06 00:00:00,0.86,0.59,1.48,23.11,3.29,3.71,3.2,3.36,11.5,11.52,11.5,11.49,11.5,11.47,11.57,11.61,11.52,11.73,11.73,11.72,11.62,11.62,11.62,11.41,11.43,11.39,11.28,11.32,11.26,11.41,11.47,11.38,6550,0
2025-12-05 23:00:00,0.84,0.57,1.48,23.13,3.31,3.71,3.2,3.36,11.6,11.63,11.55,11.58,11.61,11.5,11.66,11.71,11.61,11.74,11.76,11.73,11.64,11.72,11.62,11.37,11.4,11.37,11.25,11.26,11.22,11.35,11.38,11.28,6588,0
2025-12-05 22:00:00,0.85,0.57,1.49,23.2,3.31,3.7,3.21,3.38,11.62,11.65,11.61,11.61,11.62,11.61,11.69,11.72,11.62,11.82,11.85,11.77,11.73,11.74,11.69,11.37,11.37,11.37,11.15,11.2,11.14,11.27,11.29,11.26,6591,0
2025-12-05 21:00:00,0.88,0.59,1.5,23.24,3.37,3.7,3.19,3.37,11.68,11.71,11.65,11.61,11.63,11.61,11.73,11.73,11.73,11.9,11.97,11.85,11.79,11.86,11.74,11.36,11.37,11.34,11.08,11.14,11.02,11.22,11.26,11.16,6604,0
2025-12-05 20:00:00,0.89,0.61,1.5,23.39,3.4,3.72,3.18,3.37,11.72,11.73,11.67,11.68,11.73,11.61,11.76,11.85,11.73,12.02,12.08,11.97,11.89,11.97,11.86,11.27,11.33,11.25,10.96,11.02,10.9,11.14,11.15,11.14,6613,0
2025-12-05 19:00:00,0.92,0.62,1.54,23.56,3.4,3.7,3.2,3.37,11.83,11.97,11.73,11.82,11.97,11.73,11.92,12.09,11.84,12.25,12.43,12.1,12.02,12.09,11.97,11.19,11.25,11.13,10.85,10.9,10.78,11.08,11.14,11.02,6631,0
2025-12-05 18:00:00,0.95,0.7,1.57,23.74,3.39,3.7,3.19,3.36,12.28,12.66,11.99,12.29,12.68,11.98,12.39,12.8,12.09,12.67,13.03,12.44,12.11,12.15,12.09,11.03,11.12,10.94,10.72,10.78,10.66,11.02,11.03,11.02,6660,0
2025-12-05 17:00:00,0.92,0.66,1.64,24.06,3.39,3.69,3.22,3.37,13.57,14.57,12.75,13.6,14.58,12.8,13.79,14.84,12.91,13.55,14.02,13.13,12.1,12.14,12.07,10.83,10.89,10.75,10.59,10.66,10.55,10.97,11.02,10.92,6715,4455
2025-12-05 16:00:00,0.94,0.7,1.71,24.28,3.43,3.71,3.2,3.37,14.19,14.84,13.62,14.21,14.81,13.74,14.45,15.12,13.95,13.84,14.09,13.62,11.94,11.99,11.86,10.6,10.69,10.49,10.46,10.55,10.43,10.91,10.92,10.91,6820,8517
2025-12-05 15:00:00,0.91,0.72,1.72,24.49,3.42,3.74,3.21,3.38,14.44,15.61,13.74,14.53,15.65,13.79,14.77,15.99,13.98,14.16,14.69,13.74,11.7,11.86,11.5,10.32,10.43,10.18,10.35,10.43,10.31,10.91,10.91,10.9,6820,7894
2025-12-05 14:00:00,0.93,0.79,1.76,24.84,3.43,3.75,3.24,3.4,15.7,16.01,15.27,15.79,16.11,15.38,16.1,16.45,15.63,14.56,14.75,14.33,11.18,11.46,10.89,10.05,10.18,9.95,10.27,10.31,10.21,10.9,10.91,10.88,6824,9368
2025-12-05 13:00:00,0.92,0.76,1.8,25.17,3.5,3.78,3.3,3.42,16.04,16.45,15.4,16.07,16.45,15.4,16.38,16.82,15.75,14.23,14.58,13.62,10.49,10.79,10.2,9.83,9.95,9.74,10.18,10.22,10.18,10.87,10.89,10.85,6826,9998
2025-12-05 12:00:00,0.92,0.7,1.86,25.49,3.6,3.79,3.29,3.43,14.28,15.16,13.5,14.32,15.21,13.51,14.61,15.54,13.76,12.74,13.47,12.08,9.84,10.08,9.6,9.67,9.72,9.59,10.18,10.18,10.18,10.81,10.85,10.79,6838,10034
2025-12-05 11:00:00,0.9,0.63,1.89,25.83,3.67,3.8,3.3,3.43,12.11,13.45,11.15,12.07,13.48,11.06,12.18,13.74,11.25,11.12,11.94,10.56,9.36,9.57,9.2,9.58,9.59,9.54,10.16,10.18,10.14,10.79,10.82,10.79,6826,10420
2025-12-05 10:00:00,0.91,0.72,2.21,26.84,3.73,3.82,3.31,3.42,10.09,10.91,9.12,10.03,10.79,9.06,10.23,11.01,9.25,9.85,10.46,9.13,9.05,9.14,8.97,9.5,9.55,9.47,10.13,10.18,10.1,10.79,10.79,10.79,6820,7268
2025-12-05 09:00:00,1.08,0.86,2.46,26.8,3.75,3.83,3.3,3.42,8.46,9.01,8.07,8.42,9.01,8,8.56,9.13,8.16,8.7,9.06,8.42,8.9,8.96,8.89,9.47,9.47,9.47,10.12,10.14,10.1,10.79,10.79,10.79,6635,6929
2025-12-05 08:00:00,1.1,0.85,2.33,26.26,3.71,3.83,3.3,3.42,7.88,7.97,7.85,7.86,7.95,7.83,7.97,8.07,7.95,8.34,8.42,8.3,8.89,8.89,8.89,9.47,9.47,9.47,10.11,10.13,10.1,10.79,10.79,10.79,6542,6795
2025-12-05 07:00:00,1.09,0.85,2.4,25.95,3.7,3.83,3.31,3.43,7.76,7.83,7.64,7.73,7.83,7.59,7.85,7.95,7.71,8.25,8.31,8.18,8.89,8.89,8.89,9.47,9.47,9.47,10.1,10.12,10.08,10.79,10.79,10.79,6530,0
2025-12-05 06:00:00,1.13,0.86,2.41,25.31,3.68,3.83,3.3,3.43,7.59,7.62,7.59,7.59,7.61,7.59,7.71,7.72,7.71,8.18,8.18,8.18,8.89,8.89,8.89,9.47,9.47,9.47,10.08,10.09,10.07,10.79,10.79,10.79,6530,0
2025-12-05 05:00:00,0.99,0.72,1.83,21.71,3.25,3.82,3.3,3.44,7.49,7.59,7.4,7.46,7.59,7.37,7.58,7.71,7.5,8.15,8.18,8.1,8.89,8.89,8.89,9.47,9.47,9.47,10.08,10.09,10.07,10.79,10.79,10.79,6533,0
2025-12-05 04:00:00,0.99,0.71,1.78,21.46,3.22,3.83,3.29,3.43,7.48,7.48,7.45,7.47,7.48,7.46,7.59,7.6,7.58,8.19,8.22,8.18,8.89,8.89,8.89,9.47,9.47,9.46,10.08,10.09,10.07,10.79,10.79,10.79,6533,0
2025-12-05 03:00:00,1.01,0.73,1.8,21.5,3.23,3.82,3.3,3.43,7.8,8.07,7.51,7.79,8.07,7.49,7.91,8.16,7.62,8.38,8.47,8.26,8.89,8.89,8.88,9.44,9.47,9.41,10.08,10.1,10.07,10.79,10.79,10.79,6537,0
2025-12-05 02:00:00,1.03,0.74,1.84,21.52,3.25,3.82,3.3,3.42,8.16,8.27,8.09,8.12,8.21,8.07,8.23,8.31,8.18,8.51,8.54,8.49,8.81,8.89,8.78,9.4,9.43,9.37,10.1,10.12,10.09,10.79,10.79,10.79,6542,0
2025-12-05 01:00:00,1.05,0.8,1.92,21.58,3.21,3.83,3.3,3.41,8.7,8.89,8.3,8.65,8.78,8.3,8.71,8.84,8.39,8.61,8.66,8.54,8.72,8.78,8.66,9.4,9.43,9.37,10.12,10.18,10.1,10.79,10.79,10.78,6550,0
2025-12-05 00:00:00,1.1,0.81,1.93,21.56,2.89,3.83,3.31,3.4,8.59,8.89,8.3,8.51,8.78,8.18,8.55,8.8,8.28,8.32,8.53,8.12,8.6,8.66,8.55,9.46,9.51,9.43,10.16,10.18,10.14,10.73,10.79,10.67,6542,0
2025-12-04 23:00:00,1.13,0.78,1.78,21.56,2.77,3.82,3.32,3.39,7.88,8.18,7.69,7.82,8.08,7.59,7.9,8.18,7.7,7.86,8.06,7.68,8.51,8.55,8.43,9.52,9.56,9.5,10.18,10.18,10.18,10.67,10.68,10.67,6573,0
2025-12-04 22:00:00,1.13,0.83,1.68,21.71,2.73,3.81,3.3,3.4,7.1,7.59,6.43,7.03,7.57,6.36,7.09,7.59,6.38,7.2,7.59,6.76,8.49,8.55,8.43,9.56,9.59,9.52,10.15,10.18,10.1,10.72,10.77,10.68,6588,0
2025-12-04 21:00:00,0.98,0.82,1.55,21.7,2.71,3.8,3.29,3.4,5.72,6.29,5.47,5.59,6.17,5.35,5.57,6.17,5.25,6.49,6.67,6.41,8.74,8.89,8.64,9.59,9.59,9.59,10.08,10.1,10.07,10.77,10.79,10.75,6595,0
2025-12-04 20:00:00,0.85,0.71,1.46,21.63,2.75,3.8,3.27,3.41,5.7,6.04,5.47,5.58,5.92,5.35,5.59,5.88,5.35,6.88,7.24,6.59,9.04,9.22,8.89,9.59,9.59,9.59,10.06,10.07,10.04,10.79,10.79,10.79,6613,0
2025-12-04 19:00:00,0.87,0.57,1.39,21.47,2.85,3.8,3.29,3.39,6.87,7.93,6.11,6.76,7.76,6.01,6.72,7.69,5.94,7.85,8.43,7.29,9.34,9.47,9.25,9.58,9.59,9.53,9.98,10.04,9.95,10.79,10.79,10.79,6635,0
2025-12-04 18:00:00,0.81,0.53,1.4,21.42,3,3.83,3.28,3.39,9.34,10.18,8.18,9.23,10.08,8.07,9.16,10.08,7.95,9.27,9.84,8.64,9.49,9.49,9.49,9.46,9.51,9.39,9.95,9.95,9.95,10.79,10.79,10.79,6677,0
2025-12-04 17:00:00,0.82,0.59,1.48,21.43,3.11,3.82,3.28,3.38,11.16,11.73,10.38,11.12,11.64,10.31,11.15,11.73,10.31,10.41,10.67,9.96,9.35,9.49,9.25,9.32,9.35,9.24,9.89,9.95,9.85,10.79,10.79,10.77,6778,7012
2025-12-04 16:00:00,0.84,0.59,1.51,21.53,3.14,3.84,3.29,3.38,11.43,11.73,10.91,11.39,11.73,10.87,11.5,11.83,10.96,10.39,10.67,10.04,9.07,9.24,8.93,9.18,9.24,9.12,9.84,9.85,9.84,10.79,10.79,10.77,6826,7110
2025-12-04 15:00:00,0.79,0.52,1.46,21.59,3.11,3.85,3.28,3.38,10.28,10.8,9.77,10.23,10.79,9.72,10.35,10.9,9.84,9.67,9.96,9.37,8.84,8.91,8.78,9.05,9.12,9,9.84,9.84,9.84,10.77,10.79,10.77,6813,7946
2025-12-04 14:00:00,0.78,0.52,1.46,21.64,3.11,3.86,3.28,3.38,9.39,9.72,9.13,9.38,9.67,9.13,9.52,9.82,9.26,9.23,9.35,9.13,8.65,8.77,8.55,8.92,9,8.88,9.84,9.84,9.83,10.77,10.79,10.77,6820,7110
2025-12-04 13:00:00,0.77,0.52,1.5,21.69,3.1,3.88,3.27,3.37,8.88,9.13,8.67,8.96,9.13,8.84,9.15,9.28,9.03,9.06,9.13,9.02,8.44,8.55,8.31,8.8,8.88,8.76,9.83,9.84,9.82,10.71,10.76,10.67,6826,7118
2025-12-04 12:00:00,0.8,0.53,1.52,21.71,3.09,3.88,3.29,3.37,8.91,9.06,8.72,9.02,9.13,8.89,9.29,9.37,9.13,8.95,9.1,8.66,8.2,8.31,8.14,8.86,9,8.76,9.72,9.8,9.6,10.53,10.67,10.35,6818,7493
2025-12-04 11:00:00,0.77,0.52,1.58,21.6,3.07,3.88,3.3,3.38,9.12,9.34,8.55,9.13,9.33,8.54,9.28,9.47,8.71,8.31,8.57,7.82,7.94,8.08,7.8,9,9,8.99,9.61,9.66,9.6,10.37,10.4,10.35,6822,7449
2025-12-04 10:00:00,0.86,0.54,1.59,21.87,3.03,3.88,3.3,3.37,7.51,8.34,6.38,7.41,8.31,6.28,7.62,8.49,6.45,7.09,7.71,6.37,7.62,7.75,7.48,9.01,9.06,9,9.71,9.72,9.67,10.42,10.43,10.4,6822,7961
2025-12-04 09:00:00,0.92,0.82,1.84,22.14,2.97,3.85,3.31,3.37,5.25,6.17,4.5,5.18,6.06,4.4,5.37,6.29,4.55,5.57,6.19,5,7.42,7.48,7.36,9.11,9.12,9.07,9.79,9.84,9.72,10.44,10.49,10.43,6720,7039
2025-12-04 08:00:00,1.04,1.04,2.12,22.28,2.84,3.84,3.31,3.35,3.67,4.36,3.24,3.63,4.28,3.22,3.73,4.4,3.33,4.57,4.92,4.4,7.36,7.36,7.36,9.19,9.24,9.13,9.87,9.95,9.84,10.54,10.57,10.49,6546,6831
2025-12-04 07:00:00,1.04,1.04,2.12,22.3,2.71,3.84,3.3,3.36,3.56,3.69,3.39,3.53,3.68,3.37,3.65,3.81,3.48,4.49,4.6,4.36,7.29,7.36,7.19,9.3,9.35,9.24,9.99,10.07,9.95,10.65,10.68,10.61,6519,0
2025-12-04 06:00:00,1.05,1.07,2.23,22.37,2.6,3.82,3.29,3.38,3.15,3.34,2.86,3.11,3.34,2.77,3.24,3.46,2.88,4.08,4.32,3.81,7.1,7.16,7.02,9.35,9.37,9.35,10.21,10.43,10.07,10.86,11.02,10.74,6519,0
2025-12-04 05:00:00,1.07,1.19,2.33,22.52,2.41,3.81,3.26,3.37,1.71,2.74,0.91,1.62,2.64,0.85,1.74,2.76,0.97,3.23,3.77,2.88,7.16,7.25,7.06,9.41,9.52,9.35,10.5,10.55,10.43,11.07,11.13,11.02,6524,0
2025-12-04 04:00:00,1.05,1.2,2.36,22.55,2.4,3.78,3.24,3.38,1.13,1.34,0.97,1.09,1.33,0.86,1.17,1.44,0.97,3.12,3.27,2.98,7.41,7.48,7.33,9.67,9.81,9.57,10.57,10.63,10.55,11.14,11.14,11.14,6530,0
2025-12-04 03:00:00,1.03,1.17,2.2,22.48,2.4,3.78,3.21,3.39,1.4,1.53,1.27,1.34,1.44,1.21,1.44,1.56,1.32,3.34,3.45,3.26,7.64,7.81,7.5,9.9,9.95,9.83,10.66,10.7,10.65,11.16,11.21,11.14,6537,0
2025-12-04 02:00:00,0.99,1.11,1.9,22.4,2.41,3.73,3.19,3.37,1.5,1.8,1.33,1.46,1.79,1.22,1.54,1.83,1.33,3.68,3.92,3.45,7.97,8.12,7.84,10.07,10.17,9.96,10.76,10.78,10.69,11.26,11.26,11.25,6550,0
2025-12-04 01:00:00,0.95,1.05,1.75,22.28,2.44,3.71,3.2,3.37,2.21,2.5,1.8,2.15,2.39,1.79,2.24,2.51,1.89,4.26,4.52,3.93,8.32,8.45,8.18,10.24,10.3,10.18,10.78,10.79,10.78,11.27,11.3,11.26,6550,0
2025-12-04 00:00:00,0.87,0.9,1.65,22.1,2.46,3.72,3.19,3.37,3.19,3.87,2.49,3.13,3.81,2.44,3.26,3.96,2.51,5.02,5.34,4.63,8.64,8.78,8.53,10.37,10.42,10.3,10.82,10.87,10.79,11.32,11.36,11.28,6548,0
2025-12-03 23:00:00,0.85,0.82,1.57,22.08,2.49,3.69,3.2,3.37,3.55,3.81,3.33,3.53,3.77,3.28,3.67,3.9,3.44,5.28,5.34,5.23,8.98,9.18,8.78,10.52,10.6,10.43,10.88,10.9,10.87,11.33,11.35,11.31,6577,0
2025-12-03 22:00:00,0.77,0.76,1.54,22.06,2.49,3.66,3.21,3.38,3.41,3.46,3.34,3.39,3.45,3.33,3.51,3.57,3.44,5.49,5.7,5.31,9.42,9.62,9.25,10.67,10.75,10.64,10.9,10.9,10.9,11.32,11.36,11.28,6588,0
2025-12-03 21:00:00,0.74,0.68,1.38,21.97,2.52,3.65,3.21,3.39,3.77,4.28,3.34,3.73,4.17,3.34,3.88,4.39,3.47,6.08,6.47,5.74,9.89,10.1,9.72,10.78,10.85,10.77,10.9,10.9,10.9,11.27,11.3,11.26,6599,0
2025-12-03 20:00:00,0.7,0.61,1.32,21.91,2.58,3.63,3.21,3.38,4.51,4.86,4.35,4.45,4.76,4.29,4.55,4.81,4.41,6.84,7.24,6.53,10.42,10.67,10.18,10.89,10.91,10.88,10.9,10.9,10.89,11.26,11.26,11.25,6613,0
2025-12-03 19:00:00,0.71,0.58,1.23,21.74,2.65,3.64,3.19,3.38,5.51,5.72,4.98,5.43,5.72,4.98,5.43,5.82,4.98,7.87,8.42,7.39,11.02,11.29,10.76,10.93,10.99,10.91,10.8,10.89,10.77,11.2,11.25,11.16,6642,0
2025-12-03 18:00:00,0.8,0.54,1.25,21.59,2.85,3.63,3.2,3.37,7.48,9.72,5.92,7.5,9.71,5.93,7.56,9.72,5.98,9.56,10.65,8.55,11.6,11.86,11.38,10.86,10.9,10.77,10.69,10.77,10.64,11.14,11.16,11.14,6684,0
2025-12-03 17:00:00,0.87,0.63,1.39,21.67,3.09,3.65,3.21,3.37,11.56,13.8,10.1,11.52,13.76,10.08,11.48,13.84,10.08,11.54,12.82,10.78,12.07,12.21,11.86,10.66,10.77,10.54,10.54,10.6,10.46,11.14,11.14,11.14,6802,7055
2025-12-03 16:00:00,1.14,0.95,1.91,22.39,3.25,3.66,3.2,3.37,17.95,20.48,14.57,18.25,20.95,14.5,19,22.15,14.61,15.29,16.7,13.27,12.12,12.21,11.97,10.35,10.54,10.18,10.41,10.46,10.33,11.14,11.14,11.14,6842,10955
2025-12-03 15:00:00,1.23,1.13,2.14,23.28,3.38,3.7,3.21,3.37,20.41,20.81,19.93,20.96,21.41,20.49,22.3,22.78,21.78,16.71,16.83,16.58,11.62,11.92,11.27,9.99,10.18,9.83,10.31,10.32,10.3,11.13,11.14,11.11,6847,10987
2025-12-03 14:00:00,1.15,1.02,2.09,23.78,3.44,3.7,3.21,3.37,19.79,20.6,18.95,20.7,21.27,19.94,22.22,22.75,21.4,16.35,16.81,15.99,10.83,11.26,10.44,9.67,9.83,9.52,10.28,10.3,10.27,11.06,11.11,11.02,6847,11030
2025-12-03 13:00:00,1.06,0.92,1.92,24.26,3.57,3.73,3.21,3.36,19.23,19.89,18.83,20.55,21.41,20.01,22.02,22.97,21.35,15.55,15.88,15.28,9.85,10.32,9.37,9.38,9.47,9.24,10.29,10.31,10.27,11.02,11.02,11.02,6844,10987
2025-12-03 12:00:00,0.96,0.79,1.86,25.02,3.71,3.78,3.22,3.37,20.19,21.08,18.45,21.37,22.26,19.42,22.79,23.79,20.6,14.23,15.16,12.54,8.8,9.25,8.43,9.15,9.24,9.06,10.31,10.32,10.31,11.04,11.08,11.02,6847,11089
2025-12-03 11:00:00,0.84,0.65,1.7,25.51,3.79,3.8,3.24,3.38,18.73,20.37,17.24,19.45,21.09,18,20.5,22.14,19.06,11.4,12.2,10.55,8.08,8.35,7.84,9.01,9.06,9,10.32,10.34,10.31,11.09,11.13,11.05,6844,11089
2025-12-03 10:00:00,0.75,0.55,1.72,26.2,3.86,3.8,3.24,3.39,16.46,19.54,11.61,16.46,19.89,11.02,16.9,20.84,11.02,8.3,10.21,6.06,7.74,7.84,7.7,9.07,9.13,9,10.42,10.43,10.39,11.13,11.14,11.11,6842,10987
2025-12-03 09:00:00,0.82,0.76,2.22,27.09,3.85,3.78,3.24,3.4,5.2,9.66,3.92,4.92,9.01,3.79,4.83,8.54,3.76,4.85,5.46,4.64,7.84,7.95,7.73,9.18,9.24,9.12,10.45,10.53,10.43,11.16,11.23,11.14,6826,9624
2025-12-03 08:00:00,0.91,0.89,2.33,27.23,3.81,3.75,3.22,3.38,4.14,4.64,3.81,4.03,4.52,3.69,4.05,4.58,3.69,4.93,5.23,4.64,7.98,8.07,7.95,9.36,9.47,9.24,10.55,10.55,10.52,11.25,11.26,11.22,6546,6815
2025-12-03 07:00:00,0.86,0.85,2.28,27.39,3.78,3.77,3.23,3.39,4.7,4.76,4.59,4.59,4.65,4.52,4.62,4.75,4.52,5.29,5.34,5.21,8.12,8.2,8.07,9.54,9.59,9.47,10.61,10.66,10.55,11.27,11.29,11.26,6528,0
2025-12-03 06:00:00,0.87,0.87,2.32,27.59,3.75,3.76,3.21,3.39,4.69,4.84,4.52,4.59,4.76,4.4,4.59,4.75,4.41,5.39,5.58,5.23,8.32,8.43,8.21,9.71,9.83,9.6,10.67,10.69,10.66,11.31,11.33,11.28,6528,0
2025-12-03 05:00:00,0.87,0.82,2.26,27.76,3.75,3.78,3.19,3.38,5.01,5.55,4.76,4.95,5.47,4.64,4.97,5.48,4.66,5.81,6.08,5.58,8.45,8.55,8.42,9.92,9.96,9.83,10.77,10.78,10.74,11.31,11.37,11.28,6533,0
2025-12-03 04:00:00,0.87,0.84,2.3,28.19,3.73,3.73,3.2,3.35,5.18,5.58,4.76,5.08,5.47,4.69,5.08,5.46,4.69,5.97,6.06,5.86,8.66,8.78,8.55,10.04,10.06,9.96,10.79,10.83,10.78,11.37,11.39,11.36,6533,0
2025-12-03 03:00:00,0.85,0.79,2.32,28.66,3.7,3.73,3.21,3.36,5.48,6.29,4.76,5.45,6.26,4.71,5.51,6.33,4.75,6.69,7.24,6.1,8.85,8.89,8.78,10.09,10.17,10.06,10.86,10.9,10.81,11.38,11.41,11.38,6542,0
2025-12-03 02:00:00,0.99,0.85,2.83,30.73,3.75,3.72,3.23,3.36,6.75,7.12,6.35,6.71,7.05,6.3,6.82,7.13,6.42,7.45,7.59,7.25,8.9,8.91,8.89,10.19,10.25,10.18,10.9,10.9,10.89,11.41,11.43,11.4,6550,0
2025-12-03 01:00:00,1.13,0.94,2.38,25.73,3.66,3.74,3.24,3.36,6.89,7.02,6.77,6.85,7,6.77,6.96,7.1,6.88,7.48,7.51,7.47,8.9,8.93,8.89,10.29,10.33,10.26,10.9,10.91,10.9,11.42,11.45,11.4,6550,0
2025-12-03 00:00:00,1.15,0.87,1.7,21.95,3.21,3.73,3.22,3.36,6.6,6.94,6.17,6.55,6.88,6.09,6.69,7,6.19,7.19,7.47,6.87,8.93,9,8.89,10.41,10.44,10.33,10.9,10.91,10.9,11.44,11.47,11.42,6550,0
2025-12-02 23:00:00,1.06,0.97,1.63,21.81,3.01,3.7,3.2,3.36,5.33,5.94,4.87,5.3,5.94,4.78,5.42,6.05,4.94,6.5,6.76,6.31,9.1,9.25,9.02,10.53,10.56,10.49,10.94,11,10.9,11.48,11.49,11.47,6577,0
2025-12-02 22:00:00,1.03,0.95,1.65,21.67,2.8,3.7,3.18,3.36,4.75,4.87,4.64,4.72,4.82,4.64,4.85,4.98,4.75,6.37,6.45,6.29,9.4,9.59,9.25,10.65,10.69,10.6,11.01,11.02,11,11.44,11.49,11.42,6588,0
2025-12-02 21:00:00,0.98,0.89,1.56,21.63,2.8,3.68,3.18,3.36,4.48,4.64,4.32,4.46,4.64,4.28,4.58,4.75,4.41,6.47,6.64,6.41,9.82,10.08,9.6,10.76,10.79,10.7,10.99,11,10.98,11.41,11.43,11.39,6595,0
2025-12-02 20:00:00,0.88,0.79,1.41,21.6,2.94,3.67,3.19,3.36,4.6,4.77,4.52,4.56,4.76,4.51,4.68,4.87,4.64,6.92,7.27,6.64,10.35,10.62,10.08,10.85,10.89,10.79,10.92,10.97,10.9,11.38,11.4,11.38,6613,0
2025-12-02 19:00:00,0.76,0.65,1.26,21.45,2.95,3.67,3.19,3.35,5.38,6.06,4.87,5.36,6.06,4.87,5.5,6.19,4.98,8,8.66,7.46,10.94,11.26,10.67,10.87,10.89,10.83,10.86,10.9,10.79,11.37,11.38,11.36,6640,0
2025-12-02 18:00:00,0.82,0.51,1.3,21.51,2.99,3.69,3.18,3.35,7.82,10.08,6.23,7.84,10.08,6.28,7.89,10.08,6.39,9.78,10.9,8.77,11.49,11.7,11.27,10.74,10.81,10.66,10.75,10.78,10.67,11.36,11.37,11.34,6680,0
2025-12-02 17:00:00,0.9,0.65,1.54,21.91,3.09,3.71,3.2,3.34,12.59,14.63,10.57,12.59,14.57,10.56,12.63,14.69,10.57,12.36,13.5,11.14,11.74,11.75,11.73,10.51,10.66,10.41,10.65,10.67,10.6,11.34,11.36,11.32,6780,7036
2025-12-02 16:00:00,1.12,0.92,1.92,22.84,3.23,3.72,3.2,3.31,17.7,19.87,15.15,17.96,20.2,15.07,18.66,21.21,15.18,15.37,16.41,13.74,11.47,11.74,11.15,10.2,10.32,10.06,10.55,10.57,10.54,11.33,11.35,11.3,6822,8934
2025-12-02 15:00:00,1.17,1,2.06,23.52,3.31,3.76,3.2,3.34,19.45,20.61,18.35,19.77,20.85,18.7,20.85,22.14,19.65,16.04,16.45,15.19,10.56,11.03,10.1,9.95,10.06,9.83,10.51,10.55,10.46,11.29,11.32,11.28,6847,10955
2025-12-02 14:00:00,0.97,0.72,1.8,23.8,3.43,3.77,3.22,3.35,14.15,18.24,12.19,14.29,18.45,12.32,14.76,19.44,12.68,12.66,14.73,11.62,9.83,10.08,9.6,9.76,9.83,9.71,10.45,10.48,10.44,11.26,11.29,11.26,6847,10904
2025-12-02 13:00:00,0.8,0.58,1.7,23.83,3.52,3.79,3.23,3.34,11.15,11.92,10.56,11.33,12.09,10.79,11.62,12.42,11.02,11.07,11.49,10.78,9.38,9.6,9.14,9.61,9.67,9.59,10.45,10.49,10.43,11.26,11.26,11.26,6826,10022
2025-12-02 12:00:00,0.84,0.62,1.77,24.15,3.57,3.77,3.24,3.36,10.59,10.99,9.6,10.62,10.91,9.57,10.88,11.26,9.63,10.4,10.87,9.47,8.91,9.13,8.78,9.59,9.59,9.58,10.45,10.49,10.43,11.19,11.26,11.14,6820,8422
2025-12-02 11:00:00,0.85,0.61,1.85,24.28,3.61,3.78,3.23,3.34,8.43,9.47,7.39,8.35,9.37,7.36,8.53,9.47,7.59,8.64,9.35,7.95,8.7,8.75,8.66,9.71,9.75,9.64,10.37,10.43,10.31,11.03,11.12,10.98,6822,8269
2025-12-02 10:00:00,0.97,0.79,2.1,23.59,3.61,3.78,3.23,3.33,7.17,7.31,7.07,7.13,7.28,7.02,7.32,7.47,7.23,7.67,7.94,7.47,8.57,8.66,8.51,9.8,9.83,9.75,10.38,10.43,10.32,11.02,11.02,11.02,6755,7055
2025-12-02 09:00:00,0.85,0.73,1.78,21.66,3.65,3.79,3.21,3.34,6.36,7.14,5.83,6.3,7.01,5.83,6.46,7.23,5.97,6.82,7.38,6.46,8.44,8.51,8.43,9.83,9.85,9.83,10.43,10.45,10.43,11.04,11.11,11.02,6680,6984
2025-12-02 08:00:00,0.89,0.85,1.95,21.82,3.63,3.79,3.21,3.36,5.52,5.71,5.35,5.5,5.7,5.35,5.63,5.82,5.46,6.27,6.41,6.17,8.39,8.43,8.35,9.92,9.95,9.85,10.52,10.55,10.44,11.13,11.14,11.12,6568,6862
2025-12-02 07:00:00,0.92,0.92,1.96,21.98,3.64,3.77,3.22,3.36,5.07,5.35,4.76,5.05,5.35,4.76,5.18,5.46,4.87,5.89,6.15,5.69,8.31,8.34,8.31,10.02,10.06,9.95,10.59,10.66,10.55,11.15,11.19,11.14,6537,0
2025-12-02 06:00:00,0.98,0.99,2.08,22.07,3.65,3.78,3.2,3.34,4.4,4.76,4.1,4.38,4.71,4.06,4.51,4.86,4.17,5.38,5.6,5.2,8.31,8.31,8.31,10.14,10.18,10.07,10.68,10.78,10.66,11.24,11.27,11.19,6537,0
2025-12-02 05:00:00,1.04,1.07,2.17,21.91,3.6,3.75,3.19,3.36,3.65,4.05,3.29,3.61,4,3.22,3.72,4.16,3.33,4.94,5.12,4.75,8.25,8.31,8.18,10.28,10.3,10.24,10.88,11.02,10.77,11.41,11.5,11.27,6542,0
2025-12-02 04:00:00,1.04,1.13,2.2,21.45,3.56,3.74,3.2,3.38,3.17,3.34,2.85,3.12,3.26,2.75,3.21,3.35,2.86,4.69,4.75,4.54,8.33,8.43,8.18,10.41,10.52,10.3,11.06,11.13,11.02,11.55,11.61,11.5,6546,0
2025-12-02 03:00:00,1.07,1.16,2.2,21.12,3.22,3.72,3.22,3.38,2.66,2.76,2.62,2.6,2.75,2.51,2.67,2.77,2.6,4.58,4.75,4.52,8.63,8.78,8.46,10.58,10.66,10.53,11.14,11.14,11.12,11.62,11.62,11.61,6550,0
2025-12-02 02:00:00,1.08,1.11,2.12,20.93,3.05,3.54,3.22,3.39,2.93,3.22,2.72,2.87,3.15,2.63,2.94,3.22,2.64,4.99,5.23,4.75,8.98,9.14,8.79,10.71,10.77,10.66,11.16,11.23,11.14,11.62,11.64,11.62,6550,0
2025-12-02 01:00:00,1.1,1.09,2.01,20.71,2.75,3.27,3.2,3.39,3.53,3.92,3.26,3.47,3.81,3.22,3.53,3.9,3.25,5.55,5.83,5.26,9.39,9.6,9.22,10.87,10.95,10.77,11.25,11.26,11.22,11.63,11.65,11.63,6568,0
2025-12-02 00:00:00,1.12,1,1.74,20.31,2.43,3.16,3.21,3.39,4.25,4.52,3.99,4.2,4.51,3.93,4.27,4.52,4,6.18,6.49,5.94,9.79,9.96,9.6,11.03,11.12,10.98,11.26,11.28,11.26,11.62,11.63,11.62,6550,0
2025-12-01 23:00:00,1.04,0.94,1.52,19.66,2.4,3.15,3.22,3.37,5.01,5.35,4.55,4.98,5.35,4.52,5.07,5.45,4.61,6.88,7.17,6.53,10.18,10.36,10,11.17,11.25,11.13,11.29,11.32,11.28,11.62,11.62,11.62,6588,0
2025-12-01 22:00:00,0.99,0.85,1.38,19.54,2.4,3.17,3.22,3.37,5.62,5.7,5.47,5.57,5.69,5.44,5.67,5.8,5.51,7.48,7.71,7.24,10.59,10.79,10.43,11.28,11.35,11.25,11.31,11.33,11.3,11.57,11.62,11.51,6595,0
2025-12-01 21:00:00,0.92,0.71,1.28,19.43,2.43,3.17,3.21,3.36,5.98,6.41,5.7,5.97,6.41,5.66,6.07,6.52,5.74,8.11,8.54,7.73,11.07,11.3,10.83,11.38,11.41,11.37,11.27,11.29,11.26,11.5,11.51,11.5,6608,0
2025-12-01 20:00:00,0.92,0.59,1.26,19.44,2.48,3.17,3.22,3.35,6.8,7.01,6.52,6.76,7,6.41,6.89,7.12,6.58,8.97,9.37,8.64,11.59,11.86,11.38,11.45,11.48,11.42,11.16,11.26,11.13,11.43,11.49,11.38,6624,0
2025-12-01 19:00:00,0.86,0.51,1.19,19.41,2.54,3.18,3.18,3.34,7.74,8.54,7.11,7.76,8.54,7.12,7.91,8.71,7.24,10.13,10.8,9.47,12.16,12.45,11.89,11.38,11.43,11.34,11.01,11.14,10.91,11.36,11.38,11.3,6644,0
2025-12-01 18:00:00,0.8,0.54,1.26,19.59,2.57,3.2,3.2,3.33,10.19,12.2,8.67,10.27,12.23,8.76,10.35,12.32,8.89,11.97,13.15,10.97,12.67,12.82,12.45,11.19,11.28,11.07,10.83,10.9,10.78,11.28,11.31,11.26,6680,0
2025-12-01 17:00:00,0.95,0.72,1.53,19.95,2.57,3.3,3.2,3.31,15.29,18.2,12.6,15.31,18.12,12.68,15.43,18.35,12.8,14.61,15.99,13.31,12.93,12.95,12.91,10.87,11.01,10.68,10.66,10.77,10.57,11.26,11.26,11.26,6791,7055
2025-12-01 16:00:00,1.18,0.96,2.02,20.66,2.71,3.5,3.19,3.31,21.53,23.98,18.83,21.74,24.22,18.83,22.46,25.33,19,17.82,18.94,16.29,12.71,12.92,12.45,10.47,10.66,10.3,10.5,10.55,10.43,11.26,11.26,11.25,6838,10684
2025-12-01 15:00:00,1.37,1.1,2.31,21.29,2.85,3.74,3.19,3.33,23.48,23.91,22.86,23.86,24.18,23.41,24.97,25.33,24.52,18.65,18.94,18.43,11.98,12.36,11.55,10.08,10.28,9.93,10.41,10.43,10.36,11.23,11.26,11.16,6847,10754
2025-12-01 14:00:00,1.33,1.06,2.24,21.61,2.88,3.78,3.22,3.35,21.98,22.7,20.84,22.76,23.2,21.8,24.09,24.5,23.15,17.79,18.23,17.04,10.95,11.48,10.44,9.72,9.85,9.59,10.32,10.35,10.31,11.14,11.16,11.13,6847,10770
2025-12-01 13:00:00,1.18,1.05,2.15,21.78,3.01,3.82,3.24,3.34,19.74,20.84,19.2,20.81,21.81,20.28,22.12,23.2,21.56,15.98,16.93,15.21,9.88,10.32,9.39,9.48,9.59,9.39,10.31,10.32,10.31,11.05,11.13,11,6847,10770
2025-12-01 12:00:00,1.09,0.92,1.96,22.19,3.26,3.83,3.28,3.36,18.89,19.49,17.53,19.87,20.59,18.34,21.16,21.9,19.31,14,15.16,12.44,8.96,9.35,8.66,9.44,9.47,9.39,10.21,10.31,10.1,10.88,10.99,10.79,6847,10955
2025-12-01 11:00:00,0.9,0.72,1.75,22.37,3.43,3.84,3.3,3.37,16.83,17.65,15.87,17.42,18.15,16.57,18.37,19.29,17.41,11.4,12.17,10.57,8.25,8.59,7.95,9.52,9.58,9.47,10.16,10.18,10.12,10.8,10.84,10.79,6844,11042
2025-12-01 10:00:00,0.8,0.6,1.66,22.72,3.68,3.8,3.27,3.36,14.97,17.36,11.06,15.12,17.79,10.79,15.98,18.94,11.09,8.33,10.32,5.92,7.72,7.87,7.65,9.61,9.7,9.58,10.25,10.31,10.18,10.9,10.91,10.85,6842,11034
2025-12-01 09:00:00,0.96,0.87,2.06,23.32,3.66,3.78,3.24,3.35,4.98,9.63,2.59,4.74,9.25,2.47,4.69,9.25,2.51,4.28,5.34,3.68,7.74,7.84,7.68,9.77,9.83,9.7,10.36,10.43,10.31,10.96,11.02,10.91,6826,9714
2025-12-01 08:00:00,1.01,1.04,2.22,23.42,3.52,3.79,3.23,3.35,2,2.32,1.91,1.9,2.25,1.8,1.94,2.27,1.8,3.59,3.69,3.51,7.94,8.07,7.84,9.92,9.97,9.83,10.48,10.55,10.43,11.05,11.13,11.02,6550,6850
2025-12-01 07:00:00,1.04,1.11,2.18,23.31,3.41,3.75,3.23,3.36,2.21,2.62,1.92,2.11,2.49,1.84,2.14,2.47,1.92,3.9,4.12,3.72,8.21,8.31,8.07,10.07,10.14,10.01,10.57,10.66,10.55,11.14,11.16,11.13,6528,0
2025-12-01 06:00:00,1.12,1.09,2.12,23.26,3.26,3.73,3.21,3.33,2.98,3.28,2.63,2.86,3.18,2.5,2.85,3.17,2.51,4.35,4.52,4.16,8.45,8.55,8.32,10.22,10.3,10.18,10.67,10.72,10.66,11.23,11.26,11.18,6530,0
2025-12-01 05:00:00,1.13,1.12,2.01,23.09,2.93,3.48,3.19,3.34,3.33,3.37,3.24,3.2,3.23,3.13,3.18,3.22,3.11,4.71,4.87,4.59,8.7,8.83,8.56,10.36,10.42,10.3,10.78,10.79,10.74,11.28,11.32,11.26,6533,0
2025-12-01 04:00:00,1.12,1.07,1.87,22.55,2.76,3.39,3.21,3.35,3.46,3.69,3.27,3.36,3.57,3.22,3.38,3.57,3.22,5.1,5.34,4.92,8.98,9.13,8.89,10.48,10.54,10.42,10.88,10.92,10.8,11.39,11.47,11.34,6537,0
2025-12-01 03:00:00,1.06,0.98,1.66,22.41,2.86,3.38,3.21,3.36,3.87,4.05,3.69,3.78,3.94,3.57,3.81,4.04,3.57,5.66,5.94,5.35,9.24,9.37,9.14,10.55,10.61,10.54,11.06,11.13,10.96,11.52,11.58,11.47,6542,0
2025-12-01 02:00:00,0.9,0.76,1.48,22.41,2.97,3.36,3.23,3.37,4.47,4.87,4.16,4.42,4.81,4.14,4.46,4.87,4.16,6.38,6.77,6.05,9.58,9.74,9.37,10.66,10.66,10.65,11.14,11.14,11.13,11.57,11.59,11.55,6550,0
2025-12-01 01:00:00,0.76,0.57,1.25,22.29,3.05,3.35,3.22,3.35,5.58,6.42,5.08,5.52,6.4,4.98,5.55,6.42,5.01,7.42,8.06,6.88,9.95,10.08,9.81,10.7,10.75,10.66,11.14,11.14,11.13,11.58,11.6,11.55,6550,0
2025-12-01 00:00:00,0.79,0.5,1.29,22.38,3.11,3.34,3.21,3.37,8.06,8.89,6.7,8,8.89,6.65,8.03,8.89,6.66,8.84,9.24,8.18,10.15,10.2,10.08,10.77,10.77,10.77,11.14,11.14,11.13,11.52,11.56,11.5,6550,0
2025-11-30 23:00:00,0.76,0.51,1.37,22.52,3.13,3.42,3.21,3.37,8.99,9.13,8.91,8.93,9.01,8.89,8.99,9.08,8.92,9.29,9.35,9.25,10.25,10.32,10.2,10.77,10.77,10.77,11.1,11.14,11.06,11.5,11.5,11.5,6591,0
2025-11-30 22:00:00,0.78,0.5,1.37,22.65,3.17,3.52,3.2,3.36,9.07,9.13,9.01,9.01,9.05,9,9.06,9.13,9.01,9.43,9.47,9.35,10.36,10.44,10.32,10.77,10.77,10.77,11.03,11.08,11.02,11.5,11.5,11.5,6599,0
2025-11-30 21:00:00,0.76,0.51,1.33,22.73,3.15,3.62,3.19,3.35,9.35,9.49,9.13,9.29,9.43,9.1,9.33,9.47,9.13,9.6,9.7,9.47,10.49,10.56,10.44,10.77,10.77,10.77,11.01,11.02,10.97,11.49,11.5,11.47,6613,0
2025-11-30 20:00:00,0.77,0.51,1.36,22.81,3.18,3.65,3.21,3.35,9.67,9.88,9.49,9.6,9.84,9.47,9.64,9.84,9.47,9.82,9.96,9.71,10.64,10.71,10.56,10.77,10.78,10.77,10.92,10.97,10.9,11.42,11.46,11.38,6626,0
2025-11-30 19:00:00,0.79,0.49,1.37,22.98,3.21,3.67,3.21,3.34,10.16,10.4,9.95,10.1,10.31,9.85,10.11,10.31,9.91,10.17,10.43,9.96,10.81,10.91,10.74,10.74,10.77,10.67,10.87,10.9,10.8,11.38,11.39,11.38,6644,0
2025-11-30 18:00:00,0.78,0.52,1.41,23.15,3.32,3.68,3.19,3.34,10.43,10.9,10.2,10.39,10.85,10.2,10.41,10.83,10.18,10.63,10.89,10.43,11,11.12,10.91,10.64,10.67,10.56,10.78,10.79,10.77,11.38,11.38,11.36,6684,0
2025-11-30 17:00:00,0.89,0.63,1.62,23.55,3.51,3.69,3.2,3.32,12.52,14.96,11.14,12.42,14.69,11.06,12.32,14.45,11.02,11.54,12.46,10.91,11.15,11.15,11.15,10.48,10.54,10.42,10.69,10.77,10.66,11.35,11.37,11.34,6802,7071
2025-11-30 16:00:00,1.1,0.92,1.93,24.07,3.93,3.69,3.21,3.33,15.57,16.34,15.16,15.64,16.58,15.38,15.81,17.07,15.09,13.32,14.09,12.69,10.92,11.15,10.67,10.28,10.4,10.18,10.65,10.66,10.6,11.34,11.36,11.3,6844,10916
2025-11-30 15:00:00,1.11,0.97,2.04,24.75,4.14,3.69,3.23,3.35,15.21,17.76,12.8,15.35,17.93,12.81,15.84,18.59,13.15,13.16,14.33,12.08,10.41,10.66,10.2,10.11,10.18,10.06,10.57,10.6,10.55,11.3,11.33,11.28,6844,11255
2025-11-30 14:00:00,0.85,0.66,1.82,25.21,4.16,3.75,3.23,3.35,11.5,12.54,11.17,11.64,12.56,11.37,11.93,12.9,11.58,11.61,11.97,11.49,9.99,10.2,9.76,9.95,10.03,9.91,10.55,10.55,10.55,11.28,11.3,11.26,6826,10502
2025-11-30 13:00:00,0.9,0.7,1.88,25.82,4.22,3.73,3.23,3.36,10.94,11.13,10.55,11.12,11.38,10.67,11.46,11.75,10.8,11.17,11.54,10.55,9.52,9.72,9.35,9.84,9.89,9.83,10.55,10.55,10.55,11.26,11.28,11.26,6824,9206
2025-11-30 12:00:00,0.87,0.63,2,26.42,4.27,3.72,3.24,3.36,9.74,10.43,9.02,9.76,10.54,9.01,9.92,10.67,9.24,9.86,10.43,9.31,9.15,9.28,9.02,9.81,9.83,9.79,10.55,10.56,10.55,11.26,11.27,11.26,6826,9234
2025-11-30 11:00:00,0.89,0.66,2.12,26.8,4.29,3.73,3.26,3.36,8.7,8.92,8.42,8.69,8.91,8.42,8.84,9.13,8.54,8.89,9.22,8.54,8.94,9.02,8.89,9.8,9.83,9.79,10.59,10.66,10.55,11.26,11.26,11.26,6791,7102
2025-11-30 10:00:00,1.02,0.76,2.48,28.15,4.33,3.75,3.25,3.34,7.84,8.3,7.45,7.81,8.3,7.39,7.92,8.42,7.48,8.1,8.43,7.83,8.82,8.89,8.79,9.83,9.83,9.82,10.65,10.66,10.64,11.26,11.26,11.26,6662,6961
2025-11-30 09:00:00,1.09,0.86,2.59,23.91,4.23,3.76,3.23,3.34,7.35,7.39,7.31,7.32,7.36,7.24,7.43,7.47,7.36,7.79,7.83,7.71,8.78,8.79,8.78,9.85,9.89,9.83,10.66,10.66,10.66,11.26,11.26,11.26,6550,6811
2025-11-30 08:00:00,1.01,0.75,1.77,16.09,3.58,3.79,3.22,3.36,7.03,7.26,6.74,6.99,7.24,6.66,7.11,7.36,6.87,7.54,7.71,7.35,8.77,8.78,8.76,9.94,9.95,9.91,10.67,10.68,10.66,11.26,11.26,11.25,6550,2269
2025-11-30 07:00:00,0.89,0.65,1.34,14.78,3.37,3.77,3.23,3.35,6.37,6.66,6.04,6.33,6.65,5.97,6.44,6.79,6.05,7.1,7.3,6.88,8.77,8.78,8.75,9.99,10.05,9.95,10.7,10.75,10.68,11.26,11.26,11.26,6550,0
2025-11-30 06:00:00,0.78,0.69,1.3,14.74,3.39,3.77,3.21,3.35,5.67,5.95,5.38,5.63,5.94,5.35,5.7,6.05,5.4,6.76,6.88,6.64,8.85,8.89,8.78,10.06,10.08,10.06,10.75,10.78,10.73,11.26,11.26,11.26,6550,0
2025-11-30 05:00:00,0.78,0.67,1.25,14.72,3.4,3.78,3.2,3.35,5.92,6.12,5.63,5.88,6.06,5.58,5.97,6.17,5.65,6.95,7.07,6.81,8.95,9.02,8.89,10.13,10.18,10.08,10.77,10.78,10.77,11.26,11.26,11.26,6550,0
2025-11-30 04:00:00,0.7,0.63,1.25,14.7,3.43,3.77,3.2,3.34,5.62,6.06,5.31,5.55,5.98,5.23,5.6,6.05,5.23,6.94,7.24,6.76,9.14,9.25,9.02,10.18,10.2,10.18,10.78,10.78,10.77,11.26,11.27,11.26,6564,0
2025-11-30 03:00:00,0.78,0.53,1.24,14.73,3.46,3.78,3.2,3.35,6.58,7,6.07,6.52,7,6.06,6.59,7.01,6.09,7.64,7.89,7.31,9.25,9.26,9.25,10.24,10.29,10.2,10.78,10.78,10.77,11.26,11.27,11.26,6573,0
2025-11-30 02:00:00,0.78,0.55,1.28,14.71,3.49,3.78,3.21,3.34,7.22,7.35,7.01,7.16,7.24,7,7.25,7.36,7.07,7.98,8.05,7.92,9.3,9.35,9.26,10.3,10.3,10.29,10.78,10.78,10.78,11.26,11.26,11.26,6575,0
2025-11-30 01:00:00,0.79,0.57,1.29,14.7,3.5,3.79,3.2,3.34,7.03,7.24,6.77,6.98,7.22,6.7,7.08,7.24,6.88,7.85,7.96,7.71,9.37,9.39,9.35,10.36,10.42,10.3,10.78,10.78,10.78,11.25,11.26,11.24,6577,0
2025-11-30 00:00:00,0.82,0.52,1.25,14.66,3.47,3.78,3.2,3.37,6.66,6.72,6.63,6.59,6.65,6.53,6.7,6.82,6.65,7.68,7.71,7.62,9.49,9.58,9.42,10.43,10.45,10.42,10.78,10.78,10.77,11.17,11.23,11.14,6568,0
2025-11-29 23:00:00,0.83,0.54,1.24,14.66,3.48,3.76,3.22,3.37,6.54,6.77,5.98,6.48,6.71,5.94,6.62,6.88,6.05,7.58,7.72,7.25,9.67,9.81,9.6,10.52,10.54,10.46,10.74,10.77,10.69,11.14,11.14,11.14,6595,0
2025-11-29 22:00:00,0.71,0.62,1.24,14.61,3.48,3.78,3.23,3.37,5.6,5.94,5.35,5.55,5.86,5.3,5.63,5.95,5.35,7.26,7.54,7.09,9.99,10.2,9.85,10.57,10.64,10.54,10.67,10.69,10.66,11.13,11.14,11.11,6599,0
2025-11-29 21:00:00,0.72,0.54,1.23,14.58,3.52,3.76,3.23,3.36,5.91,6.04,5.82,5.88,5.94,5.81,5.98,6.05,5.87,7.77,8.06,7.59,10.4,10.61,10.2,10.66,10.66,10.65,10.64,10.66,10.59,11.04,11.08,11.02,6608,0
2025-11-29 20:00:00,0.76,0.51,1.19,14.54,3.53,3.76,3.24,3.36,6.61,7.48,6,6.57,7.41,5.96,6.66,7.47,6.05,8.64,9.25,8.14,10.86,11.1,10.67,10.66,10.66,10.66,10.51,10.55,10.43,10.98,11.02,10.93,6626,0
2025-11-29 19:00:00,0.77,0.49,1.26,14.58,3.59,3.78,3.24,3.35,8.02,8.31,7.61,8.01,8.35,7.59,8.08,8.43,7.62,9.83,10.31,9.35,11.36,11.61,11.15,10.59,10.66,10.54,10.37,10.43,10.31,10.91,10.91,10.9,6644,0
2025-11-29 18:00:00,0.74,0.53,1.33,14.64,3.67,3.78,3.29,3.37,9.56,11.38,8.42,9.61,11.39,8.42,9.71,11.49,8.54,11.28,12.34,10.43,11.83,11.99,11.62,10.4,10.54,10.3,10.17,10.29,10.07,10.83,10.9,10.79,6677,0
2025-11-29 17:00:00,0.91,0.72,1.64,14.91,3.77,3.81,3.28,3.37,13.98,15.99,11.76,14.06,16.14,11.85,14.24,16.45,11.94,13.88,15.16,12.59,12.11,12.17,12.05,10.08,10.26,9.95,9.99,10.07,9.89,10.79,10.79,10.79,6769,7012
2025-11-29 16:00:00,1.01,0.81,1.93,15.39,4.05,3.81,3.28,3.35,19.21,22.29,16.34,19.53,22.73,16.53,20.22,23.86,16.83,17.08,18.67,15.4,11.96,12.13,11.73,9.67,9.85,9.47,9.78,9.84,9.72,10.78,10.79,10.77,6822,9423
2025-11-29 15:00:00,1.21,0.97,2.27,16.31,4.11,3.88,3.3,3.34,23.45,24.03,22.61,23.94,24.5,22.97,25.4,26.05,24.18,19.13,19.45,18.83,11.22,11.62,10.78,9.26,9.47,9.1,9.59,9.71,9.49,10.7,10.77,10.67,6844,10873
2025-11-29 14:00:00,1.2,0.91,2.17,16.86,4.19,3.91,3.34,3.34,23.51,23.79,23.2,24.35,24.53,24.24,26.05,26.28,25.88,18.66,19.04,17.89,10.11,10.67,9.59,8.86,9.01,8.67,9.44,9.47,9.38,10.64,10.67,10.56,6847,10817
2025-11-29 13:00:00,1.17,0.97,2.23,17.23,4.3,3.94,3.36,3.35,21.22,22.44,20.25,22.47,23.62,21.55,24.12,25.29,23.38,16.39,17.61,15.4,8.98,9.49,8.55,8.55,8.64,8.5,9.39,9.43,9.35,10.49,10.55,10.32,6847,10656
2025-11-29 12:00:00,1.04,0.87,2.17,17.52,4.37,3.96,3.39,3.38,18.69,20.44,16.58,19.86,21.75,17.53,21.44,23.55,18.83,13.6,15.17,11.86,8.05,8.43,7.7,8.62,8.64,8.53,9.35,9.35,9.34,10.16,10.31,10.08,6847,10912
2025-11-29 11:00:00,0.88,0.76,1.96,17.65,4.43,3.99,3.39,3.37,16.57,17.53,15.86,17.32,18.24,16.7,18.56,19.62,17.87,10.64,11.59,9.47,7.28,7.6,6.96,8.65,8.7,8.64,9.33,9.35,9.3,10.08,10.08,10.08,6844,11089
2025-11-29 10:00:00,0.74,0.57,1.79,18.1,4.48,3.99,3.41,3.39,13.42,16.91,10.1,13.68,17.41,10.06,14.6,18.59,10.52,7.01,9.13,4.98,6.71,6.89,6.55,8.75,8.77,8.7,9.38,9.47,9.35,10.09,10.13,10.08,6842,11022
2025-11-29 09:00:00,0.82,0.83,2.31,18.73,4.51,3.99,3.4,3.37,3.6,8.81,0.62,3.4,8.57,0.49,3.45,8.89,0.46,2.8,4.46,1.68,6.56,6.65,6.53,8.85,8.89,8.77,9.51,9.6,9.47,10.18,10.21,10.14,6838,10758
2025-11-29 08:00:00,0.91,1.13,2.62,18.74,4.45,3.97,3.38,3.38,0.01,0.38,-0.14,-0.2,0.14,-0.32,-0.26,0.14,-0.43,1.52,1.61,1.44,6.7,6.77,6.65,8.99,9.05,8.91,9.66,9.72,9.6,10.3,10.37,10.26,6573,6862
2025-11-29 07:00:00,0.9,1.14,2.64,18.48,4.43,3.93,3.35,3.37,-0.15,0.03,-0.31,-0.3,-0.15,-0.43,-0.34,-0.19,-0.44,1.65,1.77,1.57,6.88,7,6.77,9.13,9.24,9.07,9.8,9.84,9.72,10.43,10.48,10.4,6537,0
2025-11-29 06:00:00,0.91,1.17,2.58,18.15,4.43,3.9,3.34,3.35,-0.12,0.14,-0.31,-0.24,0,-0.43,-0.28,-0.07,-0.43,1.9,2.03,1.8,7.07,7.13,7.01,9.3,9.35,9.22,9.94,9.97,9.87,10.54,10.61,10.48,6542,0
2025-11-29 05:00:00,0.96,1.18,2.4,16.92,4.42,3.87,3.32,3.35,0.53,0.68,0.23,0.35,0.5,0.04,0.29,0.5,0.02,2.22,2.31,2.05,7.28,7.36,7.14,9.45,9.53,9.38,10.08,10.18,10.01,10.68,10.77,10.64,6546,0
2025-11-29 04:00:00,0.99,1.18,2.34,16.07,4.25,3.83,3.33,3.36,0.38,0.62,0.14,0.25,0.48,0.03,0.24,0.39,0.06,2.42,2.54,2.33,7.51,7.6,7.37,9.61,9.71,9.55,10.21,10.3,10.18,10.8,10.84,10.79,6550,0
2025-11-29 03:00:00,0.99,1.19,2.34,15.84,3.86,3.84,3.29,3.33,0.57,0.77,0.42,0.48,0.68,0.37,0.51,0.73,0.38,2.73,2.88,2.59,7.75,7.84,7.61,9.77,9.83,9.71,10.31,10.33,10.3,10.9,10.91,10.86,6550,0
2025-11-29 02:00:00,1.01,1.22,2.35,15.58,3.28,3.85,3.27,3.31,0.91,1.11,0.83,0.82,1.04,0.74,0.84,1.08,0.73,3.08,3.27,2.97,7.93,7.95,7.84,9.92,9.95,9.83,10.43,10.55,10.36,11,11.14,10.91,6550,0
2025-11-29 01:00:00,1.01,1.21,2.1,15.35,3.23,3.82,3.26,3.37,1.28,1.36,1.2,1.17,1.33,1.09,1.19,1.32,1.09,3.47,3.69,3.32,8.04,8.18,7.95,10.02,10.06,9.95,10.64,10.66,10.55,11.15,11.19,11.14,6568,0
2025-11-29 00:00:00,1.04,1.13,1.89,15.1,3.3,3.81,3.24,3.35,1.61,1.92,1.36,1.54,1.8,1.33,1.56,1.8,1.32,3.95,4.19,3.71,8.41,8.58,8.22,10.16,10.24,10.07,10.66,10.67,10.66,11.21,11.25,11.18,6550,0
2025-11-28 23:00:00,1.01,1.05,1.73,14.91,3.34,3.77,3.24,3.33,2.19,2.39,1.98,2.09,2.27,1.92,2.11,2.29,1.91,4.52,4.77,4.28,8.84,9.03,8.66,10.29,10.32,10.25,10.66,10.66,10.66,11.22,11.25,11.2,6588,0
2025-11-28 22:00:00,0.92,0.93,1.63,14.75,3.37,3.78,3.24,3.36,2.72,3.04,2.39,2.62,2.96,2.34,2.66,2.98,2.35,5.15,5.46,4.87,9.31,9.49,9.12,10.4,10.42,10.32,10.66,10.66,10.66,11.2,11.23,11.16,6595,0
2025-11-28 21:00:00,0.85,0.84,1.5,14.64,3.39,3.76,3.25,3.37,3.45,3.81,3.09,3.35,3.72,2.98,3.43,3.81,3.05,5.92,6.3,5.55,9.8,10.08,9.6,10.48,10.54,10.42,10.65,10.66,10.61,11.14,11.16,11.14,6608,0
2025-11-28 20:00:00,0.76,0.7,1.3,14.61,3.42,3.74,3.25,3.36,4.29,4.76,3.91,4.2,4.67,3.81,4.28,4.75,3.82,6.9,7.47,6.41,10.37,10.67,10.08,10.54,10.54,10.54,10.55,10.59,10.51,11.13,11.14,11.08,6624,0
2025-11-28 19:00:00,0.69,0.58,1.19,14.59,3.48,3.75,3.28,3.33,5.51,6.29,4.87,5.47,6.29,4.81,5.55,6.34,4.88,8.28,9.08,7.59,10.99,11.27,10.67,10.51,10.54,10.42,10.4,10.47,10.31,11.04,11.1,11.02,6640,0
2025-11-28 18:00:00,0.75,0.51,1.28,14.67,3.54,3.77,3.29,3.3,8.03,10.08,6.43,8.11,10.1,6.49,8.14,10.1,6.54,10.36,11.61,9.25,11.6,11.86,11.38,10.32,10.42,10.18,10.24,10.31,10.18,11.02,11.02,11.02,6671,0
2025-11-28 17:00:00,0.88,0.66,1.63,14.94,3.66,3.8,3.3,3.29,14.38,19.66,10.55,14.22,19.18,10.65,14.13,19.09,10.64,13.61,15.87,11.86,11.95,11.99,11.86,10,10.18,9.83,10.04,10.14,9.95,10.98,11.02,10.94,6742,6984
2025-11-28 16:00:00,1.22,1.12,2.22,15.85,3.95,3.81,3.31,3.29,22.72,24.97,20.6,22.86,25.33,20.25,23.57,26.51,20.36,18.05,19.42,16.34,11.72,11.97,11.38,9.62,9.82,9.47,9.83,9.95,9.72,10.92,10.95,10.91,6844,10609
2025-11-28 15:00:00,1.39,1.19,2.4,16.78,4,3.88,3.31,3.34,24.2,24.98,23.63,24.66,25.33,24.15,26.03,26.75,25.54,18.93,19.42,18.35,10.87,11.32,10.42,9.23,9.39,9.05,9.65,9.72,9.58,10.86,10.91,10.79,6847,10743
2025-11-28 14:00:00,1.32,1.05,2.34,17.16,4.11,3.93,3.35,3.34,22.54,23.44,21.35,23.37,24.03,22.49,24.87,25.49,24.04,17.61,18.24,16.93,9.81,10.32,9.34,8.84,9.01,8.64,9.48,9.53,9.47,10.78,10.79,10.76,6847,10739
2025-11-28 13:00:00,1.18,1.04,2.32,17.5,4.22,3.94,3.35,3.34,19.95,21.14,19.27,21.18,22.26,20.48,22.68,23.91,21.92,15.49,16.79,14.34,8.77,9.25,8.38,8.56,8.64,8.53,9.47,9.49,9.47,10.6,10.74,10.35,6844,10786
2025-11-28 12:00:00,1.03,0.87,2.23,17.73,4.31,3.98,3.36,3.33,17.73,18.95,16.2,18.87,20.18,17.17,20.25,21.61,18.35,12.77,14.09,11.25,7.92,8.31,7.6,8.68,8.72,8.64,9.46,9.47,9.43,10.25,10.31,10.2,6844,10963
2025-11-28 11:00:00,0.87,0.78,2.02,17.84,4.4,3.98,3.38,3.35,15.25,15.99,14.61,15.97,16.7,15.4,17.15,18.04,16.54,9.98,10.9,8.8,7.15,7.5,6.82,8.72,8.76,8.68,9.47,9.47,9.47,10.25,10.29,10.22,6844,11089
2025-11-28 10:00:00,0.72,0.59,1.79,18.24,4.44,3.98,3.4,3.35,12.11,14.77,8.89,12.36,15.26,8.78,13.36,16.45,9.25,6.51,8.49,4.28,6.6,6.77,6.53,8.8,8.88,8.76,9.51,9.6,9.47,10.31,10.31,10.31,6842,11089
2025-11-28 09:00:00,0.85,0.97,2.39,18.89,4.46,3.99,3.38,3.35,3.01,7.7,0.38,2.79,7.48,0.18,2.74,7.7,0.14,2.31,3.8,1.53,6.52,6.53,6.49,8.92,9,8.88,9.67,9.72,9.6,10.4,10.47,10.31,6826,10124
2025-11-28 08:00:00,0.96,1.22,2.5,17.85,4.4,3.94,3.36,3.34,-0.44,0.23,-0.88,-0.59,0.03,-1.01,-0.63,-0.06,-1.02,1.29,1.44,1.21,6.62,6.7,6.53,9.05,9.12,9,9.8,9.84,9.72,10.53,10.56,10.5,6577,6866
2025-11-28 07:00:00,0.93,1.24,2.52,16.85,4.22,3.92,3.34,3.33,-0.82,-0.62,-0.9,-0.91,-0.75,-1.01,-0.89,-0.67,-1.02,1.42,1.57,1.32,6.82,6.89,6.77,9.19,9.24,9.12,9.94,9.97,9.88,10.64,10.68,10.56,6542,0
2025-11-28 06:00:00,0.96,1.22,2.44,16.61,3.91,3.87,3.34,3.35,-0.32,-0.19,-0.55,-0.44,-0.31,-0.66,-0.44,-0.3,-0.62,1.73,1.86,1.56,7.01,7.13,6.89,9.35,9.42,9.29,10.09,10.16,10.03,10.76,10.79,10.68,6548,0
2025-11-28 05:00:00,0.99,1.19,2.43,16.4,3.45,3.85,3.35,3.32,0.01,0.14,-0.09,-0.1,0,-0.21,-0.12,-0.04,-0.2,2,2.15,1.91,7.23,7.36,7.13,9.5,9.59,9.43,10.2,10.29,10.18,10.88,10.91,10.81,6550,0
2025-11-28 04:00:00,0.97,1.17,2.39,16.16,2.97,3.82,3.32,3.27,0.31,0.72,0.06,0.18,0.58,-0.05,0.16,0.54,-0.07,2.32,2.51,2.15,7.44,7.49,7.36,9.64,9.71,9.59,10.33,10.42,10.3,10.98,11.02,10.91,6550,0
2025-11-28 03:00:00,0.99,1.18,2.16,15.94,2.84,3.84,3.29,3.31,0.84,1.04,0.74,0.69,0.9,0.62,0.68,0.85,0.58,2.67,2.85,2.53,7.59,7.68,7.5,9.79,9.83,9.72,10.45,10.55,10.43,11.1,11.16,11.02,6568,0
2025-11-28 02:00:00,0.97,1.14,1.87,15.73,2.85,3.83,3.28,3.32,1.32,1.6,1.09,1.19,1.47,0.96,1.16,1.45,0.92,3.03,3.22,2.86,7.71,7.72,7.7,9.89,9.95,9.83,10.68,10.8,10.55,11.34,11.5,11.19,6573,0
2025-11-28 01:00:00,0.91,1.09,1.84,15.56,2.89,3.82,3.29,3.35,1.46,1.56,1.34,1.35,1.44,1.22,1.35,1.46,1.22,3.34,3.51,3.22,7.86,7.97,7.72,10.04,10.17,9.95,10.85,10.9,10.78,11.5,11.5,11.49,6577,0
2025-11-28 00:00:00,0.91,1.01,1.71,15.39,2.93,3.79,3.3,3.35,2.17,2.74,1.57,2.06,2.62,1.5,2.07,2.63,1.53,3.85,4.06,3.57,8.15,8.31,8.01,10.22,10.3,10.18,10.91,10.94,10.9,11.5,11.5,11.5,6564,0
2025-11-27 23:00:00,0.89,0.97,1.65,15.23,2.99,3.77,3.26,3.35,1.99,2.51,1.78,1.89,2.39,1.68,1.95,2.39,1.7,4.07,4.26,3.92,8.51,8.68,8.32,10.37,10.42,10.3,10.99,11.02,10.92,11.5,11.5,11.5,6591,0
2025-11-27 22:00:00,0.8,0.88,1.55,15.08,3.08,3.76,3.25,3.34,2.22,2.49,1.92,2.14,2.39,1.85,2.21,2.44,1.92,4.55,4.85,4.28,8.92,9.14,8.72,10.49,10.54,10.42,11.01,11.02,11,11.5,11.5,11.5,6599,0
2025-11-27 21:00:00,0.72,0.79,1.44,14.94,3.18,3.75,3.27,3.34,2.67,2.86,2.4,2.58,2.8,2.34,2.65,2.86,2.39,5.2,5.58,4.87,9.42,9.68,9.18,10.54,10.54,10.54,10.94,11,10.9,11.5,11.5,11.5,6608,0
2025-11-27 20:00:00,0.67,0.68,1.37,14.83,3.15,3.75,3.26,3.35,3.27,3.71,2.94,3.22,3.69,2.86,3.31,3.79,2.98,6.07,6.55,5.63,9.96,10.21,9.72,10.54,10.55,10.54,10.86,10.9,10.78,11.51,11.53,11.5,6626,0
2025-11-27 19:00:00,0.67,0.59,1.23,14.83,3.14,3.74,3.22,3.33,4.53,5.35,3.8,4.47,5.35,3.73,4.54,5.35,3.81,7.33,8.06,6.64,10.53,10.79,10.3,10.54,10.54,10.54,10.74,10.78,10.67,11.5,11.51,11.5,6644,0
2025-11-27 18:00:00,0.72,0.51,1.25,14.93,3.13,3.74,3.23,3.3,7.13,9.37,5.49,7.16,9.38,5.52,7.17,9.28,5.57,9.29,10.51,8.2,11.09,11.27,10.82,10.43,10.53,10.3,10.61,10.66,10.55,11.5,11.5,11.5,6675,0
2025-11-27 17:00:00,0.88,0.66,1.61,15.28,3.27,3.77,3.23,3.29,14.04,18.84,9.96,13.83,18.34,9.96,13.49,17.78,9.82,12.38,14.33,10.75,11.44,11.5,11.37,10.18,10.3,10.06,10.48,10.55,10.43,11.5,11.5,11.5,6737,6984
2025-11-27 16:00:00,1.24,1.08,2.3,16.23,3.39,3.79,3.24,3.28,20.48,22.28,19.12,20.68,22.73,18.83,21.04,23.56,18.59,16.08,17.18,14.69,11.26,11.45,11.02,9.86,10.03,9.71,10.4,10.43,10.35,11.47,11.5,11.44,6844,10861
2025-11-27 15:00:00,1.38,1.15,2.49,17.04,3.47,3.82,3.26,3.28,22.02,22.49,21.55,22.58,22.95,22.25,23.59,23.87,23.32,17.01,17.29,16.58,10.56,10.91,10.18,9.51,9.68,9.35,10.33,10.36,10.32,11.38,11.41,11.37,6847,10904
2025-11-27 14:00:00,1.24,1.11,2.41,17.47,3.56,3.84,3.26,3.29,20.51,21.43,19.68,21.38,22.14,20.76,22.62,23.22,22.14,16.04,16.53,15.48,9.65,10.08,9.25,9.17,9.35,9.01,10.4,10.43,10.36,11.3,11.37,11.26,6847,10959
2025-11-27 13:00:00,1.16,0.97,2.3,17.85,3.67,3.87,3.27,3.31,18.21,19.54,17.04,19.32,20.59,18.04,20.59,21.92,19.29,14.22,15.39,13.17,8.7,9.14,8.31,8.87,9,8.74,10.44,10.46,10.43,11.26,11.27,11.26,6844,10971
2025-11-27 12:00:00,0.98,0.84,2.11,18.17,3.79,3.91,3.27,3.31,16.82,17.41,15.76,17.86,18.45,16.7,19.09,19.77,17.78,12.11,13.08,10.78,7.82,8.18,7.48,8.65,8.71,8.64,10.46,10.52,10.43,11.26,11.27,11.25,6844,11160
2025-11-27 11:00:00,0.85,0.76,1.89,18.41,3.93,3.92,3.29,3.3,15.23,16.11,14.57,15.97,16.82,15.4,16.97,17.89,16.28,9.6,10.42,8.66,7.13,7.47,6.89,8.81,9,8.64,10.32,10.43,10.18,11.11,11.24,11.02,6844,11184
2025-11-27 10:00:00,0.71,0.57,1.72,18.9,4.03,3.93,3.31,3.26,12.76,14.84,9.49,13.07,15.4,9.37,13.9,16.45,9.85,6.43,8.33,4.3,6.71,6.85,6.56,9.18,9.24,9.1,10.12,10.18,10.07,11,11.05,10.93,6844,11089
2025-11-27 09:00:00,0.74,0.77,2.1,19.57,4.1,3.89,3.26,3.29,3.27,8.35,0.85,3.03,8.07,0.74,3.09,8.32,0.81,2.4,3.81,1.61,6.58,6.65,6.53,9.33,9.39,9.24,10.27,10.32,10.2,11.14,11.22,11.08,6838,10254
2025-11-27 08:00:00,0.86,1.13,2.53,19.91,4.07,3.87,3.25,3.29,-0.46,0.7,-1.23,-0.61,0.51,-1.37,-0.61,0.62,-1.38,1.13,1.54,0.96,6.7,6.77,6.65,9.46,9.47,9.43,10.49,10.58,10.38,11.34,11.47,11.25,6591,6882
2025-11-27 07:00:00,0.86,1.18,2.57,19.71,4.03,3.83,3.22,3.3,-1.03,-0.92,-1.13,-1.16,-1.02,-1.26,-1.18,-1.04,-1.26,1.16,1.28,1.04,6.91,7.01,6.78,9.51,9.59,9.47,10.77,10.9,10.65,11.58,11.64,11.5,6550,0
2025-11-27 06:00:00,0.88,1.15,2.54,19.49,4.01,3.79,3.2,3.3,-0.54,0.14,-1.13,-0.65,0.03,-1.23,-0.66,0.02,-1.23,1.57,1.8,1.32,7.13,7.24,7.01,9.69,9.83,9.59,10.99,11.05,10.9,11.71,11.73,11.64,6550,0
2025-11-27 05:00:00,0.93,1.15,2.48,19.11,3.97,3.83,3.22,3.31,0.23,0.4,-0.01,0.1,0.27,-0.15,0.09,0.27,-0.19,1.93,2.03,1.8,7.37,7.48,7.24,9.97,10.06,9.83,11.1,11.14,11.03,11.78,11.85,11.73,6550,0
2025-11-27 04:00:00,0.94,1.24,2.45,18.12,3.91,3.81,3.22,3.33,-0.2,0.17,-0.39,-0.33,0.06,-0.5,-0.33,0.04,-0.51,1.96,2.04,1.91,7.59,7.72,7.48,10.18,10.29,10.06,11.26,11.37,11.14,11.93,11.98,11.85,6564,0
2025-11-27 03:00:00,0.99,1.23,2.41,17.13,3.77,3.79,3.18,3.31,-0.13,0.03,-0.31,-0.23,-0.07,-0.41,-0.22,0,-0.42,2.28,2.49,2.14,7.86,7.95,7.72,10.35,10.45,10.27,11.45,11.49,11.37,12.08,12.09,12,6573,0
2025-11-27 02:00:00,1.03,1.24,2.37,16.85,3.47,3.77,3.19,3.31,0.42,0.65,0.14,0.3,0.5,0.03,0.29,0.5,0.02,2.69,2.86,2.51,8.1,8.24,7.95,10.63,10.77,10.49,11.56,11.61,11.5,12.12,12.15,12.09,6577,0
2025-11-27 01:00:00,1,1.2,2.32,16.58,2.94,3.74,3.18,3.27,0.64,0.74,0.58,0.53,0.62,0.48,0.54,0.66,0.5,3.07,3.27,2.88,8.43,8.59,8.31,10.88,11.01,10.77,11.63,11.68,11.61,12.18,12.21,12.14,6577,0
2025-11-27 00:00:00,0.96,1.15,2.27,16.3,2.76,3.73,3.17,3.27,0.93,1.33,0.62,0.84,1.22,0.56,0.88,1.3,0.58,3.6,3.92,3.33,8.82,9.02,8.66,11.07,11.14,11.01,11.72,11.73,11.71,12.22,12.25,12.21,6568,0
2025-11-26 23:00:00,0.9,1.03,2.1,16.02,2.72,3.73,3.16,3.25,1.79,2.05,1.33,1.7,1.97,1.3,1.74,2.03,1.32,4.24,4.52,3.93,9.28,9.49,9.02,11.24,11.31,11.17,11.73,11.74,11.73,12.28,12.32,12.24,6595,0
2025-11-26 22:00:00,0.87,0.98,1.73,15.62,2.73,3.71,3.16,3.22,2.18,2.39,2.04,2.12,2.31,2.04,2.19,2.4,2.06,4.84,5.17,4.6,9.79,10.05,9.57,11.39,11.46,11.36,11.73,11.74,11.73,12.32,12.32,12.32,6604,0
2025-11-26 21:00:00,0.75,0.79,1.45,15.41,2.76,3.69,3.14,3.23,2.75,3.22,2.41,2.68,3.14,2.38,2.76,3.22,2.4,5.6,6.05,5.23,10.32,10.56,10.08,11.48,11.48,11.46,11.77,11.8,11.73,12.32,12.32,12.32,6613,0
2025-11-26 20:00:00,0.7,0.7,1.33,15.34,2.78,3.71,3.16,3.22,3.63,4.05,3.32,3.57,4.05,3.22,3.68,4.16,3.33,6.6,7.12,6.11,10.91,11.21,10.65,11.54,11.59,11.49,11.74,11.77,11.72,12.32,12.32,12.31,6631,0
2025-11-26 19:00:00,0.64,0.58,1.18,15.26,2.86,3.71,3.15,3.21,4.87,5.83,4.16,4.86,5.82,4.16,4.95,5.86,4.27,7.95,8.74,7.24,11.54,11.85,11.27,11.59,11.6,11.56,11.66,11.73,11.61,12.29,12.32,12.26,6648,0
2025-11-26 18:00:00,0.73,0.47,1.2,15.27,2.98,3.69,3.13,3.24,7.99,10.67,6.06,8.01,10.65,6.07,7.97,10.44,6.14,10,11.26,8.89,12.15,12.43,11.86,11.48,11.54,11.37,11.55,11.61,11.49,12.24,12.27,12.21,6677,0
2025-11-26 17:00:00,0.89,0.69,1.49,15.49,3.17,3.68,3.1,3.23,14.47,19.62,11.14,14.37,19.32,11.11,14.17,19.06,10.9,13.12,15.4,11.49,12.6,12.68,12.45,11.25,11.37,11.12,11.41,11.49,11.37,12.21,12.22,12.21,6737,6980
2025-11-26 16:00:00,1.27,1.12,2.16,16.13,3.55,3.66,3.09,3.22,21.48,23.68,20.01,21.67,24.15,19.89,22.26,25.12,19.77,17.21,18.45,15.75,12.47,12.67,12.21,10.91,11.05,10.77,11.31,11.37,11.26,12.21,12.21,12.21,6844,10837
2025-11-26 15:00:00,1.41,1.17,2.42,16.84,3.74,3.69,3.09,3.21,23.16,23.86,22.26,23.65,24.27,22.85,24.87,25.45,24.15,18.27,18.58,17.87,11.78,12.18,11.38,10.58,10.76,10.42,11.26,11.26,11.26,12.21,12.21,12.2,6847,10817
2025-11-26 14:00:00,1.26,1.07,2.29,16.99,3.79,3.7,3.09,3.22,21.53,22.69,20.45,22.39,23.33,21.55,23.81,24.75,22.97,17.24,17.93,16.49,10.87,11.31,10.44,10.26,10.42,10.12,11.26,11.27,11.26,12.14,12.19,12.09,6847,10751
2025-11-26 13:00:00,1.14,1,2.08,17.13,3.87,3.72,3.1,3.24,19.11,20.12,18.36,20.26,21.31,19.54,21.62,22.73,20.84,15.34,16.35,14.38,9.93,10.33,9.5,9.96,10.07,9.83,11.31,11.37,11.26,12.09,12.13,12.09,6847,10845
2025-11-26 12:00:00,1,0.83,1.89,17.39,3.94,3.7,3.1,3.24,17.77,18.24,17.41,18.88,19.42,18.36,20.1,20.71,19.54,13.35,14.21,12.41,9.07,9.47,8.72,9.7,9.78,9.67,11.38,11.4,11.37,12.16,12.21,12.12,6847,11054
2025-11-26 11:00:00,0.85,0.7,1.72,17.51,3.83,3.7,3.12,3.26,17.06,18.23,16.23,17.76,18.84,17.04,18.99,20.25,18.15,11.36,12.08,10.42,8.34,8.66,8.05,9.73,9.91,9.64,11.4,11.43,11.37,12.09,12.13,12.08,6844,11089
2025-11-26 10:00:00,0.75,0.56,1.66,17.61,3.69,3.7,3.09,3.23,14.46,17.2,11.02,14.61,17.76,10.8,15.77,19.06,11.45,8.13,10.07,5.81,7.83,7.96,7.75,10.09,10.25,9.95,11.31,11.36,11.26,12.05,12.07,12.03,6842,10963
2025-11-26 09:00:00,0.97,0.97,2.15,17.78,3.24,3.66,3.07,3.22,4.46,9.72,1.28,4.11,9.35,1.09,4.18,9.84,1.15,3.7,5.23,2.84,7.89,7.96,7.81,10.42,10.54,10.3,11.3,11.37,11.26,12.03,12.09,11.97,6838,9793
2025-11-26 08:00:00,1.05,1.26,2.49,17.6,2.82,3.65,3.06,3.2,0.97,1.37,0.75,0.85,1.22,0.67,0.84,1.21,0.66,2.79,2.97,2.73,8.1,8.18,8,10.62,10.69,10.54,11.42,11.49,11.37,12.16,12.21,12.09,6604,6894
2025-11-26 07:00:00,1.1,1.26,2.3,17.44,2.57,3.6,3.07,3.18,1.38,1.56,1.13,1.24,1.44,0.97,1.21,1.44,0.91,3.01,3.1,2.98,8.33,8.43,8.22,10.81,10.89,10.75,11.58,11.62,11.49,12.27,12.32,12.21,6568,0
2025-11-26 06:00:00,1.13,1.24,1.93,17.19,2.35,3.56,3.04,3.18,1.53,1.68,1.33,1.39,1.56,1.19,1.36,1.56,1.1,3.25,3.33,3.1,8.57,8.75,8.43,10.98,11.07,10.89,11.75,11.85,11.67,12.39,12.44,12.32,6573,0
2025-11-26 05:00:00,1.05,1.19,1.89,16.92,2.32,3.54,3.06,3.17,1.05,1.44,0.85,0.96,1.33,0.76,0.98,1.32,0.76,3.39,3.67,3.22,8.87,9.01,8.78,11.2,11.29,11.13,11.9,11.96,11.85,12.48,12.56,12.44,6573,0
2025-11-26 04:00:00,0.98,1.07,1.75,16.85,2.33,3.53,3.05,3.17,1.99,2.34,1.56,1.88,2.23,1.44,1.89,2.27,1.44,3.9,4.05,3.69,9.13,9.25,9.02,11.4,11.48,11.3,12.03,12.08,11.96,12.57,12.62,12.55,6577,0
2025-11-26 03:00:00,0.86,0.95,1.57,16.77,2.33,3.52,3.04,3.17,2.1,2.4,1.94,1.99,2.29,1.82,2.02,2.39,1.83,4.21,4.41,4.04,9.34,9.37,9.25,11.57,11.67,11.48,12.2,12.32,12.08,12.71,12.8,12.63,6588,0
2025-11-26 02:00:00,0.75,0.81,1.48,16.69,2.36,3.51,3.02,3.14,2.57,2.75,2.39,2.46,2.63,2.27,2.51,2.63,2.34,4.66,4.87,4.44,9.51,9.68,9.37,11.75,11.84,11.65,12.45,12.53,12.4,12.92,12.92,12.86,6591,0
2025-11-26 01:00:00,0.67,0.66,1.34,16.55,2.36,3.52,3,3.14,2.99,3.57,2.74,2.89,3.45,2.63,2.89,3.45,2.63,5.18,5.55,4.89,9.87,10.08,9.72,11.95,12.05,11.85,12.56,12.56,12.54,12.95,13.02,12.92,6595,0
2025-11-26 00:00:00,0.63,0.57,1.18,16.48,2.42,3.51,3,3.16,4.69,5.71,3.74,4.49,5.47,3.61,4.36,5.34,3.57,6,6.41,5.59,10.25,10.44,10.08,12.14,12.19,12.07,12.57,12.62,12.56,13.03,13.03,13.02,6599,0
2025-11-25 23:00:00,0.64,0.56,1.13,16.51,2.43,3.46,2.97,3.16,5.65,5.9,5.23,5.43,5.63,5.02,5.27,5.46,4.89,6.55,6.64,6.41,10.65,10.87,10.44,12.3,12.42,12.19,12.67,12.67,12.65,13.03,13.03,13.03,6613,0
2025-11-25 22:00:00,0.7,0.53,1.11,16.5,2.49,3.45,2.98,3.15,6.29,7.46,5.3,6.04,7.12,5.12,5.81,6.88,4.94,7.14,7.59,6.7,11.11,11.35,10.91,12.48,12.55,12.43,12.68,12.7,12.67,13.03,13.03,13.02,6624,0
2025-11-25 21:00:00,0.74,0.49,1.15,16.49,2.6,3.43,2.98,3.14,7.03,7.9,5.97,6.76,7.59,5.82,6.57,7.36,5.7,7.71,7.78,7.63,11.59,11.86,11.38,12.62,12.67,12.55,12.7,12.73,12.68,13,13.03,12.96,6626,0
2025-11-25 20:00:00,0.75,0.48,1.16,16.49,2.73,3.39,2.96,3.14,7.22,8.41,6.08,7.01,8.13,5.94,6.85,7.87,5.82,8.39,8.91,7.83,12.11,12.35,11.86,12.74,12.78,12.67,12.73,12.76,12.69,12.93,12.97,12.92,6640,0
2025-11-25 19:00:00,0.73,0.48,1.15,16.54,2.79,3.38,2.96,3.14,8.5,8.89,8.18,8.29,8.55,8.02,8.06,8.34,7.83,9.43,9.96,9.01,12.71,13.01,12.45,12.84,12.89,12.78,12.67,12.7,12.67,12.91,12.92,12.89,6653,0
2025-11-25 18:00:00,0.77,0.54,1.27,16.76,2.83,3.37,2.95,3.17,10.75,12.76,9.02,10.62,12.59,8.89,10.42,12.44,8.68,11.04,12.08,10.1,13.33,13.63,13.04,12.82,12.89,12.78,12.58,12.66,12.56,12.83,12.88,12.8,6675,0
2025-11-25 17:00:00,0.87,0.71,1.57,17.17,2.88,3.39,2.96,3.17,15.66,20.25,13.04,15.62,20.2,12.93,15.5,20.25,12.8,13.74,15.94,12.23,13.8,13.87,13.63,12.7,12.78,12.59,12.47,12.56,12.44,12.8,12.8,12.8,6720,6957
2025-11-25 16:00:00,1.12,1,1.96,17.86,2.98,3.42,2.99,3.16,19.25,21.32,16.37,19.11,21.08,16.45,19.4,21.42,16.7,16.13,16.58,15.6,13.85,13.87,13.77,12.47,12.55,12.33,12.35,12.43,12.32,12.8,12.8,12.8,6847,10904
2025-11-25 15:00:00,0.96,0.74,1.79,18.12,2.98,3.45,2.99,3.15,18.42,19.54,16.7,18.53,19.69,16.82,18.91,20.25,17.04,16.75,17.29,15.87,13.61,13.75,13.39,12.2,12.31,12.07,12.26,12.32,12.2,12.77,12.8,12.75,6806,7110
2025-11-25 14:00:00,1,0.89,1.98,18.56,3.02,3.45,3,3.16,20.83,22.69,19.6,21.34,23.53,19.83,22.11,24.51,20.36,17.7,18.15,17.29,13.02,13.39,12.68,11.95,12.07,11.84,12.2,12.21,12.2,12.72,12.77,12.69,6838,8887
2025-11-25 13:00:00,1.1,0.89,2.18,19.41,3.06,3.43,3.01,3.17,21.77,22.61,20.96,22.96,23.91,21.9,24.12,25.2,22.92,17.15,17.87,16.23,12.16,12.57,11.81,11.77,11.84,11.72,12.2,12.2,12.19,12.68,12.69,12.68,6838,8875
2025-11-25 12:00:00,0.93,0.84,1.99,19.8,3.04,3.43,3.01,3.16,20.19,21.32,19.29,21.44,22.73,20.44,22.41,23.84,21.19,14.98,16.11,13.86,11.48,11.74,11.27,11.7,11.72,11.67,12.2,12.2,12.19,12.68,12.68,12.66,6844,10892
2025-11-25 11:00:00,0.83,0.71,1.72,20.14,3.03,3.43,3.02,3.17,18.9,19.77,17.81,19.91,20.84,18.95,20.39,21.31,19.43,13.12,13.54,12.66,11.06,11.26,10.91,11.7,11.72,11.68,12.19,12.2,12.19,12.63,12.68,12.59,6844,10963
2025-11-25 10:00:00,0.73,0.54,1.72,20.69,3.03,3.46,3.03,3.18,17.8,19.18,16.11,18.39,20.01,16.34,18.64,20.45,16.34,11.58,12.45,10.67,10.89,10.91,10.86,11.72,11.74,11.71,12.19,12.2,12.18,12.6,12.61,12.58,6844,10877
2025-11-25 09:00:00,0.73,0.49,1.82,20.79,3,3.45,3.01,3.18,11.33,14.78,9.6,11.18,14.91,9.49,11.2,14.81,9.47,9.81,10.31,9.35,10.93,11.03,10.9,11.81,11.84,11.74,12.15,12.19,12.13,12.6,12.63,12.58,6838,10144
2025-11-25 08:00:00,0.9,0.63,1.99,20.91,2.95,3.47,3,3.17,8.57,9.49,8.08,8.38,9.37,7.95,8.28,9.37,7.83,8.93,9.25,8.74,11.22,11.38,11.03,11.84,11.87,11.84,12.14,12.18,12.13,12.57,12.6,12.56,6550,6842
2025-11-25 07:00:00,0.84,0.6,2.02,20.9,2.92,3.47,2.99,3.16,8.89,9.49,8.41,8.72,9.39,8.18,8.62,9.29,8.07,9.67,10.31,9.13,11.58,11.73,11.41,11.87,11.9,11.85,12.09,12.12,12.08,12.56,12.56,12.56,6510,0
2025-11-25 06:00:00,0.94,0.7,2.18,21.11,2.91,3.45,2.98,3.15,11.21,12.04,9.84,11.1,11.95,9.71,11.03,11.85,9.6,11.21,11.72,10.44,11.79,11.86,11.74,11.85,11.88,11.84,12.08,12.1,12.08,12.56,12.56,12.53,6524,0
2025-11-25 05:00:00,1.03,0.9,2.24,21.12,2.9,3.44,2.98,3.15,12.27,12.32,12.09,12.17,12.23,11.97,12.13,12.2,11.97,11.88,11.97,11.73,11.86,11.86,11.86,11.84,11.85,11.84,12.05,12.08,12.02,12.49,12.55,12.46,6533,0
2025-11-25 04:00:00,0.98,0.82,2.24,20.91,2.82,3.43,3,3.16,12.57,12.8,12.41,12.48,12.68,12.32,12.46,12.7,12.29,12.22,12.43,12.08,11.86,11.86,11.86,11.8,11.84,11.74,11.97,11.99,11.96,12.44,12.46,12.44,6542,0
2025-11-25 03:00:00,0.98,0.78,2.29,21.05,2.77,3.44,2.98,3.14,12.71,12.84,12.57,12.63,12.8,12.55,12.65,12.8,12.54,12.35,12.44,12.31,11.86,11.86,11.85,11.72,11.73,11.72,11.93,11.96,11.88,12.44,12.44,12.44,6550,0
2025-11-25 02:00:00,1.01,0.85,2.33,21.11,2.76,3.44,2.97,3.16,12.7,12.8,12.56,12.63,12.72,12.5,12.67,12.8,12.54,12.4,12.44,12.32,11.78,11.84,11.74,11.65,11.72,11.6,11.85,11.88,11.85,12.39,12.44,12.35,6550,0
2025-11-25 01:00:00,1.06,0.86,2.55,20.67,2.66,2.72,2.76,3.15,12.65,12.7,12.56,12.6,12.68,12.51,12.64,12.72,12.56,12.39,12.44,12.32,11.72,11.74,11.66,11.59,11.61,11.56,11.84,11.85,11.82,12.33,12.35,12.32,6568,0
2025-11-25 00:00:00,1.04,0.85,2.2,18.96,2.64,2.37,2.03,2.65,12.63,12.68,12.56,12.56,12.63,12.44,12.62,12.68,12.54,12.34,12.36,12.32,11.62,11.64,11.58,11.5,11.56,11.48,11.74,11.8,11.73,12.31,12.32,12.3,6568,0
2025-11-24 23:00:00,1.04,0.85,1.87,17.59,2.53,2.34,2.01,2.35,12.68,12.69,12.68,12.64,12.68,12.6,12.68,12.68,12.67,12.3,12.32,12.2,11.49,11.54,11.44,11.47,11.48,11.44,11.73,11.73,11.69,12.27,12.32,12.22,6588,0
2025-11-24 22:00:00,1.02,0.78,1.57,17.06,1.98,2.01,2,2.25,12.51,12.68,12.27,12.43,12.58,12.21,12.46,12.67,12.2,12.03,12.2,11.85,11.39,11.42,11.38,11.38,11.43,11.37,11.63,11.71,11.61,12.21,12.24,12.21,6595,0
2025-11-24 21:00:00,1.02,0.73,1.53,17,1.93,1.48,1.69,2.03,11.96,12.21,11.85,11.92,12.09,11.82,11.94,12.12,11.85,11.69,11.83,11.61,11.35,11.38,11.32,11.36,11.37,11.33,11.6,11.61,11.56,12.2,12.21,12.18,6604,0
2025-11-24 20:00:00,0.82,0.53,1.22,15.3,1.89,1.34,1.15,1.54,11.93,12.09,11.73,11.84,11.98,11.62,11.85,12,11.62,11.52,11.61,11.45,11.32,11.34,11.3,11.27,11.33,11.25,11.5,11.55,11.49,12.14,12.18,12.1,6613,0
2025-11-24 19:00:00,0.77,0.5,1.16,15.28,1.88,1.32,1.15,1.53,11.71,11.85,11.62,11.64,11.73,11.6,11.65,11.73,11.61,11.48,11.49,11.45,11.37,11.38,11.35,11.23,11.25,11.15,11.43,11.49,11.37,12.09,12.1,12.09,6626,0
2025-11-24 18:00:00,0.74,0.5,1.16,15.28,1.9,1.3,1.14,1.51,11.65,11.85,11.55,11.59,11.83,11.5,11.64,11.85,11.53,11.59,11.73,11.49,11.38,11.39,11.38,11.11,11.15,11.05,11.37,11.37,11.36,12.09,12.09,12.09,6642,0
2025-11-24 17:00:00,0.82,0.53,1.22,15.33,1.9,1.29,1.13,1.5,11.96,12.07,11.89,11.92,12.07,11.85,12.01,12.12,11.89,11.87,11.97,11.73,11.43,11.5,11.38,11.01,11.03,11.01,11.35,11.37,11.32,12.09,12.09,12.09,6671,5361
2025-11-24 16:00:00,0.83,0.57,1.22,15.38,1.91,1.29,1.14,1.5,12.58,13.29,12.09,12.62,13.39,12.09,12.76,13.59,12.2,12.39,12.8,12.08,11.52,11.62,11.49,11.04,11.15,11,11.43,11.61,11.35,12.15,12.21,12.09,6702,6937
2025-11-24 15:00:00,0.79,0.53,1.26,15.54,1.94,1.36,1.18,1.49,13.81,14.09,13.45,13.91,14.22,13.51,14.13,14.45,13.73,13.13,13.39,12.91,12,12.58,11.62,11.66,12.41,11.23,12.08,12.77,11.61,12.56,13.05,12.27,6778,7079
2025-11-24 14:00:00,0.87,1.26,2.35,13.38,3.9,2.49,1.05,1.22,15.39,16.34,14.3,15.52,16.34,14.45,15.55,16.2,14.67,14.73,16.34,13.5,14.77,16.76,12.8,14.55,16.44,12.59,14.77,16.58,12.95,14.84,16.58,13.23,6802,7106
2025-11-24 13:00:00,1.26,3.9,6.17,7.68,6.34,5.08,2.01,0.9,17,17.87,15.99,16.91,17.7,15.99,16.8,17.53,15.87,17.39,18.14,16.45,17.69,18.4,16.82,17.47,18.2,16.57,17.72,18.48,16.81,17.84,18.59,16.89,6720,2639
2025-11-24 12:00:00,1.05,3.09,6.48,7.55,5.94,5.14,1.41,0.88,15.5,16.77,13.79,15.5,16.7,13.85,15.74,16.7,14.46,16.11,17.2,14.57,15.98,17.36,14.34,15.98,17.28,14.08,16.43,17.69,14.45,16.4,17.65,14.47,6769,7071
2025-11-24 11:00:00,3.51,4.29,4.86,3.28,1.1,1.04,0.84,0.54,11.35,13.86,9.96,11.56,13.95,10.2,11.76,14.21,10.51,12.19,14.57,10.89,12.1,14.48,10.79,12.02,14.2,10.74,12.04,14.45,10.69,11.96,14.45,10.59,6826,7426
2025-11-24 10:00:00,4.75,5.45,4.53,2.75,0.36,0.13,0.01,0.07,8.59,9.84,7.36,8.92,10.14,7.81,9.11,10.43,7.83,9.52,10.8,8.24,9.29,10.77,7.76,9.26,10.66,7.82,9.37,10.66,8.05,9.32,10.55,8.07,6778,7087
2025-11-24 09:00:00,1.61,3.98,7.06,6.57,5.4,4.73,0.24,0.14,5.87,7.12,5.1,5.92,7.48,5.07,6.08,7.59,5.19,6.26,7.93,5.34,6.07,7.48,5.12,6.17,7.57,5.22,6.35,7.8,5.34,6.55,7.85,5.58,6539,6854
2025-11-24 08:00:00,1.37,3.65,6.95,6.42,5.82,5.31,0.33,0.17,4.51,4.98,4.05,4.48,4.92,4.01,4.59,5.07,4.12,4.71,5.21,4.23,4.54,5.02,4.05,4.64,5.1,4.15,4.74,5.22,4.25,4.98,5.47,4.44,6461,6693
2025-11-24 07:00:00,1.34,3.65,7.03,6.24,5.87,5.43,0.37,0.19,3.45,3.93,3.1,3.38,3.87,3,3.47,4.01,3.1,3.54,4.1,3.16,3.33,3.93,2.98,3.41,4.03,2.98,3.46,4.07,3.07,3.68,4.28,3.28,6453,0
2025-11-24 06:00:00,1.28,3.63,6.97,5.86,5.73,5.45,0.31,0.12,2.59,3.1,2.33,2.5,2.98,2.27,2.6,3.1,2.39,2.63,3.15,2.39,2.38,2.88,2.16,2.46,2.97,2.2,2.46,2.98,2.19,2.71,3.22,2.46,6453,0
2025-11-24 05:00:00,1.26,3.56,6.95,5.77,5.69,5.44,0.29,0.1,2.94,3.45,2.63,2.84,3.34,2.52,2.94,3.45,2.63,2.96,3.45,2.64,2.71,3.22,2.39,2.77,3.32,2.41,2.79,3.34,2.39,3.07,3.59,2.65,6453,0
2025-11-24 04:00:00,1.27,3.49,6.91,5.73,5.64,5.37,0.3,0.11,3.5,3.57,3.45,3.44,3.47,3.42,3.52,3.57,3.47,3.58,3.61,3.56,3.34,3.37,3.33,3.43,3.45,3.41,3.45,3.49,3.44,3.7,3.8,3.69,6457,0
2025-11-24 03:00:00,1.27,3.5,6.75,5.58,5.58,5.25,0.31,0.08,3.67,3.7,3.62,3.59,3.68,3.57,3.68,3.7,3.65,3.73,3.81,3.69,3.5,3.57,3.46,3.58,3.62,3.55,3.65,3.69,3.57,3.91,3.94,3.82,6457,0
2025-11-24 02:00:00,1.23,3.43,6.74,5.49,5.56,4.93,0.29,0.07,3.48,3.57,3.34,3.41,3.47,3.34,3.52,3.58,3.43,3.57,3.69,3.45,3.34,3.45,3.23,3.44,3.56,3.32,3.48,3.58,3.35,3.76,3.83,3.68,6457,0
2025-11-24 01:00:00,1.21,3.41,6.64,5.41,5.43,4.76,0.28,0.04,3.74,3.88,3.56,3.66,3.81,3.45,3.74,3.91,3.57,3.79,3.92,3.57,3.54,3.7,3.34,3.6,3.8,3.43,3.62,3.8,3.44,3.89,4.07,3.69,6457,0
2025-11-24 00:00:00,1.22,3.34,6.61,5.4,5.28,4.69,0.27,0,4.26,4.4,3.96,4.19,4.36,3.92,4.28,4.4,4.03,4.31,4.48,4.04,4.11,4.28,3.81,4.17,4.34,3.89,4.21,4.4,3.89,4.48,4.64,4.16,6446,0
2025-11-23 23:00:00,1.18,3.32,6.59,5.36,5.23,4.64,0.25,,4.38,4.48,4.3,4.31,4.4,4.26,4.4,4.52,4.35,4.43,4.52,4.4,4.23,4.3,4.17,4.32,4.39,4.27,4.35,4.4,4.29,4.64,4.71,4.6,6468,0
2025-11-23 22:00:00,1.14,3.22,6.52,5.34,5.2,4.6,0.16,,5.07,5.7,4.56,4.98,5.65,4.46,5.08,5.72,4.58,5.09,5.74,4.63,4.89,5.59,4.41,4.97,5.59,4.51,4.97,5.59,4.51,5.25,5.9,4.76,6475,0
2025-11-23 21:00:00,1.23,3.11,6.43,5.4,5.22,4.63,0.18,,6.19,6.49,5.82,6.09,6.38,5.76,6.17,6.45,5.83,6.17,6.41,5.87,5.98,6.23,5.7,6.03,6.28,5.72,6.03,6.28,5.72,6.29,6.53,6.01,6486,0
2025-11-23 20:00:00,1.26,3.09,6.35,5.46,5.26,4.65,0.22,0.01,7.31,8.07,6.53,7.23,8.02,6.41,7.35,8.13,6.53,7.35,8.18,6.5,7.2,8.06,6.3,7.22,8.05,6.32,7.22,8.08,6.3,7.51,8.34,6.63,6502,0
2025-11-23 19:00:00,1.26,3.04,6.27,5.52,5.3,4.7,0.26,0.03,8.65,9.25,8.18,8.65,9.35,8.18,8.77,9.47,8.27,8.83,9.47,8.3,8.7,9.37,8.18,8.74,9.43,8.17,8.76,9.47,8.21,9.02,9.72,8.47,6517,0
2025-11-23 18:00:00,1.28,3.1,6.34,5.7,5.36,4.76,0.28,0.09,11.3,13.86,9.49,11.37,13.98,9.49,11.44,13.97,9.62,11.5,13.98,9.71,11.33,13.75,9.57,11.37,13.85,9.59,11.4,13.97,9.6,11.69,14.32,9.85,6546,0
2025-11-23 17:00:00,1.42,3.36,6.77,6.16,5.61,5.05,0.47,0.31,19.05,23.21,14.59,19.87,24.98,14.69,19.49,24.16,14.68,19.9,24.97,14.69,19.54,24.41,14.46,20.18,25.64,14.57,20.63,26.5,14.72,21.08,27.11,15.04,6577,3746
2025-11-23 16:00:00,1.39,3.54,7.29,6.53,5.81,5.53,0.58,0.44,24.41,25.11,23.91,26.31,27.34,25.58,25.4,26.4,24.72,26.26,27.25,25.54,25.57,26.39,24.95,26.82,27.68,26.15,27.87,28.88,27.09,28.78,30.16,27.82,6626,6878
2025-11-23 15:00:00,1.33,3.41,7.23,6.61,5.78,5.38,0.59,0.39,25.05,25.55,24.74,27.99,28.88,27.34,27.38,28.17,26.51,28.08,28.75,27.34,26.9,27.43,26.4,28.2,28.51,27.8,29.73,30.18,29.07,31.1,31.52,30.42,6648,6921
2025-11-23 14:00:00,1.25,3.53,7.2,6.64,5.83,5.65,0.51,0.32,24.08,24.85,23.44,26.04,27.63,24.62,27.14,27.81,26.42,27.55,28.2,26.8,26.02,26.75,25.43,26.68,27.81,25.84,28.41,29.58,27.58,29.64,31.01,28.76,6660,6937
2025-11-23 13:00:00,1.23,3.36,6.87,6.4,5.72,5.62,0.48,0.3,20.84,22.85,18.06,22.42,23.83,21.84,25.1,26.16,24.42,25.59,26.75,24.27,24.69,25.39,24.04,25.06,25.88,24.37,27.19,28.39,26.63,27.96,29.24,27,6675,6953
2025-11-23 12:00:00,1.14,3.1,6.55,6.02,5.53,5,0.47,0.55,16.33,18.7,12.92,18.72,22.01,13.39,22.5,24.5,18.58,22.2,23.92,19.77,22.03,23.67,19.78,22.01,23.78,19.75,23.88,26.1,20.24,21.53,26.4,14.69,6662,6945
2025-11-23 11:00:00,1.24,3.06,6.26,5.95,5.46,4.72,0.27,0.39,9.59,12.46,7.48,10.34,12.56,7.95,13.18,17.87,9.25,17.22,19.65,13.43,17.04,19.66,13.42,15.81,19.51,11.01,13.21,19.41,8.89,11.71,13.86,9.47,6660,6945
2025-11-23 10:00:00,1.21,3.29,6.57,6.09,5.45,4.9,0.18,0.09,5.51,7.24,3.93,5.8,7.71,4.08,6.2,8.66,4.33,7.4,12.8,4.42,7.14,12.92,4.23,6.36,10.2,4.17,5.99,8.54,4.13,6.65,9.14,4.17,6624,6913
2025-11-23 09:00:00,1.28,3.61,6.97,6.38,5.79,5.34,0.3,0.18,2.32,3.82,0.74,2.38,4.05,0.74,2.56,4.28,0.88,2.67,4.34,1.03,2.49,4.17,0.76,2.67,4.15,0.9,2.59,4.05,0.97,2.72,4.16,1.11,6533,6787
2025-11-23 08:00:00,1.21,3.64,7.01,6.29,5.74,5.56,0.34,0.23,0.29,0.61,0.08,0.19,0.61,-0.02,0.27,0.73,0.02,0.29,0.82,0.02,-0.02,0.5,-0.29,0.07,0.67,-0.2,0.07,0.72,-0.2,0.33,0.88,0.13,6453,6701
2025-11-23 07:00:00,1.21,3.6,7.02,5.99,5.67,5.54,0.33,0.21,0.35,0.39,0.27,0.22,0.28,0.14,0.29,0.38,0.23,0.3,0.38,0.17,-0.03,0.08,-0.16,0.05,0.18,-0.09,0.03,0.15,-0.08,0.31,0.42,0.16,6444,0
2025-11-23 06:00:00,1.17,3.55,7,5.84,5.69,5.49,0.28,0.21,0.65,0.96,0.45,0.56,0.83,0.38,0.64,0.86,0.45,0.65,0.87,0.5,0.35,0.61,0.15,0.43,0.63,0.25,0.41,0.65,0.22,0.72,0.96,0.5,6446,0
2025-11-23 05:00:00,1.18,3.51,6.93,5.71,5.64,5.46,0.28,0.14,1.36,1.7,0.97,1.28,1.67,0.88,1.38,1.79,0.97,1.41,1.81,0.97,1.13,1.58,0.63,1.23,1.68,0.72,1.24,1.68,0.73,1.5,1.97,1.02,6446,0
2025-11-23 04:00:00,1.18,3.5,6.82,5.57,5.64,5.53,0.27,0.11,1.41,1.69,1.16,1.33,1.59,1.1,1.42,1.71,1.21,1.48,1.8,1.21,1.22,1.57,0.98,1.32,1.67,1.08,1.34,1.68,1.09,1.59,1.95,1.33,6446,0
2025-11-23 03:00:00,1.17,3.52,6.81,5.47,5.6,5.51,0.25,0.12,1.31,1.43,1.25,1.21,1.33,1.16,1.31,1.44,1.27,1.34,1.44,1.32,1.04,1.21,0.98,1.14,1.31,1.08,1.15,1.32,1.09,1.45,1.56,1.35,6446,0
2025-11-23 02:00:00,1.16,3.47,6.75,5.43,5.56,5.39,0.26,0.09,1.29,1.56,1.09,1.21,1.44,0.97,1.3,1.55,1.09,1.32,1.56,1.09,1.05,1.33,0.81,1.13,1.43,0.86,1.1,1.4,0.86,1.38,1.67,1.19,6446,0
2025-11-23 01:00:00,1.14,3.45,6.74,5.33,5.52,5.08,0.25,0.07,1.23,1.33,1.1,1.13,1.22,1.07,1.22,1.32,1.13,1.24,1.32,1.16,0.93,0.98,0.86,1.02,1.08,0.96,0.99,1.04,0.97,1.3,1.33,1.25,6446,0
2025-11-23 00:00:00,1.11,3.41,6.69,5.26,5.37,4.88,0.22,0.03,1.35,1.61,1.16,1.25,1.55,1.09,1.34,1.59,1.2,1.35,1.63,1.2,1.07,1.33,0.86,1.18,1.43,0.98,1.19,1.44,1,1.5,1.78,1.33,6426,0
2025-11-22 23:00:00,1.12,3.37,6.62,5.2,5.21,4.73,0.22,,1.87,2.04,1.68,1.74,1.92,1.56,1.83,2,1.68,1.85,2.03,1.68,1.56,1.69,1.41,1.66,1.79,1.51,1.66,1.79,1.45,1.94,2.07,1.8,6453,0
2025-11-22 22:00:00,1.1,3.35,6.59,5.19,5.17,4.68,0.17,,1.94,2.08,1.78,1.86,2.04,1.68,1.96,2.15,1.8,1.98,2.15,1.81,1.71,1.91,1.57,1.81,2,1.68,1.8,2.01,1.68,2.14,2.34,2.04,6457,0
2025-11-22 21:00:00,1.13,3.33,6.61,5.2,5.17,4.62,0.14,,2.45,2.75,2.15,2.36,2.66,2.08,2.47,2.79,2.17,2.48,2.81,2.24,2.2,2.51,1.92,2.3,2.61,2.02,2.3,2.62,2.03,2.65,2.99,2.39,6466,0
2025-11-22 20:00:00,1.14,3.32,6.61,5.27,5.19,4.61,0.15,,3.18,3.8,2.77,3.11,3.69,2.72,3.23,3.81,2.86,3.22,3.8,2.86,2.97,3.5,2.62,3.06,3.56,2.68,3.05,3.56,2.7,3.41,3.93,3.04,6481,0
2025-11-22 19:00:00,1.14,3.24,6.49,5.3,5.21,4.6,0.15,,4.7,5.58,3.93,4.66,5.58,3.81,4.76,5.7,3.93,4.7,5.6,3.9,4.46,5.35,3.63,4.48,5.35,3.68,4.45,5.34,3.67,4.8,5.7,4.01,6502,0
2025-11-22 18:00:00,1.21,3.06,6.28,5.46,5.29,4.64,0.21,0.02,8.15,11.38,5.82,8.25,11.56,5.83,8.25,11.38,5.94,8.12,11.24,5.9,7.76,10.68,5.59,7.74,10.66,5.61,7.72,10.68,5.58,8.08,11.02,5.94,6530,0
2025-11-22 17:00:00,1.4,3.29,6.67,6,5.58,4.91,0.44,0.3,17.04,20.84,12.28,18.05,22.85,12.52,17.29,21.6,12.23,17.2,21.66,12.06,16.36,20.49,11.51,16.59,21.06,11.48,16.97,21.9,11.51,17.3,22.47,11.85,6568,2604
2025-11-22 16:00:00,1.42,3.53,7.25,6.54,5.87,5.4,0.76,0.57,23.38,24.58,21.07,26.24,27.82,23.19,24.76,26.28,21.91,24.81,26.39,21.9,23.24,24.65,20.67,23.96,25.45,21.21,25.34,27.01,22.14,26.19,28.16,22.73,6624,6874
2025-11-22 15:00:00,1.32,3.44,7.25,6.62,5.91,5.69,0.68,0.48,24.18,24.62,23.82,27.8,28.29,27.34,26.68,27.23,25.92,26.77,27.39,25.92,24.95,25.57,24.16,25.76,26.39,24.97,27.62,28.31,26.75,28.96,29.71,27.97,6646,6917
2025-11-22 14:00:00,1.19,3.42,7.1,6.3,5.72,5.24,0.63,0.43,22.15,24.27,19.42,24.41,27.58,20.48,25.37,27.38,22.74,25.61,27.58,23.2,23.63,25.48,21.44,24.04,26.14,21.65,26.2,28.17,23.79,27.41,29.58,24.75,6648,6925
2025-11-22 13:00:00,1.22,3.31,6.72,6.1,5.58,4.92,0.42,0.49,18.29,19.18,16.68,19.61,20.96,18.36,22.32,22.85,21.43,22.55,23.32,21.78,21.32,21.78,20.61,21.41,21.77,20.83,23.86,24.38,23.02,24.93,25.58,24.15,6626,6890
2025-11-22 12:00:00,1.1,3.09,6.59,6.02,5.51,4.83,0.26,0.26,16.38,17.87,13.74,18.09,21.1,13.4,21.76,22.97,18.9,21.24,22.37,19.77,20.89,21.79,19.54,20.71,21.66,19.29,22.92,24.38,20.24,20.57,24.98,14.11,6653,6929
2025-11-22 11:00:00,1.24,3.04,6.31,5.85,5.44,4.84,0.29,0.08,9.85,13.39,7.36,10.11,12.64,7.48,13.16,18.37,8.83,18.03,20.19,14.45,17.87,20.01,14.41,16.39,19.64,11,13.25,20.01,7.97,11.15,13.4,8.64,6666,6953
2025-11-22 10:00:00,1.19,3.16,6.51,5.57,5.33,5.12,0.2,0.01,5.58,7.12,3.95,5.61,7.23,3.93,5.94,8.08,4.1,7.36,13.24,4.16,7.05,13.4,3.82,6.04,9.84,3.91,5.42,7.59,3.57,5.88,8.18,3.22,6631,6929
2025-11-22 09:00:00,1.13,3.39,6.73,5.57,5.5,5.39,0.25,0.13,1.88,3.69,-0.07,1.73,3.65,-0.16,1.84,3.81,-0.07,1.82,3.74,0,1.71,3.58,-0.28,2.38,3.68,-0.12,1.67,3.33,-0.2,1.59,3.03,-0.07,6568,6866
2025-11-22 08:00:00,1.08,3.45,6.75,5.59,5.55,5.65,0.28,0.2,-0.42,-0.19,-0.54,-0.56,-0.31,-0.71,-0.49,-0.17,-0.64,-0.5,-0.09,-0.67,-0.8,-0.42,-1.01,-0.74,-0.32,-0.98,-0.78,-0.31,-1.02,-0.55,-0.19,-0.74,6439,6610
2025-11-22 07:00:00,1.04,3.4,6.71,5.44,5.49,5.27,0.26,0.17,-0.54,-0.41,-0.69,-0.72,-0.55,-0.87,-0.64,-0.52,-0.78,-0.7,-0.55,-0.79,-1.1,-0.97,-1.24,-1.07,-0.92,-1.15,-1.13,-1.02,-1.25,-0.81,-0.67,-0.9,6435,0
2025-11-22 06:00:00,1.05,3.36,6.7,5.37,5.35,5.14,0.24,0.12,-0.03,0.48,-0.43,-0.19,0.26,-0.56,-0.14,0.28,-0.55,-0.18,0.26,-0.56,-0.53,-0.07,-0.91,-0.52,-0.09,-0.91,-0.57,-0.19,-0.92,-0.27,0.14,-0.66,6439,0
2025-11-22 05:00:00,1.06,3.34,6.69,5.36,5.19,4.91,0.24,0.1,0.8,1.13,0.46,0.59,0.91,0.26,0.6,0.89,0.27,0.56,0.85,0.26,0.2,0.45,-0.06,0.17,0.37,-0.09,0.1,0.29,-0.08,0.39,0.61,0.14,6441,0
2025-11-22 04:00:00,1.06,3.35,6.71,5.34,5.18,4.8,0.22,0.09,0.76,0.96,0.62,0.61,0.74,0.5,0.64,0.83,0.5,0.61,0.78,0.5,0.26,0.44,0.15,0.27,0.49,0.13,0.24,0.42,0.14,0.55,0.74,0.41,6446,0
2025-11-22 03:00:00,1.07,3.35,6.72,5.3,5.16,4.74,0.15,0.05,1.14,1.45,0.91,0.97,1.31,0.74,1.02,1.32,0.82,1,1.32,0.84,0.67,0.98,0.5,0.7,1.02,0.5,0.64,0.97,0.49,0.95,1.24,0.75,6448,0
2025-11-22 02:00:00,1.07,3.32,6.7,5.26,5.16,4.69,0.14,0.01,1.52,2.04,1.09,1.38,1.92,0.97,1.43,1.95,1.04,1.4,1.91,1.01,1.09,1.58,0.74,1.12,1.56,0.83,1.07,1.54,0.77,1.38,1.81,1.09,6450,0
2025-11-22 01:00:00,1.13,3.3,6.68,5.34,5.18,4.61,0.14,,3.08,3.62,2.27,2.89,3.44,2.07,2.94,3.48,2.15,2.9,3.45,2.09,2.65,3.34,1.8,2.61,3.31,1.79,2.47,3.1,1.68,2.63,3.11,2.01,6450,0
2025-11-22 00:00:00,1.16,3.31,6.71,5.38,5.19,4.61,0.18,0.01,3.52,3.62,3.34,3.34,3.45,3.21,3.41,3.52,3.24,3.35,3.45,3.22,3.14,3.25,2.99,3.11,3.24,2.97,2.96,3.1,2.82,3.06,3.12,2.98,6433,0
2025-11-21 23:00:00,1.13,3.3,6.71,5.37,5.2,4.63,0.19,0.03,3.19,3.37,2.98,3.04,3.22,2.86,3.16,3.31,2.98,3.11,3.23,2.97,2.91,3.01,2.71,2.93,3.01,2.73,2.85,2.95,2.74,3.03,3.1,2.98,6457,0
2025-11-21 22:00:00,1.14,3.33,6.68,5.38,5.21,4.63,0.19,0.02,3.17,3.57,2.99,3.03,3.38,2.89,3.12,3.45,2.98,3.1,3.44,2.98,2.87,3.19,2.74,2.93,3.21,2.76,2.89,3.21,2.74,3.18,3.51,2.98,6461,0
2025-11-21 21:00:00,1.17,3.26,6.65,5.4,5.23,4.63,0.21,0,4.18,4.53,3.57,4.03,4.39,3.45,4.11,4.44,3.51,4.07,4.41,3.46,3.87,4.23,3.24,3.93,4.27,3.32,3.84,4.16,3.3,4.04,4.29,3.57,6470,0
2025-11-21 20:00:00,1.15,3.24,6.6,5.39,5.24,4.61,0.19,,4.6,4.98,4.28,4.49,4.87,4.13,4.58,4.98,4.21,4.54,4.92,4.16,4.32,4.69,3.93,4.36,4.73,4,4.34,4.75,3.92,4.68,5.12,4.17,6486,0
2025-11-21 19:00:00,1.19,3.11,6.48,5.45,5.24,4.59,0.18,0.01,5.91,7,5.12,5.9,7.08,4.98,6,7.12,5.12,5.92,7.01,5.1,5.7,6.77,4.88,5.71,6.75,4.86,5.69,6.76,4.87,6.07,7.12,5.23,6506,0
2025-11-21 18:00:00,1.26,3.06,6.38,5.7,5.34,4.7,0.27,0.08,10.18,13.98,7.35,10.37,14.34,7.36,10.34,14.1,7.47,10.17,13.86,7.38,9.79,13.28,7.08,9.7,13.14,7.09,9.6,13.04,7,9.85,13.11,7.37,6537,0
2025-11-21 17:00:00,1.45,3.49,6.96,6.3,5.69,5.02,0.59,0.44,19.95,24.03,14.81,21.31,26.16,15.34,20.2,24.5,14.92,20.11,24.74,14.66,19.05,23.45,13.98,19.3,24.14,13.86,19.86,25.36,13.83,20.08,26,13.85,6577,2154
2025-11-21 16:00:00,1.46,3.65,7.44,6.73,5.94,5.61,0.8,0.58,24.28,24.62,24.15,26.8,27.11,26.4,25.31,25.67,24.74,25.45,25.8,24.86,24.11,24.51,23.57,24.88,25.32,24.26,26.31,26.75,25.56,27.21,27.9,26.17,6626,6882
2025-11-21 15:00:00,1.41,3.44,7.41,6.81,5.98,5.75,0.67,0.47,24.66,25.05,24.02,28.08,28.64,26.93,27.04,27.9,25.57,27.06,27.93,25.68,25.37,26.17,24.27,26.11,26.86,25.1,27.98,28.88,26.75,29.28,30.36,27.93,6642,6913
2025-11-21 14:00:00,1.29,3.54,7.39,6.97,5.91,5.76,0.63,0.39,23.65,24.86,21.55,25.83,28.19,22.53,26.71,27.61,24.98,26.8,27.58,25.54,25.19,25.84,24.27,25.72,26.53,24.73,27.81,28.52,26.84,29.17,30.03,28.01,6644,6921
2025-11-21 13:00:00,1.18,3.54,7.39,6.73,5.93,5.66,0.6,0.38,20.79,21.76,19.32,22.03,23.68,20.48,24.73,25.69,23.44,25,25.92,23.79,24.15,24.87,22.95,24.48,25.08,23.53,26.74,27.46,25.64,27.89,28.75,26.76,6631,6894
2025-11-21 12:00:00,1.07,3.1,6.82,6.45,5.79,5.62,0.63,0.64,18.68,21.07,15.28,20.51,23.67,15.25,24.67,26.39,21.72,24.25,25.57,22.61,24.02,25.22,22.51,23.86,25.11,22.24,25.8,27.57,23.2,23.14,27.49,16.11,6653,6929
2025-11-21 11:00:00,1.22,3.11,6.26,6.01,5.55,4.95,0.96,0.91,10.46,14.33,7.95,11.05,13.98,8.28,14.27,20.45,9.82,19.86,22.48,15.99,19.75,22.46,16.11,18.12,22.01,12.43,14.62,21.91,9.02,12.22,14.93,9.74,6662,6949
2025-11-21 10:00:00,1.38,3.41,6.56,6.4,5.77,5.23,0.46,1.18,6.27,7.65,4.98,6.47,7.95,5.1,6.78,8.93,5.23,8.31,14.46,5.58,8.07,14.92,5.12,7.04,11.16,5.1,6.43,8.53,4.98,7.15,9.18,4.9,6637,6929
2025-11-21 09:00:00,1.39,3.74,6.97,6.67,6.11,5.43,0.4,1.03,3.22,4.76,1.4,3.13,4.84,1.33,3.2,4.92,1.44,3.25,4.98,1.54,3.11,4.81,1.26,3.67,4.86,1.43,3.28,4.75,1.44,3.4,4.73,1.58,6573,6870
2025-11-21 08:00:00,1.32,3.79,7.04,6.56,6.06,5.65,0.36,0.59,1.01,1.11,0.92,0.92,1.09,0.85,1.02,1.21,0.96,1.03,1.32,0.97,0.71,1.03,0.62,0.81,1.2,0.71,0.81,1.2,0.7,1.08,1.44,0.97,6448,6665
2025-11-21 07:00:00,1.31,3.79,7.04,6.45,6.03,5.64,0.35,0.39,1.22,1.34,0.97,1.08,1.22,0.85,1.15,1.3,0.91,1.12,1.26,0.9,0.82,0.96,0.62,0.9,0.97,0.71,0.87,0.97,0.69,1.17,1.26,0.97,6441,0
2025-11-21 06:00:00,1.29,3.69,7.04,6.31,5.95,5.6,0.35,0.3,1.42,1.53,1.33,1.3,1.42,1.19,1.37,1.48,1.21,1.36,1.45,1.21,1.08,1.21,0.9,1.16,1.31,0.96,1.1,1.2,0.97,1.42,1.56,1.3,6444,0
2025-11-21 05:00:00,1.29,3.5,6.97,5.97,5.89,5.58,0.35,0.28,1.78,2.04,1.44,1.66,1.92,1.34,1.72,1.92,1.44,1.71,1.93,1.44,1.42,1.59,1.21,1.5,1.67,1.31,1.47,1.68,1.21,1.77,1.93,1.56,6446,0
2025-11-21 04:00:00,1.26,3.48,6.91,5.79,5.81,5.54,0.34,0.23,2.04,2.42,1.8,1.94,2.27,1.77,2.01,2.39,1.8,2.01,2.38,1.8,1.75,2.06,1.56,1.83,2.14,1.62,1.8,2.08,1.57,2.11,2.39,1.92,6448,0
2025-11-21 03:00:00,1.24,3.48,6.77,5.67,5.75,5.49,0.34,0.23,2.35,2.51,2.18,2.28,2.48,2.1,2.38,2.59,2.2,2.41,2.62,2.22,2.16,2.4,1.95,2.25,2.47,2.02,2.24,2.46,2.03,2.57,2.78,2.33,6448,0
2025-11-21 02:00:00,1.24,3.42,6.69,5.64,5.73,5.47,0.33,0.22,2.97,3.15,2.63,2.86,3.02,2.51,2.97,3.15,2.63,2.97,3.13,2.68,2.73,2.89,2.46,2.81,2.97,2.52,2.8,2.98,2.52,3.13,3.34,2.86,6453,0
2025-11-21 01:00:00,1.21,3.43,6.7,5.59,5.62,5.41,0.34,0.17,3.37,3.45,3.21,3.3,3.4,3.11,3.39,3.47,3.22,3.4,3.47,3.22,3.17,3.24,2.99,3.23,3.32,3.07,3.25,3.33,3.09,3.6,3.69,3.42,6453,0
2025-11-21 00:00:00,1.21,3.35,6.58,5.48,5.61,5.06,0.33,0.15,3.82,4.05,3.45,3.73,3.94,3.38,3.82,4.04,3.45,3.82,4.05,3.46,3.6,3.81,3.22,3.68,3.91,3.33,3.69,3.92,3.35,4.04,4.28,3.69,6435,0
2025-11-20 23:00:00,1.17,3.26,6.54,5.39,5.32,4.85,0.3,0.12,4.46,4.98,4.05,4.37,4.87,3.93,4.47,4.98,4.04,4.48,4.98,4.07,4.28,4.76,3.9,4.35,4.85,3.97,4.38,4.84,4.04,4.73,5.13,4.39,6461,0
2025-11-20 22:00:00,1.14,3.16,6.47,5.37,5.24,4.6,0.25,0.08,5.44,5.82,5.12,5.35,5.7,4.98,5.42,5.74,5.12,5.42,5.74,5.12,5.22,5.57,4.88,5.23,5.57,4.88,5.23,5.57,4.87,5.56,5.9,5.23,6468,0
2025-11-20 21:00:00,1.21,3.02,6.37,5.38,5.25,4.6,0.23,0.05,6.25,6.41,5.88,6.13,6.29,5.79,6.19,6.39,5.82,6.19,6.36,5.82,6.01,6.18,5.66,6.02,6.18,5.68,6.02,6.18,5.69,6.34,6.54,5.95,6475,0
2025-11-20 20:00:00,1.24,3.04,6.35,5.43,5.29,4.61,0.23,0.04,6.96,7.71,6.48,6.85,7.59,6.4,6.94,7.68,6.42,6.9,7.59,6.42,6.71,7.43,6.28,6.73,7.46,6.28,6.71,7.35,6.29,7.08,7.71,6.65,6488,0
2025-11-20 19:00:00,1.24,2.99,6.23,5.5,5.33,4.64,0.24,0.05,8.83,9.25,7.95,8.75,9.25,7.83,8.83,9.35,7.91,8.75,9.25,7.83,8.56,9.1,7.61,8.5,9.07,7.58,8.42,9.01,7.53,8.66,9.31,7.83,6506,0
2025-11-20 18:00:00,1.26,3.03,6.29,5.62,5.36,4.7,0.27,0.1,11.07,13.82,9.25,11.16,13.99,9.25,11.25,13.99,9.37,11.22,13.98,9.35,11.01,13.75,9.14,11.02,13.85,9.13,11.02,13.87,9.12,11.34,14.11,9.42,6533,0
2025-11-20 17:00:00,1.43,3.26,6.7,6.06,5.63,4.94,0.47,0.34,17.9,20.37,14.44,18.72,21.78,14.73,18.39,21.41,14.69,18.73,22.02,14.69,18.34,21.55,14.45,18.86,22.41,14.56,19.25,23.29,14.59,19.68,24.15,14.81,6573,2166
2025-11-20 16:00:00,1.39,3.42,7.29,6.51,5.85,5.3,0.65,0.51,24.58,26.63,20.93,26.8,29.47,22.46,26.04,28.4,22.14,26.83,28.88,22.84,25.83,27.47,22.24,27.08,28.63,23.22,28.33,30.02,24.23,29.38,31.21,25.1,6624,6886
2025-11-20 15:00:00,1.37,3.38,7.36,6.62,5.94,5.47,0.69,0.49,25.39,26.63,24.62,28.36,29.59,27.51,27.59,28.41,27.16,28.18,28.84,27.69,26.84,27.35,26.28,28.07,28.55,27.33,29.73,30.24,29.04,31.28,31.84,30.59,6635,6906
2025-11-20 14:00:00,1.23,3.4,7.19,6.48,5.86,5.54,0.55,0.37,24.09,25.33,21.68,25.65,27.82,21.91,26.66,27.98,24.15,27.37,28.65,25.09,26.14,27.23,24.4,27.29,28.5,25.6,29.37,30.41,27.93,30.99,32.07,29.38,6635,6909
2025-11-20 13:00:00,1.22,3.29,6.87,6.31,5.77,5.38,0.48,0.28,21.6,22.26,20.96,22.72,25.1,21.08,25.29,27.34,23.44,25.85,27.47,24.26,25.23,27.23,23.56,25.78,27.43,24.49,28.1,29.92,26.66,29.36,30.53,28.4,6613,6882
2025-11-20 12:00:00,1.07,3.06,6.71,6.05,5.59,5.12,0.27,0.36,20.36,22.15,17.29,21.91,24.53,17.14,26.34,27.5,23.67,26.51,27.27,25.48,26.54,27.24,25.57,26.56,27.33,25.42,28.38,29.51,25.91,25.51,29.45,18.73,6631,6906
2025-11-20 11:00:00,1.25,3.08,6.41,5.84,5.5,4.81,0.33,0.34,12.93,16.58,10.43,13.47,16.11,10.91,16.39,22.73,11.86,20.52,25.09,13.62,20.62,25.34,13.98,19.93,25.12,12.9,17.54,24.97,12.32,15.11,17.76,12.44,6631,6917
2025-11-20 10:00:00,1.27,3.08,6.33,5.73,5.62,5.28,0.29,0.25,8.1,10.31,6.39,8.29,10.68,6.41,8.9,11.73,6.65,9.93,14.44,6.88,10,14.81,6.77,9.45,12.9,6.93,9.2,12.08,6.95,9.51,12.24,7.06,6577,6858
2025-11-20 09:00:00,1.21,3.25,6.59,5.71,5.76,5.37,0.34,0.25,5.25,6.17,4.4,5.23,6.2,4.4,5.36,6.45,4.48,5.46,6.64,4.52,5.33,6.54,4.29,5.69,6.73,4.39,5.57,6.65,4.4,5.82,6.83,4.64,6502,6772
2025-11-20 08:00:00,1.21,3.3,6.65,5.66,5.72,5.12,0.35,0.25,4.45,4.9,4.27,4.37,4.81,4.16,4.48,4.87,4.28,4.5,4.89,4.3,4.32,4.75,4.17,4.38,4.73,4.25,4.38,4.75,4.26,4.64,4.98,4.52,6459,6189
2025-11-20 07:00:00,1.17,3.23,6.56,5.59,5.55,4.9,0.32,0.23,5.39,5.58,5.1,5.31,5.53,4.96,5.4,5.59,5.05,5.46,5.7,5.06,5.28,5.49,4.88,5.36,5.57,4.92,5.4,5.69,4.91,5.66,5.94,5.22,6457,0
2025-11-20 06:00:00,1.14,3.22,6.64,5.49,5.36,4.64,0.28,0.2,4.8,5.12,4.64,4.74,5.03,4.64,4.83,5.15,4.73,4.88,5.23,4.75,4.67,5.04,4.52,4.75,5.1,4.61,4.78,5.16,4.63,5.05,5.44,4.87,6457,0
2025-11-20 05:00:00,1.14,3.12,6.5,5.48,5.35,4.6,0.26,0.15,5.6,6.17,4.96,5.53,6.11,4.87,5.64,6.17,4.98,5.67,6.26,4.98,5.47,6.06,4.79,5.53,6.13,4.86,5.55,6.16,4.87,5.82,6.41,5.14,6461,0
2025-11-20 04:00:00,1.22,3.03,6.45,5.54,5.41,4.62,0.28,0.19,6.42,6.54,6.26,6.38,6.53,6.17,6.49,6.64,6.29,6.54,6.7,6.29,6.39,6.56,6.17,6.47,6.63,6.19,6.54,6.76,6.27,6.82,7.02,6.53,6461,0
2025-11-20 03:00:00,1.17,3.06,6.5,5.5,5.36,4.6,0.25,0.11,5.86,6.34,5.64,5.83,6.29,5.58,5.92,6.41,5.7,5.96,6.49,5.7,5.8,6.35,5.53,5.86,6.44,5.57,5.91,6.52,5.58,6.21,6.83,5.84,6466,0
2025-11-20 02:00:00,1.21,3.03,6.48,5.49,5.34,4.58,0.21,0.09,6.19,6.53,5.94,6.1,6.41,5.82,6.21,6.53,5.94,6.21,6.53,5.94,6.06,6.3,5.79,6.1,6.38,5.81,6.11,6.38,5.82,6.42,6.65,6.18,6468,0
2025-11-20 01:00:00,1.25,3,6.4,5.56,5.38,4.58,0.22,0.12,7.38,8.2,6.65,7.29,8.18,6.55,7.39,8.24,6.65,7.37,8.22,6.64,7.19,8.08,6.43,7.2,8.07,6.48,7.18,8.06,6.45,7.45,8.3,6.77,6470,0
2025-11-20 00:00:00,1.18,2.97,6.29,5.64,5.41,4.62,0.26,0.17,9.2,9.72,8.42,9.1,9.6,8.3,9.18,9.72,8.42,9.2,9.72,8.42,9.07,9.62,8.31,9.06,9.59,8.29,9.01,9.59,8.24,9.15,9.63,8.42,6461,0
2025-11-19 23:00:00,1.22,3.01,6.3,5.68,5.41,4.64,0.23,0.17,10.54,10.91,9.84,10.42,10.79,9.72,10.51,10.9,9.84,10.52,10.9,9.84,10.42,10.85,9.72,10.39,10.77,9.71,10.29,10.66,9.62,10.31,10.67,9.72,6484,0
2025-11-19 22:00:00,1.24,3.02,6.38,5.75,5.44,4.66,0.25,0.2,11.11,11.25,10.91,11.02,11.14,10.79,11.08,11.15,10.81,11.14,11.26,10.86,11.05,11.15,10.78,10.98,11.11,10.75,10.93,11.02,10.66,10.96,11.03,10.79,6488,0
2025-11-19 21:00:00,1.26,3.05,6.43,5.84,5.5,4.73,0.31,0.27,11.53,11.64,11.26,11.47,11.61,11.14,11.59,11.73,11.24,11.68,11.85,11.26,11.64,11.83,11.17,11.65,11.84,11.14,11.64,11.85,11.1,11.66,11.86,11.13,6497,0
2025-11-19 20:00:00,1.23,3.03,6.36,5.78,5.47,4.67,0.27,0.24,11.05,11.27,10.91,10.99,11.25,10.81,11.09,11.38,10.91,11.17,11.46,11,11.12,11.38,10.91,11.18,11.48,11,11.22,11.49,11.02,11.42,11.68,11.25,6506,0
2025-11-19 19:00:00,1.27,3.07,6.41,5.88,5.51,4.73,0.31,0.3,11.39,11.5,11.15,11.38,11.52,11.12,11.49,11.7,11.18,11.56,11.73,11.26,11.52,11.63,11.22,11.55,11.72,11.25,11.58,11.73,11.26,11.82,11.97,11.5,6528,0
2025-11-19 18:00:00,1.34,3.11,6.5,5.96,5.56,4.78,0.36,0.33,12.98,14.94,11.59,12.98,15.04,11.61,13.1,15.11,11.73,13.12,15.16,11.76,13.03,15.05,11.74,13.05,15.14,11.72,13.05,15.16,11.73,13.22,15.2,11.98,6550,0
2025-11-19 17:00:00,1.4,3.23,6.71,6.21,5.69,4.89,0.48,0.54,17.23,19.42,15.28,17.66,20.23,15.39,17.58,20.01,15.41,17.87,20.6,15.51,17.64,20.25,15.4,18.01,20.97,15.5,18.36,21.69,15.52,18.61,22.26,15.64,6599,3982
2025-11-19 16:00:00,1.43,3.4,7.15,6.52,5.84,5.29,0.8,0.69,22,22.94,20,23.14,24.25,20.84,22.79,23.78,20.62,23.62,24.63,21.31,23.1,24.04,20.91,24.05,25.08,21.73,25.1,26.2,22.61,25.79,26.9,23.2,6660,6906
2025-11-19 15:00:00,1.37,3.46,7.34,6.64,5.88,5.4,0.61,0.49,21.76,24.15,19.07,23.4,26.4,20.12,23.35,26.16,20.25,24.23,27.32,20.82,23.59,26.3,20.49,24.72,27.79,21.18,26.18,29.7,22.13,27.34,31.24,22.91,6662,6945
2025-11-19 14:00:00,1.27,3.52,7.56,6.96,5.94,5.79,0.52,0.36,23.13,23.79,21.76,24.34,25.6,21.92,25.32,26.16,23.86,26.36,27.13,24.74,25.48,26.28,24.27,26.81,27.57,25.36,28.88,29.62,27.49,30.34,31.13,28.95,6666,6953
2025-11-19 13:00:00,1.2,3.48,7.32,6.71,5.92,5.74,0.51,0.33,21.29,22.58,20.48,22.32,25.18,20.37,24.72,27.46,22.97,25.5,27.81,23.79,25.25,27.7,23.45,25.97,28.1,24.37,28.1,30.53,26.27,29.21,31.13,27.58,6640,6909
2025-11-19 12:00:00,1.09,3.12,6.97,6.78,5.96,5.83,0.62,0.71,19.74,21.43,16.4,21.29,24.77,16.7,25.35,26.99,22.62,25.36,26.98,23.92,25.51,26.95,24.04,25.61,27.11,23.78,27.43,29.58,24.38,24.99,29.89,18.1,6646,6921
2025-11-19 11:00:00,1.26,3.06,6.34,6.1,5.54,4.92,1.05,1.63,12.28,15.75,9.96,12.84,15.77,10.31,15.6,21.7,11.38,21.13,23.91,17.04,21.16,23.95,17.41,19.73,23.66,14.2,16.65,23.67,11.26,14.31,17.04,12.09,6648,6937
2025-11-19 10:00:00,1.34,3.09,6.31,6.49,5.68,5.13,0.54,1.88,8.66,9.72,7.79,8.92,10.08,7.95,9.26,10.81,8.17,10.49,15.76,8.3,10.62,16.5,8.14,9.6,13.14,8.17,9.22,10.8,8.3,10.05,11.5,8.35,6604,6894
2025-11-19 09:00:00,1.46,3.32,6.59,6.81,6.02,5.29,0.44,2.03,7.23,7.74,6.77,7.24,7.92,6.74,7.39,8.07,6.88,7.52,8.29,6.98,7.38,8.12,6.85,7.47,8.17,6.9,7.62,8.3,7.01,7.86,8.42,7.36,6522,6787
2025-11-19 08:00:00,1.48,3.52,6.7,6.92,6.16,5.36,0.46,1.86,6.43,6.65,6.17,6.41,6.65,6.17,6.52,6.79,6.29,6.64,6.88,6.41,6.52,6.77,6.3,6.61,6.87,6.4,6.71,6.96,6.47,7,7.24,6.77,6466,6693
2025-11-19 07:00:00,1.43,3.6,6.76,6.91,6.19,5.4,0.44,1.45,5.75,6.17,5.09,5.72,6.17,5.06,5.85,6.27,5.21,5.97,6.36,5.31,5.86,6.25,5.2,5.96,6.37,5.33,6.05,6.43,5.37,6.33,6.76,5.61,6457,0
2025-11-19 06:00:00,1.39,3.68,6.86,6.91,6.19,5.4,0.42,0.98,4.31,4.87,4.04,4.25,4.87,3.93,4.33,4.98,4.03,4.4,5.12,4.04,4.21,4.96,3.81,4.32,5.09,3.91,4.35,5.12,3.92,4.59,5.38,4.16,6453,0
2025-11-19 05:00:00,1.38,3.59,6.85,6.92,6.16,5.43,0.43,0.63,4.16,4.21,4.14,4.07,4.16,4.04,4.17,4.27,4.07,4.18,4.27,4.09,3.99,4.07,3.9,4.08,4.15,3.98,4.07,4.16,3.97,4.32,4.42,4.19,6453,0
2025-11-19 04:00:00,1.33,3.52,6.88,6.8,6.11,5.37,0.4,0.42,4.56,4.76,4.28,4.46,4.64,4.16,4.56,4.75,4.28,4.57,4.75,4.29,4.38,4.53,4.17,4.45,4.62,4.25,4.46,4.63,4.26,4.74,4.87,4.52,6453,0
2025-11-19 03:00:00,1.29,3.44,6.85,6.29,6.02,5.38,0.37,0.37,4.82,5.01,4.73,4.74,4.89,4.64,4.82,4.98,4.73,4.83,4.98,4.75,4.63,4.78,4.52,4.72,4.86,4.62,4.73,4.87,4.63,4.99,5.15,4.87,6457,0
2025-11-19 02:00:00,1.27,3.31,6.78,6.1,5.99,5.35,0.36,0.32,5.14,5.35,4.92,5.07,5.23,4.83,5.17,5.35,4.87,5.18,5.36,4.89,5.01,5.23,4.76,5.1,5.33,4.86,5.1,5.34,4.87,5.39,5.58,5.13,6459,0
2025-11-19 01:00:00,1.27,3.24,6.66,6.04,5.99,5.35,0.37,0.32,5.66,5.94,5.36,5.57,5.82,5.32,5.66,5.94,5.37,5.68,5.94,5.35,5.52,5.77,5.23,5.6,5.81,5.33,5.61,5.82,5.34,5.89,6.09,5.58,6461,0
2025-11-19 00:00:00,1.29,3.17,6.63,6.06,5.89,5.32,0.36,0.33,6.07,6.18,5.82,6.02,6.17,5.82,6.14,6.3,5.93,6.16,6.34,5.94,6.01,6.19,5.8,6.09,6.28,5.83,6.09,6.29,5.82,6.37,6.58,6.12,6446,0
2025-11-18 23:00:00,1.29,3.09,6.59,6,5.9,5.1,0.37,0.32,6.56,7,6.18,6.52,7,6.17,6.62,7.02,6.29,6.64,7.03,6.29,6.5,6.9,6.18,6.59,6.98,6.28,6.61,7,6.29,6.92,7.28,6.63,6470,0
2025-11-18 22:00:00,1.3,3.09,6.51,5.77,5.72,4.67,0.39,0.27,7.34,7.71,7.1,7.27,7.62,7,7.37,7.72,7.12,7.39,7.75,7.12,7.26,7.6,7,7.31,7.7,7.05,7.35,7.71,7.08,7.65,8,7.36,6475,0
2025-11-18 21:00:00,1.28,2.98,6.28,5.58,5.59,4.66,0.34,0.22,8.22,8.56,7.83,8.14,8.49,7.72,8.22,8.54,7.83,8.24,8.58,7.86,8.1,8.43,7.72,8.16,8.53,7.78,8.17,8.54,7.82,8.45,8.79,8.07,6484,0
2025-11-18 20:00:00,1.22,2.96,6.24,5.58,5.56,4.63,0.29,0.17,9.08,9.6,8.6,9.03,9.6,8.54,9.12,9.68,8.6,9.13,9.68,8.66,9.01,9.6,8.49,9.05,9.59,8.53,9.08,9.6,8.62,9.4,9.96,8.89,6497,0
2025-11-18 19:00:00,1.23,2.99,6.25,5.63,5.54,4.61,0.24,0.16,10.54,11.38,9.74,10.5,11.38,9.68,10.6,11.49,9.82,10.58,11.49,9.8,10.48,11.38,9.7,10.51,11.37,9.71,10.52,11.37,9.72,10.85,11.73,10.08,6519,0
2025-11-18 18:00:00,1.32,3.11,6.44,5.82,5.64,4.75,0.35,0.28,14.03,17.43,11.62,14.1,17.62,11.64,14.09,17.35,11.73,14.03,17.29,11.73,13.87,17.04,11.62,13.91,17.16,11.63,13.96,17.29,11.62,14.25,17.54,11.97,6546,0
2025-11-18 17:00:00,1.45,3.44,6.92,6.29,5.87,5,0.53,0.5,23.77,26.68,18.36,24.51,28.29,18.59,23.59,27.22,18.24,23.96,28.16,18.23,23.38,27.35,17.89,24.05,28.62,18.1,24.53,29.68,18.23,24.98,30.54,18.45,6588,2434
2025-11-18 16:00:00,1.47,3.47,7.3,6.74,6.1,5.4,0.64,0.54,28.71,29.71,27.46,30.8,31.6,29.11,29.71,30.42,28.05,30.47,31.18,28.88,29.59,30.3,28.06,30.88,31.54,29.34,31.94,32.54,30.33,32.91,33.49,31.17,6635,6890
2025-11-18 15:00:00,1.48,3.4,7.34,6.74,6.16,5.34,0.6,0.47,27.29,27.64,27.06,30.04,30.55,29.7,29.25,30.02,28.97,29.93,30.45,29.63,28.85,29.35,28.48,30.27,30.64,29.86,31.75,32.13,31.34,33.16,33.61,32.78,6646,6913
2025-11-18 14:00:00,1.31,3.44,7.32,7.07,6.23,5.42,0.51,0.36,26.83,28.16,24.47,28.32,30.9,24.39,29.15,30.66,26.15,29.6,31.23,26.51,28.54,30.07,25.71,29.58,31.45,26.49,31.23,33,27.95,32.49,34.39,29.21,6646,6917
2025-11-18 13:00:00,1.24,3.58,7.48,6.93,6.27,5.62,0.54,0.32,23.18,23.91,21.78,24.39,26.75,22.72,26.62,28.76,24.98,27.1,28.88,25.33,26.82,28.89,24.92,27.31,29.22,25.67,29.28,31.66,26.99,30.11,32.31,27.82,6640,6906
2025-11-18 12:00:00,1.12,3.44,7.44,7.19,6.62,5.67,0.62,0.73,20.65,23.04,17.04,22.24,26.04,17.29,26.49,28.05,24.03,26.37,27.81,25.45,26.73,28.05,25.69,27.43,28.51,26.15,29.17,30.89,26.63,26.24,31.14,19.07,6662,6929
2025-11-18 11:00:00,1.31,3.3,7.46,7.16,6.97,6.52,1.71,1.69,12.77,16.34,10.43,13.14,16.23,10.72,16.09,23.08,11.86,22.78,25.4,19.17,22.89,25.52,19.77,21.39,25.79,15.73,17.61,25.68,11.58,15.05,17.87,12.64,6673,6957
2025-11-18 10:00:00,1.39,3.33,6.96,7.4,8.06,7.96,2.4,2.14,9.05,10.2,7.96,9.24,10.44,8.08,9.55,11.16,8.3,10.9,17.29,8.42,11.18,18.28,8.24,9.99,14.13,8.17,9.36,11.03,8.18,10.29,11.89,8.3,6644,6937
2025-11-18 09:00:00,1.44,3.5,7,7.37,8.03,7.85,2.64,2.43,6.86,7.81,6.17,6.94,7.94,6.17,7.12,8.07,6.41,7.23,8.18,6.53,7.1,8.03,6.4,7.2,8.03,6.5,7.24,7.96,6.64,7.55,8.16,7,6577,6870
2025-11-18 08:00:00,1.37,3.53,7.05,7.28,7.82,7.83,2.75,2.54,5.89,6.06,5.79,5.91,6.08,5.81,6.04,6.29,5.91,6.15,6.41,5.99,6.02,6.3,5.83,6.11,6.4,5.93,6.21,6.52,6.05,6.55,6.88,6.39,6481,6732
2025-11-18 07:00:00,1.42,3.42,7.03,7.24,7.81,7.77,2.75,2.54,6.21,6.53,5.9,6.22,6.53,5.92,6.33,6.64,6.05,6.42,6.73,6.11,6.29,6.61,5.97,6.38,6.65,6.05,6.48,6.76,6.17,6.81,7.11,6.53,6461,0
2025-11-18 06:00:00,1.47,3.39,7.04,7.28,7.83,7.67,2.72,2.51,6.88,7.02,6.54,6.87,7,6.54,6.98,7.12,6.65,7.05,7.24,6.76,6.94,7.13,6.65,7.01,7.23,6.75,7.13,7.35,6.79,7.4,7.6,7.12,6461,0
2025-11-18 05:00:00,1.45,3.38,7.02,7.31,7.87,7.12,2.75,2.53,6.57,7.06,6.03,6.56,7.03,5.98,6.67,7.12,6.09,6.78,7.24,6.17,6.67,7.13,6.06,6.76,7.23,6.14,6.86,7.35,6.17,7.14,7.69,6.43,6457,0
2025-11-18 04:00:00,1.37,3.42,6.99,7.18,6.86,7.07,2.69,2.55,5.76,5.98,5.58,5.68,5.94,5.48,5.76,6.05,5.58,5.81,6.08,5.6,5.63,5.94,5.46,5.67,6.04,5.45,5.67,6.05,5.46,5.92,6.29,5.7,6457,0
2025-11-18 03:00:00,1.38,3.36,6.99,7.2,6.41,7.09,2.45,2.53,5.91,6.22,5.7,5.83,6.17,5.59,5.92,6.21,5.7,5.94,6.28,5.7,5.76,6.06,5.57,5.79,6.07,5.57,5.77,6.05,5.58,6.04,6.31,5.82,6461,0
2025-11-18 02:00:00,1.43,3.3,6.98,7.12,6.37,6.6,2.3,2.5,6.5,6.65,6.29,6.41,6.59,6.2,6.49,6.65,6.29,6.52,6.72,6.29,6.36,6.53,6.18,6.37,6.55,6.16,6.36,6.54,6.17,6.6,6.8,6.41,6461,0
2025-11-18 01:00:00,1.43,3.33,6.96,7.07,6.27,6.08,2.33,2.49,6.91,7.05,6.63,6.84,7,6.53,6.9,7.01,6.65,6.9,7.01,6.64,6.75,6.89,6.51,6.75,6.87,6.52,6.73,6.87,6.52,6.97,7.11,6.77,6461,0
2025-11-18 00:00:00,1.41,3.28,6.93,6.87,6.18,5.63,2.38,2.4,7.33,7.59,7.09,7.25,7.49,7,7.33,7.59,7.07,7.35,7.64,7.05,7.2,7.49,6.89,7.21,7.52,6.87,7.2,7.47,6.88,7.41,7.71,7.12,6446,0
2025-11-17 23:00:00,1.39,3.22,6.87,6.72,6.02,5.55,2.4,2.32,7.68,7.83,7.57,7.59,7.77,7.48,7.69,7.85,7.58,7.73,7.95,7.59,7.58,7.75,7.48,7.61,7.82,7.47,7.61,7.83,7.47,7.82,8.04,7.71,6466,0
2025-11-17 22:00:00,1.33,3.11,6.8,6.6,5.72,5.24,2.44,2.25,8.24,8.66,7.83,8.18,8.54,7.82,8.27,8.67,7.86,8.3,8.68,7.93,8.18,8.6,7.81,8.2,8.64,7.82,8.19,8.6,7.83,8.42,8.82,8.05,6470,0
2025-11-17 21:00:00,1.29,3.1,6.56,6.54,5.69,5.11,2.45,2.15,8.94,9.13,8.78,8.86,9.04,8.66,8.96,9.13,8.77,8.98,9.13,8.77,8.86,9.02,8.66,8.87,9.03,8.68,8.87,9.04,8.68,9.1,9.26,8.89,6475,0
2025-11-17 20:00:00,1.25,3.05,6.51,6.49,5.61,5.08,2.32,1.98,9.54,10.06,9.13,9.49,9.96,9.13,9.59,10.08,9.2,9.62,10.09,9.22,9.53,10.02,9.13,9.57,10.06,9.12,9.57,10.07,9.13,9.79,10.29,9.37,6486,0
2025-11-17 19:00:00,1.25,3.04,6.61,6.5,5.6,5.17,2.18,1.87,10.45,10.91,10.14,10.43,10.91,10.08,10.53,11.01,10.18,10.54,11,10.22,10.47,10.91,10.16,10.5,10.9,10.18,10.51,10.9,10.18,10.74,11.14,10.43,6504,0
2025-11-17 18:00:00,1.31,3.12,6.8,6.67,5.68,5.74,2.06,1.77,12.36,14.33,11.03,12.49,14.64,11.04,12.55,14.63,11.14,12.53,14.57,11.14,12.46,14.46,11.12,12.46,14.51,11.09,12.54,14.68,11.11,12.72,14.81,11.26,6533,0
2025-11-17 17:00:00,1.39,3.48,7.51,7.18,6.48,6.86,1.59,1.29,18.87,22.01,14.81,19.6,22.97,15.16,19.1,22.14,15.16,18.96,22.02,15.04,18.52,21.31,14.96,18.77,21.77,15.03,19.25,22.5,15.28,19.21,22.38,15.4,6577,4609
2025-11-17 16:00:00,1.41,3.53,8.18,7.73,7.3,6.81,1.75,1.6,17.05,21.19,14.23,17.83,22.26,14.7,17.68,21.42,14.93,17.78,21.31,15.14,17.5,20.7,15.17,17.77,21.19,15.27,18.11,21.78,15.5,17.99,21.67,15.39,6631,6898
2025-11-17 15:00:00,1.39,3.39,8.3,7.73,7.23,6.91,1.93,1.86,14.32,14.45,14.19,14.81,14.96,14.62,15.01,15.17,14.84,15.24,15.4,15.04,15.28,15.48,15.06,15.47,15.64,15.24,15.77,15.99,15.4,15.62,15.87,15.29,6640,6898
2025-11-17 14:00:00,1.37,3.39,8.64,7.93,7.56,7.16,2.01,2,13.92,14.22,13.57,14.17,14.67,13.66,14.26,14.69,13.86,14.52,15.04,14.08,14.52,15.05,13.98,14.82,15.36,14.31,15.27,15.75,14.67,15.15,15.57,14.59,6671,6957
2025-11-17 13:00:00,1.45,3.66,9.15,8.38,8.29,7.95,2.23,2.36,12.95,13.45,12.56,12.99,13.51,12.56,13.19,13.79,12.71,13.31,13.98,12.81,13.24,13.87,12.8,13.42,14.2,12.89,13.54,14.45,12.99,13.66,14.45,13.15,6626,6913
2025-11-17 12:00:00,1.52,3.87,9.4,8.61,8.56,8.18,2.46,2.67,12.48,12.56,12.41,12.48,12.56,12.38,12.6,12.69,12.51,12.72,12.8,12.6,12.69,12.8,12.57,12.76,12.89,12.67,12.85,12.93,12.8,13.04,13.14,12.97,6528,6799
2025-11-17 11:00:00,1.55,3.87,9.18,8.58,8.5,8.37,2.44,2.68,12.38,12.45,12.24,12.38,12.45,12.23,12.49,12.56,12.32,12.61,12.68,12.44,12.58,12.68,12.45,12.63,12.75,12.5,12.74,12.85,12.59,12.93,13.03,12.78,6519,6772
2025-11-17 10:00:00,1.62,3.72,9.15,8.45,8.06,7.9,2.46,2.64,12.54,12.95,12.21,12.62,13.03,12.21,12.71,13.22,12.32,12.83,13.32,12.44,12.84,13.31,12.45,12.91,13.43,12.48,13.03,13.62,12.56,13.16,13.71,12.76,6504,6732
2025-11-17 09:00:00,1.42,3.41,8.61,7.97,7.17,7.21,2.14,2.11,12.47,12.92,11.85,12.54,13.03,11.85,12.71,13.16,12.03,12.86,13.29,12.2,12.86,13.3,12.19,12.99,13.42,12.23,13.17,13.63,12.32,13.18,13.65,12.45,6537,6799
2025-11-17 08:00:00,1.38,3.5,8.77,8.11,7.49,7.19,2.29,2.3,11.64,11.73,11.5,11.63,11.73,11.5,11.74,11.89,11.61,11.86,12.06,11.72,11.85,12.05,11.68,11.91,12.07,11.72,11.99,12.19,11.84,12.17,12.32,12.04,6495,6756
2025-11-17 07:00:00,1.37,3.52,8.78,8.11,7.63,7.15,2.3,2.36,11.43,11.5,11.38,11.42,11.49,11.38,11.52,11.58,11.49,11.63,11.7,11.6,11.61,11.65,11.57,11.68,11.72,11.6,11.74,11.82,11.72,11.94,11.99,11.86,6481,0
2025-11-17 06:00:00,1.38,3.52,8.76,8.16,7.67,7.15,2.34,2.44,11.42,11.49,11.38,11.42,11.49,11.38,11.51,11.58,11.49,11.63,11.7,11.6,11.61,11.63,11.58,11.67,11.72,11.6,11.72,11.76,11.65,11.93,11.97,11.85,6481,0
2025-11-17 05:00:00,1.34,3.47,8.69,8.09,7.48,7.06,2.27,2.29,11.57,11.61,11.5,11.57,11.61,11.5,11.68,11.73,11.6,11.8,11.85,11.72,11.79,11.86,11.67,11.81,11.86,11.72,11.9,11.96,11.79,12.11,12.21,11.97,6481,0
2025-11-17 04:00:00,1.36,3.4,8.68,8,7.33,7.03,2.27,2.24,11.62,11.67,11.61,11.61,11.64,11.61,11.73,11.74,11.73,11.85,11.85,11.85,11.86,11.86,11.86,11.85,11.89,11.84,11.96,11.96,11.95,12.18,12.21,12.13,6481,0
2025-11-17 03:00:00,1.42,3.44,8.73,7.88,7.38,7.11,2.3,2.28,11.71,11.74,11.64,11.7,11.73,11.63,11.79,11.85,11.73,11.89,11.95,11.85,11.87,11.92,11.86,11.95,11.96,11.92,12.03,12.08,11.96,12.22,12.25,12.21,6481,0
2025-11-17 02:00:00,1.36,3.38,8.67,7.74,7.19,7.03,2.28,2.26,11.6,11.65,11.53,11.59,11.61,11.52,11.69,11.73,11.62,11.79,11.85,11.73,11.77,11.86,11.74,11.84,11.9,11.79,11.9,11.96,11.85,12.13,12.21,12.09,6481,0
2025-11-17 01:00:00,1.37,3.43,8.71,7.8,7.19,7.08,2.26,2.22,11.68,11.73,11.61,11.65,11.72,11.61,11.75,11.8,11.73,11.86,11.89,11.84,11.85,11.86,11.77,11.94,11.96,11.84,12.03,12.08,11.95,12.23,12.32,12.15,6481,0
2025-11-17 00:00:00,1.33,3.42,8.78,7.81,7.25,7,2.3,2.26,11.56,11.61,11.46,11.54,11.61,11.38,11.65,11.73,11.51,11.76,11.85,11.62,11.74,11.86,11.62,11.81,11.88,11.72,11.91,11.98,11.85,12.15,12.22,12.01,6466,0
2025-11-16 23:00:00,1.3,3.44,8.88,7.8,7.25,6.76,2.31,2.33,11.1,11.38,10.82,11.07,11.38,10.79,11.17,11.49,10.9,11.27,11.61,10.99,11.25,11.62,10.91,11.33,11.69,11.01,11.42,11.76,11.04,11.64,11.98,11.26,6488,0
2025-11-16 22:00:00,1.28,3.43,8.94,7.72,7.13,6.67,2.13,2.33,11.06,11.44,10.79,11.02,11.38,10.78,11.1,11.49,10.81,11.18,11.6,10.9,11.12,11.56,10.79,11.17,11.61,10.89,11.23,11.71,10.9,11.45,11.96,11.14,6502,0
2025-11-16 21:00:00,1.3,3.46,9.09,8.01,7.13,6.73,1.77,2.36,11.56,11.61,11.5,11.52,11.61,11.49,11.61,11.72,11.54,11.72,11.83,11.64,11.7,11.75,11.62,11.76,11.84,11.72,11.83,11.91,11.77,12.06,12.1,11.98,6510,0
2025-11-16 20:00:00,1.48,3.74,9.31,8.3,7.21,6.64,1.78,2.6,11.91,12.09,11.67,11.9,12.1,11.61,11.97,12.2,11.73,12.09,12.31,11.85,12.07,12.33,11.83,12.15,12.39,11.86,12.22,12.44,11.96,12.43,12.68,12.16,6530,0
2025-11-16 19:00:00,1.46,3.44,7.95,7.39,6.73,5.44,0.71,1.39,13.38,14.33,12.12,13.4,14.42,12.18,13.39,14.38,12.21,13.48,14.37,12.36,13.45,14.34,12.33,13.53,14.44,12.43,13.5,14.34,12.5,13.62,14.44,12.68,6550,0
2025-11-16 18:00:00,1.37,3.22,6.73,6.47,6.06,5.01,0.51,0.74,14.79,15.87,13.99,14.86,15.99,14.1,14.84,16.03,14.1,14.89,16.11,14.17,14.89,16.11,14.13,14.97,16.2,14.2,14.97,16.27,14.21,15.08,16.35,14.33,6577,0
2025-11-16 17:00:00,1.37,3.3,6.88,6.49,5.87,5.06,0.61,0.77,18.99,24.28,16.06,19.47,25.21,16.15,19.32,24.38,16.2,19.67,25.21,16.33,19.47,24.64,16.32,19.96,25.67,16.44,20.39,26.58,16.45,20.71,27.08,16.58,6624,996
2025-11-16 16:00:00,1.44,3.55,7.41,6.85,6.14,5.82,0.89,0.75,23.45,24.62,21.98,24.43,25.56,22.98,23.83,24.74,22.73,24.6,25.57,23.43,24.04,24.98,22.89,25.07,26.05,23.9,26.04,27,24.85,26.65,27.57,25.54,6680,6941
2025-11-16 15:00:00,1.33,3.6,7.65,7.03,6.4,5.83,0.7,0.49,23.88,24.74,22.14,25.51,26.74,23.32,25.08,26.28,23.05,26.03,27.18,23.82,25.2,26.28,23.21,26.67,27.8,24.47,28.19,29.47,25.58,29.38,30.77,26.52,6688,6937
2025-11-16 14:00:00,1.23,3.64,7.76,7.46,6.79,6.04,0.8,0.62,23.84,24.71,22.03,24.81,26.28,21.78,25.45,26.51,23.28,26.01,27.1,23.6,24.96,26.08,22.62,26.36,27.6,23.44,28,29.35,24.68,28.86,30.42,24.98,6717,6996
2025-11-16 13:00:00,1.31,3.37,7.51,7.75,7.11,6.66,1.64,1.58,17.4,21.3,15.85,17.57,20.94,16.26,18.2,22.34,16.58,18.64,22.61,17.01,18.57,21.67,17.18,19,22.47,17.51,19.61,23.31,18,19.68,23.44,18.02,6720,6992
2025-11-16 12:00:00,1.37,3.45,7.65,7.59,7.16,7.01,1.72,1.75,15.9,16.82,15.4,16.39,17.41,15.86,17.02,18.95,16.16,17.54,19.65,16.58,17.61,19.66,16.65,18.04,20.26,17.02,18.7,20.99,17.53,18.26,19.29,17.53,6733,7028
2025-11-16 11:00:00,1.35,3.55,8.49,7.9,7.8,7.11,1.84,1.94,14.96,16.82,13.74,15.27,17.17,13.87,16.2,19.64,14.15,17.01,20.43,14.8,17.1,20.37,14.95,17.35,21.06,14.91,17.59,21.54,15.28,16.82,18.99,15.3,6697,6992
2025-11-16 10:00:00,1.39,3.71,9.03,8.65,8.39,7.83,2.21,2.38,12.94,13.71,12.44,12.98,13.75,12.44,13.15,14,12.57,13.42,14.45,12.73,13.51,14.62,12.71,13.57,14.65,12.8,13.79,15.05,12.91,13.89,15.04,13.03,6595,6870
2025-11-16 09:00:00,1.42,3.51,8.47,8.26,7.7,7.39,2.26,2.34,12.55,12.68,12.32,12.57,12.7,12.33,12.69,12.8,12.45,12.82,12.99,12.56,12.85,13.04,12.57,12.92,13.11,12.63,13,13.16,12.68,13.04,13.22,12.74,6510,6760
2025-11-16 08:00:00,1.4,3.37,8.3,7.92,7.55,7.31,2.23,2.29,12.2,12.31,12.12,12.2,12.32,12.09,12.26,12.43,12.2,12.37,12.55,12.3,12.33,12.5,12.22,12.33,12.55,12.21,12.42,12.64,12.32,12.48,12.68,12.35,6493,6740
2025-11-16 07:00:00,1.42,3.43,8.41,8.03,7.77,7.6,2.25,2.31,12.19,12.32,12.11,12.15,12.26,12.09,12.23,12.32,12.18,12.31,12.44,12.25,12.27,12.4,12.21,12.26,12.43,12.19,12.35,12.46,12.29,12.4,12.56,12.32,6481,0
2025-11-16 06:00:00,1.4,3.49,8.59,8.29,8.05,7.81,2.25,2.34,12.38,12.44,12.3,12.31,12.33,12.24,12.41,12.45,12.32,12.52,12.56,12.44,12.5,12.57,12.44,12.52,12.55,12.43,12.59,12.67,12.54,12.67,12.69,12.56,6481,0
2025-11-16 05:00:00,1.45,3.59,8.78,8.42,8.36,7.93,2.32,2.42,12.21,12.21,12.2,12.2,12.21,12.15,12.28,12.32,12.21,12.39,12.44,12.33,12.36,12.42,12.33,12.43,12.43,12.43,12.49,12.56,12.44,12.66,12.68,12.6,6481,0
2025-11-16 04:00:00,1.42,3.63,8.88,8.53,8.56,8.05,2.42,2.55,11.83,12.21,11.24,11.8,12.18,11.19,11.89,12.24,11.26,12,12.37,11.38,11.98,12.33,11.38,12.04,12.43,11.37,12.09,12.46,11.4,12.23,12.61,11.59,6481,0
2025-11-16 03:00:00,1.34,3.67,9.03,8.14,8.53,8.03,2.43,2.55,11.41,12.45,10.8,11.37,12.42,10.79,11.41,12.44,10.9,11.44,12.45,10.9,11.36,12.36,10.84,11.36,12.33,10.88,11.34,12.32,10.8,11.44,12.32,11.01,6481,0
2025-11-16 02:00:00,1.44,4.05,9.34,8.49,8.38,7.94,2.33,2.53,13.22,13.58,12.68,13.13,13.51,12.56,13.21,13.61,12.65,13.25,13.62,12.68,13.21,13.63,12.57,13.19,13.61,12.55,13.16,13.62,12.5,13.19,13.63,12.56,6488,0
2025-11-16 01:00:00,1.44,4.16,9.43,8.77,8.41,8,2.33,2.54,13.79,13.98,13.58,13.74,13.87,13.51,13.8,13.98,13.62,13.88,14.03,13.64,13.87,13.98,13.63,13.86,13.98,13.61,13.85,13.97,13.61,13.87,13.99,13.63,6488,0
2025-11-16 00:00:00,1.51,4.18,9.47,8.95,8.54,8.14,2.4,2.6,14.13,14.25,13.98,14.1,14.22,13.95,14.16,14.3,13.98,14.25,14.35,14.09,14.25,14.38,14.1,14.28,14.44,14.08,14.28,14.45,14.07,14.31,14.45,14.09,6470,0
2025-11-15 23:00:00,1.55,4.35,9.6,9.07,8.64,8.21,2.52,2.82,14.09,14.22,13.88,14.04,14.21,13.86,14.13,14.23,13.98,14.24,14.33,14.09,14.25,14.34,14.1,14.27,14.41,14.08,14.31,14.44,14.12,14.36,14.45,14.22,6488,0
2025-11-15 22:00:00,1.43,4.21,9.42,8.84,8.49,8.09,2.31,2.51,13.9,13.98,13.86,13.86,13.96,13.81,13.93,13.99,13.86,14.03,14.09,13.98,14.05,14.1,13.98,14.07,14.13,14,14.09,14.17,14.04,14.16,14.22,14.1,6488,0
2025-11-15 21:00:00,1.5,4.3,9.56,9.1,8.6,8.19,2.42,2.71,14.01,14.08,13.98,13.97,13.99,13.9,14.06,14.1,13.98,14.15,14.21,14.09,14.16,14.22,14.1,14.17,14.21,14.09,14.19,14.23,14.09,14.22,14.32,14.15,6488,0
2025-11-15 20:00:00,1.59,4.46,9.81,9.43,8.85,8.46,2.59,2.91,13.54,13.91,13.13,13.49,13.86,13.04,13.56,13.97,13.15,13.66,14.01,13.27,13.68,14.07,13.28,13.69,14.08,13.28,13.72,14.09,13.35,13.76,14.1,13.39,6488,0
2025-11-15 19:00:00,1.85,4.82,10.5,9.9,9.38,8.98,2.97,3.37,12.6,13.02,12.32,12.57,12.92,12.32,12.65,13.03,12.37,12.77,13.15,12.49,12.76,13.16,12.46,12.82,13.21,12.55,12.87,13.27,12.56,12.95,13.28,12.68,6497,0
2025-11-15 18:00:00,1.94,4.92,10.87,10,9.44,9.13,3.08,3.51,13.2,14.81,12.26,13.19,14.81,12.24,13.26,14.81,12.32,13.38,14.92,12.44,13.32,14.83,12.45,13.37,14.87,12.45,13.41,14.91,12.56,13.5,14.92,12.68,6510,0
2025-11-15 17:00:00,1.42,4.08,9.51,8.72,8.16,7.89,2.23,2.48,14.89,14.96,14.81,14.85,14.93,14.75,14.91,15.03,14.81,15.06,15.17,14.92,15.03,15.17,14.83,15.06,15.22,14.91,15.1,15.28,14.91,15.14,15.37,14.93,6533,307
2025-11-15 16:00:00,1.49,4.24,9.83,8.99,8.27,8.07,2.38,2.67,15.2,15.4,14.93,15.15,15.29,14.93,15.23,15.4,15.03,15.37,15.51,15.16,15.37,15.52,15.17,15.44,15.62,15.24,15.47,15.64,15.28,15.56,15.75,15.38,6573,5385
2025-11-15 15:00:00,1.42,4.13,9.6,8.78,8.1,7.88,2.26,2.52,15.4,15.64,14.99,15.24,15.41,14.93,15.33,15.52,15.02,15.5,15.75,15.18,15.51,15.75,15.17,15.59,15.82,15.27,15.66,15.87,15.39,15.69,15.87,15.4,6635,6878
2025-11-15 14:00:00,1.52,4.31,9.91,9.09,8.48,8.26,2.44,2.87,14.53,14.81,14.33,14.54,14.81,14.33,14.64,14.92,14.45,14.78,15.09,14.57,14.79,15.06,14.58,14.87,15.16,14.68,14.98,15.22,14.8,15.09,15.32,14.93,6626,6906
2025-11-15 13:00:00,1.4,4,9.49,8.76,8.12,7.89,2.19,2.42,14.27,14.69,13.74,14.28,14.7,13.77,14.42,14.92,13.88,14.6,15.06,14.09,14.61,15.03,14.1,14.74,15.15,14.23,14.94,15.39,14.38,15.04,15.47,14.57,6644,6886
2025-11-15 12:00:00,1.52,4.4,10.24,9.35,8.83,8.52,2.67,2.97,13.57,13.74,13.48,13.56,13.74,13.47,13.67,13.86,13.54,13.81,13.98,13.72,13.83,14.05,13.73,13.92,14.2,13.77,14.02,14.33,13.86,14.16,14.45,13.98,6640,6909
2025-11-15 11:00:00,1.48,4.32,10.07,9.15,8.73,8.47,2.56,3.07,14.27,14.93,13.72,14.25,15.02,13.7,14.34,15.07,13.74,14.5,15.28,13.9,14.51,15.29,13.9,14.63,15.5,13.97,14.75,15.62,14.09,14.89,15.72,14.22,6631,6870
2025-11-15 10:00:00,1.36,3.67,8.87,8.08,7.06,7.1,1.98,2.13,15.99,16.58,15.04,16.11,16.73,15.16,16.22,16.82,15.2,16.57,17.27,15.43,16.61,17.29,15.44,16.71,17.45,15.61,16.91,17.64,15.75,16.77,17.51,15.84,6677,6957
2025-11-15 09:00:00,1.39,3.63,8.84,8.13,6.85,7.36,2.03,2.2,14.83,15.52,14.19,14.88,15.64,14.19,15.06,15.8,14.32,15.28,16.11,14.49,15.21,16.1,14.47,15.42,16.1,14.63,15.79,16.45,14.8,15.55,16.18,14.82,6628,6925
2025-11-15 08:00:00,1.45,3.81,9.27,8.57,7.38,7.42,2.32,2.54,13.09,13.85,12.8,13.06,13.85,12.8,13.14,13.89,12.91,13.27,14.09,12.98,13.28,14.1,12.97,13.31,14.2,13.02,13.4,14.3,13.09,13.48,14.33,13.16,6537,6827
2025-11-15 07:00:00,1.49,3.93,9.49,8.9,7.5,7.57,2.47,2.81,12.75,12.8,12.69,12.71,12.8,12.68,12.8,12.85,12.8,12.91,12.95,12.9,12.91,12.92,12.88,12.93,13.02,12.9,13.01,13.03,12.94,13.09,13.15,13.03,6484,0
2025-11-15 06:00:00,1.51,3.97,9.61,9.04,7.71,7.69,2.58,2.97,12.62,12.7,12.56,12.6,12.68,12.56,12.7,12.8,12.62,12.8,12.89,12.71,12.79,12.86,12.69,12.83,12.9,12.78,12.88,12.94,12.8,13.01,13.04,12.93,6484,0
2025-11-15 05:00:00,1.5,3.94,9.54,8.93,7.66,7.64,2.54,2.91,12.53,12.57,12.49,12.49,12.56,12.44,12.59,12.68,12.56,12.7,12.8,12.68,12.68,12.74,12.67,12.73,12.78,12.67,12.79,12.81,12.76,12.91,12.92,12.87,6484,0
2025-11-15 04:00:00,1.58,4.09,9.78,9.17,7.82,7.85,2.76,3.2,12.61,12.67,12.56,12.56,12.58,12.55,12.68,12.68,12.67,12.8,12.8,12.77,12.77,12.8,12.71,12.79,12.81,12.78,12.84,12.9,12.8,12.94,13.01,12.92,6484,0
2025-11-15 03:00:00,1.48,3.84,9.45,8.83,7.62,7.58,2.49,2.7,12.56,12.57,12.55,12.51,12.55,12.49,12.58,12.66,12.56,12.68,12.7,12.68,12.68,12.68,12.68,12.74,12.78,12.72,12.8,12.8,12.78,12.92,12.92,12.92,6484,0
2025-11-15 02:00:00,1.5,3.95,9.54,8.95,7.68,7.68,2.52,2.87,12.5,12.56,12.45,12.46,12.53,12.44,12.56,12.56,12.56,12.68,12.68,12.68,12.67,12.68,12.65,12.69,12.78,12.67,12.77,12.8,12.71,12.87,12.92,12.8,6486,0
2025-11-15 01:00:00,1.59,3.96,9.62,8.95,7.81,7.75,2.62,2.97,12.35,12.44,12.21,12.34,12.44,12.21,12.42,12.56,12.32,12.52,12.65,12.42,12.51,12.57,12.34,12.57,12.67,12.43,12.62,12.68,12.45,12.74,12.81,12.58,6488,0
2025-11-15 00:00:00,1.47,3.83,9.39,8.72,7.51,7.57,2.43,2.76,12.38,12.54,12.21,12.33,12.46,12.18,12.42,12.56,12.25,12.52,12.68,12.32,12.51,12.68,12.33,12.54,12.68,12.35,12.59,12.78,12.41,12.7,12.86,12.55,6475,0
2025-11-14 23:00:00,1.6,3.96,9.59,8.85,7.63,7.78,2.65,2.98,12.43,12.58,12.21,12.4,12.56,12.14,12.48,12.68,12.21,12.59,12.77,12.32,12.57,12.74,12.33,12.63,12.78,12.38,12.67,12.84,12.44,12.79,12.92,12.56,6502,0
2025-11-14 22:00:00,1.46,3.74,9.25,8.4,7.36,7.37,2.46,2.59,11.94,12.11,11.73,11.9,12.09,11.73,12,12.2,11.85,12.09,12.31,11.92,12.05,12.3,11.86,12.08,12.31,11.84,12.1,12.35,11.85,12.22,12.48,11.97,6517,0
2025-11-14 21:00:00,1.49,3.73,9.16,8.44,6.88,7.4,2.37,2.54,12.3,12.51,11.86,12.27,12.44,11.85,12.37,12.56,11.96,12.45,12.68,11.99,12.43,12.68,11.97,12.46,12.67,11.96,12.5,12.78,11.98,12.63,12.91,12.1,6530,0
2025-11-14 20:00:00,1.46,3.67,9.19,8.42,6.87,7.43,2.37,2.53,12.4,12.45,12.32,12.37,12.44,12.32,12.45,12.55,12.39,12.56,12.67,12.47,12.54,12.62,12.45,12.59,12.67,12.55,12.64,12.69,12.56,12.76,12.81,12.68,6548,0
2025-11-14 19:00:00,1.45,3.69,9.22,8.55,6.94,7.51,2.37,2.56,12.3,12.33,12.22,12.27,12.32,12.21,12.35,12.4,12.32,12.47,12.56,12.43,12.45,12.5,12.38,12.49,12.55,12.43,12.56,12.64,12.48,12.7,12.78,12.66,6564,0
2025-11-14 18:00:00,1.49,3.88,9.47,8.91,7.24,7.65,2.55,2.77,12.05,12.21,11.97,12.04,12.2,11.97,12.13,12.31,12.05,12.24,12.43,12.17,12.22,12.36,12.1,12.28,12.43,12.19,12.36,12.52,12.29,12.51,12.67,12.44,6588,0
2025-11-14 17:00:00,1.51,3.99,9.74,9.25,7.48,7.85,2.72,2.94,12.08,12.32,11.97,12.07,12.32,11.97,12.17,12.43,12.07,12.29,12.55,12.19,12.27,12.53,12.15,12.32,12.55,12.19,12.41,12.67,12.3,12.55,12.8,12.44,6608,2643
2025-11-14 16:00:00,1.52,3.95,9.53,9,7.15,7.61,2.64,2.86,12.93,13.27,12.42,12.89,13.27,12.41,12.98,13.31,12.45,13.11,13.44,12.61,13.1,13.45,12.57,13.18,13.49,12.67,13.24,13.58,12.74,13.38,13.65,12.92,6635,5897
2025-11-14 15:00:00,1.52,3.68,8.47,7.84,6.72,6.04,2.1,2.47,15.04,17.29,12.8,15.03,17.53,12.8,15.04,17.6,12.91,15.24,17.76,13.03,15.27,17.89,13.04,15.42,18.14,13.13,15.52,18.45,13.15,15.63,18.67,13.34,6675,2860
2025-11-14 14:00:00,1.27,3.31,7.19,6.79,6.14,5.81,1.13,0.96,20.57,22.97,17.65,21.15,23.64,18,21.57,24.27,18.12,22.14,25.09,18.33,21.83,24.39,18.41,22.6,25.5,18.74,23.68,27.08,19.18,24.07,27.59,19.42,6751,6984
2025-11-14 13:00:00,1.31,3.5,7.29,7.04,6.47,6.06,1.17,1.11,19.53,22,18.27,20.45,22.61,18.7,21.35,24.5,18.95,21.8,24.99,19.41,21.62,24.49,19.31,22.23,25.23,19.76,23.13,26.51,20.36,23.08,26.42,20.42,6795,7091
2025-11-14 12:00:00,1.37,3.65,7.75,7.56,7.19,6.48,1.44,1.5,16.85,18.29,15.36,18.38,20.06,16.2,19.34,21.19,17.17,19.84,21.55,17.95,19.9,21.67,18.01,20.24,22.24,18.04,20.99,23.18,18.45,20.35,22.74,17.41,6795,7095
2025-11-14 11:00:00,1.45,3.99,8.71,8.16,7.92,7.56,1.98,2.26,14.13,15.5,12.92,14.44,16.23,12.92,15.14,17.87,13.03,16.15,19.28,13.15,16.17,19.31,13.16,16.27,19.29,13.26,16.36,19.77,13.36,15.48,17.66,13.5,6684,6976
2025-11-14 10:00:00,1.63,4.36,9.49,8.84,8.47,8.42,2.55,2.89,12.93,13.27,12.8,12.95,13.27,12.8,13.06,13.4,12.91,13.23,13.62,13.03,13.2,13.56,13.04,13.31,13.72,13.14,13.45,13.92,13.22,13.58,13.98,13.37,6568,6835
2025-11-14 09:00:00,1.51,4.15,9.14,8.51,8.05,8,2.33,2.51,12.53,13.02,12.32,12.51,12.97,12.25,12.62,13.13,12.32,12.76,13.27,12.46,12.74,13.28,12.45,12.8,13.38,12.53,12.88,13.5,12.56,13.02,13.62,12.68,6530,6823
2025-11-14 08:00:00,1.58,4.31,9.66,8.76,8.38,8.29,2.53,2.83,12.28,12.33,12.21,12.25,12.32,12.21,12.33,12.4,12.31,12.43,12.5,12.39,12.41,12.45,12.33,12.45,12.55,12.42,12.49,12.56,12.44,12.61,12.68,12.56,6488,6677
2025-11-14 07:00:00,1.59,4.37,9.69,8.91,8.45,8.42,2.71,2.97,12.33,12.38,12.32,12.29,12.33,12.22,12.38,12.44,12.32,12.49,12.56,12.44,12.47,12.53,12.43,12.51,12.55,12.44,12.57,12.61,12.54,12.69,12.78,12.68,6484,0
2025-11-14 06:00:00,1.55,4.24,9.28,8.7,8.19,8.19,2.53,2.73,12.49,12.67,12.35,12.46,12.59,12.32,12.55,12.68,12.43,12.67,12.8,12.54,12.65,12.8,12.49,12.68,12.87,12.55,12.76,12.91,12.62,12.9,13.03,12.77,6484,0
2025-11-14 05:00:00,1.57,4.3,9.24,8.73,8.26,8.3,2.54,2.78,12.67,12.68,12.63,12.61,12.68,12.57,12.7,12.8,12.68,12.81,12.88,12.8,12.8,12.82,12.8,12.86,12.9,12.82,12.91,12.95,12.91,13.04,13.12,13.03,6484,0
2025-11-14 04:00:00,1.58,4.34,9.29,8.78,8.29,8.29,2.63,2.91,12.79,12.89,12.71,12.75,12.8,12.68,12.85,12.91,12.8,12.95,13.03,12.9,12.93,13.03,12.85,12.97,13.02,12.9,13.03,13.08,12.99,13.15,13.19,13.14,6486,0
2025-11-14 03:00:00,1.46,4.09,8.93,8.4,7.85,7.92,2.28,2.43,12.99,13.16,12.87,12.92,13.15,12.8,13,13.24,12.91,13.11,13.27,13.02,13.08,13.28,12.94,13.1,13.29,13.01,13.12,13.29,13.03,13.22,13.4,13.15,6488,0
2025-11-14 02:00:00,1.55,4.21,9.17,8.66,8.07,8.13,2.45,2.65,13.42,13.61,13.26,13.37,13.51,13.17,13.43,13.62,13.27,13.54,13.73,13.36,13.52,13.69,13.3,13.55,13.73,13.37,13.57,13.74,13.38,13.67,13.84,13.5,6488,0
2025-11-14 01:00:00,1.52,4.28,9.32,8.62,8.09,8.11,2.48,2.7,13.7,13.74,13.62,13.64,13.72,13.61,13.72,13.74,13.63,13.81,13.86,13.74,13.79,13.87,13.75,13.83,13.85,13.74,13.84,13.88,13.78,13.91,13.98,13.86,6488,0
2025-11-14 00:00:00,1.55,4.3,9.5,8.73,8.16,8.28,2.54,2.86,13.75,13.88,13.62,13.7,13.86,13.62,13.78,13.97,13.72,13.88,14.03,13.78,13.87,14.01,13.75,13.9,14.08,13.83,13.92,14.09,13.86,14,14.16,13.91,6470,0
2025-11-13 23:00:00,1.55,4.27,9.48,8.75,8.16,8.3,2.54,2.84,14.05,14.1,13.94,13.99,14.08,13.86,14.07,14.11,13.98,14.18,14.21,14.09,14.18,14.22,14.1,14.19,14.3,14.08,14.21,14.32,14.09,14.29,14.33,14.21,6488,0
2025-11-13 22:00:00,1.64,4.4,9.55,8.91,8.24,8.43,2.67,3.05,13.75,14.09,13.51,13.71,14.04,13.45,13.8,14.1,13.52,13.9,14.21,13.62,13.91,14.22,13.63,13.94,14.25,13.72,13.97,14.29,13.74,14.05,14.33,13.85,6488,0
2025-11-13 21:00:00,1.66,4.4,9.6,8.87,8.2,8.42,2.59,3,13.49,13.58,13.43,13.43,13.51,13.39,13.52,13.62,13.5,13.64,13.74,13.62,13.63,13.72,13.59,13.66,13.73,13.61,13.71,13.74,13.65,13.8,13.86,13.74,6488,0
2025-11-13 20:00:00,1.57,4.36,9.38,8.77,8.11,8.41,2.54,2.95,13.65,13.74,13.54,13.61,13.74,13.51,13.7,13.75,13.62,13.81,13.86,13.74,13.81,13.87,13.74,13.84,13.94,13.73,13.87,13.97,13.8,13.97,14.03,13.87,6493,0
2025-11-13 19:00:00,1.56,4.3,9.55,8.82,8.14,8.35,2.59,2.91,13.73,13.75,13.7,13.67,13.74,13.62,13.76,13.84,13.74,13.87,13.92,13.86,13.87,13.88,13.86,13.9,13.97,13.85,13.95,13.97,13.92,14.05,14.1,13.99,6502,0
2025-11-13 18:00:00,1.54,4.27,9.44,8.79,8.05,8.37,2.59,2.9,13.79,13.88,13.68,13.76,13.86,13.62,13.83,13.98,13.74,13.95,14.09,13.86,13.95,14.1,13.87,13.98,14.1,13.86,14.04,14.2,13.96,14.15,14.31,14.06,6517,0
2025-11-13 17:00:00,1.55,4.21,9.31,8.67,7.88,8.13,2.51,2.69,14.14,14.23,13.96,14.12,14.22,13.9,14.2,14.33,13.98,14.32,14.45,14.09,14.32,14.46,14.1,14.36,14.45,14.17,14.42,14.57,14.21,14.55,14.69,14.33,6542,1347
2025-11-13 16:00:00,1.55,4.1,9.12,8.57,7.68,7.95,2.38,2.54,14.38,14.57,14.22,14.4,14.6,14.22,14.5,14.69,14.33,14.63,14.82,14.45,14.63,14.84,14.46,14.69,14.91,14.48,14.73,14.94,14.57,14.87,15.12,14.69,6595,6275
2025-11-13 15:00:00,1.47,3.97,8.98,8.41,7.49,7.81,2.25,2.33,14.72,14.93,14.57,14.73,14.93,14.57,14.82,15.04,14.69,14.95,15.16,14.8,14.95,15.17,14.81,15.04,15.27,14.91,15.11,15.39,14.93,15.27,15.58,15.07,6640,6898
2025-11-13 14:00:00,1.54,3.95,9.19,8.58,7.58,8.01,2.39,2.55,14.75,14.94,14.22,14.77,14.93,14.33,14.89,15.04,14.45,15.03,15.16,14.66,15.05,15.19,14.69,15.15,15.31,14.79,15.28,15.44,14.92,15.45,15.64,15.11,6662,6917
2025-11-13 13:00:00,1.5,3.53,9.04,8.46,7.44,7.53,2.39,2.49,14.01,14.1,13.96,14.05,14.11,13.98,14.21,14.27,14.16,14.35,14.45,14.28,14.31,14.47,14.22,14.42,14.6,14.32,14.5,14.73,14.34,14.7,14.93,14.57,6644,6921
2025-11-13 12:00:00,1.41,3.37,8.43,8.14,6.92,6.1,1.24,1.64,13.82,13.98,13.73,13.94,14.13,13.85,14.03,14.18,13.96,14.2,14.42,14.09,14.18,14.34,14.08,14.28,14.5,14.19,14.32,14.45,14.21,14.46,14.69,14.33,6608,6878
2025-11-13 11:00:00,1.27,3,6.57,5.51,5.57,4.73,0.37,0.25,14.09,14.26,13.94,14.33,14.45,14.22,14.42,14.57,14.23,14.62,14.69,14.53,14.59,14.69,14.35,14.8,14.91,14.63,14.77,14.93,14.52,14.81,15,14.57,6577,6827
2025-11-13 10:00:00,1.23,2.97,6.46,5.44,5.4,4.63,0.32,0.15,13.7,14.22,13.08,13.68,14.22,13.03,13.91,14.47,13.27,14.02,14.57,13.39,14.04,14.58,13.39,14.14,14.79,13.49,14.23,14.8,13.53,14.26,14.84,13.63,6550,6831
2025-11-13 09:00:00,1.24,2.99,6.41,5.35,5.36,4.6,0.25,0.09,12.38,12.97,11.9,12.4,12.95,11.97,12.54,13.15,12.09,12.66,13.27,12.2,12.65,13.28,12.14,12.7,13.38,12.18,12.76,13.44,12.2,12.8,13.51,12.21,6524,6787
2025-11-13 08:00:00,1.26,3,6.44,5.37,5.41,4.65,0.27,0.12,11.99,12.18,11.84,11.99,12.2,11.85,12.11,12.3,11.97,12.18,12.32,12.08,12.15,12.31,12.02,12.14,12.31,11.98,12.06,12.2,11.96,12.04,12.12,11.97,6497,6732
2025-11-13 07:00:00,1.14,2.85,6.35,5.29,5.3,4.51,0.2,0.02,11.33,11.97,11.14,11.27,11.96,11.11,11.35,12.01,11.14,11.43,12.08,11.26,11.37,12.09,11.18,11.4,12.07,11.25,11.4,12.02,11.26,11.5,12.08,11.35,6488,0
2025-11-13 06:00:00,1.12,2.85,6.33,5.28,5.28,4.5,0.18,0.02,11.2,11.38,11.02,11.16,11.36,11.02,11.26,11.41,11.14,11.37,11.49,11.26,11.31,11.5,11.15,11.35,11.48,11.24,11.35,11.49,11.22,11.41,11.54,11.26,6488,0
2025-11-13 05:00:00,1.11,2.9,6.3,5.23,5.26,4.5,0.17,0,10.85,11.02,10.79,10.84,10.98,10.79,10.97,11.14,10.9,11.06,11.2,11.02,10.98,11.14,10.91,11.04,11.14,10.95,11.04,11.14,10.94,11.13,11.26,11.02,6495,0
2025-11-13 04:00:00,1.15,2.88,6.33,5.31,5.29,4.54,0.21,0.03,11.36,11.5,11.14,11.32,11.47,11.08,11.42,11.52,11.26,11.5,11.61,11.26,11.46,11.61,11.25,11.5,11.6,11.25,11.54,11.61,11.26,11.66,11.73,11.39,6502,0
2025-11-13 03:00:00,1.11,2.86,6.3,5.24,5.26,4.47,0.17,0.01,10.88,11.26,10.43,10.86,11.2,10.43,10.95,11.26,10.56,11.04,11.39,10.67,11.01,11.38,10.56,11.05,11.42,10.66,11.04,11.43,10.63,11.1,11.5,10.68,6506,0
2025-11-13 02:00:00,1.11,2.77,6.24,5.18,5.24,4.45,0.16,,10.15,10.56,9.85,10.14,10.55,9.84,10.23,10.67,9.96,10.26,10.67,10,10.15,10.56,9.85,10.14,10.54,9.89,10.14,10.53,9.87,10.29,10.65,10.08,6517,0
2025-11-13 01:00:00,1.11,2.83,6.27,5.2,5.25,4.45,0.15,0,10.71,10.92,10.39,10.67,10.91,10.31,10.77,11.02,10.31,10.79,11.02,10.39,10.69,10.95,10.27,10.71,11,10.24,10.67,10.93,10.18,10.76,11.02,10.31,6524,0
2025-11-13 00:00:00,1.1,2.78,6.26,5.17,5.25,4.44,0.17,,10.45,10.66,10.31,10.37,10.55,10.2,10.4,10.56,10.25,10.4,10.55,10.21,10.26,10.44,10.08,10.22,10.4,10.06,10.14,10.31,9.95,10.25,10.42,10.08,6517,0
2025-11-12 23:00:00,1.09,2.8,6.26,5.18,5.25,4.44,0.16,,10.6,10.95,10.34,10.47,10.8,10.24,10.51,10.9,10.31,10.48,10.85,10.29,10.32,10.69,10.08,10.24,10.65,10.05,10.11,10.46,9.95,10.21,10.55,10.07,6546,0
2025-11-12 22:00:00,1.14,2.87,6.34,5.29,5.27,4.49,0.17,,11.41,11.61,11.14,11.29,11.5,11.02,11.34,11.5,11.02,11.35,11.5,11.02,11.27,11.45,10.87,11.17,11.37,10.77,11.05,11.25,10.66,11.11,11.26,10.71,6550,0
2025-11-12 21:00:00,1.12,2.82,6.31,5.25,5.25,4.47,0.17,0.01,11.08,11.39,10.91,11.04,11.38,10.9,11.13,11.49,10.92,11.15,11.5,10.92,11.08,11.5,10.83,11.07,11.48,10.79,11.05,11.49,10.78,11.28,11.73,10.94,6564,0
2025-11-12 20:00:00,1.19,2.87,6.39,5.31,5.33,4.56,0.23,0.05,11.77,12.32,11.48,11.74,12.32,11.42,11.86,12.44,11.55,11.89,12.44,11.61,11.83,12.38,11.52,11.84,12.38,11.59,11.83,12.33,11.6,12.1,12.66,11.85,6588,0
2025-11-12 19:00:00,1.23,2.96,6.47,5.39,5.35,4.61,0.27,0.1,13.56,15.04,12.44,13.6,15.05,12.45,13.73,15.16,12.6,13.74,15.26,12.62,13.69,15.17,12.57,13.68,15.15,12.55,13.67,15.11,12.56,13.96,15.4,12.8,6604,0
2025-11-12 18:00:00,1.27,3.07,6.64,5.57,5.43,4.66,0.34,0.16,18.47,22.14,15.4,18.57,22.36,15.41,18.69,22.36,15.6,18.77,22.45,15.63,18.68,22.34,15.52,18.66,22.36,15.5,18.67,22.49,15.51,18.96,22.85,15.85,6631,0
2025-11-12 17:00:00,1.29,3.24,6.97,5.89,5.59,4.87,0.47,0.27,27.46,30.18,22.97,28,31.13,23.2,27.59,30.65,23.09,28.07,31.47,23.24,27.89,31.22,23.12,28.49,32.3,23.23,28.97,33.24,23.44,29.29,33.61,23.68,6688,6894
2025-11-12 16:00:00,1.32,3.29,7.22,6.12,5.85,4.97,0.55,0.38,30.97,31.65,30.18,32.15,33.02,31.17,31.65,32.49,30.65,32.58,33.37,31.49,32.09,32.79,31.25,33.29,34.07,32.3,34.52,35.38,33.3,35.18,36.29,33.73,6755,7024
2025-11-12 15:00:00,1.24,3.19,7.12,6.07,5.68,5,0.45,0.37,31.72,32.43,31.02,33.79,35.14,32.74,33.68,35.25,32.53,34.8,36.43,33.49,33.98,35.41,32.91,35.53,37.14,34.18,37.23,39.02,35.62,38.58,40.5,36.68,6773,7047
2025-11-12 14:00:00,1.07,3.26,7.15,6.08,5.7,4.88,0.42,0.3,33.2,33.96,32.54,35.8,36.68,34.79,37,37.98,35.97,37.92,38.68,37.11,36.76,37.58,36.09,38.16,39.04,37.58,39.97,40.82,39.28,41.39,42.34,40.45,6773,7055
2025-11-12 13:00:00,1.26,3.28,7.03,6.02,5.69,4.92,0.3,0.2,27.93,32.57,24.62,32.51,35.15,31.36,36.27,37.98,35.5,36.88,38.34,36.09,35.96,36.81,35.06,36.36,37.38,35.46,38.13,39.05,36.8,38.98,40.23,37.62,6769,7051
2025-11-12 12:00:00,1.28,3.09,6.75,5.74,5.51,4.7,0.1,0.11,22.45,24.27,20.37,27.79,31.72,22.49,33.15,35.38,28.88,33.48,35.62,30.89,33.54,35.39,31.24,33.5,35.5,31,35.47,37.86,32.07,33.55,38.33,26.18,6766,7043
2025-11-12 11:00:00,1.27,3.14,6.56,5.45,5.42,4.63,0.28,0.13,17.56,19.89,15.4,18.51,21.67,15.6,20.33,27.22,16.2,25.92,30.16,21.19,26.57,30.53,22.37,25.63,30.29,20.07,23.16,30.92,16.58,20.3,24.59,17.77,6742,7028
2025-11-12 10:00:00,1.23,3.05,6.42,5.4,5.33,4.59,0.25,0.04,13,15.04,10.74,13.11,15.17,10.91,13.35,15.74,11.06,14.35,19.52,11.15,14.69,20.96,11.1,13.88,18.57,11.01,13.24,15.9,11.02,13.13,16.6,10.45,6688,6976
2025-11-12 09:00:00,1.11,2.9,6.29,5.2,5.24,4.45,0.12,0,8.22,10.28,6.46,8.31,10.43,6.41,8.43,10.66,6.53,8.45,10.67,6.53,8.34,10.59,6.33,8.55,10.57,6.49,9.21,10.63,6.55,8.41,10.08,6.52,6604,6894
2025-11-12 08:00:00,1.07,2.93,6.41,5.09,5.17,4.48,0.09,,6.1,6.36,5.86,6.03,6.29,5.81,6.11,6.39,5.86,6.12,6.41,5.9,5.92,6.18,5.71,5.93,6.16,5.69,5.9,6.17,5.7,6.08,6.3,5.86,6495,6756
2025-11-12 07:00:00,1.11,2.91,6.39,5.12,5.24,4.52,0.11,,6.57,6.65,6.41,6.51,6.64,6.37,6.58,6.68,6.41,6.6,6.71,6.42,6.44,6.53,6.28,6.43,6.52,6.26,6.41,6.52,6.19,6.48,6.57,6.33,6488,650
2025-11-12 06:00:00,1.08,2.92,6.41,5.11,5.21,4.6,0.13,,6.32,6.49,6.29,6.2,6.41,6.13,6.25,6.47,6.17,6.27,6.52,6.19,6.1,6.3,6.05,6.11,6.35,6.04,6.09,6.3,6.03,6.21,6.41,6.09,6495,0
2025-11-12 05:00:00,1.04,3.02,6.47,5.1,5.25,4.51,0.13,,5.69,6.23,5.35,5.54,6.06,5.22,5.61,6.17,5.23,5.61,6.17,5.24,5.41,5.99,5.03,5.45,6.04,5.08,5.41,6.02,5,5.52,6.06,5.21,6506,0
2025-11-12 04:00:00,0.99,3.06,6.51,5.06,5.19,4.4,0.13,,5.02,5.23,4.87,4.9,5.12,4.76,4.97,5.12,4.86,4.97,5.14,4.87,4.76,4.96,4.64,4.78,4.98,4.65,4.76,4.94,4.63,5,5.12,4.9,6517,0
2025-11-12 03:00:00,1.01,3.04,6.51,5.07,5.16,4.38,0.11,,5.25,5.35,5.12,5.12,5.26,4.98,5.19,5.35,5.12,5.2,5.34,5.12,4.98,5.12,4.88,4.99,5.16,4.86,4.99,5.14,4.87,5.26,5.47,5.12,6524,0
2025-11-12 02:00:00,1.02,3.04,6.5,5.08,5.16,4.36,0.12,,5.49,5.7,5.35,5.39,5.58,5.24,5.44,5.59,5.33,5.45,5.58,5.34,5.25,5.41,5.12,5.29,5.45,5.12,5.27,5.45,5.12,5.56,5.7,5.47,6533,0
2025-11-12 01:00:00,1.03,2.93,6.43,5.07,5.17,4.38,0.11,,5.75,5.97,5.63,5.67,5.92,5.55,5.72,5.94,5.58,5.74,5.94,5.58,5.58,5.83,5.42,5.63,5.81,5.45,5.61,5.82,5.46,5.9,6.08,5.7,6542,0
2025-11-12 00:00:00,1.12,2.9,6.41,5.07,5.18,4.39,0.11,,6.34,6.53,6.06,6.22,6.41,5.95,6.26,6.43,6.05,6.26,6.41,6.05,6.09,6.3,5.83,6.1,6.28,5.92,6.06,6.24,5.83,6.35,6.53,6.17,6533,0
2025-11-11 23:00:00,1.14,2.9,6.4,5.1,5.21,4.39,0.14,,6.63,6.9,6.41,6.52,6.77,6.29,6.58,6.88,6.31,6.56,6.79,6.3,6.4,6.65,6.17,6.43,6.68,6.16,6.41,6.64,6.17,6.72,6.99,6.44,6550,0
2025-11-11 22:00:00,1.14,2.93,6.38,5.13,5.21,4.4,0.14,,7.15,7.31,7,7.07,7.24,6.85,7.15,7.36,6.93,7.12,7.38,6.88,6.98,7.26,6.73,7.03,7.3,6.75,7.02,7.35,6.76,7.31,7.62,7,6571,0
2025-11-11 21:00:00,1.14,2.9,6.32,5.14,5.22,4.42,0.15,,7.76,8.18,7.36,7.7,8.18,7.3,7.82,8.3,7.4,7.83,8.3,7.47,7.72,8.2,7.36,7.79,8.29,7.41,7.76,8.3,7.35,8.11,8.66,7.71,6582,0
2025-11-11 20:00:00,1.09,2.89,6.25,5.18,5.25,4.44,0.17,,8.98,9.72,8.34,8.95,9.68,8.3,9.08,9.82,8.42,9.1,9.83,8.42,8.99,9.72,8.31,9.04,9.71,8.41,9.03,9.72,8.41,9.36,10.08,8.75,6595,0
2025-11-11 19:00:00,1.14,2.93,6.3,5.25,5.28,4.5,0.18,0.01,10.93,12.44,9.84,10.96,12.5,9.83,11.1,12.67,9.96,11.11,12.67,9.96,11,12.57,9.85,10.99,12.53,9.84,10.97,12.44,9.84,11.35,12.84,10.2,6624,0
2025-11-11 18:00:00,1.23,3.11,6.55,5.5,5.42,4.64,0.31,0.12,16.38,21.08,12.92,16.39,21.04,12.94,16.4,20.84,13.06,16.43,20.85,13.05,16.26,20.71,12.93,16.23,20.78,12.9,16.22,20.95,12.87,16.56,21.22,13.25,6648,0
2025-11-11 17:00:00,1.28,3.28,7.03,5.95,5.6,4.85,0.43,0.23,29.86,33.96,22.45,30.77,35.86,22.38,29.67,34.32,22.14,29.92,34.66,22.13,29.27,33.62,21.92,29.81,34.43,22.13,30.33,35.43,22.27,30.73,35.91,22.61,6697,6772
2025-11-11 16:00:00,1.21,3.39,7.38,6.36,5.77,5.13,0.58,0.5,34.69,35.18,34.12,37.4,38.46,36.04,35.79,36.91,34.43,36.05,37.15,34.78,34.63,35.52,33.62,35.64,36.66,34.5,37,38.31,35.53,37.94,39.64,36.09,6780,7047
2025-11-11 15:00:00,1.16,3.31,7.35,6.36,5.76,5.13,0.53,0.38,33.36,34.72,31.48,37.25,38.22,35.29,36.28,36.97,35.03,36.5,37.15,35.38,34.88,35.5,33.74,35.97,36.66,34.81,37.66,38.34,36.58,39.34,40,38.34,6822,7110
2025-11-11 14:00:00,1.08,3.23,7.11,6.19,5.78,4.92,0.4,0.38,29.76,31.13,27.7,33.06,34.91,30.3,33.74,34.66,32.18,33.97,35.14,32.41,32.47,33.61,31.07,33.43,34.7,31.81,35.32,36.56,33.72,36.85,38.09,35.03,6822,7351
2025-11-11 13:00:00,1.23,3.25,6.9,6.07,5.68,4.87,0.48,0.22,23.22,27.11,20.96,26.91,29.61,25.92,29.24,31.76,28.29,29.47,32.06,28.38,28.71,30.78,27.58,29.23,31.47,28.04,31.21,33.47,29.75,32.26,34.62,30.77,6822,7118
2025-11-11 12:00:00,1.27,3.1,6.71,5.81,5.56,4.95,0.32,0.19,18.92,20.57,17.33,22.9,26.16,19.06,26.17,28.39,22.97,26.32,28.4,24.38,26.26,28.09,24.51,26.42,28.51,24.53,28.28,30.72,25.76,27.44,31.48,22.21,6822,7126
2025-11-11 11:00:00,1.22,3.08,6.58,5.55,5.45,4.63,0.3,0.21,15.36,17.04,13.51,16.42,18.59,13.97,17.42,21.75,14.45,21.45,23.67,18.11,21.97,23.87,18.99,21.44,23.88,17.51,19.88,24.72,15.16,18.11,21.08,16.03,6804,7102
2025-11-11 10:00:00,1.18,3.03,6.66,5.5,5.45,4.7,0.23,0.09,11.18,13.17,9.1,11.54,13.62,9.49,11.86,14,9.7,12.74,16.81,9.68,12.8,17.89,9.6,12.37,16.36,9.71,12.14,14.62,9.84,12.09,15.16,9.6,6737,7032
2025-11-11 09:00:00,1.24,3.21,7.01,5.6,5.83,5.09,0.22,0.12,6.91,8.77,4.84,7.07,9.13,4.79,7.17,9.28,4.88,7.25,9.3,4.98,7.13,9.22,4.79,7.35,9.35,5.1,8.19,9.49,5.25,7.68,9.27,5.24,6631,6929
2025-11-11 08:00:00,1.2,3.51,7.19,5.53,5.8,5.21,0.3,0.09,3.87,4.52,3.68,3.79,4.52,3.57,3.87,4.64,3.59,3.88,4.69,3.58,3.65,4.52,3.34,3.71,4.65,3.32,3.71,4.75,3.33,3.91,4.87,3.56,6488,6768
2025-11-11 07:00:00,1.18,3.53,7.15,5.42,5.67,5.16,0.26,0.08,3.85,4.05,3.7,3.73,3.93,3.63,3.76,3.9,3.69,3.75,3.88,3.69,3.5,3.58,3.46,3.49,3.56,3.44,3.43,3.47,3.38,3.65,3.7,3.57,6457,2091
2025-11-11 06:00:00,1.15,3.44,7.01,5.3,5.57,5.16,0.25,0.05,3.99,4.11,3.92,3.87,3.97,3.81,3.91,4.04,3.81,3.91,4.04,3.81,3.7,3.81,3.58,3.73,3.91,3.57,3.69,3.86,3.57,3.93,4.08,3.8,6461,0
2025-11-11 05:00:00,1.11,3.28,6.95,5.25,5.53,5.1,0.22,0.02,4.45,4.64,4.16,4.34,4.52,4.05,4.37,4.55,4.13,4.36,4.55,4.12,4.15,4.29,3.91,4.2,4.39,3.91,4.19,4.4,3.92,4.41,4.61,4.16,6470,0
2025-11-11 04:00:00,1.06,3.14,6.74,5.19,5.45,5.01,0.17,,4.94,5.12,4.71,4.83,4.98,4.57,4.87,5.09,4.64,4.87,5.12,4.62,4.65,4.88,4.4,4.69,4.9,4.4,4.66,4.87,4.4,4.88,5.12,4.64,6481,0
2025-11-11 03:00:00,1.06,3.15,6.68,5.16,5.35,4.71,0.15,,5.33,5.58,5.13,5.24,5.47,5.09,5.29,5.48,5.12,5.28,5.47,5.12,5.07,5.23,4.94,5.1,5.25,4.98,5.08,5.22,4.96,5.32,5.47,5.15,6493,0
2025-11-11 02:00:00,1.07,3.06,6.54,5.13,5.33,4.53,0.17,,5.79,6.06,5.58,5.69,5.94,5.47,5.72,5.94,5.49,5.74,5.94,5.49,5.56,5.71,5.29,5.59,5.81,5.33,5.58,5.78,5.33,5.81,6,5.56,6506,0
2025-11-11 01:00:00,1.07,3.01,6.44,5.12,5.27,4.43,0.15,,5.95,6.14,5.86,5.85,6.03,5.77,5.91,6.13,5.82,5.94,6.17,5.82,5.78,6.05,5.64,5.85,6.07,5.69,5.84,6.05,5.7,6.07,6.35,5.9,6517,0
2025-11-11 00:00:00,1.13,2.94,6.41,5.13,5.25,4.39,0.14,,6.34,6.44,6.17,6.27,6.41,6.06,6.35,6.45,6.17,6.38,6.51,6.17,6.24,6.35,6.06,6.33,6.41,6.16,6.33,6.44,6.17,6.61,6.76,6.41,6510,0
2025-11-10 23:00:00,1.13,2.94,6.37,5.12,5.26,4.39,0.14,,6.53,6.77,6.35,6.48,6.75,6.29,6.6,6.88,6.41,6.63,6.88,6.44,6.51,6.77,6.32,6.59,6.87,6.4,6.61,6.88,6.41,6.92,7.24,6.66,6542,0
2025-11-10 22:00:00,1.16,2.94,6.35,5.12,5.25,4.41,0.15,,6.96,7.24,6.77,6.92,7.24,6.65,7.05,7.35,6.88,7.05,7.32,6.88,6.94,7.23,6.77,7.02,7.25,6.87,7.07,7.35,6.91,7.4,7.71,7.24,6550,0
2025-11-10 21:00:00,1.13,2.89,6.28,5.14,5.25,4.42,0.15,,7.84,8.46,7.35,7.81,8.42,7.29,7.91,8.52,7.39,7.93,8.53,7.47,7.82,8.42,7.36,7.86,8.41,7.4,7.86,8.42,7.39,8.21,8.77,7.72,6568,0
2025-11-10 20:00:00,1.09,2.9,6.22,5.18,5.29,4.43,0.16,,9.01,9.51,8.58,8.97,9.49,8.53,9.07,9.6,8.62,9.05,9.6,8.64,8.94,9.51,8.52,8.99,9.59,8.53,8.98,9.6,8.53,9.3,9.95,8.81,6588,0
2025-11-10 19:00:00,1.13,2.93,6.27,5.23,5.31,4.48,0.17,0.01,10.84,12.22,9.66,10.86,12.32,9.62,10.99,12.44,9.77,10.99,12.45,9.77,10.92,12.39,9.72,10.92,12.38,9.71,10.89,12.34,9.72,11.29,12.78,10.08,6608,0
2025-11-10 18:00:00,1.23,3.12,6.48,5.47,5.44,4.61,0.29,0.12,15.61,19.52,12.61,15.74,19.77,12.68,15.81,19.65,12.82,15.86,19.77,12.88,15.73,19.54,12.8,15.76,19.76,12.75,15.81,19.92,12.69,16.21,20.37,13.14,6642,0
2025-11-10 17:00:00,1.33,3.33,6.94,5.91,5.64,4.87,0.52,0.26,25.85,28.17,20.51,26.83,29.47,20.85,26.08,28.55,20.67,26.78,29.67,20.84,26.4,29.14,20.61,27.31,30.52,20.83,28.07,31.82,21.07,28.49,32.32,21.55,6693,6567
2025-11-10 16:00:00,1.27,3.42,7.1,6.18,5.79,5.07,0.53,0.39,28.91,29.35,28.09,30.79,31.48,29.68,29.99,30.65,28.88,31.1,31.81,29.94,30.48,31.01,29.48,32.02,32.66,30.88,33.48,34.29,32.3,34.37,35.54,32.87,6769,7036
2025-11-10 15:00:00,1.15,3.3,7.12,6.14,5.81,4.87,0.44,0.39,29.01,29.6,28.64,31.99,32.38,31.51,31.44,31.83,31.01,32.55,32.9,32.14,31.53,31.84,31.25,33.32,33.61,33,35.14,35.5,34.79,36.75,37.23,36.21,6791,7079
2025-11-10 14:00:00,1.06,3.28,7.07,6.08,5.77,4.83,0.34,0.36,28.32,29.32,26.99,31.24,32.57,29.12,31.98,32.72,31.13,32.7,33.49,31.6,31.36,32.12,30.3,32.94,33.93,31.71,34.96,35.84,33.72,36.71,37.53,35.5,6802,7087
2025-11-10 13:00:00,1.2,3.29,6.78,5.89,5.6,4.77,0.23,0.11,22.09,26.4,19.18,26.21,28.41,24.86,29.53,31.13,28.61,30.44,31.84,29.11,29.9,30.89,28.85,31.03,32.18,30.02,33.18,34.34,31.95,34.43,35.62,33.25,6789,7083
2025-11-10 12:00:00,1.29,3.05,6.69,5.74,5.54,4.76,0.24,0.13,17.73,18.95,16.26,22.95,25.94,18.36,27.48,28.85,24.38,27.61,29.07,26.16,27.77,29.23,26.43,28.23,30.17,26.5,30.42,32.54,28.01,29.14,33.37,22.49,6784,7071
2025-11-10 11:00:00,1.22,3.08,6.59,5.43,5.42,4.58,0.24,0.11,14.04,15.99,11.94,15.13,17.76,12.12,16.22,22.67,12.54,22.17,25.43,17.29,23.03,25.69,18.7,22.25,25.67,16.69,19.73,26.75,13.27,17.04,20.83,14.82,6755,7047
2025-11-10 10:00:00,1.15,3.14,6.61,5.29,5.38,4.69,0.17,0.04,9.63,11.61,7.83,9.92,11.84,8.18,10.26,12.2,8.43,11.43,15.74,8.51,11.42,17.41,8.39,10.8,15.27,8.41,10.38,12.67,8.64,10.57,13.7,8.53,6691,6984
2025-11-10 09:00:00,1.24,3.36,7.05,5.37,5.71,5.05,0.2,0.11,6.51,7.48,5.33,6.64,7.77,5.35,6.84,8.05,5.49,6.93,8.06,5.62,6.83,7.95,5.56,7.01,8.05,5.81,7.48,8.22,6.07,7.5,8.18,6.06,6595,6898
2025-11-10 08:00:00,1.17,3.54,7.28,5.29,5.66,5.22,0.27,0.14,3.51,4.87,2.72,3.46,4.9,2.63,3.58,5.12,2.74,3.63,5.23,2.74,3.45,5.12,2.51,3.55,5.31,2.61,3.58,5.35,2.62,3.76,5.47,2.86,6513,6803
2025-11-10 07:00:00,1.12,3.3,7.2,5.2,5.58,5.19,0.21,0.11,2.73,2.86,2.63,2.63,2.75,2.6,2.67,2.77,2.63,2.69,2.75,2.62,2.47,2.51,2.4,2.56,2.61,2.5,2.55,2.62,2.5,2.8,2.86,2.74,6468,941
2025-11-10 06:00:00,1.1,3.28,7.11,5.15,5.47,5.13,0.19,0.08,2.85,2.95,2.75,2.74,2.84,2.63,2.81,2.86,2.74,2.82,2.86,2.74,2.58,2.63,2.51,2.64,2.72,2.54,2.61,2.66,2.5,2.86,2.92,2.78,6481,0
2025-11-10 05:00:00,1.06,3.29,6.95,5.12,5.39,4.98,0.18,0.05,3.05,3.34,2.86,2.97,3.22,2.75,3.05,3.33,2.86,3.05,3.33,2.86,2.83,3.11,2.63,2.91,3.19,2.72,2.88,3.11,2.64,3.13,3.35,2.95,6493,0
2025-11-10 04:00:00,1.05,3.24,6.68,5.12,5.34,4.68,0.19,0.01,3.76,4.28,3.34,3.67,4.16,3.28,3.72,4.17,3.33,3.7,4.17,3.33,3.5,3.97,3.11,3.57,4.03,3.21,3.56,4.02,3.21,3.8,4.23,3.45,6506,0
2025-11-10 03:00:00,1.01,3.17,6.56,5.1,5.28,4.45,0.16,,4.69,4.98,4.4,4.59,4.87,4.28,4.63,4.96,4.29,4.64,4.98,4.28,4.42,4.76,4.06,4.47,4.86,4.13,4.42,4.78,4.04,4.68,5.09,4.29,6524,0
2025-11-10 02:00:00,1.01,3.08,6.45,5.07,5.22,4.37,0.12,,5.44,5.7,4.98,5.34,5.6,4.91,5.4,5.7,4.98,5.4,5.7,4.98,5.21,5.54,4.8,5.25,5.57,4.86,5.24,5.58,4.86,5.53,5.84,5.12,6533,0
2025-11-10 01:00:00,1.05,3.01,6.41,5.07,5.24,4.39,0.11,,5.9,6.12,5.7,5.84,6.06,5.61,5.92,6.15,5.7,5.96,6.17,5.7,5.79,6,5.59,5.84,6.04,5.6,5.83,6.05,5.58,6.13,6.41,5.87,6546,0
2025-11-10 00:00:00,1.1,2.94,6.38,5.1,5.24,4.37,0.12,,6.28,6.51,6.06,6.22,6.41,5.97,6.32,6.53,6.12,6.34,6.53,6.16,6.21,6.42,6,6.28,6.52,6.05,6.3,6.52,6.05,6.59,6.81,6.41,6533,0
2025-11-09 23:00:00,1.11,2.95,6.38,5.11,5.31,4.4,0.13,,6.55,6.65,6.43,6.48,6.53,6.41,6.59,6.65,6.53,6.6,6.64,6.53,6.48,6.53,6.42,6.54,6.61,6.51,6.57,6.64,6.52,6.86,6.88,6.77,6566,0
2025-11-09 22:00:00,1.11,2.94,6.39,5.12,5.29,4.39,0.12,,6.61,6.76,6.51,6.53,6.65,6.41,6.63,6.76,6.53,6.64,6.76,6.53,6.5,6.62,6.42,6.56,6.63,6.5,6.57,6.64,6.52,6.88,7,6.77,6577,0
2025-11-09 21:00:00,1.18,2.96,6.37,5.14,5.28,4.4,0.14,,6.9,7.25,6.68,6.85,7.24,6.65,6.99,7.36,6.79,6.96,7.31,6.76,6.85,7.19,6.65,6.89,7.23,6.63,6.89,7.25,6.64,7.23,7.59,7,6588,0
2025-11-09 20:00:00,1.13,2.94,6.29,5.17,5.29,4.41,0.14,,7.97,8.6,7.36,7.91,8.54,7.26,8.01,8.68,7.37,8.02,8.66,7.44,7.9,8.55,7.32,7.95,8.6,7.31,7.91,8.56,7.35,8.26,8.96,7.71,6604,0
2025-11-09 19:00:00,1.08,2.94,6.22,5.23,5.3,4.44,0.14,,9.96,11.22,8.77,9.91,11.22,8.72,10.03,11.35,8.85,10.03,11.38,8.85,9.93,11.27,8.75,9.93,11.25,8.76,9.9,11.26,8.75,10.25,11.62,9.12,6626,0
2025-11-09 18:00:00,1.2,3.08,6.39,5.42,5.43,4.56,0.25,0.1,13.25,15.72,11.38,13.3,15.75,11.38,13.5,15.99,11.55,13.59,16.11,11.6,13.55,16.11,11.5,13.56,16.1,11.49,13.56,16.16,11.49,13.87,16.42,11.85,6662,0
2025-11-09 17:00:00,1.25,3.17,6.57,5.67,5.53,4.65,0.32,0.18,19,22.02,16.17,19.12,22.32,16.23,19.2,22.26,16.45,19.37,22.45,16.58,19.37,22.37,16.59,19.53,22.7,16.66,19.73,22.96,16.69,20.02,23.32,16.98,6731,6941
2025-11-09 16:00:00,1.26,3.29,6.88,5.92,5.64,4.86,0.39,0.3,24.24,24.86,22.6,25.46,26.63,22.97,25.41,26.63,22.85,25.65,26.91,23.08,25.2,26.28,22.94,25.58,26.8,23.28,26.19,27.69,23.55,26.71,28.41,23.92,6789,7055
2025-11-09 15:00:00,1.27,3.28,7.05,6.07,5.69,4.89,0.51,0.31,25.84,26.61,24.86,28.15,29.25,26.74,28.21,29.35,26.77,28.49,29.62,27.1,27.65,28.65,26.4,28.26,29.41,26.92,29.42,30.83,27.84,30.38,31.96,28.59,6838,7118
2025-11-09 14:00:00,1.21,3.31,7.04,6.17,5.65,4.94,0.53,0.28,25.91,26.51,24.52,28.65,29.47,26.99,29.38,30.06,28.61,29.62,30.36,28.88,28.58,29.34,27.79,29.48,30.32,28.56,31.14,31.96,30.34,32.34,33.14,31.48,6822,8296
2025-11-09 13:00:00,1.24,3.28,6.89,6.1,5.6,4.94,0.41,0.18,21.89,24.03,20.2,25.87,26.63,24.98,28.21,28.81,27.46,28.63,29.35,27.62,27.87,28.89,26.76,28.61,29.52,27.45,30.75,31.83,29.34,31.94,32.97,30.54,6820,7118
2025-11-09 12:00:00,1.29,3.07,6.67,5.94,5.52,4.81,0.38,0.27,18.43,19.95,17.02,23.02,26.23,18.82,26.76,28.41,23.42,26.71,28.43,24.74,26.63,28.18,24.8,26.93,28.85,24.85,28.9,31.12,26.04,28.11,32.07,22.26,6813,7114
2025-11-09 11:00:00,1.22,3.07,6.4,5.83,5.58,4.56,0.28,0.17,14.94,16.7,12.89,15.91,18.27,13.11,16.91,22.02,13.5,21.07,24.03,17.04,21.93,24.15,18.6,21.35,24.23,17.04,19.53,25.09,14.2,17.75,20.96,15.16,6791,7087
2025-11-09 10:00:00,1.15,2.98,6.26,5.8,5.49,4.58,0.18,0.08,10.7,12.56,8.89,10.92,12.8,9.14,11.26,13.15,9.47,12.13,16.04,9.49,12.17,17.77,9.37,11.73,16.1,9.39,11.36,13.66,9.6,11.39,14.48,9.37,6713,7008
2025-11-09 09:00:00,1.18,3.14,6.54,5.85,5.81,5.01,0.17,0.14,6.97,8.57,5.49,7.11,8.79,5.53,7.3,9.1,5.7,7.34,9.13,5.82,7.25,9.02,5.7,7.38,9,6.04,8,9.27,6.52,7.96,9.12,6.37,6608,6906
2025-11-09 08:00:00,1.17,3.5,6.86,5.64,6.01,5.2,0.3,0.2,4.37,5.27,4.05,4.31,5.28,3.93,4.39,5.46,3.93,4.41,5.48,3.92,4.21,5.37,3.7,4.27,5.57,3.7,4.27,5.62,3.69,4.46,5.7,3.91,6488,6772
2025-11-09 07:00:00,1.17,3.5,6.8,5.52,5.96,5.23,0.31,0.21,4.25,4.4,4.15,4.14,4.28,4.02,4.18,4.28,4.04,4.18,4.28,4.05,3.95,4.05,3.81,3.94,4.03,3.8,3.88,3.96,3.78,4.11,4.17,3.99,6453,3340
2025-11-09 06:00:00,1.12,3.39,6.74,5.43,5.87,5.19,0.28,0.19,4.58,4.88,4.36,4.45,4.76,4.19,4.47,4.78,4.23,4.49,4.87,4.17,4.27,4.64,3.97,4.28,4.71,3.94,4.22,4.63,3.92,4.47,4.87,4.16,6457,0
2025-11-09 05:00:00,1.09,3.28,6.69,5.32,5.81,5,0.26,0.16,4.87,4.98,4.78,4.75,4.87,4.65,4.8,4.9,4.75,4.84,4.96,4.75,4.68,4.76,4.63,4.69,4.85,4.62,4.66,4.75,4.56,4.86,4.96,4.79,6461,0
2025-11-09 04:00:00,1.06,3.17,6.49,5.22,5.65,4.53,0.22,0.11,5.02,5.23,4.76,4.89,5.12,4.64,4.92,5.12,4.65,4.93,5.12,4.69,4.72,4.88,4.52,4.73,4.86,4.51,4.68,4.86,4.48,4.93,5.12,4.71,6466,0
2025-11-09 03:00:00,1.04,3.09,6.4,5.17,5.38,4.41,0.18,0.01,5.26,5.41,5.12,5.14,5.33,4.98,5.19,5.35,5.06,5.19,5.34,5.04,4.98,5.12,4.84,4.99,5.16,4.86,4.95,5.12,4.8,5.22,5.35,5.09,6475,0
2025-11-09 02:00:00,1.04,3.03,6.33,5.14,5.35,4.36,0.15,,5.63,5.92,5.36,5.53,5.81,5.31,5.56,5.82,5.35,5.56,5.82,5.34,5.38,5.6,5.15,5.42,5.66,5.2,5.37,5.6,5.12,5.65,5.94,5.45,6488,0
2025-11-09 01:00:00,1.14,2.94,6.25,5.13,5.33,4.35,0.13,,6.4,6.82,6.03,6.23,6.65,5.85,6.27,6.65,5.92,6.23,6.64,5.91,6.03,6.41,5.71,6.03,6.4,5.7,5.99,6.31,5.7,6.27,6.62,5.99,6502,0
2025-11-09 00:00:00,1.17,2.92,6.18,5.19,5.36,4.35,0.14,0,7.53,8.18,7,7.36,7.97,6.77,7.35,7.95,6.81,7.25,7.83,6.72,7.04,7.6,6.52,6.98,7.49,6.49,6.89,7.42,6.41,7.13,7.59,6.66,6497,0
2025-11-08 23:00:00,1.13,2.89,6.12,5.19,5.36,4.36,0.14,,8.08,8.41,7.94,7.94,8.21,7.77,7.97,8.22,7.83,7.93,8.18,7.82,7.75,7.96,7.6,7.72,7.94,7.56,7.66,7.83,7.47,7.88,8.07,7.69,6537,0
2025-11-08 22:00:00,1.1,2.91,6.08,5.24,5.38,4.38,0.16,0,9.15,10.08,8.42,8.94,9.81,8.25,8.91,9.72,8.26,8.83,9.6,8.18,8.62,9.37,8.01,8.53,9.24,7.94,8.41,9.03,7.88,8.58,9.13,8.1,6550,0
2025-11-08 21:00:00,1.11,2.93,6.07,5.26,5.38,4.4,0.17,0,9.58,10.2,9.21,9.43,9.96,9.07,9.44,9.84,9.1,9.39,9.72,9.04,9.24,9.49,8.89,9.14,9.38,8.88,9.05,9.35,8.77,9.26,9.6,9.01,6550,0
2025-11-08 20:00:00,1.12,2.93,6.08,5.28,5.39,4.4,0.14,0,10.7,11.58,9.77,10.53,11.38,9.7,10.55,11.38,9.72,10.5,11.38,9.72,10.36,11.21,9.59,10.27,11.05,9.52,10.18,10.94,9.47,10.38,11.14,9.72,6577,0
2025-11-08 19:00:00,1.26,3.03,6.21,5.4,5.5,4.51,0.24,0.08,12.19,12.55,11.75,12.16,12.56,11.61,12.23,12.69,11.61,12.2,12.68,11.53,12.11,12.64,11.4,12.02,12.57,11.31,11.94,12.56,11.17,12.13,12.92,11.32,6604,0
2025-11-08 18:00:00,1.23,3.12,6.32,5.54,5.53,4.56,0.29,0.17,15.66,18.83,12.87,15.84,19.29,12.92,15.9,19.18,13.03,15.88,19.18,13.03,15.75,18.95,12.92,15.7,18.98,12.9,15.72,19.07,12.91,16.03,19.42,13.27,6631,0
2025-11-08 17:00:00,1.27,3.34,6.74,5.96,5.7,4.73,0.42,0.28,25.46,29.84,19.54,26.86,31.84,20.12,26,30.3,19.99,26.22,30.68,20.01,25.46,29.6,19.66,25.87,30.33,19.76,26.54,31.47,19.89,27.05,32.16,20.25,6680,5397
2025-11-08 16:00:00,1.25,3.31,7.01,6.28,5.88,4.84,0.43,0.3,30.57,31.36,29.71,33.28,34.3,31.84,32.06,33.25,30.32,32.42,33.73,30.77,31.1,32.3,29.71,31.92,33.24,30.4,33.35,34.95,31.6,34.32,36.21,32.31,6766,7032
2025-11-08 15:00:00,1.17,3.19,6.95,6.28,5.95,4.82,0.36,0.38,30.41,30.89,29.4,34.45,34.79,33.84,33.72,33.97,33.4,34.02,34.43,33.47,32.44,32.84,31.84,33.54,34,32.89,35.32,35.73,34.91,36.96,37.39,36.38,6784,7055
2025-11-08 14:00:00,1.1,3.27,6.92,6.31,5.9,5.03,0.31,0.2,27.98,29.35,25.81,31.65,33.73,28.41,32.36,33.55,30.42,32.4,33.61,30.44,30.96,32.08,29.24,31.99,33.12,30.23,34,35.14,32.3,35.47,36.68,33.55,6784,7071
2025-11-08 13:00:00,1.17,3.48,6.98,6.32,5.81,5.11,0.28,0.07,22.31,25.25,20.6,25.95,27.77,24.85,28.74,29.95,27.84,29.14,29.96,28.05,28.61,29.74,27.38,29.44,30.52,28.13,31.49,32.78,29.87,32.58,33.61,31.01,6773,7055
2025-11-08 12:00:00,1.2,3.2,7.08,6.5,5.87,5.22,0.35,0.27,19.59,20.36,18.83,23.93,26.07,20.71,28.2,28.8,26.22,28.28,28.78,27.81,28.48,28.86,28.13,28.91,29.46,28.41,31,31.82,29.96,29.68,32.54,24.74,6755,7036
2025-11-08 11:00:00,1.18,2.99,6.82,6.61,5.97,5.14,0.97,1.19,17.2,18.7,15.52,18.22,20.25,15.64,19.3,24.98,15.99,25.07,27.58,20.48,26.18,28.14,22.14,25.72,28.39,20.48,23.07,29.35,16.89,20.1,23.43,18.36,6766,7051
2025-11-08 10:00:00,1.16,3.03,6.55,6.45,6.6,5.97,1.36,1.68,13.77,15.16,12.32,13.98,15.4,12.49,14.17,15.63,12.65,15.35,18.87,12.61,15.24,20.79,12.57,14.68,19.04,12.44,14.24,16.24,12.67,14.3,17.29,12.56,6715,7004
2025-11-08 09:00:00,1.16,3.12,6.78,6.66,6.68,6.63,1.39,1.53,10.66,12.09,9.13,10.8,12.21,9.13,10.85,12.32,9.25,10.89,12.32,9.35,10.85,12.33,9.26,11.06,12.2,9.95,11.95,12.44,11.14,12.29,13.26,10.61,6628,6917
2025-11-08 08:00:00,1.11,2.97,6.78,6.46,6.37,6.52,1.58,1.64,8.79,9.04,8.55,8.72,9,8.54,8.79,9.1,8.55,8.82,9.14,8.64,8.71,9.1,8.53,8.73,9.35,8.53,8.69,9.39,8.47,8.8,9.37,8.64,6493,6760
2025-11-08 07:00:00,1.07,2.86,6.63,6.28,6.13,6.25,1.52,1.54,9.46,9.93,9.12,9.33,9.83,8.92,9.35,9.84,9,9.33,9.84,8.91,9.19,9.72,8.78,9.15,9.67,8.75,9.07,9.59,8.64,9.21,9.71,8.78,6481,1173
2025-11-08 06:00:00,1.06,2.85,6.47,6.27,6.03,6.26,1.38,1.45,10.78,11.53,10.08,10.68,11.48,9.96,10.69,11.49,9.96,10.69,11.49,9.96,10.58,11.38,9.85,10.53,11.37,9.81,10.45,11.28,9.72,10.54,11.38,9.83,6484,0
2025-11-08 05:00:00,1.17,2.92,6.65,6.4,6.09,6.36,1.32,1.49,12.68,13.51,11.7,12.62,13.45,11.57,12.64,13.5,11.61,12.69,13.62,11.61,12.63,13.59,11.52,12.6,13.61,11.48,12.56,13.62,11.37,12.63,13.67,11.5,6493,0
2025-11-08 04:00:00,1.21,3.03,6.93,6.68,6.28,6.49,1.33,1.51,13.4,13.51,13.15,13.34,13.51,13.03,13.37,13.5,13.15,13.5,13.62,13.27,13.5,13.63,13.26,13.5,13.62,13.26,13.51,13.65,13.27,13.57,13.69,13.39,6495,0
2025-11-08 03:00:00,1.16,3.11,7.15,6.96,6.52,6.56,1.39,1.42,13.09,13.15,13.03,12.99,13.04,12.92,13.09,13.15,13.02,13.19,13.27,13.06,13.18,13.28,13.04,13.2,13.26,13.06,13.24,13.32,13.12,13.34,13.46,13.2,6502,0
2025-11-08 02:00:00,1.25,3.2,7.49,7.39,6.98,5.98,1.15,1.31,13.08,13.15,13.03,13.04,13.08,13.03,13.13,13.15,13.06,13.23,13.27,13.16,13.24,13.28,13.16,13.29,13.35,13.26,13.33,13.38,13.27,13.46,13.51,13.39,6506,0
2025-11-08 01:00:00,1.19,2.95,6.43,5.88,5.93,4.89,0.34,0.33,13.25,13.45,13.11,13.16,13.27,13.06,13.18,13.27,13.15,13.26,13.28,13.24,13.27,13.29,13.23,13.31,13.38,13.26,13.27,13.32,13.27,13.36,13.39,13.29,6519,0
2025-11-08 00:00:00,1.15,2.91,6.31,5.82,5.7,4.63,0.32,0.21,13.73,14.16,13.45,13.35,13.76,13.14,13.39,13.86,13.15,13.44,13.87,13.25,13.44,13.9,13.27,13.44,13.86,13.26,13.39,13.86,13.21,13.44,13.86,13.27,6517,0
2025-11-07 23:00:00,1.17,2.94,6.36,5.51,5.58,4.55,0.34,0.15,14.63,14.7,14.45,14.49,14.57,14.18,14.53,14.62,14.21,14.55,14.67,14.23,14.57,14.67,14.27,14.49,14.57,14.21,14.41,14.54,14.2,14.36,14.45,14.19,6550,0
2025-11-07 22:00:00,1.17,2.89,6.29,5.42,5.54,4.5,0.27,0.1,13.42,14.57,12.28,13.34,14.45,12.27,13.4,14.46,12.32,13.49,14.48,12.44,13.5,14.56,12.46,13.51,14.45,12.54,13.51,14.41,12.56,13.58,14.33,12.78,6550,0
2025-11-07 21:00:00,1.16,2.89,6.25,5.37,5.5,4.48,0.26,0.07,12.06,12.2,11.97,12.05,12.21,11.97,12.17,12.32,12.1,12.25,12.44,12.2,12.26,12.4,12.21,12.3,12.43,12.24,12.34,12.5,12.3,12.55,12.68,12.47,6573,0
2025-11-07 20:00:00,1.15,2.86,6.25,5.38,5.5,4.49,0.23,0.09,12.76,13.03,12.29,12.73,13.03,12.21,12.84,13.14,12.32,12.91,13.19,12.42,12.9,13.2,12.35,12.94,13.26,12.41,12.96,13.27,12.43,13.12,13.39,12.6,6591,0
2025-11-07 19:00:00,1.18,2.86,6.26,5.38,5.5,4.49,0.24,0.07,12.55,13.45,12.16,12.53,13.43,12.18,12.67,13.59,12.3,12.71,13.62,12.32,12.68,13.53,12.31,12.68,13.5,12.31,12.68,13.5,12.3,12.89,13.68,12.49,6611,0
2025-11-07 18:00:00,1.18,2.95,6.36,5.52,5.56,4.54,0.31,0.13,15.45,17.06,13.73,15.44,17.14,13.69,15.59,17.29,13.84,15.66,17.41,13.86,15.65,17.41,13.79,15.65,17.51,13.74,15.66,17.57,13.74,15.79,17.65,13.98,6644,0
2025-11-07 17:00:00,1.21,3,6.47,5.67,5.68,4.61,0.33,0.21,18.33,19.09,17.34,18.51,19.37,17.41,18.63,19.42,17.56,18.9,19.77,17.75,18.94,19.82,17.77,19.16,20.12,17.87,19.42,20.48,17.95,19.51,20.6,18,6702,6925
2025-11-07 16:00:00,1.22,3.06,6.51,5.76,5.7,4.63,0.36,0.23,19.25,20.01,18.7,19.66,20.6,19.04,19.94,20.9,19.29,20.34,21.43,19.6,20.44,21.48,19.68,20.85,22.01,20,21.35,22.73,20.36,21.59,23.09,20.58,6766,7028
2025-11-07 15:00:00,1.2,3.07,6.62,5.93,5.71,4.72,0.4,0.28,21.67,24.13,20.02,22.89,26.19,20.69,23.27,26.57,20.97,23.89,27.38,21.48,23.85,26.99,21.58,24.72,28.4,22.13,25.73,29.94,22.84,26.41,31.01,23.22,6784,7055
2025-11-07 14:00:00,1.09,3.06,6.85,6.13,5.82,4.93,0.47,0.27,25.15,26.22,24.03,27.46,29.04,25.88,28.03,29,27.1,28.93,29.96,27.81,28.23,29.23,27.29,29.74,30.91,28.51,31.55,32.78,30.18,32.78,34.08,31.28,6786,7071
2025-11-07 13:00:00,1.06,3.09,6.7,6.1,5.81,4.9,0.39,0.2,23.09,24.74,19.89,25.68,26.13,25.12,27.88,28.88,26.75,28.58,29.58,27.47,28.36,29.36,27.1,29.46,30.51,28.28,31.47,32.66,30.06,32.62,33.84,31.33,6769,7051
2025-11-07 12:00:00,1.17,2.92,6.51,5.89,5.74,5.03,0.35,0.31,17.91,19.42,16.45,21.61,25.21,18.53,25.49,27.36,24.02,26.26,27.83,25.21,26.61,27.94,25.69,27.27,28.87,26.27,28.91,30.97,27.57,27.44,31.48,23.56,6773,7055
2025-11-07 11:00:00,1.14,2.84,6.32,5.41,5.52,4.64,0.42,0.74,15.05,16.7,12.92,16.29,18.36,13.27,17.23,22.99,13.74,22.81,26.16,17.44,23.85,26.64,19.19,23.32,26.87,17.7,21.08,27.93,14.57,18.29,22.14,15.99,6771,7055
2025-11-07 10:00:00,1.12,2.9,6.24,5.41,5.66,4.63,0.22,0.89,10.98,12.56,9.29,11.44,12.94,9.72,11.84,13.47,9.97,12.71,15.94,9.95,12.54,17.84,9.83,12.26,16.35,9.84,12.03,13.97,10.18,12.12,15.04,10.17,6720,7016
2025-11-07 09:00:00,1.23,3,6.47,5.62,6.08,5.01,0.21,0.71,7.8,9.01,6.36,8.08,9.39,6.41,8.14,9.6,6.54,8.19,9.59,6.65,8.11,9.49,6.62,8.24,9.47,6.99,8.99,9.84,8.06,9.62,10.44,8.07,6624,6913
2025-11-07 08:00:00,1.13,3.19,6.66,5.57,6.08,5.04,0.3,0.41,5.22,6.06,4.91,5.2,6.09,4.87,5.32,6.27,4.98,5.37,6.4,4.98,5.22,6.3,4.77,5.33,6.52,4.86,5.38,6.64,4.87,5.58,6.73,5.12,6481,6752
2025-11-07 07:00:00,1.13,3.19,6.69,5.53,6,5.04,0.29,0.18,5.16,5.32,5.01,5.05,5.21,4.92,5.1,5.23,4.98,5.1,5.23,4.98,4.9,5,4.81,4.95,5.1,4.86,4.95,5.09,4.87,5.23,5.35,5.13,6457,1788
2025-11-07 06:00:00,1.13,3.24,6.71,5.54,5.94,5.03,0.29,0.13,5.38,5.47,5.3,5.27,5.35,5.22,5.32,5.4,5.23,5.34,5.44,5.23,5.16,5.23,5.01,5.22,5.33,5.1,5.22,5.34,5.12,5.45,5.55,5.35,6461,0
2025-11-07 05:00:00,1.12,3.22,6.65,5.48,5.86,5,0.27,0.11,5.4,5.71,5.23,5.34,5.65,5.15,5.4,5.7,5.23,5.43,5.7,5.27,5.26,5.55,5.12,5.33,5.57,5.16,5.32,5.58,5.12,5.57,5.82,5.4,6466,0
2025-11-07 04:00:00,1.11,3.07,6.56,5.42,5.84,4.94,0.26,0.1,5.82,5.94,5.62,5.73,5.82,5.55,5.8,5.94,5.59,5.85,5.94,5.68,5.68,5.82,5.48,5.73,5.84,5.57,5.73,5.82,5.58,5.97,6.06,5.82,6475,0
2025-11-07 03:00:00,1.05,2.95,6.51,5.32,5.76,4.61,0.25,0.08,5.63,5.7,5.51,5.54,5.58,5.47,5.63,5.7,5.58,5.66,5.7,5.58,5.48,5.51,5.46,5.56,5.57,5.52,5.57,5.58,5.52,5.81,5.83,5.73,6484,0
2025-11-07 02:00:00,1.07,2.84,6.48,5.19,5.62,4.44,0.22,0.07,5.88,6.16,5.58,5.8,6,5.55,5.87,6.05,5.63,5.89,6.05,5.68,5.71,5.83,5.49,5.75,5.85,5.57,5.74,5.82,5.58,5.98,6.06,5.82,6497,0
2025-11-07 01:00:00,1.03,2.81,6.29,5.1,5.42,4.43,0.2,0.05,5.96,6.29,5.79,5.91,6.25,5.71,6.01,6.29,5.82,6.03,6.29,5.84,5.89,6.18,5.71,5.95,6.16,5.81,5.95,6.17,5.79,6.2,6.42,6.05,6510,0
2025-11-07 00:00:00,1.09,2.77,6.22,5.11,5.39,4.38,0.2,0.02,6.6,6.81,6.32,6.52,6.76,6.28,6.62,6.88,6.29,6.62,6.86,6.3,6.46,6.67,6.18,6.5,6.75,6.18,6.51,6.76,6.18,6.78,7,6.5,6510,0
2025-11-06 23:00:00,1.08,2.76,6.16,5.12,5.36,4.37,0.2,0.01,7.18,7.54,6.85,7.07,7.42,6.77,7.15,7.47,6.88,7.15,7.47,6.88,7,7.36,6.77,7.02,7.34,6.78,7.02,7.35,6.78,7.3,7.56,7.12,6546,0
2025-11-06 22:00:00,1.08,2.71,6.07,5.12,5.34,4.33,0.14,,8.02,8.3,7.59,7.89,8.18,7.48,7.95,8.18,7.57,7.93,8.18,7.55,7.78,7.97,7.38,7.79,7.97,7.46,7.76,7.94,7.36,8.01,8.18,7.7,6550,0
2025-11-06 21:00:00,1.04,2.69,6.02,5.12,5.36,4.36,0.16,,8.63,9.32,8.07,8.56,9.25,8.02,8.66,9.34,8.1,8.65,9.34,8.1,8.54,9.21,8,8.53,9.14,8.05,8.51,9.13,7.98,8.8,9.41,8.3,6573,0
2025-11-06 20:00:00,1.04,2.7,6.01,5.14,5.36,4.36,0.15,,10.13,10.82,9.42,10.03,10.71,9.37,10.11,10.79,9.39,10.08,10.78,9.45,9.95,10.67,9.28,9.92,10.55,9.27,9.87,10.55,9.24,10.12,10.76,9.55,6591,0
2025-11-06 19:00:00,1.08,2.77,6.1,5.24,5.41,4.42,0.17,0.04,11.32,12.21,10.81,11.32,12.21,10.79,11.45,12.39,10.87,11.46,12.44,10.85,11.4,12.33,10.75,11.37,12.31,10.67,11.35,12.28,10.66,11.61,12.56,10.87,6613,0
2025-11-06 18:00:00,1.16,2.89,6.25,5.38,5.5,4.52,0.28,0.11,14.53,16.58,12.51,14.6,16.75,12.51,14.77,16.93,12.68,14.81,17.04,12.72,14.73,16.94,12.65,14.69,16.93,12.55,14.67,17.04,12.56,14.84,17.12,12.8,6646,0
2025-11-06 17:00:00,1.21,2.97,6.43,5.56,5.59,4.58,0.33,0.2,19.55,22.4,16.95,19.95,23.06,17.17,19.89,22.75,17.29,20.22,23.32,17.41,20.09,23.11,17.29,20.4,23.78,17.39,20.73,24.38,17.4,20.94,24.73,17.53,6702,6909
2025-11-06 16:00:00,1.22,3.08,6.59,5.75,5.69,4.74,0.45,0.35,21.9,24.25,19.54,22.52,24.98,20.01,22.38,24.51,20.12,22.97,25.4,20.6,22.8,25.1,20.49,23.48,26.03,20.98,24.22,26.98,21.54,24.4,27.05,21.76,6780,7047
2025-11-06 15:00:00,1.19,3.06,6.6,5.72,5.68,4.7,0.42,0.29,21.57,26.99,19.06,22.76,29.47,19.66,22.85,29.01,19.87,23.3,29.47,20.24,22.9,28.53,20.02,23.65,29.56,20.58,24.53,30.89,21.19,25.08,31.73,21.57,6789,7079
2025-11-06 14:00:00,1.19,3.06,6.63,5.74,5.7,4.75,0.43,0.34,21.43,25.69,19.04,22.71,27.93,19.78,22.91,27.47,20,23.34,27.94,20.48,22.99,27.13,20.37,23.6,28.14,20.87,24.35,29.35,21.43,24.74,30.06,21.55,6840,7130
2025-11-06 13:00:00,1.19,2.95,6.42,5.57,5.65,4.61,0.32,0.22,17.61,20.12,16.85,18.08,20.6,17.17,18.72,21.44,17.87,19.02,21.79,18.06,19.04,21.55,18.12,19.4,22.02,18.56,19.88,22.79,19.02,19.92,22.85,19.18,6822,7126
2025-11-06 12:00:00,1.18,2.94,6.38,5.54,5.59,4.59,0.31,0.23,17.59,18.57,16.81,18.62,20.01,17.29,20.16,23.16,18.09,20.95,24.35,18.56,21.06,24.64,18.52,21.75,25.56,18.93,22.77,27.1,19.62,22.24,25.21,19.77,6778,7055
2025-11-06 11:00:00,1.17,2.91,6.34,5.39,5.54,4.51,0.27,0.15,16.64,17.86,15.16,17.47,19.18,15.41,18.11,21.1,15.95,22.26,24.73,19.65,23.31,25.1,21.81,23.31,25.7,20.35,21.71,25.28,17.04,20.27,22.47,18.54,6820,7126
2025-11-06 10:00:00,1.15,2.87,6.24,5.31,5.48,4.5,0.26,0.1,13.44,14.82,12.21,13.7,15.16,12.33,13.99,15.63,12.44,15.01,18.17,12.54,14.97,20.48,12.45,14.65,19.03,12.42,14.13,16.35,12.44,14.26,17.53,12.32,6731,7020
2025-11-06 09:00:00,1.06,2.76,6.11,5.25,5.45,4.42,0.16,0.07,10.01,11.97,7.95,10.22,12.09,7.95,10.21,12.2,8.07,10.2,12.2,8.18,10.17,12.2,8.07,10.35,12.07,8.56,11.18,12.2,9.6,11.89,13.02,9.49,6628,6921
2025-11-06 08:00:00,1.13,2.78,6.22,5.15,5.43,4.39,0.21,0.04,7,7.68,6.71,6.93,7.7,6.63,7.04,7.82,6.67,7.05,7.84,6.73,6.9,7.8,6.53,6.97,8.05,6.55,7.01,8.18,6.53,7.22,8.2,6.81,6495,6768
2025-11-06 07:00:00,1.08,2.75,6.19,5.11,5.36,4.34,0.17,,7.02,7.42,6.77,6.9,7.28,6.65,7.02,7.36,6.78,6.97,7.35,6.76,6.82,7.16,6.58,6.83,7.2,6.63,6.82,7.13,6.62,7.1,7.48,6.88,6481,1890
2025-11-06 06:00:00,1.04,2.7,6.08,5.12,5.35,4.33,0.14,,8.42,9.6,7.56,8.29,9.47,7.48,8.34,9.47,7.47,8.3,9.47,7.47,8.16,9.34,7.36,8.11,9.22,7.27,8.02,9.07,7.32,8.29,9.18,7.59,6493,0
2025-11-06 05:00:00,1.04,2.75,6.05,5.18,5.36,4.35,0.14,,10.89,11.73,9.85,10.7,11.51,9.72,10.71,11.56,9.72,10.63,11.49,9.7,10.51,11.36,9.55,10.39,11.23,9.47,10.19,11.02,9.25,10.22,11.02,9.37,6502,0
2025-11-06 04:00:00,1.17,2.8,6.17,5.3,5.46,4.46,0.2,0.05,12.41,12.77,11.89,12.25,12.57,11.73,12.25,12.6,11.73,12.19,12.56,11.61,12.1,12.51,11.51,11.99,12.43,11.37,11.86,12.32,11.25,11.83,12.32,11.15,6517,0
2025-11-06 03:00:00,1.16,2.83,6.21,5.33,5.45,4.51,0.22,0.07,13.23,13.37,12.8,13.1,13.27,12.68,13.11,13.26,12.68,13.11,13.27,12.68,13.06,13.25,12.57,12.94,13.1,12.49,12.86,13.03,12.34,12.77,12.92,12.33,6528,0
2025-11-06 02:00:00,1.16,2.85,6.34,5.39,5.53,4.74,0.24,0.1,13.66,14.31,13.1,13.55,14.22,13.03,13.53,14.15,13.03,13.54,14.2,13.03,13.52,14.19,13,13.34,14.08,12.78,13.31,14.09,12.73,13.14,13.83,12.64,6537,0
2025-11-06 01:00:00,1.2,2.89,6.63,5.55,5.77,5.04,0.29,0.16,14.37,14.54,14.33,14.17,14.31,14.05,14.09,14.21,13.98,14.1,14.24,13.98,14.09,14.22,13.95,14.02,14.2,13.85,13.99,14.21,13.83,13.77,13.93,13.63,6550,0
2025-11-06 00:00:00,1.19,3.04,6.57,5.6,5.9,4.88,0.37,0.28,15.52,15.99,14.57,15.31,15.89,14.13,15.33,15.99,13.99,15.38,16.02,14.09,15.38,16.06,14.1,15.35,15.98,13.97,15.29,15.99,13.85,15.27,15.91,13.86,6548,0
2025-11-05 23:00:00,1.16,2.96,6.29,5.43,5.53,4.55,0.31,0.12,16.19,16.58,15.99,16.06,16.45,15.86,16.11,16.52,15.87,16.13,16.53,15.89,16.14,16.59,15.89,16.06,16.45,15.86,15.96,16.35,15.74,15.88,16.27,15.64,6573,0
2025-11-05 22:00:00,1.14,2.88,6.3,5.45,5.54,4.55,0.33,0.12,16.63,16.7,16.57,16.5,16.59,16.42,16.54,16.69,16.45,16.52,16.65,16.45,16.55,16.7,16.45,16.46,16.57,16.37,16.31,16.45,16.2,16.23,16.35,16.12,6577,0
2025-11-05 21:00:00,1.17,2.94,6.3,5.45,5.53,4.55,0.31,0.14,16.83,17.06,16.7,16.74,16.95,16.65,16.77,17.04,16.7,16.77,17.04,16.7,16.81,17.07,16.7,16.74,17.04,16.59,16.63,16.93,16.45,16.56,16.89,16.39,6591,0
2025-11-05 20:00:00,1.24,2.92,6.33,5.49,5.58,4.58,0.34,0.14,17.71,18,17.18,17.64,17.87,17.08,17.69,17.99,17.17,17.73,17.99,17.17,17.79,18.02,17.2,17.75,17.99,17.16,17.66,17.89,17.04,17.59,17.79,17.04,6599,0
2025-11-05 19:00:00,1.22,2.97,6.46,5.57,5.62,4.71,0.32,0.19,18.73,19.89,18.1,18.57,19.89,17.95,18.66,19.89,18,18.7,20.01,18,18.77,20.06,18.12,18.79,20.03,18.11,18.68,20.01,18,18.53,19.89,17.76,6624,0
2025-11-05 18:00:00,1.18,3.06,6.42,5.63,5.57,4.6,0.33,0.19,20.59,20.96,20.12,20.52,20.96,20.01,20.59,20.96,20.12,20.66,21.07,20.16,20.76,21.2,20.25,20.73,21.18,20.23,20.7,21.19,20.2,20.56,21.08,20.02,6635,0
2025-11-05 17:00:00,1.22,3.04,6.46,5.7,5.63,4.65,0.36,0.23,22.07,23.85,20.99,22.16,24.15,20.96,22.25,24.21,21.07,22.42,24.62,21.16,22.47,24.51,21.21,22.58,24.96,21.2,22.76,25.46,21.2,22.77,25.69,21.11,6666,6492
2025-11-05 16:00:00,1.26,3.1,6.75,5.95,5.76,4.85,0.57,0.36,27.52,28.52,24.52,28.07,29.01,24.92,27.74,28.64,24.95,28.62,29.59,25.44,28.17,29,25.32,29.29,30.29,25.9,30.48,31.64,26.51,30.83,32.18,26.75,6731,6937
2025-11-05 15:00:00,1.18,3.22,6.78,6.06,5.81,4.91,0.45,0.32,28.79,29.72,28.38,30.23,32.18,29.17,30.09,32.07,28.88,31.05,32.93,29.82,30.28,32.08,29.18,31.68,33.48,30.52,33.18,35.02,31.93,33.91,35.78,32.55,6778,7047
2025-11-05 14:00:00,1.16,3.24,6.63,5.92,5.75,4.83,0.43,0.29,25.89,29.83,22.73,27.46,32.31,23.44,27.76,32.27,23.94,28.22,33.11,24.26,27.7,32.08,24.27,28.38,33.36,24.61,29.3,34.91,25.21,29.77,35.62,25.45,6802,7079
2025-11-05 13:00:00,1.23,3.25,6.56,5.82,5.68,4.78,0.46,0.36,23.56,24.76,21.78,24.75,26.15,22.66,25.6,27.34,23.2,26.05,27.81,23.55,25.9,27.7,23.45,26.3,28.17,23.78,27.2,29.23,24.5,27.47,29.59,24.62,6838,7118
2025-11-05 12:00:00,1.24,3.19,6.47,5.73,5.65,4.66,0.33,0.36,20.79,21.43,20.12,21.6,22.21,20.95,22.5,22.73,22.02,22.89,23.08,22.61,22.98,23.21,22.74,23.27,23.55,22.95,23.82,24.19,23.42,23.59,24.03,22.61,6822,7457
2025-11-05 11:00:00,1.27,3.15,6.38,5.61,5.58,4.57,0.31,0.25,18.7,19.94,17.24,19.36,20.85,17.65,20.05,22.02,18.33,21.15,23.08,19.08,21.47,23.22,19.62,21.41,23.35,19.36,21.3,23.67,19.07,20.78,22.49,19.18,6822,8887
2025-11-05 10:00:00,1.24,3.23,6.29,5.53,5.59,4.67,0.3,0.19,15.29,16.93,13.98,15.57,17.29,14.17,16.08,17.9,14.57,16.44,18.7,14.69,16.5,19.19,14.58,16.51,18.91,14.79,16.72,18.7,15.16,16.57,18.7,14.93,6809,7114
2025-11-05 09:00:00,1.27,3.27,6.3,5.63,5.79,5.04,0.3,0.22,12.53,13.74,11.39,12.66,13.96,11.39,12.94,14.33,11.61,13.03,14.45,11.73,13.01,14.37,11.74,13.14,14.56,11.8,13.3,14.91,11.85,13.35,14.69,12.09,6677,6976
2025-11-05 08:00:00,1.21,3.27,6.31,5.68,5.89,5.11,0.28,0.25,10.9,11.26,10.77,10.87,11.26,10.68,10.98,11.38,10.79,11.07,11.49,10.9,11.07,11.5,10.9,11.14,11.6,10.93,11.2,11.71,11.02,11.41,11.85,11.22,6510,6787
2025-11-05 07:00:00,1.21,3.23,6.29,5.67,5.92,5.13,0.29,0.22,10.66,10.79,10.55,10.61,10.73,10.53,10.73,10.81,10.66,10.81,10.9,10.7,10.79,10.91,10.67,10.86,10.97,10.76,10.91,11.02,10.78,11.12,11.24,11.02,6481,1292
2025-11-05 06:00:00,1.2,3.15,6.26,5.57,5.91,5.05,0.3,0.22,10.2,10.54,9.85,10.15,10.46,9.84,10.25,10.57,9.93,10.34,10.67,9.96,10.28,10.67,9.85,10.34,10.71,9.95,10.39,10.78,9.95,10.59,10.97,10.2,6481,0
2025-11-05 05:00:00,1.16,3.08,6.23,5.43,5.84,4.91,0.29,0.2,9.86,10.01,9.81,9.79,9.96,9.72,9.87,10.05,9.82,9.93,10.07,9.84,9.84,9.97,9.75,9.87,10.06,9.83,9.89,10.07,9.84,10.13,10.31,10.08,6481,0
2025-11-05 04:00:00,1.15,2.99,6.2,5.33,5.82,4.7,0.28,0.18,10.02,10.2,9.95,9.94,10.08,9.84,10.01,10.14,9.95,10.05,10.18,9.96,9.97,10.08,9.85,9.99,10.06,9.93,10.01,10.09,9.93,10.24,10.31,10.14,6486,0
2025-11-05 03:00:00,1.15,2.94,6.19,5.24,5.64,4.57,0.27,0.17,10.35,10.55,10.2,10.25,10.43,10.08,10.32,10.55,10.18,10.36,10.55,10.21,10.26,10.47,10.1,10.28,10.54,10.14,10.28,10.55,10.18,10.5,10.78,10.38,6488,0
2025-11-05 02:00:00,1.13,2.96,6.17,5.25,5.51,4.44,0.24,0.16,10.96,11.14,10.65,10.88,11.11,10.55,10.96,11.14,10.67,11,11.26,10.67,10.93,11.15,10.56,10.95,11.19,10.6,10.98,11.2,10.63,11.2,11.44,10.83,6495,0
2025-11-05 01:00:00,1.15,2.97,6.13,5.31,5.48,4.47,0.26,0.15,11.46,11.66,11.19,11.4,11.61,11.14,11.49,11.73,11.24,11.53,11.74,11.26,11.49,11.74,11.18,11.54,11.83,11.25,11.56,11.85,11.26,11.79,12.09,11.5,6499,0
2025-11-05 00:00:00,1.15,2.96,6.08,5.31,5.5,4.48,0.28,0.14,11.61,11.69,11.51,11.57,11.62,11.49,11.69,11.73,11.59,11.73,11.83,11.63,11.71,11.75,11.62,11.8,11.84,11.68,11.83,11.88,11.73,12.06,12.1,11.97,6493,0
2025-11-04 23:00:00,1.16,2.93,6.08,5.28,5.47,4.44,0.26,0.11,11.57,11.81,11.49,11.52,11.73,11.39,11.62,11.85,11.49,11.67,11.85,11.6,11.64,11.86,11.51,11.69,11.93,11.6,11.7,11.96,11.61,11.93,12.2,11.85,6524,0
2025-11-04 22:00:00,1.23,2.98,6.11,5.3,5.47,4.49,0.26,0.07,12.07,12.32,11.86,12.01,12.21,11.81,12.11,12.32,11.91,12.16,12.35,11.97,12.13,12.33,11.9,12.16,12.36,11.96,12.19,12.38,11.96,12.44,12.63,12.21,6537,0
2025-11-04 21:00:00,1.2,2.99,6.1,5.3,5.46,4.45,0.23,0.07,12.63,13.03,12.34,12.56,12.92,12.32,12.67,13.03,12.43,12.7,13.07,12.44,12.67,13.04,12.4,12.7,13.05,12.43,12.71,13.04,12.44,12.96,13.32,12.68,6550,0
2025-11-04 20:00:00,1.2,3.01,6.15,5.35,5.48,4.49,0.25,0.1,13.59,14.1,13.09,13.53,14.07,13.02,13.65,14.21,13.15,13.68,14.21,13.15,13.68,14.23,13.16,13.69,14.28,13.14,13.69,14.25,13.15,13.95,14.55,13.39,6573,0
2025-11-04 19:00:00,1.22,3.1,6.22,5.41,5.53,4.5,0.3,0.14,15.25,16.58,14.22,15.24,16.59,14.22,15.4,16.76,14.33,15.42,16.81,14.35,15.41,16.78,14.35,15.41,16.7,14.42,15.41,16.7,14.4,15.67,16.94,14.69,6595,0
2025-11-04 18:00:00,1.26,3.15,6.33,5.54,5.57,4.56,0.32,0.17,19.77,23.28,16.94,19.77,23.26,16.94,19.88,23.2,17.08,19.96,23.32,17.17,19.94,23.27,17.11,19.94,23.43,17.09,20,23.61,17.04,20.18,23.8,17.31,6631,0
2025-11-04 17:00:00,1.23,3.3,6.6,5.81,5.63,4.71,0.46,0.27,28.7,30.89,24.13,28.78,31.13,24.03,28.19,30.33,23.94,28.48,30.76,24.09,28.25,30.42,24.04,28.65,31,24.25,29.1,31.6,24.5,29.28,31.84,24.62,6697,6925
2025-11-04 16:00:00,1.14,3.28,6.84,6.1,5.76,4.85,0.41,0.34,33.01,34.02,31.13,34.6,36.33,31.75,33.78,35.62,31.01,34.44,36.56,31.48,33.8,35.71,31.08,34.88,37.08,31.71,36,38.56,32.4,36.49,39.29,32.66,6731,6988
2025-11-04 15:00:00,1.15,3.29,6.9,6.22,5.82,4.91,0.46,0.39,32.52,33.95,31.13,35.41,36.68,34.2,34.85,35.98,33.73,35.56,36.9,34.2,34.56,35.84,33.14,35.93,37.14,34.41,37.46,38.7,35.99,38.47,39.65,37.16,6751,7024
2025-11-04 14:00:00,1.07,3.25,6.83,6.18,5.76,4.89,0.36,0.28,31.36,32.55,30,34.49,36.09,32.49,34.99,36.31,33.87,35.51,36.68,34.43,34.41,35.39,33.62,35.79,36.79,35.02,37.53,38.58,36.57,38.65,39.75,37.63,6744,7016
2025-11-04 13:00:00,1.16,3.28,6.78,6.1,5.86,4.94,0.24,0.21,26.17,29.18,23.34,29.93,31.48,29.01,31.54,33.37,30.86,32.62,33.95,31.6,32.24,33.13,31.18,33.08,34.31,32.07,35.05,36.27,33.96,36.04,37.33,35.15,6749,7024
2025-11-04 12:00:00,1.21,3.08,6.53,5.91,5.67,4.95,0.29,0.28,21.17,22.97,19.06,25.13,28.92,20.68,28.93,31.13,23.56,29.45,31.99,25.61,29.56,31.93,26.05,29.78,32.41,26.03,31.42,34.54,26.41,30.42,35.15,23.09,6751,7024
2025-11-04 11:00:00,1.23,3.06,6.41,5.68,5.57,4.56,0.31,0.56,17.55,18.83,15.75,19.02,21.43,16.11,18.98,22.49,16.58,23.79,26.87,19.15,25.38,27.76,22.26,24.64,27.57,20.2,22.3,26.39,17.28,20.37,22.22,18.98,6742,7016
2025-11-04 10:00:00,1.28,3.22,6.47,5.93,5.9,4.83,0.27,0.25,13.35,15.41,11.65,13.68,15.75,11.85,14.06,16.2,12.18,14.49,18.45,12.09,14.86,20.93,12.09,14.37,18.93,12.09,14.12,16.69,12.32,14.27,17.87,12.45,6731,7020
2025-11-04 09:00:00,1.29,3.23,6.57,6.22,6.28,5.11,0.29,0.2,10.82,11.5,9.83,10.94,11.7,9.84,11.11,11.93,9.96,11.21,11.97,10.07,11.17,11.94,10.08,11.26,11.96,10.28,11.64,12.13,10.97,12.38,13.16,11.12,6648,6941
2025-11-04 08:00:00,1.28,3.23,6.55,6.25,6.33,5.17,0.39,0.25,8.89,9.57,8.58,8.83,9.56,8.53,8.98,9.72,8.63,9.06,9.84,8.66,9,9.84,8.58,9.07,9.95,8.64,9.12,10.07,8.64,9.27,10.17,8.89,6537,6831
2025-11-04 07:00:00,1.29,3.17,6.53,5.98,6.24,5.14,0.4,0.24,8.32,8.53,8.18,8.25,8.42,8.18,8.36,8.54,8.28,8.42,8.6,8.3,8.33,8.54,8.18,8.4,8.56,8.29,8.41,8.6,8.3,8.61,8.78,8.47,6484,6405
2025-11-04 06:00:00,1.24,3.21,6.43,5.79,6.13,5.15,0.38,0.23,8.53,8.66,8.35,8.43,8.54,8.26,8.52,8.66,8.33,8.56,8.67,8.42,8.45,8.6,8.3,8.5,8.64,8.31,8.49,8.64,8.31,8.69,8.83,8.54,6484,0
2025-11-04 05:00:00,1.25,3.22,6.3,5.66,6.05,5.1,0.36,0.24,8.88,9.01,8.67,8.75,8.89,8.58,8.85,8.95,8.71,8.87,9.01,8.72,8.78,8.89,8.66,8.84,8.99,8.66,8.85,8.99,8.64,9.02,9.13,8.89,6488,0
2025-11-04 04:00:00,1.22,3.08,6.24,5.52,5.93,4.77,0.34,0.22,8.87,9.01,8.78,8.73,8.88,8.66,8.83,8.93,8.77,8.88,8.97,8.83,8.8,8.89,8.78,8.88,8.97,8.87,8.89,8.99,8.84,9.08,9.13,9.01,6488,0
2025-11-04 03:00:00,1.18,3.04,6.15,5.49,5.87,4.7,0.34,0.19,9.26,9.57,8.89,9.15,9.46,8.8,9.22,9.47,8.89,9.25,9.53,8.97,9.15,9.43,8.89,9.21,9.47,8.96,9.21,9.47,8.95,9.42,9.68,9.17,6493,0
2025-11-04 02:00:00,1.16,3,6.04,5.33,5.71,4.47,0.31,0.12,9.41,9.63,9.25,9.29,9.49,9.13,9.39,9.6,9.25,9.45,9.62,9.33,9.36,9.52,9.25,9.44,9.59,9.34,9.44,9.58,9.35,9.66,9.75,9.6,6497,0
2025-11-04 01:00:00,1.12,2.93,5.93,5.2,5.51,4.41,0.26,0.1,9.54,9.7,9.37,9.46,9.6,9.22,9.58,9.72,9.37,9.62,9.78,9.37,9.56,9.72,9.37,9.62,9.81,9.43,9.65,9.83,9.47,9.89,10.08,9.72,6502,0
2025-11-04 00:00:00,1.11,2.89,5.88,5.16,5.43,4.37,0.23,0.04,9.92,10.2,9.72,9.81,10.08,9.6,9.94,10.18,9.72,9.97,10.18,9.8,9.92,10.1,9.72,9.99,10.18,9.83,10.01,10.2,9.84,10.24,10.43,10.08,6493,0
2025-11-03 23:00:00,1.11,2.87,5.9,5.11,5.41,4.32,0.17,0,10.51,10.83,10.22,10.41,10.79,10.14,10.52,10.88,10.24,10.56,10.9,10.3,10.48,10.8,10.2,10.54,10.89,10.29,10.56,10.9,10.29,10.81,11.14,10.53,6524,0
2025-11-03 22:00:00,1.13,2.9,5.94,5.17,5.41,4.34,0.17,0.02,11.2,11.6,10.89,11.1,11.5,10.79,11.22,11.61,10.9,11.25,11.63,10.9,11.2,11.62,10.84,11.24,11.6,10.89,11.27,11.61,10.9,11.55,11.9,11.2,6537,0
2025-11-03 21:00:00,1.24,2.93,6.01,5.23,5.47,4.42,0.21,0.04,12.14,12.56,11.64,12.05,12.55,11.54,12.18,12.68,11.71,12.21,12.68,11.73,12.18,12.68,11.65,12.2,12.67,11.72,12.19,12.67,11.73,12.46,12.92,11.97,6550,0
2025-11-03 20:00:00,1.23,2.96,6.03,5.27,5.44,4.42,0.21,0.05,12.99,13.27,12.67,12.95,13.26,12.56,13.1,13.39,12.68,13.16,13.39,12.74,13.16,13.39,12.71,13.2,13.42,12.78,13.2,13.39,12.78,13.49,13.73,13.03,6564,0
2025-11-03 19:00:00,1.25,3.03,6.1,5.32,5.5,4.45,0.27,0.09,14.17,15.39,13.34,14.14,15.3,13.28,14.27,15.47,13.44,14.3,15.51,13.5,14.26,15.4,13.49,14.25,15.39,13.49,14.21,15.37,13.49,14.52,15.64,13.74,6588,0
2025-11-03 18:00:00,1.26,3.08,6.22,5.44,5.55,4.48,0.29,0.12,18.9,23.31,15.75,18.73,22.89,15.69,18.73,22.73,15.77,18.79,22.85,15.84,18.73,22.74,15.76,18.74,22.95,15.74,18.69,23.01,15.65,18.89,23.11,15.95,6613,0
2025-11-03 17:00:00,1.22,3.24,6.6,5.85,5.66,4.72,0.37,0.27,31.77,35.73,24.49,32.1,36.91,24.04,31.09,35.49,23.82,31.6,36.22,23.92,31.2,35.65,23.8,31.97,36.78,24.03,32.54,37.83,24.2,32.56,37.8,24.32,6662,6401
2025-11-03 16:00:00,1.22,3.28,6.93,6.19,5.86,4.85,0.51,0.36,36.54,37.66,35.25,38.69,39.88,36.8,37.31,38.48,35.62,37.95,38.95,36.48,36.81,37.43,35.98,37.92,38.45,37.14,39.15,39.75,38.23,39.6,40.64,38.22,6731,6976
2025-11-03 15:00:00,1.12,3.27,6.92,6.25,5.89,4.83,0.46,0.33,34.54,36.33,33.14,38.01,39.4,36.77,37.04,38.24,36.21,37.61,38.77,36.95,36.17,37.06,35.74,37.62,38.3,37.15,39.21,39.64,38.8,40.45,40.71,40.11,6766,7032
2025-11-03 14:00:00,1.08,3.23,6.77,6.19,5.82,4.81,0.37,0.28,31.43,33.49,29,34.94,37.28,31.6,34.99,36.8,32.66,35.24,37.15,32.88,33.81,35.63,31.72,35.22,37.38,32.83,37.14,39.23,34.79,38.48,40.5,36.04,6766,7039
2025-11-03 13:00:00,1.22,3.25,6.6,6.07,5.82,4.77,0.32,0.14,25.44,28.22,23.09,29.25,30.65,27.93,30.44,31.83,29.71,31.4,32.62,30.24,30.71,32.08,29.48,31.45,32.77,30.29,33.35,34.91,31.83,34.37,35.84,32.78,6760,7036
2025-11-03 12:00:00,1.27,3.09,6.43,5.85,5.71,4.7,0.2,0.14,21.62,22.97,20.01,25.83,28.88,22.14,30.35,31.48,27.22,30.74,31.95,29.23,30.68,31.61,29.5,31.06,32.29,29.67,32.94,34.43,30.88,31.56,35.03,25.58,6769,7043
2025-11-03 11:00:00,1.31,3.05,6.25,5.53,5.54,4.48,0.28,0.19,18.47,19.89,16.94,19.97,22.14,17.02,19.92,25.8,17.17,25.23,28.89,19.53,27.14,29.36,23.33,26.39,29.46,21.18,23.7,30.29,17.75,20.99,24.28,19.45,6775,7055
2025-11-03 10:00:00,1.27,3.12,6.19,5.57,5.63,4.53,0.29,0.11,14.69,16.69,12.21,14.84,16.7,12.34,15,16.87,12.53,15.35,18.92,12.44,15.98,21.76,12.33,15.31,19.66,12.31,14.85,17.17,12.32,14.72,18.28,12.27,6755,7043
2025-11-03 09:00:00,1.22,3.06,6.23,5.63,5.89,4.82,0.24,0.09,9.77,11.7,8.07,9.89,11.85,8.07,9.97,11.97,8.18,9.94,11.86,8.29,9.89,11.79,8.26,10.1,11.82,8.76,10.65,11.85,9.89,11.68,13.03,9.84,6697,6988
2025-11-03 08:00:00,1.3,3.09,6.39,5.62,5.97,4.78,0.39,0.2,6.96,7.73,6.6,6.88,7.76,6.48,7,7.9,6.55,7.06,7.95,6.64,6.95,7.95,6.53,7.07,8.41,6.53,7.1,8.45,6.52,7.29,8.38,6.8,6528,6823
2025-11-03 07:00:00,1.26,3.03,6.27,5.44,5.9,4.79,0.35,0.19,6.97,7.33,6.63,6.84,7.23,6.53,6.94,7.31,6.62,6.94,7.26,6.64,6.82,7.14,6.53,6.88,7.23,6.61,6.88,7.24,6.56,7.14,7.48,6.88,6493,2182
2025-11-03 06:00:00,1.24,3.01,6.16,5.33,5.82,4.65,0.35,0.18,7.63,7.73,7.36,7.53,7.7,7.25,7.63,7.81,7.36,7.67,7.83,7.41,7.56,7.72,7.33,7.61,7.7,7.34,7.61,7.71,7.35,7.89,8.05,7.62,6499,0
2025-11-03 05:00:00,1.23,2.96,6.03,5.29,5.64,4.43,0.31,0.14,7.78,7.95,7.71,7.67,7.83,7.59,7.77,7.95,7.71,7.81,7.95,7.72,7.71,7.84,7.63,7.76,7.93,7.7,7.77,7.94,7.71,8.05,8.18,7.96,6506,0
2025-11-03 04:00:00,1.21,2.9,5.93,5.24,5.47,4.44,0.29,0.12,8.17,8.24,8.07,8.08,8.18,7.95,8.16,8.24,8.04,8.18,8.26,8.06,8.06,8.17,7.92,8.11,8.17,7.94,8.13,8.2,7.95,8.39,8.49,8.22,6517,0
2025-11-03 03:00:00,1.14,2.88,5.91,5.23,5.44,4.38,0.27,0.08,8.39,8.54,8.3,8.28,8.47,8.18,8.38,8.55,8.27,8.4,8.57,8.29,8.29,8.43,8.18,8.32,8.52,8.17,8.33,8.54,8.2,8.64,8.78,8.54,6528,0
2025-11-03 02:00:00,1.12,2.88,5.9,5.22,5.42,4.34,0.2,0.03,8.86,9.25,8.55,8.75,9.13,8.47,8.85,9.25,8.54,8.84,9.21,8.56,8.72,9.07,8.46,8.74,9.1,8.53,8.74,9.1,8.54,9.03,9.37,8.78,6537,0
2025-11-03 01:00:00,1.12,2.89,5.87,5.25,5.4,4.33,0.18,0,9.65,10.04,9.35,9.53,9.89,9.18,9.62,9.96,9.25,9.59,9.96,9.25,9.48,9.84,9.14,9.46,9.79,9.12,9.45,9.72,9.13,9.71,9.97,9.38,6546,0
2025-11-03 00:00:00,1.14,2.89,5.88,5.26,5.4,4.31,0.15,0.01,10.64,11.19,10.08,10.51,11.02,9.96,10.55,11.11,10.07,10.48,11.02,9.96,10.36,10.91,9.85,10.29,10.86,9.83,10.25,10.78,9.81,10.46,10.91,10.08,6537,0
2025-11-02 23:00:00,1.21,2.96,6,5.39,5.47,4.39,0.2,0.06,12.03,13.03,11.27,11.88,12.82,11.14,11.9,12.8,11.18,11.84,12.75,11.14,11.75,12.67,11.03,11.63,12.52,10.92,11.52,12.32,10.87,11.6,12.27,11.02,6568,0
2025-11-02 22:00:00,1.25,3,6.02,5.42,5.51,4.45,0.25,0.09,12.58,13.14,12.32,12.43,12.92,12.2,12.48,12.91,12.22,12.43,12.82,12.2,12.37,12.8,12.1,12.27,12.67,12.05,12.17,12.44,11.96,12.29,12.52,12.1,6577,0
2025-11-02 21:00:00,1.25,2.99,6.03,5.43,5.51,4.44,0.26,0.09,12.78,13.27,12.44,12.68,13.15,12.34,12.76,13.27,12.44,12.73,13.26,12.44,12.66,13.16,12.34,12.63,13.14,12.31,12.6,13.13,12.32,12.82,13.27,12.52,6588,0
2025-11-02 20:00:00,1.25,3.07,6.09,5.52,5.54,4.47,0.28,0.15,14.32,15.51,13.41,14.2,15.32,13.31,14.27,15.4,13.39,14.22,15.37,13.39,14.18,15.29,13.33,14.09,15.15,13.26,14.02,15.05,13.25,14.17,15.16,13.39,6604,0
2025-11-02 19:00:00,1.27,3.08,6.18,5.6,5.6,4.5,0.33,0.19,17.3,18.54,15.78,17.17,18.43,15.64,17.2,18.45,15.72,17.15,18.45,15.63,17.08,18.4,15.57,16.93,18.24,15.47,16.79,18.11,15.36,16.74,18.09,15.4,6626,0
2025-11-02 18:00:00,1.3,3.17,6.29,5.77,5.67,4.55,0.35,0.27,20.3,21.56,18.75,20.24,21.67,18.62,20.36,21.78,18.7,20.43,21.97,18.7,20.48,22.03,18.7,20.46,22.13,18.58,20.44,22.24,18.45,20.35,22.1,18.36,6662,0
2025-11-02 17:00:00,1.31,3.22,6.38,5.91,5.7,4.62,0.38,0.37,22.12,23.2,21.73,22.36,23.56,21.84,22.54,23.73,22.02,22.74,24.07,22.16,22.82,24.15,22.26,22.97,24.41,22.36,23.15,24.72,22.49,23.08,24.69,22.34,6751,7004
2025-11-02 16:00:00,1.34,3.33,6.57,6.11,5.76,4.79,0.53,0.44,25.04,26.45,23.56,25.71,27.46,23.91,25.8,27.34,24.14,26.32,28.05,24.5,26.28,27.82,24.51,26.82,28.63,24.85,27.41,29.47,25.21,27.46,29.62,25.21,6786,7039
2025-11-02 15:00:00,1.3,3.32,6.62,6.16,5.78,4.79,0.58,0.41,25.35,26.29,24.08,26.48,27.7,24.86,26.62,27.87,25.01,27.2,28.52,25.45,27.02,28.18,25.46,27.79,29.11,26.03,28.65,30.18,26.65,28.92,30.54,26.87,6824,9301
2025-11-02 14:00:00,1.31,3.34,6.71,6.16,5.75,4.73,0.53,0.39,25.33,26.4,24.86,26.53,27.82,25.92,26.87,28.41,26.34,27.44,29.11,26.87,27.36,29.06,26.76,28.27,30.26,27.6,29.4,31.71,28.64,29.85,32.31,29,6822,8210
2025-11-02 13:00:00,1.2,3.43,6.92,6.27,5.86,4.93,0.31,0.22,25.98,26.99,23.82,28.56,29.95,27.34,29.51,30.66,27.93,31.03,33.32,28.64,31.24,33.62,28.65,32.62,35.13,29.81,34.41,37.32,31.36,35.11,37.87,32.18,6822,7355
2025-11-02 12:00:00,1.25,3.39,6.97,6.58,6.14,5.06,0.41,0.28,22.11,23.92,20.48,25.41,28.88,21.27,28.51,31.24,21.89,28.52,32.31,22.23,28.79,32.66,22.5,29.84,34.13,22.77,31.44,36.21,23.08,31.3,36.68,22.85,6813,7102
2025-11-02 11:00:00,1.28,3.31,7.25,6.64,6.07,5.43,1.08,0.85,19.54,20.48,18.36,20.22,21.21,18.7,20.68,21.78,19.1,21.33,22.37,19.42,21.68,22.75,19.7,21.97,23.06,20,22.03,23.08,20.31,21.73,22.66,20.25,6822,7110
2025-11-02 10:00:00,1.28,3.19,7.41,6.72,6.18,5.71,1.22,0.96,17.28,18.23,16.45,17.4,18.58,16.49,17.57,18.83,16.69,17.75,19.12,16.81,17.87,19.42,16.82,18.07,19.7,17.03,18.4,20.01,17.28,18.39,19.99,17.29,6769,7067
2025-11-02 09:00:00,1.28,3.35,7.64,6.92,6.55,6.22,1.35,1.05,15.64,16.34,15.04,15.67,16.34,15.05,15.82,16.57,15.16,15.97,16.7,15.28,16,16.73,15.4,16.1,16.92,15.39,16.25,17.12,15.51,16.33,17.15,15.64,6626,6906
2025-11-02 08:00:00,1.28,3.38,7.52,7.09,6.82,6.41,1.43,1.16,14.28,14.96,13.86,14.26,14.98,13.86,14.38,15.13,13.95,14.46,15.26,13.98,14.48,15.29,13.98,14.51,15.3,13.99,14.56,15.39,14.05,14.68,15.53,14.18,6550,6819
2025-11-02 07:00:00,1.28,3.39,7.76,7.12,6.93,6.37,1.3,1.11,14.71,15.05,14.21,14.67,15.04,14.11,14.75,15.16,14.21,14.8,15.23,14.21,14.83,15.29,14.22,14.83,15.27,14.2,14.86,15.38,14.21,15,15.52,14.36,6524,2280
2025-11-02 06:00:00,1.26,3.44,7.8,7.16,6.84,6.22,1.22,1.1,15.15,15.16,15.1,15.1,15.14,15.04,15.16,15.18,15.16,15.28,15.28,15.28,15.32,15.37,15.29,15.38,15.39,15.32,15.4,15.43,15.39,15.52,15.56,15.52,6528,0
2025-11-02 05:00:00,1.29,3.44,7.79,7.3,7.12,6.33,1.29,1.15,14.85,15.04,14.7,14.83,15.04,14.69,14.94,15.15,14.81,15.06,15.28,14.92,15.08,15.29,14.93,15.12,15.27,15.01,15.18,15.39,15.04,15.31,15.49,15.17,6533,0
2025-11-02 04:00:00,1.34,3.47,7.73,7.46,7.36,6.39,1.38,1.23,14.65,14.7,14.59,14.63,14.69,14.57,14.72,14.81,14.69,14.82,14.92,14.8,14.85,14.93,14.81,14.92,15.02,14.88,15,15.04,14.92,15.16,15.18,15.16,6537,0
2025-11-02 03:00:00,1.39,3.52,7.12,7.46,7.16,6.14,1.33,1.3,14.79,14.85,14.69,14.79,14.9,14.69,14.89,14.92,14.81,14.99,15.04,14.84,15.02,15.09,14.92,15.09,15.15,14.93,15.15,15.22,15.04,15.36,15.4,15.26,6546,0
2025-11-02 02:00:00,1.28,3.14,6.1,5.57,5.75,4.61,0.34,0.19,14.85,14.93,14.81,14.85,14.93,14.78,14.94,15.03,14.84,15,15.11,14.92,15.07,15.17,14.97,15.08,15.16,15.03,15.15,15.24,15.05,15.33,15.4,15.28,6550,0
2025-11-02 01:00:00,1.24,3.04,6,5.4,5.6,4.5,0.31,0.18,14.59,14.79,14.45,14.53,14.7,14.34,14.64,14.81,14.47,14.71,14.92,14.57,14.75,14.93,14.58,14.81,14.98,14.68,14.88,15.04,14.69,15.06,15.27,14.93,6550,0
2025-11-02 00:00:00,1.23,3.01,5.99,5.36,5.58,4.48,0.31,0.15,14.07,14.4,13.66,14.01,14.33,13.62,14.12,14.45,13.74,14.22,14.55,13.84,14.25,14.58,13.87,14.33,14.67,13.91,14.4,14.69,13.97,14.59,14.93,14.2,6550,0
2025-11-01 23:00:00,1.23,2.98,5.96,5.34,5.53,4.45,0.25,0.09,13.53,13.71,13.39,13.46,13.62,13.38,13.58,13.74,13.5,13.64,13.74,13.56,13.66,13.76,13.62,13.7,13.85,13.61,13.74,13.87,13.62,13.94,14.1,13.86,6573,0
2025-11-01 22:00:00,1.22,2.99,5.98,5.33,5.54,4.47,0.27,0.09,13.97,14.09,13.75,13.9,13.98,13.7,14.01,14.1,13.8,14.05,14.15,13.86,14.05,14.16,13.87,14.08,14.2,13.85,14.11,14.21,13.91,14.29,14.43,14.1,6588,0
2025-11-01 21:00:00,1.24,3.02,6,5.38,5.58,4.46,0.29,0.11,14.52,15.04,14.1,14.44,14.93,13.99,14.57,15.04,14.1,14.59,15.09,14.18,14.6,15.15,14.14,14.57,15.13,14.1,14.55,15.06,14.12,14.71,15.17,14.32,6591,0
2025-11-01 20:00:00,1.24,3.08,6.03,5.4,5.59,4.47,0.29,0.09,15.58,16.58,15.04,15.52,16.49,15.01,15.63,16.59,15.1,15.65,16.61,15.16,15.65,16.61,15.17,15.63,16.58,15.15,15.62,16.58,15.16,15.78,16.7,15.28,6606,0
2025-11-01 19:00:00,1.3,3.04,6.07,5.48,5.6,4.49,0.27,0.11,17.81,18.59,16.82,17.76,18.52,16.78,17.84,18.59,16.85,17.91,18.7,16.93,17.95,18.7,16.93,17.94,18.7,16.89,17.94,18.7,16.84,18,18.7,16.94,6626,0
2025-11-01 18:00:00,1.29,3.13,6.15,5.57,5.64,4.52,0.3,0.14,19.6,20.33,18.7,19.56,20.37,18.65,19.66,20.48,18.75,19.77,20.6,18.83,19.83,20.72,18.85,19.85,20.8,18.82,19.86,20.86,18.82,19.78,20.77,18.82,6662,0
2025-11-01 17:00:00,1.28,3.16,6.24,5.7,5.69,4.59,0.33,0.21,21.41,22.26,20.42,21.66,22.73,20.48,21.75,22.85,20.6,22.05,23.32,20.8,22.03,23.21,20.84,22.33,23.76,20.94,22.64,24.33,21.07,22.64,24.5,20.96,6733,6972
2025-11-01 16:00:00,1.29,3.25,6.48,5.98,5.8,4.81,0.51,0.3,26.23,28.53,22.61,27.05,29.71,23.09,26.81,29.31,23.23,27.67,30.34,23.74,27.16,29.49,23.64,28.32,31.11,24.23,29.55,32.75,24.85,30.04,33.61,25.1,6813,7087
2025-11-01 15:00:00,1.24,3.29,6.61,6.12,5.83,5.05,0.42,0.27,28.2,28.53,27.72,29.79,30.67,29.12,29.51,30.42,28.88,30.6,31.48,29.94,29.62,30.4,29,31.35,32.18,30.76,33.12,34.08,32.41,34.12,35.15,33.37,6822,8753
2025-11-01 14:00:00,1.12,3.15,6.49,6.14,5.81,5.16,0.34,0.18,27.65,28.07,26.88,29.7,30.42,28.41,30.03,30.77,29.47,30.91,31.6,30.05,29.84,30.54,29.06,31.53,32.22,30.41,33.4,34.18,32.09,34.36,35.15,32.89,6822,7102
2025-11-01 13:00:00,1.11,3.12,6.31,6.05,5.81,5.07,0.47,0.19,24.91,26.83,22.38,27.38,28.35,26.37,28.56,29.35,27.81,29.8,31.25,28.64,29.46,31.14,28.29,30.57,32.41,29.21,32.2,34.38,30.53,32.78,34.91,31.02,6813,7095
2025-11-01 12:00:00,1.22,3.07,6.2,5.8,5.65,4.85,0.57,0.48,20.91,22.38,19.77,23.53,26.62,21.43,26.58,28.76,24.38,27.58,30.18,26.18,27.79,30.3,26.4,28.53,31.35,26.97,29.81,32.9,28.05,28.82,33.04,24.99,6820,7102
2025-11-01 11:00:00,1.28,3.01,6.23,5.84,5.59,4.47,0.33,0.89,18.49,19.62,17.31,19.87,21.43,17.87,20.07,23.56,18.35,22.98,26.25,19.27,23.95,26.87,20.76,24.01,27.33,20.23,23.03,27.94,19.2,21.48,24.27,20.12,6840,7126
2025-11-01 10:00:00,1.27,3.16,6.23,6.13,5.71,4.56,0.3,0.57,15.79,17.04,14.33,16.34,17.65,14.8,16.74,18.11,15.04,17.06,18.92,15.15,17.12,20.12,14.93,17.03,19.64,15.03,17.25,18.93,15.39,17.32,19.66,15.52,6822,7883
2025-11-01 09:00:00,1.39,3.27,6.36,6.5,6.09,4.94,0.39,0.49,13.36,14.09,12.52,13.53,14.45,12.55,13.7,14.69,12.68,13.8,14.8,12.8,13.78,14.64,12.8,13.85,14.68,12.9,14.16,15.05,13.34,14.73,15.26,13.62,6822,7134
2025-11-01 08:00:00,1.39,3.26,6.37,6.29,6.25,5.01,0.45,0.44,11.37,12.33,10.79,11.39,12.39,10.79,11.52,12.56,10.9,11.63,12.68,10.93,11.62,12.68,10.91,11.7,12.78,11.01,11.77,12.91,11.02,11.95,13.15,11.2,6591,6882
2025-11-01 07:00:00,1.35,3.28,6.28,6.08,6.17,4.9,0.45,0.42,11.42,11.73,11.02,11.33,11.64,10.95,11.46,11.78,11.1,11.54,11.85,11.15,11.53,11.86,11.15,11.58,11.96,11.14,11.58,11.96,11.16,11.78,12.15,11.38,6526,3651
2025-11-01 06:00:00,1.35,3.33,6.24,6.03,6.08,4.86,0.46,0.42,11.51,11.67,11.38,11.48,11.61,11.38,11.6,11.74,11.49,11.71,11.85,11.59,11.71,11.86,11.58,11.75,11.92,11.6,11.8,11.96,11.64,11.98,12.14,11.85,6533,0
2025-11-01 05:00:00,1.33,3.22,6.2,6,6.01,4.87,0.47,0.4,11.45,11.85,10.71,11.45,11.85,10.7,11.58,11.97,10.9,11.69,12.08,10.98,11.71,12.1,10.95,11.79,12.2,11.04,11.87,12.32,11.14,12.07,12.49,11.38,6537,0
2025-11-01 04:00:00,1.23,3.05,5.99,5.79,5.87,4.71,0.36,0.28,10.32,10.55,10.2,10.29,10.55,10.2,10.44,10.76,10.31,10.52,10.87,10.41,10.47,10.81,10.32,10.54,10.9,10.42,10.56,11,10.43,10.8,11.26,10.67,6542,0
2025-11-01 03:00:00,1.2,3.01,5.96,5.72,5.81,4.72,0.36,0.27,10.72,11.02,10.43,10.64,10.98,10.32,10.76,11.07,10.46,10.8,11.12,10.55,10.76,11.05,10.49,10.8,11.12,10.54,10.81,11.14,10.55,11.03,11.28,10.79,6550,0
2025-11-01 02:00:00,1.2,2.99,6.01,5.62,5.76,4.58,0.37,0.26,11.32,11.5,11.1,11.2,11.39,11.02,11.3,11.49,11.13,11.33,11.49,11.14,11.26,11.41,11.08,11.31,11.48,11.11,11.32,11.48,11.14,11.51,11.7,11.34,6550,0
2025-11-01 01:00:00,1.23,2.97,5.93,5.38,5.59,4.51,0.38,0.27,11.72,12.09,11.5,11.63,11.98,11.38,11.74,12.09,11.49,11.77,12.11,11.49,11.73,12.09,11.49,11.75,12.07,11.48,11.76,12.08,11.49,11.97,12.32,11.73,6564,0
2025-11-01 00:00:00,1.25,2.98,5.86,5.33,5.55,4.5,0.35,0.24,12.55,13.19,12.16,12.47,13.15,12.09,12.57,13.23,12.18,12.6,13.26,12.2,12.56,13.23,12.1,12.58,13.26,12.16,12.59,13.27,12.18,12.82,13.51,12.35,6550,0
2025-10-31 23:00:00,1.25,3.01,5.89,5.36,5.56,4.48,0.35,0.28,13.59,13.74,13.27,13.54,13.71,13.23,13.64,13.79,13.31,13.73,13.89,13.39,13.74,13.93,13.37,13.79,13.97,13.38,13.86,14.09,13.38,14.08,14.31,13.63,6588,0
2025-10-31 22:00:00,1.23,2.95,5.85,5.31,5.5,4.43,0.3,0.21,13.05,13.41,12.9,13.01,13.39,12.8,13.13,13.51,12.92,13.2,13.62,13,13.2,13.63,12.94,13.22,13.73,12.95,13.27,13.74,13.02,13.47,13.98,13.2,6591,0
2025-10-31 21:00:00,1.21,2.97,5.87,5.33,5.49,4.42,0.27,0.2,13.6,14.05,13.27,13.51,13.98,13.15,13.62,14.1,13.27,13.65,14.1,13.3,13.64,14.1,13.28,13.65,14.08,13.28,13.66,14.09,13.27,13.86,14.27,13.51,6599,0
2025-10-31 20:00:00,1.23,2.99,5.91,5.37,5.53,4.41,0.3,0.22,14.3,14.49,14.11,14.26,14.46,14.1,14.38,14.58,14.21,14.41,14.6,14.21,14.4,14.58,14.22,14.39,14.58,14.2,14.39,14.59,14.21,14.6,14.81,14.33,6613,0
2025-10-31 19:00:00,1.21,3.05,5.95,5.4,5.53,4.41,0.29,0.23,15.42,16.82,14.56,15.34,16.7,14.45,15.47,16.82,14.57,15.47,16.81,14.58,15.44,16.81,14.58,15.38,16.69,14.56,15.34,16.62,14.57,15.5,16.7,14.8,6635,0
2025-10-31 18:00:00,1.27,3.09,6.04,5.52,5.56,4.44,0.28,0.27,18.99,20.37,17.17,18.94,20.41,17.04,19.05,20.52,17.17,19.11,20.64,17.17,19.11,20.72,17.1,19.07,20.75,17.04,19.04,20.83,16.93,18.98,20.68,17.01,6675,0
2025-10-31 17:00:00,1.25,3.13,6.15,5.68,5.61,4.49,0.34,0.39,21.11,21.55,20.49,21.21,21.67,20.6,21.35,21.84,20.71,21.58,22.14,20.84,21.64,22.17,20.85,21.77,22.36,20.94,21.95,22.61,21.05,21.82,22.49,20.84,6766,7012
2025-10-31 16:00:00,1.28,3.13,6.18,5.75,5.62,4.51,0.31,0.45,22.15,22.76,21.44,22.38,23.09,21.56,22.66,23.44,21.78,22.95,23.67,22.02,23.02,23.7,22.14,23.2,23.89,22.26,23.47,24.14,22.52,23.4,24.11,22.41,6822,7102
2025-10-31 15:00:00,1.3,3.17,6.25,5.85,5.63,4.54,0.35,0.62,23.27,23.44,23.04,23.59,23.77,23.32,23.91,24.15,23.65,24.16,24.38,23.91,24.09,24.27,23.87,24.28,24.47,24.09,24.67,24.85,24.38,24.68,24.86,24.37,6824,9064
2025-10-31 14:00:00,1.25,3.17,6.29,5.87,5.66,4.59,0.45,0.53,24.47,26.4,23.1,25.25,27.47,23.45,25.69,28.18,23.77,26.04,28.48,24.03,25.83,28.05,23.93,26.26,28.53,24.22,26.89,29.47,24.62,27.01,29.59,24.74,6822,8229
2025-10-31 13:00:00,1.26,3.21,6.27,5.88,5.64,4.57,0.33,0.61,23.45,25.58,21.94,24.01,26.5,22.39,24.47,27.1,22.74,24.82,27.38,23.13,24.7,27.02,23.14,25.1,27.57,23.48,25.73,28.4,24.03,25.83,28.5,24.14,6838,8525
2025-10-31 12:00:00,1.28,3.16,6.21,5.86,5.63,4.51,0.34,0.58,21.96,22.73,20.79,22.47,23.32,21.06,22.95,24.03,21.31,23.26,24.36,21.55,23.17,24.17,21.44,23.5,24.6,21.65,24.11,25.33,22.16,24.16,25.33,22.26,6824,8324
2025-10-31 11:00:00,1.25,3.17,6.18,5.81,5.64,4.51,0.35,0.46,20.54,21.19,19.69,20.95,21.59,20.09,21.33,22.02,20.52,21.69,22.37,20.97,21.81,22.38,21.41,21.89,22.6,21.3,22.16,23.08,21.08,22.15,23.04,21.16,6822,7323
2025-10-31 10:00:00,1.28,3.11,6.07,5.67,5.59,4.44,0.28,0.31,18.5,19.54,17.17,18.83,19.89,17.42,19.23,20.36,17.76,19.57,20.84,18,19.91,21.91,18.01,19.54,21.18,18.06,19.52,20.83,18.11,19.43,20.89,18,6820,7118
2025-10-31 09:00:00,1.24,3.11,5.99,5.52,5.55,4.42,0.3,0.25,15.68,16.94,14.57,15.84,17.17,14.69,16.14,17.52,14.92,16.33,17.75,15.04,16.41,17.77,15.13,16.48,17.84,15.16,16.58,17.87,15.28,16.57,17.76,15.4,6733,7024
2025-10-31 08:00:00,1.21,3.04,5.91,5.46,5.54,4.41,0.31,0.24,14.05,14.45,13.86,14.07,14.55,13.86,14.23,14.8,13.98,14.33,14.91,14.07,14.35,14.93,14.1,14.41,15.03,14.1,14.51,15.16,14.21,14.67,15.28,14.4,6593,6866
2025-10-31 07:00:00,1.23,3.04,5.91,5.47,5.55,4.4,0.31,0.24,14.21,14.39,14.01,14.18,14.33,13.98,14.29,14.45,14.1,14.35,14.54,14.21,14.38,14.57,14.22,14.41,14.56,14.25,14.45,14.57,14.33,14.65,14.8,14.5,6546,2182
2025-10-31 06:00:00,1.23,3.13,5.96,5.51,5.54,4.4,0.3,0.25,15.07,15.64,14.45,15,15.62,14.42,15.1,15.63,14.56,15.14,15.75,14.58,15.16,15.76,14.58,15.17,15.78,14.57,15.19,15.84,14.58,15.3,15.87,14.81,6550,0
2025-10-31 05:00:00,1.23,3.12,5.96,5.51,5.53,4.41,0.31,0.25,15.77,15.87,15.66,15.73,15.8,15.64,15.81,15.88,15.74,15.89,15.99,15.77,15.96,16,15.88,15.96,16.02,15.86,15.99,16.1,15.87,16.07,16.12,15.98,6550,0
2025-10-31 04:00:00,1.21,3.14,5.96,5.51,5.54,4.41,0.33,0.26,15.96,16.11,15.86,15.91,16.01,15.83,15.98,16.11,15.87,16.07,16.2,15.99,16.1,16.23,16,16.14,16.24,16.04,16.17,16.33,16.1,16.25,16.37,16.12,6568,0
2025-10-31 03:00:00,1.19,3.13,5.98,5.54,5.54,4.4,0.33,0.25,16.15,16.23,16.11,16.11,16.2,16.04,16.16,16.25,16.11,16.24,16.34,16.2,16.3,16.37,16.24,16.34,16.44,16.29,16.36,16.45,16.34,16.44,16.45,16.37,6573,0
2025-10-31 02:00:00,1.21,3.06,5.99,5.55,5.54,4.39,0.31,0.29,16.35,16.43,16.23,16.3,16.34,16.23,16.38,16.45,16.28,16.44,16.48,16.34,16.5,16.58,16.41,16.53,16.57,16.45,16.54,16.58,16.45,16.57,16.59,16.5,6577,0
2025-10-31 01:00:00,1.2,3.08,5.99,5.56,5.55,4.39,0.32,0.27,16.36,16.45,16.12,16.29,16.36,16.1,16.36,16.45,16.11,16.41,16.51,16.2,16.47,16.59,16.23,16.45,16.57,16.18,16.39,16.58,16.1,16.45,16.58,16.23,6588,0
2025-10-31 00:00:00,1.24,3.16,6,5.56,5.57,4.43,0.35,0.3,15.61,16.04,15.07,15.53,15.99,15.04,15.64,16.08,15.16,15.69,16.11,15.28,15.73,16.11,15.29,15.75,16.1,15.39,15.78,16.07,15.5,15.95,16.2,15.69,6573,0
2025-10-30 23:00:00,1.27,3.14,5.99,5.58,5.62,4.47,0.39,0.36,14.47,15.04,13.98,14.45,14.96,13.98,14.57,15.05,14.1,14.68,15.2,14.2,14.73,15.27,14.22,14.78,15.32,14.22,14.87,15.39,14.31,15.08,15.64,14.5,6591,0
2025-10-30 22:00:00,1.22,3.06,5.95,5.5,5.56,4.43,0.35,0.31,14.13,14.46,13.86,14.08,14.45,13.86,14.21,14.57,13.98,14.26,14.61,14.01,14.29,14.67,14.07,14.32,14.68,14.08,14.35,14.75,14.09,14.59,14.99,14.33,6595,0
2025-10-30 21:00:00,1.23,3.07,5.96,5.55,5.57,4.44,0.34,0.33,14.61,14.69,14.56,14.55,14.67,14.45,14.69,14.81,14.6,14.73,14.8,14.69,14.75,14.82,14.69,14.78,14.84,14.71,14.86,14.92,14.8,15.1,15.17,15.04,6608,0
2025-10-30 20:00:00,1.24,3.14,6,5.55,5.57,4.41,0.33,0.27,14.98,15.27,14.79,14.94,15.16,14.69,15.05,15.28,14.84,15.1,15.28,14.89,15.11,15.29,14.92,15.13,15.27,14.91,15.15,15.28,14.97,15.4,15.52,15.2,6624,0
2025-10-30 19:00:00,1.21,3.11,5.99,5.58,5.54,4.41,0.3,0.27,16.38,17.87,15.34,16.26,17.7,15.28,16.36,17.76,15.4,16.35,17.76,15.4,16.34,17.77,15.4,16.29,17.64,15.39,16.27,17.62,15.39,16.44,17.65,15.64,6640,0
2025-10-30 18:00:00,1.26,3.17,6.09,5.77,5.61,4.45,0.32,0.35,19.28,20.37,18.2,19.27,20.48,18.07,19.36,20.6,18.12,19.39,20.71,18.12,19.44,20.73,18.12,19.42,20.85,18.03,19.45,20.98,18,19.39,20.96,18,6677,0
2025-10-30 17:00:00,1.24,3.24,6.24,6,5.67,4.54,0.39,0.62,22.38,23.79,20.61,22.76,24.4,20.79,22.73,24.31,20.84,23.05,24.74,21.05,23.02,24.63,21.08,23.41,25.23,21.21,23.87,25.92,21.4,23.91,26.06,21.36,6755,7000
2025-10-30 16:00:00,1.27,3.39,6.6,6.24,5.78,4.89,0.74,0.56,25.98,27.46,24.5,26.88,28.64,25.21,26.52,28.13,24.98,27.19,28.92,25.55,26.87,28.41,25.34,27.88,29.72,26.03,29.01,31.24,26.77,29.46,31.93,26.99,6802,7075
2025-10-30 15:00:00,1.2,3.48,6.85,6.41,5.98,5.33,0.64,0.36,27.23,27.82,25.92,28.81,29.59,27.46,28.42,29.31,27.25,29.23,30.17,27.93,28.67,29.48,27.58,30.04,31,28.75,31.46,32.55,30.05,32.12,33.25,30.65,6838,7114
2025-10-30 14:00:00,1.13,3.43,6.91,6.45,6.18,5.46,0.68,0.4,26.66,27.93,25.21,28.56,30.06,26.65,28.73,30.29,27.13,29.05,30.53,27.21,28.55,29.83,26.9,29.62,31,27.57,30.86,32.43,28.52,31.3,33.02,28.86,6822,8280
2025-10-30 13:00:00,1.16,3.48,7.04,6.61,6.39,5.59,0.86,0.47,25.35,27.34,23.08,27.39,29.35,24.98,28.13,30.24,25.6,28.34,29.99,26.28,28.01,29.48,26.17,28.77,30.09,27.09,29.99,31.36,28.28,30.27,31.84,28.53,6824,7437
2025-10-30 12:00:00,1.19,3.42,7.44,6.8,6.76,5.93,1.16,0.91,22.08,23.79,21.31,23.43,26.87,22.38,24.29,27.93,23,24.66,28.77,23.23,24.85,28.65,23.45,25.44,29.81,23.82,26.17,31.2,24.41,26.03,31.46,24.27,6838,7130
2025-10-30 11:00:00,1.2,3.39,7.63,6.89,6.67,6.12,1.45,1.16,19.99,21.09,18.95,21.11,22.38,19.57,21.6,23.16,20.15,22.69,24.03,20.48,23.81,25.69,21.07,24.36,26.18,21.42,23.71,25.62,21.19,22.89,24.39,21.31,6824,7666
2025-10-30 10:00:00,1.26,3.26,8.19,7.16,6.48,6.58,1.91,1.53,17.56,18.73,16.83,17.89,19.31,17.04,18.27,19.89,17.39,18.33,20.16,17.42,18.46,20.85,17.49,18.79,21.06,17.74,19.01,20.83,17.98,19.05,21.21,18,6804,7118
2025-10-30 09:00:00,1.24,3.33,8.31,7.28,6.74,6.87,2.12,1.72,16.07,16.7,15.52,16.17,16.82,15.6,16.42,17.17,15.75,16.53,17.29,15.88,16.56,17.29,16,16.68,17.51,15.98,16.92,17.76,16.2,16.96,17.76,16.35,6626,6921
2025-10-30 08:00:00,1.3,3.52,8.53,7.37,6.91,7.25,2.24,1.85,15.22,15.52,15.04,15.21,15.52,15.02,15.35,15.67,15.12,15.48,15.87,15.25,15.51,15.88,15.29,15.52,15.87,15.28,15.65,16.1,15.39,15.81,16.23,15.55,6524,6783
2025-10-30 07:00:00,1.3,3.54,8.63,7.41,7.05,7.42,2.3,1.9,14.96,15.04,14.93,14.94,15.02,14.93,15.04,15.08,15.03,15.17,15.24,15.16,15.21,15.29,15.17,15.26,15.27,15.22,15.31,15.38,15.28,15.52,15.52,15.52,6493,1989
2025-10-30 06:00:00,1.3,3.57,8.66,7.47,7.19,7.56,2.31,1.9,14.85,14.93,14.81,14.84,14.92,14.81,14.95,15.04,14.92,15.07,15.14,15.03,15.11,15.17,15.05,15.15,15.22,15.12,15.23,15.28,15.16,15.45,15.52,15.4,6488,0
2025-10-30 05:00:00,1.3,3.6,8.75,7.51,7.33,7.68,2.34,1.92,14.76,14.81,14.69,14.74,14.81,14.69,14.85,14.92,14.8,14.96,15.04,14.92,15,15.05,14.93,15.04,15.1,14.99,15.13,15.16,15.04,15.34,15.4,15.28,6488,0
2025-10-30 04:00:00,1.3,3.55,8.84,7.6,7.45,7.78,2.35,1.97,14.57,14.69,14.46,14.56,14.69,14.45,14.68,14.8,14.58,14.78,14.88,14.69,14.81,14.93,14.7,14.86,14.96,14.79,14.97,15.04,14.91,15.19,15.28,15.08,6488,0
2025-10-30 03:00:00,1.28,3.54,8.98,7.66,7.58,7.8,2.37,2.03,14.46,14.5,14.45,14.45,14.48,14.45,14.58,14.6,14.57,14.69,14.69,14.69,14.7,14.78,14.69,14.78,14.8,14.76,14.87,14.92,14.81,15.08,15.16,15.04,6488,0
2025-10-30 02:00:00,1.32,3.54,9.12,7.7,7.78,7.87,2.41,2.04,14.56,14.59,14.47,14.53,14.57,14.45,14.66,14.69,14.58,14.74,14.8,14.69,14.78,14.81,14.73,14.83,14.91,14.79,14.94,15.01,14.92,15.16,15.18,15.14,6488,0
2025-10-30 01:00:00,1.34,3.52,9.24,7.69,7.91,7.92,2.48,2.12,14.28,14.54,14.1,14.24,14.53,14.07,14.37,14.66,14.17,14.48,14.7,14.33,14.51,14.81,14.34,14.57,14.82,14.34,14.63,14.92,14.45,14.83,15.13,14.66,6488,0
2025-10-30 00:00:00,1.3,3.51,9.26,7.66,7.82,7.9,2.49,2.1,14.21,14.45,13.98,14.18,14.43,13.98,14.3,14.54,14.1,14.39,14.58,14.21,14.4,14.6,14.22,14.45,14.68,14.26,14.49,14.69,14.32,14.69,14.9,14.48,6466,0
2025-10-29 23:00:00,1.3,3.59,9.39,7.77,7.81,7.89,2.46,2.1,14.68,14.81,14.47,14.62,14.71,14.45,14.73,14.81,14.57,14.82,14.92,14.67,14.84,14.93,14.66,14.89,15.03,14.68,14.94,15.05,14.74,15.12,15.27,14.93,6486,0
2025-10-29 22:00:00,1.35,3.58,9.63,7.95,7.99,7.98,2.5,2.18,14.47,14.69,14.33,14.42,14.68,14.27,14.52,14.71,14.35,14.59,14.8,14.45,14.61,14.85,14.46,14.64,14.91,14.46,14.69,14.98,14.48,14.86,15.16,14.69,6486,0
2025-10-29 21:00:00,1.35,3.67,9.65,7.94,7.94,7.97,2.5,2.14,14.59,14.7,14.42,14.55,14.69,14.33,14.65,14.81,14.45,14.72,14.86,14.57,14.77,14.93,14.58,14.78,14.96,14.56,14.87,15.04,14.63,15.04,15.27,14.81,6488,0
2025-10-29 20:00:00,1.45,3.78,9.83,8.1,8.01,8.04,2.61,2.24,14.82,14.93,14.69,14.81,14.93,14.69,14.91,15.04,14.81,15.02,15.16,14.89,15.05,15.17,14.92,15.09,15.25,14.95,15.18,15.28,15.04,15.37,15.51,15.28,6486,0
2025-10-29 19:00:00,1.47,3.78,9.88,8.16,8.05,8.1,2.65,2.3,14.97,15.04,14.93,14.94,15.02,14.92,15.03,15.09,15.02,15.16,15.22,15.12,15.17,15.26,15.16,15.2,15.27,15.15,15.29,15.39,15.27,15.45,15.52,15.41,6488,0
2025-10-29 18:00:00,1.35,3.73,9.79,8.01,8.02,8.02,2.47,2.12,14.98,15.04,14.93,14.94,15.02,14.83,15.01,15.06,14.94,15.13,15.22,15.04,15.17,15.26,15.1,15.22,15.29,15.15,15.31,15.39,15.21,15.46,15.52,15.4,6488,0
2025-10-29 17:00:00,1.46,3.87,10.16,8.3,8.25,8.3,2.68,2.42,14.83,14.9,14.81,14.8,14.84,14.76,14.89,14.93,14.81,14.99,15.06,14.92,15.04,15.08,15,15.1,15.15,15.03,15.17,15.22,15.16,15.36,15.4,15.28,6486,2028
2025-10-29 16:00:00,1.46,3.82,10.15,8.33,8.24,8.33,2.73,2.45,14.75,14.81,14.69,14.71,14.77,14.69,14.81,14.84,14.81,14.91,14.93,14.89,14.95,15.03,14.92,15.02,15.04,15,15.09,15.16,15.04,15.27,15.29,15.24,6486,1784
2025-10-29 15:00:00,1.36,3.69,10.11,8.28,8.2,8.27,2.7,2.4,15.2,15.63,14.81,15.17,15.55,14.81,15.27,15.63,14.89,15.38,15.75,14.98,15.41,15.76,15.04,15.47,15.86,15.04,15.54,15.89,15.16,15.69,15.99,15.28,6488,2087
2025-10-29 14:00:00,1.61,4.14,10.37,8.57,8.35,8.53,2.88,2.52,15.33,15.64,15.07,15.3,15.6,15.05,15.38,15.63,15.16,15.5,15.75,15.28,15.54,15.82,15.3,15.61,15.86,15.39,15.67,15.93,15.45,15.78,16,15.55,6488,2087
2025-10-29 13:00:00,1.66,4.16,10.01,8.35,8.12,8.3,2.75,2.5,15.36,15.52,15.16,15.35,15.52,15.16,15.46,15.63,15.19,15.62,15.75,15.38,15.61,15.76,15.4,15.66,15.84,15.44,15.73,15.87,15.51,15.9,16.1,15.64,6506,4510
2025-10-29 12:00:00,1.54,3.95,9.74,8.18,7.9,8.08,2.6,2.35,15.55,15.64,15.52,15.54,15.64,15.52,15.65,15.75,15.63,15.82,15.96,15.76,15.87,16,15.82,15.88,15.98,15.86,15.99,16.1,15.96,16.14,16.23,16.11,6550,6799
2025-10-29 11:00:00,1.41,3.84,9.23,7.78,7.52,7.71,2.39,2.03,15.74,15.87,15.57,15.75,15.87,15.58,15.88,15.99,15.68,16.09,16.2,15.87,16.07,16.15,15.88,16.14,16.2,15.95,16.23,16.35,16.06,16.42,16.56,16.23,6577,6815
2025-10-29 10:00:00,1.41,3.84,9.33,7.84,7.71,7.81,2.43,2.08,15.28,15.5,15.16,15.27,15.49,15.16,15.37,15.55,15.23,15.53,15.75,15.4,15.53,15.76,15.4,15.6,15.82,15.45,15.69,15.87,15.51,15.89,16.11,15.75,6524,6779
2025-10-29 09:00:00,1.63,4.08,9.85,8.37,8.16,8.23,2.73,2.48,15.33,15.41,15.28,15.32,15.4,15.27,15.44,15.52,15.39,15.56,15.63,15.51,15.58,15.64,15.52,15.66,15.74,15.61,15.75,15.87,15.65,15.93,15.99,15.87,6497,6712
2025-10-29 08:00:00,1.52,3.88,9.5,8.08,7.81,7.99,2.58,2.24,15.21,15.28,15.16,15.18,15.25,15.16,15.28,15.36,15.23,15.42,15.51,15.37,15.44,15.52,15.4,15.52,15.62,15.41,15.58,15.66,15.51,15.78,15.87,15.66,6497,6161
2025-10-29 07:00:00,1.69,3.95,9.85,8.44,8.09,8.29,2.84,2.49,15.17,15.21,15.16,15.16,15.17,15.15,15.25,15.28,15.22,15.37,15.4,15.31,15.4,15.41,15.4,15.44,15.5,15.39,15.51,15.52,15.5,15.64,15.67,15.62,6488,827
2025-10-29 06:00:00,1.74,3.92,9.79,8.27,7.79,8.12,2.85,2.54,15.23,15.28,15.18,15.19,15.28,15.16,15.3,15.37,15.28,15.42,15.51,15.4,15.43,15.52,15.4,15.5,15.54,15.5,15.54,15.63,15.51,15.68,15.74,15.64,6493,0
2025-10-29 05:00:00,1.75,3.72,9.12,8.11,7.48,7.59,2.81,2.48,15.71,16.7,15.3,15.7,16.7,15.28,15.78,16.73,15.39,15.88,16.74,15.51,15.91,16.83,15.52,15.97,16.83,15.57,15.95,16.77,15.63,16.01,16.66,15.74,6504,0
2025-10-29 04:00:00,1.31,2.8,6.66,6.19,5.66,6.02,2.06,1.65,16.92,17.06,16.7,16.95,17.08,16.79,17.02,17.17,16.82,17.04,17.17,16.82,17.13,17.29,16.94,17.11,17.2,16.92,17.01,17.15,16.86,16.86,16.95,16.73,6517,0
2025-10-29 03:00:00,1.33,2.79,6.76,6.2,5.76,6.18,2.14,1.7,16.41,16.69,16.25,16.44,16.74,16.2,16.39,16.73,16.11,16.5,16.81,16.2,16.58,16.92,16.34,16.55,16.91,16.28,16.53,16.81,16.2,16.46,16.7,16.23,6524,0
2025-10-29 02:00:00,1.36,2.81,6.67,6.18,5.62,6.14,2.17,1.71,15.97,16.45,15.64,16,16.45,15.64,16.12,16.58,15.75,16.22,16.58,15.87,16.27,16.7,15.88,16.25,16.64,15.87,16.31,16.64,15.99,16.34,16.58,16.11,6535,0
2025-10-29 01:00:00,1.4,2.89,6.7,6.22,5.65,6.26,2.16,1.7,15.68,15.75,15.64,15.68,15.75,15.63,15.81,15.88,15.75,15.94,16.02,15.87,15.92,16,15.87,15.94,15.98,15.86,16.01,16.1,15.96,16.1,16.15,16,6546,0
2025-10-29 00:00:00,1.44,3.03,6.77,6.43,5.89,6.58,2.21,1.69,15.75,15.87,15.62,15.7,15.78,15.52,15.84,15.96,15.66,15.99,16.11,15.75,15.98,16.11,15.76,16,16.1,15.74,16.06,16.18,15.84,16.2,16.34,15.97,6537,0
2025-10-28 23:00:00,1.51,3.18,7.14,6.79,6.25,6.62,2.25,1.77,16.03,16.12,15.87,15.99,16.11,15.86,16.11,16.2,15.99,16.22,16.33,16.11,16.24,16.35,16.11,16.28,16.35,16.15,16.32,16.45,16.2,16.45,16.57,16.35,6550,0
2025-10-28 22:00:00,1.57,3.32,7.83,7.56,6.44,5.48,1.38,1.58,16.19,16.23,16.11,16.15,16.2,16.11,16.26,16.34,16.2,16.36,16.43,16.34,16.41,16.45,16.35,16.45,16.49,16.43,16.48,16.54,16.45,16.57,16.62,16.49,6571,0
2025-10-28 21:00:00,1.34,2.82,6.6,5.82,5.43,4.33,0.26,0.46,15.89,16.09,15.77,15.88,16.11,15.76,16.01,16.2,15.92,16.08,16.32,15.99,16.11,16.35,16,16.1,16.35,16,16.15,16.42,16.07,16.25,16.45,16.15,6577,0
2025-10-28 20:00:00,1.31,2.83,6.6,5.86,5.4,4.45,0.21,0.45,16.3,16.7,16,16.29,16.7,15.99,16.4,16.79,16.11,16.51,16.95,16.2,16.55,16.99,16.23,16.54,16.95,16.2,16.57,17.03,16.23,16.65,17.04,16.35,6588,0
2025-10-28 19:00:00,1.37,2.94,7.02,6.25,5.8,4.82,0.28,0.41,16.85,17.08,16.77,16.78,16.94,16.67,16.87,17.04,16.82,17.1,17.17,16.99,17.13,17.28,17.06,17.13,17.28,17.04,17.06,17.17,16.93,17.11,17.29,17.04,6604,0
2025-10-28 18:00:00,1.37,2.94,7.09,5.95,5.8,4.62,0.35,0.14,19.89,22.02,17.29,19.5,21.9,17.04,19.61,22.06,17.2,19.75,22.13,17.36,19.87,22.26,17.41,19.86,22.24,17.43,19.78,22.33,17.32,19.9,22.41,17.49,6642,0
2025-10-28 17:00:00,1.29,2.78,6.65,5.41,5.31,4.29,0.22,0.06,22.92,23.79,22.14,22.91,23.91,22.01,23.08,24.15,22.14,23.21,24.32,22.25,23.35,24.47,22.38,23.42,24.61,22.38,23.57,24.85,22.49,23.73,25.1,22.49,6720,6906
2025-10-28 16:00:00,0.98,2.81,6.83,5.53,5.34,4.4,0.24,0.05,25.28,27.22,24.03,25.75,28.18,24.15,26.06,28.49,24.38,26.33,28.84,24.6,26.39,28.74,24.75,26.66,29.11,24.85,27.12,29.82,25.18,27.55,30.51,25.45,6840,7102
2025-10-28 15:00:00,0.83,2.78,7.04,5.68,5.38,4.4,0.2,0.09,31.55,35.78,27.79,33.3,38.34,28.81,33.42,38.34,29.11,33.91,39.02,29.48,33.18,37.64,29.36,34.25,39.5,29.81,35.64,41.65,30.64,36.73,42.95,31.34,6822,7347
2025-10-28 14:00:00,0.67,2.7,7.11,5.76,5.41,4.36,0.09,0.04,35.81,37,34.56,38.76,39.72,37.5,38.19,39.52,36.68,38.33,40.11,36.45,37.05,38.64,35.5,38.86,40.68,37.12,41.02,43.07,39.05,42.36,44.37,40.23,6822,8730
2025-10-28 13:00:00,0.7,2.77,6.93,5.66,5.41,4.36,0.13,0.03,29.98,33.73,27.58,32.01,36.46,29.46,31.44,35.7,29,31.57,35.38,29.82,31.18,34.55,29.59,32.3,36.08,30.4,33.82,37.99,31.65,34.36,39.15,31.84,6822,8879
2025-10-28 12:00:00,0.83,2.75,6.77,5.5,5.32,4.32,0.11,0.03,23.89,28.88,22.04,24.89,30.54,22.73,25.98,29.23,24.64,27.01,31.12,25.17,26.89,30.78,25.1,27.52,31.78,25.56,28.39,33.28,26.27,27.69,33.25,25.43,6826,8135
2025-10-28 11:00:00,0.9,2.79,6.64,5.41,5.27,4.22,0.16,0.04,20.65,22.29,19.29,21,22.87,19.23,22.5,26.97,19.43,23.46,27.69,19.77,24.76,27.82,20.02,24.48,28.32,20.09,23.64,28.11,20.24,23.38,25.69,20.81,6822,8466
2025-10-28 10:00:00,0.83,2.77,6.55,5.4,5.28,4.21,0.16,0,17.87,19.52,15.27,17.4,19.29,15.16,17.56,19.5,15.41,17.89,19.89,15.51,17.79,20.02,15.57,17.81,20,15.61,18.1,20.32,15.52,18.37,20.6,15.64,6822,8395
2025-10-28 09:00:00,0.79,2.65,6.44,5.29,5.2,4.17,0.13,,13.19,14.93,11.26,13.02,14.87,11.04,13.33,15.16,11.28,13.41,15.28,11.38,13.59,15.3,11.4,13.55,15.29,11.6,13.66,15.28,11.85,13.89,15.4,12.06,6822,7993
2025-10-28 08:00:00,0.7,2.61,6.43,5.14,5.18,4.11,0.11,,9.49,11.02,8.43,9.34,10.79,8.33,9.5,11.02,8.43,9.56,11.13,8.54,9.49,11.15,8.43,9.57,11.29,8.41,9.63,11.48,8.42,9.74,11.6,8.54,6613,6913
2025-10-28 07:00:00,0.7,2.6,6.37,5.02,5.14,4.1,0.12,,8.65,9.01,8.42,8.53,8.89,8.3,8.62,8.92,8.42,8.67,9,8.43,8.55,8.82,8.32,8.55,8.8,8.41,8.5,8.77,8.34,8.63,8.89,8.45,6470,6693
2025-10-28 06:00:00,0.7,2.59,6.3,5,5.13,4.09,0.12,,9.13,9.37,9.01,8.97,9.25,8.89,9.07,9.34,9.01,9.11,9.35,9.01,9,9.26,8.89,9,9.3,8.88,8.96,9.24,8.81,9.09,9.37,8.89,6475,0
2025-10-28 05:00:00,0.69,2.57,6.24,4.99,5.1,4.06,0.1,,9.84,10.08,9.49,9.68,9.93,9.35,9.78,10.05,9.38,9.85,10.07,9.47,9.75,10.04,9.37,9.75,10.06,9.35,9.69,9.96,9.35,9.8,10.08,9.47,6488,0
2025-10-28 04:00:00,0.71,2.56,6.22,5,5.1,4.08,0.05,,10.01,10.08,9.95,9.84,9.89,9.76,9.97,10.03,9.93,10.03,10.07,9.96,9.93,9.97,9.85,9.92,9.99,9.83,9.89,9.95,9.83,9.97,10.07,9.91,6504,0
2025-10-28 03:00:00,0.72,2.54,6.23,4.97,5.12,4.05,0.03,,10.25,10.43,10.07,10.09,10.24,9.89,10.21,10.4,9.99,10.28,10.44,10.07,10.21,10.42,9.96,10.22,10.42,9.95,10.17,10.41,9.95,10.29,10.46,10.08,6517,0
2025-10-28 02:00:00,0.72,2.56,6.24,4.99,5.11,4.05,0.02,,10.68,10.79,10.43,10.51,10.62,10.3,10.63,10.76,10.42,10.68,10.78,10.43,10.61,10.7,10.41,10.63,10.77,10.4,10.58,10.72,10.31,10.7,10.81,10.44,6528,0
2025-10-28 01:00:00,0.72,2.55,6.25,5.03,5.12,4.06,0.02,,10.95,11.26,10.76,10.79,11.07,10.55,10.91,11.16,10.67,10.96,11.26,10.73,10.92,11.15,10.67,10.93,11.19,10.69,10.92,11.17,10.66,11.07,11.35,10.8,6537,0
2025-10-28 00:00:00,0.76,2.57,6.29,5.07,5.15,4.1,0.05,,11.49,11.73,11.14,11.36,11.61,11.02,11.47,11.71,11.14,11.52,11.74,11.26,11.47,11.7,11.16,11.49,11.72,11.23,11.48,11.71,11.17,11.64,11.85,11.36,6528,0
2025-10-27 23:00:00,0.83,2.6,6.34,5.11,5.17,4.14,0.09,,11.88,12.21,11.64,11.78,12.09,11.52,11.92,12.21,11.69,11.99,12.32,11.73,11.97,12.33,11.73,11.98,12.31,11.72,11.99,12.32,11.73,12.17,12.46,11.92,6550,0
2025-10-27 22:00:00,0.86,2.63,6.34,5.12,5.17,4.14,0.09,,12.59,13.03,12.27,12.49,12.92,12.21,12.65,13.11,12.32,12.7,13.15,12.39,12.7,13.16,12.34,12.71,13.14,12.4,12.71,13.15,12.33,12.89,13.3,12.56,6550,0
2025-10-27 21:00:00,0.83,2.66,6.38,5.16,5.17,4.15,0.11,,13.47,13.74,13.15,13.39,13.74,13.07,13.54,13.87,13.2,13.6,13.98,13.27,13.6,13.98,13.28,13.59,13.97,13.26,13.59,13.97,13.27,13.79,14.22,13.39,6573,0
2025-10-27 20:00:00,0.85,2.72,6.44,5.23,5.23,4.17,0.16,,14.58,15.28,13.86,14.57,15.28,13.85,14.77,15.52,14.01,14.82,15.54,14.09,14.85,15.63,14.1,14.82,15.59,14.08,14.84,15.62,14.1,15.06,15.81,14.33,6588,0
2025-10-27 19:00:00,0.84,2.7,6.46,5.26,5.22,4.16,0.16,,16.4,17.66,15.4,16.47,17.79,15.43,16.7,18.1,15.63,16.78,18.17,15.75,16.82,18.24,15.76,16.81,18.2,15.74,16.86,18.34,15.75,17.1,18.59,15.99,6613,0
2025-10-27 18:00:00,0.87,2.76,6.56,5.4,5.23,4.2,0.15,0.01,20.37,23.51,18,20.56,23.68,18.12,20.86,24,18.43,20.98,24.15,18.48,21.03,24.15,18.57,21.09,24.36,18.58,21.33,24.74,18.69,21.58,24.98,18.93,6666,0
2025-10-27 17:00:00,0.87,2.83,6.86,5.73,5.32,4.32,0.22,0.08,30.84,36.49,24.38,31.3,37.25,24.62,31.12,36.45,24.86,31.74,37.39,25.09,31.42,36.81,24.98,32.22,38.09,25.21,33.37,39.75,25.68,33.63,40.11,25.92,6755,6996
2025-10-27 16:00:00,0.95,2.94,7.21,6.13,5.47,4.5,0.4,0.3,37.21,37.87,36.8,38,38.72,37.52,37.26,37.97,36.91,38.15,38.59,37.86,37.2,37.52,36.79,38.58,39.02,38.33,40.45,41.06,40.07,41.33,42.18,40.71,6820,7729
2025-10-27 15:00:00,0.87,2.79,7.16,6.13,5.41,4.46,0.19,0.19,38.43,38.81,38.18,39.55,40.08,39.14,38.66,39.39,38.22,38.91,39.52,38.57,37.38,37.87,37.03,39.05,39.5,38.79,41.06,41.54,40.82,42.36,42.83,42.01,6822,8659
2025-10-27 14:00:00,0.78,2.74,7.08,6.14,5.31,4.55,0.15,0.05,36.44,37.87,35.03,37.95,39.39,36.33,37.07,38.55,35.61,36.61,38.34,35.02,35.22,36.68,33.84,37.11,38.5,35.73,39.24,40.7,37.74,40.3,41.89,38.46,6822,7465
2025-10-27 13:00:00,0.68,2.72,6.91,6.11,5.24,4.53,0.15,0.05,33.1,34.66,30.65,34.05,35.86,31.94,32.75,35.03,29.69,32.76,34.39,31.59,32.06,33.38,31.02,33.86,35.14,32.89,35.79,37.15,34.79,36,37.84,34.56,6824,7386
2025-10-27 12:00:00,0.89,3.33,7.15,5.96,4.84,3.9,0.07,0.2,23.77,29.71,21.22,25.84,31.25,21.75,27.98,29.45,26.31,29.78,31.49,27.91,29.18,30.94,27.22,30.82,32.77,28.46,32.02,34.66,28.28,29.61,34.09,23.91,6822,8785
2025-10-27 11:00:00,2.38,5.23,7.5,5.85,3.39,3.31,0.01,0.02,21.26,23.09,19.94,21.57,23.44,20.12,22.92,27.56,19.74,22.64,27.34,19.41,21.69,26.55,18.84,21.52,27.68,18.45,21.03,26.84,18.59,20.08,22.85,18.45,6822,7879
2025-10-27 10:00:00,3.49,6.62,7.86,5.47,2.15,2.9,,,17.92,19.67,16.77,17.89,19.79,16.7,17.81,19.42,16.7,17.65,19.08,16.58,17.29,18.6,16.29,17.05,18.2,16.12,17.22,18.36,16.23,17.2,18.36,16.26,6838,9750
2025-10-27 09:00:00,3.46,6.86,7.96,5.51,2.25,2.99,,,15.37,16.58,13.98,15.32,16.49,13.94,15.37,16.58,13.98,15.4,16.45,14.12,15.23,16.12,14.1,15.16,16,14.06,15.32,16.1,14.32,15.42,16.2,14.42,6822,8276
2025-10-27 08:00:00,3.35,6.76,7.95,5.54,2.25,3.02,,,13.09,13.86,12.4,12.93,13.74,12.21,13.05,13.84,12.43,13.22,13.98,12.56,13.2,13.87,12.68,13.23,13.86,12.66,13.47,14.12,12.8,13.61,14.22,12.92,6637,6941
2025-10-27 07:00:00,3.32,6.8,8.01,5.62,2.37,3.1,,,11.99,12.32,11.85,11.91,12.11,11.76,12.11,12.32,11.97,12.31,12.52,12.2,12.49,12.6,12.42,12.34,12.55,12.2,12.32,12.67,12.13,12.38,12.8,12.21,6486,6693
2025-10-27 06:00:00,3.32,7.01,8.07,5.65,2.35,3.12,,,13,13.88,12.09,12.82,13.62,12,13.03,13.76,12.23,13.15,13.86,12.44,13.36,14.09,12.68,13.3,13.97,12.55,13.35,14.1,12.44,13.45,14.22,12.44,6493,0
2025-10-27 05:00:00,3.35,7.25,8.2,5.74,2.43,3.16,0.05,,14.04,14.1,13.96,13.81,13.92,13.62,13.97,14.1,13.84,14.07,14.21,13.87,14.26,14.34,14.1,14.22,14.32,14.08,14.29,14.34,14.19,14.39,14.45,14.25,6504,0
2025-10-27 04:00:00,3.41,7.36,8.3,5.83,2.48,3.2,0.06,,14.09,14.1,14.07,13.98,13.99,13.96,14.12,14.18,14.1,14.25,14.32,14.21,14.34,14.35,14.34,14.27,14.32,14.2,14.34,14.37,14.33,14.45,14.46,14.45,6517,0
2025-10-27 03:00:00,3.47,7.44,8.35,5.86,2.49,3.26,0.03,,13.98,14.03,13.96,13.94,13.98,13.88,14.1,14.1,14.09,14.22,14.26,14.21,14.29,14.34,14.22,14.14,14.2,14.08,14.2,14.32,14.1,14.35,14.45,14.24,6528,0
2025-10-27 02:00:00,3.55,7.48,8.35,5.85,2.5,3.33,0.05,,13.85,13.97,13.74,13.81,13.88,13.74,13.96,14.07,13.86,14.13,14.21,14.01,14.19,14.22,14.1,14.04,14.08,13.97,14.03,14.09,13.97,14.12,14.22,14.02,6537,0
2025-10-27 01:00:00,3.56,7.46,8.36,5.84,2.5,3.36,0.07,,13.72,13.87,13.41,13.64,13.85,13.32,13.8,13.98,13.5,14,14.12,13.74,14.14,14.22,13.98,13.96,14.08,13.77,13.87,13.97,13.62,13.94,14.1,13.68,6546,0
2025-10-27 00:00:00,3.53,7.44,8.32,5.82,2.5,3.34,0.06,,13.61,14.12,13.26,13.56,14.05,13.15,13.73,14.18,13.39,13.94,14.35,13.62,14.13,14.51,13.87,13.96,14.32,13.71,13.85,14.21,13.55,13.88,14.27,13.63,6530,0
2025-10-26 23:00:00,3.49,7.42,8.29,5.77,2.45,3.34,0.04,,13.59,14.1,12.86,13.49,13.99,12.78,13.65,14.11,13.02,13.89,14.33,13.27,14.11,14.47,13.63,13.89,14.32,13.38,13.75,14.21,13.15,13.79,14.22,13.2,6550,0
2025-10-26 22:00:00,3.42,7.36,8.21,5.69,2.4,3.32,,,12.81,13.15,12.67,12.72,13.04,12.56,12.98,13.28,12.81,13.27,13.58,13.13,13.59,13.87,13.4,13.34,13.73,13.14,13.14,13.55,12.91,13.19,13.62,12.99,6564,0
2025-10-26 21:00:00,3.32,7.39,8.18,5.69,2.42,3.33,0.03,,13.67,14.33,13.21,13.62,14.32,13.15,13.89,14.57,13.39,14.12,14.69,13.62,14.44,14.95,13.98,14.23,14.8,13.8,14.1,14.83,13.62,14.18,14.93,13.63,6573,0
2025-10-26 20:00:00,3.08,7.28,8.6,5.84,2.38,3.34,0.05,,15.22,15.99,14.45,15.19,15.99,14.45,15.39,16.11,14.69,15.55,16.28,14.8,15.7,16.37,15.05,15.61,16.32,14.91,15.67,16.29,15.01,15.77,16.37,15.06,6591,0
2025-10-26 19:00:00,2.82,6.9,8.8,6.15,2.42,3.38,0.04,,16.95,17.87,16.15,16.86,17.76,16.11,17.06,18,16.28,17.19,18.12,16.42,17.31,18.36,16.49,17.14,18.11,16.43,17.08,18,16.42,17.12,18,16.45,6624,0
2025-10-26 18:00:00,2.61,6.6,9.02,6.75,2.52,3.5,0.02,,19.02,19.77,18.1,18.87,19.59,17.99,19.18,20.01,18.2,19.38,20.26,18.35,19.68,20.61,18.51,19.45,20.34,18.34,19.24,20.01,18.18,19.17,19.89,18.16,6675,0
2025-10-26 17:00:00,2.45,6.63,9.64,6.77,2.49,3.56,0.01,0,20.42,20.86,19.91,20.2,20.61,19.77,20.64,21.07,20.12,21.04,21.55,20.48,21.29,21.77,20.77,20.92,21.41,20.35,20.54,20.95,20.01,20.35,20.72,19.89,6773,6996
2025-10-26 16:00:00,2.72,7.3,10.07,7.57,2.7,3.85,0.12,0.04,19.69,20,19.42,19.43,19.77,19.18,19.6,20,19.29,19.89,20.36,19.53,20.13,20.61,19.66,19.86,20.17,19.53,19.54,19.87,19.29,19.45,19.77,19.1,6822,8462
2025-10-26 15:00:00,2.8,6.94,9.23,7.54,2.86,4.15,0.29,0.16,19.82,22.04,19.24,19.81,22.35,19.06,20.06,22.62,19.29,20.34,22.98,19.52,20.6,22.85,19.9,20.16,22.49,19.52,19.65,21.87,19.06,19.32,21.43,18.74,6822,8107
2025-10-26 14:00:00,2.07,5,6.27,4.79,1.16,1.37,0.06,0.05,27.49,28.41,23.79,27.15,27.93,24.14,27.34,28.17,24.27,27.67,28.64,24.62,27.73,28.72,24.51,27.2,28.05,24.25,26.39,27.16,23.6,25.82,26.52,23.2,6820,7240
2025-10-26 13:00:00,1.91,4.87,6.25,4.76,1.05,1.23,0.05,,30.59,32.77,28.41,30.4,32.9,27.96,30.56,32.8,28.17,31.26,34.08,28.52,31.5,34.46,28.65,30.74,33.48,28.04,29.23,31.6,27.09,27.84,29,26.4,6838,9644
2025-10-26 12:00:00,1.87,4.8,6.32,4.8,1,1.26,0.05,,32.42,33.98,31.01,32.97,34.79,31.72,32.87,34.47,31.48,34.47,36.23,33.25,34.8,36.81,33.14,32.52,35.09,28.75,29.1,30.44,26.39,27.8,29.83,25.38,6838,10278
2025-10-26 11:00:00,1.94,4.89,6.27,4.73,1.12,1.31,,,25.4,30.17,22.83,25.5,30.82,22.63,25.37,30.59,22.61,26.04,32.18,22.85,25.71,31.73,22.97,24.18,27.21,22.84,23.6,25.56,22.49,23.29,24.98,22.26,6838,9557
2025-10-26 10:00:00,1.96,4.89,6.25,4.68,1.12,1.27,,,23.14,24.02,21.43,22.83,23.55,21.29,22.85,23.44,21.43,23.2,23.79,21.78,23.44,23.95,22.26,23.42,23.78,22.6,23.23,23.55,22.61,23.12,23.43,22.61,6822,8639
2025-10-26 09:00:00,1.98,4.91,6.22,4.67,1.14,1.27,,,19.64,20.96,18.59,19.57,20.84,18.57,19.72,20.96,18.69,19.96,21.31,18.83,20.37,21.78,19.11,20.63,22.23,19.17,20.35,22.07,19.18,20.45,22.15,19.18,6838,10215
2025-10-26 08:00:00,1.98,4.89,6.21,4.8,1.19,1.25,,,17.63,18.45,17.17,17.59,18.37,17.17,17.77,18.49,17.39,17.97,18.7,17.6,18.21,18.95,17.83,18.35,19.04,17.99,18.38,19.06,18.01,18.42,19.07,18.12,6595,6878
2025-10-26 07:00:00,2.02,5.02,6.32,4.92,1.18,1.26,,,17.17,17.2,17.17,17.17,17.18,17.17,17.41,17.41,17.41,17.64,17.64,17.64,17.86,17.89,17.84,17.99,18.03,17.95,18.1,18.12,18.07,18.13,18.2,18.07,6504,3447
2025-10-26 06:00:00,2.13,5.17,6.4,4.84,1.27,1.3,0.01,,17.52,17.76,17.25,17.51,17.76,17.2,17.69,17.87,17.41,17.87,18.09,17.64,18.17,18.37,17.89,18.25,18.58,17.95,18.25,18.49,18,18.24,18.45,18,6510,0
2025-10-26 05:00:00,2,4.91,6.15,4.6,1.16,1.25,,,18.21,18.59,17.79,18.17,18.45,17.77,18.31,18.59,17.95,18.45,18.78,18.12,18.69,19,18.36,18.77,19.04,18.45,18.76,18.94,18.45,18.79,19.01,18.45,6522,0
2025-10-26 04:00:00,1.96,4.92,6.11,4.62,1.14,1.23,,,18.13,18.45,17.73,17.96,18.36,17.53,18.25,18.52,17.9,18.45,18.7,18.12,18.77,18.95,18.48,18.82,18.94,18.59,18.8,18.94,18.59,18.81,18.95,18.59,6528,0
2025-10-26 03:00:00,2.05,5.25,6.18,4.75,1.21,1.24,,,17.41,17.65,17.29,17.31,17.42,17.2,17.61,17.87,17.45,17.84,18.12,17.73,18.13,18.43,18,18.24,18.58,18.02,18.21,18.54,18,18.13,18.56,17.87,6537,0
2025-10-26 02:00:00,1.95,4.87,6.03,4.57,1.11,1.22,,,19.09,19.18,18.84,18.97,19.06,18.73,19.1,19.18,18.89,19.24,19.29,19.06,19.44,19.54,19.31,19.4,19.45,19.29,19.37,19.41,19.19,19.37,19.42,19.24,6550,0
2025-10-26 01:00:00,1.95,4.89,6.05,4.54,1.12,1.19,,,18.42,18.83,18.19,18.34,18.7,18.12,18.53,18.83,18.35,18.68,19.02,18.45,18.95,19.27,18.76,18.98,19.23,18.82,18.98,19.18,18.82,19.03,19.18,18.87,6550,0
2025-10-26 00:00:00,1.99,4.9,6.08,4.58,1.12,1.2,,,19.1,19.64,18.5,19.05,19.54,18.45,19.24,19.77,18.69,19.36,19.89,18.83,19.61,20.12,19.07,19.68,20.12,19.17,19.69,20.12,19.18,19.72,20.14,19.23,6548,0
2025-10-25 23:00:00,2,4.91,6.09,4.6,1.08,1.16,,,19.87,20.48,19.54,19.86,20.48,19.54,20.08,20.7,19.7,20.19,20.83,19.85,20.46,21.08,20.12,20.54,21.18,20.12,20.57,21.26,20.12,20.64,21.34,20.2,6573,0
2025-10-25 22:00:00,1.94,4.89,6.07,4.59,1.1,1.18,0.01,,20.63,20.72,20.39,20.66,20.74,20.48,20.87,20.96,20.72,21.03,21.07,20.94,21.38,21.44,21.2,21.47,21.54,21.3,21.57,21.66,21.42,21.68,21.79,21.53,6577,0
2025-10-25 21:00:00,1.99,4.93,6.05,4.6,1.09,1.15,,,19.59,20.53,18.83,19.67,20.65,18.84,20.1,21.07,19.37,20.37,21.3,19.65,20.86,21.79,20.12,20.69,21.71,19.87,20.31,21.34,19.37,20.3,21.33,19.29,6588,0
2025-10-25 20:00:00,1.99,4.92,6.12,4.68,1.1,1.2,0.01,0.01,22.6,23.71,20.91,22.7,23.79,21.01,23.01,24.15,21.43,23.16,24.26,21.59,23.59,24.66,22.13,23.68,24.85,22.01,23.63,24.74,21.78,23.71,24.86,21.79,6624,0
2025-10-25 19:00:00,1.98,4.95,6.2,4.75,1.09,1.27,0.02,0.02,25.46,27.22,23.92,25.55,27.34,24.03,26,27.93,24.38,26.17,28.17,24.5,26.61,28.65,24.88,26.65,28.63,25.01,26.38,28.05,24.97,26.28,27.82,24.98,6680,0
2025-10-25 18:00:00,1.95,4.9,6.22,4.8,1.05,1.21,0.04,,30.27,33.84,27.61,30.35,33.96,27.7,31.37,35.49,28.4,31.9,36.56,28.64,32.41,37.04,29.12,32.14,36.55,29.01,31.18,35.14,28.41,30.65,34.36,28.17,6804,7055
2025-10-25 17:00:00,1.83,4.79,6.25,4.8,0.87,1.07,,0,36.5,39.06,34.43,36.66,39.4,34.45,38.21,40.93,35.97,39.71,42.95,37.16,40.4,43.89,37.75,39.75,42.94,37.25,38.03,41.06,35.84,37.01,39.8,35.03,6822,8619
2025-10-25 16:00:00,1.8,4.73,6.29,4.8,0.75,1.06,,,39.65,40.84,38.53,40.3,41.77,38.81,41.44,42.71,40.09,43.72,45.28,42.13,44.64,46.27,43.08,43.59,45.07,42.11,41.5,42.83,40.23,40.07,41.29,39.02,6838,7713
2025-10-25 15:00:00,1.85,4.68,6.35,4.82,0.77,1.03,,0.04,42.47,43.14,40.82,44,44.96,41.96,44.69,45.67,42.65,47.52,48.51,45.41,48.35,49.23,46.28,47.31,48.32,45.07,44.74,45.51,42.81,40.33,42.5,36.23,6826,7863
2025-10-25 14:00:00,1.85,4.71,6.35,4.85,0.74,1.05,0.01,0.05,41.96,42.19,41.53,44.23,44.61,43.78,45.01,45.42,44.67,47.12,47.51,46.62,48.08,48.64,47.45,46.74,47.43,44.95,41.71,44.13,36.03,33.99,36.68,31.36,6824,7670
2025-10-25 13:00:00,1.86,4.73,6.48,4.96,0.91,1.25,0.05,,40.36,41.58,38.59,43.45,44.84,41.45,43.14,45.08,40.31,44.74,47.45,40.23,43.46,47.45,36.57,38.34,44.6,28.75,30.98,34.31,26.52,29.28,31.84,25.92,6826,7804
2025-10-25 12:00:00,1.92,4.88,6.4,4.9,1.1,1.23,,0,34.44,37.87,29.83,34.9,40.47,27.58,31.99,39.13,23.67,29.11,38.48,22.61,25.93,34,22.58,24.26,26.86,22.73,24.41,25.8,23.08,25.04,25.64,24.67,6826,8596
2025-10-25 11:00:00,1.99,4.9,6.07,4.6,1.06,1.21,,,21.59,28.53,17.53,20.28,25.92,17.58,20.03,22.37,18.37,20.67,22.1,19.42,21.39,22.38,20.64,21.75,22.6,21.3,21.64,22.84,20.48,22.01,24.02,20.72,6838,10081
2025-10-25 10:00:00,1.9,4.82,5.97,4.57,1.08,1.35,,0,15.2,17.04,13.15,15.24,17.17,12.94,16.95,18.12,14.8,18.21,19.31,14.57,20.8,22.23,17.11,20.94,23.06,16.92,18.42,20.2,15.86,18.61,20.48,15.27,6838,10522
2025-10-25 09:00:00,1.82,4.71,5.82,4.33,1.04,1.14,,,11.29,12.68,10.67,11.23,12.44,10.67,11.8,13.62,11.06,12.15,13.75,11.38,13.03,15.74,11.62,12.85,15.74,11.25,12.6,15.39,10.92,12.26,14.57,11.01,6784,7099
2025-10-25 08:00:00,1.78,4.72,5.78,4.33,1.02,1.06,,,10.84,11.03,10.68,10.84,11.03,10.67,11.24,11.49,11.09,11.52,11.73,11.38,11.81,12.06,11.62,11.41,11.61,11.25,11.13,11.37,10.92,11.15,11.39,10.99,6488,6724
2025-10-25 07:00:00,1.82,4.72,5.82,4.35,1.04,1.11,,,11.29,11.5,11.05,11.29,11.5,11.1,11.7,11.94,11.49,11.98,12.2,11.73,12.29,12.52,12.09,11.87,12.07,11.68,11.56,11.77,11.37,11.57,11.75,11.38,6495,0
2025-10-25 06:00:00,1.89,4.75,5.85,4.35,1,1.14,,,11.78,12.09,11.5,11.78,12.09,11.5,12.2,12.46,11.97,12.47,12.8,12.2,12.81,13.07,12.57,12.42,12.72,12.17,12.11,12.42,11.85,12.13,12.44,11.85,6506,0
2025-10-25 05:00:00,1.93,4.77,5.86,4.37,1.03,1.13,,,12.45,12.8,12.09,12.47,12.8,12.11,12.89,13.27,12.56,13.16,13.5,12.8,13.52,13.87,13.16,13.14,13.49,12.78,12.8,13.15,12.44,12.81,13.12,12.49,6517,0
2025-10-25 04:00:00,1.89,4.8,5.9,4.41,1.08,1.13,,,13.23,13.62,12.86,13.25,13.63,12.91,13.67,14.1,13.27,13.96,14.33,13.61,14.31,14.72,13.92,13.88,14.32,13.49,13.51,13.97,13.15,13.51,13.97,13.15,6528,0
2025-10-25 03:00:00,1.92,4.84,5.95,4.46,1.08,1.15,,,14.24,14.69,13.74,14.26,14.69,13.74,14.66,15.06,14.18,14.93,15.38,14.45,15.3,15.75,14.81,14.9,15.39,14.43,14.54,15.03,14,14.52,14.94,14,6537,0
2025-10-25 02:00:00,1.93,4.92,5.99,4.46,1.07,1.12,,,14.91,15.12,14.76,14.9,15.13,14.74,15.28,15.52,15.15,15.56,15.75,15.4,15.94,16.14,15.76,15.56,15.8,15.39,15.19,15.43,15.04,15.17,15.42,15.01,6546,0
2025-10-25 01:00:00,1.94,4.87,5.95,4.46,1.07,1.13,,,15.47,15.78,15.16,15.48,15.78,15.16,15.87,16.2,15.57,16.14,16.45,15.86,16.53,16.87,16.23,16.17,16.54,15.86,15.81,16.11,15.51,15.79,16.11,15.52,6550,0
2025-10-25 00:00:00,1.91,4.85,5.97,4.5,1.06,1.12,,,16.01,16.24,15.82,16.01,16.26,15.83,16.41,16.7,16.2,16.69,16.93,16.48,17.12,17.41,16.94,16.8,17.14,16.57,16.43,16.79,16.2,16.39,16.7,16.15,6542,0
2025-10-24 23:00:00,1.89,4.82,5.97,4.49,1.11,1.16,,,16.59,16.94,16.31,16.62,16.95,16.34,17.07,17.5,16.7,17.39,17.79,17.04,17.87,18.36,17.44,17.47,17.87,17.16,17.04,17.36,16.81,16.97,17.29,16.7,6550,0
2025-10-24 22:00:00,1.96,4.85,6,4.53,1.12,1.15,,,17.59,18.24,17.02,17.69,18.33,17.04,18.17,18.83,17.53,18.52,19.18,17.87,19.13,19.83,18.45,18.64,19.41,17.99,18.04,18.79,17.4,17.94,18.62,17.36,6571,0
2025-10-24 21:00:00,2,4.9,6.05,4.59,1.11,1.17,,,19.04,19.89,18.36,19.12,20.02,18.43,19.68,20.6,18.94,20.04,20.95,19.29,20.75,21.67,19.95,20.27,21.22,19.52,19.54,20.43,18.94,19.38,20.25,18.81,6588,0
2025-10-24 20:00:00,1.99,4.92,6.11,4.67,1.14,1.23,0,,21.68,23.66,20.12,21.84,23.79,20.25,22.45,24.38,20.84,22.76,24.62,21.19,23.45,25.22,21.91,23.05,24.96,21.45,22.21,24.24,20.71,22.02,24.05,20.48,6606,0
2025-10-24 19:00:00,2.02,4.95,6.21,4.74,1.11,1.3,0.02,0.02,26.15,27.94,24.04,26.26,28.05,24.27,26.8,28.76,24.76,27.05,29,25.04,27.62,29.59,25.6,27.47,29.46,25.32,26.9,28.64,24.74,26.68,28.29,24.58,6660,0
2025-10-24 18:00:00,1.95,4.94,6.27,4.83,1.08,1.26,0.06,,31.6,36.82,28.33,31.74,37.04,28.41,33.02,39.04,29.21,33.61,40.27,29.47,34.26,40.91,30.08,33.84,40.09,29.93,32.42,38.08,29.08,31.71,36.91,28.64,6751,6992
2025-10-24 17:00:00,1.81,4.77,6.31,4.79,0.72,1.04,,,40.15,41.78,38.34,40.68,42.72,38.58,42.85,44.84,40.59,44.83,47.09,42.24,45.71,48.04,42.96,44.59,46.82,42.02,42.24,44.26,39.87,40.87,42.72,38.73,6820,8493
2025-10-24 16:00:00,1.83,4.72,6.26,4.78,0.72,0.91,,,42.54,42.99,42.03,43.78,44.49,42.83,45.16,46.03,44.49,47.9,48.62,47.18,48.85,49.52,48.18,47.45,48.26,46.83,44.99,45.57,44.37,43.35,43.76,42.84,6824,7890
2025-10-24 15:00:00,1.82,4.67,6.34,4.8,0.69,0.96,,0.04,42.86,43.36,42.12,44.29,44.9,43.5,45.14,45.83,43.78,47.88,48.49,46.62,48.73,49.46,47.2,47.74,48.38,46.49,45.07,45.79,43.76,40.41,43.14,35.04,6822,8454
2025-10-24 14:00:00,1.85,4.71,6.38,4.88,0.73,1.14,0.01,0.05,42.11,42.36,41.77,44.28,45.08,43.31,44.57,45.54,43.42,46.73,47.73,46.02,47.52,48.15,46.51,46.1,46.72,44.95,40.97,43.54,34.8,33.19,35.43,31.01,6824,7465
2025-10-24 13:00:00,1.87,4.78,6.47,4.96,0.91,1.23,0.04,,39.94,41.65,37.99,42.84,44.22,40.71,42.43,44.25,39.63,43.95,46.85,39.99,42.67,47.1,36.34,37.31,44.36,28.63,30.69,33.55,26.63,29,31.48,26.09,6824,8820
2025-10-24 12:00:00,1.95,4.89,6.42,4.89,1.09,1.22,,0.01,34.51,37.87,30.18,34.97,40.14,27.88,31.73,38.91,23.77,29.12,38.93,22.51,25.93,34.68,22.62,24.33,27.32,22.84,24.48,26.19,23.2,25.11,26,24.74,6824,7508
2025-10-24 11:00:00,2.04,4.9,6.07,4.62,1.06,1.22,,,21.31,28.76,17.53,20.08,25.92,17.65,19.96,22.37,18.58,20.56,21.93,19.56,21.41,22.4,20.76,21.77,22.6,21.42,21.68,22.95,20.72,22.08,24.02,20.96,6838,9994
2025-10-24 10:00:00,1.92,4.84,5.98,4.61,1.08,1.38,,0.01,15.74,17.28,13.99,15.73,17.36,13.79,17.66,18.35,15.99,18.7,19.73,15.62,21.72,23.1,18.95,21.56,23.28,18.58,19.25,20.48,17.53,19.26,20.84,16.62,6838,10455
2025-10-24 09:00:00,1.86,4.74,5.87,4.35,1.05,1.2,0.02,,11.99,13.7,11.07,11.86,13.39,11.04,12.51,14.81,11.43,12.87,14.82,11.73,13.99,17.53,11.98,13.88,17.4,11.7,13.77,17.29,11.47,13.35,16.11,11.5,6822,10506
2025-10-24 08:00:00,1.81,4.72,5.82,4.33,1.03,1.11,,,11.14,11.27,11.04,11.12,11.27,11.02,11.5,11.69,11.38,11.79,11.97,11.72,12.06,12.21,11.97,11.71,11.84,11.6,11.49,11.61,11.37,11.52,11.62,11.47,6493,6740
2025-10-24 07:00:00,1.86,4.75,5.86,4.35,1.02,1.15,,,11.54,11.74,11.38,11.54,11.73,11.37,11.91,12.09,11.73,12.19,12.43,11.97,12.47,12.68,12.24,12.13,12.31,11.93,11.88,12.09,11.68,11.92,12.16,11.72,6495,0
2025-10-24 06:00:00,1.94,4.77,5.87,4.36,1.01,1.12,,,12.02,12.21,11.81,12.01,12.21,11.8,12.37,12.56,12.16,12.63,12.82,12.44,12.92,13.16,12.68,12.62,12.78,12.41,12.39,12.56,12.16,12.41,12.57,12.2,6506,0
2025-10-24 05:00:00,1.94,4.78,5.87,4.37,1.01,1.14,,,12.49,12.75,12.29,12.5,12.77,12.28,12.87,13.15,12.65,13.12,13.39,12.9,13.43,13.71,13.16,13.12,13.38,12.9,12.87,13.1,12.66,12.89,13.14,12.68,6517,0
2025-10-24 04:00:00,1.91,4.8,5.9,4.41,1.05,1.14,,,13.02,13.27,12.8,13.03,13.27,12.8,13.42,13.71,13.15,13.7,13.98,13.44,14.05,14.34,13.75,13.71,13.97,13.4,13.43,13.73,13.15,13.43,13.7,13.15,6528,0
2025-10-24 03:00:00,1.92,4.83,5.94,4.44,1.09,1.16,,,13.62,13.86,13.34,13.63,13.86,13.38,14.02,14.33,13.74,14.32,14.59,14.01,14.69,15.05,14.35,14.38,14.71,14.06,14.09,14.45,13.74,14.09,14.45,13.74,6537,0
2025-10-24 02:00:00,1.94,4.84,5.95,4.48,1.08,1.16,,,14.17,14.45,13.88,14.19,14.45,13.92,14.61,14.92,14.33,14.91,15.19,14.65,15.33,15.64,15.05,14.99,15.27,14.79,14.65,14.92,14.45,14.64,14.93,14.45,6542,0
2025-10-24 01:00:00,1.95,4.91,6,4.47,1.07,1.16,,,14.93,15.3,14.56,14.93,15.34,14.57,15.35,15.75,14.94,15.64,16,15.28,16.07,16.45,15.71,15.74,16.15,15.39,15.39,15.77,15.04,15.36,15.75,15.02,6550,0
2025-10-24 00:00:00,1.94,4.87,5.97,4.49,1.07,1.15,,,15.83,16.23,15.4,15.85,16.28,15.4,16.25,16.7,15.86,16.53,16.98,16.11,16.98,17.42,16.54,16.66,17.15,16.2,16.29,16.7,15.87,16.28,16.7,15.86,6542,0
2025-10-23 23:00:00,1.93,4.85,6,4.51,1.12,1.16,,,16.86,17.39,16.34,16.89,17.41,16.34,17.31,17.87,16.82,17.63,18.23,17.04,18.09,18.7,17.53,17.76,18.34,17.24,17.34,17.86,16.82,17.3,17.76,16.82,6568,0
2025-10-23 22:00:00,2.01,4.9,6.05,4.57,1.12,1.18,,,18.34,19.29,17.51,18.4,19.32,17.53,18.85,19.77,18,19.15,20.01,18.35,19.69,20.59,18.86,19.35,20.35,18.45,18.91,19.98,18,18.84,19.9,17.87,6577,0
2025-10-23 21:00:00,1.98,4.92,6.1,4.62,1.1,1.2,0.01,,20.38,20.96,19.42,20.47,21.08,19.54,20.87,21.55,19.91,21.14,21.86,20.24,21.7,22.49,20.75,21.49,22.13,20.57,21.18,21.78,20.2,21.17,21.76,20.12,6591,0
2025-10-23 20:00:00,2,4.95,6.15,4.68,1.13,1.24,0.01,0.02,22.44,24.03,20.96,22.56,24.11,21.08,22.98,24.5,21.55,23.25,24.69,21.9,23.8,25.2,22.5,23.62,25.21,22.12,23.25,25,21.57,23.2,24.98,21.51,6608,0
2025-10-23 19:00:00,2.02,5.02,6.22,4.77,1.12,1.32,0.02,0.02,25.59,27.23,24.27,25.67,27.35,24.3,26.19,28.05,24.74,26.39,28.32,24.89,26.92,28.89,25.39,26.9,28.75,25.44,26.45,27.93,25.21,26.26,27.59,25.21,6662,583
2025-10-23 18:00:00,1.95,4.93,6.29,4.84,1.09,1.25,0.05,,31.87,37.39,27.7,32.07,37.63,27.82,33.45,39.75,28.61,34.24,41.52,28.88,34.8,42.12,29.48,34.14,41.05,29.22,32.66,39.05,28.39,31.88,37.99,27.93,6753,7000
2025-10-23 17:00:00,1.8,4.77,6.28,4.84,0.75,1.04,,,39,39.75,37.99,39.46,40.34,38.37,41.59,42.36,40.59,43.48,44.37,42.36,44.25,45.18,43.02,43.27,44.24,41.98,41.09,41.88,39.87,39.79,40.52,38.7,6822,7965
2025-10-23 16:00:00,1.78,4.72,6.31,4.78,0.62,1.07,,,40.82,41.41,39.91,41.64,42.46,40.48,43.27,43.75,42.48,45.53,46.14,44.58,46.36,47.04,45.37,45.32,45.92,44.48,42.91,43.52,42.12,41.34,41.89,40.71,6824,8099
2025-10-23 15:00:00,1.81,4.75,6.34,4.78,0.62,1.1,,0.03,41.46,41.77,41.06,42.71,43.09,42.37,43.56,44.13,43.05,46.05,46.62,45.31,46.68,47.45,45.59,45.82,46.37,45.19,43.43,43.99,42.71,39.11,41.65,34.91,6826,8785
2025-10-23 14:00:00,1.83,4.75,6.38,4.84,0.81,1.13,0.01,0.03,39.42,41.25,37.39,40.34,42.36,38.09,40.46,42.83,37.75,42.34,45.09,39.86,43.07,45.54,40.36,42.28,45.07,39.16,39.14,42.59,34.43,32.77,34.91,30.65,6838,9151
2025-10-23 13:00:00,1.84,4.83,6.28,4.76,0.93,1.25,0.06,,33.09,35.93,31.13,33.31,36.45,31.02,33.03,36.09,30.77,34.02,37.98,30.88,33.87,38.46,29.77,32.18,37.14,28.05,29.61,32.3,26.98,28.33,29.83,26.4,6840,9663
2025-10-23 12:00:00,1.94,4.89,6.35,4.81,1.09,1.34,,0,30.6,32.68,27.7,30.63,33.14,27.34,29.03,31.39,25.45,27.92,30.77,24.71,26.37,29.1,24.39,25.54,27.5,24.02,25.16,26.75,23.83,25.04,26.28,23.93,6838,8777
2025-10-23 11:00:00,1.95,4.91,6.18,4.67,1.08,1.26,,,23.54,26.87,21.19,23.19,26.48,20.99,22.9,24.96,21.06,23.13,24.97,21.19,23.14,24.98,21.3,22.81,24.51,21.05,22.52,24.28,20.8,22.36,24.24,20.61,6842,10349
2025-10-23 10:00:00,1.96,4.9,6.11,4.57,1.09,1.24,,,19.69,20.96,18.83,19.5,20.72,18.68,19.61,20.81,18.76,19.74,20.95,18.92,19.82,21.01,18.99,19.65,20.79,18.91,19.49,20.54,18.79,19.4,20.4,18.7,6818,7134
2025-10-23 09:00:00,1.98,4.86,6.08,4.55,1.11,1.23,,,18.19,18.7,17.87,18.04,18.58,17.76,18.15,18.66,17.87,18.28,18.79,18,18.39,18.91,18.12,18.32,18.79,18.08,18.23,18.7,18,18.21,18.61,18,6546,6807
2025-10-23 08:00:00,2,4.85,6.07,4.53,1.13,1.23,,,17.7,17.87,17.39,17.6,17.75,17.29,17.71,17.86,17.41,17.83,18,17.52,17.95,18.11,17.65,17.9,18.01,17.57,17.9,18,17.57,17.93,18,17.65,6504,4164
2025-10-23 07:00:00,1.93,4.85,6.03,4.52,1.06,1.18,,,16.74,17.28,16.34,16.63,17.17,16.23,16.76,17.29,16.35,16.92,17.41,16.58,17.04,17.53,16.7,16.88,17.41,16.54,16.84,17.4,16.45,16.87,17.45,16.45,6506,0
2025-10-23 06:00:00,1.95,4.9,6.01,4.5,1.05,1.18,,,15.38,16.23,14.34,15.31,16.14,14.33,15.49,16.32,14.57,15.71,16.45,14.8,15.93,16.59,15.17,15.75,16.45,14.91,15.67,16.35,14.8,15.69,16.42,14.81,6517,0
2025-10-23 05:00:00,1.95,4.84,5.96,4.46,1.08,1.17,,,13.84,14.22,13.63,13.81,14.19,13.62,14.14,14.46,13.98,14.4,14.69,14.22,14.74,15.04,14.58,14.52,14.8,14.32,14.34,14.68,14.14,14.36,14.69,14.19,6524,0
2025-10-23 04:00:00,1.97,4.86,5.98,4.49,1.09,1.18,,,14.1,14.56,13.77,14.09,14.56,13.74,14.45,14.92,14.1,14.71,15.16,14.36,15.08,15.52,14.7,14.86,15.38,14.53,14.65,15.16,14.33,14.7,15.21,14.34,6535,0
2025-10-23 03:00:00,1.98,4.96,6.03,4.5,1.06,1.18,,,14.95,15.28,14.69,14.94,15.28,14.67,15.27,15.63,14.98,15.53,15.87,15.27,15.91,16.23,15.64,15.79,16.1,15.5,15.6,15.84,15.29,15.64,15.83,15.38,6546,0
2025-10-23 02:00:00,1.97,4.9,6.02,4.52,1.08,1.18,,,16.35,17.17,15.4,16.36,17.17,15.41,16.65,17.41,15.75,16.85,17.64,15.99,17.2,17.95,16.35,17.16,18.02,16.2,17.1,18.11,15.99,17.16,18.24,15.99,6550,0
2025-10-23 01:00:00,1.97,4.88,6.02,4.53,1.08,1.18,,,16.94,17.17,16.82,16.96,17.17,16.82,17.19,17.41,17.04,17.45,17.64,17.29,17.78,17.95,17.65,17.81,18.02,17.62,17.87,18.12,17.62,17.98,18.24,17.73,6550,0
2025-10-23 00:00:00,1.95,4.86,6,4.52,1.08,1.16,,,16.72,17.53,16.26,16.74,17.53,16.24,17.06,17.79,16.58,17.3,18.03,16.85,17.64,18.35,17.24,17.51,18.32,17.04,17.38,18.29,16.86,17.41,18.36,16.9,6550,0
2025-10-22 23:00:00,1.99,4.86,6.01,4.54,1.07,1.15,,,17.27,18,16.37,17.28,18.01,16.36,17.57,18.24,16.76,17.85,18.5,17.04,18.18,18.83,17.42,18.11,18.87,17.17,18.1,19.06,16.93,18.18,19.18,16.94,6571,0
2025-10-22 22:00:00,1.95,4.87,5.99,4.52,1.09,1.15,,,16.83,17.04,16.45,16.86,17.06,16.48,17.28,17.54,16.91,17.59,17.87,17.17,18.05,18.42,17.61,17.77,18.03,17.37,17.42,17.64,17.04,17.39,17.65,17.04,6577,0
2025-10-22 21:00:00,2.02,4.9,6.02,4.58,1.1,1.16,,,17.96,18.95,17.17,18.03,19.03,17.18,18.54,19.54,17.67,18.84,19.82,18,19.4,20.37,18.56,19.01,20,18.12,18.43,19.41,17.62,18.33,19.29,17.53,6591,0
2025-10-22 20:00:00,2,4.95,6.12,4.67,1.1,1.2,,0,20.87,22.97,19.18,21,23.09,19.28,21.44,23.44,19.77,21.7,23.67,20.01,22.21,24.13,20.61,21.96,24.02,20.23,21.5,23.79,19.65,21.42,23.8,19.54,6624,0
2025-10-22 19:00:00,2.03,5.01,6.23,4.76,1.08,1.31,0.02,0.02,25.02,26.7,23.34,25.16,26.82,23.55,25.52,27.28,23.9,25.77,27.58,24.08,26.23,28.06,24.51,26.16,27.92,24.49,25.91,27.46,24.27,25.8,27.28,24.27,6677,862
2025-10-22 18:00:00,1.97,4.97,6.27,4.84,1.06,1.23,0.05,0,30.63,36.09,27.11,30.64,35.86,27.22,31.69,37.63,27.7,32.3,39.05,28,32.72,39.41,28.5,32.38,38.75,28.39,31.41,37.36,27.83,30.87,36.45,27.59,6784,7032
2025-10-22 17:00:00,1.87,4.86,6.24,4.76,0.86,1.12,0.01,,34.09,36.32,31.73,34.06,36.09,31.84,35.47,37.75,33.02,36.68,39.28,33.68,37.28,39.75,34.31,36.63,39,33.83,35.2,37.53,32.46,34.26,36.59,31.6,6838,9305
2025-10-22 16:00:00,1.81,4.76,6.27,4.8,0.79,1.07,,,37.94,39.06,35.27,38.23,39.52,35.38,39.62,40.93,36.91,41.55,43.19,38.34,42.16,43.9,38.82,41.3,42.94,38.21,39.48,41.17,36.43,38.21,39.88,35.33,6822,8450
2025-10-22 15:00:00,1.79,4.74,6.27,4.78,0.78,1.05,0.02,,37.17,39.43,32.18,37.64,40.11,32.27,38.1,40.93,32.54,40.19,43.41,33.48,40.73,44.15,33.62,39.84,43.16,32.91,38.27,41.41,31.45,36.07,39.89,29.44,6838,8584
2025-10-22 14:00:00,1.87,4.84,6.28,4.84,0.95,1.23,0.04,,33.75,35.53,32.32,34.16,36.21,32.47,34.46,36.32,32.88,35.57,37.75,33.73,36.12,38.7,34,35.15,37.61,33.31,32.26,34.66,30.65,29.42,29.95,28.84,6838,9667
2025-10-22 13:00:00,1.88,4.78,6.41,4.91,0.93,1.33,0.07,,36.57,37.87,34.7,38.21,39.5,36.45,37.59,39.05,35.27,39.78,41.45,36.99,40,42.44,35.39,35.65,40.09,28.5,30.3,31.91,26.04,28.2,30.48,25.1,6824,8942
2025-10-22 12:00:00,1.94,4.86,6.38,4.85,1.09,1.29,,0,31.05,34.43,26.88,31.72,36.15,26.28,29.12,34.98,23.22,27.94,36.33,22.28,25.7,33.96,22.3,23.71,27.09,22.24,23.42,25.45,22.33,23.29,24.74,22.49,6826,8623
2025-10-22 11:00:00,1.97,4.91,6.18,4.7,1.07,1.25,,0,22.2,25.64,20.01,21.84,24.75,19.78,21.43,22.37,19.89,21.61,22.23,20.12,21.65,22.17,20.2,21.44,22.11,20,21.23,22.25,19.76,21.06,22.24,19.62,6838,10341
2025-10-22 10:00:00,1.96,4.85,6.1,4.61,1.1,1.25,,,18.57,19.66,17.76,18.41,19.52,17.64,18.47,19.54,17.74,18.69,19.79,17.87,18.77,19.9,18.01,18.61,19.66,17.87,18.44,19.44,17.7,18.36,19.29,17.65,6824,8340
2025-10-22 09:00:00,1.97,4.85,6.09,4.59,1.09,1.25,,,17.19,17.65,16.89,17.06,17.44,16.79,17.16,17.53,16.93,17.35,17.76,17.04,17.46,17.86,17.19,17.38,17.75,17.16,17.27,17.56,17.04,17.24,17.53,17.04,6550,6842
2025-10-22 08:00:00,1.95,4.85,6.1,4.61,1.08,1.24,,,16.83,16.94,16.69,16.74,16.82,16.58,16.87,16.95,16.77,17.06,17.17,16.94,17.21,17.29,17.12,17.19,17.28,17.14,17.12,17.18,17.04,17.13,17.2,17.04,6499,2150
2025-10-22 07:00:00,1.94,4.87,6.07,4.58,1.08,1.24,,,16.3,16.58,16.11,16.28,16.58,16.11,16.48,16.7,16.34,16.66,16.93,16.45,16.88,17.07,16.7,16.92,17.09,16.79,16.94,17.06,16.81,16.99,17.11,16.93,6506,0
2025-10-22 06:00:00,1.98,4.86,6.08,4.61,1.1,1.25,,,16.83,17.65,16.23,16.83,17.62,16.23,17.02,17.76,16.45,17.16,17.89,16.58,17.37,18.1,16.82,17.46,18.11,16.92,17.49,18.12,16.95,17.6,18.24,17.04,6517,0
2025-10-22 05:00:00,1.98,4.86,6.08,4.61,1.11,1.24,,,17.16,17.67,16.66,17.13,17.65,16.66,17.3,17.76,16.87,17.49,17.98,17.04,17.75,18.12,17.4,17.78,18.16,17.4,17.78,18.2,17.29,17.83,18.24,17.35,6524,0
2025-10-22 04:00:00,2.01,4.87,6.09,4.62,1.12,1.25,,,17.41,17.87,16.7,17.41,17.87,16.7,17.6,18.03,16.94,17.8,18.23,17.17,18.05,18.48,17.44,18.05,18.49,17.4,18.08,18.57,17.39,18.14,18.59,17.41,6537,0
2025-10-22 03:00:00,2.02,4.88,6.11,4.64,1.12,1.24,,,17.99,18.45,17.73,18.02,18.45,17.74,18.2,18.61,17.9,18.35,18.78,18.12,18.59,19,18.36,18.71,19.12,18.45,18.79,19.18,18.48,18.87,19.29,18.59,6546,0
2025-10-22 02:00:00,2.04,4.94,6.14,4.68,1.12,1.25,,,19.28,19.89,18.59,19.28,19.89,18.62,19.41,20.01,18.82,19.53,20.12,18.94,19.73,20.25,19.19,19.81,20.35,19.29,19.86,20.36,19.29,19.94,20.37,19.42,6550,0
2025-10-22 01:00:00,1.98,4.91,6.15,4.7,1.07,1.21,,,20.2,20.29,20.01,20.15,20.25,20,20.26,20.36,20.09,20.39,20.48,20.2,20.53,20.62,20.37,20.57,20.69,20.42,20.6,20.72,20.45,20.63,20.72,20.48,6550,0
2025-10-22 00:00:00,1.98,4.94,6.13,4.7,1.06,1.2,,,20.38,20.59,20.2,20.33,20.51,20.14,20.46,20.7,20.26,20.57,20.8,20.37,20.76,20.96,20.61,20.81,21.05,20.62,20.84,21.06,20.69,20.87,21.08,20.72,6550,0
2025-10-21 23:00:00,1.97,4.9,6.13,4.7,1.08,1.23,0.01,,21.15,21.43,20.71,21.06,21.31,20.62,21.17,21.43,20.73,21.29,21.55,20.84,21.48,21.72,21.08,21.49,21.77,21.06,21.48,21.77,21.09,21.5,21.78,21.16,6577,0
2025-10-21 22:00:00,2.01,4.91,6.15,4.73,1.1,1.24,0.01,0,21.57,21.78,21.43,21.54,21.78,21.31,21.65,21.91,21.43,21.77,22.02,21.55,21.96,22.25,21.79,22,22.31,21.77,22.01,22.37,21.78,22.03,22.38,21.79,6591,0
2025-10-21 21:00:00,2.01,4.94,6.17,4.75,1.08,1.25,,,21.85,22.12,21.76,21.86,22.14,21.78,22.03,22.26,21.92,22.12,22.37,22.02,22.36,22.62,22.26,22.46,22.72,22.35,22.57,22.83,22.37,22.61,22.85,22.39,6599,0
2025-10-21 20:00:00,2.03,4.93,6.17,4.75,1.08,1.21,0.01,,22.72,23.39,22.14,22.71,23.32,22.16,22.86,23.47,22.33,22.94,23.54,22.38,23.17,23.68,22.71,23.27,23.78,22.82,23.31,23.81,22.84,23.41,23.91,22.97,6626,0
2025-10-21 19:00:00,2,4.97,6.2,4.81,1.08,1.27,0.01,0.03,24.28,25.08,23.44,24.19,24.97,23.31,24.41,25.22,23.56,24.54,25.45,23.51,24.74,25.69,23.56,24.75,25.66,23.74,24.63,25.33,23.88,24.57,25.13,23.97,6682,421
2025-10-21 18:00:00,2,4.92,6.22,4.82,1.04,1.28,0.02,0.01,26.94,29.94,25.1,26.8,29.56,24.98,27.39,30.5,25.33,27.86,31.48,25.57,28.12,31.84,25.81,27.96,31.42,25.69,27.36,30.48,25.33,27,29.83,25.21,6802,7055
2025-10-21 17:00:00,1.89,4.88,6.19,4.8,0.98,1.17,0.06,,30.41,31.95,29.12,30.23,31.84,28.89,30.91,32.54,29.71,31.9,33.84,30.41,32.22,34.18,30.66,31.68,33.48,30.29,30.7,32.41,29.35,29.98,31.6,28.66,6838,9710
2025-10-21 16:00:00,1.93,4.86,6.22,4.82,1,1.21,0.03,,30.41,33.61,28.07,30.47,33.96,27.95,30.98,34.43,28.41,32.01,36.25,28.91,32.35,36.75,29.23,31.73,35.96,28.75,30.35,34.4,27.59,29.36,33.06,26.94,6838,9529
2025-10-21 15:00:00,1.84,4.75,6.22,4.8,0.84,1.14,0.04,,33.39,35.16,31.6,33.81,35.62,31.95,34.13,35.86,32.16,35.84,38.09,33.49,36.14,38.58,33.62,35.37,37.73,32.89,33.64,36.09,31,31.52,34.32,28.17,6822,8592
2025-10-21 14:00:00,1.86,4.79,6.26,4.83,0.91,1.18,0.07,,33.27,36.09,31.22,33.7,37.14,31.13,33.73,36.8,31.29,35.21,39.39,32.18,35.43,39.99,32.34,34.51,38.79,31.59,31.28,33.41,29.58,28.55,29.24,27.79,6822,8769
2025-10-21 13:00:00,1.87,4.78,6.22,4.77,0.92,1.25,0.02,,29.55,34.18,25.92,29.9,35.15,25.91,29.58,34.66,25.8,30.74,36.66,26.14,30.71,36.91,25.71,29.45,35.72,24.97,26.76,29.75,24.3,26.05,28.5,23.8,6838,9770
2025-10-21 12:00:00,1.96,4.88,6.17,4.77,1.03,1.26,,,24.72,26.04,23.14,24.65,26.16,22.85,24.6,26.04,22.97,24.87,26.36,23.13,24.42,25.57,23.09,23.92,24.85,22.75,23.41,24.14,22.41,23.06,23.76,22.15,6838,9730
2025-10-21 11:00:00,1.95,4.87,6.12,4.71,1.04,1.21,,,21.82,22.94,20.79,21.6,22.64,20.6,21.7,22.73,20.76,21.84,22.91,20.95,21.81,22.85,20.91,21.49,22.53,20.59,21.2,22.13,20.36,21.04,22.01,20.25,6838,9391
2025-10-21 10:00:00,1.97,4.91,6.06,4.64,1.06,1.21,,,18.41,20.48,17.04,18.25,20.27,17.06,18.58,20.48,17.41,18.86,20.71,17.76,18.94,20.67,17.83,18.7,20.36,17.62,18.58,20.2,17.52,18.57,20.12,17.53,6766,7067
2025-10-21 09:00:00,1.99,4.96,6.09,4.62,1.06,1.21,0.01,,16.92,17.04,16.81,16.95,17.04,16.84,17.08,17.27,16.95,17.32,17.64,17.16,17.38,17.66,17.19,17.21,17.5,17.04,17.15,17.4,16.99,17.17,17.41,17.01,6519,6772
2025-10-21 08:00:00,1.94,4.83,6.03,4.63,1.04,1.17,,,16.75,16.91,16.58,16.69,16.82,16.5,16.81,16.93,16.62,16.97,17.1,16.81,17.06,17.18,16.94,16.9,17.04,16.7,16.83,16.93,16.68,16.84,16.95,16.7,6488,2099
2025-10-21 07:00:00,1.92,4.84,6.02,4.6,1.04,1.17,,,16.36,16.57,16.09,16.31,16.45,16,16.45,16.59,16.2,16.63,16.81,16.37,16.73,16.87,16.45,16.57,16.69,16.33,16.47,16.59,16.2,16.49,16.62,16.23,6493,0
2025-10-21 06:00:00,1.97,4.88,6.01,4.58,1.04,1.17,,,15.35,15.99,14.69,15.31,15.95,14.73,15.56,16.11,15.04,15.8,16.34,15.28,16.01,16.45,15.58,15.78,16.2,15.36,15.58,16.1,15.04,15.57,16.11,15.04,6497,0
2025-10-21 05:00:00,1.97,4.87,6.01,4.61,1.07,1.2,,,16.09,17.41,14.83,16.1,17.32,14.93,16.35,17.52,15.18,16.5,17.64,15.4,16.71,17.76,15.68,16.57,17.62,15.5,16.41,17.52,15.25,16.43,17.56,15.2,6506,0
2025-10-21 04:00:00,2.01,4.84,6.02,4.63,1.08,1.2,0.02,,17.61,17.65,17.52,17.52,17.54,17.41,17.63,17.66,17.57,17.78,17.84,17.75,17.93,18,17.87,17.85,17.87,17.75,17.82,17.87,17.64,17.83,17.87,17.65,6519,0
2025-10-21 03:00:00,1.99,4.84,6.02,4.62,1.05,1.21,,,17.37,17.53,17.17,17.31,17.53,17.06,17.44,17.64,17.19,17.61,17.76,17.41,17.74,17.89,17.53,17.73,17.87,17.54,17.76,17.87,17.64,17.8,17.87,17.66,6528,0
2025-10-21 02:00:00,1.95,4.84,6.01,4.59,1.03,1.16,,,16.01,17.04,14.15,15.97,17.04,14.11,16.14,17.17,14.45,16.41,17.37,14.76,16.63,17.53,15.14,16.57,17.51,14.91,16.56,17.52,14.68,16.61,17.65,14.69,6537,0
2025-10-21 01:00:00,1.99,4.85,5.98,4.58,1.05,1.16,,,14.3,15.04,13.77,14.33,15.04,13.83,14.66,15.4,14.13,14.95,15.63,14.45,15.27,15.93,14.81,15.12,15.85,14.6,14.9,15.63,14.33,14.91,15.64,14.36,6550,0
2025-10-21 00:00:00,1.97,4.86,5.99,4.61,1.05,1.17,,,16.34,17.41,15.16,16.4,17.53,15.21,16.67,17.7,15.52,16.86,17.87,15.77,17.14,18.12,16.11,17.19,18.2,15.98,17.16,18.35,15.8,17.25,18.45,15.87,6546,0
2025-10-20 23:00:00,2.02,4.87,6.04,4.65,1.06,1.16,,,18.06,18.36,17.54,18.14,18.45,17.65,18.32,18.59,17.87,18.46,18.77,18,18.7,19.01,18.24,18.84,19.17,18.34,19,19.33,18.45,19.14,19.48,18.59,6573,0
2025-10-20 22:00:00,2.01,4.86,6.01,4.64,1.06,1.15,,,17.68,18.36,17.12,17.74,18.45,17.17,18.01,18.59,17.53,18.25,18.83,17.76,18.63,19.07,18.24,18.64,19.17,18.19,18.63,19.33,18,18.69,19.48,18,6588,0
2025-10-20 21:00:00,2,4.91,6.04,4.7,1.06,1.16,,,19.17,20.42,17.76,19.25,20.48,17.82,19.54,20.72,18.15,19.69,20.84,18.36,19.99,21.08,18.81,20.05,21.22,18.7,20.02,21.31,18.45,20.08,21.43,18.45,6599,0
2025-10-20 20:00:00,2,4.9,6.1,4.75,1.05,1.18,0.01,0,21.14,21.86,20.51,21.24,21.9,20.6,21.46,22.23,20.84,21.58,22.3,20.95,21.83,22.62,21.2,21.97,22.72,21.31,22.05,22.73,21.43,22.14,22.81,21.55,6631,0
2025-10-20 19:00:00,2.02,4.93,6.13,4.78,1.05,1.2,0.01,0.01,22.96,24.03,22.02,23.02,24.03,22.12,23.37,24.5,22.36,23.55,24.75,22.48,23.85,25.1,22.74,23.92,25.08,22.84,23.76,24.74,22.86,23.7,24.55,22.9,6697,2076
2025-10-20 18:00:00,1.99,4.93,6.2,4.87,1.02,1.26,0.04,0.01,27.43,32.25,24.27,27.46,32.07,24.32,28.36,33.61,24.84,29.04,35.14,25.09,29.36,35.57,25.41,29.18,35.02,25.44,28.34,33.72,24.99,27.85,32.9,24.76,6791,7051
2025-10-20 17:00:00,1.87,4.82,6.14,4.81,0.81,1.02,,,32.24,32.66,31.48,32.14,32.55,31.36,33.33,34.04,32.37,34.92,35.62,33.73,35.33,36,34.09,34.75,35.49,33.59,33.41,34.2,32.3,32.52,33.37,31.36,6824,9072
2025-10-20 16:00:00,1.87,4.76,6.19,4.85,0.88,1.14,,,32.85,34.43,31.73,33.15,35.15,31.91,33.92,35.74,32.66,35.72,37.98,34.2,36.15,38.38,34.66,35.46,37.5,33.95,33.99,35.97,32.43,32.82,34.55,31.31,6826,8166
2025-10-20 15:00:00,1.83,4.7,6.2,4.78,0.8,1.1,,0.01,31.88,34.78,25.35,32.53,35.55,25.21,32.72,35.86,25.33,34.79,38.45,25.92,35.12,38.93,26.05,34.47,38.07,25.67,33.42,36.66,25.02,30.74,35.03,23.8,6838,9577
2025-10-20 14:00:00,2,4.88,6.16,4.77,1,1.25,,,23.17,25.91,21.08,22.84,25.92,20.42,22.96,25.8,20.72,23.19,26.39,20.85,23.28,26.5,20.97,23.09,26.15,20.96,22.69,25.21,20.84,22.3,24.03,20.84,6826,8442
2025-10-20 13:00:00,2.09,5.17,6.23,4.77,1.17,1.28,,,19.25,20.37,18.24,18.96,19.77,18.12,19.18,20.12,18.35,19.34,20.12,18.54,19.37,20.26,18.59,19.33,20.35,18.45,19.38,20.37,18.36,19.53,20.48,18.59,6826,8324
2025-10-20 12:00:00,2.07,5.06,6.14,4.77,1.14,1.25,,,18.34,18.7,18.12,18.25,18.59,18,18.41,18.7,18.24,18.54,18.87,18.34,18.57,18.95,18.36,18.47,18.82,18.2,18.34,18.7,18.11,18.34,18.64,18.12,6795,7087
2025-10-20 11:00:00,1.95,4.84,5.87,4.65,1.02,1.14,,,18.9,19.06,18.59,18.79,18.95,18.45,18.87,18.95,18.59,18.97,19.06,18.7,18.97,19.07,18.83,18.86,18.94,18.7,18.82,18.94,18.7,18.8,18.9,18.68,6675,6957
2025-10-20 10:00:00,1.91,4.82,5.86,4.57,1,1.13,,,18.97,19.23,18.58,18.85,19.16,18.45,18.9,19.18,18.45,19,19.29,18.59,18.95,19.19,18.57,18.83,19.07,18.44,18.8,19.06,18.45,18.82,19.07,18.45,6648,6898
2025-10-20 09:00:00,2.08,4.88,6.07,4.52,1.01,1.12,0.11,,17.2,18.45,15.99,17.09,18.36,15.81,17.09,18.35,15.87,17.27,18.45,16.11,17.33,18.48,16.23,17.14,18.34,15.94,17.12,18.35,15.87,17.21,18.39,15.99,6595,6870
2025-10-20 08:00:00,3.15,5.45,7.42,4.89,1.22,1.16,0.63,0.01,14.79,15.85,13.76,14.61,15.64,13.62,14.66,15.66,13.67,14.94,15.91,13.98,15.24,16.11,14.44,14.93,15.76,14.14,14.72,15.69,13.84,14.78,15.85,13.76,6484,6677
2025-10-20 07:00:00,3.09,5.33,7.29,4.77,1.15,1.14,0.57,,12.17,13.55,11.14,12.09,13.39,11.15,12.18,13.5,11.2,12.62,13.84,11.73,13.24,14.22,12.45,13.02,13.97,12.31,12.52,13.62,11.68,12.28,13.57,11.26,6488,0
2025-10-20 06:00:00,3.03,5.32,7.22,4.75,1.12,1.14,0.56,,11.4,11.62,11.22,11.43,11.73,11.23,11.48,11.74,11.26,12.04,12.32,11.83,12.77,13.04,12.53,12.6,12.89,12.34,11.97,12.23,11.73,11.56,11.79,11.36,6499,0
2025-10-20 05:00:00,3.13,5.35,7.27,4.73,1.12,1.14,0.56,,12.08,12.46,11.73,12.12,12.56,11.73,12.16,12.56,11.82,12.71,13.13,12.33,13.47,13.87,13.13,13.32,13.73,12.9,12.71,13.15,12.32,12.29,12.8,11.85,6510,0
2025-10-20 04:00:00,3.12,5.37,7.28,4.8,1.18,1.16,0.57,,13.07,13.74,12.56,13.12,13.74,12.57,13.14,13.8,12.68,13.67,14.33,13.16,14.42,15.05,13.97,14.26,14.85,13.84,13.68,14.32,13.27,13.28,13.86,12.91,6524,0
2025-10-20 03:00:00,3.15,5.45,7.37,4.86,1.18,1.16,0.63,0,14.54,15.4,13.86,14.56,15.4,13.86,14.64,15.51,13.93,15.12,15.94,14.45,15.78,16.45,15.17,15.57,16.33,14.93,15.06,15.87,14.41,14.68,15.64,13.98,6533,0
2025-10-20 02:00:00,3.13,5.4,7.41,4.89,1.17,1.14,0.63,,16.12,16.34,15.61,16.17,16.45,15.64,16.26,16.58,15.67,16.63,16.93,16.11,17.12,17.37,16.69,16.95,17.26,16.45,16.64,17.06,16.1,16.49,17.08,15.82,6542,0
2025-10-20 01:00:00,3.13,5.43,7.41,4.9,1.17,1.15,0.62,0,16.13,16.58,15.51,16.25,16.7,15.52,16.37,16.82,15.63,16.75,17.17,16.11,17.27,17.54,16.82,17.22,17.51,16.79,17.05,17.52,16.29,17.05,17.65,15.99,6550,0
2025-10-20 00:00:00,3.13,5.41,7.41,4.9,1.18,1.15,0.62,0.01,16.65,17.95,15.61,16.76,18.11,15.66,16.8,18.12,15.75,17.21,18.45,16.2,17.79,18.83,16.94,17.67,18.7,16.81,17.32,18.59,16.34,17.13,18.7,15.99,6550,0
2025-10-19 23:00:00,3.17,5.48,7.47,4.93,1.21,1.17,0.59,,18.18,18.36,17.98,18.34,18.53,18.12,18.41,18.61,18.16,18.74,18.94,18.53,19.13,19.35,18.95,19.07,19.29,18.87,18.93,19.1,18.7,19.05,19.25,18.7,6550,0
2025-10-19 22:00:00,3.18,5.46,7.45,4.94,1.21,1.19,0.59,0,17.89,18.29,17.53,17.97,18.37,17.57,18.05,18.45,17.64,18.5,18.94,18.12,19.28,19.78,19.06,19.13,19.64,18.83,18.54,18.94,18.12,18.23,19.01,17.67,6550,0
2025-10-19 21:00:00,3.2,5.51,7.5,5,1.17,1.19,0.62,0.01,19.28,20.2,18.45,19.35,20.29,18.59,19.4,20.36,18.59,19.89,20.83,19.07,20.81,21.79,20.02,20.69,21.65,19.84,19.99,20.95,19.18,19.45,20.37,18.64,6573,0
2025-10-19 20:00:00,3.2,5.52,7.57,5.08,1.19,1.26,0.64,0.05,22.18,24.11,20.48,22.25,24.16,20.49,22.29,24.21,20.57,22.67,24.5,21.02,23.59,25.34,22,23.45,25.19,21.89,22.82,24.6,21.19,22.34,24.2,20.64,6599,0
2025-10-19 19:00:00,3.26,5.59,7.73,5.18,1.17,1.36,0.65,0.09,25.92,27.7,24.39,25.91,27.56,24.5,25.97,27.6,24.5,26.28,27.93,24.83,27.14,28.91,25.57,26.95,28.74,25.44,26.21,27.8,24.85,25.7,26.99,24.5,6660,535
2025-10-19 18:00:00,3.18,5.58,7.79,5.25,1.15,1.29,0.67,0.03,30.75,34.28,28.05,30.5,33.96,27.93,30.83,34.68,28.05,31.11,34.91,28.3,32.43,36.57,29.36,32.05,35.9,29.1,30.72,34.31,28.17,29.37,32.3,27.35,6778,7008
2025-10-19 17:00:00,3.28,5.63,8.11,5.54,1.16,1.39,0.69,0.08,39.71,42.77,35.5,39,41.89,35.03,40.73,44.37,35.97,40.44,43.54,36.09,42.64,46.15,37.87,41.38,44.71,37.04,39.67,42.95,35.43,36.99,40,33.24,6820,8643
2025-10-19 16:00:00,3.22,5.6,8.1,5.49,1.22,1.34,0.72,0.1,39.46,41.9,36.8,38.36,40.82,35.86,39.43,42.85,36.21,39.47,42.24,36.66,41.38,44.7,38.12,40.19,43.29,37,38.19,41.53,34.74,35.68,38.71,32.43,6824,8237
2025-10-19 15:00:00,3.14,5.54,8.13,5.46,1.07,1.31,0.64,0.09,42.49,46.46,38.81,40.99,43.9,37.75,41.48,44.02,37.84,42.53,46.77,38.43,44.24,48.99,39.65,42.79,47.31,38.33,39.75,43.3,35.79,36.04,37.56,33.25,6838,9655
2025-10-19 14:00:00,2.98,5.4,8.18,5.31,0.82,1.11,0.68,,44.68,46.85,43.16,43.13,44.13,42.6,40.83,43.66,38.46,45.44,46.98,44.6,46.81,48.86,45.3,45.21,47.43,42.97,37.76,42.83,35.14,32.34,36.45,29.94,6838,9049
2025-10-19 13:00:00,2.8,5.2,7.97,5.11,0.92,1.15,0.64,0.01,43.65,44.61,42.73,42.29,43.66,40.48,35.86,37.98,32.54,42.78,45.55,38.68,40.66,44.66,34.57,34.86,42.11,26.23,28.65,34.11,25.8,29.26,32.43,25.21,6838,9297
2025-10-19 12:00:00,2.76,5.24,7.84,5.12,1.25,1.37,0.7,0.04,36.66,42.79,27.93,33.95,40.23,25.89,26.94,31.78,22.02,28.58,38.13,22.25,24.93,33.25,21.67,22.96,25.7,21.3,23.3,25.56,21.71,23.76,25.21,22.15,6838,9707
2025-10-19 11:00:00,3.21,5.5,7.64,5.07,1.29,1.33,0.69,0,22.28,25.1,19.7,21.3,23.56,19.04,20.5,21.66,18.7,21.11,22.08,19.42,20.66,21.55,19.2,20.22,21.06,18.95,20.36,21.43,18.94,20.65,21.84,19.18,6838,10498
2025-10-19 10:00:00,3.2,5.47,7.5,4.92,1.26,1.3,0.7,,16.75,19.54,14.57,16.12,18.7,14.39,15.98,18.4,14.21,17.02,19.29,15.33,17.19,19.07,15.79,17.19,18.93,15.49,16.68,18.82,15.33,17.08,19.14,15.75,6826,10333
2025-10-19 09:00:00,3.15,5.34,7.32,4.76,1.12,1.26,0.66,,12.06,14.5,9.56,11.9,14.34,9.49,11.82,14.1,9.6,12.61,15.72,10.1,13.91,16.7,10.68,14.1,16.35,10.42,13.18,15.41,9.84,13.45,15.99,9.6,6822,8265
2025-10-19 08:00:00,3.08,5.33,7.27,4.62,1.16,1.26,0.61,,9.02,9.35,8.89,9.09,9.37,9.01,9.14,9.39,9.03,9.69,9.96,9.59,10.3,10.54,10.2,9.97,10.18,9.83,9.38,9.68,9.24,9.11,9.37,9.01,6497,6779
2025-10-19 07:00:00,3.08,5.33,7.22,4.62,1.15,1.24,0.58,,9.38,9.6,9.14,9.44,9.68,9.22,9.5,9.72,9.28,10.06,10.31,9.84,10.67,10.91,10.44,10.35,10.59,10.14,9.79,10.07,9.55,9.53,9.82,9.25,6470,0
2025-10-19 06:00:00,3.09,5.29,7.18,4.64,1.17,1.25,0.57,,9.87,10.1,9.66,9.93,10.18,9.72,9.99,10.21,9.78,10.56,10.78,10.31,11.18,11.42,10.92,10.85,11.13,10.66,10.29,10.55,10.07,10.03,10.31,9.84,6486,0
2025-10-19 05:00:00,3.09,5.28,7.2,4.66,1.2,1.28,0.57,,10.33,10.43,10.18,10.36,10.44,10.2,10.4,10.5,10.3,10.98,11.04,10.87,11.64,11.74,11.49,11.31,11.37,11.15,10.72,10.78,10.63,10.49,10.59,10.38,6497,0
2025-10-19 04:00:00,3.07,5.31,7.22,4.72,1.23,1.32,0.57,,10.78,11.02,10.46,10.82,11.02,10.55,10.82,11.02,10.55,11.38,11.61,11.13,12.07,12.33,11.77,11.73,11.96,11.48,11.09,11.32,10.78,10.76,10.94,10.43,6510,0
2025-10-19 03:00:00,3.09,5.31,7.25,4.74,1.24,1.37,0.59,,11.11,11.26,11.02,11.16,11.27,11.03,11.19,11.33,11.07,11.76,11.9,11.65,12.49,12.68,12.33,12.13,12.31,11.96,11.46,11.61,11.37,11.08,11.25,10.96,6522,0
2025-10-19 02:00:00,3.13,5.35,7.27,4.75,1.18,1.34,0.64,,11.5,11.76,11.26,11.56,11.84,11.33,11.6,11.86,11.38,12.2,12.45,11.97,12.98,13.28,12.68,12.63,12.9,12.36,11.91,12.2,11.62,11.51,11.83,11.26,6530,0
2025-10-19 01:00:00,3.21,5.37,7.32,4.75,1.22,1.34,0.63,,12.17,12.44,11.85,12.22,12.56,11.87,12.27,12.58,11.97,12.88,13.17,12.56,13.71,14.07,13.35,13.35,13.73,13.02,12.61,12.93,12.3,12.22,12.56,11.86,6542,0
2025-10-19 00:00:00,3.18,5.39,7.33,4.81,1.25,1.35,0.64,,12.83,13.26,12.56,12.91,13.34,12.58,12.98,13.39,12.68,13.58,13.98,13.27,14.47,14.92,14.1,14.15,14.58,13.73,13.41,13.86,13.03,13.02,13.51,12.68,6524,0
2025-10-18 23:00:00,3.23,5.43,7.38,4.86,1.25,1.36,0.69,,13.64,13.87,13.28,13.77,13.99,13.39,13.87,14.1,13.5,14.47,14.72,14.09,15.39,15.75,14.98,15.12,15.49,14.68,14.34,14.65,13.97,13.97,14.25,13.61,6550,0
2025-10-18 22:00:00,3.22,5.48,7.43,4.88,1.24,1.35,0.69,0.02,14.47,14.98,13.9,14.59,15.11,14,14.67,15.15,14.1,15.32,15.85,14.8,16.39,16.95,15.8,16.11,16.7,15.5,15.16,15.63,14.6,14.64,15.04,14.1,6550,0
2025-10-18 21:00:00,3.22,5.45,7.45,4.9,1.25,1.37,0.7,0,15.84,16.7,15.13,16,16.94,15.28,16.02,16.87,15.28,16.75,17.66,15.99,18.07,19.16,17.12,17.82,18.89,16.91,16.68,17.64,15.86,15.86,16.58,15.18,6564,0
2025-10-18 20:00:00,3.28,5.49,7.52,4.99,1.27,1.42,0.69,0.02,18.57,20.54,16.94,18.85,20.86,17.17,18.79,20.83,17.08,19.58,21.66,17.87,21.08,23.18,19.32,20.71,22.6,19.09,19.46,21.31,17.82,18.3,20.01,16.79,6595,0
2025-10-18 19:00:00,3.28,5.52,7.69,5.15,1.25,1.5,0.71,0.05,24.17,28.03,21.03,24.56,28.64,21.33,24.6,28.76,21.31,25.27,29.35,22.14,26.79,30.78,23.68,25.85,29.22,23.02,24.54,27.71,21.78,23.27,26.4,20.48,6660,1122
2025-10-18 18:00:00,3.24,5.56,8.02,5.47,1.36,1.54,0.8,0.08,35.54,43.06,28.88,36.46,44.04,29.63,36.86,45.32,29.82,37.05,44.84,30.41,38.38,46.75,31.66,35.6,43.18,29.93,33.7,41.06,28.4,31.41,37.87,27,6749,6992
2025-10-18 17:00:00,3.34,5.65,8.32,5.79,1.38,1.75,0.97,0.24,43.84,44.73,43.2,44.18,44.58,43.54,46.46,47.21,45.67,45.49,46.31,44.9,47.8,48.75,46.98,44.98,45.97,43.65,42.74,43.78,41.39,39.73,40.71,38.22,6822,8288
2025-10-18 16:00:00,3.13,5.51,8.21,5.69,1.3,1.67,0.89,0.06,46.11,47.09,44.39,45.39,46.03,44.22,46.95,47.33,46.51,46.73,47.44,45.79,48.7,49.11,48.26,45.71,46.04,45.39,43.09,43.66,42.59,39.96,40.71,39.31,6824,7571
2025-10-18 15:00:00,3.06,5.48,8.25,5.57,1.08,1.55,0.77,0.01,45.69,46.63,44.96,43.89,45.67,42.82,44.64,46.25,42.95,45.45,46.62,44.65,47.02,47.79,46.27,45.04,45.54,44.34,42.31,43.27,41.06,38.98,40.34,36.45,6838,8840
2025-10-18 14:00:00,3.09,5.42,8.32,5.48,1.07,1.47,0.89,0.02,44.08,44.96,43,42.88,43.66,42.14,39.96,42.6,37.63,44.57,45.43,43.89,45.2,46.74,43.9,43,44.59,40.93,35,40,32.59,31.07,34.8,29.06,6838,8895
2025-10-18 13:00:00,3.13,5.3,8.43,5.46,1.24,1.67,0.93,0.01,41.29,42.69,39.75,40.39,42.81,37.63,33.9,36.97,30.19,40.3,43.66,35.75,38.45,42.72,32.66,32.26,39.65,24.02,26.5,30.55,24.09,28.16,30.9,24.03,6826,9139
2025-10-18 12:00:00,3.3,5.59,9.34,5.62,1.54,1.82,0.92,0.06,36.51,39.91,31.36,32.39,37.39,25.53,24.26,29.31,19.89,25.74,34.55,20.04,22.54,30.67,19.54,20.61,23.18,19.28,21.5,23.66,20.36,22.53,23.8,21.55,6838,10061
2025-10-18 11:00:00,3.65,6.61,9.01,5.51,1.66,1.86,0.94,0.01,20.17,29.36,15.87,17.8,23.07,15.73,17.67,19.42,16.2,19.13,19.95,18.09,18.61,19.34,18.12,18.34,19.04,17.87,19.06,20.12,18,20.37,21.45,18.95,6838,10585
2025-10-18 10:00:00,3.81,6.79,9.3,5.44,1.45,1.89,0.99,,14.37,15.64,13.27,14.49,15.49,13.64,14.97,15.99,13.51,18.96,20.01,17.5,19.74,21.42,18.15,17.94,19.5,16.57,17.12,17.79,15.31,17.91,18.78,16.93,6838,10581
2025-10-18 09:00:00,3.87,6.88,9.44,5.37,1.52,1.88,1.05,,11.01,13.12,9.58,11.07,13.46,9.57,10.89,13.03,9.63,11.99,15.99,10.18,14.07,18.29,10.93,13.84,16.1,10.66,12.46,14.8,10.18,13.47,16.84,9.96,6826,10120
2025-10-18 08:00:00,3.78,6.94,9.42,5.28,1.68,1.91,1,,9.59,9.78,9.49,9.59,9.77,9.49,9.7,9.88,9.56,10.2,10.41,10.07,10.98,11.15,10.9,10.69,10.89,10.55,10.21,10.43,10.07,9.95,10.2,9.83,6495,6764
2025-10-18 07:00:00,3.74,6.88,9.34,5.31,1.7,1.91,0.94,,10,10.3,9.84,10,10.31,9.83,10.08,10.38,9.91,10.62,10.9,10.43,11.41,11.7,11.15,11.08,11.37,10.89,10.57,10.78,10.43,10.25,10.46,10.14,6486,0
2025-10-18 06:00:00,3.71,6.93,9.3,5.38,1.73,1.97,0.98,,10.61,10.87,10.32,10.62,10.89,10.31,10.72,10.9,10.43,11.23,11.49,10.93,12,12.21,11.74,11.7,11.96,11.38,11.19,11.49,10.87,10.89,11.15,10.55,6497,0
2025-10-18 05:00:00,3.66,6.91,9.31,5.45,1.7,2,1,,11.09,11.26,10.91,11.09,11.26,10.91,11.19,11.38,11.01,11.7,11.85,11.49,12.5,12.69,12.31,12.26,12.43,12.04,11.78,11.94,11.53,11.5,11.62,11.26,6510,0
2025-10-18 04:00:00,3.69,6.95,9.33,5.48,1.65,1.97,0.99,,11.59,11.85,11.31,11.6,11.85,11.33,11.7,11.97,11.38,12.2,12.45,11.97,13.01,13.28,12.8,12.77,13.09,12.47,12.28,12.62,11.96,11.99,12.32,11.63,6522,0
2025-10-18 03:00:00,3.73,6.98,9.4,5.5,1.66,1.98,0.98,,12.16,12.44,11.88,12.16,12.44,11.9,12.26,12.54,12.01,12.75,13.03,12.49,13.57,13.87,13.28,13.39,13.69,13.14,12.87,13.16,12.67,12.61,12.92,12.42,6530,0
2025-10-18 02:00:00,3.64,6.94,9.4,5.57,1.69,1.98,0.97,,12.76,13.06,12.44,12.79,13.15,12.44,12.88,13.16,12.56,13.42,13.74,13.07,14.31,14.69,13.98,14.05,14.44,13.73,13.54,13.86,13.24,13.19,13.51,12.92,6539,0
2025-10-18 01:00:00,3.61,6.93,9.52,5.65,1.69,1.98,1.01,0.01,13.6,14.1,13.15,13.66,14.21,13.17,13.71,14.21,13.27,14.27,14.8,13.83,15.18,15.64,14.7,14.96,15.48,14.47,14.43,14.98,13.95,14.08,14.69,13.56,6548,0
2025-10-18 00:00:00,3.62,6.91,9.77,5.78,1.68,1.94,0.99,0.03,14.9,15.55,14.22,14.96,15.64,14.25,15.06,15.76,14.33,15.57,16.2,14.91,16.44,17.06,15.79,16.26,16.92,15.61,15.84,16.58,15.12,15.64,16.56,14.81,6537,0
2025-10-17 23:00:00,3.61,6.9,10.23,6.04,1.69,1.97,0.99,0.02,16.05,16.25,15.65,16.04,16.23,15.75,16.18,16.35,15.87,16.67,16.87,16.34,17.48,17.7,17.18,17.37,17.62,17,17.1,17.32,16.69,17.18,17.48,16.62,6550,0
2025-10-17 22:00:00,3.76,7.2,11.08,6.26,1.73,2.02,0.96,0.04,16.31,16.94,16.06,16.21,16.94,15.97,16.39,16.93,16.2,17.02,17.52,16.81,17.72,18.01,17.65,17.72,17.87,17.62,17.6,17.76,17.4,17.89,18.12,17.53,6550,0
2025-10-17 21:00:00,3.93,6.41,10.06,5.69,1.7,2.04,1.02,0.08,18.73,19.66,17.18,18.8,19.79,17.17,18.89,19.95,17.17,19.27,20.34,17.64,19.73,20.73,18.2,19.42,20.35,18.1,19.07,19.98,17.86,19.26,20.25,17.99,6577,0
2025-10-17 20:00:00,3.14,5.42,7.5,5.11,1.5,1.95,0.95,0.04,20.68,22.23,19.77,20.83,22.46,19.89,20.91,22.49,20.01,21.33,22.94,20.37,21.85,23.45,20.84,21.28,22.6,20.48,20.71,22,20.01,20.67,21.79,20.25,6624,0
2025-10-17 19:00:00,3.14,5.46,7.66,5.24,1.51,2.06,0.96,0.09,25.24,28.22,22.61,25.48,28.52,22.85,25.69,28.86,22.92,25.94,28.91,23.32,26.24,29,23.8,25.19,27.7,22.95,24.56,26.98,22.35,24.57,27.09,22.15,6700,1694
2025-10-17 18:00:00,3.11,5.47,7.88,5.45,1.58,2.05,1.02,0.08,34.3,41.06,28.89,34.76,41.79,29.23,35.59,43.42,29.59,35.23,42.23,29.68,35.24,42.6,29.71,32.82,39.39,28.29,31.86,38.22,27.57,31.32,37.11,27.58,6809,7071
2025-10-17 17:00:00,3.2,5.57,8.27,5.84,1.78,2.25,1.29,0.34,42.12,43.31,41.42,42.1,42.6,41.18,43.52,44.09,42.95,42.76,43.37,42.12,42.89,43.61,42.27,40.27,41.42,39.63,38.92,39.98,38.34,38.03,39.16,37.28,6822,8016
2025-10-17 16:00:00,3.13,5.48,8.2,5.75,1.77,2.21,1.32,0.13,43.12,43.78,42.55,42.17,42.72,41.67,43.46,44.37,42.78,42.87,43.66,42.36,42.8,43.67,42.25,41.02,41.64,40.64,39.32,39.99,38.81,38.6,39.29,37.87,6838,8296
2025-10-17 15:00:00,3.07,5.41,8.29,5.76,1.97,2.27,1.44,0.09,42.59,43.43,41.56,41.21,42.15,40.11,40.8,42.69,38.68,41.23,42.24,40.58,40.82,41.95,40.36,40.19,40.45,39.86,38.04,38.45,36.8,36.27,37.49,33.02,6838,9301
2025-10-17 14:00:00,3.15,5.48,9.15,5.88,2.16,2.31,1.72,0.02,37.69,41.41,33.96,37.12,40.11,34.2,34.4,38.09,30.18,38.43,40.58,36.34,38.86,40.46,37.16,39.24,40.05,37.5,31.71,36.33,29,28.89,32.07,25.81,6838,9230
2025-10-17 13:00:00,3.54,6.13,9.96,6.1,1.91,2.36,1.6,0.14,35.36,41.53,32.07,34.5,40.22,30.88,28.93,31.58,27.32,35.49,38.49,32.9,35.06,36.59,33.02,30.81,36.57,27.45,25.14,27.57,22.73,25.42,27.22,23.8,6826,7804
2025-10-17 12:00:00,2.38,4.84,5.74,4.76,0.71,1.02,0.5,0.03,37.85,40.83,32.66,34.54,39.5,27.22,26.23,30.42,22.49,28.59,36.28,22.94,25.84,33.73,22.71,24.29,26.97,22.6,24.69,26.75,23.2,24.85,26.28,23.75,6838,9577
2025-10-17 11:00:00,2.75,5.18,5.54,4.73,0.75,0.97,0.53,,22.73,30.82,18.95,20.71,24.98,18.83,20.72,22.12,19.53,22.01,22.95,20.84,21.56,22.5,20.86,21.53,22.38,20.83,22,23.08,20.83,22.74,23.68,21.31,6838,10396
2025-10-17 10:00:00,2.82,5.08,5.37,4.61,0.54,0.94,0.48,,17.13,18.7,15.75,17.23,18.58,15.99,18.37,19.29,16.9,21.46,22.99,19.42,21.49,23.09,19.65,19.87,21.42,17.82,19.45,20.6,17.95,19.89,21.08,18.73,6838,10617
2025-10-17 09:00:00,2.79,5.05,5.3,4.53,0.61,0.88,0.49,,13.16,15.53,11.5,13.17,15.52,11.59,13.26,16.2,11.64,14.11,18,12.2,14.92,18.73,12.74,15.13,17.5,12.81,14.79,17.54,12.22,15.21,18.75,11.98,6838,10617
2025-10-17 08:00:00,2.73,4.99,5.24,4.48,0.67,0.91,0.47,,11.38,11.5,11.31,11.54,11.7,11.48,11.61,11.73,11.51,12.14,12.31,12.08,12.74,12.91,12.68,12.78,12.92,12.68,12.15,12.26,12.08,11.83,11.96,11.73,6502,6768
2025-10-17 07:00:00,2.79,5.03,5.27,4.49,0.67,0.93,0.46,,11.81,12.09,11.52,11.98,12.3,11.73,12.03,12.32,11.74,12.55,12.8,12.32,13.16,13.4,12.92,13.24,13.5,13.01,12.55,12.88,12.31,12.19,12.52,11.94,6493,0
2025-10-17 06:00:00,2.83,5.05,5.27,4.51,0.7,0.94,0.45,,12.48,12.8,12.18,12.62,12.91,12.32,12.68,12.94,12.33,13.15,13.39,12.89,13.75,13.98,13.51,13.88,14.11,13.6,13.23,13.5,12.91,12.87,13.17,12.54,6506,0
2025-10-17 05:00:00,2.79,5.04,5.29,4.52,0.71,0.93,0.47,,12.84,12.92,12.8,12.97,13.03,12.92,13.05,13.14,13.03,13.53,13.62,13.49,14.14,14.22,14.01,14.29,14.37,14.2,13.63,13.72,13.58,13.3,13.39,13.22,6517,0
2025-10-17 04:00:00,2.8,5.06,5.29,4.53,0.75,0.95,0.48,,13.13,13.35,12.92,13.27,13.48,13.03,13.33,13.5,13.14,13.85,14.08,13.62,14.5,14.69,14.25,14.64,14.9,14.42,13.89,14.09,13.68,13.49,13.68,13.27,6524,0
2025-10-17 03:00:00,2.79,5.1,5.32,4.56,0.74,0.94,0.52,,13.62,13.79,13.39,13.74,13.91,13.51,13.82,13.98,13.59,14.34,14.51,14.09,15.03,15.23,14.78,15.2,15.39,14.91,14.42,14.58,14.12,13.98,14.14,13.74,6535,0
2025-10-17 02:00:00,2.83,5.1,5.34,4.6,0.72,0.94,0.52,,14.11,14.46,13.84,14.26,14.68,13.97,14.34,14.76,13.98,14.86,15.28,14.55,15.55,15.88,15.29,15.82,16.2,15.47,15.03,15.51,14.58,14.55,15.04,14.1,6542,0
2025-10-17 01:00:00,2.83,5.14,5.37,4.59,0.72,0.94,0.52,,15.09,15.75,14.57,15.26,15.87,14.73,15.35,16,14.81,15.84,16.45,15.32,16.45,17.06,16,16.84,17.5,16.33,16.12,16.81,15.56,15.7,16.45,15.13,6550,0
2025-10-17 00:00:00,2.81,5.08,5.36,4.62,0.74,0.94,0.51,,16.43,17.17,15.87,16.61,17.4,16.03,16.74,17.53,16.12,17.17,17.89,16.59,17.73,18.37,17.18,18.17,18.9,17.62,17.55,18.35,16.93,17.21,18.12,16.6,6542,0
2025-10-16 23:00:00,2.85,5.12,5.39,4.66,0.76,0.96,0.48,,17.68,18.2,17.19,17.91,18.41,17.41,18.04,18.5,17.53,18.44,18.94,18,19,19.48,18.48,19.43,19.95,18.94,18.89,19.41,18.37,18.65,19.18,18.12,6550,0
2025-10-16 22:00:00,2.87,5.17,5.45,4.71,0.74,0.94,0.51,,18.98,19.42,18.36,19.18,19.58,18.59,19.29,19.66,18.7,19.69,20.08,19.06,20.24,20.61,19.66,20.71,21.14,20.12,20.22,20.63,19.54,20.02,20.48,19.32,6568,0
2025-10-16 21:00:00,2.85,5.16,5.48,4.73,0.74,1,0.51,0,20.41,21.55,19.36,20.62,21.78,19.54,20.69,21.8,19.65,21.07,22.14,20.04,21.61,22.57,20.71,22.13,23.12,21.18,21.59,22.73,20.59,21.33,22.61,20.24,6588,0
2025-10-16 20:00:00,2.87,5.18,5.53,4.78,0.75,1.03,0.51,0.02,22.69,23.9,21.76,22.86,24.03,21.9,22.94,24.15,22.02,23.24,24.38,22.28,23.6,24.75,22.73,24.27,25.44,23.3,23.74,24.85,22.84,23.57,24.5,22.83,6628,0
2025-10-16 19:00:00,2.89,5.21,5.63,4.87,0.75,1.09,0.54,0.04,25.9,27.58,24.19,25.89,27.46,24.27,26.06,27.7,24.39,26.3,27.93,24.66,26.76,28.72,24.98,27.69,29.81,25.79,26.69,28.28,25.09,26.09,27.2,24.76,6715,1599
2025-10-16 18:00:00,2.81,5.2,5.68,4.92,0.74,1.06,0.57,,30.61,33.5,28.07,30.38,33.25,27.9,30.84,33.96,28.17,31.09,34.2,28.4,31.91,35.27,29.13,32.95,36.07,30.29,30.93,33.49,28.64,29.44,31.72,27.46,6822,7087
2025-10-16 17:00:00,2.78,5.13,5.74,5,0.77,1.11,0.58,0.01,34.96,36.33,33.96,34.38,35.72,33.61,35.09,36.45,34.38,35.26,36.72,34.55,36.28,37.91,35.64,37.6,39.39,36.43,34.63,35.84,33.84,32.46,33.24,31.96,6822,7867
2025-10-16 16:00:00,2.77,5.12,5.9,5.15,0.65,1.03,0.55,0.06,41.28,43.88,37.08,40.44,43,36.33,41.73,44.58,37.05,41.78,44.49,37.4,43.36,46.35,38.58,44.53,47.2,40.09,40.34,43.04,36.33,37.46,40.02,33.61,6826,9072
2025-10-16 15:00:00,2.78,5.12,5.89,5.17,0.71,1.01,0.58,0.03,40.56,42.81,39.4,39.74,42.01,38.46,40.34,41.84,39.05,40.89,43.19,39.52,42.09,44.49,40.54,43.01,44.48,41.71,38.85,39.87,37.86,35.74,37.15,34.56,6838,8942
2025-10-16 14:00:00,2.67,5,5.89,5.04,0.6,0.89,0.57,0.01,42.28,43.11,41.04,40.41,42.12,38.29,39.07,41.41,36.09,42.04,43.19,40.23,42.88,44.14,40.24,43.09,44.24,40.97,34.84,38.05,32.95,31.98,33.61,31.05,6838,9896
2025-10-16 13:00:00,2.57,4.96,5.7,4.82,0.59,0.85,0.52,,37.53,40.68,34.93,35.79,38.09,33.61,32.71,35.74,31.01,36.1,39.87,33.33,35.41,39.84,32.55,33.74,40.34,30.02,30.12,32.78,28.75,29.36,31.36,28.05,6838,9655
2025-10-16 12:00:00,2.43,4.91,5.73,4.84,0.67,1.02,0.51,0.01,36.72,40.34,31.72,33.43,37.75,27.82,28.29,31.97,24.87,30.15,36.62,25.57,28.5,34.91,25.33,27.43,30.52,25.32,27.28,29.58,25.45,26.96,28.73,25.58,6838,9628
2025-10-16 11:00:00,2.74,5.15,5.57,4.79,0.75,0.97,0.49,0.01,24.88,30.77,21.79,23.45,26.73,21.43,23.08,24.5,21.54,24.08,25.33,22.45,23.69,25,22.39,23.74,25.07,22.43,23.92,25.21,22.44,24.26,25.37,22.67,6838,10380
2025-10-16 10:00:00,2.79,5.12,5.43,4.65,0.65,0.92,0.49,,19.16,21.43,16.82,18.84,21,16.6,19.16,21.19,16.79,20.73,22.25,17.35,20.76,22.14,17.65,20.11,22.13,17.37,19.96,22.12,17.29,20.17,22.38,17.41,6838,10617
2025-10-16 09:00:00,2.81,5.09,5.33,4.57,0.71,0.92,0.5,,14.67,16.45,13.39,14.61,16.23,13.5,14.68,16.34,13.51,15.1,16.78,13.98,15.53,17.11,14.46,15.53,17,14.49,15.25,16.87,14.09,15.21,16.99,13.88,6760,7079
2025-10-16 08:00:00,2.78,5.05,5.27,4.51,0.48,0.91,0.45,,13.13,13.32,13.03,13.21,13.39,13.08,13.25,13.47,13.14,13.64,13.86,13.5,14.11,14.35,13.98,14.25,14.44,14.2,13.7,13.97,13.5,13.44,13.83,13.14,6488,6732
2025-10-16 07:00:00,2.79,5.06,5.28,4.51,0.38,0.9,0.45,,13.15,13.27,13.03,13.25,13.39,13.12,13.22,13.32,13.14,13.62,13.74,13.5,14.13,14.23,13.98,14.29,14.44,14.2,13.6,13.74,13.5,13.16,13.27,13.05,6488,0
2025-10-16 06:00:00,2.79,5.05,5.25,4.51,0.4,0.9,0.46,,13.28,13.39,13.27,13.4,13.48,13.39,13.41,13.5,13.39,13.84,13.96,13.75,14.35,14.46,14.27,14.54,14.68,14.44,13.83,13.97,13.74,13.39,13.51,13.29,6499,0
2025-10-16 05:00:00,2.79,5.1,5.28,4.54,0.4,0.91,0.49,,13.68,13.98,13.4,13.79,14.08,13.51,13.8,14.1,13.55,14.22,14.45,13.98,14.75,15.05,14.46,14.96,15.26,14.68,14.27,14.57,14,13.83,14.1,13.61,6510,0
2025-10-16 04:00:00,2.8,5.09,5.31,4.58,0.41,0.91,0.49,,14.17,14.22,13.99,14.26,14.33,14.1,14.26,14.33,14.1,14.7,14.78,14.57,15.24,15.32,15.05,15.42,15.5,15.27,14.68,14.8,14.57,14.23,14.33,14.11,6524,0
2025-10-16 03:00:00,2.84,5.09,5.31,4.58,0.39,0.89,0.51,,14.29,14.33,14.22,14.4,14.45,14.33,14.41,14.46,14.33,14.85,14.92,14.8,15.45,15.52,15.38,15.68,15.84,15.51,14.89,14.97,14.8,14.41,14.45,14.33,6533,0
2025-10-16 02:00:00,2.81,5.14,5.32,4.58,0.38,0.89,0.5,,14.55,14.81,14.33,14.66,14.91,14.45,14.67,14.92,14.47,15.12,15.4,14.92,15.78,16.08,15.57,16.06,16.33,15.86,15.17,15.41,14.99,14.58,14.82,14.44,6539,0
2025-10-16 01:00:00,2.81,5.15,5.36,4.56,0.39,0.89,0.49,0,15.02,15.22,14.81,15.16,15.38,14.93,15.14,15.37,14.92,15.62,15.87,15.4,16.32,16.59,16.11,16.65,16.94,16.34,15.7,15.99,15.42,15.08,15.31,14.85,6546,0
2025-10-16 00:00:00,2.82,5.1,5.32,4.58,0.38,0.91,0.51,,15.5,15.75,15.28,15.65,15.87,15.4,15.67,15.99,15.4,16.15,16.45,15.88,16.92,17.18,16.6,17.36,17.75,17.04,16.32,16.69,16.01,15.65,15.99,15.4,6533,0
2025-10-15 23:00:00,2.78,5.09,5.33,4.58,0.41,0.92,0.5,,16.4,17.04,15.84,16.53,17.17,15.99,16.59,17.19,16.03,17.1,17.7,16.54,17.86,18.49,17.29,18.41,19.07,17.81,17.28,17.87,16.78,16.6,17.24,16.11,6550,0
2025-10-15 22:00:00,2.84,5.09,5.35,4.63,0.43,0.94,0.47,,17.41,17.77,17.17,17.58,18,17.29,17.61,18,17.29,18.13,18.57,17.77,19.06,19.65,18.6,19.74,20.35,19.18,18.45,18.94,18,17.61,17.87,17.29,6550,0
2025-10-15 21:00:00,2.87,5.15,5.4,4.67,0.41,0.95,0.51,,18.86,20.01,17.87,19.1,20.25,18.12,19.11,20.29,18.12,19.67,20.84,18.7,20.77,21.92,19.78,21.66,22.95,20.53,20.12,21.31,19.07,18.96,20.12,18,6568,0
2025-10-15 20:00:00,2.84,5.15,5.45,4.75,0.43,1.03,0.52,0.01,21.59,23.09,20.25,21.85,23.36,20.48,21.92,23.45,20.56,22.46,24.03,21.07,23.64,25.22,22.17,24.77,26.51,23.2,22.95,24.5,21.54,21.49,22.85,20.29,6602,0
2025-10-15 19:00:00,2.85,5.19,5.56,4.84,0.43,1.03,0.57,0.04,25.88,28.76,23.44,26.19,29.09,23.71,26.44,29.59,23.8,26.91,29.94,24.38,28.04,30.84,25.57,29.67,32.89,26.95,27.34,30.41,24.85,25.44,28.41,23.12,6671,1244
2025-10-15 18:00:00,2.8,5.17,5.72,5.02,0.43,1.06,0.55,0.03,34.5,40.46,29.35,34.79,40.82,29.71,35.94,43.07,30.19,36.15,42.84,30.64,36.94,43.9,31.39,39.28,46.25,33.59,36.45,43.18,31.12,33.93,40.16,29.07,6766,7008
2025-10-15 17:00:00,2.98,5.3,5.98,5.32,0.39,1.14,0.57,0.17,42.36,43.9,40.59,42.59,43.98,41.06,45.09,46.39,43.31,44.93,46.39,43.07,46.3,47.93,44.14,48.72,50.27,46.57,45.37,46.61,43.43,42.07,43.07,40.47,6822,7260
2025-10-15 16:00:00,2.78,5.09,5.97,5.3,0.4,1.07,0.52,0.12,46.38,48.04,44.37,46.04,47.29,44.28,48.08,49.1,46.73,48.07,49.1,46.74,50.09,51.24,48.4,51.53,52.64,50.39,46.92,48.27,45.67,42.97,44.37,41.64,6824,8875
2025-10-15 15:00:00,2.65,4.99,5.87,5.17,0.28,0.92,0.41,0.08,47.15,48.04,46.26,45.82,47.04,44.02,46.6,48.04,44.14,47.52,48.51,46.77,49.74,50.88,48.52,51.16,52.05,50.03,46.22,47.2,45.05,41.24,42.83,38.09,6838,9183
2025-10-15 14:00:00,2.54,4.94,5.87,4.94,0.04,0.75,0.53,0.01,45.92,46.62,44.61,43.85,44.61,43.19,42.23,43.48,39.88,46.23,46.85,44.96,48.78,49.82,46.99,47.18,49.27,43.41,37.2,43.77,32.9,33.96,36.8,31.6,6824,8186
2025-10-15 13:00:00,2.59,4.88,5.76,4.89,0.05,0.88,0.45,,42.35,44.13,40.09,41.32,43.17,38.22,35.56,39.28,30.89,42.17,44.47,37.15,43.51,46.27,37.75,35.17,42.25,28.51,30.75,32.3,28.64,30.98,32.41,27.11,6826,8206
2025-10-15 12:00:00,2.43,4.9,5.66,4.79,0.34,1,0.49,0.04,35.63,39.4,31.25,32.56,37.39,27.29,26.72,30.23,23.56,28.85,35.84,24.26,27.97,35.98,24.18,25.64,28.05,23.77,25.93,27.57,24.14,25.73,26.99,24.5,6838,9494
2025-10-15 11:00:00,2.73,5.15,5.47,4.71,0.41,0.95,0.5,0,22.87,29.58,19.89,21.68,25.8,19.62,21.47,23.21,20.01,22.75,24.03,21.31,22.51,23.92,21.67,22.03,23.44,20.86,22.43,23.89,21.03,23.08,24.28,21.67,6838,10053
2025-10-15 10:00:00,2.79,5.1,5.33,4.6,0.24,0.89,0.45,,17.78,19.66,15.99,17.64,19.29,15.99,18.56,19.79,16.82,20.87,22.68,17.66,22.27,23.68,20.61,19.13,20.71,16.83,19.26,20.79,17.29,20.29,21.56,19.15,6838,10585
2025-10-15 09:00:00,2.74,5.03,5.19,4.5,0.25,0.85,0.44,,13.07,15.75,11.14,13.06,15.83,11.26,13.16,16.34,11.26,13.64,16.9,11.78,15.39,20.49,12.33,14.31,16.57,12.34,14.14,17,11.85,15.02,19.18,11.67,6838,9809
2025-10-15 08:00:00,2.66,4.95,5.08,4.43,0.35,0.91,0.38,,10.84,11.02,10.79,10.98,11.14,10.91,10.98,11.14,10.9,11.45,11.64,11.38,11.93,12.18,11.86,12.01,12.19,11.96,11.35,11.68,11.24,11.01,11.48,10.79,6519,6811
2025-10-15 07:00:00,2.65,4.93,5.08,4.41,0.36,0.92,0.37,,10.75,10.79,10.69,10.89,11,10.83,10.89,10.9,10.87,11.36,11.39,11.33,11.89,12,11.86,12.05,12.19,11.96,11.28,11.37,11.26,10.81,10.88,10.79,6488,0
2025-10-15 06:00:00,2.65,4.97,5.1,4.44,0.36,0.9,0.42,,11.02,11.26,10.82,11.18,11.39,11.02,11.15,11.38,10.94,11.63,11.85,11.45,12.21,12.45,12,12.39,12.65,12.19,11.55,11.74,11.37,11.06,11.26,10.89,6497,0
2025-10-15 05:00:00,2.71,4.99,5.14,4.46,0.33,0.89,0.46,,11.48,11.73,11.26,11.64,11.85,11.44,11.62,11.85,11.38,12.09,12.32,11.86,12.7,12.92,12.45,12.93,13.26,12.67,12.07,12.32,11.85,11.57,11.85,11.27,6510,0
2025-10-15 04:00:00,2.78,5.03,5.19,4.45,0.32,0.89,0.44,,11.98,12.21,11.73,12.13,12.34,11.89,12.14,12.37,11.89,12.62,12.86,12.39,13.21,13.41,12.96,13.54,13.85,13.26,12.64,12.95,12.32,12.19,12.47,11.89,6522,0
2025-10-15 03:00:00,2.8,5.03,5.17,4.48,0.36,0.92,0.44,,12.57,12.92,12.24,12.72,13.03,12.43,12.76,13.09,12.44,13.25,13.61,12.91,13.83,14.21,13.51,14.2,14.56,13.85,13.35,13.73,13.03,12.89,13.27,12.56,6530,0
2025-10-15 02:00:00,2.78,5.07,5.21,4.51,0.4,0.92,0.47,,13.17,13.4,12.92,13.31,13.52,13.07,13.36,13.62,13.14,13.86,14.1,13.62,14.51,14.81,14.22,14.87,15.15,14.57,13.96,14.21,13.74,13.48,13.63,13.27,6537,0
2025-10-15 01:00:00,2.79,5.09,5.23,4.54,0.4,0.92,0.51,,13.72,14.04,13.43,13.88,14.22,13.6,13.9,14.21,13.62,14.44,14.77,14.12,15.19,15.54,14.82,15.58,15.98,15.25,14.5,14.87,14.21,13.89,14.22,13.65,6546,0
2025-10-15 00:00:00,2.8,5.13,5.27,4.57,0.39,0.91,0.51,0,14.52,14.98,14.1,14.71,15.16,14.33,14.69,15.16,14.3,15.22,15.75,14.8,16.05,16.48,15.64,16.53,17.09,16.04,15.37,15.87,14.92,14.65,15.18,14.22,6530,0
2025-10-14 23:00:00,2.8,5.1,5.26,4.58,0.39,0.94,0.52,,15.68,16.34,15.04,15.85,16.49,15.27,15.9,16.58,15.28,16.41,17.08,15.86,17.25,17.98,16.59,17.89,18.59,17.2,16.67,17.4,15.99,15.96,16.59,15.29,6550,0
2025-10-14 22:00:00,2.8,5.09,5.29,4.61,0.43,0.95,0.5,,17.12,17.85,16.45,17.31,18,16.62,17.34,18.04,16.69,17.88,18.59,17.18,18.82,19.62,18.11,19.56,20.48,18.73,18.26,19.06,17.52,17.38,18.12,16.7,6550,0
2025-10-14 21:00:00,2.85,5.15,5.34,4.67,0.41,0.96,0.52,,18.87,20,17.99,19.1,20.25,18.18,19.11,20.23,18.2,19.66,20.79,18.76,20.76,21.92,19.78,21.72,23.07,20.59,20.15,21.31,19.18,19.01,20.01,18.23,6575,0
2025-10-14 20:00:00,2.83,5.15,5.42,4.74,0.45,1.07,0.55,0.02,22.02,24.15,20.25,22.28,24.39,20.48,22.28,24.42,20.48,22.8,24.88,21.01,23.98,26.06,22.2,25.22,27.45,23.31,23.39,25.55,21.54,21.93,23.94,20.25,6613,0
2025-10-14 19:00:00,2.82,5.18,5.54,4.87,0.45,1.02,0.6,0.03,27.69,31.01,24.62,27.71,30.89,24.86,27.96,31.24,24.95,28.22,31.36,25.34,29.38,32.43,26.57,30.92,34.09,27.92,28.92,31.94,25.95,27.32,30.25,24.41,6697,2056
2025-10-14 18:00:00,2.74,5.11,5.64,4.96,0.36,1.04,0.52,0,35.08,39.4,31.63,34.93,39.52,31.48,35.4,40.13,31.83,35.45,40.12,31.94,36.63,41.8,33.02,38.35,42.94,34.7,35.12,38.34,32.41,33.04,35.5,30.77,6813,7079
2025-10-14 17:00:00,2.8,5.09,5.94,5.28,0.47,1.16,0.64,0.2,45.1,46.73,40.59,45.61,47.21,40.84,46.77,48.49,41.53,46.55,48.27,41.53,48.73,50.61,43.24,49.34,51.7,44.12,44.01,46.75,39.28,40.64,43.2,36.33,6822,7272
2025-10-14 16:00:00,2.69,5.04,5.97,5.31,0.47,1.08,0.54,0.11,47.37,47.8,46.97,46.92,47.36,46.33,48.49,48.89,48.07,48.4,48.86,48.03,50.8,51.27,50.29,51.94,52.16,51.69,46.8,47.72,46.26,43.1,44.02,42.6,6822,7473
2025-10-14 15:00:00,2.6,4.91,5.78,5.14,0.3,0.92,0.43,0.06,47.88,48.61,47.55,46.59,46.88,45.91,47.18,48.34,45.79,47.89,48.46,46.98,50.49,50.76,50.05,50.93,52.16,49.56,44.89,47.44,42.12,39.91,43.54,34.98,6838,9072
2025-10-14 14:00:00,2.48,4.9,5.77,5.02,0.1,0.83,0.56,,46.71,47.68,46.15,44.54,45.67,43.77,42.61,45.2,40.27,46.72,47.92,46.02,49.2,50.29,48.04,46.51,48.96,43.53,35.5,41.2,31.82,32.69,34.43,30.72,6838,7819
2025-10-14 13:00:00,2.47,4.83,5.68,4.86,0.08,0.87,0.47,,43.81,45.92,41.76,42.2,44.15,39.4,35.61,39.62,31.6,42.32,45.67,37.75,43.1,47.33,37.38,34.2,42.45,28.42,30.32,31.6,28.64,30.03,31.16,27.11,6838,7930
2025-10-14 12:00:00,2.38,4.84,5.61,4.85,0.33,0.99,0.47,0.04,37.36,41.42,31.72,34.07,38.93,27.7,26.79,30.89,23.2,28.78,36.46,23.82,27.65,35.87,23.79,25.17,27.8,23.43,25.91,27.94,23.91,25.47,26.87,24.27,6838,9994
2025-10-14 11:00:00,2.74,5.14,5.41,4.74,0.43,0.96,0.51,0.01,22.73,29.6,19.82,21.63,25.69,19.54,21.39,22.87,19.99,22.51,23.56,21.21,22.37,23.53,21.46,21.97,23.19,20.83,22.48,23.67,21.06,23.15,24.09,21.78,6842,10388
2025-10-14 10:00:00,2.76,5.09,5.27,4.62,0.27,0.89,0.46,,17.71,19.49,15.81,17.58,19.26,15.83,18.52,19.77,16.7,20.8,22.61,17.57,22.21,23.79,20.84,19.17,20.71,16.84,19.46,20.77,17.52,20.63,21.62,19.43,6838,10628
2025-10-14 09:00:00,2.74,5.02,5.15,4.5,0.27,0.88,0.46,,13.04,15.44,11.32,13.01,15.64,11.39,13.11,15.99,11.44,13.6,16.57,11.96,15.33,19.9,12.45,14.37,16.45,12.55,14.14,16.93,11.97,14.95,19.18,11.7,6838,10534
2025-10-14 08:00:00,2.68,5.01,5.1,4.44,0.36,0.89,0.43,,11.17,11.26,11.13,11.31,11.39,11.26,11.29,11.38,11.24,11.75,11.85,11.71,12.27,12.37,12.21,12.41,12.52,12.32,11.7,11.85,11.61,11.26,11.5,11.15,6506,6787
2025-10-14 07:00:00,2.7,4.97,5.09,4.47,0.36,0.91,0.44,,11.38,11.5,11.26,11.54,11.69,11.42,11.51,11.63,11.38,11.97,12.08,11.85,12.54,12.68,12.4,12.7,12.9,12.55,11.95,12.09,11.8,11.48,11.62,11.33,6488,0
2025-10-14 06:00:00,2.74,5.03,5.12,4.46,0.33,0.91,0.46,,11.75,11.97,11.5,11.9,12.09,11.73,11.9,12.12,11.66,12.36,12.62,12.11,12.95,13.16,12.69,13.16,13.4,12.9,12.38,12.67,12.16,11.89,12.2,11.63,6502,0
2025-10-14 05:00:00,2.8,5.03,5.12,4.47,0.33,0.92,0.44,,12.24,12.56,11.97,12.39,12.69,12.12,12.41,12.72,12.2,12.9,13.24,12.68,13.46,13.75,13.2,13.73,14.06,13.49,12.92,13.27,12.67,12.45,12.8,12.21,6510,0
2025-10-14 04:00:00,2.76,5.05,5.15,4.51,0.38,0.93,0.46,,12.87,13.14,12.58,13,13.27,12.77,13.05,13.28,12.8,13.54,13.78,13.27,14.07,14.34,13.78,14.37,14.68,14.08,13.57,13.86,13.27,13.13,13.38,12.81,6524,0
2025-10-14 03:00:00,2.76,5.09,5.16,4.53,0.4,0.94,0.51,,13.46,13.74,13.15,13.59,13.86,13.28,13.66,13.95,13.36,14.15,14.44,13.86,14.74,15.05,14.46,15.06,15.38,14.71,14.26,14.57,13.9,13.79,14.1,13.39,6533,0
2025-10-14 02:00:00,2.79,5.09,5.21,4.57,0.4,0.92,0.52,,14.03,14.3,13.76,14.17,14.45,13.89,14.21,14.45,13.98,14.7,14.93,14.45,15.36,15.65,15.05,15.73,16.01,15.41,14.86,15.05,14.57,14.35,14.45,14.12,6542,0
2025-10-14 01:00:00,2.8,5.15,5.23,4.58,0.39,0.91,0.5,0,14.67,15.01,14.33,14.83,15.16,14.52,14.84,15.16,14.55,15.33,15.64,15.04,16.06,16.44,15.76,16.47,16.86,16.1,15.52,15.87,15.16,14.88,15.16,14.57,6546,0
2025-10-14 00:00:00,2.79,5.1,5.24,4.57,0.4,0.94,0.53,,15.53,16,15.05,15.69,16.2,15.27,15.72,16.2,15.26,16.21,16.7,15.75,16.93,17.41,16.45,17.45,17.99,16.92,16.39,16.93,15.9,15.77,16.35,15.28,6533,0
2025-10-13 23:00:00,2.75,5.09,5.26,4.6,0.43,0.94,0.51,,16.51,16.94,16.11,16.67,17.12,16.23,16.74,17.17,16.34,17.23,17.64,16.81,17.98,18.48,17.52,18.65,19.18,18.11,17.59,18.03,17.04,16.92,17.29,16.45,6550,0
2025-10-13 22:00:00,2.82,5.11,5.26,4.64,0.45,0.95,0.49,,17.7,18.45,17.04,17.91,18.69,17.23,17.95,18.7,17.29,18.44,19.2,17.76,19.4,20.16,18.6,20.11,21,19.31,18.83,19.65,18.11,17.98,18.7,17.39,6550,0
2025-10-13 21:00:00,2.83,5.15,5.32,4.7,0.42,1,0.54,0.01,19.47,20.37,18.59,19.67,20.6,18.83,19.78,20.7,18.92,20.3,21.2,19.42,21.31,22.38,20.36,22.22,23.32,21.18,20.79,21.74,19.84,19.81,20.56,18.95,6577,0
2025-10-13 20:00:00,2.82,5.14,5.37,4.76,0.44,1.08,0.55,0.02,22.2,24.27,20.54,22.48,24.5,20.84,22.57,24.67,20.9,23.1,25.2,21.43,24.24,26.28,22.6,25.39,27.57,23.58,23.69,25.8,21.93,22.31,24.36,20.72,6624,0
2025-10-13 19:00:00,2.82,5.2,5.49,4.88,0.47,1.04,0.62,0.04,27.39,29.83,24.74,27.66,30.18,24.98,28.05,30.77,25.2,28.4,31.09,25.66,29.29,31.89,26.7,30.87,33.83,28.03,29.07,31.73,26.27,27.64,30.06,24.85,6702,2541
2025-10-13 18:00:00,2.81,5.19,5.65,5.06,0.45,1.09,0.57,0.05,34.57,40.11,30.3,34.78,40.23,30.59,36.02,42.29,31.24,36.21,42.1,31.6,37.25,43.67,32.43,39.48,46.01,34.41,36.79,42.86,32.3,34.36,39.88,30.54,6804,7071
2025-10-13 17:00:00,2.89,5.22,5.85,5.3,0.38,1.1,0.59,0.16,42.15,43.58,40.37,41.87,43.4,40.34,44.29,46.03,42.48,44,45.79,42.29,46,47.81,44.14,48.25,49.92,46.37,44.65,46.14,43.18,41.28,42.6,40.11,6822,7347
2025-10-13 16:00:00,2.79,5.11,5.81,5.28,0.37,1.09,0.54,0.12,45.18,46.28,44.25,44.77,45.52,44.02,47.1,47.44,46.45,46.93,47.57,46.14,49.03,49.82,48.16,51.02,51.57,50.34,46.88,47.56,46.25,43.1,43.77,42.48,6838,8986
2025-10-13 15:00:00,2.64,4.97,5.73,5.19,0.25,0.95,0.45,0.06,46.43,46.97,45.91,45.17,45.91,44.14,46.09,47.68,43.93,46.83,47.8,46.02,49.08,50.09,47.81,50.21,51.81,48.15,45.28,47.54,41.88,40.41,43.54,35.03,6838,7756
2025-10-13 14:00:00,2.44,4.94,5.67,4.94,0.02,0.77,0.51,,45.5,46.15,44.5,42.7,43.66,41.73,41.29,43.28,39.05,45.42,45.79,44.72,47.52,48.16,46.59,45.86,47.7,43.77,36.42,41.17,33.46,33.34,35.03,31.92,6838,9348
2025-10-13 13:00:00,2.43,4.81,5.62,4.86,0.09,0.87,0.42,,43.21,45.14,41.18,41.29,42.83,38.58,35.53,38.71,31.83,42.13,44.72,37.86,42.7,46.39,36.93,34.56,42.92,29.23,31.37,33.13,29.11,30.3,32.16,27.14,6838,8647
2025-10-13 12:00:00,2.4,4.87,5.56,4.85,0.35,1.09,0.52,0.03,36.27,40.84,31.6,33.39,38.09,28.76,27.63,31.07,24.98,29.62,36.56,25.45,28.92,35.63,25.72,26.54,28.51,25.2,26.72,28.78,24.88,25.82,26.87,24.86,6838,9529
2025-10-13 11:00:00,2.73,5.14,5.41,4.82,0.44,1.01,0.55,0.01,23.79,29.33,21.08,22.97,26.82,20.6,22.45,24.5,20.62,23.04,24.97,21.43,23.38,25.29,21.82,22.9,24.8,21.22,22.75,24.47,21.31,22.89,24.39,21.59,6838,10412
2025-10-13 10:00:00,2.77,5.13,5.28,4.69,0.34,0.95,0.5,,19.11,20.72,17.29,18.86,20.31,17.29,19.5,20.39,18.08,20.74,21.55,18.6,22.08,23.31,21.32,19.9,21.01,18.34,20.34,21.07,18.82,21.53,22.02,20.96,6826,8753
2025-10-13 09:00:00,2.74,5.06,5.16,4.57,0.32,0.91,0.51,,14.69,16.87,13.06,14.65,17.04,13.15,14.83,17.45,13.26,15.23,17.76,13.66,16.68,20.49,14.22,16.04,17.99,14.44,15.84,18.31,13.86,16.58,20.6,13.51,6826,10286
2025-10-13 08:00:00,2.75,5.03,5.13,4.53,0.37,0.94,0.51,,13.08,13.27,12.94,13.23,13.4,13.11,13.25,13.48,13.15,13.68,13.86,13.58,14.18,14.34,14.1,14.49,14.68,14.34,13.82,14.08,13.74,13.43,13.63,13.32,6510,6783
2025-10-13 07:00:00,2.76,5.07,5.15,4.56,0.41,0.95,0.55,,13.68,14.1,13.29,13.83,14.22,13.5,13.86,14.27,13.5,14.26,14.69,13.92,14.78,15.17,14.42,15.13,15.51,14.79,14.42,14.85,14.09,13.98,14.42,13.69,6499,0
2025-10-13 06:00:00,2.77,5.13,5.22,4.6,0.39,0.95,0.54,0.01,14.65,15.16,14.22,14.79,15.28,14.33,14.82,15.28,14.33,15.21,15.68,14.79,15.69,16.18,15.29,16.05,16.52,15.62,15.37,15.87,14.93,14.94,15.4,14.51,6510,0
2025-10-13 05:00:00,2.74,5.07,5.21,4.6,0.38,0.95,0.55,,15.92,16.45,15.28,15.97,16.57,15.4,16.02,16.58,15.4,16.37,16.93,15.75,16.85,17.41,16.23,17.14,17.62,16.57,16.56,17.04,15.99,16.18,16.69,15.52,6522,0
2025-10-13 04:00:00,2.74,5.08,5.24,4.62,0.41,0.96,0.56,,16.78,16.94,16.58,16.81,16.99,16.58,16.83,17.04,16.61,17.2,17.41,17.02,17.66,17.87,17.42,17.89,18.11,17.65,17.3,17.49,17.06,16.91,17.08,16.7,6533,0
2025-10-13 03:00:00,2.78,5.09,5.22,4.62,0.43,0.97,0.54,,17.11,17.2,17,17.13,17.2,17.04,17.18,17.29,17.04,17.54,17.64,17.41,18.02,18.12,17.89,18.29,18.42,18.11,17.71,17.87,17.52,17.36,17.51,17.16,6542,0
2025-10-13 02:00:00,2.79,5.07,5.22,4.63,0.43,0.95,0.55,,17.3,17.53,17.17,17.36,17.53,17.17,17.4,17.57,17.27,17.76,18,17.64,18.3,18.54,18.12,18.58,18.82,18.36,17.94,18.11,17.77,17.52,17.65,17.41,6548,0
2025-10-13 01:00:00,2.82,5.08,5.23,4.67,0.43,0.97,0.51,,17.74,17.87,17.53,17.84,18,17.65,17.86,18.01,17.64,18.25,18.45,18,18.84,19.07,18.6,19.16,19.41,18.87,18.42,18.7,18.2,17.91,18.12,17.68,6550,0
2025-10-13 00:00:00,2.79,5.13,5.25,4.67,0.44,0.97,0.52,,18.33,18.84,17.95,18.45,18.99,18.02,18.48,19.03,18.12,18.87,19.42,18.45,19.5,20.02,19.07,19.9,20.45,19.49,19.17,19.75,18.79,18.6,19.2,18.24,6542,0
2025-10-12 23:00:00,2.79,5.14,5.3,4.71,0.4,0.96,0.54,0.02,19.84,20.6,18.95,19.95,20.72,19.12,19.98,20.72,19.15,20.33,21.07,19.53,20.84,21.55,20.12,21.26,21.89,20.57,20.75,21.55,19.87,20.45,21.45,19.37,6550,0
2025-10-12 22:00:00,2.83,5.15,5.33,4.72,0.4,0.98,0.53,0.01,19.88,20.57,19.54,19.96,20.6,19.65,20.05,20.63,19.75,20.43,20.98,20.12,21.05,21.46,20.82,21.6,21.89,21.33,20.85,21.51,20.48,20.39,21.35,19.89,6564,0
2025-10-12 21:00:00,2.77,5.12,5.3,4.75,0.42,1,0.55,0.02,20.64,21.4,19.89,20.77,21.55,20.01,20.86,21.66,20.12,21.24,22.02,20.53,21.91,22.74,21.14,22.73,23.66,21.89,21.8,22.73,21.06,21.2,22.14,20.48,6577,0
2025-10-12 20:00:00,2.81,5.15,5.35,4.79,0.42,1.06,0.55,0.07,22.28,23.79,21.34,22.49,24.02,21.54,22.5,24.03,21.61,22.93,24.39,22.02,23.89,25.45,22.74,24.91,26.62,23.75,23.47,24.97,22.73,22.4,23.68,21.9,6624,0
2025-10-12 19:00:00,2.8,5.14,5.45,4.86,0.41,1.08,0.59,0.06,26.44,29,24.2,26.49,29,24.32,26.65,29.23,24.38,26.91,29.35,24.74,27.97,30.54,25.8,29.32,31.94,26.97,27.35,29.53,25.33,25.95,27.93,24.03,6697,1930
2025-10-12 18:00:00,2.75,5.15,5.57,5.02,0.44,1.1,0.61,0.03,33.7,37.82,29.47,34.22,38.93,29.48,34.64,39.64,29.82,34.53,39.05,29.93,35.9,40.4,31.13,36.58,40.81,32.43,33.23,36.58,29.94,31.27,34.43,28.29,6802,7055
2025-10-12 17:00:00,2.85,5.17,5.89,5.33,0.53,1.22,0.75,0.2,40.55,41.77,38.34,41.27,42.24,39.5,41.85,43.07,40.07,41.51,42.73,39.48,43.35,44.72,40.96,43.4,44.71,41.27,38.64,40.11,36.82,36.11,37.48,34.66,6838,8343
2025-10-12 16:00:00,2.67,4.99,5.82,5.29,0.39,1.08,0.66,0.15,45.07,47.23,42.24,45.22,47.01,42.48,45.24,46.62,43.07,45.42,46.97,42.96,47.72,49.34,45.2,46.99,48.43,44.95,41.14,42.33,39.52,38.11,39.18,36.55,6838,7753
2025-10-12 15:00:00,2.54,4.89,5.82,5.25,0.31,1.02,0.61,0.06,47.16,47.57,46.5,46.25,47.26,45.2,45.82,46.97,43.54,46.82,47.44,46.14,49.1,49.82,47.92,48.09,49.09,45.75,42.04,43.07,39.05,37.73,39.53,33.14,6838,8887
2025-10-12 14:00:00,2.45,4.87,5.74,5.08,0.11,0.93,0.51,,45.95,46.9,44.57,44.07,44.84,42.9,41.24,43.19,38.68,45.03,45.91,43.78,46.73,47.75,44.97,42.61,45.19,40.59,33.98,38.22,31.42,31.78,33.37,30.45,6838,8442
2025-10-12 13:00:00,2.51,4.83,5.64,4.96,0.22,0.9,0.47,,42.12,44.13,40.75,40.41,42.48,37.83,34.63,38.09,31.13,40.37,43.43,36.33,40.21,44.61,34.43,32.76,39.86,28.39,30.78,32.3,28.96,29.59,30.57,27.22,6838,8446
2025-10-12 12:00:00,2.35,4.83,5.47,4.89,0.39,1.04,0.51,0.04,36.3,40.32,31.01,32.86,37.39,26.91,27.07,30.65,23.79,28.28,35.14,24.26,27.35,33.15,24.31,25.41,27.57,23.9,26.51,28.88,24.62,25.85,26.98,24.98,6838,10104
2025-10-12 11:00:00,2.68,5.11,5.34,4.81,0.4,0.96,0.51,0.03,23.01,29.47,20.01,21.92,25.01,19.77,21.9,23.54,20.36,22.85,24.09,21.67,22.88,24.15,21.78,22.42,23.78,21.06,23.34,24.5,21.66,24.03,24.92,22.81,6842,10561
2025-10-12 10:00:00,2.73,5.02,5.19,4.65,0.27,0.88,0.47,,17.66,19.65,15.75,17.57,19.42,15.99,18.82,20.12,17.17,20.92,22.61,17.41,22.11,23.33,21.1,18.99,20.83,16.7,19.52,21.27,17.26,21.55,22.72,20.48,6842,10349
2025-10-12 09:00:00,2.69,4.96,5.06,4.53,0.24,0.87,0.46,,13.05,15.36,11.29,13.03,15.87,11.39,13.27,16.57,11.38,13.55,16.45,11.85,15.4,20.14,12.43,14.3,16.33,12.53,14.18,16.69,11.96,15.32,20.17,11.62,6838,10471
2025-10-12 08:00:00,2.62,4.93,5.03,4.47,0.34,0.9,0.45,,11.19,11.3,11.09,11.34,11.5,11.26,11.32,11.49,11.24,11.77,11.86,11.69,12.25,12.35,12.17,12.4,12.55,12.31,11.74,11.86,11.62,11.34,11.5,11.24,6510,6795
2025-10-12 07:00:00,2.67,4.93,5.04,4.49,0.33,0.9,0.49,,11.59,11.85,11.38,11.72,11.97,11.5,11.71,11.97,11.49,12.15,12.43,11.95,12.62,12.86,12.4,12.8,13.02,12.55,12.12,12.32,11.88,11.71,11.95,11.49,6484,0
2025-10-12 06:00:00,2.73,4.95,5.06,4.48,0.29,0.92,0.48,,11.89,11.97,11.81,12,12.09,11.95,12.01,12.09,11.96,12.46,12.55,12.39,12.93,13.04,12.85,13.14,13.2,13.07,12.41,12.46,12.32,12.05,12.09,11.95,6495,0
2025-10-12 05:00:00,2.74,4.95,5.07,4.49,0.32,0.92,0.46,,12.02,12.21,11.85,12.17,12.32,11.98,12.16,12.32,11.97,12.64,12.8,12.44,13.16,13.36,12.94,13.35,13.6,13.14,12.59,12.81,12.36,12.16,12.41,11.97,6506,0
2025-10-12 04:00:00,2.75,4.94,5.06,4.5,0.34,0.91,0.46,,12.4,12.56,12.21,12.54,12.68,12.35,12.55,12.7,12.34,13.01,13.16,12.81,13.55,13.75,13.39,13.79,13.97,13.61,13.07,13.27,12.89,12.63,12.83,12.44,6519,0
2025-10-12 03:00:00,2.72,4.98,5.05,4.53,0.35,0.93,0.46,,12.72,12.8,12.59,12.84,12.92,12.78,12.87,13,12.8,13.35,13.48,13.24,13.88,14,13.75,14.18,14.33,14.05,13.36,13.53,13.27,12.96,13.1,12.86,6528,0
2025-10-12 02:00:00,2.71,4.96,5.08,4.52,0.38,0.92,0.48,,13,13.21,12.83,13.15,13.37,12.94,13.17,13.39,13.03,13.66,13.86,13.5,14.26,14.47,14.07,14.58,14.79,14.37,13.67,13.89,13.5,13.17,13.4,13.03,6537,0
2025-10-12 01:00:00,2.72,5,5.1,4.55,0.38,0.93,0.52,,13.5,13.74,13.27,13.65,13.9,13.39,13.69,13.95,13.43,14.18,14.45,13.96,14.82,15.16,14.58,15.21,15.52,14.91,14.22,14.48,13.97,13.7,13.87,13.51,6542,0
2025-10-12 00:00:00,2.74,5.02,5.14,4.6,0.38,0.92,0.54,,14.15,14.54,13.85,14.34,14.69,13.98,14.36,14.72,13.98,14.88,15.28,14.46,15.61,16.02,15.17,16.04,16.45,15.62,14.96,15.39,14.57,14.34,14.7,13.97,6528,0
2025-10-11 23:00:00,2.75,5.04,5.17,4.59,0.38,0.92,0.54,0,14.98,15.4,14.59,15.17,15.63,14.81,15.2,15.63,14.81,15.75,16.2,15.36,16.55,17.06,16.11,17.06,17.58,16.57,15.88,16.34,15.39,15.22,15.64,14.81,6550,0
2025-10-11 22:00:00,2.72,5,5.16,4.62,0.41,0.93,0.53,,16.05,16.7,15.49,16.29,17.02,15.64,16.25,16.91,15.74,16.82,17.44,16.33,17.76,18.48,17.12,18.38,19.17,17.7,17.03,17.62,16.45,16.17,16.7,15.75,6550,0
2025-10-11 21:00:00,2.77,5.03,5.21,4.67,0.42,0.97,0.54,0,17.83,19.04,16.85,18.14,19.37,17.17,18.02,19.2,17.04,18.59,19.77,17.62,19.63,20.84,18.62,20.42,21.65,19.33,18.8,19.98,17.76,17.79,18.87,16.82,6577,0
2025-10-11 20:00:00,2.76,5.07,5.28,4.77,0.44,1.04,0.55,0.02,21.18,23.4,19.29,21.56,23.79,19.66,21.5,23.84,19.54,21.99,24.26,20.07,23.01,25.22,21.12,23.78,25.79,21.93,22.13,24.26,20.24,21.18,23.56,19.18,6613,0
2025-10-11 19:00:00,2.8,5.11,5.41,4.89,0.45,1.1,0.57,0.07,25.88,28.05,23.79,26.45,28.8,24.24,26.47,28.83,24.27,26.81,29.03,24.74,27.67,29.95,25.6,28.23,30.52,26.24,26.24,27.81,24.63,25.71,27.11,24.03,6684,5034
2025-10-11 18:00:00,2.79,5.11,5.61,5.15,0.54,1.18,0.67,0.09,34.23,42.08,28.54,35.48,43.66,29.38,35.78,44.61,29.35,35.69,43.9,29.59,37.01,46.03,30.54,37.22,45.66,31.09,32.79,39.87,28.16,31.2,37.39,27.34,6769,7020
2025-10-11 17:00:00,2.91,5.17,5.98,5.53,0.58,1.35,0.87,0.46,43.81,44.73,42.5,44.83,45.5,44.03,45.24,45.83,44.72,44.91,45.42,44.13,47.27,47.92,46.27,46.77,47.55,45.78,40.72,41.29,39.87,38.09,38.46,37.39,6822,7819
2025-10-11 16:00:00,2.78,5.02,5.87,5.44,0.45,1.2,0.73,0.18,44.72,45.67,44.02,45.22,46.03,44.59,45.99,46.28,45.74,45.43,46.14,44.97,48.1,48.82,47.64,48.02,48.5,47.63,41.86,42.44,41.29,38.84,39.41,38.22,6824,9139
2025-10-11 15:00:00,2.62,4.88,5.78,5.27,0.3,1.05,0.63,0.18,46.28,47.09,45.42,45.57,46.03,44.61,44.59,45.88,42.36,45.26,45.56,44.96,47.86,48.28,46.98,46.75,47.67,44.65,40.24,41.21,37.74,35.77,38.09,31.01,6838,9029
2025-10-11 14:00:00,2.42,4.85,5.67,5.11,0.1,1,0.5,0,46.05,46.76,44.5,43.37,44.02,42,39.66,41.9,37.04,44.64,45.08,43.66,46.63,47.21,45.2,40.71,44,38.68,32.03,36.68,29.36,29.9,31.36,28.85,6838,8714
2025-10-11 13:00:00,2.43,4.72,5.52,4.92,0.19,0.96,0.4,0.01,42.31,44.47,40.47,40.34,41.92,37.96,33.78,36.45,31.13,40.51,43.38,36.45,39.71,44.64,32.43,30.86,38.56,26.6,29.97,32.41,27.69,28.05,28.88,25.79,6838,8068
2025-10-11 12:00:00,2.22,4.78,5.34,4.85,0.42,0.99,0.48,0.07,37.53,40.82,31.48,31.87,37.04,24.74,26.14,30.39,22.6,27,35.03,22.73,25.57,31.02,22.74,23.81,25.79,22.58,25.74,29.22,23.51,24.73,25.54,23.91,6838,10254
2025-10-11 11:00:00,2.67,5.07,5.26,4.84,0.43,0.95,0.49,0.04,21.5,29.35,18.7,20.5,22.83,18.95,21.46,22.37,20.36,21.99,22.61,21.55,21.82,22.57,21.44,21.38,22.36,20.48,22.93,23.33,21.55,23.21,23.8,22.49,6838,10585
2025-10-11 10:00:00,2.69,5,5.08,4.73,0.27,0.9,0.48,0,17.25,18.45,16.25,17.44,18.7,16.58,20.42,20.99,19.82,22.84,25.98,19.52,24.49,27.11,21.56,18.86,20.35,17.03,19.67,20.83,17.94,23.18,25.33,21.79,6838,10392
2025-10-11 09:00:00,2.61,4.92,4.93,4.47,0.13,0.83,0.42,,13.03,15.91,10.43,12.86,16.91,10.55,13.65,18.95,10.68,14.37,18.59,11.14,17.41,24.75,11.62,14.71,16.84,11.85,14.83,17.64,11.37,17.59,25.1,11.11,6838,10451
2025-10-11 08:00:00,2.59,4.85,4.9,4.42,0.3,0.88,0.41,,10.3,10.43,10.2,10.45,10.57,10.36,10.54,10.67,10.43,11,11.14,10.9,11.46,11.62,11.38,11.72,11.84,11.62,11.07,11.26,10.94,10.72,11.02,10.58,6506,6783
2025-10-11 07:00:00,2.58,4.87,4.92,4.49,0.35,0.92,0.44,,10.7,10.91,10.45,10.87,11.06,10.66,10.95,11.14,10.68,11.4,11.61,11.15,11.86,12.09,11.62,12.14,12.41,11.84,11.42,11.72,11.14,11.06,11.37,10.79,6488,0
2025-10-11 06:00:00,2.59,4.89,4.96,4.51,0.35,0.92,0.49,,11.08,11.26,10.98,11.25,11.38,11.14,11.33,11.49,11.21,11.79,11.95,11.66,12.26,12.44,12.09,12.59,12.78,12.43,11.89,11.97,11.73,11.56,11.62,11.39,6502,0
2025-10-11 05:00:00,2.61,4.89,4.98,4.52,0.35,0.91,0.5,,11.42,11.64,11.26,11.6,11.85,11.4,11.65,11.89,11.49,12.1,12.33,11.96,12.61,12.83,12.45,12.97,13.26,12.78,12.15,12.44,11.96,11.75,11.97,11.62,6506,0
2025-10-11 04:00:00,2.71,4.93,5.02,4.51,0.33,0.93,0.48,,11.89,12.09,11.73,12.07,12.32,11.85,12.11,12.32,11.95,12.58,12.8,12.42,13.15,13.44,12.92,13.5,13.74,13.26,12.6,12.8,12.44,12.13,12.25,12.01,6519,0
2025-10-11 03:00:00,2.7,4.94,5.01,4.55,0.37,0.93,0.49,,12.54,12.92,12.21,12.74,13.14,12.38,12.74,13.15,12.37,13.21,13.62,12.88,13.85,14.23,13.51,14.23,14.67,13.85,13.27,13.67,12.85,12.73,13.15,12.32,6528,0
2025-10-11 02:00:00,2.69,4.97,5.04,4.58,0.41,0.95,0.53,,13.32,13.74,13.02,13.53,13.98,13.2,13.55,13.98,13.22,14.04,14.45,13.73,14.71,15.17,14.34,15.12,15.61,14.68,14.1,14.5,13.74,13.52,13.87,13.18,6537,0
2025-10-11 01:00:00,2.72,5.01,5.09,4.63,0.4,0.94,0.56,0.01,14.35,14.99,13.83,14.59,15.24,14.04,14.64,15.28,14.1,15.13,15.75,14.57,15.78,16.37,15.26,16.25,16.92,15.64,15.24,15.87,14.57,14.65,15.4,13.98,6546,0
2025-10-11 00:00:00,2.7,4.99,5.1,4.66,0.4,0.95,0.56,,15.8,16.33,15.14,16.04,16.58,15.38,16.17,16.7,15.4,16.65,17.17,15.94,17.24,17.77,16.54,17.73,18.33,17.04,16.95,17.52,16.1,16.56,17.04,15.62,6542,0
2025-10-10 23:00:00,2.72,4.99,5.13,4.69,0.43,0.97,0.53,0,17.18,18.07,16.35,17.42,18.31,16.59,17.54,18.45,16.7,17.98,18.85,17.18,18.62,19.5,17.87,19.13,19.99,18.34,18.34,19.2,17.52,17.89,18.83,17.08,6550,0
2025-10-10 22:00:00,2.74,5.04,5.21,4.75,0.41,0.96,0.56,0.02,19.13,19.66,18.24,19.28,19.77,18.45,19.4,19.89,18.59,19.81,20.29,19.06,20.44,20.96,19.66,20.9,21.41,20.12,20.13,20.6,19.36,19.76,20.26,18.95,6568,0
2025-10-10 21:00:00,2.78,5.07,5.2,4.77,0.42,0.99,0.56,0.02,19.42,20.01,19.12,19.6,20.25,19.29,19.6,20.25,19.29,20.16,20.84,19.77,21.12,21.86,20.73,21.74,22.56,21.29,20.41,21.07,20.03,19.55,20.25,19.19,6588,0
2025-10-10 20:00:00,2.74,5.03,5.23,4.8,0.43,1.05,0.56,0.03,21.55,23.25,20.2,21.82,23.56,20.48,21.85,23.56,20.48,22.41,24.12,21.07,23.37,24.98,22.03,23.96,25.44,22.72,22.45,23.89,21.28,21.75,23.37,20.37,6626,0
2025-10-10 19:00:00,2.75,5.09,5.35,4.92,0.46,1.11,0.58,0.08,25.74,28.44,23.57,26,28.76,23.9,25.95,28.52,23.91,26.54,29.23,24.45,27.47,30.3,25.34,27.81,30.5,25.76,25.79,27.81,24.14,25.26,27.03,23.68,6706,5692
2025-10-10 18:00:00,2.72,5.07,5.58,5.14,0.55,1.18,0.68,0.09,34.49,42.48,29.12,35.1,43.31,29.47,35,43.31,29.23,35.61,43.78,29.93,37.08,46.04,31.01,36.84,45.07,31.11,32.56,39.4,28.28,31.07,37.03,27.45,6802,7055
2025-10-10 17:00:00,2.86,5.1,5.94,5.55,0.57,1.37,0.89,0.4,43.46,44.49,42.6,44.11,44.79,43.53,44.51,45.18,43.66,44.77,45.55,43.97,47.29,48.26,46.27,46.68,47.67,45.42,40.66,41.65,39.56,37.99,38.81,37.16,6826,7540
2025-10-10 16:00:00,2.7,4.93,6.03,5.47,0.5,1.2,0.75,0.19,45.55,46.03,44.97,45.74,46.03,45.32,45.34,45.8,44.99,45.69,46.19,45.36,48.64,49.11,48.28,47.99,48.38,47.67,41.62,42,41.29,38.67,39.05,38.34,6838,7607
2025-10-10 15:00:00,2.55,4.74,6.16,5.34,0.28,1.09,0.69,0.16,45.8,46.98,44.98,45.04,45.32,44.73,43.12,44.82,41.54,44.94,45.79,44.25,47.79,48.16,47.45,46.64,47.67,45.44,39.97,41.41,37.86,35.59,38.34,31.25,6838,8446
2025-10-10 14:00:00,2.46,4.77,6.09,5.19,0.2,1.09,0.54,,44.36,46.4,42.83,42.5,44.59,40.59,38.33,41.28,34.68,44.04,45.85,42.24,45.72,47.94,43.08,39.99,44.83,37.38,31.95,36.8,29.07,29.54,31.36,28.05,6838,8131
2025-10-10 13:00:00,2.38,4.69,5.89,5,0.33,1.08,0.45,0.01,39.91,41.89,37.87,38.2,40.11,34.84,30.82,34.18,27.34,39.15,41.77,35.14,37.95,42.6,30.42,30.21,37.16,26.49,29.95,32.54,27.81,27.46,28.41,25.21,6824,8946
2025-10-10 12:00:00,2.98,4.49,6,5.53,2.27,0.86,0.33,0.07,29.23,37.23,21.65,27.03,33.89,21.54,24.04,26.85,21.78,26.42,33.73,23.24,26.08,29.36,24.52,24.16,25.91,22.61,25.4,29.36,22.96,23.91,24.96,22.95,6838,10250
2025-10-10 11:00:00,4.13,3.83,6.76,6.78,5.51,0.56,0.17,0.14,19.77,21.36,17.99,19.72,21.26,18.12,20.17,21.54,18.95,21.01,23.2,19.89,21.14,23.92,20.12,21.85,22.39,20.77,22.13,22.8,21.8,22.4,22.74,22.26,6826,8273
2025-10-10 10:00:00,4.12,3.83,6.69,6.78,5.5,0.53,0.2,0.14,16.16,17.65,15.04,16.41,17.81,15.05,18.45,18.77,18.35,19.2,20.12,16.81,18.97,20.15,16.65,20.44,20.69,20.14,21.82,23.55,21.23,20.04,22.01,18.95,6822,7969
2025-10-10 09:00:00,4.21,3.81,6.73,6.59,5.35,0.51,0.23,0.12,13.04,14.93,11.26,12.95,14.81,11.54,14.11,17.84,12.08,14.23,16.45,12.8,14.28,16.24,13.04,15.82,19.87,12.43,17.33,23.63,12.2,14.92,18.79,11.85,6666,6969
2025-10-10 08:00:00,4.1,3.74,6.59,6.44,5.24,0.43,0.04,,11.17,11.26,11.14,11.49,11.56,11.44,12,12.09,11.97,12.82,12.91,12.8,13.03,13.16,12.94,12.4,12.43,12.35,12.15,12.21,12.08,11.74,11.79,11.73,6493,6752
2025-10-10 07:00:00,4.1,3.77,6.61,6.5,5.26,0.41,0.01,,11.49,11.73,11.26,11.82,12.05,11.61,12.35,12.57,12.09,13.12,13.35,12.91,13.42,13.64,13.16,12.71,12.92,12.47,12.5,12.74,12.26,12.1,12.35,11.85,6481,0
2025-10-10 06:00:00,4.18,3.79,6.6,6.59,5.3,0.43,,,12.02,12.29,11.75,12.34,12.57,12.09,12.88,13.14,12.66,13.6,13.85,13.39,13.95,14.22,13.74,13.26,13.49,13.02,13.05,13.27,12.8,12.68,12.92,12.44,6493,0
2025-10-10 05:00:00,4.18,3.81,6.64,6.67,5.36,0.44,0.03,,12.59,12.9,12.32,12.88,13.14,12.66,13.37,13.62,13.15,14.06,14.22,13.86,14.46,14.69,14.22,13.78,14.08,13.49,13.59,13.86,13.35,13.28,13.63,12.92,6504,0
2025-10-10 04:00:00,4.16,3.83,6.68,6.78,5.36,0.47,0.08,0.01,13.1,13.39,12.91,13.39,13.68,13.15,13.9,14.16,13.62,14.54,14.8,14.33,14.96,15.2,14.69,14.29,14.56,14.08,14.13,14.45,13.86,13.82,14.1,13.63,6517,0
2025-10-10 03:00:00,4.16,3.85,6.72,6.88,5.37,0.51,0.1,0.04,13.76,14.1,13.48,14.02,14.33,13.74,14.5,14.81,14.21,15.06,15.34,14.8,15.5,15.76,15.29,14.91,15.19,14.68,14.76,15.04,14.45,14.51,14.82,14.22,6528,0
2025-10-10 02:00:00,4.19,3.92,6.77,6.89,5.4,0.53,0.11,0.07,14.37,14.69,14.1,14.67,14.98,14.33,15.13,15.43,14.89,15.68,15.99,15.4,16.07,16.39,15.76,15.46,15.84,15.25,15.37,15.75,15.05,15.1,15.52,14.82,6537,0
2025-10-10 01:00:00,4.24,3.93,6.77,7.07,5.45,0.59,0.12,0.03,15.12,15.32,14.81,15.37,15.62,15.04,15.81,16.04,15.52,16.25,16.58,15.99,16.78,17.06,16.45,16.27,16.53,15.9,16.15,16.34,15.87,16,16.2,15.61,6542,0
2025-10-10 00:00:00,4.28,3.94,6.85,7.47,5.54,0.63,0.15,0.04,15.76,16.2,15.4,16.02,16.45,15.64,16.51,16.93,16.11,17.07,17.52,16.66,17.55,17.93,17.16,16.91,17.28,16.57,16.77,17.17,16.37,16.56,16.95,16.23,6528,0
2025-10-09 23:00:00,4.37,4.04,6.97,7.71,5.75,0.71,0.19,0.15,16.78,17.17,16.29,16.98,17.41,16.57,17.5,17.98,17.04,17.89,18.23,17.54,18.42,18.83,18.01,17.71,18.11,17.4,17.62,17.95,17.29,17.53,17.87,17.04,6550,0
2025-10-09 22:00:00,4.45,4.18,7.06,7.98,5.76,0.76,0.3,0.25,18.9,21.22,17.19,19.32,21.67,17.51,19.91,22.14,18.02,20.22,22.73,18.23,20.9,23.21,18.95,19.93,22.25,18.2,19.82,22.12,18.08,19.71,21.69,18,6568,0
2025-10-09 21:00:00,4.01,3.76,6.68,6.48,5.2,0.48,0.1,0.11,22.92,24.27,21.31,23.27,24.39,21.78,23.58,24.62,22.34,24.05,25.03,22.85,24.51,25.57,23.36,23.77,24.96,22.36,23.65,24.87,22.16,23.46,24.84,21.79,6588,0
2025-10-09 20:00:00,4.05,3.8,6.78,6.54,5.19,0.6,0.16,0.16,24.84,25.47,24.39,24.93,25.57,24.5,25.18,25.8,24.72,25.66,26.39,25.13,26.32,27.13,25.69,25.84,26.62,25.19,25.62,26.29,25.08,25.49,26.16,24.98,6613,0
2025-10-09 19:00:00,4.04,3.77,6.78,6.51,5.17,0.56,0.14,0.09,26.54,27.95,25.58,26.66,28.05,25.69,26.91,28.32,25.92,27.74,29.47,26.51,28.8,30.88,27.35,27.91,29.53,26.74,27.44,28.88,26.44,27.14,28.41,26.28,6688,6862
2025-10-09 18:00:00,4.02,3.79,6.83,6.62,5.16,0.57,0.18,0.07,31.66,35.74,28.41,31.75,35.86,28.53,31.97,36.08,28.76,33.83,38.68,29.96,35.92,41.92,31.48,33.28,37.25,29.96,32.05,35.38,29.23,31.29,34.32,28.76,6771,7016
2025-10-09 17:00:00,4.14,3.87,7.02,6.91,5.18,0.59,0.16,0.14,37.83,38.46,36.68,37.59,37.99,36.8,37.31,37.5,36.9,40.42,40.84,39.55,44.34,45,43.19,38.94,41.28,37.84,36.25,37.15,35.59,35.5,35.82,35.03,6822,7654
2025-10-09 16:00:00,4.22,3.97,7.14,7.09,5.29,0.79,0.31,0.25,39.43,40,38.58,38.62,39.08,38,37.59,37.87,37.39,41.62,42,40.93,45.55,45.85,45.09,43.38,43.89,42.01,40.56,42.36,37.63,38.36,39.63,35.95,6838,8103
2025-10-09 15:00:00,4.31,4.01,7.21,7.25,5.53,0.87,0.46,0.28,40.31,40.59,40.11,39.29,39.52,39.05,37.78,38.09,37.56,41.34,42.12,40.43,43.97,45.16,42.48,42.1,43.53,39.27,38.75,42.24,33.23,33.93,39.05,29.97,6838,8686
2025-10-09 14:00:00,4.37,4.09,7.22,7.28,5.78,0.89,0.25,0.07,39.48,40.33,38.09,38.18,39.29,36.32,35.66,37.64,32.28,37.2,40.11,32.66,38.05,42.07,32.43,35.09,38.62,29.69,30.06,32.75,27.8,28.54,30.01,27.11,6838,8068
2025-10-09 13:00:00,4.35,4.06,6.94,6.86,5.49,0.65,0.19,0.17,31.15,37.11,25.57,29.01,35.27,24.28,26.56,30.78,24.11,26.95,31.37,24.33,26.71,30.9,24.85,26.39,28.65,24.74,25.78,27.34,24.5,25.6,26.75,24.59,6838,8848
2025-10-09 12:00:00,4.08,3.81,6.76,6.59,5.41,0.59,0.14,0.14,23.05,24.77,21.66,22.59,23.96,21.31,22.58,23.79,21.44,23.37,24.13,22.96,24.55,24.75,24.34,23.83,24.61,22.48,23.38,24.26,22.61,23.48,24.39,22.61,6826,7839
2025-10-09 11:00:00,4.06,3.82,6.69,6.59,5.37,0.53,0.16,0.14,20.12,21.42,18.95,19.91,21.08,18.83,20.17,21.27,19.31,21.09,22.85,20.12,21.38,23.5,20.61,21.77,22.3,21.06,21.9,22.49,21.66,22.27,22.59,22.02,6838,9517
2025-10-09 10:00:00,4.01,3.74,6.64,6.56,5.37,0.47,0.19,0.14,17.72,18.67,16.7,17.71,18.59,16.6,19.07,19.29,18.94,19.73,20.36,18.12,19.71,20.5,18.01,20.82,20.97,20.49,21.74,22.7,21.31,20.92,22.35,20.26,6824,7619
2025-10-09 09:00:00,3.97,3.72,6.62,6.42,5.28,0.5,0.19,0.13,14.49,16.58,12.81,14.4,16.34,13.03,15.25,18.45,13.5,15.58,17.76,14.32,15.76,17.65,14.61,16.9,20.25,14.08,17.49,22.37,13.79,16.32,19.89,13.55,6746,7051
2025-10-09 08:00:00,3.91,3.66,6.5,6.3,5.22,0.41,0.04,,12.93,13.16,12.76,13.14,13.39,12.95,13.6,13.86,13.39,14.45,14.69,14.28,14.77,15.04,14.58,14.11,14.33,13.97,13.83,14.09,13.64,13.56,13.82,13.37,6510,6783
2025-10-09 07:00:00,3.92,3.71,6.53,6.32,5.22,0.41,0.07,0,13.43,13.74,13.2,13.67,13.98,13.4,14.16,14.45,13.87,14.99,15.28,14.73,15.29,15.64,15.05,14.54,14.83,14.32,14.29,14.57,14.08,13.92,14.22,13.74,6497,0
2025-10-09 06:00:00,3.93,3.72,6.56,6.3,5.21,0.41,0.08,0.05,14.17,14.87,13.75,14.44,15.11,13.99,14.92,15.52,14.51,15.71,16.2,15.36,16.09,16.61,15.64,15.47,16.2,14.91,15.21,15.99,14.63,14.86,15.74,14.26,6506,0
2025-10-09 05:00:00,3.94,3.72,6.57,6.33,5.2,0.41,0.1,0.03,15.51,16.19,15.01,15.72,16.34,15.17,16.08,16.68,15.61,16.67,17.17,16.2,17.14,17.61,16.7,16.78,17.28,16.33,16.56,17.17,16.1,16.45,17.04,15.87,6519,0
2025-10-09 04:00:00,3.92,3.7,6.59,6.35,5.25,0.43,0.1,0.03,16.59,17.04,16.24,16.72,17.17,16.37,17.05,17.45,16.7,17.53,17.89,17.18,17.97,18.36,17.65,17.69,18.1,17.4,17.53,17.92,17.17,17.47,17.87,17.17,6528,0
2025-10-09 03:00:00,3.97,3.71,6.6,6.38,5.24,0.43,0.07,0.05,17.59,18,17.17,17.69,18.11,17.28,17.94,18.33,17.53,18.34,18.69,18,18.76,19.07,18.4,18.51,18.87,18.14,18.38,18.74,18,18.34,18.7,17.99,6537,0
2025-10-09 02:00:00,3.99,3.76,6.63,6.39,5.25,0.43,0.07,0.04,18.13,18.27,18,18.23,18.37,18.12,18.46,18.62,18.35,18.84,19.02,18.7,19.25,19.42,19.08,19.03,19.19,18.93,18.93,19.12,18.79,18.88,19.07,18.7,6542,0
2025-10-09 01:00:00,3.99,3.75,6.64,6.4,5.24,0.45,0.11,0.06,18.79,19.29,18.36,18.88,19.42,18.45,19.13,19.65,18.7,19.48,19.95,19.06,19.88,20.33,19.48,19.68,20.12,19.29,19.59,20.07,19.18,19.58,20.09,19.17,6550,0
2025-10-09 00:00:00,3.99,3.77,6.67,6.42,5.19,0.43,0.11,0.07,20.02,20.48,19.42,20.05,20.5,19.53,20.26,20.72,19.74,20.55,20.97,20.02,20.92,21.32,20.39,20.75,21.18,20.23,20.69,21.09,20.14,20.68,21.08,20.14,6550,0
2025-10-08 23:00:00,3.95,3.76,6.67,6.43,5.23,0.46,0.12,0.07,20.67,20.96,20.51,20.74,20.97,20.59,20.94,21.21,20.73,21.24,21.55,21.07,21.61,21.91,21.41,21.44,21.71,21.26,21.38,21.66,21.19,21.37,21.66,21.19,6550,0
2025-10-08 22:00:00,3.98,3.75,6.66,6.42,5.22,0.45,0.11,0.08,20.31,21.06,19.18,20.43,21.08,19.44,20.77,21.31,19.98,21.31,21.63,20.9,21.78,22.03,21.44,21.31,21.77,20.59,21.16,21.77,20.25,20.96,21.67,19.87,6564,0
2025-10-08 21:00:00,3.96,3.72,6.65,6.41,5.16,0.44,0.09,0.08,20.94,22.48,19.49,21.21,22.63,19.78,21.68,23.05,20.33,22.46,23.56,21.31,23.01,24.08,21.83,22.26,23.66,20.94,22.06,23.45,20.64,21.69,23.32,20.14,6577,0
2025-10-08 20:00:00,3.98,3.77,6.71,6.49,5.2,0.51,0.11,0.14,23.46,24.27,22.61,23.62,24.39,22.84,23.94,24.74,23.2,24.39,25.21,23.67,25.01,25.93,24.24,24.58,25.44,23.78,24.43,25.22,23.66,24.32,25.1,23.44,6613,0
2025-10-08 19:00:00,4.02,3.79,6.77,6.52,5.17,0.61,0.14,0.12,25.56,26.87,24.48,25.68,26.99,24.62,25.96,27.23,24.87,26.56,28.05,25.42,27.44,29.16,26.1,26.91,28.39,25.67,26.62,27.93,25.45,26.45,27.7,25.33,6693,5294
2025-10-08 18:00:00,3.98,3.73,6.79,6.6,5.17,0.55,0.19,0.07,30.25,34.84,27.19,30.36,34.81,27.34,30.57,34.79,27.58,32.08,37.04,28.43,33.84,40,29.6,31.99,36.46,28.76,30.95,34.62,28.28,30.24,33.46,27.93,6773,7032
2025-10-08 17:00:00,4.08,3.85,6.97,6.87,5.24,0.68,0.17,0.09,36.88,38.71,35.27,36.6,38.16,35.15,36.25,37.39,35.03,38.96,40.55,37.39,42.52,44.39,40.47,38.07,41.05,36.55,35.75,37.39,34.91,35.2,36.45,33.91,6838,8867
2025-10-08 16:00:00,4.13,3.95,7.08,7.09,5.34,0.74,0.32,0.26,38.87,39.06,38.58,38.18,38.46,37.87,37.19,37.39,36.93,40.42,40.58,40.16,44.12,44.48,43.67,43.02,43.53,41.76,40.57,42.58,37.74,38.86,40.2,36.68,6838,8202
2025-10-08 15:00:00,4.18,4,7.16,7.2,5.56,0.84,0.48,0.31,39.09,39.45,38.46,38.27,38.52,37.59,36.9,37.18,36.09,39.79,40.34,38.34,42.38,43.43,40.47,42.27,43.31,39.5,39.89,42.38,34.86,35.33,39.64,31.71,6838,9537
2025-10-08 14:00:00,4.27,4.08,7.16,7.22,5.68,0.85,0.25,0.1,38.04,39.75,36.33,36.85,38.4,35.43,34.73,35.97,32.59,36.14,37.98,33.13,36.94,39.88,32.91,35.08,38.56,31.35,31.4,33.72,29.47,30.19,31.45,28.78,6838,7918
2025-10-08 13:00:00,4.25,4.01,6.94,6.86,5.46,0.68,0.2,0.14,31.97,37.25,26.74,30.06,35.62,25.57,27.77,31.67,25.38,28.04,32.31,25.44,27.75,31.72,25.69,27.89,30.54,25.79,27.23,29.11,25.69,27.08,28.53,25.81,6838,7721
2025-10-08 12:00:00,4,3.8,6.72,6.62,5.4,0.64,0.14,0.17,24.3,26.08,22.55,23.85,25.33,22.26,23.78,25.09,22.44,24.4,25.21,23.87,25.22,25.57,24.39,24.66,25.67,23.23,24.41,25.46,23.44,24.49,25.6,23.44,6824,7717
2025-10-08 11:00:00,3.95,3.78,6.62,6.56,5.37,0.54,0.18,0.13,20.23,22.14,18.24,19.93,21.79,18.02,20.16,22.14,18.26,20.85,23.67,18.59,20.83,23.45,18.91,21.3,22.88,19.43,21.54,23.12,20.01,21.82,23.14,20.49,6826,7819
2025-10-08 10:00:00,3.89,3.72,6.52,6.37,5.25,0.46,0.14,0.09,16.11,17.65,15.04,16.06,17.53,15.06,16.4,17.78,15.51,16.85,18.12,15.99,17,18.37,16.11,17.04,18.87,15.98,17.03,19.27,15.87,17.02,19.77,15.69,6802,7110
2025-10-08 09:00:00,3.85,3.68,6.48,6.32,5.2,0.43,0.09,0.03,13.87,14.93,13.27,13.98,14.93,13.44,14.39,15.28,13.87,15.06,15.79,14.62,15.2,15.98,14.78,14.72,15.74,14.2,14.51,15.63,13.97,14.25,15.42,13.63,6591,6878
2025-10-08 08:00:00,3.84,3.66,6.43,6.31,5.18,0.41,0.05,,13.46,13.59,13.27,13.62,13.74,13.47,14.04,14.1,13.93,14.76,14.8,14.66,14.9,14.96,14.81,14.33,14.43,14.2,14.09,14.18,13.97,13.79,13.89,13.63,6486,6716
2025-10-08 07:00:00,3.84,3.65,6.42,6.27,5.18,0.41,0.04,,13.24,13.51,13.02,13.39,13.62,13.15,13.83,14.07,13.62,14.57,14.72,14.41,14.71,14.89,14.58,14.1,14.31,13.93,13.83,14.01,13.62,13.49,13.74,13.27,6484,0
2025-10-08 06:00:00,3.84,3.63,6.38,6.24,5.18,0.38,0.01,,12.73,12.92,12.66,12.95,13.09,12.9,13.44,13.52,13.39,14.3,14.33,14.24,14.47,14.56,14.44,13.71,13.85,13.62,13.43,13.62,13.38,13.01,13.18,12.92,6493,0
2025-10-08 05:00:00,3.81,3.59,6.39,6.23,5.15,0.4,0.01,,12.79,12.8,12.77,12.98,13.02,12.94,13.5,13.52,13.49,14.4,14.45,14.33,14.62,14.69,14.56,13.77,13.85,13.73,13.5,13.54,13.47,13.04,13.09,13.03,6504,0
2025-10-08 04:00:00,3.81,3.6,6.39,6.25,5.15,0.41,0.01,,12.9,13.03,12.8,13.13,13.28,13.03,13.7,13.86,13.58,14.65,14.83,14.49,14.88,15.06,14.69,13.99,14.18,13.86,13.69,13.86,13.61,13.21,13.39,13.14,6515,0
2025-10-08 03:00:00,3.82,3.64,6.41,6.25,5.13,0.39,0.04,,13.24,13.48,13.04,13.5,13.74,13.29,14.07,14.32,13.87,15.1,15.39,14.9,15.36,15.64,15.14,14.4,14.61,14.2,14.08,14.27,13.86,13.6,13.81,13.39,6522,0
2025-10-08 02:00:00,3.82,3.65,6.44,6.22,5.12,0.41,0.07,0.01,13.78,14.08,13.51,14.05,14.33,13.74,14.68,15.01,14.34,15.73,16.06,15.4,15.98,16.34,15.65,14.95,15.27,14.68,14.64,14.97,14.33,14.09,14.42,13.86,6530,0
2025-10-08 01:00:00,3.84,3.7,6.45,6.22,5.11,0.39,0.06,0.03,14.54,14.97,14.11,14.81,15.25,14.44,15.43,15.87,15.04,16.5,16.93,16.11,16.83,17.29,16.35,15.78,16.2,15.36,15.47,15.87,15.04,14.93,15.4,14.45,6537,0
2025-10-08 00:00:00,3.83,3.65,6.45,6.23,5.14,0.39,0.09,0.01,15.5,15.95,15.05,15.77,16.23,15.33,16.37,16.82,15.97,17.49,17.94,17.04,17.86,18.36,17.41,16.75,17.17,16.33,16.4,16.81,15.99,15.91,16.35,15.52,6524,0
2025-10-07 23:00:00,3.8,3.64,6.44,6.26,5.15,0.41,0.07,0.02,16.49,16.94,16,16.74,17.17,16.29,17.38,17.87,16.92,18.51,19.08,18,18.98,19.54,18.4,17.76,18.16,17.26,17.4,17.79,16.89,16.89,17.29,16.44,6546,0
2025-10-07 22:00:00,3.86,3.67,6.49,6.3,5.11,0.42,0.06,0.03,17.75,18.53,17.04,18.04,18.83,17.29,18.74,19.54,17.98,20.04,20.89,19.19,20.48,21.38,19.66,19.01,19.84,18.25,18.67,19.52,17.89,17.99,18.73,17.31,6550,0
2025-10-07 21:00:00,3.85,3.67,6.53,6.32,5.13,0.43,0.09,0.04,19.74,20.91,18.7,20.08,21.3,18.98,20.8,22.03,19.69,22.24,23.52,21.07,22.77,24.15,21.55,21.11,22.36,20,20.78,22.02,19.65,20,21.19,18.94,6550,0
2025-10-07 20:00:00,3.83,3.71,6.6,6.4,5.13,0.52,0.1,0.11,23.01,25.28,21.15,23.39,25.61,21.55,24.12,26.29,22.27,25.66,27.81,23.79,26.34,28.63,24.39,24.52,26.75,22.69,24.18,26.39,22.25,23.3,25.57,21.47,6595,0
2025-10-07 19:00:00,3.85,3.69,6.66,6.49,5.15,0.58,0.17,0.08,28.17,30.51,25.78,28.48,30.79,26.15,29.08,31.36,26.75,30.6,33.13,28.22,31.64,34.43,29.08,29.58,31.88,27.21,29.03,31.12,26.84,28.41,30.42,26.06,6662,6275
2025-10-07 18:00:00,3.81,3.67,6.75,6.6,5.09,0.54,0.13,0.09,35.95,42.68,30.95,36.22,42.72,31.25,36.61,42.8,31.83,39.24,45.96,33.68,40.68,48.16,35.03,36.21,40.57,32.3,34.81,38.93,31.48,33.75,37.28,30.86,6737,6984
2025-10-07 17:00:00,3.99,3.82,6.96,6.93,5.23,0.64,0.22,0.16,43.94,45.1,43.07,43.53,44.49,42.83,43.07,43.78,42.6,46.53,47.32,45.91,50.1,51.35,48.99,40.65,43.43,39.43,38.88,39.64,37.77,39.12,40,37.5,6822,7260
2025-10-07 16:00:00,4.03,3.89,7.05,7.03,5.36,0.76,0.23,0.34,45.28,45.91,44.49,44.38,44.96,43.78,43.33,43.9,42.7,47.04,47.56,46.26,51.39,51.95,50.16,47.16,48.21,44.36,44.24,47.2,40.11,41.45,42.25,40,6838,7796
2025-10-07 15:00:00,4.13,3.96,7.16,7.21,5.5,0.9,0.49,0.33,46.17,46.74,45.17,45.07,45.55,44.12,43.4,43.9,42.61,46.58,47.37,45.85,48.93,49.93,46.86,46.55,47.86,43.59,42.73,46.52,36.21,36.26,41.65,33.03,6838,8950
2025-10-07 14:00:00,4.23,4.06,7.29,7.37,5.79,1,0.29,0.09,46.07,47.2,43.78,44.41,45.92,41.41,41.23,43.78,36.59,42.34,45.91,37.15,41,46.39,34.8,36.58,42.34,31.59,31.53,34.54,29.81,30.49,32.31,29.47,6838,7599
2025-10-07 13:00:00,4.21,4.06,6.89,6.92,5.47,0.72,0.21,0.14,34.54,42.6,27.53,32.26,39.98,26.88,29.67,34.9,26.76,29.94,35.74,26.98,29.1,33.34,27.45,28.85,31.11,27.27,28.25,29.7,27.21,28.19,29.35,27.31,6824,8733
2025-10-07 12:00:00,3.91,3.8,6.71,6.63,5.39,0.77,0.2,0.18,25.14,26.99,23.68,24.95,26.57,23.65,25.26,26.51,24.21,26.33,26.82,26.13,27.22,27.7,25.7,26.31,27.12,25.02,26.07,26.99,25.33,26.08,27.11,25.21,6824,8178
2025-10-07 11:00:00,3.89,3.75,6.65,6.65,5.38,0.59,0.21,0.22,22.3,23.47,20.98,22.24,23.44,20.96,22.82,24.08,21.72,23.65,26.45,22.26,23.59,24.98,22.62,24.46,24.85,23.9,25.1,25.67,24.85,24.92,25.11,24.77,6824,7946
2025-10-07 10:00:00,3.85,3.72,6.58,6.57,5.37,0.59,0.27,0.23,19.06,20.72,17.65,19.14,20.72,17.51,21.13,21.56,20.58,21.23,22.19,19.19,20.9,22.38,18.7,23.27,23.78,22.95,25.11,26.27,23.91,22.53,24.87,21.31,6822,7583
2025-10-07 09:00:00,3.86,3.66,6.55,6.4,5.25,0.59,0.28,0.18,14.74,17.53,12.25,14.5,17.17,12.49,15.71,19.89,13.03,15.82,18.94,13.9,15.73,18.24,14.1,18.66,23.78,13.49,19.36,26.51,13.18,16.74,21.08,12.8,6680,6980
2025-10-07 08:00:00,3.79,3.59,6.37,6.2,5.18,0.41,0.02,,12.22,12.44,12.09,12.49,12.74,12.33,13.06,13.31,12.93,13.99,14.21,13.86,14.2,14.46,14.01,13.44,13.73,13.28,13.17,13.49,13.03,12.73,13.03,12.56,6499,6764
2025-10-07 07:00:00,3.75,3.61,6.39,6.25,5.19,0.41,0.05,,12.88,13.27,12.54,13.14,13.51,12.8,13.69,14.04,13.39,14.59,14.92,14.33,14.85,15.18,14.57,14.09,14.44,13.73,13.83,14.21,13.5,13.43,13.86,13.03,6488,0
2025-10-07 06:00:00,3.75,3.66,6.42,6.27,5.18,0.44,0.1,0.03,13.63,13.75,13.38,13.84,13.98,13.6,14.35,14.46,14.1,15.2,15.4,14.93,15.51,15.64,15.29,14.78,14.91,14.56,14.51,14.62,14.33,14.18,14.33,13.94,6502,0
2025-10-07 05:00:00,3.78,3.66,6.44,6.24,5.16,0.42,0.11,0.05,14.02,14.33,13.73,14.26,14.57,13.97,14.82,15.13,14.51,15.75,16.08,15.47,16.04,16.35,15.74,15.23,15.62,14.91,14.94,15.31,14.64,14.55,14.93,14.21,6510,0
2025-10-07 04:00:00,3.78,3.69,6.44,6.25,5.16,0.41,0.09,0.05,14.8,15.16,14.4,15.04,15.45,14.68,15.59,15.99,15.17,16.49,16.91,16.11,16.84,17.29,16.45,16.1,16.57,15.63,15.81,16.23,15.39,15.42,15.98,14.93,6522,0
2025-10-07 03:00:00,3.76,3.64,6.45,6.26,5.18,0.43,0.11,0.04,15.84,16.58,15.28,16.09,16.82,15.52,16.62,17.29,16.11,17.48,18.11,16.95,17.87,18.48,17.35,17.15,17.75,16.68,16.89,17.52,16.34,16.53,17.17,15.99,6533,0
2025-10-07 02:00:00,3.79,3.63,6.45,6.3,5.19,0.43,0.09,0.06,17.09,17.53,16.7,17.32,17.76,16.94,17.78,18.24,17.41,18.52,19.02,18.2,18.95,19.42,18.58,18.34,18.85,17.9,18.12,18.59,17.7,17.83,18.37,17.41,6539,0
2025-10-07 01:00:00,3.81,3.71,6.5,6.33,5.22,0.47,0.1,0.06,18.37,18.7,17.76,18.55,18.83,18,18.94,19.2,18.45,19.52,19.7,19.17,19.9,20.11,19.54,19.45,19.64,19.04,19.29,19.53,18.82,19.09,19.41,18.59,6546,0
2025-10-07 00:00:00,3.8,3.69,6.49,6.33,5.17,0.44,0.09,0.07,18.41,19.29,17.76,18.69,19.54,18,19.2,20.01,18.48,19.99,20.72,19.29,20.4,21.1,19.78,19.62,20.45,18.93,19.42,20.25,18.7,19.08,20.01,18.36,6535,0
2025-10-06 23:00:00,3.81,3.67,6.52,6.36,5.19,0.46,0.13,0.09,20.26,21.05,19.29,20.48,21.2,19.54,20.91,21.62,20.02,21.56,22.14,20.84,21.97,22.62,21.2,21.32,22.1,20.45,21.18,21.96,20.24,20.96,21.79,20,6550,0
2025-10-06 22:00:00,3.79,3.67,6.56,6.39,5.17,0.51,0.14,0.13,21.43,22.61,20.96,21.65,22.82,21.19,22.11,23.2,21.6,22.77,23.78,22.17,23.28,24.23,22.65,22.68,23.78,22.13,22.54,23.67,22.02,22.29,23.55,21.78,6550,0
2025-10-06 21:00:00,3.81,3.74,6.61,6.46,5.21,0.57,0.15,0.17,23.75,24.69,22.9,23.93,24.83,23.09,24.24,25.09,23.44,24.66,25.45,23.91,25.14,25.94,24.39,24.83,25.67,24.03,24.75,25.58,23.97,24.7,25.58,23.83,6573,0
2025-10-06 20:00:00,3.84,3.75,6.67,6.49,5.18,0.67,0.17,0.13,25.71,26.75,24.82,25.85,26.94,24.96,26.15,27.22,25.21,26.56,27.69,25.62,27.12,28.4,26.09,26.78,27.92,25.79,26.68,27.77,25.75,26.63,27.7,25.69,6599,0
2025-10-06 19:00:00,3.78,3.69,6.67,6.52,5.21,0.57,0.24,0.11,28.72,30.54,26.99,28.88,30.79,27.14,29.19,31.13,27.46,29.87,32.07,27.94,30.62,32.91,28.65,29.89,31.71,28.16,29.6,31.24,27.96,29.45,31.01,27.93,6671,6358
2025-10-06 18:00:00,3.77,3.68,6.77,6.64,5.15,0.57,0.15,0.1,36.16,42.01,31.01,36.34,41.89,31.25,36.48,41.62,31.6,38.35,44.01,32.66,38.95,45.27,33.5,35.56,38.93,32.16,34.55,37.98,31.6,33.74,36.33,31.29,6769,7024
2025-10-06 17:00:00,3.96,3.82,6.95,6.98,5.23,0.65,0.22,0.33,43.06,43.65,42.35,42.61,43.31,42.12,41.84,42.48,41.18,43.79,44.39,42.59,45.75,46.62,44.72,38.14,39.16,37.62,37.24,39.05,35.96,37.53,38.41,36.91,6838,7997
2025-10-06 16:00:00,3.92,3.83,6.88,6.86,5.41,0.7,0.21,0.16,35.98,42.01,32.59,35.52,41.18,32.37,34.81,39.99,32.07,35.99,41.3,33,37.7,43.42,34.32,35.72,37.84,33.38,33.97,35.5,32.54,33.55,36.21,31.84,6838,9911
2025-10-06 15:00:00,3.82,3.74,6.86,6.82,5.25,0.7,0.25,0.12,39.2,46.03,34.77,38.86,45.18,34.53,38.02,43.41,34.03,39.6,45.11,35.38,41.27,46.31,37.04,39.17,43.17,35.96,35.97,37.29,34.66,33.51,34.24,33.03,6824,8087
2025-10-06 14:00:00,4.07,3.95,7.19,7.26,5.67,0.92,0.24,0.12,46.08,46.74,45.18,44.55,45.65,42.58,41.46,43.31,37.75,42.48,44.96,38.22,41.89,45.8,35.86,38.18,42.19,32.77,33.57,35.73,31.12,32.42,33.82,30.65,6838,7508
2025-10-06 13:00:00,3.6,4.3,6.93,7.14,5.52,1.55,0.84,0.14,41.83,44.61,39.88,38.16,41.76,36.2,32.41,36.39,29.94,31.71,37.04,28.73,30.7,34.43,28.65,30.24,32.06,28.51,29.67,30.77,28.64,29.54,30.42,28.76,6838,8269
2025-10-06 12:00:00,1.27,5.53,6.93,7.97,5.81,5.94,3.64,0.2,32.28,40.15,25.92,27.96,35.5,24.5,26.29,28.88,24.59,26.34,28.17,24.85,26.63,28.29,25.22,27.2,28.19,26.74,27.87,28.4,27.57,28.09,28.66,26.06,6824,8210
2025-10-06 11:00:00,1.28,5.41,6.76,7.83,5.76,5.85,3.62,0.2,23.39,25.77,22.38,22.69,24.17,20.96,22.75,24.33,20.98,22.96,24.55,21.31,23.4,24.98,21.91,24.61,27.42,22.48,24.54,27.15,22.89,24.61,26.01,23.3,6838,8990
2025-10-06 10:00:00,1.21,5.39,6.65,7.7,5.68,5.73,3.59,0.13,19.64,21.68,17.18,18.95,20.73,16.91,19.13,20.72,17.67,19.54,21.07,18,21.19,21.76,20.84,21.86,22.36,20.57,21.75,22.61,20.16,22.17,22.97,21.67,6822,8891
2025-10-06 09:00:00,1.2,5.32,6.49,7.53,5.61,5.63,3.52,0.01,14.48,16.82,12.59,14.13,16.4,12.32,15.17,17.53,12.67,15.02,17.7,12.8,16.46,21.2,12.94,16.78,20.71,13.28,15.99,20.24,13.28,18.26,22.25,13.18,6675,6972
2025-10-06 08:00:00,1.19,5.25,6.43,7.41,5.54,5.59,3.43,0,12.39,12.52,12.31,12.13,12.25,12,12.44,12.56,12.32,12.61,12.76,12.53,12.76,12.91,12.66,13.13,13.26,13.02,13.11,13.27,13.01,12.94,13.08,12.8,6497,6764
2025-10-06 07:00:00,1.15,5.24,6.4,7.42,5.54,5.63,3.46,,12.62,12.78,12.56,12.36,12.48,12.29,12.7,12.8,12.61,12.86,12.99,12.8,13,13.16,12.92,13.4,13.49,13.33,13.39,13.49,13.29,13.2,13.27,13.15,6484,0
2025-10-06 06:00:00,1.14,5.25,6.42,7.44,5.54,5.61,3.47,0.01,12.99,13.26,12.8,12.75,13.03,12.54,13.05,13.31,12.8,13.23,13.5,13,13.39,13.63,13.16,13.81,14.08,13.56,13.81,14.09,13.51,13.59,13.86,13.34,6493,0
2025-10-06 05:00:00,1.15,5.28,6.44,7.45,5.59,5.63,3.51,0.04,13.61,13.88,13.31,13.38,13.64,13.06,13.69,13.98,13.39,13.86,14.12,13.56,14.03,14.34,13.75,14.43,14.71,14.17,14.46,14.8,14.12,14.27,14.57,13.94,6506,0
2025-10-06 04:00:00,1.17,5.3,6.48,7.5,5.64,5.64,3.51,0.11,14.19,14.38,13.98,13.95,14.12,13.74,14.26,14.45,14.06,14.42,14.59,14.21,14.61,14.81,14.38,15.03,15.27,14.79,15.1,15.28,14.82,14.9,15.04,14.59,6517,0
2025-10-06 03:00:00,1.15,5.31,6.5,7.52,5.64,5.63,3.51,0.06,14.7,15.04,14.43,14.46,14.81,14.21,14.77,15.07,14.49,14.93,15.27,14.66,15.13,15.47,14.83,15.58,15.93,15.27,15.6,15.87,15.3,15.37,15.62,15.1,6524,0
2025-10-06 02:00:00,1.16,5.3,6.5,7.5,5.62,5.63,3.52,0.04,15.48,15.87,15.07,15.27,15.64,14.81,15.57,15.97,15.16,15.72,16.11,15.29,15.93,16.33,15.52,16.37,16.75,15.98,16.4,16.81,15.99,16.15,16.56,15.72,6533,0
2025-10-06 01:00:00,1.12,5.28,6.5,7.52,5.64,5.64,3.53,0.05,16.39,16.94,15.95,16.19,16.7,15.75,16.45,16.95,16,16.61,17.17,16.2,16.83,17.37,16.36,17.27,17.78,16.79,17.31,17.87,16.83,17.06,17.57,16.58,6539,0
2025-10-06 00:00:00,1.17,5.28,6.51,7.56,5.69,5.65,3.51,0.07,17.49,18,17.02,17.33,17.87,16.82,17.58,18.12,17.07,17.74,18.26,17.24,17.97,18.5,17.43,18.44,19.04,17.87,18.48,19.06,18,18.16,18.7,17.66,6528,0
2025-10-05 23:00:00,1.18,5.34,6.57,7.6,5.71,5.67,3.54,0.09,18.81,19.49,18.12,18.69,19.41,18,18.93,19.65,18.24,19.1,19.77,18.42,19.36,20.02,18.68,19.81,20.48,19.17,19.92,20.65,19.18,19.62,20.42,18.83,6550,0
2025-10-05 22:00:00,1.16,5.31,6.61,7.67,5.71,5.69,3.56,0.1,20.37,21.19,19.62,20.32,21.21,19.54,20.54,21.43,19.77,20.69,21.57,19.9,20.96,21.89,20.15,21.34,22.24,20.59,21.56,22.49,20.76,21.37,22.33,20.55,6550,0
2025-10-05 21:00:00,1.21,5.33,6.67,7.72,5.73,5.73,3.56,0.11,21.97,22.83,21.38,21.97,22.84,21.42,22.19,22.97,21.58,22.32,23.2,21.78,22.64,23.51,22.03,23.1,24.13,22.38,23.28,24.14,22.7,22.92,23.49,22.49,6550,0
2025-10-05 20:00:00,1.15,5.35,6.73,7.78,5.75,5.81,3.6,0.15,24.94,27.22,23.09,25.05,27.34,23.11,25.19,27.47,23.31,25.38,27.69,23.44,25.69,27.94,23.8,26.19,28.35,24.37,26.3,28.44,24.45,25.73,28.05,23.8,6588,0
2025-10-05 19:00:00,1.14,5.34,6.83,7.93,5.83,5.81,3.67,0.11,29.8,31.95,27.62,30.05,32.25,27.82,30.13,32.25,27.93,30.28,32.43,28.12,30.53,32.66,28.41,30.8,32.89,28.75,30.91,32.9,28.88,30.61,32.43,28.53,6653,6748
2025-10-05 18:00:00,1.12,5.32,7,8.13,5.82,5.84,3.63,0.16,38.3,46.26,32.48,38.29,45.71,32.78,38.07,45.29,32.78,38.55,46.26,33,38.64,46.39,33.14,39.03,46.99,33.36,38.21,45.67,33.37,36.84,42.04,32.9,6731,6969
2025-10-05 17:00:00,1.35,5.51,7.32,8.61,6.01,6.13,3.82,0.19,48.26,49.57,46.5,47.65,48.84,45.94,47.21,48.39,45.53,48.27,49.57,46.5,48.28,49.46,46.58,48.94,50.15,47.24,48.32,50.28,46.5,42.46,45.07,41.18,6824,8340
2025-10-05 16:00:00,1.36,5.61,7.43,8.71,6.11,6.22,3.85,0.25,50.93,51.9,49.71,49.72,50.3,48.87,49.99,51.11,48.51,50.81,51.82,49.63,50.64,51.71,49.46,51.34,52.32,50.15,50.86,51.2,50.29,48.01,48.84,45.67,6838,7359
2025-10-05 15:00:00,1.28,5.55,7.36,8.65,6.09,6.2,3.9,0.38,51.44,51.82,51.2,49.71,50.05,49.43,50.73,51.15,50.4,51.32,51.85,50.75,51.07,51.84,50.29,51.19,52.27,50.03,49.79,50.63,48.77,47.39,49.09,45.2,6838,7292
2025-10-05 14:00:00,1.27,5.46,7.31,8.6,6.04,6.23,3.9,0.46,50.17,51.11,48.75,48.56,49.57,46.85,48.47,50.28,45.4,48.82,50.64,45.55,47.39,50.05,42.48,46.71,49.58,42.11,44.98,48.39,39.4,40.05,45.08,33.99,6838,7977
2025-10-05 13:00:00,1.24,5.52,7.3,8.37,6.02,6.21,3.9,0.24,45.12,48.5,40.86,41.82,46.55,35.5,36.38,44.68,28.18,35.3,44.52,27.58,32.1,40.78,27.46,33.02,40.93,27.45,31,38,27.63,29.39,33.12,27.6,6838,7433
2025-10-05 12:00:00,1.26,5.47,6.83,7.94,5.83,5.96,3.7,0.23,30.87,39.75,23.68,26.31,33.96,22.73,24.84,27.34,22.97,25.01,26.98,23.23,25.38,27.1,23.73,26.1,27.1,25.56,26.85,27.46,25.86,27.07,27.72,24.86,6824,7729
2025-10-05 11:00:00,1.22,5.34,6.67,7.76,5.75,5.81,3.64,0.21,21.38,23.44,20.24,20.98,22.38,19.37,21.07,22.62,19.42,21.33,22.96,19.65,21.84,23.45,20.36,23.2,26.5,20.94,23.11,25.09,21.77,23.2,24.68,21.96,6824,9222
2025-10-05 10:00:00,1.2,5.33,6.54,7.61,5.72,5.7,3.62,0.12,18.14,19.78,15.87,17.18,19.06,15.14,17.45,19.06,16.09,17.9,19.42,16.45,19.61,20.12,19.31,20.36,20.83,19.27,20.11,21.1,18.77,20.78,21.64,20.14,6822,9025
2025-10-05 09:00:00,1.15,5.2,6.37,7.42,5.61,5.59,3.53,0.01,12.71,15.28,10.56,12.32,14.69,10.25,13.51,15.98,10.66,13.28,16.17,10.78,14.83,19.78,10.91,15.23,19.84,11.25,14.22,18.91,11.26,16.75,20.96,11.14,6648,6945
2025-10-05 08:00:00,1.05,5.14,6.22,7.23,5.49,5.48,3.42,,10.22,10.43,10.1,9.91,10.1,9.84,10.26,10.47,10.18,10.45,10.67,10.37,10.53,10.78,10.44,10.96,11.15,10.89,10.95,11.14,10.9,10.77,11.02,10.68,6488,6752
2025-10-05 07:00:00,1.03,5.11,6.22,7.22,5.48,5.49,3.42,,10.42,10.56,10.31,10.12,10.31,9.96,10.48,10.67,10.31,10.64,10.79,10.53,10.75,10.92,10.57,11.22,11.37,11.03,11.19,11.37,11.02,10.96,11.14,10.79,6475,0
2025-10-05 06:00:00,1.01,5.11,6.23,7.26,5.51,5.53,3.44,,10.75,10.91,10.59,10.42,10.57,10.31,10.79,10.91,10.67,10.96,11.14,10.82,11.11,11.27,10.93,11.57,11.72,11.4,11.53,11.72,11.38,11.28,11.5,11.14,6486,0
2025-10-05 05:00:00,1.02,5.1,6.25,7.33,5.54,5.59,3.48,0.02,11.15,11.38,10.99,10.85,11.02,10.67,11.2,11.38,11.01,11.38,11.53,11.2,11.51,11.72,11.32,11.98,12.19,11.83,11.94,12.08,11.73,11.72,11.85,11.5,6497,0
2025-10-05 04:00:00,1.05,5.13,6.29,7.34,5.58,5.58,3.5,0.03,11.54,11.73,11.38,11.22,11.44,11.02,11.58,11.81,11.38,11.76,11.97,11.58,11.92,12.14,11.74,12.42,12.67,12.2,12.34,12.56,12.08,12.07,12.31,11.85,6506,0
2025-10-05 03:00:00,1.15,5.16,6.34,7.35,5.58,5.58,3.49,0.02,12.03,12.32,11.82,11.74,12.01,11.5,12.09,12.34,11.85,12.26,12.56,12,12.45,12.7,12.21,12.96,13.26,12.67,12.92,13.24,12.65,12.64,12.95,12.33,6517,0
2025-10-05 02:00:00,1.13,5.19,6.33,7.36,5.56,5.6,3.51,0.04,12.69,13.03,12.38,12.42,12.8,12.09,12.78,13.15,12.44,12.97,13.39,12.62,13.17,13.56,12.8,13.69,14.08,13.35,13.63,14.03,13.27,13.36,13.74,13.03,6524,0
2025-10-05 01:00:00,1.14,5.21,6.37,7.42,5.62,5.62,3.58,0.09,13.54,14.03,13.14,13.32,13.86,12.89,13.68,14.21,13.26,13.87,14.37,13.39,14.09,14.58,13.63,14.59,15.05,14.17,14.6,15.14,14.09,14.34,14.9,13.86,6533,0
2025-10-05 00:00:00,1.14,5.25,6.44,7.47,5.66,5.63,3.59,0.12,14.71,15.52,14.1,14.57,15.4,13.96,14.92,15.75,14.28,15.1,15.88,14.45,15.33,16.12,14.69,15.81,16.58,15.15,15.88,16.69,15.19,15.64,16.49,14.94,6519,0
2025-10-04 23:00:00,1.11,5.23,6.46,7.51,5.67,5.66,3.59,0.11,16.52,17.29,15.66,16.45,17.25,15.58,16.76,17.53,15.88,16.92,17.7,16.11,17.14,17.95,16.28,17.57,18.37,16.75,17.74,18.59,16.87,17.6,18.37,16.7,6546,0
2025-10-04 22:00:00,1.2,5.27,6.52,7.59,5.71,5.68,3.59,0.13,18.57,19.77,17.52,18.55,19.77,17.42,18.84,20.04,17.75,19.01,20.24,17.89,19.25,20.49,18.12,19.71,20.94,18.58,19.93,21.19,18.81,19.7,20.88,18.59,6550,0
2025-10-04 21:00:00,1.14,5.27,6.6,7.68,5.72,5.74,3.62,0.17,21.61,23.68,20,21.73,23.82,20.01,21.97,24.13,20.25,22.18,24.27,20.48,22.48,24.63,20.73,22.95,25.05,21.18,23.1,25.2,21.43,22.76,24.86,21.08,6568,0
2025-10-04 20:00:00,1.17,5.3,6.73,7.83,5.78,5.84,3.67,0.18,26.18,28.05,24.14,26.44,28.29,24.28,26.69,28.51,24.59,26.88,28.65,24.75,27.21,29,25.1,27.48,29.21,25.49,27.65,29.35,25.62,27.55,29.26,25.33,6595,0
2025-10-04 19:00:00,1.15,5.31,6.81,7.96,5.85,5.85,3.75,0.17,30.12,32.09,28.38,30.32,32.24,28.61,30.45,32.3,28.77,30.6,32.41,29,30.81,32.55,29.24,30.96,32.72,29.46,31.08,32.78,29.58,31.09,32.75,29.59,6671,6862
2025-10-04 18:00:00,1.15,5.32,6.99,8.17,5.88,5.9,3.73,0.21,37.63,44.61,32.55,37.35,43.78,32.66,37.16,43.27,32.66,37.56,44.13,32.84,37.45,43.79,32.97,37.67,44.24,33.12,37.09,43.31,33.14,36.49,41.1,33.08,6751,7004
2025-10-04 17:00:00,1.35,5.47,7.31,8.59,6.03,6.2,3.78,0.23,46.47,47.96,45.15,45.51,46.85,44.36,45,46.5,43.78,45.78,47.12,44.61,45.45,46.74,44.38,45.94,47.2,44.83,45.48,47.32,44.35,41.65,44.02,40.55,6838,7461
2025-10-04 16:00:00,1.38,5.5,7.31,8.65,6.01,6.18,3.94,0.21,49.08,49.57,48.04,47.49,47.8,46.85,47.52,48.1,46.5,48.13,48.64,47.21,47.76,48.28,46.74,48.29,48.74,47.31,48.43,48.86,47.68,47.48,48.87,44.65,6838,7934
2025-10-04 15:00:00,1.31,5.46,7.35,8.7,6.05,6.22,3.86,0.32,50.02,50.74,49.46,48.19,48.98,47.56,48.83,49.63,48.15,49.15,50.04,48.55,48.54,49.34,48.05,48.59,49.07,48.26,48.04,48.27,47.76,47.86,48.87,46.26,6838,8135
2025-10-04 14:00:00,1.3,5.45,7.38,8.67,6.08,6.24,3.97,0.51,49.96,50.64,48.3,48.25,48.98,46.38,47.96,49.47,44.96,48.49,49.9,45.2,47.14,49.23,42.77,46.39,48.74,42,44.88,47.87,39.16,41.01,45.79,34.78,6838,8245
2025-10-04 13:00:00,1.24,5.47,7.27,8.47,6.07,6.17,3.97,0.31,44.79,47.8,41.18,41.28,45.75,34.91,36.95,44.07,28.73,35.71,44.11,28.56,33.22,40.96,28.41,33.52,40.68,28.39,31.7,37.49,28.75,30.28,33.25,28.53,6838,7528
2025-10-04 12:00:00,1.26,5.46,6.85,8.05,5.86,6.02,3.78,0.31,30.94,40.03,24.27,26.89,33.43,23.94,25.77,27.86,24.15,26.05,27.96,24.49,26.42,28.04,25,27.07,28.08,26.49,28.15,28.6,26.86,27.62,28.29,25.92,6824,8836
2025-10-04 11:00:00,1.25,5.35,6.71,7.88,5.8,5.89,3.72,0.31,22.4,24.03,21.1,22.21,23.68,20.59,22.42,23.91,20.84,22.68,24.21,21.08,23.26,24.78,21.78,24.4,27.23,22.24,24.47,25.86,23.55,24.43,25.81,23.41,6838,9647
2025-10-04 10:00:00,1.2,5.32,6.61,7.74,5.7,5.77,3.71,0.2,19.23,20.84,16.82,18.22,20.24,16.2,18.68,20.48,17.04,19.12,20.81,17.4,20.75,21.47,20.41,21.16,22.01,19.89,20.92,22.73,19.37,21.76,23.09,20.74,6822,9297
2025-10-04 09:00:00,1.18,5.26,6.45,7.56,5.67,5.67,3.63,0.06,13.7,16.11,11.97,13.39,15.64,11.7,14.4,16.82,12.05,14.25,17.02,12.2,15.51,20.02,12.37,16,20.12,12.78,15.04,19.27,12.71,17.14,20.72,12.58,6706,7008
2025-10-04 08:00:00,1.15,5.16,6.38,7.48,5.62,5.64,3.55,0.1,11.83,11.98,11.73,11.56,11.73,11.46,11.9,12.09,11.78,12.07,12.2,11.97,12.22,12.37,12.09,12.66,12.78,12.55,12.62,12.78,12.53,12.41,12.56,12.32,6506,6772
2025-10-04 07:00:00,1.16,5.2,6.38,7.47,5.6,5.64,3.55,0.12,12.25,12.46,11.98,11.99,12.21,11.76,12.33,12.56,12.09,12.52,12.8,12.28,12.67,12.92,12.44,13.12,13.38,12.87,13.07,13.32,12.8,12.83,13.08,12.56,6488,0
2025-10-04 06:00:00,1.15,5.19,6.38,7.48,5.59,5.66,3.58,0.1,12.74,12.96,12.55,12.48,12.72,12.24,12.82,13.04,12.59,13,13.27,12.8,13.16,13.39,12.93,13.61,13.85,13.38,13.58,13.86,13.38,13.34,13.59,13.12,6502,0
2025-10-04 05:00:00,1.14,5.22,6.42,7.52,5.63,5.69,3.63,0.14,13.26,13.52,13.02,13.02,13.33,12.8,13.35,13.62,13.11,13.53,13.86,13.27,13.71,13.98,13.49,14.2,14.51,13.96,14.15,14.45,13.86,13.89,14.2,13.63,6510,0
2025-10-04 04:00:00,1.15,5.25,6.44,7.56,5.67,5.69,3.66,0.19,14.02,14.45,13.62,13.79,14.22,13.39,14.12,14.57,13.74,14.28,14.69,13.86,14.47,14.92,14.1,14.94,15.38,14.56,14.95,15.39,14.57,14.68,15.11,14.22,6522,0
2025-10-04 03:00:00,1.15,5.28,6.49,7.6,5.68,5.69,3.65,0.17,14.92,15.28,14.56,14.7,15.09,14.33,15.01,15.4,14.67,15.16,15.52,14.8,15.36,15.76,15,15.8,16.18,15.49,15.84,16.23,15.45,15.61,16.07,15.16,6528,0
2025-10-04 02:00:00,1.15,5.24,6.48,7.58,5.68,5.68,3.67,0.18,15.75,16.17,15.38,15.56,15.99,15.16,15.83,16.2,15.49,15.99,16.37,15.63,16.2,16.59,15.85,16.6,17.04,16.2,16.68,17.09,16.34,16.46,16.82,16.14,6537,0
2025-10-04 01:00:00,1.13,5.22,6.49,7.61,5.71,5.7,3.67,0.18,16.9,17.65,16.23,16.7,17.41,16.06,16.96,17.64,16.33,17.11,17.76,16.45,17.35,18.01,16.7,17.76,18.37,17.16,17.78,18.39,17.17,17.5,18.12,16.91,6542,0
2025-10-04 00:00:00,1.18,5.25,6.52,7.65,5.76,5.71,3.65,0.19,18.15,18.36,17.76,17.9,18.12,17.53,18.13,18.35,17.76,18.24,18.45,17.89,18.46,18.7,18.12,18.85,19.1,18.45,18.88,19.18,18.45,18.61,18.92,18.24,6528,0
2025-10-03 23:00:00,1.18,5.3,6.55,7.66,5.75,5.72,3.69,0.19,18.65,18.98,18.36,18.48,18.84,18.12,18.69,19.06,18.36,18.81,19.18,18.45,19.06,19.42,18.7,19.44,19.81,19.16,19.53,19.9,19.18,19.35,19.77,18.95,6550,0
2025-10-03 22:00:00,1.2,5.29,6.57,7.7,5.74,5.7,3.69,0.22,19.56,20.35,19.04,19.42,20.2,18.9,19.65,20.44,19.06,19.79,20.6,19.19,20.11,20.92,19.48,20.57,21.42,19.87,20.66,21.54,20.01,20.3,21.08,19.77,6550,0
2025-10-03 21:00:00,1.15,5.27,6.61,7.75,5.77,5.76,3.69,0.23,21.49,22.73,20.48,21.48,22.77,20.37,21.69,22.97,20.6,21.82,23.1,20.72,22.13,23.45,21.08,22.66,23.97,21.54,22.79,24.08,21.66,22.32,23.56,21.19,6568,0
2025-10-03 20:00:00,1.15,5.31,6.71,7.86,5.8,5.85,3.74,0.26,25.11,27.41,23.09,25.22,27.58,23.1,25.38,27.7,23.32,25.54,27.81,23.44,25.88,28.18,23.8,26.33,28.51,24.36,26.43,28.62,24.43,25.89,28.16,23.91,6608,0
2025-10-03 19:00:00,1.13,5.28,6.82,8,5.86,5.83,3.81,0.24,30.17,32.79,27.82,30.38,33.14,27.96,30.45,33.14,28.05,30.61,33.33,28.27,30.86,33.5,28.55,31.12,33.62,28.87,31.13,33.55,28.98,30.71,33.09,28.53,6693,6890
2025-10-03 18:00:00,1.12,5.26,7.04,8.3,5.9,5.9,3.76,0.29,39.41,46.63,33.4,39.49,46.28,33.73,39.22,45.75,33.73,39.73,46.74,33.93,39.76,46.74,34.09,39.97,47.26,34.27,38.71,45.43,34.08,37.28,41.8,33.49,6766,7016
2025-10-03 17:00:00,1.36,5.47,7.37,8.76,6.08,6.15,3.91,0.33,48.06,49.34,46.85,47.29,48.39,46.15,46.85,48.04,45.66,47.81,48.98,46.5,47.68,48.87,46.39,48.31,49.56,46.96,46.72,48.99,45.43,41.38,43.48,40.46,6822,7851
2025-10-03 16:00:00,1.37,5.53,7.45,8.85,6.14,6.22,4.05,0.34,50.37,51.46,49.34,49.01,49.89,48.27,49.31,50.64,48.04,50.23,51.43,48.98,49.91,51.07,48.75,50.51,51.34,49.52,49.98,50.26,49.35,47.51,49.12,44.37,6838,7414
2025-10-03 15:00:00,1.33,5.5,7.37,8.86,6.11,6.25,4.08,0.51,51.28,51.52,50.88,49.5,49.83,49.12,50.17,50.64,49.69,50.85,51.34,50.4,50.24,50.88,49.7,50.23,51.1,49.23,48.71,49.78,47.44,47.78,49.46,45.38,6838,7477
2025-10-03 14:00:00,1.25,5.35,7.31,8.66,6,6.24,4.08,0.68,49.46,51.22,47.85,47.6,49.22,45.89,47.26,49.71,44.49,47.75,50.29,44.6,46.79,49.58,43.05,45.78,48.97,41.72,43.69,46.97,38.27,39.91,44.61,33.25,6838,7812
2025-10-03 13:00:00,1.2,5.42,7.21,8.48,6.09,6.25,4.12,0.47,44.39,47.79,40.09,40.41,45.55,33.16,37,44.12,28.41,35.01,43.78,28.4,33.84,41.95,28.29,33.26,40.66,28.23,31.23,36.68,28.52,29.67,31.6,28.29,6838,7465
2025-10-03 12:00:00,1.23,5.41,6.96,8.14,5.92,6.13,3.97,0.47,30.43,39.04,24.27,26.7,31.84,24.15,25.74,27.67,24.15,26.11,27.81,24.62,26.57,27.93,25.34,27.06,27.92,26.42,28.51,29.59,27.34,27.48,28.05,26.14,6826,7556
2025-10-03 11:00:00,1.23,5.32,6.87,8.02,5.92,6.03,3.95,0.5,22.47,23.92,21.33,22.39,23.81,20.85,22.43,23.9,21.02,22.88,24.32,21.55,23.61,25.1,22.18,24.45,26.62,22.72,24.75,26.04,24.26,24.66,25.96,23.89,6838,9927
2025-10-03 10:00:00,1.19,5.32,6.88,7.95,5.89,5.97,3.95,0.42,20.46,21.22,18.83,19,20.6,17.57,19.6,20.84,18.79,20.66,21.32,20.36,22.15,23.08,21.79,22.42,23.04,21.89,22.7,23.55,22.25,23.34,24.14,22.42,6838,10420
2025-10-03 09:00:00,1.02,16.43,20.19,18.69,13.18,16.76,10.68,8.61,15.51,18.45,13.03,16.55,17.29,16.29,19.5,19.77,18.83,21.51,21.78,20.72,22.78,22.97,22.74,23.11,23.31,22.3,23.39,23.51,22.9,23.67,23.91,23.19,6824,10073
2025-10-03 08:00:00,1.06,22.34,26.08,23.49,16.1,21.44,13.11,11.17,12.34,12.8,12.13,16.44,16.58,16.34,19.93,20.08,19.77,21.9,22.02,21.78,22.85,22.94,22.79,23.26,23.3,23.21,23.51,23.54,23.49,23.68,23.68,23.68,6533,6819
2025-10-03 07:00:00,1.02,22.32,26.13,23.57,16.08,21.42,13.11,11.17,12.35,12.44,12.21,16.78,16.94,16.59,20.27,20.45,20.12,22.14,22.25,22.02,22.98,23.06,22.95,23.31,23.31,23.31,23.53,23.55,23.51,23.68,23.68,23.68,6495,0
2025-10-03 06:00:00,0.96,22.34,26.19,23.61,16.09,21.43,13.11,11.17,12.57,12.64,12.48,17.17,17.39,16.99,20.62,20.8,20.48,22.36,22.49,22.25,23.1,23.16,23.09,23.31,23.32,23.31,23.52,23.55,23.51,23.68,23.68,23.68,6506,0
2025-10-03 05:00:00,0.89,22.3,26.25,23.61,16.13,21.41,13.1,11.16,12.84,13.03,12.68,17.6,17.78,17.41,20.99,21.19,20.84,22.63,22.73,22.49,23.21,23.22,23.18,23.33,23.35,23.32,23.49,23.53,23.46,23.68,23.68,23.67,6517,0
2025-10-03 04:00:00,0.88,22.35,26.35,23.66,16.14,21.41,13.09,11.15,13.2,13.38,13.03,18.07,18.33,17.85,21.37,21.55,21.19,22.85,22.96,22.73,23.31,23.33,23.22,23.34,23.37,23.33,23.45,23.47,23.44,23.66,23.68,23.65,6524,0
2025-10-03 03:00:00,0.87,22.42,26.47,23.68,16.14,21.42,13.07,11.14,13.66,13.92,13.39,18.6,18.87,18.36,21.79,22.02,21.59,23.06,23.17,22.96,23.34,23.41,23.33,23.33,23.36,23.32,23.44,23.44,23.44,23.63,23.67,23.61,6533,0
2025-10-03 02:00:00,0.88,22.47,26.58,23.75,16.07,21.4,13.05,11.14,14.33,14.69,13.98,19.2,19.54,18.95,22.23,22.43,22.02,23.25,23.32,23.2,23.42,23.45,23.4,23.31,23.32,23.31,23.44,23.44,23.43,23.6,23.63,23.57,6542,0
2025-10-03 01:00:00,0.87,22.57,26.65,23.79,16.08,21.37,13.09,11.15,15.03,15.4,14.69,19.88,20.2,19.54,22.66,22.85,22.49,23.41,23.48,23.32,23.45,23.45,23.44,23.31,23.31,23.3,23.39,23.44,23.34,23.57,23.59,23.56,6550,0
2025-10-03 00:00:00,0.84,22.61,26.74,23.87,16.1,21.38,13.11,11.16,16.02,16.58,15.52,20.6,20.96,20.25,23.1,23.31,22.91,23.56,23.6,23.53,23.41,23.45,23.36,23.22,23.29,23.19,23.32,23.34,23.32,23.56,23.58,23.56,6535,0
2025-10-02 23:00:00,0.85,22.69,26.85,23.89,16.18,21.33,13.1,11.16,17.07,17.41,16.69,21.36,21.75,20.96,23.52,23.68,23.32,23.65,23.67,23.6,23.33,23.37,23.3,23.17,23.19,23.11,23.31,23.32,23.29,23.56,23.56,23.56,6550,0
2025-10-02 22:00:00,0.86,22.8,26.99,23.94,16.15,21.35,13.07,11.17,17.97,18.45,17.52,22.23,22.63,21.78,23.95,24.15,23.79,23.67,23.67,23.67,23.22,23.3,23.19,23.08,23.12,23.07,23.27,23.31,23.23,23.56,23.56,23.56,6550,0
2025-10-02 21:00:00,0.86,22.89,27.11,24,16.16,21.38,13.12,11.17,19.2,20.01,18.59,23.24,23.79,22.73,24.35,24.5,24.15,23.63,23.67,23.56,23.09,23.17,22.99,23,23.06,22.95,23.21,23.24,23.2,23.56,23.57,23.56,6588,0
2025-10-02 20:00:00,0.83,23.09,27.26,24.03,16.14,21.36,13.13,11.16,21.66,23.44,20.24,24.43,24.98,23.91,24.66,24.74,24.52,23.47,23.56,23.34,22.92,22.97,22.85,22.93,22.95,22.87,23.2,23.21,23.2,23.56,23.57,23.56,6642,0
2025-10-02 19:00:00,0.83,23.31,27.41,24.07,16.15,21.35,13.12,11.15,25.5,27,23.79,25.66,26.28,25.1,24.82,24.85,24.75,23.19,23.32,23.07,22.73,22.85,22.62,22.84,22.85,22.84,23.2,23.2,23.2,23.56,23.57,23.56,6742,6953
2025-10-02 18:00:00,0.79,23.5,27.51,24.1,16.17,21.32,13.13,11.14,28.86,31.13,27.24,27.09,27.82,26.4,24.68,24.82,24.5,22.83,22.99,22.62,22.56,22.62,22.5,22.83,22.84,22.82,23.2,23.2,23.2,23.59,23.62,23.57,6840,7102
2025-10-02 17:00:00,0.71,23.92,27.55,24.16,16.16,21.31,13.12,11.14,36.9,39.48,31.84,28.15,28.25,27.95,24.15,24.5,23.8,22.37,22.61,22.14,22.4,22.5,22.3,22.8,22.81,22.77,23.2,23.21,23.2,23.62,23.65,23.6,6822,7292
2025-10-02 16:00:00,0.8,24.16,27.52,24.15,16.17,21.31,13.09,11.15,39.22,39.52,38.81,27.7,28.05,27.34,23.39,23.77,23,21.96,22.14,21.78,22.26,22.28,22.23,22.77,22.81,22.75,23.22,23.27,23.2,23.66,23.68,23.63,6849,10278
2025-10-02 15:00:00,0.93,24.32,27.48,24.08,16.18,21.31,13.08,11.15,38.15,38.81,37.34,26.81,27.25,26.35,22.54,22.97,22.14,21.61,21.78,21.44,22.16,22.21,22.14,22.81,22.84,22.78,23.29,23.32,23.27,23.68,23.68,23.67,6849,10309
2025-10-02 14:00:00,1.02,24.54,27.39,24.06,16.17,21.33,13.1,11.16,36.54,37.47,35.62,25.6,26.28,24.84,21.61,22.04,21.19,21.34,21.43,21.23,22.14,22.14,22.14,22.84,22.84,22.84,23.32,23.32,23.32,23.68,23.68,23.68,6849,10364
2025-10-02 13:00:00,1.01,24.56,27.25,24.03,16.19,21.34,13.11,11.17,34.86,35.5,34.24,23.74,24.64,22.85,20.77,21.15,20.45,21.18,21.2,21.14,22.17,22.23,22.14,22.85,22.89,22.84,23.32,23.35,23.32,23.68,23.68,23.68,6849,10325
2025-10-02 12:00:00,1.11,24.52,27.18,24.04,16.19,21.35,13.07,11.16,33.16,34.2,31.75,21.66,22.62,20.72,20.1,20.36,19.87,21.11,21.16,21.09,22.26,22.28,22.25,22.94,22.95,22.92,23.37,23.41,23.33,23.68,23.69,23.68,6847,10483
2025-10-02 11:00:00,1.21,24.4,27.08,24.04,16.19,21.37,13.04,11.17,28.63,31.36,25.6,19.6,20.49,18.74,19.66,19.78,19.54,21.19,21.24,21.15,22.38,22.47,22.3,22.99,23.06,22.95,23.42,23.44,23.4,23.68,23.69,23.68,6847,10483
2025-10-02 10:00:00,1.11,24.18,26.99,24.04,16.19,21.35,13.04,11.17,21.73,25.01,18.53,17.86,18.6,17.17,19.53,19.54,19.52,21.36,21.43,21.26,22.51,22.56,22.48,23.06,23.07,23.04,23.44,23.44,23.44,23.68,23.69,23.68,6847,10644
2025-10-02 09:00:00,1.14,24.04,26.97,24.05,16.21,21.32,13.04,11.17,15.74,18,13.63,16.66,17.04,16.45,19.64,19.77,19.54,21.57,21.68,21.45,22.63,22.7,22.58,23.1,23.14,23.07,23.44,23.44,23.44,23.68,23.7,23.68,6838,10660
2025-10-02 08:00:00,1.28,23.94,27,24.08,16.17,21.31,13.04,11.16,12.73,13.39,12.56,16.66,16.82,16.54,19.95,20.12,19.77,21.82,21.9,21.69,22.74,22.77,22.71,23.17,23.19,23.15,23.44,23.44,23.44,23.68,23.69,23.68,6542,6835
2025-10-02 07:00:00,1.2,23.93,27.06,24.16,16.21,21.32,13.04,11.16,12.75,12.92,12.68,17,17.17,16.82,20.27,20.41,20.12,22.02,22.14,21.9,22.85,22.89,22.83,23.19,23.19,23.19,23.44,23.44,23.44,23.68,23.68,23.68,6497,0
2025-10-02 06:00:00,1.1,23.88,27.13,24.21,16.2,21.32,13.04,11.15,13.09,13.27,12.92,17.4,17.61,17.19,20.6,20.72,20.48,22.23,22.37,22.14,22.96,22.98,22.93,23.2,23.21,23.19,23.44,23.44,23.44,23.68,23.68,23.68,6506,0
2025-10-02 05:00:00,1.04,23.87,27.18,24.26,16.21,21.32,13.03,11.15,13.52,13.74,13.39,17.81,18,17.65,20.93,21.08,20.8,22.44,22.58,22.37,23.06,23.09,23,23.23,23.27,23.21,23.44,23.44,23.44,23.68,23.68,23.67,6517,0
2025-10-02 04:00:00,1,23.93,27.28,24.28,16.22,21.31,13.03,11.14,13.95,14.13,13.74,18.25,18.45,18.04,21.27,21.43,21.09,22.66,22.73,22.61,23.11,23.17,23.09,23.24,23.26,23.22,23.44,23.44,23.43,23.67,23.68,23.67,6528,0
2025-10-02 03:00:00,0.95,23.97,27.4,24.34,16.22,21.31,13.03,11.14,14.44,14.68,14.22,18.71,18.95,18.48,21.62,21.78,21.44,22.85,22.95,22.75,23.2,23.21,23.16,23.21,23.25,23.19,23.42,23.44,23.39,23.66,23.68,23.64,6537,0
2025-10-02 02:00:00,0.92,24,27.52,24.37,16.25,21.29,13.08,11.13,14.96,15.24,14.69,19.22,19.48,18.95,22.02,22.24,21.78,23.02,23.08,22.96,23.21,23.21,23.21,23.19,23.2,23.19,23.36,23.38,23.32,23.63,23.65,23.61,6542,0
2025-10-02 01:00:00,0.92,24.08,27.61,24.42,16.26,21.25,13.06,11.13,15.56,15.86,15.28,19.78,20.03,19.54,22.41,22.61,22.26,23.16,23.2,23.08,23.21,23.21,23.21,23.19,23.19,23.18,23.32,23.32,23.32,23.6,23.63,23.58,6550,0
2025-10-02 00:00:00,0.86,24.1,27.7,24.5,16.26,21.25,13.05,11.14,16.19,16.58,15.87,20.42,20.74,20.12,22.8,22.97,22.61,23.29,23.32,23.2,23.21,23.21,23.19,23.1,23.17,23.07,23.31,23.32,23.29,23.57,23.59,23.56,6537,0
2025-10-01 23:00:00,0.88,24.16,27.8,24.59,16.25,21.25,13.04,11.14,17.05,17.45,16.64,21.16,21.53,20.84,23.18,23.34,23,23.33,23.36,23.32,23.12,23.19,23.09,23.06,23.07,23.04,23.24,23.28,23.2,23.57,23.59,23.56,6550,0
2025-10-01 22:00:00,0.91,24.27,27.93,24.61,16.24,21.26,13.09,11.14,18.05,18.7,17.53,21.94,22.38,21.55,23.55,23.67,23.42,23.35,23.38,23.33,23.04,23.09,22.97,22.96,23.02,22.95,23.2,23.21,23.2,23.57,23.59,23.56,6550,0
2025-10-01 21:00:00,0.92,24.34,28.07,24.69,16.24,21.25,13.09,11.14,19.52,20.25,18.83,22.84,23.31,22.38,23.9,24.03,23.78,23.32,23.33,23.3,22.91,22.97,22.85,22.89,22.95,22.84,23.2,23.2,23.2,23.57,23.59,23.56,6591,0
2025-10-01 20:00:00,0.89,24.48,28.21,24.69,16.24,21.24,13.08,11.13,21.68,23.25,20.45,23.81,24.28,23.33,24.15,24.26,24.03,23.17,23.27,23.08,22.75,22.85,22.69,22.84,22.84,22.84,23.2,23.2,23.2,23.59,23.61,23.57,6648,0
2025-10-01 19:00:00,0.89,24.7,28.38,24.75,16.25,21.2,13.08,11.13,25.26,26.51,23.57,24.78,25.22,24.39,24.27,24.28,24.27,22.94,23.08,22.83,22.58,22.64,22.5,22.75,22.82,22.72,23.2,23.2,23.2,23.62,23.65,23.6,6755,6972
2025-10-01 18:00:00,0.86,24.91,28.49,24.78,16.25,21.2,13.09,11.13,27.78,29.59,26.64,25.95,26.63,25.33,24.2,24.27,24.03,22.6,22.75,22.39,22.41,22.5,22.29,22.72,22.72,22.72,23.2,23.2,23.19,23.65,23.68,23.63,6820,7252
2025-10-01 17:00:00,0.84,25.26,28.59,24.84,16.24,21.19,13.09,11.13,35,38.56,30.06,27.02,27.11,26.75,23.73,24.03,23.44,22.18,22.37,22.02,22.23,22.28,22.14,22.71,22.72,22.7,23.2,23.2,23.19,23.67,23.68,23.67,6822,9120
2025-10-01 16:00:00,0.88,25.56,28.58,24.81,16.24,21.18,13.09,11.14,37.59,38.09,37.04,26.65,26.97,26.33,23.06,23.41,22.73,21.79,21.95,21.66,22.13,22.14,22.06,22.7,22.72,22.68,23.2,23.2,23.2,23.68,23.68,23.68,6851,10309
2025-10-01 15:00:00,1.01,25.85,28.6,24.77,16.27,21.18,13.06,11.15,36.4,36.91,35.38,25.92,26.28,25.51,22.29,22.65,21.91,21.46,21.58,21.31,22.03,22.06,22.03,22.71,22.72,22.71,23.21,23.24,23.2,23.68,23.68,23.68,6849,10290
2025-10-01 14:00:00,1,26.08,28.51,24.73,16.26,21.19,13.03,11.15,34.78,35.5,34.32,24.87,25.44,24.27,21.44,21.79,21.08,21.19,21.31,21.07,22.03,22.03,22.02,22.72,22.72,22.72,23.27,23.32,23.24,23.68,23.71,23.68,6849,10424
2025-10-01 13:00:00,1.03,26.2,28.43,24.69,16.27,21.17,13.04,11.16,33.82,34.3,33.61,23.35,24.06,22.61,20.66,21.01,20.36,21.01,21.07,20.95,22.03,22.03,22.03,22.76,22.81,22.72,23.32,23.32,23.31,23.71,23.74,23.69,6849,10372
2025-10-01 12:00:00,1.18,26.34,28.36,24.69,16.26,21.17,13.05,11.17,32.54,33.83,31.13,21.52,22.48,20.59,19.99,20.25,19.77,20.95,20.95,20.95,22.09,22.14,22.03,22.84,22.84,22.81,23.32,23.33,23.32,23.75,23.78,23.71,6849,10506
2025-10-01 11:00:00,1.25,26.32,28.25,24.69,16.25,21.18,13.04,11.15,28.19,30.74,25.45,19.6,20.45,18.81,19.56,19.73,19.43,21,21.07,20.95,22.16,22.24,22.14,22.85,22.89,22.84,23.35,23.41,23.32,23.77,23.8,23.75,6847,10554
2025-10-01 10:00:00,1.2,26.16,28.12,24.71,16.26,21.18,13.02,11.14,21.56,24.88,18.58,17.88,18.59,17.25,19.42,19.42,19.42,21.14,21.22,21.07,22.26,22.3,22.24,22.94,22.95,22.9,23.41,23.44,23.39,23.79,23.8,23.77,6847,10538
2025-10-01 09:00:00,1.27,26.06,28.13,24.73,16.27,21.2,13.01,11.14,15.95,18.04,13.82,16.81,17.16,16.69,19.53,19.65,19.42,21.34,21.43,21.26,22.4,22.49,22.33,22.97,23.04,22.95,23.43,23.44,23.42,23.79,23.8,23.78,6838,10577
2025-10-01 08:00:00,1.38,25.99,28.17,24.77,16.27,21.17,13.02,11.13,13.2,13.62,13.04,16.83,17,16.7,19.79,19.89,19.66,21.52,21.61,21.43,22.51,22.56,22.49,23.06,23.07,23.04,23.44,23.44,23.44,23.79,23.8,23.79,6550,6850
2025-10-01 07:00:00,1.31,25.96,28.24,24.82,16.27,21.13,13.02,11.14,13.46,13.74,13.27,17.18,17.37,17.04,20.03,20.12,19.91,21.7,21.78,21.63,22.62,22.64,22.6,23.07,23.08,23.07,23.44,23.44,23.44,23.8,23.8,23.79,6502,0
2025-10-01 06:00:00,1.26,25.91,28.29,24.88,16.28,21.15,13.02,11.13,14.03,14.37,13.74,17.57,17.74,17.41,20.28,20.36,20.19,21.86,21.92,21.78,22.72,22.74,22.65,23.09,23.13,23.08,23.44,23.44,23.44,23.79,23.8,23.79,6513,0
2025-10-01 05:00:00,1.2,25.9,28.36,24.98,16.28,21.13,13.02,11.13,14.87,15.18,14.45,17.83,17.87,17.76,20.48,20.6,20.36,22.05,22.14,21.97,22.8,22.85,22.74,23.14,23.17,23.11,23.44,23.44,23.44,23.78,23.8,23.77,6524,0
2025-10-01 04:00:00,1.24,25.88,28.4,25.03,16.29,21.1,13.01,11.15,14.89,15.21,14.33,17.88,17.99,17.87,20.75,20.9,20.61,22.22,22.31,22.14,22.87,22.92,22.85,23.17,23.19,23.15,23.44,23.44,23.44,23.78,23.8,23.77,6528,0
2025-10-01 03:00:00,1.18,25.88,28.46,25.09,16.26,21.08,12.99,11.15,14.19,14.39,14.04,18.17,18.36,18,21.09,21.24,20.96,22.42,22.5,22.34,22.96,22.97,22.93,23.17,23.19,23.16,23.44,23.44,23.43,23.76,23.79,23.74,6537,0
2025-10-01 02:00:00,1.12,25.91,28.56,25.13,16.3,21.09,12.99,11.15,14.6,14.81,14.45,18.61,18.83,18.37,21.42,21.56,21.29,22.61,22.71,22.52,22.97,22.98,22.97,23.14,23.18,23.1,23.42,23.44,23.4,23.73,23.76,23.72,6546,0
2025-10-01 01:00:00,1.09,25.94,28.7,25.17,16.32,21.09,13.02,11.14,15.04,15.16,14.81,19.1,19.33,18.87,21.78,22.02,21.64,22.77,22.85,22.73,22.97,22.98,22.97,23.08,23.12,23.07,23.36,23.41,23.32,23.72,23.74,23.71,6550,0
2025-10-01 00:00:00,1.03,25.97,28.81,25.26,16.32,21.08,13.02,11.15,15.44,15.75,15.16,19.66,19.94,19.42,22.18,22.37,22.02,22.88,22.95,22.85,22.97,22.99,22.97,23.07,23.07,23.07,23.32,23.32,23.32,23.7,23.73,23.68,6537,0
2025-09-30 23:00:00,0.99,25.98,28.92,25.32,16.29,21.1,13.02,11.15,16.12,16.51,15.76,20.3,20.6,20.01,22.53,22.73,22.37,22.96,22.97,22.96,22.96,22.97,22.92,23.01,23.06,22.95,23.32,23.32,23.32,23.71,23.74,23.7,6550,0
2025-09-30 22:00:00,0.98,25.99,28.99,25.37,16.32,21.09,13,11.14,17.02,17.53,16.58,20.99,21.31,20.68,22.89,23.08,22.73,22.99,23.02,22.97,22.87,22.94,22.85,22.95,22.96,22.95,23.3,23.32,23.28,23.72,23.74,23.69,6568,0
2025-09-30 21:00:00,1.02,26.06,29.17,25.46,16.29,21.07,13,11.14,18.17,18.73,17.65,21.76,22.15,21.42,23.22,23.36,23.08,22.97,22.99,22.96,22.76,22.83,22.74,22.87,22.92,22.84,23.28,23.31,23.27,23.74,23.77,23.72,6593,0
2025-09-30 20:00:00,0.98,26.11,29.33,25.56,16.32,21.03,12.99,11.14,20.06,21.5,18.95,22.66,23.09,22.26,23.5,23.57,23.42,22.86,22.94,22.77,22.63,22.73,22.57,22.84,22.84,22.84,23.26,23.29,23.24,23.77,23.8,23.74,6644,0
2025-09-30 19:00:00,0.97,26.23,29.5,25.62,16.3,21,12.99,11.12,23.61,24.68,21.82,23.53,24.03,23.11,23.66,23.67,23.59,22.65,22.73,22.5,22.47,22.52,22.38,22.78,22.83,22.72,23.26,23.29,23.25,23.79,23.8,23.78,6746,6957
2025-09-30 18:00:00,0.99,26.52,29.69,25.7,16.31,21.03,12.99,11.12,25.97,27.76,24.75,24.7,25.36,24.13,23.58,23.67,23.44,22.31,22.48,22.14,22.31,22.38,22.26,22.72,22.73,22.72,23.28,23.31,23.26,23.8,23.8,23.79,6820,7953
2025-09-30 17:00:00,0.93,26.96,29.83,25.73,16.29,21,13,11.13,33.03,35.98,28.26,25.71,25.83,25.5,23.13,23.43,22.85,21.96,22.14,21.78,22.19,22.26,22.14,22.72,22.72,22.72,23.31,23.32,23.29,23.8,23.8,23.8,6822,7504
2025-09-30 16:00:00,1.03,27.34,29.92,25.7,16.31,21,13.01,11.14,35.89,36.23,35.74,25.39,25.69,25.03,22.48,22.79,22.17,21.62,21.78,21.46,22.1,22.14,22.05,22.72,22.72,22.72,23.32,23.32,23.31,23.8,23.8,23.8,6849,10349
2025-09-30 15:00:00,1.13,27.58,29.93,25.67,16.32,20.98,13.02,11.14,34.55,35.38,33.37,24.46,24.96,24.03,21.77,22.14,21.43,21.34,21.43,21.21,22.03,22.03,22.03,22.73,22.77,22.72,23.32,23.35,23.32,23.81,23.83,23.8,6849,10294
2025-09-30 14:00:00,1.17,27.87,29.88,25.64,16.32,20.97,13,11.14,32.31,33.25,31.84,23.5,23.92,22.97,21.08,21.41,20.76,21.13,21.2,21.07,22.03,22.03,22.03,22.8,22.84,22.76,23.39,23.44,23.33,23.85,23.88,23.83,6847,10526
2025-09-30 13:00:00,1.21,28.24,29.87,25.61,16.31,20.98,12.97,11.11,31.23,31.82,30.89,22.25,22.85,21.64,20.42,20.72,20.14,20.99,21.07,20.95,22.05,22.12,22.03,22.84,22.84,22.84,23.44,23.44,23.43,23.88,23.91,23.87,6849,10538
2025-09-30 12:00:00,1.26,28.52,29.85,25.61,16.27,20.97,12.98,11.12,30.21,30.85,29.12,20.82,21.53,20.12,19.87,20.12,19.65,20.95,20.96,20.95,22.14,22.14,22.14,22.88,22.93,22.84,23.44,23.44,23.44,23.91,23.91,23.9,6849,10636
2025-09-30 11:00:00,1.36,28.69,29.76,25.61,16.29,20.96,12.99,11.12,26.76,28.88,24.27,19.29,20.01,18.59,19.5,19.65,19.42,21.03,21.07,20.95,22.23,22.26,22.17,22.95,22.96,22.95,23.45,23.46,23.44,23.91,23.91,23.91,6847,10660
2025-09-30 10:00:00,1.25,28.66,29.66,25.62,16.29,20.98,13.01,11.12,20.79,23.79,18,17.71,18.45,17.04,19.4,19.42,19.37,21.19,21.31,21.08,22.33,22.4,22.26,22.99,23.06,22.95,23.49,23.53,23.46,23.91,23.91,23.91,6844,10703
2025-09-30 09:00:00,1.44,28.67,29.67,25.64,16.29,20.94,13.02,11.12,15.6,17.65,13.39,16.62,16.94,16.45,19.52,19.65,19.42,21.4,21.52,21.31,22.47,22.5,22.39,23.07,23.07,23.06,23.53,23.55,23.51,23.91,23.91,23.91,6838,10467
2025-09-30 08:00:00,1.57,28.61,29.71,25.66,16.27,20.93,13.01,11.12,12.96,13.18,12.83,16.68,16.82,16.58,19.82,19.99,19.66,21.61,21.69,21.55,22.57,22.62,22.5,23.07,23.1,23.07,23.55,23.55,23.55,23.91,23.91,23.91,6533,6827
2025-09-30 07:00:00,1.54,28.61,29.78,25.73,16.3,20.91,13.02,11.12,13.02,13.27,12.9,17.04,17.24,16.83,20.12,20.25,20.01,21.81,21.9,21.7,22.66,22.73,22.62,23.12,23.18,23.09,23.55,23.55,23.55,23.91,23.91,23.91,6499,0
2025-09-30 06:00:00,1.52,28.57,29.85,25.8,16.27,20.87,13.02,11.12,13.48,13.73,13.28,17.46,17.65,17.28,20.43,20.6,20.28,21.97,22.03,21.9,22.74,22.75,22.73,23.18,23.19,23.15,23.55,23.55,23.55,23.91,23.91,23.91,6510,0
2025-09-30 05:00:00,1.52,28.55,29.9,25.85,16.29,20.87,13.01,11.12,13.99,14.21,13.74,17.88,18.1,17.67,20.72,20.84,20.6,22.14,22.25,22.04,22.83,22.85,22.79,23.19,23.19,23.18,23.55,23.55,23.55,23.91,23.91,23.91,6524,0
2025-09-30 04:00:00,1.48,28.6,29.97,25.93,16.3,20.87,13.01,11.12,14.43,14.73,14.22,18.31,18.54,18.12,21.02,21.19,20.85,22.29,22.37,22.25,22.85,22.88,22.85,23.19,23.19,23.19,23.54,23.55,23.53,23.91,23.91,23.91,6533,0
2025-09-30 03:00:00,1.41,28.67,30.07,25.98,16.27,20.85,13,11.11,14.97,15.08,14.81,18.76,18.95,18.59,21.32,21.44,21.19,22.43,22.49,22.37,22.92,22.96,22.88,23.18,23.19,23.18,23.51,23.53,23.48,23.91,23.91,23.91,6542,0
2025-09-30 02:00:00,1.31,28.73,30.17,26.01,16.26,20.85,12.98,11.11,15.32,15.73,15.15,19.29,19.54,19.06,21.62,21.78,21.48,22.58,22.61,22.5,22.96,22.97,22.95,23.17,23.19,23.15,23.47,23.51,23.44,23.91,23.91,23.91,6550,0
2025-09-30 01:00:00,1.17,28.85,30.3,26.06,16.26,20.86,12.96,11.11,16.36,16.87,15.75,19.84,20.02,19.64,21.9,22.02,21.78,22.68,22.73,22.61,22.96,22.97,22.96,23.1,23.15,23.07,23.44,23.45,23.44,23.91,23.91,23.91,6550,0
2025-09-30 00:00:00,1.13,28.87,30.36,26.08,16.28,20.82,12.96,11.1,16.98,17.04,16.94,20.26,20.48,20.06,22.18,22.26,22.03,22.73,22.74,22.73,22.93,22.96,22.87,23.07,23.07,23.07,23.44,23.44,23.44,23.91,23.91,23.91,6548,0
2025-09-29 23:00:00,1.12,28.91,30.48,26.16,16.31,20.84,12.94,11.11,17.57,18.12,17.17,20.78,21.03,20.48,22.41,22.49,22.29,22.78,22.81,22.75,22.86,22.87,22.85,23.05,23.07,23,23.44,23.44,23.44,23.91,23.91,23.91,6573,0
2025-09-29 22:00:00,1.12,28.98,30.55,26.24,16.29,20.81,12.93,11.11,18.54,18.7,18.24,21.24,21.43,21.08,22.63,22.73,22.5,22.78,22.81,22.75,22.79,22.85,22.74,22.96,23.01,22.95,23.44,23.44,23.43,23.91,23.91,23.91,6588,0
2025-09-29 21:00:00,1.11,29.05,30.6,26.26,16.3,20.79,12.93,11.12,19.01,19.23,18.7,21.7,21.92,21.51,22.82,22.94,22.73,22.74,22.79,22.73,22.7,22.74,22.62,22.94,22.95,22.91,23.43,23.44,23.41,23.91,23.92,23.91,6624,0
2025-09-29 20:00:00,1.12,29.13,30.71,26.39,16.28,20.79,12.94,11.12,19.61,20.12,19.29,22.27,22.52,22.01,23.01,23.08,22.96,22.65,22.73,22.61,22.58,22.62,22.5,22.85,22.89,22.84,23.42,23.44,23.41,23.91,23.93,23.91,6684,0
2025-09-29 19:00:00,1.06,29.16,30.85,26.48,16.28,20.77,12.93,11.13,21.07,22.12,20.17,22.86,23.09,22.61,23.08,23.1,23.08,22.45,22.59,22.37,22.45,22.5,22.38,22.84,22.84,22.84,23.43,23.44,23.41,23.93,23.96,23.91,6802,7043
2025-09-29 18:00:00,1.09,29.23,31,26.55,16.27,20.73,12.92,11.12,22.01,22.61,20.81,23.26,23.56,23.09,23.09,23.11,23.08,22.18,22.28,22.05,22.29,22.37,22.26,22.84,22.84,22.83,23.44,23.44,23.43,23.98,24.02,23.96,6820,7871
2025-09-29 17:00:00,1.12,29.32,31.13,26.57,16.26,20.7,12.93,11.11,21.32,26.49,19.95,24.54,25.55,23.68,22.89,23.08,22.61,21.9,22.02,21.77,22.17,22.25,22.14,22.83,22.84,22.82,23.44,23.44,23.44,24.02,24.03,24,6820,8993
2025-09-29 16:00:00,1,29.88,31.4,26.64,16.23,20.69,12.94,11.12,34.28,35.64,29.12,25.21,25.57,24.75,22.19,22.55,21.78,21.53,21.69,21.43,22.14,22.14,22.13,22.83,22.84,22.82,23.44,23.44,23.44,24.03,24.03,24.02,6820,8430
2025-09-29 15:00:00,1.2,30.25,31.44,26.62,16.24,20.69,12.95,11.12,32.39,33.93,30.9,24.28,24.74,23.91,21.42,21.78,21.07,21.3,21.4,21.19,22.09,22.12,22.07,22.84,22.84,22.84,23.45,23.47,23.44,24.03,24.03,24.03,6847,10376
2025-09-29 14:00:00,1.27,30.69,31.45,26.62,16.24,20.69,12.97,11.14,32.02,33.37,30.18,22.98,23.85,21.9,20.7,21,20.42,21.14,21.2,21.07,22.09,22.12,22.06,22.84,22.84,22.84,23.49,23.53,23.46,24.03,24.05,24.03,6844,10404
2025-09-29 13:00:00,1.24,30.87,31.41,26.58,16.19,20.68,12.99,11.15,26.8,29.59,25.27,20.97,21.7,20.25,20.23,20.37,20.09,21.09,21.12,21.07,22.13,22.14,22.11,22.86,22.9,22.84,23.55,23.55,23.54,24.06,24.08,24.03,6847,10246
2025-09-29 12:00:00,1.26,30.94,31.42,26.54,16.17,20.66,13,11.12,22.16,25.22,19.89,19.56,20.12,19.12,20.01,20.04,20,21.16,21.19,21.09,22.14,22.16,22.14,22.93,22.95,22.89,23.55,23.55,23.55,24.12,24.15,24.1,6844,10487
2025-09-29 11:00:00,1.34,30.92,31.33,26.49,16.17,20.66,13.01,11.12,18.51,19.66,17.65,18.82,19.06,18.64,19.99,20,19.95,21.2,21.28,21.19,22.2,22.26,22.14,22.95,22.95,22.95,23.56,23.58,23.55,24.14,24.15,24.13,6824,8387
2025-09-29 10:00:00,1.48,30.93,31.32,26.44,16.13,20.66,12.98,11.12,17.35,17.53,16.94,18.5,18.61,18.37,20.01,20.01,20,21.3,21.31,21.29,22.26,22.26,22.26,22.99,23.04,22.96,23.61,23.66,23.58,24.15,24.15,24.15,6751,7055
2025-09-29 09:00:00,1.39,30.99,31.34,26.46,16.11,20.61,12.94,11.14,16.7,16.83,16.58,18.36,18.4,18.35,20.03,20.1,20.01,21.38,21.43,21.31,22.32,22.38,22.27,23.06,23.07,23.04,23.66,23.67,23.64,24.15,24.15,24.15,6528,6807
2025-09-29 08:00:00,1.44,31.12,31.33,26.44,16.09,20.57,12.95,11.15,16.42,16.58,16.25,18.36,18.36,18.35,20.12,20.14,20.11,21.45,21.52,21.43,22.42,22.49,22.38,23.07,23.07,23.06,23.67,23.67,23.66,24.15,24.16,24.15,6481,6689
2025-09-29 07:00:00,1.54,31.29,31.32,26.33,16.04,20.57,12.95,11.16,16.35,16.45,16.24,18.42,18.45,18.37,20.23,20.25,20.18,21.55,21.58,21.53,22.5,22.5,22.49,23.09,23.14,23.07,23.67,23.67,23.67,24.16,24.18,24.15,6488,0
2025-09-29 06:00:00,1.72,31.48,31.27,26.2,16.01,20.53,12.95,11.16,16.4,16.45,16.34,18.45,18.45,18.45,20.33,20.36,20.25,21.64,21.68,21.57,22.53,22.59,22.5,23.17,23.19,23.13,23.67,23.68,23.67,24.18,24.2,24.16,6502,0
2025-09-29 05:00:00,1.89,31.59,31.08,26.09,15.97,20.52,12.96,11.17,16.3,16.36,16.23,18.52,18.58,18.45,20.44,20.48,20.36,21.75,21.78,21.67,22.62,22.62,22.61,23.19,23.19,23.18,23.68,23.69,23.67,24.21,24.24,24.2,6510,0
2025-09-29 04:00:00,1.92,31.41,30.78,25.93,15.97,20.52,12.96,11.18,16.26,16.34,16.23,18.64,18.7,18.59,20.59,20.66,20.53,21.85,21.9,21.78,22.64,22.68,22.62,23.19,23.19,23.19,23.68,23.71,23.67,24.24,24.26,24.22,6524,0
2025-09-29 03:00:00,1.97,30.66,30.51,25.85,15.91,20.51,12.96,11.16,16.47,16.59,16.34,18.83,18.91,18.74,20.73,20.81,20.69,21.93,22.02,21.9,22.73,22.74,22.7,23.19,23.19,23.19,23.7,23.72,23.68,24.26,24.27,24.25,6533,0
2025-09-29 02:00:00,1.72,30.04,30.36,25.85,15.89,20.48,12.95,11.14,16.58,16.58,16.57,18.94,18.95,18.9,20.87,20.95,20.82,22.03,22.09,22.02,22.74,22.74,22.74,23.19,23.2,23.19,23.7,23.72,23.69,24.27,24.27,24.27,6542,0
2025-09-29 01:00:00,1.55,30.11,30.36,25.75,15.89,20.45,12.95,11.14,16.43,16.52,16.35,19.01,19.06,18.95,21.03,21.15,20.96,22.14,22.15,22.11,22.74,22.74,22.74,23.19,23.19,23.19,23.71,23.73,23.7,24.27,24.27,24.27,6550,0
2025-09-29 00:00:00,1.83,30.17,30.26,25.78,15.88,20.43,12.95,11.14,16.36,16.45,16.34,19.18,19.29,19.06,21.25,21.32,21.17,22.24,22.25,22.19,22.74,22.74,22.74,23.19,23.19,23.19,23.71,23.74,23.69,24.27,24.27,24.27,6537,0
2025-09-28 23:00:00,1.77,29.76,30.21,25.75,15.88,20.41,12.95,11.15,16.56,16.58,16.49,19.46,19.62,19.29,21.47,21.56,21.37,22.28,22.34,22.25,22.74,22.74,22.74,23.19,23.19,23.19,23.73,23.75,23.71,24.27,24.28,24.27,6550,0
2025-09-28 22:00:00,1.58,29.84,30.19,25.7,15.86,20.39,12.96,11.15,16.74,16.87,16.58,19.8,20.01,19.66,21.7,21.8,21.58,22.35,22.37,22.31,22.74,22.74,22.74,23.19,23.19,23.18,23.74,23.77,23.73,24.29,24.32,24.27,6568,0
2025-09-28 21:00:00,1.92,29.59,30.14,25.71,15.9,20.37,12.95,11.15,16.97,17.04,16.91,20.28,20.58,20.01,21.96,22.06,21.8,22.33,22.37,22.26,22.67,22.73,22.62,23.17,23.19,23.15,23.77,23.78,23.73,24.34,24.37,24.31,6591,0
2025-09-28 20:00:00,1.54,29.08,30.15,25.77,15.89,20.37,12.95,11.12,17.79,19.06,17.15,20.92,21.22,20.6,22.16,22.21,22.12,22.25,22.26,22.21,22.61,22.62,22.59,23.13,23.15,23.1,23.78,23.79,23.78,24.38,24.39,24.36,6642,0
2025-09-28 19:00:00,1.06,29.04,30.27,25.78,15.87,20.36,12.92,11.14,20.07,21.19,19.18,21.6,21.9,21.31,22.24,22.26,22.18,22.11,22.2,22.02,22.52,22.58,22.5,23.1,23.12,23.1,23.79,23.79,23.79,24.39,24.39,24.39,6731,4057
2025-09-28 18:00:00,1.06,29.27,30.37,25.79,15.84,20.33,12.94,11.15,22.4,24.01,21.31,22.33,22.67,21.9,22.1,22.18,22.02,21.94,22.02,21.89,22.48,22.5,22.44,23.1,23.12,23.08,23.79,23.8,23.79,24.39,24.4,24.39,6822,8080
2025-09-28 17:00:00,1.09,29.65,30.43,25.8,15.86,20.29,12.96,11.16,25.55,26.63,24.39,22.57,22.73,22.38,21.78,21.97,21.66,21.73,21.82,21.66,22.39,22.43,22.37,23.13,23.18,23.09,23.81,23.83,23.79,24.43,24.48,24.39,6824,9521
2025-09-28 16:00:00,1.43,29.62,30.33,25.71,15.84,20.26,12.95,11.17,22.72,26.99,20.01,22.41,22.6,22.26,21.49,21.66,21.3,21.59,21.66,21.49,22.36,22.38,22.34,23.18,23.19,23.15,23.89,23.91,23.87,24.5,24.5,24.49,6838,9990
2025-09-28 15:00:00,1.12,29.5,30.33,25.76,15.84,20.26,12.95,11.19,27.85,28.76,26.63,22.18,22.49,21.55,21.01,21.21,20.82,21.4,21.45,21.32,22.34,22.37,22.32,23.19,23.2,23.19,23.91,23.91,23.91,24.5,24.5,24.5,6838,10211
2025-09-28 14:00:00,1.12,29.59,30.29,25.68,15.82,20.26,12.96,11.19,23.73,25.92,22.4,21.19,21.48,20.96,20.66,20.83,20.49,21.31,21.32,21.31,22.36,22.38,22.35,23.21,23.26,23.19,23.93,23.96,23.91,24.5,24.52,24.5,6847,10778
2025-09-28 13:00:00,1.14,29.59,30.27,25.65,15.82,20.21,12.95,11.2,21.74,23.44,20.72,20.63,20.84,20.53,20.34,20.48,20.2,21.3,21.31,21.29,22.41,22.48,22.38,23.3,23.31,23.28,24.01,24.03,23.97,24.53,24.56,24.5,6824,8927
2025-09-28 12:00:00,1.16,29.63,30.31,25.72,15.81,20.2,12.96,11.18,25.38,27.58,22.85,19.87,20.48,19.42,19.99,20.12,19.89,21.22,21.29,21.19,22.5,22.5,22.49,23.32,23.35,23.31,24.03,24.03,24.03,24.6,24.62,24.56,6822,8529
2025-09-28 11:00:00,1.12,29.76,30.28,25.67,15.79,20.14,12.97,11.19,22.14,22.73,21.67,18.96,19.29,18.53,19.8,19.89,19.77,21.3,21.32,21.29,22.55,22.62,22.5,23.42,23.43,23.38,24.04,24.07,24.03,24.62,24.62,24.62,6838,10554
2025-09-28 10:00:00,1.37,29.78,30.24,25.7,15.78,20.12,12.96,11.19,18.33,21.19,16.57,18.04,18.45,17.76,19.77,19.77,19.76,21.41,21.45,21.32,22.64,22.72,22.62,23.45,23.52,23.43,24.11,24.14,24.08,24.62,24.63,24.62,6840,10573
2025-09-28 09:00:00,1.15,29.53,30.21,25.7,15.74,20.12,12.95,11.18,16.48,16.7,16.27,17.7,17.76,17.65,19.81,19.89,19.77,21.53,21.57,21.46,22.74,22.77,22.73,23.54,23.55,23.52,24.14,24.14,24.14,24.63,24.66,24.62,6564,6862
2025-09-28 08:00:00,1.05,29.55,30.23,25.76,15.8,20.11,12.96,11.18,16.04,16.23,15.89,17.65,17.65,17.65,19.92,20.01,19.89,21.68,21.78,21.63,22.84,22.87,22.79,23.56,23.6,23.55,24.14,24.15,24.14,24.67,24.71,24.65,6497,6740
2025-09-28 07:00:00,1.05,29.59,30.29,25.82,15.77,20.05,12.97,11.17,15.74,15.87,15.64,17.57,17.65,17.53,20.06,20.12,20.01,21.84,21.9,21.78,22.95,22.97,22.87,23.64,23.66,23.6,24.15,24.17,24.14,24.71,24.74,24.68,6493,0
2025-09-28 06:00:00,1.04,29.6,30.32,25.9,15.77,20.03,12.97,11.16,15.8,16.23,15.64,17.53,17.53,17.53,20.26,20.36,20.15,22.02,22.14,21.93,23.04,23.09,22.97,23.66,23.66,23.66,24.18,24.21,24.16,24.73,24.74,24.73,6506,0
2025-09-28 05:00:00,1.05,29.59,30.42,25.99,15.76,20.01,12.97,11.16,16.98,17.17,16.45,17.52,17.53,17.51,20.48,20.6,20.36,22.19,22.25,22.13,23.11,23.16,23.09,23.67,23.68,23.66,24.21,24.25,24.19,24.74,24.74,24.73,6517,0
2025-09-28 04:00:00,1.02,29.63,30.5,26.07,15.76,19.98,12.98,11.16,16.46,16.83,15.99,17.56,17.7,17.51,20.8,20.96,20.64,22.35,22.45,22.25,23.2,23.21,23.17,23.69,23.72,23.66,24.23,24.25,24.21,24.74,24.74,24.73,6528,0
2025-09-28 03:00:00,1.03,29.66,30.63,26.16,15.79,19.95,12.97,11.16,16.38,16.95,15.87,18.09,18.44,17.76,21.14,21.31,20.96,22.55,22.61,22.48,23.21,23.22,23.21,23.7,23.72,23.69,24.23,24.26,24.23,24.74,24.74,24.74,6537,0
2025-09-28 02:00:00,1.09,29.85,30.8,26.22,15.82,19.89,12.97,11.16,17.94,18.6,17.04,18.71,18.95,18.45,21.43,21.55,21.31,22.68,22.73,22.61,23.27,23.32,23.22,23.7,23.72,23.67,24.23,24.26,24.21,24.74,24.76,24.74,6546,0
2025-09-28 01:00:00,1.09,30.03,30.98,26.31,15.81,19.86,12.97,11.17,18.93,19.27,18.67,19.14,19.31,18.95,21.71,21.84,21.55,22.78,22.85,22.73,23.29,23.32,23.25,23.67,23.69,23.66,24.22,24.24,24.21,24.75,24.78,24.74,6550,0
2025-09-28 00:00:00,1.09,30.24,31.13,26.44,15.78,19.82,12.97,11.17,19.71,20.11,19.29,19.6,19.79,19.39,22.03,22.14,21.9,22.85,22.88,22.85,23.24,23.28,23.22,23.66,23.67,23.66,24.23,24.25,24.2,24.8,24.84,24.76,6542,0
2025-09-27 23:00:00,1.05,30.44,31.3,26.55,15.72,19.76,12.97,11.19,20.37,20.56,20.12,20.06,20.34,19.89,22.32,22.48,22.21,22.91,22.94,22.85,23.21,23.21,23.21,23.65,23.66,23.63,24.22,24.25,24.19,24.85,24.86,24.84,6550,0
2025-09-27 22:00:00,1.08,30.62,31.48,26.64,15.72,19.75,12.97,11.19,21.1,21.48,20.62,20.66,20.96,20.37,22.59,22.73,22.49,22.91,22.95,22.86,23.12,23.19,23.09,23.58,23.63,23.55,24.24,24.26,24.23,24.86,24.86,24.86,6550,0
2025-09-27 21:00:00,1.1,30.81,31.62,26.81,15.71,19.71,12.97,11.19,21.56,21.67,21.47,21.29,21.58,21.03,22.83,22.97,22.73,22.84,22.85,22.8,23.02,23.09,22.97,23.55,23.56,23.55,24.26,24.26,24.24,24.87,24.91,24.86,6588,0
2025-09-27 20:00:00,1.1,31.06,31.82,26.91,15.68,19.65,12.98,11.19,22.14,23.09,21.55,22.02,22.41,21.67,23.03,23.08,22.97,22.69,22.76,22.61,22.89,22.97,22.83,23.55,23.55,23.54,24.26,24.27,24.26,24.95,24.98,24.9,6648,0
2025-09-27 19:00:00,1.07,31.25,32.07,27.08,15.64,19.59,12.98,11.2,24.43,25.45,23.33,22.89,23.3,22.49,23.08,23.08,23.02,22.42,22.6,22.25,22.75,22.82,22.68,23.53,23.55,23.52,24.28,24.34,24.26,24.98,24.98,24.98,6769,7004
2025-09-27 18:00:00,1.08,31.56,32.33,27.23,15.62,19.52,12.95,11.19,26.99,27.82,25.78,23.72,24.15,23.33,22.89,22.98,22.73,22.1,22.25,21.92,22.61,22.65,22.57,23.54,23.55,23.52,24.37,24.38,24.34,25,25.05,24.98,6824,7804
2025-09-27 17:00:00,1.08,32.04,32.64,27.34,15.55,19.46,12.97,11.2,30.09,31.84,28.05,24.42,24.55,24.21,22.45,22.73,22.17,21.73,21.9,21.55,22.5,22.53,22.5,23.55,23.55,23.54,24.39,24.42,24.38,25.09,25.1,25.08,6838,10104
2025-09-27 16:00:00,1.09,32.57,32.91,27.46,15.49,19.4,13,11.23,32.89,33.25,32.31,24.44,24.59,24.31,21.75,22.13,21.41,21.35,21.54,21.19,22.47,22.5,22.43,23.58,23.66,23.55,24.49,24.5,24.44,25.1,25.14,25.1,6844,10388
2025-09-27 15:00:00,1.1,33.17,33.13,27.57,15.38,19.26,13.01,11.2,34.3,35.15,33.37,23.91,24.27,23.39,20.89,21.31,20.48,21.04,21.19,20.95,22.47,22.5,22.43,23.66,23.68,23.66,24.54,24.61,24.5,25.19,25.21,25.15,6842,10301
2025-09-27 14:00:00,1.22,33.79,33.38,27.69,15.26,19.19,13.02,11.18,33.05,34.2,31.95,22.5,23.29,21.76,20.02,20.37,19.65,20.85,20.93,20.81,22.5,22.5,22.5,23.76,23.79,23.67,24.62,24.63,24.61,25.21,25.21,25.21,6847,10451
2025-09-27 13:00:00,1.35,34.31,33.57,27.8,15.06,19.07,13.02,11.19,31.56,32.24,30.21,20.66,21.55,19.77,19.29,19.62,18.99,20.74,20.81,20.72,22.6,22.65,22.54,23.87,23.9,23.8,24.69,24.74,24.63,25.24,25.3,25.21,6847,10443
2025-09-27 12:00:00,1.4,34.77,33.77,27.84,14.76,18.98,13.03,11.2,28.26,29.71,27.32,18.83,19.66,17.92,18.76,18.94,18.59,20.82,20.84,20.75,22.76,22.85,22.71,23.99,24.03,23.92,24.77,24.83,24.74,25.32,25.33,25.3,6844,9990
2025-09-27 11:00:00,1.44,35.36,33.92,27.83,14.38,18.85,13.02,11.22,24.17,27.14,21.35,17.01,17.76,16.34,18.47,18.58,18.45,20.97,21.07,20.87,22.94,23.05,22.85,24.12,24.16,24.06,24.85,24.85,24.84,25.33,25.33,25.33,6844,10557
2025-09-27 10:00:00,1.3,36.08,34.02,27.66,13.86,18.78,13.03,11.22,17.45,20.84,14.62,15.61,16.23,15.06,18.47,18.58,18.45,21.24,21.41,21.07,23.14,23.23,23.08,24.24,24.26,24.19,24.89,24.95,24.85,25.33,25.35,25.33,6844,10786
2025-09-27 09:00:00,1.69,36.68,34.1,27.3,13.23,18.71,13.02,11.21,12.18,14.13,10.43,14.76,15.04,14.66,18.73,18.94,18.59,21.56,21.75,21.43,23.37,23.45,23.26,24.36,24.39,24.3,24.97,24.97,24.97,25.37,25.41,25.35,6842,10672
2025-09-27 08:00:00,2.09,36.82,33.98,26.62,12.51,18.68,13.02,11.19,9.42,10.07,9.26,14.85,15.04,14.68,19.14,19.31,18.94,21.9,22.02,21.77,23.58,23.68,23.46,24.48,24.5,24.44,24.98,25,24.97,25.42,25.44,25.41,6546,6854
2025-09-27 07:00:00,2.01,36.75,33.86,25.77,11.84,18.64,13.03,11.18,9.72,9.96,9.43,15.27,15.48,15.05,19.55,19.77,19.4,22.22,22.37,22.05,23.78,23.92,23.68,24.57,24.61,24.49,25.06,25.09,25.04,25.44,25.45,25.44,6470,0
2025-09-27 06:00:00,1.93,36.53,33.65,24.74,11.3,18.6,13.03,11.18,9.89,9.96,9.84,15.71,15.92,15.52,19.97,20.2,19.77,22.56,22.73,22.37,23.99,24.05,23.92,24.64,24.7,24.61,25.09,25.09,25.09,25.45,25.45,25.45,6481,0
2025-09-27 05:00:00,1.88,36.37,33.41,23.59,10.98,18.59,13.03,11.18,10.21,10.43,9.96,16.21,16.45,15.98,20.42,20.61,20.25,22.87,22.99,22.73,24.16,24.26,24.07,24.73,24.73,24.71,25.09,25.09,25.09,25.45,25.45,25.44,6497,0
2025-09-27 04:00:00,1.86,36.21,33.14,22.32,10.81,18.57,13.03,11.18,10.7,10.88,10.52,16.74,17.02,16.48,20.89,21.09,20.71,23.19,23.32,23.07,24.32,24.39,24.27,24.73,24.74,24.73,25.09,25.09,25.09,25.45,25.45,25.45,6510,0
2025-09-27 03:00:00,1.85,36.2,32.97,21,10.7,18.55,13.02,11.18,11.21,11.55,10.91,17.32,17.62,17.04,21.36,21.56,21.18,23.48,23.64,23.32,24.43,24.51,24.39,24.76,24.78,24.74,25.09,25.09,25.09,25.45,25.45,25.45,6522,0
2025-09-27 02:00:00,1.92,36.14,32.71,19.53,10.67,18.52,13.01,11.18,11.87,12.09,11.61,17.93,18.24,17.65,21.87,22.14,21.66,23.78,23.91,23.67,24.51,24.54,24.51,24.76,24.79,24.74,25.09,25.1,25.09,25.45,25.45,25.45,6530,0
2025-09-27 01:00:00,1.9,35.97,32.27,17.93,10.64,18.52,12.99,11.18,12.48,12.8,12.1,18.62,18.95,18.29,22.39,22.61,22.14,24.03,24.15,23.91,24.57,24.61,24.52,24.74,24.75,24.73,25.09,25.09,25.08,25.45,25.45,25.45,6535,0
2025-09-27 00:00:00,1.95,35.6,31.69,16.45,10.64,18.49,12.98,11.18,13.09,13.39,12.89,19.35,19.67,19.04,22.89,23.11,22.67,24.25,24.38,24.15,24.58,24.61,24.53,24.73,24.73,24.73,25.08,25.09,25.08,25.45,25.46,25.45,6522,0
2025-09-26 23:00:00,1.9,35.6,31.24,14.97,10.65,18.43,12.96,11.18,13.69,13.86,13.39,20.12,20.49,19.77,23.39,23.59,23.2,24.44,24.5,24.38,24.52,24.55,24.5,24.7,24.73,24.65,25.07,25.09,25.05,25.46,25.47,25.45,6542,0
2025-09-26 22:00:00,1.95,35.64,30.66,13.4,10.6,18.39,12.96,11.19,14.72,15.28,14.09,20.98,21.4,20.6,23.85,24.03,23.67,24.5,24.52,24.5,24.42,24.5,24.39,24.62,24.64,24.61,25.05,25.08,25.02,25.48,25.52,25.46,6568,0
2025-09-26 21:00:00,1.87,35.77,29.94,11.93,10.56,18.37,12.96,11.19,16.03,16.45,15.52,21.81,22.22,21.43,24.25,24.42,24.07,24.48,24.5,24.39,24.28,24.39,24.18,24.58,24.61,24.54,25.05,25.07,25.04,25.54,25.57,25.51,6613,0
2025-09-26 20:00:00,1.78,36.43,29.17,11.05,10.54,18.4,12.97,11.2,17.04,17.42,16.7,22.61,22.97,22.26,24.6,24.74,24.49,24.27,24.38,24.15,24.1,24.15,24.04,24.5,24.53,24.49,25.07,25.09,25.05,25.57,25.57,25.56,6693,0
2025-09-26 19:00:00,1.77,37.08,26.98,10.54,10.52,18.38,12.98,11.22,17.82,18.16,17.41,23.52,24.03,23.09,24.83,24.86,24.74,23.95,24.14,23.79,23.94,24.04,23.87,24.49,24.49,24.49,25.09,25.09,25.08,25.57,25.58,25.57,6802,7043
2025-09-26 18:00:00,1.77,36.27,23.8,10.39,10.5,18.38,13,11.22,18.71,19.29,18.12,24.8,25.49,24.15,24.73,24.86,24.53,23.57,23.79,23.33,23.77,23.82,23.69,24.48,24.49,24.48,25.09,25.09,25.09,25.61,25.67,25.57,6822,9045
2025-09-26 17:00:00,1.62,34.91,21.65,10.34,10.48,18.37,13.02,11.16,22.28,24.62,19.53,25.94,26.06,25.58,24.2,24.5,23.85,23.11,23.32,22.93,23.66,23.68,23.6,24.49,24.49,24.49,25.1,25.14,25.09,25.68,25.69,25.66,6822,8808
2025-09-26 16:00:00,1.53,33.91,20.31,10.31,10.51,18.38,12.95,11.17,24.28,24.86,23.68,25.89,26.03,25.63,23.36,23.79,22.97,22.7,22.85,22.5,23.56,23.59,23.56,24.49,24.49,24.49,25.18,25.21,25.15,25.69,25.69,25.69,6847,10778
2025-09-26 15:00:00,1.62,32.04,19.31,10.29,10.49,18.38,12.92,11.18,25.01,25.57,24.62,25.16,25.57,24.68,22.39,22.85,21.9,22.31,22.48,22.14,23.56,23.56,23.56,24.5,24.54,24.49,25.21,25.22,25.21,25.72,25.78,25.69,6847,10715
2025-09-26 14:00:00,1.59,29.35,18.54,10.24,10.49,18.35,12.93,11.17,25.2,25.92,24.74,24.05,24.62,23.43,21.33,21.78,20.84,22.05,22.14,22,23.56,23.56,23.56,24.59,24.61,24.56,25.29,25.33,25.25,25.8,25.81,25.78,6847,10758
2025-09-26 13:00:00,1.41,26.88,18.08,10.17,10.49,18.36,12.94,11.17,26.69,27.51,25.47,22.35,23.3,21.43,20.37,20.8,20.01,21.9,21.97,21.89,23.6,23.67,23.56,24.63,24.7,24.61,25.33,25.33,25.33,25.81,25.81,25.81,6847,10782
2025-09-26 12:00:00,1.32,25.35,17.84,10.16,10.48,18.36,12.91,11.19,28.76,30.77,27.12,20.33,21.25,19.31,19.58,19.9,19.29,21.89,21.9,21.88,23.69,23.75,23.68,24.73,24.73,24.71,25.38,25.45,25.33,25.82,25.83,25.81,6847,10703
2025-09-26 11:00:00,1.26,24.99,17.65,10.15,10.48,18.36,12.9,11.17,26.42,27.7,24.51,18.22,19.18,17.31,19.07,19.29,18.94,21.94,22.02,21.9,23.81,23.89,23.76,24.8,24.85,24.73,25.45,25.45,25.44,25.88,25.92,25.85,6847,10727
2025-09-26 10:00:00,1.14,25.08,17.54,10.02,10.67,18.63,12.31,11.19,20.66,23.91,17.87,16.48,17.17,15.87,18.94,18.94,18.93,22.14,22.25,22.02,23.94,24.04,23.87,24.88,24.95,24.85,25.49,25.54,25.45,25.92,25.92,25.89,6847,10632
2025-09-26 09:00:00,1.01,25.31,17.48,9.97,10.68,18.59,12.32,11.2,15.09,17.53,12.32,15.46,15.75,15.28,19.07,19.23,18.94,22.43,22.61,22.26,24.09,24.15,24.04,24.97,25.02,24.96,25.56,25.56,25.55,25.92,25.92,25.92,6840,10498
2025-09-26 08:00:00,0.87,25.36,17.45,9.94,10.69,18.59,12.32,11.19,11.07,11.81,10.91,15.45,15.64,15.29,19.44,19.6,19.29,22.74,22.85,22.61,24.25,24.35,24.15,25.07,25.08,25.03,25.57,25.6,25.56,25.92,25.93,25.92,6550,6858
2025-09-26 07:00:00,0.87,25.43,17.46,9.93,10.69,18.59,12.3,11.2,11.16,11.38,11.02,15.82,15.99,15.64,19.79,19.95,19.65,23,23.1,22.87,24.42,24.51,24.38,25.14,25.2,25.08,25.62,25.66,25.58,25.92,25.93,25.92,6481,0
2025-09-26 06:00:00,0.9,25.52,17.44,9.96,10.71,18.63,12.28,11.2,11.58,11.74,11.39,16.2,16.37,16,20.17,20.36,20.01,23.27,23.43,23.17,24.58,24.63,24.51,25.2,25.22,25.2,25.68,25.68,25.67,25.93,25.95,25.92,6488,0
2025-09-26 05:00:00,0.99,25.6,17.42,9.97,10.72,18.61,12.29,11.2,11.99,12.21,11.76,16.6,16.79,16.45,20.57,20.73,20.36,23.54,23.67,23.43,24.71,24.75,24.63,25.29,25.32,25.22,25.68,25.68,25.67,25.97,25.99,25.95,6506,0
2025-09-26 04:00:00,1.03,25.8,17.37,9.98,10.74,18.61,12.3,11.19,12.31,12.32,12.26,16.98,17.17,16.82,20.99,21.19,20.82,23.81,23.91,23.67,24.85,24.88,24.79,25.32,25.33,25.32,25.68,25.68,25.68,25.98,26.01,25.97,6519,0
2025-09-26 03:00:00,1.01,25.92,17.37,10.02,10.74,18.59,12.31,11.17,12.38,12.44,12.32,17.45,17.69,17.19,21.46,21.67,21.27,24.06,24.15,23.92,24.96,24.98,24.88,25.35,25.4,25.33,25.68,25.69,25.68,26,26.03,25.99,6528,0
2025-09-26 02:00:00,0.98,26.14,17.37,10.06,10.72,18.55,12.3,11.17,12.65,12.92,12.44,18.01,18.29,17.76,21.97,22.25,21.72,24.31,24.41,24.21,25.05,25.1,24.98,25.42,25.43,25.39,25.68,25.69,25.68,26.02,26.03,26,6537,0
2025-09-26 01:00:00,0.96,26.5,17.32,10.07,10.75,18.54,12.3,11.17,13.35,13.62,13.02,18.65,18.95,18.36,22.48,22.73,22.26,24.55,24.62,24.46,25.1,25.12,25.1,25.43,25.44,25.43,25.68,25.7,25.68,26.03,26.04,26.02,6542,0
2025-09-26 00:00:00,0.98,26.93,17.23,10.07,10.76,18.54,12.3,11.17,14.01,14.34,13.68,19.33,19.66,19.06,22.98,23.2,22.73,24.73,24.82,24.63,25.16,25.19,25.14,25.42,25.44,25.42,25.68,25.69,25.68,26.04,26.04,26.03,6524,0
2025-09-25 23:00:00,0.99,27.49,17.13,10.13,10.75,18.56,12.29,11.17,14.75,15.1,14.45,20.01,20.37,19.66,23.48,23.67,23.21,24.88,24.97,24.85,25.17,25.2,25.14,25.4,25.43,25.37,25.68,25.69,25.68,26.04,26.04,26.04,6533,0
2025-09-25 22:00:00,1,28.2,16.93,10.15,10.73,18.6,12.29,11.17,15.5,15.99,15.15,20.77,21.08,20.42,23.97,24.16,23.77,24.97,24.98,24.97,25.12,25.17,25.1,25.35,25.39,25.32,25.68,25.69,25.68,26.04,26.04,26.04,6550,0
2025-09-25 21:00:00,0.99,29.45,16.49,10.15,10.71,18.61,12.3,11.18,16.23,16.34,16,21.44,21.76,21.18,24.44,24.65,24.23,24.99,25.02,24.98,25.09,25.1,25.04,25.32,25.32,25.32,25.68,25.68,25.68,26.04,26.05,26.04,6613,0
2025-09-25 20:00:00,1.28,31.68,15.22,10.17,10.69,18.58,12.3,11.18,16.42,16.73,16.2,22.22,22.73,21.78,24.97,25.21,24.74,24.97,24.99,24.96,24.99,25.03,24.98,25.32,25.32,25.31,25.68,25.7,25.68,26.05,26.06,26.04,6693,0
2025-09-25 19:00:00,1.54,30.17,12.18,10.15,10.67,18.51,12.3,11.14,17.28,17.68,16.81,23.44,24.11,22.85,25.43,25.57,25.25,24.83,24.93,24.74,24.9,24.98,24.86,25.31,25.32,25.31,25.7,25.74,25.68,26.1,26.14,26.06,6802,7047
2025-09-25 18:00:00,1.45,25.77,10.45,10.12,10.66,18.49,12.3,11.12,18.22,18.59,17.76,25.07,26.03,24.27,25.56,25.57,25.5,24.61,24.74,24.5,24.81,24.86,24.75,25.31,25.32,25.3,25.76,25.79,25.73,26.15,26.16,26.12,6822,8990
2025-09-25 17:00:00,1.2,21,10.09,10.1,10.63,18.51,12.27,11.12,22.48,25.69,18.95,26.79,27.11,26.16,25.28,25.46,25.09,24.32,24.5,24.15,24.74,24.75,24.72,25.32,25.32,25.31,25.8,25.8,25.79,26.16,26.16,26.16,6824,10136
2025-09-25 16:00:00,1.31,15.32,9.95,10.06,10.61,18.56,12.27,11.14,25.23,26.27,24.57,27.19,27.22,27.11,24.78,25.01,24.52,24.03,24.15,23.91,24.65,24.68,24.63,25.32,25.32,25.32,25.8,25.82,25.8,26.16,26.18,26.16,6847,11003
2025-09-25 15:00:00,1.16,10.1,9.83,9.99,10.62,18.6,12.25,11.14,26.55,27.19,25.57,27.5,27.82,27.23,24.2,24.5,23.91,23.79,23.9,23.69,24.63,24.66,24.63,25.33,25.37,25.32,25.85,25.9,25.82,26.19,26.23,26.17,6847,11007
2025-09-25 14:00:00,1.04,7.38,9.7,9.9,10.65,18.58,12.22,11.12,28.65,35.98,25.92,28.11,28.3,27.82,23.45,23.81,23,23.63,23.68,23.55,24.71,24.75,24.64,25.43,25.44,25.42,25.91,25.92,25.9,26.25,26.28,26.23,6847,11070
2025-09-25 13:00:00,0.76,6.69,9.58,9.85,10.64,18.67,12.2,11.12,37.82,38.53,36.8,26.53,27.79,25.32,22.49,22.93,22.13,23.44,23.5,23.43,24.75,24.75,24.74,25.44,25.44,25.44,25.92,25.92,25.92,26.28,26.28,26.26,6849,10357
2025-09-25 12:00:00,0.79,6.6,9.49,9.83,10.68,18.69,12.21,11.13,35.43,36.71,33.62,23.61,25.08,22.08,21.69,22.02,21.42,23.42,23.44,23.4,24.76,24.8,24.75,25.45,25.49,25.44,25.93,25.93,25.92,26.28,26.28,26.28,6849,10364
2025-09-25 11:00:00,0.85,6.38,9.37,9.81,10.67,18.7,12.22,11.14,29.94,33.37,26.16,20.48,21.78,19.29,21.17,21.33,21.04,23.44,23.49,23.43,24.84,24.86,24.81,25.54,25.56,25.51,25.97,26.01,25.93,26.28,26.28,26.28,6847,10475
2025-09-25 10:00:00,0.68,6.19,9.27,9.81,10.67,18.7,12.19,11.15,21.91,25.48,18.7,18.09,19.07,17.17,20.96,20.99,20.96,23.58,23.67,23.53,24.89,24.98,24.86,25.56,25.56,25.56,26.03,26.04,26.01,26.28,26.29,26.28,6844,10581
2025-09-25 09:00:00,0.57,5.99,9.22,9.77,10.67,18.68,12.2,11.15,14.9,18.24,10.75,16.46,17.04,16.11,21.08,21.3,20.96,23.77,23.91,23.67,24.99,25.06,24.98,25.6,25.66,25.56,26.04,26.04,26.04,26.29,26.32,26.28,6838,10317
2025-09-25 08:00:00,0.41,5.87,9.2,9.74,10.67,18.65,12.22,11.13,9.34,10.05,9.01,16.33,16.58,16.11,21.48,21.66,21.3,24.05,24.15,23.91,25.11,25.2,25.08,25.67,25.67,25.67,26.04,26.04,26.04,26.32,26.35,26.31,6528,6819
2025-09-25 07:00:00,0.42,5.88,9.24,9.79,10.66,18.67,12.23,11.12,10.03,10.2,9.84,16.85,17.04,16.65,21.86,22.07,21.66,24.26,24.38,24.15,25.23,25.32,25.19,25.69,25.75,25.67,26.04,26.07,26.04,26.35,26.37,26.32,6486,0
2025-09-25 06:00:00,0.41,5.88,9.26,9.8,10.68,18.67,12.23,11.12,10.31,10.66,9.96,17.41,17.65,17.17,22.29,22.49,22.13,24.5,24.62,24.38,25.34,25.38,25.32,25.77,25.79,25.73,26.06,26.09,26.04,26.36,26.39,26.35,6497,0
2025-09-25 05:00:00,0.4,5.89,9.27,9.81,10.64,18.67,12.21,11.12,10.88,11.16,10.57,17.99,18.24,17.73,22.68,22.85,22.49,24.72,24.83,24.62,25.45,25.46,25.42,25.79,25.79,25.79,26.08,26.09,26.07,26.38,26.4,26.37,6513,0
2025-09-25 04:00:00,0.45,5.97,9.31,9.86,10.67,18.67,12.21,11.12,11.52,11.97,11.19,18.61,18.92,18.35,23.11,23.32,22.95,24.92,25,24.86,25.53,25.57,25.46,25.79,25.79,25.79,26.09,26.12,26.07,26.39,26.4,26.38,6524,0
2025-09-25 03:00:00,0.53,5.96,9.34,9.89,10.68,18.68,12.2,11.12,12.49,13.27,11.97,19.24,19.53,18.95,23.53,23.71,23.32,25.13,25.21,25.06,25.57,25.58,25.57,25.79,25.8,25.79,26.08,26.12,26.05,26.39,26.4,26.37,6535,0
2025-09-25 02:00:00,0.51,6.04,9.38,9.92,10.7,18.67,12.22,11.12,13.17,13.62,12.83,19.78,20.09,19.54,23.99,24.22,23.79,25.3,25.38,25.21,25.6,25.64,25.58,25.79,25.79,25.79,26.06,26.07,26.04,26.4,26.4,26.4,6542,0
2025-09-25 01:00:00,0.5,6.01,9.44,9.93,10.7,18.65,12.22,11.12,13.31,13.61,13.08,20.44,20.83,20.12,24.49,24.74,24.27,25.47,25.57,25.42,25.62,25.65,25.61,25.79,25.79,25.79,26.04,26.07,26.04,26.4,26.4,26.4,6542,0
2025-09-25 00:00:00,0.5,5.97,9.51,9.94,10.68,18.64,12.21,11.12,13.45,13.98,13.15,21.3,21.77,20.84,25.02,25.29,24.75,25.59,25.64,25.57,25.58,25.6,25.57,25.78,25.79,25.75,26.04,26.06,26.04,26.4,26.4,26.4,6522,0
2025-09-24 23:00:00,0.5,6,9.57,9.95,10.65,18.66,12.22,11.14,14.19,14.37,14.09,22.35,22.89,21.78,25.58,25.82,25.33,25.68,25.68,25.65,25.56,25.57,25.51,25.71,25.76,25.67,26.04,26.05,26.04,26.4,26.42,26.4,6537,0
2025-09-24 22:00:00,0.51,6.03,9.59,9.96,10.64,18.64,12.23,11.15,14.69,14.93,14.46,23.73,24.5,23.04,26.12,26.37,25.91,25.64,25.68,25.57,25.46,25.51,25.45,25.67,25.68,25.67,26.05,26.07,26.04,26.42,26.46,26.4,6550,0
2025-09-24 21:00:00,0.49,6.15,9.64,9.98,10.67,18.63,12.21,11.1,16.31,17.76,15.16,25.58,26.51,24.64,26.56,26.73,26.39,25.52,25.57,25.45,25.35,25.43,25.33,25.67,25.67,25.67,26.08,26.1,26.04,26.49,26.52,26.46,6608,0
2025-09-24 20:00:00,0.52,6.16,9.69,10,10.66,18.62,12.2,11.09,20.35,22.85,18.08,27.68,28.6,26.74,26.75,26.76,26.73,25.29,25.43,25.17,25.24,25.33,25.21,25.67,25.67,25.67,26.13,26.16,26.1,26.52,26.52,26.52,6684,0
2025-09-24 19:00:00,0.55,6.29,9.75,10.02,10.68,18.62,12.22,11.1,25.89,28.29,23.32,29.48,30.15,28.76,26.64,26.75,26.51,24.97,25.1,24.84,25.13,25.22,25.1,25.67,25.67,25.67,26.16,26.16,26.15,26.54,26.57,26.52,6802,7043
2025-09-24 18:00:00,0.49,6.46,9.81,10,10.67,18.63,12.23,11.11,30.41,31.87,28.76,30.67,31.03,30.21,26.18,26.41,25.92,24.61,24.75,24.45,25.02,25.1,24.98,25.67,25.67,25.67,26.17,26.21,26.16,26.61,26.63,26.58,6822,8856
2025-09-24 17:00:00,0.52,6.54,9.82,9.99,10.68,18.64,12.19,11.1,34.89,36.54,32.13,31.16,31.25,31.01,25.42,25.81,24.99,24.24,24.41,24.07,24.96,24.98,24.92,25.67,25.67,25.67,26.26,26.27,26.23,26.63,26.63,26.63,6838,9616
2025-09-24 16:00:00,0.56,6.62,9.74,9.94,10.68,18.66,12.19,11.12,38.38,40.46,36.68,30.39,30.91,29.62,24.48,24.98,24.03,23.9,24.03,23.78,24.87,24.9,24.86,25.67,25.7,25.67,26.27,26.27,26.27,26.64,26.66,26.63,6842,10167
2025-09-24 15:00:00,0.6,6.61,9.64,9.9,10.69,18.69,12.2,11.12,39.05,40.82,37.75,28.59,29.46,27.65,23.48,23.91,23.06,23.63,23.78,23.56,24.86,24.87,24.86,25.73,25.79,25.68,26.32,26.39,26.27,26.71,26.74,26.66,6849,10211
2025-09-24 14:00:00,0.69,6.57,9.55,9.87,10.7,18.7,12.19,11.12,36.08,39.29,33.02,26.38,27.44,25.58,22.57,22.97,22.25,23.46,23.55,23.44,24.88,24.95,24.86,25.79,25.79,25.78,26.38,26.39,26.36,26.75,26.75,26.74,6849,10294
2025-09-24 13:00:00,0.65,6.53,9.46,9.85,10.7,18.7,12.22,11.13,34.33,35.58,32.31,24.27,25.45,23.2,21.8,22.14,21.51,23.38,23.44,23.35,24.98,24.98,24.94,25.81,25.87,25.79,26.39,26.41,26.39,26.75,26.75,26.75,6844,10112
2025-09-24 12:00:00,0.85,6.4,9.42,9.85,10.67,18.7,12.18,11.15,32.1,34.34,30.32,21.91,22.97,20.61,21.26,21.43,21.15,23.37,23.39,23.33,25,25.08,24.98,25.9,25.91,25.87,26.49,26.51,26.45,26.76,26.79,26.75,6844,10301
2025-09-24 11:00:00,0.8,6.32,9.73,9.86,10.58,18.74,12.18,11.21,26.31,29.83,23.2,18.94,20.37,17.65,20.86,21.07,20.67,23.44,23.49,23.41,25.1,25.15,25.09,25.96,26.02,25.91,26.51,26.51,26.51,26.82,26.85,26.78,6847,10735
2025-09-24 10:00:00,0.73,6.1,9.67,9.84,10.54,18.74,12.19,11.18,18.92,22.38,16.45,16.45,17.41,15.52,20.53,20.6,20.48,23.61,23.67,23.53,25.23,25.32,25.2,26.03,26.04,26.03,26.52,26.57,26.51,26.86,26.87,26.85,6842,10585
2025-09-24 09:00:00,0.66,5.96,9.62,9.81,10.55,18.75,12.2,11.18,12.4,16.12,8.3,14.59,15.4,14.1,20.51,20.6,20.48,23.83,24.01,23.67,25.37,25.46,25.33,26.12,26.15,26.04,26.61,26.63,26.57,26.87,26.87,26.86,6838,10691
2025-09-24 08:00:00,0.53,5.79,9.58,9.82,10.54,18.76,12.2,11.18,6.3,7.48,5.94,14.23,14.43,14.1,20.86,21.07,20.68,24.16,24.27,24.03,25.52,25.58,25.46,26.18,26.25,26.15,26.63,26.63,26.63,26.87,26.87,26.87,6542,6858
2025-09-24 07:00:00,0.56,5.84,9.61,9.82,10.54,18.77,12.22,11.18,6.13,6.17,6.01,14.65,14.84,14.46,21.32,21.55,21.07,24.47,24.62,24.32,25.68,25.76,25.58,26.27,26.31,26.26,26.64,26.65,26.63,26.87,26.87,26.87,6457,0
2025-09-24 06:00:00,0.53,5.86,9.67,9.84,10.55,18.76,12.21,11.19,6.07,6.14,6.03,15.17,15.47,14.93,21.84,22.14,21.55,24.76,24.92,24.62,25.84,25.93,25.77,26.35,26.38,26.29,26.67,26.71,26.64,26.87,26.89,26.87,6470,0
2025-09-24 05:00:00,0.55,5.8,9.71,9.89,10.56,18.76,12.19,11.19,6.46,6.91,6.17,15.86,16.23,15.52,22.39,22.62,22.14,25.07,25.21,24.94,25.97,26.05,25.93,26.38,26.4,26.38,26.72,26.74,26.69,26.87,26.89,26.87,6486,0
2025-09-24 04:00:00,0.57,5.79,9.7,9.92,10.55,18.77,12.2,11.19,7.31,7.6,7,16.61,16.94,16.25,22.94,23.2,22.72,25.34,25.45,25.21,26.08,26.17,26.05,26.41,26.45,26.39,26.74,26.75,26.72,26.88,26.9,26.87,6502,0
2025-09-24 03:00:00,0.57,5.8,9.76,9.95,10.55,18.77,12.2,11.19,7.99,8.34,7.7,17.43,17.82,17.04,23.52,23.79,23.22,25.61,25.72,25.47,26.19,26.27,26.16,26.49,26.5,26.46,26.74,26.75,26.74,26.9,26.92,26.88,6513,0
2025-09-24 02:00:00,0.51,5.85,9.83,9.98,10.53,18.77,12.19,11.19,8.76,9.01,8.42,18.32,18.79,17.87,24.13,24.38,23.83,25.86,25.95,25.77,26.28,26.28,26.27,26.49,26.5,26.47,26.74,26.75,26.72,26.93,26.97,26.91,6524,0
2025-09-24 01:00:00,0.5,5.89,9.92,10.02,10.54,18.77,12.19,11.18,9.52,9.97,9.13,19.35,19.89,18.83,24.76,25.09,24.5,26.07,26.16,25.99,26.28,26.29,26.28,26.48,26.5,26.47,26.74,26.75,26.73,26.96,26.99,26.95,6533,0
2025-09-24 00:00:00,0.5,5.92,9.99,10,10.53,18.76,12.19,11.18,10.54,11.04,10.08,20.55,21.16,19.99,25.41,25.69,25.09,26.23,26.28,26.16,26.29,26.3,26.28,26.45,26.47,26.44,26.74,26.75,26.72,26.98,26.99,26.97,6510,0
2025-09-23 23:00:00,0.59,5.93,10.04,10.04,10.53,18.75,12.19,11.17,11.87,12.68,11.19,21.97,22.72,21.3,26.06,26.37,25.8,26.37,26.39,26.31,26.28,26.28,26.28,26.4,26.42,26.38,26.74,26.75,26.72,26.99,26.99,26.98,6528,0
2025-09-23 22:00:00,0.6,6,10.07,10.08,10.54,18.74,12.2,11.18,13.58,14.45,12.8,23.63,24.5,22.84,26.67,26.95,26.39,26.39,26.39,26.39,26.22,26.28,26.17,26.38,26.38,26.38,26.75,26.75,26.74,26.99,27,26.99,6546,0
2025-09-23 21:00:00,0.62,6.12,10.14,10.07,10.55,18.73,12.2,11.19,16.11,17.85,14.69,25.63,26.63,24.67,27.17,27.34,26.99,26.32,26.39,26.26,26.13,26.17,26.05,26.38,26.38,26.38,26.75,26.75,26.75,27.02,27.08,26.99,6588,0
2025-09-23 20:00:00,0.66,6.16,10.27,10.12,10.56,18.73,12.2,11.2,21.15,23.91,18.26,27.73,28.53,26.85,27.44,27.47,27.34,26.12,26.22,26.04,26.02,26.05,25.94,26.38,26.38,26.38,26.75,26.75,26.75,27.09,27.11,27.05,6662,0
2025-09-23 19:00:00,0.68,6.25,10.31,10.14,10.55,18.72,12.2,11.2,25.53,26.55,24.25,29.42,30.23,28.64,27.44,27.47,27.34,25.83,25.98,25.68,25.92,25.94,25.87,26.38,26.38,26.38,26.77,26.83,26.75,27.11,27.11,27.1,6766,6996
2025-09-23 18:00:00,0.63,6.4,10.29,10.12,10.55,18.73,12.18,11.22,28.21,30.5,26.75,31.32,32.27,30.42,27.18,27.34,26.99,25.54,25.68,25.41,25.82,25.86,25.81,26.38,26.38,26.38,26.85,26.86,26.84,27.11,27.13,27.11,6838,7095
2025-09-23 17:00:00,0.49,6.56,10.31,10.14,10.56,18.74,12.21,11.22,37.3,40.59,31.36,32.58,32.68,32.43,26.55,26.91,26.17,25.17,25.34,24.97,25.74,25.81,25.69,26.38,26.39,26.38,26.86,26.86,26.86,27.18,27.22,27.13,6822,7709
2025-09-23 16:00:00,0.57,6.64,10.3,10.1,10.55,18.76,12.2,11.2,40.08,41.09,39.52,32.25,32.43,32.09,25.73,26.16,25.32,24.83,24.97,24.7,25.69,25.69,25.69,26.4,26.45,26.38,26.9,26.96,26.86,27.22,27.22,27.22,6849,10349
2025-09-23 15:00:00,0.72,6.78,10.21,10.08,10.54,18.78,12.22,11.21,43.38,44.4,41.53,31.55,32.07,30.68,24.73,25.21,24.27,24.53,24.63,24.39,25.68,25.69,25.67,26.48,26.5,26.44,26.97,26.98,26.96,27.22,27.23,27.22,6847,10451
2025-09-23 14:00:00,0.81,6.76,10.07,10.07,10.56,18.81,12.23,11.21,43.67,44.61,41.77,28.6,30.42,26.8,23.78,24.16,23.4,24.31,24.38,24.26,25.69,25.69,25.68,26.5,26.5,26.5,26.98,27.01,26.98,27.25,27.29,27.22,6847,10550
2025-09-23 13:00:00,0.78,6.62,9.95,10.06,10.59,18.81,12.2,11.2,36.79,40.82,34.28,25.3,26.52,24.15,22.97,23.32,22.61,24.24,24.26,24.21,25.71,25.79,25.69,26.56,26.62,26.5,27.06,27.09,27.01,27.32,27.34,27.31,6847,10400
2025-09-23 12:00:00,0.73,6.53,9.89,10.01,10.56,18.76,12.19,11.2,33.36,34.2,31.95,22.77,23.91,21.21,22.26,22.6,21.96,24.17,24.19,24.15,25.8,25.83,25.77,26.62,26.62,26.62,27.1,27.1,27.1,27.34,27.34,27.34,6847,10585
2025-09-23 11:00:00,0.84,6.35,9.79,9.98,10.57,18.77,12.19,11.21,26.97,31.25,23.71,19.45,20.96,18.11,21.66,21.89,21.47,24.26,24.29,24.22,25.89,25.93,25.81,26.68,26.74,26.63,27.14,27.2,27.1,27.34,27.34,27.34,6847,10569
2025-09-23 10:00:00,0.76,6.1,9.69,9.88,10.57,18.78,12.18,11.21,19.53,23.22,15.86,16.71,17.87,15.64,21.35,21.43,21.3,24.42,24.5,24.35,26,26.05,25.93,26.75,26.81,26.74,27.22,27.22,27.2,27.35,27.38,27.34,6847,10672
2025-09-23 09:00:00,0.65,5.98,9.64,9.86,10.55,18.79,12.2,11.2,10.42,15.16,6.77,14.94,15.4,14.78,21.37,21.54,21.29,24.7,24.86,24.51,26.15,26.27,26.05,26.86,26.86,26.85,27.22,27.23,27.22,27.4,27.45,27.37,6838,10624
2025-09-23 08:00:00,0.53,5.88,9.65,9.86,10.54,18.78,12.19,11.21,6.15,6.53,6.04,15.03,15.28,14.81,21.8,22.03,21.55,25.03,25.2,24.86,26.33,26.4,26.28,26.93,26.97,26.86,27.29,27.34,27.26,27.45,27.46,27.44,6517,6815
2025-09-23 07:00:00,0.53,5.82,9.69,9.89,10.54,18.78,12.18,11.21,6.42,6.65,6.17,15.62,15.89,15.32,22.31,22.52,22.1,25.33,25.45,25.21,26.49,26.55,26.4,26.99,27.05,26.97,27.34,27.34,27.33,27.46,27.46,27.45,6461,0
2025-09-23 06:00:00,0.56,5.8,9.69,9.92,10.53,18.74,12.2,11.21,7.03,7.34,6.7,16.28,16.6,15.99,22.82,23.08,22.61,25.62,25.77,25.45,26.66,26.76,26.58,27.09,27.09,27.07,27.34,27.34,27.34,27.46,27.46,27.46,6475,0
2025-09-23 05:00:00,0.55,5.84,9.74,9.98,10.55,18.76,12.2,11.22,7.68,8,7.37,17.01,17.4,16.69,23.35,23.58,23.09,25.91,26.04,25.8,26.79,26.87,26.75,27.11,27.17,27.09,27.34,27.35,27.34,27.46,27.46,27.46,6488,0
2025-09-23 04:00:00,0.54,5.84,9.79,9.96,10.52,18.76,12.22,11.22,8.39,8.85,8.07,17.82,18.24,17.41,23.9,24.15,23.65,26.18,26.3,26.04,26.91,26.99,26.87,27.2,27.21,27.19,27.35,27.38,27.34,27.46,27.47,27.46,6506,0
2025-09-23 03:00:00,0.5,5.91,9.85,9.98,10.51,18.73,12.22,11.22,9.39,9.89,8.89,18.71,19.16,18.31,24.45,24.74,24.18,26.45,26.55,26.36,27.01,27.06,26.99,27.21,27.21,27.21,27.38,27.4,27.35,27.46,27.48,27.46,6519,0
2025-09-23 02:00:00,0.51,5.97,9.95,10,10.53,18.74,12.22,11.24,10.52,11.07,9.96,19.64,20.07,19.18,25.01,25.29,24.74,26.68,26.76,26.59,27.11,27.11,27.09,27.21,27.21,27.21,27.4,27.42,27.38,27.46,27.47,27.46,6530,0
2025-09-23 01:00:00,0.57,5.96,10,10.01,10.53,18.74,12.22,11.23,11.67,12.12,11.21,20.58,21.03,20.12,25.59,25.89,25.33,26.89,26.98,26.78,27.12,27.16,27.11,27.21,27.23,27.21,27.41,27.43,27.4,27.5,27.52,27.48,6537,0
2025-09-23 00:00:00,0.62,5.98,10.01,10.02,10.54,18.73,12.2,11.21,12.68,13.03,12.22,21.58,22.12,21.09,26.18,26.43,25.92,27.05,27.1,26.98,27.16,27.21,27.14,27.21,27.23,27.21,27.42,27.44,27.4,27.54,27.57,27.48,6517,0
2025-09-22 23:00:00,0.6,6.01,10.04,10.05,10.47,18.72,12.19,11.19,13.09,13.62,12.75,22.8,23.48,22.19,26.78,27.07,26.51,27.18,27.22,27.1,27.13,27.16,27.12,27.21,27.22,27.21,27.44,27.46,27.43,27.57,27.58,27.54,6533,0
2025-09-22 22:00:00,0.61,6.08,10.12,10.07,10.46,18.7,12.19,11.19,14.95,16.11,13.8,24.37,25.1,23.65,27.35,27.58,27.1,27.22,27.22,27.22,27.11,27.12,27.11,27.21,27.21,27.21,27.46,27.46,27.45,27.58,27.58,27.58,6550,0
2025-09-22 21:00:00,0.61,6.13,10.16,10.08,10.45,18.71,12.2,11.19,17.12,18,16.34,26.02,26.87,25.21,27.86,28.05,27.64,27.2,27.22,27.13,27.05,27.11,26.99,27.21,27.21,27.21,27.46,27.46,27.46,27.58,27.59,27.58,6606,0
2025-09-22 20:00:00,0.63,6.16,10.21,10.1,10.45,18.72,12.2,11.19,20.17,22.26,18.24,27.98,28.88,27.06,28.2,28.29,28.06,27.06,27.1,26.98,26.99,26.99,26.96,27.21,27.21,27.21,27.46,27.47,27.46,27.6,27.64,27.58,6680,0
2025-09-22 19:00:00,0.64,6.28,10.27,10.12,10.46,18.72,12.2,11.19,24.4,25.92,22.61,29.96,30.9,29.04,28.29,28.29,28.29,26.85,26.98,26.75,26.9,26.96,26.87,27.21,27.22,27.21,27.5,27.56,27.46,27.68,27.7,27.67,6784,7024
2025-09-22 18:00:00,0.61,6.38,10.32,10.14,10.46,18.75,12.2,11.21,28.36,31.71,26.16,32.24,33.38,31.13,28.12,28.29,27.93,26.61,26.75,26.51,26.87,26.87,26.87,27.23,27.28,27.21,27.57,27.57,27.55,27.7,27.7,27.7,6842,7102
2025-09-22 17:00:00,0.51,6.58,10.35,10.2,10.51,18.72,12.23,11.22,40.38,44.49,32.66,33.87,34.08,33.61,27.5,27.87,27.1,26.28,26.45,26.16,26.81,26.86,26.76,27.31,27.33,27.29,27.57,27.6,27.57,27.7,27.71,27.7,6822,7835
2025-09-22 16:00:00,0.5,6.69,10.29,10.22,10.53,18.76,12.24,11.21,44,44.84,43.19,32.92,33.59,32.16,26.73,27.1,26.39,25.97,26.11,25.84,26.76,26.76,26.76,27.33,27.33,27.33,27.65,27.69,27.59,27.75,27.78,27.72,6847,10223
2025-09-22 15:00:00,0.59,6.73,10.26,10.19,10.53,18.78,12.25,11.19,40.89,42.64,40,31.42,31.99,30.89,25.91,26.28,25.49,25.74,25.82,25.68,26.76,26.76,26.76,27.35,27.39,27.33,27.69,27.69,27.69,27.81,27.82,27.79,6849,10278
2025-09-22 14:00:00,0.81,6.79,10.18,10.14,10.54,18.77,12.23,11.21,42.95,44.19,41.44,29.8,30.77,28.41,25.03,25.45,24.62,25.57,25.67,25.5,26.8,26.86,26.76,27.44,27.45,27.42,27.72,27.79,27.69,27.82,27.82,27.82,6849,10282
2025-09-22 13:00:00,0.9,6.68,10.04,10.13,10.47,18.78,12.23,11.23,39.73,43.19,35.27,26.52,28.07,25.23,24.27,24.61,23.93,25.48,25.52,25.45,26.87,26.88,26.85,27.46,27.52,27.45,27.8,27.81,27.77,27.82,27.82,27.82,6849,10301
2025-09-22 12:00:00,0.71,6.6,9.93,10.1,10.49,18.79,12.24,11.24,33.77,34.9,31.98,23.93,25.1,22.24,23.61,23.91,23.32,25.52,25.57,25.47,26.95,26.99,26.87,27.56,27.57,27.54,27.81,27.83,27.81,27.83,27.84,27.82,6847,10546
2025-09-22 11:00:00,0.84,6.34,9.83,10.05,10.48,18.81,12.24,11.25,27.85,31.3,23.68,20.29,21.81,18.86,23.14,23.32,22.98,25.61,25.68,25.57,27.06,27.11,26.99,27.61,27.68,27.57,27.88,27.91,27.84,27.86,27.89,27.84,6847,10585
2025-09-22 10:00:00,0.74,6.11,9.75,10.02,10.5,18.82,12.21,11.25,18.55,23.08,13.74,17.45,18.59,16.54,22.9,22.97,22.85,25.81,25.93,25.68,27.19,27.25,27.12,27.69,27.71,27.68,27.93,27.93,27.91,27.9,27.93,27.89,6844,10585
2025-09-22 09:00:00,0.58,5.87,9.73,9.96,10.48,18.75,12.22,11.23,9.94,13.01,7.71,16.31,16.45,16.23,23.05,23.23,22.91,26.15,26.33,25.99,27.37,27.46,27.27,27.79,27.8,27.74,27.93,27.95,27.93,27.92,27.93,27.91,6838,10715
2025-09-22 08:00:00,0.58,5.83,9.74,9.91,10.51,18.74,12.21,11.22,7.13,7.48,7,16.69,17.04,16.4,23.56,23.79,23.31,26.5,26.63,26.39,27.53,27.6,27.47,27.88,27.92,27.8,27.98,28.03,27.94,27.93,27.93,27.93,6528,6827
2025-09-22 07:00:00,0.55,5.84,9.78,9.93,10.52,18.74,12.2,11.22,7.59,8.05,7.23,17.47,17.87,17.07,24.13,24.38,23.9,26.82,26.98,26.64,27.72,27.82,27.62,27.94,28,27.92,28.04,28.05,28.03,27.93,27.93,27.93,6470,0
2025-09-22 06:00:00,0.53,5.89,9.87,9.96,10.51,18.77,12.2,11.22,8.55,9.13,8.08,18.37,18.83,17.95,24.71,24.98,24.47,27.12,27.25,26.98,27.87,27.94,27.82,28.03,28.04,28,28.05,28.05,28.04,27.93,27.93,27.93,6488,0
2025-09-22 05:00:00,0.49,5.94,9.94,10,10.52,18.79,12.21,11.21,9.71,10.37,9.25,19.33,19.79,18.89,25.29,25.57,25.01,27.44,27.58,27.32,28.02,28.06,27.94,28.05,28.1,28.04,28.05,28.05,28.05,27.93,27.93,27.92,6506,0
2025-09-22 04:00:00,0.58,6,9.98,10.03,10.53,18.74,12.2,11.22,11.79,13.03,10.56,20.32,20.7,19.89,25.86,26.09,25.57,27.71,27.81,27.58,28.16,28.18,28.07,28.14,28.16,28.09,28.05,28.05,28.05,27.93,27.93,27.91,6519,0
2025-09-22 03:00:00,0.64,5.97,9.99,10.04,10.53,18.69,12.21,11.23,12.59,13.34,12.05,21.1,21.55,20.72,26.42,26.7,26.16,27.97,28.08,27.82,28.27,28.29,28.21,28.16,28.16,28.16,28.05,28.05,28.04,27.92,27.93,27.91,6528,0
2025-09-22 02:00:00,0.6,6.03,10.02,10.05,10.55,18.69,12.2,11.24,13.09,13.86,12.48,22.24,22.85,21.67,27,27.24,26.75,28.24,28.37,28.16,28.36,28.41,28.3,28.16,28.16,28.16,28.05,28.05,28.05,27.91,27.93,27.88,6533,0
2025-09-22 01:00:00,0.62,6.09,10.08,10.1,10.57,18.69,12.2,11.24,15.75,17.76,14.1,23.47,23.91,22.96,27.57,27.81,27.34,28.46,28.52,28.37,28.41,28.41,28.41,28.16,28.16,28.16,28.05,28.05,28.05,27.89,27.9,27.88,6542,0
2025-09-22 00:00:00,0.68,6.12,10.12,10.14,10.55,18.69,12.2,11.23,18.62,19.06,17.92,24.32,24.62,24.02,28.08,28.3,27.81,28.61,28.66,28.52,28.41,28.43,28.41,28.16,28.16,28.16,28.04,28.05,28.03,27.87,27.9,27.84,6524,0
2025-09-21 23:00:00,0.71,6.19,10.16,10.17,10.56,18.68,12.19,11.23,18.49,19.07,17.58,25.08,25.57,24.71,28.65,28.94,28.4,28.76,28.84,28.69,28.41,28.42,28.41,28.16,28.16,28.14,28.02,28.03,28,27.87,27.89,27.85,6542,0
2025-09-21 22:00:00,0.64,6.15,10.19,10.14,10.57,18.75,12.2,11.23,17.78,18.12,17.29,26.42,27.22,25.69,29.28,29.59,29,28.88,28.88,28.85,28.41,28.41,28.41,28.13,28.16,28.09,28.01,28.03,27.99,27.87,27.89,27.85,6546,0
2025-09-21 21:00:00,0.62,6.19,10.23,10.17,10.54,18.75,12.21,11.23,20.48,22.28,18.24,28.23,29.05,27.37,29.83,30.06,29.59,28.88,28.88,28.88,28.37,28.41,28.29,28.07,28.11,28.04,27.98,28,27.97,27.88,27.91,27.87,6577,0
2025-09-21 20:00:00,0.66,6.32,10.31,10.22,10.53,18.74,12.21,11.24,24.27,25.92,22.61,30.04,30.89,29.23,30.2,30.3,30.06,28.79,28.86,28.74,28.29,28.32,28.29,28.05,28.06,28.04,27.99,28.03,27.97,27.89,27.92,27.87,6660,0
2025-09-21 19:00:00,0.65,6.38,10.39,10.24,10.52,18.73,12.2,11.23,27.4,28.75,26.16,31.89,32.83,31.01,30.33,30.39,30.3,28.62,28.74,28.52,28.22,28.29,28.18,28.04,28.05,28.04,28,28.02,27.99,27.91,27.93,27.88,6766,7000
2025-09-21 18:00:00,0.58,6.43,10.41,10.24,10.53,18.73,12.19,11.22,30.9,33.5,29,34.06,35.14,33.02,30.22,30.32,30.06,28.43,28.52,28.32,28.18,28.18,28.16,28.04,28.04,28.04,28.02,28.03,28,27.92,27.93,27.91,6838,7095
2025-09-21 17:00:00,0.52,6.73,10.4,10.25,10.53,18.73,12.19,11.22,40.63,44.61,34.22,35.72,35.87,35.27,29.75,30.06,29.47,28.17,28.29,28.05,28.1,28.17,28.06,28.04,28.05,28.04,28.04,28.05,28.03,27.93,27.93,27.93,6822,7709
2025-09-21 16:00:00,0.52,6.78,10.41,10.25,10.52,18.74,12.2,11.2,43.84,44.35,42.94,35.11,35.62,34.56,29.14,29.42,28.88,27.93,28.05,27.82,28.06,28.06,28.06,28.04,28.04,28.04,28.05,28.05,28.03,27.93,27.93,27.92,6849,10211
2025-09-21 15:00:00,0.6,6.77,10.35,10.23,10.52,18.75,12.2,11.21,41.41,42.72,40.68,34.03,34.43,33.68,28.56,28.86,28.29,27.75,27.81,27.69,28.05,28.06,28.04,28.04,28.05,28.04,28.05,28.05,28.04,27.93,27.93,27.93,6849,10455
2025-09-21 14:00:00,0.73,6.85,10.3,10.21,10.51,18.76,12.21,11.21,42.52,43.12,41.3,32.89,33.61,31.95,27.96,28.27,27.7,27.61,27.69,27.58,28.04,28.06,28.02,28.05,28.08,28.04,28.05,28.05,28.05,27.93,27.93,27.93,6849,10412
2025-09-21 13:00:00,0.78,6.86,10.25,10.17,10.52,18.78,12.22,11.21,39.75,42.4,37.87,30.72,31.72,29.94,27.44,27.67,27.22,27.57,27.58,27.55,28.05,28.06,28.04,28.07,28.09,28.05,28.05,28.05,28.05,27.93,27.93,27.93,6849,10447
2025-09-21 12:00:00,0.74,6.79,10.18,10.22,10.54,18.79,12.22,11.21,37.79,38.46,36.32,28.79,29.85,27.39,26.99,27.21,26.82,27.56,27.58,27.55,28.06,28.06,28.06,28.1,28.14,28.06,28.05,28.05,28.05,27.93,27.93,27.93,6847,10254
2025-09-21 11:00:00,0.77,6.64,10.13,10.15,10.55,18.72,12.22,11.21,32.22,35.66,28.98,26.04,27.15,25.02,26.69,26.78,26.63,27.58,27.59,27.58,28.08,28.13,28.06,28.15,28.16,28.13,28.05,28.05,28.05,27.93,27.93,27.93,6847,10380
2025-09-21 10:00:00,0.76,6.47,10.1,10.16,10.53,18.69,12.22,11.21,24.99,28.32,21.67,24.06,24.86,23.56,26.63,26.65,26.63,27.7,27.81,27.63,28.17,28.18,28.16,28.16,28.16,28.14,28.05,28.05,28.05,27.93,27.93,27.93,6842,10333
2025-09-21 09:00:00,0.72,6.34,10.1,10.1,10.53,18.69,12.22,11.21,18.94,21.07,17.51,23.51,23.68,23.44,26.81,26.99,26.7,27.88,27.94,27.81,28.23,28.29,28.18,28.16,28.16,28.16,28.05,28.07,28.05,27.93,27.93,27.92,6838,10022
2025-09-21 08:00:00,0.7,6.28,10.1,10.08,10.54,18.7,12.22,11.21,17.59,18.12,17.29,24.11,24.5,23.76,27.17,27.34,26.99,28.06,28.16,27.97,28.3,28.32,28.29,28.16,28.18,28.16,28.05,28.05,28.05,27.92,27.93,27.9,6542,6819
2025-09-21 07:00:00,0.74,6.36,10.15,10.11,10.56,18.7,12.22,11.24,18.9,19.45,18.29,24.95,25.33,24.6,27.49,27.67,27.34,28.22,28.29,28.17,28.39,28.41,28.35,28.21,28.27,28.16,28.05,28.05,28.05,27.9,27.93,27.87,6506,0
2025-09-21 06:00:00,0.7,6.38,10.16,10.14,10.56,18.71,12.21,11.23,20.65,21.69,19.66,25.74,26.03,25.44,27.8,27.93,27.7,28.36,28.4,28.29,28.42,28.47,28.41,28.25,28.28,28.22,28.05,28.05,28.05,27.85,27.88,27.82,6517,0
2025-09-21 05:00:00,0.7,6.41,10.19,10.16,10.54,18.7,12.2,11.23,22.14,22.61,21.69,26.28,26.51,26.04,28.05,28.17,27.93,28.48,28.52,28.4,28.51,28.53,28.48,28.25,28.27,28.23,28.05,28.05,28.05,27.83,27.85,27.82,6524,0
2025-09-21 04:00:00,0.7,6.35,10.21,10.19,10.55,18.7,12.2,11.21,23.37,23.61,22.82,26.67,26.8,26.51,28.3,28.41,28.17,28.61,28.64,28.54,28.53,28.53,28.53,28.22,28.26,28.2,28.04,28.05,28.03,27.82,27.84,27.82,6535,0
2025-09-21 03:00:00,0.68,6.31,10.23,10.21,10.55,18.69,12.2,11.2,23.74,23.79,23.68,26.96,27.11,26.85,28.56,28.71,28.41,28.73,28.76,28.65,28.53,28.53,28.53,28.17,28.2,28.16,28.01,28.05,27.97,27.82,27.82,27.82,6539,0
2025-09-21 02:00:00,0.68,6.32,10.24,10.2,10.55,18.69,12.22,11.19,23.68,24.03,23.51,27.32,27.56,27.11,28.88,29,28.76,28.85,28.88,28.76,28.53,28.54,28.53,28.16,28.16,28.16,27.94,27.97,27.93,27.82,27.82,27.82,6546,0
2025-09-21 01:00:00,0.65,6.34,10.28,10.22,10.55,18.69,12.2,11.19,24.09,24.62,23.79,27.83,28.08,27.58,29.19,29.35,29.02,28.92,29,28.88,28.53,28.53,28.53,28.16,28.16,28.14,27.93,27.93,27.93,27.82,27.82,27.82,6550,0
2025-09-21 00:00:00,0.7,6.33,10.26,10.23,10.53,18.75,12.19,11.19,24.83,24.98,24.74,28.38,28.64,28.17,29.54,29.71,29.35,29,29,29,28.51,28.53,28.46,28.07,28.14,28.04,27.93,27.93,27.93,27.82,27.82,27.82,6537,0
2025-09-20 23:00:00,0.67,6.33,10.28,10.25,10.56,18.71,12.21,11.19,24.6,24.87,24.41,28.98,29.35,28.64,29.9,30.06,29.71,29,29,29,28.41,28.44,28.41,28.04,28.04,28.03,27.91,27.93,27.88,27.82,27.82,27.81,6546,0
2025-09-20 22:00:00,0.65,6.35,10.34,10.24,10.54,18.68,12.22,11.19,24.59,24.98,24.39,29.95,30.53,29.47,30.29,30.42,30.12,29,29,29,28.33,28.41,28.29,27.99,28.04,27.95,27.88,27.91,27.86,27.82,27.82,27.81,6546,0
2025-09-20 21:00:00,0.69,6.39,10.43,10.24,10.53,18.66,12.22,11.19,26.62,28.47,25.08,31.3,31.93,30.65,30.59,30.66,30.47,28.91,29,28.86,28.24,28.29,28.18,27.92,27.94,27.92,27.86,27.88,27.85,27.82,27.82,27.82,6564,0
2025-09-20 20:00:00,0.6,6.39,10.5,10.26,10.53,18.66,12.24,11.19,29.4,30.42,28.65,32.66,33.34,32.06,30.76,30.77,30.7,28.72,28.81,28.64,28.12,28.18,28.06,27.92,27.92,27.92,27.85,27.86,27.84,27.82,27.82,27.82,6613,0
2025-09-20 19:00:00,0.61,6.42,10.53,10.27,10.51,18.68,12.23,11.19,32.16,33.54,30.69,34.17,34.91,33.48,30.7,30.77,30.62,28.48,28.63,28.39,28,28.06,27.94,27.91,27.92,27.89,27.87,27.88,27.85,27.82,27.82,27.82,6740,6969
2025-09-20 18:00:00,0.56,6.58,10.5,10.25,10.5,18.69,12.22,11.2,35.48,37.87,33.74,35.88,36.71,35.03,30.4,30.56,30.18,28.19,28.32,28.05,27.92,27.94,27.84,27.89,27.91,27.88,27.9,27.93,27.86,27.82,27.82,27.82,6838,7102
2025-09-20 17:00:00,0.51,6.74,10.47,10.27,10.53,18.69,12.21,11.21,43.95,47.09,38.7,37.15,37.28,36.91,29.82,30.17,29.47,27.87,28.05,27.69,27.82,27.82,27.81,27.88,27.91,27.87,27.92,27.93,27.91,27.82,27.83,27.82,6838,8997
2025-09-20 16:00:00,0.48,6.88,10.47,10.27,10.53,18.69,12.2,11.21,47.54,48.75,45.08,36.72,37.16,36.09,29.08,29.46,28.76,27.57,27.69,27.46,27.74,27.81,27.7,27.88,27.91,27.86,27.93,27.93,27.93,27.83,27.85,27.82,6849,10230
2025-09-20 15:00:00,0.53,6.86,10.39,10.25,10.54,18.69,12.21,11.23,46.38,47.45,45.55,35.35,35.98,34.79,28.31,28.64,27.93,27.31,27.42,27.22,27.7,27.7,27.7,27.89,27.91,27.88,27.93,27.93,27.93,27.86,27.9,27.84,6849,10124
2025-09-20 14:00:00,0.66,6.9,10.32,10.22,10.54,18.69,12.22,11.23,46.95,47.68,45.79,33.72,34.66,32.45,27.49,27.88,27.13,27.1,27.21,27.02,27.7,27.7,27.7,27.91,27.92,27.91,27.93,27.94,27.93,27.89,27.91,27.87,6849,10203
2025-09-20 13:00:00,0.84,6.88,10.24,10.23,10.55,18.68,12.22,11.23,43.5,46.38,39.93,30.79,32.18,29.71,26.8,27.1,26.51,26.98,27,26.98,27.7,27.7,27.7,27.92,27.92,27.91,27.93,27.96,27.93,27.91,27.93,27.89,6849,10191
2025-09-20 12:00:00,0.72,6.79,10.2,10.18,10.54,18.69,12.23,11.21,38.58,39.32,37.16,28.35,29.5,26.76,26.21,26.45,25.98,26.98,26.98,26.98,27.72,27.75,27.7,27.92,27.92,27.92,27.97,28,27.94,27.92,27.93,27.9,6849,10152
2025-09-20 11:00:00,0.78,6.62,10.13,10.15,10.54,18.71,12.2,11.21,32.64,36.45,29,25.15,26.51,23.91,25.79,25.92,25.69,27,27.07,26.98,27.81,27.82,27.77,27.93,27.96,27.92,28.01,28.04,27.97,27.92,27.93,27.92,6847,10246
2025-09-20 10:00:00,0.77,6.4,10.09,10.09,10.55,18.74,12.2,11.22,24.79,28.41,20.55,22.64,23.68,21.89,25.58,25.64,25.57,27.14,27.22,27.1,27.85,27.91,27.82,27.99,28.04,27.95,28.04,28.05,28.02,27.93,27.93,27.92,6847,10262
2025-09-20 09:00:00,0.69,6.22,10.07,10.07,10.52,18.77,12.2,11.21,17.26,19.89,15.57,21.7,21.78,21.66,25.75,25.92,25.61,27.36,27.46,27.24,27.95,28.01,27.94,28.04,28.04,28.03,28.05,28.05,28.04,27.93,27.93,27.93,6838,10112
2025-09-20 08:00:00,0.66,6.17,10.06,10.07,10.53,18.78,12.2,11.21,15.67,15.99,15.52,22.07,22.35,21.78,26.1,26.28,25.92,27.6,27.69,27.47,28.05,28.07,28.04,28.04,28.07,28.04,28.05,28.05,28.05,27.93,27.93,27.91,6510,6772
2025-09-20 07:00:00,0.6,6.17,10.07,10.08,10.54,18.77,12.2,11.2,16.25,16.34,16.04,22.6,22.85,22.38,26.49,26.7,26.31,27.79,27.92,27.69,28.16,28.18,28.12,28.11,28.14,28.08,28.05,28.05,28.05,27.93,27.93,27.93,6493,0
2025-09-20 06:00:00,0.6,6.17,10.08,10.08,10.53,18.69,12.21,11.22,16.4,16.82,16.2,23.23,23.58,22.86,26.92,27.1,26.75,27.99,28.05,27.93,28.24,28.29,28.18,28.16,28.16,28.14,28.05,28.05,28.05,27.91,27.93,27.9,6506,0
2025-09-20 05:00:00,0.67,6.2,10.14,10.1,10.54,18.69,12.2,11.23,17.35,17.99,16.89,24.05,24.48,23.68,27.34,27.56,27.13,28.18,28.28,28.06,28.3,28.34,28.29,28.16,28.16,28.16,28.05,28.05,28.05,27.91,27.93,27.88,6519,0
2025-09-20 04:00:00,0.69,6.28,10.14,10.13,10.56,18.69,12.2,11.23,18.77,19.29,18.1,24.88,25.21,24.5,27.75,27.93,27.58,28.35,28.4,28.29,28.39,28.41,28.34,28.16,28.16,28.16,28.05,28.05,28.05,27.87,27.9,27.85,6524,0
2025-09-20 03:00:00,0.7,6.29,10.19,10.16,10.57,18.69,12.2,11.22,19.62,19.87,19.42,25.69,26.16,25.33,28.16,28.32,27.96,28.48,28.52,28.4,28.41,28.41,28.41,28.16,28.16,28.16,28.04,28.05,28.03,27.87,27.89,27.85,6537,0
2025-09-20 02:00:00,0.65,6.27,10.23,10.18,10.57,18.68,12.19,11.23,20.99,22.49,19.91,26.72,27.22,26.2,28.54,28.69,28.41,28.6,28.64,28.52,28.41,28.41,28.41,28.16,28.16,28.16,28.03,28.05,28.02,27.86,27.88,27.85,6546,0
2025-09-20 01:00:00,0.67,6.33,10.27,10.23,10.57,18.68,12.2,11.22,24.14,24.86,22.85,27.52,27.74,27.23,28.86,29,28.76,28.65,28.7,28.64,28.41,28.42,28.41,28.16,28.16,28.16,28.01,28.04,27.97,27.84,27.86,27.82,6550,0
2025-09-20 00:00:00,0.65,6.33,10.31,10.22,10.57,18.74,12.21,11.22,24.15,24.62,23.89,28.14,28.53,27.82,29.17,29.34,29,28.75,28.76,28.72,28.41,28.41,28.41,28.14,28.16,28.11,27.98,28,27.96,27.84,27.85,27.82,6537,0
2025-09-19 23:00:00,0.68,6.37,10.3,10.24,10.57,18.75,12.22,11.21,25.11,25.93,24.39,29.03,29.47,28.63,29.49,29.6,29.35,28.76,28.76,28.76,28.39,28.41,28.35,28.08,28.13,28.05,27.95,27.97,27.94,27.85,27.87,27.83,6550,0
2025-09-19 22:00:00,0.68,6.39,10.32,10.25,10.54,18.75,12.22,11.21,27.14,28.05,26.16,29.97,30.42,29.57,29.75,29.82,29.66,28.74,28.76,28.68,28.31,28.35,28.29,28.04,28.05,28.04,27.94,27.95,27.93,27.84,27.88,27.82,6550,0
2025-09-19 21:00:00,0.66,6.51,10.34,10.26,10.53,18.72,12.21,11.22,28.73,28.9,28.25,30.89,31.36,30.44,29.89,29.94,29.82,28.64,28.68,28.61,28.27,28.29,28.21,28.04,28.04,28.04,27.94,27.96,27.93,27.86,27.89,27.84,6577,0
2025-09-19 20:00:00,0.63,6.47,10.36,10.27,10.54,18.71,12.22,11.22,30.06,31.86,28.79,31.99,32.53,31.48,29.94,29.96,29.93,28.51,28.59,28.41,28.18,28.2,28.18,28.04,28.04,28.04,27.94,27.97,27.93,27.87,27.9,27.85,6640,0
2025-09-19 19:00:00,0.57,6.54,10.41,10.26,10.54,18.7,12.22,11.23,33.58,34.91,32.16,33,33.37,32.58,29.81,29.93,29.71,28.34,28.4,28.28,28.14,28.18,28.06,28.04,28.04,28.04,27.95,27.98,27.93,27.9,27.93,27.88,6755,7000
2025-09-19 18:00:00,0.62,6.57,10.42,10.25,10.53,18.69,12.21,11.21,35.93,36.33,35.07,33.64,33.84,33.39,29.54,29.71,29.36,28.15,28.26,28.05,28.06,28.06,28.06,28.03,28.04,28.03,27.99,28.02,27.96,27.91,27.93,27.89,6838,9021
2025-09-19 17:00:00,0.58,6.65,10.45,10.25,10.52,18.7,12.2,11.2,38.24,39.4,36.68,34.02,34.08,33.95,29.15,29.35,28.97,27.97,28.05,27.92,28.04,28.06,27.99,28.04,28.04,28.04,28.02,28.04,28.01,27.93,27.93,27.92,6838,8115
2025-09-19 16:00:00,0.62,6.74,10.4,10.26,10.53,18.71,12.2,11.19,41.8,43.9,39.21,33.5,34.08,32.82,28.66,28.89,28.42,27.77,27.89,27.69,27.95,27.98,27.94,28.04,28.04,28.03,28.04,28.05,28.03,27.93,27.93,27.92,6838,9139
2025-09-19 15:00:00,0.63,6.76,10.37,10.24,10.53,18.74,12.2,11.2,39.5,40.34,38.81,32.21,32.77,31.6,28.22,28.41,28.04,27.62,27.69,27.58,27.94,27.95,27.94,28.04,28.04,28.04,28.05,28.05,28.04,27.93,27.93,27.93,6842,9829
2025-09-19 14:00:00,0.64,6.73,10.32,10.22,10.54,18.77,12.22,11.2,36.04,38.73,35.16,31.2,31.48,31.01,27.82,27.98,27.62,27.54,27.58,27.5,27.95,27.97,27.94,28.04,28.05,28.04,28.05,28.05,28.05,27.93,27.93,27.93,6844,9695
2025-09-19 13:00:00,0.64,6.82,10.3,10.23,10.53,18.79,12.22,11.2,37.33,39.54,35.86,30.69,31.01,30.1,27.36,27.58,27.1,27.46,27.47,27.46,28.03,28.06,27.96,28.08,28.13,28.06,28.05,28.05,28.05,27.93,27.93,27.93,6838,8643
2025-09-19 12:00:00,0.69,6.74,10.24,10.23,10.55,18.75,12.22,11.2,38.57,39.77,37.63,28.93,29.94,27.64,26.87,27.1,26.63,27.46,27.46,27.46,28.06,28.06,28.05,28.14,28.16,28.13,28.05,28.06,28.05,27.93,27.93,27.93,6842,9647
2025-09-19 11:00:00,0.77,6.65,10.19,10.22,10.56,18.7,12.22,11.21,33.71,37.39,31.48,26.18,27.36,25.01,26.47,26.62,26.39,27.49,27.57,27.46,28.09,28.17,28.06,28.16,28.16,28.14,28.05,28.05,28.05,27.93,27.93,27.92,6849,10203
2025-09-19 10:00:00,0.75,6.45,10.15,10.16,10.54,18.69,12.23,11.2,26.31,30.58,21.98,23.69,24.74,22.87,26.3,26.38,26.28,27.62,27.69,27.57,28.18,28.18,28.17,28.16,28.16,28.16,28.05,28.05,28.05,27.93,27.93,27.92,6844,10223
2025-09-19 09:00:00,0.71,6.23,10.11,10.11,10.54,18.7,12.22,11.22,18.7,21.31,16.7,22.66,22.85,22.61,26.45,26.61,26.37,27.83,27.93,27.7,28.26,28.29,28.18,28.16,28.17,28.16,28.05,28.06,28.05,27.92,27.93,27.92,6838,10266
2025-09-19 08:00:00,0.62,6.18,10.09,10.1,10.57,18.71,12.22,11.23,16.21,16.54,16.11,22.94,23.24,22.69,26.82,27,26.63,28.06,28.17,27.95,28.35,28.41,28.29,28.2,28.24,28.17,28.05,28.05,28.05,27.9,27.92,27.87,6542,6827
2025-09-19 07:00:00,0.63,6.2,10.14,10.12,10.57,18.7,12.22,11.22,16.75,17.14,16.37,23.64,24.02,23.32,27.26,27.46,27.09,28.27,28.4,28.17,28.42,28.45,28.41,28.26,28.28,28.22,28.05,28.05,28.05,27.86,27.89,27.84,6497,90
2025-09-19 06:00:00,0.68,6.22,10.16,10.15,10.55,18.7,12.2,11.21,17.66,18.12,17.18,24.4,24.74,24.03,27.69,27.93,27.47,28.47,28.53,28.4,28.52,28.53,28.49,28.27,28.28,28.26,28.05,28.05,28.05,27.83,27.87,27.82,6506,0
2025-09-19 05:00:00,0.7,6.28,10.18,10.17,10.55,18.7,12.2,11.2,18.55,19.06,18.12,25.23,25.69,24.86,28.12,28.3,27.93,28.65,28.76,28.55,28.55,28.58,28.53,28.28,28.28,28.28,28.05,28.05,28.05,27.82,27.83,27.82,6517,0
2025-09-19 04:00:00,0.69,6.29,10.23,10.21,10.54,18.68,12.19,11.19,20.02,20.93,19.18,26.16,26.6,25.69,28.53,28.75,28.35,28.81,28.88,28.76,28.63,28.65,28.6,28.26,28.28,28.25,28.03,28.05,28.01,27.82,27.82,27.82,6528,0
2025-09-19 03:00:00,0.68,6.26,10.27,10.21,10.53,18.69,12.21,11.19,22.02,22.85,21.08,26.97,27.24,26.63,28.91,29.1,28.76,28.93,29,28.88,28.65,28.65,28.64,28.2,28.24,28.16,27.97,28,27.94,27.82,27.82,27.82,6535,0
2025-09-19 02:00:00,0.71,6.3,10.3,10.26,10.53,18.68,12.21,11.18,22.59,22.87,22.43,27.61,27.95,27.34,29.3,29.47,29.11,29.04,29.11,29,28.64,28.65,28.63,28.16,28.17,28.16,27.93,27.96,27.93,27.82,27.82,27.82,6542,0
2025-09-19 01:00:00,0.68,6.28,10.29,10.29,10.55,18.68,12.19,11.17,23.28,23.91,22.69,28.47,28.88,28.05,29.7,29.88,29.54,29.11,29.11,29.11,28.59,28.63,28.55,28.16,28.16,28.16,27.93,27.93,27.93,27.81,27.82,27.81,6548,0
2025-09-19 00:00:00,0.66,6.32,10.34,10.3,10.55,18.73,12.19,11.17,24.71,25.69,24.02,29.45,29.94,29,30.08,30.25,29.94,29.13,29.17,29.11,28.53,28.54,28.52,28.07,28.13,28.04,27.92,27.93,27.9,27.81,27.82,27.8,6537,0
2025-09-18 23:00:00,0.67,6.41,10.4,10.3,10.55,18.7,12.22,11.16,26.44,27.25,25.86,30.45,30.9,29.97,30.42,30.53,30.3,29.12,29.14,29.11,28.45,28.53,28.41,28.04,28.04,28.03,27.87,27.91,27.83,27.8,27.82,27.79,6550,0
2025-09-18 22:00:00,0.65,6.41,10.5,10.29,10.56,18.68,12.24,11.16,28.61,29.12,27.54,31.44,31.9,31.01,30.69,30.78,30.55,29.06,29.11,29,28.36,28.41,28.29,27.98,28.04,27.93,27.83,27.86,27.82,27.81,27.82,27.79,6550,0
2025-09-18 21:00:00,0.63,6.39,10.58,10.29,10.53,18.66,12.24,11.16,29.31,30.77,28.64,32.65,33.37,31.99,30.88,30.91,30.77,28.94,29,28.88,28.24,28.29,28.18,27.92,27.93,27.92,27.81,27.83,27.81,27.81,27.82,27.8,6568,0
2025-09-18 20:00:00,0.6,6.43,10.62,10.31,10.54,18.67,12.24,11.18,33.04,34.66,31.24,34.07,34.65,33.49,30.88,30.9,30.84,28.73,28.88,28.63,28.12,28.18,28.06,27.92,27.92,27.91,27.81,27.82,27.81,27.82,27.82,27.81,6626,0
2025-09-18 19:00:00,0.59,6.53,10.6,10.31,10.52,18.69,12.24,11.18,36.53,37.99,34.97,35.19,35.62,34.7,30.69,30.78,30.53,28.45,28.59,28.3,27.99,28.06,27.94,27.88,27.91,27.85,27.82,27.83,27.81,27.82,27.82,27.81,6769,7016
2025-09-18 18:00:00,0.6,6.66,10.56,10.29,10.52,18.73,12.24,11.19,38.7,40.48,37.99,36.23,36.8,35.74,30.35,30.53,30.16,28.16,28.29,28.05,27.88,27.94,27.82,27.82,27.84,27.81,27.83,27.86,27.81,27.82,27.82,27.82,6838,8540
2025-09-18 17:00:00,0.57,6.79,10.51,10.3,10.54,18.73,12.24,11.19,44.28,46.94,41.13,36.93,37.02,36.84,29.78,30.06,29.48,27.84,28,27.69,27.8,27.82,27.75,27.81,27.83,27.8,27.85,27.88,27.83,27.82,27.82,27.82,6838,7481
2025-09-18 16:00:00,0.54,6.88,10.53,10.29,10.55,18.74,12.23,11.19,46.23,47.85,43.78,36.68,36.93,36.31,29.08,29.46,28.76,27.56,27.69,27.46,27.71,27.75,27.7,27.81,27.82,27.81,27.9,27.93,27.86,27.82,27.82,27.82,6849,10160
2025-09-18 15:00:00,0.55,6.93,10.45,10.27,10.54,18.74,12.2,11.19,47.87,48.78,46.51,35.52,36.21,34.79,28.29,28.65,27.92,27.3,27.45,27.21,27.7,27.7,27.69,27.83,27.85,27.81,27.92,27.93,27.91,27.82,27.82,27.82,6851,10022
2025-09-18 14:00:00,0.68,6.95,10.38,10.25,10.54,18.73,12.21,11.2,47.99,48.35,47.33,33.44,34.61,31.95,27.47,27.82,27.11,27.07,27.19,26.99,27.68,27.7,27.67,27.85,27.88,27.82,27.93,27.93,27.93,27.82,27.84,27.82,6851,9821
2025-09-18 13:00:00,0.75,6.85,10.29,10.24,10.55,18.7,12.21,11.21,40.25,46.15,37.04,30.41,31.6,29.61,26.83,27.1,26.59,26.98,26.98,26.98,27.69,27.7,27.67,27.9,27.92,27.87,27.93,27.93,27.93,27.82,27.85,27.82,6851,9935
2025-09-18 12:00:00,0.68,6.79,10.26,10.22,10.55,18.68,12.22,11.21,38.58,39.77,37.23,28.57,29.51,27.15,26.28,26.51,26.04,26.98,26.98,26.96,27.7,27.72,27.7,27.92,27.92,27.92,27.93,27.94,27.93,27.83,27.85,27.82,6842,9978
2025-09-18 11:00:00,0.8,6.67,10.2,10.21,10.55,18.7,12.22,11.21,33.75,37.99,29.94,25.48,26.87,24.15,25.82,26.04,25.68,26.98,26.98,26.98,27.76,27.82,27.71,27.92,27.93,27.92,27.94,27.94,27.93,27.82,27.84,27.82,6849,10262
2025-09-18 10:00:00,0.75,6.45,10.15,10.12,10.56,18.72,12.22,11.21,25.1,29.12,21.08,22.82,23.91,22.02,25.58,25.65,25.56,27.07,27.16,26.98,27.82,27.85,27.82,27.94,27.99,27.92,27.95,27.97,27.94,27.83,27.85,27.82,6847,10349
2025-09-18 09:00:00,0.7,6.28,10.11,10.11,10.54,18.75,12.22,11.2,18.14,20.45,16.36,21.75,21.92,21.67,25.62,25.77,25.56,27.29,27.39,27.21,27.93,27.95,27.89,28.02,28.04,27.99,27.97,28,27.95,27.82,27.83,27.82,6838,10376
2025-09-18 08:00:00,0.67,6.21,10.11,10.11,10.55,18.78,12.21,11.21,15.74,16.23,15.53,21.89,22.14,21.7,25.93,26.11,25.8,27.52,27.61,27.43,28.04,28.08,27.97,28.04,28.04,28.04,27.98,28,27.96,27.82,27.83,27.82,6550,6835
2025-09-18 07:00:00,0.64,6.19,10.11,10.13,10.55,18.78,12.22,11.2,15.97,16.35,15.64,22.43,22.7,22.16,26.3,26.49,26.16,27.74,27.81,27.66,28.15,28.18,28.06,28.06,28.1,28.04,27.98,28.01,27.97,27.82,27.82,27.82,6502,248
2025-09-18 06:00:00,0.63,6.19,10.12,10.13,10.54,18.78,12.22,11.19,16.78,17,16.45,22.96,23.2,22.73,26.68,26.87,26.51,27.95,28.05,27.83,28.25,28.29,28.18,28.11,28.16,28.09,27.96,27.98,27.94,27.82,27.82,27.82,6510,0
2025-09-18 05:00:00,0.68,6.22,10.13,10.15,10.57,18.71,12.21,11.19,17.26,17.53,16.95,23.5,23.76,23.23,27.07,27.24,26.87,28.15,28.29,28.05,28.31,28.38,28.29,28.15,28.16,28.14,27.94,27.97,27.93,27.82,27.82,27.82,6517,0
2025-09-18 04:00:00,0.69,6.21,10.19,10.15,10.58,18.73,12.21,11.18,17.73,18,17.53,24.05,24.33,23.79,27.49,27.7,27.31,28.36,28.44,28.29,28.4,28.41,28.39,28.15,28.16,28.13,27.93,27.94,27.93,27.82,27.82,27.82,6528,0
2025-09-18 03:00:00,0.67,6.27,10.19,10.19,10.59,18.78,12.18,11.17,18.29,18.59,18,24.68,24.98,24.39,27.94,28.17,27.72,28.56,28.64,28.5,28.41,28.43,28.41,28.11,28.14,28.06,27.93,27.93,27.93,27.81,27.82,27.79,6533,0
2025-09-18 02:00:00,0.71,6.28,10.22,10.22,10.54,18.76,12.2,11.16,18.88,19.06,18.61,25.39,25.72,25.07,28.4,28.64,28.17,28.72,28.77,28.64,28.42,28.43,28.41,28.06,28.1,28.04,27.91,27.93,27.89,27.79,27.82,27.77,6539,0
2025-09-18 01:00:00,0.71,6.26,10.28,10.22,10.56,18.72,12.23,11.18,19.42,19.81,19.08,26.21,26.63,25.81,28.89,29.11,28.64,28.86,28.88,28.78,28.42,28.44,28.41,28.04,28.04,28.04,27.85,27.89,27.83,27.75,27.79,27.72,6542,0
2025-09-18 00:00:00,0.63,6.23,10.27,10.24,10.58,18.68,12.23,11.19,20.33,20.72,19.89,27.18,27.68,26.74,29.41,29.69,29.17,28.98,29,28.91,28.41,28.41,28.41,28,28.04,27.93,27.81,27.82,27.81,27.74,27.76,27.73,6524,0
2025-09-17 23:00:00,0.65,6.25,10.31,10.27,10.56,18.66,12.23,11.19,21.32,21.95,20.84,28.32,28.88,27.79,29.92,30.18,29.71,29,29,29,28.33,28.41,28.29,27.93,27.94,27.92,27.81,27.81,27.81,27.73,27.76,27.71,6542,0
2025-09-17 22:00:00,0.67,6.3,10.39,10.28,10.54,18.67,12.22,11.19,22.82,23.45,22.12,29.68,30.42,29,30.38,30.57,30.18,29,29,28.97,28.24,28.29,28.18,27.9,27.92,27.87,27.81,27.81,27.81,27.73,27.75,27.71,6546,0
2025-09-17 21:00:00,0.65,6.37,10.52,10.28,10.54,18.71,12.22,11.19,24.69,26.04,23.57,31.33,32.18,30.54,30.78,30.89,30.65,28.87,28.94,28.78,28.12,28.18,28.06,27.81,27.85,27.8,27.81,27.81,27.8,27.76,27.79,27.73,6568,0
2025-09-17 20:00:00,0.61,6.37,10.6,10.31,10.52,18.7,12.22,11.17,28.15,29.95,26.4,33.16,33.99,32.31,30.98,31.01,30.89,28.67,28.76,28.52,27.99,28.06,27.94,27.8,27.8,27.8,27.8,27.81,27.8,27.78,27.82,27.74,6626,0
2025-09-17 19:00:00,0.59,6.44,10.65,10.3,10.53,18.69,12.22,11.17,32.08,33.96,30.3,34.99,35.86,34.18,30.92,31.01,30.78,28.39,28.52,28.26,27.86,27.94,27.82,27.79,27.8,27.78,27.81,27.81,27.81,27.81,27.82,27.79,6731,6969
2025-09-17 18:00:00,0.56,6.61,10.63,10.3,10.54,18.68,12.22,11.17,36.79,40.09,34.32,37.04,38.04,36.06,30.55,30.77,30.3,28.06,28.2,27.93,27.76,27.82,27.7,27.78,27.79,27.77,27.81,27.81,27.81,27.82,27.82,27.81,6804,7071
2025-09-17 17:00:00,0.52,6.81,10.56,10.33,10.55,18.68,12.24,11.18,48.06,52.06,41.06,38.4,38.58,38.13,29.83,30.23,29.46,27.69,27.9,27.56,27.65,27.7,27.58,27.76,27.8,27.74,27.81,27.81,27.81,27.82,27.82,27.82,6802,7071
2025-09-17 16:00:00,0.45,6.92,10.54,10.31,10.54,18.69,12.24,11.19,50.57,51.47,50.28,37.36,38,36.68,28.99,29.35,28.63,27.34,27.46,27.22,27.58,27.58,27.55,27.75,27.77,27.74,27.81,27.83,27.81,27.82,27.82,27.82,6849,9770
2025-09-17 15:00:00,0.54,6.93,10.46,10.26,10.53,18.7,12.25,11.2,48.64,50.1,47.56,35.83,36.57,35.22,28.14,28.52,27.7,27.04,27.19,26.94,27.5,27.55,27.47,27.77,27.8,27.74,27.83,27.86,27.82,27.82,27.82,27.82,6851,9990
2025-09-17 14:00:00,0.74,6.96,10.38,10.25,10.54,18.71,12.24,11.21,49.07,49.69,48.19,34.01,35.09,32.58,27.24,27.66,26.87,26.81,26.88,26.75,27.47,27.47,27.47,27.79,27.8,27.77,27.89,27.92,27.87,27.82,27.82,27.82,6849,9900
2025-09-17 13:00:00,0.82,6.92,10.32,10.24,10.54,18.74,12.2,11.21,44.69,48.08,40.59,30.82,32.31,29.71,26.46,26.81,26.16,26.66,26.75,26.63,27.48,27.5,27.47,27.8,27.8,27.8,27.93,27.93,27.91,27.82,27.83,27.82,6849,9959
2025-09-17 12:00:00,0.71,6.82,10.26,10.21,10.53,18.74,12.2,11.22,39.37,40.59,37.28,28.12,29.58,26.31,25.78,26.04,25.5,26.63,26.63,26.63,27.55,27.58,27.48,27.8,27.82,27.8,27.93,27.93,27.93,27.83,27.85,27.82,6849,10191
2025-09-17 11:00:00,0.78,6.64,10.18,10.17,10.56,18.72,12.21,11.22,32.68,36.57,28.96,24.63,26.04,23.28,25.28,25.45,25.09,26.65,26.73,26.63,27.59,27.66,27.58,27.87,27.91,27.83,27.93,27.93,27.93,27.83,27.85,27.82,6849,10317
2025-09-17 10:00:00,0.73,6.37,10.11,10.11,10.56,18.7,12.22,11.22,24.08,28.17,19.89,21.8,22.97,20.96,25.01,25.09,24.98,26.79,26.87,26.73,27.69,27.71,27.65,27.92,27.92,27.91,27.93,27.94,27.93,27.84,27.86,27.83,6847,10333
2025-09-17 09:00:00,0.7,6.19,10.08,10.08,10.55,18.72,12.22,11.22,16.87,19.29,14.93,20.67,20.85,20.59,25.03,25.11,24.98,27.01,27.1,26.88,27.8,27.82,27.72,27.93,27.98,27.92,27.94,27.97,27.93,27.83,27.85,27.82,6838,10065
2025-09-17 08:00:00,0.66,6.12,10.07,10.08,10.54,18.75,12.22,11.21,14.27,14.72,14.1,20.75,20.96,20.6,25.33,25.51,25.16,27.27,27.38,27.15,27.91,27.96,27.83,28.02,28.04,27.97,27.97,27.98,27.95,27.83,27.85,27.82,6542,6831
2025-09-17 07:00:00,0.66,6.11,10.11,10.11,10.55,18.77,12.22,11.21,14.36,14.56,14.22,21.19,21.43,20.96,25.74,25.92,25.57,27.53,27.64,27.45,28.05,28.06,28,28.04,28.05,28.04,27.98,28,27.96,27.82,27.83,27.82,6493,386
2025-09-17 06:00:00,0.66,6.13,10.12,10.11,10.55,18.78,12.22,11.2,14.8,15.04,14.57,21.71,21.93,21.44,26.17,26.39,25.96,27.76,27.89,27.68,28.16,28.19,28.1,28.05,28.08,28.04,27.96,27.97,27.94,27.82,27.82,27.82,6502,0
2025-09-17 05:00:00,0.66,6.14,10.11,10.12,10.55,18.78,12.22,11.19,15.19,15.36,15.04,22.29,22.58,22.02,26.61,26.86,26.39,28,28.1,27.93,28.26,28.29,28.21,28.08,28.11,28.05,27.94,27.97,27.93,27.82,27.82,27.82,6510,0
2025-09-17 04:00:00,0.67,6.13,10.13,10.14,10.57,18.79,12.2,11.19,15.59,15.76,15.4,22.91,23.2,22.61,27.09,27.34,26.87,28.24,28.34,28.17,28.33,28.4,28.29,28.1,28.12,28.08,27.93,27.94,27.93,27.82,27.82,27.82,6519,0
2025-09-17 03:00:00,0.61,6.16,10.18,10.17,10.59,18.78,12.2,11.18,16.1,16.37,15.87,23.65,24.03,23.32,27.6,27.81,27.34,28.45,28.54,28.38,28.41,28.41,28.39,28.09,28.12,28.05,27.93,27.93,27.93,27.82,27.82,27.81,6526,0
2025-09-17 02:00:00,0.62,6.18,10.2,10.19,10.59,18.76,12.19,11.17,16.78,17.08,16.45,24.5,24.95,24.11,28.15,28.41,27.92,28.66,28.75,28.54,28.41,28.41,28.41,28.04,28.06,28.04,27.92,27.93,27.91,27.81,27.82,27.81,6533,0
2025-09-17 01:00:00,0.68,6.23,10.25,10.22,10.6,18.71,12.22,11.17,17.57,18.02,17.17,25.5,26.04,24.99,28.7,28.99,28.43,28.82,28.88,28.76,28.41,28.42,28.41,28.04,28.04,28.04,27.88,27.92,27.84,27.8,27.82,27.79,6542,0
2025-09-17 00:00:00,0.67,6.19,10.28,10.23,10.59,18.69,12.24,11.18,18.79,19.54,18.12,26.67,27.22,26.15,29.26,29.53,29,28.94,29,28.88,28.41,28.41,28.41,28.01,28.04,27.96,27.82,27.86,27.81,27.78,27.81,27.76,6524,0
2025-09-16 23:00:00,0.63,6.22,10.3,10.27,10.57,18.67,12.23,11.19,20.65,21.56,19.66,27.95,28.53,27.35,29.8,30.05,29.59,29,29,29,28.33,28.4,28.29,27.93,27.97,27.92,27.81,27.81,27.81,27.78,27.82,27.75,6542,0
2025-09-16 22:00:00,0.67,6.25,10.38,10.28,10.54,18.67,12.22,11.18,21.94,22.38,21.75,29.3,30.06,28.64,30.3,30.53,30.06,29,29,28.98,28.25,28.29,28.18,27.91,27.92,27.88,27.81,27.81,27.81,27.78,27.8,27.76,6542,0
2025-09-16 21:00:00,0.64,6.33,10.51,10.28,10.55,18.71,12.22,11.16,23.8,25.33,22.56,31.03,31.95,30.18,30.72,30.89,30.53,28.88,28.94,28.8,28.13,28.18,28.06,27.82,27.88,27.8,27.81,27.81,27.8,27.8,27.82,27.79,6564,0
2025-09-16 20:00:00,0.62,6.35,10.62,10.3,10.52,18.7,12.21,11.17,27.8,29.94,25.69,32.97,33.83,32.08,30.94,31,30.89,28.68,28.76,28.52,28,28.06,27.94,27.8,27.81,27.8,27.81,27.81,27.81,27.81,27.82,27.8,6624,0
2025-09-16 19:00:00,0.62,6.42,10.69,10.31,10.53,18.69,12.22,11.18,31.9,33.62,30.37,34.8,35.72,33.96,30.89,30.98,30.77,28.4,28.52,28.29,27.87,27.94,27.82,27.8,27.8,27.8,27.81,27.81,27.81,27.82,27.82,27.81,6720,6953
2025-09-16 18:00:00,0.54,6.59,10.63,10.31,10.54,18.68,12.22,11.18,36.31,39.16,34.08,36.87,37.87,35.86,30.54,30.77,30.3,28.07,28.23,27.93,27.76,27.82,27.7,27.78,27.8,27.77,27.81,27.81,27.81,27.82,27.82,27.82,6784,7036
2025-09-16 17:00:00,0.52,6.8,10.58,10.33,10.55,18.68,12.23,11.19,47.21,51.36,40.05,38.28,38.46,38.04,29.83,30.22,29.47,27.7,27.92,27.55,27.66,27.7,27.58,27.76,27.79,27.74,27.81,27.81,27.81,27.82,27.82,27.82,6791,7055
2025-09-16 16:00:00,0.45,6.89,10.55,10.32,10.54,18.69,12.24,11.19,49.74,50.52,49.34,37.28,37.98,36.57,28.99,29.35,28.64,27.35,27.47,27.22,27.58,27.59,27.57,27.74,27.77,27.72,27.81,27.83,27.81,27.82,27.82,27.82,6849,10026
2025-09-16 15:00:00,0.53,6.89,10.48,10.26,10.54,18.7,12.24,11.2,47.93,49.29,46.97,35.78,36.45,35.16,28.16,28.52,27.78,27.06,27.22,26.98,27.5,27.56,27.47,27.77,27.79,27.75,27.84,27.86,27.82,27.82,27.84,27.82,6851,9998
2025-09-16 14:00:00,0.73,6.93,10.41,10.26,10.54,18.71,12.22,11.21,48.43,49.46,47.45,34.03,35.07,32.66,27.29,27.7,26.93,26.83,26.95,26.75,27.47,27.47,27.47,27.79,27.8,27.78,27.89,27.92,27.86,27.83,27.84,27.82,6849,9970
2025-09-16 13:00:00,0.82,6.92,10.33,10.24,10.55,18.74,12.21,11.22,44.2,46.98,40.82,30.99,32.32,29.94,26.52,26.87,26.18,26.7,26.75,26.63,27.47,27.5,27.47,27.8,27.8,27.8,27.93,27.93,27.91,27.84,27.87,27.82,6849,10061
2025-09-16 12:00:00,0.74,6.81,10.26,10.22,10.54,18.74,12.19,11.22,39.32,40.68,37.5,28.36,29.82,26.57,25.86,26.16,25.57,26.63,26.64,26.63,27.55,27.58,27.51,27.8,27.8,27.8,27.93,27.93,27.92,27.86,27.88,27.85,6849,10136
2025-09-16 11:00:00,0.8,6.63,10.2,10.16,10.57,18.73,12.2,11.22,32.94,36.89,29.06,24.86,26.28,23.44,25.35,25.57,25.2,26.67,26.75,26.63,27.58,27.6,27.58,27.83,27.87,27.81,27.93,27.93,27.93,27.86,27.9,27.85,6849,10207
2025-09-16 10:00:00,0.74,6.36,10.13,10.13,10.57,18.71,12.21,11.22,24.35,28.39,20.12,21.95,23.2,21.08,25.08,25.19,25.02,26.8,26.87,26.75,27.68,27.7,27.61,27.91,27.92,27.88,27.93,27.94,27.93,27.87,27.9,27.85,6844,10349
2025-09-16 09:00:00,0.7,6.15,10.1,10.09,10.56,18.7,12.21,11.22,16.96,19.45,15.04,20.81,21.05,20.72,25.1,25.21,25.02,27.01,27.1,26.87,27.78,27.82,27.71,27.92,27.94,27.92,27.94,27.96,27.93,27.86,27.88,27.84,6838,10061
2025-09-16 08:00:00,0.68,6.1,10.1,10.09,10.56,18.73,12.22,11.22,14.37,14.81,14.22,20.92,21.13,20.72,25.41,25.57,25.21,27.27,27.39,27.13,27.89,27.94,27.82,27.98,28.04,27.93,27.94,27.98,27.93,27.84,27.88,27.82,6546,6835
2025-09-16 07:00:00,0.66,6.11,10.12,10.11,10.56,18.75,12.22,11.21,14.49,14.69,14.33,21.4,21.67,21.19,25.82,26.04,25.6,27.51,27.58,27.41,28.01,28.06,27.94,28.04,28.04,28.03,27.95,27.97,27.94,27.83,27.86,27.82,6488,642
2025-09-16 06:00:00,0.65,6.13,10.12,10.13,10.56,18.77,12.21,11.2,14.91,15.16,14.7,21.96,22.26,21.67,26.23,26.42,26.04,27.74,27.82,27.63,28.11,28.18,28.06,28.04,28.04,28.04,27.94,27.96,27.93,27.82,27.82,27.82,6497,0
2025-09-16 05:00:00,0.66,6.11,10.13,10.13,10.54,18.76,12.21,11.2,15.52,15.8,15.18,22.6,22.86,22.32,26.68,26.87,26.51,27.96,28.05,27.85,28.2,28.27,28.18,28.04,28.05,28.04,27.93,27.94,27.93,27.82,27.82,27.82,6510,0
2025-09-16 04:00:00,0.61,6.13,10.16,10.14,10.56,18.76,12.19,11.19,16.14,16.45,15.87,23.26,23.56,22.96,27.14,27.34,26.94,28.17,28.29,28.06,28.29,28.29,28.27,28.04,28.05,28.04,27.93,27.93,27.93,27.82,27.82,27.82,6519,0
2025-09-16 03:00:00,0.63,6.14,10.2,10.16,10.57,18.75,12.19,11.19,16.8,17.12,16.45,23.99,24.39,23.66,27.62,27.82,27.38,28.37,28.49,28.29,28.31,28.38,28.29,28.04,28.05,28.04,27.93,27.93,27.93,27.82,27.82,27.82,6528,0
2025-09-16 02:00:00,0.67,6.2,10.22,10.21,10.57,18.72,12.19,11.18,17.6,18,17.18,24.82,25.21,24.41,28.12,28.36,27.92,28.56,28.64,28.51,28.36,28.4,28.32,28.04,28.04,28.04,27.92,27.93,27.91,27.82,27.82,27.82,6537,0
2025-09-16 01:00:00,0.68,6.22,10.26,10.23,10.57,18.7,12.22,11.17,18.54,18.95,18.12,25.75,26.21,25.33,28.62,28.88,28.41,28.7,28.76,28.64,28.36,28.39,28.33,28.03,28.04,28,27.87,27.91,27.84,27.82,27.82,27.81,6546,0
2025-09-16 00:00:00,0.68,6.17,10.31,10.24,10.57,18.67,12.23,11.18,19.71,20.27,19.1,26.79,27.28,26.28,29.13,29.36,28.88,28.81,28.87,28.76,28.3,28.34,28.29,27.94,27.99,27.92,27.83,27.86,27.81,27.82,27.82,27.81,6524,0
2025-09-15 23:00:00,0.63,6.18,10.31,10.25,10.54,18.66,12.23,11.18,20.94,21.55,20.37,27.93,28.53,27.37,29.64,29.85,29.4,28.88,28.88,28.87,28.27,28.29,28.19,27.92,27.92,27.92,27.81,27.82,27.81,27.82,27.82,27.82,6542,0
2025-09-15 22:00:00,0.66,6.22,10.37,10.26,10.55,18.7,12.22,11.17,22.29,22.94,21.67,29.26,29.94,28.62,30.12,30.3,29.94,28.85,28.88,28.8,28.17,28.18,28.09,27.86,27.91,27.81,27.81,27.81,27.81,27.82,27.82,27.82,6546,0
2025-09-15 21:00:00,0.65,6.3,10.47,10.29,10.54,18.71,12.22,11.18,24.15,25.45,23.09,30.88,31.72,30.06,30.51,30.65,30.33,28.73,28.77,28.64,28.04,28.06,27.95,27.8,27.81,27.8,27.81,27.81,27.81,27.82,27.82,27.82,6550,0
2025-09-15 20:00:00,0.62,6.32,10.56,10.29,10.53,18.68,12.22,11.19,27.69,29.62,25.75,32.71,33.5,31.86,30.72,30.77,30.65,28.53,28.64,28.4,27.91,27.95,27.82,27.8,27.8,27.79,27.81,27.81,27.81,27.82,27.82,27.82,6626,0
2025-09-15 19:00:00,0.61,6.37,10.6,10.3,10.54,18.67,12.23,11.19,31.42,33.02,29.88,34.51,35.38,33.71,30.68,30.77,30.56,28.25,28.4,28.09,27.79,27.82,27.71,27.77,27.8,27.74,27.81,27.81,27.81,27.82,27.83,27.82,6720,6957
2025-09-15 18:00:00,0.53,6.54,10.59,10.29,10.54,18.67,12.23,11.19,35.54,38.58,33.36,36.62,37.75,35.61,30.33,30.53,30.06,27.93,28.05,27.81,27.68,27.72,27.64,27.74,27.77,27.73,27.81,27.82,27.81,27.82,27.85,27.82,6778,7032
2025-09-15 17:00:00,0.54,6.77,10.59,10.33,10.55,18.67,12.24,11.2,47.13,51.29,39.64,38.07,38.22,37.87,29.6,30.05,29.23,27.55,27.72,27.34,27.58,27.61,27.56,27.73,27.76,27.71,27.83,27.87,27.81,27.86,27.92,27.84,6784,7043
2025-09-15 16:00:00,0.49,6.86,10.55,10.29,10.54,18.68,12.23,11.21,49.39,50.76,48.87,37.01,37.75,36.25,28.77,29.11,28.41,27.19,27.34,27.07,27.48,27.53,27.47,27.73,27.77,27.7,27.89,27.92,27.86,27.91,27.93,27.9,6851,9868
2025-09-15 15:00:00,0.54,6.84,10.47,10.27,10.53,18.71,12.2,11.2,47.39,48.75,46.5,35.47,36.11,34.91,27.92,28.29,27.47,26.9,26.99,26.76,27.47,27.47,27.45,27.77,27.8,27.74,27.93,27.93,27.92,27.93,27.93,27.92,6851,10053
2025-09-15 14:00:00,0.69,6.89,10.39,10.25,10.53,18.72,12.2,11.2,47.75,48.87,46.62,33.7,34.79,32.24,27.03,27.46,26.63,26.67,26.75,26.62,27.46,27.47,27.44,27.8,27.8,27.79,27.93,27.93,27.93,27.93,27.93,27.93,6849,10156
2025-09-15 13:00:00,0.81,6.85,10.33,10.23,10.54,18.74,12.22,11.21,43.24,46.68,40.21,30.64,31.96,29.59,26.25,26.62,25.92,26.54,26.62,26.51,27.47,27.47,27.47,27.8,27.8,27.8,27.93,27.94,27.93,27.93,27.93,27.93,6851,10022
2025-09-15 12:00:00,0.72,6.77,10.28,10.17,10.55,18.75,12.22,11.21,39.15,40.14,37.28,27.95,29.47,26.15,25.55,25.86,25.24,26.51,26.51,26.51,27.48,27.53,27.47,27.82,27.86,27.8,27.96,28,27.94,27.93,27.93,27.93,6849,10254
2025-09-15 11:00:00,0.81,6.55,10.18,10.16,10.56,18.72,12.2,11.22,32.76,36.68,28.78,24.32,25.81,22.85,25.01,25.21,24.86,26.52,26.59,26.51,27.57,27.58,27.55,27.9,27.92,27.88,28.02,28.05,28,27.93,27.93,27.93,6847,10246
2025-09-15 10:00:00,0.73,6.29,10.07,10.11,10.57,18.7,12.2,11.21,23.81,28.04,19.43,21.22,22.55,20.36,24.68,24.78,24.63,26.65,26.75,26.6,27.64,27.7,27.58,27.92,27.92,27.92,28.04,28.05,28.03,27.93,27.94,27.93,6847,10392
2025-09-15 09:00:00,0.69,6.14,10.04,10.08,10.56,18.74,12.2,11.22,16.33,18.83,14.22,19.97,20.25,19.83,24.71,24.84,24.62,26.88,26.99,26.75,27.76,27.82,27.7,27.99,28.04,27.94,28.05,28.05,28.05,27.93,27.94,27.93,6838,10427
2025-09-15 08:00:00,0.64,6.05,10.06,10.06,10.57,18.78,12.21,11.21,13.07,13.86,12.8,19.99,20.23,19.85,25.03,25.21,24.86,27.15,27.29,27.01,27.9,27.94,27.82,28.04,28.05,28.04,28.05,28.05,28.05,27.93,27.93,27.93,6537,6827
2025-09-15 07:00:00,0.64,6.04,10.08,10.1,10.56,18.78,12.21,11.21,13.03,13.26,12.88,20.48,20.72,20.25,25.44,25.64,25.21,27.42,27.56,27.33,28.03,28.09,27.94,28.09,28.14,28.04,28.05,28.05,28.05,27.93,27.93,27.93,6481,823
2025-09-15 06:00:00,0.63,6.02,10.11,10.1,10.56,18.69,12.21,11.2,13.47,13.74,13.27,21.04,21.31,20.77,25.89,26.09,25.69,27.68,27.81,27.58,28.16,28.21,28.09,28.16,28.16,28.14,28.05,28.05,28.05,27.93,27.93,27.93,6493,0
2025-09-15 05:00:00,0.65,6.04,10.13,10.1,10.56,18.69,12.2,11.19,13.98,14.26,13.74,21.67,22.02,21.39,26.36,26.57,26.16,27.93,28.05,27.81,28.27,28.29,28.18,28.16,28.16,28.16,28.05,28.05,28.05,27.93,27.93,27.93,6502,0
2025-09-15 04:00:00,0.65,6.05,10.14,10.13,10.59,18.69,12.2,11.19,14.67,14.93,14.33,22.4,22.73,22.08,26.85,27.1,26.63,28.17,28.29,28.05,28.37,28.41,28.29,28.16,28.16,28.16,28.05,28.05,28.05,27.93,27.93,27.93,6513,0
2025-09-15 03:00:00,0.65,6.06,10.18,10.15,10.61,18.69,12.19,11.2,15.33,15.67,15.03,23.16,23.56,22.81,27.35,27.58,27.1,28.41,28.52,28.29,28.41,28.43,28.41,28.16,28.16,28.16,28.05,28.05,28.05,27.92,27.93,27.9,6524,0
2025-09-15 02:00:00,0.6,6.08,10.21,10.2,10.55,18.68,12.19,11.21,16.13,16.58,15.75,24.02,24.45,23.6,27.91,28.17,27.69,28.61,28.72,28.52,28.48,28.52,28.43,28.16,28.16,28.16,28.03,28.05,28,27.9,27.93,27.88,6533,0
2025-09-15 01:00:00,0.64,6.14,10.24,10.22,10.56,18.68,12.21,11.2,17.11,17.56,16.68,24.97,25.45,24.5,28.46,28.75,28.17,28.8,28.88,28.76,28.51,28.53,28.5,28.16,28.16,28.14,27.96,27.98,27.94,27.88,27.91,27.86,6539,0
2025-09-15 00:00:00,0.65,6.15,10.31,10.23,10.56,18.75,12.2,11.2,18.05,18.42,17.66,26.02,26.53,25.52,29.02,29.29,28.76,28.93,29,28.88,28.47,28.52,28.42,28.09,28.16,28.04,27.93,27.94,27.93,27.86,27.88,27.84,6517,0
2025-09-14 23:00:00,0.7,6.1,10.31,10.26,10.59,18.71,12.19,11.19,19.12,19.77,18.51,27.26,27.89,26.63,29.61,29.85,29.35,29,29,29,28.41,28.42,28.41,28.04,28.05,28.04,27.93,27.93,27.93,27.85,27.86,27.84,6537,0
2025-09-14 22:00:00,0.62,6.14,10.37,10.29,10.57,18.68,12.18,11.19,20.6,21.43,19.89,28.72,29.47,28.02,30.16,30.41,29.94,29,29.01,29,28.34,28.41,28.29,28.02,28.04,27.99,27.93,27.93,27.92,27.85,27.88,27.83,6539,0
2025-09-14 21:00:00,0.64,6.23,10.49,10.29,10.54,18.67,12.18,11.2,22.69,23.91,21.56,30.46,31.36,29.6,30.62,30.77,30.42,28.95,29,28.88,28.24,28.29,28.18,27.93,28,27.92,27.93,27.93,27.92,27.88,27.9,27.85,6550,0
2025-09-14 20:00:00,0.64,6.25,10.62,10.3,10.54,18.66,12.18,11.2,26.08,27.98,24.27,32.42,33.36,31.48,30.92,31,30.81,28.78,28.88,28.65,28.12,28.18,28.06,27.92,27.92,27.92,27.93,27.93,27.93,27.9,27.93,27.88,6624,236
2025-09-14 19:00:00,0.6,6.3,10.69,10.3,10.53,18.66,12.18,11.19,30.1,32.07,28.32,34.46,35.5,33.49,30.94,31.01,30.87,28.51,28.64,28.4,28,28.06,27.94,27.92,27.92,27.91,27.93,27.93,27.93,27.92,27.93,27.9,6706,6941
2025-09-14 18:00:00,0.54,6.47,10.68,10.31,10.54,18.66,12.18,11.19,34.95,38.58,32.43,36.85,38,35.68,30.62,30.81,30.37,28.21,28.38,28.05,27.9,27.94,27.83,27.91,27.92,27.91,27.93,27.93,27.93,27.93,27.93,27.93,6749,7000
2025-09-14 17:00:00,0.5,6.71,10.61,10.34,10.55,18.68,12.18,11.19,47.41,51.25,39.75,38.39,38.55,38.21,29.91,30.3,29.57,27.84,28.05,27.69,27.8,27.82,27.76,27.91,27.92,27.9,27.93,27.93,27.93,27.93,27.93,27.93,6766,7024
2025-09-14 16:00:00,0.46,6.8,10.6,10.32,10.55,18.68,12.21,11.19,49.5,50.88,48.87,37.37,38.09,36.68,29.1,29.47,28.76,27.5,27.65,27.34,27.7,27.75,27.7,27.91,27.92,27.9,27.93,27.94,27.93,27.93,27.94,27.93,6851,9974
2025-09-14 15:00:00,0.52,6.81,10.51,10.3,10.55,18.68,12.21,11.2,47.8,48.89,46.97,35.98,36.57,35.5,28.3,28.65,27.93,27.22,27.34,27.1,27.7,27.7,27.67,27.91,27.92,27.91,27.97,28.03,27.94,27.93,27.94,27.93,6849,9974
2025-09-14 14:00:00,0.73,6.86,10.45,10.26,10.55,18.68,12.19,11.21,49.27,50.4,47.91,34.24,35.36,32.78,27.43,27.81,27.1,27,27.1,26.91,27.67,27.69,27.66,27.92,27.92,27.91,28.02,28.04,27.99,27.93,27.94,27.93,6849,10006
2025-09-14 13:00:00,0.79,6.85,10.36,10.22,10.56,18.69,12.19,11.22,44.52,47.92,41.3,31.15,32.5,30.18,26.69,26.99,26.39,26.88,26.91,26.87,27.7,27.7,27.67,27.92,27.93,27.92,28.04,28.05,28.03,27.94,27.96,27.93,6849,10081
2025-09-14 12:00:00,0.73,6.75,10.29,10.18,10.57,18.71,12.2,11.22,39.91,41.16,37.63,28.5,30,26.71,26.02,26.28,25.8,26.87,26.87,26.87,27.7,27.72,27.7,27.94,27.97,27.92,28.05,28.05,28.05,27.94,27.95,27.93,6849,10199
2025-09-14 11:00:00,0.78,6.58,10.23,10.17,10.57,18.73,12.2,11.22,33.36,36.96,29.71,24.99,26.4,23.55,25.51,25.69,25.33,26.88,26.92,26.87,27.79,27.82,27.72,28,28.02,27.97,28.05,28.05,28.05,27.94,27.97,27.93,6847,10286
2025-09-14 10:00:00,0.73,6.3,10.15,10.14,10.58,18.76,12.21,11.22,24.37,28.88,19.66,21.86,23.2,20.96,25.24,25.33,25.21,27.02,27.1,26.94,27.84,27.91,27.82,28.04,28.04,28.01,28.05,28.05,28.05,27.94,27.96,27.93,6847,10278
2025-09-14 09:00:00,0.7,6.15,10.12,10.11,10.56,18.79,12.21,11.22,16.33,19.04,14.16,20.67,20.86,20.6,25.33,25.45,25.23,27.26,27.36,27.1,27.96,28.04,27.92,28.05,28.08,28.04,28.05,28.06,28.05,27.93,27.95,27.93,6838,10022
2025-09-14 08:00:00,0.64,6.02,10.13,10.11,10.57,18.74,12.21,11.21,13.51,13.93,13.39,20.88,21.16,20.65,25.73,25.92,25.52,27.54,27.67,27.44,28.08,28.17,28.05,28.13,28.16,28.08,28.05,28.06,28.05,27.93,27.94,27.93,6550,6846
2025-09-14 07:00:00,0.62,6.04,10.14,10.12,10.56,18.69,12.2,11.21,13.77,14.1,13.59,21.51,21.87,21.19,26.19,26.39,25.95,27.78,27.92,27.69,28.2,28.26,28.18,28.16,28.16,28.16,28.05,28.07,28.05,27.93,27.93,27.93,6493,583
2025-09-14 06:00:00,0.64,6.07,10.15,10.11,10.57,18.69,12.2,11.2,14.55,14.93,14.14,22.28,22.62,21.9,26.66,26.87,26.42,28.02,28.16,27.93,28.3,28.35,28.29,28.16,28.16,28.16,28.05,28.05,28.05,27.93,27.93,27.93,6506,0
2025-09-14 05:00:00,0.65,6.07,10.18,10.15,10.61,18.69,12.2,11.19,15.45,15.98,14.97,23.1,23.51,22.73,27.15,27.34,26.9,28.25,28.38,28.16,28.4,28.41,28.34,28.16,28.18,28.16,28.05,28.05,28.05,27.93,27.93,27.93,6517,0
2025-09-14 04:00:00,0.64,6.11,10.23,10.19,10.57,18.69,12.19,11.19,16.79,17.62,16.06,23.98,24.39,23.56,27.63,27.84,27.44,28.46,28.52,28.4,28.43,28.49,28.41,28.16,28.19,28.16,28.05,28.05,28.05,27.93,27.93,27.93,6524,0
2025-09-14 03:00:00,0.66,6.18,10.25,10.22,10.56,18.69,12.19,11.19,18.12,18.36,17.76,24.77,25.19,24.44,28.12,28.4,27.93,28.63,28.75,28.53,28.51,28.53,28.48,28.16,28.16,28.16,28.04,28.05,28.02,27.92,27.93,27.91,6537,0
2025-09-14 02:00:00,0.68,6.19,10.3,10.23,10.56,18.68,12.19,11.19,18.57,19.06,18.07,25.71,26.2,25.22,28.63,28.88,28.41,28.8,28.88,28.76,28.52,28.53,28.52,28.16,28.16,28.16,27.99,28.03,27.97,27.9,27.93,27.89,6542,0
2025-09-14 01:00:00,0.66,6.16,10.34,10.25,10.55,18.71,12.19,11.2,20.21,21.31,19.18,26.85,27.35,26.3,29.14,29.35,28.88,28.92,29,28.88,28.51,28.53,28.48,28.14,28.16,28.08,27.94,27.96,27.93,27.89,27.9,27.88,6550,0
2025-09-14 00:00:00,0.67,6.2,10.35,10.29,10.58,18.74,12.18,11.2,22.05,22.85,21.43,28.04,28.64,27.46,29.62,29.82,29.37,29,29,29,28.43,28.49,28.41,28.05,28.06,28.04,27.93,27.94,27.93,27.87,27.9,27.85,6535,0
2025-09-13 23:00:00,0.69,6.26,10.41,10.3,10.58,18.69,12.18,11.19,24.85,25.69,23.2,29.27,29.77,28.76,30.02,30.18,29.84,29,29,29,28.38,28.41,28.34,28.03,28.04,28.01,27.93,27.93,27.93,27.86,27.9,27.85,6550,0
2025-09-13 22:00:00,0.67,6.35,10.48,10.3,10.54,18.67,12.18,11.19,26.39,27.33,25.69,30.44,31.01,29.89,30.37,30.53,30.19,28.95,29,28.88,28.28,28.3,28.21,27.94,28.01,27.92,27.92,27.93,27.91,27.88,27.9,27.84,6550,0
2025-09-13 21:00:00,0.67,6.34,10.56,10.32,10.55,18.66,12.2,11.2,28.06,28.88,27.46,31.76,32.43,31.13,30.64,30.76,30.53,28.82,28.88,28.76,28.15,28.19,28.06,27.92,27.92,27.91,27.91,27.93,27.9,27.9,27.91,27.88,6573,0
2025-09-13 20:00:00,0.62,6.37,10.63,10.33,10.54,18.68,12.2,11.19,30.62,32.07,29.12,33.2,33.91,32.55,30.77,30.77,30.76,28.61,28.76,28.51,28.03,28.06,27.94,27.89,27.92,27.85,27.92,27.93,27.91,27.92,27.93,27.9,6635,90
2025-09-13 19:00:00,0.58,6.44,10.66,10.32,10.54,18.71,12.19,11.19,33.52,34.79,32.31,34.75,35.5,34.05,30.63,30.73,30.53,28.33,28.49,28.17,27.89,27.94,27.82,27.82,27.85,27.81,27.92,27.93,27.91,27.93,27.93,27.93,6769,7016
2025-09-13 18:00:00,0.56,6.59,10.64,10.31,10.55,18.71,12.17,11.19,36.6,38.93,35.03,36.46,37.39,35.62,30.28,30.48,30.06,28.02,28.17,27.91,27.8,27.82,27.73,27.8,27.82,27.8,27.93,27.93,27.92,27.93,27.93,27.93,6840,7110
2025-09-13 17:00:00,0.5,6.81,10.62,10.34,10.56,18.72,12.18,11.19,46.04,49.69,39.75,37.69,37.84,37.5,29.61,29.97,29.23,27.67,27.83,27.5,27.7,27.72,27.67,27.8,27.81,27.8,27.93,27.93,27.93,27.93,27.93,27.93,6838,7110
2025-09-13 16:00:00,0.44,6.89,10.6,10.34,10.57,18.73,12.19,11.2,48.22,49.19,47.03,36.68,37.39,35.98,28.83,29.2,28.49,27.34,27.46,27.22,27.59,27.64,27.58,27.8,27.81,27.8,27.93,27.93,27.93,27.93,27.94,27.93,6851,10104
2025-09-13 15:00:00,0.53,6.86,10.51,10.28,10.55,18.74,12.2,11.2,46.62,47.18,46.03,35.22,35.9,34.64,28.03,28.41,27.66,27.06,27.2,26.98,27.58,27.58,27.58,27.8,27.82,27.8,27.93,27.94,27.93,27.93,27.94,27.93,6849,10104
2025-09-13 14:00:00,0.65,6.91,10.44,10.27,10.56,18.73,12.2,11.21,46.74,47.22,46.15,33.46,34.5,32.07,27.2,27.58,26.87,26.85,26.96,26.75,27.57,27.58,27.57,27.85,27.9,27.82,27.98,28.04,27.95,27.94,27.96,27.93,6849,10022
2025-09-13 13:00:00,0.82,6.88,10.38,10.25,10.56,18.69,12.19,11.22,42.8,45.79,39.43,30.58,31.84,29.47,26.46,26.76,26.16,26.74,26.75,26.72,27.58,27.58,27.58,27.91,27.92,27.89,28.03,28.05,28,27.96,27.98,27.93,6849,10152
2025-09-13 12:00:00,0.72,6.77,10.31,10.22,10.57,18.68,12.2,11.21,37.9,39.15,35.98,27.97,29.35,26.4,25.82,26.08,25.57,26.69,26.73,26.64,27.59,27.65,27.58,27.92,27.93,27.92,28.05,28.05,28.04,27.98,28.01,27.96,6849,10148
2025-09-13 11:00:00,0.76,6.6,10.24,10.21,10.57,18.7,12.2,11.21,32.25,35.41,28.63,24.7,26.1,23.33,25.31,25.52,25.11,26.74,26.75,26.72,27.69,27.7,27.66,27.92,27.94,27.92,28.05,28.05,28.05,27.99,28.02,27.97,6847,10250
2025-09-13 10:00:00,0.75,6.34,10.17,10.15,10.56,18.73,12.2,11.21,24.28,28.06,20.01,21.77,23.09,20.84,25.02,25.09,24.98,26.85,26.97,26.76,27.75,27.82,27.7,28,28.04,27.95,28.05,28.05,28.05,28,28.02,27.98,6844,10341
2025-09-13 09:00:00,0.71,6.17,10.14,10.11,10.57,18.77,12.2,11.21,16.67,19.35,14.57,20.52,20.74,20.4,25.05,25.2,24.98,27.08,27.22,26.98,27.86,27.94,27.82,28.04,28.04,28.04,28.05,28.06,28.05,27.99,28.02,27.96,6838,10294
2025-09-13 08:00:00,0.68,6.12,10.13,10.11,10.56,18.79,12.21,11.22,13.79,14.33,13.51,20.6,20.83,20.48,25.38,25.57,25.21,27.35,27.46,27.22,27.99,28.06,27.94,28.06,28.11,28.04,28.05,28.07,28.05,27.97,27.99,27.96,6550,6839
2025-09-13 07:00:00,0.64,6.08,10.16,10.13,10.56,18.71,12.21,11.22,13.77,13.99,13.55,21.1,21.43,20.84,25.82,26.04,25.58,27.6,27.69,27.47,28.11,28.18,28.06,28.15,28.16,28.14,28.06,28.08,28.05,27.94,27.96,27.93,6488,1579
2025-09-13 06:00:00,0.65,6.11,10.17,10.12,10.56,18.69,12.2,11.21,14.31,14.57,14.1,21.71,22.02,21.43,26.27,26.5,26.04,27.84,27.93,27.7,28.23,28.29,28.18,28.16,28.16,28.16,28.05,28.06,28.05,27.93,27.96,27.93,6497,0
2025-09-13 05:00:00,0.65,6.11,10.17,10.15,10.58,18.69,12.2,11.2,14.95,15.3,14.67,22.44,22.75,22.14,26.74,26.99,26.51,28.07,28.17,27.95,28.31,28.38,28.29,28.16,28.16,28.16,28.05,28.05,28.05,27.93,27.94,27.93,6510,0
2025-09-13 04:00:00,0.66,6.12,10.23,10.17,10.61,18.69,12.2,11.19,15.71,16.03,15.4,23.18,23.56,22.85,27.22,27.46,26.99,28.3,28.4,28.17,28.4,28.41,28.39,28.16,28.16,28.16,28.05,28.05,28.05,27.93,27.93,27.93,6517,0
2025-09-13 03:00:00,0.61,6.13,10.24,10.21,10.6,18.68,12.19,11.19,16.54,16.98,16.11,23.99,24.39,23.61,27.72,27.93,27.47,28.49,28.6,28.4,28.42,28.45,28.41,28.16,28.16,28.16,28.05,28.05,28.05,27.93,27.93,27.93,6528,0
2025-09-13 02:00:00,0.67,6.2,10.29,10.24,10.55,18.68,12.19,11.19,17.47,17.87,17.04,24.88,25.33,24.5,28.23,28.48,28.01,28.69,28.76,28.63,28.47,28.49,28.45,28.16,28.16,28.16,28.01,28.05,27.98,27.93,27.93,27.93,6535,0
2025-09-13 01:00:00,0.67,6.22,10.31,10.25,10.56,18.72,12.2,11.18,18.49,19.06,17.99,25.87,26.4,25.39,28.75,29,28.52,28.83,28.88,28.76,28.46,28.49,28.44,28.11,28.16,28.06,27.95,27.99,27.94,27.93,27.93,27.93,6542,0
2025-09-13 00:00:00,0.67,6.17,10.37,10.26,10.59,18.72,12.18,11.19,19.93,20.76,19.18,26.96,27.46,26.46,29.26,29.48,29.01,28.95,29,28.88,28.42,28.46,28.41,28.04,28.07,28.04,27.93,27.93,27.93,27.92,27.93,27.9,6524,0
2025-09-12 23:00:00,0.67,6.21,10.37,10.3,10.58,18.68,12.18,11.2,21.84,22.53,20.96,28.04,28.53,27.58,29.78,30,29.59,29,29,28.99,28.37,28.41,28.3,28.03,28.04,27.99,27.93,27.93,27.93,27.92,27.93,27.91,6542,0
2025-09-12 22:00:00,0.68,6.22,10.45,10.3,10.55,18.66,12.17,11.19,22.14,22.61,21.67,29.24,30.02,28.63,30.26,30.51,30.06,28.99,29,28.96,28.27,28.3,28.18,27.93,27.97,27.92,27.92,27.93,27.92,27.93,27.93,27.92,6542,0
2025-09-12 21:00:00,0.66,6.3,10.55,10.3,10.55,18.66,12.2,11.18,23.85,25.38,22.52,31.02,31.94,30.18,30.68,30.82,30.53,28.87,28.92,28.79,28.14,28.19,28.06,27.91,27.92,27.91,27.91,27.93,27.9,27.93,27.93,27.93,6550,0
2025-09-12 20:00:00,0.62,6.32,10.69,10.33,10.54,18.69,12.19,11.19,27.9,30.12,25.69,32.92,33.73,32.07,30.89,30.9,30.87,28.67,28.76,28.52,28.01,28.06,27.94,27.86,27.92,27.81,27.91,27.93,27.9,27.93,27.93,27.93,6624,145
2025-09-12 19:00:00,0.6,6.38,10.74,10.32,10.55,18.7,12.18,11.19,31.91,33.74,30.32,34.79,35.74,33.91,30.85,30.9,30.77,28.38,28.52,28.26,27.88,27.94,27.82,27.81,27.83,27.8,27.92,27.93,27.91,27.93,27.93,27.93,6706,6945
2025-09-12 18:00:00,0.53,6.57,10.71,10.33,10.54,18.7,12.18,11.2,36.29,39.16,34.18,36.97,38.09,35.88,30.52,30.76,30.28,28.05,28.18,27.93,27.77,27.82,27.7,27.8,27.81,27.8,27.93,27.93,27.92,27.93,27.93,27.93,6755,7012
2025-09-12 17:00:00,0.5,6.79,10.66,10.35,10.56,18.7,12.18,11.2,47.25,51.7,40.13,38.44,38.58,38.22,29.78,30.18,29.35,27.66,27.83,27.46,27.66,27.7,27.58,27.8,27.8,27.8,27.93,27.93,27.93,27.94,27.96,27.93,6784,7043
2025-09-12 16:00:00,0.46,6.91,10.63,10.35,10.54,18.7,12.19,11.21,50.36,51.83,49.58,37.42,38.15,36.68,28.94,29.34,28.52,27.3,27.46,27.11,27.57,27.58,27.53,27.8,27.8,27.8,27.93,27.94,27.93,27.96,28.01,27.93,6849,10053
2025-09-12 15:00:00,0.52,6.91,10.54,10.3,10.54,18.72,12.21,11.2,48.26,49.7,47.17,35.83,36.56,35.25,28.1,28.5,27.7,27,27.1,26.87,27.49,27.54,27.47,27.8,27.81,27.8,27.95,27.99,27.93,28,28.03,27.97,6851,9959
2025-09-12 14:00:00,0.68,6.95,10.47,10.28,10.55,18.74,12.2,11.2,48.69,49.93,47.32,34.08,35.13,32.66,27.21,27.58,26.87,26.77,26.87,26.65,27.47,27.48,27.47,27.81,27.82,27.8,28,28.03,27.95,28.03,28.05,28.02,6851,10073
2025-09-12 13:00:00,0.81,6.94,10.4,10.25,10.55,18.73,12.19,11.2,44.7,48.04,41.3,31.01,32.34,29.94,26.41,26.75,26.05,26.63,26.63,26.62,27.47,27.5,27.47,27.86,27.89,27.81,28.04,28.05,28.04,28.05,28.05,28.03,6849,10022
2025-09-12 12:00:00,0.74,6.86,10.32,10.24,10.55,18.7,12.19,11.2,39.73,41.18,37.46,28.24,29.83,26.41,25.7,26.04,25.43,26.58,26.61,26.56,27.54,27.58,27.49,27.91,27.92,27.89,28.05,28.05,28.04,28.05,28.05,28.05,6849,10073
2025-09-12 11:00:00,0.78,6.65,10.25,10.19,10.58,18.69,12.2,11.21,33.14,36.8,29.7,24.69,26.16,23.2,25.14,25.34,24.98,26.62,26.63,26.59,27.59,27.61,27.58,27.92,27.92,27.92,28.05,28.05,28.05,28.05,28.05,28.05,6847,10246
2025-09-12 10:00:00,0.74,6.38,10.14,10.16,10.57,18.71,12.21,11.21,24.48,28.88,19.89,21.43,22.85,20.48,24.81,24.94,24.74,26.69,26.79,26.63,27.68,27.7,27.61,27.93,27.97,27.92,28.05,28.06,28.05,28.05,28.05,28.05,6847,10345
2025-09-12 09:00:00,0.69,6.23,10.11,10.1,10.57,18.76,12.21,11.21,16.55,19.2,14.44,20.08,20.37,19.91,24.83,24.98,24.74,26.93,27.05,26.86,27.78,27.83,27.7,28.03,28.04,27.99,28.07,28.11,28.06,28.05,28.05,28.05,6842,10325
2025-09-12 08:00:00,0.64,6.14,10.12,10.08,10.56,18.78,12.22,11.2,13.04,14.06,12.7,20.13,20.37,19.94,25.15,25.34,24.98,27.2,27.34,27.1,27.91,27.95,27.83,28.04,28.08,28.04,28.11,28.14,28.09,28.05,28.05,28.05,6542,6831
2025-09-12 07:00:00,0.64,6.12,10.15,10.12,10.57,18.75,12.22,11.2,13.12,13.4,12.84,20.73,21.04,20.45,25.6,25.8,25.4,27.45,27.58,27.34,28.04,28.06,27.98,28.12,28.16,28.08,28.13,28.14,28.09,28.05,28.05,28.05,6484,1563
2025-09-12 06:00:00,0.65,6.12,10.17,10.15,10.56,18.69,12.21,11.19,13.9,14.33,13.5,21.4,21.73,21.08,26.05,26.28,25.83,27.69,27.81,27.58,28.15,28.18,28.07,28.16,28.16,28.16,28.11,28.16,28.1,28.05,28.05,28.03,6493,0
2025-09-12 05:00:00,0.66,6.14,10.18,10.15,10.56,18.69,12.21,11.19,14.67,14.96,14.34,22.09,22.44,21.78,26.5,26.75,26.28,27.92,28.05,27.81,28.25,28.29,28.18,28.16,28.16,28.16,28.09,28.12,28.08,28.03,28.05,28.02,6510,0
2025-09-12 04:00:00,0.66,6.14,10.2,10.16,10.59,18.69,12.2,11.2,15.38,15.87,15.04,22.87,23.25,22.49,26.97,27.22,26.75,28.14,28.28,28.05,28.33,28.38,28.29,28.16,28.16,28.16,28.05,28.08,28.05,27.99,28.03,27.97,6519,0
2025-09-12 03:00:00,0.63,6.19,10.25,10.18,10.61,18.68,12.2,11.22,16.58,17.28,15.99,23.71,24.13,23.32,27.44,27.68,27.22,28.36,28.43,28.29,28.41,28.41,28.4,28.16,28.17,28.16,28.05,28.06,28.05,27.96,28,27.95,6533,0
2025-09-12 02:00:00,0.69,6.24,10.27,10.23,10.62,18.68,12.19,11.21,18.19,18.83,17.41,24.5,24.84,24.16,27.91,28.16,27.7,28.54,28.63,28.46,28.41,28.42,28.41,28.16,28.16,28.16,28.05,28.05,28.04,27.94,27.96,27.93,6539,0
2025-09-12 01:00:00,0.7,6.29,10.3,10.25,10.62,18.7,12.18,11.21,19.01,19.42,18.36,25.16,25.55,24.86,28.39,28.64,28.17,28.69,28.76,28.64,28.41,28.41,28.41,28.15,28.16,28.08,28.03,28.05,28.01,27.93,27.95,27.93,6542,0
2025-09-12 00:00:00,0.69,6.27,10.35,10.25,10.62,18.73,12.19,11.2,18.83,19.59,18.26,26.12,26.63,25.6,28.93,29.2,28.67,28.83,28.88,28.76,28.41,28.41,28.41,28.06,28.11,28.04,27.99,28.03,27.95,27.93,27.95,27.93,6522,0
2025-09-11 23:00:00,0.7,6.23,10.36,10.28,10.58,18.69,12.2,11.2,19.88,20.25,19.54,27.27,27.93,26.73,29.47,29.71,29.23,28.88,28.89,28.88,28.35,28.41,28.29,28.04,28.04,28.02,27.94,27.97,27.93,27.93,27.94,27.93,6539,0
2025-09-11 22:00:00,0.65,6.29,10.4,10.29,10.55,18.67,12.18,11.2,21.45,23.09,20.12,28.78,29.49,28.05,29.99,30.18,29.8,28.88,28.9,28.88,28.28,28.29,28.22,27.98,28.03,27.92,27.93,27.93,27.93,27.93,27.94,27.93,6546,0
2025-09-11 21:00:00,0.65,6.37,10.49,10.31,10.55,18.66,12.18,11.2,24.36,25.21,23.34,30.36,31.13,29.67,30.37,30.53,30.19,28.81,28.88,28.76,28.16,28.21,28.09,27.92,27.93,27.92,27.93,27.93,27.93,27.93,27.95,27.93,6550,0
2025-09-11 20:00:00,0.66,6.43,10.6,10.32,10.55,18.67,12.18,11.2,27.5,29.41,25.45,32.02,32.78,31.25,30.61,30.65,30.53,28.63,28.76,28.52,28.04,28.06,27.96,27.91,27.92,27.91,27.93,27.93,27.93,27.93,27.96,27.93,6624,1095
2025-09-11 19:00:00,0.61,6.44,10.65,10.32,10.54,18.69,12.18,11.21,30.74,31.94,29.71,33.69,34.56,32.9,30.62,30.65,30.53,28.37,28.52,28.24,27.91,27.94,27.83,27.87,27.91,27.84,27.93,27.93,27.93,27.97,27.99,27.95,6713,6949
2025-09-11 18:00:00,0.56,6.59,10.65,10.32,10.55,18.7,12.18,11.19,33.81,36.43,32.15,35.84,36.93,34.77,30.35,30.53,30.1,28.06,28.17,27.93,27.81,27.82,27.75,27.81,27.83,27.8,27.93,27.93,27.93,28.01,28.03,27.99,6751,7016
2025-09-11 17:00:00,0.56,6.86,10.64,10.35,10.55,18.7,12.19,11.19,44.47,48.98,37.39,37.45,37.63,37.16,29.66,30.06,29.26,27.7,27.92,27.55,27.7,27.72,27.67,27.8,27.82,27.8,27.93,27.94,27.93,28.04,28.05,28.03,6786,7047
2025-09-11 16:00:00,0.43,6.98,10.62,10.35,10.56,18.7,12.2,11.2,47.38,48.86,46.5,36.51,37.16,35.86,28.87,29.23,28.52,27.37,27.48,27.22,27.59,27.63,27.58,27.8,27.81,27.8,27.94,27.96,27.93,28.05,28.05,28.05,6849,10053
2025-09-11 15:00:00,0.55,6.91,10.53,10.3,10.55,18.71,12.2,11.2,45.23,46.62,44.3,35.06,35.72,34.56,28.11,28.46,27.73,27.09,27.22,26.98,27.57,27.58,27.54,27.8,27.82,27.8,27.99,28.03,27.97,28.05,28.05,28.05,6849,10097
2025-09-11 14:00:00,0.68,7,10.48,10.28,10.54,18.73,12.19,11.21,45.48,46.5,44.25,33.51,34.43,32.21,27.31,27.7,26.99,26.88,26.98,26.79,27.52,27.55,27.5,27.81,27.83,27.8,28.03,28.05,28,28.05,28.05,28.05,6849,10167
2025-09-11 13:00:00,0.84,6.98,10.42,10.28,10.55,18.72,12.19,11.21,42.12,45.32,38.89,30.8,31.95,29.94,26.61,26.93,26.28,26.75,26.76,26.73,27.54,27.58,27.52,27.84,27.88,27.82,28.05,28.05,28.04,28.05,28.05,28.05,6849,10250
2025-09-11 12:00:00,0.75,6.89,10.34,10.24,10.55,18.69,12.19,11.21,37.67,38.93,35.75,28.43,29.81,26.84,25.98,26.28,25.69,26.69,26.73,26.66,27.58,27.58,27.55,27.9,27.92,27.88,28.05,28.05,28.05,28.05,28.07,28.05,6849,10341
2025-09-11 11:00:00,0.77,6.72,10.28,10.23,10.58,18.67,12.2,11.21,32.06,35.15,28.78,25.25,26.63,23.91,25.46,25.69,25.25,26.73,26.75,26.67,27.58,27.6,27.58,27.92,27.92,27.92,28.05,28.05,28.05,28.05,28.06,28.05,6849,10408
2025-09-11 10:00:00,0.74,6.48,10.21,10.18,10.57,18.68,12.2,11.21,24.57,28.23,20.76,22.29,23.57,21.43,25.13,25.21,25.09,26.81,26.87,26.75,27.67,27.7,27.61,27.92,27.92,27.92,28.05,28.06,28.05,28.05,28.06,28.05,6847,10270
2025-09-11 09:00:00,0.72,6.26,10.18,10.13,10.58,18.69,12.2,11.21,17.64,20.12,15.55,21.08,21.31,20.96,25.17,25.32,25.09,27.01,27.1,26.9,27.74,27.82,27.7,27.94,28.01,27.92,28.05,28.06,28.05,28.05,28.06,28.05,6840,10325
2025-09-11 08:00:00,0.69,6.2,10.17,10.13,10.59,18.71,12.21,11.21,14.81,15.3,14.63,21.18,21.43,20.96,25.49,25.69,25.33,27.23,27.34,27.11,27.85,27.93,27.82,28.02,28.04,27.98,28.06,28.08,28.05,28.05,28.07,28.05,6550,6839
2025-09-11 07:00:00,0.68,6.21,10.19,10.15,10.57,18.73,12.2,11.21,14.92,15.16,14.69,21.71,21.99,21.44,25.89,26.04,25.69,27.45,27.57,27.34,27.94,27.96,27.92,28.04,28.04,28.04,28.06,28.08,28.05,28.05,28.07,28.05,6484,1741
2025-09-11 06:00:00,0.69,6.22,10.19,10.17,10.57,18.72,12.19,11.2,15.46,15.72,15.18,22.35,22.62,22.06,26.3,26.51,26.15,27.64,27.72,27.58,28.04,28.06,27.99,28.04,28.05,28.04,28.06,28.08,28.05,28.05,28.06,28.05,6488,0
2025-09-11 05:00:00,0.65,6.22,10.21,10.18,10.59,18.73,12.2,11.2,16.09,16.45,15.75,23.03,23.33,22.73,26.72,26.93,26.51,27.84,27.93,27.78,28.08,28.14,28.06,28.04,28.05,28.04,28.05,28.06,28.05,28.05,28.06,28.05,6502,0
2025-09-11 04:00:00,0.66,6.26,10.23,10.18,10.55,18.72,12.19,11.2,16.92,17.17,16.58,23.77,24.15,23.44,27.15,27.34,26.99,28,28.06,27.93,28.17,28.18,28.14,28.04,28.05,28.04,28.05,28.05,28.05,28.05,28.05,28.05,6517,0
2025-09-11 03:00:00,0.7,6.29,10.28,10.2,10.56,18.7,12.19,11.2,17.65,18.12,17.23,24.59,24.99,24.18,27.58,27.81,27.36,28.15,28.2,28.06,28.18,28.18,28.18,28.04,28.05,28.04,28.05,28.05,28.05,28.05,28.05,28.05,6528,0
2025-09-11 02:00:00,0.72,6.32,10.29,10.23,10.56,18.69,12.19,11.2,18.95,19.77,18.24,25.53,25.95,25.1,28,28.17,27.81,28.28,28.3,28.24,28.18,28.18,28.18,28.04,28.04,28.04,28.05,28.05,28.05,28.05,28.05,28.05,6542,0
2025-09-11 01:00:00,0.68,6.34,10.33,10.25,10.55,18.68,12.18,11.2,20.8,21.55,19.89,26.44,26.84,26.04,28.38,28.52,28.18,28.38,28.4,28.32,28.18,28.18,28.17,28.02,28.04,27.99,28.04,28.05,28.03,28.05,28.05,28.05,6546,0
2025-09-11 00:00:00,0.7,6.31,10.37,10.28,10.57,18.66,12.17,11.2,22.21,22.73,21.67,27.26,27.67,26.87,28.74,28.89,28.58,28.4,28.4,28.4,28.13,28.18,28.06,27.94,27.98,27.92,28.02,28.04,28,28.05,28.07,28.05,6533,0
2025-09-10 23:00:00,0.7,6.35,10.42,10.29,10.56,18.65,12.18,11.21,23.35,23.88,22.77,28.12,28.53,27.7,29.09,29.23,28.93,28.4,28.4,28.4,28.05,28.06,28.02,27.92,27.92,27.92,27.99,28.03,27.97,28.06,28.09,28.05,6546,0
2025-09-10 22:00:00,0.65,6.36,10.42,10.29,10.55,18.67,12.19,11.21,24.24,24.98,23.96,29.11,29.66,28.64,29.4,29.58,29.24,28.36,28.4,28.29,27.95,28.01,27.93,27.88,27.92,27.83,27.98,28,27.95,28.07,28.1,28.06,6550,0
2025-09-10 21:00:00,0.7,6.42,10.44,10.29,10.57,18.7,12.18,11.2,26.06,26.94,25.1,30.31,30.89,29.74,29.65,29.71,29.59,28.22,28.29,28.16,27.83,27.89,27.82,27.81,27.85,27.8,27.98,28,27.96,28.13,28.17,28.11,6588,0
2025-09-10 20:00:00,0.67,6.46,10.49,10.29,10.55,18.68,12.18,11.19,28.13,29.49,27.06,31.66,32.31,31.01,29.71,29.72,29.71,28,28.13,27.93,27.71,27.78,27.67,27.8,27.8,27.8,28.01,28.04,27.99,28.16,28.17,28.16,6666,1552
2025-09-10 19:00:00,0.63,6.48,10.51,10.3,10.56,18.68,12.18,11.19,31.12,32.66,29.8,33.08,33.73,32.43,29.59,29.71,29.45,27.72,27.83,27.58,27.59,27.67,27.57,27.8,27.8,27.8,28.04,28.05,28.04,28.17,28.17,28.17,6786,7036
2025-09-10 18:00:00,0.57,6.57,10.59,10.31,10.54,18.67,12.19,11.22,34.46,35.86,33,34.38,34.91,33.84,29.21,29.41,29,27.44,27.58,27.29,27.49,27.55,27.47,27.8,27.8,27.8,28.05,28.05,28.05,28.17,28.18,28.17,6824,8856
2025-09-10 17:00:00,0.6,6.7,10.56,10.31,10.53,18.7,12.19,11.22,39.44,41.35,36.23,35.22,35.27,35.03,28.62,28.94,28.29,27.09,27.23,26.98,27.4,27.47,27.35,27.8,27.8,27.8,28.05,28.08,28.05,28.2,28.25,28.18,6838,8808
2025-09-10 16:00:00,0.52,6.8,10.52,10.3,10.53,18.7,12.2,11.22,42.71,44.62,40.11,34.62,35.25,33.99,27.88,28.28,27.52,26.77,26.9,26.63,27.35,27.35,27.35,27.8,27.8,27.8,28.12,28.17,28.08,28.26,28.29,28.24,6849,10739
2025-09-10 15:00:00,0.61,6.81,10.46,10.29,10.53,18.73,12.22,11.23,41.89,43.15,40.59,33.26,33.91,32.78,27.08,27.46,26.74,26.5,26.63,26.39,27.32,27.34,27.28,27.8,27.81,27.8,28.17,28.17,28.16,28.29,28.29,28.29,6849,10534
2025-09-10 14:00:00,0.73,6.93,10.4,10.27,10.53,18.71,12.25,11.25,42.05,42.94,40.74,31.64,32.66,30.3,26.26,26.63,25.92,26.3,26.39,26.19,27.31,27.34,27.28,27.86,27.92,27.82,28.18,28.21,28.17,28.29,28.29,28.29,6849,10427
2025-09-10 13:00:00,0.82,6.79,10.35,10.25,10.54,18.67,12.26,11.26,38.62,40.59,36.16,28.92,30.06,28.05,25.53,25.85,25.21,26.16,26.19,26.16,27.35,27.35,27.33,27.92,27.92,27.91,28.24,28.28,28.19,28.3,28.34,28.29,6847,10522
2025-09-10 12:00:00,0.72,6.75,10.23,10.2,10.55,18.69,12.28,11.25,34.79,36.09,32.78,26.37,27.88,24.72,24.85,25.17,24.55,26.16,26.16,26.15,27.38,27.46,27.35,27.93,27.97,27.92,28.28,28.28,28.28,28.35,28.39,28.3,6849,10471
2025-09-10 11:00:00,0.78,6.52,10.09,10.18,10.56,18.72,12.3,11.23,29.02,32.21,26.04,23.06,24.39,21.64,24.29,24.5,24.1,26.16,26.19,26.16,27.47,27.48,27.44,28.03,28.04,27.98,28.28,28.3,28.28,28.4,28.41,28.38,6847,10506
2025-09-10 10:00:00,0.74,6.32,10.02,10.13,10.56,18.78,12.28,11.24,22.03,25.57,18.24,20,21.31,19.06,23.95,24.03,23.9,26.3,26.39,26.21,27.55,27.58,27.47,28.05,28.1,28.04,28.36,28.4,28.32,28.41,28.41,28.41,6842,10601
2025-09-10 09:00:00,0.71,6.13,9.98,10.09,10.56,18.71,12.25,11.24,14.47,17.53,12.01,18.65,18.95,18.5,23.95,24.05,23.91,26.53,26.64,26.39,27.67,27.72,27.59,28.16,28.16,28.14,28.4,28.4,28.39,28.41,28.41,28.41,6838,10471
2025-09-10 08:00:00,0.57,6.05,9.98,10.05,10.58,18.7,12.27,11.24,11.25,11.75,11.04,18.72,18.95,18.57,24.28,24.5,24.13,26.81,26.95,26.67,27.82,27.92,27.75,28.21,28.28,28.16,28.4,28.4,28.4,28.41,28.41,28.41,6530,6823
2025-09-10 07:00:00,0.56,6.03,10.03,10.07,10.57,18.7,12.27,11.25,11.32,11.5,11.13,19.22,19.49,18.95,24.71,24.92,24.5,27.07,27.22,26.98,27.97,28.05,27.93,28.28,28.31,28.28,28.42,28.46,28.4,28.41,28.41,28.41,6475,1516
2025-09-10 06:00:00,0.62,6.07,10.09,10.1,10.58,18.72,12.25,11.25,11.8,12.01,11.59,19.79,20.08,19.54,25.16,25.35,24.98,27.33,27.46,27.22,28.1,28.18,28.06,28.36,28.39,28.3,28.46,28.49,28.42,28.41,28.43,28.41,6484,0
2025-09-10 05:00:00,0.67,6.04,10.12,10.12,10.57,18.71,12.26,11.25,12.23,12.42,12.09,20.44,20.82,20.12,25.64,25.91,25.44,27.57,27.69,27.46,28.22,28.29,28.18,28.39,28.39,28.39,28.5,28.52,28.48,28.41,28.42,28.41,6506,0
2025-09-10 04:00:00,0.63,6.02,10.13,10.14,10.58,18.72,12.27,11.24,12.82,13.15,12.44,21.23,21.64,20.84,26.12,26.37,25.92,27.8,27.93,27.69,28.32,28.4,28.29,28.4,28.44,28.39,28.51,28.52,28.51,28.42,28.43,28.41,6517,0
2025-09-10 03:00:00,0.65,6.09,10.16,10.14,10.63,18.69,12.27,11.23,13.81,14.46,13.26,22.18,22.63,21.71,26.6,26.84,26.39,28.01,28.12,27.93,28.41,28.44,28.4,28.47,28.51,28.44,28.52,28.52,28.51,28.42,28.44,28.41,6519,0
2025-09-10 02:00:00,0.65,6.13,10.18,10.18,10.57,18.7,12.26,11.22,15.69,16.82,14.62,23.19,23.62,22.73,27.06,27.23,26.87,28.22,28.29,28.16,28.49,28.53,28.42,28.5,28.51,28.5,28.52,28.52,28.51,28.43,28.46,28.41,6539,0
2025-09-10 01:00:00,0.67,6.15,10.25,10.21,10.59,18.69,12.26,11.21,17.82,18.49,17.04,24.03,24.39,23.68,27.49,27.7,27.33,28.38,28.45,28.29,28.53,28.53,28.53,28.5,28.51,28.49,28.51,28.52,28.5,28.44,28.47,28.42,6546,0
2025-09-10 00:00:00,0.7,6.24,10.26,10.25,10.6,18.69,12.27,11.21,19.37,19.89,18.7,24.72,24.98,24.45,27.92,28.16,27.7,28.51,28.54,28.46,28.53,28.53,28.53,28.49,28.51,28.47,28.51,28.52,28.51,28.47,28.49,28.45,6524,0
2025-09-09 23:00:00,0.71,6.23,10.29,10.25,10.6,18.69,12.26,11.21,19.76,20.01,19.19,25.27,25.57,25,28.39,28.64,28.17,28.63,28.64,28.58,28.53,28.53,28.53,28.46,28.48,28.44,28.52,28.52,28.51,28.5,28.53,28.48,6535,0
2025-09-09 22:00:00,0.66,6.17,10.34,10.25,10.57,18.69,12.26,11.21,18.06,18.87,17.53,26.35,27.11,25.69,28.93,29.16,28.66,28.69,28.74,28.64,28.52,28.53,28.48,28.42,28.45,28.41,28.52,28.52,28.51,28.52,28.53,28.51,6550,0
2025-09-09 21:00:00,0.66,6.19,10.36,10.27,10.58,18.7,12.26,11.21,20.32,22.58,18.7,28.07,28.88,27.22,29.39,29.58,29.23,28.67,28.74,28.64,28.43,28.49,28.41,28.4,28.42,28.39,28.52,28.52,28.51,28.53,28.53,28.53,6613,0
2025-09-09 20:00:00,0.66,6.3,10.41,10.3,10.62,18.65,12.28,11.21,24.82,26.51,23.07,29.73,30.42,29,29.67,29.73,29.59,28.57,28.64,28.51,28.4,28.41,28.36,28.39,28.4,28.39,28.52,28.52,28.52,28.53,28.53,28.53,6697,1087
2025-09-09 19:00:00,0.64,6.39,10.44,10.29,10.58,18.63,12.28,11.23,27.75,28.88,26.75,31.33,32.18,30.54,29.72,29.75,29.71,28.39,28.51,28.29,28.3,28.34,28.29,28.4,28.42,28.39,28.53,28.55,28.52,28.53,28.56,28.53,6804,7055
2025-09-09 18:00:00,0.58,6.43,10.49,10.3,10.57,18.63,12.26,11.23,30.89,33.25,29.12,33.2,34.09,32.31,29.58,29.71,29.41,28.18,28.29,28.06,28.28,28.29,28.25,28.44,28.48,28.42,28.59,28.63,28.56,28.58,28.64,28.56,6820,7260
2025-09-09 17:00:00,0.59,6.63,10.55,10.33,10.58,18.66,12.23,11.22,39.76,43.07,33.98,34.37,34.54,34.16,29.1,29.35,28.85,27.92,28.05,27.81,28.19,28.25,28.18,28.49,28.5,28.47,28.63,28.64,28.62,28.63,28.64,28.61,6838,9399
2025-09-09 16:00:00,0.56,6.67,10.5,10.32,10.58,18.69,12.23,11.22,40.18,43.07,38.09,33.76,34.08,33.56,28.53,28.76,28.29,27.66,27.76,27.58,28.18,28.18,28.18,28.51,28.51,28.5,28.64,28.65,28.64,28.64,28.64,28.64,6849,10420
2025-09-09 15:00:00,0.59,6.73,10.46,10.31,10.6,18.7,12.26,11.23,39.91,41.3,38.34,33.08,33.49,32.78,27.9,28.19,27.58,27.47,27.58,27.38,28.18,28.18,28.18,28.51,28.53,28.51,28.67,28.73,28.64,28.64,28.65,28.64,6849,10443
2025-09-09 14:00:00,0.7,6.9,10.4,10.29,10.61,18.69,12.28,11.25,42.01,43.52,39.52,31.98,32.75,30.77,27.18,27.51,26.87,27.31,27.35,27.22,28.18,28.21,28.18,28.56,28.62,28.51,28.75,28.76,28.73,28.64,28.65,28.64,6849,10368
2025-09-09 13:00:00,0.86,6.78,10.35,10.3,10.6,18.67,12.29,11.26,39.66,42.72,35.38,29.13,30.43,28.17,26.53,26.82,26.28,27.22,27.23,27.22,28.26,28.29,28.21,28.63,28.63,28.62,28.76,28.76,28.76,28.66,28.69,28.64,6849,10420
2025-09-09 12:00:00,0.72,6.73,10.27,10.25,10.64,18.67,12.31,11.25,34.38,35.55,32.48,26.73,28.05,25.21,25.97,26.22,25.77,27.24,27.3,27.22,28.31,28.4,28.29,28.65,28.69,28.63,28.76,28.77,28.76,28.69,28.72,28.66,6847,10491
2025-09-09 11:00:00,0.78,6.53,10.22,10.23,10.66,18.68,12.29,11.25,28.84,32.12,26.25,23.79,24.98,22.72,25.55,25.71,25.45,27.36,27.45,27.32,28.41,28.42,28.39,28.73,28.75,28.68,28.81,28.85,28.77,28.71,28.75,28.69,6844,10175
2025-09-09 10:00:00,0.75,6.36,10.17,10.2,10.63,18.72,12.24,11.26,22.65,26.28,18.35,21.09,22.39,20.25,25.35,25.44,25.33,27.51,27.58,27.45,28.51,28.55,28.43,28.76,28.8,28.75,28.87,28.88,28.85,28.73,28.76,28.71,6842,10443
2025-09-09 09:00:00,0.69,6.22,10.12,10.15,10.61,18.69,12.25,11.26,14.63,17.53,12.8,20,20.12,19.94,25.44,25.61,25.33,27.79,27.93,27.67,28.65,28.73,28.55,28.86,28.87,28.82,28.88,28.88,28.88,28.73,28.74,28.73,6838,10412
2025-09-09 08:00:00,0.68,6.11,10.11,10.13,10.63,18.7,12.26,11.25,12.22,12.61,12.09,20.31,20.6,20.01,25.9,26.16,25.69,28.07,28.18,27.94,28.8,28.88,28.75,28.88,28.95,28.87,28.88,28.88,28.88,28.73,28.75,28.72,6537,6815
2025-09-09 07:00:00,0.66,6.1,10.12,10.15,10.62,18.69,12.26,11.25,12.61,12.92,12.24,21.04,21.43,20.72,26.4,26.63,26.16,28.36,28.49,28.23,28.93,29,28.89,28.98,28.99,28.96,28.88,28.88,28.88,28.73,28.76,28.71,6488,1170
2025-09-09 06:00:00,0.64,6.13,10.12,10.19,10.62,18.69,12.26,11.25,13.39,13.86,13.03,21.86,22.29,21.44,26.92,27.17,26.68,28.62,28.76,28.52,29.05,29.12,29,28.99,29,28.99,28.88,28.88,28.88,28.72,28.75,28.7,6502,0
2025-09-09 05:00:00,0.65,6.14,10.19,10.21,10.59,18.69,12.26,11.24,14.47,15.04,13.9,22.8,23.22,22.38,27.44,27.7,27.22,28.87,28.99,28.76,29.17,29.24,29.12,29.02,29.07,28.99,28.88,28.89,28.88,28.68,28.71,28.66,6506,0
2025-09-09 04:00:00,0.63,6.18,10.22,10.26,10.58,18.67,12.25,11.24,15.8,16.48,15.15,23.77,24.25,23.32,27.95,28.18,27.7,29.09,29.22,29,29.24,29.27,29.24,29.08,29.1,29.05,28.88,28.89,28.88,28.67,28.68,28.65,6524,0
2025-09-09 03:00:00,0.67,6.26,10.24,10.27,10.57,18.66,12.24,11.24,17.53,18.49,16.68,24.72,25.1,24.27,28.45,28.65,28.24,29.3,29.35,29.23,29.34,29.36,29.31,29.1,29.1,29.07,28.88,28.88,28.88,28.65,28.67,28.64,6537,0
2025-09-09 02:00:00,0.74,6.29,10.3,10.27,10.57,18.66,12.24,11.23,18.78,18.95,18.61,25.56,26.02,25.21,28.95,29.2,28.75,29.46,29.56,29.36,29.36,29.37,29.36,29.09,29.1,29.07,28.88,28.88,28.88,28.64,28.66,28.64,6539,0
2025-09-09 01:00:00,0.72,6.26,10.3,10.28,10.58,18.66,12.23,11.22,19.33,20.01,18.95,26.62,27.22,26.08,29.45,29.71,29.23,29.62,29.7,29.57,29.37,29.4,29.36,29.07,29.09,29.04,28.88,28.88,28.87,28.64,28.64,28.64,6548,0
2025-09-09 00:00:00,0.67,6.31,10.35,10.3,10.58,18.67,12.23,11.23,21.78,23.2,20.25,27.87,28.41,27.34,29.9,30.06,29.71,29.71,29.76,29.7,29.37,29.39,29.36,29.01,29.05,28.99,28.86,28.88,28.85,28.64,28.64,28.64,6528,0
2025-09-08 23:00:00,0.69,6.36,10.41,10.31,10.57,18.66,12.25,11.22,24.52,25.1,23.47,28.92,29.35,28.5,30.27,30.42,30.13,29.8,29.82,29.76,29.36,29.37,29.36,28.99,28.99,28.99,28.81,28.84,28.78,28.64,28.64,28.64,6542,0
2025-09-08 22:00:00,0.73,6.4,10.49,10.32,10.56,18.65,12.28,11.21,24.97,25.29,24.62,29.85,30.4,29.35,30.62,30.77,30.45,29.82,29.82,29.82,29.34,29.36,29.31,28.99,28.99,28.97,28.77,28.81,28.76,28.64,28.64,28.64,6550,0
2025-09-08 21:00:00,0.7,6.48,10.57,10.35,10.56,18.66,12.29,11.21,26.53,27.46,25.47,30.99,31.52,30.44,30.9,31.01,30.77,29.76,29.82,29.7,29.25,29.27,29.24,28.93,28.97,28.89,28.76,28.78,28.76,28.64,28.64,28.64,6599,0
2025-09-08 20:00:00,0.64,6.48,10.61,10.36,10.57,18.64,12.28,11.21,29.14,30.29,27.79,32.09,32.53,31.6,31.05,31.11,31.01,29.65,29.7,29.59,29.17,29.24,29.12,28.87,28.9,28.87,28.76,28.77,28.76,28.64,28.64,28.64,6697,1678
2025-09-08 19:00:00,0.64,6.49,10.62,10.38,10.59,18.62,12.29,11.21,30.7,30.89,30.42,33.01,33.5,32.55,31.12,31.13,31.1,29.5,29.59,29.45,29.08,29.12,29,28.87,28.87,28.87,28.76,28.77,28.76,28.64,28.65,28.64,6840,7099
2025-09-08 18:00:00,0.63,6.51,10.66,10.39,10.6,18.62,12.29,11.22,32.53,33.14,31.03,34.08,34.56,33.61,30.98,31.11,30.89,29.3,29.39,29.23,29,29.01,28.97,28.87,28.87,28.87,28.77,28.79,28.76,28.65,28.66,28.64,6838,9344
2025-09-08 17:00:00,0.57,6.58,10.67,10.41,10.6,18.61,12.26,11.23,34.39,35.98,33.25,35.21,35.74,34.66,30.76,30.89,30.63,29.07,29.17,29,28.91,28.96,28.89,28.87,28.87,28.87,28.8,28.82,28.77,28.65,28.67,28.64,6824,7910
2025-09-08 16:00:00,0.57,6.74,10.58,10.39,10.58,18.62,12.23,11.23,38.26,41.65,36.21,36.24,36.45,35.86,30.34,30.55,30.06,28.86,29,28.76,28.89,28.89,28.87,28.87,28.87,28.87,28.84,28.88,28.82,28.66,28.68,28.65,6838,10179
2025-09-08 15:00:00,0.61,6.85,10.53,10.4,10.58,18.65,12.22,11.24,42.77,43.54,42.01,36.14,36.37,35.91,29.75,30.06,29.45,28.63,28.76,28.52,28.86,28.89,28.84,28.87,28.87,28.87,28.87,28.88,28.86,28.69,28.73,28.67,6847,10128
2025-09-08 14:00:00,0.66,6.9,10.52,10.38,10.61,18.66,12.23,11.24,45.16,46.52,43.46,35.23,35.86,34.22,29.07,29.37,28.76,28.45,28.52,28.4,28.84,28.85,28.82,28.87,28.88,28.87,28.88,28.88,28.88,28.71,28.73,28.69,6847,9959
2025-09-08 13:00:00,0.81,6.89,10.46,10.37,10.6,18.67,12.24,11.24,44.39,46.62,41.3,32.9,34.05,32.05,28.45,28.76,28.17,28.31,28.4,28.29,28.84,28.88,28.83,28.88,28.93,28.87,28.88,28.88,28.88,28.72,28.75,28.7,6849,10053
2025-09-08 12:00:00,0.74,6.88,10.38,10.33,10.6,18.68,12.25,11.25,39.6,41.3,37.5,30.59,31.85,29.13,27.92,28.17,27.7,28.29,28.29,28.29,28.88,28.89,28.86,28.93,28.97,28.89,28.88,28.88,28.88,28.73,28.75,28.71,6849,9974
2025-09-08 11:00:00,0.76,6.67,10.32,10.31,10.62,18.68,12.25,11.24,34.09,36.91,31.13,27.82,28.92,26.66,27.51,27.7,27.34,28.29,28.29,28.29,28.89,28.9,28.89,28.98,28.99,28.96,28.88,28.88,28.88,28.73,28.75,28.71,6849,10223
2025-09-08 10:00:00,0.72,6.57,10.26,10.28,10.64,18.68,12.27,11.25,27.74,30.62,24.97,25.47,26.46,24.76,27.29,27.34,27.24,28.37,28.41,28.32,28.95,29,28.89,28.99,28.99,28.99,28.88,28.9,28.88,28.73,28.74,28.7,6844,10301
2025-09-08 09:00:00,0.72,6.37,10.25,10.28,10.63,18.68,12.26,11.25,22.33,24.3,20.26,24.44,24.74,24.27,27.31,27.4,27.24,28.54,28.64,28.45,29.02,29.11,29,28.99,28.99,28.99,28.89,28.92,28.88,28.7,28.73,28.69,6838,9738
2025-09-08 08:00:00,0.73,6.28,10.25,10.25,10.6,18.68,12.26,11.25,19.36,19.99,19.07,24.4,24.62,24.27,27.55,27.7,27.44,28.72,28.8,28.64,29.12,29.15,29.11,29.05,29.1,29.01,28.89,28.91,28.88,28.69,28.72,28.66,6564,6854
2025-09-08 07:00:00,0.76,6.36,10.25,10.25,10.59,18.66,12.26,11.24,19.57,19.77,19.37,24.84,25.1,24.62,27.86,28.03,27.71,28.91,29,28.84,29.22,29.24,29.14,29.1,29.1,29.1,28.89,28.93,28.88,28.65,28.68,28.64,6506,1512
2025-09-08 06:00:00,0.69,6.33,10.27,10.3,10.58,18.67,12.26,11.23,20.1,20.49,19.79,25.35,25.58,25.1,28.17,28.29,28.05,29.07,29.13,29,29.3,29.36,29.24,29.1,29.1,29.1,28.89,28.9,28.88,28.64,28.66,28.64,6517,0
2025-09-08 05:00:00,0.68,6.36,10.28,10.33,10.58,18.67,12.24,11.23,21.1,21.44,20.6,25.87,26.04,25.69,28.47,28.64,28.33,29.25,29.35,29.14,29.36,29.37,29.36,29.1,29.1,29.1,28.88,28.89,28.88,28.64,28.65,28.64,6528,0
2025-09-08 04:00:00,0.69,6.37,10.3,10.3,10.57,18.66,12.23,11.22,21.61,21.67,21.5,26.27,26.46,26.08,28.79,28.95,28.64,29.41,29.47,29.35,29.44,29.48,29.39,29.1,29.11,29.1,28.88,28.88,28.88,28.64,28.64,28.64,6533,0
2025-09-08 03:00:00,0.7,6.3,10.34,10.32,10.59,18.66,12.23,11.22,21.92,22.24,21.67,26.72,26.97,26.51,29.13,29.31,29,29.56,29.62,29.47,29.48,29.48,29.46,29.1,29.1,29.1,28.88,28.88,28.88,28.64,28.64,28.64,6537,0
2025-09-08 02:00:00,0.71,6.29,10.31,10.3,10.6,18.65,12.22,11.2,22.29,22.38,22.18,27.22,27.49,26.99,29.52,29.71,29.35,29.72,29.81,29.67,29.48,29.48,29.48,29.1,29.1,29.1,28.87,28.88,28.85,28.64,28.64,28.64,6546,0
2025-09-08 01:00:00,0.71,6.32,10.33,10.32,10.6,18.65,12.24,11.21,22.83,23.4,22.36,27.91,28.25,27.58,29.9,30.06,29.71,29.83,29.89,29.82,29.48,29.48,29.48,29.09,29.1,29.05,28.82,28.85,28.76,28.63,28.64,28.6,6548,0
2025-09-08 00:00:00,0.69,6.31,10.39,10.36,10.58,18.66,12.27,11.22,23.58,23.79,23.44,28.62,29,28.29,30.3,30.49,30.11,29.94,29.94,29.91,29.48,29.48,29.48,29,29.05,28.99,28.76,28.78,28.76,28.61,28.63,28.58,6528,0
2025-09-07 23:00:00,0.65,6.35,10.49,10.37,10.57,18.62,12.27,11.21,24.2,24.52,23.88,29.41,29.83,29.01,30.69,30.89,30.53,29.96,29.99,29.94,29.45,29.48,29.39,28.99,28.99,28.99,28.76,28.76,28.76,28.57,28.61,28.55,6542,0
2025-09-07 22:00:00,0.7,6.39,10.54,10.37,10.57,18.64,12.25,11.22,24.76,24.98,24.62,30.37,30.89,29.94,31.08,31.24,30.89,29.96,30,29.94,29.36,29.38,29.36,28.96,28.99,28.9,28.76,28.76,28.76,28.56,28.58,28.55,6550,0
2025-09-07 21:00:00,0.73,6.38,10.56,10.37,10.57,18.62,12.24,11.21,25.3,25.61,24.98,31.63,32.31,31.01,31.43,31.6,31.26,29.93,29.95,29.87,29.26,29.36,29.24,28.88,28.9,28.87,28.76,28.76,28.75,28.56,28.58,28.55,6588,0
2025-09-07 20:00:00,0.65,6.37,10.63,10.4,10.58,18.59,12.23,11.21,28.01,30.77,25.74,33.26,33.96,32.43,31.62,31.67,31.6,29.78,29.85,29.7,29.18,29.24,29.12,28.87,28.87,28.87,28.76,28.76,28.76,28.57,28.61,28.56,6660,492
2025-09-07 19:00:00,0.61,6.42,10.68,10.42,10.6,18.58,12.24,11.2,32.52,33.49,31.02,34.67,35.27,34.08,31.57,31.61,31.48,29.57,29.7,29.47,29.08,29.12,29,28.86,28.87,28.86,28.76,28.76,28.75,28.58,28.61,28.56,6769,7004
2025-09-07 18:00:00,0.56,6.58,10.7,10.43,10.6,18.58,12.25,11.21,35.72,38.18,33.73,36.14,36.8,35.41,31.32,31.48,31.13,29.34,29.47,29.23,29,29,28.97,28.86,28.87,28.84,28.76,28.76,28.75,28.6,28.62,28.57,6822,8548
2025-09-07 17:00:00,0.57,6.72,10.72,10.44,10.61,18.6,12.26,11.21,41.14,44.37,38.7,37.25,37.43,36.91,30.85,31.13,30.55,29.06,29.19,28.94,28.9,28.95,28.89,28.85,28.87,28.84,28.76,28.76,28.76,28.62,28.64,28.59,6838,8907
2025-09-07 16:00:00,0.56,6.84,10.6,10.44,10.58,18.62,12.26,11.21,44.98,46.31,43.43,37,37.39,36.68,30.25,30.53,29.95,28.79,28.89,28.68,28.86,28.89,28.82,28.85,28.87,28.84,28.76,28.76,28.76,28.63,28.64,28.61,6840,9738
2025-09-07 15:00:00,0.55,6.9,10.54,10.43,10.63,18.59,12.28,11.21,45.09,45.91,44.61,36.13,36.59,35.62,29.6,29.94,29.26,28.57,28.64,28.52,28.79,28.83,28.77,28.85,28.87,28.84,28.76,28.76,28.76,28.63,28.64,28.63,6849,10022
2025-09-07 14:00:00,0.66,6.91,10.51,10.38,10.64,18.6,12.28,11.22,44.93,45.33,44.49,34.67,35.58,33.49,28.9,29.23,28.64,28.4,28.48,28.34,28.77,28.78,28.77,28.87,28.87,28.86,28.76,28.76,28.76,28.64,28.64,28.63,6849,10081
2025-09-07 13:00:00,0.82,6.87,10.43,10.38,10.62,18.62,12.29,11.23,41.74,44.02,38.28,32.18,33.25,31.36,28.31,28.54,28.07,28.29,28.31,28.29,28.8,28.83,28.77,28.87,28.87,28.87,28.76,28.76,28.76,28.64,28.64,28.63,6849,10238
2025-09-07 12:00:00,0.73,6.85,10.36,10.35,10.58,18.65,12.29,11.21,37.64,38.93,35.86,30.08,31.25,28.75,27.82,28.05,27.58,28.29,28.29,28.29,28.87,28.89,28.85,28.87,28.87,28.87,28.77,28.78,28.76,28.63,28.64,28.61,6844,10266
2025-09-07 11:00:00,0.72,6.65,10.33,10.33,10.61,18.66,12.28,11.22,32.6,35.27,29.94,27.41,28.52,26.28,27.44,27.58,27.34,28.33,28.4,28.29,28.89,28.91,28.89,28.87,28.89,28.87,28.76,28.78,28.76,28.62,28.64,28.59,6847,10294
2025-09-07 10:00:00,0.74,6.52,10.26,10.29,10.61,18.66,12.29,11.22,26.42,29.52,23.09,24.97,26.04,24.27,27.23,27.32,27.22,28.45,28.52,28.4,28.97,29,28.93,28.89,28.93,28.87,28.77,28.79,28.76,28.59,28.61,28.58,6849,10435
2025-09-07 09:00:00,0.74,6.3,10.25,10.28,10.61,18.68,12.28,11.23,20.47,22.6,19.54,24.1,24.23,24.03,27.34,27.46,27.22,28.65,28.76,28.52,29.04,29.12,29,28.97,28.99,28.94,28.77,28.79,28.76,28.56,28.59,28.54,6826,7808
2025-09-07 08:00:00,0.73,6.23,10.23,10.27,10.59,18.66,12.27,11.22,18.49,19.29,18.12,24.13,24.3,24.03,27.67,27.84,27.46,28.86,28.99,28.76,29.14,29.21,29.12,28.99,28.99,28.98,28.76,28.78,28.76,28.53,28.56,28.53,6517,6748
2025-09-07 07:00:00,0.73,6.26,10.24,10.31,10.57,18.65,12.28,11.21,18.07,18.45,17.76,24.6,24.9,24.39,28.08,28.29,27.92,29.07,29.17,29,29.24,29.24,29.23,28.99,28.99,28.99,28.76,28.77,28.76,28.53,28.53,28.53,6497,1741
2025-09-07 06:00:00,0.72,6.27,10.26,10.32,10.56,18.66,12.26,11.21,18.52,19.06,18.04,25.35,25.7,24.98,28.51,28.73,28.29,29.28,29.35,29.19,29.31,29.36,29.24,28.99,28.99,28.99,28.76,28.76,28.76,28.53,28.53,28.53,6506,0
2025-09-07 05:00:00,0.73,6.3,10.32,10.31,10.56,18.65,12.25,11.21,19.65,20.12,19.18,26.16,26.51,25.81,28.93,29.11,28.76,29.44,29.51,29.35,29.36,29.37,29.35,28.99,28.99,28.99,28.76,28.76,28.76,28.53,28.53,28.52,6517,0
2025-09-07 04:00:00,0.67,6.23,10.32,10.33,10.58,18.63,12.23,11.2,21.03,21.8,20.2,26.98,27.34,26.63,29.32,29.51,29.13,29.61,29.7,29.56,29.38,29.41,29.36,28.99,28.99,28.99,28.73,28.76,28.72,28.5,28.52,28.47,6528,0
2025-09-07 03:00:00,0.72,6.28,10.32,10.32,10.55,18.62,12.22,11.21,22.41,22.73,21.9,27.71,28.05,27.37,29.73,29.94,29.58,29.74,29.82,29.7,29.42,29.45,29.4,28.98,28.99,28.96,28.66,28.71,28.64,28.45,28.49,28.42,6537,0
2025-09-07 02:00:00,0.71,6.27,10.37,10.36,10.57,18.62,12.2,11.22,23.38,23.83,22.85,28.43,28.76,28.09,30.12,30.3,29.94,29.85,29.93,29.82,29.42,29.45,29.38,28.91,28.96,28.87,28.64,28.64,28.64,28.41,28.44,28.41,6542,0
2025-09-07 01:00:00,0.67,6.3,10.45,10.38,10.56,18.58,12.22,11.22,24.19,24.39,23.93,29.19,29.57,28.84,30.5,30.65,30.3,29.94,29.95,29.93,29.37,29.4,29.36,28.87,28.87,28.86,28.64,28.64,28.62,28.41,28.41,28.41,6546,0
2025-09-07 00:00:00,0.73,6.31,10.53,10.38,10.54,18.6,12.25,11.22,25.1,25.69,24.5,30.06,30.49,29.69,30.9,31.1,30.74,30.01,30.03,29.96,29.35,29.36,29.31,28.82,28.87,28.76,28.56,28.62,28.54,28.41,28.41,28.41,6533,0
2025-09-06 23:00:00,0.7,6.37,10.54,10.39,10.54,18.62,12.24,11.21,26.24,26.75,25.72,31.01,31.48,30.54,31.27,31.47,31.13,29.99,30.04,29.96,29.25,29.28,29.24,28.75,28.76,28.75,28.52,28.53,28.52,28.41,28.41,28.41,6546,0
2025-09-06 22:00:00,0.68,6.33,10.58,10.4,10.56,18.61,12.22,11.21,27.66,28.52,26.86,32.11,32.66,31.6,31.59,31.72,31.47,29.94,29.95,29.91,29.14,29.22,29.11,28.69,28.75,28.64,28.52,28.52,28.52,28.41,28.41,28.41,6548,0
2025-09-06 21:00:00,0.61,6.3,10.64,10.43,10.57,18.63,12.21,11.21,29.56,30.42,28.64,33.34,33.96,32.78,31.81,31.88,31.72,29.79,29.87,29.7,29,29.08,28.94,28.63,28.63,28.63,28.52,28.52,28.51,28.41,28.41,28.41,6571,0
2025-09-06 20:00:00,0.64,6.33,10.66,10.44,10.57,18.61,12.21,11.21,31.95,33.37,30.65,34.72,35.34,34.08,31.9,31.95,31.83,29.58,29.7,29.47,28.87,28.93,28.78,28.59,28.63,28.56,28.51,28.52,28.51,28.41,28.41,28.41,6626,1690
2025-09-06 19:00:00,0.57,6.47,10.72,10.45,10.59,18.59,12.21,11.21,34.9,35.86,33.68,36.07,36.77,35.5,31.75,31.83,31.6,29.31,29.47,29.17,28.74,28.77,28.66,28.52,28.55,28.51,28.51,28.52,28.51,28.41,28.41,28.41,6742,6976
2025-09-06 18:00:00,0.57,6.53,10.74,10.44,10.56,18.58,12.21,11.22,37.63,40,36.09,37.74,38.58,36.91,31.39,31.6,31.13,29,29.11,28.88,28.63,28.65,28.54,28.51,28.51,28.51,28.51,28.52,28.51,28.41,28.41,28.41,6838,7099
2025-09-06 17:00:00,0.5,6.69,10.74,10.46,10.58,18.58,12.22,11.22,45.53,48.39,40.71,38.88,38.93,38.7,30.74,31.13,30.42,28.65,28.84,28.51,28.52,28.54,28.5,28.51,28.51,28.51,28.52,28.52,28.51,28.41,28.41,28.41,6838,8316
2025-09-06 16:00:00,0.48,6.82,10.61,10.43,10.6,18.58,12.22,11.22,48.5,49.1,47.92,38.15,38.7,37.5,29.99,30.3,29.64,28.32,28.47,28.17,28.42,28.48,28.41,28.51,28.51,28.51,28.52,28.52,28.52,28.41,28.41,28.41,6851,10073
2025-09-06 15:00:00,0.5,6.83,10.56,10.4,10.63,18.6,12.24,11.22,47.43,48.06,46.85,36.74,37.39,36.21,29.2,29.59,28.85,28.06,28.17,27.93,28.41,28.41,28.39,28.51,28.51,28.51,28.52,28.52,28.52,28.41,28.42,28.41,6849,9990
2025-09-06 14:00:00,0.62,6.87,10.49,10.38,10.62,18.63,12.25,11.23,47.39,48.01,46.96,35.04,36.09,33.68,28.41,28.76,28.05,27.85,27.93,27.81,28.38,28.4,28.36,28.51,28.51,28.51,28.52,28.53,28.52,28.41,28.43,28.41,6851,10108
2025-09-06 13:00:00,0.81,6.81,10.43,10.38,10.63,18.67,12.27,11.23,44.09,46.89,41.48,32.16,33.37,31.13,27.71,28.05,27.42,27.72,27.81,27.69,28.4,28.41,28.38,28.51,28.52,28.51,28.52,28.53,28.52,28.42,28.44,28.41,6849,10022
2025-09-06 12:00:00,0.77,6.77,10.34,10.36,10.64,18.69,12.27,11.23,38.78,41.06,36.13,29.61,30.99,28.16,27.11,27.35,26.87,27.69,27.69,27.69,28.41,28.41,28.4,28.52,28.55,28.51,28.54,28.57,28.52,28.42,28.44,28.41,6849,10120
2025-09-06 11:00:00,0.74,6.55,10.27,10.33,10.61,18.68,12.27,11.22,33.05,35.84,29.91,26.62,27.93,25.3,26.66,26.87,26.51,27.71,27.78,27.69,28.44,28.5,28.41,28.59,28.62,28.55,28.56,28.59,28.54,28.41,28.43,28.41,6847,10309
2025-09-06 10:00:00,0.74,6.37,10.24,10.27,10.61,18.67,12.26,11.23,26.02,29.23,22.85,23.91,25.04,23.09,26.41,26.51,26.39,27.84,27.93,27.79,28.53,28.53,28.52,28.62,28.63,28.61,28.57,28.6,28.56,28.41,28.42,28.41,6842,10219
2025-09-06 09:00:00,0.73,6.15,10.21,10.23,10.6,18.67,12.25,11.23,19.55,22.35,17.17,22.7,23,22.54,26.44,26.53,26.39,28.03,28.17,27.93,28.62,28.65,28.54,28.63,28.63,28.63,28.59,28.62,28.56,28.41,28.41,28.41,6840,10041
2025-09-06 08:00:00,0.64,6.07,10.17,10.23,10.6,18.64,12.25,11.23,16.28,16.94,16.07,22.73,22.95,22.58,26.78,26.99,26.61,28.28,28.4,28.17,28.73,28.77,28.65,28.65,28.69,28.63,28.59,28.62,28.58,28.41,28.41,28.41,6550,6846
2025-09-06 07:00:00,0.64,6.09,10.21,10.27,10.6,18.63,12.26,11.22,16.25,16.53,15.99,23.26,23.56,22.97,27.18,27.37,26.99,28.51,28.63,28.4,28.82,28.89,28.77,28.71,28.74,28.69,28.56,28.57,28.54,28.41,28.41,28.41,6497,1638
2025-09-06 06:00:00,0.65,6.1,10.22,10.28,10.59,18.64,12.25,11.22,16.84,17.17,16.58,23.93,24.27,23.62,27.62,27.81,27.44,28.73,28.85,28.64,28.9,28.94,28.89,28.74,28.75,28.73,28.53,28.56,28.52,28.41,28.41,28.4,6506,0
2025-09-06 05:00:00,0.69,6.13,10.25,10.3,10.59,18.63,12.24,11.2,17.62,18,17.26,24.66,25,24.33,28.07,28.29,27.84,28.94,29,28.85,28.99,29,28.95,28.74,28.75,28.73,28.52,28.54,28.52,28.39,28.41,28.38,6517,0
2025-09-06 04:00:00,0.7,6.14,10.27,10.35,10.6,18.62,12.22,11.21,18.56,19.06,18.09,25.43,25.81,25.1,28.51,28.75,28.29,29.11,29.23,29,29,29.03,29,28.73,28.75,28.72,28.52,28.52,28.52,28.35,28.39,28.31,6524,0
2025-09-06 03:00:00,0.72,6.15,10.33,10.34,10.58,18.62,12.2,11.23,19.4,19.66,19.09,26.21,26.62,25.86,28.96,29.19,28.76,29.29,29.35,29.23,29.05,29.08,29.03,28.67,28.72,28.65,28.5,28.52,28.46,28.3,28.33,28.29,6535,0
2025-09-06 02:00:00,0.66,6.09,10.32,10.34,10.56,18.64,12.21,11.22,20.2,20.72,19.75,27.09,27.53,26.64,29.43,29.68,29.23,29.43,29.47,29.36,29.07,29.1,29.05,28.63,28.65,28.63,28.42,28.46,28.4,28.29,28.31,28.29,6542,0
2025-09-06 01:00:00,0.67,6.11,10.34,10.37,10.59,18.63,12.22,11.21,21.59,22.38,20.86,28.06,28.53,27.58,29.9,30.11,29.71,29.55,29.59,29.48,29.02,29.06,29,28.62,28.63,28.56,28.4,28.41,28.4,28.29,28.3,28.29,6542,0
2025-09-06 00:00:00,0.69,6.14,10.41,10.4,10.58,18.59,12.2,11.2,23.25,24.03,22.59,29.02,29.47,28.61,30.35,30.53,30.18,29.59,29.6,29.59,29,29,28.97,28.52,28.59,28.51,28.4,28.4,28.39,28.29,28.29,28.29,6530,0
2025-09-05 23:00:00,0.65,6.16,10.53,10.42,10.57,18.57,12.23,11.19,24.03,24.74,23.68,30.09,30.68,29.52,30.78,30.99,30.56,29.6,29.62,29.59,28.9,28.96,28.88,28.49,28.51,28.42,28.36,28.39,28.31,28.29,28.29,28.29,6537,0
2025-09-05 22:00:00,0.68,6.2,10.57,10.42,10.58,18.6,12.24,11.2,25.97,26.74,25.01,31.37,31.96,30.78,31.16,31.33,31.01,29.57,29.59,29.49,28.79,28.86,28.75,28.4,28.44,28.39,28.29,28.32,28.28,28.29,28.29,28.29,6546,0
2025-09-05 21:00:00,0.64,6.16,10.62,10.42,10.55,18.59,12.23,11.2,28.12,29.57,26.88,32.77,33.49,32.07,31.44,31.52,31.36,29.43,29.48,29.35,28.66,28.74,28.6,28.36,28.39,28.29,28.28,28.29,28.28,28.29,28.29,28.29,6573,0
2025-09-05 20:00:00,0.61,6.19,10.66,10.46,10.56,18.61,12.22,11.2,31.42,32.84,29.94,34.25,34.9,33.61,31.58,31.6,31.54,29.21,29.35,29.11,28.49,28.55,28.41,28.28,28.3,28.28,28.28,28.28,28.28,28.29,28.3,28.29,6635,1993
2025-09-05 19:00:00,0.55,6.29,10.72,10.45,10.57,18.59,12.23,11.21,34.02,35.21,33.02,35.8,36.63,35.03,31.46,31.55,31.36,28.9,29.02,28.76,28.35,28.41,28.29,28.28,28.28,28.26,28.28,28.29,28.28,28.29,28.3,28.29,6733,6976
2025-09-05 18:00:00,0.55,6.38,10.76,10.44,10.54,18.61,12.23,11.21,37.26,39.75,35.5,37.79,38.81,36.8,31.11,31.33,30.89,28.57,28.75,28.4,28.23,28.29,28.18,28.26,28.28,28.25,28.28,28.31,28.28,28.31,28.34,28.3,6791,7051
2025-09-05 17:00:00,0.47,6.56,10.71,10.44,10.56,18.61,12.24,11.22,46.5,50.75,40.57,39.3,39.41,38.95,30.43,30.79,30.06,28.19,28.4,28.03,28.11,28.18,28.06,28.23,28.27,28.22,28.31,28.33,28.28,28.34,28.36,28.33,6822,8761
2025-09-05 16:00:00,0.46,6.7,10.62,10.44,10.56,18.62,12.23,11.2,50.48,51.35,49.41,38.61,39.18,37.9,29.59,29.95,29.23,27.8,27.93,27.69,28.01,28.06,27.95,28.21,28.23,28.2,28.35,28.38,28.34,28.38,28.4,28.36,6849,10022
2025-09-05 15:00:00,0.55,6.75,10.57,10.42,10.55,18.65,12.2,11.2,48.84,49.22,48.36,37.16,37.77,36.68,28.73,29.13,28.29,27.5,27.61,27.34,27.94,27.94,27.94,28.23,28.25,28.2,28.39,28.4,28.38,28.4,28.41,28.39,6851,9990
2025-09-05 14:00:00,0.64,6.83,10.49,10.39,10.54,18.66,12.21,11.21,49.65,50.64,48.57,35.52,36.57,33.96,27.8,28.23,27.41,27.25,27.34,27.15,27.94,27.94,27.93,28.26,28.28,28.24,28.4,28.4,28.39,28.41,28.41,28.4,6851,10010
2025-09-05 13:00:00,0.83,6.8,10.41,10.36,10.57,18.63,12.22,11.22,47.16,49.82,43.64,31.97,33.61,30.65,26.97,27.34,26.63,27.09,27.12,27.06,27.94,27.94,27.94,28.28,28.28,28.28,28.4,28.4,28.4,28.41,28.41,28.41,6849,9990
2025-09-05 12:00:00,0.75,6.66,10.32,10.31,10.59,18.63,12.23,11.22,40.43,42.95,37.75,28.84,30.42,27.11,26.24,26.51,25.95,27.03,27.06,27,27.95,27.98,27.94,28.28,28.28,28.28,28.4,28.41,28.4,28.41,28.41,28.41,6849,10112
2025-09-05 11:00:00,0.74,6.5,10.25,10.26,10.58,18.64,12.24,11.22,33.1,37.03,29.28,25.38,26.86,23.93,25.71,25.92,25.52,27.08,27.1,27.03,28.05,28.06,28.03,28.31,28.36,28.28,28.41,28.45,28.4,28.41,28.41,28.41,6849,10266
2025-09-05 10:00:00,0.74,6.26,10.18,10.25,10.57,18.62,12.21,11.22,25.57,28.72,22.14,22.38,23.68,21.43,25.4,25.46,25.33,27.18,27.24,27.1,28.11,28.18,28.06,28.38,28.39,28.35,28.44,28.48,28.42,28.41,28.41,28.41,6844,10380
2025-09-05 09:00:00,0.7,6.06,10.14,10.24,10.58,18.62,12.2,11.22,17.9,21.43,15.18,20.87,21.3,20.63,25.41,25.53,25.34,27.41,27.57,27.28,28.22,28.29,28.18,28.39,28.4,28.39,28.47,28.51,28.45,28.41,28.41,28.41,6838,10364
2025-09-05 08:00:00,0.68,5.95,10.12,10.21,10.6,18.63,12.2,11.22,13.9,14.88,13.51,20.79,20.96,20.63,25.73,25.92,25.57,27.68,27.81,27.58,28.34,28.41,28.29,28.46,28.51,28.41,28.49,28.51,28.47,28.41,28.41,28.4,6573,6866
2025-09-05 07:00:00,0.64,5.97,10.14,10.21,10.6,18.66,12.2,11.22,13.84,14.1,13.57,21.29,21.55,21.06,26.17,26.39,25.95,27.93,28.05,27.81,28.45,28.53,28.41,28.51,28.51,28.5,28.49,28.52,28.46,28.41,28.41,28.41,6481,2245
2025-09-05 06:00:00,0.64,5.97,10.16,10.23,10.6,18.67,12.2,11.21,14.18,14.22,14.1,21.85,22.14,21.56,26.63,26.87,26.39,28.19,28.29,28.05,28.57,28.63,28.53,28.51,28.51,28.51,28.48,28.51,28.45,28.4,28.41,28.39,6488,0
2025-09-05 05:00:00,0.64,5.95,10.18,10.26,10.57,18.68,12.2,11.21,14.29,14.57,14.21,22.6,23.06,22.24,27.15,27.41,26.9,28.44,28.52,28.32,28.65,28.68,28.65,28.51,28.52,28.51,28.45,28.48,28.42,28.38,28.41,28.36,6493,0
2025-09-05 04:00:00,0.65,5.99,10.23,10.28,10.6,18.67,12.22,11.22,15.31,16.09,14.68,23.59,24.07,23.09,27.68,27.93,27.45,28.66,28.76,28.53,28.75,28.77,28.69,28.51,28.53,28.51,28.41,28.43,28.4,28.36,28.39,28.35,6504,0
2025-09-05 03:00:00,0.62,6.05,10.25,10.3,10.61,18.63,12.22,11.23,16.85,17.48,16.23,24.66,25.16,24.16,28.2,28.41,27.93,28.85,28.94,28.76,28.77,28.77,28.77,28.51,28.51,28.51,28.4,28.41,28.4,28.33,28.36,28.31,6530,0
2025-09-05 02:00:00,0.66,6.11,10.29,10.34,10.61,18.6,12.2,11.23,18.44,19.42,17.65,25.76,26.28,25.21,28.7,28.89,28.47,29.02,29.11,28.95,28.77,28.78,28.77,28.51,28.51,28.51,28.4,28.4,28.4,28.3,28.33,28.29,6542,0
2025-09-05 01:00:00,0.65,6.08,10.35,10.4,10.61,18.57,12.18,11.22,21.03,22.55,19.7,26.81,27.22,26.4,29.17,29.35,28.98,29.13,29.18,29.11,28.77,28.77,28.77,28.48,28.51,28.44,28.39,28.4,28.37,28.29,28.31,28.29,6550,0
2025-09-05 00:00:00,0.71,6.1,10.35,10.43,10.6,18.6,12.24,11.21,22.7,23.3,21.54,27.58,28.02,27.23,29.64,29.84,29.41,29.22,29.24,29.19,28.76,28.77,28.74,28.4,28.44,28.39,28.33,28.37,28.3,28.29,28.3,28.29,6533,0
2025-09-04 23:00:00,0.66,6.12,10.4,10.42,10.56,18.6,12.23,11.21,22.37,23.99,21.43,28.72,29.35,28.11,30.14,30.31,29.94,29.23,29.25,29.23,28.66,28.72,28.65,28.37,28.39,28.33,28.28,28.29,28.28,28.29,28.3,28.29,6539,0
2025-09-04 22:00:00,0.71,6.2,10.5,10.45,10.58,18.61,12.21,11.21,25.05,25.45,24.39,30.08,30.74,29.47,30.55,30.75,30.4,29.2,29.23,29.14,28.57,28.65,28.53,28.29,28.31,28.28,28.28,28.28,28.28,28.3,28.32,28.29,6550,0
2025-09-04 21:00:00,0.67,6.23,10.61,10.42,10.58,18.59,12.21,11.22,26.3,27.46,25.57,31.65,32.43,30.89,30.87,31,30.77,29.07,29.12,29,28.44,28.53,28.41,28.27,28.28,28.23,28.28,28.28,28.28,28.3,28.33,28.29,6599,0
2025-09-04 20:00:00,0.63,6.26,10.64,10.43,10.57,18.57,12.21,11.21,29.75,31.6,27.7,33.43,34.18,32.66,31.01,31.01,30.99,28.86,29,28.76,28.31,28.4,28.26,28.18,28.24,28.16,28.28,28.28,28.28,28.33,28.36,28.3,6693,1930
2025-09-04 19:00:00,0.57,6.34,10.72,10.44,10.55,18.55,12.21,11.19,33.6,34.79,31.95,34.97,35.68,34.32,30.86,30.98,30.77,28.57,28.73,28.41,28.17,28.25,28.11,28.16,28.16,28.16,28.28,28.28,28.28,28.38,28.39,28.36,6820,7087
2025-09-04 18:00:00,0.56,6.49,10.67,10.43,10.56,18.55,12.22,11.2,36.42,38.81,35.05,36.71,37.63,35.86,30.52,30.74,30.3,28.26,28.4,28.09,28.05,28.08,28.01,28.16,28.16,28.16,28.28,28.28,28.28,28.41,28.41,28.39,6822,7768
2025-09-04 17:00:00,0.47,6.72,10.62,10.44,10.55,18.55,12.23,11.21,45.63,48.41,39.88,37.83,37.99,37.62,29.83,30.18,29.46,27.88,28.05,27.69,27.94,28.01,27.92,28.16,28.16,28.16,28.29,28.31,28.28,28.41,28.41,28.41,6822,7303
2025-09-04 16:00:00,0.46,6.8,10.62,10.44,10.59,18.55,12.25,11.22,47.66,48.51,46.63,36.85,37.5,36.09,29.03,29.37,28.66,27.54,27.69,27.41,27.84,27.9,27.82,28.15,28.16,28.14,28.31,28.34,28.28,28.41,28.41,28.41,6849,10022
2025-09-04 15:00:00,0.56,6.75,10.53,10.41,10.57,18.56,12.2,11.22,45.47,46.61,44.49,35.26,35.98,34.66,28.25,28.63,27.92,27.25,27.35,27.1,27.81,27.82,27.79,28.16,28.16,28.16,28.37,28.39,28.35,28.41,28.41,28.41,6849,9994
2025-09-04 14:00:00,0.67,6.78,10.46,10.39,10.57,18.6,12.2,11.22,44.64,45.33,43.9,33.73,34.63,32.55,27.45,27.81,27.1,27.03,27.1,26.98,27.77,27.79,27.75,28.16,28.16,28.16,28.4,28.4,28.4,28.41,28.43,28.41,6849,10262
2025-09-04 13:00:00,0.79,6.79,10.39,10.35,10.58,18.64,12.22,11.2,42.33,44.61,40.34,31.04,32.31,29.94,26.71,27.04,26.39,26.89,26.98,26.87,27.8,27.82,27.77,28.16,28.19,28.16,28.4,28.4,28.39,28.44,28.47,28.42,6849,10294
2025-09-04 12:00:00,0.71,6.65,10.33,10.3,10.6,18.66,12.23,11.2,37.51,39.66,35.98,28.5,29.8,27.21,26.04,26.32,25.8,26.86,26.87,26.85,27.82,27.82,27.82,28.2,28.26,28.16,28.4,28.41,28.4,28.47,28.49,28.44,6849,10270
2025-09-04 11:00:00,0.7,6.54,10.27,10.27,10.6,18.65,12.23,11.2,33.11,36.08,29.15,25.38,26.96,23.79,25.46,25.7,25.23,26.87,26.87,26.85,27.86,27.93,27.82,28.27,28.28,28.24,28.41,28.43,28.4,28.49,28.51,28.47,6847,10191
2025-09-04 10:00:00,0.75,6.29,10.19,10.25,10.58,18.64,12.19,11.21,25.08,28.53,21.81,22.27,23.48,21.33,25.12,25.21,25.09,26.93,26.98,26.87,27.94,27.95,27.92,28.28,28.29,28.28,28.46,28.49,28.45,28.5,28.53,28.49,6847,10230
2025-09-04 09:00:00,0.74,6.1,10.16,10.24,10.58,18.62,12.2,11.21,18.37,21.3,15.58,20.77,21.22,20.48,25.09,25.14,25.07,27.13,27.22,27.01,28.06,28.09,28.01,28.35,28.39,28.3,28.5,28.52,28.48,28.51,28.52,28.5,6838,9864
2025-09-04 08:00:00,0.65,6,10.14,10.23,10.57,18.61,12.21,11.21,14.13,15.19,13.62,20.56,20.72,20.48,25.34,25.54,25.21,27.39,27.51,27.27,28.18,28.24,28.13,28.39,28.39,28.39,28.52,28.52,28.51,28.5,28.52,28.5,6573,6870
2025-09-04 07:00:00,0.62,5.96,10.14,10.22,10.58,18.6,12.21,11.21,13.7,13.85,13.62,20.99,21.23,20.74,25.75,25.92,25.57,27.64,27.74,27.55,28.29,28.35,28.23,28.42,28.48,28.39,28.52,28.52,28.52,28.5,28.52,28.49,6481,2162
2025-09-04 06:00:00,0.67,5.98,10.16,10.23,10.63,18.58,12.2,11.2,14.11,14.45,13.86,21.57,21.9,21.31,26.17,26.39,25.97,27.88,27.98,27.8,28.4,28.42,28.37,28.49,28.51,28.46,28.52,28.52,28.52,28.49,28.51,28.46,6493,0
2025-09-04 05:00:00,0.66,6,10.18,10.24,10.58,18.59,12.2,11.2,14.82,15.16,14.5,22.24,22.52,21.9,26.61,26.82,26.39,28.11,28.17,28.03,28.5,28.53,28.43,28.51,28.51,28.5,28.51,28.52,28.5,28.46,28.5,28.44,6506,0
2025-09-04 04:00:00,0.66,6,10.18,10.27,10.6,18.59,12.19,11.2,15.55,15.86,15.21,22.9,23.2,22.61,27.07,27.3,26.87,28.33,28.4,28.25,28.56,28.63,28.53,28.51,28.51,28.51,28.5,28.52,28.48,28.44,28.47,28.43,6519,0
2025-09-04 03:00:00,0.61,6.02,10.23,10.29,10.56,18.58,12.19,11.21,16.14,16.45,15.87,23.61,23.99,23.27,27.55,27.81,27.34,28.54,28.64,28.43,28.65,28.65,28.64,28.51,28.51,28.5,28.45,28.5,28.42,28.42,28.44,28.41,6528,0
2025-09-04 02:00:00,0.63,6.03,10.25,10.32,10.57,18.57,12.21,11.22,16.94,17.29,16.52,24.42,24.84,24.03,28.06,28.29,27.81,28.72,28.77,28.64,28.65,28.65,28.65,28.48,28.51,28.45,28.41,28.44,28.4,28.41,28.43,28.41,6535,0
2025-09-04 01:00:00,0.69,6.09,10.29,10.33,10.57,18.59,12.2,11.22,17.68,18.12,17.4,25.32,25.79,24.86,28.58,28.87,28.32,28.88,28.94,28.83,28.65,28.65,28.65,28.41,28.47,28.39,28.4,28.4,28.4,28.41,28.42,28.41,6542,0
2025-09-04 00:00:00,0.69,6.07,10.34,10.34,10.55,18.6,12.19,11.23,18.66,19.07,18.24,26.36,26.88,25.91,29.12,29.35,28.88,29,29,28.97,28.64,28.65,28.62,28.39,28.39,28.39,28.4,28.4,28.39,28.41,28.43,28.41,6519,0
2025-09-03 23:00:00,0.68,6.04,10.33,10.39,10.58,18.6,12.18,11.2,19.67,20.25,19.15,27.62,28.29,26.99,29.69,29.94,29.45,29.01,29.04,29,28.54,28.6,28.53,28.33,28.39,28.28,28.4,28.4,28.39,28.42,28.46,28.41,6533,0
2025-09-03 22:00:00,0.64,6.09,10.41,10.41,10.59,18.58,12.18,11.19,21.28,22.28,20.37,29.16,29.94,28.41,30.18,30.42,29.95,29,29.02,29,28.45,28.52,28.41,28.28,28.28,28.28,28.39,28.4,28.38,28.46,28.49,28.42,6546,0
2025-09-03 21:00:00,0.66,6.18,10.52,10.41,10.57,18.57,12.18,11.19,24.06,25.81,22.49,30.93,31.78,30.07,30.56,30.67,30.42,28.9,28.99,28.81,28.33,28.41,28.29,28.25,28.28,28.18,28.39,28.39,28.37,28.51,28.53,28.5,6588,0
2025-09-03 20:00:00,0.62,6.2,10.6,10.43,10.55,18.56,12.18,11.2,28.45,30.18,26.19,32.68,33.41,31.94,30.76,30.77,30.7,28.66,28.76,28.52,28.19,28.29,28.1,28.16,28.18,28.16,28.39,28.4,28.38,28.53,28.53,28.5,6648,2671
2025-09-03 19:00:00,0.62,6.24,10.67,10.43,10.56,18.54,12.19,11.21,31.32,32.31,30.3,34.4,35.34,33.59,30.71,30.77,30.62,28.37,28.52,28.2,28.04,28.09,27.95,28.16,28.16,28.16,28.4,28.4,28.39,28.53,28.53,28.53,6737,6984
2025-09-03 18:00:00,0.54,6.42,10.64,10.41,10.54,18.54,12.2,11.21,34.97,38.81,32.55,36.66,37.75,35.5,30.36,30.55,30.07,28.03,28.17,27.86,27.93,27.95,27.87,28.16,28.16,28.16,28.4,28.4,28.4,28.53,28.53,28.53,6771,7028
2025-09-03 17:00:00,0.46,6.67,10.63,10.44,10.57,18.55,12.21,11.2,46.15,48.73,40,37.93,38.09,37.75,29.62,30.05,29.23,27.63,27.81,27.46,27.82,27.84,27.8,28.16,28.16,28.16,28.4,28.42,28.4,28.57,28.61,28.54,6802,7055
2025-09-03 16:00:00,0.42,6.74,10.6,10.43,10.56,18.56,12.19,11.19,48.11,49.02,47.12,37.08,37.64,36.45,28.77,29.14,28.4,27.25,27.44,27.1,27.71,27.76,27.7,28.16,28.16,28.16,28.44,28.51,28.41,28.62,28.64,28.6,6849,10022
2025-09-03 15:00:00,0.51,6.75,10.51,10.38,10.56,18.58,12.2,11.19,46.73,47.21,46.16,35.65,36.33,35.15,27.88,28.29,27.46,26.94,27.1,26.84,27.69,27.7,27.67,28.16,28.16,28.16,28.51,28.52,28.49,28.64,28.64,28.64,6849,10053
2025-09-03 14:00:00,0.64,6.83,10.44,10.39,10.56,18.63,12.22,11.21,47.42,48.51,46.26,33.97,35.04,32.39,26.93,27.34,26.51,26.69,26.77,26.63,27.66,27.7,27.64,28.18,28.22,28.16,28.52,28.53,28.52,28.64,28.65,28.64,6849,10124
2025-09-03 13:00:00,0.83,6.8,10.38,10.35,10.58,18.65,12.24,11.23,44.55,47.56,41.3,30.48,32.07,29.22,26.07,26.45,25.69,26.55,26.63,26.51,27.7,27.7,27.67,28.26,28.28,28.19,28.53,28.56,28.52,28.65,28.67,28.64,6849,10030
2025-09-03 12:00:00,0.78,6.69,10.27,10.3,10.59,18.63,12.23,11.24,38.15,40.84,35.86,27.35,29,25.69,25.33,25.67,25.01,26.51,26.51,26.5,27.71,27.73,27.7,28.28,28.28,28.27,28.6,28.64,28.57,28.68,28.71,28.64,6849,10160
2025-09-03 11:00:00,0.75,6.49,10.16,10.28,10.6,18.63,12.19,11.24,31.47,35.14,27.93,23.94,25.45,22.27,24.71,24.98,24.5,26.51,26.54,26.51,27.8,27.82,27.73,28.32,28.38,28.28,28.64,28.64,28.63,28.72,28.75,28.7,6849,10278
2025-09-03 10:00:00,0.76,6.24,10.04,10.24,10.58,18.61,12.19,11.24,23.42,27.31,19.51,20.37,21.9,19.29,24.32,24.44,24.27,26.63,26.75,26.54,27.88,27.94,27.82,28.39,28.39,28.38,28.64,28.65,28.64,28.75,28.76,28.73,6844,10349
2025-09-03 09:00:00,0.7,6.04,9.98,10.19,10.58,18.6,12.21,11.25,15.03,18.83,12.09,18.75,19.18,18.58,24.3,24.38,24.27,26.86,26.98,26.75,28,28.06,27.94,28.45,28.51,28.39,28.67,28.7,28.64,28.76,28.76,28.75,6838,10325
2025-09-03 08:00:00,0.56,5.95,10,10.16,10.57,18.67,12.22,11.26,10.87,11.81,10.44,18.72,18.95,18.59,24.61,24.84,24.4,27.16,27.3,27,28.15,28.19,28.06,28.51,28.51,28.51,28.72,28.75,28.69,28.76,28.76,28.76,6550,6842
2025-09-03 07:00:00,0.52,5.91,10.06,10.18,10.58,18.67,12.22,11.25,10.78,11.02,10.55,19.27,19.54,18.95,25.08,25.33,24.86,27.44,27.58,27.34,28.3,28.39,28.24,28.58,28.63,28.53,28.76,28.76,28.75,28.76,28.76,28.76,6470,2135
2025-09-03 06:00:00,0.55,5.97,10.09,10.21,10.6,18.66,12.22,11.25,11.35,11.64,11.03,19.95,20.26,19.66,25.56,25.8,25.33,27.71,27.81,27.58,28.43,28.52,28.4,28.63,28.63,28.63,28.76,28.76,28.75,28.76,28.76,28.76,6481,0
2025-09-03 05:00:00,0.66,5.93,10.1,10.22,10.6,18.64,12.22,11.25,12.03,12.35,11.73,20.69,21.08,20.37,26.08,26.28,25.82,27.97,28.06,27.81,28.54,28.6,28.52,28.64,28.67,28.63,28.76,28.76,28.76,28.76,28.76,28.76,6488,0
2025-09-03 04:00:00,0.64,5.94,10.13,10.24,10.57,18.62,12.22,11.25,12.85,13.26,12.44,21.49,21.9,21.08,26.6,26.87,26.39,28.22,28.3,28.1,28.65,28.65,28.63,28.68,28.71,28.65,28.76,28.76,28.76,28.76,28.76,28.76,6510,0
2025-09-03 03:00:00,0.66,5.96,10.16,10.28,10.59,18.62,12.22,11.24,13.78,14.33,13.31,22.42,22.85,21.96,27.13,27.35,26.87,28.45,28.53,28.37,28.73,28.77,28.66,28.71,28.73,28.69,28.75,28.76,28.75,28.76,28.76,28.76,6524,0
2025-09-03 02:00:00,0.66,6.01,10.2,10.3,10.61,18.61,12.21,11.24,15.05,15.64,14.39,23.39,23.82,22.97,27.67,27.93,27.45,28.66,28.76,28.54,28.77,28.77,28.77,28.68,28.73,28.66,28.74,28.76,28.72,28.76,28.76,28.76,6533,0
2025-09-03 01:00:00,0.64,6.04,10.24,10.33,10.61,18.62,12.2,11.24,16.52,17.4,15.75,24.41,24.86,23.91,28.21,28.43,27.94,28.83,28.88,28.76,28.77,28.77,28.77,28.64,28.67,28.63,28.72,28.75,28.71,28.76,28.76,28.76,6539,0
2025-09-03 00:00:00,0.68,6.1,10.29,10.34,10.6,18.61,12.19,11.24,17.6,17.76,17.51,25.44,25.98,24.98,28.75,29,28.52,28.95,29,28.88,28.77,28.77,28.77,28.63,28.63,28.63,28.68,28.71,28.65,28.76,28.76,28.76,6519,0
2025-09-02 23:00:00,0.66,6.09,10.33,10.38,10.58,18.59,12.19,11.25,18.47,19.42,17.65,26.7,27.36,26.08,29.3,29.58,29.06,29,29.05,29,28.71,28.77,28.65,28.62,28.63,28.59,28.66,28.69,28.64,28.76,28.76,28.76,6535,0
2025-09-02 22:00:00,0.64,6.1,10.34,10.41,10.56,18.58,12.19,11.25,20.66,21.46,19.66,28.16,28.88,27.48,29.81,30.05,29.59,29,29.01,29,28.64,28.66,28.58,28.53,28.59,28.51,28.65,28.67,28.65,28.76,28.77,28.76,6550,0
2025-09-02 21:00:00,0.66,6.16,10.42,10.4,10.58,18.57,12.19,11.26,22.24,23.61,21.59,29.8,30.65,28.99,30.21,30.36,30.06,28.93,29,28.88,28.52,28.55,28.46,28.51,28.51,28.51,28.66,28.7,28.64,28.78,28.81,28.76,6599,0
2025-09-02 20:00:00,0.66,6.24,10.5,10.42,10.6,18.57,12.2,11.21,25.99,27.82,23.96,31.62,32.41,30.8,30.45,30.52,30.39,28.74,28.86,28.64,28.41,28.47,28.35,28.51,28.51,28.5,28.72,28.76,28.7,28.85,28.88,28.82,6684,4723
2025-09-02 19:00:00,0.6,6.24,10.55,10.44,10.56,18.57,12.21,11.18,29.26,30.23,28.04,33.37,34.32,32.55,30.45,30.51,30.39,28.46,28.6,28.31,28.29,28.34,28.25,28.51,28.51,28.5,28.75,28.76,28.74,28.88,28.88,28.88,6769,7020
2025-09-02 18:00:00,0.57,6.38,10.57,10.41,10.55,18.57,12.22,11.19,32.72,36.34,30.44,35.61,36.7,34.47,30.16,30.32,29.94,28.16,28.29,28.01,28.19,28.23,28.18,28.51,28.51,28.51,28.76,28.76,28.76,28.88,28.89,28.88,6802,7055
2025-09-02 17:00:00,0.46,6.65,10.6,10.45,10.57,18.57,12.23,11.18,43.82,45.97,37.63,36.91,37.04,36.68,29.47,29.83,29.11,27.77,27.93,27.58,28.09,28.17,28.06,28.51,28.51,28.5,28.76,28.8,28.76,28.91,28.95,28.88,6820,7095
2025-09-02 16:00:00,0.48,6.74,10.55,10.44,10.56,18.58,12.19,11.17,45.46,46.22,44.1,36.06,36.58,35.5,28.66,29.01,28.29,27.43,27.58,27.32,28.03,28.06,27.98,28.51,28.51,28.51,28.85,28.88,28.81,28.98,29,28.96,6849,10152
2025-09-02 15:00:00,0.58,6.69,10.48,10.4,10.6,18.61,12.19,11.14,43.87,44.14,43.54,34.69,35.34,34.2,27.84,28.22,27.46,27.15,27.27,27.03,27.96,27.98,27.95,28.52,28.55,28.51,28.88,28.88,28.88,29,29,29,6849,10191
2025-09-02 14:00:00,0.66,6.8,10.42,10.38,10.59,18.63,12.22,11.19,44.66,45.47,43.9,33.19,34.16,31.74,26.95,27.34,26.54,26.93,26.99,26.87,27.98,28.02,27.97,28.58,28.63,28.53,28.9,28.96,28.88,29,29.01,29,6849,10246
2025-09-02 13:00:00,0.85,6.78,10.35,10.37,10.59,18.66,12.22,11.21,42.18,45.08,39.05,29.91,31.4,28.7,26.15,26.51,25.8,26.81,26.87,26.76,28.05,28.06,28.03,28.63,28.64,28.62,28.98,28.99,28.92,29.02,29.06,29,6849,10175
2025-09-02 12:00:00,0.78,6.66,10.27,10.36,10.59,18.63,12.21,11.2,36.65,38.46,34.79,26.99,28.53,25.33,25.42,25.74,25.09,26.75,26.76,26.75,28.08,28.16,28.06,28.68,28.75,28.64,28.99,28.99,28.99,29.08,29.11,29.04,6849,10309
2025-09-02 11:00:00,0.77,6.48,10.16,10.28,10.59,18.64,12.23,11.19,30.23,34.08,26.75,23.66,25.1,22.09,24.81,25.09,24.62,26.83,26.87,26.75,28.18,28.21,28.16,28.75,28.75,28.74,29.04,29.09,29,29.11,29.12,29.1,6847,10266
2025-09-02 10:00:00,0.76,6.22,10.02,10.24,10.58,18.62,12.22,11.18,22.53,26.16,18.83,20.17,21.7,19.06,24.43,24.52,24.38,26.92,27.01,26.87,28.28,28.33,28.23,28.82,28.87,28.76,29.1,29.11,29.06,29.12,29.12,29.12,6844,10467
2025-09-02 09:00:00,0.7,6.03,9.98,10.2,10.62,18.64,12.23,11.18,14.53,18.41,11.38,18.53,18.95,18.36,24.43,24.5,24.38,27.19,27.34,27.07,28.42,28.52,28.36,28.89,28.96,28.87,29.11,29.12,29.11,29.12,29.12,29.12,6838,10427
2025-09-02 08:00:00,0.54,5.92,10,10.19,10.6,18.64,12.23,11.18,10.28,11.11,9.93,18.55,18.83,18.36,24.78,24.98,24.58,27.5,27.64,27.34,28.58,28.65,28.53,28.99,28.99,28.96,29.14,29.19,29.11,29.12,29.12,29.12,6550,6842
2025-09-02 07:00:00,0.55,5.9,10.05,10.21,10.6,18.65,12.2,11.19,10.22,10.55,9.96,19.18,19.53,18.84,25.25,25.46,25.05,27.79,27.93,27.69,28.74,28.8,28.65,29.06,29.1,28.99,29.21,29.23,29.18,29.12,29.12,29.12,6475,2036
2025-09-02 06:00:00,0.53,5.95,10.09,10.22,10.58,18.66,12.21,11.19,10.99,11.38,10.62,19.9,20.25,19.54,25.75,26,25.54,28.06,28.17,27.93,28.9,28.99,28.86,29.1,29.11,29.1,29.23,29.23,29.22,29.12,29.12,29.12,6493,0
2025-09-02 05:00:00,0.62,5.93,10.11,10.25,10.58,18.65,12.21,11.19,11.93,12.55,11.39,20.72,21.09,20.37,26.25,26.5,26.04,28.34,28.49,28.2,29.03,29.11,29,29.18,29.22,29.12,29.23,29.23,29.23,29.12,29.12,29.12,6506,0
2025-09-02 04:00:00,0.64,5.97,10.12,10.29,10.58,18.62,12.2,11.19,13.38,14.1,12.68,21.54,21.9,21.19,26.74,26.99,26.51,28.61,28.75,28.52,29.14,29.23,29.12,29.22,29.22,29.21,29.23,29.23,29.23,29.12,29.13,29.12,6519,0
2025-09-02 03:00:00,0.67,6,10.17,10.33,10.55,18.61,12.2,11.19,14.92,15.28,14.23,22.23,22.49,21.9,27.21,27.46,26.99,28.85,28.99,28.76,29.24,29.25,29.24,29.22,29.23,29.22,29.23,29.23,29.23,29.12,29.12,29.12,6528,0
2025-09-02 02:00:00,0.65,5.98,10.18,10.35,10.55,18.62,12.2,11.18,14.26,14.81,13.98,22.96,23.44,22.51,27.77,28.05,27.47,29.09,29.21,29,29.33,29.36,29.27,29.22,29.22,29.22,29.23,29.23,29.23,29.12,29.12,29.12,6533,0
2025-09-02 01:00:00,0.64,6.02,10.22,10.36,10.55,18.61,12.19,11.18,15.59,16.58,14.73,23.99,24.46,23.54,28.34,28.6,28.07,29.3,29.36,29.23,29.36,29.36,29.36,29.22,29.23,29.22,29.23,29.23,29.22,29.12,29.13,29.12,6539,0
2025-09-02 00:00:00,0.68,6.11,10.27,10.37,10.56,18.61,12.19,11.18,17.32,17.65,16.79,24.9,25.33,24.5,28.89,29.14,28.64,29.46,29.53,29.38,29.36,29.37,29.36,29.22,29.22,29.22,29.22,29.23,29.2,29.12,29.12,29.12,6517,0
2025-09-01 23:00:00,0.64,6.09,10.28,10.39,10.54,18.61,12.19,11.17,17.04,17.64,16.7,26,26.67,25.42,29.5,29.82,29.23,29.59,29.6,29.56,29.36,29.37,29.36,29.21,29.22,29.19,29.21,29.23,29.2,29.13,29.15,29.12,6537,0
2025-09-01 22:00:00,0.68,6.06,10.33,10.41,10.54,18.62,12.19,11.18,18.62,19.42,17.76,27.54,28.29,26.81,30.08,30.3,29.82,29.64,29.68,29.62,29.33,29.36,29.28,29.17,29.21,29.13,29.22,29.22,29.2,29.15,29.18,29.12,6568,0
2025-09-01 21:00:00,0.67,6.14,10.45,10.43,10.54,18.62,12.19,11.18,21.54,23.44,19.77,29.25,30.06,28.44,30.55,30.76,30.36,29.6,29.64,29.58,29.24,29.27,29.22,29.12,29.16,29.1,29.22,29.23,29.21,29.19,29.21,29.16,6624,0
2025-09-01 20:00:00,0.66,6.25,10.58,10.44,10.56,18.61,12.2,11.18,24.96,26.04,23.78,30.91,31.72,30.18,30.86,30.94,30.77,29.47,29.57,29.38,29.14,29.23,29.12,29.1,29.1,29.1,29.23,29.23,29.22,29.22,29.24,29.21,6720,5452
2025-09-01 19:00:00,0.66,6.24,10.62,10.49,10.57,18.6,12.2,11.16,27.15,28.13,26.24,32.74,33.74,31.84,30.99,31.01,30.96,29.27,29.35,29.14,29.06,29.12,29,29.1,29.1,29.1,29.23,29.23,29.23,29.24,29.24,29.24,6802,7051
2025-09-01 18:00:00,0.59,6.35,10.67,10.47,10.56,18.61,12.21,11.16,30.37,33.96,28.29,35.19,36.45,33.96,30.8,30.93,30.64,29.01,29.11,28.88,28.99,29,28.97,29.1,29.12,29.1,29.23,29.25,29.23,29.24,29.24,29.24,6842,7102
2025-09-01 17:00:00,0.53,6.63,10.59,10.51,10.57,18.63,12.19,11.17,41.54,44.25,35.2,36.71,36.8,36.57,30.23,30.53,29.93,28.7,28.88,28.52,28.92,28.98,28.89,29.11,29.13,29.1,29.27,29.33,29.23,29.24,29.26,29.24,6822,8879
2025-09-01 16:00:00,0.56,6.74,10.55,10.48,10.55,18.63,12.21,11.18,43.56,44.6,42.6,36.11,36.57,35.62,29.53,29.82,29.23,28.41,28.52,28.29,28.89,28.89,28.89,29.17,29.21,29.13,29.34,29.35,29.33,29.27,29.31,29.25,6849,10396
2025-09-01 15:00:00,0.65,6.7,10.51,10.45,10.56,18.61,12.23,11.15,42.75,43.08,42.12,34.91,35.5,34.45,28.79,29.11,28.41,28.19,28.29,28.09,28.89,28.89,28.88,29.22,29.22,29.2,29.35,29.35,29.35,29.33,29.35,29.31,6847,10431
2025-09-01 14:00:00,0.74,6.81,10.44,10.42,10.57,18.62,12.26,11.16,43.17,44.02,42.35,33.6,34.43,32.31,28.03,28.41,27.7,28.02,28.07,27.95,28.89,28.89,28.89,29.22,29.24,29.22,29.36,29.4,29.35,29.35,29.35,29.35,6849,10357
2025-09-01 13:00:00,0.86,6.77,10.37,10.43,10.61,18.63,12.23,11.17,41.31,43.44,38.7,30.65,32.06,29.51,27.35,27.67,27.08,27.93,27.93,27.93,28.93,28.99,28.89,29.29,29.33,29.24,29.41,29.45,29.36,29.35,29.35,29.35,6849,10207
2025-09-01 12:00:00,0.77,6.67,10.29,10.4,10.6,18.65,12.21,11.18,35.67,38.16,33.73,27.93,29.35,26.51,26.77,26.99,26.51,27.95,28,27.93,29,29.02,28.99,29.34,29.34,29.34,29.46,29.47,29.45,29.35,29.35,29.35,6849,10408
2025-09-01 11:00:00,0.79,6.54,10.23,10.35,10.58,18.68,12.21,11.18,30.07,33.08,27.32,25.07,26.28,23.68,26.33,26.51,26.16,28.05,28.09,28.02,29.11,29.12,29.04,29.37,29.44,29.34,29.47,29.47,29.47,29.35,29.35,29.35,6847,10506
2025-09-01 10:00:00,0.74,6.31,10.19,10.33,10.57,18.66,12.22,11.19,23.63,26.75,20.6,22.05,23.44,21.08,26.07,26.16,26.04,28.21,28.29,28.14,29.2,29.24,29.12,29.46,29.46,29.43,29.47,29.47,29.47,29.35,29.35,29.35,6842,10443
2025-09-01 09:00:00,0.72,6.11,10.13,10.3,10.56,18.67,12.22,11.18,16.55,20.14,13.39,20.56,20.96,20.37,26.18,26.28,26.07,28.47,28.63,28.32,29.33,29.37,29.25,29.48,29.55,29.46,29.47,29.49,29.47,29.35,29.35,29.35,6838,10140
2025-09-01 08:00:00,0.63,6,10.1,10.28,10.54,18.66,12.2,11.18,12.03,13.03,11.61,20.7,21.07,20.48,26.61,26.87,26.39,28.79,28.92,28.64,29.47,29.54,29.42,29.57,29.58,29.54,29.5,29.53,29.49,29.35,29.35,29.35,6568,6862
2025-09-01 07:00:00,0.67,6.02,10.12,10.34,10.57,18.66,12.19,11.17,12.25,12.77,11.84,21.54,22,21.1,27.16,27.44,26.87,29.09,29.23,28.99,29.61,29.71,29.58,29.58,29.61,29.58,29.51,29.54,29.5,29.35,29.35,29.35,6484,2099
2025-09-01 06:00:00,0.66,6.04,10.17,10.31,10.55,18.67,12.19,11.17,13.53,14.34,12.83,22.52,22.97,22.1,27.73,27.98,27.46,29.37,29.47,29.23,29.74,29.82,29.71,29.64,29.67,29.6,29.51,29.55,29.49,29.35,29.35,29.35,6497,0
2025-09-01 05:00:00,0.65,6.08,10.21,10.36,10.57,18.68,12.2,11.15,14.92,15.64,14.45,23.47,23.91,23.06,28.29,28.52,28.05,29.62,29.7,29.48,29.83,29.85,29.83,29.68,29.69,29.67,29.48,29.5,29.47,29.35,29.35,29.34,6510,0
2025-09-01 04:00:00,0.64,6.12,10.26,10.37,10.59,18.67,12.21,11.15,16.03,16.42,15.75,24.47,24.98,24.03,28.85,29.11,28.6,29.86,29.94,29.75,29.93,29.95,29.87,29.69,29.69,29.69,29.47,29.47,29.47,29.33,29.35,29.3,6519,0
2025-09-01 03:00:00,0.65,6.18,10.28,10.39,10.59,18.66,12.21,11.18,17.35,18.7,16.34,25.7,26.28,25.1,29.42,29.71,29.14,30.07,30.18,29.95,29.97,30.05,29.95,29.69,29.69,29.69,29.47,29.47,29.47,29.3,29.33,29.29,6533,0
2025-09-01 02:00:00,0.69,6.15,10.3,10.44,10.56,18.65,12.19,11.17,20.28,21.17,19.16,26.84,27.34,26.4,29.93,30.18,29.71,30.25,30.3,30.18,30.05,30.06,30.03,29.65,29.69,29.61,29.47,29.47,29.46,29.27,29.29,29.25,6542,0
2025-09-01 01:00:00,0.7,6.2,10.4,10.47,10.56,18.62,12.19,11.17,22.04,22.75,21.31,27.89,28.41,27.45,30.42,30.65,30.18,30.38,30.41,30.3,30.03,30.07,29.99,29.58,29.6,29.58,29.44,29.47,29.41,29.24,29.27,29.24,6548,0
2025-09-01 00:00:00,0.71,6.24,10.51,10.5,10.59,18.62,12.23,11.16,23.46,24.03,22.86,28.96,29.47,28.47,30.9,31.13,30.67,30.44,30.5,30.41,29.96,30,29.95,29.58,29.58,29.56,29.37,29.41,29.35,29.24,29.26,29.24,6530,0
2025-08-31 23:00:00,0.71,6.29,10.52,10.51,10.58,18.62,12.22,11.16,24.79,25.12,24.16,30.07,30.54,29.59,31.32,31.51,31.13,30.5,30.53,30.47,29.89,29.95,29.83,29.51,29.58,29.46,29.35,29.36,29.35,29.24,29.25,29.24,6539,0
2025-08-31 22:00:00,0.72,6.31,10.57,10.53,10.55,18.58,12.2,11.16,25.2,25.79,24.87,31.3,31.95,30.65,31.73,31.91,31.6,30.44,30.5,30.41,29.8,29.83,29.71,29.46,29.47,29.46,29.35,29.35,29.35,29.24,29.27,29.24,6550,0
2025-08-31 21:00:00,0.67,6.31,10.61,10.54,10.54,18.59,12.21,11.17,27.53,29.12,26.04,32.83,33.5,32.11,32.02,32.07,31.95,30.35,30.41,30.3,29.68,29.71,29.59,29.41,29.46,29.37,29.35,29.35,29.35,29.26,29.29,29.24,6604,0
2025-08-31 20:00:00,0.64,6.34,10.67,10.53,10.53,18.61,12.2,11.16,30.73,31.9,29.47,34.25,34.91,33.62,32.08,32.11,32.07,30.14,30.27,30.03,29.55,29.59,29.48,29.34,29.36,29.34,29.35,29.35,29.35,29.29,29.32,29.27,6715,4703
2025-08-31 19:00:00,0.59,6.43,10.71,10.53,10.54,18.61,12.2,11.14,33.13,34.46,32.09,35.72,36.45,35.03,32.01,32.07,31.89,29.85,29.98,29.7,29.43,29.48,29.36,29.34,29.34,29.34,29.35,29.35,29.35,29.34,29.35,29.32,6842,7110
2025-08-31 18:00:00,0.61,6.57,10.74,10.53,10.53,18.61,12.21,11.14,36.64,38.7,34.79,37.25,37.87,36.57,31.68,31.83,31.48,29.56,29.7,29.46,29.32,29.36,29.25,29.33,29.34,29.33,29.35,29.36,29.35,29.35,29.35,29.34,6822,7575
2025-08-31 17:00:00,0.53,6.68,10.75,10.57,10.53,18.61,12.22,11.15,42.03,46.5,39.16,38.36,38.58,37.99,31.12,31.41,30.77,29.23,29.36,29.1,29.23,29.24,29.21,29.34,29.34,29.33,29.36,29.37,29.35,29.35,29.35,29.35,6838,8871
2025-08-31 16:00:00,0.43,6.81,10.65,10.54,10.57,18.61,12.22,11.16,46.35,47.21,45.44,37.95,38.46,37.39,30.41,30.77,30.06,28.91,29,28.76,29.13,29.17,29.12,29.34,29.34,29.33,29.39,29.42,29.36,29.35,29.36,29.35,6842,9537
2025-08-31 15:00:00,0.53,6.84,10.54,10.53,10.56,18.62,12.2,11.17,45.3,46.02,44.63,36.74,37.28,36.33,29.67,30.05,29.32,28.65,28.76,28.52,29.12,29.12,29.11,29.34,29.34,29.34,29.44,29.47,29.42,29.35,29.35,29.35,6849,10333
2025-08-31 14:00:00,0.67,6.91,10.52,10.49,10.56,18.63,12.2,11.18,45.84,46.51,45.2,35.23,36.22,33.96,28.9,29.23,28.57,28.45,28.52,28.4,29.11,29.12,29.11,29.34,29.35,29.34,29.47,29.47,29.46,29.35,29.38,29.35,6849,10266
2025-08-31 13:00:00,0.77,6.85,10.44,10.48,10.57,18.65,12.21,11.19,42.98,44.84,41.18,32.81,33.73,31.84,28.19,28.52,27.87,28.32,28.4,28.29,29.12,29.12,29.11,29.36,29.39,29.34,29.47,29.47,29.47,29.37,29.4,29.35,6849,10357
2025-08-31 12:00:00,0.75,6.84,10.36,10.45,10.58,18.63,12.22,11.19,39.39,40.82,36.57,29.9,31.59,28.36,27.53,27.81,27.25,28.29,28.29,28.29,29.14,29.19,29.12,29.43,29.46,29.41,29.47,29.47,29.47,29.39,29.41,29.38,6849,10333
2025-08-31 11:00:00,0.76,6.63,10.27,10.43,10.55,18.64,12.21,11.19,33.07,36.09,30.08,26.82,28.14,25.41,27.03,27.22,26.87,28.32,28.4,28.29,29.23,29.24,29.21,29.46,29.46,29.45,29.48,29.5,29.47,29.41,29.43,29.39,6849,10424
2025-08-31 10:00:00,0.74,6.44,10.2,10.39,10.56,18.66,12.19,11.2,26.23,29.59,22.85,23.7,25.1,22.73,26.75,26.85,26.72,28.45,28.52,28.4,29.29,29.36,29.24,29.46,29.47,29.46,29.51,29.56,29.49,29.41,29.43,29.39,6844,10329
2025-08-31 09:00:00,0.73,6.22,10.17,10.38,10.56,18.66,12.18,11.2,19.03,22.38,16.29,22.29,22.61,22.14,26.77,26.87,26.73,28.65,28.76,28.52,29.4,29.48,29.36,29.53,29.58,29.47,29.55,29.57,29.53,29.41,29.43,29.39,6842,9848
2025-08-31 08:00:00,0.7,6.13,10.16,10.34,10.55,18.64,12.19,11.19,15.18,16,14.81,22.35,22.61,22.14,27.1,27.34,26.88,28.92,29,28.78,29.52,29.59,29.48,29.58,29.58,29.58,29.57,29.58,29.53,29.4,29.42,29.37,6568,6854
2025-08-31 07:00:00,0.69,6.11,10.19,10.4,10.56,18.66,12.19,11.2,15.19,15.52,14.9,22.98,23.32,22.69,27.56,27.81,27.34,29.16,29.25,29.05,29.63,29.71,29.59,29.59,29.62,29.58,29.57,29.58,29.56,29.38,29.4,29.35,6484,2249
2025-08-31 06:00:00,0.67,6.13,10.22,10.36,10.55,18.66,12.18,11.19,15.88,16.23,15.53,23.73,24.13,23.37,28.04,28.29,27.81,29.4,29.48,29.33,29.72,29.78,29.71,29.64,29.68,29.61,29.56,29.58,29.54,29.36,29.38,29.35,6493,0
2025-08-31 05:00:00,0.65,6.17,10.24,10.39,10.56,18.66,12.18,11.19,16.74,17.17,16.34,24.56,24.98,24.15,28.51,28.76,28.29,29.63,29.7,29.52,29.83,29.83,29.8,29.68,29.69,29.65,29.52,29.56,29.5,29.35,29.37,29.35,6504,0
2025-08-31 04:00:00,0.7,6.19,10.3,10.41,10.58,18.65,12.2,11.18,17.93,18.61,17.29,25.5,25.94,25.09,28.99,29.23,28.76,29.82,29.94,29.71,29.88,29.94,29.83,29.68,29.69,29.67,29.48,29.53,29.47,29.35,29.36,29.35,6519,0
2025-08-31 03:00:00,0.73,6.21,10.3,10.44,10.59,18.64,12.21,11.18,19.71,20.67,18.78,26.45,26.86,26.04,29.45,29.68,29.23,30,30.06,29.94,29.95,29.95,29.95,29.65,29.68,29.62,29.47,29.47,29.47,29.35,29.35,29.35,6533,0
2025-08-31 02:00:00,0.7,6.19,10.32,10.46,10.6,18.62,12.19,11.16,21.47,22.05,20.72,27.24,27.56,26.91,29.88,30.06,29.71,30.16,30.21,30.06,29.95,29.95,29.95,29.59,29.64,29.58,29.47,29.47,29.46,29.35,29.35,29.35,6542,0
2025-08-31 01:00:00,0.7,6.21,10.38,10.48,10.6,18.61,12.17,11.15,21.85,22.23,21.57,27.98,28.41,27.58,30.34,30.54,30.12,30.29,30.3,30.24,29.95,29.95,29.93,29.58,29.58,29.57,29.46,29.47,29.44,29.35,29.35,29.35,6542,0
2025-08-31 00:00:00,0.72,6.21,10.49,10.5,10.57,18.61,12.2,11.15,22.6,22.73,22.38,28.85,29.31,28.41,30.79,31.01,30.55,30.39,30.41,30.35,29.89,29.94,29.83,29.53,29.57,29.47,29.41,29.44,29.36,29.35,29.35,29.35,6524,0
2025-08-30 23:00:00,0.71,6.25,10.52,10.52,10.55,18.58,12.23,11.16,23.1,23.68,22.73,29.98,30.61,29.36,31.28,31.48,31.09,30.41,30.41,30.41,29.82,29.83,29.76,29.46,29.47,29.46,29.35,29.37,29.35,29.35,29.35,29.35,6537,0
2025-08-30 22:00:00,0.67,6.29,10.57,10.53,10.53,18.58,12.21,11.15,24.75,25.92,23.79,31.4,32.08,30.68,31.7,31.84,31.5,30.38,30.41,30.31,29.71,29.76,29.68,29.42,29.46,29.35,29.35,29.36,29.35,29.35,29.35,29.35,6546,0
2025-08-30 21:00:00,0.66,6.28,10.61,10.56,10.53,18.61,12.2,11.16,27.86,29.6,26.17,32.94,33.61,32.23,32.01,32.07,31.92,30.25,30.3,30.18,29.58,29.64,29.51,29.34,29.35,29.34,29.35,29.35,29.35,29.35,29.35,29.35,6577,0
2025-08-30 20:00:00,0.64,6.31,10.67,10.54,10.53,18.61,12.21,11.17,31.37,32.5,29.94,34.35,34.95,33.73,32.14,32.18,32.08,30.02,30.18,29.89,29.43,29.48,29.36,29.33,29.34,29.31,29.35,29.35,29.35,29.35,29.36,29.35,6648,6027
2025-08-30 19:00:00,0.57,6.41,10.72,10.56,10.53,18.6,12.21,11.18,33.45,34.21,32.61,35.82,36.68,35.07,32.06,32.15,31.96,29.72,29.82,29.59,29.3,29.36,29.24,29.26,29.31,29.24,29.35,29.35,29.35,29.38,29.41,29.35,6731,6972
2025-08-30 18:00:00,0.55,6.52,10.76,10.56,10.54,18.6,12.22,11.17,36.33,39.75,34.32,37.85,38.81,36.8,31.75,31.95,31.48,29.4,29.59,29.23,29.17,29.24,29.12,29.24,29.26,29.22,29.36,29.4,29.35,29.43,29.46,29.41,6766,7020
2025-08-30 17:00:00,0.49,6.72,10.78,10.59,10.55,18.6,12.2,11.16,46.61,49.32,40.93,39.02,39.16,38.81,31.02,31.42,30.65,29.01,29.22,28.85,29.06,29.12,29,29.22,29.24,29.22,29.4,29.44,29.37,29.47,29.47,29.46,6791,7055
2025-08-30 16:00:00,0.46,6.82,10.64,10.58,10.56,18.61,12.18,11.17,47.9,49.25,46.16,38.28,38.73,37.75,30.24,30.64,29.86,28.64,28.77,28.51,28.97,29,28.91,29.22,29.24,29.22,29.46,29.47,29.45,29.47,29.47,29.47,6851,10061
2025-08-30 15:00:00,0.49,6.86,10.56,10.52,10.56,18.61,12.19,11.19,47.02,47.56,46.26,37.05,37.63,36.57,29.42,29.82,29,28.34,28.5,28.2,28.89,28.91,28.89,29.24,29.27,29.23,29.47,29.47,29.47,29.47,29.49,29.47,6851,10183
2025-08-30 14:00:00,0.67,6.96,10.5,10.49,10.55,18.61,12.21,11.18,47.89,49,46.97,35.44,36.5,33.96,28.54,28.92,28.17,28.1,28.17,28.03,28.89,28.89,28.89,29.31,29.34,29.27,29.47,29.49,29.47,29.5,29.54,29.47,6851,10069
2025-08-30 13:00:00,0.79,6.88,10.43,10.47,10.58,18.63,12.2,11.18,44.34,47.33,41.53,32.34,33.61,31.21,27.73,28.09,27.34,27.95,28.03,27.93,28.89,28.89,28.89,29.34,29.34,29.33,29.53,29.56,29.48,29.55,29.58,29.53,6851,10037
2025-08-30 12:00:00,0.75,6.8,10.33,10.45,10.6,18.65,12.2,11.18,39.35,41.05,37.11,29.31,30.91,27.82,27.02,27.34,26.74,27.91,27.93,27.89,28.94,29,28.89,29.34,29.35,29.34,29.58,29.58,29.56,29.58,29.59,29.58,6849,10223
2025-08-30 11:00:00,0.77,6.62,10.25,10.41,10.6,18.65,12.2,11.18,32.92,36.33,29.71,26.19,27.58,24.74,26.45,26.67,26.28,27.93,27.93,27.91,29,29.01,29,29.41,29.45,29.36,29.58,29.58,29.58,29.59,29.59,29.58,6849,10219
2025-08-30 10:00:00,0.77,6.38,10.23,10.37,10.58,18.64,12.22,11.19,25.72,29.23,22.41,22.98,24.39,21.93,26.09,26.19,26.04,27.99,28.05,27.93,29.08,29.12,29,29.46,29.47,29.45,29.59,29.61,29.58,29.59,29.59,29.59,6847,10337
2025-08-30 09:00:00,0.73,6.18,10.17,10.35,10.56,18.66,12.25,11.19,18.62,21.9,15.75,21.43,21.81,21.2,26.05,26.15,26.03,28.21,28.33,28.08,29.19,29.24,29.12,29.5,29.56,29.46,29.63,29.68,29.6,29.59,29.59,29.59,6838,10294
2025-08-30 08:00:00,0.67,6.08,10.14,10.32,10.54,18.64,12.22,11.19,14.48,15.41,14.1,21.35,21.55,21.2,26.32,26.51,26.16,28.47,28.62,28.36,29.33,29.37,29.24,29.57,29.58,29.56,29.69,29.7,29.67,29.59,29.59,29.59,6550,6850
2025-08-30 07:00:00,0.69,6.1,10.15,10.35,10.54,18.67,12.22,11.19,14.34,14.57,14.12,21.86,22.14,21.59,26.73,26.92,26.52,28.72,28.87,28.64,29.45,29.48,29.37,29.61,29.66,29.58,29.7,29.7,29.7,29.59,29.59,29.59,6481,3762
2025-08-30 06:00:00,0.67,6.08,10.17,10.37,10.54,18.67,12.23,11.19,14.9,15.18,14.64,22.47,22.73,22.2,27.15,27.34,26.99,28.96,29.09,28.88,29.57,29.6,29.48,29.68,29.69,29.67,29.7,29.7,29.7,29.59,29.59,29.59,6488,0
2025-08-30 05:00:00,0.68,6.1,10.21,10.41,10.54,18.68,12.22,11.19,15.53,15.86,15.27,23.1,23.43,22.83,27.59,27.81,27.36,29.19,29.34,29.11,29.68,29.71,29.61,29.69,29.69,29.69,29.7,29.7,29.7,29.59,29.59,29.59,6504,0
2025-08-30 04:00:00,0.63,6.12,10.23,10.4,10.56,18.69,12.22,11.18,16.23,16.58,15.89,23.76,24.1,23.44,28.04,28.29,27.81,29.41,29.49,29.34,29.74,29.83,29.71,29.69,29.7,29.69,29.7,29.7,29.7,29.59,29.59,29.59,6517,0
2025-08-30 03:00:00,0.66,6.13,10.24,10.41,10.55,18.68,12.21,11.18,16.89,17.17,16.58,24.48,24.86,24.15,28.51,28.76,28.29,29.62,29.7,29.53,29.83,29.83,29.83,29.69,29.72,29.69,29.7,29.7,29.7,29.59,29.59,29.59,6524,0
2025-08-30 02:00:00,0.68,6.16,10.29,10.42,10.56,18.68,12.21,11.19,17.75,18.15,17.28,25.28,25.69,24.87,29.01,29.23,28.77,29.8,29.87,29.71,29.83,29.85,29.83,29.69,29.7,29.69,29.69,29.7,29.68,29.59,29.59,29.59,6533,0
2025-08-30 01:00:00,0.69,6.16,10.29,10.45,10.56,18.66,12.23,11.19,18.58,18.95,18.24,26.16,26.63,25.72,29.52,29.79,29.25,29.97,30.05,29.91,29.85,29.87,29.84,29.69,29.69,29.69,29.67,29.69,29.66,29.59,29.6,29.59,6539,0
2025-08-30 00:00:00,0.71,6.12,10.33,10.46,10.56,18.64,12.23,11.19,19.64,20.14,19.06,27.18,27.7,26.71,30.04,30.3,29.82,30.08,30.15,30.06,29.83,29.85,29.83,29.68,29.69,29.66,29.64,29.67,29.61,29.59,29.6,29.59,6519,0
2025-08-29 23:00:00,0.63,6.13,10.43,10.47,10.55,18.62,12.21,11.19,20.66,21.19,20.25,28.37,29,27.81,30.55,30.77,30.3,30.18,30.18,30.14,29.82,29.83,29.76,29.6,29.66,29.58,29.62,29.64,29.6,29.6,29.61,29.59,6533,0
2025-08-29 22:00:00,0.68,6.19,10.53,10.49,10.53,18.62,12.2,11.16,22.22,23.35,21.31,29.82,30.55,29.12,31.01,31.21,30.79,30.17,30.18,30.13,29.72,29.76,29.71,29.58,29.58,29.58,29.61,29.63,29.59,29.64,29.68,29.59,6546,0
2025-08-29 21:00:00,0.66,6.28,10.58,10.51,10.53,18.6,12.22,11.14,25.77,27.82,23.68,31.43,32.09,30.75,31.36,31.48,31.24,30.02,30.1,29.94,29.62,29.71,29.59,29.57,29.58,29.55,29.63,29.67,29.61,29.69,29.71,29.66,6591,0
2025-08-29 20:00:00,0.63,6.29,10.61,10.53,10.53,18.63,12.23,11.15,29.02,29.93,28.05,32.82,33.48,32.18,31.52,31.58,31.48,29.82,29.94,29.7,29.5,29.59,29.47,29.52,29.56,29.5,29.67,29.69,29.64,29.71,29.71,29.71,6677,6078
2025-08-29 19:00:00,0.62,6.3,10.65,10.52,10.53,18.61,12.21,11.16,30.67,31.36,29.94,34.37,35.27,33.61,31.52,31.59,31.47,29.57,29.7,29.47,29.38,29.45,29.36,29.5,29.54,29.48,29.7,29.7,29.69,29.71,29.71,29.71,6742,6988
2025-08-29 18:00:00,0.58,6.48,10.71,10.56,10.53,18.62,12.22,11.18,33.8,37.5,31.56,36.58,37.63,35.49,31.22,31.39,30.97,29.26,29.42,29.11,29.29,29.36,29.24,29.52,29.55,29.49,29.7,29.7,29.7,29.73,29.77,29.71,6784,7039
2025-08-29 17:00:00,0.49,6.73,10.68,10.58,10.55,18.63,12.25,11.17,44.66,47.21,38.81,37.79,37.88,37.59,30.5,30.89,30.16,28.9,29.11,28.76,29.22,29.24,29.17,29.55,29.57,29.52,29.73,29.75,29.7,29.8,29.83,29.75,6811,7079
2025-08-29 16:00:00,0.43,6.81,10.57,10.57,10.57,18.63,12.27,11.16,46.31,47.25,44.93,36.77,37.5,35.98,29.68,30.06,29.31,28.57,28.71,28.43,29.12,29.14,29.12,29.57,29.58,29.55,29.81,29.82,29.77,29.83,29.83,29.83,6849,10156
2025-08-29 15:00:00,0.59,6.77,10.53,10.52,10.57,18.62,12.29,11.18,43.64,44.72,42.83,35.22,35.86,34.66,28.86,29.23,28.47,28.3,28.4,28.17,29.12,29.12,29.12,29.58,29.58,29.58,29.82,29.83,29.82,29.83,29.84,29.83,6849,10238
2025-08-29 14:00:00,0.72,6.84,10.46,10.49,10.58,18.66,12.29,11.19,43.65,44.13,43.07,33.46,34.56,32.07,28.03,28.41,27.7,28.1,28.17,28.05,29.12,29.12,29.12,29.6,29.65,29.58,29.87,29.92,29.82,29.85,29.91,29.83,6849,10372
2025-08-29 13:00:00,0.79,6.82,10.37,10.46,10.58,18.68,12.27,11.18,40.74,43.64,38.22,30.56,31.83,29.4,27.26,27.58,26.96,28,28.04,27.95,29.15,29.21,29.12,29.69,29.69,29.67,29.94,29.94,29.92,29.92,29.94,29.86,6849,10337
2025-08-29 12:00:00,0.75,6.67,10.29,10.44,10.55,18.7,12.29,11.19,36,37.62,33.37,27.59,29.12,26.16,26.6,26.87,26.34,27.96,28.03,27.94,29.24,29.25,29.23,29.72,29.8,29.69,29.97,30.03,29.94,29.94,29.94,29.94,6847,10451
2025-08-29 11:00:00,0.76,6.54,10.23,10.37,10.55,18.65,12.25,11.19,29.87,32.18,27.46,24.73,25.98,23.34,26.11,26.28,25.92,28.04,28.05,28.01,29.33,29.36,29.26,29.81,29.81,29.81,30.05,30.06,30.02,29.94,29.94,29.94,6847,10424
2025-08-29 10:00:00,0.75,6.29,10.17,10.37,10.55,18.65,12.28,11.19,23.52,26.97,20.6,21.84,23.09,20.96,25.83,25.92,25.8,28.17,28.29,28.05,29.43,29.48,29.36,29.88,29.93,29.81,30.06,30.07,30.06,29.94,29.95,29.94,6840,10522
2025-08-29 09:00:00,0.74,6.11,10.13,10.34,10.55,18.66,12.29,11.19,16.9,20.25,13.85,20.35,20.83,20.12,25.81,25.91,25.8,28.4,28.52,28.29,29.58,29.68,29.48,29.96,30.02,29.93,30.1,30.15,30.07,29.95,29.97,29.94,6838,9896
2025-08-29 08:00:00,0.69,6.04,10.1,10.34,10.55,18.66,12.29,11.19,12.72,13.51,12.29,20.24,20.48,20.12,26.1,26.28,25.92,28.7,28.87,28.54,29.74,29.83,29.7,30.05,30.09,30.03,30.17,30.18,30.16,29.97,30,29.96,6571,6866
2025-08-29 07:00:00,0.68,6,10.11,10.34,10.58,18.65,12.29,11.19,12.43,12.56,12.35,20.72,20.96,20.48,26.54,26.75,26.33,29,29.11,28.88,29.9,29.98,29.83,30.16,30.17,30.11,30.18,30.18,30.18,30,30.01,29.99,6475,4628
2025-08-29 06:00:00,0.65,6.01,10.11,10.37,10.56,18.67,12.3,11.18,12.71,12.92,12.56,21.33,21.67,21.07,27.03,27.22,26.82,29.28,29.41,29.12,30.07,30.16,29.99,30.19,30.24,30.17,30.18,30.18,30.18,30,30.03,29.97,6488,0
2025-08-29 05:00:00,0.65,6.03,10.17,10.37,10.6,18.67,12.3,11.17,13.43,13.86,12.92,22.07,22.39,21.73,27.52,27.79,27.33,29.56,29.7,29.47,30.22,30.3,30.18,30.28,30.29,30.25,30.18,30.19,30.18,30,30.02,29.98,6506,0
2025-08-29 04:00:00,0.66,6.04,10.17,10.37,10.6,18.66,12.3,11.18,14.21,14.57,13.86,22.8,23.13,22.49,28.04,28.29,27.81,29.83,29.94,29.7,30.33,30.41,30.3,30.29,30.29,30.29,30.18,30.21,30.18,30,30.01,29.97,6517,0
2025-08-29 03:00:00,0.67,6.06,10.22,10.4,10.6,18.67,12.3,11.18,14.66,14.91,14.57,23.58,24.03,23.2,28.56,28.81,28.29,30.09,30.19,29.94,30.43,30.5,30.41,30.3,30.32,30.29,30.18,30.19,30.18,29.98,30,29.97,6524,0
2025-08-29 02:00:00,0.64,6.1,10.26,10.44,10.64,18.67,12.3,11.19,15.79,16.7,15.04,24.61,25.1,24.15,29.11,29.35,28.88,30.35,30.43,30.28,30.53,30.54,30.5,30.31,30.35,30.29,30.18,30.18,30.18,29.99,30,29.97,6533,0
2025-08-29 01:00:00,0.72,6.16,10.26,10.51,10.66,18.66,12.29,11.19,18.16,19.06,16.94,25.56,25.92,25.21,29.66,29.94,29.4,30.56,30.65,30.44,30.54,30.56,30.54,30.3,30.32,30.29,30.18,30.18,30.18,29.98,30,29.97,6542,0
2025-08-29 00:00:00,0.68,6.16,10.31,10.58,10.67,18.64,12.29,11.18,18.76,18.95,18.36,26.3,26.74,25.92,30.23,30.53,29.94,30.72,30.77,30.65,30.55,30.57,30.55,30.29,30.3,30.29,30.18,30.18,30.18,29.99,30.01,29.97,6517,0
2025-08-28 23:00:00,0.72,6.09,10.43,10.58,10.65,18.62,12.28,11.18,18.73,19.06,18.26,27.41,28.04,26.83,30.84,31.13,30.53,30.87,30.89,30.78,30.54,30.55,30.54,30.29,30.29,30.29,30.18,30.18,30.18,30.01,30.03,29.99,6537,0
2025-08-28 22:00:00,0.68,6.12,10.49,10.62,10.62,18.64,12.28,11.16,19.53,20.72,18.9,28.97,29.83,28.17,31.44,31.72,31.15,30.9,30.92,30.89,30.53,30.54,30.5,30.28,30.29,30.26,30.18,30.18,30.18,30.02,30.06,30,6564,0
2025-08-28 21:00:00,0.67,6.25,10.54,10.64,10.59,18.63,12.28,11.17,23.44,25.6,21.08,30.79,31.57,29.97,31.9,32.07,31.72,30.89,30.9,30.86,30.44,30.51,30.42,30.23,30.28,30.19,30.18,30.18,30.18,30.05,30.06,30.04,6626,0
2025-08-28 20:00:00,0.66,6.27,10.6,10.64,10.59,18.62,12.29,11.18,27.15,27.82,25.95,32.37,33.07,31.7,32.19,32.31,32.07,30.74,30.83,30.65,30.34,30.42,30.3,30.18,30.2,30.18,30.18,30.18,30.18,30.06,30.06,30.06,6733,6787
2025-08-28 19:00:00,0.62,6.28,10.63,10.62,10.59,18.62,12.29,11.18,28.89,29.8,27.93,34.14,35.15,33.25,32.31,32.31,32.31,30.54,30.65,30.41,30.26,30.3,30.19,30.17,30.18,30.17,30.18,30.19,30.18,30.06,30.06,30.06,6789,7047
2025-08-28 18:00:00,0.57,6.46,10.7,10.59,10.56,18.62,12.3,11.19,32.13,35.62,29.95,36.52,37.63,35.36,32.11,32.29,31.92,30.3,30.41,30.18,30.19,30.19,30.17,30.18,30.2,30.17,30.21,30.26,30.18,30.06,30.08,30.06,6822,7087
2025-08-28 17:00:00,0.5,6.72,10.72,10.61,10.56,18.63,12.29,11.17,42.79,45.91,36.79,37.94,38.04,37.75,31.51,31.83,31.18,29.96,30.16,29.82,30.11,30.19,30.07,30.21,30.24,30.18,30.28,30.29,30.25,30.09,30.12,30.06,6822,7402
2025-08-28 16:00:00,0.48,6.81,10.68,10.59,10.56,18.66,12.29,11.18,44.83,45.66,44.25,37.28,37.75,36.68,30.83,31.13,30.53,29.68,29.82,29.59,30.07,30.07,30.07,30.26,30.29,30.2,30.29,30.29,30.29,30.15,30.17,30.12,6851,10191
2025-08-28 15:00:00,0.59,6.83,10.54,10.57,10.56,18.65,12.31,11.19,42.83,44.61,41.7,36.06,36.54,35.75,30.12,30.43,29.82,29.46,29.57,29.36,30.06,30.07,30.05,30.29,30.29,30.28,30.3,30.32,30.29,30.17,30.18,30.16,6849,10325
2025-08-28 14:00:00,0.71,6.89,10.49,10.58,10.57,18.67,12.31,11.2,44.4,46.15,42.48,34.73,35.74,33.37,29.4,29.71,29.11,29.29,29.35,29.23,30.07,30.07,30.07,30.29,30.32,30.29,30.36,30.4,30.32,30.18,30.18,30.17,6849,10522
2025-08-28 13:00:00,0.8,6.86,10.43,10.59,10.59,18.68,12.29,11.21,40.93,43.43,38.34,32.08,33.14,31.1,28.74,29,28.44,29.23,29.23,29.22,30.09,30.18,30.07,30.37,30.4,30.32,30.41,30.41,30.41,30.18,30.18,30.18,6849,10349
2025-08-28 12:00:00,0.73,6.76,10.33,10.58,10.61,18.67,12.3,11.23,36.34,37.86,33.8,29.38,30.77,28.17,28.2,28.41,27.99,29.23,29.24,29.22,30.18,30.19,30.16,30.4,30.4,30.4,30.41,30.43,30.41,30.18,30.2,30.18,6847,10443
2025-08-28 11:00:00,0.73,6.62,10.26,10.47,10.61,18.7,12.32,11.2,30.97,33.34,28.72,26.79,27.94,25.45,27.8,27.93,27.67,29.31,29.35,29.25,30.27,30.3,30.2,30.45,30.52,30.4,30.43,30.49,30.41,30.18,30.2,30.18,6847,10518
2025-08-28 10:00:00,0.75,6.44,10.2,10.44,10.6,18.72,12.33,11.22,25.34,28.28,22.49,23.97,25.21,23.11,27.58,27.59,27.58,29.45,29.58,29.35,30.36,30.42,30.3,30.52,30.52,30.52,30.5,30.52,30.46,30.18,30.2,30.18,6842,10522
2025-08-28 09:00:00,0.74,6.25,10.17,10.42,10.64,18.73,12.34,11.2,18.83,22.02,15.99,22.65,23.04,22.49,27.65,27.81,27.58,29.68,29.82,29.59,30.49,30.54,30.42,30.58,30.63,30.52,30.53,30.53,30.52,30.19,30.21,30.18,6838,10199
2025-08-28 08:00:00,0.7,6.13,10.17,10.4,10.66,18.72,12.35,11.2,14.6,15.56,14.22,22.76,23.09,22.49,28.03,28.29,27.81,29.97,30.09,29.82,30.63,30.66,30.54,30.64,30.65,30.63,30.53,30.53,30.53,30.19,30.2,30.18,6588,6874
2025-08-28 07:00:00,0.68,6.16,10.22,10.43,10.66,18.75,12.35,11.22,14.83,15.4,14.33,23.61,24.03,23.2,28.53,28.76,28.29,30.26,30.37,30.17,30.76,30.8,30.68,30.7,30.76,30.64,30.53,30.53,30.53,30.18,30.19,30.18,6488,2221
2025-08-28 06:00:00,0.65,6.22,10.26,10.48,10.66,18.73,12.34,11.22,16.31,17.04,15.52,24.58,24.98,24.15,29.01,29.23,28.77,30.5,30.65,30.41,30.89,30.95,30.84,30.76,30.76,30.75,30.53,30.53,30.53,30.18,30.19,30.18,6502,0
2025-08-28 05:00:00,0.7,6.25,10.26,10.55,10.68,18.75,12.34,11.2,17.83,18.58,17.17,25.47,25.92,25.1,29.47,29.71,29.24,30.73,30.86,30.65,31,31.03,30.98,30.76,30.77,30.76,30.53,30.53,30.53,30.18,30.18,30.18,6517,0
2025-08-28 04:00:00,0.72,6.29,10.27,10.6,10.68,18.75,12.34,11.2,19.58,20.25,18.7,26.27,26.58,25.92,29.92,30.12,29.71,30.95,31.04,30.89,31.1,31.13,31.05,30.76,30.77,30.76,30.53,30.53,30.53,30.18,30.18,30.18,6522,0
2025-08-28 03:00:00,0.67,6.22,10.34,10.65,10.69,18.75,12.32,11.19,20.62,20.83,20.37,26.9,27.22,26.63,30.36,30.56,30.18,31.16,31.24,31.06,31.15,31.21,31.13,30.77,30.79,30.77,30.53,30.53,30.52,30.18,30.18,30.18,6537,0
2025-08-28 02:00:00,0.67,6.25,10.44,10.67,10.67,18.74,12.31,11.19,21.15,21.55,20.84,27.65,28.05,27.31,30.83,31.02,30.64,31.35,31.47,31.24,31.24,31.25,31.21,30.76,30.78,30.76,30.51,30.53,30.49,30.17,30.18,30.17,6542,0
2025-08-28 01:00:00,0.7,6.24,10.46,10.68,10.67,18.72,12.31,11.18,22.09,22.61,21.6,28.51,28.9,28.08,31.31,31.56,31.11,31.52,31.6,31.48,31.25,31.25,31.24,30.76,30.76,30.76,30.46,30.49,30.44,30.17,30.18,30.16,6542,0
2025-08-28 00:00:00,0.71,6.26,10.5,10.68,10.67,18.69,12.29,11.17,23.22,23.79,22.68,29.43,29.92,29,31.8,32.03,31.6,31.66,31.72,31.6,31.25,31.25,31.25,30.76,30.76,30.75,30.41,30.44,30.41,30.14,30.17,30.12,6519,0
2025-08-27 23:00:00,0.7,6.34,10.52,10.73,10.67,18.68,12.29,11.17,24.69,25.33,23.94,30.46,30.96,29.94,32.28,32.5,32.07,31.72,31.74,31.72,31.21,31.25,31.15,30.72,30.76,30.67,30.41,30.41,30.41,30.12,30.14,30.1,6539,0
2025-08-27 22:00:00,0.69,6.33,10.54,10.76,10.68,18.68,12.29,11.16,26.09,26.87,25.45,31.62,32.22,31.03,32.72,32.91,32.54,31.72,31.74,31.72,31.13,31.15,31.13,30.64,30.66,30.64,30.41,30.41,30.41,30.11,30.14,30.09,6550,0
2025-08-27 21:00:00,0.68,6.32,10.56,10.75,10.67,18.67,12.28,11.15,28.04,29.12,27,32.98,33.68,32.32,33.08,33.23,32.91,31.7,31.72,31.65,31.04,31.13,31.01,30.64,30.64,30.63,30.41,30.41,30.41,30.12,30.15,30.11,6602,0
2025-08-27 20:00:00,0.63,6.34,10.62,10.76,10.64,18.68,12.28,11.16,30.57,31.48,29.39,34.47,35.15,33.77,33.29,33.37,33.25,31.55,31.61,31.48,30.95,31.01,30.9,30.59,30.64,30.56,30.41,30.41,30.4,30.14,30.16,30.12,6697,5235
2025-08-27 19:00:00,0.61,6.46,10.66,10.78,10.64,18.69,12.28,11.17,32.61,33.43,31.69,36,36.8,35.27,33.32,33.37,33.25,31.34,31.47,31.24,30.85,30.9,30.78,30.54,30.57,30.52,30.41,30.41,30.4,30.15,30.18,30.14,6791,7047
2025-08-27 18:00:00,0.55,6.57,10.7,10.76,10.65,18.69,12.29,11.17,35.51,38.58,33.61,37.97,38.93,36.99,33.08,33.25,32.9,31.11,31.24,31.01,30.78,30.78,30.76,30.53,30.54,30.52,30.41,30.41,30.41,30.17,30.18,30.17,6822,7386
2025-08-27 17:00:00,0.49,6.75,10.75,10.75,10.65,18.69,12.29,11.18,44.47,46.85,39.59,39.17,39.25,39.05,32.51,32.79,32.22,30.81,30.98,30.65,30.68,30.74,30.66,30.52,30.53,30.52,30.41,30.41,30.41,30.18,30.18,30.17,6822,8068
2025-08-27 16:00:00,0.47,6.86,10.73,10.69,10.64,18.69,12.29,11.19,46.51,46.74,46.15,38.58,39.05,37.99,31.88,32.18,31.6,30.55,30.65,30.43,30.65,30.66,30.64,30.52,30.54,30.52,30.41,30.41,30.41,30.18,30.18,30.17,6851,10227
2025-08-27 15:00:00,0.56,6.9,10.65,10.64,10.65,18.7,12.29,11.19,45.3,46.02,44.67,37.33,37.87,36.8,31.26,31.57,30.99,30.36,30.42,30.3,30.58,30.61,30.56,30.53,30.56,30.52,30.42,30.43,30.41,30.18,30.18,30.18,6849,10215
2025-08-27 14:00:00,0.66,6.94,10.58,10.63,10.66,18.7,12.31,11.19,44.92,45.21,44.25,35.79,36.68,34.66,30.65,30.89,30.42,30.21,30.3,30.18,30.57,30.6,30.56,30.56,30.6,30.54,30.45,30.49,30.42,30.18,30.18,30.18,6849,10211
2025-08-27 13:00:00,0.76,6.84,10.46,10.58,10.65,18.68,12.32,11.2,41.4,43.85,38.81,33.44,34.45,32.55,30.11,30.3,29.9,30.14,30.18,30.1,30.62,30.66,30.58,30.62,30.64,30.61,30.49,30.52,30.46,30.18,30.18,30.18,6849,10294
2025-08-27 12:00:00,0.73,6.82,10.38,10.55,10.66,18.7,12.32,11.21,36.89,38.64,34.79,31.28,32.31,30.35,29.7,29.85,29.55,30.15,30.18,30.11,30.66,30.66,30.64,30.64,30.64,30.63,30.51,30.53,30.5,30.18,30.18,30.18,6849,10467
2025-08-27 11:00:00,0.7,6.65,10.36,10.55,10.67,18.7,12.33,11.2,32.22,34.43,30.51,29.34,30.18,28.41,29.39,29.5,29.33,30.19,30.25,30.17,30.7,30.78,30.66,30.64,30.64,30.64,30.53,30.53,30.52,30.18,30.18,30.18,6849,10404
2025-08-27 10:00:00,0.71,6.51,10.32,10.56,10.66,18.71,12.33,11.2,28.08,30.16,26.11,27.45,28.22,26.87,29.29,29.35,29.26,30.32,30.41,30.27,30.78,30.8,30.77,30.66,30.72,30.64,30.53,30.53,30.52,30.18,30.18,30.18,6842,10506
2025-08-27 09:00:00,0.75,6.39,10.31,10.55,10.66,18.71,12.34,11.2,24.04,25.72,22.73,26.56,26.76,26.44,29.4,29.51,29.35,30.48,30.55,30.41,30.88,30.9,30.8,30.74,30.76,30.72,30.53,30.53,30.53,30.18,30.18,30.18,6838,8777
2025-08-27 08:00:00,0.71,6.32,10.28,10.6,10.68,18.73,12.33,11.19,21.81,22.55,21.46,26.57,26.75,26.43,29.7,29.82,29.59,30.69,30.77,30.61,30.96,31.01,30.9,30.76,30.76,30.76,30.53,30.53,30.53,30.18,30.18,30.18,6591,6874
2025-08-27 07:00:00,0.7,6.29,10.31,10.62,10.69,18.74,12.33,11.19,21.86,22.27,21.51,27.09,27.36,26.85,30.03,30.18,29.88,30.87,30.98,30.77,31.04,31.12,31.01,30.76,30.76,30.76,30.53,30.53,30.52,30.18,30.18,30.17,6506,2198
2025-08-27 06:00:00,0.72,6.33,10.36,10.67,10.69,18.74,12.32,11.18,22.79,23.2,22.38,27.69,27.93,27.46,30.38,30.53,30.2,31.06,31.12,31.01,31.13,31.13,31.12,30.76,30.77,30.76,30.52,30.53,30.52,30.17,30.18,30.12,6517,0
2025-08-27 05:00:00,0.71,6.32,10.45,10.68,10.68,18.74,12.31,11.17,23.37,23.6,23.2,28.27,28.53,28.02,30.74,30.89,30.55,31.23,31.33,31.14,31.19,31.24,31.13,30.77,30.79,30.76,30.5,30.53,30.48,30.12,30.14,30.11,6524,0
2025-08-27 04:00:00,0.67,6.33,10.49,10.71,10.67,18.74,12.3,11.19,24.08,24.39,23.68,28.87,29.12,28.62,31.1,31.25,30.9,31.39,31.48,31.34,31.25,31.25,31.24,30.76,30.78,30.76,30.44,30.48,30.41,30.08,30.09,30.06,6533,0
2025-08-27 03:00:00,0.7,6.37,10.5,10.72,10.68,18.7,12.29,11.19,24.79,25.1,24.49,29.52,29.83,29.23,31.49,31.69,31.33,31.53,31.6,31.48,31.25,31.25,31.25,30.76,30.76,30.76,30.41,30.43,30.41,30.06,30.07,30.06,6542,0
2025-08-27 02:00:00,0.73,6.38,10.53,10.71,10.68,18.68,12.28,11.18,25.52,25.93,25.1,30.26,30.65,29.94,31.87,32.07,31.72,31.65,31.72,31.6,31.25,31.25,31.25,30.76,30.76,30.76,30.41,30.41,30.41,30.06,30.06,30.06,6546,0
2025-08-27 01:00:00,0.7,6.42,10.54,10.77,10.67,18.66,12.29,11.17,26.53,27.01,26.04,31.08,31.48,30.67,32.24,32.43,32.07,31.73,31.77,31.72,31.25,31.25,31.25,30.72,30.76,30.65,30.39,30.41,30.37,30.06,30.06,30.06,6548,0
2025-08-27 00:00:00,0.7,6.38,10.56,10.77,10.67,18.68,12.3,11.17,27.74,28.33,27.11,31.99,32.43,31.6,32.6,32.78,32.43,31.8,31.83,31.75,31.21,31.25,31.15,30.64,30.66,30.64,30.33,30.38,30.29,30.06,30.06,30.06,6533,0
2025-08-26 23:00:00,0.64,6.38,10.57,10.8,10.69,18.66,12.28,11.16,29.09,29.69,28.45,32.85,33.25,32.43,32.91,33.05,32.78,31.8,31.83,31.74,31.13,31.17,31.13,30.63,30.64,30.59,30.29,30.3,30.29,30.06,30.06,30.06,6542,0
2025-08-26 22:00:00,0.6,6.36,10.59,10.79,10.66,18.68,12.27,11.17,30.09,30.44,29.71,33.74,34.2,33.25,33.2,33.34,33.08,31.73,31.76,31.72,31.03,31.11,31.01,30.54,30.59,30.52,30.29,30.29,30.29,30.06,30.06,30.06,6550,0
2025-08-26 21:00:00,0.65,6.38,10.62,10.79,10.64,18.66,12.26,11.16,31.4,32.4,30.56,34.9,35.5,34.32,33.41,33.48,33.36,31.62,31.71,31.57,30.94,31.01,30.9,30.52,30.52,30.52,30.29,30.29,30.29,30.06,30.06,30.06,6595,0
2025-08-26 20:00:00,0.57,6.5,10.67,10.8,10.65,18.64,12.26,11.16,34.01,35.38,32.64,36.19,36.74,35.62,33.43,33.48,33.37,31.42,31.5,31.35,30.82,30.9,30.78,30.47,30.51,30.43,30.29,30.29,30.29,30.06,30.06,30.06,6693,6405
2025-08-26 19:00:00,0.61,6.57,10.7,10.81,10.64,18.62,12.26,11.16,36.82,38.09,35.61,37.38,37.93,36.8,33.24,33.37,33.14,31.19,31.32,31.08,30.71,30.78,30.66,30.41,30.43,30.4,30.29,30.29,30.29,30.06,30.06,30.06,6822,7087
2025-08-26 18:00:00,0.57,6.64,10.73,10.8,10.63,18.61,12.27,11.16,40.1,42.48,38.33,38.53,38.93,38,32.89,33.08,32.66,30.93,31.05,30.77,30.62,30.66,30.56,30.4,30.4,30.4,30.29,30.29,30.29,30.06,30.06,30.06,6838,9060
2025-08-26 17:00:00,0.55,6.73,10.75,10.75,10.62,18.61,12.27,11.17,45.09,46.26,42.96,39,39.05,38.93,32.36,32.66,32.07,30.64,30.77,30.53,30.54,30.54,30.53,30.4,30.4,30.4,30.29,30.29,30.29,30.06,30.06,30.06,6840,9391
2025-08-26 16:00:00,0.5,6.84,10.72,10.7,10.59,18.62,12.29,11.19,46.88,47.31,46.38,38.46,38.83,37.99,31.75,32.06,31.48,30.39,30.53,30.3,30.47,30.53,30.42,30.4,30.4,30.4,30.29,30.3,30.29,30.06,30.06,30.06,6851,9896
2025-08-26 15:00:00,0.56,6.91,10.68,10.66,10.58,18.63,12.3,11.19,46.76,46.97,46.59,37.25,37.87,36.56,31.09,31.39,30.78,30.19,30.3,30.09,30.42,30.43,30.42,30.4,30.4,30.4,30.3,30.32,30.29,30.06,30.07,30.06,6849,9974
2025-08-26 14:00:00,0.66,6.91,10.56,10.63,10.59,18.65,12.3,11.19,45.33,46.3,44.04,35.45,36.41,34.43,30.48,30.77,30.19,30.01,30.06,29.94,30.42,30.42,30.42,30.41,30.42,30.4,30.32,30.36,30.3,30.07,30.09,30.06,6849,9900
2025-08-26 13:00:00,0.74,6.83,10.45,10.63,10.6,18.67,12.31,11.19,42.04,43.78,40.23,33.26,34.23,32.3,29.93,30.18,29.71,29.94,29.95,29.94,30.43,30.45,30.42,30.45,30.51,30.41,30.36,30.4,30.33,30.07,30.1,30.06,6849,10108
2025-08-26 12:00:00,0.75,6.81,10.4,10.61,10.63,18.69,12.29,11.2,37.84,39.91,35.62,31,32.07,29.97,29.48,29.7,29.31,29.94,29.94,29.93,30.51,30.54,30.46,30.51,30.52,30.49,30.4,30.41,30.38,30.08,30.09,30.06,6849,10022
2025-08-26 11:00:00,0.71,6.63,10.4,10.59,10.66,18.7,12.29,11.19,32.81,35.28,31.01,28.94,29.83,28.12,29.17,29.26,29.11,29.98,30.06,29.94,30.54,30.56,30.54,30.52,30.52,30.52,30.41,30.41,30.38,30.06,30.08,30.06,6844,10278
2025-08-26 10:00:00,0.73,6.5,10.38,10.56,10.66,18.7,12.29,11.19,28.44,30.75,26.16,27.18,27.93,26.54,29.04,29.09,29,30.12,30.18,30.06,30.63,30.66,30.56,30.52,30.53,30.52,30.41,30.41,30.41,30.07,30.09,30.06,6844,10301
2025-08-26 09:00:00,0.75,6.47,10.36,10.56,10.67,18.71,12.29,11.19,23.64,25.69,21.78,26.2,26.5,26.04,29.14,29.24,29.09,30.3,30.41,30.18,30.7,30.76,30.66,30.56,30.63,30.54,30.41,30.41,30.41,30.06,30.07,30.06,6838,9695
2025-08-26 08:00:00,0.69,6.39,10.3,10.56,10.66,18.69,12.29,11.18,20.71,21.53,20.37,26.19,26.4,26.04,29.44,29.59,29.26,30.49,30.61,30.41,30.79,30.86,30.78,30.63,30.64,30.62,30.41,30.41,30.41,30.06,30.06,30.06,6588,6870
2025-08-26 07:00:00,0.67,6.28,10.3,10.63,10.65,18.69,12.28,11.18,20.61,20.97,20.37,26.77,27.11,26.49,29.82,29.99,29.65,30.7,30.77,30.65,30.89,30.91,30.84,30.64,30.64,30.64,30.4,30.41,30.39,30.06,30.06,30.06,6506,2178
2025-08-26 06:00:00,0.71,6.29,10.35,10.64,10.68,18.69,12.3,11.17,21.72,22.03,21.13,27.45,27.81,27.13,30.19,30.32,30.06,30.87,30.96,30.78,30.97,31.01,30.91,30.64,30.64,30.64,30.38,30.41,30.36,30.06,30.06,30.06,6517,0
2025-08-26 05:00:00,0.72,6.33,10.41,10.7,10.69,18.69,12.3,11.17,22.93,23.67,22.24,28.14,28.41,27.82,30.54,30.72,30.4,31.06,31.12,31.01,31.01,31.01,31.01,30.64,30.64,30.64,30.33,30.36,30.29,30.05,30.06,30.03,6522,0
2025-08-26 04:00:00,0.67,6.33,10.5,10.74,10.69,18.69,12.29,11.15,24.04,24.36,23.79,28.71,29,28.47,30.88,31.04,30.74,31.2,31.25,31.12,31.06,31.12,31.02,30.64,30.64,30.64,30.29,30.32,30.29,30.03,30.06,30,6533,0
2025-08-26 03:00:00,0.71,6.35,10.5,10.76,10.67,18.67,12.27,11.18,24.76,24.97,24.41,29.24,29.47,29,31.25,31.46,31.11,31.35,31.39,31.29,31.11,31.12,31.1,30.64,30.64,30.63,30.29,30.29,30.29,29.97,30.01,29.94,6537,0
2025-08-26 02:00:00,0.72,6.33,10.52,10.75,10.67,18.68,12.28,11.18,24.83,25.1,24.62,29.86,30.18,29.52,31.66,31.83,31.48,31.48,31.51,31.43,31.11,31.13,31.09,30.57,30.62,30.52,30.29,30.29,30.27,29.94,29.96,29.94,6542,0
2025-08-26 01:00:00,0.78,6.39,10.54,10.76,10.68,18.68,12.29,11.17,25.38,25.51,25.2,30.65,31.09,30.29,32.06,32.27,31.86,31.59,31.6,31.53,31.05,31.1,31.01,30.52,30.52,30.52,30.22,30.27,30.18,29.94,29.95,29.94,6546,0
2025-08-26 00:00:00,0.7,6.35,10.57,10.78,10.66,18.65,12.28,11.16,26.66,27.34,25.69,31.58,31.98,31.13,32.47,32.66,32.31,31.61,31.63,31.6,31.01,31.02,31.01,30.47,30.52,30.41,30.18,30.18,30.18,29.94,29.94,29.94,6530,0
2025-08-25 23:00:00,0.71,6.35,10.57,10.8,10.64,18.6,12.26,11.16,27.89,28.41,27.46,32.53,33.02,32.07,32.83,33.02,32.66,31.61,31.63,31.6,30.93,31.01,30.9,30.4,30.42,30.4,30.18,30.18,30.18,29.94,29.94,29.94,6542,0
2025-08-25 22:00:00,0.62,6.32,10.6,10.8,10.65,18.6,12.23,11.16,29.22,29.94,28.53,33.63,34.2,33.11,33.15,33.28,33.02,31.57,31.6,31.48,30.82,30.9,30.78,30.36,30.4,30.3,30.17,30.18,30.16,29.94,29.94,29.94,6550,0
2025-08-25 21:00:00,0.64,6.36,10.64,10.82,10.65,18.59,12.23,11.16,31.05,32.18,30.07,34.97,35.62,34.32,33.38,33.46,33.31,31.42,31.48,31.36,30.69,30.77,30.65,30.29,30.29,30.29,30.14,30.17,30.1,29.94,29.94,29.94,6588,0
2025-08-25 20:00:00,0.58,6.48,10.7,10.82,10.62,18.59,12.22,11.16,33.78,35.15,32.43,36.39,37.04,35.74,33.43,33.48,33.37,31.2,31.35,31.12,30.56,30.64,30.52,30.28,30.29,30.25,30.13,30.15,30.12,29.94,29.94,29.94,6688,6803
2025-08-25 19:00:00,0.6,6.54,10.72,10.81,10.58,18.6,12.22,11.16,36.83,38.34,35.38,37.84,38.58,37.16,33.23,33.37,33.11,30.92,31.04,30.77,30.43,30.49,30.41,30.21,30.24,30.18,30.13,30.15,30.09,29.94,29.95,29.94,6778,7039
2025-08-25 18:00:00,0.54,6.62,10.76,10.76,10.58,18.58,12.23,11.18,41.61,46.62,38.58,39.5,40,38.75,32.81,33.02,32.54,30.62,30.77,30.45,30.31,30.39,30.3,30.17,30.2,30.17,30.15,30.17,30.13,29.95,29.97,29.94,6822,7378
2025-08-25 17:00:00,0.48,6.8,10.78,10.71,10.58,18.58,12.24,11.17,50.25,50.76,48.27,39.76,40,39.4,32.12,32.43,31.8,30.28,30.41,30.16,30.22,30.3,30.19,30.17,30.17,30.17,30.16,30.18,30.14,29.97,29.99,29.96,6838,7942
2025-08-25 16:00:00,0.5,6.87,10.72,10.68,10.54,18.59,12.26,11.16,48.97,50.52,46.85,38.75,39.29,38.27,31.4,31.72,31.1,29.96,30.09,29.82,30.16,30.19,30.09,30.17,30.17,30.17,30.18,30.18,30.17,30,30.03,29.99,6851,9900
2025-08-25 15:00:00,0.55,6.96,10.66,10.63,10.56,18.6,12.27,11.16,47.68,48.47,46.5,37.7,38.22,36.91,30.65,31.01,30.3,29.74,29.82,29.67,30.09,30.11,30.07,30.17,30.18,30.17,30.18,30.18,30.18,30.03,30.05,30,6851,10128
2025-08-25 14:00:00,0.66,7,10.49,10.66,10.58,18.62,12.29,11.16,47.53,48.27,46.26,35.46,36.71,33.96,29.89,30.2,29.59,29.57,29.61,29.5,30.07,30.08,30.07,30.17,30.2,30.17,30.18,30.18,30.18,30.05,30.06,30.04,6851,10108
2025-08-25 13:00:00,0.79,6.91,10.46,10.62,10.57,18.65,12.3,11.16,43.24,45.83,40,32.26,33.71,30.89,29.23,29.49,29,29.47,29.49,29.47,30.07,30.09,30.07,30.19,30.21,30.18,30.18,30.19,30.18,30.06,30.06,30.05,6849,10234
2025-08-25 12:00:00,0.78,6.75,10.38,10.59,10.57,18.67,12.3,11.17,35.71,39.29,31.36,29.34,30.57,28.38,28.82,29,28.71,29.47,29.49,29.47,30.13,30.19,30.08,30.24,30.27,30.21,30.19,30.21,30.18,30.06,30.06,30.06,6847,10337
2025-08-25 11:00:00,0.71,6.59,10.34,10.57,10.61,18.65,12.3,11.18,30.01,30.89,28.29,27.64,28.29,26.99,28.61,28.66,28.55,29.58,29.59,29.53,30.19,30.22,30.19,30.29,30.29,30.28,30.23,30.26,30.21,30.06,30.06,30.06,6842,10392
2025-08-25 10:00:00,0.77,6.5,10.33,10.56,10.61,18.66,12.31,11.18,26.59,27.72,24.5,26.39,26.87,25.89,28.54,28.58,28.52,29.67,29.74,29.59,30.28,30.3,30.19,30.29,30.29,30.29,30.26,30.28,30.23,30.06,30.06,30.06,6840,9793
2025-08-25 09:00:00,0.76,6.42,10.3,10.53,10.61,18.67,12.3,11.17,22.21,23.68,21.08,25.74,25.81,25.69,28.68,28.77,28.6,29.85,29.94,29.76,30.33,30.41,30.3,30.31,30.35,30.29,30.28,30.29,30.26,30.06,30.06,30.06,6838,7146
2025-08-25 08:00:00,0.71,6.38,10.33,10.53,10.6,18.67,12.3,11.17,20.54,20.96,20.24,25.92,26.1,25.72,28.96,29.11,28.8,30.03,30.12,29.94,30.43,30.45,30.42,30.39,30.4,30.37,30.28,30.29,30.27,30.06,30.06,30.05,6550,6831
2025-08-25 07:00:00,0.68,6.33,10.31,10.55,10.63,18.65,12.3,11.17,20.74,20.96,20.6,26.37,26.63,26.16,29.27,29.46,29.11,30.23,30.3,30.16,30.52,30.54,30.47,30.4,30.4,30.4,30.28,30.29,30.27,30.06,30.06,30.04,6502,1540
2025-08-25 06:00:00,0.71,6.28,10.3,10.59,10.66,18.66,12.3,11.16,21.71,22.04,21.08,26.95,27.2,26.73,29.62,29.79,29.47,30.38,30.43,30.3,30.57,30.62,30.54,30.4,30.4,30.4,30.27,30.29,30.25,30.04,30.06,30.03,6506,0
2025-08-25 05:00:00,0.73,6.3,10.33,10.62,10.66,18.65,12.3,11.16,22.58,23.06,22.14,27.51,27.82,27.22,29.94,30.06,29.82,30.52,30.61,30.44,30.65,30.66,30.64,30.4,30.4,30.4,30.25,30.27,30.21,30.02,30.05,30,6522,0
2025-08-25 04:00:00,0.75,6.31,10.38,10.66,10.67,18.65,12.29,11.18,23.28,23.56,23.09,28.14,28.44,27.82,30.27,30.42,30.15,30.67,30.77,30.64,30.66,30.67,30.66,30.4,30.4,30.4,30.2,30.22,30.18,29.99,30.02,29.97,6528,0
2025-08-25 03:00:00,0.7,6.31,10.44,10.68,10.66,18.63,12.29,11.19,24.32,25.12,23.68,28.83,29.12,28.53,30.57,30.69,30.42,30.79,30.87,30.75,30.69,30.73,30.67,30.4,30.4,30.4,30.18,30.19,30.18,29.96,29.98,29.95,6537,0
2025-08-25 02:00:00,0.74,6.38,10.52,10.71,10.64,18.62,12.27,11.18,25.8,26.07,25.32,29.32,29.47,29.12,30.87,31.01,30.76,30.89,30.92,30.88,30.69,30.72,30.67,30.39,30.4,30.37,30.18,30.18,30.18,29.95,29.97,29.94,6546,0
2025-08-25 01:00:00,0.77,6.31,10.52,10.75,10.67,18.63,12.26,11.18,25.69,26.1,25.33,29.72,29.95,29.49,31.19,31.36,31.01,30.99,31.01,30.93,30.67,30.69,30.66,30.32,30.37,30.29,30.18,30.18,30.17,29.94,29.96,29.94,6546,0
2025-08-25 00:00:00,0.81,6.36,10.54,10.78,10.65,18.6,12.23,11.17,25.34,25.47,25.3,30.36,30.77,30.03,31.56,31.72,31.36,31.03,31.07,31.01,30.66,30.66,30.66,30.29,30.29,30.29,30.15,30.18,30.13,29.94,29.95,29.94,6530,0
2025-08-24 23:00:00,0.7,6.35,10.57,10.77,10.64,18.62,12.23,11.18,26.25,27.11,25.57,31.29,31.72,30.86,31.91,32.07,31.72,31.04,31.08,31.01,30.57,30.66,30.54,30.26,30.29,30.22,30.11,30.16,30.09,29.94,29.96,29.94,6542,0
2025-08-24 22:00:00,0.7,6.34,10.6,10.81,10.61,18.6,12.24,11.18,27.56,28.05,27.22,32.33,32.9,31.84,32.21,32.31,32.07,31.01,31.01,30.97,30.5,30.54,30.42,30.18,30.21,30.17,30.07,30.09,30.07,29.96,29.97,29.95,6550,0
2025-08-24 21:00:00,0.63,6.33,10.66,10.77,10.59,18.57,12.24,11.18,29.63,31.1,28.29,33.64,34.2,33.02,32.4,32.43,32.31,30.88,30.95,30.78,30.38,30.42,30.3,30.16,30.17,30.16,30.07,30.09,30.06,29.97,30,29.95,6624,0
2025-08-24 20:00:00,0.62,6.39,10.71,10.76,10.58,18.57,12.24,11.16,32.65,33.59,31.46,34.78,35.27,34.32,32.43,32.43,32.4,30.69,30.77,30.57,30.27,30.3,30.19,30.11,30.16,30.05,30.07,30.1,30.06,30.02,30.06,29.99,6742,6913
2025-08-24 19:00:00,0.57,6.5,10.71,10.71,10.55,18.6,12.22,11.15,34.58,35.91,33.84,35.84,36.37,35.36,32.27,32.37,32.18,30.44,30.53,30.3,30.15,30.19,30.08,30.07,30.11,30.05,30.1,30.14,30.07,30.06,30.06,30.05,6813,7071
2025-08-24 18:00:00,0.62,6.57,10.73,10.68,10.54,18.6,12.23,11.16,37.27,38.22,36.43,36.85,37.33,36.45,31.98,32.16,31.82,30.16,30.3,30,30.06,30.07,29.99,30.05,30.06,30.05,30.16,30.18,30.14,30.06,30.06,30.06,6822,8016
2025-08-24 17:00:00,0.6,6.68,10.73,10.66,10.58,18.6,12.26,11.17,41.07,42.72,38.58,37.59,37.73,37.39,31.48,31.72,31.24,29.83,29.95,29.7,29.95,29.98,29.95,30.06,30.1,30.05,30.18,30.18,30.18,30.06,30.06,30.06,6838,8422
2025-08-24 16:00:00,0.55,6.78,10.71,10.66,10.56,18.59,12.27,11.18,43.22,46.5,40.84,37.88,37.99,37.7,30.84,31.14,30.52,29.57,29.7,29.47,29.91,29.95,29.88,30.1,30.13,30.08,30.18,30.18,30.18,30.06,30.07,30.06,6842,9821
2025-08-24 15:00:00,0.55,6.88,10.56,10.67,10.56,18.58,12.29,11.18,46.61,47.22,45.91,37.04,37.62,36.33,30.03,30.42,29.66,29.32,29.46,29.23,29.85,29.87,29.83,30.15,30.17,30.12,30.19,30.22,30.18,30.08,30.11,30.06,6849,9974
2025-08-24 14:00:00,0.64,6.93,10.51,10.69,10.56,18.6,12.3,11.16,47.24,47.7,46.15,34.53,36.12,32.66,29.2,29.59,28.88,29.14,29.23,29.11,29.84,29.86,29.83,30.17,30.17,30.17,30.25,30.29,30.2,30.11,30.14,30.09,6849,10037
2025-08-24 13:00:00,0.8,6.79,10.42,10.63,10.58,18.63,12.27,11.17,40.29,45.15,36.32,30.88,32.31,29.71,28.54,28.79,28.29,29.05,29.09,29.03,29.9,29.95,29.86,30.17,30.18,30.17,30.29,30.29,30.29,30.16,30.18,30.14,6849,10187
2025-08-24 12:00:00,0.69,6.6,10.36,10.6,10.6,18.67,12.28,11.18,33.37,35.62,32.66,28.58,29.47,27.7,28.1,28.29,27.93,29.1,29.11,29.05,29.96,30.01,29.95,30.23,30.28,30.18,30.29,30.29,30.29,30.17,30.18,30.16,6849,10368
2025-08-24 11:00:00,0.73,6.5,10.3,10.62,10.58,18.65,12.29,11.18,29.48,32.07,28.76,26.9,27.55,26.23,27.81,27.93,27.7,29.16,29.23,29.11,30.07,30.08,30.05,30.29,30.29,30.29,30.29,30.31,30.29,30.18,30.18,30.18,6844,10325
2025-08-24 10:00:00,0.75,6.46,10.27,10.58,10.6,18.67,12.3,11.19,27.11,28.87,25.33,25.14,26.03,24.27,27.64,27.7,27.58,29.28,29.35,29.23,30.16,30.19,30.1,30.32,30.39,30.29,30.32,30.36,30.31,30.18,30.18,30.17,6838,9277
2025-08-24 09:00:00,0.76,6.26,10.24,10.53,10.61,18.67,12.3,11.18,21.24,24.74,18.07,23.58,24.14,23.32,27.65,27.78,27.58,29.47,29.59,29.35,30.25,30.3,30.19,30.4,30.4,30.39,30.37,30.38,30.34,30.18,30.18,30.18,6840,10199
2025-08-24 08:00:00,0.67,6.15,10.23,10.49,10.6,18.68,12.29,11.18,16.76,17.76,16.23,23.47,23.68,23.32,27.97,28.17,27.81,29.73,29.82,29.6,30.37,30.42,30.3,30.41,30.45,30.4,30.4,30.41,30.38,30.18,30.18,30.17,6591,6882
2025-08-24 07:00:00,0.65,6.12,10.23,10.51,10.63,18.69,12.28,11.18,16.59,16.94,16.29,24.09,24.39,23.79,28.39,28.58,28.17,29.96,30.07,29.82,30.51,30.54,30.42,30.5,30.52,30.47,30.4,30.41,30.39,30.17,30.18,30.17,6493,5684
2025-08-24 06:00:00,0.7,6.19,10.28,10.55,10.65,18.69,12.28,11.18,17.39,17.87,17.02,24.85,25.21,24.5,28.81,29,28.64,30.22,30.3,30.08,30.62,30.66,30.54,30.52,30.52,30.52,30.4,30.41,30.39,30.17,30.17,30.15,6502,0
2025-08-24 05:00:00,0.72,6.21,10.31,10.59,10.65,18.7,12.29,11.16,18.81,19.78,18,25.67,26.04,25.3,29.22,29.36,29.02,30.42,30.53,30.3,30.71,30.78,30.66,30.52,30.53,30.52,30.39,30.41,30.38,30.15,30.17,30.14,6517,0
2025-08-24 04:00:00,0.69,6.25,10.29,10.65,10.66,18.7,12.29,11.15,20.88,21.25,20.01,26.28,26.46,26.09,29.6,29.82,29.42,30.62,30.72,30.53,30.78,30.79,30.78,30.52,30.53,30.52,30.35,30.38,30.32,30.11,30.14,30.09,6528,0
2025-08-24 03:00:00,0.68,6.16,10.31,10.67,10.66,18.69,12.28,11.17,21.02,21.19,20.94,26.69,26.91,26.51,30.01,30.19,29.82,30.82,30.89,30.77,30.84,30.89,30.8,30.52,30.52,30.52,30.3,30.32,30.29,30.08,30.11,30.07,6535,0
2025-08-24 02:00:00,0.67,6.14,10.38,10.72,10.63,18.68,12.26,11.18,21.32,21.67,20.84,27.21,27.45,26.98,30.47,30.7,30.29,31.01,31.12,30.9,30.9,30.9,30.89,30.52,30.52,30.52,30.29,30.29,30.29,30.07,30.08,30.06,6539,0
2025-08-24 01:00:00,0.68,6.13,10.46,10.75,10.63,18.66,12.26,11.17,20.61,21.44,20.02,27.83,28.29,27.46,31,31.24,30.77,31.17,31.24,31.12,30.89,30.9,30.88,30.48,30.52,30.43,30.29,30.29,30.29,30.06,30.08,30.06,6539,0
2025-08-24 00:00:00,0.65,6.14,10.49,10.77,10.66,18.62,12.28,11.17,21,21.64,20.37,28.98,29.59,28.41,31.56,31.83,31.28,31.29,31.36,31.24,30.84,30.89,30.78,30.4,30.42,30.4,30.27,30.29,30.26,30.06,30.07,30.06,6519,0
2025-08-23 23:00:00,0.69,6.21,10.53,10.82,10.65,18.6,12.28,11.17,22.46,23.31,21.67,30.35,30.99,29.71,32.08,32.31,31.83,31.36,31.36,31.36,30.78,30.79,30.77,30.39,30.4,30.37,30.22,30.26,30.18,30.06,30.07,30.06,6533,0
2025-08-23 22:00:00,0.68,6.21,10.57,10.8,10.64,18.6,12.27,11.17,24.42,25.57,23.44,31.84,32.59,31.13,32.55,32.74,32.34,31.33,31.36,31.27,30.68,30.74,30.66,30.3,30.34,30.29,30.18,30.2,30.18,30.06,30.08,30.06,6550,0
2025-08-23 21:00:00,0.68,6.21,10.59,10.81,10.61,18.59,12.27,11.17,27.56,29.46,25.81,33.49,34.18,32.75,32.89,33.02,32.78,31.2,31.24,31.12,30.56,30.64,30.51,30.29,30.29,30.27,30.18,30.18,30.18,30.08,30.11,30.06,6595,0
2025-08-23 20:00:00,0.63,6.28,10.65,10.82,10.58,18.59,12.27,11.14,30.96,31.6,29.81,34.92,35.62,34.32,33.03,33.07,33.02,30.98,31.12,30.89,30.4,30.47,30.3,30.21,30.26,30.17,30.18,30.18,30.18,30.12,30.15,30.09,6684,6886
2025-08-23 19:00:00,0.62,6.38,10.71,10.77,10.57,18.57,12.27,11.14,32.34,33.49,31.48,36.66,37.7,35.74,33,33.05,32.9,30.7,30.88,30.53,30.27,30.3,30.19,30.17,30.18,30.17,30.18,30.2,30.18,30.16,30.18,30.14,6766,7016
2025-08-23 18:00:00,0.53,6.47,10.75,10.71,10.54,18.57,12.28,11.16,37.15,42.97,33.83,38.97,39.81,37.87,32.64,32.89,32.31,30.39,30.53,30.2,30.17,30.2,30.1,30.17,30.17,30.17,30.23,30.28,30.19,30.18,30.18,30.17,6784,7047
2025-08-23 17:00:00,0.45,6.66,10.79,10.7,10.54,18.57,12.27,11.17,47.49,48.75,44.96,39.75,39.87,39.64,31.92,32.25,31.6,29.99,30.18,29.82,30.06,30.08,30.01,30.17,30.17,30.17,30.28,30.29,30.26,30.18,30.18,30.18,6838,7095
2025-08-23 16:00:00,0.46,6.76,10.75,10.71,10.57,18.59,12.26,11.18,48.46,49.22,47.62,39.26,39.64,38.81,31.16,31.52,30.79,29.65,29.82,29.49,29.95,29.99,29.95,30.17,30.17,30.17,30.29,30.29,30.29,30.18,30.2,30.18,6849,10112
2025-08-23 15:00:00,0.51,6.86,10.62,10.68,10.56,18.61,12.27,11.17,48.03,48.27,47.68,38.12,38.7,37.39,30.34,30.76,29.94,29.37,29.47,29.23,29.92,29.95,29.89,30.18,30.2,30.17,30.29,30.29,30.29,30.22,30.26,30.19,6849,10152
2025-08-23 14:00:00,0.69,6.91,10.53,10.7,10.57,18.64,12.29,11.18,47.97,48.47,46.85,35.75,37.16,34.2,29.5,29.86,29.11,29.14,29.23,29.1,29.9,29.93,29.88,30.24,30.28,30.18,30.34,30.39,30.3,30.27,30.3,30.25,6851,10069
2025-08-23 13:00:00,0.81,6.81,10.47,10.64,10.59,18.63,12.29,11.19,43.47,46.26,40.71,32.71,33.96,31.47,28.74,29.09,28.41,29.01,29.08,29,29.95,29.95,29.93,30.29,30.29,30.28,30.4,30.41,30.37,30.3,30.3,30.29,6849,10112
2025-08-23 12:00:00,0.76,6.69,10.37,10.62,10.59,18.65,12.29,11.2,38.46,40.34,36.09,29.91,31.17,28.76,28.11,28.41,27.81,29,29,29,29.98,30.06,29.95,30.29,30.31,30.29,30.41,30.41,30.41,30.3,30.3,30.3,6849,10230
2025-08-23 11:00:00,0.71,6.57,10.3,10.61,10.58,18.67,12.29,11.2,33.16,35.55,30.89,27.33,28.55,25.92,27.55,27.81,27.34,29.02,29.1,29,30.07,30.08,30.06,30.38,30.4,30.32,30.42,30.45,30.41,30.3,30.3,30.3,6849,10278
2025-08-23 10:00:00,0.71,6.41,10.25,10.58,10.59,18.67,12.3,11.2,27.42,30.42,24.03,24.26,25.57,23.2,27.22,27.34,27.12,29.15,29.23,29.11,30.17,30.19,30.08,30.4,30.42,30.4,30.46,30.49,30.43,30.3,30.31,30.3,6842,10282
2025-08-23 09:00:00,0.75,6.17,10.22,10.5,10.6,18.69,12.3,11.2,19.74,23.44,16.7,22.54,23.09,22.26,27.21,27.34,27.12,29.36,29.47,29.23,30.28,30.31,30.19,30.47,30.52,30.42,30.52,30.53,30.51,30.3,30.3,30.3,6838,9829
2025-08-23 08:00:00,0.67,6.08,10.19,10.47,10.6,18.7,12.31,11.2,15.23,16.36,14.62,22.36,22.56,22.26,27.53,27.77,27.34,29.65,29.82,29.51,30.42,30.5,30.35,30.52,30.54,30.52,30.53,30.53,30.52,30.3,30.3,30.3,6588,6874
2025-08-23 07:00:00,0.67,6.03,10.19,10.49,10.65,18.71,12.31,11.2,14.72,14.93,14.57,22.89,23.2,22.61,28.02,28.28,27.81,29.93,30.06,29.82,30.57,30.65,30.54,30.59,30.63,30.54,30.53,30.53,30.53,30.3,30.31,30.3,6484,6181
2025-08-23 06:00:00,0.66,6.07,10.22,10.53,10.66,18.69,12.31,11.19,15.25,15.56,14.95,23.58,23.91,23.26,28.52,28.76,28.29,30.22,30.3,30.08,30.68,30.77,30.66,30.64,30.64,30.63,30.53,30.53,30.53,30.3,30.3,30.3,6493,0
2025-08-23 05:00:00,0.62,6.08,10.26,10.57,10.66,18.7,12.31,11.19,15.94,16.24,15.64,24.37,24.74,24.03,29.04,29.28,28.77,30.47,30.58,30.38,30.78,30.8,30.76,30.64,30.64,30.64,30.53,30.53,30.53,30.3,30.31,30.3,6506,0
2025-08-23 04:00:00,0.61,6.13,10.25,10.64,10.64,18.7,12.3,11.19,16.72,17.14,16.34,25.25,25.69,24.84,29.6,29.82,29.35,30.71,30.78,30.64,30.89,30.9,30.83,30.64,30.64,30.64,30.52,30.53,30.51,30.3,30.3,30.28,6519,0
2025-08-23 03:00:00,0.66,6.11,10.3,10.68,10.65,18.69,12.29,11.19,17.74,18.45,17.17,26.3,26.83,25.81,30.14,30.42,29.91,30.93,31.01,30.84,30.92,30.98,30.9,30.64,30.65,30.64,30.5,30.53,30.45,30.3,30.3,30.29,6524,0
2025-08-23 02:00:00,0.69,6.11,10.41,10.73,10.65,18.68,12.28,11.18,19.48,20.37,18.59,27.42,27.93,26.91,30.66,30.89,30.42,31.1,31.2,31.01,30.99,31.01,30.98,30.64,30.64,30.64,30.44,30.47,30.41,30.28,30.3,30.28,6542,0
2025-08-23 01:00:00,0.65,6.12,10.48,10.76,10.65,18.66,12.28,11.17,21.36,22.04,20.6,28.52,29,28.05,31.16,31.36,30.9,31.25,31.32,31.21,31.01,31.01,30.98,30.63,30.64,30.61,30.41,30.43,30.41,30.28,30.3,30.28,6546,0
2025-08-23 00:00:00,0.66,6.19,10.51,10.82,10.64,18.68,12.27,11.16,23.6,24.27,22.28,29.55,29.95,29.12,31.64,31.83,31.44,31.35,31.36,31.33,30.93,30.98,30.9,30.56,30.63,30.52,30.41,30.41,30.41,30.28,30.3,30.27,6524,0
2025-08-22 23:00:00,0.62,6.24,10.53,10.83,10.63,18.66,12.26,11.17,24.14,24.45,23.78,30.58,31.13,30.06,32.11,32.31,31.89,31.36,31.37,31.36,30.88,30.9,30.81,30.52,30.52,30.51,30.41,30.41,30.4,30.29,30.3,30.28,6537,0
2025-08-22 22:00:00,0.65,6.21,10.57,10.83,10.64,18.63,12.27,11.17,25,26.52,24.12,32.01,32.78,31.25,32.55,32.74,32.37,31.36,31.36,31.35,30.77,30.79,30.73,30.45,30.51,30.41,30.4,30.41,30.38,30.29,30.3,30.28,6550,0
2025-08-22 21:00:00,0.62,6.23,10.6,10.83,10.63,18.59,12.27,11.17,28.61,30.2,26.87,33.59,34.27,32.9,32.84,32.91,32.75,31.23,31.34,31.14,30.66,30.72,30.61,30.4,30.4,30.4,30.38,30.41,30.38,30.3,30.3,30.3,6591,0
2025-08-22 20:00:00,0.61,6.29,10.64,10.83,10.6,18.59,12.27,11.18,31.85,32.55,30.57,34.97,35.62,34.37,32.96,32.99,32.91,31.01,31.12,30.89,30.52,30.6,30.44,30.39,30.4,30.38,30.4,30.41,30.38,30.3,30.31,30.29,6713,6906
2025-08-22 19:00:00,0.56,6.41,10.69,10.8,10.56,18.6,12.26,11.19,33.56,34.56,32.75,36.57,37.49,35.74,32.87,32.95,32.78,30.75,30.89,30.65,30.39,30.43,30.31,30.35,30.37,30.32,30.41,30.41,30.41,30.31,30.34,30.3,6791,7051
2025-08-22 18:00:00,0.54,6.52,10.76,10.75,10.57,18.61,12.27,11.2,37.87,43.07,34.82,38.62,39.31,37.65,32.5,32.75,32.18,30.43,30.58,30.3,30.28,30.3,30.22,30.32,30.34,30.3,30.41,30.41,30.41,30.37,30.42,30.32,6838,7102
2025-08-22 17:00:00,0.42,6.69,10.78,10.74,10.54,18.61,12.28,11.21,46.89,47.68,44.85,39.22,39.34,39.05,31.84,32.18,31.52,30.08,30.29,29.93,30.19,30.21,30.17,30.32,30.35,30.3,30.41,30.43,30.41,30.41,30.42,30.4,6822,7441
2025-08-22 16:00:00,0.44,6.79,10.74,10.72,10.54,18.62,12.29,11.22,47.69,48.36,46.74,38.62,39.04,38.18,31.11,31.48,30.77,29.74,29.9,29.59,30.1,30.17,30.07,30.33,30.37,30.31,30.45,30.52,30.42,30.42,30.42,30.42,6851,10097
2025-08-22 15:00:00,0.52,6.88,10.58,10.7,10.55,18.62,12.3,11.22,46.86,47.24,46.62,37.48,38.09,36.68,30.32,30.69,29.94,29.48,29.59,29.35,30.07,30.07,30.07,30.38,30.4,30.35,30.52,30.53,30.51,30.43,30.46,30.42,6849,10167
2025-08-22 14:00:00,0.65,6.91,10.5,10.71,10.55,18.62,12.32,11.24,46.48,46.99,45.2,35.06,36.45,33.58,29.51,29.82,29.14,29.28,29.35,29.23,30.07,30.07,30.06,30.4,30.4,30.4,30.53,30.53,30.53,30.44,30.47,30.43,6849,10223
2025-08-22 13:00:00,0.79,6.82,10.46,10.7,10.57,18.66,12.33,11.2,42.05,44.73,39.46,32.11,33.25,31.01,28.8,29.11,28.52,29.15,29.22,29.11,30.07,30.08,30.07,30.4,30.43,30.4,30.54,30.55,30.53,30.51,30.53,30.48,6849,10203
2025-08-22 12:00:00,0.76,6.71,10.37,10.67,10.58,18.68,12.34,11.18,37.2,39.05,35.03,29.56,30.77,28.41,28.22,28.46,27.93,29.11,29.11,29.11,30.14,30.19,30.08,30.44,30.52,30.4,30.6,30.65,30.56,30.53,30.54,30.52,6849,10266
2025-08-22 11:00:00,0.71,6.57,10.3,10.66,10.61,18.7,12.33,11.19,31.64,34.3,29.38,27.16,28.27,25.93,27.73,27.93,27.58,29.18,29.23,29.14,30.2,30.23,30.19,30.52,30.52,30.52,30.64,30.65,30.63,30.54,30.54,30.54,6847,10282
2025-08-22 10:00:00,0.74,6.42,10.28,10.59,10.6,18.72,12.34,11.2,26.47,29.01,23.79,24.59,25.69,23.68,27.47,27.53,27.45,29.3,29.36,29.23,30.29,30.3,30.22,30.56,30.62,30.52,30.65,30.65,30.65,30.54,30.54,30.54,6847,10345
2025-08-22 09:00:00,0.77,6.23,10.23,10.55,10.6,18.7,12.35,11.19,20.15,23.32,17.4,23.11,23.56,22.85,27.49,27.58,27.45,29.51,29.59,29.39,30.4,30.42,30.32,30.64,30.64,30.62,30.65,30.66,30.65,30.54,30.54,30.54,6838,10045
2025-08-22 08:00:00,0.67,6.11,10.2,10.51,10.64,18.71,12.34,11.2,16,17.04,15.42,22.98,23.2,22.85,27.82,28.05,27.61,29.76,29.87,29.65,30.53,30.58,30.44,30.67,30.74,30.64,30.67,30.72,30.66,30.54,30.54,30.54,6588,6878
2025-08-22 07:00:00,0.67,6.12,10.21,10.52,10.65,18.72,12.32,11.2,15.67,15.98,15.49,23.58,23.91,23.28,28.27,28.51,28.05,30.02,30.15,29.93,30.65,30.67,30.59,30.75,30.76,30.73,30.72,30.75,30.69,30.54,30.54,30.54,6484,5980
2025-08-22 06:00:00,0.64,6.11,10.24,10.56,10.65,18.73,12.32,11.2,16.33,16.69,15.99,24.34,24.74,23.99,28.73,28.95,28.52,30.26,30.4,30.18,30.77,30.78,30.72,30.76,30.76,30.76,30.75,30.76,30.73,30.54,30.54,30.54,6493,0
2025-08-22 05:00:00,0.68,6.17,10.28,10.61,10.65,18.74,12.32,11.19,17.35,18.02,16.7,25.21,25.64,24.76,29.18,29.35,29,30.47,30.55,30.41,30.86,30.9,30.8,30.78,30.81,30.76,30.75,30.77,30.73,30.54,30.54,30.54,6502,0
2025-08-22 04:00:00,0.7,6.19,10.27,10.67,10.65,18.74,12.32,11.19,19.14,20.01,18.24,26.11,26.47,25.69,29.63,29.82,29.45,30.67,30.77,30.59,30.93,31.01,30.9,30.82,30.86,30.81,30.74,30.76,30.72,30.54,30.54,30.54,6517,0
2025-08-22 03:00:00,0.66,6.15,10.31,10.7,10.66,18.74,12.31,11.19,20.44,20.84,20.12,26.86,27.22,26.51,30.03,30.23,29.82,30.84,30.89,30.77,31.01,31.01,31.01,30.84,30.86,30.81,30.73,30.76,30.72,30.54,30.54,30.54,6533,0
2025-08-22 02:00:00,0.68,6.18,10.38,10.76,10.67,18.73,12.33,11.19,21.68,22.42,20.92,27.65,28.03,27.27,30.47,30.65,30.3,31.01,31.09,30.92,31.01,31.02,31.01,30.82,30.84,30.79,30.69,30.72,30.66,30.54,30.54,30.54,6542,0
2025-08-22 01:00:00,0.71,6.19,10.47,10.8,10.67,18.72,12.34,11.19,22.99,23.42,22.52,28.4,28.76,28.05,30.87,31.07,30.66,31.13,31.17,31.11,31.01,31.03,31.01,30.77,30.81,30.76,30.66,30.68,30.65,30.54,30.54,30.54,6550,0
2025-08-22 00:00:00,0.67,6.22,10.5,10.81,10.66,18.68,12.33,11.19,23.85,24.27,23.45,29.21,29.6,28.85,31.3,31.48,31.13,31.23,31.24,31.18,31.01,31.01,31.01,30.76,30.76,30.76,30.65,30.66,30.65,30.54,30.54,30.54,6535,0
2025-08-21 23:00:00,0.71,6.23,10.52,10.83,10.64,18.66,12.33,11.2,24.96,25.18,24.5,30.11,30.54,29.71,31.7,31.88,31.53,31.24,31.26,31.24,30.98,31.01,30.9,30.75,30.76,30.74,30.65,30.66,30.65,30.55,30.57,30.54,6533,0
2025-08-21 22:00:00,0.71,6.28,10.55,10.83,10.63,18.66,12.33,11.2,25.11,25.81,24.74,31.2,31.84,30.65,32.1,32.29,31.95,31.24,31.24,31.23,30.9,30.9,30.88,30.7,30.76,30.66,30.65,30.65,30.65,30.58,30.62,30.56,6550,0
2025-08-21 21:00:00,0.66,6.25,10.61,10.84,10.65,18.68,12.33,11.21,27.29,28.88,26.04,32.68,33.37,31.96,32.38,32.46,32.31,31.15,31.24,31.09,30.79,30.85,30.77,30.65,30.68,30.64,30.65,30.66,30.65,30.63,30.65,30.61,6626,0
2025-08-21 20:00:00,0.62,6.3,10.65,10.84,10.64,18.67,12.33,11.22,30.74,31.6,29.34,34.06,34.66,33.49,32.48,32.5,32.46,30.95,31.04,30.89,30.69,30.77,30.66,30.64,30.64,30.64,30.67,30.69,30.65,30.65,30.65,30.65,6749,6957
2025-08-21 19:00:00,0.6,6.39,10.7,10.81,10.61,18.67,12.32,11.24,32.8,33.84,31.84,35.49,36.21,34.79,32.38,32.46,32.31,30.73,30.84,30.63,30.59,30.66,30.54,30.64,30.64,30.64,30.73,30.77,30.69,30.65,30.65,30.65,6842,7102
2025-08-21 18:00:00,0.55,6.55,10.73,10.76,10.59,18.67,12.32,11.25,36.53,40.47,34.08,37.17,37.75,36.45,32.09,32.31,31.84,30.46,30.58,30.32,30.52,30.54,30.47,30.64,30.64,30.64,30.77,30.77,30.76,30.66,30.68,30.65,6838,9017
2025-08-21 17:00:00,0.53,6.74,10.72,10.74,10.58,18.69,12.33,11.23,43.46,44.28,41.78,37.74,37.75,37.68,31.52,31.83,31.24,30.15,30.3,30.02,30.43,30.47,30.42,30.64,30.64,30.64,30.77,30.78,30.77,30.71,30.75,30.67,6838,8789
2025-08-21 16:00:00,0.44,6.78,10.67,10.73,10.57,18.7,12.35,11.22,45.19,45.67,44.84,37.3,37.63,36.8,30.83,31.14,30.51,29.86,29.95,29.72,30.41,30.42,30.39,30.67,30.72,30.64,30.8,30.86,30.77,30.77,30.77,30.76,6849,10175
2025-08-21 15:00:00,0.56,6.85,10.52,10.73,10.58,18.68,12.35,11.24,44.78,45.03,44.13,35.94,36.68,35.03,30.04,30.42,29.71,29.63,29.71,29.58,30.4,30.42,30.39,30.74,30.76,30.7,30.88,30.89,30.83,30.77,30.77,30.77,6849,10215
2025-08-21 14:00:00,0.71,6.83,10.47,10.69,10.58,18.72,12.34,11.25,43.13,43.9,41.65,33.5,34.79,32.18,29.29,29.6,29,29.48,29.57,29.47,30.41,30.42,30.4,30.76,30.76,30.76,30.89,30.9,30.89,30.77,30.79,30.77,6849,10215
2025-08-21 13:00:00,0.75,6.79,10.41,10.66,10.61,18.75,12.37,11.23,39.09,41.2,37.25,30.75,31.94,29.58,28.64,28.9,28.41,29.45,29.47,29.44,30.43,30.47,30.42,30.8,30.88,30.76,30.94,30.99,30.89,30.81,30.85,30.79,6847,10376
2025-08-21 12:00:00,0.76,6.61,10.32,10.63,10.64,18.78,12.34,11.23,34.34,36.8,31.84,28.1,29.34,26.99,28.12,28.32,27.93,29.45,29.47,29.42,30.53,30.54,30.5,30.88,30.88,30.86,31,31,31,30.86,30.89,30.82,6849,10278
2025-08-21 11:00:00,0.76,6.52,10.28,10.63,10.66,18.77,12.36,11.24,28.74,31.27,26.63,25.87,26.85,24.84,27.71,27.88,27.58,29.52,29.59,29.47,30.62,30.66,30.55,30.92,30.98,30.88,31,31.01,31,30.88,30.89,30.88,6847,10341
2025-08-21 10:00:00,0.75,6.35,10.23,10.59,10.66,18.79,12.37,11.25,23.67,26.11,21.2,23.81,24.62,23.18,27.56,27.58,27.53,29.69,29.82,29.59,30.73,30.78,30.66,31,31.02,30.99,31.03,31.07,31,30.89,30.89,30.89,6842,10569
2025-08-21 09:00:00,0.72,6.17,10.19,10.56,10.65,18.82,12.4,11.24,18.34,20.74,16.23,22.78,23.09,22.61,27.69,27.86,27.58,29.94,30.06,29.82,30.86,30.93,30.78,31.08,31.11,31.01,31.1,31.12,31.07,30.89,30.89,30.89,6838,9939
2025-08-21 08:00:00,0.7,6.09,10.19,10.57,10.67,18.85,12.4,11.24,15.13,15.99,14.69,22.84,23.09,22.64,28.12,28.35,27.93,30.24,30.41,30.08,31,31.06,30.92,31.12,31.15,31.11,31.12,31.12,31.12,30.89,30.89,30.89,6591,6882
2025-08-21 07:00:00,0.68,6.12,10.21,10.61,10.68,18.8,12.41,11.25,14.92,15.27,14.69,23.54,23.91,23.2,28.62,28.88,28.41,30.51,30.65,30.41,31.15,31.23,31.1,31.21,31.23,31.19,31.12,31.12,31.12,30.89,30.89,30.89,6488,6657
2025-08-21 06:00:00,0.67,6.12,10.25,10.66,10.66,18.8,12.41,11.25,15.82,16.37,15.3,24.43,24.86,24.03,29.11,29.35,28.88,30.76,30.88,30.65,31.26,31.34,31.24,31.23,31.23,31.23,31.12,31.12,31.12,30.89,30.89,30.89,6499,0
2025-08-21 05:00:00,0.69,6.18,10.25,10.72,10.68,18.81,12.41,11.24,17.46,18.59,16.5,25.38,25.79,24.97,29.61,29.82,29.37,30.99,31.12,30.89,31.37,31.42,31.35,31.25,31.28,31.23,31.12,31.12,31.12,30.89,30.89,30.89,6510,0
2025-08-21 04:00:00,0.73,6.21,10.27,10.78,10.66,18.81,12.41,11.24,18.94,19.18,18.7,26.16,26.51,25.81,30.05,30.28,29.82,31.2,31.32,31.12,31.48,31.49,31.42,31.31,31.34,31.28,31.12,31.12,31.12,30.89,30.89,30.89,6524,0
2025-08-21 03:00:00,0.72,6.14,10.35,10.81,10.66,18.8,12.4,11.24,19.93,20.59,19.29,26.97,27.34,26.63,30.51,30.76,30.3,31.41,31.48,31.35,31.52,31.57,31.49,31.32,31.34,31.3,31.12,31.12,31.12,30.89,30.89,30.89,6533,0
2025-08-21 02:00:00,0.67,6.17,10.44,10.81,10.69,18.8,12.39,11.23,21.07,21.53,20.61,27.79,28.17,27.43,30.97,31.19,30.77,31.57,31.64,31.48,31.6,31.61,31.58,31.3,31.34,31.28,31.12,31.12,31.11,30.89,30.89,30.88,6539,0
2025-08-21 01:00:00,0.7,6.15,10.46,10.83,10.71,18.79,12.37,11.23,22.03,22.48,21.56,28.65,29.08,28.27,31.44,31.69,31.24,31.73,31.8,31.68,31.61,31.61,31.61,31.26,31.28,31.23,31.11,31.12,31.1,30.89,30.89,30.89,6546,0
2025-08-21 00:00:00,0.71,6.18,10.49,10.86,10.7,18.79,12.36,11.23,23.14,23.79,22.51,29.61,30.06,29.12,31.9,32.08,31.72,31.83,31.86,31.82,31.6,31.61,31.58,31.23,31.24,31.23,31.1,31.12,31.09,30.89,30.89,30.89,6519,0
2025-08-20 23:00:00,0.67,6.25,10.52,10.86,10.65,18.78,12.35,11.23,24.42,25.01,23.91,30.67,31.21,30.18,32.35,32.54,32.16,31.87,31.9,31.84,31.52,31.59,31.49,31.23,31.23,31.22,31.08,31.09,31.06,30.89,30.89,30.89,6537,0
2025-08-20 22:00:00,0.71,6.22,10.53,10.9,10.65,18.76,12.35,11.23,25.96,26.75,25.14,31.84,32.43,31.27,32.74,32.9,32.55,31.86,31.9,31.83,31.47,31.49,31.39,31.18,31.22,31.12,31.06,31.09,31.03,30.89,30.89,30.89,6568,0
2025-08-20 21:00:00,0.66,6.19,10.55,10.91,10.66,18.79,12.35,11.24,28.01,29.19,26.9,33.17,33.77,32.55,33.04,33.14,32.91,31.79,31.83,31.72,31.36,31.38,31.31,31.11,31.13,31.11,31.07,31.09,31.06,30.89,30.9,30.89,6626,0
2025-08-20 20:00:00,0.62,6.23,10.6,10.9,10.65,18.77,12.35,11.24,30.62,31.24,29.46,34.5,35.15,33.87,33.17,33.22,33.14,31.61,31.72,31.49,31.25,31.3,31.24,31.11,31.11,31.11,31.1,31.12,31.08,30.92,30.96,30.89,6737,6949
2025-08-20 19:00:00,0.62,6.35,10.63,10.91,10.67,18.77,12.37,11.25,32.26,33.39,31.25,36.1,36.91,35.28,33.12,33.16,33.02,31.38,31.48,31.24,31.14,31.21,31.13,31.11,31.11,31.11,31.12,31.12,31.11,30.98,31.01,30.96,6820,7083
2025-08-20 18:00:00,0.54,6.47,10.68,10.91,10.65,18.77,12.39,11.25,36.29,40.48,33.72,37.95,38.58,37.14,32.84,33.02,32.64,31.12,31.24,31.01,31.05,31.12,31.01,31.11,31.11,31.11,31.12,31.12,31.12,31.01,31.01,31,6822,7985
2025-08-20 17:00:00,0.5,6.59,10.73,10.89,10.63,18.78,12.39,11.26,43.42,44.09,41.89,38.51,38.58,38.45,32.27,32.54,31.95,30.8,30.92,30.65,31,31.01,30.94,31.11,31.11,31.11,31.14,31.18,31.12,31.01,31.01,31.01,6838,8206
2025-08-20 16:00:00,0.47,6.71,10.71,10.82,10.63,18.8,12.33,11.27,44.44,44.81,44.13,38.12,38.41,37.75,31.6,31.95,31.25,30.52,30.65,30.41,30.92,30.96,30.9,31.12,31.14,31.11,31.22,31.24,31.19,31.02,31.05,31.01,6849,10254
2025-08-20 15:00:00,0.55,6.76,10.63,10.78,10.63,18.79,12.36,11.26,44,44.25,43.9,37.09,37.64,36.45,30.88,31.24,30.53,30.31,30.41,30.2,30.9,30.9,30.9,31.18,31.22,31.14,31.24,31.24,31.24,31.08,31.13,31.04,6849,10294
2025-08-20 14:00:00,0.69,6.78,10.48,10.74,10.66,18.79,12.37,11.27,44.15,44.93,42.95,35.02,36.25,33.73,30.14,30.46,29.82,30.14,30.18,30.08,30.93,30.99,30.9,31.23,31.23,31.22,31.26,31.31,31.24,31.12,31.13,31.11,6849,10372
2025-08-20 13:00:00,0.78,6.7,10.41,10.74,10.67,18.8,12.37,11.28,40.68,42.6,38.7,32.31,33.49,31.25,29.51,29.82,29.23,30.06,30.07,30.06,31.01,31.01,31,31.26,31.31,31.23,31.35,31.36,31.32,31.13,31.13,31.13,6849,10372
2025-08-20 12:00:00,0.75,6.62,10.37,10.71,10.69,18.8,12.39,11.29,36.7,38.28,34.66,29.83,31.01,28.76,28.97,29.22,28.76,30.06,30.09,30.06,31.06,31.13,31.01,31.34,31.35,31.31,31.36,31.36,31.36,31.13,31.13,31.13,6849,10345
2025-08-20 11:00:00,0.69,6.48,10.29,10.67,10.68,18.81,12.39,11.29,31.47,34.08,29.35,27.51,28.53,26.28,28.53,28.74,28.41,30.16,30.21,30.1,31.16,31.25,31.13,31.38,31.45,31.35,31.37,31.4,31.36,31.13,31.13,31.13,6847,10396
2025-08-20 10:00:00,0.74,6.37,10.22,10.67,10.66,18.84,12.27,11.3,26.59,28.97,23.91,24.82,26,23.91,28.31,28.39,28.29,30.31,30.41,30.2,31.28,31.37,31.25,31.47,31.47,31.46,31.44,31.47,31.41,31.13,31.14,31.13,6842,10530
2025-08-20 09:00:00,0.75,6.15,10.2,10.66,10.68,18.83,12.25,11.3,19.92,23.44,16.7,23.29,23.77,23.01,28.35,28.48,28.29,30.53,30.65,30.41,31.42,31.49,31.37,31.53,31.59,31.48,31.48,31.48,31.46,31.13,31.15,31.13,6838,10199
2025-08-20 08:00:00,0.67,6.04,10.2,10.68,10.69,18.71,12.26,11.3,15.15,16.34,14.56,23.21,23.45,23.06,28.73,28.99,28.52,30.86,31.01,30.72,31.56,31.61,31.49,31.59,31.59,31.59,31.48,31.48,31.48,31.13,31.15,31.13,6588,6878
2025-08-20 07:00:00,0.66,6.02,10.23,10.75,10.73,18.74,12.26,11.3,14.88,15.24,14.57,23.94,24.37,23.56,29.26,29.54,29,31.14,31.26,31.01,31.7,31.75,31.62,31.66,31.71,31.6,31.48,31.48,31.48,31.13,31.15,31.13,6488,6681
2025-08-20 06:00:00,0.64,6.08,10.22,10.78,10.77,18.76,12.27,11.29,15.67,16.08,15.3,24.84,25.32,24.39,29.83,30.06,29.59,31.42,31.52,31.29,31.83,31.89,31.78,31.71,31.71,31.7,31.48,31.48,31.48,31.13,31.14,31.13,6497,0
2025-08-20 05:00:00,0.63,6.1,10.29,10.81,10.75,18.79,12.27,11.29,16.77,17.53,16.14,25.89,26.4,25.39,30.38,30.64,30.16,31.68,31.8,31.6,31.95,31.97,31.92,31.71,31.72,31.71,31.48,31.48,31.48,31.13,31.14,31.13,6506,0
2025-08-20 04:00:00,0.71,6.05,10.41,10.8,10.72,18.78,12.26,11.29,18.62,19.77,17.65,27,27.46,26.51,30.9,31.13,30.65,31.9,32,31.83,32.06,32.08,32,31.72,31.75,31.71,31.48,31.48,31.48,31.13,31.13,31.13,6524,0
2025-08-20 03:00:00,0.65,6.09,10.43,10.81,10.72,18.77,12.25,11.28,20.79,21.43,19.94,27.97,28.39,27.58,31.38,31.6,31.14,32.11,32.18,32.04,32.1,32.15,32.08,31.72,31.75,31.71,31.48,31.48,31.48,31.13,31.13,31.13,6535,0
2025-08-20 02:00:00,0.69,6.11,10.48,10.83,10.72,18.76,12.23,11.28,21.99,22.61,21.51,28.86,29.28,28.41,31.87,32.07,31.66,32.29,32.38,32.18,32.18,32.2,32.16,31.71,31.73,31.71,31.48,31.48,31.46,31.13,31.13,31.13,6537,0
2025-08-20 01:00:00,0.7,6.13,10.5,10.9,10.71,18.73,12.25,11.27,23.22,23.56,22.7,29.79,30.22,29.35,32.36,32.54,32.16,32.43,32.54,32.4,32.19,32.2,32.18,31.71,31.71,31.71,31.44,31.48,31.4,31.13,31.13,31.13,6542,0
2025-08-20 00:00:00,0.65,6.17,10.5,10.95,10.72,18.7,12.34,11.27,23.93,24.38,23.68,30.8,31.36,30.3,32.83,33.02,32.65,32.54,32.57,32.54,32.16,32.18,32.09,31.7,31.71,31.68,31.39,31.45,31.37,31.13,31.13,31.13,6519,0
2025-08-19 23:00:00,0.69,6.13,10.52,10.92,10.7,18.69,12.38,11.27,25.59,26.72,24.5,31.99,32.54,31.45,33.3,33.49,33.12,32.61,32.63,32.59,32.09,32.12,32.08,31.63,31.68,31.59,31.37,31.38,31.36,31.13,31.13,31.13,6537,0
2025-08-19 22:00:00,0.66,6.11,10.55,10.98,10.73,18.67,12.37,11.27,27.34,28.01,26.84,33.19,33.75,32.65,33.7,33.84,33.5,32.57,32.61,32.54,32.01,32.08,31.96,31.59,31.59,31.59,31.36,31.37,31.36,31.13,31.13,31.13,6550,0
2025-08-19 21:00:00,0.6,6.12,10.62,10.97,10.73,18.79,12.37,11.27,29.2,30.4,28.1,34.5,35.15,33.87,34,34.08,33.84,32.48,32.54,32.41,31.9,31.96,31.84,31.56,31.59,31.52,31.36,31.36,31.36,31.13,31.13,31.13,6613,0
2025-08-19 20:00:00,0.61,6.22,10.66,10.93,10.72,18.78,12.37,11.28,31.79,32.78,30.64,35.95,36.66,35.27,34.12,34.16,34.08,32.3,32.41,32.18,31.77,31.84,31.72,31.48,31.51,31.47,31.36,31.37,31.36,31.14,31.17,31.13,6731,6929
2025-08-19 19:00:00,0.54,6.29,10.7,10.92,10.69,18.77,12.36,11.26,34.06,35.27,32.9,37.56,38.37,36.8,34.05,34.12,33.96,32.05,32.18,31.95,31.66,31.72,31.61,31.47,31.48,31.47,31.38,31.43,31.36,31.2,31.24,31.16,6822,7087
2025-08-19 18:00:00,0.54,6.35,10.73,10.98,10.67,18.78,12.23,11.26,37.85,41.65,35.5,39.39,40.11,38.57,33.74,33.96,33.49,31.77,31.92,31.6,31.57,31.61,31.49,31.47,31.48,31.47,31.43,31.47,31.4,31.25,31.25,31.23,6822,8213
2025-08-19 17:00:00,0.47,6.49,10.74,10.98,10.64,18.8,12.23,11.27,45,46.62,42.96,40.19,40.23,40.11,33.17,33.49,32.9,31.45,31.6,31.32,31.49,31.49,31.47,31.47,31.49,31.47,31.48,31.48,31.47,31.25,31.25,31.24,6838,8919
2025-08-19 16:00:00,0.41,6.59,10.75,10.98,10.65,18.81,12.26,11.27,47.35,47.71,46.74,39.92,40.22,39.52,32.49,32.79,32.18,31.15,31.26,31.01,31.4,31.46,31.37,31.49,31.53,31.48,31.48,31.49,31.48,31.26,31.28,31.25,6849,10128
2025-08-19 15:00:00,0.51,6.64,10.71,10.94,10.67,18.77,12.28,11.26,46.68,47.33,46.17,38.92,39.43,38.34,31.75,32.08,31.38,30.9,31.01,30.78,31.37,31.38,31.37,31.57,31.59,31.53,31.55,31.6,31.51,31.31,31.34,31.27,6849,10167
2025-08-19 14:00:00,0.64,6.77,10.65,10.91,10.69,18.69,12.26,11.28,46.83,47.45,46.03,36.9,38.22,35.5,31.01,31.36,30.67,30.73,30.77,30.65,31.38,31.43,31.37,31.59,31.59,31.58,31.6,31.6,31.59,31.35,31.36,31.33,6849,10270
2025-08-19 13:00:00,0.78,6.62,10.5,10.88,10.65,18.71,12.27,11.28,42.84,45.67,40,34.08,35.27,33.02,30.35,30.65,30.06,30.65,30.66,30.65,31.48,31.49,31.44,31.65,31.7,31.59,31.6,31.62,31.6,31.36,31.36,31.36,6849,10357
2025-08-19 12:00:00,0.69,6.6,10.39,10.85,10.68,18.77,12.29,11.29,39.16,39.75,37.5,31.66,32.78,30.65,29.8,30.06,29.59,30.65,30.66,30.65,31.53,31.61,31.49,31.71,31.71,31.71,31.66,31.71,31.62,31.36,31.37,31.36,6849,10420
2025-08-19 11:00:00,0.65,6.47,10.36,10.83,10.71,18.78,12.3,11.29,34.49,37.04,32.31,29.31,30.43,27.93,29.33,29.56,29.14,30.74,30.77,30.66,31.62,31.69,31.61,31.76,31.82,31.71,31.71,31.71,31.7,31.36,31.37,31.36,6849,10341
2025-08-19 10:00:00,0.71,6.31,10.36,10.82,10.73,18.77,12.31,11.3,29.29,32,26.16,26.18,27.58,25.09,29.1,29.12,29.06,30.86,30.95,30.77,31.73,31.8,31.7,31.82,31.82,31.82,31.71,31.71,31.71,31.36,31.38,31.36,6842,10223
2025-08-19 09:00:00,0.75,6.11,10.29,10.81,10.76,18.75,12.32,11.29,21,25.45,17.52,24.39,24.87,24.16,29.17,29.34,29.11,31.1,31.24,30.99,31.87,31.96,31.83,31.89,31.94,31.82,31.72,31.75,31.71,31.37,31.38,31.36,6838,9927
2025-08-19 08:00:00,0.65,6.03,10.24,10.81,10.73,18.74,12.32,11.29,16.02,17.17,15.4,24.51,24.86,24.27,29.58,29.82,29.35,31.4,31.57,31.24,32.01,32.08,31.96,31.94,31.97,31.94,31.76,31.79,31.74,31.36,31.38,31.36,6599,6890
2025-08-19 07:00:00,0.63,6.24,10.27,10.82,10.72,18.7,12.3,11.29,16.03,16.58,15.52,25.38,25.81,24.98,30.11,30.34,29.83,31.7,31.83,31.6,32.15,32.2,32.08,32.03,32.06,31.97,31.8,31.83,31.77,31.36,31.38,31.36,6499,6661
2025-08-19 06:00:00,0.66,6.23,10.37,10.81,10.74,18.68,12.26,11.29,17.25,17.76,16.7,26.31,26.75,25.92,30.64,30.89,30.42,31.96,32.07,31.83,32.28,32.31,32.2,32.06,32.06,32.06,31.81,31.82,31.79,31.36,31.38,31.36,6506,0
2025-08-19 05:00:00,0.68,6.19,10.44,10.82,10.72,18.7,12.26,11.29,18.37,19.04,17.85,27.34,27.86,26.87,31.17,31.43,30.9,32.21,32.31,32.08,32.39,32.43,32.31,32.07,32.09,32.06,31.81,31.82,31.79,31.36,31.37,31.36,6517,0
2025-08-19 04:00:00,0.66,6.25,10.48,10.9,10.7,18.7,12.27,11.28,20.36,21.9,19.18,28.46,28.89,27.93,31.68,31.89,31.48,32.42,32.54,32.31,32.48,32.55,32.43,32.11,32.15,32.08,31.79,31.82,31.78,31.36,31.37,31.36,6528,0
2025-08-19 03:00:00,0.69,6.28,10.49,10.92,10.7,18.71,12.29,11.28,22.71,23.18,22.26,29.37,29.83,29,32.13,32.33,31.95,32.61,32.71,32.54,32.55,32.55,32.55,32.14,32.16,32.12,31.77,31.79,31.74,31.36,31.36,31.36,6535,0
2025-08-19 02:00:00,0.66,6.35,10.52,10.92,10.72,18.69,12.31,11.28,23.95,24.61,22.86,30.3,30.65,29.93,32.6,32.78,32.41,32.78,32.87,32.71,32.56,32.58,32.55,32.11,32.13,32.08,31.73,31.74,31.71,31.36,31.36,31.36,6542,0
2025-08-19 01:00:00,0.69,6.36,10.52,10.91,10.71,18.66,12.3,11.28,24.89,25.22,24.53,31.17,31.6,30.77,33.06,33.25,32.84,32.93,33.02,32.9,32.58,32.61,32.57,32.07,32.09,32.06,31.71,31.71,31.71,31.36,31.36,31.36,6542,0
2025-08-19 00:00:00,0.7,6.34,10.54,10.89,10.71,18.65,12.3,11.27,25.81,26.28,25.33,32.14,32.66,31.72,33.52,33.73,33.31,33.03,33.07,33.02,32.57,32.59,32.55,32.06,32.07,32.06,31.71,31.71,31.71,31.36,31.36,31.36,6524,0
2025-08-18 23:00:00,0.67,6.32,10.59,10.91,10.7,18.67,12.29,11.27,26.96,27.58,26.4,33.25,33.84,32.7,33.95,34.15,33.73,33.11,33.13,33.09,32.55,32.56,32.55,32.06,32.06,32.05,31.71,31.71,31.71,31.36,31.36,31.36,6537,0
2025-08-18 22:00:00,0.62,6.34,10.62,10.94,10.68,18.7,12.29,11.27,28.65,29.83,27.7,34.61,35.27,33.96,34.33,34.45,34.2,33.08,33.13,33.02,32.49,32.55,32.43,32.01,32.05,31.96,31.71,31.71,31.71,31.36,31.36,31.36,6546,0
2025-08-18 21:00:00,0.62,6.45,10.7,10.97,10.69,18.72,12.28,11.28,31.71,33.73,30.06,36.12,36.74,35.4,34.54,34.58,34.47,32.99,33.02,32.9,32.42,32.43,32.37,31.94,31.96,31.94,31.71,31.71,31.71,31.36,31.36,31.36,6591,0
2025-08-18 20:00:00,0.6,6.55,10.74,11,10.71,18.7,12.29,11.28,35.78,37.5,33.96,37.32,37.75,36.84,34.57,34.61,34.55,32.84,32.9,32.78,32.31,32.36,32.29,31.94,31.94,31.94,31.71,31.71,31.71,31.36,31.36,31.36,6693,6921
2025-08-18 19:00:00,0.6,6.6,10.75,11.03,10.7,18.7,12.29,11.28,38.21,39.16,37.63,38.21,38.68,37.75,34.46,34.55,34.33,32.63,32.74,32.54,32.21,32.28,32.2,31.94,31.94,31.93,31.71,31.71,31.71,31.36,31.39,31.36,6820,7087
2025-08-18 18:00:00,0.59,6.64,10.76,11.02,10.7,18.7,12.3,11.25,40.84,41.89,39.4,39.05,39.4,38.7,34.18,34.32,34.04,32.4,32.54,32.31,32.12,32.2,32.08,31.93,31.94,31.93,31.71,31.71,31.71,31.4,31.44,31.38,6844,7118
2025-08-18 17:00:00,0.58,6.72,10.77,11,10.68,18.7,12.3,11.24,43.63,45.44,42.12,39.59,39.68,39.4,33.79,33.97,33.59,32.14,32.3,32.04,32.07,32.08,32.05,31.94,31.94,31.94,31.74,31.77,31.71,31.46,31.47,31.44,6838,9072
2025-08-18 16:00:00,0.55,6.8,10.76,11.04,10.72,18.71,12.26,11.23,45.85,46.62,45.32,39.63,39.66,39.57,33.27,33.5,33.02,31.89,32,31.81,32,32.06,31.97,31.94,31.94,31.94,31.82,31.83,31.79,31.48,31.48,31.47,6840,8781
2025-08-18 15:00:00,0.57,6.89,10.73,11.03,10.75,18.73,12.26,11.24,48.28,48.98,47.33,39.01,39.52,38.46,32.61,32.91,32.31,31.68,31.77,31.6,31.96,31.97,31.96,31.95,32,31.94,31.83,31.83,31.82,31.48,31.48,31.48,6842,8552
2025-08-18 14:00:00,0.64,6.98,10.71,11.02,10.74,18.69,12.27,11.26,48.82,50.25,47.68,37.24,38.25,36.21,31.92,32.21,31.6,31.51,31.6,31.48,31.99,32.03,31.97,32.04,32.06,32,31.84,31.88,31.83,31.48,31.48,31.48,6847,9809
2025-08-18 13:00:00,0.74,6.89,10.63,11,10.7,18.67,12.24,11.27,46.81,49.81,42.72,34.59,35.98,33.38,31.28,31.6,31.01,31.41,31.48,31.36,32.07,32.08,32.04,32.06,32.07,32.06,31.89,31.94,31.85,31.48,31.49,31.48,6847,9651
2025-08-18 12:00:00,0.71,6.8,10.59,10.99,10.73,18.73,12.25,11.28,40.99,42.12,39.64,32.26,33.25,31.13,30.79,31.01,30.6,31.44,31.47,31.39,32.1,32.16,32.08,32.1,32.16,32.06,31.94,31.95,31.91,31.48,31.5,31.48,6849,10022
2025-08-18 11:00:00,0.7,6.71,10.48,10.96,10.73,18.75,12.26,11.28,35.77,38.93,33.96,30.09,30.91,29.23,30.44,30.53,30.3,31.51,31.6,31.48,32.2,32.24,32.18,32.18,32.18,32.16,31.95,31.95,31.95,31.49,31.5,31.48,6849,9978
2025-08-18 10:00:00,0.72,6.55,10.41,10.96,10.74,18.74,12.27,11.29,32.47,34.08,28.87,28.02,29.07,27.1,30.28,30.3,30.23,31.64,31.72,31.6,32.3,32.34,32.25,32.21,32.27,32.18,31.95,31.95,31.95,31.49,31.5,31.48,6838,9813
2025-08-18 09:00:00,0.76,6.37,10.38,10.94,10.7,18.71,12.27,11.28,24.59,28.17,21.85,26.56,26.97,26.34,30.32,30.42,30.27,31.85,31.95,31.72,32.43,32.5,32.39,32.3,32.3,32.29,31.95,31.97,31.95,31.48,31.49,31.48,6840,9813
2025-08-18 08:00:00,0.71,6.28,10.43,10.87,10.71,18.73,12.28,11.28,19.92,21.43,18.92,26.43,26.63,26.31,30.64,30.86,30.43,32.14,32.3,32,32.57,32.66,32.54,32.31,32.34,32.3,31.96,31.97,31.95,31.48,31.49,31.48,6631,6925
2025-08-18 07:00:00,0.72,6.22,10.47,10.93,10.71,18.71,12.28,11.27,19.08,19.42,18.83,27.03,27.34,26.7,31.1,31.36,30.89,32.42,32.54,32.31,32.69,32.79,32.66,32.39,32.41,32.34,31.96,31.98,31.95,31.48,31.48,31.48,6502,6709
2025-08-18 06:00:00,0.73,6.24,10.5,10.92,10.71,18.7,12.27,11.25,19.79,20.12,19.45,27.76,28.16,27.44,31.6,31.83,31.36,32.69,32.79,32.54,32.82,32.91,32.79,32.41,32.41,32.41,31.95,31.96,31.95,31.48,31.48,31.47,6502,0
2025-08-18 05:00:00,0.65,6.24,10.51,10.91,10.69,18.7,12.26,11.24,20.66,21.1,20.24,28.58,29,28.18,32.12,32.31,31.87,32.94,33.05,32.79,32.92,32.97,32.9,32.41,32.41,32.41,31.95,31.96,31.95,31.47,31.48,31.45,6517,0
2025-08-18 04:00:00,0.68,6.27,10.52,10.91,10.59,18.7,12.25,11.26,21.68,22.17,21.19,29.46,29.92,29.02,32.64,32.9,32.4,33.18,33.28,33.09,33.02,33.02,32.99,32.41,32.41,32.41,31.95,31.95,31.95,31.43,31.47,31.4,6524,0
2025-08-18 03:00:00,0.69,6.32,10.52,10.94,10.6,18.68,12.24,11.29,22.89,23.45,22.26,30.4,30.86,29.94,33.17,33.43,32.9,33.41,33.49,33.31,33.04,33.09,33.02,32.41,32.41,32.41,31.91,31.95,31.87,31.37,31.39,31.36,6533,0
2025-08-18 02:00:00,0.65,6.32,10.56,10.97,10.57,18.69,12.27,11.28,24.11,24.74,23.56,31.37,31.84,30.91,33.72,33.96,33.49,33.59,33.65,33.49,33.09,33.12,33.08,32.38,32.41,32.33,31.84,31.86,31.83,31.36,31.37,31.36,6537,0
2025-08-18 01:00:00,0.75,6.3,10.6,10.97,10.58,18.69,12.26,11.28,25.32,25.57,24.86,32.39,32.9,31.95,34.26,34.55,33.99,33.74,33.8,33.7,33.06,33.11,33.02,32.3,32.33,32.3,31.83,31.83,31.82,31.36,31.36,31.36,6542,0
2025-08-18 00:00:00,0.68,6.26,10.66,11.04,10.58,18.67,12.29,11.27,26.06,26.54,25.57,33.59,34.2,33.02,34.8,35.03,34.55,33.84,33.84,33.84,33.02,33.05,33.02,32.27,32.3,32.22,31.79,31.82,31.75,31.36,31.36,31.36,6524,0
2025-08-17 23:00:00,0.67,6.3,10.75,11.05,10.66,18.66,12.3,11.27,27.58,28.53,26.66,35.03,35.73,34.32,35.34,35.56,35.14,33.84,33.86,33.84,32.94,33.02,32.91,32.18,32.22,32.18,31.71,31.73,31.71,31.36,31.36,31.36,6535,0
2025-08-17 22:00:00,0.6,6.37,10.87,11.05,10.68,18.65,12.3,11.26,29.21,30.2,28.64,36.65,37.53,35.86,35.78,35.97,35.62,33.8,33.84,33.73,32.81,32.89,32.78,32.12,32.18,32.07,31.71,31.71,31.71,31.36,31.36,31.36,6542,0
2025-08-17 21:00:00,0.59,6.42,10.92,11.06,10.68,18.65,12.29,11.27,32.9,35.62,30.57,38.59,39.4,37.75,36.05,36.09,35.97,33.65,33.73,33.56,32.67,32.77,32.59,32.06,32.07,32.06,31.71,31.71,31.71,31.36,31.36,31.36,6566,0
2025-08-17 20:00:00,0.58,6.5,10.99,11.08,10.68,18.68,12.29,11.27,38.6,40.09,36.21,40.17,40.82,39.52,36.03,36.09,35.97,33.38,33.5,33.25,32.51,32.57,32.43,32,32.05,31.95,31.71,31.71,31.71,31.36,31.36,31.36,6660,6874
2025-08-17 19:00:00,0.57,6.59,11.03,11.09,10.69,18.7,12.29,11.28,41.46,42.72,40.23,41.72,42.58,40.93,35.8,35.97,35.62,33.06,33.24,32.9,32.36,32.43,32.31,31.94,31.95,31.94,31.71,31.71,31.71,31.36,31.37,31.36,6749,7008
2025-08-17 18:00:00,0.51,6.75,11.01,11.13,10.69,18.7,12.29,11.28,46.12,50.88,43.07,43.46,44.01,42.72,35.32,35.61,35.03,32.71,32.9,32.54,32.23,32.31,32.2,31.94,31.94,31.94,31.71,31.71,31.71,31.37,31.38,31.36,6784,7051
2025-08-17 17:00:00,0.31,6.91,10.93,11.1,10.69,18.7,12.3,11.27,54.37,55.72,52.16,43.84,44.01,43.56,34.57,34.91,34.2,32.33,32.53,32.18,32.12,32.2,32.08,31.94,31.94,31.93,31.71,31.73,31.71,31.4,31.43,31.38,6842,7851
2025-08-17 16:00:00,0.22,7.02,10.87,11.1,10.7,18.7,12.31,11.25,55.28,55.75,54.43,42.95,43.54,42.24,33.75,34.12,33.37,31.98,32.16,31.83,32.04,32.08,31.97,31.94,31.94,31.94,31.75,31.79,31.73,31.45,31.47,31.43,6851,9679
2025-08-17 15:00:00,0.41,7.07,10.82,11.12,10.75,18.73,12.26,11.24,53.98,54.3,53.28,41.2,42.12,40.11,32.88,33.28,32.49,31.7,31.83,31.6,31.96,31.97,31.96,31.94,31.94,31.94,31.81,31.83,31.79,31.48,31.48,31.47,6851,9789
2025-08-17 14:00:00,0.62,7.08,10.78,11.08,10.75,18.74,12.27,11.27,53.32,54.44,51.23,38.34,39.88,36.8,32.04,32.43,31.72,31.51,31.6,31.47,31.96,31.96,31.96,31.96,32.02,31.94,31.83,31.83,31.83,31.48,31.48,31.48,6851,9770
2025-08-17 13:00:00,0.75,6.94,10.7,11.11,10.76,18.7,12.28,11.28,47.96,51.35,43.91,35.14,36.56,33.84,31.35,31.68,31.08,31.38,31.45,31.36,31.98,32.05,31.96,32.04,32.06,32,31.83,31.85,31.83,31.48,31.48,31.48,6849,9577
2025-08-17 12:00:00,0.73,6.83,10.66,11.08,10.71,18.71,12.26,11.29,40.84,43.47,39.29,32.84,33.64,31.97,30.83,31.01,30.65,31.36,31.38,31.36,32.07,32.08,32.05,32.06,32.06,32.06,31.9,31.94,31.86,31.48,31.48,31.48,6849,9974
2025-08-17 11:00:00,0.72,6.8,10.51,11.04,10.75,18.76,12.27,11.29,38.91,40.36,35.5,30.44,31.84,29,30.4,30.6,30.28,31.43,31.48,31.38,32.14,32.2,32.08,32.12,32.18,32.07,31.94,31.95,31.93,31.48,31.48,31.48,6849,9710
2025-08-17 10:00:00,0.7,6.56,10.46,11.02,10.75,18.76,12.27,11.29,30.85,34.64,29.12,27.88,28.76,27.11,30.18,30.2,30.18,31.55,31.63,31.48,32.24,32.31,32.2,32.18,32.18,32.18,31.95,31.95,31.95,31.48,31.49,31.48,6847,10140
2025-08-17 09:00:00,0.76,6.4,10.43,11,10.74,18.74,12.28,11.29,24.95,28.88,21.76,26.59,26.99,26.4,30.24,30.32,30.18,31.76,31.86,31.63,32.36,32.43,32.31,32.23,32.3,32.18,31.95,31.95,31.95,31.48,31.49,31.48,6838,9064
2025-08-17 08:00:00,0.73,6.3,10.45,10.92,10.71,18.73,12.28,11.28,20.16,21.43,19.54,26.54,26.75,26.4,30.55,30.76,30.4,32.04,32.18,31.95,32.5,32.55,32.43,32.3,32.3,32.3,31.95,31.96,31.95,31.48,31.48,31.48,6624,6909
2025-08-17 07:00:00,0.7,6.27,10.52,10.95,10.72,18.75,12.29,11.28,19.92,20.25,19.56,27.06,27.34,26.81,30.96,31.13,30.77,32.31,32.41,32.18,32.63,32.68,32.55,32.31,32.34,32.3,31.95,31.96,31.95,31.48,31.48,31.48,6502,6673
2025-08-17 06:00:00,0.66,6.28,10.54,11,10.72,18.73,12.27,11.27,20.27,20.37,20.25,27.63,27.93,27.34,31.42,31.61,31.22,32.56,32.66,32.41,32.76,32.79,32.66,32.38,32.41,32.36,31.95,31.95,31.95,31.48,31.48,31.48,6506,0
2025-08-17 05:00:00,0.65,6.28,10.54,10.99,10.71,18.7,12.26,11.26,20.8,21.15,20.37,28.34,28.64,28.04,31.9,32.12,31.7,32.83,32.9,32.7,32.87,32.91,32.79,32.41,32.41,32.41,31.95,31.95,31.95,31.47,31.48,31.45,6517,0
2025-08-17 04:00:00,0.67,6.29,10.57,10.96,10.68,18.69,12.25,11.28,21.59,22.02,21.19,29.09,29.47,28.75,32.4,32.66,32.18,33.07,33.16,32.96,32.95,33.02,32.91,32.41,32.41,32.41,31.94,31.95,31.93,31.42,31.46,31.39,6524,0
2025-08-17 03:00:00,0.68,6.3,10.56,10.98,10.6,18.69,12.25,11.29,22.31,22.52,22.14,29.91,30.31,29.47,32.93,33.14,32.66,33.3,33.37,33.22,33.02,33.02,33.02,32.4,32.41,32.37,31.87,31.93,31.84,31.37,31.39,31.36,6533,0
2025-08-17 02:00:00,0.69,6.35,10.59,11.01,10.6,18.71,12.27,11.29,23.09,23.68,22.61,30.89,31.37,30.42,33.49,33.74,33.25,33.51,33.61,33.4,33.02,33.03,33.02,32.33,32.38,32.3,31.83,31.85,31.83,31.36,31.37,31.36,6537,0
2025-08-17 01:00:00,0.64,6.32,10.65,11.03,10.6,18.7,12.26,11.29,24.42,24.96,23.79,31.95,32.43,31.48,34.06,34.32,33.84,33.66,33.73,33.61,33.02,33.03,33.02,32.3,32.3,32.3,31.82,31.83,31.81,31.36,31.36,31.36,6546,0
2025-08-17 00:00:00,0.68,6.28,10.68,11.05,10.6,18.69,12.31,11.29,25.26,25.81,24.98,33.11,33.73,32.55,34.63,34.91,34.36,33.76,33.82,33.73,32.99,33.02,32.95,32.23,32.29,32.18,31.77,31.81,31.72,31.36,31.36,31.36,6522,0
2025-08-16 23:00:00,0.66,6.28,10.77,11.07,10.69,18.67,12.31,11.28,26.62,27.22,25.92,34.55,35.27,33.84,35.19,35.43,34.91,33.83,33.84,33.81,32.9,32.91,32.84,32.17,32.18,32.15,31.71,31.74,31.71,31.36,31.36,31.36,6535,0
2025-08-16 22:00:00,0.63,6.36,10.89,11.08,10.7,18.65,12.3,11.28,28.37,29.59,27.37,36.29,37.16,35.43,35.68,35.86,35.5,33.75,33.79,33.73,32.77,32.82,32.68,32.09,32.16,32.06,31.71,31.71,31.71,31.36,31.36,31.36,6542,0
2025-08-16 21:00:00,0.58,6.42,10.98,11.11,10.7,18.67,12.29,11.28,31.95,34.29,29.83,38.25,39.16,37.38,35.97,36.07,35.86,33.6,33.72,33.49,32.62,32.66,32.55,32.05,32.06,32,31.71,31.71,31.71,31.36,31.36,31.36,6577,0
2025-08-16 20:00:00,0.57,6.49,11.03,11.11,10.68,18.71,12.3,11.28,36.81,38.7,34.68,40.05,40.82,39.29,36.01,36.07,35.96,33.33,33.49,33.16,32.48,32.55,32.43,31.96,32.02,31.94,31.71,31.71,31.71,31.36,31.36,31.36,6680,6906
2025-08-16 19:00:00,0.56,6.59,11.08,11.16,10.7,18.7,12.3,11.29,40.53,42.12,39.05,41.76,42.6,40.96,35.77,35.93,35.62,32.99,33.14,32.83,32.31,32.4,32.25,31.94,31.94,31.94,31.71,31.71,31.71,31.36,31.39,31.36,6755,7016
2025-08-16 18:00:00,0.53,6.74,11.04,11.2,10.69,18.7,12.3,11.27,46.01,50.88,42.49,43.48,43.96,42.72,35.26,35.52,34.91,32.63,32.78,32.43,32.18,32.22,32.12,31.94,31.94,31.93,31.71,31.71,31.71,31.39,31.42,31.36,6791,7055
2025-08-16 17:00:00,0.29,6.91,10.97,11.16,10.68,18.7,12.31,11.27,54.32,55.57,52.15,43.81,43.98,43.54,34.49,34.89,34.09,32.25,32.41,32.07,32.06,32.09,32,31.93,31.94,31.93,31.73,31.75,31.71,31.45,31.48,31.43,6849,8690
2025-08-16 16:00:00,0.28,7.02,10.92,11.18,10.74,18.72,12.3,11.26,54.89,55.61,53.95,42.99,43.45,42.36,33.66,34.08,33.25,31.88,32.06,31.72,31.96,31.97,31.96,31.94,31.94,31.93,31.79,31.83,31.74,31.47,31.48,31.47,6851,9612
2025-08-16 15:00:00,0.4,7.06,10.87,11.15,10.73,18.73,12.27,11.27,54,54.42,53.71,41.27,42.24,40.13,32.76,33.14,32.31,31.59,31.72,31.48,31.95,31.96,31.93,31.94,31.94,31.94,31.83,31.83,31.82,31.48,31.48,31.48,6851,9679
2025-08-16 14:00:00,0.6,7.07,10.82,11.15,10.74,18.73,12.28,11.29,53.26,53.83,51.94,38.4,39.89,36.88,31.9,32.3,31.57,31.39,31.48,31.35,31.95,31.96,31.94,31.96,32,31.94,31.83,31.84,31.83,31.48,31.49,31.48,6851,9691
2025-08-16 13:00:00,0.75,6.97,10.75,11.13,10.77,18.73,12.27,11.3,48.35,51.35,45.43,35.26,36.59,33.96,31.15,31.48,30.87,31.27,31.35,31.24,31.96,31.96,31.96,32.05,32.06,32.02,31.89,31.95,31.85,31.48,31.5,31.48,6851,9770
2025-08-16 12:00:00,0.73,6.85,10.63,11.12,10.74,18.76,12.29,11.31,43.11,45.05,40.57,32.45,33.73,31.14,30.54,30.77,30.3,31.25,31.27,31.24,32.03,32.08,31.97,32.07,32.09,32.06,31.95,31.95,31.94,31.5,31.53,31.49,6849,9990
2025-08-16 11:00:00,0.7,6.73,10.51,11.09,10.75,18.77,12.32,11.31,37.17,39.88,34.56,29.75,30.96,28.51,30.1,30.3,29.94,31.34,31.36,31.28,32.12,32.2,32.08,32.16,32.18,32.09,31.95,31.95,31.95,31.53,31.55,31.52,6847,10022
2025-08-16 10:00:00,0.74,6.53,10.47,11.07,10.75,18.77,12.33,11.32,30.79,34,27.45,27.14,28.27,26.23,29.85,29.94,29.82,31.44,31.56,31.36,32.23,32.31,32.2,32.19,32.24,32.18,31.96,31.98,31.95,31.53,31.56,31.51,6844,10215
2025-08-16 09:00:00,0.74,6.39,10.42,11.01,10.73,18.74,12.32,11.31,23.32,26.75,20.42,25.73,26.13,25.53,29.91,30.06,29.82,31.69,31.83,31.6,32.37,32.43,32.31,32.29,32.3,32.24,32,32.04,31.97,31.52,31.56,31.5,6838,8954
2025-08-16 08:00:00,0.72,6.28,10.44,10.97,10.73,18.76,12.32,11.31,18.59,20.01,17.74,25.62,25.83,25.5,30.25,30.45,30.06,31.98,32.13,31.83,32.51,32.58,32.43,32.32,32.38,32.3,32.03,32.06,32.02,31.5,31.52,31.48,6624,6913
2025-08-16 07:00:00,0.7,6.28,10.51,10.97,10.72,18.77,12.31,11.3,17.86,18.09,17.75,26.2,26.51,25.92,30.74,31,30.53,32.28,32.41,32.18,32.66,32.75,32.58,32.41,32.41,32.39,32.05,32.07,32.04,31.48,31.5,31.48,6495,6709
2025-08-16 06:00:00,0.69,6.2,10.55,11.03,10.73,18.78,12.31,11.3,18.46,18.84,18.12,26.93,27.3,26.59,31.25,31.48,31.01,32.57,32.7,32.41,32.81,32.91,32.77,32.41,32.41,32.41,32.03,32.05,32.02,31.48,31.48,31.48,6493,0
2025-08-16 05:00:00,0.75,6.24,10.58,11.02,10.7,18.76,12.31,11.29,19.34,19.75,18.95,27.73,28.1,27.34,31.79,32.06,31.57,32.86,33,32.74,32.93,33,32.9,32.42,32.45,32.41,31.99,32.05,31.96,31.48,31.48,31.48,6506,0
2025-08-16 04:00:00,0.67,6.22,10.62,11,10.61,18.73,12.3,11.28,20.13,20.48,19.77,28.59,29,28.17,32.34,32.63,32.07,33.13,33.25,33.02,33.02,33.04,33,32.45,32.49,32.43,31.96,31.97,31.95,31.48,31.48,31.47,6517,0
2025-08-16 03:00:00,0.65,6.26,10.6,11.02,10.59,18.74,12.28,11.3,20.97,21.5,20.49,29.59,30.07,29.12,32.93,33.22,32.66,33.37,33.49,33.25,33.11,33.14,33.04,32.43,32.46,32.41,31.95,31.95,31.95,31.46,31.48,31.45,6524,0
2025-08-16 02:00:00,0.68,6.32,10.64,11.05,10.59,18.71,12.25,11.29,22.2,22.85,21.56,30.73,31.25,30.18,33.53,33.82,33.25,33.59,33.7,33.49,33.14,33.14,33.14,32.41,32.41,32.41,31.93,31.95,31.89,31.41,31.44,31.37,6537,0
2025-08-16 01:00:00,0.69,6.29,10.7,11.08,10.58,18.69,12.27,11.32,24.09,25.45,23.06,31.97,32.55,31.36,34.11,34.34,33.84,33.76,33.84,33.72,33.14,33.14,33.14,32.4,32.41,32.36,31.85,31.88,31.83,31.37,31.4,31.36,6542,0
2025-08-16 00:00:00,0.68,6.29,10.74,11.13,10.58,18.71,12.27,11.31,27.05,27.68,25.78,33.1,33.61,32.66,34.65,34.91,34.43,33.86,33.91,33.84,33.1,33.14,33.04,32.31,32.34,32.3,31.83,31.83,31.82,31.36,31.38,31.36,6528,0
2025-08-15 23:00:00,0.67,6.26,10.81,11.16,10.6,18.7,12.27,11.3,26.86,27.22,26.57,34.39,35.15,33.73,35.2,35.5,34.91,33.95,33.96,33.91,33.01,33.03,32.98,32.26,32.3,32.18,31.81,31.83,31.79,31.36,31.37,31.36,6535,0
2025-08-15 22:00:00,0.62,6.36,10.95,11.17,10.69,18.68,12.31,11.3,28.77,30.51,27.11,36.08,36.91,35.27,35.7,35.86,35.5,33.89,33.96,33.84,32.89,32.96,32.79,32.18,32.18,32.16,31.75,31.79,31.72,31.36,31.36,31.36,6542,0
2025-08-15 21:00:00,0.61,6.41,11.02,11.17,10.7,18.66,12.32,11.3,32.02,34.2,30.65,37.87,38.7,37.04,36.03,36.09,35.93,33.74,33.84,33.61,32.74,32.79,32.66,32.1,32.16,32.06,31.72,31.75,31.71,31.36,31.37,31.36,6571,0
2025-08-15 20:00:00,0.58,6.45,11.08,11.16,10.68,18.66,12.32,11.31,35.6,36.46,34.47,39.58,40.45,38.81,36.12,36.16,36.09,33.49,33.61,33.37,32.58,32.66,32.54,32.06,32.06,32.05,31.71,31.73,31.71,31.37,31.39,31.36,6660,6878
2025-08-15 19:00:00,0.55,6.56,11.13,11.18,10.69,18.69,12.32,11.29,38.3,40.23,36.68,41.57,42.6,40.59,36.01,36.09,35.86,33.16,33.34,33.02,32.41,32.48,32.33,32.02,32.05,31.99,31.72,31.74,31.71,31.4,31.44,31.37,6713,6965
2025-08-15 18:00:00,0.49,6.72,11.12,11.22,10.71,18.72,12.32,11.28,44.7,50.88,40.59,43.73,44.28,42.83,35.51,35.84,35.15,32.79,33,32.63,32.27,32.31,32.2,31.98,31.99,31.96,31.77,31.79,31.73,31.45,31.48,31.42,6731,6988
2025-08-15 17:00:00,0.29,6.89,11.04,11.23,10.7,18.73,12.27,11.27,53.9,55.49,52.06,44.25,44.33,44.07,34.73,35.09,34.34,32.39,32.54,32.2,32.16,32.2,32.09,31.95,31.96,31.95,31.81,31.83,31.78,31.48,31.48,31.47,6838,7252
2025-08-15 16:00:00,0.2,7.01,10.99,11.2,10.7,18.74,12.27,11.28,54.93,55.62,53.95,43.54,44.02,42.95,33.89,34.32,33.49,32.01,32.18,31.84,32.07,32.08,32.05,31.96,31.99,31.94,31.83,31.83,31.83,31.48,31.48,31.48,6851,9644
2025-08-15 15:00:00,0.39,7.09,10.93,11.22,10.73,18.7,12.29,11.3,53.44,53.71,53.23,41.94,42.81,40.9,32.97,33.39,32.54,31.71,31.83,31.6,32,32.04,31.97,32.02,32.05,31.99,31.84,31.87,31.83,31.48,31.49,31.48,6851,9770
2025-08-15 14:00:00,0.56,7.12,10.9,11.21,10.75,18.72,12.27,11.31,54.08,54.89,52.89,39.09,40.65,37.5,32.09,32.48,31.72,31.5,31.6,31.46,32,32.05,31.97,32.06,32.06,32.06,31.91,31.95,31.85,31.49,31.52,31.48,6849,9750
2025-08-15 13:00:00,0.8,7.01,10.81,11.2,10.71,18.76,12.31,11.32,49.4,52.14,46.74,35.83,37.27,34.43,31.33,31.72,31.01,31.38,31.44,31.36,32.07,32.08,32.03,32.07,32.11,32.06,31.95,31.95,31.95,31.53,31.56,31.5,6851,9813
2025-08-15 12:00:00,0.74,6.89,10.73,11.17,10.76,18.78,12.33,11.33,43.82,46.23,40.93,32.85,34.18,31.48,30.69,30.92,30.44,31.36,31.36,31.36,32.1,32.16,32.08,32.16,32.18,32.13,31.95,31.96,31.95,31.57,31.59,31.55,6849,9935
2025-08-15 11:00:00,0.7,6.79,10.58,11.14,10.75,18.78,12.33,11.33,37.46,40.16,34.91,30.04,31.25,28.76,30.22,30.42,30.06,31.42,31.48,31.36,32.2,32.23,32.18,32.19,32.24,32.18,31.98,32.03,31.96,31.58,31.6,31.57,6849,10112
2025-08-15 10:00:00,0.73,6.57,10.5,11.08,10.76,18.77,12.3,11.32,31.28,34.43,28.05,27.31,28.53,26.28,29.97,30.06,29.94,31.53,31.6,31.48,32.3,32.34,32.24,32.28,32.3,32.25,32.04,32.07,32.02,31.59,31.6,31.57,6847,10215
2025-08-15 09:00:00,0.76,6.41,10.48,11.08,10.72,18.79,12.28,11.32,23.36,27.39,20.11,25.76,26.16,25.57,30.01,30.16,29.94,31.77,31.94,31.64,32.45,32.54,32.37,32.32,32.39,32.3,32.07,32.07,32.07,31.58,31.6,31.56,6838,9403
2025-08-15 08:00:00,0.72,6.29,10.51,11.02,10.73,18.8,12.28,11.33,18.42,19.75,17.75,25.72,25.96,25.57,30.36,30.58,30.18,32.07,32.2,31.95,32.6,32.66,32.55,32.41,32.41,32.4,32.07,32.07,32.07,31.56,31.59,31.54,6608,6898
2025-08-15 07:00:00,0.69,6.3,10.59,11.04,10.73,18.8,12.28,11.33,17.88,18.12,17.66,26.34,26.66,26.04,30.86,31.13,30.64,32.38,32.54,32.25,32.74,32.79,32.66,32.43,32.49,32.41,32.07,32.07,32.07,31.53,31.56,31.5,6497,6709
2025-08-15 06:00:00,0.7,6.22,10.61,11.07,10.71,18.78,12.28,11.32,18.59,19.03,18.19,27.11,27.46,26.75,31.37,31.6,31.13,32.67,32.78,32.54,32.88,32.91,32.79,32.51,32.53,32.48,32.07,32.07,32.07,31.5,31.52,31.48,6502,0
2025-08-15 05:00:00,0.72,6.26,10.65,11.05,10.64,18.78,12.28,11.31,19.46,19.87,19.07,27.94,28.34,27.58,31.92,32.18,31.69,32.95,33.09,32.78,33,33.02,32.95,32.53,32.53,32.53,32.07,32.07,32.06,31.48,31.49,31.48,6506,0
2025-08-15 04:00:00,0.65,6.25,10.67,11.05,10.59,18.78,12.32,11.3,20.34,20.84,19.9,28.85,29.29,28.41,32.48,32.75,32.18,33.22,33.34,33.13,33.1,33.14,33.02,32.53,32.53,32.53,32.04,32.07,32,31.48,31.48,31.48,6519,0
2025-08-15 03:00:00,0.65,6.29,10.66,11.08,10.61,18.77,12.33,11.29,21.4,22.09,20.88,29.87,30.39,29.35,33.05,33.34,32.78,33.45,33.59,33.37,33.15,33.18,33.14,32.53,32.53,32.52,31.97,32,31.95,31.48,31.48,31.47,6528,0
2025-08-15 02:00:00,0.69,6.34,10.7,11.09,10.58,18.74,12.31,11.3,22.87,23.44,22.26,30.96,31.48,30.42,33.64,33.93,33.37,33.67,33.73,33.59,33.21,33.24,33.18,32.51,32.53,32.5,31.95,31.95,31.95,31.46,31.48,31.45,6537,0
2025-08-15 01:00:00,0.66,6.31,10.74,11.15,10.58,18.73,12.27,11.32,24.45,25.32,23.54,32.17,32.78,31.6,34.21,34.43,33.96,33.83,33.9,33.73,33.22,33.25,33.18,32.42,32.43,32.41,31.94,31.95,31.91,31.42,31.43,31.39,6542,0
2025-08-15 00:00:00,0.67,6.29,10.8,11.2,10.6,18.71,12.27,11.32,26.64,27.34,25.56,33.42,33.98,32.88,34.76,35.03,34.55,33.96,33.96,33.93,33.15,33.18,33.14,32.4,32.41,32.33,31.86,31.93,31.84,31.38,31.42,31.36,6528,0
2025-08-14 23:00:00,0.63,6.32,10.9,11.25,10.58,18.72,12.28,11.34,28.76,29.5,27.51,34.68,35.27,34.09,35.26,35.5,35.03,33.97,33.98,33.96,33.09,33.14,33.02,32.31,32.33,32.3,31.83,31.84,31.83,31.37,31.38,31.36,6537,0
2025-08-14 22:00:00,0.58,6.4,11.02,11.24,10.62,18.71,12.27,11.33,29.75,30.05,29.25,36.13,36.95,35.38,35.72,35.9,35.5,33.96,33.97,33.95,32.97,33.02,32.91,32.25,32.3,32.18,31.83,31.83,31.82,31.37,31.39,31.36,6542,0
2025-08-14 21:00:00,0.57,6.45,11.08,11.22,10.69,18.7,12.27,11.33,32.76,35.34,29.94,37.95,38.7,37.16,36.04,36.09,35.97,33.81,33.93,33.73,32.84,32.91,32.79,32.18,32.18,32.18,31.82,31.83,31.82,31.38,31.41,31.36,6577,0
2025-08-14 20:00:00,0.58,6.49,11.17,11.22,10.69,18.69,12.27,11.31,36.96,37.73,35.7,39.49,40.23,38.81,36.09,36.09,36.09,33.57,33.73,33.45,32.66,32.77,32.56,32.12,32.18,32.07,31.81,31.83,31.79,31.4,31.42,31.39,6666,6882
2025-08-14 19:00:00,0.56,6.59,11.2,11.23,10.69,18.67,12.27,11.3,38.89,40.11,37.87,41.33,42.36,40.37,35.99,36.09,35.86,33.25,33.37,33.13,32.5,32.55,32.43,32.06,32.07,32.06,31.82,31.83,31.82,31.45,31.48,31.42,6731,6972
2025-08-14 18:00:00,0.49,6.76,11.19,11.25,10.7,18.66,12.27,11.28,44.2,49.74,40.48,43.4,44.01,42.52,35.52,35.81,35.16,32.88,33.04,32.68,32.37,32.43,32.31,32.06,32.06,32.06,31.83,31.83,31.82,31.47,31.48,31.46,6751,7016
2025-08-14 17:00:00,0.34,6.92,11.1,11.28,10.71,18.67,12.28,11.28,52.92,54.49,50.76,43.96,44.03,43.78,34.78,35.15,34.43,32.5,32.66,32.31,32.25,32.31,32.2,32.06,32.06,32.06,31.83,31.83,31.83,31.48,31.49,31.48,6844,8501
2025-08-14 16:00:00,0.34,7.04,11.05,11.24,10.71,18.68,12.29,11.3,53.68,54.54,52.65,43.24,43.66,42.69,33.96,34.33,33.59,32.14,32.31,31.97,32.17,32.2,32.13,32.06,32.06,32.06,31.84,31.88,31.83,31.48,31.49,31.48,6851,9738
2025-08-14 15:00:00,0.41,7.1,10.98,11.26,10.72,18.74,12.29,11.31,52.63,53.12,52.18,41.75,42.59,40.71,33.07,33.49,32.66,31.84,31.95,31.72,32.1,32.14,32.08,32.06,32.07,32.06,31.92,31.95,31.88,31.48,31.51,31.48,6851,9896
2025-08-14 14:00:00,0.63,7.12,10.95,11.25,10.74,18.78,12.33,11.33,53.12,53.8,51.35,38.92,40.47,37.39,32.21,32.57,31.85,31.65,31.72,31.6,32.1,32.14,32.09,32.12,32.16,32.07,31.95,31.95,31.95,31.51,31.54,31.49,6851,9829
2025-08-14 13:00:00,0.74,7.03,10.89,11.23,10.76,18.77,12.34,11.35,48.13,50.96,45.33,35.82,37.16,34.43,31.48,31.83,31.15,31.53,31.6,31.48,32.18,32.2,32.13,32.17,32.18,32.16,31.95,31.97,31.95,31.56,31.59,31.53,6851,9963
2025-08-14 12:00:00,0.73,6.9,10.81,11.22,10.76,18.78,12.33,11.35,43.21,45.07,40.34,32.92,34.2,31.67,30.88,31.13,30.65,31.49,31.54,31.48,32.21,32.28,32.2,32.2,32.28,32.18,32.01,32.05,31.98,31.58,31.6,31.57,6851,9947
2025-08-14 11:00:00,0.67,6.82,10.69,11.2,10.76,18.78,12.3,11.35,37.29,39.75,35.41,30.35,31.48,29.12,30.44,30.64,30.3,31.59,31.6,31.52,32.31,32.33,32.28,32.29,32.3,32.28,32.07,32.07,32.05,31.58,31.6,31.57,6851,9978
2025-08-14 10:00:00,0.72,6.62,10.61,11.17,10.74,18.82,12.3,11.34,31.73,35.03,28.41,27.67,28.88,26.63,30.2,30.3,30.18,31.7,31.82,31.61,32.42,32.46,32.36,32.33,32.4,32.3,32.07,32.07,32.07,31.59,31.6,31.57,6842,10144
2025-08-14 09:00:00,0.73,6.48,10.58,11.1,10.73,18.82,12.3,11.35,23.76,27.7,20.68,26.14,26.51,25.95,30.25,30.38,30.18,31.93,32.07,31.83,32.56,32.64,32.53,32.41,32.41,32.4,32.07,32.07,32.07,31.58,31.59,31.56,6840,9770
2025-08-14 08:00:00,0.68,6.38,10.62,11.07,10.73,18.79,12.3,11.36,18.98,20.29,18.24,26.1,26.33,25.95,30.59,30.78,30.42,32.23,32.39,32.07,32.71,32.79,32.66,32.46,32.53,32.41,32.07,32.08,32.07,31.56,31.58,31.53,6613,6906
2025-08-14 07:00:00,0.66,6.28,10.68,11.12,10.72,18.8,12.3,11.35,18.5,18.83,18.24,26.71,27.01,26.4,31.07,31.3,30.87,32.53,32.66,32.41,32.86,32.91,32.79,32.53,32.53,32.52,32.07,32.08,32.07,31.52,31.56,31.49,6502,6716
2025-08-14 06:00:00,0.71,6.27,10.7,11.12,10.65,18.8,12.3,11.34,19.29,19.66,18.95,27.44,27.82,27.11,31.59,31.83,31.36,32.81,32.93,32.66,33,33.02,32.91,32.53,32.55,32.53,32.07,32.08,32.07,31.49,31.5,31.48,6506,0
2025-08-14 05:00:00,0.66,6.29,10.73,11.09,10.6,18.79,12.29,11.32,19.98,20.37,19.66,28.26,28.64,27.86,32.12,32.38,31.87,33.1,33.25,32.99,33.12,33.14,33.05,32.57,32.61,32.54,32.07,32.07,32.07,31.48,31.48,31.48,6517,0
2025-08-14 04:00:00,0.64,6.32,10.73,11.1,10.63,18.77,12.28,11.32,21.01,21.43,20.48,29.14,29.59,28.75,32.67,32.91,32.43,33.35,33.49,33.25,33.21,33.25,33.15,32.59,32.64,32.58,32.06,32.07,32.06,31.48,31.48,31.48,6522,0
2025-08-14 03:00:00,0.66,6.32,10.74,11.13,10.65,18.78,12.32,11.31,21.97,22.38,21.55,30.1,30.54,29.68,33.25,33.5,33.02,33.6,33.73,33.49,33.26,33.28,33.25,32.56,32.59,32.54,32.02,32.07,31.97,31.47,31.48,31.45,6528,0
2025-08-14 02:00:00,0.67,6.38,10.77,11.17,10.65,18.79,12.34,11.34,23,23.68,22.49,31.17,31.72,30.65,33.82,34.08,33.59,33.81,33.91,33.73,33.31,33.33,33.28,32.53,32.55,32.53,31.95,31.97,31.95,31.42,31.47,31.39,6537,0
2025-08-14 01:00:00,0.65,6.35,10.81,11.22,10.66,18.76,12.32,11.37,24.42,24.86,23.79,32.33,32.9,31.82,34.41,34.66,34.15,34,34.08,33.95,33.31,33.33,33.29,32.52,32.53,32.5,31.95,31.95,31.94,31.38,31.41,31.36,6542,0
2025-08-14 00:00:00,0.66,6.32,10.89,11.23,10.63,18.75,12.29,11.37,25.94,26.94,25.1,33.67,34.32,33.02,34.97,35.22,34.71,34.1,34.16,34.08,33.26,33.28,33.25,32.42,32.47,32.41,31.9,31.94,31.85,31.36,31.36,31.36,6524,0
2025-08-13 23:00:00,0.64,6.35,10.99,11.24,10.6,18.72,12.3,11.35,28.35,29.62,27.11,35.03,35.65,34.41,35.49,35.73,35.25,34.18,34.2,34.18,33.2,33.25,33.14,32.38,32.41,32.32,31.83,31.86,31.83,31.36,31.36,31.36,6539,0
2025-08-13 22:00:00,0.59,6.44,11.1,11.27,10.58,18.72,12.29,11.35,30.17,31.01,29.6,36.55,37.39,35.79,35.93,36.09,35.74,34.12,34.2,34.08,33.09,33.14,33.02,32.3,32.3,32.3,31.83,31.83,31.82,31.36,31.36,31.36,6546,0
2025-08-13 21:00:00,0.56,6.5,11.15,11.3,10.64,18.74,12.28,11.35,33.67,35.82,31.36,38.24,38.93,37.5,36.23,36.33,36.09,33.99,34.08,33.87,32.95,33.02,32.9,32.23,32.29,32.18,31.82,31.83,31.8,31.36,31.36,31.36,6573,0
2025-08-13 20:00:00,0.59,6.54,11.2,11.28,10.7,18.72,12.3,11.35,37.34,38.09,36.09,39.73,40.47,39.06,36.33,36.33,36.32,33.73,33.84,33.61,32.77,32.87,32.66,32.18,32.18,32.16,31.81,31.83,31.79,31.36,31.36,31.36,6677,6894
2025-08-13 19:00:00,0.54,6.62,11.26,11.26,10.7,18.75,12.28,11.36,39.19,40.34,38.22,41.45,42.37,40.59,36.17,36.3,36.02,33.42,33.61,33.25,32.61,32.66,32.55,32.13,32.16,32.09,31.81,31.83,31.79,31.36,31.37,31.36,6740,6992
2025-08-13 18:00:00,0.51,6.78,11.28,11.31,10.69,18.72,12.28,11.36,43.95,48.98,40.61,43.43,44.02,42.59,35.73,35.97,35.39,33.07,33.25,32.9,32.48,32.55,32.43,32.07,32.09,32.07,31.82,31.83,31.81,31.37,31.4,31.36,6766,7032
2025-08-13 17:00:00,0.36,6.96,11.19,11.35,10.71,18.72,12.29,11.34,52.62,53.96,50.28,44.07,44.13,43.9,35,35.36,34.66,32.68,32.88,32.54,32.36,32.43,32.31,32.07,32.08,32.06,31.83,31.83,31.83,31.42,31.45,31.38,6849,9348
2025-08-13 16:00:00,0.35,7.08,11.12,11.31,10.72,18.76,12.31,11.33,53.65,54.07,53.05,43.41,43.86,42.85,34.2,34.56,33.84,32.32,32.48,32.18,32.27,32.31,32.2,32.06,32.07,32.06,31.83,31.84,31.83,31.46,31.48,31.43,6851,9754
2025-08-13 15:00:00,0.45,7.15,11.06,11.27,10.73,18.78,12.31,11.31,52.93,53.28,52.77,41.91,42.73,40.82,33.33,33.73,32.91,32.04,32.18,31.95,32.2,32.21,32.2,32.09,32.16,32.06,31.86,31.89,31.83,31.48,31.48,31.46,6851,9781
2025-08-13 14:00:00,0.66,7.16,11.02,11.32,10.75,18.78,12.33,11.32,52.81,53.36,51.34,39.16,40.59,37.75,32.51,32.86,32.18,31.83,31.92,31.76,32.2,32.2,32.2,32.16,32.18,32.13,31.93,31.95,31.9,31.48,31.48,31.47,6851,9864
2025-08-13 13:00:00,0.75,7.08,10.96,11.3,10.76,18.79,12.34,11.34,48.32,50.91,45.55,36.21,37.5,34.98,31.81,32.11,31.51,31.72,31.74,31.72,32.23,32.28,32.2,32.18,32.18,32.18,31.95,31.95,31.95,31.48,31.48,31.48,6851,9896
2025-08-13 12:00:00,0.7,6.94,10.89,11.29,10.76,18.79,12.35,11.35,43.52,45.2,41.3,33.57,34.75,32.31,31.24,31.48,31.02,31.72,31.72,31.72,32.31,32.32,32.3,32.21,32.28,32.18,31.95,31.96,31.95,31.48,31.48,31.48,6851,10022
2025-08-13 11:00:00,0.69,6.88,10.84,11.28,10.76,18.8,12.36,11.35,38.45,40.82,36.21,30.98,32.08,29.83,30.81,31,30.65,31.75,31.83,31.72,32.38,32.43,32.31,32.3,32.3,32.28,31.97,31.99,31.95,31.48,31.48,31.48,6849,9967
2025-08-13 10:00:00,0.71,6.67,10.75,11.25,10.75,18.84,12.33,11.36,32.53,35.64,29.47,28.51,29.6,27.58,30.57,30.65,30.53,31.87,31.95,31.83,32.48,32.55,32.43,32.31,32.38,32.3,32,32.05,31.97,31.48,31.48,31.48,6849,9880
2025-08-13 09:00:00,0.75,6.46,10.74,11.16,10.76,18.82,12.32,11.36,25.16,28.88,22.14,27.05,27.46,26.87,30.63,30.77,30.54,32.08,32.18,31.95,32.6,32.66,32.55,32.4,32.41,32.36,32.04,32.06,32.02,31.48,31.48,31.48,6838,8568
2025-08-13 08:00:00,0.71,6.35,10.75,11.17,10.76,18.82,12.32,11.35,20.45,21.78,19.7,26.98,27.22,26.86,30.95,31.13,30.77,32.36,32.53,32.23,32.75,32.79,32.68,32.42,32.46,32.41,32.05,32.07,32.05,31.48,31.48,31.47,6624,6906
2025-08-13 07:00:00,0.73,6.35,10.75,11.18,10.74,18.8,12.32,11.34,19.95,20.28,19.7,27.54,27.82,27.22,31.4,31.6,31.19,32.65,32.78,32.54,32.88,32.91,32.8,32.51,32.53,32.46,32.05,32.07,32.04,31.47,31.48,31.46,6502,6716
2025-08-13 06:00:00,0.64,6.36,10.78,11.17,10.64,18.81,12.33,11.37,20.64,20.96,20.37,28.22,28.53,27.93,31.88,32.08,31.69,32.92,33.03,32.78,33.01,33.05,32.97,32.53,32.53,32.53,32.02,32.06,31.99,31.42,31.45,31.39,6506,0
2025-08-13 05:00:00,0.67,6.36,10.81,11.17,10.61,18.8,12.35,11.39,21.38,21.73,21.08,28.95,29.3,28.64,32.39,32.65,32.18,33.19,33.3,33.08,33.13,33.14,33.05,32.53,32.53,32.53,31.96,31.98,31.95,31.37,31.4,31.36,6517,0
2025-08-13 04:00:00,0.69,6.38,10.79,11.18,10.64,18.8,12.35,11.39,22.08,22.41,21.78,29.76,30.18,29.35,32.9,33.14,32.66,33.43,33.54,33.3,33.2,33.25,33.14,32.53,32.53,32.53,31.95,31.95,31.95,31.36,31.36,31.36,6522,0
2025-08-13 03:00:00,0.69,6.43,10.82,11.21,10.65,18.79,12.34,11.37,22.95,23.56,22.49,30.69,31.13,30.29,33.46,33.73,33.18,33.67,33.73,33.59,33.25,33.25,33.25,32.53,32.53,32.53,31.94,31.95,31.91,31.36,31.36,31.36,6528,0
2025-08-13 02:00:00,0.65,6.39,10.87,11.24,10.65,18.78,12.34,11.36,24.37,25.21,23.68,31.68,32.12,31.25,34.01,34.29,33.73,33.87,33.96,33.75,33.25,33.28,33.25,32.47,32.53,32.41,31.86,31.91,31.83,31.35,31.36,31.34,6537,0
2025-08-13 01:00:00,0.71,6.36,10.91,11.29,10.65,18.79,12.32,11.36,25.06,25.44,24.54,32.74,33.37,32.18,34.59,34.88,34.32,34.03,34.08,33.96,33.25,33.25,33.25,32.41,32.41,32.41,31.83,31.83,31.83,31.3,31.35,31.28,6539,0
2025-08-13 00:00:00,0.67,6.35,10.99,11.28,10.61,18.76,12.33,11.36,26.29,27.22,25.45,34.14,34.79,33.49,35.15,35.38,34.91,34.13,34.2,34.08,33.23,33.25,33.18,32.34,32.41,32.3,31.79,31.83,31.74,31.26,31.28,31.25,6524,0
2025-08-12 23:00:00,0.63,6.42,11.12,11.29,10.59,18.74,12.39,11.35,28.41,29.63,27.36,35.6,36.33,34.91,35.66,35.86,35.43,34.19,34.2,34.16,33.13,33.15,33.09,32.29,32.3,32.27,31.71,31.75,31.71,31.25,31.25,31.25,6539,0
2025-08-12 22:00:00,0.6,6.49,11.19,11.34,10.63,18.76,12.36,11.35,31.47,33,29.94,37.16,37.87,36.45,36.06,36.21,35.9,34.1,34.18,34.07,33,33.07,32.91,32.19,32.22,32.18,31.71,31.71,31.71,31.25,31.25,31.25,6546,0
2025-08-12 21:00:00,0.57,6.51,11.23,11.36,10.7,18.76,12.35,11.34,34.55,36.41,33.04,38.74,39.5,37.99,36.32,36.37,36.22,33.93,34.07,33.84,32.85,32.91,32.79,32.12,32.18,32.06,31.71,31.71,31.69,31.25,31.25,31.25,6550,0
2025-08-12 20:00:00,0.56,6.59,11.28,11.34,10.71,18.73,12.33,11.34,38.37,39.74,36.79,40.32,41.06,39.64,36.34,36.39,36.33,33.66,33.84,33.49,32.67,32.79,32.57,32.06,32.06,32.05,31.69,31.71,31.68,31.25,31.26,31.25,6660,6874
2025-08-12 19:00:00,0.56,6.68,11.35,11.34,10.69,18.72,12.34,11.34,40.88,42.01,39.88,41.98,42.83,41.18,36.14,36.31,35.97,33.32,33.49,33.13,32.5,32.55,32.43,32.02,32.06,31.99,31.69,31.71,31.67,31.25,31.28,31.25,6742,7000
2025-08-12 18:00:00,0.48,6.82,11.36,11.37,10.71,18.75,12.33,11.33,45.95,50.99,42.36,43.78,44.25,43.07,35.67,35.97,35.37,32.96,33.13,32.78,32.36,32.43,32.31,31.96,31.99,31.94,31.71,31.71,31.69,31.28,31.31,31.26,6766,7036
2025-08-12 17:00:00,0.29,6.97,11.26,11.41,10.72,18.75,12.37,11.34,53.78,55.01,51.8,44.21,44.27,44.02,34.92,35.25,34.55,32.57,32.78,32.41,32.24,32.31,32.2,31.94,31.95,31.94,31.71,31.71,31.71,31.33,31.36,31.3,6851,9340
2025-08-12 16:00:00,0.29,7.1,11.21,11.35,10.73,18.77,12.38,11.36,54.56,55.01,54.07,43.51,43.96,42.97,34.12,34.52,33.73,32.2,32.39,32.07,32.14,32.2,32.09,31.94,31.94,31.94,31.71,31.71,31.71,31.36,31.36,31.35,6851,9577
2025-08-12 15:00:00,0.37,7.2,11.13,11.37,10.74,18.83,12.4,11.39,53.91,54.07,53.71,41.96,42.83,40.82,33.22,33.61,32.78,31.91,32.07,31.82,32.08,32.09,32.08,31.95,31.97,31.94,31.72,31.76,31.71,31.36,31.36,31.36,6851,9738
2025-08-12 14:00:00,0.57,7.2,11.09,11.37,10.74,18.81,12.37,11.39,53.8,54.54,52.5,39.11,40.59,37.63,32.37,32.75,32.07,31.7,31.79,31.61,32.08,32.08,32.08,32.02,32.06,31.99,31.79,31.82,31.74,31.36,31.36,31.36,6851,9770
2025-08-12 13:00:00,0.73,7.11,11.02,11.33,10.78,18.8,12.37,11.4,49.09,52.18,46.15,36.02,37.39,34.74,31.66,31.95,31.36,31.59,31.6,31.58,32.08,32.09,32.08,32.06,32.06,32.05,31.82,31.83,31.8,31.36,31.36,31.36,6851,9844
2025-08-12 12:00:00,0.67,6.98,10.97,11.33,10.78,18.8,12.39,11.41,43.8,45.67,41.3,33.24,34.53,31.95,31.07,31.3,30.88,31.57,31.6,31.56,32.17,32.2,32.11,32.06,32.09,32.06,31.83,31.84,31.83,31.36,31.37,31.36,6849,9927
2025-08-12 11:00:00,0.67,6.9,10.87,11.31,10.79,18.83,12.4,11.41,38,40.75,35.75,30.7,31.75,29.63,30.66,30.81,30.53,31.61,31.7,31.6,32.23,32.31,32.2,32.15,32.18,32.13,31.83,31.85,31.83,31.36,31.37,31.36,6849,10030
2025-08-12 10:00:00,0.69,6.72,10.8,11.29,10.79,18.85,12.38,11.42,32.46,35.38,29.34,28.34,29.45,27.38,30.45,30.53,30.42,31.74,31.83,31.69,32.34,32.43,32.31,32.18,32.2,32.18,31.86,31.88,31.84,31.36,31.37,31.36,6847,10022
2025-08-12 09:00:00,0.72,6.5,10.78,11.23,10.76,18.85,12.35,11.42,24.99,28.65,21.9,26.87,27.25,26.66,30.52,30.65,30.42,31.94,32.07,31.83,32.46,32.54,32.43,32.25,32.3,32.2,31.89,31.93,31.86,31.36,31.36,31.36,6840,9013
2025-08-12 08:00:00,0.69,6.39,10.82,11.21,10.77,18.85,12.35,11.4,20.19,21.56,19.35,26.82,27.08,26.68,30.84,31.01,30.65,32.23,32.37,32.07,32.59,32.66,32.55,32.3,32.3,32.3,31.9,31.93,31.89,31.36,31.36,31.36,6631,6921
2025-08-12 07:00:00,0.7,6.38,10.82,11.26,10.77,18.86,12.36,11.4,19.63,20.01,19.34,27.44,27.81,27.11,31.31,31.56,31.13,32.51,32.66,32.41,32.72,32.79,32.66,32.31,32.34,32.3,31.89,31.92,31.88,31.36,31.36,31.36,6504,6728
2025-08-12 06:00:00,0.61,6.4,10.86,11.24,10.77,18.84,12.4,11.4,20.4,20.84,20.01,28.2,28.56,27.82,31.81,32.07,31.6,32.77,32.9,32.66,32.85,32.91,32.79,32.38,32.4,32.36,31.85,31.88,31.83,31.34,31.36,31.32,6504,0
2025-08-12 05:00:00,0.63,6.42,10.89,11.23,10.71,18.82,12.4,11.4,21.42,22.02,20.93,29.03,29.44,28.64,32.31,32.54,32.07,33.03,33.13,32.9,32.95,33.02,32.91,32.4,32.41,32.39,31.83,31.85,31.83,31.28,31.32,31.25,6517,0
2025-08-12 04:00:00,0.67,6.43,10.88,11.24,10.63,18.82,12.39,11.41,22.52,22.73,22.14,29.88,30.3,29.48,32.82,33.05,32.58,33.26,33.37,33.13,33.02,33.03,33.02,32.39,32.41,32.37,31.83,31.83,31.83,31.25,31.28,31.25,6524,0
2025-08-12 03:00:00,0.65,6.51,10.9,11.25,10.61,18.83,12.38,11.39,23.18,23.79,22.73,30.85,31.36,30.4,33.36,33.61,33.14,33.47,33.58,33.37,33.05,33.11,33.02,32.34,32.38,32.3,31.79,31.83,31.74,31.25,31.25,31.25,6533,0
2025-08-12 02:00:00,0.64,6.46,10.94,11.28,10.61,18.81,12.41,11.39,24.74,25.63,23.91,31.93,32.43,31.47,33.88,34.09,33.62,33.66,33.73,33.61,33.12,33.14,33.09,32.3,32.3,32.3,31.72,31.76,31.71,31.24,31.25,31.23,6537,0
2025-08-12 01:00:00,0.63,6.44,10.98,11.31,10.61,18.78,12.4,11.37,26.61,27.58,25.81,33.05,33.59,32.55,34.38,34.58,34.18,33.79,33.84,33.73,33.08,33.12,33.03,32.29,32.3,32.24,31.71,31.71,31.71,31.23,31.25,31.22,6544,0
2025-08-12 00:00:00,0.61,6.46,11.04,11.35,10.61,18.78,12.38,11.37,28.73,29.59,27.7,34.11,34.62,33.62,34.86,35.05,34.66,33.86,33.9,33.84,33.02,33.03,33.02,32.19,32.25,32.18,31.67,31.71,31.62,31.19,31.22,31.18,6535,0
2025-08-11 23:00:00,0.6,6.48,11.11,11.35,10.73,18.79,12.37,11.39,30.42,30.89,30,35.15,35.7,34.66,35.31,35.5,35.14,33.87,33.89,33.84,32.93,33.02,32.9,32.11,32.18,32.06,31.6,31.6,31.6,31.16,31.19,31.15,6542,0
2025-08-11 22:00:00,0.59,6.54,11.23,11.37,10.74,18.79,12.33,11.38,30.39,30.78,29.94,36.49,37.28,35.82,35.72,35.86,35.53,33.82,33.84,33.75,32.78,32.86,32.71,32.05,32.06,32.02,31.6,31.6,31.6,31.15,31.18,31.14,6535,0
2025-08-11 21:00:00,0.57,6.58,11.29,11.37,10.72,18.8,12.33,11.38,32.41,34.56,30.42,38.28,39.08,37.47,36.02,36.09,35.96,33.67,33.73,33.58,32.62,32.66,32.55,31.95,32,31.94,31.6,31.6,31.59,31.15,31.19,31.14,6588,0
2025-08-11 20:00:00,0.56,6.63,11.35,11.38,10.72,18.75,12.33,11.37,36.7,38,35.03,39.95,40.71,39.24,36.05,36.09,35.97,33.39,33.53,33.25,32.46,32.55,32.4,31.9,31.94,31.85,31.59,31.6,31.59,31.19,31.22,31.16,6684,6909
2025-08-11 19:00:00,0.55,6.73,11.4,11.39,10.74,18.78,12.32,11.35,39.98,41.78,38.34,41.63,42.48,40.82,35.82,35.97,35.62,33.06,33.24,32.9,32.29,32.36,32.21,31.82,31.84,31.82,31.59,31.6,31.59,31.22,31.24,31.19,6749,7008
2025-08-11 18:00:00,0.49,6.89,11.36,11.43,10.74,18.78,12.32,11.36,46.09,50.99,42.24,43.27,43.66,42.6,35.29,35.62,34.93,32.68,32.88,32.54,32.16,32.2,32.08,31.82,31.82,31.82,31.6,31.6,31.6,31.24,31.25,31.23,6766,7024
2025-08-11 17:00:00,0.32,7.04,11.29,11.41,10.74,18.78,12.34,11.38,53.04,53.86,51.7,43.56,43.66,43.31,34.54,34.91,34.2,32.29,32.45,32.11,32.03,32.08,31.96,31.82,31.82,31.82,31.6,31.6,31.6,31.25,31.25,31.25,6851,9573
2025-08-11 16:00:00,0.4,7.15,11.26,11.4,10.76,18.78,12.38,11.4,53.13,53.48,52.51,42.8,43.28,42.24,33.73,34.11,33.36,31.93,32.08,31.79,31.95,31.96,31.91,31.82,31.82,31.82,31.6,31.62,31.6,31.25,31.25,31.25,6851,9644
2025-08-11 15:00:00,0.46,7.2,11.2,11.41,10.79,18.79,12.39,11.4,52.31,52.53,52.18,41.26,42.12,40.18,32.84,33.25,32.43,31.63,31.73,31.5,31.86,31.89,31.84,31.82,31.83,31.82,31.66,31.7,31.62,31.25,31.26,31.25,6851,9707
2025-08-11 14:00:00,0.62,7.22,11.16,11.41,10.81,18.85,12.41,11.4,52.26,52.75,51.22,38.49,39.93,37.04,32.01,32.37,31.71,31.42,31.49,31.36,31.85,31.89,31.84,31.84,31.89,31.82,31.71,31.71,31.71,31.29,31.32,31.26,6851,9770
2025-08-11 13:00:00,0.74,7.12,11.09,11.41,10.79,18.87,12.43,11.4,47.86,50.63,44.96,35.41,36.8,34.09,31.3,31.6,31.01,31.33,31.36,31.29,31.91,31.96,31.87,31.92,31.94,31.89,31.71,31.72,31.71,31.33,31.36,31.31,6851,9844
2025-08-11 12:00:00,0.75,7.01,11.02,11.37,10.82,18.88,12.45,11.41,42.29,44.61,39.64,32.67,33.84,31.47,30.71,30.92,30.51,31.3,31.36,31.26,31.96,31.98,31.96,31.95,31.98,31.94,31.72,31.77,31.71,31.35,31.36,31.33,6849,9896
2025-08-11 11:00:00,0.68,6.91,10.9,11.36,10.81,18.85,12.41,11.42,37.17,39.16,35.27,30.19,31.25,29.12,30.29,30.45,30.16,31.36,31.36,31.35,32.06,32.08,32,32.03,32.06,31.97,31.79,31.82,31.77,31.36,31.36,31.35,6849,10073
2025-08-11 10:00:00,0.73,6.72,10.82,11.32,10.8,18.85,12.4,11.43,31.83,34.79,28.76,27.79,28.88,26.83,30.06,30.11,30.05,31.46,31.56,31.37,32.17,32.2,32.08,32.06,32.08,32.06,31.82,31.83,31.82,31.36,31.36,31.35,6847,10112
2025-08-11 09:00:00,0.76,6.61,10.78,11.29,10.81,18.89,12.4,11.43,24.28,28.05,21.19,26.23,26.65,26.04,30.1,30.18,30.06,31.69,31.83,31.6,32.29,32.34,32.2,32.16,32.18,32.09,31.83,31.83,31.83,31.35,31.36,31.34,6838,9577
2025-08-11 08:00:00,0.69,6.51,10.8,11.23,10.79,18.89,12.41,11.42,19.42,20.82,18.59,26.15,26.4,26.04,30.41,30.64,30.21,31.97,32.09,31.83,32.44,32.54,32.37,32.18,32.2,32.18,31.83,31.83,31.83,31.33,31.36,31.3,6631,6917
2025-08-11 07:00:00,0.69,6.38,10.9,11.23,10.79,18.86,12.41,11.42,18.78,19.12,18.57,26.72,27.04,26.4,30.87,31.13,30.65,32.27,32.41,32.16,32.58,32.66,32.54,32.27,32.3,32.24,31.83,31.83,31.83,31.29,31.32,31.27,6497,6732
2025-08-11 06:00:00,0.74,6.39,10.91,11.29,10.78,18.86,12.4,11.43,19.51,19.79,19.18,27.41,27.73,27.11,31.36,31.6,31.13,32.54,32.66,32.41,32.71,32.79,32.66,32.3,32.3,32.3,31.83,31.83,31.83,31.26,31.31,31.25,6502,0
2025-08-11 05:00:00,0.65,6.4,10.94,11.3,10.79,18.85,12.4,11.43,20.14,20.48,19.89,28.16,28.53,27.82,31.87,32.12,31.6,32.81,32.9,32.66,32.82,32.91,32.79,32.3,32.3,32.3,31.83,31.83,31.82,31.25,31.25,31.25,6510,0
2025-08-11 04:00:00,0.64,6.41,10.96,11.27,10.76,18.85,12.42,11.42,20.85,21.19,20.49,29.01,29.46,28.63,32.41,32.66,32.18,33.06,33.15,32.93,32.91,32.93,32.9,32.3,32.3,32.3,31.8,31.83,31.77,31.25,31.25,31.24,6519,0
2025-08-11 03:00:00,0.66,6.43,10.96,11.26,10.68,18.84,12.44,11.41,21.75,22.26,21.31,30,30.48,29.51,32.96,33.25,32.68,33.29,33.37,33.21,32.99,33.02,32.93,32.3,32.3,32.3,31.73,31.78,31.71,31.24,31.25,31.22,6528,0
2025-08-11 02:00:00,0.68,6.49,10.99,11.3,10.63,18.81,12.42,11.41,22.95,23.68,22.38,31.1,31.64,30.54,33.53,33.78,33.25,33.49,33.61,33.39,33.02,33.02,33.02,32.29,32.3,32.27,31.71,31.71,31.71,31.2,31.23,31.16,6537,0
2025-08-11 01:00:00,0.67,6.47,11.05,11.35,10.63,18.81,12.41,11.42,24.85,26,23.79,32.28,32.79,31.73,34.07,34.32,33.84,33.65,33.73,33.61,33.02,33.02,33.02,32.2,32.25,32.18,31.68,31.71,31.63,31.14,31.17,31.13,6542,0
2025-08-11 00:00:00,0.65,6.44,11.09,11.36,10.71,18.79,12.39,11.41,27.06,28.32,26.16,33.44,33.96,32.9,34.58,34.79,34.34,33.74,33.75,33.73,32.96,33.02,32.91,32.16,32.18,32.09,31.61,31.64,31.6,31.13,31.14,31.13,6524,0
2025-08-10 23:00:00,0.62,6.46,11.18,11.38,10.74,18.79,12.38,11.4,29,29.23,28.55,34.55,35.14,34.08,35.06,35.25,34.84,33.76,33.8,33.75,32.87,32.91,32.8,32.06,32.09,32.06,31.6,31.6,31.6,31.13,31.14,31.13,6537,0
2025-08-10 22:00:00,0.64,6.53,11.29,11.38,10.76,18.84,12.36,11.4,28.89,29.71,28.24,36.04,36.91,35.25,35.51,35.68,35.3,33.73,33.75,33.73,32.73,32.79,32.66,32,32.06,31.94,31.59,31.6,31.57,31.13,31.13,31.13,6546,0
2025-08-10 21:00:00,0.57,6.59,11.41,11.41,10.75,18.8,12.38,11.39,32.5,35.27,30.06,37.84,38.57,37.04,35.81,35.86,35.74,33.59,33.71,33.49,32.59,32.66,32.55,31.93,31.95,31.9,31.56,31.58,31.54,31.13,31.13,31.13,6577,0
2025-08-10 20:00:00,0.57,6.63,11.48,11.41,10.74,18.78,12.37,11.4,37.02,37.43,35.75,39.31,40,38.68,35.86,35.86,35.84,33.32,33.49,33.2,32.42,32.54,32.32,31.85,31.9,31.82,31.53,31.56,31.52,31.14,31.16,31.13,6680,6906
2025-08-10 19:00:00,0.54,6.72,11.46,11.43,10.76,18.78,12.38,11.4,38.73,40.25,37.62,41.01,41.89,40.12,35.66,35.81,35.5,33,33.13,32.84,32.25,32.31,32.2,31.82,31.83,31.82,31.55,31.57,31.53,31.15,31.18,31.13,6737,6992
2025-08-10 18:00:00,0.48,6.91,11.41,11.48,10.76,18.78,12.37,11.4,44.58,49.57,40.71,42.74,43.07,42.09,35.15,35.49,34.81,32.63,32.78,32.43,32.12,32.2,32.08,31.82,31.82,31.82,31.58,31.6,31.56,31.2,31.24,31.18,6751,7020
2025-08-10 17:00:00,0.41,7.08,11.36,11.46,10.77,18.78,12.37,11.4,51.47,52.06,50.33,42.97,43.07,42.83,34.44,34.79,34.08,32.24,32.41,32.07,31.99,32.08,31.96,31.82,31.82,31.8,31.6,31.6,31.59,31.24,31.25,31.22,6851,9612
2025-08-10 16:00:00,0.45,7.14,11.33,11.47,10.79,18.79,12.39,11.41,51.89,52.06,51.69,42.44,42.74,42.01,33.65,34.07,33.25,31.88,32.06,31.72,31.91,31.96,31.85,31.82,31.82,31.82,31.6,31.6,31.6,31.25,31.25,31.25,6851,9750
2025-08-10 15:00:00,0.47,7.21,11.28,11.45,10.82,18.81,12.4,11.42,52.01,52.35,51.47,41.06,41.89,39.98,32.76,33.16,32.34,31.59,31.72,31.48,31.84,31.84,31.84,31.82,31.82,31.82,31.61,31.66,31.6,31.25,31.25,31.25,6851,9801
2025-08-10 14:00:00,0.62,7.25,11.24,11.44,10.84,18.89,12.43,11.43,52.1,52.77,50.99,38.26,39.74,36.8,31.92,32.31,31.6,31.39,31.48,31.36,31.84,31.85,31.84,31.83,31.84,31.82,31.69,31.71,31.66,31.25,31.26,31.25,6851,9801
2025-08-10 13:00:00,0.75,7.15,11.18,11.44,10.82,18.88,12.45,11.43,47.79,50.28,45.11,35.22,36.57,33.86,31.19,31.5,30.89,31.27,31.36,31.24,31.87,31.93,31.84,31.9,31.94,31.84,31.71,31.71,31.71,31.26,31.3,31.25,6851,9927
2025-08-10 12:00:00,0.71,7.05,11.08,11.43,10.84,18.88,12.46,11.43,42.23,44.73,39.59,32.4,33.63,31.15,30.61,30.87,30.42,31.24,31.25,31.24,31.96,31.96,31.93,31.94,31.95,31.94,31.72,31.74,31.71,31.29,31.33,31.26,6849,10022
2025-08-10 11:00:00,0.67,6.94,10.96,11.4,10.83,18.88,12.47,11.44,36.72,39.05,34.52,29.91,30.99,28.88,30.19,30.36,30.06,31.32,31.36,31.26,32.05,32.08,31.98,32.03,32.06,31.96,31.76,31.79,31.72,31.31,31.33,31.3,6849,10104
2025-08-10 10:00:00,0.73,6.74,10.87,11.38,10.82,18.91,12.42,11.44,31.38,34.16,28.27,27.54,28.64,26.55,29.96,30.06,29.94,31.43,31.52,31.36,32.15,32.2,32.08,32.07,32.11,32.06,31.81,31.83,31.8,31.31,31.34,31.28,6844,10254
2025-08-10 09:00:00,0.75,6.6,10.84,11.32,10.84,18.92,12.42,11.44,23.86,27.51,20.91,26.01,26.41,25.8,30.01,30.15,29.94,31.67,31.83,31.55,32.28,32.34,32.2,32.16,32.18,32.11,31.83,31.83,31.82,31.29,31.33,31.28,6840,9904
2025-08-10 08:00:00,0.72,6.48,10.88,11.27,10.8,18.91,12.42,11.45,19.05,20.57,18.12,25.9,26.13,25.79,30.34,30.53,30.17,31.96,32.09,31.83,32.45,32.54,32.39,32.19,32.23,32.18,31.83,31.83,31.83,31.26,31.3,31.25,6624,6909
2025-08-10 07:00:00,0.67,6.45,10.97,11.28,10.8,18.87,12.42,11.47,18.27,18.49,18.12,26.46,26.75,26.16,30.83,31.06,30.59,32.27,32.41,32.16,32.59,32.66,32.55,32.27,32.3,32.22,31.83,31.83,31.83,31.25,31.26,31.25,6502,6732
2025-08-10 06:00:00,0.7,6.41,11,11.34,10.81,18.87,12.42,11.45,18.85,19.18,18.59,27.21,27.58,26.87,31.34,31.6,31.13,32.55,32.66,32.41,32.73,32.79,32.66,32.3,32.3,32.3,31.83,31.83,31.82,31.25,31.25,31.25,6502,0
2025-08-10 05:00:00,0.7,6.43,11.02,11.33,10.8,18.87,12.41,11.44,19.74,20.24,19.29,28.05,28.41,27.67,31.88,32.11,31.6,32.83,32.93,32.71,32.85,32.91,32.79,32.3,32.3,32.3,31.82,31.83,31.8,31.25,31.25,31.24,6510,0
2025-08-10 04:00:00,0.63,6.45,11.04,11.3,10.78,18.87,12.45,11.43,20.74,21.16,20.31,28.93,29.35,28.53,32.42,32.66,32.18,33.09,33.23,33,32.93,33,32.91,32.3,32.3,32.3,31.77,31.8,31.74,31.23,31.25,31.21,6517,0
2025-08-10 03:00:00,0.67,6.47,11.04,11.31,10.66,18.86,12.46,11.45,21.6,22.02,21.19,29.92,30.42,29.47,32.99,33.25,32.77,33.33,33.46,33.25,33.02,33.02,33,32.3,32.3,32.3,31.72,31.73,31.71,31.17,31.22,31.15,6528,0
2025-08-10 02:00:00,0.68,6.52,11.06,11.34,10.67,18.84,12.45,11.45,22.76,23.56,22.14,31.07,31.62,30.54,33.58,33.84,33.33,33.54,33.61,33.48,33.02,33.02,33.02,32.3,32.3,32.29,31.71,31.71,31.71,31.13,31.16,31.13,6537,0
2025-08-10 01:00:00,0.66,6.51,11.13,11.37,10.67,18.86,12.43,11.44,24.71,25.76,23.74,32.32,32.9,31.73,34.13,34.37,33.84,33.7,33.73,33.61,33.02,33.03,33.02,32.22,32.28,32.18,31.66,31.71,31.61,31.13,31.13,31.13,6542,0
2025-08-10 00:00:00,0.67,6.51,11.18,11.4,10.66,18.83,12.41,11.43,27.62,28.64,26.05,33.54,34.08,33.02,34.63,34.89,34.43,33.79,33.84,33.73,33.01,33.02,32.96,32.17,32.18,32.15,31.6,31.62,31.6,31.13,31.13,31.13,6528,0
2025-08-09 23:00:00,0.61,6.52,11.26,11.44,10.76,18.8,12.4,11.42,29.1,29.26,28.79,34.71,35.34,34.13,35.1,35.31,34.91,33.84,33.84,33.84,32.91,32.91,32.87,32.08,32.13,32.06,31.6,31.6,31.59,31.13,31.13,31.12,6539,0
2025-08-09 22:00:00,0.6,6.62,11.36,11.43,10.79,18.83,12.41,11.41,30.36,31.84,29.23,36.18,36.91,35.49,35.52,35.66,35.38,33.78,33.84,33.73,32.78,32.84,32.71,32.02,32.06,31.95,31.57,31.59,31.54,31.13,31.13,31.12,6548,0
2025-08-09 21:00:00,0.56,6.68,11.48,11.43,10.77,18.86,12.41,11.4,33.84,35.38,32.18,37.74,38.46,37.04,35.78,35.86,35.71,33.63,33.73,33.5,32.62,32.68,32.55,31.94,31.96,31.92,31.52,31.56,31.5,31.13,31.13,31.12,6591,0
2025-08-09 20:00:00,0.57,6.71,11.55,11.44,10.75,18.85,12.4,11.41,36.88,37.75,35.7,39.22,39.88,38.57,35.84,35.86,35.75,33.37,33.49,33.25,32.47,32.55,32.43,31.88,31.93,31.82,31.5,31.51,31.48,31.13,31.13,31.13,6697,6925
2025-08-09 19:00:00,0.54,6.81,11.53,11.48,10.77,18.8,12.4,11.42,38.92,40.23,37.91,40.83,41.65,40,35.64,35.74,35.5,33.07,33.25,32.9,32.31,32.41,32.23,31.82,31.82,31.82,31.49,31.51,31.48,31.13,31.13,31.13,6766,7020
2025-08-09 18:00:00,0.51,6.98,11.49,11.52,10.78,18.79,12.41,11.42,44.26,48.86,40.58,42.43,42.72,41.84,35.14,35.43,34.82,32.71,32.9,32.54,32.18,32.2,32.09,31.82,31.82,31.82,31.53,31.57,31.5,31.13,31.13,31.13,6784,7055
2025-08-09 17:00:00,0.45,7.14,11.44,11.5,10.77,18.79,12.42,11.43,50.67,51.45,49.44,42.66,42.72,42.48,34.47,34.79,34.16,32.34,32.54,32.18,32.06,32.09,32,31.82,31.82,31.82,31.57,31.6,31.54,31.13,31.15,31.13,6844,9506
2025-08-09 16:00:00,0.51,7.2,11.41,11.47,10.8,18.83,12.4,11.45,51.23,51.44,51.07,42.12,42.48,41.65,33.71,34.08,33.36,31.99,32.18,31.83,31.96,31.98,31.96,31.82,31.82,31.81,31.6,31.6,31.59,31.15,31.18,31.13,6851,9801
2025-08-09 15:00:00,0.55,7.31,11.35,11.51,10.79,18.89,12.42,11.45,51.38,51.7,51.11,40.72,41.56,39.65,32.86,33.25,32.5,31.71,31.83,31.6,31.94,31.96,31.89,31.82,31.82,31.82,31.6,31.6,31.6,31.2,31.23,31.19,6851,9880
2025-08-09 14:00:00,0.66,7.32,11.32,11.5,10.81,18.91,12.44,11.44,51.01,51.68,49.22,38.04,39.41,36.68,32.08,32.43,31.77,31.53,31.6,31.48,31.93,31.96,31.92,31.82,31.84,31.82,31.6,31.62,31.6,31.23,31.24,31.21,6851,9876
2025-08-09 13:00:00,0.73,7.21,11.26,11.46,10.84,18.9,12.46,11.45,46.5,48.75,44.13,35.19,36.45,33.96,31.42,31.72,31.13,31.42,31.48,31.37,31.96,31.96,31.95,31.88,31.93,31.84,31.65,31.69,31.62,31.24,31.25,31.23,6851,9868
2025-08-09 12:00:00,0.72,7.12,11.24,11.45,10.86,18.91,12.47,11.47,41.44,43.88,38.7,32.62,33.75,31.48,30.89,31.13,30.72,31.39,31.46,31.36,31.99,32.07,31.96,31.94,31.94,31.94,31.7,31.71,31.68,31.25,31.25,31.24,6851,10026
2025-08-09 11:00:00,0.7,7.04,11.13,11.41,10.83,18.96,12.48,11.47,36.28,38.13,34.56,30.36,31.3,29.35,30.53,30.65,30.42,31.48,31.49,31.46,32.09,32.14,32.08,31.96,32.03,31.94,31.71,31.71,31.71,31.25,31.25,31.23,6849,10112
2025-08-09 10:00:00,0.73,6.85,11.04,11.4,10.83,18.93,12.49,11.48,31.5,34.13,28.64,28.19,29.22,27.31,30.32,30.41,30.3,31.6,31.72,31.51,32.19,32.22,32.14,32.05,32.06,32.02,31.71,31.71,31.71,31.25,31.25,31.25,6847,10238
2025-08-09 09:00:00,0.77,6.63,11,11.39,10.84,18.94,12.5,11.47,24.61,28.03,21.9,26.81,27.17,26.63,30.41,30.53,30.3,31.81,31.95,31.72,32.3,32.37,32.24,32.07,32.12,32.06,31.71,31.71,31.71,31.24,31.25,31.22,6838,9407
2025-08-09 08:00:00,0.71,6.53,11.06,11.32,10.82,18.93,12.5,11.47,20.2,21.55,19.36,26.76,26.99,26.63,30.73,30.95,30.53,32.09,32.2,31.95,32.44,32.5,32.38,32.16,32.18,32.13,31.71,31.71,31.71,31.22,31.25,31.21,6628,6917
2025-08-09 07:00:00,0.76,6.51,11.08,11.35,10.82,18.92,12.5,11.49,19.46,19.68,19.29,27.36,27.7,27.03,31.21,31.47,31.01,32.36,32.49,32.25,32.56,32.65,32.54,32.18,32.18,32.18,31.71,31.72,31.71,31.18,31.21,31.16,6506,6740
2025-08-09 06:00:00,0.7,6.53,11.12,11.4,10.82,18.92,12.49,11.49,20.11,20.48,19.77,28.16,28.53,27.82,31.71,31.95,31.48,32.61,32.74,32.54,32.67,32.74,32.66,32.18,32.2,32.18,31.71,31.72,31.71,31.14,31.16,31.13,6506,0
2025-08-09 05:00:00,0.66,6.56,11.14,11.4,10.83,18.92,12.47,11.48,21.15,21.78,20.6,29.05,29.47,28.64,32.19,32.43,31.95,32.85,32.95,32.77,32.78,32.79,32.74,32.2,32.22,32.18,31.71,31.71,31.71,31.13,31.13,31.13,6517,0
2025-08-09 04:00:00,0.71,6.58,11.13,11.36,10.8,18.91,12.47,11.47,22.65,23.2,21.9,30.01,30.42,29.59,32.68,32.9,32.46,33.07,33.13,32.99,32.84,32.91,32.79,32.19,32.22,32.18,31.7,31.71,31.67,31.13,31.13,31.13,6528,0
2025-08-09 03:00:00,0.69,6.66,11.16,11.39,10.78,18.9,12.45,11.46,24.24,25.21,23.31,30.96,31.36,30.54,33.16,33.37,32.93,33.26,33.36,33.18,32.91,32.91,32.9,32.18,32.18,32.18,31.63,31.67,31.6,31.13,31.13,31.11,6535,0
2025-08-09 02:00:00,0.72,6.62,11.19,11.4,10.79,18.9,12.44,11.45,25.77,26.28,25.32,31.88,32.31,31.47,33.62,33.84,33.38,33.42,33.49,33.36,32.91,32.91,32.91,32.18,32.18,32.16,31.6,31.6,31.6,31.1,31.12,31.08,6542,0
2025-08-09 01:00:00,0.68,6.6,11.24,11.43,10.78,18.9,12.43,11.48,26.92,27.58,26.28,32.86,33.33,32.43,34.06,34.27,33.84,33.54,33.61,33.49,32.91,32.91,32.91,32.12,32.16,32.07,31.6,31.6,31.58,31.06,31.09,31.04,6546,0
2025-08-09 00:00:00,0.69,6.59,11.27,11.44,10.79,18.84,12.44,11.47,28.42,29,27.7,33.85,34.32,33.37,34.5,34.66,34.32,33.61,33.61,33.59,32.85,32.91,32.79,32.06,32.06,32.05,31.52,31.58,31.48,31.02,31.03,31.01,6528,0
2025-08-08 23:00:00,0.62,6.6,11.32,11.47,10.81,18.87,12.43,11.47,29.62,30.18,29.1,34.9,35.43,34.41,34.9,35.06,34.72,33.61,33.61,33.61,32.77,32.79,32.72,31.98,32.06,31.94,31.48,31.48,31.48,31.01,31.02,31.01,6542,0
2025-08-08 22:00:00,0.65,6.68,11.41,11.46,10.79,18.88,12.42,11.46,31.01,31.84,30.3,36.11,36.68,35.52,35.25,35.38,35.12,33.59,33.61,33.5,32.64,32.68,32.55,31.92,31.94,31.87,31.48,31.48,31.48,31.01,31.02,31.01,6550,0
2025-08-08 21:00:00,0.58,6.72,11.48,11.47,10.78,18.9,12.41,11.46,33.38,35,31.95,37.44,38.04,36.82,35.47,35.5,35.38,33.44,33.49,33.37,32.5,32.55,32.43,31.82,31.85,31.82,31.47,31.48,31.45,31.01,31.02,31.01,6604,0
2025-08-08 20:00:00,0.59,6.74,11.51,11.48,10.79,18.88,12.43,11.45,36.31,36.87,35.27,38.76,39.4,38.13,35.5,35.5,35.5,33.19,33.33,33.07,32.36,32.43,32.31,31.8,31.82,31.76,31.46,31.48,31.45,31.01,31.02,31.01,6717,6953
2025-08-08 19:00:00,0.55,6.81,11.5,11.52,10.78,18.89,12.42,11.46,38.02,39.38,37.03,40.34,41.18,39.52,35.34,35.49,35.15,32.9,33.02,32.78,32.21,32.3,32.18,31.72,31.76,31.71,31.46,31.48,31.44,31.02,31.03,31.01,6789,7051
2025-08-08 18:00:00,0.49,6.97,11.49,11.55,10.79,18.88,12.41,11.46,43.57,47.92,39.75,41.94,42.24,41.36,34.84,35.15,34.55,32.56,32.73,32.41,32.09,32.16,32.07,31.71,31.71,31.71,31.47,31.48,31.46,31.05,31.08,31.03,6791,7055
2025-08-08 17:00:00,0.43,7.12,11.48,11.51,10.81,18.89,12.42,11.44,50.04,50.64,48.64,42.03,42.24,41.77,34.17,34.47,33.84,32.22,32.41,32.07,31.98,32.05,31.96,31.71,31.71,31.71,31.48,31.48,31.47,31.09,31.12,31.05,6844,9714
2025-08-08 16:00:00,0.53,7.2,11.44,11.52,10.81,18.93,12.43,11.46,50.05,50.4,49.69,41.32,41.76,40.82,33.43,33.83,33.05,31.91,32.07,31.77,31.89,31.95,31.84,31.71,31.71,31.71,31.48,31.48,31.48,31.12,31.13,31.11,6851,9829
2025-08-08 15:00:00,0.56,7.28,11.4,11.52,10.86,18.95,12.44,11.47,49.68,49.86,49.47,39.67,40.7,38.46,32.65,33.02,32.31,31.65,31.75,31.57,31.84,31.85,31.84,31.71,31.73,31.71,31.49,31.51,31.48,31.13,31.13,31.12,6851,10037
2025-08-08 14:00:00,0.73,7.26,11.36,11.51,10.86,18.94,12.47,11.48,46.84,49.47,43.28,37,38.22,36.09,31.97,32.25,31.72,31.49,31.56,31.47,31.84,31.84,31.84,31.76,31.81,31.73,31.54,31.58,31.51,31.13,31.13,31.13,6849,9955
2025-08-08 13:00:00,0.75,7.17,11.31,11.51,10.85,18.92,12.46,11.49,44.21,45.7,42.36,34.83,35.98,33.73,31.4,31.72,31.13,31.39,31.46,31.36,31.87,31.91,31.84,31.82,31.82,31.82,31.58,31.6,31.57,31.13,31.13,31.13,6851,10585
2025-08-08 12:00:00,0.72,7.08,11.27,11.49,10.86,18.94,12.46,11.5,39.98,42.04,37.52,32.46,33.49,31.36,30.92,31.13,30.77,31.38,31.42,31.36,31.96,31.97,31.94,31.82,31.84,31.82,31.6,31.6,31.6,31.13,31.13,31.13,6849,10175
2025-08-08 11:00:00,0.68,7,11.17,11.45,10.85,18.95,12.47,11.5,35.06,37.16,33.49,30.41,31.25,29.59,30.62,30.77,30.53,31.47,31.49,31.44,32.04,32.08,31.96,31.9,31.93,31.87,31.6,31.6,31.6,31.13,31.13,31.13,6849,10215
2025-08-08 10:00:00,0.71,6.84,11.08,11.44,10.84,19,12.47,11.5,30.99,33.14,28.88,28.57,29.43,27.82,30.5,30.53,30.47,31.62,31.72,31.54,32.13,32.2,32.08,31.94,31.94,31.94,31.6,31.6,31.6,31.13,31.13,31.13,6840,10246
2025-08-08 09:00:00,0.77,6.66,11.08,11.43,10.86,19.01,12.48,11.5,25.4,28.41,22.85,27.3,27.7,27.11,30.57,30.65,30.52,31.81,31.95,31.72,32.24,32.31,32.2,31.97,32.03,31.94,31.6,31.6,31.6,31.13,31.13,31.12,6838,9517
2025-08-08 08:00:00,0.7,6.54,11.12,11.37,10.85,18.97,12.47,11.5,20.93,22.43,20.01,27.21,27.46,27.11,30.88,31.1,30.68,32.07,32.18,31.95,32.36,32.43,32.31,32.05,32.06,32.03,31.6,31.6,31.6,31.12,31.13,31.11,6666,6961
2025-08-08 07:00:00,0.67,6.55,11.13,11.4,10.83,18.94,12.47,11.49,20.25,20.49,20.02,27.82,28.17,27.46,31.33,31.58,31.13,32.33,32.41,32.2,32.47,32.55,32.43,32.06,32.06,32.06,31.6,31.6,31.6,31.11,31.13,31.08,6506,6740
2025-08-08 06:00:00,0.66,6.54,11.17,11.45,10.83,18.94,12.46,11.52,21.01,21.43,20.6,28.6,29,28.23,31.8,32.05,31.6,32.57,32.66,32.41,32.57,32.59,32.55,32.06,32.06,32.06,31.6,31.6,31.6,31.06,31.08,31.02,6499,0
2025-08-08 05:00:00,0.7,6.57,11.18,11.44,10.83,18.93,12.45,11.52,22.14,22.83,21.51,29.46,29.86,29.05,32.27,32.5,32.07,32.79,32.9,32.66,32.66,32.66,32.65,32.06,32.07,32.06,31.6,31.6,31.58,31.02,31.05,31.01,6517,0
2025-08-08 04:00:00,0.69,6.63,11.19,11.42,10.82,18.93,12.47,11.5,23.51,24.32,22.96,30.34,30.77,29.94,32.73,32.93,32.54,32.99,33.09,32.9,32.7,32.75,32.66,32.06,32.06,32.06,31.56,31.6,31.53,31.01,31.02,31.01,6522,0
2025-08-08 03:00:00,0.74,6.64,11.22,11.43,10.82,18.92,12.46,11.49,25.16,25.57,24.59,31.18,31.6,30.8,33.19,33.39,33.02,33.17,33.25,33.13,32.77,32.79,32.74,32.06,32.06,32.04,31.49,31.53,31.48,31.01,31.01,31.01,6533,0
2025-08-08 02:00:00,0.7,6.61,11.24,11.43,10.82,18.94,12.44,11.48,26.01,26.4,25.6,32.11,32.56,31.7,33.66,33.84,33.48,33.31,33.37,33.25,32.78,32.79,32.77,31.99,32.06,31.94,31.48,31.48,31.47,31.01,31.01,31,6539,0
2025-08-08 01:00:00,0.7,6.58,11.3,11.46,10.81,18.9,12.48,11.48,27.18,27.87,26.54,33.16,33.7,32.66,34.11,34.32,33.93,33.41,33.49,33.37,32.71,32.77,32.66,31.94,31.94,31.93,31.43,31.48,31.38,30.99,31.01,30.99,6546,0
2025-08-08 00:00:00,0.67,6.6,11.32,11.46,10.79,18.91,12.58,11.5,28.87,29.78,28.05,34.23,34.68,33.73,34.52,34.66,34.33,33.49,33.49,33.48,32.65,32.66,32.59,31.86,31.94,31.82,31.36,31.37,31.36,30.97,30.99,30.96,6533,0
2025-08-07 23:00:00,0.64,6.62,11.36,11.48,10.79,18.91,12.56,11.5,30.58,31.13,29.94,35.26,35.74,34.79,34.91,35.03,34.77,33.47,33.49,33.41,32.54,32.58,32.48,31.8,31.82,31.72,31.36,31.36,31.36,30.96,30.99,30.96,6542,0
2025-08-07 22:00:00,0.67,6.67,11.45,11.49,10.8,18.94,12.55,11.48,31.17,31.84,30.77,36.5,37.16,35.86,35.24,35.38,35.13,33.36,33.4,33.28,32.39,32.43,32.31,31.71,31.71,31.7,31.35,31.36,31.34,30.97,30.99,30.95,6550,0
2025-08-07 21:00:00,0.59,6.71,11.5,11.51,10.79,18.88,12.55,11.48,33.34,34.7,32.07,38,38.7,37.28,35.44,35.5,35.38,33.18,33.25,33.07,32.24,32.31,32.18,31.63,31.71,31.59,31.32,31.34,31.3,30.99,31,30.97,6588,0
2025-08-07 20:00:00,0.6,6.74,11.55,11.53,10.8,18.84,12.54,11.46,36.54,38.28,35.03,39.52,40.23,38.81,35.41,35.5,35.29,32.89,33.02,32.77,32.06,32.16,31.96,31.59,31.59,31.59,31.31,31.34,31.29,31,31.01,31,6677,6898
2025-08-07 19:00:00,0.57,6.87,11.54,11.56,10.8,19,12.54,11.46,41.09,43.14,38.7,40.92,41.42,40.34,35.06,35.25,34.84,32.54,32.71,32.37,31.9,31.96,31.84,31.54,31.57,31.51,31.33,31.36,31.3,31.01,31.01,31,6755,7012
2025-08-07 18:00:00,0.55,6.97,11.53,11.5,10.8,19,12.55,11.48,44.8,47.8,42.95,41.99,42.25,41.53,34.55,34.79,34.21,32.17,32.32,31.95,31.75,31.83,31.71,31.49,31.51,31.48,31.35,31.36,31.34,31.01,31.01,31.01,6838,8820
2025-08-07 17:00:00,0.46,7.12,11.52,11.53,10.8,19.01,12.57,11.49,49.89,50.64,48.39,42.23,42.32,42.1,33.87,34.2,33.49,31.78,31.95,31.6,31.62,31.7,31.6,31.47,31.49,31.47,31.36,31.36,31.36,31.02,31.05,31.01,6820,9096
2025-08-07 16:00:00,0.52,7.19,11.49,11.51,10.74,19.02,12.56,11.49,50.97,51.11,50.74,41.58,42.01,41.05,33.06,33.49,32.66,31.42,31.6,31.25,31.53,31.6,31.49,31.5,31.54,31.48,31.37,31.41,31.36,31.07,31.13,31.04,6851,9821
2025-08-07 15:00:00,0.55,7.28,11.47,11.48,10.73,19.01,12.46,11.49,50.8,50.99,50.6,39.91,40.88,38.78,32.17,32.56,31.8,31.12,31.24,31.01,31.49,31.49,31.49,31.56,31.59,31.53,31.45,31.48,31.4,31.12,31.13,31.11,6851,9864
2025-08-07 14:00:00,0.73,7.3,11.4,11.42,10.73,18.95,12.47,11.5,49.95,50.99,48.37,37.16,38.47,35.87,31.35,31.72,31.01,30.91,31.01,30.82,31.49,31.49,31.49,31.59,31.59,31.59,31.48,31.48,31.48,31.13,31.13,31.12,6851,9900
2025-08-07 13:00:00,0.7,7.15,11.32,11.38,10.78,18.98,12.49,11.52,45.6,47.92,43.19,34.38,35.66,33.09,30.6,30.94,30.3,30.77,30.81,30.76,31.5,31.55,31.49,31.63,31.7,31.59,31.51,31.54,31.48,31.13,31.13,31.13,6851,9864
2025-08-07 12:00:00,0.72,7.09,11.17,11.34,10.83,19.01,12.49,11.55,40.65,42.61,38.7,31.66,32.88,30.42,30,30.25,29.81,30.77,30.77,30.76,31.6,31.61,31.58,31.71,31.71,31.7,31.59,31.6,31.58,31.13,31.13,31.13,6849,9978
2025-08-07 11:00:00,0.71,6.9,11.1,11.32,10.84,19.02,12.51,11.57,35.66,38.22,33.54,29.06,30.18,28.01,29.54,29.71,29.35,30.79,30.87,30.77,31.68,31.72,31.61,31.77,31.82,31.71,31.6,31.6,31.6,31.13,31.16,31.13,6849,9990
2025-08-07 10:00:00,0.76,6.78,11.07,11.3,10.88,19.04,12.53,11.58,30.13,33.14,27.22,26.77,27.82,25.9,29.28,29.35,29.23,30.93,31.01,30.88,31.79,31.84,31.72,31.83,31.86,31.82,31.61,31.65,31.6,31.13,31.15,31.13,6842,10199
2025-08-07 09:00:00,0.76,6.64,11.04,11.32,10.87,19.03,12.55,11.58,23.37,26.64,20.48,25.24,25.69,24.98,29.26,29.35,29.23,31.14,31.26,31.01,31.95,32.06,31.89,31.93,31.94,31.91,31.67,31.7,31.65,31.13,31.16,31.13,6838,9809
2025-08-07 08:00:00,0.73,6.53,11,11.29,10.84,19,12.55,11.58,18.51,20.12,17.43,24.97,25.1,24.89,29.54,29.71,29.35,31.45,31.6,31.33,32.13,32.2,32.07,32.01,32.06,31.94,31.71,31.71,31.71,31.13,31.15,31.13,6648,6941
2025-08-07 07:00:00,0.69,6.47,11,11.29,10.86,18.97,12.55,11.58,17.34,17.45,17.29,25.37,25.6,25.1,29.98,30.19,29.79,31.74,31.89,31.6,32.28,32.36,32.2,32.06,32.09,32.06,31.71,31.71,31.71,31.13,31.14,31.13,6495,6736
2025-08-07 06:00:00,0.7,6.49,11.08,11.26,10.83,18.98,12.55,11.57,17.74,17.99,17.53,25.93,26.2,25.69,30.45,30.65,30.21,32.05,32.18,31.94,32.45,32.53,32.38,32.14,32.18,32.09,31.71,31.71,31.7,31.13,31.13,31.13,6493,0
2025-08-07 05:00:00,0.67,6.42,11.16,11.31,10.83,18.99,12.54,11.54,18.17,18.41,18,26.56,26.87,26.28,30.96,31.23,30.76,32.35,32.52,32.2,32.59,32.66,32.55,32.18,32.18,32.18,31.71,31.71,31.7,31.13,31.13,31.13,6506,0
2025-08-07 04:00:00,0.69,6.4,11.18,11.35,10.83,18.98,12.54,11.52,18.71,18.95,18.45,27.27,27.59,26.94,31.5,31.75,31.24,32.65,32.78,32.54,32.71,32.79,32.66,32.18,32.18,32.18,31.68,31.71,31.65,31.13,31.13,31.11,6517,0
2025-08-07 03:00:00,0.73,6.41,11.2,11.32,10.83,18.97,12.51,11.52,19.31,19.66,19.06,28.08,28.52,27.7,32.08,32.34,31.83,32.93,33.05,32.78,32.8,32.84,32.79,32.18,32.18,32.18,31.62,31.65,31.6,31.09,31.13,31.05,6519,0
2025-08-07 02:00:00,0.68,6.42,11.21,11.32,10.78,18.94,12.49,11.55,20.05,20.37,19.66,29.01,29.47,28.55,32.69,33.02,32.43,33.2,33.3,33.12,32.89,32.91,32.84,32.18,32.18,32.18,31.6,31.6,31.6,31.04,31.08,31.01,6530,0
2025-08-07 01:00:00,0.63,6.45,11.22,11.33,10.78,18.95,12.48,11.54,20.86,21.31,20.48,30.14,30.72,29.59,33.34,33.62,33.02,33.42,33.49,33.37,32.91,32.91,32.91,32.14,32.18,32.09,31.59,31.6,31.58,31.01,31.02,31.01,6535,0
2025-08-07 00:00:00,0.66,6.48,11.26,11.36,10.78,18.95,12.49,11.54,21.95,22.55,21.43,31.43,32.14,30.78,33.99,34.32,33.73,33.59,33.61,33.49,32.9,32.91,32.88,32.06,32.09,32.06,31.53,31.58,31.5,31.01,31.02,31.01,6510,0
2025-08-06 23:00:00,0.65,6.43,11.32,11.37,10.82,18.99,12.48,11.53,23.44,24.27,22.72,33.04,33.84,32.27,34.62,34.91,34.33,33.69,33.72,33.62,32.81,32.89,32.79,32.01,32.06,31.94,31.48,31.48,31.48,31.01,31.01,31.01,6528,0
2025-08-06 22:00:00,0.65,6.48,11.44,11.39,10.8,18.97,12.46,11.52,25.84,27.64,24.39,34.94,35.86,34.03,35.15,35.38,34.91,33.69,33.73,33.61,32.71,32.79,32.66,31.94,31.95,31.94,31.48,31.48,31.48,31.01,31.01,31.01,6550,0
2025-08-06 21:00:00,0.59,6.62,11.55,11.41,10.79,18.92,12.45,11.52,30.46,32.79,28.07,36.81,37.59,36,35.5,35.62,35.38,33.55,33.61,33.48,32.58,32.66,32.55,31.87,31.93,31.82,31.48,31.48,31.46,31.01,31.01,31.01,6591,0
2025-08-06 20:00:00,0.55,6.66,11.63,11.41,10.79,18.93,12.45,11.51,34.61,35.15,33.31,38.39,39.15,37.73,35.62,35.63,35.62,33.32,33.46,33.18,32.42,32.48,32.33,31.82,31.82,31.82,31.46,31.48,31.45,31.01,31.01,31.01,6702,6929
2025-08-06 19:00:00,0.56,6.72,11.65,11.44,10.79,18.92,12.45,11.52,36.24,37.87,35.27,40.29,41.38,39.29,35.53,35.62,35.38,33.02,33.14,32.9,32.27,32.31,32.2,31.8,31.82,31.76,31.47,31.48,31.46,31.01,31.01,31.01,6766,7016
2025-08-06 18:00:00,0.49,6.94,11.62,11.49,10.79,18.95,12.45,11.52,42.94,48.04,38.22,42.25,42.6,41.53,35.03,35.37,34.7,32.67,32.84,32.5,32.14,32.2,32.08,31.75,31.79,31.72,31.48,31.48,31.47,31.01,31.03,31.01,6742,7000
2025-08-06 17:00:00,0.43,7.11,11.59,11.47,10.81,18.96,12.47,11.53,49.89,50.63,48.36,42.56,42.61,42.43,34.36,34.66,34.04,32.3,32.43,32.16,32.03,32.08,31.97,31.73,31.76,31.71,31.48,31.48,31.48,31.04,31.06,31.02,6849,9896
2025-08-06 16:00:00,0.46,7.19,11.57,11.46,10.82,18.95,12.49,11.52,50.51,50.64,50.23,42.02,42.37,41.51,33.57,33.96,33.16,31.96,32.09,31.83,31.95,31.96,31.93,31.74,31.78,31.72,31.48,31.51,31.48,31.08,31.11,31.05,6851,9935
2025-08-06 15:00:00,0.51,7.27,11.52,11.45,10.82,18.95,12.5,11.51,50.25,50.48,50.02,40.29,41.33,39.05,32.74,33.14,32.4,31.69,31.83,31.6,31.91,31.94,31.89,31.8,31.82,31.74,31.53,31.57,31.51,31.11,31.12,31.1,6851,9978
2025-08-06 14:00:00,0.71,7.28,11.49,11.47,10.84,19.01,12.51,11.53,49.23,50.69,46.97,37.42,38.81,36.2,32,32.31,31.72,31.52,31.6,31.48,31.93,31.96,31.9,31.82,31.82,31.82,31.58,31.6,31.57,31.12,31.13,31.11,6851,10022
2025-08-06 13:00:00,0.74,7.15,11.44,11.42,10.87,19.06,12.54,11.56,44.37,46.53,42.6,34.83,35.98,33.73,31.37,31.65,31.11,31.43,31.48,31.39,31.96,31.96,31.96,31.83,31.88,31.82,31.6,31.6,31.6,31.13,31.13,31.13,6851,10073
2025-08-06 12:00:00,0.7,7.07,11.41,11.41,10.87,19.03,12.55,11.58,40.57,42.24,38.27,32.42,33.5,31.25,30.86,31.07,30.65,31.42,31.48,31.39,32,32.08,31.96,31.93,31.94,31.9,31.6,31.6,31.6,31.13,31.13,31.12,6849,10120
2025-08-06 11:00:00,0.69,6.96,11.29,11.39,10.86,19.05,12.56,11.59,35.54,37.87,33.41,30.12,31.06,29.23,30.53,30.65,30.42,31.5,31.59,31.47,32.11,32.18,32.08,31.95,31.97,31.94,31.6,31.62,31.6,31.13,31.13,31.12,6849,10152
2025-08-06 10:00:00,0.74,6.8,11.21,11.39,10.87,19.05,12.57,11.6,30.84,33.2,28.29,28.16,29.01,27.34,30.42,30.42,30.42,31.66,31.72,31.6,32.22,32.31,32.2,32.03,32.06,31.99,31.64,31.66,31.62,31.13,31.13,31.13,6844,10361
2025-08-06 09:00:00,0.79,6.61,11.18,11.37,10.88,19.06,12.58,11.59,24.6,27.68,21.81,26.9,27.25,26.69,30.51,30.65,30.42,31.88,32.05,31.75,32.35,32.43,32.31,32.06,32.07,32.06,31.66,31.68,31.65,31.12,31.13,31.1,6838,9963
2025-08-06 08:00:00,0.73,6.49,11.22,11.28,10.85,19.08,12.58,11.59,20.01,21.43,19.11,26.84,27.11,26.68,30.85,31.1,30.65,32.18,32.31,32.06,32.48,32.55,32.43,32.12,32.18,32.08,31.68,31.7,31.65,31.08,31.12,31.05,6666,6961
2025-08-06 07:00:00,0.73,6.48,11.23,11.34,10.87,19.06,12.57,11.6,19.23,19.54,19.06,27.47,27.83,27.11,31.35,31.6,31.13,32.45,32.56,32.31,32.61,32.66,32.55,32.18,32.18,32.16,31.65,31.68,31.63,31.04,31.08,31.02,6506,6744
2025-08-06 06:00:00,0.71,6.5,11.26,11.34,10.85,19.04,12.56,11.58,19.97,20.37,19.54,28.33,28.76,27.93,31.86,32.07,31.6,32.72,32.8,32.61,32.73,32.79,32.66,32.18,32.18,32.18,31.62,31.65,31.6,31.01,31.02,31.01,6506,0
2025-08-06 05:00:00,0.66,6.52,11.3,11.31,10.83,19.04,12.55,11.57,20.92,21.55,20.45,29.3,29.83,28.87,32.38,32.65,32.16,32.96,33.06,32.89,32.82,32.9,32.79,32.18,32.18,32.18,31.6,31.6,31.6,31.01,31.01,31.01,6517,0
2025-08-06 04:00:00,0.7,6.58,11.3,11.31,10.81,19.04,12.54,11.56,22.5,23.43,21.67,30.39,30.89,29.91,32.87,33.14,32.66,33.19,33.25,33.13,32.91,32.91,32.9,32.18,32.18,32.18,31.6,31.6,31.6,31,31.01,30.99,6524,0
2025-08-06 03:00:00,0.7,6.62,11.32,11.35,10.84,19.02,12.53,11.59,24.97,26.16,23.58,31.4,31.8,31,33.35,33.59,33.14,33.39,33.49,33.28,32.94,32.99,32.91,32.18,32.18,32.18,31.56,31.6,31.51,30.96,31,30.93,6537,0
2025-08-06 02:00:00,0.69,6.6,11.36,11.37,10.79,19.01,12.51,11.56,26.77,27.22,26.28,32.21,32.58,31.84,33.81,34.02,33.61,33.55,33.61,33.49,32.98,33,32.96,32.14,32.18,32.07,31.48,31.51,31.48,30.91,30.94,30.89,6546,0
2025-08-06 01:00:00,0.71,6.56,11.4,11.4,10.81,18.95,12.5,11.55,27.81,28.3,27.31,33.06,33.49,32.66,34.27,34.5,34.08,33.69,33.73,33.61,32.93,32.98,32.91,32.06,32.07,32.06,31.48,31.48,31.46,30.89,30.9,30.89,6550,0
2025-08-06 00:00:00,0.67,6.55,11.45,11.4,10.79,19,12.57,11.55,28.69,28.88,28.41,34.01,34.56,33.57,34.73,34.93,34.55,33.75,33.81,33.73,32.9,32.91,32.84,32,32.06,31.94,31.39,31.46,31.36,30.89,30.89,30.89,6528,0
2025-08-05 23:00:00,0.64,6.58,11.53,11.43,10.83,19.02,12.63,11.54,29.22,30.65,28.1,35.3,35.86,34.66,35.19,35.38,35.03,33.8,33.84,33.75,32.79,32.84,32.75,31.92,31.94,31.88,31.36,31.37,31.36,30.89,30.89,30.88,6542,0
2025-08-05 22:00:00,0.66,6.66,11.63,11.41,10.81,18.99,12.61,11.53,31.45,31.81,30.89,36.63,37.39,35.98,35.55,35.72,35.38,33.72,33.73,33.7,32.66,32.77,32.57,31.82,31.85,31.82,31.36,31.36,31.35,30.89,30.89,30.88,6550,0
2025-08-05 21:00:00,0.57,6.7,11.73,11.44,10.8,18.96,12.6,11.53,34.29,36.09,32.07,38.16,38.81,37.5,35.77,35.84,35.73,33.56,33.64,33.48,32.51,32.57,32.43,31.76,31.82,31.71,31.32,31.35,31.28,30.89,30.89,30.88,6606,0
2025-08-05 20:00:00,0.59,6.74,11.77,11.44,10.81,19,12.6,11.52,37.67,38.58,36.45,39.58,40.25,38.93,35.78,35.84,35.74,33.29,33.41,33.15,32.34,32.43,32.28,31.71,31.71,31.71,31.28,31.31,31.27,30.89,30.89,30.89,6731,6965
2025-08-05 19:00:00,0.55,6.84,11.77,11.46,10.81,18.99,12.6,11.52,39.93,41.47,38.81,41.22,42.04,40.4,35.56,35.74,35.38,32.98,33.13,32.79,32.17,32.24,32.09,31.66,31.69,31.6,31.28,31.31,31.27,30.89,30.89,30.89,6804,7071
2025-08-05 18:00:00,0.49,7.04,11.73,11.51,10.82,18.98,12.6,11.53,45.9,50.06,41.89,42.71,42.95,42.23,35.05,35.37,34.75,32.61,32.78,32.41,32.03,32.08,31.96,31.6,31.62,31.59,31.3,31.33,31.28,30.89,30.89,30.89,6822,7102
2025-08-05 17:00:00,0.42,7.18,11.7,11.47,10.83,18.98,12.61,11.55,51.25,51.94,50.11,42.81,42.95,42.6,34.37,34.66,34.06,32.24,32.41,32.07,31.91,31.96,31.84,31.59,31.59,31.59,31.34,31.36,31.33,30.89,30.9,30.89,6847,9644
2025-08-05 16:00:00,0.5,7.23,11.66,11.48,10.86,18.99,12.62,11.56,51.57,51.82,51.35,42.07,42.49,41.53,33.59,33.96,33.22,31.9,32.07,31.76,31.83,31.84,31.78,31.59,31.6,31.59,31.36,31.36,31.35,30.89,30.91,30.89,6851,9785
2025-08-05 15:00:00,0.53,7.3,11.62,11.48,10.85,19,12.65,11.58,51.18,51.59,50.91,40.36,41.41,39.16,32.76,33.14,32.43,31.62,31.72,31.48,31.74,31.79,31.72,31.6,31.63,31.59,31.36,31.36,31.36,30.91,30.94,30.9,6851,9840
2025-08-05 14:00:00,0.69,7.29,11.59,11.48,10.87,19.04,12.68,11.6,49.81,51.11,48.04,37.69,38.93,36.57,32.04,32.34,31.72,31.43,31.48,31.36,31.72,31.74,31.72,31.66,31.71,31.6,31.37,31.39,31.36,30.93,30.95,30.91,6851,9864
2025-08-05 13:00:00,0.69,7.2,11.52,11.46,10.89,19.1,12.62,11.61,45.56,47.56,43.32,35.22,36.33,34.09,31.41,31.72,31.13,31.34,31.36,31.3,31.78,31.83,31.73,31.71,31.71,31.7,31.41,31.47,31.38,30.95,30.99,30.94,6849,9935
2025-08-05 12:00:00,0.72,7.11,11.51,11.45,10.93,19.13,12.57,11.63,41.11,42.95,38.93,32.88,33.96,31.81,30.9,31.13,30.72,31.31,31.36,31.28,31.84,31.85,31.83,31.71,31.73,31.71,31.47,31.48,31.45,30.96,30.98,30.94,6851,9959
2025-08-05 11:00:00,0.7,7.04,11.4,11.45,10.9,19.08,12.57,11.64,36.8,38.58,35.03,30.65,31.6,29.67,30.53,30.65,30.42,31.36,31.4,31.35,31.93,31.96,31.86,31.78,31.82,31.73,31.48,31.48,31.48,30.96,30.98,30.94,6849,10069
2025-08-05 10:00:00,0.73,6.86,11.29,11.4,10.89,19.08,12.58,11.64,31.83,34.56,29.25,28.55,29.47,27.72,30.39,30.42,30.36,31.49,31.6,31.4,32.03,32.08,31.96,31.82,31.82,31.82,31.48,31.48,31.48,30.94,30.96,30.91,6849,10120
2025-08-05 09:00:00,0.76,6.66,11.27,11.41,10.89,19.11,12.58,11.64,25.46,28.67,22.73,27.23,27.6,27,30.44,30.53,30.39,31.7,31.83,31.6,32.15,32.2,32.08,31.86,31.92,31.82,31.48,31.48,31.48,30.91,30.94,30.89,6838,10053
2025-08-05 08:00:00,0.68,6.54,11.33,11.36,10.89,19.13,12.58,11.63,20.92,22.38,20.06,27.14,27.34,27,30.74,30.92,30.54,31.95,32.07,31.83,32.27,32.31,32.2,31.94,31.94,31.93,31.48,31.48,31.48,30.89,30.9,30.89,6662,6957
2025-08-05 07:00:00,0.65,6.55,11.34,11.35,10.86,19.15,12.58,11.62,20.28,20.64,20.06,27.74,28.05,27.42,31.17,31.36,31,32.22,32.31,32.09,32.4,32.43,32.31,31.94,31.97,31.94,31.48,31.48,31.48,30.89,30.89,30.89,6506,6744
2025-08-05 06:00:00,0.66,6.53,11.37,11.41,10.86,19.16,12.57,11.61,21.14,21.55,20.72,28.45,28.76,28.13,31.62,31.83,31.43,32.46,32.56,32.34,32.51,32.55,32.43,31.97,32,31.96,31.48,31.48,31.48,30.89,30.89,30.88,6504,0
2025-08-05 05:00:00,0.68,6.58,11.38,11.39,10.87,19.12,12.58,11.6,22.03,22.49,21.55,29.2,29.59,28.88,32.07,32.31,31.84,32.71,32.79,32.62,32.6,32.66,32.55,32.01,32.02,32,31.46,31.48,31.43,30.88,30.89,30.87,6517,0
2025-08-05 04:00:00,0.69,6.58,11.4,11.37,10.86,19.12,12.66,11.59,23.09,23.79,22.61,30.02,30.42,29.59,32.54,32.78,32.31,32.93,33.02,32.81,32.66,32.68,32.66,31.99,32.02,31.96,31.4,31.43,31.36,30.82,30.86,30.78,6524,0
2025-08-05 03:00:00,0.67,6.66,11.4,11.38,10.84,19.09,12.7,11.6,24.54,24.96,23.91,30.79,31.16,30.42,33,33.24,32.78,33.14,33.25,33.02,32.74,32.79,32.68,31.94,31.97,31.94,31.36,31.36,31.36,30.78,30.8,30.77,6533,0
2025-08-05 02:00:00,0.69,6.6,11.43,11.39,10.84,19.04,12.67,11.6,25.51,26.28,24.59,31.63,31.96,31.25,33.49,33.73,33.25,33.32,33.37,33.25,32.78,32.79,32.77,31.93,31.94,31.93,31.35,31.36,31.31,30.77,30.77,30.77,6542,0
2025-08-05 01:00:00,0.68,6.6,11.47,11.41,10.84,19.05,12.68,11.59,26.77,27.08,26.15,32.43,32.9,32.07,33.98,34.2,33.73,33.45,33.49,33.38,32.74,32.78,32.68,31.85,31.93,31.82,31.26,31.31,31.24,30.77,30.77,30.77,6546,0
2025-08-05 00:00:00,0.67,6.54,11.51,11.41,10.86,19.06,12.66,11.58,26.52,27.7,25.66,33.61,34.2,33.02,34.49,34.68,34.27,33.57,33.61,33.5,32.67,32.7,32.66,31.81,31.82,31.76,31.24,31.24,31.23,30.74,30.77,30.74,6524,0
2025-08-04 23:00:00,0.64,6.58,11.59,11.43,10.84,19.08,12.66,11.58,28.9,29.63,27.93,34.88,35.5,34.32,34.96,35.15,34.78,33.6,33.61,33.58,32.58,32.65,32.55,31.72,31.75,31.71,31.2,31.24,31.17,30.72,30.74,30.7,6542,0
2025-08-04 22:00:00,0.59,6.66,11.69,11.48,10.83,19.02,12.7,11.59,30.38,30.99,29.83,36.35,37.16,35.62,35.33,35.49,35.15,33.5,33.57,33.48,32.45,32.55,32.41,31.64,31.71,31.59,31.13,31.14,31.12,30.69,30.72,30.67,6550,0
2025-08-04 21:00:00,0.58,6.73,11.79,11.5,10.84,19.06,12.7,11.59,33.56,35.84,31.22,38.03,38.7,37.28,35.55,35.59,35.5,33.34,33.46,33.25,32.29,32.37,32.2,31.58,31.59,31.54,31.12,31.12,31.12,30.69,30.72,30.68,6604,0
2025-08-04 20:00:00,0.59,6.77,11.81,11.51,10.83,19.13,12.69,11.58,37.48,38.56,36.2,39.46,40.14,38.81,35.53,35.59,35.5,33.07,33.22,32.9,32.13,32.2,32.08,31.48,31.51,31.47,31.12,31.12,31.12,30.7,30.72,30.68,6731,6965
2025-08-04 19:00:00,0.55,6.87,11.81,11.54,10.85,19.1,12.68,11.56,39.9,41.32,38.7,41.01,41.77,40.25,35.31,35.48,35.15,32.75,32.9,32.59,31.96,32.06,31.87,31.46,31.47,31.45,31.12,31.12,31.12,30.72,30.75,30.69,6813,7083
2025-08-04 18:00:00,0.49,7.04,11.78,11.55,10.86,19.1,12.69,11.56,45.54,49.67,41.67,42.4,42.6,41.89,34.78,35.08,34.47,32.39,32.54,32.2,31.8,31.85,31.72,31.42,31.46,31.37,31.12,31.12,31.12,30.74,30.77,30.73,6838,7938
2025-08-04 17:00:00,0.44,7.15,11.78,11.52,10.83,19.14,12.7,11.57,50.43,50.64,49.94,42.43,42.6,42.24,34.12,34.43,33.82,32.01,32.18,31.83,31.69,31.72,31.61,31.37,31.39,31.36,31.12,31.12,31.12,30.77,30.77,30.76,6851,9577
2025-08-04 16:00:00,0.52,7.22,11.73,11.55,10.84,19.15,12.7,11.59,50.81,51.16,50.38,41.76,42.19,41.29,33.36,33.73,33,31.67,31.83,31.52,31.6,31.61,31.59,31.37,31.38,31.36,31.12,31.13,31.12,30.77,30.77,30.77,6849,9821
2025-08-04 15:00:00,0.54,7.29,11.71,11.54,10.8,19.16,12.7,11.61,50.35,50.72,50.17,40.19,41.16,39.05,32.54,32.9,32.18,31.4,31.49,31.29,31.52,31.6,31.49,31.4,31.42,31.37,31.16,31.21,31.14,30.77,30.77,30.77,6851,9864
2025-08-04 14:00:00,0.71,7.3,11.68,11.54,10.81,19.17,12.7,11.61,49.58,50.48,48.04,37.59,38.81,36.38,31.82,32.13,31.49,31.2,31.26,31.12,31.5,31.52,31.49,31.45,31.47,31.42,31.22,31.24,31.2,30.77,30.77,30.77,6851,9813
2025-08-04 13:00:00,0.73,7.19,11.63,11.53,10.83,19.2,12.71,11.63,45.12,47.68,42.36,35.05,36.21,33.96,31.17,31.48,30.9,31.11,31.12,31.06,31.56,31.61,31.5,31.47,31.47,31.47,31.24,31.24,31.23,30.77,30.77,30.77,6849,9931
2025-08-04 12:00:00,0.68,7.11,11.57,11.49,10.87,19.24,12.73,11.65,40.76,42.12,38.88,32.66,33.74,31.48,30.66,30.89,30.47,31.08,31.11,31.04,31.61,31.61,31.61,31.49,31.53,31.47,31.24,31.24,31.24,30.77,30.77,30.77,6849,10175
2025-08-04 11:00:00,0.69,7.02,11.44,11.47,10.9,19.24,12.75,11.66,36.24,38.18,34.66,30.41,31.34,29.47,30.3,30.42,30.18,31.13,31.17,31.12,31.69,31.72,31.61,31.57,31.59,31.52,31.24,31.25,31.24,30.77,30.77,30.77,6849,10069
2025-08-04 10:00:00,0.75,6.85,11.36,11.45,10.93,19.14,12.76,11.67,31.46,34.2,28.76,28.34,29.23,27.51,30.18,30.18,30.17,31.27,31.36,31.22,31.78,31.84,31.72,31.59,31.59,31.59,31.24,31.26,31.24,30.77,30.78,30.77,6847,10282
2025-08-04 09:00:00,0.79,6.64,11.33,11.41,10.93,19.16,12.75,11.66,25.01,28.12,22.37,27.04,27.41,26.86,30.23,30.31,30.18,31.46,31.6,31.36,31.89,31.96,31.84,31.64,31.71,31.6,31.25,31.27,31.24,30.77,30.77,30.77,6838,9265
2025-08-04 08:00:00,0.73,6.54,11.36,11.4,10.91,19.17,12.76,11.65,20.52,21.94,19.59,26.97,27.22,26.85,30.55,30.77,30.38,31.72,31.83,31.6,32.01,32.08,31.96,31.71,31.71,31.69,31.25,31.26,31.24,30.77,30.77,30.77,6664,6957
2025-08-04 07:00:00,0.77,6.53,11.44,11.36,10.91,19.17,12.75,11.65,19.71,20.01,19.54,27.62,28.02,27.24,31,31.24,30.77,31.97,32.07,31.83,32.14,32.2,32.08,31.71,31.71,31.71,31.24,31.25,31.24,30.76,30.77,30.76,6510,6756
2025-08-04 06:00:00,0.65,6.53,11.45,11.38,10.9,19.18,12.75,11.63,20.58,21.08,20.12,28.49,28.92,28.05,31.46,31.69,31.24,32.21,32.31,32.07,32.23,32.31,32.2,31.71,31.72,31.71,31.24,31.25,31.24,30.72,30.75,30.68,6506,0
2025-08-04 05:00:00,0.7,6.55,11.47,11.43,10.91,19.17,12.73,11.66,22.07,22.97,21.28,29.43,29.83,29,31.9,32.07,31.72,32.43,32.54,32.31,32.32,32.34,32.31,31.72,31.74,31.71,31.24,31.24,31.24,30.66,30.69,30.65,6517,0
2025-08-04 04:00:00,0.69,6.6,11.51,11.46,10.86,19.16,12.72,11.65,24.13,24.79,23.2,30.23,30.54,29.94,32.3,32.53,32.09,32.63,32.72,32.54,32.41,32.43,32.36,31.71,31.72,31.71,31.22,31.24,31.17,30.65,30.65,30.65,6528,0
2025-08-04 03:00:00,0.72,6.66,11.51,11.43,10.86,19.15,12.75,11.64,25.49,25.92,24.87,30.84,31.12,30.58,32.72,32.91,32.54,32.82,32.9,32.77,32.43,32.43,32.43,31.71,31.71,31.71,31.14,31.17,31.12,30.65,30.65,30.65,6535,0
2025-08-04 02:00:00,0.71,6.57,11.51,11.41,10.86,19.13,12.76,11.63,26.11,26.28,25.92,31.48,31.84,31.13,33.19,33.39,32.99,32.98,33.05,32.9,32.43,32.43,32.43,31.68,31.71,31.62,31.12,31.13,31.12,30.65,30.65,30.64,6542,0
2025-08-04 01:00:00,0.69,6.56,11.54,11.43,10.85,19.11,12.74,11.62,26.59,26.99,26.16,32.4,32.9,31.95,33.66,33.86,33.48,33.12,33.16,33.08,32.43,32.43,32.41,31.59,31.61,31.59,31.08,31.12,31.02,30.63,30.65,30.6,6542,0
2025-08-04 00:00:00,0.7,6.52,11.61,11.43,10.89,19.19,12.72,11.61,27.81,28.41,27.1,33.44,33.96,32.93,34.13,34.33,33.96,33.22,33.25,33.16,32.34,32.41,32.31,31.53,31.58,31.47,31.01,31.03,31,30.59,30.6,30.57,6528,0
2025-08-03 23:00:00,0.63,6.53,11.65,11.44,10.87,19.17,12.69,11.6,29.17,30.08,28.5,34.65,35.27,34.08,34.59,34.79,34.43,33.24,33.25,33.21,32.25,32.31,32.2,31.45,31.47,31.37,31,31,31,30.57,30.59,30.55,6537,0
2025-08-03 22:00:00,0.64,6.64,11.72,11.49,10.86,19.17,12.7,11.6,31.21,32.2,30.21,36.05,36.77,35.38,34.95,35.09,34.79,33.13,33.18,33.04,32.1,32.18,32.04,31.35,31.37,31.34,30.98,31,30.94,30.55,30.56,30.54,6550,0
2025-08-03 21:00:00,0.57,6.69,11.78,11.52,10.89,19.16,12.7,11.59,33.87,35.5,32.4,37.61,38.33,36.91,35.16,35.2,35.11,32.94,33.03,32.83,31.92,32,31.84,31.28,31.35,31.23,30.91,30.94,30.89,30.57,30.6,30.55,6591,55
2025-08-03 20:00:00,0.58,6.71,11.86,11.54,10.86,19.12,12.69,11.6,37.02,37.87,35.86,39.14,39.88,38.46,35.16,35.18,35.15,32.66,32.78,32.54,31.73,31.84,31.62,31.22,31.23,31.2,30.89,30.92,30.89,30.6,30.62,30.57,6706,6945
2025-08-03 19:00:00,0.55,6.81,11.84,11.5,10.82,19.17,12.69,11.6,39.26,40.97,38.06,40.98,41.95,40.05,34.96,35.14,34.79,32.3,32.45,32.11,31.56,31.61,31.49,31.15,31.19,31.11,30.91,30.95,30.89,30.64,30.65,30.62,6784,7047
2025-08-03 18:00:00,0.45,7.05,11.87,11.52,10.78,19.2,12.7,11.61,46.62,52.08,41.46,42.63,42.83,42.12,34.36,34.68,34.03,31.89,32.07,31.72,31.4,31.49,31.37,31.12,31.14,31.11,30.95,30.99,30.91,30.65,30.65,30.65,6769,7036
2025-08-03 17:00:00,0.36,7.15,11.87,11.51,10.79,19.2,12.69,11.63,51.96,52.29,51.47,42.46,42.72,42.21,33.61,33.96,33.25,31.48,31.68,31.28,31.27,31.35,31.25,31.11,31.11,31.11,31,31,30.97,30.65,30.65,30.65,6847,9521
2025-08-03 16:00:00,0.49,7.21,11.84,11.49,10.82,19.2,12.72,11.65,51.78,52.06,51.47,41.65,42.12,41.06,32.77,33.16,32.34,31.1,31.25,30.9,31.15,31.22,31.13,31.11,31.12,31.11,31,31,31,30.65,30.66,30.65,6851,9707
2025-08-03 15:00:00,0.52,7.29,11.8,11.34,10.82,19.21,12.75,11.67,51.18,51.38,50.99,39.88,40.93,38.61,31.88,32.31,31.48,30.79,30.89,30.67,31.13,31.13,31.12,31.13,31.19,31.11,31.01,31.04,31,30.67,30.72,30.65,6851,9714
2025-08-03 14:00:00,0.7,7.29,11.77,11.22,10.84,19.21,12.77,11.66,49.79,50.99,48.16,37.04,38.36,35.77,31.08,31.46,30.77,30.58,30.65,30.53,31.13,31.13,31.12,31.21,31.23,31.19,31.09,31.12,31.05,30.72,30.77,30.69,6851,9742
2025-08-03 13:00:00,0.72,7.17,11.63,11.18,10.86,19.25,12.79,11.68,45.34,47.45,43.56,34.39,35.59,33.18,30.37,30.68,30.06,30.44,30.53,30.41,31.13,31.16,31.13,31.23,31.25,31.23,31.12,31.12,31.12,30.75,30.77,30.74,6851,9872
2025-08-03 12:00:00,0.73,7.14,11.52,11.14,10.85,19.28,12.82,11.71,41.66,43.19,39.8,31.71,33,30.39,29.77,30.05,29.51,30.41,30.41,30.41,31.22,31.25,31.15,31.31,31.35,31.25,31.13,31.14,31.12,30.77,30.77,30.76,6851,9978
2025-08-03 11:00:00,0.72,6.95,11.48,11.11,10.88,19.31,12.8,11.73,36.8,39.16,34.64,29.05,30.18,27.93,29.28,29.47,29.11,30.46,30.53,30.41,31.29,31.37,31.25,31.35,31.37,31.35,31.18,31.23,31.15,30.77,30.77,30.76,6849,10057
2025-08-03 10:00:00,0.76,6.84,11.42,11.1,10.88,19.31,12.79,11.74,31.29,34.15,28.19,26.59,27.7,25.57,29.03,29.11,29,30.59,30.66,30.53,31.42,31.49,31.37,31.44,31.47,31.38,31.24,31.24,31.23,30.77,30.77,30.77,6844,10286
2025-08-03 09:00:00,0.8,6.66,11.37,11.09,10.91,19.34,12.81,11.74,23.34,27.34,19.99,24.84,25.37,24.5,29.04,29.11,29,30.81,30.96,30.67,31.57,31.62,31.49,31.5,31.55,31.47,31.24,31.24,31.24,30.77,30.77,30.77,6840,9904
2025-08-03 08:00:00,0.73,6.51,11.33,11.1,10.95,19.26,12.81,11.73,17.82,19.54,16.64,24.57,24.74,24.5,29.32,29.54,29.12,31.13,31.26,31.01,31.73,31.83,31.64,31.59,31.59,31.56,31.24,31.24,31.24,30.77,30.77,30.76,6648,6941
2025-08-03 07:00:00,0.65,6.53,11.32,11.12,10.96,19.25,12.8,11.72,16.63,16.82,16.51,25.08,25.38,24.76,29.8,30.06,29.59,31.45,31.6,31.32,31.9,31.96,31.84,31.63,31.67,31.59,31.24,31.24,31.24,30.75,30.76,30.73,6502,6756
2025-08-03 06:00:00,0.68,6.5,11.4,11.15,10.94,19.26,12.8,11.73,17.16,17.41,16.91,25.78,26.16,25.45,30.31,30.53,30.07,31.74,31.86,31.6,32.05,32.11,31.97,31.7,31.71,31.69,31.24,31.24,31.24,30.7,30.72,30.67,6497,0
2025-08-03 05:00:00,0.71,6.47,11.49,11.13,10.94,19.26,12.79,11.74,17.78,18.12,17.45,26.57,26.99,26.17,30.85,31.13,30.62,32.04,32.18,31.91,32.18,32.2,32.09,31.71,31.71,31.71,31.24,31.24,31.24,30.65,30.68,30.65,6506,0
2025-08-03 04:00:00,0.7,6.47,11.5,11.19,10.92,19.26,12.77,11.72,18.67,19.18,18.2,27.48,27.93,27.06,31.4,31.68,31.13,32.32,32.41,32.18,32.28,32.31,32.22,31.71,31.71,31.71,31.23,31.24,31.23,30.65,30.66,30.65,6519,0
2025-08-03 03:00:00,0.71,6.48,11.55,11.25,10.94,19.24,12.79,11.71,19.77,20.24,19.29,28.46,28.96,28.03,31.97,32.25,31.72,32.58,32.68,32.45,32.35,32.41,32.31,31.71,31.71,31.71,31.17,31.23,31.12,30.65,30.65,30.65,6528,0
2025-08-03 02:00:00,0.66,6.53,11.58,11.27,10.89,19.2,12.81,11.69,21.01,21.78,20.34,29.57,30.12,29.01,32.56,32.8,32.31,32.82,32.9,32.71,32.43,32.43,32.43,31.71,31.71,31.7,31.12,31.13,31.12,30.64,30.65,30.63,6537,0
2025-08-03 01:00:00,0.69,6.62,11.59,11.26,10.88,19.17,12.78,11.68,23.21,24.74,22.02,30.73,31.22,30.18,33.13,33.38,32.9,33,33.09,32.9,32.43,32.43,32.43,31.62,31.69,31.59,31.11,31.12,31.09,30.62,30.65,30.57,6542,0
2025-08-03 00:00:00,0.74,6.59,11.64,11.29,10.9,19.2,12.77,11.67,25.1,25.66,24.65,31.77,32.31,31.25,33.69,33.96,33.45,33.13,33.16,33.09,32.38,32.43,32.31,31.58,31.59,31.55,31.04,31.1,31,30.56,30.59,30.54,6519,0
2025-08-02 23:00:00,0.7,6.55,11.69,11.3,10.9,19.27,12.77,11.66,24.93,25.57,24.39,33.15,33.96,32.43,34.25,34.54,33.97,33.22,33.25,33.16,32.29,32.31,32.21,31.48,31.51,31.47,31,31,31,30.55,30.57,30.54,6537,0
2025-08-02 22:00:00,0.68,6.58,11.77,11.35,10.9,19.24,12.76,11.66,27,27.93,25.81,34.88,35.74,34.08,34.74,34.91,34.55,33.17,33.24,33.13,32.16,32.21,32.08,31.41,31.47,31.35,31,31,31,30.54,30.55,30.54,6550,0
2025-08-02 21:00:00,0.63,6.71,11.88,11.37,10.9,19.21,12.77,11.65,30.38,33.02,28.04,36.76,37.57,35.89,35.08,35.15,34.96,33.04,33.13,32.91,32.01,32.08,31.96,31.35,31.35,31.34,30.97,31,30.94,30.54,30.56,30.54,6606,126
2025-08-02 20:00:00,0.59,6.78,11.95,11.42,10.92,19.24,12.77,11.65,35.49,36.33,33.61,38.42,39.18,37.71,35.15,35.15,35.15,32.77,32.9,32.65,31.83,31.95,31.74,31.26,31.32,31.23,30.94,30.97,30.92,30.55,30.6,30.54,6706,6941
2025-08-02 19:00:00,0.58,6.85,11.95,11.41,10.88,19.23,12.76,11.66,37.65,39.4,36.49,40.36,41.4,39.4,35,35.15,34.81,32.44,32.62,32.31,31.66,31.72,31.61,31.23,31.23,31.22,30.94,30.97,30.92,30.58,30.61,30.57,6784,7055
2025-08-02 18:00:00,0.48,7.07,11.95,11.37,10.82,19.21,12.76,11.65,45.01,50.4,39.88,42.11,42.35,41.53,34.45,34.79,34.09,32.06,32.25,31.86,31.52,31.61,31.48,31.22,31.23,31.19,30.97,31,30.95,30.63,30.65,30.62,6766,7024
2025-08-02 17:00:00,0.42,7.2,11.95,11.4,10.85,19.24,12.76,11.67,50.32,50.71,49.94,42.1,42.24,41.89,33.76,34.08,33.41,31.67,31.83,31.48,31.38,31.46,31.36,31.19,31.22,31.17,31,31,30.98,30.65,30.65,30.64,6851,9647
2025-08-02 16:00:00,0.5,7.3,11.93,11.4,10.84,19.26,12.77,11.7,50.77,51.07,50.52,41.48,41.87,40.93,32.97,33.37,32.57,31.32,31.48,31.17,31.28,31.36,31.25,31.2,31.21,31.17,31,31,31,30.65,30.65,30.65,6851,9821
2025-08-02 15:00:00,0.54,7.37,11.9,11.38,10.84,19.26,12.78,11.72,50.54,50.87,50.34,39.8,40.82,38.58,32.14,32.54,31.82,31.02,31.12,30.89,31.25,31.25,31.25,31.22,31.23,31.2,31,31.01,31,30.65,30.65,30.65,6851,9896
2025-08-02 14:00:00,0.72,7.38,11.84,11.32,10.85,19.3,12.82,11.76,49.3,50.76,47.33,37.1,38.36,35.98,31.41,31.72,31.13,30.82,30.89,30.77,31.25,31.25,31.24,31.23,31.23,31.23,31.05,31.09,31.01,30.65,30.67,30.65,6851,9967
2025-08-02 13:00:00,0.74,7.26,11.8,11.32,10.89,19.36,12.86,11.79,44.68,47.09,42.83,34.68,35.74,33.61,30.76,31.04,30.5,30.69,30.77,30.65,31.25,31.25,31.25,31.24,31.29,31.23,31.11,31.12,31.1,30.65,30.68,30.65,6849,9967
2025-08-02 12:00:00,0.74,7.22,11.66,11.31,10.89,19.37,12.9,11.8,40.6,42.6,38.34,32.2,33.37,31.01,30.21,30.42,30.02,30.65,30.65,30.65,31.28,31.35,31.25,31.32,31.35,31.3,31.12,31.12,31.12,30.67,30.7,30.66,6849,10152
2025-08-02 11:00:00,0.72,7.09,11.56,11.27,10.91,19.38,12.9,11.8,36.09,37.82,34.46,29.95,30.89,29,29.8,29.95,29.7,30.69,30.77,30.65,31.37,31.39,31.36,31.35,31.36,31.35,31.12,31.14,31.12,30.7,30.72,30.68,6849,10183
2025-08-02 10:00:00,0.77,6.92,11.5,11.27,10.88,19.41,12.89,11.79,31.56,34.08,28.95,27.76,28.76,26.83,29.6,29.68,29.58,30.81,30.89,30.77,31.47,31.49,31.43,31.41,31.47,31.36,31.15,31.19,31.12,30.7,30.72,30.68,6849,10160
2025-08-02 09:00:00,0.82,6.81,11.46,11.25,10.94,19.42,12.86,11.81,24.42,28.18,21.31,26.21,26.64,25.95,29.61,29.71,29.59,30.99,31.12,30.89,31.58,31.62,31.49,31.47,31.47,31.46,31.2,31.23,31.17,30.69,30.73,30.68,6838,9202
2025-08-02 08:00:00,0.77,6.69,11.43,11.25,10.96,19.43,12.85,11.81,19.56,20.96,18.68,26.11,26.39,25.94,29.88,30.06,29.71,31.25,31.36,31.12,31.71,31.76,31.63,31.52,31.59,31.47,31.23,31.24,31.21,30.67,30.7,30.65,6644,6929
2025-08-02 07:00:00,0.76,6.58,11.51,11.24,10.98,19.29,12.85,11.82,18.92,19.42,18.59,26.79,27.22,26.4,30.29,30.5,30.08,31.49,31.6,31.36,31.85,31.93,31.8,31.59,31.59,31.58,31.23,31.24,31.23,30.65,30.67,30.65,6510,6760
2025-08-02 06:00:00,0.72,6.62,11.6,11.28,10.97,19.29,12.85,11.81,20.39,21.43,19.54,27.63,27.97,27.22,30.69,30.88,30.53,31.73,31.83,31.6,31.98,32.06,31.96,31.6,31.63,31.59,31.23,31.24,31.2,30.65,30.65,30.65,6502,0
2025-08-02 05:00:00,0.73,6.63,11.64,11.28,10.94,19.29,12.85,11.79,22.38,22.85,21.55,28.28,28.53,28.05,31.05,31.24,30.89,31.94,32.07,31.83,32.09,32.13,32.07,31.66,31.7,31.64,31.2,31.24,31.17,30.65,30.65,30.65,6517,0
2025-08-02 04:00:00,0.75,6.63,11.65,11.29,10.93,19.29,12.89,11.78,23.18,23.45,22.96,28.79,29,28.53,31.42,31.6,31.24,32.17,32.31,32.07,32.19,32.2,32.16,31.68,31.69,31.67,31.15,31.2,31.12,30.65,30.65,30.65,6524,0
2025-08-02 03:00:00,0.7,6.67,11.69,11.34,10.93,19.29,12.9,11.77,23.97,24.39,23.56,29.26,29.47,29.05,31.82,32.05,31.62,32.39,32.5,32.31,32.24,32.31,32.2,31.66,31.68,31.63,31.12,31.13,31.12,30.64,30.65,30.62,6533,0
2025-08-02 02:00:00,0.73,6.63,11.67,11.41,10.91,19.28,12.88,11.75,24.75,24.98,24.47,29.75,29.97,29.5,32.26,32.5,32.07,32.6,32.66,32.54,32.31,32.31,32.31,31.6,31.65,31.59,31.12,31.12,31.11,30.59,30.63,30.54,6542,0
2025-08-02 01:00:00,0.76,6.66,11.67,11.36,10.9,19.27,12.85,11.74,24.99,25.45,24.76,30.31,30.55,30.06,32.75,33.02,32.54,32.78,32.88,32.66,32.31,32.31,32.31,31.59,31.59,31.57,31.07,31.12,31.01,30.54,30.58,30.54,6546,0
2025-08-02 00:00:00,0.77,6.67,11.7,11.32,10.89,19.38,12.83,11.73,24.15,25.47,22.75,31.08,31.67,30.65,33.3,33.61,33.02,32.93,33.02,32.88,32.27,32.31,32.2,31.51,31.56,31.47,31,31.03,31,30.54,30.55,30.54,6517,0
2025-08-01 23:00:00,0.69,6.59,11.75,11.29,10.88,19.33,12.81,11.72,23.73,24.42,23.09,32.49,33.25,31.78,33.88,34.09,33.61,33.02,33.02,33,32.2,32.21,32.18,31.46,31.48,31.43,31,31,31,30.54,30.54,30.54,6533,0
2025-08-01 22:00:00,0.7,6.58,11.79,11.33,10.87,19.34,12.8,11.72,25.71,27.11,24.53,34.23,35.13,33.37,34.37,34.55,34.18,33,33.02,32.93,32.09,32.16,32.06,31.37,31.42,31.35,30.99,31,30.96,30.54,30.54,30.54,6550,0
2025-08-01 21:00:00,0.65,6.73,11.87,11.37,10.9,19.32,12.81,11.72,29.71,32.24,27.46,36.09,36.84,35.27,34.69,34.79,34.55,32.86,32.93,32.78,31.95,32.04,31.87,31.33,31.35,31.27,30.95,30.97,30.92,30.54,30.54,30.54,6613,232
2025-08-01 20:00:00,0.59,6.83,11.92,11.41,10.89,19.32,12.82,11.71,34.43,35.15,32.78,37.62,38.36,36.95,34.79,34.79,34.78,32.62,32.77,32.5,31.78,31.84,31.72,31.24,31.28,31.23,30.92,30.94,30.9,30.54,30.54,30.54,6715,6953
2025-08-01 19:00:00,0.6,6.86,11.95,11.34,10.85,19.29,12.81,11.72,36.28,38.09,35.23,39.47,40.46,38.53,34.62,34.78,34.43,32.31,32.45,32.18,31.64,31.72,31.6,31.23,31.23,31.23,30.93,30.96,30.92,30.54,30.57,30.54,6802,7071
2025-08-01 18:00:00,0.46,7.1,11.98,11.36,10.81,19.29,12.81,11.72,43.51,48.75,38.59,41.13,41.33,40.59,34.1,34.43,33.81,31.97,32.18,31.83,31.51,31.6,31.47,31.23,31.23,31.22,30.97,31,30.94,30.57,30.6,30.55,6778,7039
2025-08-01 17:00:00,0.47,7.23,11.98,11.38,10.83,19.29,12.8,11.73,48.44,48.87,47.68,40.98,41.27,40.74,33.44,33.73,33.14,31.6,31.76,31.48,31.38,31.45,31.37,31.22,31.23,31.21,31,31,30.99,30.63,30.65,30.6,6851,9896
2025-08-01 16:00:00,0.51,7.28,11.95,11.38,10.81,19.33,12.83,11.77,48,48.04,47.8,40.32,40.71,39.8,32.71,33.06,32.34,31.29,31.46,31.12,31.31,31.37,31.25,31.22,31.23,31.21,31,31,31,30.65,30.65,30.65,6851,9900
2025-08-01 15:00:00,0.53,7.36,11.94,11.37,10.84,19.35,12.87,11.79,47.69,47.92,47.56,38.7,39.66,37.62,31.96,32.31,31.64,31.04,31.12,30.95,31.25,31.26,31.25,31.23,31.23,31.22,31,31.02,31,30.65,30.65,30.65,6849,10006
2025-08-01 14:00:00,0.69,7.33,11.92,11.3,10.86,19.39,12.9,11.81,46.45,47.38,44.81,36.3,37.39,35.29,31.3,31.6,31.01,30.87,30.92,30.81,31.25,31.26,31.25,31.23,31.25,31.23,31.07,31.11,31.01,30.65,30.65,30.65,6851,9967
2025-08-01 13:00:00,0.81,7.21,11.84,11.32,10.87,19.42,12.92,11.82,42.89,44.37,41.18,34.15,35.15,33.14,30.7,31,30.42,30.77,30.79,30.77,31.3,31.35,31.27,31.29,31.34,31.23,31.12,31.12,31.1,30.65,30.65,30.65,6849,10053
2025-08-01 12:00:00,0.74,7.19,11.72,11.26,10.88,19.43,12.92,11.84,39.29,40.93,37.34,31.87,32.9,30.77,30.21,30.42,30.05,30.77,30.77,30.76,31.37,31.38,31.36,31.35,31.36,31.34,31.12,31.12,31.12,30.65,30.66,30.65,6849,10081
2025-08-01 11:00:00,0.71,7.05,11.61,11.21,10.85,19.45,12.93,11.85,35.1,36.8,33.73,29.75,30.63,28.86,29.86,29.99,29.71,30.79,30.87,30.77,31.46,31.49,31.4,31.4,31.46,31.35,31.13,31.14,31.12,30.65,30.66,30.65,6849,10199
2025-08-01 10:00:00,0.78,6.89,11.52,11.18,10.89,19.45,12.92,11.86,31.27,33.49,28.71,27.69,28.64,26.75,29.69,29.71,29.65,30.93,31.01,30.89,31.57,31.61,31.49,31.47,31.48,31.47,31.17,31.2,31.15,30.65,30.65,30.65,6842,10250
2025-08-01 09:00:00,0.84,6.78,11.46,11.16,10.94,19.49,12.91,11.87,24.36,27.93,21.47,26.19,26.63,25.93,29.72,29.82,29.65,31.13,31.24,31.01,31.69,31.72,31.61,31.52,31.58,31.47,31.21,31.23,31.2,30.65,30.65,30.65,6838,9253
2025-08-01 08:00:00,0.77,6.67,11.47,11.14,10.96,19.38,12.9,11.86,19.64,21.08,18.7,26.04,26.28,25.92,29.99,30.18,29.82,31.39,31.49,31.24,31.83,31.92,31.75,31.59,31.59,31.59,31.23,31.24,31.22,30.65,30.65,30.65,6660,6945
2025-08-01 07:00:00,0.75,6.58,11.52,11.14,10.94,19.39,12.9,11.85,18.84,19.2,18.61,26.63,26.99,26.29,30.42,30.65,30.19,31.66,31.8,31.57,31.97,32.06,31.92,31.62,31.68,31.59,31.23,31.24,31.22,30.65,30.65,30.65,6506,6760
2025-08-01 06:00:00,0.74,6.6,11.63,11.13,10.93,19.41,12.91,11.84,19.8,20.44,19.29,27.38,27.7,27.05,30.86,31.08,30.65,31.92,32.06,31.83,32.1,32.16,32.08,31.69,31.71,31.68,31.22,31.24,31.19,30.65,30.65,30.63,6502,0
2025-08-01 05:00:00,0.7,6.62,11.64,11.1,10.93,19.41,12.92,11.83,21,21.35,20.54,28.11,28.41,27.82,31.31,31.52,31.12,32.17,32.31,32.07,32.2,32.23,32.18,31.71,31.71,31.71,31.16,31.21,31.13,30.62,30.65,30.59,6510,0
2025-08-01 04:00:00,0.73,6.6,11.67,11.13,10.91,19.4,12.93,11.82,21.99,22.74,21.43,28.84,29.2,28.53,31.77,31.95,31.59,32.4,32.53,32.31,32.3,32.31,32.23,31.71,31.71,31.71,31.12,31.14,31.12,30.56,30.6,30.54,6524,0
2025-08-01 03:00:00,0.75,6.63,11.7,11.16,10.93,19.37,12.92,11.82,23.14,23.31,22.96,29.58,29.94,29.23,32.23,32.43,32.03,32.61,32.71,32.54,32.33,32.38,32.31,31.71,31.71,31.7,31.12,31.12,31.12,30.54,30.54,30.54,6533,0
2025-08-01 02:00:00,0.71,6.69,11.69,11.13,10.91,19.34,12.92,11.8,24,24.62,23.44,30.44,30.89,30.06,32.72,32.93,32.54,32.81,32.9,32.73,32.4,32.41,32.37,31.63,31.68,31.6,31.09,31.12,31.06,30.54,30.54,30.54,6539,0
2025-08-01 01:00:00,0.76,6.68,11.71,11.08,10.9,19.31,12.91,11.79,25.29,25.72,24.67,31.34,31.8,30.91,33.2,33.45,33.02,32.96,33.02,32.9,32.4,32.43,32.34,31.59,31.6,31.59,31.01,31.04,31,30.53,30.54,30.53,6542,0
2025-08-01 00:00:00,0.72,6.65,11.75,11,10.92,19.43,12.89,11.79,26.14,26.74,25.78,32.36,32.9,31.84,33.7,33.95,33.49,33.08,33.13,33.02,32.32,32.36,32.31,31.53,31.59,31.47,31,31,31,30.51,30.53,30.48,6522,0
2025-07-31 23:00:00,0.72,6.64,11.8,10.97,10.9,19.41,12.9,11.83,27.56,28.29,26.85,33.56,34.16,33,34.16,34.34,33.96,33.13,33.13,33.13,32.26,32.31,32.2,31.47,31.47,31.44,30.96,31,30.91,30.47,30.51,30.45,6542,0
2025-07-31 22:00:00,0.66,6.68,11.84,10.95,10.9,19.39,12.88,11.82,29.48,30.45,28.49,34.92,35.62,34.24,34.55,34.66,34.41,33.09,33.13,33.02,32.15,32.2,32.08,31.37,31.41,31.35,30.89,30.92,30.89,30.45,30.48,30.43,6550,0
2025-07-31 21:00:00,0.66,6.81,11.91,10.97,10.9,19.39,12.87,11.82,32.2,33.73,30.72,36.39,37.04,35.74,34.82,34.91,34.7,32.96,33.02,32.89,32.01,32.08,31.95,31.32,31.35,31.26,30.89,30.89,30.89,30.45,30.47,30.43,6608,189
2025-07-31 20:00:00,0.59,6.86,11.96,11.01,10.92,19.38,12.87,11.82,35.08,35.62,34,37.81,38.57,37.16,34.9,34.91,34.89,32.71,32.84,32.57,31.83,31.92,31.72,31.23,31.25,31.23,30.89,30.89,30.88,30.46,30.48,30.45,6720,6953
2025-07-31 19:00:00,0.61,6.91,11.99,11.02,10.88,19.37,12.86,11.8,36.64,38.43,35.74,39.64,40.59,38.7,34.74,34.88,34.55,32.42,32.55,32.31,31.68,31.72,31.61,31.22,31.23,31.22,30.89,30.89,30.89,30.48,30.51,30.44,6802,7075
2025-07-31 18:00:00,0.47,7.12,12.05,11.01,10.84,19.37,12.86,11.76,43.98,48.62,38.93,41.28,41.45,40.82,34.24,34.55,33.96,32.07,32.25,31.92,31.56,31.61,31.49,31.19,31.22,31.17,30.89,30.89,30.89,30.52,30.54,30.49,6784,7047
2025-07-31 17:00:00,0.46,7.26,12.04,11.05,10.85,19.4,12.87,11.77,48.29,48.48,48.07,41.16,41.39,40.93,33.58,33.84,33.25,31.72,31.83,31.59,31.43,31.49,31.37,31.14,31.18,31.13,30.89,30.89,30.89,30.53,30.54,30.52,6851,9817
2025-07-31 16:00:00,0.53,7.33,12,11.04,10.87,19.42,12.9,11.79,48.15,48.27,47.93,40.51,40.93,40,32.87,33.24,32.54,31.4,31.57,31.26,31.36,31.37,31.34,31.15,31.17,31.14,30.89,30.91,30.89,30.54,30.54,30.53,6851,9880
2025-07-31 15:00:00,0.54,7.38,11.98,11.01,10.86,19.41,12.94,11.81,48.07,48.34,47.8,38.87,39.88,37.75,32.12,32.43,31.83,31.16,31.25,31.11,31.29,31.32,31.26,31.18,31.21,31.17,30.95,31,30.92,30.54,30.54,30.54,6851,9939
2025-07-31 14:00:00,0.68,7.36,11.93,11.01,10.87,19.43,12.92,11.83,46.89,48.04,45.18,36.47,37.52,35.49,31.5,31.76,31.24,30.99,31.04,30.91,31.28,31.3,31.26,31.22,31.23,31.2,30.99,31,30.97,30.54,30.54,30.54,6851,9943
2025-07-31 13:00:00,0.79,7.24,11.87,10.98,10.88,19.47,12.92,11.84,42.77,44.72,41.28,34.4,35.28,33.49,30.94,31.23,30.69,30.89,30.89,30.89,31.34,31.37,31.29,31.23,31.24,31.23,31,31,31,30.54,30.55,30.54,6849,10002
2025-07-31 12:00:00,0.72,7.21,11.75,10.96,10.91,19.52,12.95,11.86,39.28,41.18,37.39,32.28,33.25,31.29,30.48,30.65,30.3,30.89,30.89,30.87,31.37,31.39,31.37,31.28,31.34,31.24,31,31.01,31,30.54,30.54,30.54,6849,10136
2025-07-31 11:00:00,0.69,7.13,11.69,10.96,10.87,19.51,12.98,11.89,35.55,37.03,34.22,30.34,31.13,29.47,30.15,30.3,30.06,30.9,30.98,30.89,31.47,31.49,31.4,31.35,31.35,31.34,31.01,31.03,31,30.54,30.54,30.54,6847,10128
2025-07-31 10:00:00,0.75,6.96,11.64,10.95,10.92,19.53,13.01,11.89,31.75,33.96,29.45,28.39,29.24,27.58,29.97,30.05,29.94,31.03,31.12,30.99,31.56,31.61,31.49,31.36,31.39,31.35,31.06,31.08,31.03,30.54,30.54,30.54,6842,10081
2025-07-31 09:00:00,0.81,6.76,11.56,10.92,10.96,19.54,13.01,11.9,25.52,28.88,22.82,26.99,27.45,26.74,30,30.08,29.94,31.22,31.36,31.12,31.67,31.72,31.61,31.45,31.47,31.42,31.08,31.1,31.06,30.54,30.54,30.54,6840,9900
2025-07-31 08:00:00,0.73,6.65,11.59,10.91,10.97,19.56,13.01,11.89,21,22.45,20.02,26.79,26.99,26.68,30.28,30.44,30.14,31.47,31.6,31.36,31.79,31.84,31.72,31.47,31.47,31.47,31.08,31.11,31.06,30.54,30.54,30.54,6662,6953
2025-07-31 07:00:00,0.71,6.63,11.66,10.9,10.97,19.57,13,11.87,20.04,20.31,19.89,27.32,27.65,27,30.69,30.89,30.52,31.72,31.83,31.6,31.92,31.96,31.84,31.5,31.54,31.47,31.07,31.09,31.05,30.54,30.54,30.53,6510,6764
2025-07-31 06:00:00,0.69,6.65,11.7,10.9,10.97,19.57,12.99,11.89,20.69,21.08,20.37,28.05,28.41,27.7,31.12,31.34,30.89,31.95,32.07,31.83,32.02,32.08,31.96,31.55,31.58,31.51,31.02,31.08,31.01,30.5,30.53,30.46,6506,0
2025-07-31 05:00:00,0.72,6.66,11.73,10.9,10.95,19.53,12.96,11.93,21.81,22.61,21.19,28.87,29.23,28.53,31.56,31.72,31.36,32.18,32.31,32.07,32.1,32.16,32.08,31.58,31.59,31.56,31,31,31,30.43,30.48,30.42,6517,0
2025-07-31 04:00:00,0.73,6.7,11.76,10.94,10.95,19.56,12.95,11.91,23.47,24.03,22.76,29.62,29.94,29.29,31.97,32.18,31.77,32.37,32.43,32.31,32.2,32.2,32.18,31.56,31.58,31.54,31,31,31,30.42,30.43,30.42,6528,0
2025-07-31 03:00:00,0.72,6.73,11.79,10.98,10.96,19.53,12.95,11.9,24.59,25.06,24.15,30.34,30.66,30.01,32.4,32.61,32.18,32.58,32.66,32.49,32.2,32.22,32.2,31.51,31.54,31.48,30.97,31,30.92,30.42,30.42,30.41,6537,0
2025-07-31 02:00:00,0.76,6.75,11.78,10.97,10.96,19.5,12.96,11.88,25.5,25.78,25.1,31.09,31.48,30.77,32.83,33.02,32.66,32.73,32.78,32.66,32.22,32.23,32.2,31.47,31.48,31.47,30.9,30.94,30.89,30.41,30.42,30.39,6542,0
2025-07-31 01:00:00,0.72,6.7,11.79,10.98,10.95,19.46,12.97,11.87,26.32,26.75,25.81,31.94,32.39,31.54,33.28,33.49,33.09,32.86,32.9,32.78,32.21,32.23,32.2,31.44,31.47,31.36,30.88,30.89,30.87,30.36,30.4,30.32,6546,0
2025-07-31 00:00:00,0.72,6.7,11.84,10.98,10.93,19.47,12.97,11.86,27.49,27.93,26.99,32.9,33.37,32.43,33.71,33.93,33.5,32.94,32.99,32.9,32.19,32.2,32.16,31.35,31.37,31.35,30.8,30.86,30.77,30.31,30.33,30.3,6524,0
2025-07-30 23:00:00,0.68,6.69,11.89,10.96,10.93,19.46,12.94,11.84,28.67,29.7,27.96,34.03,34.56,33.49,34.13,34.31,33.96,32.98,33.02,32.93,32.09,32.15,32.06,31.28,31.35,31.23,30.77,30.77,30.77,30.3,30.31,30.3,6542,0
2025-07-30 22:00:00,0.68,6.75,11.94,10.99,10.93,19.45,12.92,11.83,30.86,31.84,29.92,35.26,35.86,34.66,34.45,34.55,34.32,32.9,32.91,32.89,31.96,32.05,31.87,31.21,31.23,31.14,30.76,30.77,30.75,30.3,30.31,30.3,6550,0
2025-07-30 21:00:00,0.65,6.85,11.98,11.01,10.95,19.46,12.9,11.82,32.6,33.73,31.95,36.56,37.16,35.98,34.64,34.68,34.55,32.75,32.87,32.66,31.8,31.85,31.72,31.11,31.14,31.11,30.72,30.76,30.69,30.3,30.3,30.3,6613,492
2025-07-30 20:00:00,0.61,6.9,12.03,11.04,10.9,19.44,12.93,11.83,35.5,36.52,34.07,37.84,38.46,37.28,34.66,34.66,34.66,32.52,32.66,32.41,31.64,31.72,31.6,31.05,31.11,31,30.68,30.72,30.66,30.3,30.31,30.3,6731,6961
2025-07-30 19:00:00,0.61,6.91,12.07,11,10.84,19.43,12.93,11.82,37.19,38.81,36.21,39.41,40.28,38.58,34.52,34.66,34.33,32.22,32.36,32.07,31.48,31.58,31.42,31,31,31,30.67,30.69,30.66,30.3,30.31,30.3,6820,7091
2025-07-30 18:00:00,0.45,7.16,12.12,11.03,10.87,19.42,12.93,11.83,43.92,48.39,39.18,40.91,41.09,40.47,34.01,34.32,33.73,31.87,32.07,31.72,31.33,31.38,31.25,31,31,30.99,30.69,30.73,30.67,30.3,30.32,30.3,6791,7055
2025-07-30 17:00:00,0.42,7.25,12.12,11.06,10.86,19.43,12.91,11.85,48.03,48.38,47.8,40.86,41.06,40.71,33.4,33.7,33.11,31.52,31.72,31.36,31.22,31.25,31.14,30.98,31,30.95,30.72,30.76,30.7,30.34,30.37,30.31,6851,9770
2025-07-30 16:00:00,0.5,7.32,12.1,11.04,10.87,19.43,12.93,11.87,47.93,48.51,47.8,40.34,40.71,39.88,32.69,33.02,32.33,31.2,31.36,31.06,31.13,31.15,31.12,30.97,30.98,30.96,30.76,30.77,30.75,30.38,30.4,30.36,6851,9801
2025-07-30 15:00:00,0.55,7.39,12.07,11,10.87,19.45,12.98,11.9,48.07,48.28,47.68,38.78,39.75,37.66,31.96,32.31,31.66,30.94,31.03,30.87,31.07,31.12,31.04,30.98,31,30.97,30.77,30.77,30.77,30.4,30.42,30.39,6851,9970
2025-07-30 14:00:00,0.7,7.38,12,10.99,10.89,19.48,13,11.93,46.96,48.16,45.44,36.43,37.5,35.48,31.31,31.6,31.04,30.76,30.83,30.66,31.04,31.06,31.03,31,31,31,30.77,30.77,30.77,30.42,30.42,30.4,6851,10022
2025-07-30 13:00:00,0.8,7.26,11.95,10.97,10.89,19.52,13.02,11.95,43.18,45.17,41.18,34.32,35.27,33.34,30.75,31.01,30.53,30.65,30.65,30.64,31.08,31.12,31.04,31,31.01,31,30.78,30.81,30.77,30.42,30.42,30.42,6851,10053
2025-07-30 12:00:00,0.72,7.21,11.8,10.94,10.93,19.57,13.03,11.97,38.97,40.82,37.28,32.22,33.14,31.25,30.3,30.47,30.13,30.65,30.65,30.64,31.13,31.13,31.12,31.05,31.11,31,30.83,30.87,30.8,30.42,30.42,30.42,6849,10061
2025-07-30 11:00:00,0.7,7.14,11.72,10.93,10.95,19.62,13.04,11.98,35.68,37.03,34.18,30.32,31.13,29.47,29.94,30.06,29.82,30.65,30.66,30.65,31.18,31.25,31.13,31.11,31.11,31.11,30.88,30.89,30.86,30.42,30.42,30.41,6849,10230
2025-07-30 10:00:00,0.78,6.97,11.68,10.89,10.93,19.61,13.03,11.98,31.74,33.68,29.83,28.48,29.32,27.7,29.77,29.82,29.71,30.73,30.77,30.67,31.26,31.32,31.25,31.13,31.17,31.11,30.89,30.89,30.89,30.42,30.42,30.42,6842,10309
2025-07-30 09:00:00,0.82,6.8,11.64,10.86,10.93,19.59,13.04,11.99,26.26,29.22,23.79,27.13,27.58,26.87,29.77,29.82,29.71,30.89,31.01,30.77,31.37,31.4,31.34,31.21,31.23,31.17,30.89,30.89,30.89,30.42,30.42,30.4,6840,9525
2025-07-30 08:00:00,0.76,6.67,11.64,10.89,10.92,19.6,13.04,11.98,21.86,23.44,20.48,26.82,26.99,26.75,29.99,30.18,29.85,31.12,31.24,31.01,31.49,31.54,31.43,31.23,31.23,31.23,30.89,30.89,30.89,30.41,30.42,30.41,6662,6949
2025-07-30 07:00:00,0.7,6.64,11.68,10.9,10.99,19.61,13.04,11.98,20.52,20.87,20.32,27.31,27.58,27,30.34,30.53,30.18,31.34,31.47,31.24,31.6,31.63,31.56,31.25,31.3,31.23,30.89,30.89,30.89,30.4,30.42,30.38,6517,6768
2025-07-30 06:00:00,0.71,6.65,11.77,10.91,10.98,19.61,13.02,11.96,21.34,21.9,20.96,27.96,28.29,27.67,30.71,30.89,30.53,31.56,31.66,31.48,31.7,31.72,31.63,31.32,31.34,31.29,30.89,30.89,30.88,30.35,30.4,30.33,6506,0
2025-07-30 05:00:00,0.75,6.66,11.8,10.95,11.02,19.58,13.05,11.95,22.69,23.44,22.02,28.58,28.82,28.3,31.08,31.24,30.9,31.77,31.83,31.71,31.78,31.84,31.72,31.34,31.35,31.33,30.87,30.89,30.86,30.31,30.35,30.3,6517,0
2025-07-30 04:00:00,0.75,6.69,11.82,10.91,11.04,19.56,13.03,11.94,23.25,23.54,22.87,29.14,29.47,28.88,31.45,31.64,31.24,31.95,32.07,31.83,31.84,31.86,31.84,31.34,31.35,31.33,30.82,30.88,30.79,30.3,30.3,30.3,6524,0
2025-07-30 03:00:00,0.72,6.68,11.85,10.92,11,19.58,13.03,11.93,24,24.86,23.09,29.88,30.18,29.55,31.86,32.06,31.72,32.14,32.18,32.07,31.91,31.95,31.86,31.29,31.34,31.25,30.77,30.79,30.77,30.3,30.3,30.29,6535,0
2025-07-30 02:00:00,0.77,6.75,11.88,10.94,11,19.55,13.01,11.91,25.63,25.92,25.07,30.48,30.74,30.25,32.23,32.43,32.06,32.3,32.34,32.2,31.94,31.96,31.93,31.23,31.25,31.23,30.77,30.77,30.76,30.28,30.3,30.26,6542,0
2025-07-30 01:00:00,0.74,6.73,11.88,10.98,10.98,19.55,13.02,11.9,25.89,26.03,25.69,31.05,31.36,30.77,32.65,32.88,32.43,32.42,32.5,32.39,31.9,31.95,31.87,31.22,31.23,31.2,30.73,30.77,30.67,30.24,30.28,30.21,6542,0
2025-07-30 00:00:00,0.76,6.67,11.88,11.02,11.03,19.56,13.03,11.89,25.59,25.84,25.23,31.87,32.41,31.44,33.1,33.34,32.9,32.53,32.54,32.5,31.84,31.85,31.83,31.13,31.19,31.11,30.65,30.67,30.65,30.2,30.23,30.19,6519,0
2025-07-29 23:00:00,0.71,6.65,11.9,11.03,10.98,19.53,13,11.89,26.1,26.76,25.37,33.08,33.73,32.49,33.55,33.73,33.37,32.54,32.54,32.54,31.75,31.83,31.72,31.09,31.11,31.03,30.65,30.65,30.64,30.19,30.22,30.18,6542,0
2025-07-29 22:00:00,0.67,6.66,11.98,11.03,10.96,19.5,12.99,11.89,28.2,29.83,26.99,34.56,35.25,33.84,33.89,33.99,33.73,32.48,32.54,32.41,31.65,31.72,31.61,31,31.01,31,30.64,30.65,30.63,30.18,30.2,30.18,6550,0
2025-07-29 21:00:00,0.64,6.8,12.02,11,10.89,19.47,12.97,11.88,31.97,33.84,30.19,35.98,36.54,35.38,34.07,34.08,34.02,32.33,32.41,32.2,31.51,31.61,31.44,30.93,30.99,30.88,30.62,30.63,30.6,30.2,30.22,30.18,6624,764
2025-07-29 20:00:00,0.62,6.86,12.07,11.01,10.9,19.5,12.97,11.87,35.33,36.09,34.2,37.13,37.75,36.58,34.06,34.08,34,32.08,32.18,31.95,31.34,31.41,31.25,30.88,30.88,30.88,30.61,30.63,30.59,30.21,30.23,30.2,6737,6976
2025-07-29 19:00:00,0.59,6.88,12.13,11.05,10.91,19.48,12.96,11.88,36.19,37.75,35.27,38.68,39.52,37.87,33.87,33.97,33.73,31.78,31.94,31.63,31.2,31.25,31.13,30.86,30.88,30.83,30.62,30.64,30.6,30.26,30.28,30.23,6842,7114
2025-07-29 18:00:00,0.45,7.06,12.15,11.06,10.88,19.47,12.98,11.88,43.12,47.33,38.34,40,40.18,39.64,33.36,33.64,33.03,31.45,31.6,31.25,31.07,31.13,31.01,30.83,30.86,30.81,30.64,30.65,30.63,30.29,30.3,30.28,6802,7055
2025-07-29 17:00:00,0.46,7.12,12.15,11.05,10.9,19.47,13,11.9,46.19,46.85,46.03,39.77,40,39.64,32.74,33.02,32.43,31.1,31.24,30.97,30.97,31.01,30.9,30.81,30.83,30.79,30.65,30.65,30.65,30.3,30.3,30.28,6851,9817
2025-07-29 16:00:00,0.55,7.21,12.15,11.01,10.91,19.49,13.03,11.93,46.07,46.4,45.64,39.13,39.53,38.58,32.04,32.41,31.72,30.79,30.9,30.67,30.9,30.9,30.89,30.83,30.86,30.8,30.65,30.66,30.65,30.3,30.3,30.3,6851,10030
2025-07-29 15:00:00,0.54,7.3,12.09,10.96,10.93,19.52,13.03,11.95,45.61,45.8,45.32,37.54,38.47,36.5,31.32,31.61,31.01,30.57,30.65,30.47,30.88,30.9,30.86,30.87,30.88,30.85,30.68,30.74,30.65,30.31,30.34,30.3,6851,10081
2025-07-29 14:00:00,0.69,7.21,12.02,10.92,10.93,19.57,13.03,11.98,44.65,45.56,42.89,35.25,36.32,34.32,30.69,31,30.42,30.41,30.44,30.37,30.9,30.9,30.88,30.88,30.88,30.88,30.76,30.77,30.74,30.34,30.37,30.31,6851,10120
2025-07-29 13:00:00,0.77,7.14,11.87,10.91,10.93,19.59,13.06,12.01,40.95,42.6,39.64,33.27,34.18,32.31,30.12,30.4,29.89,30.31,30.38,30.3,30.9,30.93,30.9,30.94,31,30.88,30.77,30.77,30.77,30.38,30.41,30.35,6849,10234
2025-07-29 12:00:00,0.73,7.13,11.79,10.87,10.95,19.62,13.11,12.03,37.93,39.4,36.21,31.13,32.18,30.06,29.65,29.82,29.47,30.3,30.3,30.3,30.99,31.01,30.93,31,31.02,31,30.77,30.8,30.77,30.39,30.42,30.37,6849,10148
2025-07-29 11:00:00,0.7,6.95,11.76,10.83,10.97,19.65,13.13,12.03,34.19,35.84,32.9,28.9,29.86,27.93,29.28,29.43,29.14,30.37,30.41,30.31,31.09,31.13,31.01,31.08,31.11,31.02,30.83,30.87,30.79,30.4,30.41,30.39,6847,10301
2025-07-29 10:00:00,0.8,6.83,11.76,10.83,10.97,19.69,13.13,12.04,30.12,32.43,27.7,26.75,27.7,25.89,29.11,29.12,29.07,30.49,30.58,30.41,31.21,31.26,31.13,31.12,31.16,31.11,30.87,30.89,30.86,30.4,30.41,30.39,6842,10053
2025-07-29 09:00:00,0.81,6.68,11.71,10.84,10.97,19.66,13.11,12.03,23.21,26.99,20.04,25.24,25.69,24.98,29.14,29.23,29.09,30.73,30.88,30.63,31.33,31.38,31.25,31.2,31.23,31.16,30.89,30.89,30.87,30.38,30.41,30.35,6840,10041
2025-07-29 08:00:00,0.74,6.57,11.64,10.85,10.96,19.67,13.11,12.04,18.05,19.66,16.98,25.05,25.21,24.94,29.46,29.71,29.25,31.02,31.13,30.89,31.49,31.56,31.42,31.23,31.25,31.23,30.89,30.89,30.88,30.34,30.36,30.32,6660,6949
2025-07-29 07:00:00,0.67,6.53,11.64,10.89,11.01,19.67,13.11,12.03,16.93,17.15,16.81,25.64,26.04,25.32,29.95,30.18,29.71,31.33,31.48,31.23,31.63,31.72,31.59,31.3,31.35,31.25,30.89,30.89,30.88,30.31,30.33,30.3,6506,6768
2025-07-29 06:00:00,0.72,6.51,11.73,10.91,11.04,19.65,13.12,12.02,17.66,18.16,17.19,26.49,26.88,26.09,30.47,30.74,30.24,31.61,31.72,31.48,31.75,31.84,31.72,31.35,31.35,31.35,30.89,30.89,30.88,30.3,30.3,30.3,6493,0
2025-07-29 05:00:00,0.73,6.49,11.82,10.94,11.06,19.64,13.13,12.01,18.73,19.26,18.24,27.43,27.93,26.99,31,31.24,30.77,31.86,31.95,31.72,31.85,31.89,31.84,31.35,31.35,31.35,30.85,30.86,30.8,30.3,30.3,30.29,6506,0
2025-07-29 04:00:00,0.71,6.5,11.85,10.91,11.05,19.63,13.1,11.98,20,20.72,19.37,28.48,29,27.99,31.53,31.75,31.25,32.11,32.18,32,31.95,31.96,31.91,31.35,31.35,31.35,30.78,30.82,30.77,30.26,30.29,30.23,6519,0
2025-07-29 03:00:00,0.71,6.56,11.9,10.96,11.05,19.62,13.08,11.98,22.12,23.44,20.96,29.55,30.03,29.09,32.04,32.29,31.83,32.31,32.41,32.2,31.97,31.99,31.96,31.34,31.35,31.33,30.77,30.77,30.77,30.21,30.24,30.18,6530,0
2025-07-29 02:00:00,0.71,6.65,11.92,11.02,11.03,19.62,13.05,11.99,24.4,25.1,23.68,30.52,30.99,30.06,32.52,32.75,32.31,32.48,32.55,32.41,31.99,32.02,31.97,31.26,31.32,31.23,30.76,30.77,30.74,30.18,30.19,30.18,6537,0
2025-07-29 01:00:00,0.74,6.62,11.92,11.02,11.05,19.6,13.06,11.99,25.72,26.28,25.21,31.53,32.07,31.01,32.99,33.23,32.78,32.62,32.66,32.54,31.97,32,31.96,31.23,31.23,31.22,30.67,30.72,30.65,30.18,30.18,30.18,6546,0
2025-07-29 00:00:00,0.71,6.61,11.97,11.03,11.03,19.6,13.05,11.97,27.22,27.93,26.42,32.66,33.2,32.14,33.45,33.62,33.25,32.66,32.68,32.66,31.95,31.96,31.89,31.15,31.22,31.11,30.65,30.66,30.65,30.18,30.18,30.18,6524,0
2025-07-28 23:00:00,0.66,6.62,12.02,11.03,11.03,19.61,13.05,11.96,29,29.94,28.05,33.85,34.43,33.25,33.84,33.99,33.65,32.67,32.71,32.66,31.84,31.89,31.78,31.09,31.11,31.04,30.63,30.65,30.59,30.18,30.18,30.17,6537,0
2025-07-28 22:00:00,0.67,6.67,12.05,11.06,10.99,19.55,13.06,11.95,30.84,31.84,29.96,35.12,35.74,34.56,34.15,34.27,34.04,32.63,32.66,32.54,31.69,31.75,31.61,31,31.02,30.99,30.55,30.59,30.53,30.18,30.18,30.17,6550,0
2025-07-28 21:00:00,0.62,6.78,12.13,11.08,10.95,19.55,13.05,11.95,33.48,35.02,32.07,36.43,36.99,35.86,34.32,34.33,34.31,32.46,32.55,32.34,31.55,31.61,31.49,30.91,30.99,30.88,30.53,30.55,30.53,30.18,30.18,30.17,6599,945
2025-07-28 20:00:00,0.63,6.83,12.18,11.02,10.91,19.53,13.05,11.94,36.64,37.65,35.38,37.62,38.22,37.04,34.32,34.33,34.32,32.21,32.32,32.07,31.39,31.49,31.3,30.88,30.88,30.86,30.53,30.54,30.53,30.18,30.18,30.18,6704,6941
2025-07-28 19:00:00,0.6,6.85,12.2,11.05,10.94,19.51,13.05,11.96,37.46,39.05,36.45,39.3,40.23,38.4,34.15,34.31,33.96,31.89,32.07,31.72,31.21,31.27,31.13,30.82,30.86,30.78,30.53,30.54,30.53,30.18,30.18,30.18,6802,7071
2025-07-28 18:00:00,0.47,7.07,12.24,11.06,10.92,19.51,13.05,11.96,44.71,48.98,39.52,40.82,40.96,40.36,33.62,33.96,33.33,31.54,31.72,31.36,31.09,31.13,31.01,30.77,30.83,30.76,30.54,30.55,30.53,30.18,30.19,30.18,6766,7032
2025-07-28 17:00:00,0.43,7.21,12.25,11.07,10.91,19.52,13.05,11.97,48.45,48.79,48.27,40.74,40.91,40.59,32.97,33.25,32.66,31.18,31.36,31.01,30.98,31.01,30.9,30.76,30.77,30.76,30.58,30.63,30.53,30.18,30.2,30.18,6847,9943
2025-07-28 16:00:00,0.55,7.28,12.24,11.03,10.92,19.54,13.05,11.97,49.15,49.46,48.93,40.11,40.54,39.52,32.22,32.59,31.83,30.85,31.01,30.72,30.9,30.9,30.9,30.76,30.77,30.76,30.64,30.65,30.63,30.21,30.25,30.18,6851,9947
2025-07-28 15:00:00,0.6,7.36,12.17,10.98,10.96,19.59,13.08,12.01,49.13,49.25,48.98,38.25,39.4,37,31.43,31.8,31.13,30.58,30.65,30.52,30.87,30.89,30.82,30.79,30.83,30.77,30.65,30.65,30.65,30.25,30.29,30.23,6851,9967
2025-07-28 14:00:00,0.71,7.3,12.1,10.93,10.97,19.63,13.14,12.03,47.64,48.87,45.77,35.55,36.78,34.45,30.75,31.02,30.44,30.42,30.49,30.37,30.87,30.9,30.85,30.87,30.88,30.85,30.65,30.68,30.65,30.29,30.3,30.28,6851,10069
2025-07-28 13:00:00,0.79,7.23,11.95,10.92,10.98,19.67,13.15,12.05,42.95,45.24,41.06,33.29,34.32,32.29,30.15,30.42,29.91,30.31,30.36,30.3,30.9,30.9,30.89,30.88,30.91,30.88,30.72,30.76,30.67,30.3,30.3,30.29,6851,9947
2025-07-28 12:00:00,0.76,7.22,11.86,10.88,11.02,19.69,13.16,12.08,38.88,40.82,36.77,31.08,32.07,30.06,29.68,29.82,29.47,30.3,30.3,30.3,30.96,31.01,30.9,30.98,31,30.91,30.77,30.77,30.75,30.3,30.3,30.3,6849,10112
2025-07-28 11:00:00,0.71,7.04,11.84,10.85,11.01,19.72,13.17,12.1,34.71,36.36,33.5,28.99,29.86,28.05,29.3,29.47,29.17,30.36,30.41,30.3,31.06,31.13,31.01,31.02,31.08,31,30.77,30.77,30.77,30.3,30.3,30.29,6849,10246
2025-07-28 10:00:00,0.81,6.93,11.84,10.84,11.01,19.77,13.19,12.11,30.54,33.14,27.9,26.81,27.82,25.81,29.1,29.12,29.08,30.48,30.54,30.41,31.18,31.25,31.13,31.11,31.11,31.09,30.77,30.77,30.77,30.3,30.3,30.3,6849,10290
2025-07-28 09:00:00,0.86,6.77,11.77,10.86,11.02,19.77,13.19,12.11,23.14,27.11,19.74,25.13,25.69,24.86,29.14,29.23,29.09,30.71,30.87,30.61,31.31,31.37,31.25,31.13,31.17,31.11,30.77,30.78,30.77,30.29,30.3,30.28,6838,9990
2025-07-28 08:00:00,0.75,6.66,11.71,10.87,11,19.74,13.2,12.1,17.73,19.29,16.77,24.98,25.21,24.86,29.48,29.71,29.26,31.01,31.14,30.89,31.45,31.5,31.37,31.22,31.23,31.2,30.77,30.8,30.77,30.27,30.3,30.23,6662,6953
2025-07-28 07:00:00,0.69,6.61,11.71,10.91,11.04,19.75,13.19,12.09,16.83,17.17,16.66,25.66,26.04,25.31,29.97,30.19,29.71,31.31,31.48,31.17,31.6,31.64,31.55,31.23,31.24,31.23,30.77,30.78,30.77,30.22,30.27,30.19,6506,6772
2025-07-28 06:00:00,0.74,6.59,11.8,10.91,11.07,19.75,13.17,12.11,17.65,18.12,17.17,26.57,27,26.16,30.5,30.77,30.29,31.59,31.72,31.48,31.72,31.76,31.66,31.25,31.28,31.24,30.77,30.77,30.77,30.19,30.2,30.18,6495,0
2025-07-28 05:00:00,0.76,6.6,11.91,10.94,11.1,19.75,13.17,12.1,18.89,19.61,18.23,27.6,28.05,27.11,31.02,31.24,30.77,31.84,31.95,31.72,31.83,31.85,31.78,31.3,31.32,31.28,30.77,30.77,30.77,30.18,30.18,30.18,6506,0
2025-07-28 04:00:00,0.72,6.62,11.93,10.91,11.07,19.73,13.16,12.08,20.85,22.36,19.77,28.68,29.12,28.17,31.53,31.72,31.33,32.08,32.18,31.95,31.92,31.96,31.84,31.29,31.31,31.26,30.76,30.77,30.72,30.18,30.18,30.17,6522,0
2025-07-28 03:00:00,0.73,6.69,11.98,10.95,11.07,19.7,13.18,12.07,23.66,24.39,22.61,29.57,29.94,29.22,31.98,32.18,31.78,32.27,32.37,32.18,31.96,31.96,31.96,31.24,31.27,31.23,30.69,30.73,30.65,30.15,30.17,30.12,6533,0
2025-07-28 02:00:00,0.75,6.72,12.01,11,11.07,19.7,13.18,12.09,24.88,25.33,24.41,30.34,30.68,29.97,32.44,32.66,32.18,32.46,32.54,32.37,31.96,31.97,31.96,31.23,31.23,31.22,30.65,30.65,30.65,30.09,30.12,30.07,6537,0
2025-07-28 01:00:00,0.81,6.74,12,11.02,11.07,19.71,13.16,12.09,25.27,25.36,25.1,31.2,31.71,30.77,32.93,33.14,32.68,32.6,32.66,32.54,31.96,31.96,31.96,31.17,31.23,31.11,30.62,30.65,30.58,30.06,30.07,30.06,6542,0
2025-07-28 00:00:00,0.79,6.7,12.02,11.01,11.06,19.7,13.16,12.08,25.39,25.81,25.1,32.37,33.02,31.77,33.42,33.61,33.2,32.67,32.71,32.66,31.92,31.96,31.84,31.11,31.11,31.08,30.54,30.58,30.53,30.06,30.06,30.06,6524,0
2025-07-27 23:00:00,0.7,6.7,12.08,11.03,11.08,19.65,13.13,12.06,27.16,29.01,25.93,33.79,34.45,33.14,33.86,34.03,33.66,32.68,32.72,32.66,31.81,31.85,31.73,31.02,31.1,31,30.53,30.53,30.53,30.06,30.06,30.06,6542,0
2025-07-27 22:00:00,0.69,6.78,12.14,11.06,11.04,19.63,13.1,12.05,30.79,31.95,29.47,35.15,35.74,34.56,34.15,34.25,34.08,32.63,32.66,32.54,31.68,31.72,31.61,30.94,31,30.88,30.51,30.53,30.47,30.06,30.06,30.06,6550,0
2025-07-27 21:00:00,0.64,6.9,12.21,11.09,10.98,19.63,13.08,12.04,33.7,35.27,32.18,36.41,36.93,35.86,34.32,34.32,34.3,32.47,32.54,32.36,31.54,31.61,31.46,30.88,30.88,30.86,30.44,30.48,30.42,30.06,30.06,30.05,6604,1307
2025-07-27 20:00:00,0.65,6.96,12.24,11.05,10.98,19.61,13.08,12.03,36.95,37.87,35.62,37.56,38.13,37.05,34.29,34.32,34.22,32.22,32.31,32.07,31.36,31.46,31.27,30.78,30.83,30.76,30.41,30.43,30.41,30.06,30.06,30.06,6706,6941
2025-07-27 19:00:00,0.62,6.97,12.28,11.07,10.97,19.59,13.08,12.03,37.53,39.12,36.58,39.09,39.97,38.27,34.1,34.21,33.95,31.91,32.07,31.74,31.2,31.25,31.13,30.76,30.76,30.76,30.41,30.42,30.41,30.06,30.06,30.06,6802,7075
2025-07-27 18:00:00,0.46,7.19,12.31,11.09,10.97,19.57,13.08,12.04,44.68,48.75,39.55,40.49,40.61,40.11,33.57,33.86,33.25,31.57,31.72,31.37,31.07,31.13,31.01,30.75,30.76,30.73,30.42,30.44,30.41,30.06,30.06,30.06,6766,7028
2025-07-27 17:00:00,0.46,7.28,12.32,11.11,10.98,19.58,13.1,12.07,48.3,48.57,48.16,40.29,40.5,40.09,32.95,33.25,32.66,31.22,31.36,31.11,30.96,31.01,30.9,30.72,30.74,30.69,30.45,30.48,30.42,30.06,30.06,30.06,6851,9774
2025-07-27 16:00:00,0.53,7.36,12.3,11.08,10.97,19.61,13.14,12.09,48.35,48.67,47.92,39.59,40,38.98,32.25,32.59,31.93,30.9,31.01,30.77,30.88,30.9,30.84,30.7,30.72,30.69,30.5,30.53,30.45,30.06,30.06,30.06,6851,9904
2025-07-27 15:00:00,0.54,7.45,12.25,11.03,10.99,19.63,13.18,12.11,47.38,47.8,46.97,37.8,38.81,36.68,31.54,31.83,31.24,30.67,30.77,30.55,30.79,30.81,30.78,30.72,30.76,30.69,30.53,30.53,30.52,30.07,30.1,30.06,6851,9963
2025-07-27 14:00:00,0.72,7.37,12.21,10.98,11.01,19.66,13.21,12.11,45.55,46.91,43.6,35.41,36.45,34.5,30.94,31.22,30.66,30.48,30.53,30.41,30.78,30.78,30.78,30.76,30.76,30.75,30.53,30.53,30.53,30.09,30.13,30.07,6851,10081
2025-07-27 13:00:00,0.79,7.31,12.06,10.93,11.05,19.7,13.23,12.13,41.54,43.19,39.88,33.5,34.33,32.62,30.41,30.65,30.18,30.41,30.41,30.41,30.81,30.87,30.78,30.76,30.77,30.76,30.53,30.55,30.53,30.12,30.16,30.1,6851,10234
2025-07-27 12:00:00,0.74,7.27,11.96,10.9,11.05,19.76,13.24,12.15,37.87,39.52,36.21,31.55,32.43,30.67,30,30.17,29.84,30.41,30.41,30.41,30.9,30.9,30.89,30.81,30.88,30.76,30.57,30.6,30.55,30.14,30.16,30.13,6851,10191
2025-07-27 11:00:00,0.7,7.14,11.9,10.9,11.05,19.8,13.23,12.17,34.7,35.98,33.25,29.76,30.54,28.95,29.69,29.82,29.59,30.41,30.41,30.41,30.96,31.01,30.9,30.88,30.88,30.87,30.63,30.65,30.6,30.15,30.17,30.14,6849,10294
2025-07-27 10:00:00,0.76,6.99,11.86,10.89,11.04,19.81,13.24,12.18,30.86,32.9,28.86,27.97,28.76,27.22,29.52,29.59,29.47,30.51,30.55,30.44,31.04,31.13,31.01,30.89,30.94,30.88,30.65,30.65,30.64,30.13,30.17,30.11,6842,10230
2025-07-27 09:00:00,0.83,6.84,11.82,10.89,11.06,19.78,13.26,12.19,25.22,28.29,22.69,26.65,27.1,26.4,29.53,29.6,29.47,30.69,30.78,30.58,31.16,31.25,31.13,30.98,31,30.94,30.65,30.65,30.64,30.1,30.14,30.08,6840,9982
2025-07-27 08:00:00,0.74,6.73,11.8,10.89,11.06,19.79,13.26,12.21,20.85,22.35,19.89,26.55,26.77,26.4,29.79,29.94,29.62,30.91,31.01,30.77,31.27,31.34,31.25,31,31.02,31,30.65,30.65,30.65,30.07,30.11,30.06,6662,6945
2025-07-27 07:00:00,0.72,6.69,11.84,10.94,11.06,19.81,13.25,12.21,20.32,21.19,19.89,27.17,27.46,26.86,30.14,30.3,29.94,31.14,31.24,31.01,31.38,31.44,31.36,31.04,31.1,31,30.65,30.65,30.64,30.06,30.07,30.06,6522,6779
2025-07-27 06:00:00,0.75,6.74,11.92,10.98,11.02,19.82,13.24,12.18,21.8,22.38,21.31,27.81,28.07,27.56,30.5,30.65,30.31,31.35,31.47,31.24,31.48,31.51,31.46,31.1,31.11,31.08,30.64,30.65,30.63,30.06,30.06,30.06,6506,0
2025-07-27 05:00:00,0.77,6.74,12,10.97,11.07,19.82,13.24,12.18,22.95,23.56,22.56,28.42,28.66,28.17,30.86,31.01,30.67,31.55,31.63,31.48,31.59,31.61,31.51,31.11,31.11,31.11,30.6,30.63,30.57,30.06,30.06,30.06,6517,0
2025-07-27 04:00:00,0.71,6.75,12,11,11.1,19.8,13.24,12.16,24.04,24.29,23.65,28.96,29.23,28.75,31.2,31.36,31.03,31.75,31.83,31.7,31.63,31.68,31.61,31.11,31.11,31.1,30.54,30.57,30.53,30.03,30.06,30,6524,0
2025-07-27 03:00:00,0.74,6.78,12.01,10.99,11.08,19.78,13.23,12.17,24.76,25.1,24.37,29.47,29.71,29.23,31.58,31.73,31.4,31.93,32.05,31.83,31.72,31.72,31.69,31.07,31.11,31.02,30.53,30.53,30.53,29.97,30.01,29.94,6535,0
2025-07-27 02:00:00,0.78,6.76,12.04,10.98,11.09,19.77,13.22,12.16,25.47,25.71,25.2,29.93,30.14,29.72,31.99,32.18,31.82,32.11,32.18,32.06,31.72,31.72,31.72,31.01,31.05,31,30.5,30.53,30.46,29.94,29.95,29.94,6539,0
2025-07-27 01:00:00,0.73,6.81,12.06,10.98,11.08,19.75,13.21,12.16,24.34,25.33,23.79,30.55,31.01,30.18,32.44,32.66,32.18,32.26,32.31,32.18,31.72,31.72,31.72,30.98,31,30.94,30.42,30.44,30.41,29.94,29.94,29.94,6542,0
2025-07-27 00:00:00,0.71,6.76,12.04,11.01,11.09,19.75,13.19,12.15,24.73,25.34,24.25,31.6,32.09,31.13,32.92,33.14,32.68,32.34,32.41,32.31,31.65,31.71,31.61,30.89,30.91,30.88,30.41,30.41,30.4,29.94,29.94,29.93,6519,0
2025-07-26 23:00:00,0.73,6.74,12.1,11.04,11.04,19.69,13.2,12.14,25.99,26.4,25.46,32.8,33.48,32.18,33.36,33.57,33.14,32.41,32.41,32.39,31.58,31.61,31.49,30.84,30.88,30.77,30.36,30.4,30.32,29.93,29.94,29.92,6537,0
2025-07-26 22:00:00,0.7,6.75,12.13,11.03,11.01,19.66,13.17,12.13,27.69,29.12,26.53,34.29,35,33.59,33.73,33.84,33.61,32.33,32.41,32.31,31.45,31.49,31.38,30.76,30.76,30.74,30.29,30.3,30.29,29.91,29.92,29.9,6550,0
2025-07-26 21:00:00,0.65,6.89,12.23,11.04,11.03,19.66,13.15,12.12,31.61,34.05,29.39,35.75,36.29,35.15,33.9,33.96,33.84,32.19,32.31,32.07,31.31,31.37,31.25,30.68,30.74,30.64,30.29,30.29,30.29,29.91,29.93,29.89,6608,1374
2025-07-26 20:00:00,0.62,6.97,12.26,11.07,11.01,19.64,13.14,12.11,35.68,36.21,34.55,36.81,37.39,36.34,33.86,33.91,33.84,31.94,32.07,31.83,31.16,31.25,31.1,30.64,30.64,30.63,30.29,30.29,30.29,29.91,29.92,29.89,6715,6953
2025-07-26 19:00:00,0.6,7.02,12.27,11.1,11.01,19.66,13.14,12.12,36.05,37.87,35.02,38.33,39.16,37.5,33.71,33.84,33.52,31.66,31.81,31.49,31.01,31.05,30.95,30.58,30.63,30.54,30.29,30.29,30.29,29.93,29.94,29.91,6811,7087
2025-07-26 18:00:00,0.42,7.18,12.33,11.11,11.02,19.66,13.14,12.12,43.94,47.64,38.46,39.61,39.75,39.29,33.19,33.49,32.9,31.33,31.48,31.18,30.88,30.93,30.8,30.53,30.56,30.52,30.29,30.29,30.29,29.94,29.94,29.93,6766,7032
2025-07-26 17:00:00,0.47,7.28,12.36,11.1,10.99,19.67,13.16,12.14,46.33,47.2,46.03,39.28,39.52,39.05,32.61,32.9,32.31,31.01,31.13,30.89,30.78,30.78,30.76,30.52,30.52,30.52,30.29,30.29,30.29,29.94,29.94,29.94,6851,9880
2025-07-26 16:00:00,0.51,7.36,12.34,11.05,11,19.68,13.2,12.16,46.49,46.85,45.78,38.67,39.04,38.22,31.97,32.31,31.66,30.71,30.87,30.61,30.68,30.73,30.66,30.52,30.52,30.52,30.29,30.3,30.29,29.94,29.94,29.94,6851,9864
2025-07-26 15:00:00,0.56,7.45,12.28,10.97,11.01,19.7,13.24,12.18,45.39,45.44,45.27,37.18,38.09,36.16,31.32,31.6,31.06,30.47,30.55,30.41,30.66,30.66,30.66,30.52,30.53,30.52,30.33,30.38,30.3,29.94,29.94,29.94,6851,9978
2025-07-26 14:00:00,0.7,7.36,12.23,10.94,11.01,19.74,13.24,12.2,44.45,45.55,42.72,35,35.98,34.16,30.75,31.01,30.53,30.33,30.41,30.3,30.66,30.66,30.65,30.56,30.62,30.53,30.39,30.41,30.36,29.94,29.96,29.94,6851,10144
2025-07-26 13:00:00,0.76,7.32,12.09,10.91,11.05,19.74,13.23,12.23,40.61,42.12,38.95,33.22,34.02,32.41,30.24,30.45,30.06,30.22,30.3,30.18,30.66,30.66,30.66,30.63,30.64,30.61,30.41,30.41,30.41,29.94,29.95,29.94,6849,10120
2025-07-26 12:00:00,0.75,7.31,11.99,10.88,11.06,19.79,13.25,12.24,37.4,38.77,36.09,31.4,32.21,30.54,29.84,30,29.7,30.19,30.21,30.18,30.71,30.78,30.67,30.64,30.66,30.64,30.41,30.41,30.41,29.95,29.96,29.94,6849,10179
2025-07-26 11:00:00,0.71,7.14,11.97,10.87,11.08,19.8,13.29,12.26,34.41,35.84,32.9,29.62,30.42,28.79,29.48,29.64,29.35,30.26,30.3,30.21,30.79,30.84,30.78,30.72,30.76,30.66,30.41,30.42,30.41,29.94,29.96,29.94,6849,10191
2025-07-26 10:00:00,0.79,7.01,11.94,10.85,11.08,19.81,13.3,12.27,30.82,32.66,28.84,27.76,28.64,26.87,29.28,29.35,29.23,30.35,30.41,30.3,30.89,30.92,30.87,30.76,30.76,30.76,30.43,30.46,30.42,29.94,29.96,29.94,6842,10171
2025-07-26 09:00:00,0.84,6.89,11.9,10.84,11.08,19.82,13.31,12.28,24.87,28.25,22.14,26.31,26.75,26.08,29.28,29.35,29.23,30.52,30.65,30.41,30.99,31.02,30.93,30.77,30.83,30.76,30.43,30.46,30.41,29.94,29.95,29.94,6840,9403
2025-07-26 08:00:00,0.76,6.83,11.85,10.87,11.09,19.83,13.31,12.27,20.49,21.78,19.62,26.17,26.38,26.04,29.55,29.71,29.36,30.76,30.88,30.65,31.11,31.14,31.04,30.86,30.88,30.83,30.43,30.45,30.43,29.94,29.94,29.94,6662,6945
2025-07-26 07:00:00,0.82,6.69,11.84,10.89,11.09,19.84,13.3,12.25,19.7,20.01,19.53,26.69,26.99,26.4,29.93,30.09,29.74,31,31.12,30.89,31.23,31.26,31.16,30.88,30.88,30.88,30.42,30.45,30.41,29.94,29.94,29.93,6519,6779
2025-07-26 06:00:00,0.71,6.71,11.9,10.95,11.08,19.84,13.28,12.24,20.6,21.19,20.12,27.31,27.58,27.03,30.34,30.53,30.18,31.23,31.36,31.12,31.34,31.37,31.27,30.88,30.88,30.88,30.41,30.43,30.41,29.9,29.92,29.86,6504,0
2025-07-26 05:00:00,0.74,6.72,12.01,10.96,11.08,19.83,13.26,12.24,21.59,21.78,21.31,27.88,28.17,27.62,30.73,30.93,30.53,31.45,31.57,31.36,31.41,31.48,31.37,30.88,30.88,30.88,30.41,30.41,30.41,29.83,29.86,29.83,6517,0
2025-07-26 04:00:00,0.74,6.71,12.02,10.97,11.06,19.82,13.26,12.23,21.84,22.36,21.49,28.57,28.89,28.22,31.17,31.36,31,31.67,31.72,31.6,31.49,31.49,31.48,30.88,30.88,30.88,30.38,30.41,30.33,29.83,29.83,29.83,6524,0
2025-07-26 03:00:00,0.76,6.75,12.06,10.98,11.07,19.82,13.26,12.22,22.77,23.28,22.39,29.35,29.72,29,31.62,31.83,31.42,31.85,31.95,31.75,31.5,31.52,31.49,30.88,30.88,30.87,30.3,30.34,30.29,29.83,29.83,29.82,6533,0
2025-07-26 02:00:00,0.73,6.79,12.1,10.96,11.07,19.79,13.25,12.25,24.04,24.74,23.32,30.21,30.59,29.83,32.06,32.29,31.83,32.02,32.07,31.95,31.52,31.55,31.5,30.81,30.87,30.76,30.29,30.29,30.29,29.79,29.83,29.77,6542,0
2025-07-26 01:00:00,0.76,6.82,12.12,10.98,11.06,19.76,13.28,12.24,25.23,25.69,24.75,31.07,31.48,30.65,32.49,32.66,32.31,32.14,32.18,32.07,31.49,31.51,31.49,30.76,30.76,30.75,30.22,30.29,30.18,29.73,29.76,29.71,6546,0
2025-07-26 00:00:00,0.74,6.79,12.12,11,11.04,19.73,13.24,12.24,26.18,26.75,25.73,32.05,32.55,31.6,32.92,33.13,32.7,32.18,32.2,32.18,31.45,31.49,31.38,30.67,30.74,30.64,30.18,30.18,30.18,29.71,29.72,29.71,6522,0
2025-07-25 23:00:00,0.74,6.77,12.16,11.03,11.07,19.72,13.2,12.23,27.61,28.36,26.87,33.17,33.73,32.66,33.3,33.49,33.14,32.19,32.2,32.18,31.35,31.37,31.26,30.61,30.64,30.53,30.15,30.18,30.1,29.71,29.71,29.71,6539,0
2025-07-25 22:00:00,0.67,6.79,12.2,11.01,11.06,19.71,13.21,12.22,29.26,30.28,28.44,34.43,35.03,33.84,33.62,33.73,33.49,32.14,32.18,32.07,31.21,31.25,31.13,30.52,30.53,30.49,30.07,30.12,30.06,29.71,29.71,29.71,6550,0
2025-07-25 21:00:00,0.68,6.91,12.27,11.04,11.04,19.67,13.21,12.21,31.83,33.37,30.43,35.77,36.33,35.15,33.77,33.81,33.73,31.97,32.07,31.83,31.06,31.13,31.01,30.42,30.49,30.4,30.06,30.06,30.06,29.71,29.71,29.71,6631,1642
2025-07-25 20:00:00,0.61,6.98,12.3,11.08,11.05,19.65,13.2,12.2,35,35.74,33.73,36.96,37.5,36.45,33.72,33.75,33.66,31.72,31.83,31.6,30.89,31.01,30.78,30.38,30.4,30.35,30.06,30.06,30.06,29.71,29.71,29.71,6737,6980
2025-07-25 19:00:00,0.63,7.02,12.34,11.08,11.01,19.63,13.2,12.2,36.57,38.22,35.74,38.37,39.16,37.63,33.51,33.62,33.36,31.41,31.57,31.25,30.74,30.8,30.66,30.3,30.33,30.29,30.06,30.06,30.06,29.71,29.71,29.71,6820,7087
2025-07-25 18:00:00,0.46,7.17,12.39,11.1,11.02,19.62,13.2,12.21,43.83,47.52,38.77,39.56,39.65,39.29,32.98,33.25,32.68,31.08,31.24,30.89,30.61,30.66,30.54,30.29,30.29,30.29,30.06,30.06,30.06,29.71,29.72,29.71,6804,7079
2025-07-25 17:00:00,0.46,7.27,12.43,11.05,11.01,19.64,13.21,12.23,46.5,47.11,46.15,39.27,39.52,39.04,32.4,32.66,32.09,30.75,30.89,30.63,30.49,30.54,30.42,30.29,30.29,30.28,30.06,30.06,30.06,29.71,29.72,29.71,6847,9707
2025-07-25 16:00:00,0.53,7.34,12.4,11,11,19.68,13.23,12.24,46.39,46.97,45.44,38.58,38.95,38.09,31.76,32.07,31.48,30.44,30.55,30.3,30.4,30.42,30.34,30.28,30.29,30.28,30.06,30.07,30.06,29.72,29.74,29.71,6849,10037
2025-07-25 15:00:00,0.56,7.42,12.34,10.96,11.02,19.71,13.26,12.25,45.14,45.34,44.96,37.07,37.98,36.09,31.11,31.36,30.84,30.2,30.3,30.09,30.32,30.35,30.3,30.29,30.29,30.27,30.08,30.13,30.06,29.74,29.77,29.72,6851,9939
2025-07-25 14:00:00,0.7,7.32,12.24,10.94,11.03,19.74,13.28,12.27,44.09,44.97,42.95,35,35.89,34.2,30.55,30.77,30.3,30.01,30.07,29.94,30.3,30.31,30.3,30.29,30.29,30.29,30.13,30.17,30.09,29.77,29.8,29.75,6849,10041
2025-07-25 13:00:00,0.76,7.26,12.13,10.92,11.05,19.78,13.3,12.28,40.72,42.36,39.64,33.35,34.08,32.55,30.03,30.29,29.82,29.91,29.94,29.85,30.31,30.34,30.3,30.29,30.33,30.29,30.17,30.18,30.15,29.79,29.81,29.78,6849,10069
2025-07-25 12:00:00,0.72,7.27,12.05,10.9,11.05,19.78,13.32,12.3,38.32,39.4,37.36,31.57,32.41,30.68,29.58,29.78,29.36,29.85,29.88,29.84,30.4,30.42,30.34,30.37,30.4,30.3,30.18,30.18,30.18,29.81,29.83,29.8,6849,10230
2025-07-25 11:00:00,0.74,7.13,12.05,10.86,11.06,19.79,13.32,12.34,35.39,37.04,33.96,29.7,30.54,28.81,29.19,29.35,29.04,29.89,29.94,29.84,30.45,30.54,30.42,30.4,30.4,30.4,30.18,30.18,30.18,29.8,29.82,29.78,6849,10175
2025-07-25 10:00:00,0.79,6.99,12,10.86,11.08,19.83,13.33,12.35,31.69,33.61,29.71,27.69,28.64,26.75,28.96,29.01,28.89,29.96,30.02,29.94,30.54,30.56,30.53,30.41,30.45,30.4,30.18,30.18,30.18,29.79,29.81,29.76,6844,10081
2025-07-25 09:00:00,0.84,6.85,11.95,10.84,11.09,19.84,13.33,12.36,25.53,29.08,22.61,26.13,26.63,25.81,28.94,29,28.89,30.15,30.28,30.06,30.65,30.66,30.57,30.49,30.52,30.45,30.18,30.18,30.18,29.75,29.78,29.74,6838,9829
2025-07-25 08:00:00,0.76,6.71,11.95,10.84,11.1,19.85,13.33,12.35,20.6,22.25,19.42,25.84,25.94,25.79,29.16,29.35,29,30.39,30.53,30.3,30.76,30.78,30.67,30.52,30.52,30.52,30.18,30.18,30.18,29.72,29.76,29.71,6662,6949
2025-07-25 07:00:00,0.77,6.72,11.9,10.89,11.1,19.86,13.32,12.33,19.24,19.33,19.18,26.26,26.51,26.02,29.58,29.81,29.35,30.63,30.76,30.53,30.86,30.9,30.78,30.52,30.54,30.52,30.18,30.18,30.18,29.71,29.72,29.71,6510,6772
2025-07-25 06:00:00,0.77,6.63,11.93,10.92,11.09,19.84,13.32,12.3,19.67,20,19.42,26.92,27.23,26.63,30.01,30.19,29.82,30.86,30.96,30.77,30.95,31.01,30.9,30.53,30.54,30.52,30.18,30.18,30.18,29.71,29.71,29.71,6497,0
2025-07-25 05:00:00,0.7,6.65,12.01,10.98,11.11,19.84,13.31,12.29,20.43,20.84,20.04,27.7,28.05,27.34,30.45,30.65,30.25,31.06,31.14,30.98,31.01,31.04,31.01,30.53,30.54,30.52,30.16,30.18,30.13,29.71,29.71,29.71,6510,0
2025-07-25 04:00:00,0.71,6.65,12.09,11,11.11,19.84,13.33,12.29,21.33,21.9,20.89,28.6,29.07,28.17,30.89,31.12,30.66,31.26,31.36,31.15,31.09,31.12,31.04,30.52,30.53,30.52,30.08,30.13,30.06,29.68,29.71,29.66,6524,0
2025-07-25 03:00:00,0.74,6.71,12.11,11.02,11.11,19.82,13.32,12.33,23.01,24.15,22.05,29.62,30.06,29.12,31.3,31.48,31.13,31.42,31.48,31.36,31.13,31.13,31.12,30.52,30.52,30.52,30.06,30.07,30.06,29.62,29.66,29.6,6535,0
2025-07-25 02:00:00,0.74,6.81,12.17,11.04,11.1,19.77,13.3,12.33,25.74,26.77,24.39,30.46,30.76,30.18,31.67,31.83,31.49,31.54,31.6,31.48,31.13,31.13,31.12,30.46,30.52,30.4,30.03,30.06,29.99,29.59,29.6,29.59,6546,0
2025-07-25 01:00:00,0.74,6.83,12.2,11.04,11.1,19.75,13.31,12.33,27.28,27.48,26.87,31.03,31.32,30.78,32.02,32.18,31.83,31.63,31.69,31.6,31.07,31.12,31.02,30.4,30.4,30.4,29.95,29.99,29.94,29.59,29.59,29.59,6548,0
2025-07-25 00:00:00,0.72,6.76,12.23,11.07,11.08,19.76,13.29,12.31,27.31,27.62,27.08,31.75,32.18,31.36,32.39,32.55,32.2,31.71,31.72,31.69,31,31.01,30.97,30.32,30.4,30.29,29.93,29.94,29.92,29.59,29.59,29.59,6528,0
2025-07-24 23:00:00,0.74,6.74,12.23,11.08,11.07,19.74,13.31,12.31,27.95,28.16,27.59,32.67,33.16,32.23,32.75,32.9,32.58,31.71,31.72,31.67,30.89,30.93,30.8,30.25,30.29,30.18,29.85,29.91,29.83,29.59,29.59,29.59,6542,0
2025-07-24 22:00:00,0.69,6.72,12.25,11.07,11.07,19.7,13.31,12.3,28.43,30.3,27.35,34,34.66,33.25,33.07,33.14,32.96,31.6,31.65,31.52,30.74,30.78,30.66,30.17,30.18,30.14,29.82,29.83,29.82,29.59,29.59,29.59,6550,0
2025-07-24 21:00:00,0.66,6.83,12.31,11.11,11.05,19.69,13.3,12.3,32.15,34.08,30.62,35.4,35.98,34.79,33.19,33.25,33.14,31.41,31.49,31.32,30.59,30.66,30.54,30.07,30.13,30.05,29.82,29.82,29.82,29.59,29.59,29.59,6624,1788
2025-07-24 20:00:00,0.64,6.94,12.35,11.11,11.02,19.71,13.29,12.3,35.73,36.39,34.46,36.55,37.14,36.04,33.12,33.16,33.02,31.13,31.26,31.01,30.4,30.52,30.31,30,30.05,29.94,29.82,29.82,29.82,29.59,29.59,29.59,6731,6969
2025-07-24 19:00:00,0.61,7.01,12.42,11.07,11,19.71,13.29,12.3,37.17,39.64,35.62,38,38.66,37.28,32.87,33.02,32.66,30.81,30.99,30.65,30.25,30.3,30.19,29.93,29.94,29.93,29.82,29.82,29.81,29.59,29.6,29.59,6838,7110
2025-07-24 18:00:00,0.52,7.15,12.48,11.03,10.99,19.7,13.29,12.31,43.75,47.69,40.25,38.95,39.05,38.73,32.33,32.63,32.07,30.46,30.65,30.3,30.11,30.19,30.07,29.93,29.93,29.93,29.82,29.82,29.82,29.6,29.63,29.59,6838,7504
2025-07-24 17:00:00,0.47,7.23,12.47,10.99,11.01,19.7,13.31,12.3,46.28,47.33,45.79,38.7,38.91,38.5,31.74,32,31.47,30.1,30.29,29.94,29.96,30.05,29.92,29.92,29.93,29.92,29.82,29.82,29.82,29.63,29.69,29.6,6851,9927
2025-07-24 16:00:00,0.53,7.35,12.44,10.98,11,19.73,13.32,12.29,46.36,46.5,46.15,38.14,38.46,37.63,31.05,31.36,30.73,29.76,29.93,29.59,29.85,29.91,29.83,29.92,29.93,29.91,29.84,29.87,29.82,29.68,29.71,29.64,6851,9900
2025-07-24 15:00:00,0.59,7.4,12.3,10.98,11,19.74,13.31,12.29,46.37,46.62,46.03,36.49,37.5,35.36,30.34,30.65,30.06,29.5,29.59,29.36,29.83,29.83,29.82,29.93,29.93,29.92,29.9,29.94,29.86,29.71,29.71,29.7,6851,9959
2025-07-24 14:00:00,0.73,7.28,12.21,11.01,11,19.77,13.34,12.33,44.89,46.17,43.07,34.13,35.15,33.25,29.71,29.96,29.47,29.29,29.35,29.23,29.82,29.83,29.8,29.93,29.93,29.93,29.94,29.94,29.93,29.71,29.71,29.71,6849,9974
2025-07-24 13:00:00,0.78,7.29,12.18,11.02,11.01,19.83,13.36,12.38,41.49,42.6,40.58,32.27,33.14,31.27,29.1,29.35,28.87,29.16,29.23,29.11,29.82,29.83,29.82,29.94,29.99,29.93,29.95,29.98,29.94,29.71,29.72,29.71,6849,10022
2025-07-24 12:00:00,0.77,7.21,12.11,10.99,11.04,19.83,13.35,12.39,38.13,40.34,36.16,30.13,31.13,29.18,28.59,28.76,28.41,29.11,29.11,29.11,29.83,29.85,29.83,30.03,30.05,30.01,30.02,30.06,29.98,29.72,29.73,29.71,6849,10041
2025-07-24 11:00:00,0.7,7.09,12.03,10.95,11.08,19.85,13.37,12.4,34.33,35.84,32.77,28.17,29.01,27.28,28.19,28.39,28.05,29.11,29.12,29.11,29.92,29.95,29.85,30.08,30.14,30.05,30.06,30.06,30.05,29.73,29.75,29.72,6851,10175
2025-07-24 10:00:00,0.79,7.02,11.98,10.95,11.08,19.84,13.39,12.41,30.25,32.43,28.09,26.12,27.11,25.15,27.91,28.02,27.81,29.2,29.23,29.13,30.02,30.07,29.95,30.16,30.17,30.13,30.06,30.06,30.06,29.75,29.77,29.74,6844,10317
2025-07-24 09:00:00,0.84,6.78,11.92,10.86,11.07,19.89,13.41,12.42,23.68,27.58,20.01,24.38,24.98,24.07,27.84,27.93,27.81,29.37,29.47,29.23,30.13,30.19,30.07,30.19,30.23,30.17,30.06,30.07,30.06,29.76,29.79,29.75,6838,9974
2025-07-24 08:00:00,0.76,6.64,11.92,10.83,11.08,19.9,13.43,12.42,18.15,19.54,17.19,24.15,24.36,24.03,28.06,28.25,27.93,29.61,29.7,29.48,30.26,30.3,30.19,30.28,30.29,30.26,30.08,30.11,30.07,29.75,29.78,29.73,6662,6953
2025-07-24 07:00:00,0.75,6.67,11.92,10.83,11.07,19.89,13.4,12.42,17.4,17.87,17.08,24.66,24.92,24.39,28.44,28.64,28.29,29.85,29.94,29.73,30.38,30.42,30.3,30.29,30.31,30.29,30.1,30.14,30.07,29.74,29.77,29.72,6506,6776
2025-07-24 06:00:00,0.74,6.69,11.96,10.84,11.09,19.9,13.39,12.42,18.27,18.37,18,25.17,25.42,24.98,28.83,29,28.64,30.09,30.18,29.95,30.49,30.54,30.42,30.34,30.38,30.3,30.11,30.15,30.09,29.73,29.77,29.72,6488,0
2025-07-24 05:00:00,0.74,6.67,11.99,10.88,11.12,19.87,13.4,12.41,18.05,18.33,17.87,25.79,26.16,25.45,29.26,29.47,29.06,30.33,30.41,30.21,30.57,30.65,30.54,30.39,30.4,30.37,30.1,30.12,30.09,29.72,29.75,29.71,6493,0
2025-07-24 04:00:00,0.75,6.63,11.98,10.92,11.12,19.85,13.4,12.41,18.88,19.54,18.24,26.7,27.11,26.28,29.71,29.94,29.49,30.51,30.62,30.41,30.66,30.66,30.65,30.4,30.4,30.4,30.07,30.09,30.06,29.71,29.73,29.71,6510,0
2025-07-24 03:00:00,0.73,6.67,12.01,10.99,11.11,19.84,13.39,12.4,20.36,21.31,19.62,27.67,28.11,27.22,30.13,30.3,29.94,30.69,30.77,30.65,30.7,30.76,30.67,30.4,30.4,30.4,30.06,30.08,30.06,29.71,29.72,29.71,6528,0
2025-07-24 02:00:00,0.74,6.7,12.1,11,11.1,19.85,13.37,12.4,22.44,23.45,21.44,28.58,28.98,28.17,30.49,30.65,30.3,30.83,30.89,30.77,30.77,30.78,30.75,30.4,30.4,30.39,30.06,30.07,30.06,29.71,29.71,29.71,6537,0
2025-07-24 01:00:00,0.71,6.76,12.21,11.04,11.1,19.86,13.36,12.39,24.26,24.75,23.56,29.3,29.6,29,30.83,31.01,30.67,30.94,31.01,30.89,30.78,30.78,30.77,30.35,30.39,30.3,30.06,30.06,30.06,29.71,29.71,29.71,6546,0
2025-07-24 00:00:00,0.78,6.77,12.21,11.11,11.1,19.82,13.35,12.39,25.25,25.47,24.86,30,30.32,29.71,31.15,31.32,31.01,31.02,31.09,31.01,30.76,30.78,30.73,30.29,30.3,30.29,30.04,30.06,30.01,29.71,29.71,29.71,6522,0
2025-07-23 23:00:00,0.74,6.84,12.24,11.07,11.12,19.8,13.35,12.39,25.93,26.4,25.57,30.78,31.18,30.42,31.48,31.61,31.36,31.09,31.12,31.07,30.67,30.72,30.66,30.29,30.29,30.28,30.01,30.05,29.98,29.71,29.71,29.71,6542,0
2025-07-23 22:00:00,0.72,6.81,12.28,11.11,11.1,19.82,13.37,12.38,27.03,27.51,26.54,31.69,32.18,31.25,31.75,31.85,31.61,31.06,31.12,31.01,30.62,30.66,30.56,30.21,30.28,30.18,29.96,30.01,29.95,29.71,29.71,29.71,6550,0
2025-07-23 21:00:00,0.69,6.81,12.31,11.12,11.08,19.79,13.36,12.39,28.59,29.71,27.66,32.71,33.2,32.2,31.96,32.04,31.88,30.99,31.01,30.89,30.53,30.54,30.48,30.17,30.18,30.17,29.94,29.95,29.94,29.71,29.71,29.71,6624,1508
2025-07-23 20:00:00,0.69,6.83,12.34,11.09,11.05,19.77,13.36,12.39,31.09,32.07,29.94,33.73,34.2,33.25,32.04,32.06,32.03,30.84,30.89,30.77,30.41,30.44,30.34,30.16,30.17,30.12,29.94,29.96,29.94,29.71,29.71,29.71,6720,6937
2025-07-23 19:00:00,0.61,6.89,12.38,11.08,11.05,19.79,13.37,12.39,33.64,35.03,32.31,34.65,35.03,34.3,31.92,31.98,31.83,30.64,30.77,30.53,30.3,30.33,30.25,30.09,30.14,30.07,29.96,29.99,29.95,29.73,29.76,29.72,6802,7047
2025-07-23 18:00:00,0.65,6.97,12.41,11.04,11.04,19.81,13.34,12.39,35.95,36.32,35.27,35.32,35.62,35.03,31.71,31.83,31.6,30.39,30.53,30.3,30.19,30.23,30.17,30.05,30.07,30.05,30.01,30.05,29.98,29.78,29.82,29.75,6824,7701
2025-07-23 17:00:00,0.63,7.12,12.41,11.02,11.03,19.81,13.34,12.37,37.74,38.98,36.45,36.01,36.28,35.72,31.37,31.6,31.14,30.12,30.28,29.96,30.09,30.16,30.07,30.06,30.08,30.05,30.05,30.06,30.04,29.82,29.83,29.79,6838,8911
2025-07-23 16:00:00,0.63,7.22,12.42,11.02,11.03,19.81,13.35,12.37,41.29,43.42,39.16,36.27,36.43,35.98,30.87,31.13,30.57,29.84,29.94,29.7,30.06,30.07,30.05,30.09,30.14,30.06,30.06,30.06,30.06,29.83,29.83,29.83,6838,10053
2025-07-23 15:00:00,0.69,7.26,12.3,11.03,11.03,19.81,13.37,12.38,42.93,43.9,41.77,35.35,35.93,34.56,30.26,30.53,29.96,29.62,29.7,29.54,30.03,30.05,30.01,30.16,30.17,30.13,30.08,30.13,30.06,29.83,29.83,29.83,6851,10148
2025-07-23 14:00:00,0.74,7.19,12.23,11,11.05,19.84,13.41,12.4,42.34,44.02,39.58,33.51,34.38,32.78,29.67,29.94,29.4,29.46,29.51,29.42,30.03,30.06,30.02,30.17,30.17,30.17,30.16,30.18,30.13,29.83,29.87,29.83,6849,10167
2025-07-23 13:00:00,0.74,7.24,12.22,10.97,11.07,19.9,13.44,12.43,39.8,41.06,38.46,31.75,32.66,30.72,29.07,29.35,28.8,29.36,29.41,29.35,30.07,30.07,30.07,30.23,30.28,30.18,30.18,30.18,30.18,29.85,29.89,29.83,6849,10337
2025-07-23 12:00:00,0.78,7.13,12.13,10.93,11.09,19.92,13.46,12.44,36.34,38.21,34.32,29.51,30.54,28.53,28.58,28.76,28.41,29.34,29.35,29.32,30.11,30.19,30.07,30.29,30.29,30.28,30.19,30.22,30.18,29.88,29.92,29.86,6849,10112
2025-07-23 11:00:00,0.75,6.99,12.05,10.93,11.1,19.93,13.47,12.45,32.47,33.84,31.13,27.56,28.41,26.63,28.22,28.39,28.06,29.36,29.42,29.34,30.21,30.3,30.19,30.35,30.4,30.29,30.24,30.27,30.21,29.92,29.94,29.9,6847,10294
2025-07-23 10:00:00,0.81,6.91,12,10.89,11.09,19.93,13.44,12.45,28.57,30.77,26.16,25.46,26.43,24.51,27.99,28.05,27.93,29.48,29.59,29.45,30.32,30.41,30.3,30.4,30.4,30.4,30.29,30.29,30.27,29.92,29.94,29.91,6847,10183
2025-07-23 09:00:00,0.86,6.69,11.95,10.86,11.11,19.97,13.45,12.45,21.82,25.51,18.7,23.89,24.39,23.66,28,28.12,27.93,29.7,29.82,29.59,30.46,30.54,30.42,30.47,30.52,30.4,30.29,30.29,30.29,29.91,29.94,29.89,6838,9896
2025-07-23 08:00:00,0.73,6.59,11.94,10.84,11.14,20,13.46,12.45,16.77,18.36,15.63,23.71,23.91,23.62,28.3,28.52,28.14,29.98,30.16,29.82,30.59,30.66,30.54,30.52,30.53,30.52,30.29,30.29,30.29,29.9,29.94,29.88,6662,6949
2025-07-23 07:00:00,0.74,6.54,11.95,10.88,11.13,19.99,13.46,12.47,15.41,15.64,15.28,24.31,24.68,23.97,28.76,29,28.52,30.29,30.41,30.18,30.73,30.78,30.66,30.56,30.62,30.52,30.29,30.29,30.29,29.87,29.9,29.86,6510,6779
2025-07-23 06:00:00,0.7,6.59,11.99,10.92,11.15,19.96,13.44,12.49,16.03,16.53,15.66,25.18,25.64,24.75,29.27,29.51,29,30.54,30.65,30.41,30.84,30.9,30.78,30.63,30.64,30.61,30.29,30.29,30.29,29.83,29.85,29.83,6488,0
2025-07-23 05:00:00,0.72,6.59,11.98,10.97,11.17,19.95,13.44,12.49,17.36,18.12,16.7,26.17,26.63,25.69,29.79,30,29.59,30.78,30.89,30.65,30.95,31.01,30.9,30.64,30.64,30.63,30.29,30.29,30.29,29.83,29.85,29.83,6502,0
2025-07-23 04:00:00,0.73,6.57,12.07,11.03,11.16,19.96,13.46,12.46,19.1,20.23,18.24,27.2,27.65,26.74,30.26,30.47,30.06,31,31.11,30.89,31.01,31.02,31.01,30.64,30.64,30.63,30.28,30.29,30.24,29.83,29.83,29.83,6517,0
2025-07-23 03:00:00,0.73,6.62,12.17,11.08,11.15,19.94,13.46,12.45,21.28,22.18,20.48,28.14,28.53,27.7,30.71,30.89,30.53,31.19,31.24,31.12,31.07,31.12,31.01,30.64,30.64,30.63,30.21,30.25,30.18,29.83,29.83,29.83,6528,0
2025-07-23 02:00:00,0.76,6.66,12.22,11.12,11.13,19.94,13.45,12.43,23.02,23.68,22.38,29.05,29.47,28.64,31.13,31.35,30.93,31.34,31.38,31.26,31.12,31.13,31.11,30.56,30.62,30.52,30.18,30.2,30.18,29.83,29.83,29.82,6537,0
2025-07-23 01:00:00,0.74,6.69,12.25,11.11,11.13,19.91,13.44,12.42,24.67,25.58,23.88,29.97,30.37,29.59,31.54,31.72,31.36,31.47,31.49,31.41,31.09,31.12,31.04,30.52,30.53,30.52,30.18,30.18,30.17,29.82,29.83,29.8,6546,0
2025-07-23 00:00:00,0.77,6.77,12.28,11.15,11.15,19.9,13.43,12.43,26.04,26.25,25.69,30.79,31.21,30.42,31.92,32.07,31.73,31.53,31.57,31.49,31.01,31.04,31.01,30.46,30.52,30.41,30.13,30.18,30.08,29.8,29.83,29.8,6524,0
2025-07-22 23:00:00,0.75,6.73,12.31,11.17,11.13,19.86,13.43,12.44,26.72,27.45,26.03,31.69,32.16,31.25,32.29,32.43,32.14,31.58,31.6,31.54,30.94,31.01,30.9,30.4,30.4,30.39,30.07,30.09,30.06,29.79,29.81,29.78,6542,0
2025-07-22 22:00:00,0.73,6.72,12.35,11.17,11.11,19.86,13.4,12.41,27.4,28.76,26.63,32.86,33.5,32.22,32.62,32.73,32.48,31.49,31.54,31.47,30.82,30.9,30.78,30.32,30.38,30.29,30.06,30.07,30.06,29.81,29.83,29.8,6550,0
2025-07-22 21:00:00,0.68,6.77,12.36,11.2,11.1,19.83,13.39,12.39,30.81,32.43,29.12,34.17,34.66,33.61,32.78,32.81,32.75,31.34,31.46,31.24,30.67,30.76,30.58,30.28,30.29,30.26,30.06,30.06,30.06,29.82,29.83,29.81,6626,1784
2025-07-22 20:00:00,0.62,6.84,12.43,11.2,11.07,19.84,13.39,12.39,33.78,34.43,32.78,35.25,35.84,34.78,32.78,32.8,32.78,31.1,31.24,30.97,30.5,30.56,30.42,30.18,30.23,30.17,30.06,30.06,30.06,29.83,29.83,29.82,6733,6969
2025-07-22 19:00:00,0.6,6.96,12.48,11.15,11.05,19.83,13.39,12.39,34.48,36.21,33.63,36.81,37.74,35.98,32.63,32.78,32.43,30.79,30.92,30.65,30.35,30.42,30.3,30.17,30.18,30.17,30.06,30.06,30.06,29.83,29.83,29.83,6820,7087
2025-07-22 18:00:00,0.5,7.14,12.53,11.1,11.05,19.82,13.39,12.41,41.8,45.38,36.8,38.18,38.3,37.87,32.13,32.43,31.84,30.45,30.65,30.3,30.23,30.3,30.19,30.17,30.17,30.16,30.07,30.09,30.06,29.83,29.85,29.83,6769,7024
2025-07-22 17:00:00,0.45,7.28,12.52,11.09,11.04,19.83,13.4,12.42,45.99,46.26,45.67,38.03,38.22,37.77,31.52,31.82,31.24,30.08,30.28,29.94,30.12,30.19,30.07,30.17,30.17,30.17,30.13,30.18,30.08,29.88,29.92,29.85,6849,9931
2025-07-22 16:00:00,0.54,7.35,12.48,11.07,11.05,19.85,13.44,12.45,45.51,45.67,45.32,37.28,37.75,36.68,30.82,31.13,30.5,29.77,29.93,29.64,30.06,30.07,30.04,30.17,30.17,30.17,30.18,30.18,30.17,29.94,29.94,29.92,6851,10037
2025-07-22 15:00:00,0.58,7.37,12.33,11.06,11.06,19.9,13.46,12.46,44.95,45.44,44.49,35.47,36.5,34.32,30.11,30.42,29.82,29.52,29.6,29.47,29.99,30.02,29.97,30.17,30.2,30.17,30.18,30.22,30.18,29.94,29.94,29.94,6851,10026
2025-07-22 14:00:00,0.73,7.28,12.26,11.05,11.08,19.94,13.49,12.48,43.08,44.28,41.42,33.07,34.08,32.18,29.46,29.76,29.14,29.36,29.47,29.25,30,30.04,29.97,30.24,30.29,30.18,30.25,30.29,30.2,29.95,29.97,29.94,6849,10006
2025-07-22 13:00:00,0.74,7.3,12.23,11.08,11.1,19.96,13.51,12.49,39.53,40.93,38.09,31.13,32,30.18,28.83,29.11,28.54,29.22,29.25,29.19,30.06,30.07,30.02,30.29,30.32,30.29,30.29,30.29,30.29,29.97,30.03,29.94,6849,10041
2025-07-22 12:00:00,0.77,7.15,12.14,11.05,11.11,20.01,13.55,12.49,36.09,37.87,34.11,28.91,29.94,27.93,28.31,28.52,28.12,29.2,29.23,29.17,30.11,30.19,30.07,30.38,30.4,30.31,30.31,30.35,30.29,30.03,30.06,30,6849,10097
2025-07-22 11:00:00,0.78,7.05,12.07,11.03,11.12,20.04,13.54,12.52,31.86,33.73,30.27,26.81,27.71,25.83,27.89,28.05,27.73,29.23,29.28,29.22,30.23,30.3,30.19,30.43,30.49,30.4,30.39,30.41,30.35,30.05,30.06,30.04,6849,10238
2025-07-22 10:00:00,0.83,6.94,12.02,10.93,11.14,20.05,13.54,12.54,27.59,29.85,25.21,24.67,25.67,23.68,27.63,27.7,27.58,29.37,29.47,29.3,30.35,30.42,30.3,30.52,30.52,30.49,30.41,30.41,30.41,30.06,30.06,30.05,6842,10357
2025-07-22 09:00:00,0.85,6.69,11.96,10.89,11.16,20.06,13.55,12.56,20.82,24.62,17.41,23.01,23.56,22.69,27.61,27.7,27.58,29.59,29.72,29.47,30.5,30.54,30.42,30.6,30.64,30.54,30.41,30.42,30.41,30.06,30.06,30.06,6838,10081
2025-07-22 08:00:00,0.74,6.54,11.93,10.87,11.15,20.08,13.56,12.55,15.32,17,14.1,22.74,22.95,22.64,27.91,28.16,27.7,29.91,30.06,29.79,30.67,30.78,30.59,30.65,30.66,30.64,30.42,30.43,30.41,30.06,30.06,30.05,6666,6961
2025-07-22 07:00:00,0.74,6.56,11.96,10.9,11.18,20.06,13.55,12.55,13.88,14.1,13.74,23.34,23.68,22.97,28.41,28.64,28.17,30.25,30.41,30.07,30.82,30.9,30.77,30.74,30.76,30.66,30.43,30.44,30.42,30.04,30.06,29.98,6502,6776
2025-07-22 06:00:00,0.72,6.55,11.99,10.95,11.18,20.07,13.55,12.53,14.42,14.81,14.11,24.18,24.62,23.79,28.96,29.23,28.74,30.53,30.65,30.41,30.96,31.01,30.9,30.76,30.76,30.76,30.42,30.44,30.41,30.01,30.05,29.99,6486,0
2025-07-22 05:00:00,0.71,6.62,11.98,11.01,11.17,20.08,13.55,12.54,15.39,15.99,14.81,25.15,25.64,24.7,29.51,29.77,29.23,30.81,30.9,30.67,31.08,31.13,31.01,30.76,30.78,30.76,30.42,30.43,30.41,29.98,29.99,29.95,6499,0
2025-07-22 04:00:00,0.69,6.64,12.02,11.08,11.17,20.07,13.54,12.52,16.71,17.45,16.09,26.23,26.75,25.69,30.06,30.3,29.82,31.06,31.15,30.97,31.17,31.24,31.13,30.78,30.81,30.77,30.41,30.41,30.41,29.94,29.97,29.94,6513,0
2025-07-22 03:00:00,0.74,6.64,12.13,11.13,11.17,20.05,13.52,12.51,18.87,20.37,17.65,27.38,27.85,26.87,30.55,30.77,30.3,31.29,31.36,31.22,31.25,31.25,31.25,30.77,30.79,30.76,30.41,30.41,30.41,29.94,29.94,29.94,6528,0
2025-07-22 02:00:00,0.73,6.67,12.23,11.15,11.18,20.04,13.53,12.5,21.56,22.49,20.6,28.33,28.72,27.93,31.02,31.24,30.79,31.46,31.55,31.36,31.25,31.27,31.25,30.76,30.77,30.76,30.37,30.41,30.33,29.94,29.94,29.94,6537,0
2025-07-22 01:00:00,0.76,6.72,12.25,11.15,11.17,20,13.54,12.48,23.02,23.79,22.61,29.18,29.57,28.76,31.47,31.7,31.24,31.62,31.7,31.59,31.25,31.27,31.25,30.75,30.76,30.72,30.3,30.33,30.29,29.94,29.94,29.94,6542,0
2025-07-22 00:00:00,0.73,6.71,12.29,11.19,11.16,20,13.53,12.48,24.16,24.38,23.89,29.99,30.42,29.6,31.92,32.12,31.72,31.72,31.72,31.71,31.25,31.25,31.24,30.66,30.72,30.64,30.29,30.29,30.29,29.94,29.94,29.94,6517,0
2025-07-21 23:00:00,0.74,6.75,12.29,11.19,11.16,19.98,13.52,12.48,23.16,23.74,22.73,31.2,31.94,30.53,32.38,32.56,32.18,31.77,31.8,31.72,31.17,31.25,31.13,30.63,30.64,30.59,30.29,30.29,30.28,29.94,29.94,29.93,6542,0
2025-07-21 22:00:00,0.71,6.76,12.33,11.21,11.15,19.99,13.51,12.48,25.86,27.7,24.03,32.73,33.43,32.07,32.75,32.88,32.65,31.73,31.75,31.71,31.06,31.13,31.01,30.53,30.58,30.52,30.27,30.29,30.24,29.93,29.94,29.92,6573,0
2025-07-21 21:00:00,0.7,6.8,12.38,11.21,11.14,19.95,13.5,12.48,30.11,32.32,28.03,34.11,34.66,33.53,32.92,32.97,32.9,31.59,31.69,31.48,30.94,31.01,30.9,30.5,30.52,30.44,30.22,30.25,30.21,29.94,29.94,29.93,6631,1898
2025-07-21 20:00:00,0.63,6.87,12.43,11.24,11.12,19.91,13.49,12.48,33.75,33.98,32.66,35.13,35.64,34.68,32.91,32.93,32.9,31.36,31.48,31.24,30.79,30.88,30.69,30.41,30.43,30.4,30.22,30.24,30.21,29.94,29.94,29.94,6737,6976
2025-07-21 19:00:00,0.63,7,12.48,11.23,11.13,19.9,13.49,12.48,33.78,35.65,32.78,36.6,37.39,35.8,32.78,32.9,32.65,31.1,31.24,30.96,30.65,30.68,30.59,30.4,30.4,30.4,30.24,30.27,30.21,29.94,29.95,29.94,6822,7426
2025-07-21 18:00:00,0.54,7.21,12.54,11.2,11.11,19.9,13.49,12.48,40.91,43.65,36.33,37.71,37.75,37.5,32.31,32.55,32.07,30.78,30.9,30.65,30.53,30.56,30.5,30.4,30.4,30.4,30.28,30.29,30.26,29.94,29.96,29.94,6791,7055
2025-07-21 17:00:00,0.55,7.27,12.53,11.16,11.08,19.91,13.5,12.5,43.89,44.13,43.38,37.56,37.75,37.37,31.77,32.06,31.48,30.46,30.64,30.3,30.43,30.47,30.42,30.4,30.4,30.39,30.29,30.29,30.29,29.97,30,29.95,6851,10022
2025-07-21 16:00:00,0.6,7.31,12.51,11.11,11.1,19.94,13.53,12.51,43.57,44.02,43.07,36.88,37.28,36.33,31.14,31.48,30.86,30.18,30.3,30.06,30.36,30.42,30.31,30.4,30.4,30.4,30.29,30.3,30.29,30.04,30.06,30,6849,10053
2025-07-21 15:00:00,0.66,7.31,12.41,11.1,11.12,19.99,13.55,12.55,42.6,42.92,42.36,35.34,36.21,34.32,30.54,30.77,30.3,29.96,30.06,29.9,30.3,30.31,30.3,30.4,30.4,30.4,30.32,30.36,30.29,30.06,30.06,30.06,6851,10022
2025-07-21 14:00:00,0.74,7.23,12.29,11.08,11.14,20.03,13.55,12.58,41.07,42.48,39.57,33.27,34.16,32.55,29.99,30.25,29.74,29.81,29.83,29.76,30.3,30.32,30.3,30.43,30.49,30.4,30.4,30.41,30.38,30.06,30.06,30.06,6849,10144
2025-07-21 13:00:00,0.76,7.22,12.25,11.05,11.15,20.06,13.59,12.58,38.03,39.29,37.04,31.65,32.43,30.78,29.46,29.71,29.23,29.7,29.72,29.7,30.37,30.42,30.32,30.52,30.52,30.51,30.41,30.43,30.41,30.06,30.06,30.06,6849,10238
2025-07-21 12:00:00,0.76,7.14,12.21,11.02,11.15,20.12,13.62,12.6,35.65,36.91,34.34,29.78,30.65,28.89,29.01,29.19,28.86,29.7,29.7,29.69,30.43,30.47,30.42,30.55,30.62,30.52,30.43,30.47,30.41,30.06,30.08,30.06,6849,10254
2025-07-21 11:00:00,0.76,7.02,12.15,11.02,11.2,20.12,13.66,12.6,32.45,34.08,31.01,27.93,28.76,27.11,28.65,28.77,28.52,29.72,29.8,29.7,30.54,30.56,30.5,30.63,30.64,30.61,30.5,30.53,30.46,30.07,30.09,30.06,6847,10317
2025-07-21 10:00:00,0.82,6.94,12.09,11,11.2,20.14,13.66,12.61,29.14,30.88,27.13,26.04,26.89,25.21,28.46,28.52,28.41,29.84,29.93,29.78,30.64,30.67,30.56,30.67,30.74,30.64,30.53,30.53,30.52,30.07,30.09,30.06,6842,10246
2025-07-21 09:00:00,0.86,6.78,12.05,10.97,11.21,20.13,13.66,12.62,23.17,26.6,20.01,24.6,25.08,24.31,28.45,28.52,28.41,30.04,30.18,29.94,30.76,30.8,30.68,30.76,30.76,30.74,30.53,30.53,30.53,30.07,30.09,30.06,6838,9553
2025-07-21 08:00:00,0.79,6.63,12.03,10.98,11.22,20.16,13.66,12.62,18.04,19.54,17.04,24.41,24.62,24.3,28.72,28.89,28.53,30.32,30.43,30.18,30.9,30.99,30.8,30.78,30.83,30.76,30.53,30.53,30.53,30.06,30.08,30.06,6662,6953
2025-07-21 07:00:00,0.76,6.66,12.04,11.02,11.2,20.17,13.66,12.61,17.2,17.42,17.04,24.89,25.21,24.62,29.16,29.35,29,30.59,30.72,30.47,31.03,31.1,31.01,30.86,30.88,30.83,30.53,30.53,30.53,30.06,30.07,30.06,6517,6783
2025-07-21 06:00:00,0.74,6.64,12.02,11.06,11.21,20.18,13.66,12.6,17.04,17.59,16.6,25.68,26.1,25.22,29.63,29.82,29.4,30.85,30.98,30.77,31.14,31.2,31.12,30.88,30.88,30.88,30.53,30.53,30.53,30.06,30.06,30.06,6493,0
2025-07-21 05:00:00,0.78,6.62,12.07,11.12,11.21,20.18,13.66,12.6,18.27,18.95,17.68,26.59,27.02,26.16,30.11,30.31,29.93,31.09,31.23,31.01,31.24,31.26,31.21,30.88,30.88,30.88,30.53,30.53,30.53,30.06,30.06,30.06,6502,0
2025-07-21 04:00:00,0.77,6.63,12.17,11.18,11.21,20.16,13.66,12.6,20.02,21.08,19.06,27.52,27.93,27.11,30.56,30.77,30.35,31.3,31.37,31.24,31.31,31.37,31.25,30.88,30.88,30.88,30.53,30.53,30.51,30.06,30.06,30.06,6517,0
2025-07-21 03:00:00,0.77,6.65,12.25,11.2,11.22,20.14,13.65,12.59,21.49,21.67,21.19,28.31,28.72,27.93,31,31.24,30.77,31.47,31.59,31.38,31.37,31.37,31.36,30.88,30.88,30.88,30.46,30.5,30.43,30.06,30.06,30.04,6524,0
2025-07-21 02:00:00,0.75,6.66,12.27,11.2,11.21,20.12,13.63,12.59,21.63,22.29,21.16,29.28,29.83,28.77,31.45,31.69,31.24,31.64,31.72,31.6,31.37,31.37,31.37,30.87,30.88,30.84,30.41,30.43,30.41,30.02,30.05,30,6533,0
2025-07-21 01:00:00,0.76,6.75,12.3,11.24,11.21,20.11,13.61,12.61,23.55,24.74,22.49,30.38,30.87,29.92,31.87,32.07,31.72,31.74,31.8,31.72,31.37,31.37,31.36,30.78,30.82,30.76,30.41,30.41,30.41,29.98,30.02,29.96,6542,0
2025-07-21 00:00:00,0.77,6.79,12.34,11.26,11.19,20.07,13.61,12.61,25.99,26.4,24.98,31.3,31.72,30.89,32.21,32.36,32.07,31.82,31.83,31.8,31.3,31.36,31.25,30.75,30.76,30.72,30.38,30.41,30.34,29.96,29.98,29.94,6524,0
2025-07-20 23:00:00,0.76,6.76,12.38,11.26,11.18,20.06,13.59,12.61,27.32,28.17,26.43,32.21,32.66,31.81,32.55,32.66,32.43,31.83,31.83,31.81,31.22,31.25,31.14,30.66,30.73,30.64,30.31,30.35,30.29,29.96,29.97,29.95,6546,0
2025-07-20 22:00:00,0.75,6.73,12.38,11.27,11.17,20.03,13.58,12.61,28.8,29.73,28.18,33.23,33.73,32.75,32.78,32.9,32.66,31.73,31.76,31.71,31.1,31.13,31.01,30.63,30.64,30.6,30.29,30.29,30.29,29.96,29.98,29.95,6573,0
2025-07-20 21:00:00,0.71,6.78,12.42,11.27,11.18,20.04,13.57,12.61,31.22,32.78,29.94,34.3,34.75,33.84,32.9,32.9,32.9,31.57,31.7,31.48,30.97,31.02,30.9,30.53,30.56,30.52,30.29,30.29,30.29,29.98,30.03,29.96,6635,1918
2025-07-20 20:00:00,0.65,6.85,12.46,11.3,11.15,20.03,13.57,12.58,34.13,34.52,33.09,35.14,35.58,34.79,32.86,32.9,32.79,31.35,31.48,31.24,30.82,30.9,30.77,30.51,30.52,30.48,30.29,30.3,30.29,30.02,30.06,29.99,6742,6980
2025-07-20 19:00:00,0.63,6.94,12.5,11.27,11.13,20.02,13.57,12.58,33.77,35.05,33.07,36.35,37.04,35.66,32.69,32.78,32.54,31.08,31.24,30.92,30.68,30.75,30.66,30.44,30.49,30.43,30.29,30.3,30.29,30.06,30.06,30.04,6822,8867
2025-07-20 18:00:00,0.55,7.09,12.56,11.24,11.15,20.01,13.57,12.59,39.68,42.48,35.5,37.42,37.5,37.16,32.26,32.54,32.04,30.76,30.89,30.64,30.55,30.62,30.54,30.41,30.43,30.4,30.31,30.33,30.29,30.06,30.06,30.06,6802,7055
2025-07-20 17:00:00,0.57,7.18,12.54,11.2,11.13,20.04,13.57,12.6,43.23,43.54,42.48,37.44,37.5,37.28,31.72,31.95,31.46,30.44,30.56,30.3,30.46,30.54,30.42,30.41,30.43,30.4,30.38,30.41,30.34,30.06,30.07,30.06,6849,10053
2025-07-20 16:00:00,0.64,7.23,12.53,11.16,11.12,20.04,13.61,12.61,43.09,43.31,42.83,36.72,37.16,36.2,31.08,31.37,30.77,30.16,30.3,30.06,30.41,30.42,30.39,30.44,30.48,30.41,30.41,30.41,30.41,30.08,30.11,30.06,6849,10160
2025-07-20 15:00:00,0.66,7.24,12.41,11.15,11.16,20.09,13.64,12.64,42.31,42.71,42.1,35.2,36.09,34.21,30.45,30.76,30.18,29.93,30.05,29.83,30.38,30.4,30.36,30.51,30.52,30.47,30.43,30.47,30.41,30.15,30.18,30.11,6851,10230
2025-07-20 14:00:00,0.76,7.18,12.3,11.14,11.15,20.15,13.67,12.66,41.22,42.12,39.75,33.17,34.08,32.43,29.9,30.18,29.68,29.79,29.82,29.71,30.4,30.42,30.36,30.53,30.56,30.52,30.52,30.53,30.49,30.18,30.18,30.17,6849,10136
2025-07-20 13:00:00,0.77,7.19,12.27,11.09,11.17,20.16,13.71,12.69,38.41,39.52,37.39,31.45,32.3,30.54,29.33,29.59,29.11,29.69,29.7,29.65,30.42,30.43,30.42,30.62,30.64,30.57,30.53,30.53,30.53,30.18,30.18,30.18,6849,10246
2025-07-20 12:00:00,0.77,7.07,12.22,11.05,11.21,20.19,13.75,12.7,35.74,37.27,34.08,29.44,30.39,28.53,28.88,29.04,28.73,29.68,29.7,29.65,30.5,30.54,30.44,30.66,30.72,30.64,30.56,30.6,30.53,30.18,30.19,30.18,6849,10270
2025-07-20 11:00:00,0.76,6.98,12.16,11.04,11.25,20.22,13.74,12.7,32.21,33.73,30.77,27.52,28.41,26.6,28.5,28.64,28.4,29.71,29.74,29.7,30.6,30.66,30.54,30.75,30.76,30.73,30.64,30.65,30.6,30.18,30.2,30.18,6849,10254
2025-07-20 10:00:00,0.83,6.91,12.09,11.03,11.26,20.25,13.77,12.69,28.76,30.41,26.51,25.49,26.4,24.62,28.31,28.39,28.28,29.83,29.93,29.77,30.72,30.78,30.66,30.8,30.87,30.76,30.65,30.65,30.64,30.19,30.2,30.18,6842,10372
2025-07-20 09:00:00,0.88,6.69,12.02,11.01,11.25,20.29,13.78,12.69,22.27,25.83,19.18,24.05,24.5,23.79,28.29,28.35,28.28,30.04,30.18,29.94,30.85,30.9,30.78,30.88,30.88,30.88,30.65,30.66,30.65,30.19,30.2,30.19,6838,10337
2025-07-20 08:00:00,0.76,6.58,12.02,11.02,11.23,20.26,13.78,12.7,17.14,18.74,16.12,23.85,24.03,23.79,28.54,28.76,28.4,30.34,30.47,30.2,31,31.11,30.93,30.94,31,30.88,30.65,30.66,30.65,30.19,30.2,30.18,6673,6965
2025-07-20 07:00:00,0.76,6.55,12.06,11.06,11.24,20.27,13.78,12.72,15.55,15.99,15.27,24.37,24.74,24.03,29,29.23,28.76,30.64,30.77,30.53,31.16,31.25,31.11,31,31,31,30.66,30.67,30.65,30.18,30.2,30.18,6510,6783
2025-07-20 06:00:00,0.72,6.6,12.04,11.12,11.24,20.29,13.79,12.71,16.18,16.65,15.75,25.17,25.57,24.79,29.49,29.71,29.23,30.91,31.02,30.77,31.28,31.37,31.24,31.03,31.08,31,30.65,30.66,30.65,30.18,30.19,30.18,6488,0
2025-07-20 05:00:00,0.74,6.61,12.05,11.17,11.24,20.28,13.78,12.7,17.13,17.65,16.7,26.02,26.41,25.63,30,30.23,29.8,31.18,31.28,31.05,31.39,31.46,31.37,31.09,31.11,31.06,30.65,30.66,30.65,30.18,30.18,30.18,6497,0
2025-07-20 04:00:00,0.76,6.56,12.15,11.2,11.22,20.27,13.77,12.7,18.2,18.83,17.66,26.97,27.46,26.51,30.5,30.76,30.3,31.41,31.48,31.3,31.49,31.5,31.46,31.1,31.11,31.08,30.65,30.65,30.65,30.18,30.18,30.18,6510,0
2025-07-20 03:00:00,0.77,6.61,12.25,11.22,11.24,20.26,13.75,12.7,19.76,20.72,18.95,27.99,28.43,27.52,30.98,31.22,30.77,31.63,31.72,31.55,31.55,31.61,31.49,31.09,31.11,31.08,30.65,30.65,30.65,30.17,30.18,30.17,6524,0
2025-07-20 02:00:00,0.76,6.63,12.27,11.27,11.25,20.26,13.74,12.69,22.05,22.97,20.96,28.92,29.32,28.53,31.44,31.66,31.24,31.79,31.84,31.72,31.6,31.61,31.58,31.02,31.08,31,30.62,30.65,30.59,30.15,30.17,30.14,6537,0
2025-07-20 01:00:00,0.79,6.67,12.31,11.23,11.24,20.23,13.76,12.69,23.35,23.56,23.09,29.78,30.19,29.35,31.89,32.07,31.72,31.93,31.98,31.83,31.6,31.61,31.59,31,31,31,30.55,30.58,30.53,30.12,30.15,30.11,6539,0
2025-07-20 00:00:00,0.75,6.74,12.34,11.22,11.22,20.21,13.75,12.69,23.61,24.41,23.09,30.88,31.48,30.3,32.35,32.54,32.16,32.05,32.07,31.97,31.52,31.58,31.49,30.95,31,30.89,30.53,30.53,30.53,30.09,30.11,30.07,6519,0
2025-07-19 23:00:00,0.73,6.72,12.35,11.24,11.2,20.22,13.71,12.71,26.25,27.58,24.64,32.11,32.65,31.6,32.72,32.9,32.54,32.07,32.07,32.07,31.46,31.49,31.38,30.88,30.88,30.88,30.53,30.53,30.52,30.08,30.1,30.06,6546,0
2025-07-19 22:00:00,0.73,6.72,12.39,11.28,11.21,20.16,13.7,12.71,28.65,29.52,27.77,33.24,33.74,32.75,33,33.12,32.9,31.98,32.07,31.95,31.34,31.38,31.26,30.81,30.88,30.76,30.52,30.53,30.49,30.08,30.1,30.06,6571,0
2025-07-19 21:00:00,0.7,6.76,12.42,11.33,11.21,20.13,13.69,12.68,30.95,32.77,29.7,34.4,34.9,33.84,33.14,33.14,33.13,31.84,31.94,31.72,31.21,31.25,31.13,30.76,30.76,30.76,30.49,30.52,30.46,30.1,30.14,30.09,6631,1835
2025-07-19 20:00:00,0.65,6.86,12.46,11.35,11.19,20.12,13.68,12.67,34.28,34.68,33.05,35.31,35.75,34.93,33.11,33.14,33.03,31.62,31.72,31.48,31.07,31.13,31.01,30.73,30.76,30.67,30.49,30.52,30.47,30.14,30.17,30.12,6737,6976
2025-07-19 19:00:00,0.61,6.95,12.51,11.35,11.19,20.14,13.69,12.68,34.01,35.62,33.25,36.59,37.28,35.88,32.93,33.02,32.78,31.36,31.48,31.24,30.95,31.01,30.9,30.66,30.72,30.64,30.51,30.53,30.49,30.17,30.18,30.16,6822,7276
2025-07-19 18:00:00,0.56,7.11,12.57,11.34,11.22,20.14,13.7,12.69,40.55,43.08,36.09,37.51,37.59,37.39,32.49,32.77,32.28,31.05,31.23,30.89,30.83,30.9,30.78,30.65,30.66,30.64,30.53,30.53,30.53,30.18,30.18,30.18,6802,7055
2025-07-19 17:00:00,0.61,7.17,12.58,11.31,11.19,20.16,13.72,12.7,43.23,43.54,42.72,37.43,37.53,37.28,31.96,32.2,31.72,30.75,30.89,30.64,30.75,30.78,30.69,30.64,30.65,30.64,30.53,30.54,30.53,30.18,30.18,30.18,6847,9947
2025-07-19 16:00:00,0.64,7.25,12.52,11.24,11.21,20.18,13.76,12.69,42.94,43.21,42.6,36.79,37.24,36.25,31.35,31.67,31.07,30.48,30.61,30.41,30.66,30.67,30.66,30.66,30.7,30.64,30.56,30.6,30.53,30.2,30.25,30.18,6849,10128
2025-07-19 15:00:00,0.67,7.24,12.48,11.23,11.22,20.2,13.77,12.72,42.07,42.6,41.65,35.29,36.12,34.32,30.75,31.01,30.53,30.28,30.37,30.19,30.66,30.66,30.66,30.73,30.76,30.68,30.64,30.65,30.61,30.26,30.29,30.23,6849,10246
2025-07-19 14:00:00,0.77,7.16,12.34,11.19,11.25,20.24,13.8,12.76,40.63,41.81,38.7,33.32,34.18,32.66,30.21,30.42,29.99,30.13,30.18,30.06,30.66,30.66,30.66,30.76,30.76,30.76,30.65,30.65,30.65,30.29,30.3,30.29,6851,10183
2025-07-19 13:00:00,0.79,7.19,12.26,11.17,11.26,20.28,13.82,12.79,37.88,38.81,36.57,31.72,32.55,30.89,29.7,29.94,29.47,30.03,30.06,29.97,30.69,30.76,30.66,30.83,30.88,30.77,30.69,30.76,30.66,30.3,30.31,30.3,6849,10435
2025-07-19 12:00:00,0.77,7.09,12.25,11.14,11.25,20.34,13.82,12.8,34.86,36.34,33.28,29.85,30.67,29,29.25,29.43,29.11,30,30.06,29.95,30.78,30.84,30.77,30.88,30.91,30.88,30.77,30.77,30.74,30.3,30.31,30.3,6847,10325
2025-07-19 11:00:00,0.78,6.98,12.19,11.13,11.26,20.35,13.86,12.81,31.69,33.02,30.77,28.11,28.88,27.23,28.91,29.06,28.76,30.07,30.13,30.05,30.89,30.92,30.85,30.98,31,30.91,30.77,30.77,30.77,30.3,30.32,30.3,6847,10301
2025-07-19 10:00:00,0.84,6.87,12.13,11.13,11.28,20.38,13.88,12.82,28.87,30.54,26.94,26.19,27.11,25.33,28.72,28.76,28.66,30.21,30.3,30.16,31.02,31.07,30.95,31.03,31.1,31,30.77,30.8,30.77,30.31,30.34,30.3,6840,10254
2025-07-19 09:00:00,0.86,6.73,12.1,11.12,11.27,20.42,13.9,12.83,22.78,26.4,19.89,24.76,25.21,24.5,28.74,28.86,28.66,30.43,30.53,30.3,31.16,31.25,31.12,31.11,31.11,31.11,30.82,30.85,30.78,30.3,30.31,30.3,6838,9919
2025-07-19 08:00:00,0.79,6.6,12.09,11.15,11.27,20.4,13.9,12.83,17.84,19.54,16.58,24.58,24.75,24.5,29.03,29.23,28.88,30.71,30.88,30.55,31.3,31.37,31.25,31.17,31.23,31.12,30.85,30.88,30.83,30.3,30.32,30.3,6666,6957
2025-07-19 07:00:00,0.71,6.59,12.05,11.18,11.25,20.38,13.9,12.83,16.42,16.77,16.26,25.18,25.57,24.86,29.48,29.71,29.23,31.01,31.12,30.89,31.45,31.49,31.37,31.23,31.23,31.22,30.86,30.88,30.85,30.3,30.3,30.3,6519,6787
2025-07-19 06:00:00,0.75,6.61,12.08,11.24,11.28,20.39,13.9,12.81,17.37,18,16.82,26.01,26.4,25.6,29.97,30.18,29.77,31.28,31.38,31.14,31.58,31.61,31.49,31.23,31.25,31.23,30.85,30.88,30.83,30.3,30.3,30.29,6493,0
2025-07-19 05:00:00,0.77,6.56,12.17,11.25,11.29,20.39,13.89,12.8,18.99,19.42,18.15,26.76,27.11,26.48,30.45,30.65,30.22,31.53,31.63,31.43,31.69,31.72,31.61,31.28,31.31,31.26,30.81,30.84,30.78,30.29,30.3,30.28,6506,0
2025-07-19 04:00:00,0.79,6.57,12.24,11.29,11.34,20.38,13.87,12.8,19.21,19.66,18.95,27.56,28.05,27.11,30.94,31.18,30.73,31.78,31.88,31.66,31.78,31.84,31.72,31.29,31.31,31.27,30.77,30.8,30.77,30.27,30.3,30.24,6517,0
2025-07-19 03:00:00,0.72,6.58,12.27,11.25,11.36,20.36,13.86,12.8,20.84,22.01,19.83,28.54,28.96,28.12,31.44,31.68,31.24,32,32.07,31.93,31.84,31.84,31.84,31.26,31.29,31.23,30.77,30.77,30.77,30.21,30.25,30.19,6528,0
2025-07-19 02:00:00,0.77,6.64,12.32,11.27,11.35,20.34,13.82,12.8,22.52,23.2,21.9,29.43,29.85,29,31.91,32.12,31.72,32.17,32.28,32.08,31.84,31.86,31.84,31.23,31.24,31.23,30.77,30.77,30.75,30.19,30.2,30.18,6537,0
2025-07-19 01:00:00,0.77,6.68,12.34,11.28,11.36,20.31,13.83,12.8,23.3,23.44,23.17,30.42,30.97,29.94,32.39,32.64,32.18,32.33,32.41,32.29,31.84,31.85,31.84,31.22,31.23,31.16,30.69,30.75,30.65,30.18,30.18,30.18,6542,0
2025-07-19 00:00:00,0.76,6.66,12.34,11.35,11.34,20.34,13.83,12.8,24.73,25.45,23.68,31.6,32.18,31.02,32.83,33.02,32.66,32.41,32.41,32.41,31.83,31.84,31.8,31.13,31.18,31.11,30.65,30.66,30.65,30.18,30.18,30.18,6519,0
2025-07-18 23:00:00,0.74,6.68,12.37,11.38,11.28,20.31,13.8,12.79,27.09,28.17,25.57,32.8,33.29,32.31,33.22,33.37,33.05,32.41,32.41,32.41,31.72,31.77,31.7,31.09,31.11,31.02,30.65,30.65,30.64,30.18,30.18,30.18,6546,0
2025-07-18 22:00:00,0.69,6.68,12.42,11.37,11.27,20.27,13.79,12.78,29.22,30.18,28.41,33.97,34.56,33.41,33.52,33.61,33.38,32.36,32.41,32.31,31.61,31.68,31.58,31,31.01,31,30.63,30.65,30.63,30.18,30.18,30.18,6564,0
2025-07-18 21:00:00,0.68,6.76,12.47,11.36,11.22,20.25,13.79,12.79,31.79,33.49,30.42,35.21,35.74,34.66,33.68,33.73,33.61,32.22,32.31,32.09,31.47,31.56,31.37,30.93,31,30.88,30.61,30.63,30.59,30.18,30.18,30.18,6626,1894
2025-07-18 20:00:00,0.64,6.88,12.51,11.39,11.23,20.27,13.79,12.79,35.41,36.33,33.82,36.28,36.8,35.86,33.63,33.7,33.61,31.97,32.08,31.83,31.32,31.37,31.25,30.88,30.89,30.88,30.6,30.62,30.59,30.18,30.18,30.18,6733,6976
2025-07-18 19:00:00,0.63,6.92,12.55,11.41,11.23,20.26,13.78,12.8,35.71,37.39,34.82,37.65,38.34,36.91,33.48,33.61,33.28,31.7,31.83,31.6,31.19,31.25,31.13,30.88,30.88,30.86,30.62,30.63,30.6,30.18,30.18,30.18,6844,7114
2025-07-18 18:00:00,0.49,7.04,12.59,11.43,11.22,20.25,13.79,12.77,42.35,45.19,37.87,38.72,38.81,38.46,32.98,33.25,32.73,31.38,31.52,31.24,31.07,31.13,31.01,30.87,30.88,30.85,30.65,30.65,30.64,30.2,30.24,30.18,6786,7055
2025-07-18 17:00:00,0.5,7.17,12.63,11.44,11.23,20.27,13.81,12.79,46.07,46.5,45.32,38.7,38.81,38.49,32.41,32.66,32.14,31.05,31.23,30.89,30.98,31.01,30.92,30.86,30.88,30.86,30.65,30.65,30.65,30.26,30.29,30.23,6851,9829
2025-07-18 16:00:00,0.53,7.27,12.59,11.38,11.24,20.3,13.84,12.8,46.3,46.97,45.59,37.91,38.46,37.27,31.77,32.07,31.48,30.77,30.89,30.65,30.9,30.9,30.9,30.88,30.88,30.86,30.67,30.72,30.65,30.29,30.3,30.28,6851,10022
2025-07-18 15:00:00,0.58,7.29,12.54,11.32,11.25,20.35,13.86,12.82,44.88,45.44,44.49,36.24,37.12,35.27,31.13,31.41,30.88,30.55,30.65,30.46,30.9,30.9,30.9,30.88,30.88,30.88,30.75,30.77,30.72,30.3,30.3,30.3,6849,10167
2025-07-18 14:00:00,0.73,7.18,12.45,11.27,11.28,20.37,13.9,12.86,43.53,44.37,42.48,34.24,35.11,33.49,30.56,30.81,30.3,30.4,30.45,30.36,30.9,30.9,30.9,30.95,31,30.9,30.77,30.77,30.77,30.31,30.34,30.3,6851,10262
2025-07-18 13:00:00,0.79,7.2,12.31,11.28,11.32,20.42,13.94,12.88,41.25,42.77,39.88,32.44,33.32,31.5,30,30.3,29.74,30.3,30.32,30.29,30.93,31.01,30.9,31.01,31.03,31,30.81,30.87,30.77,30.37,30.41,30.32,6851,10238
2025-07-18 12:00:00,0.78,7.14,12.25,11.23,11.32,20.48,13.96,12.92,37.89,39.75,35.5,30.32,31.35,29.35,29.51,29.71,29.35,30.3,30.3,30.29,31.02,31.09,31.01,31.09,31.11,31.03,30.89,30.89,30.87,30.4,30.42,30.39,6849,10203
2025-07-18 11:00:00,0.74,7.01,12.24,11.22,11.35,20.5,13.97,12.94,33.69,35.15,32.31,28.31,29.21,27.34,29.13,29.31,29,30.34,30.41,30.3,31.14,31.21,31.11,31.16,31.23,31.11,30.89,30.9,30.89,30.41,30.42,30.4,6849,10160
2025-07-18 10:00:00,0.85,6.89,12.18,11.22,11.33,20.5,13.98,12.94,30.02,31.95,27.45,26.17,27.14,25.21,28.92,29,28.88,30.47,30.55,30.41,31.28,31.37,31.25,31.23,31.25,31.22,30.91,30.94,30.89,30.41,30.42,30.4,6842,10104
2025-07-18 09:00:00,0.86,6.73,12.13,11.22,11.33,20.52,14,12.94,22.84,26.75,19.42,24.65,25.1,24.39,28.94,29,28.88,30.72,30.88,30.57,31.43,31.49,31.37,31.32,31.35,31.27,30.95,30.97,30.94,30.41,30.42,30.4,6838,9821
2025-07-18 08:00:00,0.78,6.57,12.1,11.23,11.35,20.52,13.99,12.94,17.26,18.94,16.07,24.47,24.63,24.39,29.25,29.47,29.09,31.03,31.21,30.89,31.59,31.66,31.49,31.36,31.38,31.35,30.97,31,30.96,30.38,30.41,30.34,6675,6965
2025-07-18 07:00:00,0.73,6.61,12.06,11.26,11.38,20.51,13.99,12.94,15.9,16.23,15.75,25.06,25.44,24.74,29.76,30.02,29.5,31.36,31.49,31.24,31.75,31.84,31.71,31.44,31.47,31.39,30.97,31,30.94,30.33,30.36,30.3,6517,6787
2025-07-18 06:00:00,0.71,6.6,12.13,11.28,11.38,20.51,13.99,12.93,16.63,17,16.26,25.86,26.27,25.46,30.3,30.53,30.06,31.67,31.83,31.53,31.9,31.96,31.84,31.47,31.47,31.47,30.95,30.99,30.92,30.3,30.31,30.3,6488,0
2025-07-18 05:00:00,0.77,6.54,12.24,11.26,11.35,20.52,13.97,12.91,17.49,17.9,17.04,26.73,27.11,26.31,30.85,31.13,30.59,31.96,32.08,31.83,32.02,32.08,31.96,31.47,31.47,31.47,30.89,30.93,30.89,30.3,30.3,30.29,6497,0
2025-07-18 04:00:00,0.77,6.56,12.26,11.28,11.36,20.51,13.97,12.89,18.48,19.06,18,27.69,28.17,27.22,31.41,31.7,31.13,32.23,32.34,32.11,32.11,32.18,32.08,31.47,31.48,31.47,30.89,30.89,30.89,30.27,30.3,30.23,6506,0
2025-07-18 03:00:00,0.76,6.58,12.31,11.36,11.33,20.48,13.98,12.88,19.71,20.25,19.15,28.75,29.23,28.29,31.98,32.23,31.72,32.48,32.56,32.39,32.2,32.2,32.16,31.47,31.47,31.47,30.87,30.89,30.83,30.19,30.23,30.18,6519,0
2025-07-18 02:00:00,0.72,6.62,12.33,11.36,11.35,20.46,13.96,12.89,21,21.67,20.37,29.93,30.54,29.35,32.55,32.78,32.31,32.69,32.78,32.59,32.2,32.2,32.2,31.44,31.47,31.39,30.78,30.82,30.77,30.18,30.18,30.18,6528,0
2025-07-18 01:00:00,0.74,6.69,12.34,11.38,11.34,20.45,13.93,12.88,22.75,23.79,21.78,31.24,31.85,30.65,33.09,33.36,32.88,32.84,32.9,32.78,32.2,32.2,32.2,31.36,31.39,31.35,30.77,30.77,30.75,30.18,30.18,30.18,6537,0
2025-07-18 00:00:00,0.76,6.67,12.39,11.4,11.33,20.44,13.92,12.87,25.47,26.51,24.03,32.55,33.14,31.95,33.58,33.84,33.37,32.9,32.93,32.9,32.15,32.2,32.09,31.31,31.35,31.24,30.71,30.77,30.65,30.17,30.18,30.15,6519,0
2025-07-17 23:00:00,0.74,6.68,12.46,11.41,11.33,20.42,13.93,12.86,27.14,28.17,26.4,33.9,34.58,33.25,34,34.18,33.84,32.92,32.93,32.9,32.05,32.08,31.96,31.23,31.23,31.21,30.65,30.66,30.65,30.14,30.16,30.12,6542,0
2025-07-17 22:00:00,0.69,6.76,12.51,11.43,11.35,20.44,13.91,12.86,30.52,32.45,28.53,35.32,35.97,34.66,34.31,34.43,34.2,32.86,32.9,32.78,31.91,31.96,31.84,31.13,31.21,31.11,30.65,30.65,30.64,30.11,30.12,30.09,6550,0
2025-07-17 21:00:00,0.66,6.89,12.53,11.46,11.33,20.4,13.89,12.86,34.37,36.33,32.78,36.59,37.16,36.06,34.43,34.43,34.43,32.69,32.78,32.55,31.75,31.84,31.7,31.06,31.11,31,30.62,30.65,30.6,30.1,30.13,30.08,6595,1942
2025-07-17 20:00:00,0.69,6.95,12.62,11.48,11.29,20.36,13.9,12.86,38.07,38.75,36.63,37.63,38.09,37.18,34.33,34.43,34.28,32.42,32.54,32.31,31.58,31.63,31.49,31,31,30.99,30.58,30.63,30.55,30.1,30.12,30.09,6693,6929
2025-07-17 19:00:00,0.64,6.98,12.65,11.44,11.26,20.36,13.92,12.86,38.25,40,37.39,38.95,39.64,38.22,34.11,34.27,33.93,32.13,32.31,31.96,31.43,31.49,31.37,30.95,31,30.9,30.57,30.6,30.56,30.13,30.17,30.12,6806,7079
2025-07-17 18:00:00,0.54,7.16,12.68,11.5,11.27,20.39,13.89,12.87,44.47,46.8,40.47,39.86,39.88,39.74,33.59,33.84,33.36,31.79,31.95,31.6,31.3,31.37,31.25,30.89,30.93,30.88,30.61,30.64,30.6,30.16,30.17,30.14,6773,7039
2025-07-17 17:00:00,0.5,7.23,12.67,11.5,11.28,20.41,13.91,12.87,47.63,47.92,46.86,39.82,39.9,39.64,33.03,33.28,32.78,31.46,31.6,31.35,31.19,31.25,31.13,30.88,30.89,30.88,30.64,30.65,30.61,30.17,30.18,30.17,6849,9675
2025-07-17 16:00:00,0.55,7.31,12.67,11.49,11.28,20.44,13.94,12.91,48.22,48.75,47.8,39.13,39.61,38.5,32.37,32.66,32.07,31.16,31.3,31.02,31.12,31.13,31.1,30.88,30.88,30.88,30.65,30.65,30.64,30.18,30.18,30.18,6851,9896
2025-07-17 15:00:00,0.57,7.39,12.62,11.44,11.3,20.45,13.98,12.94,47.45,47.87,46.88,37.41,38.36,36.34,31.74,32.04,31.48,30.93,31.01,30.88,31.07,31.09,31.05,30.9,30.93,30.88,30.65,30.65,30.65,30.18,30.18,30.18,6851,9900
2025-07-17 14:00:00,0.71,7.3,12.57,11.43,11.34,20.49,14,12.97,45.71,46.74,44.49,35.31,36.21,34.53,31.16,31.45,30.9,30.77,30.84,30.7,31.06,31.1,31.04,30.98,31,30.96,30.69,30.72,30.65,30.18,30.19,30.18,6851,9825
2025-07-17 13:00:00,0.84,7.26,12.5,11.41,11.35,20.54,14.03,12.97,42.61,44.13,41.13,33.49,34.34,32.58,30.63,30.89,30.42,30.66,30.72,30.65,31.12,31.13,31.09,31,31,31,30.75,30.77,30.72,30.18,30.2,30.18,6851,9911
2025-07-17 12:00:00,0.83,7.25,12.35,11.38,11.38,20.59,14.06,12.97,38.97,40.82,36.8,31.51,32.43,30.65,30.17,30.32,30.02,30.65,30.65,30.65,31.15,31.21,31.13,31.06,31.11,31,30.77,30.77,30.76,30.2,30.22,30.19,6851,9939
2025-07-17 11:00:00,0.76,7.12,12.26,11.35,11.37,20.64,14.07,12.99,35.05,36.45,33.37,29.71,30.54,28.81,29.83,29.95,29.71,30.68,30.77,30.65,31.25,31.28,31.24,31.11,31.12,31.11,30.77,30.77,30.77,30.2,30.22,30.19,6851,10152
2025-07-17 10:00:00,0.85,6.97,12.23,11.32,11.37,20.64,14.08,13,31.21,32.98,28.98,27.76,28.64,26.98,29.67,29.71,29.64,30.81,30.89,30.77,31.35,31.38,31.29,31.16,31.22,31.12,30.77,30.77,30.77,30.19,30.2,30.18,6844,10230
2025-07-17 09:00:00,0.89,6.85,12.19,11.33,11.33,20.63,14.08,13.03,25.03,28.41,21.9,26.37,26.82,26.15,29.72,29.82,29.65,31.02,31.12,30.89,31.47,31.5,31.38,31.23,31.23,31.22,30.77,30.77,30.77,30.18,30.2,30.18,6838,9616
2025-07-17 08:00:00,0.85,6.75,12.16,11.34,11.39,20.64,14.08,13.02,19.79,21.45,18.59,26.21,26.4,26.11,30.02,30.22,29.82,31.3,31.46,31.16,31.61,31.66,31.55,31.23,31.24,31.23,30.77,30.77,30.77,30.18,30.19,30.18,6693,6980
2025-07-17 07:00:00,0.79,6.63,12.24,11.35,11.4,20.64,14.07,13.02,18.49,18.83,18.36,26.85,27.22,26.49,30.5,30.76,30.29,31.58,31.72,31.48,31.72,31.77,31.68,31.27,31.33,31.23,30.77,30.77,30.77,30.18,30.18,30.18,6519,6787
2025-07-17 06:00:00,0.8,6.66,12.31,11.38,11.43,20.62,14.06,13.01,19.4,19.89,18.93,27.72,28.16,27.34,30.99,31.24,30.77,31.82,31.95,31.72,31.83,31.85,31.78,31.32,31.34,31.31,30.77,30.77,30.76,30.17,30.18,30.14,6497,0
2025-07-17 05:00:00,0.75,6.66,12.34,11.35,11.42,20.61,14.06,13.02,20.57,21.19,20.01,28.67,29.12,28.22,31.49,31.72,31.24,32.06,32.18,31.95,31.93,31.96,31.86,31.33,31.34,31.31,30.75,30.77,30.72,30.09,30.14,30.06,6504,0
2025-07-17 04:00:00,0.78,6.72,12.38,11.38,11.42,20.62,14.07,13.04,22,22.75,21.31,29.67,30.18,29.22,31.95,32.18,31.72,32.26,32.33,32.18,31.96,31.97,31.96,31.28,31.31,31.24,30.67,30.7,30.65,30.06,30.07,30.06,6517,0
2025-07-17 03:00:00,0.78,6.81,12.41,11.43,11.43,20.59,14.05,13.02,24.11,25.07,22.97,30.68,31.13,30.28,32.4,32.59,32.18,32.44,32.54,32.39,31.97,32,31.97,31.23,31.25,31.23,30.65,30.65,30.65,30.06,30.06,30.06,6528,0
2025-07-17 02:00:00,0.78,6.78,12.42,11.47,11.43,20.57,14.05,13.01,26.23,26.95,25.22,31.57,31.96,31.16,32.82,33.02,32.66,32.58,32.66,32.54,31.97,32,31.96,31.21,31.23,31.17,30.6,30.64,30.55,30.05,30.06,30.03,6537,0
2025-07-17 01:00:00,0.79,6.78,12.44,11.46,11.4,20.59,14.04,13,27.63,28.41,26.99,32.5,32.91,32.07,33.22,33.38,33.02,32.66,32.66,32.66,31.96,31.97,31.96,31.11,31.14,31.11,30.53,30.55,30.53,30,30.04,29.95,6542,0
2025-07-17 00:00:00,0.72,6.76,12.48,11.49,11.41,20.56,14.02,13,29.23,30.06,28.53,33.49,33.96,33.02,33.61,33.74,33.48,32.69,32.73,32.66,31.87,31.94,31.84,31.05,31.11,31,30.51,30.53,30.47,29.95,29.97,29.94,6528,0
2025-07-16 23:00:00,0.73,6.79,12.54,11.52,11.39,20.52,13.99,12.99,30.74,31.48,30.18,34.51,35.03,34.05,33.91,34.06,33.77,32.67,32.68,32.66,31.75,31.84,31.72,30.97,31,30.89,30.42,30.46,30.41,29.94,29.94,29.94,6542,0
2025-07-16 22:00:00,0.72,6.88,12.56,11.55,11.35,20.51,13.96,12.98,32.59,33.61,31.72,35.62,36.12,35.15,34.14,34.2,34.08,32.57,32.66,32.53,31.61,31.72,31.51,30.87,30.88,30.83,30.41,30.41,30.41,29.94,29.95,29.94,6550,0
2025-07-16 21:00:00,0.67,6.96,12.6,11.52,11.3,20.47,13.95,12.98,35.22,36.91,33.73,36.76,37.28,36.22,34.2,34.2,34.2,32.36,32.48,32.25,31.43,31.49,31.37,30.77,30.8,30.76,30.4,30.41,30.38,29.94,29.94,29.94,6606,2020
2025-07-16 20:00:00,0.68,7.03,12.64,11.5,11.31,20.46,13.97,12.99,38.44,38.93,37.24,37.73,38.22,37.36,34.06,34.18,33.96,32.08,32.22,31.95,31.25,31.36,31.15,30.71,30.76,30.65,30.37,30.39,30.35,29.94,29.95,29.94,6706,6949
2025-07-16 19:00:00,0.65,7.03,12.69,11.54,11.31,20.44,13.97,13,38.99,41.53,37.87,39.07,39.75,38.34,33.81,33.96,33.61,31.75,31.92,31.6,31.08,31.14,31.01,30.64,30.66,30.64,30.37,30.39,30.35,29.94,29.96,29.94,6804,7079
2025-07-16 18:00:00,0.44,7.22,12.72,11.55,11.31,20.44,13.95,13,47.29,49.57,42.36,39.75,39.88,39.64,33.23,33.52,32.98,31.39,31.58,31.24,30.94,31.01,30.9,30.64,30.64,30.64,30.4,30.41,30.35,29.96,29.99,29.94,6766,7036
2025-07-16 17:00:00,0.5,7.28,12.72,11.53,11.31,20.45,13.96,13.01,47.55,47.96,47.31,39.52,39.64,39.33,32.64,32.9,32.32,31.04,31.23,30.89,30.8,30.88,30.78,30.63,30.64,30.63,30.41,30.41,30.4,30.01,30.05,29.97,6849,9829
2025-07-16 16:00:00,0.59,7.39,12.71,11.48,11.32,20.49,14,13.03,48.5,48.87,47.8,38.74,39.29,38.09,31.95,32.31,31.62,30.71,30.88,30.55,30.7,30.78,30.66,30.63,30.64,30.62,30.41,30.42,30.41,30.06,30.06,30.05,6851,9809
2025-07-16 15:00:00,0.61,7.44,12.64,11.41,11.34,20.53,14.04,13.05,47,47.57,46.62,37.08,37.98,36.09,31.27,31.6,31.01,30.45,30.53,30.36,30.66,30.66,30.66,30.64,30.64,30.63,30.44,30.51,30.41,30.06,30.06,30.06,6851,9813
2025-07-16 14:00:00,0.74,7.35,12.56,11.39,11.37,20.58,14.07,13.07,45.57,46.5,44.02,34.99,35.95,34.13,30.65,30.9,30.41,30.26,30.3,30.19,30.66,30.66,30.66,30.65,30.68,30.64,30.52,30.53,30.5,30.06,30.06,30.06,6851,9935
2025-07-16 13:00:00,0.83,7.32,12.43,11.34,11.41,20.61,14.1,13.09,42.41,43.66,41.01,33.06,33.96,32.12,30.04,30.3,29.78,30.12,30.18,30.06,30.66,30.68,30.66,30.74,30.76,30.68,30.53,30.54,30.53,30.06,30.07,30.06,6851,9974
2025-07-16 12:00:00,0.82,7.29,12.34,11.32,11.41,20.65,14.13,13.12,39.09,40.71,37.34,30.96,31.95,29.94,29.51,29.71,29.34,30.06,30.06,30.06,30.75,30.78,30.7,30.77,30.81,30.76,30.54,30.58,30.53,30.07,30.09,30.06,6849,9998
2025-07-16 11:00:00,0.78,7.11,12.32,11.3,11.43,20.7,14.14,13.14,35.11,36.91,33.52,28.9,29.83,28.02,29.11,29.24,29,30.11,30.18,30.06,30.84,30.9,30.78,30.85,30.88,30.8,30.61,30.65,30.58,30.07,30.09,30.06,6849,10108
2025-07-16 10:00:00,0.83,7.01,12.25,11.29,11.41,20.73,14.14,13.15,31.22,33.14,28.92,26.88,27.82,26.03,28.88,28.97,28.85,30.23,30.3,30.18,30.96,31.01,30.9,30.89,30.94,30.88,30.64,30.65,30.63,30.07,30.11,30.06,6842,10022
2025-07-16 09:00:00,0.9,6.85,12.22,11.26,11.41,20.73,14.14,13.16,24.7,28.35,21.22,25.33,25.85,25.02,28.88,28.93,28.86,30.43,30.53,30.3,31.08,31.13,31.01,30.98,31,30.94,30.65,30.65,30.65,30.06,30.08,30.06,6838,9691
2025-07-16 08:00:00,0.83,6.76,12.2,11.3,11.4,20.75,14.14,13.16,19.06,20.83,17.76,25.04,25.21,24.98,29.11,29.31,28.98,30.71,30.87,30.56,31.23,31.27,31.14,31.01,31.05,31,30.65,30.65,30.64,30.06,30.07,30.06,6713,7004
2025-07-16 07:00:00,0.8,6.69,12.17,11.34,11.41,20.75,14.14,13.15,17.51,17.7,17.41,25.51,25.81,25.21,29.56,29.81,29.35,31,31.12,30.89,31.37,31.46,31.29,31.09,31.11,31.06,30.65,30.65,30.65,30.06,30.06,30.06,6528,6799
2025-07-16 06:00:00,0.78,6.7,12.18,11.39,11.38,20.77,14.14,13.13,18.12,18.45,17.76,26.21,26.51,25.92,30.02,30.23,29.82,31.27,31.37,31.12,31.5,31.59,31.47,31.11,31.11,31.11,30.65,30.65,30.64,30.06,30.06,30.06,6495,0
2025-07-16 05:00:00,0.8,6.63,12.27,11.4,11.44,20.77,14.15,13.12,18.95,19.42,18.59,26.95,27.33,26.63,30.5,30.73,30.3,31.53,31.66,31.4,31.61,31.67,31.58,31.11,31.11,31.11,30.6,30.65,30.58,30.03,30.06,30,6502,0
2025-07-16 04:00:00,0.77,6.69,12.35,11.44,11.42,20.75,14.15,13.12,20.04,20.59,19.52,27.7,28.05,27.34,30.97,31.22,30.77,31.79,31.9,31.71,31.71,31.72,31.66,31.11,31.11,31.11,30.54,30.57,30.53,29.97,30.01,29.94,6517,0
2025-07-16 03:00:00,0.74,6.67,12.37,11.39,11.43,20.74,14.13,13.12,20.88,21.08,20.62,28.45,28.85,28.07,31.47,31.72,31.24,32.01,32.11,31.94,31.73,31.76,31.72,31.11,31.11,31.11,30.53,30.53,30.53,29.94,29.95,29.94,6524,0
2025-07-16 02:00:00,0.76,6.69,12.41,11.41,11.44,20.71,14.1,13.11,21.49,22.14,21.08,29.36,29.83,28.88,32,32.25,31.73,32.23,32.31,32.16,31.77,31.8,31.75,31.04,31.11,31,30.48,30.53,30.42,29.94,29.94,29.94,6530,0
2025-07-16 01:00:00,0.79,6.75,12.43,11.48,11.43,20.67,14.08,13.09,22.68,23.2,22.21,30.43,30.94,29.94,32.53,32.78,32.31,32.38,32.41,32.31,31.74,31.8,31.72,31,31,30.97,30.41,30.43,30.41,29.93,29.94,29.92,6537,0
2025-07-16 00:00:00,0.75,6.74,12.45,11.51,11.41,20.68,14.08,13.1,23.87,24.62,23.23,31.65,32.25,31.02,33.04,33.25,32.78,32.47,32.54,32.41,31.71,31.72,31.66,30.9,30.95,30.88,30.38,30.41,30.34,29.87,29.9,29.84,6517,0
2025-07-15 23:00:00,0.77,6.74,12.47,11.54,11.4,20.63,14.07,13.11,25.59,26.51,24.74,33.07,33.79,32.36,33.51,33.72,33.31,32.51,32.54,32.48,31.6,31.62,31.55,30.82,30.88,30.76,30.3,30.32,30.29,29.84,29.85,29.83,6537,0
2025-07-15 22:00:00,0.71,6.78,12.55,11.53,11.35,20.6,14.06,13.1,28.01,29.8,26.63,34.71,35.5,33.96,33.85,33.96,33.73,32.4,32.43,32.31,31.46,31.5,31.37,30.75,30.76,30.72,30.29,30.29,30.29,29.83,29.83,29.83,6550,0
2025-07-15 21:00:00,0.68,6.95,12.67,11.53,11.36,20.58,14.05,13.1,32.87,35.86,30.18,36.24,36.8,35.62,33.96,33.97,33.96,32.23,32.31,32.09,31.3,31.37,31.25,30.65,30.68,30.64,30.28,30.29,30.27,29.83,29.83,29.83,6606,2024
2025-07-15 20:00:00,0.7,7.04,12.68,11.56,11.36,20.57,14.06,13.09,38.04,38.7,36.37,37.24,37.74,36.84,33.87,33.96,33.79,31.95,32.07,31.83,31.12,31.24,31.02,30.59,30.64,30.52,30.26,30.28,30.24,29.83,29.83,29.83,6704,6945
2025-07-15 19:00:00,0.64,7.08,12.7,11.57,11.35,20.58,14.06,13.1,38.33,40.23,37.39,38.51,39.16,37.83,33.62,33.75,33.41,31.64,31.78,31.48,30.96,31.01,30.9,30.52,30.53,30.52,30.25,30.26,30.23,29.83,29.84,29.83,6820,7095
2025-07-15 18:00:00,0.54,7.24,12.74,11.59,11.36,20.56,14.06,13.1,44.76,46.85,40.93,39.27,39.29,39.16,33.08,33.37,32.8,31.28,31.48,31.12,30.81,30.9,30.77,30.51,30.52,30.48,30.26,30.28,30.24,29.85,29.89,29.83,6784,7055
2025-07-15 17:00:00,0.5,7.34,12.74,11.56,11.34,20.58,14.07,13.09,47.26,47.68,46.74,39.2,39.29,39,32.5,32.78,32.18,30.93,31.12,30.77,30.68,30.77,30.66,30.49,30.51,30.46,30.29,30.29,30.27,29.9,29.93,29.87,6853,9770
2025-07-15 16:00:00,0.51,7.41,12.72,11.5,11.35,20.6,14.07,13.1,47.78,48.23,47,38.43,38.93,37.87,31.84,32.18,31.52,30.61,30.77,30.51,30.59,30.66,30.54,30.47,30.5,30.45,30.29,30.29,30.29,29.94,29.94,29.92,6851,9868
2025-07-15 15:00:00,0.62,7.47,12.68,11.43,11.38,20.63,14.11,13.13,46.56,46.97,45.79,36.81,37.75,35.86,31.18,31.48,30.89,30.36,30.43,30.3,30.54,30.54,30.54,30.5,30.52,30.47,30.29,30.29,30.29,29.94,29.94,29.94,6851,9829
2025-07-15 14:00:00,0.73,7.36,12.58,11.42,11.4,20.69,14.13,13.15,44.67,45.67,43.53,34.81,35.63,34.07,30.6,30.89,30.3,30.18,30.27,30.13,30.54,30.54,30.54,30.52,30.52,30.52,30.32,30.37,30.29,29.94,29.95,29.94,6851,9907
2025-07-15 13:00:00,0.86,7.36,12.45,11.39,11.42,20.73,14.14,13.18,42.27,43.31,41.04,32.97,33.86,32.05,30,30.3,29.71,30.04,30.1,29.98,30.54,30.54,30.54,30.54,30.57,30.52,30.39,30.41,30.35,29.94,29.94,29.94,6851,9939
2025-07-15 12:00:00,0.84,7.32,12.39,11.39,11.44,20.74,14.16,13.21,38.59,40.65,36.46,30.9,31.84,29.94,29.48,29.71,29.26,29.96,29.99,29.95,30.6,30.66,30.54,30.62,30.64,30.57,30.41,30.41,30.41,29.94,29.95,29.94,6851,9974
2025-07-15 11:00:00,0.77,7.16,12.36,11.35,11.42,20.76,14.18,13.22,34.27,36.09,32.78,28.97,29.83,28.05,29.11,29.23,29,30.04,30.07,30.02,30.68,30.76,30.66,30.64,30.66,30.64,30.41,30.42,30.41,29.95,29.97,29.94,6847,10152
2025-07-15 10:00:00,0.85,7.04,12.3,11.33,11.42,20.78,14.19,13.23,30.72,32.43,28.44,26.98,27.93,26.16,28.91,29,28.88,30.16,30.24,30.06,30.79,30.85,30.77,30.72,30.76,30.67,30.41,30.41,30.41,29.94,29.96,29.94,6842,10286
2025-07-15 09:00:00,0.91,6.9,12.26,11.34,11.43,20.79,14.19,13.23,24.37,27.94,21.2,25.59,26.04,25.33,28.94,29.05,28.88,30.36,30.46,30.29,30.9,30.97,30.87,30.76,30.76,30.76,30.41,30.43,30.41,29.94,29.96,29.94,6840,9770
2025-07-15 08:00:00,0.82,6.78,12.24,11.35,11.42,20.81,14.2,13.23,19.32,20.84,18.1,25.42,25.57,25.33,29.25,29.47,29.11,30.63,30.77,30.53,31.03,31.12,31.01,30.77,30.79,30.76,30.41,30.42,30.41,29.94,29.94,29.94,6706,7000
2025-07-15 07:00:00,0.82,6.78,12.2,11.39,11.42,20.82,14.19,13.22,17.87,18.08,17.76,26.02,26.4,25.69,29.72,29.94,29.48,30.89,31.01,30.77,31.13,31.17,31.12,30.83,30.87,30.8,30.41,30.42,30.41,29.94,29.94,29.94,6524,6799
2025-07-15 06:00:00,0.82,6.7,12.25,11.45,11.42,20.82,14.18,13.21,18.53,19.02,18.12,26.86,27.28,26.46,30.2,30.42,29.98,31.13,31.24,31.01,31.25,31.25,31.21,30.87,30.88,30.86,30.41,30.41,30.41,29.94,29.94,29.93,6497,0
2025-07-15 05:00:00,0.79,6.73,12.37,11.48,11.42,20.81,14.18,13.21,19.71,20.4,19.06,27.84,28.3,27.35,30.67,30.89,30.46,31.35,31.47,31.24,31.32,31.37,31.26,30.87,30.88,30.86,30.41,30.41,30.4,29.9,29.93,29.83,6506,0
2025-07-15 04:00:00,0.76,6.77,12.42,11.5,11.43,20.79,14.2,13.23,21.7,22.97,20.58,28.85,29.23,28.41,31.1,31.29,30.89,31.54,31.6,31.48,31.37,31.37,31.37,30.85,30.88,30.8,30.35,30.41,30.31,29.84,29.89,29.83,6519,0
2025-07-15 03:00:00,0.78,6.83,12.45,11.54,11.43,20.77,14.18,13.22,24.14,24.74,23.26,29.68,30.04,29.35,31.5,31.72,31.35,31.69,31.75,31.6,31.37,31.38,31.37,30.77,30.81,30.76,30.29,30.31,30.29,29.83,29.83,29.83,6528,0
2025-07-15 02:00:00,0.83,6.87,12.49,11.57,11.43,20.74,14.16,13.2,25.14,25.56,24.86,30.47,30.89,30.07,31.89,32.07,31.72,31.83,31.86,31.78,31.37,31.38,31.37,30.76,30.76,30.75,30.29,30.29,30.27,29.83,29.83,29.83,6537,0
2025-07-15 01:00:00,0.8,6.89,12.51,11.51,11.42,20.72,14.18,13.18,26.69,27.46,25.68,31.33,31.71,30.99,32.25,32.43,32.08,31.94,31.95,31.89,31.37,31.37,31.35,30.68,30.76,30.64,30.21,30.26,30.18,29.83,29.83,29.81,6546,0
2025-07-15 00:00:00,0.82,6.89,12.52,11.54,11.41,20.71,14.16,13.18,28.1,28.42,27.58,32.08,32.43,31.73,32.61,32.78,32.43,31.95,31.96,31.95,31.28,31.37,31.25,30.62,30.64,30.55,30.18,30.18,30.17,29.82,29.83,29.81,6528,0
2025-07-14 23:00:00,0.72,6.87,12.53,11.55,11.41,20.71,14.13,13.2,28.97,29.23,28.5,32.91,33.37,32.55,32.94,33.11,32.78,31.95,31.96,31.94,31.17,31.25,31.13,30.51,30.53,30.48,30.15,30.18,30.11,29.8,29.82,29.78,6546,0
2025-07-14 22:00:00,0.75,6.85,12.56,11.58,11.4,20.66,14.14,13.2,29.26,30.83,28.25,34.13,34.77,33.48,33.22,33.32,33.14,31.87,31.94,31.83,31.03,31.12,30.95,30.42,30.49,30.4,30.08,30.13,30.06,29.79,29.82,29.78,6550,0
2025-07-14 21:00:00,0.7,6.97,12.61,11.61,11.4,20.65,14.13,13.19,33.2,35.27,31.25,35.41,35.91,34.89,33.36,33.37,33.33,31.66,31.8,31.55,30.85,30.92,30.78,30.35,30.4,30.29,30.06,30.07,30.06,29.8,29.83,29.78,6624,2044
2025-07-14 20:00:00,0.71,7.11,12.68,11.65,11.38,20.64,14.13,13.17,36.92,37.5,35.62,36.38,36.81,35.98,33.22,33.31,33.14,31.38,31.51,31.24,30.68,30.78,30.57,30.29,30.29,30.28,30.06,30.06,30.06,29.82,29.83,29.8,6731,6965
2025-07-14 19:00:00,0.67,7.16,12.71,11.62,11.36,20.65,14.12,13.16,37.16,39.16,36.21,37.67,38.34,36.93,32.99,33.14,32.78,31.06,31.23,30.89,30.49,30.54,30.42,30.22,30.27,30.18,30.06,30.06,30.06,29.83,29.83,29.83,6822,7587
2025-07-14 18:00:00,0.53,7.29,12.78,11.58,11.34,20.63,14.13,13.18,43.76,46.16,39.79,38.53,38.58,38.4,32.44,32.73,32.18,30.69,30.89,30.53,30.34,30.42,30.29,30.17,30.18,30.17,30.06,30.08,30.06,29.83,29.83,29.83,6802,7087
2025-07-14 17:00:00,0.52,7.43,12.77,11.52,11.36,20.64,14.14,13.2,46.64,46.97,46.14,38.36,38.58,38.08,31.82,32.12,31.49,30.31,30.47,30.18,30.21,30.3,30.18,30.17,30.17,30.17,30.1,30.14,30.07,29.83,29.84,29.83,6851,9683
2025-07-14 16:00:00,0.55,7.51,12.73,11.47,11.35,20.67,14.15,13.21,46.68,46.97,46.03,37.49,37.99,36.91,31.12,31.48,30.77,29.94,30.09,29.82,30.1,30.18,30.07,30.17,30.17,30.17,30.16,30.18,30.12,29.88,29.93,29.85,6851,9974
2025-07-14 15:00:00,0.62,7.51,12.61,11.45,11.36,20.7,14.18,13.22,45.53,45.79,45.32,35.88,36.73,34.91,30.41,30.77,30.1,29.67,29.82,29.59,30.06,30.07,30.05,30.17,30.18,30.17,30.18,30.18,30.18,29.94,29.94,29.92,6851,9927
2025-07-14 14:00:00,0.75,7.43,12.5,11.43,11.38,20.74,14.21,13.24,44.09,45.2,42.61,33.8,34.74,32.9,29.76,30.06,29.47,29.46,29.57,29.35,30.06,30.07,30.05,30.23,30.29,30.18,30.21,30.26,30.18,29.94,29.94,29.94,6851,9947
2025-07-14 13:00:00,0.81,7.46,12.48,11.44,11.41,20.76,14.22,13.27,41.2,42.36,39.88,31.91,32.78,31.02,29.11,29.37,28.84,29.31,29.36,29.23,30.07,30.07,30.05,30.29,30.29,30.28,30.28,30.29,30.26,29.94,29.95,29.94,6851,10041
2025-07-14 12:00:00,0.83,7.41,12.38,11.47,11.42,20.79,14.23,13.29,38.18,39.66,36.21,29.93,30.89,28.94,28.52,28.76,28.29,29.23,29.23,29.23,30.1,30.16,30.07,30.34,30.4,30.29,30.29,30.3,30.29,29.96,29.99,29.95,6849,10152
2025-07-14 11:00:00,0.77,7.26,12.31,11.41,11.44,20.81,14.26,13.29,34.04,35.82,32.66,27.86,28.76,26.87,28.03,28.26,27.84,29.23,29.26,29.23,30.2,30.27,30.18,30.4,30.41,30.4,30.32,30.35,30.29,30.01,30.05,29.97,6851,10183
2025-07-14 10:00:00,0.86,7.16,12.26,11.34,11.44,20.86,14.25,13.29,30.47,32.43,28.05,25.44,26.63,24.38,27.74,27.81,27.7,29.34,29.45,29.26,30.31,30.36,30.25,30.49,30.52,30.42,30.39,30.41,30.37,30.03,30.06,30.02,6849,10246
2025-07-14 09:00:00,0.93,6.92,12.21,11.31,11.43,20.88,14.24,13.3,23.14,27.34,19.66,23.68,24.2,23.37,27.72,27.81,27.7,29.55,29.7,29.47,30.45,30.54,30.37,30.54,30.59,30.52,30.41,30.41,30.41,30.04,30.06,30.03,6838,9577
2025-07-14 08:00:00,0.84,6.8,12.17,11.27,11.44,20.86,14.25,13.3,17.49,19.29,16,23.35,23.44,23.32,27.95,28.16,27.81,29.83,29.95,29.7,30.6,30.66,30.54,30.63,30.64,30.6,30.41,30.41,30.41,30.04,30.06,30.02,6693,6988
2025-07-14 07:00:00,0.81,6.76,12.17,11.29,11.45,20.89,14.25,13.3,15.61,15.85,15.52,23.76,24.03,23.49,28.37,28.55,28.17,30.14,30.3,29.96,30.74,30.78,30.66,30.65,30.69,30.64,30.41,30.41,30.41,30.02,30.04,29.99,6517,6787
2025-07-14 06:00:00,0.75,6.76,12.19,11.34,11.45,20.86,14.24,13.3,16.04,16.24,15.75,24.38,24.67,24.11,28.83,29.03,28.64,30.42,30.53,30.3,30.87,30.93,30.78,30.73,30.76,30.69,30.41,30.41,30.41,29.99,30.05,29.97,6486,0
2025-07-14 05:00:00,0.75,6.82,12.22,11.41,11.45,20.86,14.24,13.3,16.58,16.91,16.34,25.07,25.45,24.74,29.32,29.59,29.11,30.69,30.78,30.55,31,31.01,30.93,30.76,30.76,30.74,30.41,30.41,30.41,29.96,30,29.94,6495,0
2025-07-14 04:00:00,0.8,6.83,12.21,11.46,11.43,20.86,14.23,13.3,17.33,17.7,16.94,25.86,26.27,25.46,29.82,30.06,29.59,30.94,31.05,30.83,31.1,31.13,31.01,30.76,30.76,30.75,30.41,30.41,30.39,29.94,29.97,29.94,6502,0
2025-07-14 03:00:00,0.8,6.78,12.28,11.52,11.47,20.84,14.26,13.3,18.3,18.83,17.76,26.71,27.11,26.29,30.33,30.54,30.08,31.17,31.25,31.1,31.14,31.15,31.13,30.75,30.76,30.74,30.35,30.4,30.31,29.94,29.94,29.94,6517,0
2025-07-14 02:00:00,0.84,6.81,12.4,11.55,11.48,20.84,14.25,13.29,19.25,19.77,18.83,27.64,28.07,27.21,30.85,31.12,30.63,31.38,31.48,31.29,31.16,31.18,31.14,30.68,30.73,30.64,30.29,30.32,30.29,29.94,29.94,29.94,6524,0
2025-07-14 01:00:00,0.76,6.83,12.42,11.55,11.47,20.82,14.23,13.29,20.35,20.81,19.89,28.67,29.21,28.17,31.36,31.61,31.13,31.53,31.6,31.48,31.14,31.16,31.13,30.64,30.64,30.64,30.29,30.29,30.29,29.94,29.94,29.94,6535,0
2025-07-14 00:00:00,0.77,6.9,12.47,11.58,11.43,20.81,14.24,13.29,21.48,22.27,20.84,29.89,30.54,29.29,31.87,32.07,31.62,31.61,31.64,31.6,31.12,31.13,31.08,30.58,30.64,30.52,30.27,30.29,30.24,29.94,29.94,29.94,6517,0
2025-07-13 23:00:00,0.78,6.96,12.52,11.6,11.44,20.79,14.23,13.28,23.46,24.39,22.49,31.3,31.95,30.65,32.32,32.54,32.14,31.62,31.65,31.6,31.01,31.05,30.94,30.51,30.52,30.46,30.2,30.24,30.18,29.94,29.94,29.94,6546,0
2025-07-13 22:00:00,0.78,6.96,12.54,11.63,11.43,20.75,14.22,13.28,25.66,27.22,24.5,32.85,33.61,32.07,32.66,32.78,32.54,31.56,31.6,31.48,30.87,30.93,30.78,30.41,30.44,30.4,30.18,30.18,30.18,29.94,29.94,29.94,6573,0
2025-07-13 21:00:00,0.74,7.03,12.6,11.66,11.42,20.75,14.21,13.28,30.12,33.14,27.58,34.37,34.91,33.73,32.78,32.79,32.78,31.36,31.48,31.24,30.72,30.78,30.66,30.35,30.4,30.29,30.18,30.18,30.18,29.94,29.95,29.94,6635,2024
2025-07-13 20:00:00,0.7,7.15,12.67,11.68,11.4,20.73,14.21,13.28,34.88,35.27,33.7,35.38,35.86,35.03,32.71,32.78,32.66,31.08,31.24,30.92,30.55,30.65,30.48,30.29,30.29,30.29,30.18,30.18,30.18,29.94,29.97,29.94,6733,6976
2025-07-13 19:00:00,0.65,7.27,12.7,11.62,11.37,20.75,14.22,13.27,34.67,37.34,33.49,36.73,37.39,35.98,32.48,32.65,32.3,30.78,30.89,30.65,30.38,30.43,30.3,30.26,30.29,30.22,30.18,30.18,30.18,29.98,30.03,29.96,6822,8761
2025-07-13 18:00:00,0.54,7.42,12.75,11.58,11.38,20.74,14.23,13.26,42.68,44.25,38.22,37.4,37.5,37.28,31.92,32.2,31.66,30.4,30.57,30.23,30.24,30.3,30.19,30.19,30.23,30.18,30.19,30.23,30.18,30.05,30.06,30.01,6838,7946
2025-07-13 17:00:00,0.58,7.51,12.72,11.54,11.39,20.75,14.25,13.28,44.23,44.96,43.54,37.02,37.28,36.66,31.3,31.6,31.01,30.02,30.18,29.82,30.11,30.19,30.07,30.18,30.19,30.17,30.26,30.29,30.21,30.06,30.06,30.06,6851,10053
2025-07-13 16:00:00,0.63,7.57,12.65,11.51,11.4,20.77,14.25,13.31,43.46,44.7,42.24,36.08,36.57,35.5,30.59,30.9,30.3,29.69,29.82,29.59,30.01,30.07,29.96,30.19,30.23,30.17,30.29,30.29,30.29,30.07,30.09,30.06,6851,9994
2025-07-13 15:00:00,0.7,7.52,12.51,11.5,11.44,20.79,14.26,13.29,41.88,42.25,41.52,34.54,35.38,33.61,29.9,30.18,29.59,29.43,29.54,29.35,29.95,29.95,29.95,30.27,30.29,30.24,30.31,30.35,30.29,30.14,30.18,30.1,6849,10057
2025-07-13 14:00:00,0.8,7.51,12.49,11.54,11.44,20.82,14.27,13.32,40.84,41.65,39.64,32.5,33.43,31.6,29.25,29.57,29,29.23,29.34,29.13,29.95,29.95,29.95,30.29,30.3,30.29,30.4,30.41,30.38,30.18,30.18,30.17,6849,10160
2025-07-13 13:00:00,0.85,7.51,12.44,11.49,11.45,20.86,14.31,13.34,37.85,39.23,36.89,30.71,31.48,29.94,28.64,28.88,28.38,29.1,29.12,29.02,29.98,30.04,29.95,30.36,30.4,30.29,30.42,30.47,30.41,30.18,30.19,30.18,6849,10175
2025-07-13 12:00:00,0.86,7.39,12.35,11.49,11.45,20.88,14.33,13.33,34.95,36.68,32.8,28.87,29.71,27.98,28.09,28.29,27.86,29,29.03,29,30.07,30.1,30.05,30.42,30.49,30.4,30.51,30.53,30.49,30.22,30.26,30.19,6849,10215
2025-07-13 11:00:00,0.83,7.3,12.28,11.45,11.44,20.91,14.36,13.35,30.75,32.31,29.29,26.97,27.82,25.92,27.61,27.81,27.46,29.04,29.11,29,30.16,30.19,30.1,30.52,30.52,30.49,30.53,30.55,30.53,30.28,30.3,30.25,6847,10380
2025-07-13 10:00:00,0.92,7.17,12.23,11.43,11.47,20.94,14.36,13.37,27.31,29,25.33,24.55,25.69,23.64,27.32,27.41,27.24,29.16,29.23,29.11,30.28,30.31,30.2,30.6,30.64,30.53,30.58,30.64,30.54,30.3,30.3,30.29,6844,10353
2025-07-13 09:00:00,0.94,6.93,12.19,11.35,11.48,20.95,14.36,13.38,21.27,24.84,18.15,22.96,23.46,22.69,27.28,27.35,27.22,29.37,29.47,29.23,30.42,30.52,30.33,30.67,30.72,30.64,30.65,30.65,30.63,30.3,30.31,30.3,6838,10286
2025-07-13 08:00:00,0.82,6.8,12.14,11.33,11.5,20.95,14.37,13.39,16.21,17.79,14.87,22.68,22.85,22.61,27.57,27.78,27.41,29.65,29.82,29.53,30.58,30.66,30.53,30.76,30.76,30.74,30.65,30.65,30.65,30.3,30.32,30.3,6684,6976
2025-07-13 07:00:00,0.81,6.79,12.12,11.33,11.49,20.98,14.39,13.4,14.46,14.73,14.33,23.18,23.5,22.86,28.01,28.22,27.81,29.94,30.07,29.82,30.73,30.78,30.66,30.82,30.87,30.76,30.65,30.66,30.65,30.3,30.31,30.3,6519,6795
2025-07-13 06:00:00,0.8,6.81,12.16,11.37,11.51,21,14.38,13.39,15.07,15.52,14.69,23.92,24.27,23.56,28.46,28.66,28.27,30.23,30.32,30.11,30.87,30.92,30.79,30.88,30.88,30.88,30.69,30.72,30.66,30.31,30.31,30.3,6484,98
2025-07-13 05:00:00,0.77,6.87,12.2,11.41,11.49,20.99,14.37,13.39,16.2,16.83,15.64,24.71,25.1,24.38,28.92,29.11,28.75,30.47,30.58,30.38,31,31.04,30.94,30.91,30.95,30.88,30.72,30.75,30.69,30.31,30.32,30.3,6493,0
2025-07-13 04:00:00,0.82,6.89,12.2,11.5,11.5,20.98,14.36,13.39,17.65,18.36,17.04,25.45,25.81,25.1,29.35,29.59,29.13,30.71,30.78,30.65,31.12,31.13,31.07,30.98,31,30.94,30.72,30.77,30.69,30.31,30.33,30.3,6506,0
2025-07-13 03:00:00,0.86,6.93,12.19,11.53,11.5,20.97,14.37,13.39,18.84,19.18,18.45,26.16,26.51,25.85,29.8,30.02,29.59,30.93,31.01,30.83,31.2,31.25,31.14,31,31,30.99,30.71,30.75,30.68,30.31,30.32,30.3,6517,0
2025-07-13 02:00:00,0.85,6.86,12.25,11.59,11.49,20.96,14.37,13.38,19.69,20.11,19.29,26.9,27.22,26.53,30.23,30.42,30.06,31.13,31.24,31.01,31.25,31.25,31.25,30.99,31,30.99,30.68,30.72,30.67,30.31,30.33,30.31,6524,0
2025-07-13 01:00:00,0.79,6.9,12.35,11.61,11.5,20.95,14.39,13.38,20.79,21.31,20.23,27.7,28.05,27.34,30.68,30.89,30.51,31.3,31.36,31.24,31.25,31.26,31.25,30.97,31,30.94,30.66,30.69,30.65,30.32,30.34,30.31,6533,0
2025-07-13 00:00:00,0.84,6.91,12.41,11.64,11.53,20.95,14.37,13.38,21.8,22.26,21.42,28.56,28.99,28.17,31.12,31.33,30.89,31.42,31.48,31.36,31.25,31.26,31.25,30.9,30.95,30.88,30.65,30.66,30.65,30.33,30.36,30.31,6517,0
2025-07-12 23:00:00,0.87,6.95,12.43,11.66,11.53,20.95,14.37,13.38,22.55,22.73,22.35,29.55,30.08,29.05,31.55,31.72,31.36,31.48,31.48,31.48,31.24,31.25,31.19,30.88,30.88,30.88,30.65,30.65,30.65,30.38,30.4,30.36,6550,0
2025-07-12 22:00:00,0.85,7.04,12.47,11.67,11.53,20.93,14.36,13.39,23.53,24.98,22.38,30.83,31.45,30.2,31.92,32.07,31.79,31.48,31.48,31.48,31.13,31.17,31.13,30.87,30.88,30.85,30.65,30.65,30.65,30.41,30.42,30.4,6599,0
2025-07-12 21:00:00,0.87,7.08,12.52,11.71,11.53,20.9,14.37,13.39,26.45,28.29,25.19,32.16,32.77,31.58,32.14,32.18,32.07,31.37,31.45,31.29,31.04,31.12,31.01,30.8,30.86,30.76,30.65,30.66,30.65,30.42,30.42,30.41,6684,2462
2025-07-12 20:00:00,0.75,7.11,12.57,11.7,11.51,20.89,14.37,13.39,30,30.6,28.64,33.29,33.84,32.8,32.18,32.18,32.18,31.17,31.25,31.09,30.94,31.01,30.9,30.77,30.79,30.76,30.66,30.68,30.65,30.42,30.42,30.42,6786,7039
2025-07-12 19:00:00,0.71,7.17,12.57,11.68,11.53,20.89,14.35,13.4,30,32.66,28.77,34.81,35.53,33.96,32.08,32.18,31.95,30.95,31.02,30.88,30.84,30.9,30.78,30.76,30.77,30.76,30.72,30.76,30.68,30.43,30.45,30.42,6824,9151
2025-07-12 18:00:00,0.47,7.4,12.63,11.67,11.52,20.9,14.37,13.36,38.01,39.4,33.61,35.6,35.62,35.52,31.66,31.91,31.42,30.68,30.8,30.54,30.78,30.78,30.76,30.76,30.77,30.76,30.77,30.77,30.75,30.5,30.54,30.44,6838,9750
2025-07-12 17:00:00,0.58,7.46,12.61,11.62,11.53,20.91,14.38,13.37,40.45,41.3,38.73,35.27,35.5,34.91,31.1,31.36,30.82,30.42,30.53,30.3,30.68,30.73,30.66,30.78,30.81,30.76,30.77,30.8,30.77,30.54,30.54,30.53,6847,10246
2025-07-12 16:00:00,0.61,7.47,12.51,11.58,11.53,20.95,14.41,13.38,39.8,41.3,37.99,34.25,34.79,33.73,30.51,30.77,30.28,30.21,30.3,30.16,30.66,30.67,30.66,30.85,30.88,30.81,30.84,30.89,30.79,30.54,30.57,30.54,6849,10412
2025-07-12 15:00:00,0.71,7.52,12.39,11.55,11.55,20.98,14.41,13.38,38.73,39.29,37.91,32.69,33.61,31.72,29.94,30.19,29.71,30.04,30.13,29.96,30.66,30.66,30.66,30.88,30.89,30.88,30.89,30.89,30.89,30.6,30.65,30.57,6849,10601
2025-07-12 14:00:00,0.81,7.48,12.35,11.54,11.56,21,14.43,13.43,36.97,38.09,34.91,30.61,31.59,29.71,29.45,29.71,29.23,29.94,29.94,29.93,30.68,30.72,30.66,30.95,31,30.88,30.94,31,30.89,30.65,30.65,30.65,6849,10569
2025-07-12 13:00:00,0.83,7.31,12.35,11.51,11.57,21.02,14.44,13.45,32.38,34.81,28.41,28.85,29.59,28.38,29.05,29.23,28.89,29.92,29.94,29.9,30.76,30.78,30.7,31.01,31.08,31,31,31,31,30.65,30.65,30.65,6847,10404
2025-07-12 12:00:00,0.81,7.25,12.29,11.51,11.6,21.06,14.47,13.49,28.83,29.71,27.79,27.97,28.33,27.34,28.83,28.88,28.76,29.94,29.94,29.94,30.85,30.9,30.78,31.1,31.11,31.06,31.04,31.1,31,30.66,30.68,30.65,6840,10585
2025-07-12 11:00:00,0.9,7.15,12.24,11.5,11.6,21.06,14.49,13.47,26.81,29.49,25.34,26.79,27.22,26.5,28.65,28.73,28.64,30.02,30.08,29.94,30.96,31.01,30.9,31.18,31.23,31.11,31.12,31.12,31.1,30.72,30.75,30.68,6840,10317
2025-07-12 10:00:00,0.89,7.15,12.23,11.48,11.6,21.08,14.5,13.48,24.87,25.81,23.63,26.05,26.4,25.69,28.64,28.64,28.63,30.19,30.29,30.12,31.07,31.13,31.01,31.25,31.29,31.23,31.12,31.14,31.12,30.76,30.77,30.75,6838,10333
2025-07-12 09:00:00,0.86,7.04,12.2,11.51,11.61,21.06,14.47,13.49,22.15,23.31,21.31,25.56,25.69,25.45,28.7,28.76,28.64,30.36,30.42,30.3,31.21,31.25,31.13,31.35,31.36,31.31,31.19,31.23,31.14,30.77,30.77,30.77,6838,9738
2025-07-12 08:00:00,0.83,7.01,12.22,11.54,11.59,21.07,14.45,13.49,20.86,21.19,20.25,25.45,25.45,25.44,28.89,29,28.77,30.56,30.65,30.45,31.35,31.41,31.27,31.42,31.47,31.36,31.24,31.24,31.23,30.77,30.77,30.77,6646,6929
2025-07-12 07:00:00,0.85,6.97,12.22,11.57,11.58,21.1,14.47,13.49,19.99,20.14,19.89,25.55,25.65,25.45,29.12,29.23,29,30.78,30.89,30.66,31.49,31.58,31.41,31.47,31.51,31.47,31.24,31.24,31.24,30.77,30.77,30.77,6517,6772
2025-07-12 06:00:00,0.83,6.97,12.18,11.62,11.63,21.1,14.48,13.49,19.91,20.01,19.82,25.79,25.92,25.69,29.41,29.59,29.24,31,31.12,30.89,31.64,31.72,31.6,31.56,31.59,31.49,31.24,31.25,31.24,30.77,30.77,30.77,6502,0
2025-07-12 05:00:00,0.87,7.02,12.17,11.64,11.65,21,14.48,13.49,19.95,20.12,19.79,26.09,26.26,25.92,29.74,29.91,29.59,31.24,31.36,31.12,31.76,31.84,31.72,31.59,31.59,31.59,31.25,31.26,31.24,30.77,30.77,30.77,6506,0
2025-07-12 04:00:00,0.82,6.95,12.18,11.67,11.64,21,14.48,13.49,20.24,20.37,20.12,26.4,26.51,26.28,30.1,30.3,29.94,31.49,31.6,31.36,31.87,31.95,31.84,31.6,31.63,31.59,31.24,31.26,31.24,30.77,30.77,30.77,6510,0
2025-07-12 03:00:00,0.83,6.9,12.25,11.69,11.63,21,14.47,13.49,20.18,20.34,20.11,26.7,26.88,26.51,30.49,30.7,30.3,31.73,31.83,31.6,31.97,32.03,31.96,31.66,31.68,31.64,31.25,31.26,31.24,30.77,30.77,30.77,6519,0
2025-07-12 02:00:00,0.89,6.86,12.31,11.67,11.59,21,14.47,13.48,19.82,20.04,19.66,27.22,27.58,26.97,30.98,31.24,30.77,31.96,32.07,31.83,32.06,32.08,32,31.68,31.7,31.65,31.24,31.24,31.24,30.77,30.78,30.77,6524,0
2025-07-12 01:00:00,0.82,6.89,12.33,11.67,11.6,20.98,14.46,13.48,20.12,20.48,19.79,28.03,28.46,27.61,31.48,31.72,31.24,32.16,32.23,32.07,32.08,32.08,32.08,31.63,31.65,31.61,31.24,31.24,31.24,30.77,30.78,30.77,6524,0
2025-07-12 00:00:00,0.81,6.91,12.36,11.69,11.6,20.96,14.45,13.48,20.99,21.43,20.6,29,29.47,28.53,31.99,32.21,31.74,32.32,32.38,32.28,32.08,32.08,32.08,31.59,31.61,31.59,31.24,31.24,31.24,30.77,30.77,30.77,6519,0
2025-07-11 23:00:00,0.83,6.96,12.41,11.74,11.59,20.95,14.44,13.48,22.08,22.71,21.54,30.2,30.8,29.6,32.49,32.71,32.31,32.41,32.41,32.39,32.07,32.08,32.03,31.59,31.59,31.58,31.24,31.24,31.23,30.77,30.77,30.77,6550,0
2025-07-11 22:00:00,0.82,6.99,12.42,11.78,11.62,21.05,14.45,13.48,23.56,24.5,22.8,31.63,32.33,30.9,32.91,33.11,32.74,32.41,32.41,32.41,31.96,31.99,31.95,31.53,31.57,31.49,31.24,31.24,31.24,30.77,30.78,30.77,6606,0
2025-07-11 21:00:00,0.82,7.01,12.46,11.77,11.63,21.04,14.44,13.47,26.37,28.41,24.74,33.18,33.84,32.48,33.2,33.25,33.14,32.32,32.39,32.25,31.87,31.95,31.84,31.47,31.49,31.47,31.24,31.24,31.24,30.78,30.8,30.77,6684,2072
2025-07-11 20:00:00,0.76,7.08,12.54,11.76,11.61,21.03,14.45,13.44,30.46,31.34,28.88,34.44,35.03,33.91,33.25,33.25,33.25,32.12,32.18,32.03,31.75,31.83,31.72,31.47,31.48,31.47,31.24,31.24,31.24,30.84,30.88,30.81,6791,7043
2025-07-11 19:00:00,0.72,7.21,12.54,11.82,11.6,21.04,14.46,13.45,31.19,33.49,30.18,36.06,36.91,35.15,33.14,33.25,33.02,31.88,31.98,31.76,31.66,31.72,31.61,31.47,31.47,31.47,31.25,31.26,31.24,30.89,30.89,30.88,6822,8993
2025-07-11 18:00:00,0.52,7.43,12.59,11.83,11.59,21.04,14.46,13.45,39.25,41.3,34.32,37.03,37.08,36.93,32.7,32.97,32.43,31.6,31.72,31.48,31.6,31.61,31.56,31.47,31.47,31.47,31.31,31.36,31.28,30.89,30.89,30.89,6822,8793
2025-07-11 17:00:00,0.64,7.53,12.63,11.84,11.56,21.05,14.48,13.47,42.31,43.43,40.59,36.68,36.91,36.33,32.1,32.43,31.82,31.33,31.48,31.24,31.52,31.55,31.49,31.48,31.51,31.47,31.36,31.36,31.36,30.9,30.93,30.89,6844,10325
2025-07-11 16:00:00,0.65,7.56,12.57,11.8,11.56,21.04,14.46,13.5,42.65,43.66,41.06,35.53,36.21,34.79,31.42,31.72,31.13,31.09,31.21,31.01,31.49,31.49,31.49,31.57,31.59,31.54,31.38,31.43,31.36,30.97,31,30.92,6851,10270
2025-07-11 15:00:00,0.68,7.51,12.51,11.76,11.58,21,14.39,13.49,39.5,40.59,38.73,33.66,34.66,32.65,30.79,31.04,30.53,30.95,31.01,30.89,31.51,31.56,31.49,31.6,31.66,31.59,31.47,31.48,31.45,31.01,31.01,31.01,6849,10388
2025-07-11 14:00:00,0.84,7.48,12.37,11.71,11.64,21.03,14.41,13.51,37.19,38.7,35.5,31.39,32.43,30.42,30.29,30.52,30.08,30.89,30.89,30.89,31.6,31.61,31.57,31.7,31.71,31.68,31.5,31.54,31.48,31.01,31.01,31.01,6849,10380
2025-07-11 13:00:00,0.86,7.33,12.26,11.7,11.67,21.06,14.42,13.56,33.4,35.25,30.81,29.23,30.24,28.33,29.91,30.06,29.79,30.89,30.89,30.89,31.67,31.72,31.61,31.76,31.82,31.71,31.59,31.6,31.55,31.02,31.04,31.01,6847,10506
2025-07-11 12:00:00,0.87,7.16,12.23,11.7,11.7,21.08,14.43,13.56,27.34,30.18,25.92,27.92,28.23,27.7,29.72,29.77,29.71,30.97,31.01,30.89,31.77,31.84,31.72,31.84,31.92,31.82,31.6,31.61,31.6,31.06,31.09,31.03,6844,10498
2025-07-11 11:00:00,0.89,7.1,12.21,11.69,11.69,21.07,14.46,13.54,25.49,25.95,25.2,27.41,27.61,27.22,29.71,29.72,29.71,31.13,31.23,31.06,31.92,31.96,31.84,31.94,31.98,31.93,31.67,31.71,31.62,31.09,31.11,31.07,6838,10077
2025-07-11 10:00:00,0.84,7.05,12.19,11.72,11.67,21.05,14.49,13.53,24.47,25.01,24.02,26.94,27.11,26.74,29.81,29.82,29.74,31.31,31.37,31.24,32.08,32.18,31.99,32.05,32.06,32,31.71,31.71,31.71,31.11,31.13,31.1,6838,10294
2025-07-11 09:00:00,0.88,7.02,12.16,11.69,11.65,21.08,14.5,13.53,22.72,23.79,21.78,26.56,26.66,26.51,29.93,30.05,29.82,31.52,31.6,31.4,32.24,32.31,32.2,32.12,32.18,32.06,31.71,31.73,31.71,31.12,31.13,31.11,6826,9829
2025-07-11 08:00:00,0.83,6.97,12.2,11.74,11.65,21.08,14.51,13.54,21.21,21.67,20.84,26.53,26.63,26.51,30.17,30.3,30.06,31.76,31.87,31.63,32.38,32.45,32.31,32.19,32.24,32.18,31.72,31.74,31.71,31.11,31.12,31.09,6613,6906
2025-07-11 07:00:00,0.83,6.92,12.22,11.68,11.61,21.04,14.51,13.55,20.73,20.84,20.68,26.71,26.86,26.63,30.46,30.63,30.3,32.03,32.18,31.92,32.55,32.65,32.43,32.29,32.3,32.25,31.75,31.78,31.74,31.08,31.11,31.05,6510,6756
2025-07-11 06:00:00,0.82,6.9,12.29,11.71,11.59,21.05,14.51,13.56,20.64,20.71,20.61,26.97,27.11,26.86,30.81,31.01,30.65,32.3,32.41,32.18,32.71,32.79,32.66,32.3,32.33,32.3,31.76,31.77,31.74,31.04,31.08,31.02,6502,0
2025-07-11 05:00:00,0.84,6.88,12.28,11.75,11.57,21.05,14.5,13.58,20.69,20.72,20.62,27.27,27.46,27.11,31.22,31.47,31.01,32.6,32.77,32.43,32.85,32.91,32.79,32.38,32.41,32.34,31.74,31.77,31.73,31.01,31.03,31.01,6506,0
2025-07-11 04:00:00,0.82,6.88,12.29,11.73,11.52,21.02,14.5,13.57,20.51,20.69,20.25,27.66,27.93,27.46,31.71,31.95,31.48,32.89,33.02,32.78,32.97,33.02,32.91,32.41,32.41,32.4,31.71,31.74,31.71,31.01,31.01,31.01,6517,0
2025-07-11 03:00:00,0.85,6.86,12.31,11.72,11.46,21.01,14.49,13.54,20.05,20.19,19.95,28.34,28.76,27.95,32.26,32.54,31.99,33.17,33.28,33.02,33.07,33.14,33.02,32.41,32.41,32.41,31.71,31.71,31.71,31.01,31.01,31,6519,0
2025-07-11 02:00:00,0.82,6.87,12.31,11.72,11.45,21.02,14.47,13.52,20.6,21.08,20.23,29.29,29.83,28.86,32.84,33.14,32.55,33.43,33.56,33.34,33.14,33.14,33.13,32.39,32.41,32.36,31.7,31.71,31.67,31.01,31.01,30.99,6528,0
2025-07-11 01:00:00,0.85,6.93,12.32,11.74,11.46,21.03,14.45,13.53,21.74,22.38,21.16,30.43,31.01,29.91,33.43,33.73,33.14,33.66,33.73,33.59,33.14,33.15,33.14,32.31,32.36,32.3,31.63,31.68,31.6,30.96,31,30.94,6533,0
2025-07-11 00:00:00,0.85,6.91,12.39,11.79,11.45,21.01,14.43,13.53,23.25,24.11,22.49,31.73,32.34,31.13,34.01,34.3,33.73,33.81,33.84,33.73,33.14,33.14,33.13,32.29,32.3,32.27,31.6,31.6,31.6,30.92,30.96,30.9,6513,0
2025-07-10 23:00:00,0.85,6.92,12.45,11.81,11.46,21.01,14.42,13.52,25.34,26.51,24.27,33.11,33.74,32.46,34.54,34.79,34.32,33.9,33.93,33.84,33.08,33.14,33.02,32.19,32.24,32.18,31.59,31.6,31.57,30.89,30.91,30.89,6546,0
2025-07-10 22:00:00,0.84,6.95,12.51,11.85,11.49,20.98,14.44,13.52,27.67,28.65,26.66,34.57,35.27,33.88,34.98,35.15,34.79,33.87,33.91,33.84,32.97,33.02,32.91,32.13,32.18,32.07,31.52,31.57,31.49,30.89,30.91,30.89,6571,0
2025-07-10 21:00:00,0.77,7.1,12.58,11.85,11.55,20.97,14.43,13.51,30.52,32.78,28.88,36.19,36.88,35.47,35.23,35.3,35.15,33.77,33.84,33.68,32.83,32.91,32.79,32.06,32.06,32.05,31.48,31.49,31.48,30.89,30.9,30.89,6644,2958
2025-07-10 20:00:00,0.71,7.19,12.65,11.87,11.56,21.02,14.42,13.52,34.78,35.43,33.37,37.55,38.22,36.97,35.29,35.34,35.25,33.53,33.64,33.39,32.67,32.79,32.58,31.97,32.05,31.94,31.48,31.48,31.48,30.89,30.9,30.89,6742,6988
2025-07-10 19:00:00,0.68,7.22,12.68,11.87,11.56,21.03,14.43,13.52,35.59,38.34,34.43,39.26,40.11,38.34,35.16,35.25,35.03,33.27,33.37,33.13,32.52,32.56,32.43,31.94,31.94,31.94,31.48,31.48,31.48,30.91,30.94,30.89,6822,7221
2025-07-10 18:00:00,0.42,7.41,12.69,11.88,11.58,21.02,14.44,13.52,44.26,46.03,39.41,40.22,40.24,40.16,34.69,34.93,34.43,32.93,33.13,32.78,32.38,32.43,32.31,31.93,31.94,31.9,31.48,31.49,31.48,30.94,30.98,30.91,6838,7461
2025-07-10 17:00:00,0.56,7.52,12.69,11.92,11.6,21.03,14.45,13.53,45.75,46.65,44.96,40.05,40.23,39.75,34.11,34.43,33.84,32.59,32.77,32.43,32.27,32.31,32.2,31.91,31.93,31.9,31.5,31.54,31.48,30.99,31.01,30.97,6844,10065
2025-07-10 16:00:00,0.61,7.58,12.65,11.87,11.61,21.04,14.47,13.54,46.32,46.81,45.44,39.26,39.75,38.7,33.46,33.75,33.14,32.29,32.41,32.18,32.2,32.2,32.2,31.92,31.93,31.91,31.57,31.6,31.54,31.01,31.01,31.01,6851,10037
2025-07-10 15:00:00,0.66,7.65,12.6,11.82,11.61,21.07,14.49,13.57,44.92,45.32,44.49,37.74,38.59,36.75,32.81,33.11,32.54,32.07,32.18,31.95,32.18,32.2,32.16,31.94,31.94,31.93,31.6,31.6,31.59,31.01,31.01,31.01,6849,10175
2025-07-10 14:00:00,0.83,7.58,12.59,11.84,11.63,21.1,14.51,13.58,43,44.25,41.52,35.72,36.57,34.91,32.26,32.54,32.07,31.91,31.95,31.83,32.19,32.2,32.18,31.95,32,31.94,31.61,31.65,31.6,31.01,31.02,31.01,6851,10152
2025-07-10 13:00:00,0.86,7.48,12.53,11.86,11.64,21.11,14.54,13.6,40.11,41.06,39.16,34.02,34.79,33.25,31.77,31.97,31.58,31.83,31.83,31.83,32.2,32.2,32.2,32.04,32.06,32.02,31.68,31.71,31.63,31.03,31.06,31.01,6849,10238
2025-07-10 12:00:00,0.9,7.43,12.47,11.82,11.66,21.12,14.57,13.62,37.3,38.89,35.63,32.38,33.13,31.7,31.33,31.49,31.13,31.82,31.83,31.8,32.26,32.31,32.2,32.07,32.09,32.06,31.71,31.71,31.71,31.05,31.08,31.02,6851,10238
2025-07-10 11:00:00,0.8,7.42,12.42,11.82,11.67,21.13,14.59,13.6,34.03,35.47,32.91,30.93,31.6,30.18,31.03,31.13,30.9,31.84,31.87,31.83,32.35,32.43,32.31,32.17,32.18,32.14,31.71,31.72,31.71,31.08,31.11,31.07,6849,10294
2025-07-10 10:00:00,0.87,7.25,12.42,11.75,11.63,21.17,14.61,13.61,31.16,32.71,29.64,29.14,30.02,28.44,30.89,30.9,30.89,31.97,32.06,31.89,32.47,32.55,32.43,32.2,32.25,32.18,31.72,31.76,31.71,31.08,31.11,31.05,6847,10400
2025-07-10 09:00:00,0.94,7.11,12.37,11.74,11.63,21.16,14.63,13.62,26.37,29.12,24.02,28.06,28.34,27.93,30.97,31.11,30.89,32.16,32.31,32.07,32.59,32.66,32.55,32.29,32.3,32.25,31.75,31.78,31.74,31.07,31.09,31.03,6838,10069
2025-07-10 08:00:00,0.9,7.01,12.32,11.76,11.63,21.18,14.62,13.64,22.95,23.79,22.26,28.05,28.2,27.93,31.26,31.44,31.13,32.41,32.54,32.31,32.72,32.79,32.66,32.31,32.34,32.3,31.78,31.81,31.77,31.04,31.06,31.02,6715,7004
2025-07-10 07:00:00,0.87,6.97,12.34,11.77,11.62,21.15,14.62,13.64,22.03,22.24,21.9,28.52,28.78,28.28,31.64,31.83,31.48,32.66,32.78,32.54,32.85,32.91,32.79,32.39,32.41,32.36,31.79,31.82,31.76,31.02,31.04,31.01,6539,6803
2025-07-10 06:00:00,0.89,6.99,12.36,11.75,11.55,21.15,14.63,13.63,22.66,23.09,22.26,29.15,29.47,28.88,32.03,32.2,31.83,32.9,33.02,32.78,32.97,33.02,32.91,32.41,32.41,32.41,31.75,31.78,31.71,31.01,31.01,31.01,6506,0
2025-07-10 05:00:00,0.89,7,12.37,11.74,11.48,21.15,14.62,13.62,23.45,23.8,23.09,29.83,30.18,29.47,32.45,32.66,32.29,33.12,33.25,33.02,33.06,33.14,33.02,32.41,32.41,32.41,31.71,31.73,31.71,31.01,31.01,31.01,6510,0
2025-07-10 04:00:00,0.86,7.06,12.37,11.75,11.48,21.14,14.6,13.61,24.3,24.74,23.91,30.53,30.89,30.18,32.85,33.02,32.66,33.34,33.47,33.25,33.14,33.14,33.14,32.41,32.41,32.41,31.71,31.71,31.71,31,31.01,30.99,6524,0
2025-07-10 03:00:00,0.9,7.05,12.38,11.78,11.49,21.14,14.58,13.62,25.25,25.81,24.74,31.25,31.6,30.89,33.27,33.49,33.08,33.55,33.61,33.48,33.19,33.25,33.14,32.41,32.41,32.41,31.71,31.71,31.69,30.97,31,30.96,6528,0
2025-07-10 02:00:00,0.87,7.02,12.4,11.8,11.48,21.14,14.56,13.61,26.43,26.99,25.92,31.97,32.31,31.64,33.68,33.86,33.49,33.71,33.8,33.61,33.25,33.25,33.24,32.37,32.41,32.33,31.63,31.71,31.6,30.92,30.95,30.9,6535,0
2025-07-10 01:00:00,0.88,7,12.45,11.83,11.47,21.13,14.55,13.6,27.55,28.05,27.11,32.69,33.02,32.36,34.11,34.31,33.93,33.86,33.95,33.8,33.23,33.25,33.18,32.3,32.33,32.3,31.6,31.6,31.6,30.89,30.91,30.89,6537,0
2025-07-10 00:00:00,0.89,6.97,12.48,11.91,11.48,21.09,14.55,13.6,28.48,28.76,28.16,33.44,33.84,33.14,34.52,34.72,34.32,33.96,33.97,33.95,33.14,33.16,33.14,32.25,32.3,32.18,31.59,31.6,31.55,30.89,30.89,30.89,6533,0
2025-07-09 23:00:00,0.84,6.95,12.52,11.92,11.48,21.1,14.54,13.6,27.97,28.64,27.34,34.49,35.15,33.87,34.97,35.15,34.78,33.97,33.99,33.96,33.06,33.14,33.02,32.17,32.18,32.13,31.5,31.57,31.48,30.89,30.89,30.89,6546,0
2025-07-09 22:00:00,0.79,7.08,12.61,11.92,11.57,21.1,14.53,13.58,29.75,31.48,28.3,35.92,36.57,35.27,35.3,35.41,35.15,33.94,33.96,33.84,32.94,33.02,32.89,32.06,32.09,32.05,31.48,31.48,31.48,30.89,30.89,30.89,6566,0
2025-07-09 21:00:00,0.73,7.15,12.67,11.9,11.59,21.13,14.52,13.58,33.41,35.38,31.73,37.32,37.9,36.68,35.49,35.5,35.46,33.77,33.84,33.63,32.77,32.86,32.68,32,32.06,31.94,31.48,31.48,31.48,30.89,30.89,30.89,6626,3234
2025-07-09 20:00:00,0.75,7.2,12.72,11.91,11.6,21.11,14.52,13.59,37.18,37.99,35.86,38.52,39.12,37.99,35.44,35.5,35.37,33.5,33.61,33.37,32.6,32.66,32.55,31.94,31.94,31.94,31.48,31.48,31.47,30.89,30.89,30.89,6735,6984
2025-07-09 19:00:00,0.69,7.28,12.74,11.91,11.59,21.09,14.52,13.59,38.49,41.16,37.34,40.01,40.71,39.24,35.2,35.38,35.03,33.19,33.36,33.02,32.44,32.54,32.38,31.88,31.93,31.83,31.48,31.48,31.48,30.89,30.9,30.89,6822,7394
2025-07-09 18:00:00,0.42,7.47,12.74,11.98,11.62,21.11,14.54,13.6,46.21,47.92,42.12,40.69,40.8,40.59,34.67,34.98,34.43,32.83,33.02,32.66,32.29,32.34,32.2,31.82,31.84,31.82,31.48,31.48,31.48,30.91,30.94,30.89,6838,7433
2025-07-09 17:00:00,0.6,7.53,12.72,11.98,11.63,21.12,14.57,13.61,46.78,47.96,46.03,40.32,40.59,40,34.04,34.33,33.73,32.47,32.66,32.31,32.17,32.2,32.11,31.82,31.83,31.82,31.48,31.49,31.48,30.97,30.99,30.93,6851,9864
2025-07-09 16:00:00,0.55,7.58,12.69,11.93,11.65,21.18,14.58,13.61,47.58,48.04,47.09,39.46,39.91,38.93,33.35,33.66,33.02,32.14,32.3,32.03,32.08,32.09,32.08,31.82,31.83,31.82,31.54,31.6,31.5,31.01,31.01,31,6851,9904
2025-07-09 15:00:00,0.66,7.65,12.66,11.96,11.65,21.2,14.59,13.63,46.31,47.09,45.48,37.87,38.77,36.91,32.67,33,32.4,31.88,31.97,31.82,32.07,32.08,32.06,31.89,31.93,31.83,31.6,31.6,31.59,31.01,31.01,31.01,6851,10034
2025-07-09 14:00:00,0.8,7.59,12.62,11.96,11.67,21.22,14.64,13.65,43.98,45.2,42.45,35.87,36.77,35.03,32.05,32.31,31.8,31.72,31.8,31.66,32.07,32.08,32.07,31.94,31.95,31.93,31.61,31.68,31.6,31.01,31.02,31.01,6849,10081
2025-07-09 13:00:00,0.86,7.48,12.56,11.93,11.69,21.26,14.67,13.68,40.84,42.01,39.47,33.99,34.89,33.14,31.47,31.72,31.24,31.6,31.63,31.59,32.08,32.11,32.08,32.01,32.06,31.94,31.7,31.71,31.66,31.04,31.09,31.02,6849,10073
2025-07-09 12:00:00,0.87,7.46,12.51,11.94,11.72,21.27,14.7,13.68,37.92,39.16,36.45,32.09,32.97,31.13,30.93,31.14,30.72,31.57,31.6,31.55,32.18,32.2,32.12,32.07,32.13,32.06,31.71,31.71,31.71,31.09,31.11,31.08,6849,10250
2025-07-09 11:00:00,0.83,7.39,12.37,11.89,11.72,21.26,14.72,13.69,34.53,36.21,33.02,30.14,31.01,29.23,30.52,30.65,30.42,31.61,31.65,31.59,32.27,32.32,32.2,32.17,32.18,32.16,31.75,31.79,31.72,31.11,31.13,31.11,6849,10227
2025-07-09 10:00:00,0.87,7.22,12.31,11.9,11.71,21.28,14.66,13.69,31.17,32.66,29.71,28.23,29.11,27.34,30.33,30.42,30.3,31.75,31.83,31.7,32.41,32.5,32.32,32.25,32.3,32.18,31.82,31.83,31.81,31.12,31.13,31.11,6842,10199
2025-07-09 09:00:00,0.95,7.04,12.26,11.84,11.69,21.32,14.68,13.7,25.59,29.12,22.38,26.75,27.22,26.51,30.38,30.52,30.3,31.96,32.08,31.83,32.58,32.66,32.5,32.31,32.34,32.3,31.83,31.83,31.83,31.12,31.13,31.11,6838,9486
2025-07-09 08:00:00,0.87,6.92,12.29,11.83,11.69,21.3,14.68,13.7,20.39,22,19.06,26.54,26.66,26.5,30.72,30.9,30.53,32.28,32.41,32.16,32.72,32.79,32.66,32.4,32.41,32.36,31.83,31.83,31.83,31.11,31.13,31.11,6711,7000
2025-07-09 07:00:00,0.86,6.86,12.29,11.86,11.65,21.3,14.69,13.71,18.61,18.84,18.45,27.06,27.45,26.75,31.2,31.44,31,32.58,32.7,32.41,32.88,32.96,32.79,32.42,32.47,32.41,31.83,31.83,31.83,31.09,31.12,31.07,6522,6795
2025-07-09 06:00:00,0.9,6.89,12.32,11.85,11.53,21.28,14.69,13.73,19.29,19.77,18.83,27.89,28.29,27.46,31.71,31.95,31.48,32.87,33.02,32.77,33.03,33.11,32.99,32.52,32.53,32.49,31.83,31.83,31.83,31.04,31.09,31.02,6502,260
2025-07-09 05:00:00,0.81,6.89,12.35,11.84,11.54,21.28,14.68,13.73,20.51,21.19,19.89,28.76,29.14,28.36,32.19,32.43,31.95,33.14,33.25,33.02,33.15,33.2,33.12,32.53,32.53,32.53,31.83,31.83,31.83,31.01,31.03,31.01,6506,0
2025-07-09 04:00:00,0.84,6.95,12.36,11.85,11.56,21.28,14.66,13.72,21.88,22.58,21.31,29.65,30.06,29.23,32.67,32.9,32.43,33.39,33.49,33.25,33.25,33.28,33.25,32.53,32.53,32.53,31.82,31.83,31.79,31.01,31.01,31.01,6519,0
2025-07-09 03:00:00,0.85,7.01,12.37,11.87,11.58,21.28,14.72,13.71,23.7,24.45,22.78,30.52,30.89,30.17,33.15,33.37,32.91,33.62,33.73,33.5,33.34,33.38,33.28,32.53,32.53,32.53,31.77,31.82,31.73,31.01,31.01,31,6528,0
2025-07-09 02:00:00,0.88,6.99,12.39,11.92,11.59,21.26,14.72,13.68,25.07,25.57,24.56,31.33,31.72,30.98,33.63,33.84,33.39,33.84,33.95,33.73,33.38,33.38,33.38,32.52,32.53,32.49,31.71,31.74,31.71,30.98,31,30.96,6537,0
2025-07-09 01:00:00,0.86,6.97,12.45,11.97,11.58,21.27,14.7,13.69,26.19,26.75,25.69,32.17,32.55,31.79,34.11,34.32,33.86,34.03,34.08,33.96,33.38,33.38,33.38,32.44,32.5,32.41,31.71,31.71,31.7,30.92,30.97,30.89,6542,0
2025-07-09 00:00:00,0.84,6.95,12.48,12,11.59,21.26,14.68,13.68,27.26,27.7,26.86,33.14,33.61,32.66,34.58,34.79,34.36,34.15,34.2,34.08,33.37,33.38,33.31,32.4,32.41,32.37,31.64,31.7,31.6,30.9,30.91,30.89,6522,0
2025-07-08 23:00:00,0.85,6.94,12.54,12.01,11.56,21.23,14.66,13.67,28.28,28.81,27.82,34.26,34.8,33.73,35.04,35.25,34.83,34.2,34.2,34.2,33.26,33.31,33.25,32.31,32.34,32.3,31.6,31.6,31.6,30.89,30.9,30.89,6550,0
2025-07-08 22:00:00,0.75,7.02,12.63,12.02,11.53,21.22,14.66,13.67,29.55,30.42,28.88,35.56,36.21,34.91,35.41,35.52,35.25,34.19,34.2,34.12,33.16,33.25,33.13,32.24,32.3,32.18,31.6,31.6,31.58,30.89,30.89,30.89,6573,0
2025-07-08 21:00:00,0.77,7.12,12.72,12.07,11.53,21.25,14.67,13.66,32.13,34.2,30.63,36.98,37.62,36.33,35.65,35.73,35.57,34.04,34.09,33.96,33.01,33.08,32.91,32.17,32.18,32.13,31.57,31.6,31.54,30.89,30.89,30.89,6640,2867
2025-07-08 20:00:00,0.74,7.17,12.76,12.05,11.64,21.24,14.67,13.67,35.8,36.21,34.68,38.17,38.73,37.68,35.68,35.74,35.62,33.81,33.96,33.71,32.84,32.91,32.79,32.08,32.13,32.06,31.52,31.55,31.51,30.89,30.89,30.89,6742,6984
2025-07-08 19:00:00,0.69,7.2,12.79,12.03,11.64,21.21,14.68,13.67,36.25,38.91,35.04,39.78,40.59,38.9,35.51,35.62,35.37,33.5,33.62,33.37,32.69,32.79,32.65,32.06,32.06,32.05,31.52,31.55,31.49,30.89,30.89,30.89,6844,7118
2025-07-08 18:00:00,0.4,7.44,12.77,12.05,11.64,21.26,14.69,13.68,45.03,46.97,40,40.8,40.82,40.71,35.01,35.27,34.77,33.17,33.36,33.02,32.55,32.63,32.5,32.03,32.06,32.02,31.55,31.57,31.52,30.9,30.91,30.89,6838,7792
2025-07-08 17:00:00,0.6,7.51,12.74,12.09,11.67,21.29,14.68,13.69,46.15,47.45,45.21,40.53,40.74,40.23,34.39,34.66,34.08,32.82,33,32.66,32.44,32.49,32.43,32,32.03,31.96,31.6,31.6,31.57,30.92,30.96,30.91,6844,9911
2025-07-08 16:00:00,0.57,7.56,12.7,12.13,11.7,21.3,14.69,13.7,47.59,48.27,46.61,39.56,40.12,38.93,33.71,34.03,33.4,32.5,32.66,32.41,32.34,32.4,32.31,32.01,32.05,31.98,31.6,31.6,31.6,30.98,31,30.96,6849,10030
2025-07-08 15:00:00,0.65,7.59,12.65,12.05,11.71,21.29,14.72,13.72,45.55,46.26,44.73,37.87,38.81,36.91,33.07,33.37,32.78,32.27,32.39,32.18,32.31,32.31,32.31,32.06,32.06,32.04,31.6,31.63,31.6,31,31.01,31,6851,10128
2025-07-08 14:00:00,0.8,7.55,12.63,12.05,11.74,21.31,14.76,13.73,42.81,44.61,41.3,36,36.8,35.21,32.48,32.77,32.2,32.12,32.18,32.07,32.31,32.32,32.31,32.07,32.09,32.06,31.68,31.71,31.61,31.01,31.01,31.01,6851,10128
2025-07-08 13:00:00,0.83,7.44,12.58,12.03,11.75,21.37,14.8,13.74,39.93,41.05,38.34,34.15,35.03,33.28,31.93,32.18,31.72,32.04,32.07,31.99,32.36,32.43,32.31,32.15,32.18,32.08,31.71,31.71,31.71,31.01,31.01,31.01,6849,10258
2025-07-08 12:00:00,0.86,7.39,12.51,12.02,11.74,21.38,14.83,13.76,36.56,38.09,35.3,32.37,33.14,31.5,31.48,31.69,31.3,31.99,32.05,31.96,32.44,32.47,32.43,32.2,32.25,32.18,31.72,31.74,31.71,31.01,31.01,31.01,6849,10309
2025-07-08 11:00:00,0.84,7.33,12.46,12.01,11.74,21.36,14.84,13.77,33.86,35.27,32.33,30.63,31.36,29.99,31.18,31.27,31.13,32.07,32.15,32.03,32.55,32.61,32.52,32.29,32.3,32.25,31.77,31.82,31.74,31.01,31.01,31.01,6847,10412
2025-07-08 10:00:00,0.89,7.18,12.39,12.01,11.74,21.43,14.78,13.78,30.66,32.12,29.23,29.31,29.91,28.76,31.13,31.13,31.13,32.23,32.31,32.18,32.68,32.78,32.62,32.33,32.4,32.3,31.82,31.83,31.8,31.01,31.01,31.01,6842,10424
2025-07-08 09:00:00,0.96,7.04,12.38,12.03,11.73,21.43,14.79,13.78,26.3,28.77,24.16,28.34,28.64,28.17,31.21,31.36,31.13,32.43,32.54,32.31,32.82,32.91,32.79,32.41,32.41,32.41,31.83,31.83,31.82,31.01,31.01,31.01,6838,10262
2025-07-08 08:00:00,0.89,6.93,12.38,12.01,11.66,21.42,14.79,13.78,23.1,24.02,22.38,28.25,28.41,28.17,31.52,31.71,31.36,32.71,32.83,32.56,32.97,33.02,32.91,32.45,32.52,32.41,31.83,31.83,31.82,31.01,31.01,31.01,6713,7000
2025-07-08 07:00:00,0.88,6.91,12.38,11.98,11.6,21.42,14.79,13.76,22.27,22.49,22.14,28.68,28.92,28.41,31.93,32.12,31.72,32.99,33.13,32.89,33.11,33.14,33.02,32.53,32.53,32.52,31.83,31.83,31.82,31.01,31.01,31,6542,6807
2025-07-08 06:00:00,0.88,6.93,12.41,11.98,11.6,21.43,14.78,13.78,22.84,23.09,22.53,29.23,29.49,29,32.37,32.58,32.18,33.25,33.37,33.13,33.23,33.25,33.15,32.53,32.55,32.53,31.81,31.83,31.79,30.97,31,30.94,6506,330
2025-07-08 05:00:00,0.88,6.92,12.39,12,11.62,21.43,14.84,13.77,23.36,23.69,23.09,29.93,30.3,29.59,32.84,33.04,32.66,33.52,33.61,33.38,33.34,33.38,33.25,32.53,32.54,32.53,31.76,31.79,31.73,30.9,30.93,30.89,6510,0
2025-07-08 04:00:00,0.84,6.99,12.4,12.03,11.58,21.42,14.84,13.75,24.22,24.52,23.79,30.72,31.13,30.33,33.35,33.61,33.14,33.77,33.84,33.65,33.42,33.5,33.38,32.53,32.53,32.53,31.71,31.74,31.71,30.89,30.9,30.89,6519,0
2025-07-08 03:00:00,0.89,6.94,12.45,12.08,11.54,21.41,14.83,13.74,25.11,25.69,24.62,31.62,32.07,31.21,33.83,34.08,33.61,34,34.08,33.89,33.5,33.5,33.47,32.53,32.53,32.53,31.7,31.71,31.67,30.89,30.89,30.89,6528,0
2025-07-08 02:00:00,0.86,6.94,12.47,12.12,11.55,21.38,14.8,13.72,26.26,26.87,25.69,32.58,33.02,32.16,34.32,34.55,34.08,34.18,34.24,34.08,33.5,33.5,33.5,32.49,32.53,32.43,31.62,31.69,31.6,30.85,30.88,30.82,6535,0
2025-07-08 01:00:00,0.86,6.91,12.52,12.12,11.55,21.36,14.77,13.72,27.65,28.38,26.99,33.6,34.08,33.14,34.79,35.03,34.56,34.34,34.41,34.29,33.5,33.5,33.49,32.41,32.43,32.41,31.6,31.6,31.6,30.78,30.83,30.77,6542,0
2025-07-08 00:00:00,0.79,6.93,12.6,12.16,11.59,21.34,14.77,13.72,29.2,29.94,28.53,34.68,35.15,34.2,35.24,35.46,35.03,34.43,34.43,34.43,33.43,33.5,33.38,32.33,32.41,32.3,31.52,31.58,31.48,30.77,30.78,30.77,6524,0
2025-07-07 23:00:00,0.8,7.03,12.72,12.23,11.61,21.35,14.75,13.72,30.76,31.6,30.06,35.82,36.36,35.27,35.65,35.84,35.5,34.43,34.43,34.43,33.31,33.38,33.25,32.24,32.3,32.18,31.48,31.48,31.48,30.77,30.77,30.77,6546,0
2025-07-07 22:00:00,0.79,7.07,12.79,12.21,11.58,21.34,14.76,13.72,32.63,33.73,31.72,37.04,37.63,36.45,35.97,36.09,35.86,34.38,34.43,34.32,33.18,33.25,33.13,32.16,32.18,32.09,31.46,31.48,31.43,30.77,30.77,30.77,6550,0
2025-07-07 21:00:00,0.73,7.11,12.83,12.19,11.59,21.3,14.86,13.72,35.35,37.39,33.96,38.38,38.95,37.75,36.1,36.14,36.09,34.2,34.32,34.08,32.99,33.08,32.91,32.06,32.07,32.03,31.38,31.43,31.36,30.77,30.77,30.77,6608,2690
2025-07-07 20:00:00,0.69,7.16,12.89,12.21,11.68,21.35,14.89,13.71,39.16,39.64,37.99,39.49,40,39.05,36.07,36.11,35.97,33.92,34.08,33.73,32.8,32.91,32.68,31.96,32.04,31.94,31.36,31.37,31.36,30.77,30.77,30.77,6715,6961
2025-07-07 19:00:00,0.7,7.24,12.92,12.18,11.69,21.34,14.89,13.72,39.78,42.36,38.66,40.88,41.59,40.11,35.85,35.97,35.63,33.59,33.73,33.39,32.61,32.68,32.55,31.93,31.94,31.89,31.36,31.37,31.36,30.77,30.77,30.77,6809,7083
2025-07-07 18:00:00,0.45,7.44,12.89,12.18,11.68,21.37,14.9,13.72,48.28,50.05,43.34,41.76,41.79,41.66,35.29,35.62,35.03,33.2,33.37,33.02,32.47,32.55,32.41,31.86,31.92,31.82,31.36,31.37,31.36,30.77,30.77,30.77,6840,8923
2025-07-07 17:00:00,0.64,7.52,12.82,12.22,11.73,21.39,14.88,13.73,49.5,50.31,48.86,41.51,41.75,41.24,34.65,34.95,34.32,32.81,33,32.66,32.32,32.39,32.28,31.82,31.82,31.82,31.38,31.41,31.37,30.78,30.79,30.77,6849,9774
2025-07-07 16:00:00,0.63,7.61,12.78,12.23,11.75,21.4,14.8,13.74,50.44,50.88,49.34,40.62,41.18,39.98,33.95,34.29,33.61,32.47,32.62,32.31,32.21,32.28,32.2,31.82,31.84,31.82,31.45,31.48,31.41,30.8,30.85,30.79,6851,9852
2025-07-07 15:00:00,0.69,7.6,12.73,12.19,11.76,21.45,14.83,13.75,48.03,49.03,46.88,38.9,39.8,37.99,33.26,33.61,32.97,32.21,32.31,32.07,32.2,32.2,32.18,31.84,31.88,31.82,31.48,31.48,31.47,30.85,30.88,30.83,6851,9742
2025-07-07 14:00:00,0.81,7.6,12.71,12.17,11.77,21.49,14.88,13.79,45.05,46.74,43.9,37,37.84,36.2,32.61,32.9,32.31,32.01,32.07,31.95,32.19,32.2,32.18,31.92,31.94,31.89,31.48,31.5,31.48,30.88,30.89,30.88,6851,9907
2025-07-07 13:00:00,0.9,7.53,12.66,12.18,11.8,21.53,14.89,13.82,42.9,43.78,41.63,35.08,35.98,34.18,32,32.31,31.72,31.87,31.95,31.83,32.2,32.2,32.18,31.94,31.95,31.94,31.55,31.6,31.51,30.89,30.89,30.89,6851,10061
2025-07-07 12:00:00,0.92,7.45,12.59,12.2,11.83,21.55,14.89,13.84,39.25,41.27,37.39,33.07,33.97,32.07,31.47,31.72,31.24,31.83,31.83,31.83,32.23,32.3,32.2,32.02,32.06,31.96,31.6,31.6,31.6,30.89,30.89,30.89,6849,10073
2025-07-07 11:00:00,0.89,7.4,12.52,12.19,11.84,21.57,14.94,13.84,35.8,37.04,34.55,31.11,31.91,30.42,31.09,31.24,31.01,31.85,31.91,31.83,32.33,32.39,32.31,32.07,32.11,32.06,31.6,31.6,31.6,30.89,30.89,30.89,6849,10211
2025-07-07 10:00:00,0.97,7.25,12.52,12.13,11.82,21.57,14.96,13.84,32.31,34.2,30.19,29.6,30.29,29,30.94,31.01,30.89,31.98,32.07,31.93,32.44,32.52,32.43,32.16,32.18,32.11,31.61,31.62,31.6,30.89,30.89,30.89,6849,10357
2025-07-07 09:00:00,0.99,7.09,12.47,12.11,11.81,21.58,14.97,13.85,27.37,29.94,24.86,28.35,28.87,28.05,30.97,31.11,30.9,32.18,32.31,32.07,32.57,32.65,32.54,32.2,32.25,32.18,31.64,31.68,31.62,30.89,30.89,30.89,6838,9498
2025-07-07 08:00:00,0.95,6.97,12.42,12.13,11.8,21.58,14.98,13.84,23.17,24.51,22.09,28.12,28.29,28.05,31.26,31.48,31.13,32.42,32.54,32.31,32.71,32.79,32.66,32.29,32.3,32.25,31.67,31.69,31.65,30.89,30.89,30.89,6715,7004
2025-07-07 07:00:00,0.94,6.93,12.42,12.13,11.79,21.62,14.98,13.84,22.04,22.29,21.79,28.57,28.88,28.29,31.65,31.83,31.48,32.69,32.78,32.54,32.85,32.91,32.79,32.3,32.31,32.3,31.67,31.7,31.66,30.89,30.89,30.88,6542,6803
2025-07-07 06:00:00,0.93,6.95,12.45,12.11,11.72,21.63,14.97,13.84,22.59,22.85,22.38,29.19,29.5,28.88,32.06,32.27,31.86,32.93,33.02,32.79,32.98,33.02,32.91,32.36,32.41,32.32,31.65,31.69,31.62,30.87,30.89,30.85,6506,433
2025-07-07 05:00:00,0.9,6.96,12.46,12.1,11.66,21.58,14.97,13.84,23.65,24.27,22.95,29.92,30.19,29.59,32.47,32.66,32.31,33.18,33.25,33.09,33.09,33.14,33.02,32.41,32.41,32.38,31.61,31.63,31.6,30.82,30.85,30.79,6517,0
2025-07-07 04:00:00,0.92,7.03,12.46,12.12,11.67,21.58,14.95,13.85,24.69,25.11,24.27,30.58,30.89,30.3,32.88,33.09,32.66,33.4,33.5,33.28,33.16,33.25,33.14,32.41,32.41,32.39,31.6,31.6,31.6,30.77,30.79,30.77,6519,0
2025-07-07 03:00:00,0.94,7,12.47,12.15,11.67,21.57,14.92,13.84,25.73,26.24,25.21,31.26,31.6,30.94,33.31,33.49,33.14,33.64,33.73,33.52,33.25,33.25,33.23,32.39,32.41,32.36,31.6,31.6,31.58,30.77,30.77,30.77,6528,0
2025-07-07 02:00:00,0.9,6.98,12.5,12.2,11.7,21.55,14.94,13.82,26.85,27.41,26.29,31.91,32.18,31.6,33.75,33.96,33.55,33.83,33.95,33.73,33.25,33.28,33.25,32.31,32.34,32.3,31.53,31.59,31.48,30.77,30.77,30.75,6537,0
2025-07-07 01:00:00,0.9,6.96,12.52,12.24,11.7,21.52,14.9,13.8,27.82,28.04,27.46,32.52,32.78,32.25,34.2,34.43,33.96,34.03,34.08,33.96,33.25,33.28,33.25,32.3,32.3,32.28,31.48,31.48,31.48,30.72,30.77,30.68,6542,0
2025-07-07 00:00:00,0.9,6.9,12.57,12.23,11.67,21.54,14.9,13.84,27.57,28.02,27.1,33.3,33.83,32.9,34.69,34.91,34.43,34.14,34.2,34.08,33.25,33.25,33.22,32.2,32.25,32.18,31.45,31.48,31.43,30.66,30.69,30.65,6519,0
2025-07-06 23:00:00,0.86,6.9,12.65,12.29,11.66,21.54,15.02,13.83,26.96,27.74,26.4,34.62,35.37,33.96,35.2,35.4,35,34.2,34.2,34.2,33.14,33.18,33.12,32.13,32.18,32.07,31.36,31.37,31.36,30.65,30.66,30.65,6546,0
2025-07-06 22:00:00,0.83,7.02,12.77,12.3,11.66,21.5,15.03,13.83,29.69,31.63,28.01,36.21,36.91,35.5,35.61,35.74,35.48,34.17,34.2,34.08,33.02,33.11,32.93,32.05,32.06,32.02,31.36,31.36,31.36,30.65,30.66,30.65,6550,0
2025-07-06 21:00:00,0.76,7.11,12.87,12.33,11.77,21.53,15.01,13.83,33.98,36.29,31.95,37.66,38.22,37.04,35.81,35.86,35.74,34,34.08,33.9,32.86,32.91,32.79,31.94,31.97,31.94,31.35,31.36,31.33,30.65,30.66,30.65,6624,2824
2025-07-06 20:00:00,0.7,7.14,12.92,12.31,11.76,21.53,15,13.82,38.05,38.46,36.91,38.77,39.29,38.34,35.81,35.86,35.74,33.73,33.86,33.61,32.67,32.79,32.57,31.87,31.94,31.82,31.32,31.34,31.3,30.65,30.66,30.65,6731,6972
2025-07-06 19:00:00,0.71,7.2,12.92,12.3,11.77,21.53,15.01,13.83,38.08,40.59,37.04,40.17,40.93,39.4,35.61,35.74,35.41,33.42,33.59,33.25,32.5,32.56,32.43,31.82,31.82,31.82,31.32,31.34,31.29,30.65,30.66,30.65,6838,7110
2025-07-06 18:00:00,0.48,7.42,12.89,12.34,11.81,21.53,15.02,13.82,46.95,48.99,41.7,41.19,41.29,40.99,35.08,35.38,34.79,33.05,33.25,32.9,32.36,32.43,32.31,31.81,31.82,31.8,31.33,31.36,31.33,30.67,30.72,30.65,6838,9112
2025-07-06 17:00:00,0.59,7.53,12.86,12.37,11.83,21.56,15.04,13.81,48.78,49.09,48.39,40.98,41.19,40.71,34.43,34.77,34.08,32.67,32.84,32.54,32.22,32.29,32.2,31.78,31.81,31.75,31.36,31.36,31.35,30.72,30.76,30.68,6849,9785
2025-07-06 16:00:00,0.7,7.58,12.82,12.34,11.85,21.59,15.06,13.83,48.96,49.22,48.38,40.05,40.59,39.4,33.73,34.08,33.39,32.33,32.45,32.2,32.12,32.2,32.08,31.79,31.82,31.76,31.36,31.36,31.36,30.76,30.77,30.75,6851,9931
2025-07-06 15:00:00,0.7,7.6,12.77,12.3,11.86,21.6,15.06,13.87,46.62,47.92,45.56,38.42,39.25,37.62,33.06,33.37,32.78,32.08,32.18,31.95,32.08,32.08,32.08,31.82,31.82,31.82,31.39,31.43,31.36,30.77,30.77,30.77,6851,10006
2025-07-06 14:00:00,0.87,7.61,12.75,12.33,11.9,21.69,15.02,13.89,44.1,45.32,43.34,36.64,37.45,35.86,32.42,32.7,32.14,31.88,31.95,31.83,32.08,32.08,32.08,31.83,31.86,31.82,31.47,31.48,31.45,30.77,30.78,30.77,6849,10081
2025-07-06 13:00:00,0.97,7.52,12.71,12.34,11.94,21.7,15.03,13.92,42.08,43.1,40.34,34.85,35.72,33.96,31.79,32.07,31.49,31.76,31.83,31.72,32.11,32.16,32.08,31.92,31.94,31.87,31.48,31.48,31.48,30.78,30.79,30.77,6849,10160
2025-07-06 12:00:00,0.92,7.47,12.62,12.31,11.93,21.76,15.06,13.93,38.19,39.99,36.45,32.76,33.74,31.72,31.22,31.48,31.01,31.72,31.72,31.72,32.2,32.22,32.18,31.96,32.02,31.94,31.51,31.55,31.48,30.79,30.81,30.78,6849,10317
2025-07-06 11:00:00,0.89,7.38,12.57,12.3,11.96,21.75,15.07,13.92,34.75,36.22,33.03,30.55,31.48,29.71,30.82,30.96,30.76,31.75,31.83,31.72,32.29,32.33,32.2,32.06,32.06,32.02,31.58,31.6,31.56,30.8,30.83,30.79,6847,10301
2025-07-06 10:00:00,0.97,7.2,12.51,12.27,11.95,21.76,15.09,13.93,31.13,32.78,29.35,28.87,29.59,28.25,30.68,30.76,30.65,31.9,31.97,31.83,32.42,32.48,32.34,32.12,32.18,32.06,31.6,31.6,31.6,30.81,30.83,30.79,6844,10207
2025-07-06 09:00:00,1.02,7.05,12.48,12.23,11.93,21.79,15.11,13.94,26.1,28.88,23.67,27.66,28.13,27.39,30.77,30.89,30.67,32.14,32.29,32.06,32.57,32.66,32.52,32.18,32.21,32.16,31.6,31.6,31.6,30.79,30.82,30.77,6838,10097
2025-07-06 08:00:00,0.97,6.93,12.46,12.25,11.91,21.79,15.11,13.96,21.81,23.32,20.37,27.4,27.58,27.34,31.09,31.27,30.9,32.42,32.54,32.31,32.72,32.79,32.66,32.28,32.3,32.22,31.6,31.6,31.6,30.78,30.79,30.77,6715,7008
2025-07-06 07:00:00,0.96,6.88,12.45,12.23,11.89,21.79,15.12,13.95,19.97,20.25,19.77,27.96,28.33,27.58,31.56,31.77,31.36,32.72,32.86,32.57,32.86,32.91,32.79,32.3,32.3,32.3,31.6,31.6,31.6,30.77,30.78,30.77,6537,6803
2025-07-06 06:00:00,0.91,6.89,12.48,12.21,11.81,21.79,15.11,13.94,21.06,21.67,20.37,28.76,29.12,28.41,32.03,32.22,31.83,33,33.13,32.9,33.01,33.05,32.93,32.32,32.37,32.3,31.6,31.6,31.6,30.77,30.77,30.77,6504,370
2025-07-06 05:00:00,0.94,6.94,12.5,12.24,11.77,21.78,15.09,13.93,22.39,22.81,21.78,29.51,29.83,29.18,32.49,32.66,32.3,33.25,33.37,33.13,33.13,33.15,33.06,32.38,32.41,32.34,31.6,31.6,31.6,30.76,30.77,30.73,6506,0
2025-07-06 04:00:00,0.94,6.94,12.48,12.26,11.76,21.75,15.09,13.93,23.38,23.79,22.86,30.27,30.65,29.94,32.96,33.18,32.77,33.5,33.61,33.37,33.22,33.25,33.16,32.39,32.41,32.37,31.58,31.6,31.52,30.7,30.75,30.66,6517,0
2025-07-06 03:00:00,0.9,6.98,12.51,12.28,11.78,21.79,15.08,13.94,24.22,24.7,23.91,31.08,31.48,30.66,33.46,33.72,33.25,33.75,33.84,33.62,33.27,33.3,33.25,32.34,32.38,32.32,31.5,31.53,31.48,30.65,30.66,30.65,6524,0
2025-07-06 02:00:00,0.97,6.93,12.56,12.35,11.79,21.75,15.05,13.93,25.33,25.81,24.81,31.99,32.43,31.59,33.96,34.2,33.73,33.98,34.08,33.86,33.34,33.36,33.3,32.3,32.31,32.3,31.48,31.48,31.48,30.65,30.65,30.65,6533,0
2025-07-06 01:00:00,0.91,6.9,12.6,12.36,11.79,21.72,15.12,13.92,26.55,27.11,25.93,32.91,33.37,32.47,34.46,34.66,34.21,34.15,34.2,34.08,33.33,33.36,33.28,32.27,32.3,32.22,31.41,31.48,31.36,30.65,30.65,30.64,6539,0
2025-07-06 00:00:00,0.91,6.89,12.66,12.39,11.78,21.71,15.18,13.91,27.91,28.54,27.22,33.91,34.43,33.45,34.96,35.18,34.77,34.28,34.32,34.21,33.25,33.28,33.25,32.18,32.21,32.16,31.36,31.37,31.36,30.62,30.65,30.59,6519,0
2025-07-05 23:00:00,0.86,6.91,12.77,12.42,11.76,21.73,15.17,13.9,29.03,29.47,28.64,35.11,35.74,34.55,35.44,35.63,35.25,34.32,34.32,34.32,33.18,33.25,33.14,32.08,32.13,32.06,31.32,31.35,31.27,30.58,30.6,30.55,6546,0
2025-07-05 22:00:00,0.83,7,12.88,12.44,11.77,21.72,15.17,13.88,30.51,31.6,29.7,36.56,37.28,35.86,35.84,35.97,35.68,34.27,34.32,34.2,33.04,33.13,32.96,31.99,32.06,31.94,31.24,31.27,31.24,30.55,30.57,30.54,6550,0
2025-07-05 21:00:00,0.78,7.06,12.93,12.47,11.86,21.7,15.15,13.87,33.73,36.45,31.84,38.14,38.78,37.41,36.06,36.09,35.97,34.12,34.2,33.98,32.85,32.91,32.78,31.89,31.94,31.82,31.24,31.24,31.24,30.55,30.57,30.54,6611,2036
2025-07-05 20:00:00,0.61,7.11,13,12.47,11.87,21.71,15.14,13.87,39.07,39.64,37.36,39.32,39.8,38.82,36.06,36.09,35.97,33.83,33.96,33.73,32.65,32.78,32.55,31.82,31.82,31.81,31.24,31.24,31.23,30.56,30.58,30.54,6715,6961
2025-07-05 19:00:00,0.66,7.17,13.04,12.44,11.87,21.75,15.14,13.88,38.83,41.25,37.5,40.7,41.42,39.91,35.85,35.97,35.66,33.49,33.64,33.34,32.48,32.55,32.41,31.74,31.8,31.71,31.23,31.24,31.23,30.58,30.6,30.56,6820,7091
2025-07-05 18:00:00,0.59,7.37,13,12.48,11.91,21.77,15.15,13.9,47.54,50.17,42.36,41.52,41.54,41.42,35.29,35.62,35,33.09,33.25,32.9,32.31,32.41,32.22,31.71,31.71,31.71,31.24,31.24,31.24,30.62,30.65,30.6,6842,8568
2025-07-05 17:00:00,0.49,7.47,12.95,12.51,11.93,21.78,15.2,13.92,49.91,50.52,49.46,41.3,41.53,41.05,34.6,34.91,34.29,32.68,32.89,32.54,32.16,32.2,32.08,31.71,31.71,31.7,31.24,31.24,31.24,30.65,30.65,30.63,6849,9864
2025-07-05 16:00:00,0.7,7.52,12.89,12.48,11.95,21.8,15.22,13.93,48.95,49.26,48.51,40.44,40.93,39.75,33.87,34.2,33.56,32.32,32.49,32.18,32.07,32.08,32.05,31.71,31.71,31.7,31.24,31.27,31.24,30.65,30.65,30.65,6851,9990
2025-07-05 15:00:00,0.72,7.51,12.86,12.44,12,21.86,15.22,13.97,46.96,48.36,45.28,38.79,39.64,37.99,33.18,33.49,32.9,32.04,32.18,31.95,31.99,32.03,31.97,31.71,31.71,31.71,31.31,31.35,31.27,30.65,30.65,30.65,6851,9801
2025-07-05 14:00:00,0.82,7.51,12.84,12.49,12.03,21.92,15.28,13.99,44.15,45.09,43.31,37.06,37.86,36.32,32.49,32.79,32.18,31.82,31.94,31.72,31.98,32,31.97,31.74,31.8,31.71,31.36,31.36,31.36,30.65,30.67,30.65,6851,9911
2025-07-05 13:00:00,0.92,7.48,12.78,12.46,12.03,21.9,15.33,14.01,41.56,42.83,40.39,35.43,36.2,34.56,31.8,32.09,31.48,31.68,31.72,31.61,32.04,32.08,31.97,31.82,31.82,31.81,31.37,31.4,31.36,30.68,30.72,30.66,6849,10069
2025-07-05 12:00:00,0.86,7.42,12.72,12.44,12.07,21.96,15.22,14.02,39.06,40.23,37.8,33.29,34.37,32.07,31.17,31.47,30.89,31.6,31.6,31.6,32.09,32.14,32.08,31.87,31.94,31.82,31.45,31.48,31.4,30.71,30.74,30.68,6849,10120
2025-07-05 11:00:00,0.92,7.36,12.63,12.42,12.1,22,15.22,14.02,35.99,37.48,34.41,30.84,31.84,29.89,30.69,30.89,30.53,31.63,31.72,31.6,32.19,32.23,32.12,31.94,31.96,31.94,31.48,31.48,31.48,30.74,30.77,30.72,6849,10171
2025-07-05 10:00:00,0.97,7.17,12.5,12.43,12.1,21.97,15.25,14.03,32.23,34.2,29.79,28.7,29.71,27.82,30.5,30.53,30.46,31.78,31.84,31.72,32.33,32.43,32.29,32.05,32.06,32,31.48,31.48,31.48,30.73,30.75,30.72,6847,10337
2025-07-05 09:00:00,1,6.95,12.48,12.36,12.05,22.01,15.28,14.04,25.83,29.23,22.97,27.23,27.69,26.99,30.57,30.72,30.5,32.01,32.16,31.86,32.48,32.55,32.43,32.1,32.16,32.06,31.49,31.51,31.48,30.72,30.75,30.69,6838,9458
2025-07-05 08:00:00,0.93,6.83,12.51,12.35,12.03,22,15.28,14.06,21.04,22.58,19.7,27.06,27.22,26.99,30.93,31.13,30.76,32.31,32.43,32.18,32.63,32.68,32.55,32.18,32.18,32.16,31.53,31.55,31.51,30.69,30.72,30.68,6706,6992
2025-07-05 07:00:00,0.94,6.8,12.5,12.38,12.01,21.99,15.28,14.08,19.28,19.54,19.18,27.63,28.05,27.28,31.4,31.61,31.17,32.63,32.78,32.49,32.79,32.88,32.68,32.22,32.28,32.18,31.53,31.57,31.52,30.65,30.67,30.65,6535,6803
2025-07-05 06:00:00,0.91,6.81,12.52,12.38,11.94,21.96,15.28,14.07,19.91,20.37,19.52,28.48,28.91,28.05,31.91,32.14,31.72,32.91,33.02,32.78,32.94,33.02,32.91,32.3,32.3,32.29,31.51,31.54,31.49,30.65,30.65,30.65,6502,366
2025-07-05 05:00:00,0.87,6.84,12.54,12.36,11.86,21.97,15.25,14.05,21.22,21.99,20.48,29.45,29.91,29,32.39,32.63,32.18,33.18,33.32,33.03,33.06,33.14,33.02,32.3,32.3,32.3,31.48,31.5,31.48,30.65,30.65,30.65,6506,0
2025-07-05 04:00:00,0.89,6.89,12.56,12.39,11.87,21.96,15.23,14.02,23.38,24.57,22.17,30.32,30.65,29.94,32.86,33.05,32.66,33.45,33.59,33.36,33.16,33.23,33.13,32.3,32.3,32.3,31.48,31.48,31.47,30.64,30.65,30.62,6517,0
2025-07-05 03:00:00,0.92,6.94,12.57,12.42,11.88,21.95,15.22,14.01,24.99,25.1,24.73,30.95,31.25,30.66,33.34,33.61,33.14,33.7,33.84,33.61,33.25,33.25,33.22,32.3,32.3,32.3,31.45,31.48,31.41,30.59,30.63,30.54,6524,0
2025-07-05 02:00:00,0.88,6.86,12.61,12.48,11.9,21.95,15.35,13.99,25.43,26.16,24.85,31.7,32.07,31.36,33.86,34.08,33.61,33.94,34.07,33.84,33.26,33.28,33.25,32.26,32.3,32.21,31.37,31.41,31.36,30.54,30.56,30.54,6530,0
2025-07-05 01:00:00,0.86,6.85,12.64,12.51,11.9,21.94,15.34,13.98,26.7,27.22,26.26,32.57,33.02,32.18,34.41,34.66,34.18,34.14,34.2,34.07,33.26,33.28,33.25,32.18,32.2,32.18,31.35,31.36,31.34,30.54,30.54,30.54,6537,0
2025-07-05 00:00:00,0.88,6.82,12.73,12.54,11.88,21.92,15.35,13.96,27.75,28.29,27.34,33.65,34.2,33.14,34.94,35.18,34.66,34.27,34.32,34.2,33.25,33.25,33.22,32.11,32.18,32.06,31.26,31.32,31.24,30.53,30.54,30.53,6519,0
2025-07-04 23:00:00,0.83,6.85,12.82,12.58,11.87,21.93,15.34,13.95,28.99,29.23,28.53,34.95,35.62,34.32,35.48,35.73,35.25,34.32,34.32,34.32,33.13,33.18,33.08,32.02,32.06,31.95,31.24,31.24,31.23,30.53,30.54,30.51,6546,0
2025-07-04 22:00:00,0.79,6.95,12.94,12.58,11.9,21.93,15.32,13.96,29.85,31.71,28.89,36.61,37.48,35.75,35.92,36.09,35.74,34.29,34.32,34.2,32.99,33.05,32.91,31.92,31.94,31.85,31.21,31.24,31.17,30.51,30.53,30.49,6550,0
2025-07-04 21:00:00,0.74,7.02,13,12.62,11.98,21.9,15.34,13.96,34.41,37.45,32.18,38.32,38.93,37.62,36.16,36.21,36.09,34.12,34.2,33.98,32.81,32.91,32.68,31.82,31.83,31.79,31.13,31.15,31.12,30.5,30.51,30.48,6608,3458
2025-07-04 20:00:00,0.6,7.09,13.06,12.63,11.98,21.94,15.36,13.94,40.34,41.45,38.46,39.52,40,39.06,36.15,36.21,36.09,33.82,33.96,33.64,32.6,32.66,32.54,31.72,31.76,31.71,31.12,31.13,31.12,30.51,30.53,30.49,6702,6945
2025-07-04 19:00:00,0.64,7.16,13.11,12.59,12,21.95,15.37,13.95,39.57,42.01,37.97,40.89,41.53,40.11,35.93,36.08,35.73,33.46,33.61,33.25,32.4,32.48,32.31,31.69,31.71,31.65,31.12,31.12,31.12,30.53,30.54,30.51,6802,7071
2025-07-04 18:00:00,0.59,7.32,13.08,12.63,12.02,21.94,15.37,13.96,47.66,50.12,43.07,41.64,41.65,41.54,35.32,35.62,35.03,33.04,33.25,32.84,32.24,32.31,32.18,31.61,31.65,31.59,31.12,31.13,31.12,30.54,30.54,30.53,6842,8781
2025-07-04 17:00:00,0.52,7.45,13.02,12.67,12.07,21.95,15.39,13.98,50.84,51.14,50.32,41.4,41.65,41.06,34.6,34.91,34.24,32.61,32.79,32.41,32.08,32.16,32.02,31.59,31.59,31.59,31.16,31.2,31.12,30.54,30.54,30.54,6844,9864
2025-07-04 16:00:00,0.65,7.52,12.99,12.61,12.13,21.98,15.37,14.01,49.75,50.4,48.98,40.49,41.06,39.88,33.84,34.2,33.49,32.23,32.41,32.07,31.96,31.99,31.95,31.59,31.6,31.59,31.22,31.24,31.2,30.54,30.56,30.54,6851,9931
2025-07-04 15:00:00,0.69,7.51,12.95,12.62,12.14,22.05,15.41,14.07,47.69,48.98,45.63,39.05,39.75,38.34,33.13,33.49,32.78,31.93,32.07,31.83,31.94,31.96,31.92,31.63,31.68,31.59,31.24,31.24,31.24,30.58,30.62,30.55,6851,9801
2025-07-04 14:00:00,0.82,7.53,12.94,12.62,12.18,22.13,15.46,14.09,44.42,45.38,43.54,37.4,38.21,36.65,32.41,32.78,32.07,31.7,31.83,31.6,31.93,31.95,31.9,31.7,31.71,31.7,31.28,31.34,31.24,30.63,30.65,30.6,6851,9927
2025-07-04 13:00:00,0.95,7.51,12.87,12.61,12.22,22.17,15.49,14.13,43.03,43.54,41.89,35.6,36.48,34.64,31.63,31.97,31.24,31.53,31.6,31.48,31.95,31.96,31.94,31.74,31.82,31.71,31.35,31.36,31.34,30.65,30.65,30.65,6851,10022
2025-07-04 12:00:00,0.92,7.43,12.8,12.59,12.26,22.19,15.53,14.14,39.77,41.53,38.06,33.29,34.43,32.07,30.95,31.24,30.65,31.48,31.48,31.47,32.01,32.08,31.96,31.82,31.85,31.81,31.36,31.37,31.36,30.65,30.65,30.65,6851,10030
2025-07-04 11:00:00,0.92,7.35,12.66,12.58,12.26,22.22,15.46,14.17,36.64,37.99,35.33,30.73,31.84,29.7,30.43,30.65,30.28,31.48,31.5,31.48,32.12,32.2,32.08,31.92,31.95,31.87,31.42,31.48,31.39,30.65,30.65,30.65,6847,10069
2025-07-04 10:00:00,0.99,7.17,12.54,12.57,12.27,22.26,15.45,14.18,32.86,35.09,30.25,28.27,29.47,27.22,30.16,30.24,30.12,31.62,31.72,31.52,32.26,32.32,32.2,32,32.06,31.94,31.48,31.48,31.46,30.65,30.65,30.65,6844,10301
2025-07-04 09:00:00,1,6.96,12.49,12.52,12.23,22.22,15.47,14.19,25.77,29.61,22.61,26.55,27.09,26.28,30.21,30.3,30.14,31.86,32.06,31.72,32.43,32.54,32.33,32.08,32.16,32.06,31.48,31.48,31.48,30.65,30.65,30.65,6838,10148
2025-07-04 08:00:00,0.93,6.9,12.51,12.47,12.2,22.24,15.47,14.18,20.34,22.26,18.7,26.23,26.37,26.17,30.57,30.79,30.4,32.21,32.39,32.07,32.61,32.66,32.55,32.18,32.18,32.16,31.48,31.48,31.48,30.65,30.65,30.65,6715,7008
2025-07-04 07:00:00,0.87,6.76,12.55,12.52,12.16,22.24,15.47,14.16,18.12,18.45,17.99,26.71,27.08,26.4,31.08,31.34,30.84,32.56,32.72,32.41,32.8,32.91,32.68,32.23,32.3,32.18,31.48,31.48,31.48,30.64,30.65,30.62,6537,6811
2025-07-04 06:00:00,0.9,6.77,12.58,12.49,12.03,22.22,15.47,14.15,18.69,19.06,18.28,27.46,27.82,27.11,31.61,31.83,31.36,32.89,33.03,32.75,32.97,33.02,32.91,32.3,32.3,32.29,31.48,31.48,31.48,30.6,30.63,30.57,6499,374
2025-07-04 05:00:00,0.92,6.77,12.59,12.5,11.98,22.23,15.46,14.14,19.46,19.77,19.18,28.27,28.64,27.93,32.18,32.43,31.95,33.23,33.37,33.09,33.11,33.16,33.04,32.3,32.3,32.3,31.48,31.48,31.48,30.55,30.57,30.54,6506,0
2025-07-04 04:00:00,0.84,6.8,12.6,12.51,11.98,22.23,15.45,14.12,20.35,20.72,19.89,29.16,29.6,28.76,32.77,33.02,32.5,33.53,33.71,33.38,33.23,33.25,33.16,32.3,32.3,32.3,31.47,31.48,31.45,30.54,30.54,30.54,6510,0
2025-07-04 03:00:00,0.84,6.82,12.62,12.56,12.02,22.21,15.52,14.1,21.03,21.55,20.72,30.23,30.77,29.71,33.39,33.7,33.13,33.84,33.96,33.73,33.33,33.38,33.25,32.3,32.3,32.3,31.38,31.43,31.36,30.53,30.54,30.51,6522,0
2025-07-04 02:00:00,0.88,6.84,12.67,12.61,12.05,22.17,15.53,14.15,22.61,23.56,21.67,31.47,32.07,30.89,34.02,34.32,33.73,34.11,34.2,33.97,33.38,33.38,33.38,32.29,32.3,32.27,31.36,31.36,31.35,30.47,30.51,30.44,6530,0
2025-07-04 01:00:00,0.86,6.82,12.73,12.65,12.04,22.17,15.52,14.15,24.85,26.25,23.58,32.76,33.34,32.18,34.62,34.91,34.33,34.31,34.43,34.2,33.38,33.38,33.38,32.2,32.27,32.18,31.28,31.34,31.24,30.42,30.45,30.42,6537,0
2025-07-04 00:00:00,0.87,6.84,12.83,12.71,12.04,22.18,15.52,14.14,27.54,28.33,26.51,33.97,34.56,33.41,35.18,35.48,34.91,34.45,34.5,34.43,33.35,33.38,33.28,32.13,32.18,32.06,31.24,31.24,31.24,30.42,30.43,30.42,6519,0
2025-07-03 23:00:00,0.82,6.88,12.96,12.72,11.99,22.16,15.53,14.13,29.11,29.71,28.53,35.32,35.99,34.66,35.73,35.97,35.5,34.55,34.55,34.53,33.24,33.28,33.16,32.03,32.06,31.95,31.17,31.23,31.13,30.41,30.42,30.4,6546,0
2025-07-03 22:00:00,0.83,6.96,13.04,12.76,11.98,22.17,15.55,14.12,30.87,31.73,29.94,36.9,37.73,36.12,36.18,36.33,35.97,34.49,34.55,34.43,33.09,33.14,33.02,31.92,31.94,31.85,31.12,31.14,31.12,30.4,30.42,30.4,6550,0
2025-07-03 21:00:00,0.77,7,13.08,12.78,12.07,22.17,15.52,14.1,33.9,36.8,31.95,38.61,39.29,37.87,36.47,36.55,36.37,34.34,34.43,34.2,32.92,33.02,32.79,31.82,31.85,31.8,31.11,31.12,31.09,30.4,30.42,30.39,6624,3730
2025-07-03 20:00:00,0.63,7.07,13.16,12.8,12.1,22.18,15.51,14.09,39.76,41.56,37.58,39.98,40.56,39.4,36.49,36.55,36.45,34.05,34.2,33.87,32.7,32.79,32.62,31.72,31.78,31.71,31.08,31.11,31.05,30.4,30.42,30.39,6715,6961
2025-07-03 19:00:00,0.63,7.16,13.21,12.77,12.11,22.16,15.52,14.1,39.8,41.63,38.47,41.49,42.18,40.7,36.29,36.45,36.09,33.68,33.84,33.49,32.49,32.56,32.43,31.67,31.71,31.63,31.05,31.08,31.04,30.41,30.42,30.4,6804,7079
2025-07-03 18:00:00,0.56,7.35,13.24,12.77,12.14,22.15,15.53,14.12,46.5,48.02,42.48,42.25,42.27,42.24,35.73,36.02,35.4,33.27,33.49,33.05,32.3,32.43,32.2,31.6,31.63,31.59,31.06,31.09,31.04,30.42,30.42,30.41,6840,9147
2025-07-03 17:00:00,0.67,7.42,13.16,12.8,12.18,22.16,15.57,14.15,48.95,50.17,47.92,42.03,42.23,41.79,35.02,35.38,34.66,32.83,33.02,32.66,32.15,32.2,32.08,31.59,31.59,31.59,31.1,31.12,31.08,30.42,30.42,30.42,6853,9829
2025-07-03 16:00:00,0.62,7.5,13.12,12.81,12.21,22.23,15.61,14.18,50.31,50.52,50.17,41.34,41.77,40.84,34.27,34.64,33.96,32.44,32.64,32.31,32.03,32.08,31.96,31.59,31.59,31.59,31.12,31.12,31.11,30.42,30.42,30.42,6851,9829
2025-07-03 15:00:00,0.75,7.54,13.08,12.78,12.26,22.29,15.66,14.2,49.16,50.05,48.28,40.23,40.79,39.64,33.52,33.84,33.14,32.11,32.28,31.96,31.96,31.97,31.96,31.59,31.59,31.59,31.12,31.14,31.12,30.42,30.44,30.42,6851,9864
2025-07-03 14:00:00,0.75,7.57,13.04,12.82,12.3,22.36,15.67,14.26,46.89,47.99,46.14,38.65,39.52,37.71,32.75,33.14,32.4,31.86,31.95,31.74,31.96,31.96,31.96,31.63,31.69,31.59,31.18,31.23,31.13,30.45,30.48,30.43,6851,9907
2025-07-03 13:00:00,0.88,7.59,13.01,12.81,12.34,22.44,15.68,14.29,45.15,46.05,44.01,36.33,37.5,35.18,31.95,32.31,31.6,31.69,31.72,31.62,31.96,31.96,31.96,31.71,31.71,31.69,31.24,31.24,31.23,30.49,30.51,30.46,6851,9896
2025-07-03 12:00:00,0.97,7.46,12.92,12.77,12.34,22.5,15.76,14.27,41.69,43.56,39.49,33.84,35.03,32.59,31.27,31.6,31.01,31.6,31.6,31.6,32.03,32.08,31.97,31.75,31.82,31.71,31.24,31.25,31.24,30.51,30.54,30.5,6851,9963
2025-07-03 11:00:00,0.92,7.39,12.83,12.77,12.36,22.52,15.76,14.27,37.78,39.4,36.03,31.23,32.41,30.06,30.72,30.93,30.53,31.61,31.66,31.6,32.13,32.2,32.08,31.83,31.86,31.82,31.27,31.33,31.24,30.52,30.54,30.5,6849,10061
2025-07-03 10:00:00,1.01,7.19,12.7,12.76,12.37,22.53,15.77,14.28,33.37,35.62,30.83,28.76,29.89,27.81,30.45,30.53,30.42,31.74,31.83,31.68,32.26,32.31,32.2,31.92,31.94,31.87,31.34,31.36,31.31,30.52,30.54,30.48,6847,10136
2025-07-03 09:00:00,1.02,6.96,12.66,12.7,12.35,22.57,15.78,14.31,26.58,30.18,23.56,27.21,27.67,26.91,30.51,30.65,30.42,31.98,32.15,31.83,32.42,32.54,32.31,31.98,32.05,31.94,31.36,31.36,31.35,30.49,30.51,30.47,6838,10081
2025-07-03 08:00:00,0.95,6.85,12.69,12.68,12.3,22.52,15.79,14.35,21.34,23.2,19.77,26.89,26.99,26.87,30.86,31.1,30.65,32.31,32.45,32.18,32.6,32.66,32.54,32.06,32.07,32.06,31.36,31.36,31.35,30.46,30.49,30.44,6731,7020
2025-07-03 07:00:00,0.98,6.8,12.67,12.71,12.27,22.52,15.77,14.35,19.09,19.54,18.93,27.34,27.69,27.03,31.36,31.6,31.13,32.65,32.78,32.52,32.75,32.82,32.66,32.12,32.18,32.07,31.36,31.36,31.36,30.43,30.44,30.42,6539,6811
2025-07-03 06:00:00,0.93,6.81,12.7,12.68,12.21,22.5,15.77,14.34,19.45,19.86,19.18,28.11,28.53,27.71,31.91,32.18,31.65,32.97,33.13,32.81,32.93,33,32.88,32.18,32.18,32.16,31.36,31.36,31.34,30.42,30.42,30.42,6499,646
2025-07-03 05:00:00,0.85,6.82,12.72,12.68,12.12,22.5,15.76,14.34,20.35,20.83,19.91,28.98,29.37,28.56,32.46,32.74,32.2,33.28,33.41,33.13,33.05,33.14,33.02,32.18,32.18,32.18,31.31,31.36,31.27,30.41,30.42,30.41,6504,0
2025-07-03 04:00:00,0.86,6.84,12.72,12.71,12.13,22.5,15.78,14.32,21.35,21.79,20.85,29.95,30.42,29.47,33.04,33.33,32.78,33.58,33.73,33.47,33.15,33.22,33.14,32.18,32.18,32.18,31.24,31.26,31.24,30.36,30.41,30.31,6510,0
2025-07-03 03:00:00,0.89,6.89,12.76,12.78,12.12,22.5,15.77,14.3,22.59,23.35,21.9,31.04,31.6,30.54,33.64,33.9,33.37,33.85,33.97,33.73,33.24,33.25,33.22,32.17,32.18,32.15,31.24,31.24,31.23,30.3,30.33,30.3,6522,0
2025-07-03 02:00:00,0.87,6.87,12.81,12.8,12.15,22.48,15.78,14.26,24.64,25.92,23.51,32.2,32.71,31.71,34.22,34.47,33.96,34.11,34.2,33.99,33.25,33.25,33.25,32.09,32.15,32.06,31.16,31.23,31.12,30.3,30.3,30.27,6530,0
2025-07-03 01:00:00,0.87,6.85,12.88,12.86,12.15,22.47,15.77,14.22,27.24,27.95,26.16,33.28,33.74,32.78,34.79,35.03,34.55,34.28,34.34,34.2,33.25,33.25,33.25,32.04,32.06,31.96,31.12,31.12,31.11,30.26,30.3,30.23,6537,0
2025-07-03 00:00:00,0.88,6.85,12.99,12.9,12.14,22.49,15.75,14.22,28.09,28.53,27.82,34.48,35.13,33.84,35.37,35.62,35.13,34.42,34.43,34.34,33.2,33.25,33.14,31.94,31.96,31.9,31.04,31.11,31,30.2,30.23,30.18,6519,0
2025-07-02 23:00:00,0.81,6.95,13.13,12.97,12.15,22.48,15.73,14.24,29.42,30.11,28.53,35.94,36.68,35.25,35.91,36.12,35.68,34.43,34.46,34.43,33.08,33.14,33.02,31.83,31.88,31.81,31,31,31,30.19,30.2,30.18,6542,0
2025-07-02 22:00:00,0.85,6.98,13.17,12.97,12.24,22.49,15.74,14.24,31.39,32.68,30.18,37.68,38.58,36.81,36.35,36.5,36.2,34.4,34.43,34.32,32.91,33.02,32.82,31.72,31.77,31.71,30.95,31,30.91,30.18,30.18,30.18,6550,0
2025-07-02 21:00:00,0.78,7.05,13.25,12.97,12.27,22.43,15.73,14.24,35.32,39.04,32.66,39.58,40.34,38.72,36.57,36.61,36.56,34.2,34.32,34.08,32.71,32.79,32.59,31.61,31.69,31.59,30.89,30.89,30.89,30.18,30.19,30.18,6588,2013
2025-07-02 20:00:00,0.67,7.17,13.34,12.98,12.29,22.56,15.71,14.24,42.4,44.36,39.88,40.97,41.53,40.45,36.53,36.56,36.45,33.86,34.07,33.71,32.48,32.55,32.4,31.52,31.59,31.47,30.89,30.89,30.89,30.18,30.18,30.18,6688,6929
2025-07-02 19:00:00,0.64,7.26,13.36,12.95,12.31,22.52,15.71,14.24,42.64,44.86,41.06,42.28,42.83,41.64,36.22,36.45,35.97,33.46,33.64,33.25,32.26,32.33,32.2,31.46,31.47,31.44,30.89,30.89,30.89,30.18,30.19,30.18,6784,7051
2025-07-02 18:00:00,0.6,7.42,13.39,12.97,12.35,22.54,15.72,14.22,47.83,48.67,45.8,42.68,42.83,42.48,35.61,35.97,35.25,33.01,33.25,32.78,32.06,32.18,31.97,31.37,31.42,31.35,30.89,30.89,30.89,30.19,30.2,30.18,6840,7898
2025-07-02 17:00:00,0.78,7.45,13.29,13,12.41,22.56,15.76,14.22,48.75,49.22,48.24,42.1,42.39,41.77,34.85,35.22,34.46,32.56,32.78,32.34,31.9,31.96,31.84,31.35,31.36,31.35,30.89,30.9,30.89,30.23,30.26,30.21,6851,9577
2025-07-02 16:00:00,0.73,7.52,13.25,12.95,12.46,22.6,15.8,14.28,49.69,50.05,49.35,41.28,41.7,40.82,34.02,34.43,33.63,32.14,32.31,31.95,31.76,31.84,31.72,31.35,31.35,31.35,30.92,30.99,30.89,30.28,30.3,30.26,6851,9707
2025-07-02 15:00:00,0.79,7.55,13.22,12.99,12.47,22.66,15.82,14.33,49.13,49.49,48.51,40.13,40.71,39.52,33.21,33.61,32.82,31.79,31.95,31.66,31.72,31.72,31.72,31.36,31.41,31.35,31,31,30.97,30.3,30.3,30.29,6851,9738
2025-07-02 14:00:00,0.75,7.6,13.19,12.96,12.48,22.71,15.86,14.35,46.87,48.27,45.8,38.55,39.4,37.56,32.37,32.78,31.95,31.52,31.6,31.43,31.71,31.72,31.69,31.46,31.47,31.43,31,31.01,31,30.3,30.3,30.3,6851,9829
2025-07-02 13:00:00,0.89,7.6,13.12,12.98,12.53,22.79,15.91,14.4,45.18,45.67,44.13,36.13,37.39,34.91,31.54,31.95,31.16,31.34,31.38,31.25,31.72,31.72,31.71,31.49,31.54,31.47,31.06,31.11,31.01,30.3,30.32,30.3,6851,9789
2025-07-02 12:00:00,1.02,7.48,13.04,12.94,12.58,22.76,15.98,14.46,41.83,43.79,39.4,33.55,34.7,32.31,30.82,31.13,30.53,31.24,31.25,31.24,31.77,31.84,31.72,31.58,31.59,31.56,31.12,31.12,31.11,30.32,30.33,30.31,6851,9947
2025-07-02 11:00:00,0.97,7.42,12.88,12.91,12.6,22.79,16.01,14.49,37.53,38.93,35.74,30.78,32.07,29.47,30.25,30.49,30.06,31.27,31.35,31.24,31.89,31.96,31.84,31.67,31.71,31.6,31.12,31.14,31.12,30.32,30.34,30.31,6849,10057
2025-07-02 10:00:00,1.03,7.2,12.76,12.92,12.61,22.84,15.98,14.5,32.74,35.38,29.8,28.07,29.23,27.1,29.94,30.06,29.89,31.41,31.48,31.36,32.04,32.08,31.96,31.74,31.8,31.71,31.17,31.22,31.14,30.34,30.37,30.31,6842,9998
2025-07-02 09:00:00,1.03,7.04,12.69,12.88,12.59,22.83,15.96,14.51,25.75,29.23,22.73,26.38,26.93,26.05,29.99,30.11,29.91,31.66,31.83,31.48,32.22,32.31,32.14,31.82,31.85,31.82,31.23,31.24,31.22,30.31,30.33,30.3,6838,9781
2025-07-02 08:00:00,0.98,6.96,12.7,12.84,12.53,22.82,15.96,14.51,20.44,22.37,18.68,26.01,26.05,25.95,30.34,30.53,30.16,32,32.18,31.83,32.39,32.48,32.31,31.91,31.94,31.85,31.23,31.24,31.23,30.3,30.31,30.3,6737,7032
2025-07-02 07:00:00,0.95,6.83,12.77,12.84,12.45,22.83,15.96,14.49,17.97,18.45,17.76,26.38,26.68,26.14,30.85,31.13,30.62,32.36,32.54,32.18,32.59,32.66,32.5,31.96,32,31.94,31.24,31.24,31.24,30.3,30.3,30.3,6535,6807
2025-07-02 06:00:00,0.94,6.77,12.78,12.87,12.41,22.78,15.95,14.48,18.13,18.41,17.87,27.1,27.46,26.75,31.41,31.71,31.13,32.72,32.89,32.54,32.75,32.79,32.66,32.05,32.06,32.03,31.23,31.24,31.22,30.29,30.3,30.28,6493,527
2025-07-02 05:00:00,0.95,6.8,12.81,12.86,12.36,22.78,15.97,14.45,18.79,19.09,18.45,27.93,28.33,27.56,31.99,32.3,31.72,33.06,33.24,32.9,32.91,32.99,32.84,32.06,32.06,32.06,31.19,31.22,31.14,30.24,30.27,30.22,6502,0
2025-07-02 04:00:00,0.95,6.8,12.84,12.86,12.29,22.76,16.01,14.45,19.56,20.01,19.18,28.87,29.35,28.41,32.61,32.9,32.31,33.38,33.52,33.25,33.03,33.09,33.02,32.06,32.06,32.06,31.13,31.19,31.12,30.19,30.21,30.18,6506,0
2025-07-02 03:00:00,0.88,6.84,12.85,12.91,12.28,22.75,16.01,14.43,20.56,21.08,20.12,29.96,30.52,29.45,33.26,33.61,32.99,33.7,33.84,33.59,33.13,33.14,33.11,32.06,32.06,32.06,31.12,31.12,31.11,30.18,30.18,30.18,6517,0
2025-07-02 02:00:00,0.91,6.87,12.91,12.96,12.3,22.78,15.98,14.4,21.88,22.61,21.18,31.2,31.84,30.63,33.92,34.21,33.61,33.97,34.08,33.84,33.14,33.16,33.14,32,32.06,31.94,31.04,31.11,31.01,30.17,30.18,30.16,6524,0
2025-07-02 01:00:00,0.89,6.83,12.96,12.99,12.3,22.79,15.94,14.39,23.58,24.44,22.83,32.59,33.25,31.95,34.58,34.9,34.32,34.2,34.31,34.08,33.14,33.16,33.14,31.94,31.95,31.91,31,31,31,30.11,30.17,30.08,6533,0
2025-07-02 00:00:00,0.9,6.84,13.06,13.04,12.29,22.76,15.94,14.43,25.83,27.22,24.62,34.08,34.79,33.37,35.22,35.5,34.91,34.36,34.43,34.32,33.13,33.14,33.06,31.84,31.9,31.82,30.94,31,30.89,30.07,30.11,30.06,6519,0
2025-07-01 23:00:00,0.84,6.94,13.23,13.11,12.33,22.76,15.93,14.42,28.9,30.77,27.58,35.65,36.43,34.91,35.8,36.02,35.54,34.43,34.43,34.41,33.01,33.07,32.93,31.74,31.82,31.71,30.89,30.89,30.89,30.06,30.06,30.06,6546,0
2025-07-01 22:00:00,0.86,7,13.28,13.12,12.42,22.75,15.94,14.41,31.28,32.58,30.66,37.43,38.34,36.57,36.27,36.45,36.09,34.34,34.41,34.31,32.85,32.91,32.79,31.63,31.71,31.59,30.83,30.88,30.8,30.06,30.06,30.06,6550,0
2025-07-01 21:00:00,0.76,7.06,13.37,13.15,12.42,22.81,15.93,14.41,35.2,38.34,33.03,39.33,40.11,38.46,36.53,36.56,36.45,34.16,34.29,34.06,32.64,32.77,32.55,31.53,31.59,31.47,30.77,30.77,30.77,30.06,30.06,30.06,6604,3171
2025-07-01 20:00:00,0.65,7.18,13.45,13.16,12.44,22.79,15.91,14.4,41.75,43.68,39.06,40.82,41.42,40.23,36.51,36.56,36.43,33.83,34,33.64,32.43,32.55,32.31,31.44,31.47,31.38,30.77,30.77,30.77,30.06,30.06,30.06,6702,6945
2025-07-01 19:00:00,0.62,7.29,13.49,13.13,12.47,22.8,15.92,14.41,42.5,44.73,41.08,42.26,42.83,41.53,36.22,36.43,35.97,33.44,33.61,33.25,32.21,32.31,32.09,31.35,31.37,31.35,30.77,30.77,30.77,30.06,30.06,30.06,6789,7055
2025-07-01 18:00:00,0.48,7.47,13.51,13.15,12.51,22.81,15.93,14.42,49.3,50.65,46.03,42.73,42.9,42.48,35.61,35.96,35.25,32.99,33.24,32.78,32.02,32.09,31.96,31.33,31.35,31.3,30.77,30.77,30.77,30.06,30.06,30.06,6842,8186
2025-07-01 17:00:00,0.72,7.49,13.41,13.19,12.57,22.86,15.96,14.44,48.76,49.1,48.51,42.06,42.4,41.73,34.86,35.23,34.5,32.55,32.78,32.34,31.85,31.95,31.78,31.29,31.31,31.26,30.77,30.77,30.77,30.07,30.09,30.06,6851,9675
2025-07-01 16:00:00,0.78,7.55,13.36,13.12,12.58,22.91,16,14.45,49.07,49.36,48.75,41.16,41.65,40.59,34.03,34.43,33.65,32.13,32.31,31.95,31.72,31.75,31.72,31.27,31.31,31.26,30.79,30.83,30.77,30.09,30.14,30.07,6851,9722
