,sensor de humedad del suelo  1 [%],sensor de humedad del suelo  2 [%],sensor de humedad del suelo  3 [%],sensor de humedad del suelo  4 [%],sensor de humedad del suelo  5 [%],sensor de humedad del suelo  6 [%],sensor de humedad del suelo  7 [%],sensor de humedad del suelo  8 [%],sensor de temperatura del suelo  1 [°C],,,sensor de temperatura del suelo  2 [°C],,,sensor de temperatura del suelo  3 [°C],,,sensor de temperatura del suelo  4 [°C],,,sensor de temperatura del suelo  5 [°C],,,sensor de temperatura del suelo  6 [°C],,,sensor de temperatura del suelo  7 [°C],,,sensor de temperatura del suelo  8 [°C],,,Batería [mV],Panel solar [mV]
Fecha / Hora,promedio,promedio,promedio,promedio,promedio,promedio,promedio,promedio,promedio,máx,mín,promedio,máx,mín,promedio,máx,mín,promedio,máx,mín,promedio,máx,mín,promedio,máx,mín,promedio,máx,mín,promedio,máx,mín,última,última
2026-04-29 16:00:00,1.86,2.25,5,4.84,2.7,1.7,1.94,1.32,19.79,19.86,19.77,19.71,19.77,19.68,19.77,19.77,19.77,19.89,19.89,19.87,20.02,20.02,20.02,20,20.04,20,20.02,20.07,20.01,20.04,20.1,20.01,6446,0
2026-04-29 15:00:00,1.84,2.23,4.97,4.83,2.7,1.69,1.93,1.33,19.73,19.77,19.66,19.66,19.67,19.62,19.73,19.77,19.66,19.82,19.89,19.77,19.96,20.02,19.9,19.99,20,19.94,20.01,20.01,20,20.01,20.03,20.01,6435,0
2026-04-29 14:00:00,1.73,2.22,4.98,4.81,2.72,1.69,1.93,1.32,19.52,19.66,19.42,19.49,19.62,19.42,19.56,19.65,19.51,19.66,19.77,19.56,19.81,19.9,19.69,19.82,19.91,19.76,19.86,19.95,19.77,19.92,20.01,19.87,6446,145
2026-04-29 13:00:00,1.72,2.21,4.96,4.81,2.68,1.68,1.92,1.31,19.41,19.42,19.4,19.4,19.42,19.37,19.43,19.49,19.42,19.52,19.54,19.5,19.64,19.68,19.59,19.66,19.75,19.64,19.72,19.77,19.65,19.78,19.84,19.77,6446,232
2026-04-29 12:00:00,1.72,2.2,4.97,4.81,2.67,1.67,1.93,1.31,19.42,19.42,19.42,19.42,19.42,19.42,19.46,19.51,19.43,19.53,19.54,19.53,19.66,19.66,19.65,19.67,19.74,19.64,19.75,19.77,19.7,19.77,19.79,19.77,6439,0
2026-04-29 11:00:00,1.77,2.22,4.99,4.8,2.69,1.67,1.93,1.31,19.49,19.54,19.42,19.49,19.57,19.42,19.56,19.65,19.45,19.63,19.77,19.53,19.74,19.9,19.66,19.76,19.87,19.64,19.81,19.94,19.75,19.85,20.01,19.77,6446,0
2026-04-29 10:00:00,1.77,2.21,5,4.81,2.7,1.69,1.93,1.3,19.65,19.66,19.57,19.66,19.66,19.64,19.75,19.77,19.68,19.87,19.89,19.78,20,20.02,19.9,20,20,19.95,20.04,20.08,20.01,20.1,20.12,20.01,6446,0
2026-04-29 09:00:00,1.75,2.22,5.01,4.82,2.7,1.7,1.92,1.29,19.66,19.66,19.65,19.66,19.66,19.66,19.77,19.77,19.77,19.89,19.89,19.89,20.02,20.02,20.01,20,20.02,20,20.1,20.12,20.09,20.12,20.12,20.12,6446,0
2026-04-29 08:00:00,1.76,2.24,5.02,4.84,2.7,1.71,1.92,1.3,19.66,19.66,19.66,19.67,19.7,19.66,19.77,19.79,19.77,19.89,19.91,19.89,20.02,20.03,20.02,20.04,20.09,20.01,20.12,20.12,20.12,20.13,20.15,20.12,6446,0
2026-04-29 07:00:00,1.81,2.29,5.01,4.82,2.67,1.69,1.92,1.31,19.71,19.77,19.66,19.76,19.77,19.74,19.85,19.89,19.79,19.97,20.01,19.91,20.09,20.12,20.02,20.11,20.12,20.09,20.14,20.19,20.12,20.21,20.25,20.16,6446,0
2026-04-29 06:00:00,1.88,2.28,5.01,4.84,2.66,1.69,1.89,1.34,19.78,19.81,19.77,19.82,19.89,19.77,19.89,19.91,19.89,20.01,20.02,20.01,20.12,20.12,20.12,20.14,20.18,20.12,20.23,20.24,20.2,20.25,20.26,20.25,6446,0
2026-04-29 05:00:00,1.79,2.31,5.02,4.82,2.66,1.66,1.9,1.34,19.87,19.89,19.83,19.89,19.89,19.89,19.97,20.01,19.91,20.07,20.12,20.02,20.19,20.25,20.14,20.22,20.23,20.18,20.24,20.25,20.24,20.27,20.34,20.25,6446,0
2026-04-29 04:00:00,1.75,2.29,5.04,4.81,2.66,1.68,1.92,1.31,19.92,19.99,19.89,19.95,20.01,19.89,20.01,20.02,20.01,20.12,20.12,20.12,20.25,20.25,20.25,20.23,20.24,20.23,20.27,20.32,20.24,20.33,20.36,20.31,6446,0
2026-04-29 03:00:00,1.76,2.3,5.03,4.82,2.68,1.69,1.89,1.29,20.01,20.02,19.99,20.01,20.02,20.01,20.08,20.12,20.01,20.16,20.24,20.12,20.28,20.35,20.25,20.31,20.35,20.25,20.34,20.36,20.32,20.36,20.37,20.34,6446,0
2026-04-29 02:00:00,1.75,2.3,5.03,4.82,2.67,1.68,1.9,1.31,20.09,20.12,20.02,20.1,20.12,20.02,20.15,20.24,20.12,20.24,20.27,20.24,20.37,20.37,20.36,20.35,20.35,20.35,20.36,20.37,20.36,20.37,20.37,20.37,6446,0
2026-04-29 01:00:00,1.75,2.31,5.04,4.83,2.67,1.67,1.89,1.31,20.2,20.25,20.12,20.19,20.25,20.12,20.25,20.28,20.2,20.33,20.36,20.26,20.41,20.49,20.37,20.39,20.48,20.35,20.4,20.48,20.36,20.39,20.45,20.37,6446,0
2026-04-29 00:00:00,1.74,2.3,5.04,4.82,2.67,1.69,1.9,1.31,20.32,20.37,20.25,20.29,20.37,20.25,20.34,20.36,20.29,20.38,20.45,20.36,20.49,20.5,20.48,20.48,20.49,20.48,20.48,20.49,20.48,20.48,20.48,20.48,6435,0
2026-04-28 23:00:00,1.75,2.29,5.05,4.82,2.67,1.69,1.92,1.32,20.37,20.39,20.37,20.37,20.37,20.36,20.36,20.37,20.36,20.46,20.48,20.44,20.51,20.53,20.5,20.49,20.52,20.48,20.48,20.49,20.48,20.48,20.49,20.48,6448,0
2026-04-28 22:00:00,1.73,2.29,5.05,4.83,2.65,1.69,1.92,1.32,20.44,20.48,20.39,20.37,20.37,20.37,20.36,20.37,20.36,20.48,20.48,20.48,20.56,20.59,20.54,20.53,20.56,20.5,20.49,20.51,20.48,20.48,20.51,20.48,6448,0
2026-04-28 21:00:00,1.74,2.3,5.03,4.84,2.63,1.68,1.92,1.31,20.48,20.48,20.48,20.37,20.37,20.37,20.38,20.41,20.36,20.48,20.48,20.48,20.59,20.61,20.57,20.55,20.58,20.51,20.5,20.52,20.49,20.48,20.5,20.48,6448,0
2026-04-28 20:00:00,1.75,2.3,5.04,4.83,2.64,1.69,1.92,1.32,20.48,20.48,20.48,20.37,20.37,20.37,20.37,20.41,20.36,20.48,20.48,20.48,20.58,20.61,20.56,20.53,20.57,20.49,20.5,20.52,20.48,20.48,20.49,20.48,6448,0
2026-04-28 19:00:00,1.73,2.3,5.06,4.84,2.65,1.7,1.91,1.31,20.45,20.48,20.44,20.37,20.37,20.37,20.36,20.37,20.36,20.48,20.48,20.48,20.56,20.59,20.56,20.51,20.55,20.49,20.48,20.49,20.48,20.48,20.49,20.48,6448,0
2026-04-28 18:00:00,1.76,2.28,5.04,4.85,2.64,1.67,1.91,1.32,20.51,20.6,20.48,20.43,20.48,20.37,20.44,20.48,20.37,20.48,20.48,20.48,20.6,20.61,20.58,20.57,20.59,20.52,20.53,20.58,20.49,20.49,20.52,20.48,6448,0
2026-04-28 17:00:00,1.73,2.3,5.06,4.86,2.63,1.67,1.92,1.32,20.6,20.6,20.59,20.47,20.48,20.45,20.47,20.48,20.45,20.48,20.48,20.48,20.61,20.61,20.6,20.58,20.59,20.57,20.54,20.57,20.5,20.49,20.51,20.48,6448,0
2026-04-28 16:00:00,1.74,2.31,5.07,4.86,2.64,1.66,1.91,1.32,20.6,20.62,20.6,20.47,20.48,20.45,20.48,20.48,20.48,20.49,20.51,20.48,20.61,20.61,20.61,20.59,20.59,20.58,20.54,20.57,20.51,20.48,20.49,20.48,6448,55
2026-04-28 15:00:00,1.76,2.32,5.09,4.86,2.65,1.65,1.89,1.32,20.69,20.73,20.6,20.48,20.5,20.48,20.48,20.49,20.48,20.56,20.6,20.51,20.65,20.71,20.61,20.59,20.59,20.59,20.57,20.6,20.56,20.49,20.51,20.48,6448,421
2026-04-28 14:00:00,1.77,2.3,5.07,4.85,2.65,1.66,1.89,1.3,20.63,20.72,20.48,20.41,20.5,20.25,20.4,20.5,20.26,20.47,20.58,20.36,20.59,20.7,20.49,20.51,20.59,20.4,20.47,20.59,20.36,20.45,20.5,20.37,6448,393
2026-04-28 13:00:00,1.75,2.3,5.08,4.82,2.66,1.67,1.89,1.3,20.2,20.48,20.01,20.04,20.25,19.89,20.07,20.25,19.89,20.15,20.36,20.01,20.28,20.49,20.12,20.24,20.36,20.12,20.23,20.36,20.12,20.28,20.37,20.17,6448,795
2026-04-28 12:00:00,1.79,2.25,5.07,4.82,2.69,1.67,1.9,1.3,19.76,19.91,19.66,19.71,19.85,19.66,19.79,19.89,19.77,19.87,19.99,19.81,19.98,20.12,19.91,20.01,20.12,19.99,20.03,20.12,20.01,20.07,20.14,20.02,6446,780
2026-04-28 11:00:00,1.76,2.2,5.18,4.72,2.72,1.66,1.89,1.3,19.64,19.66,19.59,19.63,19.66,19.57,19.67,19.76,19.65,19.76,19.79,19.73,19.89,19.91,19.79,19.89,19.98,19.86,19.94,20.01,19.89,20,20.02,19.95,6448,933
2026-04-28 10:00:00,1.77,2.22,5.23,4.66,2.68,1.66,1.89,1.29,19.53,19.57,19.45,19.53,19.56,19.45,19.58,19.65,19.54,19.63,19.7,19.53,19.74,19.78,19.66,19.75,19.85,19.64,19.81,19.89,19.7,19.85,19.92,19.77,6448,59
2026-04-28 09:00:00,1.76,2.21,5.24,4.66,2.7,1.65,1.88,1.28,19.56,19.66,19.45,19.57,19.66,19.45,19.63,19.77,19.53,19.65,19.77,19.53,19.74,19.9,19.58,19.75,19.87,19.64,19.77,19.89,19.65,19.8,19.92,19.66,6448,59
2026-04-28 08:00:00,1.84,2.27,5.26,4.68,2.7,1.67,1.87,1.26,19.75,19.79,19.66,19.76,19.84,19.67,19.85,19.89,19.77,19.95,20.01,19.79,20.02,20.08,19.9,20.02,20.1,19.87,20.07,20.12,19.89,20.09,20.12,19.92,6448,59
2026-04-28 07:00:00,1.77,2.29,5.26,4.69,2.65,1.67,1.88,1.27,19.89,19.91,19.84,19.89,19.91,19.87,19.92,20,19.89,20.01,20.01,20.01,20.11,20.12,20.09,20.12,20.12,20.1,20.12,20.12,20.12,20.13,20.14,20.12,6450,0
2026-04-28 06:00:00,1.77,2.26,5.28,4.68,2.64,1.68,1.89,1.28,19.98,20.01,19.91,19.97,20.01,19.91,20.01,20.01,19.98,20.04,20.09,20.01,20.12,20.12,20.12,20.13,20.15,20.12,20.14,20.2,20.12,20.18,20.23,20.14,6450,0
2026-04-28 05:00:00,1.78,2.29,5.29,4.67,2.64,1.64,1.86,1.29,20.04,20.12,20.01,20.02,20.04,20.01,20.04,20.11,20.01,20.12,20.12,20.11,20.2,20.25,20.14,20.19,20.23,20.15,20.22,20.24,20.19,20.24,20.25,20.2,6450,0
2026-04-28 04:00:00,1.76,2.29,5.25,4.68,2.65,1.64,1.87,1.31,20.14,20.23,20.12,20.11,20.12,20.06,20.13,20.16,20.11,20.17,20.24,20.12,20.25,20.29,20.25,20.24,20.29,20.23,20.24,20.25,20.24,20.25,20.26,20.25,6450,0
2026-04-28 03:00:00,1.75,2.3,5.26,4.67,2.66,1.66,1.88,1.32,20.25,20.27,20.23,20.21,20.25,20.14,20.24,20.25,20.2,20.24,20.27,20.24,20.34,20.37,20.28,20.32,20.35,20.29,20.3,20.35,20.26,20.27,20.31,20.25,6453,0
2026-04-28 02:00:00,1.75,2.31,5.27,4.69,2.67,1.66,1.87,1.32,20.35,20.37,20.29,20.25,20.25,20.25,20.25,20.26,20.25,20.26,20.32,20.25,20.37,20.37,20.37,20.35,20.35,20.35,20.35,20.36,20.34,20.31,20.34,20.29,6453,0
2026-04-28 01:00:00,1.76,2.29,5.29,4.69,2.67,1.66,1.87,1.31,20.37,20.37,20.37,20.29,20.32,20.26,20.26,20.29,20.25,20.31,20.33,20.29,20.37,20.37,20.37,20.35,20.35,20.35,20.36,20.36,20.35,20.32,20.34,20.31,6453,0
2026-04-28 00:00:00,1.75,2.28,5.3,4.68,2.67,1.65,1.87,1.32,20.38,20.41,20.37,20.32,20.34,20.29,20.28,20.29,20.26,20.32,20.34,20.31,20.37,20.37,20.37,20.35,20.35,20.35,20.35,20.36,20.34,20.3,20.34,20.26,6448,0
2026-04-27 23:00:00,1.74,2.28,5.3,4.7,2.67,1.65,1.88,1.32,20.43,20.48,20.4,20.33,20.35,20.29,20.27,20.29,20.25,20.29,20.32,20.28,20.37,20.37,20.37,20.35,20.35,20.34,20.31,20.35,20.28,20.26,20.27,20.25,6453,0
2026-04-27 22:00:00,1.75,2.27,5.3,4.7,2.67,1.66,1.88,1.31,20.46,20.48,20.44,20.31,20.34,20.28,20.25,20.28,20.25,20.26,20.28,20.25,20.37,20.37,20.36,20.31,20.35,20.28,20.26,20.29,20.24,20.25,20.25,20.25,6453,0
2026-04-27 21:00:00,1.74,2.3,5.29,4.69,2.66,1.65,1.86,1.3,20.44,20.48,20.41,20.27,20.31,20.25,20.25,20.25,20.25,20.24,20.26,20.24,20.35,20.37,20.32,20.25,20.29,20.23,20.24,20.26,20.24,20.25,20.25,20.25,6453,0
2026-04-27 20:00:00,1.75,2.31,5.27,4.68,2.67,1.63,1.86,1.28,20.38,20.45,20.37,20.25,20.25,20.25,20.25,20.25,20.23,20.24,20.24,20.24,20.29,20.36,20.27,20.23,20.23,20.23,20.24,20.24,20.24,20.23,20.25,20.23,6453,0
2026-04-27 19:00:00,1.75,2.31,5.27,4.67,2.66,1.63,1.85,1.27,20.37,20.37,20.37,20.23,20.25,20.2,20.2,20.25,20.16,20.23,20.24,20.19,20.25,20.26,20.25,20.23,20.23,20.23,20.23,20.24,20.2,20.17,20.2,20.14,6453,0
2026-04-27 18:00:00,1.74,2.3,5.27,4.69,2.64,1.63,1.87,1.26,20.37,20.37,20.37,20.17,20.23,20.14,20.13,20.18,20.12,20.17,20.2,20.14,20.25,20.25,20.25,20.22,20.23,20.2,20.17,20.2,20.15,20.13,20.15,20.12,6453,0
2026-04-27 17:00:00,1.75,2.29,5.27,4.69,2.64,1.66,1.88,1.26,20.32,20.37,20.25,20.12,20.14,20.09,20.1,20.12,20.04,20.12,20.14,20.1,20.22,20.25,20.14,20.15,20.23,20.12,20.12,20.14,20.12,20.12,20.12,20.11,6453,63
2026-04-27 16:00:00,1.74,2.3,5.32,4.7,2.65,1.67,1.87,1.3,20.24,20.25,20.23,20.03,20.08,20.01,20.01,20.02,20.01,20.09,20.12,20.07,20.13,20.16,20.12,20.12,20.12,20.12,20.12,20.12,20.09,20.06,20.1,20.03,6453,240
2026-04-27 15:00:00,1.76,2.29,5.31,4.69,2.64,1.67,1.87,1.3,20.28,20.36,20.25,20.08,20.12,20.02,20.04,20.12,20.01,20.12,20.12,20.1,20.18,20.24,20.12,20.12,20.12,20.12,20.11,20.12,20.1,20.02,20.04,20.01,6453,263
2026-04-27 14:00:00,1.76,2.28,5.29,4.68,2.65,1.66,1.88,1.28,20.23,20.37,20.01,20,20.12,19.79,19.95,20.12,19.77,20,20.12,19.85,20.1,20.25,19.94,20.03,20.12,19.87,19.99,20.12,19.89,19.95,20.03,19.87,6453,323
2026-04-27 13:00:00,1.81,2.23,5.25,4.58,2.64,1.65,1.86,1.25,19.84,20.01,19.66,19.64,19.77,19.51,19.63,19.77,19.51,19.67,19.83,19.53,19.78,19.9,19.66,19.75,19.87,19.64,19.74,19.87,19.64,19.73,19.87,19.66,6453,460
2026-04-27 12:00:00,1.76,2.18,5.23,4.52,2.62,1.66,1.83,1.24,19.47,19.66,19.24,19.29,19.45,19.06,19.32,19.45,19.15,19.39,19.53,19.19,19.5,19.66,19.31,19.48,19.64,19.31,19.5,19.64,19.37,19.54,19.66,19.42,6453,780
2026-04-27 11:00:00,1.78,2.19,5,4.35,2.52,1.63,1.79,1.23,18.93,19.18,18.61,18.84,19.06,18.59,18.87,19.08,18.61,18.96,19.18,18.7,19.09,19.31,18.83,19.09,19.29,18.82,19.14,19.31,18.93,19.21,19.41,19.06,6453,1867
2026-04-27 10:00:00,1.75,2.15,4.66,4.15,2.37,1.59,1.76,1.19,18.35,18.59,18.24,18.35,18.56,18.24,18.41,18.59,18.29,18.4,18.62,18.24,18.5,18.76,18.36,18.56,18.81,18.45,18.66,18.9,18.51,18.79,18.95,18.69,6453,1930
2026-04-27 09:00:00,1.77,2.17,4.61,4.11,2.34,1.59,1.77,1.19,18.59,18.93,18.27,18.61,18.95,18.31,18.66,19.06,18.35,18.62,19.06,18.26,18.68,19.18,18.36,18.75,19.18,18.45,18.82,19.25,18.54,18.91,19.29,18.7,6453,1595
2026-04-27 08:00:00,1.81,2.15,5.2,4.47,2.68,1.67,1.78,1.25,19.06,19.09,18.95,19.17,19.24,19.06,19.27,19.31,19.17,19.38,19.42,19.19,19.48,19.54,19.31,19.49,19.52,19.33,19.55,19.62,19.41,19.61,19.66,19.43,6453,0
2026-04-27 07:00:00,1.76,2.19,5.41,4.64,2.81,1.65,1.79,1.24,19.21,19.29,19.12,19.33,19.42,19.27,19.42,19.51,19.34,19.5,19.54,19.42,19.61,19.66,19.54,19.6,19.64,19.52,19.68,19.77,19.65,19.71,19.77,19.66,6453,0
2026-04-27 06:00:00,1.77,2.21,5.46,4.65,2.81,1.65,1.84,1.26,19.46,19.54,19.32,19.53,19.62,19.43,19.58,19.65,19.52,19.64,19.7,19.58,19.75,19.78,19.66,19.75,19.78,19.68,19.78,19.85,19.77,19.82,19.89,19.77,6453,0
2026-04-27 05:00:00,1.79,2.2,5.44,4.65,2.85,1.62,1.79,1.26,19.68,19.77,19.58,19.68,19.77,19.66,19.72,19.77,19.65,19.78,19.83,19.76,19.87,19.9,19.79,19.86,19.87,19.79,19.88,19.9,19.84,19.89,19.9,19.89,6457,0
2026-04-27 04:00:00,1.83,2.27,5.48,4.67,2.82,1.64,1.8,1.26,19.82,19.89,19.77,19.79,19.89,19.77,19.82,19.89,19.77,19.88,19.89,19.82,19.96,20.02,19.9,19.95,20,19.87,19.96,20.01,19.9,19.98,20.01,19.9,6457,0
2026-04-27 03:00:00,1.76,2.26,5.49,4.68,2.84,1.66,1.82,1.28,19.95,20.01,19.89,19.9,19.98,19.89,19.92,19.99,19.89,19.98,20.01,19.91,20.04,20.11,20.02,20.02,20.07,20,20.02,20.07,20.01,20.02,20.04,20.01,6457,0
2026-04-27 02:00:00,1.78,2.28,5.49,4.68,2.78,1.65,1.8,1.27,20.05,20.12,20.01,20,20.01,19.95,20.01,20.01,19.99,20.03,20.07,20.01,20.12,20.12,20.12,20.11,20.12,20.09,20.1,20.12,20.07,20.09,20.12,20.06,6457,0
2026-04-27 01:00:00,1.75,2.29,5.5,4.67,2.78,1.66,1.8,1.27,20.12,20.12,20.12,20.02,20.03,20.01,20.01,20.04,20.01,20.1,20.12,20.07,20.12,20.12,20.12,20.12,20.12,20.12,20.12,20.12,20.11,20.1,20.12,20.09,6457,0
2026-04-27 00:00:00,1.76,2.29,5.5,4.65,2.78,1.66,1.8,1.27,20.12,20.12,20.12,20.03,20.08,20.02,20.03,20.04,20.02,20.1,20.12,20.09,20.12,20.14,20.12,20.12,20.12,20.12,20.11,20.12,20.1,20.08,20.11,20.04,6448,0
2026-04-26 23:00:00,1.76,2.29,5.5,4.66,2.78,1.65,1.8,1.29,20.12,20.14,20.12,20.02,20.06,20.02,20.02,20.03,20.01,20.08,20.1,20.04,20.12,20.14,20.12,20.12,20.12,20.1,20.09,20.12,20.07,20.03,20.06,20.02,6457,0
2026-04-26 22:00:00,1.76,2.28,5.49,4.7,2.78,1.64,1.82,1.28,20.12,20.12,20.12,20.01,20.02,20.01,20.01,20.01,20.01,20.03,20.04,20.02,20.12,20.12,20.12,20.09,20.11,20.06,20.02,20.06,20.01,20.01,20.03,20.01,6457,0
2026-04-26 21:00:00,1.75,2.29,5.49,4.69,2.79,1.66,1.81,1.27,20.12,20.12,20.12,20.01,20.01,20.01,20.01,20.01,20.01,20.01,20.02,20.01,20.12,20.12,20.11,20.03,20.06,20.01,20.01,20.01,20.01,20.01,20.01,20,6459,0
2026-04-26 20:00:00,1.75,2.27,5.49,4.69,2.83,1.65,1.81,1.26,20.12,20.12,20.12,20.01,20.01,19.99,19.99,20.01,19.94,20.01,20.01,20,20.07,20.11,20.02,20,20.02,20,20.01,20.01,20.01,19.99,20.01,19.95,6459,0
2026-04-26 19:00:00,1.78,2.26,5.49,4.67,2.85,1.64,1.79,1.27,20.08,20.12,20.02,19.93,19.99,19.89,19.9,19.95,19.89,19.98,20.01,19.93,20.02,20.03,20.02,20,20,20,19.98,20.01,19.95,19.91,19.95,19.89,6461,0
2026-04-26 18:00:00,1.78,2.27,5.48,4.68,2.84,1.63,1.81,1.26,20.02,20.03,20.01,19.89,19.9,19.89,19.88,19.89,19.86,19.89,19.92,19.89,20.01,20.02,19.95,19.95,19.99,19.89,19.9,19.92,19.89,19.89,19.89,19.89,6459,0
2026-04-26 17:00:00,1.76,2.25,5.48,4.67,2.84,1.63,1.8,1.25,19.97,20.01,19.91,19.81,19.86,19.77,19.79,19.87,19.77,19.86,19.89,19.79,19.92,19.98,19.9,19.87,19.89,19.87,19.89,19.89,19.87,19.84,19.89,19.79,6461,51
2026-04-26 16:00:00,1.78,2.22,5.44,4.66,2.85,1.63,1.83,1.26,19.88,19.9,19.79,19.72,19.77,19.66,19.72,19.77,19.65,19.77,19.81,19.76,19.87,19.9,19.81,19.82,19.87,19.76,19.81,19.89,19.77,19.77,19.77,19.77,6459,208
2026-04-26 15:00:00,1.84,2.19,5.46,4.65,2.83,1.65,1.83,1.23,19.76,19.79,19.7,19.62,19.66,19.54,19.63,19.65,19.57,19.67,19.73,19.65,19.78,19.81,19.78,19.76,19.78,19.75,19.76,19.77,19.75,19.72,19.77,19.68,6459,319
2026-04-26 14:00:00,1.79,2.21,5.48,4.66,2.81,1.64,1.8,1.23,19.66,19.69,19.65,19.54,19.54,19.52,19.54,19.54,19.54,19.61,19.65,19.54,19.73,19.78,19.68,19.69,19.75,19.64,19.68,19.74,19.65,19.66,19.66,19.66,6459,362
2026-04-26 13:00:00,1.81,2.19,5.44,4.66,2.8,1.65,1.77,1.23,19.59,19.66,19.54,19.44,19.52,19.42,19.47,19.54,19.43,19.53,19.56,19.53,19.66,19.68,19.66,19.64,19.66,19.64,19.65,19.65,19.65,19.66,19.66,19.65,6459,409
2026-04-26 12:00:00,1.79,2.18,5.42,4.66,2.81,1.63,1.75,1.24,19.54,19.54,19.51,19.4,19.42,19.32,19.42,19.43,19.42,19.53,19.53,19.5,19.65,19.66,19.61,19.63,19.64,19.59,19.64,19.65,19.61,19.65,19.66,19.62,6457,626
2026-04-26 11:00:00,1.75,2.17,5.44,4.63,2.81,1.68,1.78,1.25,19.37,19.45,19.29,19.24,19.31,19.18,19.31,19.4,19.23,19.41,19.45,19.34,19.52,19.54,19.45,19.52,19.57,19.5,19.54,19.6,19.53,19.56,19.64,19.54,6459,1871
2026-04-26 10:00:00,1.77,2.19,5.4,4.63,2.81,1.65,1.76,1.21,19.08,19.2,18.95,19.04,19.16,18.95,19.13,19.19,19.06,19.24,19.31,19.18,19.38,19.42,19.31,19.39,19.5,19.29,19.43,19.53,19.39,19.48,19.54,19.42,6459,1942
2026-04-26 09:00:00,1.73,2.16,5.41,4.61,2.82,1.67,1.79,1.19,18.92,18.95,18.9,18.95,18.95,18.95,19.04,19.06,19.03,19.17,19.18,19.14,19.28,19.31,19.25,19.29,19.29,19.28,19.31,19.35,19.29,19.42,19.42,19.41,6459,1804
2026-04-26 08:00:00,1.76,2.17,5.41,4.62,2.84,1.66,1.75,1.2,18.95,18.98,18.93,18.99,19.06,18.95,19.09,19.14,19.06,19.19,19.24,19.18,19.31,19.34,19.31,19.33,19.39,19.29,19.4,19.41,19.35,19.43,19.49,19.42,6459,0
2026-04-26 07:00:00,1.85,2.21,5.38,4.64,2.8,1.64,1.76,1.23,19.05,19.06,19.01,19.06,19.08,19.06,19.17,19.18,19.15,19.28,19.29,19.26,19.41,19.42,19.35,19.41,19.41,19.4,19.45,19.52,19.41,19.53,19.54,19.49,6459,0
2026-04-26 06:00:00,1.76,2.15,5.43,4.64,2.79,1.67,1.78,1.25,19.12,19.18,19.06,19.17,19.2,19.12,19.27,19.29,19.2,19.37,19.42,19.29,19.48,19.54,19.42,19.49,19.52,19.41,19.54,19.61,19.52,19.58,19.65,19.54,6461,0
2026-04-26 05:00:00,1.76,2.18,5.41,4.63,2.82,1.65,1.76,1.23,19.26,19.32,19.19,19.29,19.35,19.23,19.38,19.42,19.31,19.48,19.53,19.42,19.59,19.66,19.54,19.59,19.64,19.52,19.64,19.66,19.62,19.66,19.68,19.66,6461,0
2026-04-26 04:00:00,1.73,2.17,5.44,4.66,2.8,1.65,1.8,1.23,19.4,19.42,19.32,19.41,19.42,19.37,19.45,19.51,19.42,19.53,19.57,19.53,19.67,19.7,19.66,19.65,19.7,19.64,19.7,19.75,19.65,19.72,19.76,19.7,6461,0
2026-04-26 03:00:00,1.75,2.18,5.47,4.65,2.81,1.64,1.83,1.24,19.5,19.54,19.42,19.47,19.53,19.42,19.54,19.54,19.52,19.61,19.65,19.58,19.73,19.78,19.69,19.73,19.76,19.69,19.76,19.77,19.75,19.77,19.77,19.76,6461,0
2026-04-26 02:00:00,1.8,2.21,5.49,4.66,2.82,1.65,1.84,1.24,19.54,19.54,19.54,19.54,19.54,19.52,19.54,19.54,19.54,19.65,19.65,19.65,19.78,19.78,19.78,19.76,19.76,19.76,19.77,19.77,19.77,19.77,19.77,19.77,6461,0
2026-04-26 01:00:00,1.79,2.22,5.48,4.66,2.83,1.65,1.83,1.24,19.57,19.62,19.54,19.54,19.54,19.54,19.55,19.57,19.54,19.65,19.66,19.65,19.78,19.78,19.78,19.76,19.76,19.76,19.77,19.77,19.77,19.77,19.77,19.77,6461,0
2026-04-26 00:00:00,1.77,2.22,5.48,4.67,2.83,1.65,1.83,1.24,19.64,19.66,19.61,19.54,19.54,19.54,19.56,19.58,19.54,19.65,19.65,19.65,19.78,19.78,19.78,19.76,19.76,19.76,19.77,19.77,19.77,19.76,19.77,19.73,6453,0
2026-04-25 23:00:00,1.78,2.22,5.48,4.66,2.82,1.65,1.82,1.23,19.63,19.66,19.62,19.54,19.54,19.54,19.54,19.56,19.54,19.65,19.65,19.65,19.78,19.78,19.77,19.76,19.76,19.75,19.75,19.77,19.74,19.69,19.74,19.66,6461,0
2026-04-25 22:00:00,1.8,2.21,5.48,4.66,2.81,1.63,1.81,1.23,19.62,19.64,19.6,19.54,19.54,19.54,19.54,19.54,19.54,19.63,19.65,19.62,19.74,19.77,19.69,19.72,19.75,19.67,19.7,19.76,19.67,19.66,19.67,19.66,6464,0
2026-04-25 21:00:00,1.81,2.2,5.47,4.66,2.81,1.64,1.78,1.23,19.6,19.62,19.58,19.53,19.54,19.5,19.54,19.54,19.54,19.59,19.62,19.57,19.68,19.7,19.67,19.66,19.69,19.64,19.65,19.67,19.65,19.66,19.66,19.66,6461,0
2026-04-25 20:00:00,1.82,2.19,5.46,4.66,2.8,1.64,1.77,1.24,19.57,19.6,19.54,19.48,19.53,19.43,19.52,19.54,19.48,19.54,19.56,19.53,19.66,19.67,19.66,19.64,19.65,19.64,19.65,19.65,19.65,19.66,19.66,19.65,6466,0
2026-04-25 19:00:00,1.83,2.18,5.44,4.66,2.8,1.63,1.75,1.26,19.55,19.6,19.54,19.42,19.44,19.42,19.44,19.51,19.42,19.53,19.53,19.53,19.66,19.66,19.65,19.64,19.64,19.64,19.64,19.65,19.61,19.61,19.65,19.58,6461,0
2026-04-25 18:00:00,1.78,2.17,5.42,4.65,2.83,1.65,1.77,1.26,19.53,19.54,19.51,19.39,19.42,19.34,19.42,19.42,19.41,19.49,19.53,19.44,19.59,19.65,19.54,19.58,19.64,19.54,19.58,19.64,19.54,19.55,19.59,19.54,6464,0
2026-04-25 17:00:00,1.74,2.19,5.44,4.62,2.82,1.67,1.78,1.24,19.43,19.48,19.42,19.29,19.32,19.29,19.33,19.4,19.29,19.42,19.42,19.42,19.54,19.54,19.53,19.52,19.54,19.52,19.53,19.54,19.53,19.54,19.54,19.54,6464,86
2026-04-25 16:00:00,1.77,2.15,5.43,4.65,2.79,1.66,1.77,1.21,19.33,19.41,19.29,19.2,19.29,19.18,19.27,19.29,19.2,19.35,19.41,19.29,19.46,19.53,19.42,19.47,19.52,19.42,19.5,19.53,19.44,19.53,19.54,19.5,6464,106
2026-04-25 15:00:00,1.74,2.17,5.38,4.65,2.8,1.64,1.76,1.21,19.22,19.29,19.18,19.11,19.18,19.06,19.17,19.2,19.14,19.29,19.29,19.29,19.42,19.42,19.41,19.41,19.42,19.41,19.42,19.45,19.41,19.45,19.52,19.42,6464,449
2026-04-25 14:00:00,1.77,2.18,5.42,4.62,2.85,1.64,1.76,1.2,19.06,19.18,18.95,19,19.06,18.95,19.06,19.12,19.01,19.19,19.26,19.18,19.34,19.41,19.31,19.36,19.41,19.29,19.4,19.41,19.36,19.42,19.42,19.41,6461,397
2026-04-25 13:00:00,1.73,2.19,5.39,4.64,2.81,1.66,1.78,1.22,18.92,18.95,18.84,18.87,18.95,18.83,18.95,19,18.94,19.08,19.15,19.06,19.24,19.31,19.19,19.29,19.29,19.25,19.3,19.36,19.29,19.37,19.42,19.32,6461,563
2026-04-25 12:00:00,1.74,2.16,5.39,4.64,2.8,1.61,1.77,1.23,18.83,18.84,18.81,18.82,18.83,18.79,18.9,18.94,18.85,19.05,19.06,19.02,19.19,19.19,19.17,19.19,19.24,19.17,19.28,19.29,19.24,19.29,19.32,19.29,6461,110
2026-04-25 11:00:00,1.8,2.15,5.43,4.61,2.83,1.58,1.76,1.21,18.73,18.78,18.7,18.75,18.79,18.73,18.84,18.87,18.83,18.99,19.02,18.98,19.12,19.17,19.09,19.17,19.17,19.17,19.21,19.24,19.19,19.29,19.29,19.29,6464,362
2026-04-25 10:00:00,1.84,2.15,5.41,4.62,2.83,1.58,1.76,1.22,18.7,18.73,18.7,18.76,18.78,18.7,18.83,18.85,18.83,18.99,19.02,18.95,19.1,19.12,19.08,19.17,19.17,19.16,19.21,19.27,19.2,19.29,19.31,19.29,6466,0
2026-04-25 09:00:00,1.84,2.16,5.39,4.61,2.84,1.58,1.76,1.23,18.7,18.73,18.7,18.78,18.81,18.75,18.86,18.89,18.84,19.02,19.04,19,19.12,19.16,19.11,19.17,19.17,19.16,19.24,19.26,19.2,19.29,19.31,19.29,6464,0
2026-04-25 08:00:00,1.81,2.16,5.39,4.64,2.81,1.59,1.77,1.23,18.76,18.81,18.73,18.82,18.83,18.81,18.92,18.94,18.87,19.05,19.06,19.04,19.17,19.19,19.15,19.17,19.17,19.17,19.28,19.29,19.26,19.34,19.41,19.31,6466,0
2026-04-25 07:00:00,1.75,2.18,5.39,4.65,2.81,1.63,1.79,1.2,18.82,18.83,18.79,18.84,18.89,18.83,18.94,18.98,18.94,19.07,19.1,19.06,19.19,19.2,19.18,19.2,19.27,19.17,19.29,19.31,19.29,19.42,19.43,19.41,6466,0
2026-04-25 06:00:00,1.71,2.16,5.41,4.62,2.84,1.66,1.76,1.21,18.88,18.95,18.83,18.95,18.99,18.92,19.05,19.07,18.99,19.16,19.18,19.08,19.29,19.31,19.2,19.29,19.33,19.29,19.38,19.41,19.33,19.48,19.54,19.42,6466,0
2026-04-25 05:00:00,1.75,2.19,5.38,4.63,2.84,1.63,1.77,1.24,18.96,19.01,18.95,19.04,19.06,18.98,19.14,19.18,19.08,19.25,19.29,19.19,19.36,19.41,19.31,19.39,19.41,19.34,19.44,19.52,19.41,19.55,19.58,19.54,6466,0
2026-04-25 04:00:00,1.84,2.17,5.41,4.67,2.79,1.65,1.78,1.24,19.05,19.06,19.01,19.1,19.18,19.06,19.2,19.28,19.18,19.3,19.35,19.29,19.42,19.44,19.42,19.42,19.5,19.41,19.53,19.54,19.52,19.64,19.66,19.61,6466,0
2026-04-25 03:00:00,1.78,2.15,5.44,4.62,2.82,1.68,1.76,1.23,19.11,19.18,19.06,19.19,19.26,19.18,19.29,19.34,19.28,19.41,19.42,19.39,19.52,19.54,19.45,19.52,19.54,19.51,19.61,19.65,19.54,19.68,19.76,19.66,6466,0
2026-04-25 02:00:00,1.74,2.18,5.42,4.65,2.82,1.63,1.81,1.25,19.22,19.29,19.18,19.29,19.33,19.26,19.41,19.42,19.35,19.5,19.54,19.42,19.61,19.66,19.54,19.63,19.67,19.58,19.72,19.77,19.65,19.77,19.81,19.75,6466,0
2026-04-25 01:00:00,1.77,2.16,5.45,4.66,2.83,1.64,1.82,1.26,19.32,19.41,19.29,19.42,19.44,19.37,19.51,19.54,19.44,19.62,19.65,19.54,19.74,19.78,19.66,19.75,19.77,19.68,19.83,19.89,19.77,19.88,19.89,19.83,6466,0
2026-04-25 00:00:00,1.76,2.21,5.45,4.66,2.86,1.62,1.81,1.26,19.47,19.54,19.4,19.54,19.58,19.49,19.62,19.65,19.54,19.73,19.77,19.65,19.84,19.9,19.78,19.86,19.87,19.79,19.91,19.99,19.89,19.97,20.01,19.89,6457,0
2026-04-24 23:00:00,1.81,2.17,5.45,4.69,2.87,1.63,1.81,1.26,19.62,19.66,19.54,19.67,19.74,19.62,19.74,19.78,19.66,19.83,19.89,19.77,19.94,20.02,19.9,19.96,20,19.89,20.01,20.01,20,20.01,20.03,20.01,6466,0
2026-04-24 22:00:00,1.85,2.26,5.49,4.69,2.85,1.64,1.81,1.26,19.78,19.86,19.7,19.77,19.81,19.75,19.82,19.89,19.77,19.92,19.99,19.89,20.03,20.06,20.02,20.04,20.12,20,20.05,20.12,20.01,20.07,20.12,20.02,6466,0
2026-04-24 21:00:00,1.77,2.25,5.49,4.7,2.8,1.63,1.81,1.24,19.9,19.93,19.89,19.87,19.89,19.83,19.89,19.91,19.89,20.01,20.01,20,20.11,20.12,20.08,20.12,20.12,20.09,20.12,20.12,20.12,20.12,20.12,20.11,6468,0
2026-04-24 20:00:00,1.76,2.26,5.48,4.71,2.79,1.65,1.82,1.25,19.97,20.01,19.94,19.89,19.9,19.89,19.94,20,19.9,20.01,20.03,20.01,20.12,20.12,20.12,20.12,20.12,20.12,20.12,20.14,20.12,20.13,20.14,20.12,6468,0
2026-04-24 19:00:00,1.78,2.23,5.48,4.69,2.81,1.65,1.78,1.25,20.01,20.02,20.01,19.93,19.95,19.9,20,20.01,19.99,20.05,20.1,20.02,20.16,20.2,20.14,20.15,20.18,20.12,20.18,20.24,20.14,20.19,20.23,20.15,6470,0
2026-04-24 18:00:00,1.8,2.22,5.49,4.69,2.79,1.62,1.77,1.25,20.02,20.03,20.01,19.97,20,19.95,20.01,20.01,20.01,20.1,20.11,20.09,20.2,20.23,20.19,20.2,20.23,20.18,20.23,20.24,20.2,20.22,20.24,20.2,6468,0
2026-04-24 17:00:00,1.8,2.22,5.49,4.7,2.79,1.63,1.77,1.25,20.01,20.03,20.01,19.95,19.98,19.94,20.01,20.01,20,20.08,20.12,20.04,20.2,20.23,20.19,20.2,20.23,20.16,20.22,20.24,20.2,20.21,20.23,20.2,6470,0
2026-04-24 16:00:00,1.78,2.26,5.48,4.7,2.81,1.65,1.78,1.25,20.01,20.01,20.01,19.89,19.9,19.89,19.96,20,19.95,20.03,20.07,20.01,20.15,20.17,20.12,20.13,20.18,20.12,20.15,20.2,20.12,20.17,20.23,20.14,6470,0
2026-04-24 15:00:00,1.77,2.27,5.49,4.71,2.81,1.64,1.79,1.25,20.01,20.01,20.01,19.89,19.9,19.89,19.98,20,19.95,20.03,20.06,20.02,20.16,20.2,20.14,20.14,20.18,20.12,20.17,20.2,20.15,20.18,20.2,20.15,6470,0
2026-04-24 14:00:00,1.81,2.26,5.48,4.69,2.82,1.64,1.8,1.24,19.88,20.01,19.77,19.82,19.89,19.77,19.86,19.95,19.77,19.95,20.02,19.89,20.08,20.16,20.02,20.09,20.12,20.01,20.11,20.17,20.07,20.13,20.19,20.11,6468,66
2026-04-24 13:00:00,1.85,2.19,5.46,4.68,2.85,1.63,1.82,1.26,19.74,19.77,19.69,19.68,19.75,19.66,19.77,19.77,19.76,19.88,19.89,19.83,20,20.02,19.95,20,20,20,20.01,20.04,20.01,20.05,20.12,20.02,6470,370
2026-04-24 12:00:00,1.78,2.16,5.43,4.69,2.87,1.62,1.8,1.26,19.66,19.67,19.66,19.65,19.66,19.62,19.7,19.77,19.66,19.79,19.83,19.77,19.91,19.93,19.9,19.95,19.99,19.91,19.99,20.01,19.95,20.01,20.01,20.01,6468,409
2026-04-24 11:00:00,1.81,2.21,5.46,4.66,2.88,1.61,1.82,1.25,19.58,19.66,19.54,19.56,19.62,19.54,19.65,19.65,19.65,19.76,19.77,19.73,19.9,19.9,19.87,19.87,19.9,19.87,19.91,19.95,19.89,19.97,20.01,19.92,6470,224
2026-04-24 10:00:00,1.84,2.22,5.46,4.63,2.89,1.6,1.81,1.26,19.54,19.54,19.54,19.54,19.58,19.54,19.65,19.65,19.65,19.74,19.77,19.7,19.85,19.89,19.83,19.87,19.87,19.87,19.89,19.89,19.89,19.9,19.94,19.89,6470,157
2026-04-24 09:00:00,1.8,2.16,5.43,4.69,2.9,1.62,1.79,1.26,19.61,19.66,19.58,19.65,19.66,19.62,19.68,19.7,19.66,19.78,19.83,19.77,19.9,19.91,19.9,19.92,19.95,19.89,19.99,20.01,19.95,20.01,20.01,20.01,6470,82
2026-04-24 08:00:00,1.77,2.17,5.46,4.68,2.85,1.62,1.8,1.26,19.66,19.66,19.66,19.66,19.67,19.66,19.77,19.77,19.74,19.86,19.89,19.82,19.95,19.99,19.91,19.97,20,19.95,20,20.01,19.98,20.01,20.01,20.01,6470,0
2026-04-24 07:00:00,1.83,2.22,5.49,4.69,2.85,1.62,1.81,1.26,19.72,19.77,19.66,19.74,19.77,19.66,19.78,19.86,19.77,19.89,19.9,19.89,20.01,20.02,19.99,20,20,20,20.01,20.01,20.01,20.01,20.03,20.01,6470,0
2026-04-24 06:00:00,1.84,2.25,5.49,4.67,2.85,1.64,1.82,1.26,19.81,19.89,19.77,19.82,19.89,19.77,19.89,19.89,19.86,19.95,20.01,19.89,20.02,20.02,20.02,20,20.01,20,20.01,20.04,20.01,20.04,20.09,20.01,6470,0
2026-04-24 05:00:00,1.77,2.25,5.48,4.7,2.84,1.62,1.81,1.23,19.9,19.95,19.89,19.9,19.92,19.89,19.93,20.01,19.89,20.01,20.01,20,20.08,20.12,20.03,20.07,20.12,20.03,20.09,20.12,20.04,20.11,20.12,20.08,6470,0
2026-04-24 04:00:00,1.78,2.25,5.49,4.7,2.81,1.62,1.81,1.23,20,20.01,19.95,20,20.01,19.95,20.01,20.02,19.99,20.05,20.12,20.01,20.12,20.14,20.12,20.12,20.12,20.11,20.12,20.12,20.12,20.12,20.12,20.12,6470,0
2026-04-24 03:00:00,1.76,2.28,5.49,4.69,2.83,1.63,1.79,1.24,20.1,20.12,20.02,20.06,20.12,20.01,20.08,20.12,20.03,20.12,20.12,20.12,20.2,20.25,20.15,20.16,20.23,20.12,20.17,20.23,20.12,20.15,20.2,20.12,6470,0
2026-04-24 02:00:00,1.76,2.27,5.5,4.69,2.84,1.6,1.78,1.25,20.18,20.25,20.12,20.12,20.12,20.12,20.13,20.16,20.12,20.17,20.24,20.12,20.25,20.25,20.25,20.23,20.23,20.23,20.24,20.24,20.2,20.22,20.25,20.2,6475,0
2026-04-24 01:00:00,1.77,2.27,5.49,4.68,2.86,1.61,1.78,1.25,20.25,20.27,20.25,20.17,20.24,20.12,20.21,20.25,20.16,20.24,20.24,20.23,20.27,20.31,20.25,20.23,20.23,20.23,20.24,20.24,20.24,20.24,20.25,20.23,6470,0
2026-04-24 00:00:00,1.76,2.28,5.51,4.69,2.86,1.62,1.78,1.25,20.33,20.37,20.28,20.24,20.25,20.23,20.25,20.25,20.25,20.24,20.24,20.24,20.31,20.35,20.29,20.23,20.25,20.23,20.24,20.24,20.24,20.25,20.25,20.24,6466,0
2026-04-23 23:00:00,1.74,2.29,5.51,4.69,2.86,1.62,1.78,1.25,20.37,20.37,20.37,20.25,20.25,20.25,20.25,20.25,20.25,20.24,20.24,20.24,20.3,20.33,20.29,20.23,20.24,20.23,20.24,20.24,20.24,20.25,20.25,20.24,6475,0
2026-04-23 22:00:00,1.75,2.28,5.5,4.69,2.86,1.62,1.78,1.25,20.37,20.37,20.37,20.24,20.25,20.24,20.25,20.25,20.24,20.24,20.24,20.24,20.28,20.32,20.26,20.23,20.24,20.23,20.24,20.24,20.24,20.24,20.25,20.2,6475,0
2026-04-23 21:00:00,1.75,2.29,5.49,4.69,2.86,1.61,1.78,1.25,20.37,20.37,20.37,20.23,20.25,20.2,20.21,20.25,20.19,20.24,20.24,20.24,20.26,20.27,20.25,20.23,20.23,20.23,20.24,20.24,20.24,20.23,20.25,20.23,6481,0
2026-04-23 20:00:00,1.75,2.27,5.5,4.69,2.85,1.61,1.78,1.25,20.36,20.37,20.35,20.17,20.2,20.14,20.16,20.2,20.12,20.21,20.24,20.17,20.25,20.26,20.25,20.23,20.23,20.23,20.23,20.24,20.2,20.21,20.24,20.17,6481,0
2026-04-23 19:00:00,1.76,2.28,5.49,4.71,2.85,1.62,1.79,1.25,20.31,20.35,20.25,20.12,20.14,20.12,20.12,20.15,20.12,20.13,20.18,20.12,20.25,20.25,20.25,20.2,20.23,20.19,20.2,20.24,20.17,20.15,20.17,20.14,6481,0
2026-04-23 18:00:00,1.77,2.27,5.51,4.71,2.84,1.64,1.8,1.24,20.25,20.26,20.25,20.11,20.12,20.1,20.1,20.12,20.08,20.12,20.12,20.12,20.24,20.25,20.2,20.16,20.19,20.12,20.14,20.17,20.12,20.12,20.14,20.12,6481,0
2026-04-23 17:00:00,1.75,2.28,5.5,4.71,2.84,1.63,1.81,1.24,20.25,20.25,20.24,20.08,20.11,20.06,20.05,20.09,20.02,20.12,20.12,20.12,20.23,20.25,20.2,20.15,20.19,20.12,20.13,20.15,20.12,20.12,20.12,20.12,6481,98
2026-04-23 16:00:00,1.75,2.28,5.52,4.71,2.85,1.64,1.82,1.23,20.24,20.25,20.23,20.05,20.08,20.03,20.03,20.06,20.02,20.12,20.12,20.12,20.23,20.25,20.2,20.15,20.18,20.12,20.12,20.15,20.12,20.12,20.12,20.12,6481,228
2026-04-23 15:00:00,1.76,2.28,5.5,4.71,2.86,1.63,1.82,1.24,20.24,20.25,20.2,20.04,20.08,20.01,20.02,20.04,20.01,20.12,20.12,20.11,20.2,20.25,20.18,20.12,20.12,20.12,20.12,20.12,20.12,20.1,20.12,20.09,6481,330
2026-04-23 14:00:00,1.77,2.27,5.47,4.74,2.85,1.62,1.82,1.26,20.22,20.26,20.11,19.99,20.08,19.87,19.98,20.04,19.87,20.04,20.12,19.89,20.13,20.23,20.02,20.06,20.12,19.95,20.01,20.12,19.89,20,20.07,19.89,6481,614
2026-04-23 13:00:00,1.8,2.19,5.43,4.72,2.88,1.61,1.82,1.23,19.8,20.01,19.54,19.6,19.79,19.42,19.61,19.77,19.42,19.69,19.89,19.53,19.81,20,19.66,19.76,19.87,19.64,19.75,19.89,19.65,19.78,19.89,19.66,6481,516
2026-04-23 12:00:00,1.77,2.17,5.4,4.69,2.87,1.63,1.78,1.2,19.27,19.54,19.04,19.15,19.36,18.95,19.21,19.41,19.03,19.29,19.45,19.07,19.42,19.59,19.2,19.42,19.57,19.26,19.45,19.61,19.29,19.52,19.66,19.39,6481,1134
2026-04-23 11:00:00,1.75,2.17,5.38,4.67,2.86,1.58,1.76,1.19,18.8,18.98,18.59,18.75,18.94,18.59,18.81,18.95,18.6,18.87,19.06,18.68,18.99,19.19,18.77,19.01,19.19,18.81,19.08,19.29,18.9,19.17,19.32,18.95,6481,1729
2026-04-23 10:00:00,1.75,2.15,5.36,4.66,2.86,1.57,1.74,1.17,18.55,18.59,18.48,18.53,18.59,18.45,18.56,18.59,18.5,18.56,18.6,18.53,18.62,18.7,18.6,18.67,18.76,18.62,18.73,18.82,18.7,18.83,18.95,18.76,6484,1851
2026-04-23 09:00:00,1.76,2.17,5.21,4.64,2.83,1.58,1.75,1.18,18.86,19.2,18.59,18.88,19.29,18.59,18.93,19.41,18.59,18.93,19.42,18.57,18.96,19.54,18.59,19.03,19.53,18.64,19.05,19.62,18.7,19.09,19.66,18.7,6484,1264
2026-04-23 08:00:00,1.82,2.25,5.42,4.78,2.76,1.53,1.81,1.18,19.36,19.42,19.29,19.42,19.5,19.35,19.52,19.54,19.42,19.61,19.65,19.53,19.72,19.78,19.66,19.74,19.76,19.64,19.78,19.84,19.7,19.85,19.89,19.77,6488,78
2026-04-23 07:00:00,1.86,2.3,5.48,4.78,2.81,1.56,1.77,1.18,19.52,19.62,19.42,19.57,19.65,19.52,19.63,19.65,19.54,19.71,19.77,19.65,19.81,19.9,19.78,19.83,19.87,19.76,19.89,19.89,19.87,19.91,19.95,19.89,6488,0
2026-04-23 06:00:00,1.85,2.27,5.5,4.82,2.83,1.58,1.79,1.16,19.66,19.7,19.62,19.67,19.69,19.66,19.72,19.77,19.65,19.8,19.87,19.77,19.9,19.92,19.9,19.88,19.92,19.87,19.9,19.95,19.89,19.98,20.01,19.95,6493,0
2026-04-23 05:00:00,1.92,2.33,5.52,4.84,2.77,1.57,1.78,1.17,19.77,19.79,19.74,19.77,19.81,19.74,19.82,19.89,19.77,19.89,19.9,19.87,19.99,20.02,19.93,19.98,20,19.93,20,20.01,19.95,20.01,20.01,20,6497,0
2026-04-23 04:00:00,1.85,2.33,5.5,4.83,2.8,1.58,1.8,1.19,19.87,19.9,19.82,19.88,19.89,19.82,19.89,19.91,19.89,19.96,20.01,19.91,20.02,20.02,20.02,20,20.02,20,20.01,20.04,20.01,20.05,20.09,20.01,6502,0
2026-04-23 03:00:00,1.84,2.33,5.5,4.84,2.79,1.57,1.8,1.18,19.99,20.03,19.93,19.95,20.01,19.89,19.98,20.01,19.91,20.01,20.03,20.01,20.08,20.12,20.02,20.09,20.12,20.02,20.1,20.12,20.04,20.12,20.12,20.11,6506,0
2026-04-23 02:00:00,1.84,2.34,5.53,4.83,2.76,1.56,1.78,1.18,20.12,20.18,20.06,20.06,20.12,20.01,20.07,20.12,20.01,20.11,20.15,20.09,20.18,20.25,20.12,20.16,20.23,20.12,20.17,20.24,20.12,20.17,20.25,20.12,6510,0
2026-04-23 01:00:00,1.84,2.35,5.52,4.83,2.76,1.56,1.77,1.19,20.25,20.33,20.2,20.16,20.25,20.12,20.19,20.25,20.12,20.2,20.24,20.12,20.27,20.34,20.25,20.25,20.29,20.23,20.24,20.25,20.24,20.25,20.25,20.24,6517,0
2026-04-23 00:00:00,1.84,2.35,5.53,4.85,2.77,1.55,1.78,1.2,20.36,20.37,20.34,20.25,20.27,20.25,20.25,20.28,20.25,20.26,20.29,20.24,20.37,20.37,20.35,20.33,20.35,20.29,20.28,20.31,20.25,20.25,20.26,20.25,6517,0
2026-04-22 23:00:00,1.84,2.34,5.53,4.82,2.78,1.54,1.78,1.2,20.44,20.48,20.37,20.31,20.35,20.28,20.29,20.32,20.26,20.33,20.36,20.29,20.37,20.37,20.37,20.35,20.35,20.35,20.31,20.33,20.26,20.25,20.26,20.25,6530,0
2026-04-22 22:00:00,1.85,2.34,5.53,4.82,2.79,1.53,1.78,1.2,20.48,20.48,20.48,20.34,20.36,20.31,20.3,20.33,20.29,20.35,20.36,20.33,20.37,20.37,20.37,20.35,20.35,20.35,20.29,20.32,20.26,20.25,20.26,20.25,6535,0
2026-04-22 21:00:00,1.85,2.35,5.51,4.83,2.79,1.54,1.78,1.2,20.48,20.48,20.48,20.35,20.37,20.35,20.32,20.34,20.29,20.34,20.36,20.33,20.37,20.37,20.37,20.34,20.35,20.33,20.26,20.29,20.24,20.25,20.25,20.25,6542,0
2026-04-22 20:00:00,1.86,2.37,5.52,4.83,2.8,1.54,1.78,1.19,20.48,20.48,20.48,20.37,20.37,20.36,20.34,20.36,20.31,20.35,20.36,20.33,20.37,20.37,20.37,20.35,20.35,20.32,20.26,20.27,20.25,20.25,20.25,20.25,6546,0
2026-04-22 19:00:00,1.86,2.37,5.52,4.82,2.79,1.56,1.77,1.19,20.48,20.5,20.48,20.37,20.37,20.36,20.35,20.36,20.34,20.36,20.36,20.34,20.37,20.37,20.37,20.31,20.35,20.28,20.24,20.26,20.24,20.24,20.25,20.23,6550,0
2026-04-22 18:00:00,1.85,2.37,5.53,4.83,2.79,1.56,1.78,1.19,20.54,20.6,20.48,20.4,20.48,20.37,20.36,20.39,20.36,20.36,20.37,20.36,20.39,20.44,20.37,20.33,20.35,20.29,20.24,20.26,20.24,20.24,20.25,20.23,6550,0
2026-04-22 17:00:00,1.84,2.38,5.54,4.86,2.8,1.56,1.77,1.2,20.67,20.72,20.6,20.54,20.62,20.48,20.49,20.6,20.42,20.47,20.58,20.37,20.49,20.56,20.44,20.36,20.42,20.35,20.32,20.36,20.28,20.25,20.26,20.25,6564,137
2026-04-22 16:00:00,1.85,2.39,5.55,4.87,2.78,1.55,1.78,1.2,20.89,21.06,20.78,20.81,20.96,20.68,20.73,20.87,20.6,20.7,20.84,20.6,20.67,20.78,20.6,20.5,20.59,20.45,20.41,20.48,20.36,20.31,20.37,20.25,6573,401
2026-04-22 15:00:00,1.89,2.36,5.57,4.88,2.81,1.55,1.79,1.17,21.28,21.54,21.08,21.25,21.54,21,21.15,21.43,20.94,21.08,21.31,20.84,20.99,21.2,20.84,20.74,20.94,20.59,20.63,20.83,20.48,20.47,20.6,20.37,6588,531
2026-04-22 14:00:00,1.93,2.44,5.64,4.94,2.88,1.59,1.8,1.18,21.72,21.78,21.55,21.79,21.9,21.55,21.7,21.9,21.43,21.69,22,21.43,21.59,21.93,21.28,21.31,21.73,20.96,21.21,21.66,20.83,21.03,21.55,20.67,6595,606
2026-04-22 13:00:00,1.83,2.29,4.18,4.09,2.28,1.75,1.5,1.27,22.72,23.37,21.78,22.82,23.46,21.9,22.92,23.58,21.89,23.08,23.7,22.02,23.19,23.82,22.05,22.96,23.66,21.81,23.09,23.79,21.82,23.11,23.91,21.77,6624,780
2026-04-22 12:00:00,1.64,2.35,2.92,3.37,1.75,2.01,1.25,1.32,22.76,23.2,22.06,22.74,23.2,22.04,22.92,23.37,22.26,23.05,23.55,22.29,23.2,23.68,22.5,22.96,23.43,22.24,23.16,23.67,22.42,23.19,23.68,22.43,6684,6984
2026-04-22 11:00:00,1.57,2.38,2.86,3.34,1.73,1.94,1.27,1.29,21.27,21.91,20.48,21.2,21.9,20.37,21.37,22.14,20.48,21.46,22.25,20.51,21.62,22.42,20.7,21.41,22.14,20.45,21.51,22.29,20.48,21.55,22.35,20.48,6731,7047
2026-04-22 10:00:00,2.41,3.15,3.25,4.3,2.17,2.39,1.65,1.53,19.6,20.12,19.04,19.4,20.03,18.7,19.3,20.12,18.37,19.23,20.23,18.16,19.3,20.35,18.16,19.24,20.12,18.2,19.32,20.12,18.45,19.34,20.12,18.45,6838,8430
2026-04-22 09:00:00,1.73,2.78,2.75,3.58,3.28,2.83,3.99,1.24,16.47,18.83,15.21,16.31,18.5,15.14,16.24,18.12,15.19,16.2,17.87,15.28,16.15,17.89,15.17,16.24,17.99,15.22,16.38,18.2,15.28,16.56,18.24,15.52,6506,6638
2026-04-22 08:00:00,1.69,3.3,2.47,2.13,2.63,1.55,7.12,0.88,15.17,15.27,15.15,15.07,15.16,15.04,15.17,15.28,15.15,15.1,15.18,15.04,14.94,15.06,14.86,14.95,15.15,14.88,15.12,15.25,15.04,15.25,15.41,15.16,6466,6011
2026-04-22 07:00:00,1.71,3.33,2.48,2.12,2.62,1.55,7.1,0.87,15.42,15.63,15.27,15.34,15.51,15.16,15.43,15.55,15.28,15.38,15.51,15.19,15.22,15.4,15.05,15.22,15.39,15.03,15.39,15.51,15.21,15.49,15.64,15.28,6466,86
2026-04-22 06:00:00,1.71,3.32,2.47,2.12,2.59,1.53,7.11,0.87,15.67,15.75,15.62,15.56,15.64,15.51,15.63,15.73,15.57,15.54,15.63,15.51,15.42,15.51,15.4,15.41,15.5,15.39,15.56,15.63,15.51,15.66,15.75,15.64,6466,0
2026-04-22 05:00:00,1.71,3.31,2.45,2.11,2.63,1.56,7.09,0.86,15.8,15.88,15.75,15.72,15.86,15.64,15.78,15.87,15.75,15.66,15.75,15.63,15.52,15.52,15.51,15.5,15.51,15.5,15.64,15.73,15.63,15.74,15.75,15.72,6468,0
2026-04-22 04:00:00,1.7,3.29,2.47,2.1,2.62,1.56,7.09,0.87,16.06,16.2,15.9,16.01,16.2,15.87,16.06,16.23,15.88,15.91,16.11,15.75,15.74,16,15.56,15.7,15.92,15.56,15.87,16.1,15.73,15.89,16.11,15.75,6470,0
2026-04-22 03:00:00,1.68,3.29,2.5,2.14,2.65,1.57,7.1,0.88,16.32,16.51,16.23,16.38,16.59,16.23,16.48,16.7,16.34,16.32,16.54,16.12,16.21,16.41,16,16.19,16.35,15.98,16.32,16.45,16.1,16.34,16.49,16.11,6470,0
2026-04-22 02:00:00,1.7,3.33,2.55,2.16,2.66,1.57,7.1,0.9,16.8,16.94,16.58,16.85,17.04,16.69,16.93,17.14,16.73,16.77,16.94,16.58,16.66,16.93,16.45,16.61,16.86,16.44,16.74,16.94,16.54,16.69,16.94,16.54,6470,0
2026-04-22 01:00:00,1.78,3.3,2.53,2.17,2.68,1.6,7.09,0.89,17.2,17.51,16.94,17.31,17.62,17.04,17.41,17.66,17.17,17.27,17.52,17.04,17.21,17.52,16.94,17.18,17.45,16.92,17.27,17.52,17.04,17.2,17.41,16.94,6470,0
2026-04-22 00:00:00,1.79,3.32,2.58,2.2,2.73,1.63,7.09,0.91,17.89,18.45,17.53,18.04,18.59,17.65,18.13,18.59,17.76,17.97,18.45,17.6,17.95,18.48,17.54,17.9,18.44,17.51,17.96,18.45,17.58,17.82,18.24,17.5,6461,0
2026-04-21 23:00:00,1.83,3.37,2.65,2.25,2.73,1.66,7.07,0.9,19.22,19.75,18.59,19.24,19.66,18.7,19.23,19.54,18.7,19.19,19.62,18.59,19.23,19.66,18.6,19.12,19.52,18.53,19.04,19.33,18.58,18.76,19.07,18.36,6481,0
2026-04-21 22:00:00,1.87,3.41,2.67,2.28,2.72,1.68,7.06,0.9,19.86,19.89,19.77,19.67,19.7,19.66,19.63,19.65,19.59,19.62,19.67,19.53,19.66,19.78,19.45,19.44,19.62,19.16,19.23,19.41,18.94,18.91,19.12,18.59,6481,0
2026-04-21 21:00:00,1.86,3.47,2.71,2.31,2.74,1.69,7.06,0.91,20.19,20.81,19.77,20.17,20.75,19.7,20.13,20.72,19.65,20.01,20.6,19.53,19.94,20.6,19.49,19.54,20.12,19.17,19.35,19.87,18.95,18.82,19.29,18.58,6484,0
2026-04-21 20:00:00,1.87,3.5,2.73,2.33,2.7,1.69,7.14,0.96,21.52,21.9,20.85,21.36,21.67,20.85,21.28,21.55,20.84,21.29,21.66,20.73,21.29,21.67,20.73,20.8,21.09,20.26,20.35,20.6,19.95,19.8,20.01,19.42,6484,890
2026-04-21 19:00:00,1.9,3.5,2.75,2.33,2.69,1.7,7.18,0.96,21.88,22.03,21.78,21.58,21.67,21.43,21.46,21.55,21.31,21.58,21.66,21.43,21.62,21.69,21.44,21.09,21.18,20.94,20.53,20.6,20.37,20.03,20.11,19.89,6484,3403
2026-04-21 18:00:00,1.88,3.49,2.74,2.36,2.69,1.7,7.18,0.97,21.82,22.14,21.67,21.5,21.7,21.43,21.38,21.55,21.31,21.5,21.72,21.42,21.56,21.79,21.44,21.02,21.18,20.94,20.48,20.6,20.36,19.94,20.04,19.86,6486,6630
2026-04-21 17:00:00,1.89,3.53,2.74,2.36,2.68,1.7,7.21,0.94,21.84,22.24,21.27,21.41,21.78,20.9,21.28,21.58,20.82,21.54,21.79,21.06,21.59,21.9,21.08,20.95,21.3,20.48,20.42,20.72,20.01,19.89,20.23,19.45,6484,2466
2026-04-21 16:00:00,1.84,3.5,2.72,2.32,2.64,1.68,7.18,0.91,20.91,21.2,20.69,20.59,20.84,20.41,20.49,20.75,20.36,20.67,20.98,20.48,20.76,21.08,20.61,20.27,20.48,20.18,19.77,20.01,19.65,19.29,19.42,19.18,6484,4045
2026-04-21 15:00:00,1.81,3.53,2.71,2.31,2.65,1.68,7.17,0.92,20.97,21.15,20.72,20.68,20.84,20.48,20.57,20.72,20.37,20.78,20.98,20.59,20.95,21.2,20.72,20.53,20.83,20.26,20,20.26,19.77,19.51,19.83,19.29,6484,2154
2026-04-21 14:00:00,1.82,3.51,2.72,2.29,2.63,1.68,7.2,0.94,21,21.27,20.6,20.62,20.92,20.12,20.55,20.74,20.12,20.96,21.07,20.71,21.19,21.32,20.92,20.74,20.86,20.4,20.28,20.37,19.98,19.82,19.89,19.54,6481,2978
2026-04-21 13:00:00,1.8,3.41,2.65,2.29,2.65,1.69,7.18,0.9,19.6,20.37,19.16,19.28,19.98,18.84,19.3,19.94,18.94,19.81,20.48,19.45,20.06,20.73,19.78,19.66,20.23,19.39,19.42,19.84,19.18,18.97,19.42,18.83,6484,6685
2026-04-21 12:00:00,1.8,3.36,2.6,2.21,2.6,1.64,7.16,0.89,18.21,19.06,17.17,17.94,18.83,16.93,18.01,18.84,17.03,18.57,19.42,17.52,18.87,19.73,17.77,18.56,19.29,17.62,18.4,19.16,17.52,18.25,18.83,17.53,6481,6519
2026-04-21 11:00:00,1.7,3.32,2.5,2.12,2.57,1.56,7.14,0.85,16.05,16.95,14.93,15.87,16.7,14.81,15.98,16.82,14.92,16.44,17.4,15.32,16.66,17.61,15.54,16.52,17.41,15.62,16.49,17.29,15.61,16.71,17.41,15.99,6481,6701
2026-04-21 10:00:00,1.65,3.21,2.39,2.04,2.56,1.53,7.06,0.86,13.92,14.79,13.31,13.91,14.69,13.39,14.09,14.81,13.52,14.36,15.16,13.74,14.53,15.4,13.84,14.7,15.5,14.03,14.74,15.44,14.11,15.19,15.87,14.57,6475,6693
2026-04-21 09:00:00,1.6,3.14,2.35,2,2.49,1.49,6.92,0.82,13.16,13.27,13.11,13.15,13.31,13.03,13.29,13.5,13.15,13.39,13.62,13.16,13.39,13.75,13.07,13.55,13.96,13.17,13.7,14.09,13.38,14.12,14.5,13.74,6466,5700
2026-04-21 08:00:00,1.61,3.12,2.32,1.98,2.45,1.48,6.85,0.8,13.04,13.11,13.03,12.93,13.03,12.92,13.05,13.14,13.03,13.03,13.15,12.96,12.85,13.04,12.74,12.92,13.14,12.78,13.15,13.28,13.03,13.5,13.71,13.39,6466,1989
2026-04-21 07:00:00,1.6,3.11,2.32,1.97,2.46,1.47,6.85,0.8,13.15,13.25,13.03,13.01,13.06,12.92,13.12,13.15,13.03,13,13.03,12.94,12.78,12.8,12.71,12.78,12.81,12.78,13.03,13.05,13.03,13.39,13.39,13.38,6466,0
2026-04-21 06:00:00,1.63,3.13,2.34,1.99,2.46,1.47,6.85,0.8,13.32,13.43,13.27,13.16,13.27,13.08,13.25,13.39,13.15,13.07,13.15,13.03,12.81,12.87,12.8,12.79,12.86,12.78,13.05,13.14,13.03,13.39,13.4,13.37,6466,0
2026-04-21 05:00:00,1.63,3.16,2.33,2.01,2.44,1.48,6.82,0.8,13.64,13.86,13.51,13.47,13.62,13.32,13.55,13.74,13.39,13.29,13.46,13.15,12.99,13.16,12.9,12.92,13.02,12.88,13.21,13.36,13.15,13.47,13.62,13.39,6466,0
2026-04-21 04:00:00,1.66,3.19,2.39,2.03,2.48,1.5,6.86,0.82,14.13,14.43,13.86,13.96,14.22,13.68,14.04,14.32,13.76,13.75,13.98,13.5,13.45,13.7,13.16,13.36,13.61,13.09,13.63,13.86,13.38,13.88,14.1,13.63,6470,0
2026-04-21 03:00:00,1.68,3.24,2.42,2.06,2.53,1.51,6.89,0.84,14.68,14.93,14.45,14.49,14.75,14.22,14.57,14.81,14.33,14.22,14.44,14.03,13.91,14.1,13.75,13.8,13.97,13.63,14.05,14.21,13.88,14.26,14.43,14.14,6470,0
2026-04-21 02:00:00,1.71,3.31,2.48,2.11,2.59,1.55,6.94,0.87,15.26,15.62,14.94,15.1,15.47,14.81,15.18,15.53,14.87,14.78,15.16,14.45,14.44,14.81,14.16,14.27,14.58,14,14.49,14.8,14.22,14.66,14.93,14.45,6470,0
2026-04-21 01:00:00,1.71,3.31,2.47,2.13,2.61,1.56,6.94,0.89,16.02,16.45,15.64,15.89,16.34,15.52,15.97,16.39,15.63,15.59,15.99,15.2,15.24,15.64,14.84,15.04,15.48,14.68,15.23,15.63,14.91,15.29,15.64,14.94,6475,0
2026-04-21 00:00:00,1.75,3.31,2.53,2.16,2.63,1.58,6.95,0.87,16.95,17.41,16.52,16.82,17.29,16.37,16.91,17.41,16.45,16.52,17.04,16.11,16.19,16.68,15.76,15.95,16.37,15.5,16.1,16.54,15.67,16.05,16.37,15.72,6466,0
2026-04-20 23:00:00,1.82,3.33,2.59,2.2,2.68,1.62,6.92,0.89,18.01,18.59,17.52,17.94,18.5,17.41,18,18.59,17.5,17.64,18.23,17.12,17.32,17.92,16.78,17.01,17.62,16.48,17.11,17.64,16.61,16.91,17.41,16.45,6484,0
2026-04-20 22:00:00,1.84,3.4,2.67,2.26,2.76,1.66,6.95,0.93,19.24,19.89,18.68,19.23,19.89,18.59,19.26,19.91,18.7,18.97,19.65,18.35,18.68,19.42,18.02,18.31,19.04,17.74,18.32,18.94,17.76,17.91,18.45,17.45,6486,0
2026-04-20 21:00:00,1.85,3.5,2.73,2.34,2.77,1.71,6.95,0.92,20.81,21.63,20.01,20.82,21.62,20.03,20.81,21.55,20.03,20.59,21.43,19.78,20.43,21.32,19.54,19.98,20.83,19.17,19.78,20.48,19.06,19.13,19.77,18.56,6488,0
2026-04-20 20:00:00,1.92,3.52,2.82,2.4,2.77,1.77,7,0.96,22.48,23.17,21.78,22.44,23.09,21.78,22.34,23.04,21.66,22.24,22.96,21.55,22.24,22.99,21.44,21.63,22.35,20.94,21.11,21.66,20.59,20.31,20.84,19.87,6493,626
2026-04-20 19:00:00,1.93,3.54,2.85,2.44,2.74,1.83,7.15,0.97,24.03,24.6,23.31,23.82,24.27,23.21,23.72,24.13,23.16,23.78,24.24,23.1,23.82,24.27,23.16,23.09,23.43,22.48,22.21,22.51,21.78,21.39,21.79,20.94,6495,4372
2026-04-20 18:00:00,1.94,3.56,2.88,2.46,2.71,1.85,7.17,1.01,24.41,24.62,24.27,24.11,24.27,23.94,23.99,24.15,23.85,24.14,24.26,24.01,24.25,24.28,24.15,23.52,23.57,23.45,22.55,22.6,22.49,21.91,22.02,21.79,6497,6689
2026-04-20 17:00:00,1.92,3.55,2.85,2.4,2.69,1.82,7.21,0.98,23.92,24.22,23.56,23.63,23.91,23.32,23.53,23.82,23.2,23.71,23.98,23.33,23.89,24.15,23.55,23.22,23.43,22.84,22.21,22.49,21.9,21.77,22.01,21.43,6493,4782
2026-04-20 16:00:00,1.94,3.54,2.84,2.4,2.7,1.82,7.22,0.94,23.44,23.58,23.14,23.19,23.32,22.92,23.1,23.21,22.85,23.24,23.33,23.02,23.37,23.45,23.21,22.67,22.76,22.49,21.76,21.89,21.65,21.25,21.31,21.11,6493,6319
2026-04-20 15:00:00,1.93,3.53,2.81,2.39,2.71,1.8,7.19,0.94,22.9,23.2,22.26,22.62,22.95,21.9,22.58,22.88,21.95,22.84,23.1,22.23,23.04,23.31,22.5,22.38,22.6,21.89,21.56,21.78,21.19,21.14,21.3,20.84,6488,5936
2026-04-20 14:00:00,1.86,3.53,2.75,2.35,2.67,1.74,7.15,0.94,21.53,22.15,20.96,21.32,21.81,20.84,21.35,21.78,20.88,21.68,22.14,21.31,21.93,22.37,21.58,21.48,21.89,21.18,20.83,21.18,20.56,20.5,20.78,20.26,6488,5810
2026-04-20 13:00:00,1.83,3.53,2.71,2.31,2.61,1.7,7.16,0.93,20.34,20.84,19.74,20.18,20.71,19.6,20.32,20.77,19.77,20.8,21.19,20.32,21.11,21.51,20.61,20.6,21.08,20.04,20.06,20.48,19.6,19.8,20.25,19.31,6484,5818
2026-04-20 12:00:00,1.82,3.41,2.63,2.26,2.58,1.68,7.17,0.89,18.71,19.66,17.76,18.56,19.5,17.65,18.72,19.65,17.76,19.27,20.24,18.23,19.55,20.49,18.52,19.13,19.98,18.32,18.78,19.53,18,18.62,19.27,18,6481,6421
2026-04-20 11:00:00,1.72,3.35,2.52,2.15,2.54,1.6,7.17,0.87,16.65,17.65,15.52,16.51,17.53,15.41,16.67,17.64,15.63,17.21,18.12,16.11,17.49,18.4,16.45,17.34,18.19,16.45,17.19,17.87,16.45,17.32,17.87,16.7,6481,6630
2026-04-20 10:00:00,1.67,3.27,2.45,2.09,2.56,1.54,7.11,0.86,14.52,15.38,13.74,14.46,15.28,13.74,14.66,15.49,13.86,15.07,15.99,14.21,15.31,16.23,14.34,15.4,16.32,14.56,15.42,16.29,14.57,15.79,16.56,15.04,6481,6669
2026-04-20 09:00:00,1.63,3.15,2.34,2.01,2.52,1.49,6.97,0.83,13.15,13.6,12.92,13.16,13.62,12.89,13.31,13.75,12.94,13.51,14.09,13.03,13.57,14.22,13.04,13.75,14.44,13.14,13.82,14.46,13.27,14.3,14.93,13.74,6475,6677
2026-04-20 08:00:00,1.62,3.16,2.31,1.96,2.45,1.47,6.92,0.77,12.73,12.91,12.6,12.58,12.8,12.44,12.67,12.91,12.56,12.58,12.99,12.32,12.39,12.91,12.09,12.43,13.02,12.07,12.64,13.15,12.36,13.06,13.63,12.68,6470,6646
2026-04-20 07:00:00,1.62,3.16,2.3,1.96,2.47,1.49,6.89,0.78,12.89,13.05,12.68,12.72,12.89,12.55,12.8,12.91,12.65,12.57,12.68,12.44,12.31,12.45,12.12,12.29,12.46,12.08,12.56,12.67,12.44,12.91,13.13,12.74,6470,1083
2026-04-20 06:00:00,1.61,3.13,2.32,1.97,2.47,1.48,6.91,0.77,13.11,13.27,13.03,12.92,13.14,12.81,13.01,13.21,12.91,12.7,12.81,12.64,12.4,12.55,12.33,12.34,12.43,12.28,12.62,12.68,12.56,12.97,13.07,12.92,6470,0
2026-04-20 05:00:00,1.65,3.18,2.35,2.01,2.45,1.48,6.9,0.79,13.62,13.91,13.34,13.45,13.74,13.15,13.55,13.86,13.27,13.18,13.49,12.9,12.84,13.16,12.57,12.73,13.02,12.44,13.01,13.27,12.78,13.33,13.56,13.06,6470,0
2026-04-20 04:00:00,1.68,3.22,2.41,2.05,2.48,1.51,6.92,0.82,14.29,14.61,13.98,14.12,14.45,13.85,14.22,14.57,13.88,13.81,14.16,13.5,13.48,13.81,13.17,13.34,13.64,13.04,13.59,13.87,13.35,13.83,14.1,13.63,6470,0
2026-04-20 03:00:00,1.71,3.31,2.47,2.09,2.56,1.53,6.99,0.87,15.03,15.4,14.69,14.88,15.27,14.53,14.99,15.39,14.67,14.56,14.92,14.21,14.22,14.58,13.87,14.05,14.41,13.73,14.27,14.58,13.97,14.45,14.72,14.12,6481,0
2026-04-20 02:00:00,1.7,3.36,2.49,2.14,2.6,1.55,6.98,0.88,15.88,16.34,15.51,15.76,16.23,15.32,15.88,16.34,15.43,15.48,15.97,15.04,15.12,15.6,14.69,14.9,15.39,14.44,15.11,15.54,14.68,15.15,15.52,14.81,6481,0
2026-04-20 01:00:00,1.75,3.36,2.54,2.16,2.63,1.57,6.96,0.87,16.92,17.56,16.42,16.9,17.53,16.34,17.01,17.64,16.45,16.64,17.37,16.01,16.3,17.06,15.64,16.01,16.7,15.47,16.17,16.85,15.63,16.05,16.62,15.61,6484,0
2026-04-20 00:00:00,1.81,3.4,2.62,2.22,2.7,1.63,6.93,0.89,18.38,19.06,17.67,18.39,19.06,17.66,18.48,19.06,17.78,18.23,18.91,17.51,18,18.83,17.18,17.76,18.58,16.92,17.8,18.48,17,17.48,18.12,16.75,6475,0
2026-04-19 23:00:00,1.87,3.46,2.69,2.29,2.77,1.67,6.93,0.9,19.55,19.86,19.15,19.54,19.79,19.18,19.5,19.77,19.18,19.37,19.6,19,19.33,19.54,18.94,19.12,19.29,18.69,18.96,19.11,18.59,18.6,18.75,18.24,6488,0
2026-04-19 22:00:00,1.84,3.54,2.73,2.32,2.8,1.7,6.93,0.89,20.24,20.48,19.89,20.15,20.37,19.89,20.09,20.36,19.78,19.94,20.12,19.65,19.87,20.02,19.56,19.54,19.65,19.29,19.33,19.48,19.14,18.87,18.95,18.7,6493,0
2026-04-19 21:00:00,1.86,3.53,2.76,2.36,2.77,1.69,6.95,0.92,21.06,21.9,20.48,21.09,21.9,20.48,21.06,21.9,20.36,20.86,21.76,20.2,20.72,21.67,20.1,20.27,21.18,19.64,20.08,20.83,19.53,19.36,20.01,18.95,6493,0
2026-04-19 20:00:00,1.92,3.55,2.86,2.44,2.76,1.79,7.04,0.96,23.16,24.13,22.14,23.05,23.83,22.14,22.93,23.67,22.06,22.92,23.8,21.9,22.98,24.04,21.81,22.41,23.43,21.3,21.88,22.73,20.95,20.99,21.93,20.12,6497,551
2026-04-19 19:00:00,1.95,3.58,2.9,2.5,2.75,1.8,7.18,1.02,24.5,24.62,24.23,24.19,24.28,23.94,24.02,24.15,23.79,24.19,24.32,23.91,24.43,24.58,24.15,23.82,23.94,23.55,22.98,23.08,22.84,22.28,22.44,22.05,6502,3234
2026-04-19 18:00:00,1.97,3.58,2.91,2.46,2.74,1.8,7.2,0.99,24.61,24.66,24.5,24.27,24.33,24.16,24.13,24.16,24.03,24.37,24.38,24.33,24.62,24.63,24.57,23.95,24.02,23.9,23.03,23.08,22.96,22.42,22.59,22.26,6502,6709
2026-04-19 17:00:00,1.91,3.57,2.89,2.48,2.71,1.8,7.21,1.02,24.24,24.46,23.91,23.93,24.15,23.64,23.82,24.03,23.56,24.06,24.26,23.78,24.26,24.52,23.92,23.57,23.9,23.19,22.67,22.96,22.38,22.11,22.49,21.79,6499,5759
2026-04-19 16:00:00,1.91,3.57,2.85,2.43,2.68,1.81,7.22,0.97,23.65,23.89,23.31,23.41,23.57,23.09,23.3,23.48,22.97,23.52,23.7,23.19,23.78,23.92,23.45,23.12,23.26,22.84,22.14,22.26,21.86,21.77,21.9,21.55,6497,5381
2026-04-19 15:00:00,1.93,3.55,2.83,2.41,2.71,1.79,7.17,0.93,22.85,23.28,22.35,22.58,23.04,22.08,22.5,22.95,22.03,22.73,23.16,22.28,23.01,23.45,22.62,22.44,22.84,22.11,21.49,21.78,21.2,21.24,21.55,20.97,6495,4617
2026-04-19 14:00:00,1.86,3.55,2.77,2.39,2.69,1.74,7.13,0.93,21.57,22.24,21.07,21.35,21.9,20.84,21.4,21.97,20.94,21.76,22.25,21.31,22.05,22.51,21.63,21.57,22.01,21.18,20.9,21.19,20.58,20.62,20.96,20.25,6493,4554
2026-04-19 13:00:00,1.84,3.55,2.72,2.33,2.62,1.69,7.18,0.92,20.29,20.96,19.42,20.08,20.74,19.29,20.19,20.84,19.42,20.72,21.31,20.01,20.98,21.55,20.25,20.54,21.06,19.92,20.1,20.48,19.53,19.78,20.23,19.29,6488,5125
2026-04-19 12:00:00,1.8,3.44,2.64,2.27,2.6,1.68,7.16,0.87,18.78,19.32,18,18.63,19.19,17.87,18.8,19.36,18.04,19.38,19.89,18.67,19.64,20.18,18.89,19.21,19.82,18.45,18.9,19.45,18.2,18.67,19.18,18.09,6484,5562
2026-04-19 11:00:00,1.75,3.37,2.53,2.18,2.53,1.61,7.17,0.87,16.73,17.87,15.55,16.57,17.7,15.4,16.77,17.87,15.63,17.4,18.45,16.2,17.63,18.7,16.45,17.38,18.34,16.34,17.14,18.02,16.2,17.27,17.99,16.53,6484,6275
2026-04-19 10:00:00,1.68,3.28,2.43,2.09,2.53,1.54,7.12,0.85,14.23,15.3,13.34,14.18,15.16,13.36,14.4,15.4,13.52,14.89,15.99,13.87,15.11,16.23,14.1,15.22,16.2,14.32,15.23,16.07,14.36,15.61,16.35,14.81,6481,6630
2026-04-19 09:00:00,1.64,3.2,2.33,1.99,2.51,1.49,6.96,0.8,12.68,13.21,12.32,12.72,13.24,12.32,12.87,13.39,12.44,13.09,13.74,12.51,13.12,13.87,12.45,13.34,14.11,12.58,13.45,14.21,12.68,13.94,14.69,13.27,6481,6669
2026-04-19 08:00:00,1.65,3.19,2.3,1.98,2.45,1.45,6.89,0.76,12.19,12.32,12.09,12.08,12.31,11.96,12.16,12.39,12.04,12.05,12.44,11.83,11.85,12.33,11.5,11.94,12.47,11.6,12.13,12.6,11.85,12.59,13.14,12.21,6475,6657
2026-04-19 07:00:00,1.63,3.19,2.3,2,2.42,1.43,6.86,0.78,12.23,12.35,12.18,12.06,12.21,11.97,12.15,12.32,12.09,11.87,11.97,11.85,11.56,11.64,11.51,11.56,11.61,11.48,11.85,11.91,11.84,12.2,12.21,12.16,6470,520
2026-04-19 06:00:00,1.63,3.19,2.31,1.97,2.45,1.46,6.88,0.77,12.65,12.9,12.41,12.48,12.69,12.21,12.58,12.8,12.32,12.23,12.44,12,11.9,12.1,11.66,11.83,12.05,11.6,12.15,12.32,11.96,12.47,12.67,12.22,6470,0
2026-04-19 05:00:00,1.63,3.17,2.34,2,2.47,1.5,6.87,0.78,13.28,13.62,12.92,13.13,13.51,12.8,13.22,13.62,12.89,12.83,13.16,12.5,12.49,12.8,12.17,12.39,12.78,12.07,12.67,13.01,12.36,12.93,13.21,12.68,6475,0
2026-04-19 04:00:00,1.66,3.22,2.4,2.05,2.48,1.5,6.87,0.8,14,14.33,13.68,13.86,14.22,13.52,13.95,14.32,13.62,13.56,13.86,13.27,13.21,13.51,12.92,13.08,13.38,12.78,13.36,13.68,13.03,13.54,13.85,13.27,6481,0
2026-04-19 03:00:00,1.69,3.29,2.47,2.1,2.55,1.53,6.94,0.84,14.81,15.18,14.42,14.68,15.13,14.24,14.77,15.16,14.35,14.36,14.8,13.97,14.01,14.46,13.62,13.87,14.26,13.47,14.11,14.51,13.74,14.21,14.57,13.87,6481,0
2026-04-19 02:00:00,1.72,3.36,2.49,2.15,2.62,1.56,6.95,0.89,15.73,16.19,15.28,15.66,16.11,15.17,15.73,16.2,15.28,15.34,15.87,14.81,15,15.52,14.51,14.82,15.28,14.32,15.03,15.51,14.57,15,15.41,14.57,6484,0
2026-04-19 01:00:00,1.74,3.36,2.55,2.18,2.63,1.59,6.93,0.87,16.8,17.32,16.25,16.79,17.4,16.23,16.87,17.41,16.31,16.52,17.17,15.96,16.26,16.94,15.64,16.03,16.69,15.39,16.19,16.81,15.62,16.04,16.6,15.52,6486,0
2026-04-19 00:00:00,1.79,3.38,2.61,2.23,2.69,1.62,6.89,0.89,17.86,18.35,17.43,17.91,18.35,17.5,17.95,18.35,17.53,17.71,18.12,17.29,17.58,18.01,17.06,17.46,17.87,16.92,17.49,17.87,17,17.28,17.65,16.79,6481,0
2026-04-18 23:00:00,1.82,3.41,2.66,2.26,2.74,1.64,6.91,0.89,18.58,18.83,18.44,18.59,18.84,18.4,18.59,18.86,18.36,18.32,18.59,18.15,18.2,18.4,18.09,18.03,18.2,17.89,17.98,18.12,17.87,17.78,17.87,17.67,6493,0
2026-04-18 22:00:00,1.87,3.44,2.7,2.32,2.78,1.66,6.88,0.91,19.4,20.01,18.89,19.42,20.04,18.93,19.43,20.02,18.94,19.13,19.77,18.59,18.93,19.6,18.45,18.63,19.29,18.2,18.56,19.11,18.12,18.12,18.59,17.87,6495,0
2026-04-18 21:00:00,1.85,3.53,2.79,2.39,2.82,1.7,6.92,0.91,20.88,21.67,20.12,20.91,21.67,20.16,20.84,21.58,20.17,20.61,21.43,19.89,20.5,21.32,19.76,20.08,20.83,19.41,19.83,20.48,19.19,19.15,19.67,18.7,6499,0
2026-04-18 20:00:00,1.93,3.54,2.91,2.47,2.84,1.78,6.96,0.95,22.67,23.65,21.79,22.61,23.44,21.79,22.52,23.32,21.74,22.43,23.33,21.55,22.44,23.45,21.55,21.83,22.79,21.04,21.29,22.02,20.6,20.44,21.18,19.79,6502,622
2026-04-18 19:00:00,1.92,3.58,2.95,2.51,2.77,1.84,7.16,0.99,24.16,24.28,23.79,23.87,24,23.56,23.72,23.82,23.45,23.9,24.03,23.56,24.06,24.22,23.67,23.39,23.55,22.95,22.57,22.73,22.15,21.75,21.94,21.31,6502,2032
2026-04-18 18:00:00,1.97,3.6,2.97,2.55,2.8,1.84,7.17,1,24.7,25.1,24.27,24.43,24.74,24.03,24.29,24.62,23.9,24.5,24.86,24.03,24.71,25.1,24.26,24.04,24.37,23.57,23.18,23.44,22.75,22.44,22.85,21.95,6506,6720
2026-04-18 17:00:00,1.98,3.61,2.99,2.55,2.82,1.84,7.2,1.01,24.9,25.21,24.5,24.57,24.85,24.27,24.41,24.63,24.15,24.64,24.91,24.27,24.85,25.1,24.51,24.09,24.31,23.78,23.06,23.32,22.73,22.46,22.73,22.15,6502,4168
2026-04-18 16:00:00,1.92,3.58,2.96,2.54,2.77,1.8,7.22,1.01,24.31,24.5,24.03,24.03,24.27,23.79,23.95,24.15,23.76,24.14,24.26,23.98,24.34,24.5,24.15,23.62,23.78,23.42,22.62,22.73,22.49,22.08,22.15,21.98,6502,4420
2026-04-18 15:00:00,1.93,3.56,2.92,2.48,2.75,1.82,7.23,0.96,23.54,24.05,22.83,23.27,23.79,22.52,23.23,23.75,22.49,23.56,24.03,22.85,23.76,24.15,23.09,22.97,23.41,22.4,22.07,22.48,21.54,21.6,21.9,21.2,6499,4077
2026-04-18 14:00:00,1.91,3.57,2.83,2.45,2.73,1.77,7.18,0.92,21.97,22.61,21.43,21.75,22.38,21.17,21.75,22.35,21.19,22.08,22.61,21.55,22.36,22.88,21.8,21.83,22.24,21.33,21.01,21.43,20.63,20.79,21.19,20.37,6497,4869
2026-04-18 13:00:00,1.84,3.56,2.75,2.37,2.67,1.71,7.19,0.93,20.6,21.31,19.93,20.36,21.06,19.77,20.44,21.07,19.89,20.95,21.46,20.48,21.22,21.79,20.73,20.77,21.3,20.23,20.24,20.6,19.9,19.95,20.37,19.54,6493,4999
2026-04-18 12:00:00,1.84,3.46,2.68,2.33,2.64,1.71,7.22,0.89,18.98,19.83,18.24,18.79,19.66,18.06,18.94,19.77,18.24,19.51,20.37,18.74,19.75,20.62,18.95,19.38,20.12,18.69,19.12,19.81,18.45,18.88,19.43,18.36,6488,5365
2026-04-18 11:00:00,1.76,3.38,2.57,2.23,2.6,1.64,7.22,0.88,17.05,18.12,15.9,16.86,17.95,15.75,17.04,18.12,15.99,17.6,18.61,16.45,17.82,18.84,16.7,17.62,18.56,16.69,17.52,18.32,16.58,17.55,18.24,16.82,6488,5995
2026-04-18 10:00:00,1.7,3.31,2.48,2.16,2.59,1.58,7.21,0.85,14.74,15.75,13.86,14.65,15.61,13.86,14.86,15.75,14.05,15.33,16.34,14.44,15.51,16.53,14.58,15.58,16.45,14.73,15.59,16.44,14.8,15.91,16.69,15.16,6488,6689
2026-04-18 09:00:00,1.65,3.18,2.39,2.07,2.56,1.53,7.05,0.84,13.27,13.74,12.96,13.27,13.74,12.92,13.41,13.91,13.03,13.61,14.22,13.13,13.65,14.34,13.04,13.84,14.56,13.19,13.92,14.62,13.27,14.35,15.04,13.74,6484,6685
2026-04-18 08:00:00,1.64,3.17,2.33,2.01,2.49,1.51,6.96,0.77,12.81,12.92,12.72,12.66,12.92,12.56,12.74,12.99,12.63,12.62,13.03,12.42,12.44,12.92,12.12,12.49,13.06,12.12,12.7,13.17,12.42,13.06,13.63,12.68,6481,6661
2026-04-18 07:00:00,1.63,3.17,2.33,2.02,2.49,1.52,6.96,0.78,12.96,13.16,12.77,12.83,13.03,12.6,12.9,13.14,12.68,12.63,12.82,12.44,12.35,12.57,12.1,12.31,12.55,12.07,12.61,12.8,12.43,12.83,13.03,12.66,6481,421
2026-04-18 06:00:00,1.66,3.18,2.38,2.06,2.49,1.51,6.96,0.8,13.51,13.8,13.22,13.37,13.63,13.11,13.45,13.74,13.16,13.18,13.5,12.9,12.89,13.16,12.58,12.84,13.14,12.55,13.14,13.4,12.86,13.32,13.63,13.03,6481,0
2026-04-18 05:00:00,1.67,3.22,2.42,2.08,2.5,1.53,7,0.82,14.02,14.22,13.86,13.85,14.01,13.68,13.91,14.1,13.74,13.63,13.77,13.5,13.37,13.51,13.28,13.32,13.38,13.23,13.56,13.66,13.49,13.73,13.86,13.65,6481,0
2026-04-18 04:00:00,1.71,3.24,2.46,2.13,2.56,1.55,7.04,0.84,14.52,14.81,14.22,14.38,14.67,14.1,14.42,14.69,14.13,14.1,14.34,13.86,13.81,14.1,13.53,13.72,13.97,13.48,13.95,14.2,13.73,14.1,14.33,13.86,6484,0
2026-04-18 03:00:00,1.72,3.35,2.51,2.18,2.6,1.57,7.1,0.87,15.13,15.42,14.86,14.99,15.29,14.69,15.07,15.4,14.77,14.7,15.04,14.43,14.4,14.69,14.1,14.27,14.56,13.97,14.48,14.75,14.21,14.57,14.82,14.33,6486,0
2026-04-18 02:00:00,1.74,3.36,2.52,2.2,2.63,1.59,7.08,0.87,15.84,16.2,15.52,15.71,16.09,15.4,15.77,16.11,15.41,15.41,15.75,15.05,15.11,15.46,14.78,14.94,15.27,14.64,15.11,15.39,14.8,15.13,15.4,14.87,6488,0
2026-04-18 01:00:00,1.74,3.35,2.57,2.23,2.65,1.6,7.09,0.86,16.69,17.17,16.24,16.59,17.04,16.11,16.66,17.12,16.2,16.31,16.81,15.86,16.02,16.53,15.52,15.8,16.32,15.3,15.93,16.37,15.5,15.84,16.23,15.43,6488,0
2026-04-18 00:00:00,1.81,3.38,2.6,2.29,2.7,1.63,7.07,0.88,17.7,18.16,17.2,17.65,18.12,17.17,17.7,18.19,17.19,17.41,17.89,16.93,17.13,17.65,16.59,16.87,17.4,16.35,16.94,17.4,16.45,16.71,17.14,16.35,6481,0
2026-04-17 23:00:00,1.84,3.42,2.69,2.32,2.76,1.68,7.03,0.9,18.78,19.32,18.24,18.76,19.31,18.24,18.77,19.29,18.24,18.52,19.06,18,18.31,18.93,17.77,18.01,18.58,17.5,17.97,18.45,17.52,17.61,18.04,17.17,6497,0
2026-04-17 22:00:00,1.85,3.48,2.77,2.36,2.81,1.7,7.04,0.91,19.82,20.12,19.43,19.76,20.01,19.42,19.7,19.95,19.42,19.5,19.77,19.18,19.41,19.66,19.03,19.06,19.29,18.7,18.88,19.06,18.59,18.42,18.59,18.14,6499,0
2026-04-17 21:00:00,1.84,3.52,2.85,2.41,2.84,1.72,7.06,0.91,20.69,21.31,20.12,20.66,21.31,20.07,20.6,21.24,20.01,20.4,21.07,19.77,20.27,20.96,19.66,19.85,20.48,19.29,19.57,20.12,19.07,18.92,19.34,18.58,6502,0
2026-04-17 20:00:00,1.94,3.53,2.93,2.52,2.88,1.77,7.11,0.93,22.29,23.17,21.43,22.25,23.09,21.43,22.19,22.97,21.4,22.06,22.96,21.19,22.06,23.01,21.08,21.43,22.31,20.59,20.89,21.55,20.24,20.06,20.72,19.42,6506,575
2026-04-17 19:00:00,1.92,3.56,2.99,2.58,2.83,1.87,7.25,0.94,23.75,23.91,23.32,23.54,23.68,23.2,23.42,23.56,23.08,23.51,23.67,23.08,23.63,23.8,23.21,22.92,23.07,22.5,21.94,22.02,21.66,21.14,21.3,20.84,6510,2056
2026-04-17 18:00:00,1.93,3.56,2.99,2.59,2.82,1.86,7.28,0.95,24,24.15,23.91,23.74,23.79,23.68,23.61,23.67,23.55,23.73,23.79,23.67,23.86,23.93,23.78,23.11,23.19,22.99,22.12,22.25,22.02,21.37,21.55,21.19,6510,6720
2026-04-17 17:00:00,1.92,3.56,2.99,2.59,2.8,1.83,7.28,0.96,23.99,24.08,23.91,23.72,23.79,23.62,23.61,23.67,23.55,23.73,23.79,23.67,23.86,23.94,23.8,23.16,23.29,23.07,22.18,22.25,22.13,21.55,21.62,21.47,6506,5680
2026-04-17 16:00:00,1.96,3.56,2.96,2.55,2.81,1.85,7.26,0.95,23.45,23.88,23.07,23.16,23.56,22.84,23.07,23.44,22.73,23.27,23.67,22.94,23.44,23.79,23.19,22.79,23.01,22.6,21.81,22.13,21.54,21.35,21.54,21.19,6506,5653
2026-04-17 15:00:00,1.93,3.57,2.93,2.52,2.8,1.82,7.23,0.92,22.47,22.97,21.91,22.24,22.73,21.75,22.18,22.67,21.68,22.39,22.85,21.9,22.62,23.09,22.15,22.04,22.48,21.65,21.06,21.43,20.72,20.79,21.12,20.48,6504,5795
2026-04-17 14:00:00,1.87,3.55,2.83,2.41,2.79,1.75,7.21,0.92,21.3,21.84,20.65,21.1,21.67,20.48,21.11,21.66,20.48,21.43,21.9,20.84,21.67,22.14,21.07,21.12,21.59,20.58,20.34,20.72,19.89,20.09,20.48,19.66,6502,5869
2026-04-17 13:00:00,1.83,3.51,2.75,2.39,2.73,1.73,7.22,0.9,19.95,20.54,19.29,19.76,20.37,19.15,19.82,20.36,19.27,20.22,20.72,19.68,20.43,20.96,19.91,20,20.48,19.52,19.52,19.87,19.18,19.24,19.6,18.87,6502,6614
2026-04-17 12:00:00,1.82,3.44,2.67,2.33,2.69,1.69,7.21,0.9,18.65,19.18,18.15,18.51,18.99,18,18.62,19.11,18.12,19.08,19.59,18.59,19.27,19.79,18.78,18.88,19.41,18.34,18.54,19.06,18,18.36,18.82,17.87,6497,6681
2026-04-17 11:00:00,1.76,3.38,2.58,2.25,2.65,1.65,7.21,0.86,16.98,18,15.87,16.8,17.87,15.71,16.96,18,15.87,17.53,18.45,16.45,17.72,18.62,16.59,17.42,18.2,16.45,17.17,17.87,16.34,17.29,17.87,16.58,6497,6701
2026-04-17 10:00:00,1.7,3.31,2.5,2.17,2.64,1.61,7.2,0.85,14.71,15.64,13.85,14.6,15.52,13.74,14.79,15.73,13.96,15.24,16.25,14.25,15.4,16.45,14.39,15.42,16.33,14.56,15.45,16.2,14.68,15.74,16.45,14.99,6488,6697
2026-04-17 09:00:00,1.64,3.18,2.39,2.09,2.56,1.55,7.03,0.84,13.22,13.74,12.86,13.17,13.62,12.8,13.31,13.82,12.91,13.49,14.1,12.91,13.56,14.22,12.92,13.71,14.44,13.04,13.81,14.55,13.17,14.2,14.84,13.63,6488,6705
2026-04-17 08:00:00,1.65,3.17,2.33,2.03,2.5,1.52,6.95,0.79,12.75,12.8,12.68,12.64,12.8,12.56,12.71,12.88,12.64,12.6,12.91,12.44,12.45,12.8,12.23,12.53,12.96,12.28,12.72,13.1,12.54,13.06,13.51,12.8,6475,6590
2026-04-17 07:00:00,1.62,3.18,2.34,2.03,2.51,1.54,6.94,0.79,12.94,13.11,12.8,12.82,12.95,12.68,12.87,13.03,12.7,12.66,12.8,12.51,12.45,12.57,12.28,12.44,12.56,12.31,12.7,12.81,12.56,12.93,13.03,12.8,6481,342
2026-04-17 06:00:00,1.65,3.18,2.39,2.06,2.48,1.53,6.95,0.79,13.3,13.51,13.14,13.17,13.37,13.01,13.22,13.39,13.03,12.97,13.15,12.8,12.75,12.92,12.57,12.73,12.9,12.55,13,13.15,12.85,13.19,13.38,13.03,6484,0
2026-04-17 05:00:00,1.64,3.2,2.41,2.09,2.48,1.55,6.96,0.81,13.69,13.88,13.51,13.56,13.75,13.39,13.62,13.84,13.4,13.34,13.5,13.18,13.1,13.28,12.93,13.06,13.26,12.91,13.34,13.5,13.19,13.5,13.63,13.39,6484,0
2026-04-17 04:00:00,1.67,3.22,2.44,2.1,2.5,1.55,6.97,0.8,14.02,14.09,13.98,13.86,13.89,13.85,13.91,13.98,13.86,13.6,13.63,13.57,13.38,13.39,13.36,13.32,13.37,13.26,13.56,13.62,13.5,13.73,13.74,13.71,6488,0
2026-04-17 03:00:00,1.71,3.34,2.51,2.18,2.62,1.57,7.04,0.85,15,15.04,14.94,14.86,14.93,14.81,14.94,14.99,14.92,14.56,14.63,14.5,14.31,14.35,14.25,14.22,14.28,14.19,14.41,14.45,14.34,14.52,14.57,14.45,6493,0
2026-04-17 02:00:00,1.73,3.36,2.54,2.22,2.62,1.59,7.06,0.89,15.39,15.68,15.13,15.26,15.55,14.96,15.31,15.63,15.04,14.96,15.28,14.69,14.7,15,14.46,14.56,14.79,14.32,14.75,15.04,14.51,14.81,15.04,14.57,6488,0
2026-04-17 01:00:00,1.71,3.36,2.53,2.23,2.64,1.62,7.04,0.87,16.1,16.45,15.75,15.99,16.37,15.64,16.05,16.45,15.69,15.69,16.09,15.32,15.41,15.76,15.05,15.24,15.61,14.91,15.39,15.75,15.04,15.34,15.64,15.05,6493,0
2026-04-17 00:00:00,1.76,3.39,2.59,2.28,2.66,1.62,7.03,0.86,17.01,17.53,16.58,16.92,17.41,16.45,16.97,17.43,16.51,16.6,17.12,16.11,16.35,16.85,15.88,16.11,16.58,15.67,16.22,16.69,15.82,16.07,16.45,15.72,6488,0
2026-04-16 23:00:00,1.82,3.4,2.65,2.31,2.71,1.65,7.02,0.88,18.02,18.45,17.57,17.96,18.42,17.53,17.97,18.45,17.53,17.67,18.12,17.18,17.43,17.89,16.95,17.17,17.62,16.69,17.19,17.62,16.81,16.9,17.25,16.57,6502,0
2026-04-16 22:00:00,1.83,3.45,2.74,2.37,2.78,1.68,7,0.91,19.07,19.66,18.59,19.04,19.66,18.48,19.02,19.57,18.48,18.72,19.29,18.23,18.56,19.19,18.01,18.21,18.82,17.74,18.15,18.7,17.66,17.69,18.12,17.31,6502,0
2026-04-16 21:00:00,1.85,3.54,2.86,2.45,2.82,1.73,7,0.9,20.45,21.19,19.77,20.45,21.19,19.76,20.37,21.09,19.68,20.15,20.95,19.42,20.06,20.96,19.31,19.63,20.44,18.93,19.37,20.03,18.82,18.68,19.2,18.24,6506,0
2026-04-16 20:00:00,1.9,3.54,2.98,2.59,2.88,1.78,7.08,0.95,22.21,22.97,21.39,22.09,22.73,21.31,21.99,22.61,21.29,21.96,22.73,21.15,22.01,22.82,21.08,21.4,22.13,20.59,20.86,21.43,20.2,19.95,20.6,19.32,6510,130
2026-04-16 19:00:00,1.95,3.55,3,2.65,2.89,1.85,7.2,0.94,23.39,23.58,23.06,23.12,23.32,22.85,22.97,23.2,22.73,23.1,23.3,22.83,23.24,23.45,22.91,22.6,22.83,22.26,21.8,22.03,21.54,21,21.31,20.62,6510,2856
2026-04-16 18:00:00,1.91,3.57,2.99,2.67,2.85,1.85,7.24,0.97,23.81,23.92,23.65,23.49,23.6,23.32,23.36,23.44,23.2,23.55,23.67,23.32,23.76,23.92,23.46,23.13,23.31,22.84,22.27,22.47,22.08,21.6,21.88,21.31,6517,6697
2026-04-16 17:00:00,1.9,3.57,3,2.7,2.84,1.85,7.25,0.97,23.83,23.97,23.7,23.56,23.68,23.48,23.44,23.56,23.33,23.63,23.79,23.46,23.89,24.04,23.73,23.19,23.31,23.07,22.26,22.33,22.21,21.68,21.79,21.55,6510,4439
2026-04-16 16:00:00,1.94,3.5,3.02,2.74,2.86,1.85,7.24,0.95,23.43,23.79,22.85,23.15,23.5,22.69,23.09,23.43,22.61,23.33,23.64,22.86,23.57,23.92,23.15,22.84,23.19,22.48,21.88,22.25,21.54,21.38,21.72,21.14,6510,4093
2026-04-16 15:00:00,1.92,3.53,3.04,2.72,2.87,1.85,7.22,0.92,22.43,22.83,21.9,22.22,22.61,21.77,22.22,22.61,21.78,22.51,22.85,22.02,22.76,23.09,22.27,22.07,22.38,21.66,21.27,21.54,20.95,20.83,21.08,20.51,6506,4219
2026-04-16 14:00:00,1.86,3.51,2.96,2.6,2.87,1.8,7.2,0.94,21.46,21.9,20.96,21.23,21.71,20.64,21.29,21.75,20.72,21.72,22.02,21.31,21.98,22.28,21.55,21.34,21.65,20.93,20.74,20.95,20.48,20.28,20.48,19.95,6504,4790
2026-04-16 13:00:00,1.86,3.47,2.78,2.48,2.79,1.77,7.24,0.91,19.66,20.73,18.83,19.42,20.48,18.62,19.52,20.59,18.79,20.02,21.11,19.28,20.28,21.41,19.54,19.86,20.74,19.26,19.51,20.36,18.93,19.14,19.89,18.61,6502,5542
2026-04-16 12:00:00,1.82,3.4,2.7,2.42,2.72,1.7,7.29,0.92,18.25,18.7,17.92,18.16,18.59,17.79,18.31,18.7,18,18.8,19.18,18.5,19.02,19.42,18.7,18.68,19.16,18.24,18.35,18.82,18,18.14,18.54,17.78,6495,5235
2026-04-16 11:00:00,1.75,3.34,2.6,2.35,2.69,1.66,7.32,0.88,16.68,17.86,15.52,16.51,17.65,15.4,16.73,17.87,15.64,17.34,18.45,16.25,17.53,18.6,16.45,17.12,18.14,16.1,17,17.87,16.1,16.98,17.7,16.23,6495,6346
2026-04-16 10:00:00,1.69,3.23,2.5,2.26,2.67,1.62,7.26,0.87,14.24,15.4,13.01,14.06,15.22,12.92,14.29,15.49,13.03,14.78,16.1,13.39,14.92,16.23,13.51,14.78,15.97,13.61,14.79,15.96,13.6,15.02,16.06,13.94,6493,6669
2026-04-16 09:00:00,1.65,3.13,2.37,2.13,2.59,1.55,7.02,0.79,12.24,12.8,11.85,12.2,12.72,11.84,12.33,12.88,11.86,12.56,13.27,11.99,12.6,13.36,11.97,12.73,13.49,12.07,12.76,13.49,12.09,13.09,13.74,12.47,6488,6693
2026-04-16 08:00:00,1.57,3.06,2.33,2.09,2.48,1.49,6.92,0.76,11.67,11.84,11.6,11.55,11.73,11.44,11.59,11.85,11.49,11.52,11.95,11.27,11.37,11.86,11.05,11.4,11.96,11.03,11.51,11.96,11.26,11.85,12.4,11.5,6486,6665
2026-04-16 07:00:00,1.62,3.06,2.32,2.09,2.46,1.47,6.89,0.76,11.84,12,11.65,11.68,11.85,11.5,11.73,11.9,11.57,11.5,11.73,11.34,11.28,11.44,11.13,11.25,11.46,11.05,11.44,11.61,11.26,11.68,11.85,11.5,6484,323
2026-04-16 06:00:00,1.65,3.15,2.37,2.13,2.5,1.53,6.94,0.78,12.23,12.44,12.07,12.06,12.32,11.87,12.12,12.32,11.97,11.85,12.06,11.73,11.62,11.83,11.5,11.58,11.73,11.48,11.76,11.96,11.62,11.99,12.16,11.91,6484,0
2026-04-16 05:00:00,1.63,3.16,2.38,2.14,2.54,1.58,6.98,0.78,12.7,12.92,12.44,12.54,12.8,12.32,12.59,12.8,12.34,12.31,12.53,12.08,12.07,12.3,11.86,12.02,12.19,11.84,12.19,12.43,11.96,12.41,12.59,12.21,6486,0
2026-04-16 04:00:00,1.64,3.11,2.4,2.16,2.54,1.59,6.98,0.8,13.19,13.4,12.92,13.03,13.27,12.8,13.08,13.34,12.82,12.77,13.02,12.56,12.54,12.8,12.33,12.47,12.68,12.28,12.64,12.88,12.44,12.84,13.03,12.66,6488,0
2026-04-16 03:00:00,1.64,3.18,2.45,2.21,2.55,1.59,6.99,0.8,13.78,14.08,13.51,13.64,13.88,13.37,13.67,13.96,13.39,13.36,13.62,13.03,13.14,13.39,12.81,13.05,13.37,12.76,13.2,13.49,12.91,13.35,13.63,13.06,6488,0
2026-04-16 02:00:00,1.68,3.19,2.5,2.25,2.6,1.62,7.03,0.82,14.36,14.68,14.1,14.21,14.47,13.97,14.24,14.57,13.98,13.91,14.21,13.64,13.69,13.98,13.45,13.58,13.85,13.37,13.72,13.97,13.5,13.84,14.1,13.63,6493,0
2026-04-16 01:00:00,1.71,3.3,2.54,2.32,2.66,1.65,7.09,0.85,15,15.3,14.69,14.87,15.18,14.57,14.92,15.26,14.57,14.57,14.92,14.26,14.35,14.69,14.02,14.22,14.55,13.9,14.34,14.68,14.04,14.41,14.69,14.11,6493,0
2026-04-16 00:00:00,1.72,3.32,2.56,2.34,2.68,1.66,7.1,0.89,15.72,16.11,15.4,15.61,15.99,15.28,15.65,16.03,15.28,15.35,15.75,14.97,15.1,15.52,14.71,14.94,15.38,14.57,15.05,15.42,14.68,15.03,15.39,14.7,6484,0
2026-04-15 23:00:00,1.71,3.35,2.6,2.36,2.69,1.68,7.1,0.86,16.56,16.98,16.2,16.48,16.94,16.11,16.52,16.93,16.11,16.23,16.7,15.82,16.01,16.45,15.6,15.81,16.24,15.42,15.89,16.33,15.51,15.75,16.11,15.4,6502,0
2026-04-15 22:00:00,1.79,3.36,2.68,2.4,2.73,1.69,7.1,0.88,17.58,18.12,17.04,17.53,18.08,17.04,17.56,18.12,17.04,17.31,17.87,16.79,17.15,17.75,16.59,16.9,17.51,16.33,16.91,17.44,16.43,16.6,17.04,16.2,6506,0
2026-04-15 21:00:00,1.82,3.39,2.79,2.47,2.82,1.73,7.1,0.91,18.78,19.43,18.19,18.79,19.52,18.16,18.79,19.44,18.2,18.64,19.31,18,18.53,19.31,17.84,18.24,18.94,17.57,18.17,18.82,17.53,17.61,18.19,17.04,6506,0
2026-04-15 20:00:00,1.83,3.48,2.95,2.57,2.86,1.82,7.12,0.9,20.42,21.32,19.62,20.41,21.22,19.65,20.37,21.18,19.58,20.31,21.19,19.51,20.36,21.32,19.42,19.98,20.91,19.12,19.67,20.39,18.94,18.94,19.66,18.29,6510,374
2026-04-15 19:00:00,1.88,3.54,3.02,2.72,2.91,1.85,7.16,0.95,21.91,22.13,21.47,21.66,21.83,21.33,21.58,21.76,21.3,21.72,21.94,21.31,21.92,22.14,21.49,21.46,21.77,21.06,20.82,21.07,20.48,20.17,20.48,19.77,6517,1981
2026-04-15 18:00:00,1.9,3.54,3.04,2.77,2.89,1.89,7.17,0.92,22.22,22.34,22.14,21.95,22.09,21.87,21.9,22.02,21.78,22.05,22.2,21.96,22.25,22.45,22.14,21.71,21.8,21.65,21.04,21.19,20.95,20.4,20.48,20.35,6519,6732
2026-04-15 17:00:00,1.89,3.56,3.06,2.78,2.88,1.86,7.17,0.91,22.02,22.14,21.91,21.82,21.9,21.78,21.8,21.83,21.78,21.97,22.02,21.9,22.24,22.28,22.17,21.71,21.76,21.65,21.07,21.11,21.05,20.41,20.48,20.37,6510,3171
2026-04-15 16:00:00,1.88,3.56,3.06,2.81,2.88,1.87,7.17,0.92,21.87,22.03,21.62,21.69,21.84,21.44,21.7,21.82,21.47,21.91,22.02,21.77,22.25,22.38,22.08,21.64,21.76,21.42,21,21.07,20.83,20.39,20.48,20.25,6510,3525
2026-04-15 15:00:00,1.86,3.52,3.06,2.9,2.9,1.85,7.18,0.95,21.19,21.55,20.61,21.01,21.43,20.45,21.08,21.43,20.51,21.5,21.78,21.03,21.74,22.06,21.21,21.07,21.42,20.49,20.54,20.83,20.03,19.95,20.23,19.53,6506,3860
2026-04-15 14:00:00,1.84,3.49,2.96,2.62,2.86,1.91,7.2,0.93,19.61,20.48,18.67,19.4,20.25,18.45,19.5,20.36,18.59,19.97,20.84,19.06,20.21,21.08,19.31,19.62,20.35,18.82,19.11,19.89,18.31,18.76,19.34,18.12,6504,4321
2026-04-15 13:00:00,1.82,3.44,2.74,2.48,2.8,1.77,7.29,0.96,17.82,18.54,17.04,17.67,18.37,16.94,17.8,18.48,17.15,18.31,18.94,17.65,18.54,19.19,17.89,18.12,18.7,17.51,17.69,18.19,17.17,17.47,18,16.94,6502,4668
2026-04-15 12:00:00,1.71,3.35,2.62,2.4,2.69,1.68,7.35,0.95,16.33,16.94,15.87,16.27,16.82,15.78,16.44,16.93,15.99,16.95,17.52,16.49,17.14,17.7,16.7,16.78,17.39,16.2,16.47,17.04,15.99,16.31,16.82,15.87,6493,5093
2026-04-15 11:00:00,1.7,3.28,2.54,2.32,2.68,1.66,7.3,0.94,14.67,15.78,13.51,14.54,15.68,13.35,14.76,15.87,13.57,15.37,16.42,14.16,15.54,16.59,14.33,15.15,16.15,14,14.97,15.87,13.91,15.04,15.75,14.19,6493,6177
2026-04-15 10:00:00,1.62,3.12,2.39,2.21,2.62,1.59,7.11,0.86,12.21,13.27,11.26,12.13,13.15,11.25,12.34,13.37,11.43,12.86,13.95,11.86,12.97,14.1,11.93,12.86,13.85,11.96,12.82,13.74,11.99,13.2,13.98,12.44,6488,6657
2026-04-15 09:00:00,1.48,2.99,2.27,2.07,2.5,1.48,6.87,0.78,10.62,11.14,10.31,10.61,11.12,10.2,10.76,11.31,10.31,11.07,11.73,10.47,11,11.74,10.31,11.09,11.84,10.4,11.08,11.85,10.37,11.49,12.23,10.79,6488,6697
2026-04-15 08:00:00,1.47,2.93,2.21,2,2.41,1.46,6.81,0.71,10.12,10.28,10.05,9.97,10.2,9.85,10.02,10.25,9.93,9.89,10.34,9.71,9.61,10.18,9.37,9.64,10.25,9.35,9.77,10.21,9.58,10.12,10.67,9.84,6484,6685
2026-04-15 07:00:00,1.46,2.94,2.23,2.02,2.39,1.46,6.81,0.7,10.28,10.51,10.08,10.17,10.4,9.96,10.21,10.43,10.02,9.95,10.14,9.74,9.66,9.85,9.45,9.64,9.83,9.38,9.83,10.04,9.6,10.07,10.25,9.85,6481,323
2026-04-15 06:00:00,1.48,2.98,2.25,2.03,2.42,1.48,6.82,0.72,10.7,10.91,10.55,10.6,10.79,10.43,10.63,10.81,10.43,10.35,10.55,10.18,10.07,10.32,9.87,10.07,10.3,9.89,10.25,10.46,10.07,10.47,10.67,10.31,6481,0
2026-04-15 05:00:00,1.48,3.01,2.27,2.05,2.44,1.49,6.81,0.75,11.07,11.26,10.92,10.97,11.14,10.81,11,11.14,10.88,10.73,10.87,10.6,10.48,10.59,10.32,10.5,10.64,10.33,10.65,10.78,10.54,10.88,11.02,10.74,6484,0
2026-04-15 04:00:00,1.53,3.05,2.32,2.1,2.44,1.49,6.83,0.75,11.48,11.73,11.26,11.37,11.6,11.15,11.39,11.61,11.15,11.09,11.34,10.9,10.82,11.06,10.65,10.78,11.01,10.66,10.95,11.14,10.78,11.15,11.36,11.02,6484,0
2026-04-15 03:00:00,1.64,3.09,2.39,2.19,2.49,1.54,6.86,0.81,11.98,12.21,11.73,11.87,12.09,11.65,11.9,12.09,11.71,11.6,11.8,11.38,11.34,11.51,11.15,11.29,11.48,11.01,11.43,11.61,11.24,11.62,11.77,11.42,6488,0
2026-04-15 02:00:00,1.64,3.2,2.4,2.25,2.54,1.6,6.92,0.84,12.5,12.78,12.21,12.39,12.65,12.18,12.39,12.67,12.17,12.06,12.32,11.85,11.8,12.09,11.62,11.72,11.96,11.5,11.88,12.11,11.68,12.02,12.27,11.84,6488,0
2026-04-15 01:00:00,1.63,3.12,2.44,2.26,2.58,1.65,6.94,0.84,13.09,13.39,12.8,12.98,13.29,12.68,12.98,13.29,12.68,12.62,12.91,12.34,12.36,12.68,12.09,12.26,12.55,12.04,12.44,12.77,12.2,12.52,12.8,12.32,6493,0
2026-04-15 00:00:00,1.65,3.18,2.48,2.3,2.58,1.65,6.94,0.84,13.84,14.22,13.51,13.74,14.1,13.39,13.76,14.1,13.39,13.42,13.85,13.03,13.18,13.63,12.8,13.06,13.49,12.67,13.21,13.62,12.8,13.24,13.63,12.92,6484,0
2026-04-14 23:00:00,1.7,3.27,2.57,2.35,2.66,1.7,7,0.89,14.68,15.04,14.27,14.61,15.04,14.22,14.64,15.04,14.21,14.35,14.8,13.87,14.14,14.58,13.65,14,14.44,13.53,14.12,14.57,13.7,14.08,14.45,13.68,6497,0
2026-04-14 22:00:00,1.71,3.36,2.62,2.39,2.72,1.73,7.05,0.94,15.6,16.11,15.16,15.57,16.11,15.1,15.61,16.11,15.16,15.39,15.95,14.89,15.2,15.77,14.69,15.04,15.62,14.55,15.13,15.64,14.65,14.94,15.4,14.56,6502,0
2026-04-14 21:00:00,1.73,3.4,2.69,2.43,2.75,1.76,7.06,0.93,16.77,17.41,16.18,16.77,17.42,16.2,16.81,17.41,16.2,16.69,17.41,16.06,16.59,17.29,15.89,16.4,17.16,15.74,16.39,17.04,15.75,15.99,16.54,15.52,6506,0
2026-04-14 20:00:00,1.79,3.38,2.86,2.5,2.84,1.8,7.11,0.95,18.18,18.93,17.53,18.16,18.83,17.53,18.15,18.82,17.53,18.15,18.83,17.52,18.2,18.95,17.52,17.94,18.67,17.28,17.74,18.35,17.17,17.17,17.76,16.61,6510,323
2026-04-14 19:00:00,1.86,3.42,3.03,2.67,2.91,1.91,7.06,0.91,19.54,19.77,19.04,19.37,19.54,18.95,19.33,19.54,18.94,19.44,19.68,18.95,19.64,19.92,19.08,19.35,19.64,18.82,18.88,19.07,18.45,18.41,18.7,17.87,6517,1918
2026-04-14 18:00:00,1.84,3.43,3.05,2.74,2.9,1.92,7.08,0.91,19.67,19.73,19.66,19.53,19.54,19.45,19.52,19.54,19.43,19.69,19.77,19.65,19.95,20.02,19.9,19.67,19.75,19.64,19.1,19.18,19.06,18.76,18.84,18.7,6517,6736
2026-04-14 17:00:00,1.82,3.42,3.02,2.71,2.92,1.98,7.06,0.9,19.42,19.62,19.26,19.28,19.43,19.18,19.31,19.42,19.2,19.54,19.66,19.42,19.81,19.94,19.66,19.5,19.64,19.37,18.94,19.06,18.85,18.63,18.75,18.45,6510,3502
2026-04-14 16:00:00,1.81,3.43,2.97,2.64,2.92,1.97,7.06,0.94,19.17,19.44,18.7,19.07,19.31,18.7,19.18,19.42,18.79,19.47,19.77,19.02,19.71,20.02,19.28,19.28,19.52,18.93,18.82,19.06,18.37,18.39,18.59,18.12,6510,3805
2026-04-14 15:00:00,1.82,3.43,2.88,2.53,2.9,1.91,7.07,0.97,18.53,18.82,17.82,18.42,18.7,17.7,18.57,18.83,17.87,18.94,19.19,18.23,19.2,19.44,18.48,18.71,18.95,18.11,18.25,18.48,17.54,17.97,18.17,17.45,6506,4093
2026-04-14 14:00:00,1.77,3.42,2.69,2.44,2.83,1.83,7.16,0.99,17.16,17.65,16.7,17.07,17.53,16.58,17.21,17.64,16.75,17.61,18.01,17.25,17.84,18.24,17.45,17.5,17.92,17.06,17.04,17.4,16.69,16.96,17.32,16.58,6502,4605
2026-04-14 13:00:00,1.7,3.35,2.59,2.38,2.79,1.75,7.16,0.95,15.78,16.58,15.15,15.74,16.45,15.16,15.92,16.58,15.4,16.42,17.11,15.91,16.65,17.29,16.11,16.33,16.92,15.79,15.95,16.58,15.5,15.92,16.45,15.46,6497,4932
2026-04-14 12:00:00,1.66,3.23,2.54,2.33,2.74,1.73,7.16,0.96,14.41,15.09,13.58,14.4,15.1,13.62,14.67,15.37,13.95,15.21,15.88,14.43,15.38,16.11,14.58,15.04,15.74,14.32,14.75,15.47,13.97,14.79,15.4,14.22,6493,5286
2026-04-14 11:00:00,1.61,3.14,2.42,2.22,2.66,1.66,7.03,0.87,12.51,13.43,11.5,12.56,13.51,11.57,12.92,13.82,11.97,13.53,14.32,12.58,13.65,14.46,12.68,13.42,14.2,12.53,13.15,13.86,12.32,13.52,14.1,12.8,6488,6248
2026-04-14 10:00:00,1.46,2.98,2.27,2.09,2.58,1.55,6.83,0.84,10.52,11.32,9.83,10.59,11.38,9.85,10.95,11.79,10.18,11.52,12.44,10.67,11.53,12.51,10.61,11.49,12.35,10.66,11.39,12.19,10.58,11.93,12.68,11.14,6488,6673
2026-04-14 09:00:00,1.43,2.94,2.22,1.98,2.47,1.48,6.72,0.73,9.22,9.72,8.89,9.23,9.74,8.82,9.4,10.03,8.89,9.7,10.55,8.89,9.51,10.44,8.6,9.62,10.53,8.71,9.58,10.43,8.77,10.12,11.02,9.27,6486,6701
2026-04-14 08:00:00,1.41,2.9,2.18,1.96,2.38,1.46,6.67,0.74,8.75,8.89,8.66,8.62,8.77,8.54,8.65,8.77,8.55,8.44,8.77,8.3,8.08,8.52,7.94,8.11,8.62,7.94,8.29,8.64,8.18,8.7,9.16,8.54,6481,6590
2026-04-14 07:00:00,1.42,2.9,2.21,1.95,2.38,1.49,6.68,0.74,9.03,9.25,8.87,8.91,9.13,8.67,8.92,9.13,8.74,8.58,8.79,8.41,8.2,8.43,8.02,8.19,8.41,8.04,8.46,8.64,8.29,8.76,8.92,8.59,6475,177
2026-04-14 06:00:00,1.42,2.91,2.21,2,2.43,1.51,6.69,0.74,9.5,9.72,9.25,9.42,9.72,9.13,9.46,9.72,9.18,9.14,9.45,8.88,8.78,9.1,8.46,8.76,9.1,8.46,9.01,9.35,8.72,9.27,9.6,9.01,6481,0
2026-04-14 05:00:00,1.47,2.91,2.2,2,2.44,1.52,6.68,0.75,10.04,10.2,9.83,9.97,10.18,9.72,10,10.18,9.77,9.73,9.96,9.47,9.44,9.64,9.16,9.44,9.68,9.13,9.66,9.85,9.37,9.92,10.14,9.64,6481,0
2026-04-14 04:00:00,1.45,2.92,2.24,2.03,2.44,1.53,6.69,0.77,10.45,10.64,10.31,10.36,10.55,10.2,10.39,10.55,10.22,10.1,10.24,9.96,9.81,9.96,9.72,9.83,9.97,9.71,10.04,10.18,9.88,10.29,10.44,10.2,6484,0
2026-04-14 03:00:00,1.46,3,2.24,2.03,2.46,1.52,6.68,0.79,10.83,11.02,10.63,10.73,10.91,10.55,10.74,10.9,10.56,10.42,10.55,10.27,10.12,10.29,9.96,10.13,10.3,10.03,10.33,10.43,10.2,10.57,10.67,10.45,6484,0
2026-04-14 02:00:00,1.48,3.01,2.29,2.07,2.49,1.54,6.65,0.84,11.19,11.4,11.02,11.11,11.37,10.91,11.12,11.38,10.9,10.75,11,10.55,10.44,10.67,10.3,10.42,10.6,10.3,10.61,10.78,10.45,10.8,10.94,10.67,6486,0
2026-04-14 01:00:00,1.57,3.08,2.37,2.16,2.5,1.57,6.69,0.98,11.85,12.24,11.5,11.79,12.21,11.38,11.83,12.29,11.43,11.47,11.94,11.03,11.14,11.62,10.75,11.06,11.5,10.66,11.28,11.73,10.9,11.37,11.74,11.02,6488,0
2026-04-14 00:00:00,1.61,3.11,2.39,2.24,2.6,1.68,6.77,1.08,12.76,13.03,12.32,12.73,12.97,12.32,12.77,13.03,12.36,12.56,12.91,12.05,12.36,12.8,11.75,12.34,12.8,11.71,12.45,12.9,11.85,12.55,13.03,11.94,6461,0
2026-04-13 23:00:00,1.61,3.11,2.44,2.26,2.58,1.69,6.78,1.07,13.19,13.39,13.03,13.14,13.39,12.92,13.17,13.39,13,12.95,13.16,12.8,12.75,12.99,12.57,12.72,12.91,12.55,12.84,13.08,12.67,12.91,13.1,12.71,6493,0
2026-04-13 22:00:00,1.63,3.17,2.48,2.3,2.62,1.71,6.77,1.05,13.78,14.22,13.49,13.77,14.22,13.41,13.83,14.27,13.5,13.59,14.09,13.27,13.38,13.87,13.04,13.3,13.73,13.02,13.46,13.89,13.15,13.43,13.74,13.15,6497,0
2026-04-13 21:00:00,1.68,3.28,2.58,2.38,2.74,1.79,6.84,1.09,14.8,15.3,14.3,14.85,15.4,14.33,14.91,15.42,14.38,14.78,15.4,14.2,14.64,15.31,13.98,14.55,15.27,13.85,14.68,15.28,14.01,14.5,15.1,13.86,6499,0
2026-04-13 20:00:00,1.7,3.34,2.6,2.37,2.77,1.83,6.9,1.06,15.85,16.17,15.4,15.85,16.15,15.49,15.89,16.2,15.52,15.92,16.2,15.51,15.98,16.35,15.48,15.92,16.31,15.39,15.87,16.2,15.42,15.71,16.01,15.25,6502,240
2026-04-13 19:00:00,1.68,3.32,2.63,2.39,2.78,1.87,6.96,1.11,16.51,16.79,16.23,16.48,16.7,16.23,16.53,16.76,16.28,16.59,16.85,16.33,16.71,17.04,16.39,16.64,16.92,16.33,16.52,16.79,16.24,16.34,16.58,16.1,6506,2501
2026-04-13 18:00:00,1.7,3.39,2.67,2.42,2.79,1.89,7.03,1.14,16.82,16.86,16.81,16.75,16.81,16.7,16.81,16.82,16.79,16.95,17.04,16.93,17.1,17.18,17.06,17.02,17.07,16.95,16.83,16.89,16.81,16.68,16.75,16.58,6506,3632
2026-04-13 17:00:00,1.7,3.32,2.64,2.42,2.8,1.89,7.01,1.13,16.69,16.82,16.59,16.63,16.7,16.58,16.69,16.81,16.59,16.81,16.95,16.7,16.99,17.18,16.86,16.91,17.06,16.79,16.68,16.81,16.58,16.58,16.7,16.45,6506,5822
2026-04-13 16:00:00,1.7,3.31,2.62,2.43,2.82,1.92,7,1.15,16.59,16.7,16.45,16.56,16.66,16.45,16.66,16.7,16.58,16.81,16.84,16.76,17.04,17.06,16.95,16.97,17.04,16.92,16.68,16.7,16.61,16.65,16.7,16.58,6506,5574
2026-04-13 15:00:00,1.69,3.31,2.61,2.41,2.89,2.02,7.01,1.12,16.3,16.45,16.11,16.31,16.45,16.14,16.45,16.58,16.34,16.66,16.74,16.58,17.03,17.06,16.94,16.92,16.95,16.86,16.5,16.58,16.37,16.53,16.6,16.45,6506,6149
2026-04-13 14:00:00,1.71,3.29,2.58,2.39,3.04,2.02,7,1.08,15.69,16.11,15.28,15.74,16.11,15.39,15.95,16.28,15.63,16.3,16.58,15.99,16.92,17.06,16.73,16.63,16.87,16.33,16.08,16.34,15.76,16.28,16.45,15.99,6504,5795
2026-04-13 13:00:00,1.69,3.26,2.57,2.37,3.08,2.01,6.96,1.1,14.81,15.18,14.38,14.92,15.28,14.54,15.19,15.52,14.81,15.64,15.98,15.28,16.46,16.7,16.11,16,16.33,15.62,15.43,15.75,15.13,15.62,15.94,15.29,6502,6661
2026-04-13 12:00:00,1.65,3.14,2.51,2.36,3.09,1.99,6.92,1.15,13.94,14.26,13.64,14.09,14.45,13.83,14.39,14.69,14.1,14.82,15.21,14.47,15.65,16.04,15.29,15.25,15.59,14.92,14.72,15.04,14.45,14.89,15.21,14.6,6497,6701
2026-04-13 11:00:00,1.64,3.07,2.44,2.27,3.09,2,6.88,1.11,13.05,13.62,12.46,13.17,13.74,12.56,13.48,14.01,12.91,13.95,14.45,13.39,14.64,15.2,13.98,14.43,14.91,13.85,14.01,14.4,13.5,14.24,14.57,13.75,6497,6712
2026-04-13 10:00:00,1.62,3.09,2.37,2.16,3.18,2.01,6.94,1.06,11.92,12.38,11.39,12.02,12.46,11.5,12.32,12.8,11.85,12.75,13.27,12.22,13.26,13.79,12.8,13.26,13.73,12.78,12.88,13.38,12.32,13.18,13.66,12.68,6493,6705
2026-04-13 09:00:00,1.49,2.99,2.29,2.12,3.28,1.99,7.02,1.05,10.88,11.28,10.55,11.04,11.42,10.79,11.29,11.73,11.02,11.59,12.12,11.25,12.12,12.68,11.65,12.01,12.66,11.37,11.6,12.2,11.06,11.96,12.56,11.4,6488,6697
2026-04-13 08:00:00,1.46,2.92,2.23,2.05,3.22,1.89,6.89,1.02,10.43,10.55,10.26,10.57,10.78,10.43,10.75,10.96,10.59,10.78,11.14,10.55,11.2,11.62,10.92,10.92,11.28,10.77,10.63,10.98,10.43,10.93,11.28,10.75,6484,6673
2026-04-13 07:00:00,1.47,2.92,2.24,2.04,3.19,1.87,6.88,1,10.48,10.59,10.32,10.59,10.68,10.43,10.72,10.79,10.62,10.6,10.67,10.55,10.88,11.01,10.68,10.55,10.78,10.3,10.31,10.43,10.18,10.59,10.74,10.43,6481,70
2026-04-13 06:00:00,1.49,2.98,2.29,2.07,3.23,1.89,6.88,1.03,11,11.31,10.78,11.06,11.38,10.79,11.16,11.49,10.9,10.89,11.26,10.55,10.96,11.28,10.68,10.49,10.88,10.18,10.44,10.83,10.12,10.56,10.9,10.31,6484,0
2026-04-13 05:00:00,1.6,3.06,2.36,2.19,3.3,1.97,6.98,1.09,11.76,12.09,11.38,11.91,12.29,11.5,12.04,12.44,11.61,11.88,12.32,11.37,12,12.58,11.38,11.7,12.43,10.9,11.68,12.35,10.91,11.67,12.44,10.92,6488,0
2026-04-13 04:00:00,1.65,3.08,2.39,2.22,3.28,2.01,7.15,1.08,12.38,12.68,12.12,12.58,12.82,12.32,12.76,13.03,12.47,12.76,13.03,12.44,13.04,13.28,12.68,12.96,13.26,12.55,12.79,13.04,12.44,12.88,13.15,12.54,6488,0
2026-04-13 03:00:00,1.63,3.07,2.43,2.29,3.3,2.02,7.25,1.09,12.96,13.26,12.68,13.13,13.39,12.92,13.3,13.56,13.04,13.33,13.62,13.05,13.6,13.87,13.39,13.53,13.73,13.26,13.37,13.62,13.14,13.45,13.68,13.17,6493,0
2026-04-13 02:00:00,1.65,3.11,2.46,2.33,3.34,2.05,7.36,1.1,13.52,13.74,13.27,13.66,13.86,13.4,13.81,13.98,13.62,13.84,13.99,13.62,14.09,14.26,13.87,13.98,14.14,13.78,13.83,13.97,13.62,13.9,14.06,13.74,6493,0
2026-04-13 01:00:00,1.64,3.15,2.5,2.34,3.37,2.05,7.38,1.1,13.93,14.1,13.77,14,14.18,13.86,14.1,14.21,13.99,14.09,14.15,14.06,14.3,14.34,14.25,14.11,14.17,14.08,13.98,14,13.97,14.08,14.1,14.06,6493,0
2026-04-13 00:00:00,1.69,3.21,2.54,2.38,3.39,2.05,7.39,1.1,14.41,14.81,14.16,14.49,14.87,14.22,14.56,14.92,14.27,14.4,14.78,14.21,14.48,14.81,14.33,14.26,14.62,14.08,14.25,14.59,14.06,14.23,14.57,14.1,6475,0
2026-04-12 23:00:00,1.72,3.33,2.62,2.44,3.4,2.07,7.42,1.14,15.16,15.52,14.87,15.21,15.56,14.93,15.27,15.63,14.98,15.13,15.51,14.81,15.19,15.52,14.93,15.01,15.39,14.68,15.01,15.39,14.68,14.94,15.28,14.68,6497,0
2026-04-12 22:00:00,1.71,3.35,2.63,2.45,3.38,2.09,7.39,1.08,15.93,16.34,15.55,15.97,16.34,15.64,16,16.42,15.63,15.85,16.2,15.51,15.87,16.23,15.6,15.71,16.09,15.42,15.73,16.1,15.4,15.61,15.98,15.36,6502,0
2026-04-12 21:00:00,1.74,3.37,2.73,2.51,3.41,2.12,7.39,1.07,16.93,17.49,16.39,16.99,17.53,16.45,17.01,17.53,16.45,16.87,17.41,16.33,16.85,17.41,16.24,16.73,17.31,16.1,16.78,17.35,16.2,16.6,17.17,15.99,6504,0
2026-04-12 20:00:00,1.81,3.34,2.88,2.57,3.46,2.16,7.44,1.05,18.04,18.45,17.59,18.02,18.36,17.64,18.01,18.35,17.62,17.96,18.35,17.52,17.96,18.36,17.53,17.86,18.2,17.4,17.84,18.2,17.4,17.67,18,17.27,6506,279
2026-04-12 19:00:00,1.82,3.35,2.99,2.62,3.5,2.19,7.4,1.04,18.71,18.95,18.45,18.64,18.83,18.44,18.62,18.83,18.36,18.62,18.91,18.35,18.64,18.95,18.37,18.55,18.82,18.33,18.46,18.7,18.23,18.28,18.49,18.07,6510,2099
2026-04-12 18:00:00,1.81,3.36,3.02,2.63,3.52,2.3,7.37,1.02,19.04,19.25,18.94,18.99,19.18,18.83,18.98,19.18,18.83,19.01,19.18,18.85,19.01,19.19,18.84,18.9,19.12,18.73,18.79,19.01,18.62,18.56,18.77,18.4,6510,3431
2026-04-12 17:00:00,1.84,3.37,3.07,2.73,3.52,2.35,7.37,1.02,19.47,19.56,19.29,19.4,19.5,19.29,19.42,19.53,19.29,19.52,19.65,19.29,19.6,19.76,19.31,19.53,19.7,19.18,19.35,19.53,19.07,19.24,19.42,18.84,6510,4888
2026-04-12 16:00:00,1.84,3.37,3.08,2.82,3.53,2.38,7.4,1.02,19.55,19.83,19.37,19.46,19.66,19.29,19.51,19.7,19.34,19.67,20.01,19.42,19.78,20.12,19.54,19.74,20.12,19.52,19.53,19.84,19.29,19.46,19.85,19.19,6510,6047
2026-04-12 15:00:00,1.83,3.38,2.94,2.71,3.51,2.35,7.44,1.04,18.91,19.54,18.36,18.8,19.42,18.32,18.88,19.45,18.37,19.11,19.77,18.59,19.3,19.9,18.79,19.2,19.87,18.67,18.83,19.54,18.34,18.96,19.64,18.45,6510,6669
2026-04-12 14:00:00,1.81,3.37,2.78,2.64,3.49,2.2,7.6,1.12,17.85,18.29,17.16,17.75,18.24,17.04,17.85,18.35,17.16,18.15,18.59,17.45,18.35,18.74,17.68,18.24,18.61,17.62,17.9,18.27,17.29,18.09,18.41,17.53,6506,6622
2026-04-12 13:00:00,1.73,3.3,2.65,2.53,3.43,2.11,7.66,1.13,16.29,16.94,15.62,16.23,16.9,15.52,16.34,16.95,15.64,16.66,17.29,15.99,16.91,17.53,16.23,16.83,17.51,16.11,16.51,17.12,15.87,16.8,17.41,16.11,6504,6358
2026-04-12 12:00:00,1.71,3.25,2.6,2.48,3.41,2.1,7.67,1.16,14.92,15.52,14.49,14.97,15.44,14.64,15.11,15.61,14.81,15.28,15.87,14.81,15.52,16.11,15.05,15.43,16,14.91,15.23,15.75,14.82,15.47,16,15.04,6502,6724
2026-04-12 11:00:00,1.69,3.23,2.57,2.5,3.42,2.11,7.67,1.2,14.54,14.64,14.45,14.67,14.7,14.61,14.86,14.92,14.8,14.9,15.04,14.8,15.12,15.29,15.04,14.97,15.13,14.88,14.87,14.92,14.8,15.05,15.16,14.93,6497,5661
2026-04-12 10:00:00,1.69,3.15,2.55,2.47,3.43,2.09,7.69,1.18,14.2,14.47,13.88,14.28,14.58,13.98,14.45,14.79,14.1,14.56,14.92,14.1,14.76,15.17,14.29,14.6,15.02,14.08,14.37,14.8,13.89,14.64,15.04,14.11,6506,6732
2026-04-12 09:00:00,1.66,3.12,2.52,2.45,3.39,2.07,7.62,1.15,13.87,13.88,13.86,13.92,13.98,13.87,14.01,14.1,13.98,13.98,14.09,13.93,14.05,14.22,13.98,13.79,14,13.73,13.72,13.86,13.65,13.85,14.05,13.76,6499,6693
2026-04-12 08:00:00,1.68,3.14,2.54,2.47,3.41,2.08,7.63,1.15,14.07,14.36,13.86,14.19,14.45,13.98,14.29,14.57,14.1,14.17,14.45,13.98,14.23,14.46,13.98,13.99,14.27,13.73,14.01,14.23,13.74,14.08,14.33,13.86,6495,1887
2026-04-12 07:00:00,1.71,3.22,2.58,2.52,3.44,2.09,7.68,1.18,14.7,14.81,14.45,14.67,14.81,14.48,14.74,14.89,14.57,14.68,14.8,14.49,14.69,14.81,14.53,14.48,14.62,14.32,14.44,14.57,14.31,14.45,14.57,14.33,6495,0
2026-04-12 06:00:00,1.72,3.26,2.64,2.54,3.46,2.13,7.68,1.2,14.98,15.04,14.86,14.94,15.04,14.81,15.01,15.11,14.92,14.98,15.09,14.81,15.02,15.16,14.83,14.81,14.91,14.68,14.78,14.92,14.63,14.78,14.93,14.62,6497,0
2026-04-12 05:00:00,1.73,3.33,2.64,2.54,3.45,2.13,7.66,1.23,15.14,15.16,15.06,15.13,15.16,15.04,15.19,15.27,15.12,15.21,15.28,15.14,15.25,15.33,15.17,15.08,15.19,14.91,15.06,15.16,14.92,15.06,15.16,14.93,6497,0
2026-04-12 04:00:00,1.72,3.35,2.67,2.57,3.44,2.15,7.65,1.17,15.15,15.18,15.13,15.18,15.24,15.16,15.28,15.29,15.27,15.27,15.28,15.26,15.37,15.4,15.32,15.25,15.27,15.19,15.22,15.28,15.16,15.26,15.28,15.18,6497,0
2026-04-12 03:00:00,1.73,3.33,2.66,2.57,3.45,2.13,7.64,1.15,15.21,15.39,15.13,15.32,15.44,15.23,15.41,15.52,15.29,15.36,15.51,15.28,15.45,15.53,15.4,15.34,15.49,15.27,15.36,15.51,15.28,15.39,15.52,15.28,6499,0
2026-04-12 02:00:00,1.74,3.33,2.66,2.55,3.43,2.13,7.61,1.17,15.52,15.64,15.4,15.61,15.75,15.51,15.67,15.77,15.55,15.65,15.75,15.51,15.73,15.87,15.62,15.64,15.74,15.5,15.65,15.78,15.51,15.66,15.77,15.52,6502,0
2026-04-12 01:00:00,1.73,3.33,2.67,2.57,3.44,2.14,7.6,1.14,15.87,16.11,15.64,15.94,16.11,15.75,16.01,16.2,15.86,16,16.2,15.76,16.06,16.25,15.87,16,16.2,15.77,16.04,16.24,15.84,16.03,16.23,15.87,6502,0
2026-04-12 00:00:00,1.72,3.34,2.71,2.6,3.45,2.15,7.58,1.14,16.3,16.45,16.11,16.34,16.54,16.2,16.4,16.58,16.2,16.4,16.58,16.23,16.46,16.62,16.34,16.43,16.6,16.23,16.45,16.64,16.27,16.42,16.59,16.23,6484,0
2026-04-11 23:00:00,1.73,3.4,2.74,2.61,3.45,2.15,7.55,1.15,16.74,16.94,16.57,16.75,16.94,16.58,16.79,16.93,16.58,16.82,17.04,16.65,16.87,17.06,16.7,16.84,17.04,16.69,16.85,17.04,16.69,16.79,16.94,16.64,6504,0
2026-04-11 22:00:00,1.81,3.38,2.79,2.62,3.45,2.15,7.59,1.14,17.11,17.25,16.94,17.09,17.19,16.94,17.11,17.23,17.03,17.17,17.29,17.04,17.22,17.29,17.07,17.19,17.28,17.04,17.17,17.29,17.04,17.1,17.17,16.94,6506,0
2026-04-11 21:00:00,1.81,3.36,2.81,2.64,3.46,2.19,7.63,1.14,17.41,17.54,17.29,17.38,17.53,17.25,17.41,17.53,17.29,17.46,17.64,17.29,17.49,17.65,17.31,17.47,17.62,17.29,17.46,17.64,17.29,17.35,17.51,17.17,6506,0
2026-04-11 20:00:00,1.82,3.35,2.88,2.68,3.5,2.19,7.6,1.12,17.84,18,17.62,17.77,17.94,17.59,17.78,17.95,17.59,17.85,18.04,17.64,17.9,18.12,17.65,17.86,18.08,17.62,17.83,18,17.64,17.7,17.87,17.53,6506,0
2026-04-11 19:00:00,1.82,3.35,2.9,2.71,3.52,2.21,7.57,1.12,18.15,18.24,18.02,18.05,18.12,17.95,18.06,18.12,17.98,18.17,18.24,18.11,18.21,18.35,18.12,18.17,18.29,18.09,18.11,18.2,18,17.98,18.12,17.87,6506,1654
2026-04-11 18:00:00,1.83,3.37,2.9,2.71,3.53,2.2,7.54,1.11,18.17,18.24,18.12,18.08,18.12,18.04,18.11,18.12,18.1,18.23,18.24,18.23,18.31,18.36,18.27,18.28,18.32,18.25,18.2,18.23,18.17,18.12,18.12,18.12,6506,2139
2026-04-11 17:00:00,1.82,3.35,2.91,2.71,3.52,2.24,7.53,1.11,18.17,18.36,18.12,18.12,18.25,18.04,18.16,18.35,18.09,18.28,18.45,18.23,18.31,18.48,18.24,18.31,18.45,18.2,18.27,18.45,18.19,18.17,18.35,18.12,6510,4246
2026-04-11 16:00:00,1.81,3.36,2.94,2.74,3.51,2.35,7.46,1.07,18.56,18.7,18.36,18.49,18.59,18.35,18.52,18.6,18.35,18.69,18.83,18.45,18.77,18.95,18.51,18.77,18.93,18.56,18.63,18.73,18.45,18.56,18.7,18.36,6510,4849
2026-04-11 15:00:00,1.85,3.35,2.85,2.73,3.49,2.31,7.54,1.1,18.35,18.7,17.65,18.18,18.58,17.53,18.2,18.59,17.53,18.52,18.83,17.89,18.68,18.95,18.12,18.63,18.93,18.08,18.35,18.7,17.76,18.45,18.7,17.92,6517,6638
2026-04-11 14:00:00,1.76,3.29,2.7,2.63,3.43,2.15,7.73,1.15,16.9,17.53,16.32,16.77,17.39,16.23,16.83,17.41,16.32,17.16,17.76,16.59,17.4,18.01,16.82,17.35,17.94,16.78,17.08,17.64,16.57,17.25,17.79,16.7,6510,6716
2026-04-11 13:00:00,1.73,3.25,2.62,2.55,3.4,2.14,7.69,1.21,15.74,16.23,15.28,15.66,16.11,15.28,15.77,16.2,15.4,16.04,16.51,15.63,16.26,16.7,15.87,16.19,16.69,15.74,16.01,16.45,15.63,16.15,16.59,15.75,6510,6709
2026-04-11 12:00:00,1.72,3.26,2.63,2.54,3.39,2.13,7.67,1.21,15.22,15.28,15.16,15.19,15.28,15.13,15.31,15.4,15.23,15.52,15.62,15.47,15.73,15.77,15.64,15.64,15.74,15.61,15.53,15.62,15.48,15.62,15.67,15.53,6497,6370
2026-04-11 11:00:00,1.71,3.19,2.61,2.54,3.39,2.13,7.66,1.25,14.9,15.16,14.66,14.84,15.1,14.57,14.94,15.18,14.69,15.2,15.44,14.92,15.42,15.64,15.15,15.33,15.56,15.03,15.19,15.45,14.92,15.3,15.52,15.04,6502,5385
2026-04-11 10:00:00,1.7,3.11,2.56,2.52,3.42,2.1,7.63,1.25,14.27,14.57,14,14.25,14.49,14.1,14.36,14.64,14.16,14.52,14.81,14.21,14.74,15.05,14.44,14.6,14.93,14.31,14.47,14.82,14.09,14.6,14.93,14.22,6497,5212
2026-04-11 09:00:00,1.67,3.1,2.55,2.49,3.4,2.09,7.55,1.23,14.03,14.1,13.98,14.01,14.08,13.98,14.1,14.1,14.1,14.1,14.2,14.08,14.21,14.34,14.1,13.99,14.2,13.85,13.87,14.09,13.75,13.97,14.2,13.85,6497,2166
2026-04-11 08:00:00,1.7,3.11,2.56,2.51,3.39,2.09,7.51,1.23,14.21,14.34,14.1,14.2,14.33,14.09,14.26,14.44,14.12,14.18,14.33,14.08,14.21,14.34,14.1,13.94,14.08,13.84,13.92,14.09,13.75,13.93,14.05,13.85,6497,902
2026-04-11 07:00:00,1.68,3.15,2.59,2.56,3.42,2.09,7.55,1.24,14.6,14.81,14.42,14.58,14.81,14.34,14.66,14.88,14.45,14.55,14.8,14.33,14.61,14.93,14.35,14.36,14.68,14.1,14.38,14.68,14.09,14.35,14.69,14.1,6499,0
2026-04-11 06:00:00,1.71,3.23,2.65,2.58,3.42,2.1,7.55,1.27,14.98,15.16,14.81,15,15.17,14.81,15.08,15.28,14.92,15.05,15.27,14.89,15.15,15.32,14.98,15,15.19,14.79,14.98,15.16,14.8,14.94,15.16,14.73,6502,0
2026-04-11 05:00:00,1.72,3.28,2.66,2.59,3.41,2.12,7.54,1.24,15.39,15.52,15.17,15.36,15.44,15.27,15.43,15.52,15.28,15.44,15.52,15.28,15.55,15.65,15.4,15.44,15.59,15.26,15.42,15.51,15.22,15.38,15.52,15.16,6502,0
2026-04-11 04:00:00,1.73,3.29,2.66,2.58,3.41,2.12,7.53,1.23,15.57,15.64,15.41,15.58,15.64,15.42,15.61,15.69,15.52,15.66,15.75,15.51,15.77,15.88,15.63,15.66,15.76,15.49,15.64,15.75,15.48,15.6,15.75,15.4,6502,0
2026-04-11 03:00:00,1.73,3.28,2.67,2.57,3.42,2.13,7.53,1.22,15.8,16.04,15.64,15.82,16.04,15.64,15.88,16.11,15.73,15.89,16.11,15.74,15.97,16.2,15.8,15.89,16.1,15.74,15.87,16.08,15.74,15.85,15.99,15.72,6504,0
2026-04-11 02:00:00,1.69,3.32,2.72,2.6,3.43,2.14,7.58,1.22,16.19,16.23,16.11,16.16,16.23,16.06,16.17,16.2,16.11,16.18,16.2,16.11,16.29,16.35,16.23,16.17,16.2,16.1,16.11,16.15,16.1,16.07,16.11,15.99,6506,0
2026-04-11 01:00:00,1.7,3.32,2.74,2.61,3.44,2.12,7.56,1.22,16.34,16.37,16.25,16.25,16.34,16.23,16.22,16.33,16.2,16.2,16.23,16.19,16.24,16.34,16.12,16.11,16.2,15.98,16.05,16.1,15.99,16,16.11,15.87,6506,0
2026-04-11 00:00:00,1.72,3.29,2.76,2.64,3.44,2.15,7.53,1.21,16.66,16.94,16.45,16.6,16.94,16.34,16.58,16.87,16.34,16.41,16.7,16.2,16.32,16.59,16.11,16.17,16.45,15.98,16.19,16.45,15.99,16.05,16.33,15.87,6484,0
2026-04-10 23:00:00,1.79,3.31,2.81,2.67,3.44,2.2,7.46,1.25,17.37,17.86,16.99,17.36,17.87,16.94,17.34,17.81,16.93,17.15,17.64,16.73,17.03,17.53,16.62,16.88,17.4,16.45,16.96,17.45,16.54,16.69,17.15,16.35,6510,0
2026-04-10 22:00:00,1.81,3.29,2.97,2.72,3.49,2.36,7.45,1.25,18.4,18.95,17.95,18.38,18.84,17.99,18.32,18.83,17.87,18.22,18.7,17.76,18.1,18.6,17.65,18.02,18.56,17.51,18.05,18.57,17.57,17.69,18.12,17.29,6517,0
2026-04-10 21:00:00,1.85,3.3,3.13,2.81,3.5,2.29,7.38,1.16,19.46,19.89,18.99,19.35,19.66,18.95,19.27,19.65,18.86,19.28,19.65,18.83,19.24,19.66,18.7,19.2,19.64,18.62,19.14,19.53,18.62,18.8,19.19,18.24,6517,0
2026-04-10 20:00:00,1.84,3.39,3.22,3,3.51,2.32,7.39,1.16,20.21,20.51,19.91,20,20.24,19.77,19.92,20.12,19.67,20.01,20.29,19.77,20.04,20.32,19.78,19.95,20.23,19.75,19.8,20.01,19.65,19.46,19.66,19.29,6519,0
2026-04-10 19:00:00,1.83,3.39,3.24,3.07,3.52,2.34,7.45,1.15,20.33,20.6,19.93,19.98,20.25,19.66,19.9,20.25,19.54,20.11,20.48,19.65,20.1,20.49,19.54,19.9,20.36,19.29,19.59,20.12,18.94,19.26,19.89,18.45,6522,2111
2026-04-10 18:00:00,1.85,3.34,3.2,2.86,3.53,2.33,7.44,1.21,19.87,19.91,19.77,19.54,19.61,19.43,19.41,19.52,19.29,19.53,19.62,19.42,19.46,19.54,19.37,19.2,19.26,19.1,18.91,18.94,18.85,18.4,18.45,18.36,6519,6693
2026-04-10 17:00:00,1.86,3.32,3.23,2.88,3.53,2.35,7.41,1.15,19.75,19.93,19.66,19.5,19.66,19.4,19.39,19.54,19.29,19.51,19.74,19.34,19.5,19.78,19.31,19.27,19.56,19.04,19.06,19.29,18.92,18.6,18.84,18.41,6519,3990
2026-04-10 16:00:00,1.86,3.34,3.25,2.92,3.52,2.35,7.42,1.19,19.89,20.01,19.78,19.61,19.66,19.54,19.49,19.54,19.42,19.63,19.76,19.53,19.68,19.79,19.54,19.44,19.64,19.29,19.08,19.29,18.94,18.6,18.95,18.36,6519,4262
2026-04-10 15:00:00,1.86,3.35,3.29,3.11,3.46,2.33,7.42,1.16,19.9,20.12,19.43,19.56,19.77,19.18,19.47,19.65,19.15,19.69,19.77,19.51,19.92,20.01,19.78,19.59,19.7,19.5,19.24,19.41,19.06,18.59,18.7,18.45,6519,4317
2026-04-10 14:00:00,1.85,3.3,3.24,3.2,3.08,2.31,7.66,1.23,18.68,19.37,18,18.45,19.06,17.87,18.52,19.06,18,18.97,19.42,18.45,19.59,19.95,19.19,19.32,19.75,18.82,18.72,19.27,18,18.21,18.59,17.76,6499,6669
2026-04-10 13:00:00,1.85,3.3,2.97,3.01,3.04,2.32,7.84,1.27,17.42,17.9,17.04,17.35,17.79,17.04,17.54,17.92,17.18,18.04,18.45,17.76,18.74,19.17,18.36,18.18,18.7,17.86,17.36,17.87,17.04,17.32,17.75,17.04,6519,6716
2026-04-10 12:00:00,1.75,3.29,2.77,2.85,2.99,2.31,7.93,1.37,16.26,17,15.61,16.21,16.94,15.52,16.41,17.1,15.75,16.92,17.64,16.2,17.53,18.29,16.7,17.01,17.77,16.24,16.23,16.93,15.63,16.31,16.94,15.75,6513,6709
2026-04-10 11:00:00,1.72,3.13,2.61,2.73,2.86,2.26,7.84,1.5,14.59,15.4,13.62,14.47,15.36,13.51,14.69,15.56,13.71,15.18,16.09,14.12,15.58,16.59,14.44,15.24,16.1,14.25,14.81,15.51,13.95,14.99,15.64,14.22,6517,6728
2026-04-10 10:00:00,1.69,3,2.46,2.58,2.56,2.05,7.66,1.41,12.6,13.4,12.09,12.59,13.3,12.09,12.75,13.51,12.2,13.05,13.98,12.35,13.21,14.22,12.45,13.17,14.08,12.46,13.02,13.78,12.44,13.34,14.1,12.68,6506,6732
2026-04-10 09:00:00,1.67,2.92,2.41,2.54,2.45,1.95,7.57,1.33,11.88,12.07,11.82,11.86,12.09,11.73,11.92,12.16,11.73,11.96,12.32,11.73,11.9,12.33,11.57,11.96,12.43,11.6,11.98,12.42,11.62,12.25,12.68,11.93,6493,2864
2026-04-10 08:00:00,1.67,2.9,2.38,2.53,2.38,1.87,7.48,1.33,11.84,11.97,11.73,11.76,11.85,11.73,11.75,11.85,11.73,11.56,11.64,11.49,11.38,11.5,11.32,11.36,11.49,11.27,11.48,11.61,11.42,11.69,11.85,11.62,6490,2099
2026-04-10 07:00:00,1.68,2.97,2.44,2.53,2.39,1.89,7.61,1.32,12.11,12.32,11.97,12.02,12.21,11.85,12.02,12.2,11.85,11.74,11.93,11.61,11.51,11.66,11.38,11.45,11.6,11.36,11.62,11.78,11.49,11.79,11.95,11.67,6493,0
2026-04-10 06:00:00,1.68,2.97,2.44,2.57,2.46,1.97,7.7,1.32,12.59,12.83,12.32,12.52,12.8,12.27,12.53,12.8,12.26,12.23,12.44,11.97,12.01,12.31,11.74,11.93,12.19,11.6,12.11,12.34,11.85,12.23,12.45,11.97,6497,0
2026-04-10 05:00:00,1.67,2.97,2.49,2.59,2.48,1.99,7.69,1.32,13.14,13.39,12.92,13.07,13.38,12.8,13.08,13.35,12.8,12.8,13.06,12.56,12.61,12.92,12.33,12.52,12.8,12.27,12.69,12.95,12.44,12.77,13.03,12.55,6497,0
2026-04-10 04:00:00,1.68,3.05,2.53,2.67,2.51,2.03,7.69,1.33,13.73,13.99,13.5,13.66,13.97,13.39,13.67,13.96,13.39,13.41,13.74,13.15,13.24,13.56,12.94,13.15,13.49,12.89,13.29,13.62,13.03,13.3,13.61,13.03,6502,0
2026-04-10 03:00:00,1.73,3.1,2.62,2.74,2.58,2.06,7.72,1.41,14.35,14.67,14.08,14.29,14.57,13.98,14.3,14.57,13.98,14.09,14.44,13.74,13.96,14.34,13.63,13.86,14.2,13.49,13.97,14.32,13.62,13.94,14.27,13.63,6504,0
2026-04-10 02:00:00,1.74,3.23,2.72,2.82,2.67,2.09,7.75,1.45,14.92,15.23,14.69,14.9,15.16,14.68,14.9,15.18,14.67,14.75,15.04,14.45,14.68,15.04,14.35,14.59,14.91,14.32,14.63,14.92,14.34,14.57,14.82,14.33,6506,0
2026-04-10 01:00:00,1.77,3.28,2.76,2.82,2.71,2.12,7.74,1.47,15.54,15.85,15.28,15.53,15.81,15.27,15.53,15.8,15.27,15.42,15.75,15.16,15.4,15.76,15.05,15.31,15.65,14.96,15.29,15.63,15,15.19,15.52,14.92,6506,0
2026-04-10 00:00:00,1.74,3.36,2.78,2.82,2.76,2.2,7.75,1.41,16.14,16.4,15.87,16.11,16.34,15.86,16.09,16.34,15.87,16.04,16.27,15.75,16.09,16.35,15.83,15.99,16.2,15.74,15.88,16.09,15.63,15.78,15.97,15.54,6481,0
2026-04-09 23:00:00,1.74,3.3,2.84,2.84,2.83,2.25,7.83,1.36,16.64,16.82,16.45,16.57,16.7,16.37,16.54,16.7,16.34,16.46,16.59,16.31,16.53,16.7,16.35,16.39,16.57,16.2,16.22,16.34,16.1,16.09,16.23,15.98,6510,0
2026-04-09 22:00:00,1.8,3.3,2.97,2.88,2.94,2.21,8.1,1.36,17.11,17.41,16.82,17.06,17.32,16.78,17.03,17.29,16.7,16.94,17.18,16.64,17.03,17.29,16.7,16.84,17.06,16.57,16.67,16.93,16.34,16.43,16.58,16.23,6517,0
2026-04-09 21:00:00,1.84,3.23,3.31,2.93,3.11,2.22,8.05,1.31,18.09,18.83,17.41,18.04,18.61,17.41,17.94,18.51,17.4,17.82,18.45,17.24,17.99,18.7,17.29,17.72,18.45,17.04,17.44,18,16.92,17.05,17.65,16.58,6524,0
2026-04-09 20:00:00,1.87,3.24,3.49,3.03,3.18,2.4,7.97,1.27,19.19,19.54,18.89,19,19.29,18.7,18.89,19.18,18.59,18.85,19.14,18.58,19.15,19.42,18.83,18.85,19.04,18.57,18.26,18.37,18.11,17.92,18.01,17.76,6533,0
2026-04-09 19:00:00,1.98,3.27,3.5,3.31,3.2,2.42,7.96,1.27,19.74,19.81,19.59,19.5,19.54,19.36,19.38,19.42,19.23,19.36,19.42,19.18,19.61,19.67,19.42,19.27,19.4,19.04,18.49,18.57,18.41,18.19,18.29,18,6542,2076
2026-04-09 18:00:00,1.94,3.25,3.54,3.43,3.21,2.42,8.05,1.28,19.59,19.77,19.29,19.33,19.53,19.09,19.23,19.42,19.06,19.08,19.29,18.85,19.43,19.66,19.26,19.05,19.29,18.82,18.21,18.45,17.99,18.15,18.35,18,6550,6728
2026-04-09 17:00:00,1.89,3.28,3.6,3.47,3.22,2.49,8.18,1.29,19.11,19.29,18.95,18.93,19.08,18.79,18.82,19.03,18.65,18.66,18.83,18.45,19.11,19.25,18.95,18.52,18.82,18.2,17.74,17.94,17.52,17.91,18,17.76,6588,5873
2026-04-09 16:00:00,1.9,3.29,3.61,3.53,3.24,2.67,8.3,1.33,18.56,18.84,18.07,18.36,18.7,17.87,18.25,18.59,17.77,18.08,18.35,17.64,18.57,18.84,18.12,17.72,18.11,17.28,17.19,17.45,16.81,17.44,17.65,17.14,6599,5472
2026-04-09 15:00:00,1.86,3.32,3.63,3.39,3.21,2.86,8.52,1.46,17.3,17.87,16.94,17.27,17.68,17.04,17.19,17.64,16.93,16.79,17.41,16.24,17.26,17.92,16.6,16.56,17.16,15.98,15.99,16.64,15.39,16.42,17.04,15.78,6628,5929
2026-04-09 14:00:00,1.8,3.17,3.54,3.35,3.26,3.05,8.68,1.62,18.35,21.5,17,18.4,21.19,17.1,17.84,20.01,16.93,16.07,16.58,15.87,15.76,16.54,15.06,15.08,15.87,14.25,14.73,15.28,14.33,15,15.67,14.55,6677,6626
2026-04-09 13:00:00,1.88,2.22,3.25,18.93,5.12,3.64,4.81,23.78,28.7,30.54,22.84,26.91,28.29,22.26,24.68,25.84,20.84,18.32,18.94,16.93,13.99,14.97,13.36,13.24,14.18,12.82,13.64,14.23,13.36,14.09,14.57,13.86,6766,6972
2026-04-09 12:00:00,1.81,1.68,3.24,26.92,6.03,3.87,2.92,34.85,31.58,34.32,29.83,28.74,30.17,27.69,26.36,27.63,25.35,17.81,18.2,17.17,12.8,13.28,12.33,12.78,12.81,12.78,13.37,13.38,13.35,13.87,13.91,13.86,6847,10664
2026-04-09 11:00:00,1.69,1.63,3.3,27.45,6.08,3.89,2.94,34.92,26.15,33.02,20.34,23.56,28.81,18.95,20.56,25.92,16.45,14.57,16.69,12.91,12.03,12.32,11.86,12.78,12.78,12.78,13.38,13.38,13.37,13.95,13.98,13.91,6847,10758
2026-04-09 10:00:00,1.58,1.47,3.13,27.68,6.07,3.92,2.95,34.97,15.45,19.2,12.08,14.58,18,11.61,13.41,15.87,11.38,11.79,12.68,11.02,11.72,11.84,11.63,12.79,12.84,12.78,13.38,13.41,13.38,13.98,13.98,13.98,6838,10632
2026-04-09 09:00:00,1.49,1.38,3.33,27.7,6.09,3.94,2.96,34.97,9.42,11.61,7.59,9.26,11.25,7.53,9.34,11.04,7.83,10.25,10.9,9.72,11.64,11.72,11.62,12.89,12.92,12.87,13.46,13.5,13.4,13.99,14.03,13.98,6826,9517
2026-04-09 08:00:00,1.55,1.47,3.68,27.43,6.07,3.89,2.97,34.97,6.78,7.36,6.65,6.82,7.36,6.65,7.23,7.61,7.12,9.6,9.68,9.59,11.77,11.85,11.73,13,13.03,12.95,13.52,13.59,13.5,14.08,14.1,14.05,6537,6831
2026-04-09 07:00:00,1.55,1.5,3.87,27.6,6.1,3.92,2.96,34.99,6.51,6.65,6.23,6.54,6.65,6.29,6.97,7.1,6.73,9.59,9.6,9.51,11.91,11.99,11.86,13.12,13.15,13.03,13.62,13.62,13.61,14.1,14.1,14.09,6475,1611
2026-04-09 06:00:00,1.45,1.59,3.89,27.39,6.09,3.9,2.96,35.01,5.78,6.06,5.58,5.95,6.29,5.71,6.53,6.9,6.31,9.56,9.84,9.47,12.12,12.21,12,13.24,13.28,13.15,13.71,13.74,13.65,14.12,14.16,14.1,6475,0
2026-04-09 05:00:00,1.56,1.64,3.99,27.65,6.1,3.88,2.95,35.06,7.02,7.59,6.17,7.18,7.7,6.41,7.73,8.14,7.11,10.14,10.3,9.85,12.28,12.34,12.21,13.36,13.39,13.29,13.8,13.86,13.74,14.21,14.22,14.17,6475,0
2026-04-09 04:00:00,1.57,1.75,4.1,27.78,6.13,3.88,2.99,35.1,6.79,7.59,6.35,6.87,7.6,6.47,7.39,8.07,7.03,10.12,10.25,10.07,12.48,12.57,12.34,13.47,13.5,13.4,13.86,13.88,13.86,14.22,14.22,14.22,6481,0
2026-04-09 03:00:00,1.55,1.76,4.03,27.82,6.11,3.83,3.03,35.15,6.45,6.77,6.29,6.71,7.1,6.5,7.36,7.81,7.1,10.41,10.67,10.18,12.72,12.8,12.62,13.56,13.61,13.5,13.95,13.97,13.89,14.23,14.28,14.22,6484,0
2026-04-09 02:00:00,1.57,2.06,3.95,28.21,6.12,3.81,3.04,35.17,7.68,8.89,6.89,7.96,9.13,7.22,8.63,9.66,7.95,11.12,11.51,10.78,12.9,12.95,12.8,13.62,13.64,13.61,13.97,13.98,13.97,14.3,14.33,14.25,6497,0
2026-04-09 01:00:00,1.54,2,4.07,28.87,6.18,3.82,3.04,35.23,9.52,9.6,9.13,9.67,9.8,9.37,10.12,10.25,9.85,11.73,11.82,11.61,13.02,13.05,12.99,13.71,13.73,13.65,14.05,14.09,14,14.33,14.33,14.33,6517,0
2026-04-09 00:00:00,1.54,2.03,4.26,29.54,6.23,3.83,3.03,35.31,9.73,9.84,9.6,9.9,9.97,9.84,10.35,10.43,10.31,11.86,11.95,11.85,13.12,13.16,13.05,13.74,13.77,13.73,14.09,14.1,14.09,14.33,14.33,14.33,6522,0
2026-04-08 23:00:00,1.52,1.99,4.24,29.78,6.26,3.84,3.05,35.38,9.77,9.84,9.72,9.91,9.99,9.84,10.38,10.43,10.31,11.96,11.98,11.92,13.2,13.28,13.16,13.82,13.85,13.75,14.12,14.17,14.09,14.36,14.42,14.33,6573,0
2026-04-08 22:00:00,1.54,1.99,4.35,30.35,6.33,3.85,3.09,35.46,9.86,9.96,9.76,10.03,10.12,9.96,10.48,10.62,10.43,12.06,12.14,11.99,13.29,13.34,13.28,13.85,13.87,13.85,14.19,14.21,14.16,14.42,14.45,14.4,6595,0
2026-04-08 21:00:00,1.6,2.01,4.52,30.93,6.47,3.88,3.15,35.57,10.09,10.31,9.96,10.23,10.43,10.1,10.68,10.9,10.56,12.23,12.33,12.14,13.39,13.41,13.38,13.92,13.97,13.88,14.21,14.21,14.21,14.45,14.45,14.45,6640,0
2026-04-08 20:00:00,1.62,2.04,4.73,31.3,6.5,3.88,3.11,35.5,10.57,10.78,10.43,10.69,10.89,10.55,11.06,11.26,10.98,12.45,12.58,12.37,13.49,13.51,13.43,13.97,13.97,13.96,14.21,14.24,14.21,14.45,14.45,14.45,6717,5929
2026-04-08 19:00:00,1.57,1.87,4.55,30.45,6.27,3.84,3.05,35.59,10.99,11.03,10.83,11.03,11.14,10.91,11.37,11.47,11.27,12.67,12.68,12.59,13.52,13.54,13.51,13.97,13.97,13.97,14.29,14.33,14.24,14.47,14.5,14.45,6784,6988
2026-04-08 18:00:00,1.64,1.85,4.51,30.11,6.14,3.82,3.07,35.71,11.37,11.9,11.1,11.37,11.85,11.14,11.66,12.09,11.39,12.83,13.02,12.69,13.58,13.62,13.56,13.99,14.03,13.97,14.33,14.33,14.32,14.55,14.57,14.5,6822,7095
2026-04-08 17:00:00,1.66,1.76,4.18,29.85,6.09,3.84,3.1,35.84,12.03,12.56,11.61,11.99,12.44,11.61,12.2,12.63,11.86,13.02,13.15,12.91,13.55,13.59,13.51,14.06,14.08,14.03,14.33,14.34,14.33,14.57,14.57,14.57,6822,10325
2026-04-08 16:00:00,1.71,1.93,4.52,30.2,6.1,3.85,3.08,36.04,11.87,12.32,11.38,11.84,12.21,11.38,12.03,12.32,11.61,12.84,12.98,12.68,13.54,13.6,13.52,14.08,14.09,14.08,14.41,14.45,14.37,14.57,14.59,14.57,6826,9967
2026-04-08 15:00:00,1.62,1.93,4.53,30.15,6.06,3.82,3.1,36.28,11.28,11.38,11.16,11.32,11.44,11.21,11.61,11.73,11.49,12.72,12.8,12.68,13.61,13.63,13.56,14.11,14.17,14.08,14.45,14.45,14.45,14.62,14.67,14.59,6822,8647
2026-04-08 14:00:00,1.69,1.94,4.86,30.59,6.07,3.8,3.06,36.48,11.2,11.5,11.02,11.25,11.57,11.14,11.56,11.85,11.41,12.76,12.91,12.68,13.63,13.63,13.62,14.2,14.2,14.18,14.51,14.57,14.46,14.68,14.69,14.67,6818,8556
2026-04-08 13:00:00,1.7,1.83,4.33,29.39,5.74,3.78,3.03,36.89,12.16,12.92,11.71,12.09,12.68,11.73,12.27,12.71,11.97,13.02,13.09,12.96,13.62,13.63,13.6,14.23,14.31,14.2,14.57,14.57,14.57,14.69,14.69,14.69,6822,8454
2026-04-08 12:00:00,1.54,1.71,4.02,28.75,5.69,3.76,3.05,37.58,11.71,13.01,11.02,11.65,12.68,11.05,11.88,12.74,11.38,12.69,13.03,12.47,13.61,13.63,13.59,14.32,14.36,14.31,14.62,14.68,14.57,14.7,14.73,14.69,6824,10357
2026-04-08 11:00:00,1.58,1.98,4.38,29.77,5.87,3.79,3.12,38.95,10.57,10.91,10.2,10.65,10.96,10.31,10.99,11.27,10.68,12.29,12.44,12.11,13.67,13.75,13.63,14.43,14.47,14.4,14.68,14.68,14.68,14.76,14.78,14.73,6662,6961
2026-04-08 10:00:00,1.76,2.21,5.22,31.7,6.03,3.87,3.18,39.33,10.13,10.31,10.08,10.23,10.43,10.14,10.62,10.8,10.47,12.14,12.37,12.07,13.83,13.96,13.75,14.54,14.62,14.45,14.7,14.8,14.68,14.8,14.81,14.78,6533,6799
2026-04-08 09:00:00,1.69,2.16,4.79,30.5,5.74,3.78,3.06,35.29,10.1,10.31,9.96,10.24,10.43,10.1,10.71,10.81,10.63,12.42,12.44,12.37,14.05,14.1,13.98,14.67,14.69,14.63,14.85,14.91,14.8,14.81,14.81,14.81,6510,6760
2026-04-08 08:00:00,1.69,2.07,4.5,29.3,5.52,3.77,2.96,34.89,10.1,10.31,9.96,10.27,10.52,10.08,10.79,11.02,10.56,12.64,12.8,12.45,14.25,14.34,14.15,14.78,14.79,14.7,14.92,14.92,14.91,14.81,14.82,14.81,6493,5554
2026-04-08 07:00:00,1.62,1.97,4.29,28.46,5.49,3.74,2.99,34.94,10.63,10.91,10.31,10.84,11.03,10.55,11.31,11.49,11.07,13.01,13.15,12.86,14.41,14.46,14.34,14.87,14.91,14.8,14.96,15.03,14.92,14.83,14.85,14.82,6495,0
2026-04-08 06:00:00,1.72,1.93,4.38,28.37,5.44,3.68,2.96,34.91,11.47,11.84,11.02,11.6,11.97,11.14,11.97,12.32,11.61,13.39,13.56,13.19,14.55,14.58,14.47,14.96,15.03,14.91,15.04,15.05,15.02,14.87,14.9,14.83,6502,0
2026-04-08 05:00:00,1.84,1.91,4.05,27.3,5.21,3.61,2.94,34.99,12.37,12.48,11.97,12.44,12.56,12.09,12.72,12.8,12.43,13.71,13.75,13.62,14.66,14.69,14.58,15.06,15.12,15.03,15.06,15.12,15.04,14.9,14.92,14.87,6510,0
2026-04-08 04:00:00,1.79,1.89,3.72,25.53,5.12,3.59,2.91,35.13,12.33,12.45,12.12,12.37,12.52,12.21,12.66,12.8,12.49,13.75,13.77,13.74,14.77,14.81,14.69,15.16,15.22,15.15,15.15,15.16,15.13,14.91,14.93,14.89,6524,0
2026-04-08 03:00:00,1.69,1.76,3.3,24.47,5.11,3.57,2.93,35.42,12.06,12.18,11.97,12.15,12.22,12.08,12.49,12.61,12.43,13.78,13.86,13.74,14.92,15.03,14.83,15.27,15.32,15.26,15.16,15.18,15.16,14.91,14.93,14.9,6533,0
2026-04-08 02:00:00,1.71,1.77,3.49,25.95,5.23,3.57,2.92,36.18,12.26,12.43,12.15,12.31,12.43,12.23,12.66,12.68,12.63,13.85,13.86,13.81,15.11,15.17,15.05,15.4,15.49,15.36,15.23,15.27,15.17,14.9,14.92,14.87,6542,0
2026-04-08 01:00:00,1.89,1.99,4.03,26.03,5.17,3.58,2.89,35.42,12.36,12.44,12.32,12.45,12.54,12.43,12.75,12.83,12.67,14.03,14.21,13.82,15.36,15.51,15.19,15.54,15.62,15.5,15.28,15.28,15.27,14.86,14.9,14.83,6550,0
2026-04-08 00:00:00,1.81,1.87,3.82,22.01,5,3.04,2.8,35.12,12.67,12.92,12.44,12.77,13.03,12.56,13.06,13.27,12.91,14.28,14.45,14.21,15.64,15.77,15.52,15.66,15.74,15.62,15.28,15.28,15.28,14.82,14.84,14.81,6537,0
2026-04-07 23:00:00,1.68,1.52,2.85,12.66,4.52,2.79,2.62,34.48,13.56,13.86,13.03,13.5,13.74,13.06,13.6,13.74,13.31,14.76,14.92,14.5,15.98,16.11,15.86,15.76,15.83,15.74,15.28,15.28,15.28,14.81,14.82,14.81,6577,0
2026-04-07 22:00:00,1.59,1.38,2.34,10.81,4.48,2.82,2.58,34.46,14.29,14.59,13.86,14.09,14.36,13.71,14.16,14.46,13.74,15.33,15.63,15,16.29,16.45,16.11,15.86,15.86,15.85,15.28,15.28,15.28,14.8,14.81,14.79,6595,0
2026-04-07 21:00:00,1.63,1.42,2.42,10.83,4.5,2.84,2.58,34.48,14.48,14.93,14.28,14.35,14.81,14.22,14.56,14.92,14.45,15.91,16.2,15.65,16.65,16.82,16.45,15.87,15.89,15.86,15.21,15.28,15.16,14.74,14.79,14.7,6640,0
2026-04-07 20:00:00,1.64,1.56,2.47,10.9,4.52,2.84,2.59,34.47,16.49,17.87,15.16,16.24,17.53,15.01,16.23,17.41,15.08,16.98,17.64,16.34,17.02,17.17,16.87,15.86,15.87,15.86,15.16,15.16,15.16,14.69,14.71,14.69,6720,2060
2026-04-07 19:00:00,1.75,1.63,2.64,11.03,4.56,2.78,2.66,34.44,19.54,21.82,18,18.93,20.84,17.65,18.48,19.86,17.53,18.29,18.94,17.76,17.25,17.29,17.18,15.78,15.86,15.74,15.06,15.14,15.04,14.69,14.69,14.69,6822,8970
2026-04-07 18:00:00,1.98,1.73,2.89,11.49,4.58,2.8,2.65,34.47,26.71,30.05,22.43,24.93,27.7,21.31,22.8,24.64,20.24,19.95,20.48,19.06,17.17,17.29,17.02,15.63,15.73,15.53,15.01,15.04,14.94,14.69,14.69,14.68,6838,10459
2026-04-07 17:00:00,1.95,1.75,2.97,11.58,4.57,2.82,2.62,34.46,25.44,28.44,21.9,24.05,26.51,20.96,22.23,24.27,19.79,19.61,20.36,18.83,16.86,16.95,16.82,15.47,15.54,15.39,14.92,14.92,14.89,14.68,14.69,14.67,6847,10522
2026-04-07 16:00:00,1.79,1.68,2.98,11,4.53,2.8,2.58,34.42,21.11,23.14,19.42,20.51,22.49,18.95,19.7,21.41,18.45,18.82,19.44,18.35,16.77,16.82,16.7,15.31,15.39,15.23,14.82,14.89,14.8,14.67,14.68,14.67,6840,10601
2026-04-07 15:00:00,1.87,1.64,2.79,10.84,4.54,2.9,2.57,34.43,26.05,28.88,23.49,25,27.45,22.73,23.37,25.1,21.66,20.15,20.71,19.53,16.47,16.7,16.23,15.09,15.17,15,14.8,14.8,14.78,14.68,14.69,14.66,6838,10561
2026-04-07 14:00:00,1.95,1.67,2.86,10.91,4.52,2.92,2.57,34.42,28.05,28.53,27.31,26.74,27.22,26.04,24.91,25.33,24.5,20.22,20.57,19.98,15.85,16.16,15.52,14.89,14.96,14.8,14.76,14.79,14.74,14.68,14.69,14.67,6847,10420
2026-04-07 13:00:00,1.85,1.67,2.79,10.79,4.51,2.88,2.57,34.48,25.2,28.64,22.49,23.92,27.08,21.5,22.46,25.74,20.11,18.38,20.12,17.29,15.2,15.43,15.03,14.79,14.79,14.79,14.75,14.78,14.72,14.68,14.69,14.67,6847,10471
2026-04-07 12:00:00,1.73,1.57,2.45,10.62,4.48,2.84,2.57,34.54,20.58,22.61,19.42,19.65,21.55,18.58,18.44,20.12,17.41,16.35,17.16,15.86,14.83,14.95,14.69,14.75,14.78,14.73,14.79,14.8,14.78,14.69,14.69,14.69,6838,10565
2026-04-07 11:00:00,1.69,1.45,2.37,10.59,4.47,2.83,2.57,34.53,17.74,19.36,16.45,16.97,18.48,15.78,16.12,17.41,15.16,15.2,15.76,14.79,14.61,14.69,14.58,14.77,14.79,14.75,14.8,14.81,14.8,14.69,14.69,14.69,6838,10034
2026-04-07 10:00:00,1.61,1.45,2.39,10.5,4.5,2.83,2.56,34.57,15.36,16.11,14.45,14.84,15.51,14.1,14.43,14.92,13.87,14.41,14.69,14.18,14.5,14.57,14.47,14.79,14.8,14.79,14.87,14.92,14.81,14.69,14.7,14.69,6826,9025
2026-04-07 09:00:00,1.64,1.45,2.3,10.36,4.51,2.82,2.55,34.59,15.44,15.99,14.64,14.96,15.4,14.32,14.42,14.78,14.1,14.14,14.22,13.99,14.49,14.55,14.47,14.87,14.91,14.79,14.92,14.93,14.91,14.7,14.73,14.69,6666,6945
2026-04-07 08:00:00,1.64,1.43,2.22,10.32,4.47,2.82,2.57,34.58,15.29,15.4,15.07,14.83,14.96,14.57,14.3,14.45,14.06,13.92,13.98,13.86,14.58,14.62,14.55,14.97,15.03,14.91,14.98,15.04,14.93,14.74,14.79,14.72,6550,6842
2026-04-07 07:00:00,1.62,1.33,2.21,10.28,4.48,2.83,2.59,34.57,14.54,14.93,14.32,14.04,14.45,13.85,13.61,13.87,13.48,13.84,13.86,13.81,14.69,14.74,14.66,15.07,15.15,15.03,15.04,15.05,15.04,14.77,14.8,14.76,6519,153
2026-04-07 06:00:00,1.6,1.31,2.17,10.28,4.48,2.84,2.55,34.6,14.01,14.33,13.74,13.63,13.98,13.39,13.37,13.63,13.15,13.83,13.89,13.74,14.82,14.92,14.75,15.19,15.27,15.15,15.12,15.16,15.07,14.78,14.8,14.77,6524,0
2026-04-07 05:00:00,1.62,1.32,2.14,10.31,4.5,2.87,2.56,34.58,14.12,14.33,13.86,13.78,13.98,13.53,13.56,13.74,13.39,13.94,13.98,13.88,14.98,15.05,14.93,15.32,15.39,15.27,15.16,15.17,15.16,14.78,14.8,14.76,6530,0
2026-04-07 04:00:00,1.56,1.27,2.12,10.26,4.5,2.83,2.53,34.56,12.84,14.31,11.73,12.65,13.94,11.79,12.71,13.65,12.2,13.83,13.95,13.75,15.16,15.28,15.05,15.46,15.5,15.39,15.24,15.28,15.2,14.76,14.79,14.75,6537,0
2026-04-07 03:00:00,1.54,1.24,2.11,10.25,4.48,2.82,2.55,34.54,11.83,11.9,11.74,11.9,11.97,11.81,12.26,12.32,12.2,13.94,14.04,13.86,15.39,15.52,15.29,15.62,15.73,15.53,15.28,15.3,15.28,14.71,14.75,14.7,6542,0
2026-04-07 02:00:00,1.56,1.23,2.12,10.24,4.5,2.86,2.53,34.54,11.86,11.95,11.85,11.94,11.97,11.89,12.32,12.35,12.32,14.13,14.22,14.07,15.65,15.79,15.52,15.79,15.86,15.73,15.35,15.39,15.31,14.69,14.7,14.69,6550,0
2026-04-07 01:00:00,1.56,1.3,2.11,10.26,4.53,2.88,2.48,34.53,12.13,12.32,11.97,12.17,12.44,11.98,12.58,12.8,12.43,14.46,14.69,14.29,15.98,16.11,15.86,15.95,16.01,15.86,15.39,15.39,15.39,14.68,14.69,14.68,6550,0
2026-04-07 00:00:00,1.55,1.29,2.17,10.28,4.59,2.88,2.48,34.52,13.06,13.86,12.44,13.01,13.62,12.49,13.31,13.75,12.91,14.99,15.28,14.69,16.3,16.45,16.12,16.13,16.2,16.04,15.39,15.39,15.39,14.59,14.65,14.57,6542,0
2026-04-06 23:00:00,1.59,1.39,2.23,10.28,4.58,2.92,2.48,34.52,15.04,15.75,14.08,14.49,15.04,13.74,14.3,14.63,13.86,15.44,15.52,15.28,16.67,16.87,16.45,16.29,16.37,16.2,15.39,15.39,15.39,14.54,14.57,14.47,6577,0
2026-04-06 22:00:00,1.62,1.42,2.25,10.27,4.61,2.91,2.54,34.53,15.45,15.86,15.04,14.71,15.15,14.22,14.25,14.67,13.86,15.57,15.68,15.51,17.18,17.49,16.94,16.49,16.57,16.41,15.34,15.39,15.28,14.45,14.47,14.42,6595,0
2026-04-06 21:00:00,1.57,1.3,2.18,10.21,4.67,2.89,2.53,34.57,13.86,14.8,13.26,13.43,13.96,13.03,13.65,14.12,13.4,16.2,16.81,15.74,17.88,18.24,17.53,16.62,16.69,16.57,15.23,15.28,15.16,14.34,14.39,14.32,6635,0
2026-04-06 20:00:00,1.63,1.44,2.32,10.29,4.71,2.86,2.57,34.64,16.13,18.12,14.1,15.54,17.18,13.87,15.64,17,14.33,17.83,18.7,16.95,18.61,18.95,18.25,16.68,16.69,16.67,15.08,15.16,14.99,14.24,14.31,14.22,6715,2119
2026-04-06 19:00:00,1.76,1.57,2.5,10.45,4.82,2.88,2.61,34.59,20.38,23.2,18.45,19.23,21.67,17.45,18.71,20.65,17.19,19.78,20.84,18.83,19.35,19.66,19.06,16.56,16.66,16.45,14.85,14.95,14.72,14.14,14.22,14.1,6822,7812
2026-04-06 18:00:00,2.12,1.77,2.88,10.9,4.85,2.91,2.59,34.59,30.57,36.8,24.13,27.95,33.38,22.49,25.95,31.47,21.19,22.86,24.63,21.09,19.87,19.98,19.7,16.27,16.45,16.1,14.57,14.68,14.45,14.07,14.1,14.03,6822,8923
2026-04-06 17:00:00,2.56,2.07,3.28,11.42,4.91,2.93,2.57,34.66,37.77,38.46,37,35.2,37.28,33.61,32.94,33.25,31.97,26.05,26.98,24.86,19.89,19.99,19.78,15.82,16.08,15.6,14.29,14.44,14.19,13.98,14,13.98,6849,10439
2026-04-06 16:00:00,2.48,2.17,3.1,11.53,4.91,3,2.57,34.72,37.59,38.09,37.06,36.58,37.28,35.75,33.3,33.41,33.04,27.05,27.36,26.87,19.49,19.73,19.19,15.22,15.5,14.91,14.01,14.12,13.88,13.98,13.98,13.97,6849,10309
2026-04-06 15:00:00,2.3,1.97,2.98,11.58,4.94,3.07,2.63,34.78,35.99,36.8,35.15,35.63,36.21,34.45,34.27,35.74,32.65,27.89,28.4,27.34,18.66,19.17,18.12,14.51,14.82,14.2,13.78,13.86,13.72,13.98,13.98,13.98,6849,10230
2026-04-06 14:00:00,2.15,1.88,2.99,11.62,5.14,3.14,2.75,34.82,35.62,35.75,35.5,35.89,36.09,35.74,36.54,36.79,35.97,28.57,28.75,28.28,17.23,18.01,16.45,13.81,14.13,13.49,13.62,13.68,13.58,13.98,13.99,13.98,6849,10286
2026-04-06 13:00:00,1.95,1.69,2.81,11.56,5.11,3.14,2.85,34.89,35.6,35.86,35.38,35.82,35.98,35.62,36.57,36.68,36.45,27.26,28.17,25.82,15.4,16.25,14.52,13.23,13.49,13.02,13.52,13.56,13.5,14,14.04,13.98,6849,10427
2026-04-06 12:00:00,1.79,1.52,2.68,11.5,4.97,3.13,2.9,34.89,35.28,35.74,34.87,35.5,36.23,34.56,36.21,36.45,35.84,23.3,25.54,21.62,13.57,14.35,12.74,12.85,13,12.78,13.53,13.58,13.5,14.07,14.1,14.03,6849,10664
2026-04-06 11:00:00,1.63,1.41,2.81,11.27,4.92,3.13,2.93,34.92,35.01,35.98,33.14,34.21,35.15,32.31,31.84,35.4,28.06,18.83,21.42,15.75,11.94,12.6,11.38,12.73,12.78,12.7,13.61,13.62,13.58,14.1,14.11,14.1,6849,10660
2026-04-06 10:00:00,1.54,1.33,2.56,10.82,4.48,3.04,2.95,34.98,27.97,32.43,21.67,25.42,31.48,17.42,20.7,27.19,13.36,12.16,15.05,9.63,11,11.29,10.81,12.79,12.88,12.73,13.7,13.74,13.63,14.16,14.22,14.11,6840,10687
2026-04-06 09:00:00,1.56,1.38,2.09,10.37,4.34,2.93,2.94,34.99,10.12,19.65,4.73,8.42,15.51,4.05,7.27,11.83,4.15,8.03,9.35,7,10.83,10.91,10.79,12.97,13.09,12.89,13.85,13.94,13.75,14.22,14.25,14.22,6822,8296
2026-04-06 08:00:00,1.43,1.53,2.15,10.02,4.34,2.96,2.95,34.95,2.43,4.09,1.83,2.39,3.58,1.92,2.92,3.81,2.63,6.67,6.88,6.58,11.11,11.27,10.91,13.22,13.36,13.12,14.03,14.09,13.97,14.31,14.33,14.26,6595,6902
2026-04-06 07:00:00,1.42,1.53,2.16,9.97,4.38,2.99,2.95,34.98,2.23,2.51,1.92,2.31,2.56,2.04,2.98,3.19,2.74,6.95,7.12,6.76,11.49,11.7,11.32,13.49,13.61,13.38,14.2,14.3,14.12,14.35,14.39,14.33,6484,1855
2026-04-06 06:00:00,1.44,1.47,2.19,9.93,4.41,3,2.94,34.97,2.64,2.75,2.51,2.73,2.81,2.61,3.32,3.45,3.21,7.31,7.48,7.14,11.91,12.1,11.74,13.74,13.85,13.61,14.39,14.45,14.33,14.44,14.45,14.39,6493,0
2026-04-06 05:00:00,1.47,1.46,2.12,9.91,4.43,3.07,2.92,35,2.98,3.22,2.74,3.12,3.34,2.86,3.72,3.93,3.46,7.79,8.06,7.58,12.37,12.57,12.18,14.03,14.17,13.88,14.54,14.6,14.46,14.45,14.45,14.45,6504,0
2026-04-06 04:00:00,1.52,1.45,1.99,9.86,4.4,3.05,2.92,34.97,3.55,3.93,3.23,3.69,4.05,3.38,4.34,4.65,4.04,8.37,8.66,8.06,12.84,13.05,12.63,14.32,14.44,14.2,14.69,14.78,14.64,14.45,14.46,14.45,6515,0
2026-04-06 03:00:00,1.55,1.35,1.82,9.9,4.42,3.06,2.91,34.95,4.18,4.28,3.98,4.29,4.44,4.11,4.94,5.12,4.75,8.94,9.17,8.72,13.35,13.62,13.15,14.63,14.79,14.46,14.84,14.92,14.8,14.46,14.48,14.45,6524,0
2026-04-06 02:00:00,1.47,1.31,1.77,9.88,4.46,3.07,2.9,34.96,4.73,5.12,4.34,4.89,5.23,4.51,5.56,5.93,5.2,9.62,9.96,9.25,13.89,14.16,13.63,14.96,15.14,14.79,14.97,15.04,14.92,14.45,14.46,14.45,6533,0
2026-04-06 01:00:00,1.44,1.24,1.76,9.91,4.54,3.06,2.92,34.96,5.49,5.82,5.23,5.63,5.94,5.35,6.31,6.64,5.94,10.34,10.67,10,14.47,14.75,14.22,15.31,15.5,15.15,15.06,15.14,15.04,14.45,14.45,14.45,6537,0
2026-04-06 00:00:00,1.48,1.12,1.81,9.97,4.57,3.08,2.89,34.92,6.24,6.64,5.83,6.41,6.77,6.03,7.14,7.58,6.68,11.17,11.61,10.78,15.12,15.44,14.81,15.65,15.84,15.5,15.15,15.16,15.14,14.38,14.45,14.33,6524,0
2026-04-05 23:00:00,1.49,1.13,1.8,10.05,4.71,3.1,2.89,34.91,7.25,7.83,6.71,7.46,8.03,6.97,8.19,8.77,7.69,12.16,12.68,11.72,15.86,16.23,15.52,15.98,16.1,15.86,15.16,15.16,15.16,14.32,14.33,14.28,6564,0
2026-04-05 22:00:00,1.39,1.09,1.83,10.05,4.72,3.13,2.89,34.93,8.39,9,7.94,8.63,9.25,8.12,9.44,10.1,8.89,13.35,13.98,12.8,16.65,17.06,16.25,16.24,16.33,16.1,15.14,15.16,15.09,14.22,14.25,14.21,6591,0
2026-04-05 21:00:00,1.39,1.15,1.92,10.18,4.7,3.12,2.92,34.87,10.21,11.64,9.13,10.5,11.85,9.43,11.33,12.63,10.31,14.92,15.87,14.09,17.51,17.92,17.1,16.41,16.45,16.33,15.03,15.06,14.97,14.11,14.19,14.09,6631,0
2026-04-05 20:00:00,1.59,1.35,2.13,10.26,4.75,3.12,2.94,34.92,13.68,15.32,11.97,13.67,15.16,12.18,14.21,15.49,12.91,16.97,17.87,16.1,18.37,18.79,18.01,16.45,16.48,16.45,14.85,14.92,14.77,14.01,14.09,13.98,6713,4885
2026-04-05 19:00:00,1.67,1.54,2.33,10.41,4.8,3.13,2.95,34.86,18.03,21.25,15.64,17.48,20.33,15.41,17.3,19.42,15.71,19.05,20.24,18,19.23,19.62,18.83,16.41,16.45,16.33,14.61,14.71,14.46,13.91,13.98,13.86,6815,8383
2026-04-05 18:00:00,2.1,1.8,2.77,10.88,4.85,3.12,3,34.84,29.96,37.75,22.26,27.73,34.79,21.08,24.78,30.3,19.93,22.61,24.95,20.53,19.89,20.02,19.66,16.12,16.29,15.95,14.33,14.45,14.21,13.83,13.86,13.77,6822,7504
2026-04-05 17:00:00,2.64,2.2,3.07,11.39,4.9,3.14,2.99,34.87,38.63,39.05,38.22,36.49,38.33,35.15,32.66,33.62,30.87,26.48,27.58,25.21,19.89,20.02,19.77,15.63,15.86,15.36,14.04,14.21,13.86,13.74,13.77,13.74,6849,10238
2026-04-05 16:00:00,2.53,2.27,3.07,11.53,4.9,3.2,2.97,34.91,37.48,38.58,36.21,37.38,38.34,36.21,33.85,34.43,33.36,27.55,27.69,27.46,19.42,19.7,19.08,14.96,15.27,14.65,13.73,13.86,13.62,13.74,13.74,13.74,6849,10270
2026-04-05 15:00:00,2.29,2.02,2.83,11.52,4.9,3.28,3,34.99,35,35.98,34.43,35.87,36.16,35.62,34.58,36.11,33.47,28.23,28.8,27.69,18.51,19.04,17.93,14.22,14.56,13.86,13.49,13.61,13.38,13.74,13.74,13.74,6849,10301
2026-04-05 14:00:00,2.1,1.87,2.93,11.74,4.85,3.41,2.98,35.05,34.95,35.15,34.57,36.53,36.68,36.21,36.93,37.56,36.45,29.29,29.59,28.82,17.02,17.79,16.18,13.49,13.84,13.15,13.3,13.38,13.27,13.74,13.74,13.74,6849,10337
2026-04-05 13:00:00,1.9,1.69,2.8,11.91,4.91,3.64,2.99,35.16,34.67,35.03,34.4,36.1,36.58,35.5,37.47,37.88,36.56,27.62,28.71,26.04,15.11,16,14.22,12.87,13.14,12.67,13.25,13.27,13.23,13.74,13.76,13.74,6849,10427
2026-04-05 12:00:00,1.74,1.46,2.55,11.95,4.89,3.83,3.02,35.2,34.56,34.79,34.2,35.01,35.56,34.16,36.56,37.33,35.86,23.82,25.68,22.61,13.25,14.1,12.45,12.49,12.65,12.39,13.24,13.27,13.21,13.81,13.86,13.76,6847,10632
2026-04-05 11:00:00,1.6,1.36,2.46,12.07,4.92,3.89,3.03,35.17,34.23,34.56,34,33.68,34.08,33,34.02,36.59,31.13,19.9,22.25,17.12,11.61,12.32,11.03,12.32,12.35,12.31,13.27,13.3,13.27,13.86,13.86,13.86,6847,10664
2026-04-05 10:00:00,1.49,1.33,2.41,11.91,4.89,3.91,3.04,35.25,29.13,33.57,21.9,26.35,32.24,17.87,23.75,30.06,15.32,12.56,16.42,9.13,10.67,10.91,10.55,12.39,12.44,12.31,13.39,13.47,13.31,13.9,13.97,13.86,6838,10427
2026-04-05 09:00:00,1.56,1.37,2.24,11.2,4.89,3.87,3.01,35.27,10.21,19.66,4.92,8.35,15.63,4.17,7.36,13.15,4.28,7.69,8.8,6.76,10.55,10.64,10.51,12.59,12.67,12.44,13.53,13.62,13.49,13.98,13.99,13.98,6820,8103
2026-04-05 08:00:00,1.5,1.54,2.25,10.81,4.88,3.41,3.02,35.2,2.47,4.25,1.81,2.37,3.69,1.9,2.87,3.9,2.51,6.38,6.64,6.29,10.78,10.91,10.67,12.82,12.91,12.7,13.69,13.74,13.62,14.05,14.1,13.99,6591,6898
2026-04-05 07:00:00,1.5,1.6,2.2,10.65,4.84,3.2,2.94,35.17,2.07,2.27,1.92,2.08,2.27,1.92,2.68,2.85,2.6,6.52,6.64,6.41,11.12,11.27,10.94,13.09,13.26,12.96,13.86,13.97,13.76,14.1,14.11,14.1,6481,1879
2026-04-05 06:00:00,1.47,1.54,2.13,10.28,4.64,3.2,2.89,35.17,2.19,2.3,2.04,2.23,2.27,2.16,2.86,2.86,2.85,6.77,6.88,6.67,11.48,11.63,11.3,13.37,13.49,13.26,14.04,14.09,13.97,14.17,14.22,14.12,6493,0
2026-04-05 05:00:00,1.47,1.53,2.07,10.08,4.5,3.18,2.89,35.17,2.18,2.31,2.06,2.32,2.44,2.17,2.99,3.1,2.86,7.08,7.27,6.88,11.89,12.09,11.72,13.66,13.84,13.51,14.19,14.26,14.1,14.22,14.22,14.21,6497,0
2026-04-05 04:00:00,1.44,1.47,2.07,9.97,4.46,3.2,2.9,35.18,2.57,2.83,2.38,2.72,2.98,2.5,3.39,3.59,3.19,7.58,7.83,7.35,12.34,12.57,12.1,13.98,14.1,13.85,14.35,14.44,14.31,14.22,14.22,14.22,6510,0
2026-04-05 03:00:00,1.45,1.45,1.93,9.94,4.42,3.13,2.88,35.17,3.15,3.45,2.86,3.3,3.57,2.98,3.95,4.28,3.67,8.14,8.42,7.83,12.83,13.07,12.57,14.3,14.44,14.17,14.5,14.57,14.45,14.22,14.22,14.22,6519,0
2026-04-05 02:00:00,1.45,1.37,1.86,9.94,4.43,3.07,2.87,35.16,3.78,4.05,3.51,3.93,4.23,3.68,4.57,4.87,4.29,8.76,9.1,8.46,13.38,13.63,13.16,14.63,14.79,14.45,14.63,14.68,14.57,14.22,14.22,14.22,6530,0
2026-04-05 01:00:00,1.44,1.3,1.72,9.93,4.47,3.08,2.88,35.14,4.42,4.76,4.09,4.57,4.87,4.28,5.23,5.57,4.94,9.46,9.82,9.13,13.94,14.22,13.65,14.94,15.14,14.79,14.74,14.8,14.68,14.22,14.22,14.2,6539,0
2026-04-05 00:00:00,1.34,1.18,1.64,9.96,4.54,3.05,2.89,35.1,5.17,5.58,4.79,5.35,5.73,4.98,6,6.41,5.59,10.23,10.67,9.84,14.6,14.93,14.28,15.28,15.4,15.15,14.8,14.81,14.8,14.14,14.21,14.1,6524,0
2026-04-04 23:00:00,1.36,1.08,1.73,10.05,4.56,3.07,2.89,35.11,6.2,6.85,5.69,6.37,7.02,5.82,7.09,7.75,6.53,11.29,11.85,10.76,15.36,15.72,15.03,15.59,15.74,15.47,14.8,14.82,14.8,14.09,14.1,14.05,6568,0
2026-04-04 22:00:00,1.39,1.08,1.79,10.14,4.62,3.1,2.88,35.15,8.16,9.13,7.02,8.03,8.87,7.15,8.67,9.39,7.94,12.66,13.29,12,16.14,16.54,15.76,15.84,15.95,15.74,14.8,14.8,14.79,13.99,14.02,13.97,6595,0
2026-04-04 21:00:00,1.37,1.12,1.85,10.2,4.68,3.12,2.85,35.12,9.68,11.02,8.89,9.73,11.02,8.84,10.48,11.73,9.47,14.24,15.16,13.39,17,17.41,16.59,16.03,16.1,15.98,14.69,14.76,14.65,13.89,13.97,13.86,6635,0
2026-04-04 20:00:00,1.54,1.29,2.05,10.3,4.74,3.13,2.89,35.12,12.86,14.54,11.27,12.75,14.22,11.29,13.28,14.57,11.97,16.24,17.17,15.37,17.85,18.24,17.45,16.1,16.1,16.1,14.52,14.62,14.45,13.78,13.86,13.74,6711,4601
2026-04-04 19:00:00,1.65,1.51,2.32,10.43,4.79,3.12,2.9,35.12,17.41,21.2,14.85,16.78,20.01,14.51,16.55,18.94,14.81,18.41,19.77,17.31,18.72,19.07,18.35,16.01,16.1,15.87,14.3,14.44,14.21,13.68,13.74,13.63,6813,7693
2026-04-04 18:00:00,2.16,1.87,2.79,11.01,4.85,3.14,2.91,35.15,30.03,35.86,22.49,28.35,34.22,21.08,25.01,29.82,19.7,22.17,24.26,20.02,19.35,19.45,19.19,15.7,15.86,15.5,14.01,14.15,13.86,13.62,13.63,13.58,6838,9947
2026-04-04 17:00:00,2.54,2.12,3.05,11.51,4.87,3.18,2.94,35.16,36.07,36.33,35.72,34.89,35.74,34.16,31.37,32.31,29.99,25.76,26.64,24.5,19.36,19.43,19.2,15.2,15.49,14.91,13.71,13.86,13.58,13.52,13.57,13.51,6849,10459
2026-04-04 16:00:00,2.38,2.18,3.06,11.64,4.91,3.19,3,35.19,35.38,35.98,34.66,35.97,36.32,35.62,32.7,32.93,32.43,26.9,26.98,26.75,18.9,19.19,18.6,14.55,14.9,14.2,13.42,13.53,13.27,13.51,13.51,13.51,6849,10270
2026-04-04 15:00:00,2.25,1.95,2.9,11.68,4.91,3.25,3,35.22,33.73,34.97,33.02,35.27,35.86,34.91,33.85,34.79,33.04,27.55,28.04,27.11,17.99,18.48,17.41,13.83,14.18,13.49,13.18,13.27,13.08,13.51,13.51,13.51,6849,10364
2026-04-04 14:00:00,2.08,1.76,2.91,11.82,4.88,3.33,3.02,35.23,33.23,33.61,32.84,34.97,35.25,34.66,36.19,37.5,34.97,28.35,28.64,27.93,16.55,17.29,15.76,13.1,13.4,12.78,13,13.06,12.93,13.51,13.51,13.51,6849,10427
2026-04-04 13:00:00,1.89,1.64,2.83,12.02,4.93,3.51,3.03,35.29,34.25,34.79,33.52,35.68,35.86,35.27,37.52,37.98,36.91,27.11,27.94,25.66,14.69,15.61,13.81,12.5,12.78,12.31,12.91,12.93,12.91,13.52,13.57,13.51,6849,10491
2026-04-04 12:00:00,1.73,1.46,2.58,12.05,4.92,3.77,3.04,35.37,34.1,34.56,33.37,34.41,35.62,32.9,36.31,36.8,35.74,23.65,25.21,22.98,12.85,13.64,11.97,12.11,12.24,11.99,12.91,12.92,12.91,13.61,13.63,13.56,6847,10554
2026-04-04 11:00:00,1.63,1.39,2.54,12.19,4.88,3.92,3.06,35.43,32.72,33.61,31.6,32.47,33.12,31.01,33.37,36.05,30.03,20.04,22.82,16.81,11.15,11.86,10.56,11.96,11.96,11.95,12.96,13.03,12.92,13.63,13.63,13.63,6847,10739
2026-04-04 10:00:00,1.49,1.29,2.47,12.29,4.88,3.96,3.07,35.47,27.56,31.36,21.55,25.53,30.54,18.34,23.87,29.23,15.88,12.53,16.2,8.93,10.17,10.44,9.96,12,12.07,11.95,13.07,13.15,13.03,13.69,13.74,13.63,6838,10585
2026-04-04 09:00:00,1.52,1.39,2.84,11.99,4.88,3.96,3.06,35.48,9.47,19.66,3.69,7.94,16.45,2.97,6.73,13.5,3.02,7.01,8.42,5.93,9.99,10.08,9.96,12.2,12.31,12.07,13.22,13.27,13.15,13.75,13.8,13.74,6838,7142
2026-04-04 08:00:00,1.48,1.59,2.47,11.59,4.87,3.89,3.04,35.44,1.59,2.98,1.09,1.46,2.42,1.09,1.93,2.64,1.67,5.67,5.82,5.58,10.24,10.44,10.08,12.45,12.55,12.31,13.38,13.49,13.28,13.84,13.86,13.8,6550,6866
2026-04-04 07:00:00,1.47,1.59,2.31,11.1,4.86,3.79,3.03,35.41,1.24,1.42,1.1,1.28,1.44,1.12,1.84,2.01,1.68,5.86,6.05,5.7,10.64,10.82,10.44,12.7,12.8,12.55,13.54,13.62,13.5,13.88,13.94,13.86,6470,890
2026-04-04 06:00:00,1.5,1.56,2.21,10.81,4.85,3.43,3.03,35.43,1.64,1.88,1.44,1.7,1.92,1.45,2.25,2.48,2.03,6.28,6.48,6.05,11.07,11.27,10.9,12.97,13.12,12.84,13.69,13.74,13.62,13.97,13.98,13.94,6484,0
2026-04-04 05:00:00,1.51,1.6,2.18,10.65,4.9,3.28,3.04,35.47,2.13,2.46,1.92,2.18,2.51,1.92,2.77,3.1,2.51,6.77,7,6.53,11.45,11.62,11.27,13.25,13.38,13.13,13.85,13.92,13.74,13.98,13.99,13.98,6497,0
2026-04-04 04:00:00,1.56,1.52,2.13,10.33,4.7,3.23,3.03,35.45,2.84,3.1,2.52,2.82,2.99,2.56,3.33,3.45,3.11,7.29,7.47,7.09,11.85,12.06,11.65,13.53,13.68,13.38,14.01,14.09,13.97,13.99,14.03,13.98,6510,0
2026-04-04 03:00:00,1.54,1.49,2,10.16,4.52,3.21,3.02,35.43,3.03,3.34,2.75,3.09,3.4,2.86,3.62,3.93,3.35,7.73,7.99,7.47,12.29,12.51,12.09,13.83,13.97,13.72,14.14,14.21,14.09,14.03,14.05,14.01,6519,0
2026-04-04 02:00:00,1.57,1.43,1.8,10.07,4.45,3.16,3.04,35.43,3.74,4.05,3.37,3.75,4.05,3.45,4.27,4.54,3.96,8.32,8.55,8.06,12.76,13.02,12.56,14.13,14.29,13.97,14.25,14.33,14.21,14.01,14.05,13.98,6530,0
2026-04-04 01:00:00,1.54,1.34,1.76,10.07,4.46,3.12,3.05,35.47,4.1,4.28,3.96,4.14,4.32,4.05,4.67,4.87,4.52,8.81,9.13,8.64,13.29,13.54,13.04,14.45,14.56,14.32,14.39,14.45,14.33,13.98,13.99,13.98,6539,0
2026-04-04 00:00:00,1.44,1.26,1.68,10.1,4.51,3.13,3.04,35.5,4.68,5.07,4.3,4.73,5.12,4.4,5.31,5.69,4.98,9.54,9.93,9.14,13.87,14.22,13.62,14.76,14.91,14.62,14.45,14.46,14.44,13.98,13.99,13.97,6524,0
2026-04-03 23:00:00,1.35,1.18,1.68,10.11,4.6,3.11,3.05,35.42,5.41,5.82,5.12,5.5,5.94,5.16,6.11,6.64,5.71,10.39,10.9,9.96,14.58,14.93,14.23,15.06,15.18,14.91,14.46,14.48,14.46,13.89,13.95,13.86,6550,0
2026-04-03 22:00:00,1.41,1.07,1.74,10.22,4.65,3.13,3.04,35.42,6.61,7.25,5.94,6.75,7.45,6.06,7.43,8.09,6.68,11.6,12.2,11,15.37,15.76,15.03,15.32,15.39,15.25,14.45,14.48,14.45,13.83,13.86,13.76,6591,0
2026-04-03 21:00:00,1.38,1.09,1.81,10.26,4.66,3.15,3.04,35.38,8.41,9.84,7.34,8.6,9.96,7.49,9.31,10.55,8.22,13.15,14.07,12.32,16.22,16.59,15.85,15.5,15.54,15.41,14.37,14.45,14.33,13.74,13.75,13.71,6635,0
2026-04-03 20:00:00,1.47,1.22,2.03,10.36,4.71,3.16,3.03,35.35,11.98,13.93,10.08,11.81,13.4,10.2,12.2,13.59,10.79,15.21,16.17,14.22,17.07,17.42,16.7,15.59,15.62,15.56,14.22,14.33,14.12,13.64,13.68,13.63,6711,4211
2026-04-03 19:00:00,1.64,1.47,2.31,10.47,4.81,3.17,3.02,35.34,17.19,20.96,14.33,16.32,19.89,13.75,15.72,18.33,13.86,17.39,18.62,16.34,17.89,18.24,17.53,15.49,15.56,15.39,14,14.09,13.86,13.54,13.62,13.51,6815,7406
2026-04-03 18:00:00,2.12,1.87,2.77,11.01,4.88,3.24,3,35.26,28.4,33.16,22.14,27.75,33.13,20.95,24.23,28.77,19.06,21.05,22.98,18.94,18.51,18.62,18.31,15.21,15.39,15.03,13.74,13.86,13.62,13.5,13.51,13.48,6838,10301
2026-04-03 17:00:00,2.4,2.11,2.96,11.51,4.93,3.26,3.02,35.34,33.23,33.62,32.97,33.22,33.95,32.91,30,30.89,29.11,24.45,25.57,23.26,18.58,18.66,18.44,14.71,14.97,14.44,13.45,13.62,13.31,13.41,13.48,13.39,6849,10475
2026-04-03 16:00:00,2.31,2.04,2.99,11.76,5.08,3.3,3.03,35.36,32.69,33.68,31.72,33.29,33.96,32.75,30.62,30.79,30.42,25.52,25.68,25.43,18.09,18.37,17.77,14.08,14.42,13.74,13.18,13.27,13.04,13.39,13.4,13.39,6849,10325
2026-04-03 15:00:00,2.21,1.9,2.92,11.82,5.22,3.38,3.04,35.42,31.23,31.95,30.77,32.79,33.14,32.58,32.22,33.84,31.24,25.99,26.39,25.74,17.13,17.65,16.52,13.38,13.73,13.03,12.95,13.03,12.89,13.39,13.4,13.39,6849,10585
2026-04-03 14:00:00,2.08,1.72,2.79,11.9,5.23,3.6,3.05,35.45,31.01,31.48,30.54,32.78,33.25,32.31,34.95,35.43,34.55,26.69,26.98,26.39,15.67,16.37,14.92,12.7,13.02,12.43,12.81,12.88,12.78,13.43,13.48,13.4,6847,10573
2026-04-03 13:00:00,1.89,1.59,2.65,12.12,5.24,3.79,3.06,35.49,30.83,31.25,30.41,32.16,32.34,32,34.07,34.56,33.37,25.31,26.28,23.9,13.93,14.73,13.05,12.14,12.37,11.96,12.78,12.8,12.77,13.5,13.51,13.48,6849,10664
2026-04-03 12:00:00,1.76,1.5,2.44,12.08,4.98,3.89,3.09,35.56,31.01,31.25,30.76,31.1,32.09,29.97,33.39,34.08,32.78,22.37,23.46,21.61,12.13,12.92,11.27,11.79,11.94,11.71,12.79,12.8,12.77,13.52,13.54,13.51,6847,10727
2026-04-03 11:00:00,1.6,1.4,2.49,12.23,4.96,3.94,3.12,35.66,27.97,30.89,22.79,27.46,29.93,22.5,28.1,32.9,22.01,17.33,21.19,13.5,10.55,11.15,10.08,11.64,11.7,11.62,12.82,12.9,12.8,13.61,13.63,13.57,6847,10821
2026-04-03 10:00:00,1.52,1.32,2.5,12.24,5,3.95,3.12,35.68,23.69,26.04,21.08,22.07,24.39,17.87,21.18,23.79,15.99,11.29,13.27,8.41,9.68,9.97,9.49,11.73,11.83,11.66,12.95,13.03,12.91,13.65,13.69,13.63,6838,10585
2026-04-03 09:00:00,1.5,1.4,2.57,11.93,4.99,3.96,3.1,35.66,8.66,19.42,1.92,7.07,16.2,1.32,5.6,13.39,1.37,6.04,7.71,4.92,9.52,9.6,9.49,11.94,12.07,11.84,13.11,13.2,13.03,13.74,13.74,13.74,6818,8371
2026-04-03 08:00:00,1.42,1.6,2.39,11.3,4.97,3.95,3.06,35.64,0.06,1.32,-0.32,-0.04,0.85,-0.32,0.36,1.04,0.14,4.7,4.87,4.63,9.82,9.97,9.67,12.2,12.31,12.07,13.3,13.38,13.24,13.83,13.86,13.77,6550,6858
2026-04-03 07:00:00,1.44,1.6,2.27,10.86,5,3.82,3.03,35.62,-0.03,0.14,-0.19,-0.03,0.17,-0.22,0.45,0.73,0.26,4.99,5.22,4.85,10.21,10.42,10.02,12.48,12.61,12.33,13.46,13.52,13.38,13.87,13.91,13.86,6466,598
2026-04-03 06:00:00,1.45,1.58,2.25,10.75,4.94,3.36,3.03,35.65,0.56,0.85,0.25,0.57,0.85,0.26,1.06,1.32,0.73,5.47,5.7,5.23,10.59,10.79,10.44,12.77,12.9,12.67,13.64,13.74,13.55,13.98,13.98,13.95,6481,0
2026-04-03 05:00:00,1.48,1.58,2.09,10.46,4.79,3.22,3.03,35.63,1.18,1.56,0.85,1.18,1.56,0.85,1.66,2.03,1.36,6.02,6.32,5.71,11.02,11.26,10.79,13.06,13.19,12.9,13.8,13.86,13.74,13.98,14.02,13.98,6495,0
2026-04-03 04:00:00,1.51,1.53,2.03,10.3,4.6,3.23,3.04,35.62,1.79,1.9,1.66,1.77,1.9,1.58,2.27,2.4,2.1,6.57,6.76,6.41,11.48,11.73,11.27,13.35,13.49,13.26,13.94,14,13.86,14.05,14.1,13.99,6506,0
2026-04-03 03:00:00,1.51,1.57,1.96,10.18,4.51,3.16,3.03,35.57,2.06,2.27,1.92,2.09,2.34,1.92,2.65,2.9,2.45,7.05,7.35,6.78,11.96,12.21,11.74,13.65,13.77,13.49,14.08,14.14,14.01,14.09,14.1,14.08,6517,0
2026-04-03 02:00:00,1.51,1.46,1.89,10.04,4.48,2.99,3.04,35.54,2.69,3.1,2.39,2.73,3.14,2.4,3.29,3.69,2.98,7.71,8.06,7.43,12.47,12.7,12.21,13.95,14.08,13.85,14.22,14.28,14.18,14.1,14.1,14.09,6530,0
2026-04-03 01:00:00,1.47,1.41,1.73,10.02,4.46,2.95,3.06,35.54,3.46,3.81,3.17,3.54,3.93,3.22,4.12,4.48,3.76,8.44,8.78,8.07,13.03,13.28,12.8,14.24,14.37,14.08,14.33,14.34,14.29,14.1,14.1,14.09,6542,0
2026-04-03 00:00:00,1.4,1.28,1.69,10.14,4.52,2.97,3.04,35.58,4.48,5.08,3.93,4.53,5.12,4.02,5.1,5.65,4.63,9.3,9.72,8.88,13.6,13.87,13.35,14.54,14.68,14.44,14.42,14.45,14.37,14.05,14.09,14.01,6528,0
2026-04-02 23:00:00,1.34,1.21,1.64,10.21,4.61,3,3.04,35.61,5.52,5.66,5.23,5.53,5.7,5.23,6.09,6.29,5.75,10.16,10.47,9.84,14.21,14.55,13.93,14.81,14.93,14.68,14.45,14.45,14.45,13.98,14.02,13.98,6568,0
2026-04-02 22:00:00,1.32,1.09,1.65,10.24,4.67,2.98,3.03,35.58,5.98,6.52,5.7,6.08,6.65,5.71,6.74,7.36,6.29,11.03,11.63,10.55,14.94,15.29,14.58,15.09,15.15,15,14.45,14.45,14.45,13.96,13.98,13.92,6593,0
2026-04-02 21:00:00,1.35,1.07,1.76,10.34,4.66,3.03,3.03,35.53,7.84,9.37,6.65,7.91,9.25,6.77,8.59,9.84,7.5,12.58,13.5,11.74,15.75,16.11,15.4,15.26,15.28,15.19,14.38,14.45,14.33,13.88,13.93,13.86,6640,0
2026-04-02 20:00:00,1.43,1.19,1.94,10.43,4.74,3.09,3.03,35.52,11.66,13.62,9.72,11.31,13.15,9.57,11.65,13.25,10.08,14.67,15.64,13.7,16.52,16.86,16.2,15.29,15.33,15.27,14.27,14.33,14.21,13.83,13.86,13.76,6715,3978
2026-04-02 19:00:00,1.61,1.46,2.19,10.51,4.81,3.13,3,35.5,16.81,20.82,13.99,16.23,20.12,13.51,15.66,18.56,13.51,16.99,18.35,15.86,17.23,17.53,16.94,15.23,15.27,15.15,14.11,14.21,14.01,13.74,13.75,13.74,6820,8820
2026-04-02 18:00:00,2.06,1.89,2.74,11.03,5.41,3.17,3,35.48,28.36,33.25,21.85,28.5,33.84,21.31,24.88,29.59,19.34,20.65,22.34,18.62,17.62,17.65,17.53,14.98,15.15,14.79,13.93,13.97,13.86,13.73,13.74,13.71,6826,9309
2026-04-02 17:00:00,2.37,2.14,2.97,11.35,5.58,3.22,2.99,35.52,33.46,33.84,33.18,33.39,33.84,32.91,30.28,30.77,29.77,23.2,23.67,22.49,17.38,17.54,17.16,14.64,14.79,14.45,13.72,13.85,13.62,13.65,13.7,13.63,6849,10483
2026-04-02 16:00:00,2.34,2.09,2.96,11.36,5.7,3.27,3,35.54,30.95,33.73,26.4,31.05,33.82,26.51,28.44,30.53,24.97,22.28,23.49,20.84,16.88,17.07,16.77,14.28,14.44,14.08,13.53,13.62,13.44,13.63,13.63,13.63,6849,10471
2026-04-02 15:00:00,1.96,1.7,2.67,11.11,5.39,3.3,3.04,35.56,23.34,25.18,22.25,23.51,25.3,22.28,23.01,23.95,22.09,20.69,21.19,20.27,16.74,16.78,16.7,13.84,14.08,13.61,13.34,13.4,13.27,13.64,13.65,13.63,6847,10766
2026-04-02 14:00:00,1.84,1.58,2.59,11.48,5.44,3.35,3.03,35.56,25.56,29.47,22.61,26.46,31.13,22.73,27.59,33.63,23.02,23.91,26.62,21.46,16.25,16.68,15.64,13.25,13.51,12.98,13.23,13.27,13.15,13.72,13.74,13.68,6840,10758
2026-04-02 13:00:00,1.86,1.59,2.62,11.91,5.41,3.56,3.06,35.61,30.54,30.89,29.9,31.87,32.38,31.47,33.91,34.97,33.12,25.83,26.79,24.41,14.68,15.52,13.87,12.7,12.9,12.54,13.15,13.16,13.15,13.74,13.74,13.74,6847,10817
2026-04-02 12:00:00,1.68,1.49,2.39,11.89,5.28,3.73,3.04,35.64,30.09,30.65,29.83,30.32,31.59,29.23,33.16,33.84,32.48,23.33,24.01,22.85,13,13.75,12.21,12.35,12.46,12.2,13.17,13.24,13.15,13.79,13.86,13.74,6847,10833
2026-04-02 11:00:00,1.55,1.39,2.45,12.18,5.16,3.93,3.04,35.68,30.35,30.54,29.95,30.3,30.88,29.28,31.49,32.78,29.36,20.02,22.49,17.37,11.34,12.09,10.67,12.19,12.19,12.19,13.27,13.27,13.25,13.86,13.86,13.85,6847,10892
2026-04-02 10:00:00,1.46,1.27,2.4,12.37,5.15,3.92,3.05,35.78,26.27,29.74,20.79,24.54,29.45,17.53,24.12,28.88,16.11,13.2,16.81,9.13,10.26,10.58,10.08,12.27,12.41,12.19,13.38,13.47,13.31,13.89,13.97,13.86,6838,10833
2026-04-02 09:00:00,1.46,1.4,2.89,12.1,5.13,3.89,3.04,35.8,8.74,19.18,1.84,7.2,15.87,1.33,5.84,13.74,1.56,6.42,8.18,5.34,10.16,10.32,10.08,12.52,12.67,12.41,13.55,13.62,13.49,13.98,13.98,13.97,6813,7126
2026-04-02 08:00:00,1.39,1.61,2.99,11.61,4.9,3.85,3.1,35.75,0.53,1.21,0.34,0.43,0.93,0.26,0.86,1.22,0.73,5.29,5.45,5.23,10.52,10.71,10.32,12.8,12.9,12.67,13.7,13.76,13.62,14.05,14.1,13.98,6526,6831
2026-04-02 07:00:00,1.41,1.62,2.71,10.85,4.93,3.61,3.07,35.72,0.8,1.21,0.5,0.75,1.1,0.47,1.24,1.56,0.92,5.75,6.05,5.46,10.97,11.17,10.79,13.09,13.25,12.92,13.88,13.97,13.81,14.1,14.11,14.1,6475,161
2026-04-02 06:00:00,1.45,1.56,2.54,10.57,4.88,3.25,3.05,35.74,1.44,1.68,1.19,1.39,1.67,1.1,1.86,2.15,1.6,6.33,6.63,6.05,11.44,11.63,11.26,13.39,13.5,13.26,14.04,14.1,13.97,14.17,14.22,14.11,6486,0
2026-04-02 05:00:00,1.47,1.57,2.37,10.3,4.66,3.18,3.05,35.73,2.2,2.7,1.68,2.19,2.67,1.7,2.67,3.16,2.22,7.02,7.46,6.64,11.92,12.13,11.74,13.68,13.83,13.55,14.19,14.26,14.1,14.22,14.22,14.22,6502,0
2026-04-02 04:00:00,1.5,1.55,2.03,10.18,4.51,3.05,3.07,35.73,3.26,3.81,2.75,3.25,3.79,2.76,3.7,4.23,3.22,7.82,8.18,7.48,12.39,12.6,12.21,13.97,14.08,13.85,14.34,14.44,14.29,14.22,14.22,14.22,6517,0
2026-04-02 03:00:00,1.51,1.46,1.85,10.13,4.46,2.82,3.04,35.75,4.55,5.01,3.93,4.45,4.87,3.91,4.87,5.31,4.33,8.61,8.89,8.3,12.83,13.04,12.63,14.25,14.41,14.09,14.49,14.57,14.45,14.22,14.23,14.22,6528,0
2026-04-02 02:00:00,1.51,1.39,1.73,9.87,4.46,2.8,3.03,35.75,5.5,5.82,5.12,5.32,5.58,4.98,5.65,5.91,5.35,9.12,9.24,8.97,13.27,13.51,13.04,14.55,14.68,14.43,14.61,14.68,14.57,14.22,14.22,14.22,6535,0
2026-04-02 01:00:00,1.41,1.29,1.63,9.84,4.5,2.82,3.02,35.73,4.86,5.04,4.73,4.85,5.01,4.76,5.32,5.52,5.23,9.37,9.7,9.13,13.79,14.09,13.51,14.85,15.03,14.68,14.7,14.76,14.68,14.22,14.22,14.21,6542,0
2026-04-02 00:00:00,1.32,1.18,1.59,9.85,4.56,2.83,3.04,35.74,5.49,5.7,5.12,5.48,5.7,5.12,5.97,6.23,5.59,10.11,10.43,9.77,14.39,14.69,14.1,15.17,15.32,15.03,14.8,14.8,14.78,14.17,14.22,14.11,6528,0
2026-04-01 23:00:00,1.31,1.06,1.6,9.94,4.61,2.82,3.04,35.72,6.14,6.77,5.7,6.18,6.77,5.76,6.74,7.36,6.28,11,11.58,10.53,15.1,15.43,14.75,15.48,15.62,15.37,14.8,14.8,14.8,14.1,14.11,14.1,6568,0
2026-04-01 22:00:00,1.32,1.05,1.68,10.08,4.62,2.83,3.02,35.77,7.96,9.07,6.97,7.82,8.66,7,8.34,9.14,7.47,12.37,13.01,11.71,15.85,16.23,15.52,15.71,15.83,15.62,14.8,14.8,14.76,14.02,14.09,13.98,6595,0
2026-04-01 21:00:00,1.3,1.08,1.72,10.2,4.66,2.86,3.01,36.26,9.58,10.79,9.01,9.44,10.66,8.68,9.95,11.07,9.25,13.74,14.58,13.06,16.65,17.06,16.24,15.91,15.98,15.86,14.7,14.77,14.68,13.93,13.98,13.86,6631,0
2026-04-01 20:00:00,1.49,1.3,1.94,10.34,4.71,2.84,2.99,36.67,13.73,16.49,11.14,13.17,15.55,10.97,13.08,14.92,11.38,15.75,16.7,14.79,17.49,17.89,17.12,15.98,15.98,15.98,14.55,14.66,14.45,13.84,13.86,13.77,6706,3336
2026-04-01 19:00:00,1.64,1.47,2.15,10.47,4.8,2.89,3.01,36.72,18.77,21.62,17.03,18.02,21.19,15.99,16.94,19.45,15.25,17.92,19.31,16.87,18.33,18.7,17.95,15.9,15.98,15.81,14.35,14.45,14.23,13.74,13.74,13.73,6813,7863
2026-04-01 18:00:00,2.06,1.9,2.74,10.94,4.89,2.87,3.01,36.74,29.35,33.84,22.95,29.33,33.77,22.59,26.59,31.34,20.48,21.93,23.7,19.68,18.89,18.95,18.7,15.63,15.75,15.5,14.1,14.21,13.97,13.66,13.72,13.63,6822,9301
2026-04-01 17:00:00,2.36,2.09,2.99,11.24,4.9,2.86,3.03,35.89,33.24,33.5,32.77,32.87,33.48,32.43,30.95,31.24,30.76,24.81,25.57,23.87,18.9,18.95,18.79,15.18,15.39,14.93,13.84,13.97,13.74,13.63,13.63,13.61,6849,10400
2026-04-01 16:00:00,2.28,2.05,2.96,11.35,4.9,2.83,2.99,35.42,31.13,32.79,29.6,31.9,33.37,30.64,30.64,31.25,30.07,25.3,25.57,25.04,18.46,18.7,18.14,14.61,14.91,14.32,13.58,13.72,13.5,13.61,13.63,13.6,6849,10502
2026-04-01 15:00:00,2.09,1.9,2.83,11.3,4.88,2.84,3.02,35.52,29.03,29.93,27.72,30.61,31.18,29.59,31.57,32.31,30.3,25.77,26.27,25.41,17.61,18.12,17.09,13.98,14.28,13.72,13.38,13.49,13.27,13.59,13.61,13.57,6849,10691
2026-04-01 14:00:00,2,1.69,2.7,11.41,4.81,2.81,3,35.54,28.15,28.41,27.82,29.92,30.17,29.71,32.68,32.93,32.33,26.52,26.75,26.16,16.32,17.02,15.63,13.37,13.62,13.14,13.25,13.27,13.2,13.61,13.63,13.6,6849,10806
2026-04-01 13:00:00,1.87,1.55,2.59,11.4,4.75,2.76,3.04,35.59,28.27,28.42,28.07,29.52,29.94,29.11,31.72,32.84,30.6,24.84,26.16,23.31,14.72,15.49,13.99,12.87,13.09,12.67,13.16,13.19,13.15,13.63,13.63,13.62,6849,10853
2026-04-01 12:00:00,1.71,1.45,2.31,11.25,4.62,2.76,3.03,35.65,27.63,28.07,27.34,27.73,28.88,26.75,30.43,30.89,29.87,22.52,22.93,22.25,13.22,13.87,12.57,12.58,12.67,12.46,13.2,13.26,13.15,13.63,13.63,13.63,6847,10912
2026-04-01 11:00:00,1.58,1.32,2.29,11.28,4.57,2.74,3.03,35.68,27.67,28.03,26.99,27.67,28.29,26.87,28.97,30.48,26.65,20.05,22.13,18.11,11.82,12.43,11.27,12.43,12.44,12.43,13.27,13.28,13.26,13.68,13.71,13.63,6844,10963
2026-04-01 10:00:00,1.47,1.28,2.17,11.09,4.44,2.74,3.04,35.69,25.36,27.29,22.28,24.25,26.94,20.02,24.55,26.65,19.35,14.98,17.82,10.79,10.84,11.18,10.67,12.52,12.64,12.43,13.37,13.4,13.3,13.73,13.74,13.71,6838,10585
2026-04-01 09:00:00,1.41,1.22,1.78,10.3,4.46,2.74,3.01,35.72,10.14,20.83,3.45,8.58,18.24,2.96,7.89,17.17,3.1,7.61,9.76,6.5,10.75,10.91,10.67,12.76,12.9,12.66,13.5,13.57,13.44,13.74,13.75,13.74,6804,7110
2026-04-01 08:00:00,1.3,1.33,1.81,10,4.47,2.74,3.02,35.71,1.96,2.92,1.67,1.82,2.51,1.57,2.23,2.74,2.03,6.41,6.62,6.3,11.16,11.38,10.91,13.02,13.14,12.9,13.64,13.72,13.61,13.79,13.84,13.76,6550,6850
2026-04-01 07:00:00,1.21,1.28,1.77,10.03,4.49,2.79,3.03,35.68,2.14,2.27,1.92,2.07,2.27,1.81,2.57,2.74,2.33,6.91,7.21,6.64,11.65,11.86,11.4,13.3,13.4,13.16,13.77,13.84,13.73,13.85,13.86,13.84,6484,110
2026-04-01 06:00:00,1.15,1.17,1.7,10.03,4.54,2.79,3.04,35.66,2.66,3.41,2.27,2.72,3.45,2.27,3.3,3.96,2.85,7.65,8.17,7.24,12.19,12.45,11.97,13.55,13.66,13.44,13.88,13.95,13.86,13.86,13.86,13.86,6497,0
2026-04-01 05:00:00,1.21,1.08,1.6,10.1,4.52,2.79,3.04,35.67,5.16,7,3.57,5.06,6.89,3.58,5.44,7.1,4.16,8.96,9.72,8.25,12.71,12.92,12.47,13.78,13.85,13.7,13.99,14.05,13.97,13.86,13.86,13.86,6515,0
2026-04-01 04:00:00,1.37,1.1,1.77,10.37,4.53,2.84,3.02,35.69,10.18,12.09,7.36,10.05,11.97,7.28,9.99,11.78,7.47,10.8,11.49,9.87,13.11,13.28,12.94,13.99,14.08,13.87,14.09,14.1,14.08,13.86,13.86,13.86,6533,0
2026-04-01 03:00:00,1.49,1.25,1.94,10.62,4.55,2.82,3.05,35.67,12.9,13.27,12.25,12.69,13.03,12.09,12.46,12.81,11.89,11.83,11.97,11.58,13.42,13.62,13.28,14.17,14.28,14.08,14.17,14.21,14.11,13.86,13.86,13.86,6542,0
2026-04-01 02:00:00,1.49,1.26,1.92,10.63,4.6,2.83,3.05,35.66,12.9,14.1,11.84,12.58,13.62,11.59,12.16,13.01,11.33,11.98,12.32,11.61,13.78,13.93,13.63,14.38,14.47,14.31,14.22,14.29,14.21,13.83,13.86,13.79,6550,0
2026-04-01 01:00:00,1.5,1.3,1.96,10.66,4.64,2.85,3.04,35.7,14.02,14.69,13.76,13.38,14,13.15,12.66,13.31,12.37,12.41,12.75,12.25,14.11,14.23,13.98,14.61,14.68,14.53,14.3,14.33,14.26,13.75,13.8,13.74,6550,0
2026-04-01 00:00:00,1.55,1.34,1.99,10.71,4.68,2.88,3.05,35.71,14.97,15.39,14.16,14.14,14.69,13.03,13.23,13.86,11.97,12.68,12.9,12.32,14.47,14.69,14.31,14.84,14.94,14.74,14.33,14.33,14.32,13.7,13.74,13.64,6542,0
2026-03-31 23:00:00,1.4,1.13,1.79,10.66,4.69,2.86,3.05,35.71,10.73,13.97,7.83,9.87,12.8,7.59,9.54,11.73,8.07,11.93,12.21,11.73,15.03,15.37,14.69,15.1,15.2,15.02,14.31,14.33,14.26,13.62,13.63,13.57,6573,0
2026-03-31 22:00:00,1.3,1.07,1.73,10.6,4.71,2.87,3.04,35.72,8.96,10.67,7.95,8.66,10.04,7.71,9.05,10.14,8.21,12.7,13.5,12.06,15.77,16.11,15.4,15.3,15.39,15.24,14.22,14.26,14.21,13.51,13.54,13.48,6595,0
2026-03-31 21:00:00,1.46,1.24,1.9,10.75,4.75,2.85,3.02,35.76,12.77,14.93,11.14,11.95,14.11,10.34,11.83,13.74,10.38,14.5,15.51,13.62,16.55,16.93,16.2,15.41,15.48,15.39,14.11,14.2,14.05,13.39,13.46,13.32,6628,0
2026-03-31 20:00:00,1.62,1.47,2.25,10.92,4.8,2.86,3.03,35.74,18.2,20.28,15.04,17.54,19.66,14.33,16.93,18.83,14.01,16.95,17.89,15.75,17.29,17.65,16.95,15.43,15.48,15.39,13.91,13.99,13.83,13.27,13.32,13.25,6693,3159
2026-03-31 19:00:00,1.69,1.6,2.41,11.14,4.91,2.88,3.01,35.74,21.59,23.39,20.48,21.19,23.46,19.77,20.36,22.61,18.94,18.97,20.24,18,18.02,18.36,17.66,15.32,15.39,15.19,13.65,13.77,13.5,13.16,13.21,13.15,6813,7508
2026-03-31 18:00:00,2.03,1.9,2.77,11.66,4.97,2.88,3.02,35.76,27.97,31.72,24.02,28.71,31.98,24.23,27.45,30.73,23.32,22.24,23.79,20.48,18.61,18.77,18.37,14.99,15.16,14.79,13.35,13.5,13.21,13.06,13.14,13.03,6826,8304
2026-03-31 17:00:00,2.31,2.06,2.97,11.97,5.02,2.87,3.03,35.78,32.8,34.56,31.84,32.84,35.16,31.72,31.41,33.61,30.53,25.11,26.51,23.91,18.73,18.81,18.57,14.44,14.68,14.17,13.04,13.18,12.91,13.03,13.03,13.01,6849,10735
2026-03-31 16:00:00,2.27,2.09,3.13,12.09,5.03,2.89,3.05,35.81,34.49,35.5,32.66,35.15,36.11,33.49,34.3,34.91,33.49,26.29,26.68,25.91,18.17,18.48,17.77,13.76,14.08,13.4,12.73,12.88,12.59,12.98,13.03,12.95,6849,10447
2026-03-31 15:00:00,2.17,1.85,2.96,12.02,4.99,2.84,3.07,35.84,31.69,32.41,31.25,33.33,33.59,33.02,34.87,35.86,33.61,26.77,27.46,26.04,17.15,17.7,16.5,13,13.38,12.67,12.48,12.56,12.37,12.97,12.99,12.96,6849,10483
2026-03-31 14:00:00,2,1.72,2.9,12.22,4.97,2.83,3.12,35.89,31.13,31.36,30.77,32.95,33.37,32.66,34.85,35.75,34.2,27.3,27.58,26.97,15.6,16.36,14.81,12.26,12.6,11.96,12.3,12.33,12.25,13,13.03,12.97,6849,10573
2026-03-31 13:00:00,1.77,1.6,2.73,12.28,4.86,2.73,3.14,35.95,30.39,31.13,29.83,31.61,32.66,30.89,32.76,34.22,31.3,24.93,26.7,23.2,13.8,14.61,12.93,11.66,11.93,11.46,12.2,12.22,12.2,13.03,13.03,13.03,6849,10561
2026-03-31 12:00:00,1.6,1.5,2.46,12.17,4.76,2.68,3.15,36.02,30.01,30.33,29.57,29.93,30.89,28.89,32.08,32.54,31.24,22.7,23.2,21.31,11.97,12.8,11.15,11.25,11.38,11.12,12.2,12.2,12.2,13.04,13.06,13.03,6847,10821
2026-03-31 11:00:00,1.52,1.36,2.43,12.27,4.63,2.65,3.15,36.05,30,30.72,28.41,29.88,30.8,28.26,29.81,31.83,26.17,18.54,20.95,16.2,10.22,10.93,9.59,11.03,11.11,11.01,12.24,12.32,12.2,13.12,13.15,13.09,6847,10881
2026-03-31 10:00:00,1.39,1.23,2.33,12,4.58,2.64,3.18,36.09,24.72,27.81,19.66,23.67,27.58,17.76,20.63,25.25,14.69,12.88,15.75,9.16,9.09,9.49,8.88,11.06,11.13,11.01,12.34,12.39,12.32,13.16,13.19,13.15,6838,10821
2026-03-31 09:00:00,1.36,1.32,2.01,11.3,4.55,2.68,3.12,36.09,8.66,18.01,2.33,7.49,16.2,1.8,6.19,13.27,1.83,5.98,8.35,4.84,8.87,8.96,8.83,11.27,11.37,11.15,12.46,12.56,12.42,13.25,13.27,13.18,6786,7099
2026-03-31 08:00:00,1.34,1.61,2.11,10.98,4.55,2.71,3.1,36.09,0.9,1.92,0.51,0.65,1.37,0.38,0.95,1.56,0.73,4.62,4.75,4.55,9.13,9.25,9,11.49,11.6,11.37,12.61,12.67,12.56,13.31,13.38,13.27,6533,6839
2026-03-31 07:00:00,1.35,1.62,2.08,10.85,4.54,2.75,3.08,36.07,0.65,0.74,0.5,0.54,0.64,0.38,0.9,0.98,0.74,4.77,4.89,4.63,9.45,9.6,9.28,11.72,11.84,11.6,12.75,12.83,12.67,13.39,13.4,13.38,6466,0
2026-03-31 06:00:00,1.42,1.62,2.09,10.72,4.52,2.77,3.07,36.05,0.89,0.97,0.82,0.78,0.87,0.67,1.15,1.3,1.03,5.07,5.23,4.92,9.82,9.97,9.62,11.95,12.07,11.84,12.93,13.03,12.84,13.45,13.51,13.39,6475,0
2026-03-31 05:00:00,1.45,1.59,2.03,10.65,4.52,2.82,3.07,36.06,1.2,1.42,1.04,1.12,1.33,0.97,1.5,1.68,1.32,5.42,5.61,5.23,10.2,10.36,10.04,12.2,12.31,12.07,13.08,13.15,13.03,13.51,13.51,13.51,6490,0
2026-03-31 04:00:00,1.47,1.55,1.95,10.56,4.49,2.8,3.05,36.08,1.66,1.81,1.44,1.58,1.8,1.37,1.96,2.15,1.78,5.86,6.05,5.69,10.57,10.78,10.44,12.47,12.58,12.33,13.22,13.27,13.15,13.51,13.54,13.51,6506,0
2026-03-31 03:00:00,1.5,1.57,1.97,10.46,4.52,2.8,3.04,36.06,2.02,2.18,1.91,1.95,2.15,1.8,2.33,2.56,2.16,6.29,6.53,6.08,10.98,11.15,10.79,12.75,12.9,12.64,13.35,13.4,13.28,13.54,13.57,13.52,6519,0
2026-03-31 02:00:00,1.47,1.6,1.91,10.43,4.55,2.82,3.03,36.05,2.47,2.61,2.27,2.41,2.51,2.23,2.79,2.88,2.63,6.76,6.92,6.59,11.42,11.62,11.24,13.03,13.15,12.9,13.49,13.54,13.42,13.56,13.59,13.55,6528,0
2026-03-31 01:00:00,1.42,1.46,1.85,10.41,4.59,2.85,3.04,36.03,2.69,2.87,2.51,2.66,2.86,2.51,3.05,3.26,2.86,7.23,7.5,7,11.89,12.09,11.64,13.34,13.49,13.2,13.61,13.63,13.57,13.53,13.56,13.51,6537,0
2026-03-31 00:00:00,1.37,1.38,1.8,10.42,4.61,2.86,3.05,36.03,3.12,3.34,2.94,3.09,3.34,2.87,3.52,3.81,3.3,7.84,8.18,7.58,12.42,12.68,12.2,13.63,13.73,13.49,13.7,13.74,13.63,13.51,13.51,13.51,6539,0
2026-03-30 23:00:00,1.3,1.3,1.69,10.48,4.61,2.88,3.04,36.01,3.7,3.93,3.45,3.7,3.99,3.44,4.16,4.52,3.82,8.59,8.99,8.22,13.03,13.36,12.7,13.91,14.06,13.74,13.74,13.74,13.74,13.48,13.51,13.45,6564,0
2026-03-30 22:00:00,1.21,1.17,1.64,10.52,4.67,2.91,3.04,36.05,4.51,5.1,4.05,4.55,5.12,4.08,5.07,5.7,4.52,9.52,10.07,9.03,13.77,14.1,13.39,14.18,14.31,14.08,13.73,13.74,13.72,13.39,13.42,13.38,6595,0
2026-03-30 21:00:00,1.21,1.07,1.64,10.61,4.75,2.9,3.04,36.06,6.15,7.59,5.23,6.26,7.62,5.3,6.79,8.07,5.82,10.94,11.85,10.18,14.57,14.94,14.21,14.36,14.43,14.32,13.64,13.7,13.62,13.33,13.39,13.27,6644,0
2026-03-30 20:00:00,1.32,1.16,1.82,10.81,4.79,2.91,3.03,36.02,10.59,13.62,7.95,10.26,12.92,7.99,10.31,12.44,8.42,13.11,14.21,12.03,15.39,15.75,15.05,14.44,14.44,14.44,13.51,13.61,13.4,13.26,13.27,13.21,6720,2596
2026-03-30 19:00:00,1.55,1.43,2.14,10.99,4.83,2.9,3.04,36.01,16.29,19.18,14.22,15.81,18.95,13.5,15.04,18.03,12.91,15.47,16.81,14.41,16.13,16.45,15.78,14.35,14.44,14.29,13.31,13.38,13.24,13.16,13.2,13.15,6820,9029
2026-03-30 18:00:00,2.01,1.8,2.71,11.4,4.89,3.05,3.05,35.98,24.71,28.29,20.04,24.78,28.17,19.89,23.9,27.81,18.94,19.13,20.84,17.14,16.66,16.77,16.45,14.11,14.25,13.97,13.08,13.21,12.95,13.14,13.15,13.13,6838,10160
2026-03-30 17:00:00,2.31,2.03,2.96,11.73,4.91,3.05,3.05,36,27.47,28.19,27.11,27.47,27.93,27.11,27.21,27.73,26.76,21.5,22.01,20.84,16.72,16.79,16.65,13.67,13.87,13.45,12.83,12.93,12.7,13.09,13.12,13.06,6847,10735
2026-03-30 16:00:00,2.19,1.94,2.96,11.82,4.94,3.02,3.08,36.03,26.85,27.11,26.43,27.51,27.7,27.34,27.89,28.29,27.69,22.01,22.37,21.9,16.4,16.59,16.11,13.11,13.38,12.8,12.6,12.68,12.5,13.08,13.13,13.05,6847,10916
2026-03-30 15:00:00,2.06,1.81,2.8,11.84,4.94,3.01,3.11,36.03,25.89,26.51,25.45,27.66,27.93,27.35,29.71,30.77,28.52,23.24,24.03,22.61,15.6,16.07,15.05,12.48,12.78,12.19,12.39,12.45,12.32,13.14,13.15,13.11,6847,10817
2026-03-30 14:00:00,1.92,1.65,2.78,12.04,4.9,2.98,3.13,36.08,26.06,26.28,25.71,28.1,28.4,27.7,30.34,30.9,29.88,24.07,24.24,23.7,14.23,14.93,13.51,11.86,12.13,11.6,12.29,12.32,12.23,13.15,13.17,13.15,6847,10774
2026-03-30 13:00:00,1.77,1.52,2.53,12.02,4.81,2.87,3.15,36.12,25.63,26.13,24.98,26.94,27.93,25.91,28.71,30.06,27.18,21.74,23.5,20.23,12.63,13.36,11.87,11.37,11.58,11.2,12.2,12.22,12.2,13.21,13.27,13.16,6847,10786
2026-03-30 12:00:00,1.62,1.52,2.37,11.87,4.71,2.81,3.15,36.15,25.68,26.01,25.38,25.5,26.16,24.78,27.6,28.17,27.1,20,20.49,18.45,11.05,11.74,10.32,11.01,11.13,10.89,12.25,12.3,12.2,13.27,13.29,13.26,6847,11003
2026-03-30 11:00:00,1.47,1.32,2.45,11.93,4.63,2.77,3.15,36.19,26.13,26.63,25.69,26.28,26.78,25.33,26.18,27.21,25.46,16.48,18.12,14.89,9.54,10.2,8.89,10.89,10.89,10.88,12.33,12.39,12.31,13.36,13.39,13.29,6847,11030
2026-03-30 10:00:00,1.33,1.18,2.22,11.71,4.6,2.69,3.13,36.21,21.84,24.99,17.28,21.17,25.1,15.4,21.17,24.98,15.75,11.64,14.59,7.5,8.49,8.8,8.31,10.94,11.02,10.89,12.46,12.56,12.42,13.43,13.5,13.39,6838,10857
2026-03-30 09:00:00,1.32,1.39,1.99,11.03,4.56,2.72,3.15,36.2,5.93,15.88,-0.92,4.59,13.74,-1.37,4.05,13.97,-1.14,4.09,6.53,2.98,8.37,8.52,8.31,11.18,11.34,11.03,12.62,12.68,12.56,13.52,13.56,13.51,6804,7118
2026-03-30 08:00:00,1.29,1.66,2.15,10.73,4.55,2.78,3.15,36.19,-2.31,-1.37,-2.67,-2.44,-1.73,-2.73,-2.02,-1.47,-2.2,2.84,2.98,2.76,8.71,8.89,8.55,11.48,11.61,11.37,12.81,12.91,12.7,13.62,13.63,13.57,6524,6831
2026-03-30 07:00:00,1.18,1.57,2.11,10.72,4.55,2.85,3.15,36.17,-2.21,-1.85,-2.52,-2.29,-1.94,-2.56,-1.76,-1.38,-2.08,3.23,3.46,2.99,9.13,9.35,8.89,11.78,11.94,11.62,12.99,13.07,12.91,13.69,13.74,13.63,6457,0
2026-03-30 06:00:00,1.1,1.47,2.03,10.7,4.53,2.94,3.09,36.14,-1.4,-1.04,-1.81,-1.49,-1.19,-1.85,-1.02,-0.69,-1.38,3.8,4.04,3.57,9.58,9.81,9.37,12.08,12.21,11.96,13.19,13.27,13.12,13.74,13.77,13.74,6470,0
2026-03-30 05:00:00,1.05,1.41,1.99,10.65,4.53,2.93,3.07,36.1,-1.24,-0.93,-1.37,-1.25,-0.91,-1.45,-0.72,-0.36,-0.9,4.26,4.63,4.04,10.07,10.32,9.85,12.4,12.55,12.27,13.35,13.42,13.27,13.84,13.86,13.8,6484,0
2026-03-30 04:00:00,1.02,1.3,1.9,10.61,4.54,2.93,3.07,36.1,-0.19,0.62,-0.8,-0.19,0.62,-0.8,0.36,1.13,-0.27,5.15,5.61,4.73,10.59,10.8,10.33,12.68,12.8,12.55,13.53,13.62,13.46,13.86,13.87,13.86,6506,0
2026-03-30 03:00:00,1.11,1.21,1.82,10.75,4.58,2.93,3.07,36.12,2.67,5.13,0.88,2.54,4.92,0.85,2.85,4.92,1.32,6.4,7.12,5.71,11.11,11.33,10.91,12.97,13.09,12.85,13.67,13.74,13.62,13.9,13.94,13.87,6524,0
2026-03-30 02:00:00,1.28,1.1,1.74,10.97,4.61,2.96,3.06,36.11,6.9,7.71,5.58,6.72,7.54,5.35,6.63,7.41,5.31,7.77,8.06,7.24,11.54,11.74,11.38,13.24,13.38,13.14,13.79,13.86,13.74,13.95,13.97,13.94,6542,0
2026-03-30 01:00:00,1.3,1.08,1.77,11.07,4.64,2.97,3.07,36.1,7.87,8.51,7.33,7.64,8.18,7.12,7.5,8.05,7,8.25,8.42,8.06,11.96,12.2,11.75,13.51,13.63,13.38,13.91,13.97,13.86,13.96,13.97,13.95,6550,0
2026-03-30 00:00:00,1.32,1.09,1.71,11.08,4.65,2.98,3.07,36.12,6.82,8.18,6.08,6.39,7.9,5.6,6.12,7.61,5.38,8.18,8.38,8.06,12.47,12.68,12.21,13.81,13.96,13.69,14.02,14.09,13.97,13.91,13.96,13.88,6530,0
2026-03-29 23:00:00,1.2,1.12,1.69,11.08,4.64,3.01,3.05,36.11,5.83,6.32,5.38,5.22,5.73,4.77,5.09,5.47,4.87,8.53,8.81,8.3,13.03,13.29,12.8,14.08,14.2,13.97,14.09,14.1,14.09,13.87,13.88,13.86,6573,0
2026-03-29 22:00:00,1.21,1.1,1.66,11.07,4.69,3,3.04,36.09,5.56,7.06,4.67,5.27,6.76,4.64,5.5,6.88,4.98,9.45,10.31,8.89,13.7,14.01,13.39,14.35,14.44,14.21,14.09,14.1,14.09,13.86,13.86,13.85,6595,0
2026-03-29 21:00:00,1.31,1.13,1.82,11.24,4.77,3,3.03,36.1,10.01,11.61,7.71,9.58,11.27,7.3,9.35,11.02,7.36,11.35,12.2,10.52,14.38,14.69,14.1,14.55,14.66,14.45,14.09,14.09,14.06,13.78,13.84,13.74,6644,0
2026-03-29 20:00:00,1.46,1.34,2.06,11.42,4.8,3.01,3.04,36.09,13.19,14.22,11.73,12.88,13.86,11.38,12.6,13.5,11.14,13.11,13.78,12.32,15.05,15.4,14.71,14.68,14.68,14.65,13.98,14.06,13.94,13.74,13.74,13.71,6720,2048
2026-03-29 19:00:00,1.54,1.51,2.27,11.57,4.82,3.05,3.03,36.1,15.72,17.41,14.49,15.43,17.31,14.15,15.02,16.93,13.75,14.76,15.78,13.91,15.77,16.11,15.41,14.68,14.68,14.68,13.83,13.89,13.74,13.65,13.7,13.63,6822,8391
2026-03-29 18:00:00,1.87,1.71,2.67,11.95,4.92,3.21,3.01,36.09,21.1,23.93,18,21.22,23.79,18,20.93,23.7,17.61,17.72,19.18,16.09,16.34,16.49,16.12,14.53,14.67,14.44,13.67,13.74,13.61,13.63,13.63,13.63,6838,10317
2026-03-29 17:00:00,2.06,1.92,2.82,12.47,4.97,3.26,3.02,36.11,24.24,24.86,23.91,24.3,25.33,23.63,24.1,25.57,23.44,20.13,21.07,19.31,16.58,16.6,16.53,14.22,14.39,14.05,13.46,13.55,13.38,13.62,13.63,13.62,6847,11066
2026-03-29 16:00:00,2.05,1.95,2.92,12.83,4.98,3.24,3.03,36.14,24.77,25.21,24.39,25.27,25.57,24.86,25.97,26.39,25.54,21.07,21.42,20.84,16.43,16.59,16.2,13.77,13.97,13.52,13.27,13.38,13.16,13.63,13.63,13.61,6847,11054
2026-03-29 15:00:00,1.93,1.86,2.7,12.98,5,3.28,3.04,36.16,24.08,24.27,23.79,25.24,25.45,24.99,26.96,27.81,25.78,21.74,22.25,21.31,15.79,16.12,15.4,13.25,13.49,13.02,13.1,13.15,13.03,13.63,13.63,13.63,6847,11034
2026-03-29 14:00:00,1.83,1.72,2.63,13.21,5.06,3.32,3.05,36.24,24.34,24.51,24.05,25.81,26,25.53,27.95,28.05,27.81,22.46,22.59,22.25,14.75,15.29,14.18,12.72,12.93,12.53,13.02,13.03,12.99,13.64,13.66,13.63,6847,11046
2026-03-29 13:00:00,1.74,1.61,2.51,13.17,5.04,3.37,3.05,36.26,24.9,25.21,24.51,25.99,26.16,25.81,27.5,28.02,26.75,20.86,22.05,20.12,13.45,14.1,12.8,12.3,12.44,12.19,12.97,13.01,12.95,13.72,13.74,13.68,6847,11014
2026-03-29 12:00:00,1.61,1.47,2.34,13.05,5.1,3.37,3.06,36.32,24.97,25.47,24.62,24.71,25.65,24.27,26.85,27.36,26.39,19.59,20.24,18.12,12.11,12.68,11.5,12.02,12.13,11.95,13.01,13.03,12.98,13.76,13.81,13.74,6847,11030
2026-03-29 11:00:00,1.51,1.38,2.28,13.15,5.04,3.35,3.07,36.31,25.61,26.16,24.96,25.77,26.28,24.91,26.59,27.22,25.32,17.14,17.87,16.11,10.8,11.38,10.3,11.86,11.93,11.84,13.08,13.15,13.03,13.85,13.86,13.8,6844,11054
2026-03-29 10:00:00,1.38,1.23,2.25,12.91,4.9,3.36,3.06,36.34,22.24,24.27,19.29,21.8,24.35,18.14,21.63,24.62,17.5,12.99,15.74,9.72,9.9,10.2,9.72,11.95,12.05,11.89,13.2,13.27,13.15,13.89,13.94,13.86,6838,10644
2026-03-29 09:00:00,1.32,1.21,1.94,12.45,4.82,3.39,3.04,36.4,9.69,18.14,3.69,8.73,16.87,3.34,7.86,16.17,3.36,6.77,9.05,5.7,9.77,9.85,9.72,12.16,12.3,12.07,13.35,13.44,13.27,13.98,13.99,13.96,6778,7087
2026-03-29 08:00:00,1.5,1.62,2.22,12.15,4.68,3.32,3.03,36.36,2.28,3.45,1.44,1.94,3.11,1.08,2.1,3.22,1.32,5.3,5.59,5.12,10.01,10.2,9.85,12.43,12.55,12.31,13.54,13.62,13.49,14.04,14.1,13.98,6533,6831
2026-03-29 07:00:00,1.52,1.67,2.17,11.92,4.67,3.22,3.04,36.33,0.94,1.56,0.45,0.68,1.16,0.38,1.04,1.39,0.85,5.2,5.33,5.12,10.39,10.56,10.2,12.72,12.88,12.55,13.7,13.75,13.62,14.1,14.1,14.1,6475,0
2026-03-29 06:00:00,1.47,1.61,2.05,11.74,4.67,3.21,3.04,36.31,0.84,1.16,0.5,0.77,1.09,0.42,1.23,1.55,0.86,5.64,5.93,5.34,10.85,11.1,10.66,13.02,13.14,12.9,13.87,13.97,13.8,14.16,14.22,14.11,6486,0
2026-03-29 05:00:00,1.41,1.47,1.92,11.77,4.7,3.23,3.04,36.32,1.5,1.8,1.22,1.42,1.69,1.12,1.86,2.15,1.58,6.21,6.5,5.94,11.34,11.58,11.15,13.31,13.48,13.15,14.03,14.09,13.97,14.22,14.22,14.21,6502,0
2026-03-29 04:00:00,1.33,1.38,1.86,11.85,4.75,3.21,3.03,36.31,2.1,2.33,1.82,2.02,2.27,1.8,2.46,2.74,2.21,6.76,7.04,6.53,11.83,12.09,11.62,13.62,13.74,13.49,14.16,14.21,14.09,14.22,14.22,14.22,6517,0
2026-03-29 03:00:00,1.26,1.31,1.84,11.94,4.79,3.22,3.05,36.31,2.74,3.1,2.4,2.68,2.98,2.34,3.14,3.5,2.82,7.41,7.71,7.12,12.28,12.45,12.09,13.89,13.97,13.8,14.3,14.34,14.24,14.22,14.23,14.22,6528,0
2026-03-29 02:00:00,1.23,1.27,1.79,11.93,4.77,3.25,3.05,36.31,3.28,3.36,3.22,3.22,3.34,3.1,3.68,3.81,3.57,7.82,7.92,7.72,12.55,12.57,12.51,14.04,14.08,14,14.33,14.34,14.33,14.22,14.22,14.22,6542,0
2026-03-29 01:00:00,1.2,1.17,1.7,11.99,4.76,3.22,3.03,36.31,4.22,5.12,3.45,4.15,5,3.43,4.59,5.37,3.88,8.41,8.89,7.97,12.87,13.11,12.66,14.21,14.33,14.08,14.44,14.48,14.37,14.22,14.23,14.22,6542,0
2026-03-29 00:00:00,1.28,1.1,1.73,12.15,4.78,3.23,3.04,36.31,7.38,8.92,5.35,6.9,8.18,5.23,6.83,7.73,5.58,9.51,9.8,9.01,13.34,13.53,13.16,14.49,14.65,14.33,14.55,14.57,14.47,14.22,14.22,14.21,6542,0
2026-03-28 23:00:00,1.34,1.12,1.75,12.19,4.81,3.26,3.04,36.29,7.71,9.12,5.94,7.09,8.18,5.75,7.06,7.72,6.07,9.91,10.07,9.72,13.81,14.1,13.59,14.78,14.91,14.68,14.58,14.63,14.57,14.18,14.22,14.12,6550,0
2026-03-28 22:00:00,1.28,1.2,1.7,12.11,4.87,3.23,3.03,36.26,5.48,5.7,5.24,5.45,5.7,5.23,5.92,6.25,5.7,10.09,10.55,9.72,14.45,14.81,14.14,15.1,15.27,14.94,14.63,14.65,14.63,14.1,14.11,14.1,6550,0
2026-03-28 21:00:00,1.3,1.08,1.72,12.17,4.92,3.23,3.03,36.29,6.29,7,5.82,6.34,7.02,5.82,6.88,7.59,6.33,11.15,11.77,10.59,15.24,15.64,14.85,15.36,15.47,15.27,14.58,14.61,14.57,14.02,14.09,13.98,6593,0
2026-03-28 20:00:00,1.29,1.1,1.79,12.28,4.95,3.26,3.03,36.3,8.82,11.26,7.13,8.74,10.91,7.23,9.12,10.9,7.79,12.81,13.86,11.92,16.1,16.45,15.71,15.52,15.58,15.5,14.5,14.57,14.45,13.94,13.98,13.87,6637,0
2026-03-28 19:00:00,1.5,1.42,2.08,12.43,5.6,3.28,3.03,36.26,14.78,16.94,11.85,14.05,16.01,11.39,13.54,15.18,11.38,15.09,16.11,14.09,16.93,17.29,16.58,15.58,15.61,15.52,14.33,14.45,14.23,13.85,13.86,13.82,6709,2099
2026-03-28 18:00:00,1.73,1.56,2.43,12.64,5.56,3.3,3.02,36.29,20.46,24.27,17.31,19.31,23.6,16.34,17.88,21.78,15.52,17.57,19.11,16.2,17.71,18.01,17.41,15.46,15.5,15.39,14.12,14.21,13.97,13.76,13.81,13.74,6822,7634
2026-03-28 17:00:00,2.17,2,2.83,13.56,5.5,3.35,3.02,36.3,29.49,32.9,24.98,28.73,31.6,24.42,27.47,30.56,22.73,21.54,23.26,19.48,18.18,18.24,18.02,15.17,15.32,15.02,13.87,13.97,13.74,13.71,13.74,13.64,6838,10294
2026-03-28 16:00:00,2.37,2.17,2.96,13.94,5.5,3.36,3.01,36.32,32.04,32.78,31.25,31.86,32.31,31.6,29.9,30.76,29.23,23.61,23.79,23.32,18.16,18.24,18.01,14.7,14.91,14.44,13.6,13.74,13.5,13.63,13.65,13.63,6849,10534
2026-03-28 15:00:00,2.21,2.03,3.07,14.05,5.56,3.45,3.02,36.32,30.92,31.44,30.37,31.61,32.07,31.19,31.93,32.25,31.24,24.09,24.5,23.9,17.75,18.01,17.41,14.12,14.44,13.85,13.35,13.49,13.27,13.63,13.63,13.63,6849,10632
2026-03-28 14:00:00,2.06,1.88,2.88,14.11,5.87,3.61,3.04,36.34,28.9,30.4,27.81,30.19,31.25,29.36,31.8,32.07,31.6,24.44,24.63,24.34,16.84,17.29,16.35,13.48,13.77,13.15,13.14,13.26,13.05,13.63,13.63,13.63,6849,10565
2026-03-28 13:00:00,1.96,1.7,2.81,14.41,5.91,3.72,3.06,36.38,28.46,29.04,28.17,30.02,30.42,29.71,31.91,32.09,31.72,24.34,24.73,23.91,15.57,16.23,14.86,12.83,13.14,12.55,13.01,13.03,12.95,13.66,13.71,13.63,6847,10585
2026-03-28 12:00:00,1.7,1.53,2.67,14.6,5.85,3.88,3.07,36.39,29.37,29.73,28.84,30.3,30.54,29.94,31.41,31.83,30.53,22.55,23.67,21.78,14,14.69,13.23,12.31,12.55,12.08,12.91,12.93,12.91,13.74,13.74,13.72,6849,10585
2026-03-28 11:00:00,1.58,1.46,2.47,14.64,5.84,3.98,3.07,36.44,29.24,29.82,28.78,28.5,29.94,27.48,30.45,30.65,30.3,20.87,21.91,19.29,12.31,13.06,11.6,11.95,12.07,11.84,12.92,12.95,12.91,13.77,13.82,13.74,6847,10810
2026-03-28 10:00:00,1.53,1.37,2.36,14.79,5.7,3.99,3.09,36.44,26.56,28.84,23.82,26.13,27.54,23.77,27.64,30.3,24.25,17.68,19.02,16.2,10.82,11.45,10.28,11.78,11.84,11.74,13.01,13.03,12.98,13.85,13.86,13.83,6844,10806
2026-03-28 09:00:00,1.42,1.27,2.48,15.17,5.47,3.99,3.09,36.49,21.4,23.2,18.7,20.58,23.09,16.81,20.81,23.45,16.7,13.28,15.75,9.93,9.82,10.2,9.6,11.81,11.85,11.76,13.12,13.17,13.04,13.9,13.98,13.86,6838,10944
2026-03-28 08:00:00,1.35,1.32,2.71,15.02,5.42,3.99,3.04,36.51,9.07,17.53,2.85,8.11,15.76,2.39,7.67,15.5,2.49,6.68,9.13,5.34,9.6,9.7,9.57,12,12.08,11.92,13.27,13.37,13.18,13.98,13.99,13.97,6804,7118
2026-03-28 07:00:00,1.35,1.6,2.98,14.07,5.4,3.98,3.04,36.47,1.36,2.38,0.99,1.19,2.01,0.92,1.47,2.15,1.23,5.13,5.24,5.08,9.84,9.96,9.71,12.25,12.37,12.14,13.44,13.5,13.38,14.07,14.1,14.01,6528,6827
2026-03-28 06:00:00,1.36,1.6,2.88,13.73,5.38,3.85,3.04,36.49,1.25,1.44,1.09,1.11,1.22,0.97,1.47,1.56,1.32,5.3,5.45,5.19,10.16,10.32,9.99,12.51,12.66,12.41,13.6,13.69,13.5,14.12,14.19,14.1,6470,0
2026-03-28 05:00:00,1.38,1.58,2.78,13.42,5.31,3.39,3.05,36.48,1.49,1.64,1.37,1.38,1.56,1.22,1.73,1.92,1.58,5.63,5.82,5.46,10.52,10.67,10.33,12.78,12.9,12.67,13.77,13.86,13.72,14.21,14.22,14.19,6484,0
2026-03-28 04:00:00,1.43,1.56,2.69,12.86,5.02,3.34,3.05,36.49,1.9,2.07,1.68,1.8,1.98,1.56,2.15,2.31,1.93,6.04,6.17,5.82,10.9,11.12,10.71,13.07,13.23,12.92,13.93,13.98,13.86,14.23,14.27,14.22,6495,0
2026-03-28 03:00:00,1.49,1.57,2.36,12.61,4.83,3.33,3.03,36.41,2.29,2.51,2.15,2.19,2.39,2.04,2.54,2.74,2.38,6.45,6.64,6.29,11.32,11.5,11.15,13.36,13.49,13.24,14.09,14.2,14,14.31,14.33,14.29,6506,0
2026-03-28 02:00:00,1.51,1.62,2.1,12.49,4.81,3.27,3.04,36.41,2.67,2.86,2.56,2.59,2.75,2.49,2.94,3.1,2.77,6.9,7.12,6.72,11.75,11.97,11.54,13.66,13.81,13.5,14.24,14.33,14.21,14.33,14.33,14.33,6522,0
2026-03-28 01:00:00,1.52,1.58,2.07,12.31,4.82,3.22,3.06,36.42,3.18,3.34,2.88,3.03,3.2,2.81,3.39,3.56,3.15,7.4,7.65,7.13,12.26,12.53,12.01,13.96,14.08,13.85,14.36,14.45,14.32,14.33,14.33,14.33,6533,0
2026-03-28 00:00:00,1.55,1.54,1.89,12.12,4.79,3.2,3.04,36.41,3.66,3.87,3.34,3.53,3.71,3.22,3.89,4.1,3.57,7.97,8.26,7.71,12.8,13.04,12.57,14.25,14.4,14.09,14.49,14.57,14.45,14.33,14.33,14.33,6517,0
2026-03-27 23:00:00,1.45,1.44,1.82,12.18,4.81,3.19,3.05,36.41,4.14,4.52,3.81,4.08,4.48,3.69,4.49,4.87,4.14,8.7,9.07,8.32,13.37,13.63,13.12,14.55,14.68,14.43,14.57,14.57,14.56,14.3,14.33,14.25,6550,0
2026-03-27 22:00:00,1.3,1.28,1.72,12.24,4.87,3.22,3.04,36.5,4.97,5.35,4.64,4.94,5.35,4.52,5.35,5.74,4.92,9.55,9.96,9.13,14,14.32,13.73,14.84,14.99,14.68,14.58,14.6,14.57,14.22,14.24,14.22,6568,0
2026-03-27 21:00:00,1.27,1.11,1.68,12.26,4.94,3.2,3.04,36.43,5.97,6.57,5.47,5.95,6.54,5.47,6.39,7.01,5.87,10.57,11.14,10.07,14.71,15.06,14.34,15.11,15.23,15.02,14.57,14.59,14.57,14.19,14.22,14.11,6591,0
2026-03-27 20:00:00,1.3,1.08,1.76,12.38,4.96,3.22,3.03,36.37,7.82,9.01,6.72,7.77,8.99,6.68,8.17,9.28,7.17,12,12.8,11.26,15.51,15.88,15.17,15.28,15.36,15.25,14.52,14.57,14.45,14.1,14.12,14.09,6640,0
2026-03-27 19:00:00,1.38,1.25,1.92,12.45,5.01,3.2,3.03,36.37,12.11,15.52,9.37,11.66,14.46,9.31,11.6,13.94,9.6,14.08,15.27,12.97,16.29,16.59,15.98,15.34,15.37,15.33,14.39,14.45,14.33,14.03,14.09,13.98,6713,2103
2026-03-27 18:00:00,1.71,1.55,2.39,12.59,5.04,3.31,3.03,36.65,19.89,23.21,16.34,18.81,22.75,15.19,17.84,21.8,14.53,16.68,18.12,15.45,16.99,17.29,16.7,15.25,15.29,15.15,14.2,14.33,14.09,13.98,13.98,13.97,6818,8529
2026-03-27 17:00:00,2.17,2.01,2.91,13.59,5.14,3.31,3.03,36.35,28,30.18,24.27,27.43,29.47,23.86,27,29,22.95,20.29,21.59,18.45,17.46,17.54,17.29,15,15.15,14.81,13.98,14.09,13.86,13.94,13.98,13.88,6842,10715
2026-03-27 16:00:00,2.28,2.15,2.95,14.02,5.18,3.33,3.01,36.34,29.99,30.27,29.81,30.13,30.53,29.52,28.78,29.94,28.32,22.3,22.85,21.78,17.5,17.54,17.41,14.59,14.79,14.36,13.76,13.86,13.62,13.88,13.91,13.86,6847,10770
2026-03-27 15:00:00,2.17,2.02,3,14.12,5.22,3.37,3,36.32,29.39,29.83,29.12,29.99,30.31,29.71,30.55,31.01,30.18,22.99,23.32,22.73,17.14,17.41,16.82,14.07,14.32,13.82,13.55,13.63,13.48,13.88,13.89,13.87,6849,10687
2026-03-27 14:00:00,2.07,1.84,2.85,14.25,5.31,3.46,3.04,36.32,27.8,29.03,26.82,29.09,29.94,28.4,30.93,31.09,30.77,23.34,23.44,23.2,16.22,16.7,15.73,13.5,13.74,13.26,13.38,13.46,13.29,13.93,13.97,13.9,6847,10557
2026-03-27 13:00:00,1.91,1.68,2.68,14.44,5.37,3.66,3.03,36.38,26.46,26.87,25.93,27.9,28.41,27.22,29.99,30.72,29.11,22.58,23.16,21.81,15.02,15.64,14.43,12.94,13.19,12.7,13.27,13.29,13.27,13.98,13.98,13.97,6849,10715
2026-03-27 12:00:00,1.75,1.57,2.52,14.46,5.36,3.79,3.03,36.39,25.89,26,25.69,26.84,27.17,26.18,28.38,29.11,27.1,20.5,21.55,20.01,13.69,14.32,13.05,12.5,12.67,12.33,13.26,13.27,13.25,14.02,14.1,13.98,6847,10896
2026-03-27 11:00:00,1.61,1.52,2.32,14.49,5.4,3.94,3.04,36.39,26.18,26.75,25.35,25.72,26.16,25.45,28.22,30.06,26.99,19.74,20.01,19.29,12.27,12.93,11.62,12.2,12.31,12.08,13.27,13.27,13.27,14.1,14.11,14.09,6847,10967
2026-03-27 10:00:00,1.52,1.37,2.23,14.51,5.43,3.95,3.04,36.46,26.54,27.57,25.33,26.22,26.82,25.45,29.54,31.13,27.46,18.39,19.37,16.79,10.88,11.52,10.32,12.07,12.07,12.07,13.36,13.39,13.27,14.19,14.22,14.11,6844,10971
2026-03-27 09:00:00,1.36,1.22,2.25,14.54,5.47,3.74,3.03,36.51,23.48,25.13,20.69,22.56,25.18,18.14,23.63,26.99,18.7,13.18,16.34,9.58,9.89,10.2,9.72,12.12,12.19,12.07,13.5,13.6,13.42,14.23,14.31,14.22,6838,10814
2026-03-27 08:00:00,1.32,1.34,2.37,13.92,5.39,3.4,3.05,36.48,9.22,19.2,1.44,7.91,16.85,1.09,7.42,17.04,1.25,6.05,8.7,4.87,9.77,9.85,9.72,12.34,12.46,12.2,13.67,13.74,13.61,14.33,14.35,14.32,6766,7075
2026-03-27 07:00:00,1.37,1.65,2.62,13.47,5.19,3.35,3.04,36.44,0.34,1.02,0.07,0.17,0.74,-0.01,0.51,0.98,0.38,4.79,4.87,4.75,10.09,10.3,9.93,12.64,12.78,12.52,13.85,13.97,13.74,14.43,14.45,14.37,6530,6827
2026-03-27 06:00:00,1.4,1.65,2.6,13.21,5.11,3.33,3.04,36.45,0.32,0.54,0.13,0.25,0.48,0.03,0.66,0.86,0.5,5.11,5.33,4.91,10.49,10.67,10.32,12.93,13.06,12.78,14.03,14.09,13.97,14.49,14.56,14.45,6481,0
2026-03-27 05:00:00,1.43,1.67,2.59,12.83,4.96,3.34,3.04,36.41,0.74,0.97,0.61,0.68,0.96,0.5,1.13,1.44,0.91,5.55,5.82,5.34,10.91,11.15,10.69,13.25,13.38,13.12,14.21,14.31,14.12,14.57,14.58,14.56,6493,0
2026-03-27 04:00:00,1.45,1.63,2.48,12.6,4.82,3.29,3.04,36.4,1.3,1.48,1.08,1.25,1.44,0.98,1.68,1.87,1.44,6.07,6.29,5.82,11.37,11.62,11.15,13.57,13.73,13.38,14.38,14.45,14.33,14.6,14.65,14.57,6506,0
2026-03-27 03:00:00,1.45,1.61,2.41,12.56,4.84,3.11,3.03,36.34,1.96,2.39,1.56,1.89,2.29,1.48,2.3,2.71,1.92,6.63,6.92,6.36,11.85,12.09,11.62,13.87,13.97,13.73,14.53,14.68,14.45,14.68,14.69,14.64,6517,0
2026-03-27 02:00:00,1.52,1.61,2.16,12.45,4.87,3.12,3.02,36.34,2.7,2.98,2.51,2.59,2.87,2.39,2.98,3.31,2.74,7.25,7.56,7,12.35,12.57,12.1,14.15,14.32,13.97,14.73,14.8,14.68,14.69,14.69,14.69,6524,0
2026-03-27 01:00:00,1.54,1.57,1.96,12.35,4.83,3.12,3.02,36.34,3.32,3.71,3.04,3.26,3.69,2.96,3.68,4.09,3.33,7.93,8.3,7.6,12.84,13.05,12.6,14.47,14.64,14.32,14.87,14.92,14.8,14.69,14.69,14.69,6533,0
2026-03-27 00:00:00,1.5,1.45,1.84,12.4,4.85,3.15,3.03,36.33,4.12,4.48,3.81,4.11,4.44,3.74,4.52,4.86,4.16,8.67,9.01,8.35,13.36,13.63,13.15,14.79,14.92,14.68,14.99,15.04,14.92,14.69,14.69,14.69,6519,0
2026-03-26 23:00:00,1.34,1.34,1.7,12.41,4.89,3.15,3.02,36.31,4.68,4.76,4.52,4.64,4.76,4.52,5.05,5.2,4.89,9.27,9.51,9.02,13.94,14.22,13.64,15.11,15.27,14.93,15.06,15.14,15.04,14.68,14.69,14.67,6550,0
2026-03-26 22:00:00,1.24,1.23,1.67,12.43,4.97,3.14,2.97,36.36,5.12,5.58,4.77,5.08,5.53,4.76,5.51,5.95,5.22,9.98,10.43,9.59,14.61,14.94,14.3,15.43,15.59,15.27,15.15,15.16,15.14,14.61,14.66,14.57,6568,0
2026-03-26 21:00:00,1.26,1.07,1.67,12.52,4.99,3.13,2.97,36.38,6.31,7.24,5.7,6.27,7.12,5.6,6.73,7.49,6.05,11.1,11.73,10.55,15.38,15.76,15.05,15.7,15.8,15.62,15.12,15.16,15.09,14.57,14.57,14.56,6593,0
2026-03-26 20:00:00,1.25,1.08,1.74,12.61,5.01,3.17,3.02,36.32,8.76,10.77,7.48,8.68,10.67,7.36,9.03,10.9,7.73,12.73,13.79,11.85,16.19,16.59,15.8,15.88,15.95,15.85,15.05,15.08,15.04,14.48,14.55,14.45,6635,0
2026-03-26 19:00:00,1.47,1.41,2.12,12.77,5.08,3.2,2.98,36.19,15.64,19.2,11.38,15.14,18.54,11.26,14.77,17.89,11.38,15.48,16.7,14.09,16.93,17.27,16.6,15.97,15.98,15.96,14.92,15.02,14.85,14.43,14.45,14.36,6709,2020
2026-03-26 18:00:00,1.77,1.6,2.48,13.05,5.18,3.28,3,36.19,22.91,26.16,19.66,21.71,25.21,18.91,20.82,24.27,18.24,18.13,19.62,16.92,17.59,17.89,17.29,15.89,15.98,15.83,14.74,14.8,14.68,14.33,14.36,14.33,6820,7914
2026-03-26 17:00:00,2.26,2.06,2.88,14.06,5.29,3.25,2.99,36.18,30.51,31.84,27.27,29.72,31.29,26.26,28.29,29.66,25.09,21.53,22.61,19.98,18.05,18.12,17.89,15.67,15.78,15.53,14.55,14.68,14.45,14.32,14.33,14.27,6844,10613
2026-03-26 16:00:00,2.33,2.18,2.95,14.42,5.33,3.29,3.02,36.16,31.36,31.6,30.8,31.49,31.7,31.12,29.81,30.89,29,22.87,23.09,22.64,18.12,18.12,18.12,15.33,15.5,15.15,14.32,14.45,14.21,14.24,14.28,14.22,6849,10743
2026-03-26 15:00:00,2.11,2.06,2.95,14.65,5.36,3.32,3.01,36.16,30.14,30.54,29.79,30.57,30.88,30.42,30.94,31.24,30.65,23.66,24.03,23.2,17.94,18.09,17.75,14.86,15.13,14.65,14.12,14.21,14.04,14.22,14.23,14.22,6849,10754
2026-03-26 14:00:00,2.02,1.88,2.81,14.97,5.38,3.43,3.02,36.18,29.16,29.71,28.76,30.2,30.42,30,32.04,32.55,31.48,24.41,24.73,24.06,17.28,17.66,16.82,14.31,14.56,14.08,13.93,13.99,13.86,14.24,14.28,14.22,6849,10735
2026-03-26 13:00:00,1.93,1.74,2.73,15.26,5.45,3.6,3,36.18,28.57,28.88,28.41,29.75,30.1,29.48,31.58,32.31,31.13,24.03,24.74,23.29,16.19,16.7,15.65,13.77,14,13.53,13.85,13.86,13.79,14.32,14.33,14.29,6847,10703
2026-03-26 12:00:00,1.78,1.61,2.59,15.45,5.57,3.73,3.02,36.22,28.66,29.13,28.29,29.45,29.69,29.25,30.92,31.24,30.53,22.77,23.19,22.42,14.91,15.55,14.22,13.32,13.49,13.14,13.76,13.78,13.74,14.33,14.34,14.33,6847,10794
2026-03-26 11:00:00,1.64,1.53,2.36,15.75,5.49,3.83,3.02,36.28,28.69,29.23,28.05,27.94,29.38,26.76,31.35,32.07,30.3,21.77,22.85,20.6,13.45,14.1,12.8,13,13.14,12.9,13.83,13.86,13.77,14.42,14.45,14.36,6847,10817
2026-03-26 10:00:00,1.55,1.37,2.3,16.14,5.58,3.89,3.04,36.34,28.12,28.87,27.45,27.56,27.93,26.87,31.09,32.09,29.53,19.72,20.48,18.2,12.07,12.68,11.5,12.86,12.9,12.81,13.89,13.97,13.86,14.45,14.47,14.45,6847,10861
2026-03-26 09:00:00,1.46,1.32,2.39,16.64,5.81,3.92,3.05,36.36,24.56,27.11,21.55,23.88,26.99,19.54,24.92,29,19.54,14.66,17.69,11.25,11.1,11.39,10.91,12.89,12.95,12.86,14.01,14.09,13.97,14.53,14.57,14.45,6838,10652
2026-03-26 08:00:00,1.38,1.31,2.84,16.61,5.5,3.9,3.04,36.38,11.12,20.51,4.16,10.02,18.29,3.85,9.5,18.19,4.04,7.99,10.53,6.88,10.93,11.03,10.87,13.1,13.26,13.01,14.16,14.21,14.09,14.58,14.61,14.57,6778,7087
2026-03-26 07:00:00,1.51,1.64,3.12,16.33,5.49,3.89,3.06,36.34,3.73,4.05,3.54,3.52,3.81,3.34,3.72,3.93,3.57,6.78,6.85,6.76,11.18,11.31,11.03,13.35,13.49,13.26,14.32,14.43,14.22,14.67,14.69,14.65,6530,6823
2026-03-26 06:00:00,1.55,1.65,2.84,15.38,5.5,3.83,3.04,36.34,3.26,3.69,2.86,3.02,3.45,2.75,3.28,3.58,3.1,6.83,6.88,6.76,11.51,11.7,11.38,13.62,13.73,13.49,14.49,14.57,14.43,14.71,14.76,14.69,6488,0
2026-03-26 05:00:00,1.59,1.62,2.7,14.67,5.53,3.61,3.02,36.34,3.18,3.51,2.86,3.05,3.34,2.8,3.37,3.6,3.11,7.1,7.24,6.9,11.91,12.09,11.74,13.89,14.02,13.74,14.64,14.71,14.57,14.8,14.81,14.77,6502,0
2026-03-26 04:00:00,1.59,1.64,2.58,14.31,5.41,3.3,3.02,36.36,3.44,3.56,3.33,3.31,3.45,3.22,3.65,3.81,3.57,7.5,7.71,7.29,12.34,12.57,12.14,14.19,14.32,14.08,14.81,14.92,14.71,14.81,14.82,14.81,6510,0
2026-03-26 03:00:00,1.59,1.62,2.41,13.88,5.12,3.25,3.01,36.36,3.89,4.13,3.57,3.77,4.01,3.53,4.12,4.33,3.87,7.98,8.18,7.73,12.77,13,12.57,14.49,14.65,14.32,14.96,15.04,14.91,14.83,14.85,14.82,6524,0
2026-03-26 02:00:00,1.57,1.57,2.3,13.75,4.97,3.21,2.99,36.4,4.41,4.76,4.16,4.33,4.64,4.05,4.67,4.98,4.4,8.54,8.82,8.3,13.24,13.46,13.04,14.79,14.92,14.68,15.11,15.16,15.04,14.85,14.87,14.82,6533,0
2026-03-26 01:00:00,1.53,1.48,2,13.69,4.99,3.15,2.98,36.38,5.05,5.35,4.76,5,5.35,4.64,5.36,5.69,5,9.17,9.47,8.89,13.73,13.98,13.51,15.13,15.27,14.98,15.23,15.28,15.16,14.82,14.85,14.81,6542,0
2026-03-26 00:00:00,1.47,1.35,1.78,13.64,5.05,3.15,2.97,36.35,5.65,5.89,5.38,5.61,5.82,5.35,5.95,6.17,5.7,9.8,10.07,9.53,14.29,14.58,14,15.44,15.61,15.27,15.33,15.39,15.28,14.81,14.82,14.81,6524,0
2026-03-25 23:00:00,1.48,1.27,1.73,13.61,5.1,3.16,2.93,36.33,6.3,6.76,5.93,6.25,6.66,5.88,6.64,7.08,6.27,10.57,11.01,10.18,14.94,15.29,14.63,15.75,15.87,15.62,15.39,15.39,15.39,14.79,14.81,14.74,6550,0
2026-03-25 22:00:00,1.45,1.21,1.74,13.73,5.09,3.16,2.93,36.32,7.34,7.95,6.77,7.29,7.85,6.77,7.68,8.27,7.12,11.53,12.03,11.02,15.64,16,15.29,16.04,16.15,15.92,15.39,15.39,15.39,14.69,14.71,14.69,6573,0
2026-03-25 21:00:00,1.33,1.1,1.75,13.75,5.14,3.17,2.96,36.34,8.49,9.13,8.07,8.5,9.22,7.96,8.92,9.71,8.37,12.72,13.4,12.14,16.43,16.82,16.04,16.25,16.33,16.19,15.35,15.39,15.28,14.63,14.69,14.57,6599,0
2026-03-25 20:00:00,1.27,1.18,1.81,13.87,5.19,3.2,2.95,36.34,10.55,12.33,9.35,10.67,12.47,9.37,11.12,12.8,9.85,14.45,15.51,13.55,17.29,17.65,16.93,16.33,16.34,16.33,15.23,15.28,15.16,14.56,14.57,14.54,6644,0
2026-03-25 19:00:00,1.47,1.44,2.12,14.02,5.27,3.2,2.98,36.35,15.92,19.06,12.86,15.77,18.59,12.92,15.75,18.33,13.16,17.2,18.59,15.75,18.03,18.28,17.77,16.32,16.34,16.27,15.08,15.16,14.99,14.46,14.53,14.45,6720,2044
2026-03-25 18:00:00,1.67,1.59,2.5,14.46,5.32,3.21,2.98,36.33,22.71,26.33,19.65,22.09,25.65,19.06,21.39,24.62,18.73,19.91,21.06,18.83,18.5,18.69,18.35,16.17,16.27,16.1,14.86,14.97,14.77,14.4,14.45,14.34,6822,8237
2026-03-25 17:00:00,2.06,1.92,2.77,15.24,5.36,3.24,2.98,36.34,29.28,31.47,27.22,28.68,30.65,26.51,27.74,29.71,25.43,22.4,23.08,21.31,18.78,18.83,18.7,15.89,16.07,15.74,14.63,14.74,14.54,14.33,14.34,14.33,6838,10376
2026-03-25 16:00:00,2.1,1.97,2.83,15.45,5.39,3.27,3.02,36.34,31.42,34.08,28.05,31.47,34.07,27.93,30.06,31.75,26.99,23.61,24.12,22.61,18.73,18.83,18.6,15.47,15.72,15.27,14.39,14.49,14.3,14.33,14.33,14.31,6849,10617
2026-03-25 15:00:00,2.14,1.99,2.87,15.84,5.44,3.33,3.02,36.36,31.7,33.02,30.18,32.13,33.5,30.3,32.14,33.61,30.06,24.81,25.44,23.98,18.31,18.6,18.01,14.93,15.2,14.68,14.16,14.23,14.09,14.3,14.33,14.28,6849,10577
2026-03-25 14:00:00,2.07,1.9,2.79,16.11,5.44,3.49,3.02,36.41,30.88,31.48,30.18,32.04,32.41,31.67,33.61,34.32,32.31,25.09,25.33,24.72,17.4,17.89,16.83,14.34,14.63,14.08,14,14.09,13.96,14.32,14.33,14.29,6849,10451
2026-03-25 13:00:00,1.9,1.74,2.75,16.36,5.51,3.64,3.02,36.46,28.92,29.73,28.3,30.21,31.25,29.48,32.09,33.61,31.24,24.3,25.16,23.54,16.15,16.73,15.52,13.79,14.04,13.6,13.87,13.92,13.86,14.33,14.33,14.33,6849,10498
2026-03-25 12:00:00,1.77,1.56,2.55,16.49,5.57,3.77,3.02,36.49,28.32,28.65,27.93,29.1,29.52,28.73,30.35,31.13,29.71,22.26,23.32,21.81,14.75,15.4,14.1,13.36,13.54,13.23,13.86,13.86,13.86,14.37,14.43,14.33,6847,10758
2026-03-25 11:00:00,1.64,1.54,2.3,16.61,5.54,3.85,3.03,36.52,27.35,28.38,26.16,26.56,28.39,25.07,30.05,30.63,29.47,20.73,22.02,19.45,13.33,13.98,12.7,13.08,13.16,13.02,13.87,13.94,13.86,14.45,14.45,14.42,6847,10821
2026-03-25 10:00:00,1.53,1.4,2.27,16.88,5.59,3.86,3.06,36.55,24.89,25.7,23.58,24.49,25.33,23.07,27.82,29.23,26.27,18.64,19.33,17.82,12.1,12.64,11.62,12.95,13.01,12.93,13.97,13.99,13.96,14.48,14.54,14.45,6847,10853
2026-03-25 09:00:00,1.4,1.25,2.33,17.37,5.59,3.87,3.04,36.54,22.72,24.98,19.06,21.89,24.86,17.4,23.11,26.97,17.76,14.32,17.41,11.11,11.24,11.52,11.04,13.02,13.1,12.98,14.08,14.14,14.02,14.56,14.57,14.54,6838,10904
2026-03-25 08:00:00,1.34,1.35,2.68,17.32,5.59,3.89,3.05,36.54,10.38,17.92,4.3,9.53,16.32,4.05,9.19,16.58,4.16,8.27,10.53,7.02,11.1,11.22,11.03,13.21,13.36,13.13,14.23,14.33,14.17,14.61,14.69,14.57,6784,7099
2026-03-25 07:00:00,1.42,1.58,2.81,16.9,5.56,3.86,3.05,36.51,3.61,4.05,3.03,3.37,3.79,2.92,3.56,3.93,3.22,6.9,7,6.88,11.38,11.51,11.27,13.47,13.61,13.37,14.39,14.45,14.33,14.69,14.69,14.69,6517,6803
2026-03-25 06:00:00,1.39,1.58,2.46,16.2,5.57,3.82,3.03,36.52,3.23,3.45,2.98,3.13,3.35,2.92,3.42,3.68,3.22,7.13,7.34,6.93,11.73,11.86,11.56,13.74,13.86,13.61,14.56,14.62,14.47,14.74,14.81,14.69,6481,0
2026-03-25 05:00:00,1.44,1.57,2.28,15.69,5.58,3.71,3.02,36.5,3.68,3.82,3.45,3.59,3.77,3.35,3.89,4.04,3.69,7.55,7.71,7.38,12.1,12.31,11.94,14.02,14.18,13.89,14.72,14.8,14.68,14.81,14.81,14.8,6495,0
2026-03-25 04:00:00,1.46,1.53,2.23,15.41,5.53,3.3,3.01,36.5,4.1,4.33,3.92,4,4.26,3.8,4.31,4.52,4.07,7.96,8.18,7.73,12.5,12.68,12.33,14.3,14.44,14.2,14.87,14.92,14.8,14.83,14.86,14.81,6506,0
2026-03-25 03:00:00,1.42,1.51,2.15,14.98,5.27,3.22,3.03,36.5,4.46,4.64,4.36,4.38,4.59,4.26,4.7,4.89,4.52,8.4,8.64,8.18,12.93,13.16,12.7,14.58,14.69,14.44,15.01,15.08,14.94,14.88,14.9,14.86,6517,0
2026-03-25 02:00:00,1.39,1.46,2.02,14.75,5.09,3.22,2.98,36.5,4.95,5.21,4.65,4.87,5.12,4.64,5.22,5.46,4.98,8.9,9.13,8.66,13.4,13.63,13.16,14.89,15.03,14.76,15.16,15.24,15.1,14.91,14.92,14.9,6530,0
2026-03-25 01:00:00,1.36,1.42,1.96,14.61,5.06,3.13,2.98,36.5,5.54,5.7,5.23,5.46,5.59,5.2,5.78,5.94,5.48,9.45,9.71,9.17,13.9,14.11,13.63,15.2,15.34,15.04,15.29,15.33,15.25,14.89,14.92,14.87,6542,0
2026-03-25 00:00:00,1.4,1.28,1.81,14.48,5.11,3.09,2.94,36.51,6.1,6.37,5.71,6.01,6.29,5.69,6.35,6.63,6.01,10.04,10.33,9.77,14.44,14.69,14.21,15.5,15.62,15.38,15.39,15.39,15.36,14.83,14.87,14.81,6528,0
2026-03-24 23:00:00,1.38,1.22,1.77,14.4,5.13,3.1,2.95,36.51,6.72,7.15,6.39,6.64,7.08,6.29,7.03,7.47,6.65,10.76,11.16,10.42,15.04,15.34,14.73,15.79,15.96,15.64,15.43,15.48,15.39,14.81,14.82,14.81,6550,0
2026-03-24 22:00:00,1.27,1.13,1.75,14.52,5.13,3.09,2.95,36.53,7.75,8.3,7.24,7.65,8.18,7.12,8.03,8.54,7.48,11.68,12.14,11.26,15.7,16,15.4,16.08,16.2,15.98,15.47,15.5,15.43,14.73,14.79,14.69,6577,0
2026-03-24 21:00:00,1.22,1.11,1.75,14.55,5.16,3.12,2.95,36.53,8.93,9.43,8.42,8.78,9.29,8.27,9.17,9.68,8.64,12.72,13.27,12.2,16.38,16.7,16.08,16.3,16.42,16.2,15.4,15.45,15.39,14.68,14.69,14.61,6599,0
2026-03-24 20:00:00,1.23,1.13,1.77,14.63,5.19,3.13,2.96,36.74,10.3,11.26,9.49,10.25,11.33,9.39,10.63,11.67,9.84,14.06,14.88,13.39,17.18,17.58,16.82,16.45,16.48,16.42,15.33,15.39,15.28,14.57,14.6,14.56,6642,0
2026-03-24 19:00:00,1.4,1.36,1.98,14.74,5.29,3.15,2.95,36.51,14.29,17.53,11.61,14.1,16.94,11.69,14.09,16.45,11.97,16.28,17.52,15.11,18.03,18.36,17.65,16.45,16.45,16.45,15.18,15.28,15.08,14.49,14.56,14.45,6715,1536
2026-03-24 18:00:00,1.75,1.64,2.45,15.21,5.33,3.16,2.98,36.5,23.65,29.12,18.36,22.67,28.76,17.62,21.32,26.75,17.02,19.41,21.31,17.77,18.73,18.95,18.45,16.37,16.45,16.24,14.98,15.05,14.91,14.44,14.45,14.39,6822,8146
2026-03-24 17:00:00,2.21,2.12,3.06,16.25,5.38,3.17,2.99,36.58,32.17,33.14,30.2,31.87,32.73,30.06,30.69,31.92,27.93,23.33,24.03,21.78,19.1,19.17,18.98,16.09,16.2,15.95,14.73,14.84,14.61,14.34,14.36,14.33,6847,10585
2026-03-24 16:00:00,2.22,2.12,3.06,16.46,5.43,3.2,2.99,36.56,32.57,33.14,31.72,32.83,33.2,32.31,31.14,31.6,30.77,23.98,24.32,23.79,19.08,19.18,18.95,15.68,15.88,15.5,14.5,14.59,14.4,14.33,14.33,14.33,6849,10491
2026-03-24 15:00:00,2.12,2,2.94,16.78,5.46,3.24,3.04,36.71,31.91,32.43,31.36,32.76,33.14,32.31,32.92,33.37,31.72,25.15,25.57,24.5,18.66,18.95,18.32,15.16,15.39,14.91,14.28,14.36,14.21,14.31,14.33,14.3,6849,10621
2026-03-24 14:00:00,2,1.87,2.78,17.02,5.47,3.32,3.03,36.52,30.73,31.48,30.06,31.94,32.43,31.47,33.76,34.13,33.47,25.67,25.8,25.57,17.74,18.24,17.24,14.57,14.82,14.32,14.11,14.2,14.06,14.31,14.33,14.29,6847,10585
2026-03-24 13:00:00,1.8,1.72,2.73,17.27,5.51,3.48,3.05,36.56,29.96,30.3,29.4,31.25,31.6,30.65,32.76,33.61,32.07,24.69,25.45,23.67,16.56,17.17,16,14.04,14.29,13.85,13.98,14.02,13.97,14.33,14.33,14.33,6849,10628
2026-03-24 12:00:00,1.63,1.57,2.56,17.36,5.56,3.63,3.05,36.62,29.41,29.94,28.17,30.01,30.89,28.29,30.68,31.95,28.77,23.25,23.56,22.86,15.27,15.88,14.58,13.6,13.76,13.41,13.95,13.97,13.93,14.33,14.35,14.33,6847,10691
2026-03-24 11:00:00,1.56,1.48,2.39,17.65,5.59,3.76,3.04,36.63,29.71,30.42,28.91,28.8,30.2,27.87,31.73,32.66,30.3,22.03,23.44,21.07,13.81,14.46,13.16,13.31,13.39,13.25,13.96,13.97,13.95,14.39,14.45,14.34,6849,10707
2026-03-24 10:00:00,1.46,1.38,2.31,17.95,5.61,3.85,3.05,36.67,28.17,29.59,25.57,27.44,28.85,24.98,30.52,32.55,27.01,19.64,20.95,17.64,12.47,13.04,11.98,13.16,13.23,13.14,14.01,14.08,13.97,14.45,14.45,14.45,6849,10778
2026-03-24 09:00:00,1.4,1.33,2.38,18.08,5.63,3.85,3.03,36.71,21.75,24.86,17.89,21.16,24.5,16.82,22.31,26.28,17.16,14.45,17.24,11.51,11.68,11.95,11.52,13.23,13.26,13.18,14.11,14.2,14.07,14.46,14.5,14.45,6838,10585
2026-03-24 08:00:00,1.46,1.39,2.48,17.05,5.65,3.71,3.05,36.69,10.5,17.04,5.1,9.76,15.87,4.82,9.47,15.99,4.98,8.93,11.02,7.82,11.59,11.74,11.51,13.41,13.49,13.3,14.24,14.33,14.21,14.55,14.57,14.51,6804,7118
2026-03-24 07:00:00,1.55,1.55,2.6,16.55,5.59,3.31,3.06,36.68,4.26,4.76,4.1,4.11,4.52,3.96,4.36,4.75,4.26,7.76,7.92,7.7,11.88,12.08,11.74,13.64,13.73,13.53,14.38,14.45,14.33,14.57,14.6,14.57,6519,6803
2026-03-24 06:00:00,1.5,1.56,2.52,16.24,5.38,3.29,3.04,36.65,4.58,4.87,4.28,4.48,4.76,4.16,4.72,4.98,4.41,8.18,8.42,7.95,12.24,12.43,12.09,13.88,13.98,13.74,14.52,14.57,14.45,14.64,14.68,14.59,6493,0
2026-03-24 05:00:00,1.46,1.53,2.41,16.05,5.21,3.3,3.03,36.65,5.28,5.69,4.96,5.17,5.59,4.85,5.44,5.84,5.12,8.73,9.01,8.49,12.6,12.8,12.45,14.11,14.2,14,14.63,14.68,14.57,14.69,14.69,14.67,6506,0
2026-03-24 04:00:00,1.55,1.47,2.36,16,5.12,3.25,3.03,36.72,6.43,6.77,5.82,6.31,6.59,5.7,6.55,6.87,6.03,9.37,9.53,9.1,12.93,13.08,12.8,14.33,14.44,14.21,14.75,14.8,14.68,14.69,14.69,14.69,6519,0
2026-03-24 03:00:00,1.61,1.47,1.97,15.96,5.1,3.18,3.02,36.79,6.75,7.23,6.53,6.58,7,6.37,6.83,7.12,6.63,9.69,9.96,9.5,13.29,13.47,13.14,14.57,14.68,14.44,14.89,14.92,14.81,14.69,14.7,14.69,6533,0
2026-03-24 02:00:00,1.62,1.44,1.92,15.91,5.13,3.18,3.04,36.71,7.77,8.18,7.35,7.52,7.95,7.02,7.69,7.99,7.24,10.2,10.34,9.96,13.64,13.76,13.51,14.81,14.91,14.68,15.01,15.04,14.93,14.69,14.7,14.69,6542,0
2026-03-24 01:00:00,1.58,1.41,1.87,15.84,5.15,3.17,3.02,36.63,7.88,8.18,7.48,7.63,7.91,7.24,7.75,7.95,7.47,10.45,10.55,10.32,14.02,14.22,13.85,15.07,15.16,14.93,15.09,15.16,15.04,14.69,14.7,14.69,6546,0
2026-03-24 00:00:00,1.5,1.32,1.83,15.85,5.19,3.17,2.99,36.65,7.43,7.59,7.25,7.32,7.58,7.13,7.61,7.86,7.41,10.84,11.2,10.55,14.48,14.7,14.23,15.32,15.42,15.23,15.16,15.16,15.16,14.68,14.69,14.67,6533,0
2026-03-23 23:00:00,1.42,1.26,1.83,15.99,5.23,3.17,3,36.67,8.52,9.62,7.71,8.48,9.6,7.68,8.77,9.85,7.95,11.81,12.44,11.26,15,15.17,14.8,15.55,15.63,15.48,15.16,15.17,15.16,14.61,14.69,14.57,6550,0
2026-03-23 22:00:00,1.43,1.31,1.88,16.05,5.21,3.2,3.01,36.67,10.43,10.91,9.52,10.35,10.88,9.43,10.57,11.03,9.6,12.71,12.9,12.44,15.43,15.65,15.24,15.77,15.86,15.64,15.17,15.19,15.16,14.57,14.57,14.55,6573,0
2026-03-23 21:00:00,1.29,1.17,1.79,15.98,5.23,3.19,3,36.67,8.82,9.13,8.66,8.76,9.09,8.54,9.05,9.37,8.85,12.61,13.05,12.32,16.05,16.35,15.75,15.98,16.08,15.88,15.15,15.16,15.12,14.47,14.52,14.45,6595,0
2026-03-23 20:00:00,1.24,1.16,1.78,16.06,5.26,3.22,3.02,36.66,10.14,11.39,9.25,10.18,11.5,9.21,10.52,11.77,9.52,13.92,14.79,13.2,16.81,17.18,16.45,16.1,16.1,16.09,15.03,15.1,14.96,14.4,14.45,14.33,6635,0
2026-03-23 19:00:00,1.4,1.37,1.98,16.2,5.33,3.22,3.03,36.66,14.29,17.17,11.74,14.21,16.94,11.85,14.17,16.48,12.09,16.07,17.29,14.92,17.59,17.9,17.29,16.1,16.1,16.07,14.87,14.93,14.8,14.32,14.33,14.29,6702,1902
2026-03-23 18:00:00,1.67,1.6,2.4,16.8,5.41,3.26,3.02,36.68,22.67,28.52,17.87,22.24,27.93,17.53,21.14,26.51,17.02,19.1,21.07,17.52,18.22,18.43,17.99,15.94,16.04,15.85,14.66,14.78,14.57,14.23,14.28,14.22,6820,7993
2026-03-23 17:00:00,2.25,2.08,2.99,17.85,5.44,3.28,3.02,36.68,31.52,32.04,29.77,31.05,31.6,29.17,30.34,31.49,27.69,22.73,23.32,21.5,18.51,18.56,18.45,15.63,15.8,15.49,14.43,14.57,14.33,14.2,14.22,14.15,6847,10680
2026-03-23 16:00:00,2.16,2.04,2.98,18.12,5.48,3.31,3.03,36.68,32.01,33.12,30.42,32.04,33.25,30.42,31.8,33.16,30.18,23.46,24.03,22.91,18.43,18.54,18.25,15.19,15.4,14.93,14.19,14.33,14.09,14.15,14.19,14.12,6849,10585
2026-03-23 15:00:00,2.15,1.99,2.93,18.56,5.51,3.37,3.03,36.69,32.33,32.9,31.64,32.95,33.61,32.33,33,33.84,32.43,24.49,24.71,24.15,17.89,18.24,17.51,14.65,14.91,14.41,13.98,14.09,13.86,14.12,14.14,14.11,6849,10506
2026-03-23 14:00:00,2,1.87,2.82,18.87,5.54,3.57,3.03,36.72,29.96,31.72,28.98,31.02,32.31,30.22,32.89,33.25,32.43,24.27,24.52,23.91,16.93,17.41,16.45,14.09,14.32,13.85,13.81,13.86,13.74,14.16,14.2,14.13,6849,10427
2026-03-23 13:00:00,1.87,1.64,2.75,19.13,5.61,3.68,3.03,36.77,28.62,29,28.24,29.79,30.26,29.23,31.13,32.31,30.17,22.92,23.79,22.02,15.76,16.35,15.17,13.55,13.77,13.37,13.72,13.74,13.68,14.21,14.22,14.19,6849,10585
2026-03-23 12:00:00,1.73,1.48,2.59,19.37,5.69,3.79,3.05,36.83,28.27,28.8,27.82,28.82,29.23,27.83,28.85,29.82,27.93,22.11,22.37,21.77,14.44,15.06,13.75,13.13,13.27,12.98,13.68,13.71,13.66,14.23,14.28,14.22,6849,10715
2026-03-23 11:00:00,1.61,1.45,2.36,19.69,5.68,3.88,3.05,36.83,27.6,28.85,24.74,26.56,28.05,23.94,29.2,30.18,27.02,20.39,21.56,18.45,12.96,13.63,12.33,12.84,12.91,12.78,13.74,13.74,13.72,14.32,14.33,14.28,6847,10881
2026-03-23 10:00:00,1.52,1.28,2.4,19.97,5.72,3.89,3.06,36.85,22.94,24.39,22.09,22.69,24.21,21.55,24.85,26.39,23.67,17.2,17.92,16.2,11.74,12.25,11.27,12.74,12.78,12.72,13.81,13.86,13.74,14.36,14.42,14.33,6844,10829
2026-03-23 09:00:00,1.39,1.23,2.45,20.4,5.73,3.9,3.07,36.87,19.79,23.23,16.85,19.15,22.38,15.87,20,24.62,16.11,13.01,16.11,10.31,10.95,11.19,10.79,12.79,12.89,12.74,13.92,13.97,13.86,14.45,14.46,14.43,6838,10621
2026-03-23 08:00:00,1.3,1.32,3,20.45,5.72,3.9,3.05,36.86,8.84,16.7,3.54,8.21,15.57,3.34,8.15,15.63,3.57,7.69,9.84,6.64,10.86,10.98,10.79,12.98,13.14,12.9,14.06,14.16,13.97,14.51,14.57,14.45,6822,7142
2026-03-23 07:00:00,1.37,1.55,3.37,19.89,5.69,3.88,3.07,36.85,2.85,3.31,2.72,2.75,3.14,2.63,2.97,3.34,2.86,6.54,6.62,6.52,11.17,11.33,11.02,13.27,13.38,13.14,14.25,14.33,14.18,14.58,14.62,14.57,6497,6776
2026-03-23 06:00:00,1.4,1.55,3.18,19.07,5.67,3.84,3.07,36.78,2.93,3.07,2.75,2.84,2.98,2.63,3.07,3.22,2.86,6.81,7,6.64,11.51,11.66,11.38,13.54,13.7,13.41,14.4,14.46,14.33,14.67,14.69,14.61,6484,0
2026-03-23 05:00:00,1.41,1.55,3.05,18.61,5.75,3.71,3.05,36.79,3.34,3.56,3.11,3.24,3.45,3,3.47,3.69,3.31,7.22,7.47,7,11.87,12.09,11.73,13.81,13.95,13.73,14.57,14.66,14.48,14.71,14.76,14.69,6497,0
2026-03-23 04:00:00,1.45,1.53,2.79,18.31,5.62,3.59,3.04,36.79,3.88,4.25,3.57,3.8,4.11,3.53,4.04,4.34,3.75,7.76,8.03,7.49,12.28,12.45,12.09,14.08,14.2,13.97,14.72,14.8,14.68,14.79,14.81,14.75,6510,0
2026-03-23 03:00:00,1.42,1.48,2.7,18.01,5.4,3.53,3.04,36.75,4.56,4.94,4.28,4.45,4.77,4.16,4.68,4.98,4.4,8.3,8.54,8.06,12.68,12.91,12.48,14.36,14.48,14.22,14.87,14.92,14.8,14.81,14.82,14.81,6522,0
2026-03-23 02:00:00,1.46,1.45,2.45,17.69,5.16,3.54,3.04,36.75,5.15,5.35,4.98,5.05,5.23,4.87,5.28,5.46,5.1,8.82,9.05,8.63,13.12,13.3,12.92,14.64,14.78,14.52,15.01,15.06,14.93,14.81,14.83,14.81,6533,0
2026-03-23 01:00:00,1.51,1.47,2.35,17.52,5.14,3.46,3.01,36.78,5.72,5.95,5.39,5.62,5.91,5.32,5.85,6.16,5.56,9.39,9.68,9.13,13.59,13.79,13.39,14.92,15.04,14.79,15.15,15.19,15.1,14.83,14.85,14.82,6542,0
2026-03-23 00:00:00,1.62,1.33,1.92,17.47,5.16,3.23,3,36.76,6.37,6.72,6.05,6.26,6.54,5.94,6.51,6.88,6.17,10,10.31,9.72,14.07,14.32,13.87,15.23,15.37,15.1,15.27,15.29,15.24,14.82,14.85,14.81,6528,0
2026-03-22 23:00:00,1.61,1.3,1.79,17.36,5.2,3.25,2.98,36.74,7.04,7.36,6.76,6.92,7.24,6.65,7.17,7.47,6.89,10.64,10.92,10.32,14.59,14.86,14.34,15.51,15.62,15.39,15.36,15.39,15.3,14.81,14.82,14.81,6550,0
2026-03-22 22:00:00,1.5,1.17,1.75,17.47,5.21,3.28,2.95,36.75,7.73,8.18,7.36,7.63,8.07,7.24,7.87,8.3,7.47,11.39,11.73,11.02,15.19,15.49,14.93,15.77,15.86,15.62,15.39,15.39,15.39,14.81,14.81,14.78,6573,0
2026-03-22 21:00:00,1.34,1.07,1.74,17.57,5.2,3.29,2.95,36.77,8.45,8.89,8.1,8.39,8.85,8.03,8.67,9.13,8.29,12.28,12.8,11.84,15.82,16.11,15.52,16.02,16.1,15.9,15.39,15.39,15.39,14.75,14.81,14.7,6595,0
2026-03-22 20:00:00,1.24,1.08,1.73,17.71,5.23,3.33,2.97,36.76,9.78,10.79,9.01,9.83,10.91,8.97,10.15,11.25,9.25,13.5,14.24,12.87,16.51,16.83,16.2,16.18,16.2,16.12,15.37,15.39,15.31,14.69,14.7,14.69,6635,0
2026-03-22 19:00:00,1.38,1.26,1.92,17.82,5.26,3.39,2.99,36.74,12.95,14.98,11.07,13.05,15.04,11.21,13.15,14.93,11.49,15.35,16.34,14.44,17.23,17.53,16.94,16.21,16.24,16.2,15.28,15.31,15.25,14.65,14.69,14.61,6706,1359
2026-03-22 18:00:00,1.51,1.45,2.2,18.08,5.35,3.53,2.98,36.74,19.58,25.97,15.36,19.71,25.94,15.52,19.11,24.74,15.36,17.94,19.77,16.49,17.84,18.01,17.64,16.19,16.2,16.12,15.17,15.23,15.15,14.57,14.59,14.57,6818,8202
2026-03-22 17:00:00,2.15,2.06,2.95,18.98,5.43,3.65,3.02,36.75,29.96,30.65,27.7,30.03,30.77,27.69,29.51,30.77,26.28,21.58,22.24,20.2,18.06,18.12,18.01,16.05,16.12,15.98,15.04,15.12,14.99,14.56,14.57,14.53,6826,9577
2026-03-22 16:00:00,2.01,1.85,2.79,19.04,5.42,3.61,3.01,36.79,26.47,29.59,24.03,26.4,29.47,24.03,26.39,29.26,24.26,21.53,21.9,21.35,17.95,18.01,17.89,15.84,15.98,15.74,14.88,14.94,14.8,14.49,14.55,14.45,6847,10585
2026-03-22 15:00:00,1.65,1.49,2.44,18.96,5.39,3.57,3.02,36.81,23.01,24.16,22.14,22.98,24.05,22.25,23.28,24.27,22.61,21,21.29,20.84,17.86,17.89,17.79,15.58,15.74,15.43,14.73,14.8,14.68,14.45,14.47,14.45,6842,10581
2026-03-22 14:00:00,1.64,1.5,2.39,19.23,5.41,3.59,3.03,36.82,24.12,25.69,22.26,24.3,25.92,22.38,24.93,26.58,22.97,22.01,22.67,21.07,17.63,17.78,17.41,15.23,15.39,15.05,14.61,14.68,14.57,14.45,14.45,14.45,6838,10372
2026-03-22 13:00:00,1.73,1.52,2.46,19.6,5.4,3.57,3.04,36.86,27.53,28.88,25.64,27.76,29.12,25.92,28.45,29.82,26.56,23.12,23.55,22.62,16.94,17.37,16.45,14.86,15.03,14.68,14.53,14.57,14.47,14.45,14.45,14.45,6847,10723
2026-03-22 12:00:00,1.66,1.46,2.49,19.88,5.41,3.41,3.04,36.89,28.09,29,27.11,28.1,29.12,26.75,28.5,29.59,27.22,22.42,23.08,21.31,15.91,16.37,15.43,14.57,14.68,14.44,14.45,14.46,14.45,14.45,14.46,14.45,6847,10640
2026-03-22 11:00:00,1.65,1.47,2.48,19.83,5.38,3.37,3.05,36.92,23.41,26.19,22.14,23.3,25.92,22.14,23.79,26.45,22.61,19.46,20.95,18.79,15.07,15.4,14.73,14.37,14.44,14.32,14.45,14.45,14.45,14.45,14.46,14.45,6847,10798
2026-03-22 10:00:00,1.6,1.45,2.5,19.87,5.36,3.37,3.07,36.91,22.16,22.85,21.67,21.98,22.61,21.47,22.59,23.16,22.14,18.17,18.76,17.62,14.37,14.69,14.1,14.28,14.32,14.25,14.46,14.47,14.45,14.47,14.49,14.45,6840,10518
2026-03-22 09:00:00,1.5,1.36,2.33,19.95,5.29,3.37,3.07,36.93,19.67,22.01,16.32,19.3,21.67,15.99,19.82,22.37,16.2,15.98,17.52,14.21,13.82,13.98,13.73,14.27,14.31,14.23,14.52,14.57,14.46,14.5,14.53,14.48,6838,10341
2026-03-22 08:00:00,1.35,1.18,1.94,19.75,5.28,3.29,3.07,36.91,12.44,15.58,11.14,12.33,15.26,11.05,12.49,15.4,11.26,12.87,13.86,12.44,13.73,13.75,13.7,14.33,14.38,14.32,14.57,14.57,14.57,14.55,14.57,14.52,6822,7914
2026-03-22 07:00:00,1.26,1.14,1.86,19.72,5.26,3.3,3.06,36.89,10.96,11.02,10.92,10.93,11.02,10.91,11.15,11.24,11.14,12.44,12.44,12.43,13.79,13.87,13.75,14.43,14.44,14.37,14.64,14.68,14.58,14.57,14.57,14.56,6506,6752
2026-03-22 06:00:00,1.25,1.11,1.86,19.77,5.27,3.33,3.07,36.89,11,11.02,10.93,10.94,10.99,10.91,11.14,11.16,11.11,12.44,12.44,12.44,13.9,13.98,13.87,14.52,14.56,14.45,14.69,14.72,14.68,14.57,14.57,14.57,6502,0
2026-03-22 05:00:00,1.26,1.15,1.86,19.77,5.28,3.34,3.09,36.9,10.96,11.02,10.91,10.91,10.95,10.91,11.13,11.15,11.11,12.49,12.54,12.45,14.02,14.1,13.98,14.64,14.68,14.56,14.79,14.8,14.74,14.57,14.57,14.57,6510,0
2026-03-22 04:00:00,1.26,1.09,1.86,19.79,5.31,3.38,3.07,36.92,11.08,11.14,11.02,11.01,11.02,10.97,11.14,11.15,11.14,12.56,12.56,12.55,14.16,14.22,14.1,14.75,14.79,14.68,14.84,14.91,14.8,14.57,14.57,14.57,6524,0
2026-03-22 03:00:00,1.27,1.11,1.89,19.83,5.32,3.4,3.04,36.92,11.22,11.34,11.14,11.1,11.25,11.02,11.22,11.35,11.14,12.62,12.68,12.56,14.33,14.44,14.22,14.88,14.96,14.8,14.92,14.94,14.91,14.57,14.57,14.57,6533,0
2026-03-22 02:00:00,1.3,1.15,1.89,19.85,5.34,3.39,3.07,36.91,11.47,11.61,11.38,11.35,11.5,11.25,11.45,11.59,11.37,12.8,12.9,12.69,14.52,14.58,14.46,15.06,15.15,15,14.99,15.04,14.92,14.57,14.57,14.57,6546,0
2026-03-22 01:00:00,1.32,1.16,1.92,19.88,5.33,3.41,3.1,36.9,11.66,11.73,11.61,11.53,11.6,11.5,11.63,11.7,11.61,12.98,13.03,12.91,14.72,14.81,14.58,15.22,15.27,15.15,15.04,15.04,15.04,14.57,14.57,14.57,6550,0
2026-03-22 00:00:00,1.29,1.13,1.9,19.88,5.33,3.4,3.13,36.93,11.3,11.64,10.82,11.14,11.5,10.67,11.19,11.51,10.9,12.87,12.96,12.8,14.99,15.17,14.83,15.41,15.5,15.28,15.06,15.1,15.04,14.54,14.57,14.5,6542,0
2026-03-21 23:00:00,1.24,1.05,1.83,19.87,5.32,3.38,3.1,36.93,10.05,10.79,9.47,9.95,10.62,9.37,10.24,10.9,9.71,12.78,13.03,12.63,15.39,15.64,15.17,15.59,15.67,15.5,15.07,15.11,15.06,14.46,14.5,14.45,6568,0
2026-03-21 22:00:00,1.27,1.1,1.87,19.92,5.32,3.38,3.09,36.92,10.79,11.5,10.2,10.72,11.5,10.08,11.03,11.85,10.33,13.6,14.21,13.06,15.87,16.11,15.64,15.74,15.79,15.7,15.05,15.08,15.04,14.44,14.45,14.4,6582,0
2026-03-21 21:00:00,1.42,1.25,1.98,20.02,5.35,3.42,3.11,36.94,12.2,12.48,11.73,12.24,12.56,11.73,12.55,12.9,12.09,14.68,15.04,14.33,16.32,16.54,16.11,15.86,15.87,15.82,15.04,15.04,15.02,14.35,14.39,14.33,6599,0
2026-03-21 20:00:00,1.39,1.28,2.05,20.01,5.35,3.49,3.08,36.95,13.44,14.45,12.56,13.51,14.45,12.67,13.79,14.69,12.97,15.64,16.18,15.07,16.78,16.99,16.59,15.89,15.93,15.87,14.93,14.98,14.91,14.3,14.33,14.22,6631,0
2026-03-21 19:00:00,1.42,1.46,2.21,20.08,5.37,3.52,3.09,36.98,15.76,16.82,14.68,15.74,16.82,14.68,15.89,16.94,14.86,16.76,17.29,16.24,17.24,17.44,17.04,15.87,15.92,15.86,14.8,14.88,14.72,14.22,14.23,14.21,6693,102
2026-03-21 18:00:00,1.54,1.35,2.53,20.28,5.43,3.55,3.08,36.95,18.24,19.54,17.04,18.31,19.77,16.98,18.58,20.04,17.17,18.29,19.06,17.41,17.68,17.89,17.53,15.78,15.86,15.73,14.64,14.68,14.57,14.16,14.22,14.11,6820,8005
2026-03-21 17:00:00,1.72,1.6,2.58,21.2,5.57,3.65,3.08,36.93,23.88,29.47,19.89,24.01,29.47,20.02,24.32,29.71,20.36,20.54,22.34,19.18,17.99,18.02,17.89,15.53,15.64,15.39,14.49,14.57,14.42,14.1,14.11,14.1,6838,9967
2026-03-21 16:00:00,2.02,1.83,2.84,22,5.58,3.71,3.13,36.96,27.9,30.06,25.1,27.91,30.06,25.21,28.37,30.3,25.84,22.47,23.55,21.9,17.87,18.01,17.65,15.21,15.39,15.03,14.3,14.34,14.23,14.1,14.1,14.1,6842,9947
2026-03-21 15:00:00,1.89,1.68,2.72,22.41,5.56,3.78,3.09,37.01,27.61,28.88,26.29,27.74,28.92,26.53,28.49,29.71,27.31,23.09,23.56,22.52,17.27,17.58,16.95,14.82,15.02,14.68,14.16,14.21,14.09,14.08,14.1,14.05,6849,10802
2026-03-21 14:00:00,1.73,1.61,2.6,22.7,5.59,3.83,3.08,37.04,25.41,26.01,25.08,25.57,26.16,25.21,26.15,26.87,25.78,21.85,22.31,21.66,16.62,16.94,16.25,14.44,14.62,14.28,14.04,14.09,13.97,14.06,14.08,14.05,6849,10727
2026-03-21 13:00:00,1.64,1.54,2.61,23,5.61,3.91,3.1,37.05,25.04,25.92,24.47,25.28,25.92,24.78,25.86,26.44,25.33,21.23,21.66,20.93,15.79,16.23,15.29,14.08,14.23,13.97,13.97,13.97,13.97,14.07,14.1,14.05,6844,10514
2026-03-21 12:00:00,1.66,1.48,2.66,23.5,5.67,3.92,3.1,37.06,25.93,26.83,24.15,26.21,27.22,24.1,26.19,27.37,24.27,20.38,21.07,19.06,14.68,15.17,14.22,13.8,13.89,13.73,13.94,13.97,13.92,14.08,14.1,14.08,6840,10613
2026-03-21 11:00:00,1.56,1.39,2.7,23.84,5.69,3.94,3.11,37.07,20.92,23.09,18.19,20.76,22.97,18.12,21.5,23.56,18.59,17.4,18.64,15.87,13.79,14.1,13.51,13.7,13.74,13.64,13.96,13.97,13.93,14.1,14.1,14.08,6847,11030
2026-03-21 10:00:00,1.47,1.4,2.78,23.98,5.71,3.95,3.14,37.09,16.43,17.75,15.28,16.4,17.67,15.28,16.79,18.12,15.53,14.8,15.63,14.04,13.31,13.51,13.16,13.61,13.64,13.61,13.97,13.97,13.97,14.1,14.1,14.1,6838,10849
2026-03-21 09:00:00,1.42,1.34,2.7,24.17,5.74,3.95,3.14,37.11,14.17,15.04,12.29,14.07,15.04,12.2,14.34,15.36,12.23,13.31,13.95,12.42,13.06,13.16,13.04,13.66,13.72,13.62,14,14.06,13.97,14.1,14.12,14.1,6838,10766
2026-03-21 08:00:00,1.35,1.28,2.79,24.17,5.75,3.93,3.12,37.13,11.1,11.97,10.37,11.04,11.85,10.31,11.21,11.96,10.54,11.95,12.32,11.61,13.04,13.04,13.03,13.73,13.77,13.72,14.09,14.09,14.08,14.14,14.16,14.11,6697,7012
2026-03-21 07:00:00,1.38,1.31,2.86,24.08,5.77,3.93,3.13,37.14,10.27,10.31,10.21,10.26,10.31,10.2,10.43,10.45,10.42,11.62,11.68,11.6,13.12,13.16,13.04,13.84,13.86,13.82,14.12,14.2,14.09,14.19,14.22,14.14,6497,6736
2026-03-21 06:00:00,1.46,1.38,3.07,24.32,5.73,3.95,3.16,37.15,10.27,10.32,10.18,10.26,10.31,10.17,10.39,10.45,10.31,11.71,11.73,11.69,13.22,13.28,13.16,13.95,13.97,13.87,14.21,14.21,14.2,14.21,14.22,14.21,6493,0
2026-03-21 05:00:00,1.36,1.26,2.73,22.54,5.66,3.96,3.17,37.15,10.06,10.17,10,10.04,10.1,9.97,10.22,10.31,10.18,11.69,11.72,11.65,13.35,13.41,13.28,14.05,14.09,13.97,14.26,14.32,14.21,14.22,14.22,14.22,6497,0
2026-03-21 04:00:00,1.37,1.23,2.68,22.65,5.64,3.92,3.18,37.16,10.17,10.25,10.06,10.16,10.24,10.05,10.34,10.43,10.18,11.8,11.85,11.73,13.51,13.62,13.42,14.17,14.21,14.08,14.33,14.34,14.33,14.22,14.22,14.22,6502,0
2026-03-21 03:00:00,1.38,1.22,2.67,22.83,5.64,3.92,3.15,37.17,10.17,10.28,10.08,10.17,10.29,10.08,10.38,10.48,10.31,11.88,11.97,11.85,13.68,13.75,13.62,14.3,14.34,14.21,14.4,14.45,14.33,14.22,14.22,14.22,6510,0
2026-03-21 02:00:00,1.31,1.2,2.68,23.02,5.68,3.9,3.18,37.18,10.36,10.43,10.31,10.37,10.43,10.31,10.58,10.67,10.5,12.06,12.19,11.97,13.9,13.98,13.78,14.44,14.51,14.36,14.45,14.46,14.45,14.22,14.22,14.22,6524,0
2026-03-21 01:00:00,1.35,1.23,2.78,23.6,5.63,3.94,3.2,37.24,10.39,10.43,10.31,10.42,10.43,10.31,10.67,10.67,10.66,12.26,12.32,12.18,14.12,14.22,13.98,14.59,14.68,14.55,14.51,14.56,14.47,14.22,14.22,14.22,6537,0
2026-03-21 00:00:00,1.41,1.36,2.97,23.31,5.72,3.87,3.19,37.25,10.4,10.54,10.25,10.45,10.57,10.31,10.77,10.92,10.57,12.5,12.74,12.27,14.39,14.55,14.24,14.72,14.79,14.68,14.56,14.57,14.56,14.22,14.22,14.22,6528,0
2026-03-20 23:00:00,1.36,1.26,2.22,19.34,5.19,3.54,3.09,37.09,11.03,11.47,10.55,11.1,11.47,10.66,11.33,11.61,10.97,13.02,13.24,12.8,14.67,14.81,14.58,14.85,14.91,14.79,14.57,14.57,14.57,14.21,14.22,14.2,6566,0
2026-03-20 22:00:00,1.36,1.22,2.06,18.8,5.22,3.52,3.09,37.08,11.91,12.6,11.5,11.84,12.44,11.5,11.94,12.44,11.61,13.44,13.63,13.27,14.96,15.12,14.81,14.97,15.03,14.91,14.57,14.57,14.57,14.15,14.19,14.13,6577,0
2026-03-20 21:00:00,1.38,1.25,2.06,18.61,5.2,3.54,3.1,37.07,12.82,13.03,12.68,12.66,12.9,12.44,12.68,12.91,12.45,13.92,14.21,13.69,15.31,15.51,15.17,15.05,15.11,15.03,14.55,14.57,14.53,14.1,14.12,14.1,6595,0
2026-03-20 20:00:00,1.39,1.27,2.11,18.7,5.22,3.53,3.1,37.07,13.4,13.85,13.04,13.27,13.74,12.92,13.3,13.76,12.91,14.55,15,14.21,15.7,15.88,15.52,15.12,15.15,15.11,14.47,14.54,14.45,14.1,14.1,14.08,6624,0
2026-03-20 19:00:00,1.43,1.42,2.24,18.8,5.26,3.55,3.11,37.09,14.62,15.6,13.88,14.61,15.7,13.82,14.74,15.87,13.86,15.72,16.45,15.12,16.06,16.17,15.91,15.07,15.11,15.03,14.41,14.45,14.35,14.07,14.1,14.04,6662,0
2026-03-20 18:00:00,1.46,1.33,2.49,19.01,5.3,3.59,3.15,37.09,17.09,17.87,15.87,17.2,17.99,15.99,17.39,18.12,16.2,17.17,17.52,16.59,16.22,16.24,16.2,14.97,15.03,14.91,14.32,14.33,14.26,14,14.02,13.99,6746,6921
2026-03-20 17:00:00,1.49,1.3,2.57,19.13,5.33,3.65,3.12,37.13,17.86,18.45,17.61,17.96,18.59,17.76,18.19,18.83,17.92,17.7,18.12,17.52,16.32,16.35,16.25,14.8,14.91,14.68,14.21,14.23,14.2,13.98,13.99,13.98,6824,9927
2026-03-20 16:00:00,1.56,1.41,2.61,19.77,5.35,3.73,3.1,37.13,20.82,22.92,18.7,20.91,23,18.83,21.32,23.56,19.07,19.23,20.08,18.23,16.17,16.34,15.99,14.58,14.68,14.45,14.12,14.21,14.09,13.98,13.98,13.98,6820,7682
2026-03-20 15:00:00,1.69,1.44,2.61,20.39,5.35,3.8,3.12,37.15,23.2,23.68,22.41,23.23,23.67,22.38,23.7,24.15,22.84,19.81,20.04,19.17,15.62,15.9,15.39,14.36,14.44,14.27,14.06,14.09,13.99,13.98,13.98,13.98,6844,10652
2026-03-20 14:00:00,1.55,1.38,2.71,20.11,5.36,3.83,3.14,37.16,19.16,21.9,17.7,19.17,21.82,17.76,19.55,22.28,18.12,17.61,18.91,17.01,15.23,15.33,15.15,14.15,14.23,14.08,13.98,14.02,13.97,13.98,13.98,13.98,6842,10739
2026-03-20 13:00:00,1.61,1.45,2.71,20.92,5.41,3.87,3.15,37.18,20.66,22.14,18.2,20.85,22.38,18.36,21.45,22.97,18.87,18.31,18.85,17.41,14.72,15.06,14.35,13.97,14.05,13.89,13.97,13.97,13.97,13.98,13.99,13.98,6838,10687
2026-03-20 12:00:00,1.57,1.42,2.74,21.39,5.39,3.88,3.17,37.19,19.24,21.2,17.17,19.26,21.27,17.17,19.73,21.67,17.53,17.03,18,15.75,14.04,14.34,13.76,13.85,13.86,13.85,13.97,13.98,13.97,13.99,14.01,13.98,6847,11046
2026-03-20 11:00:00,1.46,1.39,2.67,21.58,5.38,3.88,3.16,37.2,16.15,16.98,15.23,16.15,17,15.21,16.47,17.41,15.51,15.03,15.71,14.33,13.58,13.75,13.43,13.84,13.85,13.84,14,14.06,13.97,14.01,14.06,13.99,6838,10660
2026-03-20 10:00:00,1.41,1.22,2.63,21.73,5.4,3.9,3.16,37.2,13.1,14.9,12.24,13.07,14.85,12.21,13.2,15.08,12.21,13.21,14.09,12.81,13.39,13.4,13.39,13.85,13.85,13.85,14.09,14.09,14.06,14.06,14.1,14.03,6838,10624
2026-03-20 09:00:00,1.47,1.29,2.83,22.21,5.42,3.91,3.17,37.19,11.94,12.21,11.73,11.93,12.1,11.74,12.13,12.2,11.97,12.71,12.82,12.54,13.37,13.39,13.35,13.91,13.97,13.86,14.11,14.15,14.09,14.09,14.1,14.08,6666,6957
2026-03-20 08:00:00,1.41,1.34,3,22.3,5.47,3.95,3.19,37.17,11.18,11.69,10.85,11.16,11.7,10.79,11.31,11.85,10.95,12.21,12.45,12.08,13.39,13.42,13.39,13.99,14.07,13.96,14.2,14.21,14.18,14.1,14.1,14.1,6568,6839
2026-03-20 07:00:00,1.37,1.31,2.78,21.36,5.5,3.96,3.2,37.16,10.78,10.82,10.76,10.75,10.79,10.68,10.91,11,10.87,12.09,12.16,12.08,13.51,13.57,13.46,14.09,14.14,14.06,14.23,14.29,14.21,14.1,14.1,14.1,6506,6496
2026-03-20 06:00:00,1.44,1.36,3.09,21.17,5.51,3.91,3.21,37.15,11.05,11.14,10.91,11.05,11.14,10.9,11.22,11.36,11.02,12.26,12.32,12.19,13.62,13.64,13.57,14.2,14.25,14.17,14.32,14.33,14.3,14.1,14.11,14.1,6517,0
2026-03-20 05:00:00,1.39,1.28,2.89,18.1,5.21,3.62,3.15,37.15,11.12,11.14,11.08,11.1,11.14,11.02,11.27,11.35,11.16,12.31,12.32,12.28,13.73,13.77,13.67,14.32,14.36,14.28,14.37,14.45,14.33,14.1,14.11,14.1,6524,0
2026-03-20 04:00:00,1.38,1.24,2.35,15.24,5.13,3.28,3.13,37.14,10.89,11.05,10.79,10.85,11.02,10.68,11,11.15,10.9,12.25,12.31,12.2,13.88,13.96,13.81,14.45,14.52,14.41,14.45,14.46,14.45,14.1,14.11,14.1,6533,0
2026-03-20 03:00:00,1.25,1.12,1.78,13.85,5.07,3.21,3.13,37.14,10.92,11.02,10.88,10.84,10.97,10.79,10.97,11.04,10.9,12.34,12.43,12.31,14.04,14.1,13.98,14.6,14.68,14.54,14.52,14.57,14.47,14.1,14.1,14.1,6542,0
2026-03-20 02:00:00,1.31,1.12,1.83,13.81,5.1,3.25,3.12,37.14,11.53,11.69,11.15,11.31,11.38,11.02,11.28,11.39,11.14,12.48,12.56,12.33,14.21,14.34,14.11,14.76,14.85,14.68,14.57,14.57,14.57,14.09,14.1,14.08,6550,0
2026-03-20 01:00:00,1.28,1.06,1.77,13.79,5.13,3.23,3.13,37.18,10.96,11.63,9.96,10.62,11.29,9.84,10.54,11.13,9.96,12.16,12.32,12.03,14.48,14.68,14.34,14.97,15.06,14.89,14.62,14.68,14.58,14.01,14.07,13.98,6550,0
2026-03-20 00:00:00,1.23,1.03,1.74,13.74,5.13,3.21,3.11,37.19,10.16,10.91,9.72,9.98,10.65,9.6,10.08,10.56,9.82,12.27,12.56,12.08,14.89,15.11,14.69,15.19,15.27,15.07,14.67,14.68,14.65,13.98,13.98,13.97,6542,0
2026-03-19 23:00:00,1.37,1.14,1.84,13.75,5.14,3.22,3.12,37.17,11.92,12.56,11.14,11.56,12.21,10.82,11.39,12.03,10.67,12.99,13.39,12.56,15.34,15.55,15.17,15.38,15.5,15.27,14.66,14.68,14.63,13.89,13.96,13.86,6573,0
2026-03-19 22:00:00,1.33,1.16,1.85,13.74,5.15,3.22,3.16,37.17,11.66,12.61,10.91,11.39,12.22,10.79,11.39,12.07,10.93,13.51,13.62,13.45,15.86,16.11,15.62,15.56,15.62,15.5,14.58,14.61,14.57,13.81,13.86,13.74,6577,0
2026-03-19 21:00:00,1.38,1.18,1.9,13.76,5.18,3.22,3.15,37.2,12.34,13.39,11.14,12.1,13.02,11.02,12.15,12.9,11.16,14.44,14.94,13.75,16.49,16.82,16.23,15.68,15.74,15.62,14.5,14.57,14.45,13.71,13.74,13.64,6599,0
2026-03-19 20:00:00,1.42,1.33,2.02,13.75,5.21,3.26,3.17,37.23,14.73,15.89,13.45,14.35,15.63,13.06,14.14,15.4,12.96,15.78,16.58,15.05,17.18,17.53,16.84,15.74,15.74,15.73,14.36,14.45,14.29,13.62,13.65,13.58,6635,0
2026-03-19 19:00:00,1.48,1.38,2.19,13.86,5.3,3.3,3.15,37.24,17.51,18.95,16.03,17.26,18.81,15.75,17.11,18.7,15.52,17.84,18.94,16.7,17.83,18.12,17.54,15.64,15.72,15.57,14.17,14.26,14.09,13.51,13.56,13.48,6702,0
2026-03-19 18:00:00,1.59,1.46,2.44,14.29,5.34,3.31,3.13,37.28,22.14,24.95,19.18,22.09,24.98,19.06,21.93,24.86,19.01,20.37,21.78,19.06,18.32,18.48,18.12,15.42,15.53,15.27,13.93,14.06,13.83,13.42,13.51,13.39,6822,7646
2026-03-19 17:00:00,1.78,1.62,2.55,14.91,5.38,3.34,3.13,37.27,27.75,30.89,25.1,27.92,31.25,25.21,27.95,31.48,25.09,23.18,24.5,21.92,18.56,18.6,18.48,15.06,15.27,14.84,13.67,13.76,13.55,13.38,13.39,13.35,6838,10498
2026-03-19 16:00:00,2.01,1.8,2.83,15.28,5.42,3.37,3.15,37.29,31.95,33.5,30.89,32.46,34.2,31.33,32.93,34.62,31.72,25.3,26.16,24.74,18.34,18.48,18.11,14.55,14.79,14.32,13.42,13.5,13.29,13.29,13.32,13.27,6844,10380
2026-03-19 15:00:00,2.05,1.85,2.83,15.54,5.47,3.48,3.15,37.31,32.66,33.37,31.6,33.37,34.08,32.41,33.97,34.55,33.41,25.72,26.15,25.32,17.59,18.01,17.12,13.97,14.25,13.72,13.19,13.27,13.11,13.27,13.27,13.27,6849,10400
2026-03-19 14:00:00,1.99,1.77,2.76,15.63,5.51,3.66,3.17,37.34,30.65,31.48,30.06,31.68,32.3,31.25,33.6,33.84,33.14,24.92,25.33,24.41,16.47,17.04,15.88,13.38,13.62,13.14,13,13.09,12.91,13.27,13.27,13.27,6849,10443
2026-03-19 13:00:00,1.82,1.6,2.7,15.8,5.6,3.76,3.18,37.37,29.42,30.13,28.34,30.34,31.25,29,31.57,32.9,30.1,23.36,24.28,22.14,15.18,15.76,14.58,12.83,13.06,12.61,12.87,12.91,12.8,13.27,13.28,13.27,6849,10514
2026-03-19 12:00:00,1.72,1.44,2.47,15.94,5.64,3.93,3.2,37.39,27.9,28.88,26.9,28.25,28.88,27.31,29.17,29.91,28.05,21.83,22.02,21.57,13.87,14.47,13.16,12.4,12.55,12.22,12.8,12.83,12.8,13.33,13.37,13.29,6849,10672
2026-03-19 11:00:00,1.6,1.4,2.43,16.26,5.69,4.04,3.2,37.41,27.18,28.53,24.39,26.7,28.29,24.15,28.43,29.59,25.33,20.12,21.44,18.12,12.32,13.03,11.73,12.12,12.19,12.07,12.81,12.86,12.8,13.39,13.39,13.39,6849,10731
2026-03-19 10:00:00,1.53,1.34,2.59,16.61,5.7,4.04,3.2,37.47,21.74,25.44,16.7,21.35,25.04,16.35,22,26.25,16.45,15.75,18.12,12.9,11.16,11.62,10.8,11.99,12.06,11.96,12.9,12.91,12.87,13.4,13.47,13.39,6842,10707
2026-03-19 09:00:00,1.41,1.36,2.75,16.48,5.71,4.04,3.21,37.42,13.3,15.87,12.32,13.04,15.54,12.01,12.83,15.54,11.67,10.96,12.44,10.1,10.6,10.79,10.44,12.04,12.07,11.99,12.99,13.04,12.92,13.49,13.51,13.46,6838,10687
2026-03-19 08:00:00,1.32,1.23,2.92,16.75,5.74,4.05,3.21,37.43,11.05,14.19,4.96,10.47,13.39,4.64,9.8,12.56,4.64,8.65,10.07,6.68,10.38,10.44,10.32,12.18,12.31,12.08,13.12,13.15,13.04,13.51,13.54,13.51,6791,7087
2026-03-19 07:00:00,1.3,1.43,3.36,16.45,5.67,3.99,3.19,37.41,4.46,5.35,4.05,4.11,5.02,3.69,4.12,5,3.69,6.63,7,6.41,10.57,10.67,10.44,12.39,12.53,12.31,13.27,13.33,13.21,13.6,13.63,13.56,6528,6823
2026-03-19 06:00:00,1.37,1.36,3.02,16.62,5.65,3.97,3.18,37.41,5.79,6.16,5.12,5.5,5.94,4.76,5.35,5.82,4.54,6.99,7.12,6.76,10.8,10.91,10.67,12.62,12.75,12.55,13.41,13.5,13.36,13.63,13.63,13.63,6497,0
2026-03-19 05:00:00,1.36,1.44,3.05,16.25,5.62,3.92,3.16,37.4,4.77,5.13,4.4,4.36,4.76,4.05,4.22,4.52,4.01,6.8,6.85,6.76,11.11,11.27,10.91,12.88,13.02,12.78,13.55,13.62,13.5,13.65,13.7,13.63,6504,0
2026-03-19 04:00:00,1.41,1.47,2.87,15.54,5.61,3.9,3.18,37.39,4.42,4.76,4.13,4.02,4.28,3.77,3.99,4.16,3.81,7.01,7.19,6.87,11.48,11.66,11.27,13.14,13.26,13.02,13.68,13.74,13.62,13.71,13.73,13.68,6517,0
2026-03-19 03:00:00,1.43,1.44,2.58,14.63,5.63,3.63,3.18,37.35,4.36,4.71,4.15,4.07,4.3,3.91,4.16,4.29,4.04,7.43,7.69,7.24,11.89,12.09,11.73,13.41,13.52,13.26,13.81,13.86,13.74,13.74,13.74,13.73,6524,0
2026-03-19 02:00:00,1.39,1.41,2.37,14.2,5.35,3.4,3.19,37.35,4.73,5.17,4.4,4.54,4.98,4.19,4.72,5.12,4.4,8.01,8.31,7.71,12.31,12.52,12.09,13.68,13.82,13.58,13.92,13.97,13.86,13.73,13.74,13.72,6535,0
2026-03-19 01:00:00,1.44,1.36,2.24,13.99,5.07,3.4,3.19,37.39,5.56,5.94,5.25,5.33,5.69,5.1,5.45,5.7,5.23,8.59,8.83,8.35,12.76,12.99,12.57,13.95,14.08,13.85,14.03,14.09,13.97,13.69,13.73,13.65,6542,0
2026-03-19 00:00:00,1.45,1.25,1.94,13.91,5.07,3.3,3.17,37.39,6,6.29,5.82,5.74,6,5.58,5.87,6.17,5.7,9.14,9.46,8.89,13.26,13.51,13.04,14.22,14.32,14.08,14.09,14.1,14.09,13.63,13.66,13.63,6530,0
2026-03-18 23:00:00,1.46,1.16,1.73,13.91,5.12,3.3,3.17,37.39,6.5,6.82,6.27,6.31,6.65,6.05,6.5,6.88,6.17,9.82,10.18,9.47,13.82,14.1,13.53,14.49,14.63,14.37,14.11,14.15,14.09,13.62,13.63,13.58,6550,0
2026-03-18 22:00:00,1.39,1.11,1.74,13.92,5.17,3.31,3.17,37.4,7.33,7.7,7,7.17,7.49,6.77,7.33,7.71,6.99,10.66,11.08,10.3,14.43,14.71,14.13,14.74,14.82,14.67,14.1,14.13,14.09,13.52,13.57,13.51,6577,0
2026-03-18 21:00:00,1.28,1.02,1.71,14.02,5.2,3.28,3.17,37.42,8.27,8.89,7.73,8.14,8.78,7.59,8.35,9.01,7.8,11.72,12.32,11.17,15.15,15.52,14.81,14.95,15.03,14.89,14.08,14.09,14,13.45,13.51,13.39,6595,0
2026-03-18 20:00:00,1.22,1.05,1.76,14.05,5.23,3.28,3.18,37.44,10.02,11.48,9.02,9.95,11.38,8.89,10.17,11.59,9.12,13.24,14.21,12.44,15.95,16.34,15.54,15.03,15.04,15.03,13.94,13.99,13.86,13.37,13.4,13.31,6635,0
2026-03-18 19:00:00,1.41,1.29,2.03,14.17,5.27,3.31,3.15,37.42,14.66,17.89,11.85,14.54,17.76,11.76,14.43,17.39,11.91,15.67,17.04,14.35,16.71,17.06,16.37,15.01,15.03,14.91,13.79,13.86,13.71,13.27,13.29,13.26,6702,173
2026-03-18 18:00:00,1.72,1.55,2.56,14.74,5.41,3.41,3.15,37.42,23.54,27.34,18.59,23.49,27.34,18.45,22.97,27.22,18,19,20.72,17.29,17.32,17.53,17.07,14.82,14.91,14.68,13.58,13.69,13.5,13.2,13.26,13.16,6822,7662
2026-03-18 17:00:00,2.04,1.89,2.89,15.48,5.5,3.41,3.16,37.44,29.87,30.89,27.69,29.95,31.13,27.7,30.34,31.48,27.81,22.61,23.67,21.07,17.57,17.62,17.53,14.49,14.68,14.32,13.35,13.49,13.27,13.15,13.15,13.15,6847,10526
2026-03-18 16:00:00,2.17,2,3,15.77,5.55,3.53,3.18,37.45,30.67,31.29,30.3,31.1,31.6,30.77,31.61,31.95,31.12,23.95,24.14,23.79,17.34,17.53,17.1,14.03,14.27,13.82,13.12,13.26,13.03,13.14,13.15,13.12,6849,10491
2026-03-18 15:00:00,1.99,1.85,2.86,15.9,5.61,3.64,3.18,37.48,29.96,30.88,29.47,30.56,31.25,30.18,31.24,31.85,30.77,23.98,24.15,23.9,16.63,17.06,16.15,13.5,13.73,13.26,12.92,13.03,12.81,13.1,13.13,13.09,6847,10743
2026-03-18 14:00:00,1.95,1.68,2.79,16.04,5.69,3.75,3.2,37.5,28.05,29.52,26.51,29.08,30.42,27.56,31.16,31.98,29.48,23.16,23.97,22.14,15.53,16.09,14.99,12.97,13.25,12.75,12.77,12.81,12.7,13.1,13.12,13.08,6849,10388
2026-03-18 13:00:00,1.82,1.56,2.67,16.15,5.78,3.89,3.22,37.52,26.06,26.49,25.58,26.99,27.46,26.51,28.23,29.28,27.58,21.27,22.03,20.45,14.3,14.89,13.75,12.51,12.67,12.31,12.67,12.69,12.67,13.13,13.14,13.12,6849,10703
2026-03-18 12:00:00,1.66,1.48,2.53,16.3,5.8,4.02,3.23,37.57,25.47,25.92,24.85,25.82,26.63,24.86,26.74,27.68,25.8,19.97,20.52,19.42,13.06,13.63,12.44,12.17,12.31,12.07,12.67,12.67,12.67,13.15,13.15,13.14,6847,10845
2026-03-18 11:00:00,1.54,1.34,2.49,16.54,5.86,4.05,3.24,37.59,23.35,25.1,21.18,22.88,24.74,20.96,24.39,26.16,22.49,17.84,19.27,16.31,11.78,12.33,11.28,11.99,12.07,11.96,12.67,12.67,12.67,13.15,13.17,13.15,6840,10471
2026-03-18 10:00:00,1.4,1.25,2.58,16.72,5.87,4.05,3.23,37.59,16.91,21.78,12.26,16.68,21.43,12.21,17.58,23.08,12.44,13.44,16.2,11.26,10.99,11.26,10.79,11.96,11.96,11.95,12.73,12.8,12.67,13.23,13.27,13.15,6838,10585
2026-03-18 09:00:00,1.29,1.08,2.55,16.63,5.87,4.05,3.24,37.61,10.8,12.11,9.01,10.68,12.08,8.92,10.87,12.31,9.01,10.34,11.15,9.35,10.66,10.79,10.57,11.97,12.04,11.96,12.82,12.88,12.8,13.27,13.27,13.26,6826,10416
2026-03-18 08:00:00,1.32,1.07,2.54,16.71,5.86,4.06,3.23,37.62,7.63,8.54,6.64,7.59,8.5,6.57,7.74,8.54,6.79,8.65,9.13,8.09,10.56,10.56,10.56,12.1,12.19,12.07,12.92,13.01,12.9,13.31,13.37,13.27,6675,6992
2026-03-18 07:00:00,1.39,1.26,2.56,16.26,5.85,4.03,3.22,37.58,5.83,6.52,4.98,5.74,6.49,4.87,5.87,6.63,4.98,7.68,8.06,7.35,10.63,10.7,10.56,12.25,12.32,12.19,13.05,13.15,13.02,13.38,13.39,13.37,6497,6728
2026-03-18 06:00:00,1.36,1.31,2.54,15.48,5.87,3.87,3.21,37.58,4.9,5.12,4.76,4.79,4.98,4.65,4.97,5.18,4.87,7.4,7.47,7.25,10.84,10.91,10.76,12.44,12.55,12.33,13.19,13.27,13.15,13.4,13.42,13.39,6497,0
2026-03-18 05:00:00,1.37,1.35,2.4,15.14,5.67,3.6,3.19,37.54,4.93,4.98,4.87,4.85,4.94,4.78,5.03,5.12,4.98,7.52,7.6,7.47,11.07,11.15,10.93,12.64,12.78,12.55,13.3,13.38,13.27,13.46,13.5,13.42,6510,0
2026-03-18 04:00:00,1.38,1.36,2.39,14.78,5.32,3.55,3.19,37.54,4.81,4.98,4.59,4.72,4.92,4.52,4.91,5.12,4.73,7.59,7.6,7.58,11.34,11.49,11.21,12.86,13,12.78,13.42,13.5,13.38,13.5,13.51,13.48,6519,0
2026-03-18 03:00:00,1.38,1.32,2.16,14.54,5.18,3.54,3.18,37.53,4.78,5.12,4.51,4.73,5,4.42,4.93,5.23,4.65,7.78,7.95,7.59,11.64,11.82,11.5,13.11,13.25,13.02,13.54,13.62,13.5,13.51,13.51,13.5,6524,0
2026-03-18 02:00:00,1.35,1.35,1.96,14.47,5.15,3.52,3.2,37.53,4.91,5.06,4.76,4.81,4.96,4.69,4.99,5.12,4.87,7.91,8.06,7.83,12,12.2,11.84,13.37,13.49,13.26,13.65,13.73,13.62,13.51,13.51,13.49,6533,0
2026-03-18 01:00:00,1.33,1.3,1.89,14.34,5.13,3.4,3.21,37.55,4.59,5.12,4.16,4.47,4.98,4.11,4.64,5.15,4.28,7.99,8.06,7.95,12.43,12.68,12.21,13.64,13.75,13.49,13.75,13.8,13.73,13.47,13.51,13.43,6542,0
2026-03-18 00:00:00,1.24,1.19,1.77,14.32,5.11,3.42,3.2,37.57,5.12,5.7,4.25,5,5.57,4.16,5.21,5.71,4.4,8.63,8.93,8.14,12.94,13.16,12.69,13.92,14.08,13.81,13.84,13.86,13.79,13.4,13.44,13.39,6524,0
2026-03-17 23:00:00,1.17,1.12,1.7,14.32,5.13,3.42,3.2,37.58,5.42,5.87,5.22,5.33,5.8,5.12,5.56,6.05,5.35,9.19,9.6,8.93,13.52,13.79,13.28,14.21,14.32,14.08,13.86,13.86,13.86,13.35,13.39,13.3,6550,0
2026-03-17 22:00:00,1.19,0.99,1.66,14.3,5.2,3.42,3.19,37.58,6.55,7.48,5.95,6.37,7.02,5.9,6.57,7.13,6.12,10.12,10.57,9.72,14.17,14.47,13.87,14.48,14.58,14.33,13.85,13.86,13.84,13.27,13.28,13.25,6577,0
2026-03-17 21:00:00,1.21,0.98,1.69,14.35,5.25,3.41,3.21,37.59,7.97,8.18,7.6,7.5,7.86,7.13,7.6,8.07,7.24,11.11,11.66,10.67,14.91,15.29,14.58,14.69,14.78,14.6,13.76,13.83,13.74,13.16,13.22,13.14,6599,0
2026-03-17 20:00:00,1.19,1,1.73,14.42,5.26,3.43,3.2,37.63,9.62,10.91,8.35,9.31,10.84,8.04,9.39,10.99,8.18,12.74,13.86,11.8,15.8,16.23,15.4,14.79,14.79,14.79,13.63,13.73,13.54,13.07,13.14,13.03,6640,0
2026-03-17 19:00:00,1.35,1.24,1.97,14.51,5.33,3.47,3.18,37.62,14.17,17.41,11.26,14.12,17.29,11.26,14.04,16.82,11.38,15.48,16.84,14.09,16.65,17.03,16.27,14.74,14.79,14.68,13.43,13.51,13.35,12.99,13.03,12.92,6706,55
2026-03-17 18:00:00,1.66,1.5,2.44,15.04,5.49,3.59,3.2,37.6,23.46,29.12,18.12,23.3,29,18,22.5,28.75,17.41,18.94,21.31,17.1,17.36,17.6,17.06,14.53,14.68,14.38,13.2,13.29,13.09,12.92,12.92,12.92,6822,7697
2026-03-17 17:00:00,2.15,1.99,3.06,16.09,5.55,3.65,3.22,37.67,33.66,34.37,30.89,33.89,34.56,30.76,34.46,35.23,30.72,23.69,24.46,21.91,17.62,17.65,17.53,14.14,14.32,13.96,12.93,13.03,12.8,12.85,12.91,12.8,6842,10061
2026-03-17 16:00:00,2.17,1.98,3.06,16.33,5.6,3.7,3.23,37.66,33.36,33.96,32.68,33.93,34.66,33.25,34.46,35.15,33.49,24.61,24.84,24.5,17.31,17.53,17.06,13.62,13.85,13.38,12.68,12.8,12.56,12.8,12.81,12.8,6849,10412
2026-03-17 15:00:00,2.12,1.87,2.85,16.52,5.66,3.78,3.25,37.7,32.41,33.05,31.72,33.02,33.61,32.49,33.38,34.16,32.78,24.64,24.86,24.49,16.53,16.95,16.08,13.03,13.33,12.78,12.44,12.56,12.33,12.8,12.8,12.8,6849,10282
2026-03-17 14:00:00,2.01,1.76,2.83,16.7,5.76,3.92,3.29,37.72,30.59,31.6,29.35,31.69,32.41,30.65,34.03,34.66,32.78,23.87,24.38,23.2,15.43,16,14.83,12.43,12.68,12.19,12.26,12.32,12.2,12.8,12.8,12.8,6849,10278
2026-03-17 13:00:00,1.84,1.56,2.69,16.84,5.87,4,3.3,37.76,28.58,29.35,27.34,29.61,30.45,28.18,30.83,32.34,29.23,22.19,23.08,20.84,14.15,14.7,13.63,11.87,12.1,11.61,12.14,12.2,12.08,12.83,12.9,12.8,6849,10475
2026-03-17 12:00:00,1.64,1.42,2.44,16.87,5.94,4.02,3.3,37.72,26.3,27.7,24.62,26.78,27.92,25.21,27.73,28.89,26.16,20.88,21.41,20.49,12.91,13.51,12.21,11.4,11.6,11.25,12.08,12.08,12.08,12.92,12.92,12.91,6849,10585
2026-03-17 11:00:00,1.56,1.31,2.35,17.2,6.02,4.01,3.32,37.73,27.13,27.46,26.51,26.77,27.49,26.29,28.26,29.11,27.61,20.72,21.18,20.24,11.32,12.09,10.56,11.02,11.2,10.89,12.09,12.12,12.08,12.96,13.03,12.92,6847,10806
2026-03-17 10:00:00,1.42,1.13,2.2,17.68,6.1,4.04,3.32,37.79,26.95,27.77,26.03,27.02,27.83,25.92,29.35,29.82,28.52,18.14,20.01,16.2,9.81,10.44,9.25,10.82,10.89,10.77,12.19,12.21,12.16,13.03,13.03,13.02,6844,10829
2026-03-17 09:00:00,1.21,1.02,2.23,18.08,6.2,4.04,3.31,37.79,22.99,25.92,18.83,22.38,25.81,17.53,24.6,28.29,18.94,12.8,15.77,9.34,8.82,9.14,8.62,10.85,10.94,10.77,12.31,12.36,12.24,13.09,13.15,13.03,6838,10849
2026-03-17 08:00:00,1.14,1.14,2.57,18.19,6.23,4.03,3.3,37.76,7.87,17.06,0.27,6.93,15.82,0,6.66,17.16,0.13,5.19,8.54,3.68,8.68,8.78,8.59,11.09,11.25,10.99,12.48,12.56,12.42,13.16,13.19,13.15,6684,6996
2026-03-17 07:00:00,1.22,1.49,2.67,18.06,6.2,4.02,3.28,37.73,0,0.13,-0.07,-0.26,-0.14,-0.35,-0.11,0,-0.19,3.65,3.81,3.57,8.98,9.14,8.8,11.37,11.48,11.25,12.64,12.71,12.56,13.26,13.28,13.23,6488,6768
2026-03-17 06:00:00,1.23,1.48,2.56,17.48,6.17,4.02,3.26,37.73,0.44,0.95,0.06,0.13,0.48,-0.19,0.23,0.5,0,4.02,4.17,3.82,9.35,9.49,9.2,11.65,11.77,11.51,12.82,12.91,12.74,13.33,13.39,13.27,6477,0
2026-03-17 05:00:00,1.26,1.47,2.5,16.65,6.09,4.02,3.25,37.71,0.97,1.11,0.85,0.61,0.82,0.5,0.7,0.96,0.5,4.43,4.63,4.21,9.72,9.87,9.55,11.94,12.07,11.84,12.98,13.04,12.91,13.39,13.39,13.39,6488,0
2026-03-17 04:00:00,1.3,1.49,2.5,16.12,5.83,3.95,3.24,37.7,1.26,1.44,1.1,0.98,1.08,0.88,1.09,1.21,0.97,4.85,5.06,4.67,10.11,10.32,9.95,12.22,12.34,12.07,13.14,13.23,13.05,13.43,13.48,13.39,6502,0
2026-03-17 03:00:00,1.36,1.48,2.35,15.55,5.37,3.9,3.19,37.66,1.49,1.68,1.32,1.3,1.56,1.09,1.48,1.68,1.31,5.29,5.48,5.1,10.53,10.75,10.32,12.52,12.67,12.42,13.3,13.38,13.27,13.5,13.51,13.48,6510,0
2026-03-17 02:00:00,1.4,1.48,2.14,15.23,5.16,3.84,3.19,37.66,1.91,2.08,1.76,1.76,1.92,1.56,1.92,2.1,1.77,5.77,6.02,5.57,10.99,11.24,10.79,12.8,12.9,12.67,13.43,13.5,13.38,13.51,13.51,13.5,6524,0
2026-03-17 01:00:00,1.42,1.49,2.09,15,5.18,3.76,3.2,37.65,2.43,2.83,2.1,2.25,2.57,1.95,2.42,2.74,2.15,6.3,6.57,6.05,11.48,11.74,11.27,13.09,13.25,12.94,13.55,13.62,13.5,13.51,13.51,13.51,6533,0
2026-03-17 00:00:00,1.46,1.45,2.07,14.84,5.19,3.72,3.22,37.66,3.05,3.38,2.82,2.88,3.22,2.63,3.04,3.34,2.77,6.9,7.24,6.64,11.99,12.21,11.74,13.39,13.52,13.26,13.65,13.72,13.62,13.5,13.51,13.49,6517,0
2026-03-16 23:00:00,1.45,1.4,1.94,14.73,5.19,3.66,3.2,37.66,3.83,3.99,3.45,3.63,3.81,3.34,3.77,4.04,3.45,7.61,7.95,7.24,12.53,12.8,12.29,13.7,13.84,13.59,13.74,13.74,13.73,13.47,13.51,13.42,6550,0
2026-03-16 22:00:00,1.34,1.26,1.82,14.7,5.17,3.7,3.22,37.68,4.28,4.56,4.05,4.17,4.46,3.88,4.34,4.66,4.04,8.37,8.78,7.97,13.15,13.5,12.82,13.97,14.08,13.85,13.74,13.75,13.74,13.39,13.41,13.39,6568,0
2026-03-16 21:00:00,1.21,1.11,1.7,14.76,5.23,3.68,3.21,37.69,5.23,5.89,4.67,5.14,5.82,4.59,5.33,6,4.76,9.43,10.04,8.89,13.86,14.22,13.51,14.23,14.32,14.11,13.74,13.74,13.73,13.36,13.39,13.29,6595,0
2026-03-16 20:00:00,1.22,0.99,1.66,14.78,5.3,3.66,3.22,37.71,6.85,8.05,5.94,6.82,8.07,5.84,7.08,8.3,6.08,10.89,11.74,10.13,14.65,15.05,14.27,14.38,14.44,14.32,13.64,13.72,13.61,13.27,13.3,13.27,6635,0
2026-03-16 19:00:00,1.23,1.08,1.82,14.92,5.33,3.69,3.18,37.68,11.14,14.72,8.39,11.07,14.42,8.42,10.97,13.84,8.64,13.19,14.57,11.97,15.5,15.88,15.15,14.4,14.44,14.32,13.53,13.62,13.49,13.23,13.27,13.17,6700,405
2026-03-16 18:00:00,1.69,1.6,2.39,15.32,5.5,3.81,3.19,37.71,22.51,26.63,15.75,21.69,26.06,15.28,20.41,25.92,14.57,16.93,19.06,14.89,16.17,16.35,15.9,14.26,14.32,14.18,13.35,13.44,13.27,13.16,13.2,13.15,6813,8682
2026-03-16 17:00:00,2.17,2.03,3.04,16.47,5.64,3.88,3.2,37.71,30.47,31.48,27.58,30.38,31.36,27.24,30.97,31.71,27.55,21.18,21.81,19.65,16.37,16.42,16.35,13.98,14.12,13.85,13.18,13.27,13.09,13.15,13.15,13.15,6840,10160
2026-03-16 16:00:00,2.23,2.03,2.95,16.64,5.69,3.91,3.22,37.71,28.98,30.42,27.93,29.12,30.42,28.13,29.48,30.64,28.33,21.64,21.73,21.55,16.19,16.35,16,13.6,13.8,13.38,12.98,13.04,12.91,13.15,13.15,13.15,6849,10601
2026-03-16 15:00:00,2.1,1.87,2.73,16.78,5.72,3.94,3.22,37.72,26.92,28.05,25.92,27.27,28.29,26.51,27.66,28.41,27.1,21.44,21.77,21.31,15.65,16,15.29,13.14,13.38,12.9,12.83,12.91,12.78,13.15,13.15,13.15,6849,10715
2026-03-16 14:00:00,1.96,1.77,2.71,17,5.79,3.97,3.24,37.76,25.39,26.07,24.77,26.32,26.87,25.92,28.4,28.97,27.93,21.01,21.42,20.66,14.78,15.2,14.33,12.69,12.9,12.53,12.69,12.76,12.67,13.15,13.16,13.15,6847,10821
2026-03-16 13:00:00,1.76,1.58,2.62,17.21,5.77,4.03,3.24,37.75,24.03,25.21,22.96,24.97,26.4,23.68,26.01,27.93,24.62,19.74,20.6,18.7,13.76,14.22,13.35,12.28,12.43,12.1,12.65,12.67,12.61,13.19,13.26,13.15,6847,10715
2026-03-16 12:00:00,1.58,1.4,2.38,17.41,5.82,4.02,3.25,37.79,22.51,24.66,21.03,22.67,23.94,21.33,24.08,26.63,22.26,18.93,19.77,18.37,12.79,13.28,12.21,11.95,12.07,11.84,12.65,12.67,12.64,13.27,13.27,13.26,6847,10940
2026-03-16 11:00:00,1.49,1.27,2.33,17.89,5.9,4.01,3.25,37.81,23.6,24.3,22.38,23.12,23.43,22.45,25.71,26.19,24.58,18.8,19.53,17.75,11.53,12.09,11.03,11.71,11.83,11.6,12.67,12.68,12.67,13.33,13.39,13.27,6847,10975
2026-03-16 10:00:00,1.38,1.24,2.24,18.38,5.94,4.03,3.26,37.82,21.52,22.27,20.84,21.48,22.38,20.6,23.86,24.5,23.2,16.2,17.53,14.92,10.47,10.91,10.08,11.6,11.61,11.59,12.75,12.8,12.67,13.39,13.4,13.39,6844,11030
2026-03-16 09:00:00,1.28,1.12,2.22,19.05,5.97,4.02,3.27,37.81,19.58,20.72,17.29,19.03,20.48,16.25,21.39,23.06,18,12.59,14.57,10.07,9.81,10.05,9.64,11.66,11.73,11.6,12.87,12.93,12.8,13.47,13.51,13.43,6838,10892
2026-03-16 08:00:00,1.17,1.18,2.89,19.3,5.97,4.02,3.26,37.82,8.27,16.34,1.68,7.46,15.28,1.33,7.41,16.7,1.44,6.26,9.45,4.78,9.77,9.91,9.66,11.89,12,11.77,13.04,13.15,12.98,13.53,13.58,13.51,6680,6988
2026-03-16 07:00:00,1.25,1.49,3.37,18.51,5.94,4.03,3.22,37.8,1.66,1.92,1.37,1.37,1.64,1.1,1.44,1.71,1.23,4.93,5.12,4.8,10.08,10.22,9.93,12.16,12.31,12.05,13.22,13.28,13.15,13.62,13.63,13.6,6493,6764
2026-03-16 06:00:00,1.3,1.49,3.13,17.88,5.96,3.97,3.19,37.79,2.55,2.75,2.04,2.17,2.35,1.78,2.11,2.27,1.8,5.34,5.46,5.18,10.43,10.56,10.3,12.44,12.55,12.31,13.38,13.49,13.3,13.66,13.71,13.63,6484,0
2026-03-16 05:00:00,1.31,1.5,3.04,17.17,5.91,3.89,3.2,37.77,2.44,2.66,2.15,2.14,2.38,1.91,2.19,2.39,2.03,5.67,5.82,5.46,10.81,11.01,10.66,12.73,12.89,12.59,13.55,13.62,13.5,13.74,13.74,13.74,6493,0
2026-03-16 04:00:00,1.3,1.51,2.92,16.82,5.79,3.74,3.2,37.77,2.57,2.8,2.43,2.34,2.6,2.15,2.47,2.73,2.27,6.13,6.38,5.89,11.23,11.38,11.03,13.02,13.14,12.9,13.69,13.75,13.62,13.74,13.76,13.74,6506,0
2026-03-16 03:00:00,1.33,1.47,2.81,16.55,5.66,3.67,3.19,37.77,2.99,3.33,2.77,2.83,3.1,2.63,2.99,3.25,2.75,6.65,6.88,6.41,11.66,11.86,11.47,13.3,13.43,13.15,13.83,13.87,13.75,13.79,13.82,13.77,6517,0
2026-03-16 02:00:00,1.43,1.52,2.64,15.96,5.34,3.64,3.21,37.72,3.69,4.11,3.34,3.5,3.93,3.17,3.62,4.04,3.31,7.23,7.55,6.96,12.11,12.33,11.86,13.58,13.73,13.47,13.97,14.02,13.9,13.83,13.85,13.8,6530,0
2026-03-16 01:00:00,1.43,1.43,2.36,15.68,5.2,3.46,3.19,37.74,4.78,5.35,4.17,4.52,5.12,4.02,4.56,5.07,4.14,7.91,8.2,7.59,12.56,12.8,12.34,13.86,13.97,13.73,14.09,14.14,14.06,13.83,13.85,13.81,6539,0
2026-03-16 00:00:00,1.39,1.36,2.05,15.57,5.14,3.37,3.2,37.78,5.63,5.82,5.35,5.35,5.54,5.1,5.35,5.58,5.1,8.54,8.77,8.29,13.02,13.27,12.8,14.14,14.28,14.01,14.2,14.21,14.16,13.77,13.82,13.75,6528,0
2026-03-15 23:00:00,1.35,1.23,1.77,15.53,5.16,3.37,3.22,37.75,6.08,6.53,5.8,5.87,6.3,5.5,5.96,6.41,5.58,9.2,9.49,8.88,13.53,13.75,13.28,14.42,14.56,14.32,14.26,14.31,14.22,13.74,13.75,13.74,6550,0
2026-03-15 22:00:00,1.32,1.11,1.72,15.54,5.2,3.38,3.22,37.77,6.62,6.9,6.41,6.45,6.74,6.29,6.58,6.88,6.41,9.88,10.21,9.57,14.09,14.34,13.85,14.69,14.82,14.56,14.32,14.33,14.31,13.69,13.74,13.64,6573,0
2026-03-15 21:00:00,1.28,1.07,1.72,15.56,5.25,3.39,3.21,37.76,7.29,7.71,6.97,7.15,7.59,6.77,7.32,7.71,6.94,10.75,11.26,10.31,14.72,15.05,14.42,14.96,15.06,14.83,14.28,14.33,14.23,13.63,13.63,13.62,6591,0
2026-03-15 20:00:00,1.18,1.01,1.69,15.73,5.26,3.39,3.19,37.8,8.53,9.49,7.72,8.43,9.43,7.6,8.62,9.6,7.83,11.98,12.72,11.37,15.46,15.8,15.14,15.15,15.19,15.08,14.21,14.22,14.19,13.55,13.63,13.51,6628,0
2026-03-15 19:00:00,1.27,1.15,1.83,15.78,5.29,3.45,3.18,37.78,12.19,15.4,9.72,11.96,14.92,9.68,11.84,14.33,9.84,13.92,15.06,12.91,16.25,16.59,15.88,15.24,15.27,15.22,14.09,14.18,14,13.49,13.51,13.44,6688,334
2026-03-15 18:00:00,1.61,1.49,2.26,16,5.35,3.6,3.19,37.8,20.08,22.77,16.11,19.6,22.73,15.64,18.9,23.05,14.98,16.85,18.7,15.28,17.05,17.41,16.7,15.15,15.22,15.05,13.92,13.97,13.86,13.4,13.44,13.39,6818,8391
2026-03-15 17:00:00,2.09,1.94,2.86,16.9,5.44,3.75,3.17,37.8,27.37,29.23,24.03,27.5,29.46,24.03,28.4,30.3,24.51,21.06,22.37,19.23,17.59,17.66,17.42,14.9,15.03,14.73,13.72,13.84,13.62,13.38,13.39,13.36,6826,9675
2026-03-15 16:00:00,2.14,2.08,3.03,17.29,5.47,3.73,3.16,37.83,29.96,30.31,29.46,30.4,30.76,29.94,31.59,32.06,30.89,23.2,23.56,22.63,17.54,17.65,17.39,14.5,14.68,14.32,13.53,13.62,13.44,13.3,13.34,13.28,6847,10770
2026-03-15 15:00:00,1.91,1.78,2.69,17.32,5.48,3.68,3.18,37.84,28.4,30.3,26.3,28.79,30.65,26.75,29.37,31.01,27.22,23.39,24.03,22.81,16.98,17.29,16.59,14.03,14.24,13.81,13.34,13.41,13.27,13.28,13.29,13.27,6849,10554
2026-03-15 14:00:00,1.97,1.74,2.63,17.43,5.45,3.64,3.18,37.87,27.82,28.72,26.87,28.53,29.23,27.65,29.81,30.42,29,23.04,23.46,22.37,15.95,16.45,15.42,13.56,13.74,13.38,13.22,13.27,13.15,13.27,13.29,13.27,6849,10632
2026-03-15 13:00:00,1.79,1.6,2.52,17.47,5.42,3.64,3.2,37.91,26,27.22,24.99,26.77,28.07,25.45,27.64,29.11,26.14,21.06,22.31,19.9,14.86,15.36,14.46,13.18,13.37,13.02,13.15,13.15,13.15,13.27,13.29,13.27,6849,10703
2026-03-15 12:00:00,1.6,1.45,2.35,17.43,5.38,3.63,3.2,37.93,23.18,24.59,21.67,23.05,24.63,21.67,24.4,26.16,22.73,19.47,20.01,19.06,13.94,14.34,13.43,12.88,13.02,12.78,13.14,13.15,13.13,13.31,13.37,13.28,6849,10814
2026-03-15 11:00:00,1.56,1.42,2.34,17.76,5.35,3.63,3.21,37.96,24.05,26.51,22.14,23.72,26.15,21.74,25.27,27.98,22.73,19.46,20.6,17.29,12.81,13.39,12.34,12.71,12.78,12.67,13.15,13.15,13.14,13.37,13.39,13.35,6847,10955
2026-03-15 10:00:00,1.45,1.4,2.39,17.75,5.33,3.61,3.22,37.98,18.03,21.07,16.11,17.91,20.72,16.11,18.63,21.68,16.58,14.93,16.7,13.69,12.09,12.33,11.86,12.67,12.67,12.67,13.18,13.25,13.15,13.39,13.39,13.39,6838,10498
2026-03-15 09:00:00,1.38,1.26,2.32,17.87,5.3,3.64,3.19,37.99,19.5,23.82,16.34,18.97,22.68,16.41,20.31,24.86,16.93,13.78,14.56,12.19,11.69,11.86,11.59,12.71,12.78,12.67,13.27,13.28,13.26,13.39,13.39,13.39,6826,10262
2026-03-15 08:00:00,1.33,1.23,2.15,17.41,5.24,3.59,3.19,38,11.76,18.09,7.36,10.91,16.7,7.01,11.16,18.1,6.88,9.71,11.85,8.51,11.65,11.74,11.6,12.86,12.96,12.78,13.35,13.39,13.29,13.39,13.41,13.39,6635,6929
2026-03-15 07:00:00,1.48,1.35,2.09,17.12,5.25,3.26,3.19,38,6.36,7.11,6.06,6.02,6.74,5.7,5.88,6.53,5.61,8.26,8.42,8.18,11.95,12.11,11.78,13.08,13.18,13.02,13.45,13.5,13.38,13.41,13.43,13.4,6506,6776
2026-03-15 06:00:00,1.37,1.23,1.71,17.01,5.24,3.27,3.19,37.99,6.26,6.41,6.12,5.95,6.06,5.82,5.95,6.05,5.83,8.66,8.89,8.52,12.35,12.57,12.18,13.31,13.38,13.22,13.53,13.61,13.5,13.45,13.47,13.43,6502,0
2026-03-15 05:00:00,1.3,1.04,1.63,17.03,5.2,3.29,3.2,37.96,6.68,7.09,6.36,6.42,6.88,6.06,6.44,7,6.05,9.31,9.77,8.96,12.76,12.94,12.57,13.5,13.61,13.38,13.62,13.62,13.62,13.46,13.48,13.44,6513,0
2026-03-15 04:00:00,1.2,1.03,1.68,17.08,5.22,3.28,3.21,37.98,8.7,10.08,7.31,8.46,9.84,7.12,8.39,9.72,7.15,10.5,11.21,9.89,13.16,13.28,13.02,13.66,13.73,13.61,13.64,13.69,13.62,13.46,13.48,13.43,6528,0
2026-03-15 03:00:00,1.25,1.13,1.77,17.25,5.23,3.3,3.2,38,11.2,11.97,10.24,11.04,11.85,10.08,10.94,11.73,9.96,11.83,12.25,11.26,13.41,13.51,13.29,13.77,13.85,13.73,13.72,13.74,13.7,13.44,13.46,13.41,6542,0
2026-03-15 02:00:00,1.36,1.24,1.87,17.23,5.25,3.31,3.19,38,12.15,12.21,12,12.01,12.09,11.85,11.93,11.97,11.83,12.39,12.44,12.32,13.58,13.64,13.51,13.86,13.93,13.85,13.74,13.74,13.74,13.4,13.42,13.39,6550,0
2026-03-15 01:00:00,1.35,1.23,1.88,17.26,5.27,3.36,3.19,37.99,12.63,13.03,12.21,12.5,12.92,12.09,12.38,12.8,11.97,12.71,12.91,12.44,13.77,13.87,13.7,13.96,13.97,13.94,13.74,13.74,13.74,13.39,13.4,13.39,6550,0
2026-03-15 00:00:00,1.35,1.23,1.89,17.3,5.28,3.37,3.19,38,13.31,13.51,13.13,13.12,13.28,12.92,12.96,13.11,12.8,13.06,13.12,13.02,13.91,13.98,13.87,14.06,14.08,13.97,13.74,13.75,13.74,13.37,13.39,13.34,6550,0
2026-03-14 23:00:00,1.37,1.26,1.9,17.3,5.31,3.34,3.19,38.02,13.51,13.73,13.39,13.29,13.51,13.17,13.1,13.27,13.01,13.16,13.27,13.07,14.1,14.22,13.98,14.15,14.2,14.08,13.74,13.74,13.74,13.3,13.36,13.27,6577,0
2026-03-14 22:00:00,1.34,1.27,1.94,17.35,5.33,3.35,3.19,38.01,13.8,13.98,13.71,13.57,13.74,13.5,13.34,13.5,13.27,13.41,13.5,13.3,14.32,14.46,14.22,14.23,14.31,14.2,13.73,13.74,13.72,13.27,13.27,13.26,6591,0
2026-03-14 21:00:00,1.36,1.27,1.92,17.37,5.35,3.34,3.19,38.03,14.06,14.1,13.98,13.81,13.86,13.74,13.56,13.62,13.5,13.62,13.74,13.5,14.6,14.75,14.46,14.32,14.32,14.3,13.67,13.74,13.62,13.19,13.26,13.15,6604,0
2026-03-14 20:00:00,1.4,1.27,1.96,17.37,5.36,3.37,3.17,38.05,14.25,14.43,14.1,14,14.15,13.86,13.77,13.98,13.62,13.96,14.21,13.75,14.99,15.18,14.81,14.33,14.34,14.32,13.6,13.62,13.54,13.15,13.15,13.14,6635,0
2026-03-14 19:00:00,1.39,1.42,2.02,17.47,5.37,3.37,3.18,38.07,15.25,15.99,14.45,15.06,15.86,14.22,14.93,15.75,14.03,14.92,15.48,14.33,15.44,15.64,15.23,14.32,14.33,14.32,13.48,13.52,13.4,13.07,13.14,13.03,6693,0
2026-03-14 18:00:00,1.45,1.34,2.15,17.64,5.4,3.54,3.19,38.07,17.63,19.17,16.2,17.58,19.18,16.03,17.7,19.54,15.99,16.51,17.52,15.59,15.85,16,15.66,14.23,14.32,14.14,13.34,13.38,13.27,13.03,13.04,13.03,6813,8288
2026-03-14 17:00:00,1.6,1.48,2.4,18.04,5.44,3.68,3.18,38.07,21.38,23.09,19.54,21.58,23.21,19.66,22.18,23.79,20.01,18.65,19.29,17.64,16.06,16.11,16,14,14.1,13.85,13.21,13.27,13.15,13.01,13.03,12.97,6838,10278
2026-03-14 16:00:00,1.77,1.67,2.61,18.52,5.46,3.65,3.2,38.06,25.48,26.67,23.68,25.95,27.22,24.12,27.15,28.76,24.98,20.67,21.19,19.77,15.89,16.04,15.66,13.72,13.85,13.61,13.06,13.14,13.02,12.95,13.01,12.92,6838,10175
2026-03-14 15:00:00,1.81,1.68,2.62,18.84,5.49,3.65,3.2,38.09,25.07,26.25,23.91,25.52,26.75,24.15,26.18,27.61,24.5,20.26,20.95,19.42,15.41,15.64,15.18,13.41,13.56,13.26,12.91,12.98,12.86,12.92,12.94,12.92,6847,10758
2026-03-14 14:00:00,1.59,1.45,2.34,18.96,5.52,3.64,3.2,38.11,21.95,24.28,19.89,22.32,24.86,20.1,23.13,25.94,20.72,19.22,20.24,18.26,14.97,15.17,14.69,13.09,13.26,12.91,12.8,12.85,12.78,12.92,12.93,12.92,6847,11011
2026-03-14 13:00:00,1.57,1.42,2.36,19.27,5.51,3.63,3.23,38.13,22.3,23.79,20.96,22.59,24.27,21.17,23.44,25.21,22.02,19.1,19.77,18.66,14.33,14.6,14.01,12.76,12.9,12.62,12.71,12.78,12.67,12.94,12.97,12.92,6847,11294
2026-03-14 12:00:00,1.5,1.32,2.29,19.63,5.47,3.64,3.24,38.16,23.14,24.22,21.54,23.07,24.02,21.52,24.16,25.21,22.73,18.95,19.29,18.59,13.58,13.98,13.16,12.47,12.58,12.33,12.67,12.68,12.67,13.01,13.03,12.97,6842,10707
2026-03-14 11:00:00,1.42,1.31,2.34,19.72,5.47,3.66,3.24,38.18,21.28,24.86,19.54,21.17,24.6,19.54,22.15,25.45,20.41,18.03,19.01,17.41,12.67,13.11,12.21,12.25,12.31,12.19,12.67,12.7,12.67,13.03,13.03,13.03,6847,11014
2026-03-14 10:00:00,1.3,1.18,2.29,19.91,5.45,3.7,3.21,38.21,21.55,23.43,20.01,21.27,23.2,19.57,22.45,24.15,20.37,16.65,18.23,14.87,11.73,12.09,11.38,12.16,12.19,12.13,12.73,12.8,12.69,13.03,13.04,13.03,6847,11089
2026-03-14 09:00:00,1.29,1.19,2.02,19.64,5.38,3.69,3.23,38.22,15.38,18.36,11.61,14.89,18,11.14,15.31,18.7,11.14,12.42,14.1,10.67,11.2,11.38,11.08,12.15,12.19,12.11,12.8,12.84,12.78,13.08,13.13,13.04,6838,10806
2026-03-14 08:00:00,1.26,1.17,2.01,19.52,5.34,3.68,3.23,38.2,9.94,11.14,9.37,9.76,10.67,9.37,9.82,10.77,9.38,10.01,10.53,9.72,11.03,11.07,10.99,12.2,12.23,12.19,12.9,12.93,12.85,13.15,13.15,13.14,6644,6961
2026-03-14 07:00:00,1.43,1.31,2.2,19.58,5.35,3.58,3.23,38.22,9.06,9.35,8.55,8.99,9.26,8.45,9.05,9.37,8.52,9.35,9.66,8.89,10.93,10.98,10.91,12.33,12.43,12.27,13.01,13.04,12.93,13.15,13.16,13.15,6495,5125
2026-03-14 06:00:00,1.52,1.4,2.06,19.37,5.33,3.31,3.22,38.21,6.63,8.42,4.76,6.44,8.28,4.52,6.45,8.3,4.52,7.98,8.77,7.24,11.07,11.23,10.94,12.5,12.61,12.43,13.13,13.16,13.09,13.16,13.2,13.15,6497,0
2026-03-14 05:00:00,1.38,1.4,1.95,19.1,5.34,3.23,3.19,38.16,4.78,4.98,4.64,4.52,4.73,4.39,4.52,4.71,4.4,7.34,7.58,7.23,11.41,11.61,11.27,12.75,12.89,12.67,13.26,13.3,13.22,13.21,13.23,13.17,6506,0
2026-03-14 04:00:00,1.29,1.29,1.82,19.02,5.37,3.23,3.19,38.16,5.34,5.58,4.98,5.11,5.35,4.76,5.11,5.35,4.82,7.81,7.92,7.59,11.77,11.97,11.62,13,13.14,12.9,13.38,13.43,13.32,13.24,13.27,13.23,6519,0
2026-03-14 03:00:00,1.16,1.16,1.78,18.98,5.38,3.27,3.19,38.16,4.97,5.44,4.75,4.73,5.14,4.52,4.83,5.23,4.64,8.03,8.32,7.83,12.2,12.43,11.97,13.27,13.38,13.14,13.49,13.52,13.46,13.22,13.24,13.2,6533,0
2026-03-14 02:00:00,1.15,1.02,1.71,19.04,5.36,3.26,3.2,38.2,6.32,7.12,5.58,6,6.68,5.27,5.99,6.59,5.35,8.8,9.13,8.42,12.64,12.8,12.45,13.53,13.61,13.38,13.59,13.62,13.52,13.17,13.2,13.15,6542,0
2026-03-14 01:00:00,1.18,1.01,1.75,19.1,5.34,3.27,3.22,38.21,8.2,8.84,7.34,7.47,7.98,6.83,7.21,7.74,6.68,9.53,9.84,9.24,13.06,13.28,12.85,13.78,13.91,13.67,13.63,13.66,13.62,13.15,13.16,13.15,6550,0
2026-03-14 00:00:00,1.25,1.1,1.76,19.11,5.36,3.31,3.21,38.22,7.99,8.78,7.71,7.56,7.95,7.48,7.51,7.73,7.36,10.02,10.33,9.82,13.53,13.75,13.28,14.05,14.2,13.94,13.69,13.72,13.67,13.1,13.15,13.03,6533,0
2026-03-13 23:00:00,1.24,1.06,1.74,19.18,5.41,3.29,3.22,38.23,8.56,9.34,7.95,8.35,9.13,7.73,8.38,9.18,7.81,10.91,11.39,10.43,14.03,14.24,13.8,14.28,14.37,14.2,13.7,13.73,13.66,13.03,13.03,13,6568,0
2026-03-13 22:00:00,1.22,1.06,1.74,19.35,5.45,3.3,3.2,38.21,8.96,9.39,8.66,8.8,9.25,8.53,8.91,9.28,8.66,11.6,11.94,11.49,14.59,14.87,14.34,14.48,14.56,14.42,13.63,13.68,13.62,12.94,13,12.92,6577,0
2026-03-13 21:00:00,1.2,1.06,1.72,19.36,5.46,3.31,3.18,38.31,10.33,11.5,9.01,10.13,11.22,8.89,10.16,11.14,9.02,12.77,13.39,12.08,15.21,15.52,14.93,14.61,14.68,14.56,13.56,13.62,13.5,12.84,12.92,12.8,6595,0
2026-03-13 20:00:00,1.28,1.15,1.8,19.44,5.47,3.32,3.18,38.31,11.72,13.31,11.05,11.48,13.03,10.89,11.49,12.93,10.79,13.87,14.8,13.39,15.87,16.16,15.52,14.68,14.68,14.67,13.42,13.5,13.37,12.74,12.8,12.68,6626,0
2026-03-13 19:00:00,1.38,1.36,1.99,19.55,5.51,3.45,3.18,38.31,15.03,16.45,13.86,14.8,16.32,13.51,14.67,16.09,13.39,15.81,16.58,15.04,16.5,16.82,16.23,14.6,14.68,14.56,13.22,13.3,13.14,12.65,12.68,12.58,6680,0
2026-03-13 18:00:00,1.54,1.43,2.32,19.85,5.57,3.58,3.19,38.32,20.12,22.62,16.94,19.98,22.73,16.79,19.48,22.49,16.45,17.98,19.48,16.7,17.11,17.29,16.82,14.4,14.55,14.26,12.99,13.12,12.9,12.56,12.58,12.56,6802,7047
2026-03-13 17:00:00,1.85,1.72,2.64,20.97,5.63,3.57,3.21,38.34,26.75,28.64,23.78,26.8,28.88,23.79,27.17,29.47,23.67,21.16,22.14,19.89,17.43,17.5,17.37,14.03,14.2,13.84,12.73,12.83,12.62,12.49,12.55,12.45,6824,9671
2026-03-13 16:00:00,2.03,1.91,2.93,21.55,5.64,3.61,3.23,38.36,31.48,32.32,28.88,32.01,32.9,29.35,32.87,34.07,30.06,23.68,24.15,22.4,17.22,17.41,16.94,13.53,13.77,13.26,12.48,12.56,12.36,12.44,12.46,12.44,6849,10912
2026-03-13 15:00:00,2.01,1.85,2.87,21.91,5.68,3.69,3.27,38.38,31.28,31.95,30.42,31.82,32.43,31.01,31.98,32.57,31.72,24.04,24.26,23.67,16.46,16.93,16,12.95,13.25,12.67,12.25,12.33,12.19,12.44,12.44,12.44,6849,10506
2026-03-13 14:00:00,1.9,1.72,2.68,22.14,5.73,3.84,3.25,38.41,29.09,30.15,27.82,29.92,30.74,28.89,31.02,31.57,29.94,22.96,23.54,22.37,15.37,15.89,14.81,12.38,12.66,12.16,12.09,12.18,12.04,12.44,12.44,12.44,6849,10617
2026-03-13 13:00:00,1.78,1.52,2.53,22.29,5.81,3.95,3.28,38.46,27.21,28.05,25.92,28.03,29.12,26.4,28.57,29.82,26.87,21.38,22.37,20.26,14.12,14.69,13.63,11.86,12.07,11.68,11.97,12.02,11.96,12.44,12.44,12.44,6847,10585
2026-03-13 12:00:00,1.58,1.43,2.36,22.44,5.84,3.99,3.28,38.48,24.59,26.4,23.14,24.64,25.71,23.44,26.2,28.07,24.27,20.18,20.72,19.62,12.93,13.51,12.22,11.46,11.6,11.31,11.96,11.96,11.94,12.47,12.53,12.44,6847,10707
2026-03-13 11:00:00,1.48,1.32,2.36,22.93,5.92,4.01,3.3,38.47,24.97,26.4,23.79,24.61,25.33,23.85,26.09,27.45,25.21,19.66,20.6,18.59,11.44,12.09,10.79,11.21,11.28,11.14,11.96,11.96,11.95,12.54,12.56,12.5,6847,10837
2026-03-13 10:00:00,1.38,1.14,2.25,23.34,6.01,4.02,3.32,38.51,23.33,24.02,22.14,23.31,24.03,22.14,25.22,25.8,24.39,17.01,18.37,15.28,10.16,10.67,9.67,11.12,11.15,11.07,11.96,11.96,11.96,12.56,12.56,12.56,6847,10967
2026-03-13 09:00:00,1.25,1.09,2.17,23.5,6.1,4.02,3.31,38.54,19.43,22.04,15.19,18.99,21.91,14.45,21,24.33,15.87,12.3,14.92,9.46,9.36,9.6,9.25,11.19,11.25,11.13,12.03,12.08,11.96,12.57,12.59,12.56,6838,10837
2026-03-13 08:00:00,1.15,1.17,2.19,23.2,6.13,4.02,3.31,38.51,7.18,13.99,2.39,6.63,13.28,2.15,6.8,14.57,2.27,6.44,8.89,5.26,9.3,9.41,9.25,11.4,11.48,11.28,12.15,12.2,12.08,12.66,12.68,12.63,6662,6969
2026-03-13 07:00:00,1.22,1.41,2.3,22.59,6.1,4.03,3.29,38.5,2.18,2.27,2.08,1.98,2.07,1.92,2.11,2.26,2.03,5.33,5.46,5.23,9.58,9.72,9.45,11.63,11.73,11.49,12.31,12.38,12.22,12.68,12.72,12.68,6493,6752
2026-03-13 06:00:00,1.24,1.4,2.3,22.21,6.12,3.95,3.26,38.48,2.46,2.63,2.27,2.27,2.43,2.07,2.4,2.53,2.25,5.67,5.82,5.48,9.95,10.18,9.78,11.87,11.96,11.76,12.46,12.55,12.42,12.76,12.8,12.71,6493,0
2026-03-13 05:00:00,1.27,1.45,2.26,21.88,6.04,3.8,3.24,38.47,2.8,2.98,2.63,2.64,2.83,2.5,2.75,2.94,2.62,6.06,6.27,5.88,10.39,10.56,10.2,12.02,12.12,11.96,12.61,12.67,12.56,12.8,12.8,12.8,6504,0
2026-03-13 04:00:00,1.29,1.44,2.22,21.59,5.75,3.78,3.23,38.47,3.2,3.45,2.98,3.05,3.34,2.85,3.19,3.45,2.98,6.49,6.76,6.29,10.75,10.91,10.57,12.27,12.41,12.19,12.73,12.8,12.67,12.8,12.8,12.8,6517,0
2026-03-13 03:00:00,1.34,1.48,2.11,21.31,5.62,3.75,3.24,38.47,3.93,4.39,3.56,3.7,4.05,3.34,3.79,4.04,3.48,6.96,7.13,6.76,11.17,11.37,10.98,12.51,12.66,12.42,12.85,12.91,12.8,12.8,12.8,12.8,6524,0
2026-03-13 02:00:00,1.36,1.43,2.04,21.09,5.5,3.72,3.23,38.47,4.41,4.56,4.28,4.17,4.39,4.02,4.26,4.44,4.05,7.44,7.71,7.19,11.57,11.75,11.38,12.77,12.9,12.67,12.96,13.03,12.91,12.8,12.8,12.8,6533,0
2026-03-13 01:00:00,1.33,1.43,2,20.95,5.48,3.61,3.24,38.47,4.82,4.98,4.64,4.6,4.79,4.4,4.71,4.94,4.51,7.94,8.18,7.71,12.01,12.21,11.8,13.01,13.14,12.9,13.1,13.15,13.03,12.8,12.8,12.78,6542,0
2026-03-13 00:00:00,1.39,1.39,1.87,20.88,5.45,3.39,3.25,38.48,5.27,5.51,5.08,5.08,5.35,4.87,5.19,5.43,4.98,8.49,8.77,8.2,12.48,12.69,12.25,13.29,13.41,13.14,13.16,13.2,13.15,12.73,12.8,12.68,6528,0
2026-03-12 23:00:00,1.42,1.3,1.81,20.81,5.43,3.32,3.22,38.5,5.81,6.06,5.52,5.62,5.91,5.35,5.74,6.05,5.46,9.12,9.47,8.77,13.01,13.28,12.8,13.59,13.73,13.48,13.22,13.24,13.2,12.67,12.69,12.64,6550,0
2026-03-12 22:00:00,1.43,1.16,1.74,20.8,5.45,3.35,3.23,38.55,6.55,7,6.15,6.36,6.77,5.94,6.49,6.96,6.06,9.94,10.41,9.53,13.62,13.94,13.31,13.85,13.97,13.73,13.17,13.21,13.15,12.58,12.61,12.56,6577,0
2026-03-12 21:00:00,1.35,1.09,1.72,20.89,5.51,3.38,3.24,38.56,7.58,8.07,7.11,7.41,7.95,6.94,7.52,8.08,7,10.96,11.49,10.46,14.31,14.69,13.98,14.04,14.08,13.97,13.11,13.15,13.03,12.49,12.56,12.44,6595,0
2026-03-12 20:00:00,1.2,1.02,1.71,21.03,5.55,3.39,3.23,38.56,8.98,10.07,8.18,8.93,10.08,8.07,9.09,10.22,8.2,12.33,13.15,11.61,15.09,15.46,14.69,14.09,14.12,14.08,12.97,13.03,12.91,12.39,12.44,12.32,6631,0
2026-03-12 19:00:00,1.28,1.2,1.9,21.14,5.56,3.48,3.24,38.59,12.84,15.99,10.31,12.9,15.99,10.43,12.8,15.61,10.55,14.48,15.75,13.35,15.86,16.18,15.52,14.06,14.09,13.98,12.78,12.9,12.67,12.3,12.32,12.26,6688,0
2026-03-12 18:00:00,1.6,1.52,2.4,21.57,5.65,3.67,3.25,38.61,21.86,26.16,16.76,21.71,25.92,16.7,20.98,25.45,16.23,17.71,19.53,16.02,16.45,16.62,16.23,13.87,13.97,13.73,12.57,12.67,12.44,12.21,12.25,12.21,6811,8430
2026-03-12 17:00:00,2.11,1.98,2.9,22.79,5.69,3.73,3.28,38.67,30.03,30.48,27.9,29.89,30.53,27.59,29.91,30.53,27.22,21.02,21.36,20.12,16.67,16.7,16.59,13.53,13.73,13.37,12.32,12.44,12.2,12.16,12.21,12.1,6838,9710
2026-03-12 16:00:00,2.09,2.01,3.06,23.15,5.71,3.77,3.28,38.72,29.87,30.3,29.13,30.19,30.54,29.43,31.05,31.49,30.08,21.95,22.37,21.43,16.47,16.59,16.29,13.07,13.3,12.81,12.08,12.2,11.96,12.09,12.1,12.09,6849,10617
2026-03-12 15:00:00,1.97,1.81,2.75,23.45,5.75,3.83,3.27,38.73,28.66,29.72,27.58,28.98,30.03,27.96,29.12,29.82,28.41,22.43,22.85,22.14,15.89,16.23,15.52,12.53,12.78,12.31,11.86,11.96,11.74,12.09,12.09,12.09,6849,10577
2026-03-12 14:00:00,1.9,1.66,2.59,23.8,5.84,3.96,3.28,38.74,27.91,28.17,27.69,28.55,28.92,28.16,29.64,30.06,29.02,22.22,22.48,22.02,14.91,15.4,14.34,11.98,12.2,11.73,11.68,11.73,11.61,12.09,12.09,12.09,6847,10703
2026-03-12 13:00:00,1.76,1.55,2.54,23.95,5.88,4,3.28,38.78,26.8,27.82,25.69,27.32,28.53,26.03,28.15,29.35,27.08,20.96,21.89,20.12,13.73,14.23,13.28,11.47,11.72,11.25,11.59,11.61,11.54,12.09,12.09,12.09,6849,10624
2026-03-12 12:00:00,1.61,1.47,2.42,24.15,5.92,4.01,3.26,38.83,24.74,25.7,23.79,24.71,25.45,23.9,26.37,27.46,25.22,19.9,20.28,19.53,12.58,13.16,11.89,11.04,11.25,10.89,11.5,11.52,11.49,12.1,12.12,12.09,6849,10821
2026-03-12 11:00:00,1.52,1.39,2.41,24.6,5.98,4.03,3.27,38.86,25.39,25.77,24.98,25.23,25.48,24.74,26.38,26.87,26.04,19.54,20.23,18.52,11.09,11.75,10.44,10.79,10.89,10.74,11.5,11.53,11.49,12.12,12.15,12.12,6847,10853
2026-03-12 10:00:00,1.39,1.13,2.29,25.12,6.12,4.04,3.27,38.84,23.85,24.86,23.13,23.7,24.62,23.09,25.54,26.28,24.98,16.76,18.29,15.16,9.76,10.32,9.25,10.68,10.77,10.66,11.54,11.59,11.5,12.18,12.21,12.16,6847,10817
2026-03-12 09:00:00,1.19,1.03,2.18,25.35,6.24,4.06,3.29,38.84,20.66,23.91,15.4,19.9,23.11,14.57,21.91,25.33,16.11,12.1,14.8,9.18,8.96,9.25,8.82,10.73,10.81,10.66,11.61,11.62,11.6,12.21,12.21,12.21,6838,10254
2026-03-12 08:00:00,1.18,1.23,2.54,24.4,6.29,4.03,3.28,38.86,7.06,14.1,2.5,6.43,13.32,2.17,6.61,14.69,2.27,6.18,8.66,5.12,8.91,9.02,8.8,10.93,11.02,10.87,11.71,11.77,11.62,12.22,12.27,12.21,6640,6945
2026-03-12 07:00:00,1.25,1.54,2.69,23.89,6.26,4.02,3.27,38.8,2.37,2.51,2.27,2.08,2.18,2.01,2.16,2.26,2.03,5.17,5.28,5.09,9.19,9.37,9.03,11.15,11.25,11.02,11.83,11.88,11.77,12.3,12.32,12.27,6484,6736
2026-03-12 06:00:00,1.26,1.56,2.44,23.63,6.07,4.02,3.28,38.81,2.42,2.52,2.28,2.23,2.39,2.15,2.35,2.51,2.26,5.48,5.69,5.34,9.54,9.72,9.37,11.34,11.37,11.25,11.97,12.08,11.91,12.32,12.33,12.32,6484,0
2026-03-12 05:00:00,1.29,1.57,2.37,23.34,5.84,4.02,3.25,38.81,2.86,3.08,2.63,2.67,2.86,2.47,2.77,2.98,2.57,5.89,6.07,5.7,9.9,10.08,9.72,11.48,11.6,11.37,12.09,12.14,12.08,12.34,12.37,12.32,6497,0
2026-03-12 04:00:00,1.31,1.52,2.33,22.92,5.66,4.02,3.29,38.82,3.38,3.59,3.1,3.19,3.38,2.92,3.31,3.49,3.06,6.35,6.53,6.16,10.25,10.44,10.08,11.71,11.83,11.6,12.2,12.22,12.18,12.37,12.4,12.35,6510,0
2026-03-12 03:00:00,1.36,1.51,2.19,22.77,5.53,3.99,3.28,38.82,3.83,4.1,3.58,3.63,3.91,3.43,3.74,3.97,3.52,6.73,6.95,6.53,10.61,10.79,10.44,11.92,12.05,11.84,12.3,12.32,12.25,12.38,12.41,12.35,6524,0
2026-03-12 02:00:00,1.4,1.48,2.07,22.71,5.54,3.76,3.27,38.82,4.3,4.53,4.05,4.12,4.4,3.88,4.22,4.51,3.99,7.22,7.47,7,10.99,11.16,10.79,12.15,12.27,12.07,12.4,12.44,12.33,12.34,12.37,12.32,6533,0
2026-03-12 01:00:00,1.37,1.46,2.03,22.62,5.55,3.53,3.26,38.81,4.79,5.12,4.58,4.56,4.87,4.4,4.64,4.87,4.52,7.68,7.92,7.49,11.4,11.61,11.24,12.37,12.47,12.3,12.48,12.56,12.44,12.32,12.32,12.32,6546,0
2026-03-12 00:00:00,1.43,1.4,1.86,22.44,5.6,3.49,3.24,38.83,5.44,5.58,5.21,5.16,5.36,4.87,5.19,5.4,4.98,8.21,8.46,7.95,11.81,12.07,11.62,12.62,12.75,12.54,12.56,12.56,12.55,12.29,12.32,12.22,6533,0
2026-03-11 23:00:00,1.41,1.32,1.77,22.43,5.61,3.49,3.24,38.86,5.96,6.15,5.61,5.75,5.94,5.43,5.78,6.05,5.46,8.83,9.14,8.54,12.32,12.57,12.09,12.85,12.93,12.78,12.56,12.56,12.56,12.21,12.24,12.21,6568,0
2026-03-11 22:00:00,1.37,1.13,1.74,22.41,5.59,3.5,3.25,38.93,6.71,7.24,6.17,6.52,7,6.06,6.61,7.1,6.16,9.64,10.06,9.25,12.87,13.16,12.6,13.05,13.14,12.98,12.5,12.56,12.44,12.13,12.21,12.09,6582,0
2026-03-11 21:00:00,1.31,1.06,1.71,22.44,5.62,3.51,3.26,38.91,7.74,8.22,7.35,7.55,8.09,7.12,7.65,8.2,7.13,10.61,11.14,10.1,13.47,13.75,13.17,13.14,13.15,13.14,12.4,12.44,12.32,12.06,12.09,12,6604,0
2026-03-11 20:00:00,1.17,1.03,1.73,22.61,5.68,3.51,3.28,38.96,9.17,10.43,8.3,9.12,10.43,8.18,9.25,10.55,8.3,11.97,12.8,11.26,14.11,14.39,13.84,13.15,13.16,13.14,12.26,12.32,12.2,11.97,11.98,11.96,6637,0
2026-03-11 19:00:00,1.32,1.23,1.95,22.84,5.74,3.58,3.25,38.97,13.01,15.72,10.79,13,15.63,10.79,12.96,15.4,10.9,14.04,15.16,13.02,14.68,14.93,14.46,13.05,13.14,12.96,12.07,12.2,11.96,11.87,11.96,11.85,6697,0
2026-03-11 18:00:00,1.53,1.44,2.37,23.47,5.84,3.85,3.25,38.97,20.13,24.4,16.34,20.07,24.39,16.23,19.96,24.74,15.98,16.88,18.61,15.4,15.05,15.13,14.93,12.81,12.91,12.67,11.85,11.96,11.74,11.83,11.85,11.77,6818,7339
2026-03-11 17:00:00,2.07,1.97,2.9,24.79,5.93,3.92,3.24,38.97,26.59,27.36,25.57,26.22,27.23,25.45,26.7,27.75,25.69,19.01,19.27,18.93,15.14,15.17,15.06,12.45,12.65,12.27,11.64,11.73,11.51,11.74,11.78,11.73,6840,10577
2026-03-11 16:00:00,2.08,1.94,2.9,25.19,5.98,3.97,3.22,38.97,27.48,28.66,25.69,27.64,28.94,25.57,28.17,29.83,25.75,20.08,20.59,19.07,14.84,15.05,14.58,11.99,12.19,11.73,11.41,11.5,11.35,11.73,11.73,11.73,6847,10987
2026-03-11 15:00:00,2.02,1.86,2.83,25.62,6.01,3.97,3.24,39.01,26.74,27.7,25.96,26.96,27.81,26.29,26.96,27.81,26.39,20.2,20.48,19.95,14.11,14.52,13.63,11.48,11.72,11.25,11.23,11.31,11.14,11.73,11.73,11.73,6849,10766
2026-03-11 14:00:00,1.91,1.75,2.72,25.82,6.04,3.98,3.26,39.06,24.93,25.84,24.03,25.52,26.28,24.73,26.27,27.08,25.32,19.32,19.89,18.7,13.04,13.57,12.45,10.96,11.22,10.77,11.11,11.14,11.04,11.73,11.73,11.73,6847,10758
2026-03-11 13:00:00,1.73,1.52,2.66,26.15,6.12,4.06,3.26,39.09,22.11,24.15,20.25,22.74,24.82,20.84,23.41,25.21,22.12,17.46,18.6,16.42,11.84,12.37,11.35,10.54,10.69,10.42,11.02,11.03,11.01,11.73,11.76,11.73,6847,10672
2026-03-11 12:00:00,1.53,1.37,2.56,26.24,6.13,4.11,3.26,39.12,20.09,21.78,18.95,20.21,21.33,19.35,22.09,23.32,21.19,16.25,16.45,16.11,10.62,11.27,9.96,10.25,10.35,10.18,11.02,11.02,11.01,11.77,11.81,11.74,6847,10991
2026-03-11 11:00:00,1.38,1.26,2.67,27.04,6.18,4.14,3.26,39.15,17.82,21.55,13.98,17.63,21.19,13.86,18.48,22.38,14.69,13.85,16.12,11.72,9.47,9.88,9.14,10.16,10.18,10.08,11.01,11.02,11,11.83,11.85,11.8,6844,11003
2026-03-11 10:00:00,1.22,1.12,2.59,27.07,6.26,4.14,3.26,39.17,11.18,13.54,9.01,11.11,13.45,8.95,11.7,14.21,9.37,10.04,11.38,8.77,8.86,9.14,8.66,10.06,10.07,10.06,11.02,11.06,11.01,11.85,11.87,11.85,6838,10865
2026-03-11 09:00:00,1.17,1.09,2.59,27.37,6.26,4.15,3.27,39.13,7.22,8.89,5.7,7.11,8.79,5.58,7.51,9.25,5.94,7.74,8.66,6.9,8.56,8.66,8.53,10.1,10.18,10.06,11.12,11.14,11.08,11.93,11.97,11.88,6826,9900
2026-03-11 08:00:00,1.17,1.29,2.81,27.58,6.32,4.14,3.26,39.14,4.71,5.52,4.4,4.71,5.46,4.4,4.98,5.73,4.64,6.38,6.79,6.17,8.51,8.53,8.5,10.2,10.29,10.18,11.19,11.26,11.14,11.97,11.99,11.97,6660,6972
2026-03-11 07:00:00,1.26,1.43,3.04,27.87,6.3,4.13,3.27,39.1,4.38,4.4,4.3,4.39,4.41,4.3,4.61,4.64,4.52,6.05,6.17,5.94,8.53,8.55,8.52,10.33,10.42,10.29,11.29,11.37,11.26,12.06,12.09,12,6470,6504
2026-03-11 06:00:00,1.34,1.49,3.19,28.2,6.26,4.12,3.27,39.13,4.23,4.28,4.16,4.19,4.28,4.11,4.36,4.46,4.19,5.8,5.94,5.61,8.55,8.55,8.54,10.49,10.57,10.42,11.39,11.48,11.37,12.09,12.11,12.09,6470,0
2026-03-11 05:00:00,1.32,1.62,3.36,28.56,6.28,4.1,3.27,39.11,3.06,4.05,2.14,2.94,3.97,1.98,3.05,4.12,2.08,5.17,5.58,4.87,8.68,8.78,8.56,10.69,10.77,10.6,11.53,11.61,11.48,12.16,12.21,12.1,6475,0
2026-03-11 04:00:00,1.3,1.67,3.41,28.41,6.28,4.09,3.29,39.05,2.01,2.29,1.8,1.84,2.15,1.64,1.95,2.22,1.79,4.9,4.98,4.87,8.93,9.05,8.78,10.88,11,10.77,11.65,11.73,11.61,12.21,12.21,12.21,6486,0
2026-03-11 03:00:00,1.33,1.69,3.21,28.25,6.26,4.08,3.28,39.06,2.11,2.43,1.9,1.94,2.27,1.68,2.02,2.33,1.8,5.1,5.13,5,9.24,9.39,9.08,11.13,11.25,11.01,11.78,11.85,11.73,12.25,12.3,12.21,6502,0
2026-03-11 02:00:00,1.35,1.63,3.06,27.97,6.23,4.1,3.3,39.02,2.04,2.51,1.8,1.88,2.38,1.64,1.99,2.48,1.73,5.41,5.73,5.17,9.62,9.82,9.47,11.32,11.44,11.25,11.91,11.96,11.85,12.31,12.32,12.3,6517,0
2026-03-11 01:00:00,1.38,1.55,3.01,27.81,6.21,4.1,3.3,39.06,2.89,3.06,2.61,2.72,2.86,2.4,2.85,2.99,2.56,6.06,6.29,5.82,10,10.2,9.85,11.53,11.61,11.47,12.03,12.08,11.96,12.32,12.32,12.32,6533,0
2026-03-11 00:00:00,1.33,1.48,2.92,27.74,6.21,4.11,3.3,39.08,3.29,3.45,2.99,3.11,3.23,2.86,3.25,3.36,3.03,6.55,6.76,6.3,10.39,10.56,10.2,11.74,11.84,11.62,12.12,12.19,12.08,12.32,12.33,12.32,6524,0
2026-03-10 23:00:00,1.29,1.4,2.89,27.66,6.18,4.12,3.32,39.11,3.9,4.6,3.44,3.78,4.5,3.26,3.93,4.64,3.44,7.23,7.71,6.81,10.82,11.02,10.65,11.91,11.99,11.84,12.2,12.22,12.18,12.32,12.33,12.32,6564,0
2026-03-10 22:00:00,1.21,1.26,2.86,27.58,6.22,4.12,3.3,39.11,4.99,5.13,4.75,4.92,5.08,4.64,5.11,5.23,4.77,8.06,8.18,7.83,11.23,11.41,11.04,12.08,12.17,12.02,12.26,12.31,12.21,12.32,12.33,12.32,6577,0
2026-03-10 21:00:00,1.22,1.76,2.98,27.49,6.24,4.13,3.31,39.11,5.85,6.96,4.64,5.89,7,4.64,6.15,7.24,4.87,8.94,9.53,8.18,11.62,11.74,11.49,12.22,12.31,12.19,12.32,12.32,12.3,12.32,12.32,12.32,6599,0
2026-03-10 20:00:00,1.29,2.02,2.96,27.41,6.29,4.09,3.32,39.11,7.13,7.24,7,7.22,7.41,7.02,7.5,7.61,7.34,9.76,9.89,9.59,11.9,12.06,11.75,12.32,12.38,12.31,12.31,12.32,12.3,12.31,12.32,12.3,6635,0
2026-03-10 19:00:00,1.28,1.91,2.94,27.86,6.33,4.1,3.33,39.16,7.54,7.79,7.25,7.66,7.85,7.44,7.97,8.21,7.65,10.19,10.46,9.96,12.2,12.33,12.08,12.42,12.43,12.39,12.27,12.32,12.2,12.28,12.32,12.25,6697,0
2026-03-10 18:00:00,1.34,1.82,2.99,28.38,6.37,4.11,3.38,39.22,8.03,8.18,7.85,8.14,8.3,7.95,8.52,8.66,8.3,10.72,10.9,10.55,12.49,12.65,12.33,12.43,12.43,12.43,12.2,12.21,12.2,12.22,12.23,12.21,6813,7504
2026-03-10 17:00:00,1.35,1.84,3.22,28.95,6.47,4.14,3.37,39.25,8.6,8.78,8.43,8.7,8.89,8.54,9.09,9.25,8.89,11.24,11.4,11.04,12.8,12.93,12.68,12.43,12.43,12.43,12.14,12.2,12.08,12.21,12.21,12.21,6820,8639
2026-03-10 16:00:00,1.33,1.51,2.91,26.7,6.11,3.99,3.23,39.07,9.49,10.08,8.78,9.55,10.08,8.83,9.92,10.47,9.25,12.02,12.32,11.5,13.12,13.28,13,12.34,12.41,12.27,12.05,12.08,11.97,12.21,12.21,12.21,6822,10073
2026-03-10 15:00:00,1.38,1.37,2.45,24.65,5.91,3.99,3.25,39.06,11.59,14.26,9.72,11.72,14.33,9.83,12.21,15.04,10.18,13.31,14.8,12.25,13.38,13.41,13.28,12.14,12.24,12,11.95,11.96,11.88,12.21,12.21,12.21,6838,10932
2026-03-10 14:00:00,1.42,1.42,2.3,24.62,5.94,4.04,3.24,39.06,15.82,16.45,14.69,16.02,16.79,14.81,16.79,17.56,15.59,15.7,16.02,15.04,13.23,13.39,13.04,11.86,11.96,11.72,11.85,11.88,11.84,12.21,12.21,12.21,6838,10794
2026-03-10 13:00:00,1.55,1.45,2.57,25.23,6.1,4.04,3.23,39.12,19.18,20.84,16.81,19.34,20.97,16.95,20.23,21.9,17.66,16.64,17.28,16.11,12.65,12.94,12.37,11.58,11.72,11.48,11.83,11.85,11.79,12.22,12.27,12.21,6838,11089
2026-03-10 12:00:00,1.49,1.37,2.47,25.52,6.16,4.05,3.24,39.13,19.07,22.13,17.29,19.01,21.82,17.25,20.52,24.1,18.12,16.39,17.64,14.8,11.97,12.33,11.67,11.36,11.48,11.25,11.79,11.81,11.77,12.3,12.32,12.27,6842,10825
2026-03-10 11:00:00,1.41,1.32,2.37,26,6.18,4.04,3.24,39.12,18.79,23.44,15.47,18.83,23.32,15.52,19.87,24.74,16.34,15.88,17.76,14.26,11.23,11.62,10.78,11.2,11.25,11.13,11.79,11.82,11.78,12.32,12.32,12.31,6838,10849
2026-03-10 10:00:00,1.33,1.17,2.35,27.25,6.33,4.07,3.25,39.16,22.12,23.68,20.37,21.8,23.43,20.03,23.78,24.98,22.26,15.56,17.27,14.28,10.3,10.67,9.96,11.06,11.13,11.02,11.84,11.85,11.82,12.32,12.33,12.32,6847,10896
2026-03-10 09:00:00,1.22,1.1,2.41,27.8,6.39,4.07,3.27,39.19,18.93,21.31,15.04,18.28,20.78,14.23,20.47,23.19,15.99,11.88,13.85,9.6,9.8,9.96,9.72,11.09,11.16,11.03,11.86,11.93,11.85,12.33,12.37,12.32,6838,10916
2026-03-10 08:00:00,1.04,1.15,2.93,27.69,6.37,4.08,3.29,39.21,7.22,13.77,5.12,6.95,13,5.12,7.42,14.45,5.23,7.5,9.13,7,9.84,9.96,9.74,11.26,11.35,11.23,11.97,12.04,11.96,12.42,12.44,12.38,6604,6909
2026-03-10 07:00:00,1.05,1.29,3.16,27.69,6.37,4.08,3.29,39.22,5.28,5.58,5.06,5.25,5.58,5.01,5.4,5.7,5.22,7.15,7.38,7,10.04,10.17,9.96,11.41,11.48,11.36,12.08,12.1,12.06,12.44,12.44,12.44,6481,6445
2026-03-10 06:00:00,1.1,1.39,3.3,27.78,6.38,4.1,3.31,39.23,5.5,5.58,5.47,5.48,5.58,5.45,5.62,5.7,5.58,7.38,7.45,7.35,10.28,10.42,10.2,11.54,11.6,11.48,12.18,12.21,12.12,12.44,12.47,12.44,6484,0
2026-03-10 05:00:00,1.13,1.73,3.3,27.55,6.34,4.12,3.3,39.23,5.36,5.49,5.22,5.36,5.47,5.22,5.49,5.58,5.35,7.47,7.47,7.47,10.55,10.67,10.44,11.72,11.82,11.63,12.26,12.32,12.2,12.48,12.51,12.46,6493,0
2026-03-10 04:00:00,1.28,2.02,3.16,27.25,6.32,4.13,3.3,39.22,6.19,6.41,5.47,6.18,6.41,5.47,6.33,6.54,5.58,8.02,8.22,7.59,10.83,10.93,10.69,11.88,11.96,11.82,12.33,12.36,12.32,12.52,12.56,12.5,6506,0
2026-03-10 03:00:00,1.39,2.18,3.19,27.17,6.35,4.15,3.3,39.23,6.46,6.65,6.29,6.44,6.62,6.26,6.58,6.79,6.41,8.52,8.77,8.29,11.09,11.16,10.98,12.02,12.07,11.96,12.42,12.44,12.38,12.54,12.56,12.52,6519,0
2026-03-10 02:00:00,1.56,2.3,3.24,27.23,6.39,4.19,3.31,39.24,6.75,6.89,6.64,6.78,7,6.6,7.04,7.24,6.75,8.98,9.13,8.78,11.29,11.38,11.21,12.15,12.19,12.07,12.46,12.52,12.44,12.54,12.56,12.52,6530,0
2026-03-10 01:00:00,1.62,2.38,3.32,27.61,6.43,4.15,3.31,39.32,6.93,7,6.86,6.99,7,6.96,7.24,7.24,7.22,9.14,9.22,9.12,11.46,11.56,11.38,12.31,12.41,12.22,12.56,12.56,12.52,12.51,12.55,12.48,6542,0
2026-03-10 00:00:00,1.65,2.45,3.33,28.14,6.49,4.16,3.34,39.45,7.03,7.12,6.97,7.06,7.12,7,7.31,7.36,7.24,9.28,9.35,9.24,11.7,11.85,11.6,12.48,12.55,12.41,12.58,12.62,12.56,12.46,12.49,12.44,6533,0
2026-03-09 23:00:00,1.63,2.39,3.33,28.29,6.58,4.16,3.38,39.79,6.91,7,6.81,6.96,7.01,6.89,7.2,7.26,7.12,9.34,9.41,9.28,11.99,12.15,11.86,12.68,12.78,12.55,12.65,12.67,12.62,12.44,12.44,12.44,6550,0
2026-03-09 22:00:00,1.77,2.56,3.63,29.58,6.88,4.25,3.47,40.59,6.91,6.99,6.88,7,7,6.97,7.24,7.25,7.23,9.47,9.6,9.39,12.38,12.6,12.21,12.91,13.02,12.78,12.64,12.67,12.63,12.38,12.44,12.33,6577,0
2026-03-09 21:00:00,1.71,2.41,3.59,29,6.62,4.2,3.42,40.26,7.14,7.71,6.77,7.19,7.61,6.91,7.34,7.59,7.21,9.65,9.84,9.57,12.96,13.28,12.68,13.1,13.14,13.02,12.57,12.62,12.56,12.32,12.33,12.31,6593,0
2026-03-09 20:00:00,1.61,2.17,3.02,26.45,6.16,4.06,3.31,39.4,8.8,9.72,7.59,8.8,9.71,7.59,8.88,9.72,7.74,10.72,11.74,9.93,13.71,14.01,13.39,13.14,13.16,13.14,12.47,12.56,12.43,12.25,12.31,12.21,6624,0
2026-03-09 19:00:00,1.65,2.15,2.88,26.9,6.15,4.08,3.4,40.17,9.97,10.27,9.84,9.99,10.24,9.84,10.23,10.56,9.84,12.73,13.2,12.06,14.36,14.69,14.1,13.12,13.15,13.03,12.33,12.43,12.27,12.21,12.21,12.2,6671,0
2026-03-09 18:00:00,1.54,1.91,2.96,26.53,6.25,4.08,3.36,40.24,13.4,16.95,10.31,13.45,17.1,10.31,13.86,17.64,10.68,14.99,16.93,13.27,14.89,15.01,14.69,12.91,13.02,12.78,12.17,12.24,12.08,12.19,12.21,12.17,6766,7039
2026-03-09 17:00:00,1.45,1.36,2.52,24.36,5.89,3.99,3.22,39.06,19.79,22.26,17.29,20.04,22.62,17.43,20.7,23.32,18,18.18,19.17,17.12,14.92,15,14.81,12.58,12.77,12.43,12.02,12.08,11.96,12.13,12.18,12.11,6826,9774
2026-03-09 16:00:00,1.74,1.64,2.7,25.39,6,4.04,3.21,39.1,24.28,26.16,22.61,24.72,26.6,23.04,25.44,27.1,23.67,19.87,20.48,19.2,14.47,14.8,14.1,12.2,12.41,12.03,11.86,11.96,11.82,12.1,12.12,12.09,6840,10782
2026-03-09 15:00:00,1.65,1.54,2.67,25.83,6.07,4.02,3.2,39.14,24.01,24.97,23.32,24.34,25.33,23.56,25.13,25.89,24.41,19.65,20.12,19.06,13.64,14.09,13.27,11.83,11.96,11.69,11.74,11.81,11.72,12.09,12.1,12.09,6847,11030
2026-03-09 14:00:00,1.44,1.35,2.63,25.95,6.18,4.02,3.22,39.18,21.07,22.16,20.25,21.26,22.34,20.5,22.13,23.21,21.32,18.1,18.54,17.52,12.76,13.16,12.34,11.51,11.63,11.37,11.66,11.71,11.61,12.09,12.11,12.09,6847,11184
2026-03-09 13:00:00,1.42,1.28,2.68,26.16,6.27,4.02,3.24,39.22,18.95,20.62,17.41,18.99,20.71,17.42,19.65,21.43,18,16.36,17.48,15.33,11.96,12.33,11.62,11.26,11.37,11.14,11.61,11.61,11.61,12.11,12.15,12.09,6838,10652
2026-03-09 12:00:00,1.35,1.3,2.73,26.22,6.31,4.01,3.24,39.21,16.38,17.15,16.12,16.36,17.16,16.12,16.88,17.64,16.58,14.63,15.11,14.45,11.28,11.62,10.91,11.05,11.13,11.01,11.61,11.61,11.61,12.17,12.2,12.15,6838,10766
2026-03-09 11:00:00,1.37,1.3,2.75,26.56,6.4,4.02,3.24,39.21,15.26,16.45,13.4,15.18,16.37,13.39,15.66,16.94,13.74,13.33,14.33,12.07,10.55,10.84,10.32,10.99,11.01,10.94,11.61,11.61,11.61,12.21,12.21,12.2,6838,10372
2026-03-09 10:00:00,1.25,1.11,2.62,26.43,6.44,4.03,3.24,39.22,11.44,13.23,10.43,11.4,13.16,10.41,11.63,13.5,10.55,10.86,11.86,10.3,10.15,10.32,10.02,10.92,10.95,10.89,11.61,11.61,11.61,12.21,12.22,12.21,6826,10624
2026-03-09 09:00:00,1.17,1.03,2.58,26.59,6.47,4.03,3.24,39.23,10.03,10.77,8.89,9.93,10.67,8.89,10.03,10.79,8.93,9.81,10.31,9.13,9.88,9.96,9.82,10.9,10.92,10.89,11.65,11.72,11.61,12.26,12.31,12.22,6822,7118
2026-03-09 08:00:00,1.21,1.05,2.67,26.82,6.49,4.02,3.22,39.26,8.22,8.64,7.81,8.17,8.54,7.78,8.29,8.66,7.92,8.74,9.01,8.5,9.73,9.78,9.71,10.96,11.01,10.9,11.73,11.74,11.72,12.32,12.32,12.31,6542,6846
2026-03-09 07:00:00,1.28,1.15,2.73,27.08,6.53,4,3.24,39.29,7.54,7.72,7.35,7.52,7.71,7.31,7.65,7.83,7.47,8.29,8.43,8.14,9.63,9.71,9.6,11.01,11.01,11.01,11.81,11.85,11.74,12.35,12.42,12.32,6481,5535
2026-03-09 06:00:00,1.32,1.21,2.83,27.26,6.54,4.01,3.25,39.32,7.16,7.31,7,7.13,7.25,7,7.26,7.39,7.12,7.9,8.07,7.71,9.55,9.6,9.51,11.05,11.13,11.01,11.89,11.96,11.85,12.43,12.44,12.41,6484,0
2026-03-09 05:00:00,1.34,1.32,2.98,27.48,6.54,4.01,3.24,39.36,6.25,6.99,5.35,6.14,6.91,5.19,6.23,7,5.22,7.17,7.61,6.64,9.54,9.6,9.49,11.21,11.26,11.13,12,12.08,11.96,12.44,12.45,12.44,6486,0
2026-03-09 04:00:00,1.29,1.49,3.1,26.23,6.48,4.01,3.23,39.41,3.74,5.12,3.09,3.52,4.98,2.86,3.57,4.98,2.97,6.15,6.52,5.96,9.78,9.96,9.6,11.4,11.48,11.32,12.12,12.2,12.08,12.47,12.53,12.44,6497,0
2026-03-09 03:00:00,1.32,1.49,2.92,25.44,6.28,4.02,3.26,39.41,3.74,3.93,3.34,3.52,3.72,3.1,3.57,3.81,3.19,6.43,6.53,6.17,10.1,10.24,9.96,11.57,11.69,11.48,12.23,12.3,12.2,12.55,12.56,12.54,6510,0
2026-03-09 02:00:00,1.35,1.47,2.56,25.16,6.09,4.01,3.27,39.48,4.24,4.52,3.93,4.03,4.28,3.69,4.1,4.38,3.69,6.86,6.99,6.63,10.43,10.56,10.3,11.77,11.84,11.71,12.32,12.35,12.31,12.56,12.56,12.55,6524,0
2026-03-09 01:00:00,1.36,1.43,2.41,24.86,5.91,4.05,3.24,39.54,4.24,4.76,3.93,4.09,4.64,3.76,4.19,4.75,3.83,7.23,7.59,6.89,10.78,10.91,10.61,11.96,12.07,11.85,12.42,12.44,12.38,12.56,12.56,12.55,6537,0
2026-03-09 00:00:00,1.4,1.41,2.29,24.63,5.83,4.06,3.25,39.62,5.85,6.41,4.89,5.71,6.2,4.79,5.76,6.19,4.89,8.04,8.18,7.69,11.1,11.27,10.93,12.15,12.24,12.07,12.47,12.55,12.44,12.55,12.56,12.55,6530,0
2026-03-08 23:00:00,1.38,1.33,2.12,24.66,5.85,3.8,3.24,39.7,5.53,6.17,4.98,5.3,5.94,4.76,5.28,5.94,4.75,7.99,8.09,7.95,11.47,11.7,11.27,12.37,12.44,12.3,12.55,12.56,12.54,12.54,12.56,12.52,6566,0
2026-03-08 22:00:00,1.29,1.24,1.94,24.62,5.91,3.61,3.24,39.85,5.2,5.58,4.9,5.01,5.41,4.76,5.08,5.48,4.75,8.42,8.83,8.06,11.98,12.21,11.74,12.59,12.67,12.5,12.56,12.56,12.56,12.48,12.52,12.44,6577,0
2026-03-08 21:00:00,1.29,1.12,1.9,24.66,5.94,3.59,3.24,39.98,6.63,7.68,5.7,6.42,7.47,5.47,6.48,7.47,5.58,9.53,10.1,8.89,12.49,12.68,12.26,12.74,12.78,12.67,12.55,12.56,12.51,12.44,12.46,12.44,6602,0
2026-03-08 20:00:00,1.23,1.01,1.86,24.75,5.92,3.58,3.28,40.18,7.84,8.07,7.68,7.69,8.07,7.48,7.78,8.18,7.5,10.55,11.02,10.18,13.01,13.28,12.76,12.78,12.78,12.78,12.45,12.5,12.44,12.44,12.44,12.44,6635,0
2026-03-08 19:00:00,1.17,1.03,1.94,25,5.98,3.63,3.29,40.44,9.93,12.09,8.18,10.06,12.28,8.18,10.19,12.38,8.33,12.14,13.27,11.14,13.52,13.74,13.28,12.73,12.78,12.67,12.39,12.44,12.33,12.44,12.44,12.44,6697,0
2026-03-08 18:00:00,1.34,1.27,2.27,25.4,6.07,3.88,3.3,40.83,15.1,18.24,12.44,15.38,18.59,12.68,15.54,18.83,12.8,14.66,15.99,13.4,13.79,13.85,13.75,12.55,12.67,12.43,12.32,12.32,12.31,12.44,12.44,12.44,6820,7567
2026-03-08 17:00:00,1.7,1.61,2.81,26.91,6.27,3.99,3.31,41.46,21.96,24.39,19.32,22.05,24.38,19.65,22.31,24.68,19.89,17.15,17.76,16.35,13.56,13.75,13.33,12.34,12.43,12.22,12.25,12.31,12.21,12.44,12.44,12.44,6826,10026
2026-03-08 16:00:00,1.9,1.76,2.92,27.51,6.36,4.09,3.36,42.4,23.87,25.18,22.97,23.81,25.1,22.85,23.64,25.06,22.45,17.31,17.76,16.81,12.96,13.28,12.6,12.16,12.19,12.07,12.21,12.23,12.2,12.44,12.44,12.44,6838,10368
2026-03-08 15:00:00,1.79,1.69,2.94,27.78,6.44,4.18,3.44,43.85,20.27,24.04,16.82,20.22,23.91,16.82,20.07,23.09,17.41,15.47,16.84,14.45,12.28,12.57,12.1,12.07,12.08,12.07,12.2,12.21,12.2,12.44,12.44,12.44,6847,10416
2026-03-08 14:00:00,1.51,1.94,3.57,29.54,6.76,4.43,3.79,48.09,11.74,16.45,9.6,11.72,16.36,9.64,11.97,16.7,9.84,11.9,14.09,10.67,12.14,12.21,12.09,12.07,12.08,12.07,12.2,12.2,12.2,12.43,12.44,12.39,6847,10735
2026-03-08 13:00:00,1.41,1.36,2.53,24.42,5.83,4,3.33,38.15,13.41,14.11,11.35,13.47,14.22,11.38,13.84,14.6,11.64,13.57,13.98,12.33,12.5,12.57,12.33,12.04,12.1,11.96,12.2,12.2,12.2,12.44,12.46,12.44,6782,7036
2026-03-08 12:00:00,1.39,1.36,2.4,23.67,5.59,3.96,3.2,37.32,16.47,17.53,14.68,16.42,17.48,14.7,16.87,17.92,15.16,14.76,15.26,14.15,12.05,12.33,11.8,11.95,11.96,11.93,12.2,12.21,12.2,12.46,12.49,12.45,6820,7386
2026-03-08 11:00:00,1.34,1.18,2.24,23.6,5.54,3.94,3.19,37.31,14.29,15.85,13.85,14.26,15.75,13.84,14.54,16.03,14.1,13.1,13.9,12.68,11.59,11.74,11.41,11.86,11.9,11.84,12.2,12.22,12.2,12.49,12.53,12.47,6838,10498
2026-03-08 10:00:00,1.24,1.1,2.14,23.62,5.52,3.89,3.19,37.29,11.61,13.64,10.4,11.48,13.51,10.2,11.66,13.75,10.4,11.49,12.45,10.9,11.35,11.38,11.3,11.85,11.86,11.84,12.26,12.31,12.22,12.53,12.56,12.51,6826,10187
2026-03-08 09:00:00,1.22,1.08,2.04,23.45,5.5,3.83,3.2,37.29,10.04,10.31,9.77,9.99,10.2,9.72,10.14,10.33,9.95,10.72,10.9,10.54,11.27,11.29,11.27,11.92,11.96,11.88,12.32,12.32,12.31,12.55,12.56,12.55,6613,6909
2026-03-08 08:00:00,1.31,1.21,2.14,23.43,5.5,3.81,3.23,37.29,9.48,9.72,9.34,9.47,9.72,9.29,9.6,9.85,9.45,10.3,10.47,10.18,11.27,11.27,11.27,11.97,12.02,11.96,12.33,12.36,12.32,12.56,12.56,12.56,6533,6815
2026-03-08 07:00:00,1.38,1.22,2.21,23.48,5.5,3.72,3.2,37.29,9.16,9.27,9.01,9.15,9.29,9,9.28,9.45,9.13,10.09,10.18,9.99,11.28,11.3,11.27,12.05,12.07,11.99,12.43,12.44,12.38,12.56,12.57,12.56,6493,1922
2026-03-08 06:00:00,1.4,1.23,2.17,23.49,5.51,3.61,3.18,37.29,8.78,9,8.62,8.74,8.95,8.54,8.86,9.1,8.63,9.88,9.96,9.84,11.37,11.38,11.35,12.15,12.19,12.07,12.45,12.47,12.44,12.56,12.57,12.56,6497,0
2026-03-08 05:00:00,1.42,1.18,2,23.44,5.52,3.56,3.19,37.29,8.25,8.54,8.07,8.18,8.43,8.02,8.29,8.54,8.16,9.73,9.82,9.72,11.49,11.6,11.41,12.26,12.31,12.19,12.54,12.56,12.5,12.56,12.57,12.56,6506,0
2026-03-08 04:00:00,1.37,1.11,1.94,23.47,5.53,3.55,3.19,37.29,8.16,8.27,8.08,8.09,8.18,8.06,8.2,8.3,8.18,9.79,9.92,9.72,11.67,11.74,11.62,12.38,12.43,12.31,12.57,12.59,12.56,12.56,12.58,12.56,6519,0
2026-03-08 03:00:00,1.29,1.1,1.96,23.56,5.56,3.54,3.19,37.29,8.47,8.63,8.3,8.43,8.54,8.24,8.55,8.66,8.41,10.05,10.16,9.96,11.85,11.96,11.75,12.5,12.55,12.43,12.64,12.67,12.61,12.56,12.57,12.56,6530,0
2026-03-08 02:00:00,1.26,1.04,1.92,23.57,5.56,3.56,3.18,37.29,8.36,8.58,7.97,8.29,8.54,7.94,8.41,8.66,8.06,10.13,10.18,10.07,12.08,12.21,11.97,12.63,12.67,12.55,12.67,12.67,12.67,12.56,12.57,12.56,6542,0
2026-03-08 01:00:00,1.21,1.01,1.89,23.62,5.59,3.53,3.19,37.28,8.38,9.06,7.87,8.33,9.01,7.83,8.48,9.2,7.95,10.42,10.84,10.07,12.35,12.45,12.21,12.75,12.78,12.67,12.67,12.68,12.67,12.56,12.56,12.55,6550,0
2026-03-08 00:00:00,1.15,1.03,1.94,23.75,5.56,3.55,3.19,37.29,9.33,9.49,9.13,9.31,9.47,9.13,9.48,9.63,9.25,11.06,11.26,10.89,12.57,12.68,12.45,12.87,12.9,12.8,12.67,12.69,12.67,12.51,12.56,12.47,6542,0
2026-03-07 23:00:00,1.15,1.01,1.9,23.84,5.57,3.53,3.2,37.3,9.53,9.6,9.49,9.52,9.6,9.49,9.72,9.77,9.67,11.34,11.46,11.26,12.79,12.92,12.68,12.97,13.02,12.9,12.68,12.69,12.67,12.44,12.47,12.44,6577,0
2026-03-07 22:00:00,1.15,1,1.89,23.89,5.6,3.54,3.19,37.29,9.58,9.66,9.52,9.57,9.66,9.49,9.78,9.89,9.72,11.59,11.73,11.49,13.07,13.25,12.92,13.06,13.13,13.02,12.67,12.68,12.67,12.43,12.44,12.4,6588,0
2026-03-07 21:00:00,1.15,0.98,1.9,23.94,5.62,3.58,3.19,37.32,9.8,9.97,9.71,9.8,9.96,9.68,10.03,10.18,9.93,11.96,12.2,11.74,13.41,13.63,13.28,13.14,13.14,13.14,12.62,12.67,12.57,12.34,12.41,12.32,6604,0
2026-03-07 20:00:00,1.16,0.99,1.96,23.95,5.68,3.59,3.19,37.31,10.28,10.56,10.04,10.31,10.66,10.04,10.53,10.9,10.25,12.51,12.9,12.2,13.82,14,13.63,13.14,13.15,13.14,12.54,12.56,12.47,12.31,12.32,12.28,6631,0
2026-03-07 19:00:00,1.24,1.13,2.1,24.01,5.74,3.61,3.22,37.35,11.91,13.15,10.75,12,13.25,10.79,12.3,13.55,11.06,13.73,14.43,13.02,14.21,14.34,14.07,13.11,13.14,13.02,12.42,12.44,12.34,12.23,12.27,12.21,6688,0
2026-03-07 18:00:00,1.32,1.28,2.31,24.16,5.84,3.75,3.22,37.35,14.37,15.11,13.38,14.48,15.27,13.46,14.86,15.69,13.74,15.16,15.66,14.55,14.46,14.56,14.35,12.96,13.02,12.9,12.29,12.32,12.2,12.21,12.21,12.2,6809,8245
2026-03-07 17:00:00,1.37,1.32,2.48,24.41,5.89,3.86,3.21,37.39,16.57,18.6,15.18,16.73,18.78,15.32,17.27,19.45,15.76,16.47,17.44,15.75,14.54,14.58,14.46,12.74,12.84,12.61,12.14,12.2,12.08,12.16,12.21,12.1,6822,9990
2026-03-07 16:00:00,1.44,1.27,2.72,24.92,5.94,3.93,3.24,37.39,18.86,19.18,18.59,18.99,19.29,18.7,19.81,20.24,19.51,17.67,17.87,17.45,14.26,14.44,14.1,12.46,12.6,12.31,12,12.08,11.95,12.1,12.12,12.09,6838,10758
2026-03-07 15:00:00,1.41,1.22,2.78,25.08,5.98,3.92,3.24,37.39,18.37,18.62,18.12,18.52,18.77,18.23,19.23,19.5,18.94,17.25,17.41,17.15,13.94,14.1,13.75,12.16,12.31,11.99,11.87,11.93,11.85,12.09,12.1,12.09,6840,10664
2026-03-07 14:00:00,1.42,1.26,2.76,25.58,6.07,3.89,3.22,37.4,19.39,20.6,18.59,19.51,20.72,18.76,20.24,21.54,19.53,17.57,18,17.29,13.49,13.75,13.16,11.82,11.96,11.71,11.76,11.85,11.73,12.09,12.1,12.09,6838,10707
2026-03-07 13:00:00,1.55,1.38,2.68,26.36,6.13,3.91,3.23,37.42,21.67,22.49,20.72,21.8,22.49,20.84,22.71,23.32,21.66,18.03,18.23,17.76,12.62,13.1,12.1,11.51,11.62,11.42,11.72,11.73,11.7,12.09,12.1,12.09,6838,10491
2026-03-07 12:00:00,1.49,1.33,2.76,26.89,6.18,3.97,3.23,37.43,19.7,22.38,15.75,19.59,22.38,15.76,20.51,23.56,16.35,16.02,17.81,14.09,11.67,12.05,11.38,11.33,11.38,11.25,11.68,11.7,11.67,12.09,12.1,12.09,6847,10695
2026-03-07 11:00:00,1.37,1.37,2.82,26.78,6.2,3.99,3.25,37.46,14.43,15.4,13.57,14.48,15.4,13.62,15,15.98,14.1,13.3,13.9,12.65,11.06,11.3,10.83,11.23,11.25,11.17,11.68,11.71,11.65,12.1,12.13,12.09,6838,10904
2026-03-07 10:00:00,1.31,1.2,2.76,26.88,6.23,4,3.25,37.43,13.31,13.78,12.89,13.34,13.8,12.92,13.86,14.35,13.39,12.11,12.44,11.73,10.61,10.79,10.44,11.14,11.17,11.13,11.71,11.73,11.69,12.15,12.18,12.12,6838,10751
2026-03-07 09:00:00,1.17,1.07,2.72,26.98,6.29,4.01,3.28,37.4,11.78,14.2,8.78,11.61,13.98,8.66,12.12,14.73,8.85,10.55,11.61,9.25,10.35,10.44,10.32,11.15,11.21,11.13,11.73,11.73,11.73,12.19,12.21,12.17,6824,9514
2026-03-07 08:00:00,1.16,1.06,2.96,26.25,6.25,4.03,3.29,37.37,8.13,8.54,7.96,8.06,8.42,7.95,8.18,8.55,8.06,9.03,9.13,9,10.39,10.44,10.33,11.24,11.25,11.21,11.75,11.79,11.73,12.21,12.21,12.21,6573,6878
2026-03-07 07:00:00,1.17,1.12,3.05,26.45,6.24,4.04,3.26,37.37,8,8.07,7.96,7.97,8.06,7.95,8.11,8.18,8.07,9.03,9.07,9.01,10.44,10.47,10.44,11.25,11.28,11.25,11.83,11.85,11.8,12.21,12.21,12.21,6484,2178
2026-03-07 06:00:00,1.26,1.21,3.18,26.69,6.23,4.05,3.26,37.38,7.83,8.12,7.5,7.78,8.07,7.48,7.89,8.18,7.59,9,9.1,8.89,10.54,10.58,10.47,11.35,11.37,11.32,11.85,11.85,11.85,12.22,12.24,12.21,6484,0
2026-03-07 05:00:00,1.29,1.21,3.14,26.76,6.24,4.06,3.28,37.38,7.57,7.81,7.48,7.53,7.73,7.45,7.63,7.84,7.54,9.07,9.22,8.96,10.65,10.68,10.59,11.41,11.47,11.37,11.88,11.94,11.85,12.27,12.31,12.24,6486,0
2026-03-07 04:00:00,1.26,1.13,3.01,27.14,6.26,4.05,3.31,37.36,8.23,8.43,7.86,8.22,8.42,7.85,8.36,8.58,7.95,9.47,9.6,9.25,10.75,10.79,10.68,11.48,11.48,11.48,11.95,11.96,11.94,12.32,12.32,12.28,6490,0
2026-03-07 03:00:00,1.29,1.19,3.22,27.71,6.32,4.06,3.31,37.34,8.4,8.46,8.31,8.4,8.45,8.31,8.58,8.63,8.54,9.59,9.6,9.55,10.79,10.8,10.78,11.5,11.56,11.48,11.97,11.99,11.96,12.32,12.32,12.32,6497,0
2026-03-07 02:00:00,1.44,1.19,3.37,27.9,6.32,4.05,3.26,37.34,8.22,8.3,8.18,8.23,8.3,8.18,8.43,8.53,8.39,9.49,9.55,9.47,10.86,10.91,10.8,11.6,11.6,11.59,12.05,12.08,11.99,12.32,12.32,12.32,6506,0
2026-03-07 01:00:00,1.38,1.15,3.16,27.18,6.17,4.03,3.24,37.34,8.21,8.3,8.18,8.22,8.3,8.18,8.42,8.45,8.42,9.58,9.6,9.49,10.92,10.96,10.91,11.67,11.72,11.62,12.08,12.08,12.08,12.32,12.33,12.32,6524,0
2026-03-07 00:00:00,1.33,1.08,2.99,26.97,6.17,4.01,3.26,37.34,8.18,8.21,8.18,8.18,8.21,8.18,8.4,8.42,8.32,9.6,9.6,9.59,11.05,11.14,11,11.74,11.8,11.72,12.09,12.11,12.08,12.33,12.34,12.32,6524,0
2026-03-06 23:00:00,1.31,1.17,3.11,27.49,6.22,4.01,3.26,37.34,8.02,8.14,7.96,8,8.13,7.96,8.19,8.3,8.16,9.61,9.64,9.6,11.18,11.27,11.14,11.84,11.86,11.82,12.14,12.17,12.11,12.34,12.35,12.32,6550,0
2026-03-06 22:00:00,1.29,1.14,3.02,27.22,6.14,4.01,3.25,37.33,8.03,8.07,7.95,8.01,8.07,7.95,8.17,8.2,8.07,9.7,9.75,9.68,11.34,11.39,11.27,11.93,11.96,11.88,12.19,12.2,12.19,12.35,12.37,12.33,6577,0
2026-03-06 21:00:00,1.32,1.13,3.04,27.52,6.13,3.98,3.25,37.34,8.13,8.31,7.91,8.13,8.3,7.92,8.31,8.54,8.07,9.95,10.08,9.8,11.53,11.62,11.42,11.98,12.02,11.96,12.2,12.2,12.19,12.35,12.38,12.34,6595,0
2026-03-06 20:00:00,1.27,1.11,2.96,26.94,6,3.96,3.26,37.34,8.43,8.55,8.35,8.46,8.66,8.35,8.68,8.89,8.54,10.3,10.55,10.14,11.72,11.83,11.62,12.06,12.07,12.03,12.2,12.2,12.19,12.36,12.39,12.35,6626,0
2026-03-06 19:00:00,1.14,1.02,2.34,25.28,5.95,3.95,3.25,37.32,9.2,9.96,8.66,9.27,10.08,8.7,9.55,10.33,9.01,10.92,11.37,10.55,11.88,11.95,11.84,12.06,12.07,12.05,12.2,12.2,12.19,12.38,12.4,12.36,6677,0
2026-03-06 18:00:00,1.18,1.08,2.49,25.53,6.05,3.94,3.26,37.33,11.07,11.78,10.14,11.12,11.82,10.2,11.44,12.12,10.54,11.79,12.01,11.43,11.94,11.97,11.89,12.03,12.07,11.99,12.19,12.2,12.19,12.39,12.41,12.38,6778,7028
2026-03-06 17:00:00,1.18,1.12,2.54,25.61,6.05,3.98,3.25,37.33,11.32,11.64,11.14,11.34,11.69,11.15,11.63,11.97,11.49,11.78,11.96,11.73,11.88,11.91,11.87,11.98,12.03,11.96,12.18,12.2,12.16,12.42,12.44,12.41,6824,10254
2026-03-06 16:00:00,1.18,1.1,2.55,25.69,6.08,3.98,3.26,37.33,11.32,11.73,11.16,11.34,11.73,11.17,11.66,12.09,11.49,11.81,12,11.73,11.89,11.93,11.86,11.96,11.96,11.95,12.16,12.18,12.15,12.43,12.44,12.42,6822,9967
2026-03-06 15:00:00,1.23,1.12,2.6,25.86,6.14,3.98,3.27,37.34,11.7,11.97,11.52,11.73,12.01,11.6,12.1,12.44,11.97,12.02,12.2,11.96,11.86,11.87,11.85,11.92,11.96,11.87,12.14,12.16,12.11,12.44,12.44,12.43,6826,10301
2026-03-06 14:00:00,1.26,1.19,2.61,26.09,6.22,3.98,3.29,37.36,11.96,12.26,11.38,12.03,12.32,11.5,12.49,12.8,11.94,12.18,12.32,11.97,11.75,11.83,11.68,11.84,11.86,11.84,12.16,12.19,12.15,12.44,12.44,12.44,6826,10364
2026-03-06 13:00:00,1.26,1.16,2.67,26.31,6.25,3.99,3.31,37.38,12.29,12.8,11.38,12.38,12.92,11.5,12.86,13.39,11.97,12.34,12.45,11.97,11.52,11.66,11.38,11.84,11.84,11.83,12.18,12.2,12.16,12.44,12.44,12.44,6826,10707
2026-03-06 12:00:00,1.21,1.12,2.67,26.67,6.27,4.01,3.32,37.42,11.58,12.57,10.65,11.64,12.68,10.69,12.1,13.15,11.15,11.7,12.31,11.14,11.28,11.38,11.18,11.84,11.84,11.83,12.2,12.21,12.2,12.45,12.47,12.44,6826,10896
2026-03-06 11:00:00,1.12,1.05,2.82,26.81,6.07,4.05,3.34,37.47,9.66,10.59,9.06,9.78,10.67,9.25,10.22,11.14,9.47,10.65,11.03,10.4,11.15,11.16,11.12,11.84,11.84,11.84,12.22,12.29,12.2,12.48,12.5,12.45,6826,10534
2026-03-06 10:00:00,1.19,1.17,3.36,27.44,6.09,4.11,3.35,37.52,8.54,9.01,8.02,8.6,9.14,8.07,8.92,9.38,8.41,10.01,10.31,9.6,11.13,11.15,11.11,11.89,11.95,11.84,12.3,12.32,12.27,12.51,12.53,12.49,6822,7745
2026-03-06 09:00:00,1.38,1.35,3.96,28.02,6.05,4.09,3.37,37.53,7.72,7.96,7.59,7.76,8.01,7.59,8.05,8.31,7.88,9.43,9.6,9.37,11.21,11.27,11.15,11.98,12.04,11.96,12.32,12.33,12.32,12.54,12.56,12.52,6648,6961
2026-03-06 08:00:00,1.26,1.17,3.34,27.06,5.96,4.08,3.39,37.67,7.65,7.82,7.59,7.66,7.83,7.59,7.94,8.07,7.87,9.48,9.6,9.39,11.38,11.48,11.27,12.09,12.17,12.07,12.38,12.43,12.33,12.56,12.56,12.55,6510,6772
2026-03-06 07:00:00,1.3,1.23,3.51,27.59,5.96,4.09,3.33,38,8.25,8.54,7.87,8.27,8.54,7.91,8.5,8.77,8.16,9.89,10.07,9.64,11.55,11.62,11.49,12.19,12.22,12.18,12.44,12.44,12.43,12.56,12.56,12.55,6488,890
2026-03-06 06:00:00,1.25,1.17,3.2,27.26,5.96,4.07,3.35,39.33,8.66,9.37,8.42,8.67,9.37,8.42,8.89,9.56,8.66,10.18,10.44,10.07,11.68,11.74,11.62,12.28,12.31,12.23,12.45,12.47,12.44,12.56,12.56,12.56,6495,0
2026-03-06 05:00:00,1.26,1.15,2.92,26.08,5.77,3.98,3.28,38.13,9.98,10.08,9.6,9.9,9.97,9.6,9.97,10.08,9.72,10.63,10.67,10.55,11.81,11.86,11.74,12.37,12.43,12.31,12.53,12.56,12.5,12.56,12.56,12.56,6502,0
2026-03-06 04:00:00,1.14,1.05,2.62,24.83,5.57,3.87,3.2,37.31,9.68,9.93,9.37,9.59,9.85,9.34,9.63,9.93,9.34,10.53,10.78,10.38,11.96,12.07,11.86,12.44,12.49,12.43,12.56,12.56,12.56,12.56,12.56,12.56,6510,0
2026-03-06 03:00:00,1.15,1.05,2.69,24.88,5.54,3.83,3.21,37.33,10.02,10.31,9.88,9.96,10.2,9.83,9.98,10.24,9.84,10.84,11.02,10.75,12.13,12.21,12.09,12.54,12.55,12.51,12.56,12.56,12.56,12.55,12.56,12.53,6524,0
2026-03-06 02:00:00,1.15,1.04,2.77,25.08,5.55,3.84,3.22,37.34,10.54,10.68,10.34,10.46,10.55,10.3,10.42,10.57,10.28,11.16,11.26,11.02,12.27,12.33,12.21,12.61,12.67,12.55,12.57,12.6,12.56,12.5,12.53,12.45,6537,0
2026-03-06 01:00:00,1.19,1.12,2.86,25.38,5.59,3.85,3.23,37.4,10.76,10.8,10.68,10.68,10.79,10.55,10.75,10.83,10.65,11.37,11.39,11.3,12.39,12.45,12.33,12.69,12.75,12.67,12.59,12.6,12.57,12.45,12.47,12.44,6550,0
2026-03-06 00:00:00,1.25,1.18,2.96,25.59,5.55,3.8,3.24,37.43,10.6,10.79,10.42,10.53,10.74,10.31,10.58,10.79,10.31,11.32,11.38,11.26,12.59,12.68,12.45,12.78,12.8,12.78,12.57,12.61,12.56,12.44,12.44,12.44,6542,0
2026-03-05 23:00:00,1.24,1.16,2.83,25.96,5.57,3.83,3.26,37.55,10.71,11.08,10.43,10.65,11.03,10.42,10.7,11.14,10.43,11.65,11.97,11.38,12.82,12.92,12.7,12.87,12.9,12.81,12.56,12.57,12.56,12.4,12.44,12.35,6577,0
2026-03-05 22:00:00,1.3,1.23,3,26.98,5.7,3.89,3.32,38.13,11.24,11.26,11.16,11.22,11.26,11.14,11.34,11.38,11.26,12.1,12.2,12.04,13.04,13.16,12.92,12.9,12.92,12.9,12.55,12.56,12.51,12.32,12.33,12.32,6588,0
2026-03-05 21:00:00,1.36,1.33,3.26,26.08,5.39,3.7,3.24,37.64,11.27,11.37,11.26,11.26,11.28,11.25,11.38,11.42,11.38,12.33,12.44,12.2,13.3,13.42,13.16,12.97,13,12.93,12.45,12.53,12.44,12.27,12.32,12.22,6604,0
2026-03-05 20:00:00,1.24,1.08,1.9,22.16,5.19,3.39,3.22,37.37,11.54,11.85,11.38,11.49,11.73,11.35,11.5,11.73,11.38,12.61,12.8,12.44,13.65,13.85,13.51,12.96,13,12.92,12.35,12.44,12.32,12.21,12.21,12.21,6628,0
2026-03-05 19:00:00,1.31,1.15,1.94,22.13,5.23,3.4,3.2,37.42,12.3,12.8,11.73,12.25,12.8,11.6,12.34,13.02,11.61,13.36,13.86,12.85,14.05,14.22,13.87,12.88,12.92,12.78,12.22,12.3,12.13,12.17,12.21,12.12,6680,0
2026-03-05 18:00:00,1.31,1.19,2.06,22.31,5.3,3.47,3.2,37.47,14.01,14.96,12.92,14.09,15.15,12.92,14.44,15.63,13.15,14.83,15.56,13.98,14.39,14.47,14.27,12.69,12.78,12.55,12.04,12.11,11.96,12.09,12.13,12.09,6773,6969
2026-03-05 17:00:00,1.33,1.27,2.2,22.51,5.36,3.74,3.21,37.46,16.21,16.94,15.18,16.46,17.29,15.4,17.09,18.12,15.87,16.45,17.27,15.75,14.49,14.52,14.46,12.39,12.55,12.19,11.88,11.96,11.82,12.09,12.09,12.09,6824,10124
2026-03-05 16:00:00,1.42,1.26,2.36,23.41,5.37,3.85,3.2,37.47,19.47,22.01,17.08,19.99,22.61,17.42,21,23.63,18.34,18.33,19.08,17.41,14.18,14.45,13.87,11.98,12.19,11.81,11.73,11.8,11.67,12.09,12.09,12.09,6838,10534
2026-03-05 15:00:00,1.61,1.46,2.65,24.19,5.35,3.86,3.22,37.49,22.23,23.67,20.72,22.82,24.26,21.19,24.29,25.85,22.72,18.78,19.06,18.35,13.39,13.83,12.94,11.57,11.73,11.38,11.61,11.63,11.6,12.09,12.09,12.09,6847,11381
2026-03-05 14:00:00,1.5,1.35,2.59,24.68,5.38,3.87,3.23,37.54,21.7,22.83,19.89,22.36,23.56,20.42,23.64,24.81,21.64,18.16,18.45,17.41,12.31,12.87,11.77,11.23,11.37,11.11,11.55,11.6,11.49,12.09,12.09,12.09,6844,11200
2026-03-05 13:00:00,1.39,1.32,2.63,24.79,5.38,3.91,3.23,37.55,16.9,20.97,14.92,17.19,21.49,15.13,18.02,22.49,15.99,15.19,17.04,14.32,11.38,11.74,11.04,10.98,11.08,10.89,11.49,11.5,11.49,12.09,12.1,12.09,6847,10944
2026-03-05 12:00:00,1.32,1.27,2.59,24.97,5.41,3.94,3.24,37.56,15.34,15.99,14.34,15.46,16.11,14.41,16.2,16.84,15.04,13.83,14.36,12.8,10.61,10.92,10.32,10.88,10.89,10.86,11.49,11.5,11.49,12.12,12.15,12.1,6826,10621
2026-03-05 11:00:00,1.23,1.11,2.38,25.1,5.4,3.97,3.25,37.52,12.04,13.74,10.67,12.07,13.85,10.68,12.54,14.33,11.14,11.4,12.45,10.55,10.08,10.32,9.93,10.81,10.88,10.77,11.49,11.5,11.49,12.18,12.21,12.13,6838,10940
2026-03-05 10:00:00,1.14,1.01,2.3,25.18,5.38,3.98,3.26,37.49,9.78,10.49,9.13,9.82,10.55,9.18,10.18,10.91,9.47,9.91,10.43,9.43,9.79,9.91,9.72,10.77,10.79,10.77,11.54,11.6,11.5,12.21,12.21,12.21,6822,9907
2026-03-05 09:00:00,1.13,1,2.31,25.34,5.37,3.99,3.27,37.51,8.52,9.12,7.97,8.52,9.13,7.95,8.71,9.37,8.07,8.94,9.35,8.57,9.6,9.71,9.54,10.82,10.88,10.77,11.6,11.61,11.59,12.25,12.32,12.21,6742,7051
2026-03-05 08:00:00,1.2,1.06,2.43,25.62,5.36,3.98,3.27,37.47,7.26,7.84,6.84,7.25,7.79,6.85,7.42,7.95,7,8.16,8.52,7.95,9.5,9.54,9.49,10.89,10.89,10.88,11.65,11.73,11.61,12.32,12.32,12.3,6548,6839
2026-03-05 07:00:00,1.24,1.13,2.55,25.96,5.36,3.99,3.27,37.46,6.7,6.78,6.65,6.7,6.78,6.65,6.91,7,6.86,7.8,7.95,7.71,9.49,9.49,9.47,10.98,11.01,10.91,11.74,11.79,11.72,12.37,12.43,12.32,6481,2095
2026-03-05 06:00:00,1.26,1.21,2.68,26.35,5.36,3.98,3.25,37.45,6.42,6.66,5.82,6.37,6.65,5.7,6.47,6.88,5.77,7.42,7.71,7.01,9.47,9.49,9.45,11.1,11.17,11.02,11.83,11.85,11.8,12.44,12.44,12.44,6481,0
2026-03-05 05:00:00,1.2,1.27,2.81,26.47,5.35,4,3.26,37.48,5.69,5.74,5.58,5.6,5.68,5.52,5.66,5.71,5.58,6.97,7,6.88,9.49,9.5,9.49,11.28,11.37,11.22,11.93,11.96,11.87,12.46,12.49,12.44,6475,0
2026-03-05 04:00:00,1.2,1.3,2.84,26.72,5.36,4,3.24,37.48,5.1,5.58,4.53,4.99,5.47,4.4,5.02,5.51,4.4,6.59,6.86,6.33,9.6,9.72,9.51,11.46,11.56,11.37,12.07,12.11,11.98,12.55,12.56,12.51,6475,0
2026-03-05 03:00:00,1.23,1.39,3.08,26.79,5.34,4.02,3.26,37.52,3.75,4.36,3.34,3.54,4.17,3.12,3.54,4.23,3.1,6.11,6.29,6.05,9.9,10.08,9.72,11.66,11.75,11.59,12.19,12.26,12.12,12.56,12.57,12.56,6481,0
2026-03-05 02:00:00,1.23,1.41,3.16,26.8,5.36,4.01,3.27,37.52,3.65,3.92,3.45,3.4,3.66,3.22,3.39,3.58,3.22,6.37,6.64,6.17,10.3,10.49,10.08,11.88,11.96,11.79,12.31,12.33,12.27,12.62,12.67,12.58,6493,0
2026-03-05 01:00:00,1.23,1.42,3.25,26.84,5.33,4.04,3.25,37.55,4.27,4.64,3.99,4.01,4.42,3.7,3.96,4.42,3.69,6.99,7.47,6.65,10.73,10.91,10.56,12.08,12.19,11.96,12.41,12.44,12.34,12.67,12.68,12.66,6502,0
2026-03-05 00:00:00,1.27,1.79,3.26,26.72,5.35,4.03,3.23,37.61,5.86,6.77,4.87,5.69,6.65,4.64,5.72,6.77,4.64,8.13,8.6,7.59,11.08,11.26,10.91,12.23,12.31,12.19,12.47,12.54,12.44,12.68,12.68,12.68,6510,0
2026-03-04 23:00:00,1.37,2.41,3.02,26.6,5.4,3.99,3.24,37.72,7.31,7.61,6.85,7.27,7.59,6.77,7.38,7.73,6.88,8.89,9.13,8.66,11.35,11.49,11.26,12.37,12.43,12.31,12.56,12.56,12.55,12.68,12.68,12.68,6550,0
2026-03-04 22:00:00,1.37,2.33,3.04,26.96,5.46,4,3.26,37.88,7.64,7.71,7.61,7.61,7.69,7.59,7.81,7.83,7.75,9.33,9.47,9.14,11.59,11.74,11.5,12.5,12.55,12.43,12.64,12.67,12.59,12.68,12.68,12.68,6550,0
2026-03-04 21:00:00,1.44,2.38,3.12,27.72,5.59,4.03,3.3,38.27,7.88,7.96,7.71,7.87,7.96,7.71,8.03,8.17,7.84,9.51,9.6,9.45,11.86,11.99,11.74,12.64,12.7,12.55,12.67,12.7,12.67,12.68,12.68,12.68,6577,0
2026-03-04 20:00:00,1.55,2.54,3.35,28.39,5.71,4.02,3.33,39.24,7.83,7.95,7.71,7.84,7.95,7.71,8.03,8.16,7.95,9.64,9.72,9.6,12.24,12.45,12.08,12.81,12.9,12.74,12.71,12.73,12.69,12.68,12.68,12.67,6595,0
2026-03-04 19:00:00,1.65,2.64,3.63,27.65,5.9,4.05,3.32,40.49,7.88,7.95,7.83,7.9,7.95,7.85,8.1,8.18,8.07,9.95,10.07,9.81,12.71,12.92,12.48,12.95,13.01,12.9,12.69,12.72,12.67,12.65,12.68,12.63,6631,0
2026-03-04 18:00:00,1.51,2.4,3.43,20.35,5.34,3.86,3.81,38.79,8.59,9.49,7.94,8.65,9.6,7.95,8.98,9.96,8.18,11.14,12.08,10.13,13.35,13.63,13.02,13.01,13.02,12.97,12.66,12.67,12.61,12.62,12.64,12.59,6691,468
2026-03-04 17:00:00,1.29,1.88,3,16.16,4.98,3.62,3.85,37.23,10.22,11.5,9.72,10.26,11.53,9.82,10.71,12.15,10.18,12.74,13.74,12.2,13.85,13.98,13.63,12.9,12.95,12.84,12.57,12.61,12.56,12.61,12.63,12.59,6813,7686
2026-03-04 16:00:00,1.31,1.23,2.15,13.57,4.87,3.54,3.81,37.23,15.64,17.04,12.28,15.82,17.29,12.39,16.47,17.92,12.98,16,16.7,14.21,13.95,13.98,13.87,12.72,12.8,12.65,12.48,12.56,12.44,12.61,12.62,12.6,6822,7122
2026-03-04 15:00:00,1.33,1.17,2.15,13.64,4.85,3.67,3.79,37.23,17.32,19.09,16.83,17.57,19.42,17.04,18.32,20.36,17.76,17,18,16.68,13.67,13.87,13.39,12.49,12.59,12.43,12.44,12.44,12.42,12.61,12.64,12.58,6840,10628
2026-03-04 14:00:00,1.41,1.3,2.37,13.83,4.81,3.68,3.8,37.24,19.8,21.54,16.34,19.92,21.67,16.34,20.63,22.63,16.7,17.19,18.45,15.06,13.01,13.3,12.8,12.3,12.41,12.21,12.38,12.42,12.35,12.62,12.65,12.6,6826,10006
2026-03-04 13:00:00,1.33,1.26,2.15,13.6,4.82,3.65,3.7,37.19,16.57,17.51,15.87,16.6,17.51,15.87,17.01,18,16.28,15.32,15.75,14.99,12.58,12.8,12.37,12.15,12.19,12.07,12.33,12.36,12.33,12.66,12.68,12.61,6838,10361
2026-03-04 12:00:00,1.3,1.28,2.06,13.55,4.82,3.63,3.59,37.21,16.27,16.94,15.63,16.27,16.94,15.64,16.65,17.33,15.94,14.72,15.02,14.45,12.15,12.34,11.97,12.04,12.07,11.98,12.33,12.35,12.32,12.68,12.68,12.67,6826,10230
2026-03-04 11:00:00,1.3,1.22,2.02,13.45,4.8,3.62,3.58,37.24,14.99,15.87,14.68,14.94,15.79,14.64,15.23,16.11,14.91,13.65,14.12,13.47,11.74,11.92,11.52,11.96,11.97,11.96,12.35,12.39,12.33,12.68,12.69,12.68,6838,10427
2026-03-04 10:00:00,1.3,1.22,2.01,13.56,4.75,3.64,3.68,37.25,16,16.82,14.22,15.77,16.59,13.99,16.11,16.93,14.24,13.43,13.98,12.2,11.23,11.5,11.03,11.96,11.96,11.96,12.42,12.44,12.37,12.68,12.69,12.68,6822,8312
2026-03-04 09:00:00,1.16,0.96,1.75,13.34,4.69,3.45,3.67,37.25,10.68,13.62,9.47,10.45,13.39,9.22,10.49,13.59,9.31,10.36,11.79,9.72,10.94,11.01,10.91,12.02,12.07,11.96,12.44,12.46,12.44,12.7,12.72,12.68,6822,7299
2026-03-04 08:00:00,1.15,0.95,1.7,13.26,4.71,3.51,3.6,37.21,8.34,9.26,7.59,8.2,9.09,7.48,8.25,9.14,7.47,9.16,9.64,8.8,10.98,11.13,10.91,12.14,12.19,12.07,12.54,12.56,12.48,12.77,12.8,12.74,6533,6803
2026-03-04 07:00:00,1.16,0.91,1.68,13.13,4.72,3.54,3.36,37.22,7.5,7.63,7.41,7.32,7.48,7.24,7.32,7.44,7.24,8.84,9.01,8.77,11.21,11.32,11.15,12.26,12.31,12.19,12.59,12.66,12.56,12.8,12.8,12.8,6495,2013
2026-03-04 06:00:00,1.13,0.89,1.62,13.23,4.72,3.46,3.15,37.24,8.22,8.45,7.71,8.04,8.3,7.56,8,8.22,7.47,9.35,9.49,9.02,11.41,11.5,11.36,12.38,12.43,12.31,12.67,12.68,12.67,12.8,12.8,12.8,6502,0
2026-03-04 05:00:00,1.1,0.91,1.64,13.12,4.75,3.46,3.15,37.26,8.62,8.78,8.43,8.43,8.54,8.27,8.37,8.52,8.18,9.63,9.72,9.49,11.57,11.62,11.5,12.5,12.55,12.43,12.74,12.8,12.69,12.8,12.8,12.8,6510,0
2026-03-04 04:00:00,1.13,0.92,1.64,13.07,4.74,3.46,3.17,37.28,8.83,8.89,8.79,8.55,8.57,8.54,8.5,8.54,8.47,9.72,9.72,9.71,11.72,11.8,11.62,12.63,12.67,12.55,12.8,12.82,12.8,12.81,12.83,12.8,6522,0
2026-03-04 03:00:00,1.11,0.9,1.65,13.05,4.77,3.44,3.17,37.28,8.75,8.87,8.66,8.47,8.55,8.39,8.35,8.46,8.3,9.74,9.84,9.72,11.91,12.02,11.84,12.77,12.82,12.68,12.89,12.91,12.84,12.81,12.84,12.8,6533,0
2026-03-04 02:00:00,1.11,0.91,1.66,13.04,4.77,3.48,3.15,37.28,8.75,8.84,8.66,8.49,8.54,8.42,8.41,8.43,8.39,9.91,9.96,9.84,12.16,12.31,12.06,12.92,13.02,12.86,12.96,13.02,12.91,12.81,12.82,12.8,6542,0
2026-03-04 01:00:00,1.12,0.93,1.66,13.02,4.78,3.49,3.15,37.27,9.07,9.37,8.68,8.78,9.12,8.43,8.65,8.91,8.42,10.18,10.41,9.99,12.46,12.58,12.33,13.07,13.14,13.02,13.03,13.03,13.01,12.8,12.8,12.8,6550,0
2026-03-04 00:00:00,1.15,0.96,1.7,13.04,4.73,3.56,3.17,37.25,10.55,11.98,9.49,10.22,11.61,9.22,9.9,11.17,9.01,10.83,11.35,10.43,12.78,12.92,12.66,13.22,13.28,13.14,13.05,13.08,13.03,12.8,12.8,12.8,6546,0
2026-03-03 23:00:00,1.28,1.08,1.84,13.21,4.73,3.63,3.18,37.25,13.06,13.39,12.4,12.77,13.15,12.07,12.38,12.8,11.6,11.76,11.94,11.49,13.1,13.28,12.92,13.39,13.49,13.32,13.08,13.1,13.07,12.74,12.8,12.69,6577,0
2026-03-03 22:00:00,1.25,1.04,1.74,13.18,4.77,3.54,3.17,37.27,11.92,12.55,11.61,11.48,12.1,11.15,10.96,11.61,10.67,11.62,11.97,11.49,13.51,13.75,13.28,13.53,13.61,13.49,13.04,13.07,13.03,12.68,12.69,12.68,6588,0
2026-03-03 21:00:00,1.29,1.15,1.89,13.16,4.82,3.61,3.14,37.29,13.43,14.93,12.09,13.19,14.75,11.73,12.89,14.47,11.35,12.86,13.66,12.09,13.97,14.21,13.75,13.62,13.68,13.61,13.02,13.04,12.98,12.65,12.68,12.58,6602,0
2026-03-03 20:00:00,1.33,1.29,2.03,13.24,4.89,3.7,3.16,37.31,15.25,15.43,15.04,15.05,15.28,14.81,14.79,15,14.57,14,14.29,13.8,14.45,14.69,14.22,13.7,13.72,13.67,12.91,12.98,12.88,12.56,12.59,12.56,6626,0
2026-03-03 19:00:00,1.32,1.32,2.12,13.32,4.96,3.76,3.16,37.3,16.41,17.73,15.32,16.28,17.64,15.16,16.11,17.53,14.92,15.31,16.34,14.44,14.99,15.17,14.75,13.63,13.7,13.6,12.8,12.87,12.74,12.54,12.56,12.49,6675,0
2026-03-03 18:00:00,1.43,1.3,2.42,13.67,4.99,3.95,3.16,37.34,19.56,20.6,18.04,19.46,20.49,17.98,19.5,20.6,17.87,17.62,18.35,16.58,15.28,15.34,15.17,13.49,13.61,13.38,12.64,12.7,12.56,12.45,12.48,12.44,6813,8253
2026-03-03 17:00:00,1.5,1.38,2.39,13.97,5.05,4.18,3.17,37.34,21.48,22.26,20.72,21.39,22.15,20.62,21.52,22.37,20.72,18.88,19.42,18.45,15.37,15.4,15.31,13.26,13.38,13.14,12.49,12.56,12.43,12.44,12.44,12.43,6838,10317
2026-03-03 16:00:00,1.62,1.43,2.37,14.23,5.12,4.01,3.19,37.36,23.52,24.17,22.61,23.5,24.15,22.51,23.68,24.31,22.73,19.95,20.12,19.59,15.22,15.29,15.07,12.93,13.12,12.78,12.33,12.41,12.26,12.42,12.44,12.41,6838,10412
2026-03-03 15:00:00,1.7,1.56,2.48,14.41,5.15,3.98,3.19,37.38,24.78,24.98,24.16,24.89,25.1,24.23,25.38,25.69,24.5,20.73,20.84,20.36,14.81,15.05,14.56,12.56,12.77,12.4,12.18,12.25,12.11,12.41,12.42,12.39,6842,10569
2026-03-03 14:00:00,1.65,1.52,2.46,14.56,5.13,3.98,3.19,37.38,24.63,25.07,24.27,24.82,25.21,24.51,25.33,25.8,24.98,20.62,20.84,20.36,14.13,14.46,13.75,12.17,12.32,11.98,12.08,12.09,12.05,12.41,12.43,12.39,6847,10936
2026-03-03 13:00:00,1.58,1.4,2.37,14.56,5.09,3.91,3.23,37.37,23.86,24.39,23.32,24.1,24.62,23.56,24.75,25.12,24.38,20.06,20.36,19.65,13.24,13.67,12.8,11.83,11.96,11.71,12,12.05,11.96,12.43,12.44,12.42,6849,10936
2026-03-03 12:00:00,1.53,1.31,2.34,14.63,5.1,3.84,3.25,37.38,22.2,23.32,21.18,22.34,23.49,21.31,23.17,24.27,22.24,18.6,19.53,17.76,12.32,12.73,11.86,11.56,11.68,11.48,11.96,11.97,11.96,12.44,12.44,12.44,6847,10936
2026-03-03 11:00:00,1.41,1.28,2.34,14.77,5.01,3.79,3.24,37.4,21.32,21.78,20.86,21.42,21.91,20.96,22.51,23.05,21.97,17.29,18,16.59,11.33,11.75,10.87,11.42,11.48,11.37,11.96,11.98,11.96,12.44,12.44,12.44,6838,10498
2026-03-03 10:00:00,1.33,1.18,2.26,14.85,4.95,3.79,3.23,37.42,19.92,21.31,16.45,19.74,21.19,16.23,20.87,22.43,17.04,14.72,16.45,12.42,10.37,10.79,10.08,11.41,11.48,11.37,11.96,11.97,11.96,12.44,12.47,12.44,6838,10727
2026-03-03 09:00:00,1.22,1.06,1.86,14.53,5.17,3.77,3.22,37.43,12.15,15.64,8.72,11.9,15.4,8.54,12.56,16.28,8.87,10.2,11.97,8.37,9.9,10.04,9.85,11.51,11.6,11.48,11.99,12.08,11.96,12.47,12.52,12.44,6826,10108
2026-03-03 08:00:00,1.36,1.27,1.92,14.3,5,3.68,3.19,37.42,5.82,8.08,4.54,5.6,7.95,4.3,5.67,8.16,4.28,6.96,8.06,6.4,9.91,10.03,9.85,11.68,11.76,11.6,12.11,12.2,12.08,12.55,12.56,12.53,6666,6980
2026-03-03 07:00:00,1.38,1.31,1.93,14.08,4.84,3.66,3.19,37.43,4.39,4.52,4.28,4.15,4.28,4.05,4.1,4.28,4.04,6.49,6.64,6.37,10.19,10.32,10.08,11.87,11.96,11.81,12.25,12.32,12.2,12.56,12.57,12.56,6484,4294
2026-03-03 06:00:00,1.28,1.26,1.89,14.07,4.8,3.71,3.2,37.44,4.8,5.29,4.52,4.54,4.98,4.28,4.5,4.86,4.28,6.92,7.12,6.7,10.53,10.7,10.39,12.04,12.1,11.96,12.39,12.44,12.32,12.6,12.66,12.57,6488,0
2026-03-03 05:00:00,1.17,1.19,1.78,14.05,4.81,3.74,3.18,37.41,5.27,5.47,5.12,5.03,5.24,4.87,5,5.23,4.86,7.39,7.68,7.18,10.93,11.15,10.78,12.23,12.31,12.16,12.51,12.56,12.44,12.66,12.68,12.63,6495,0
2026-03-03 04:00:00,1.15,1.07,1.73,14.06,4.83,3.73,3.19,37.41,5.94,6.29,5.49,5.73,6.06,5.32,5.73,6.05,5.33,8.01,8.31,7.71,11.34,11.5,11.15,12.4,12.46,12.31,12.58,12.64,12.56,12.67,12.68,12.66,6506,0
2026-03-03 03:00:00,1.17,1.01,1.71,14.14,4.87,3.73,3.17,37.41,7,7.72,6.34,6.8,7.59,6.17,6.76,7.59,6.15,8.84,9.35,8.41,11.73,11.86,11.56,12.56,12.64,12.5,12.66,12.67,12.64,12.67,12.68,12.67,6522,0
2026-03-03 02:00:00,1.17,0.96,1.73,14.17,4.89,3.71,3.17,37.43,8.23,8.38,7.94,8.09,8.29,7.71,8.12,8.3,7.75,9.65,9.72,9.47,12.02,12.19,11.87,12.71,12.78,12.67,12.73,12.78,12.67,12.65,12.67,12.63,6533,0
2026-03-03 01:00:00,1.13,0.96,1.71,14.17,4.91,3.72,3.23,37.84,8.36,8.78,7.96,8.22,8.66,7.83,8.27,8.67,7.88,10.03,10.32,9.72,12.34,12.48,12.21,12.84,12.9,12.78,12.79,12.8,12.78,12.59,12.63,12.57,6546,0
2026-03-03 00:00:00,1.12,0.96,1.7,14.14,4.88,3.7,3.19,38.83,9.05,9.76,8.78,8.9,9.6,8.66,8.93,9.55,8.75,10.58,11.02,10.37,12.67,12.8,12.54,12.97,13.02,12.9,12.8,12.8,12.8,12.56,12.58,12.56,6537,0
2026-03-02 23:00:00,1.13,0.96,1.74,14.23,4.9,3.72,3.19,38.78,10.46,10.65,10.04,10.26,10.43,9.84,10.2,10.43,9.78,11.44,11.66,11.12,12.94,13.05,12.81,13.09,13.14,13.02,12.8,12.8,12.8,12.55,12.56,12.52,6573,0
2026-03-02 22:00:00,1.12,0.95,1.72,14.23,4.91,3.74,3.2,38.79,10.53,10.57,10.44,10.39,10.43,10.31,10.43,10.52,10.38,11.82,11.97,11.73,13.24,13.39,13.1,13.17,13.24,13.14,12.74,12.8,12.69,12.46,12.51,12.44,6588,0
2026-03-02 21:00:00,1.14,1.04,1.78,14.19,4.94,3.74,3.2,38.33,11.06,11.47,10.66,10.89,11.26,10.49,10.91,11.25,10.55,12.31,12.56,12.03,13.59,13.75,13.39,13.25,13.26,13.23,12.67,12.7,12.67,12.44,12.44,12.42,6599,0
2026-03-02 20:00:00,1.24,1.09,1.9,14.19,4.99,3.76,3.21,37.32,11.77,12.09,11.53,11.6,12.01,11.36,11.6,12.09,11.32,12.95,13.37,12.64,14.01,14.22,13.78,13.26,13.26,13.26,12.57,12.65,12.54,12.34,12.39,12.32,6626,0
2026-03-02 19:00:00,1.29,1.27,2.01,14.22,5.07,3.79,3.21,37.42,14.05,15.87,12.3,13.96,15.84,12.21,13.93,15.83,12.22,14.33,15.28,13.47,14.48,14.69,14.24,13.19,13.26,13.14,12.44,12.53,12.36,12.32,12.32,12.31,6675,0
2026-03-02 18:00:00,1.38,1.32,2.34,14.41,5.14,3.86,3.23,37.62,17.79,19.7,16.11,17.77,19.67,16.07,17.9,19.9,16.11,16.57,17.64,15.51,14.81,14.92,14.69,13.01,13.14,12.9,12.28,12.33,12.2,12.26,12.31,12.21,6804,7055
2026-03-02 17:00:00,1.55,1.45,2.54,15.18,5.19,3.96,3.22,37.3,21.33,22.31,20.01,21.3,22.26,20.01,21.67,22.62,20.25,18.46,18.82,17.76,14.86,14.93,14.81,12.72,12.89,12.55,12.12,12.2,12.08,12.21,12.24,12.21,6838,10506
2026-03-02 16:00:00,1.56,1.41,2.42,15.43,5.26,3.98,3.25,37.31,22.14,24.16,20.84,22.19,24.27,20.92,22.8,24.98,21.43,19.39,20.12,18.83,14.61,14.81,14.37,12.37,12.55,12.19,11.95,12.05,11.86,12.21,12.21,12.21,6838,10778
2026-03-02 15:00:00,1.8,1.65,2.58,15.75,5.32,4.04,3.24,37.33,24.76,25.38,23.32,24.91,25.45,23.56,25.7,26.28,24.37,20.02,20.44,19.41,14.01,14.34,13.7,11.98,12.19,11.82,11.82,11.85,11.73,12.21,12.21,12.21,6842,10613
2026-03-02 14:00:00,1.65,1.41,2.46,15.74,5.35,4.04,3.23,37.35,22.57,23.32,21.9,22.81,23.56,22.14,23.64,24.5,22.86,19.26,19.65,18.95,13.27,13.63,12.9,11.59,11.75,11.45,11.73,11.73,11.72,12.21,12.23,12.21,6847,10944
2026-03-02 13:00:00,1.47,1.33,2.49,15.74,5.47,4.05,3.25,37.35,20.71,21.43,20.17,20.79,21.55,20.23,21.62,22.41,21.06,18.19,18.7,17.73,12.42,12.8,12.07,11.24,11.37,11.11,11.67,11.71,11.65,12.27,12.32,12.23,6847,10920
2026-03-02 12:00:00,1.45,1.27,2.42,15.81,5.58,4.07,3.28,37.32,19.67,20.5,19.06,19.82,20.51,19.29,20.89,21.66,20.36,17.27,17.7,16.93,11.56,11.97,11.12,10.96,11.05,10.89,11.64,11.67,11.62,12.32,12.32,12.32,6838,10751
2026-03-02 11:00:00,1.4,1.24,2.31,16.15,5.73,4.11,3.28,37.35,21.19,22.19,20.45,21.44,22.47,20.6,23.42,24.45,22.65,17.19,18,16.11,10.45,10.97,9.96,10.8,10.89,10.77,11.61,11.64,11.61,12.32,12.35,12.32,6842,10530
2026-03-02 10:00:00,1.26,1.11,2.28,16.27,5.87,4.05,3.29,37.37,20.06,20.85,18.7,20.01,20.96,18.36,21.99,23.09,20.01,14.43,15.97,12.32,9.39,9.85,9.02,10.79,10.88,10.77,11.61,11.62,11.61,12.38,12.43,12.32,6838,10916
2026-03-02 09:00:00,1.08,0.92,2.1,15.72,5.89,3.91,3.3,37.35,12.57,17.49,7.25,12.19,17.15,6.91,13.12,18.7,7.24,9.04,11.74,6.44,8.82,8.95,8.78,10.93,11.01,10.88,11.66,11.73,11.61,12.44,12.45,12.43,6838,10120
2026-03-02 08:00:00,1.23,1.33,2.42,15.3,5.73,3.89,3.27,37.31,4.29,6.41,3.48,3.98,6.11,3.2,3.84,6.33,2.86,5.17,6.08,4.87,8.9,9.02,8.78,11.13,11.25,11.01,11.8,11.85,11.73,12.51,12.55,12.45,6577,6890
2026-03-02 07:00:00,1.28,1.39,2.37,15.05,5.63,4.02,3.25,37.27,3.57,3.93,3.17,3.24,3.62,2.77,2.99,3.34,2.6,5,5.12,4.87,9.13,9.25,9.03,11.34,11.42,11.25,11.95,12.08,11.85,12.57,12.59,12.56,6481,2076
2026-03-02 06:00:00,1.35,1.47,2.22,14.87,5.24,3.84,3.19,37.23,3.57,3.93,3.34,3.24,3.57,2.98,3,3.33,2.74,5.17,5.26,5.06,9.41,9.57,9.26,11.54,11.64,11.45,12.14,12.2,12.08,12.66,12.68,12.61,6484,0
2026-03-02 05:00:00,1.38,1.45,2.22,14.68,5.17,3.78,3.19,37.23,3.26,3.48,3.1,2.89,3.1,2.75,2.74,2.86,2.61,5.34,5.48,5.22,9.73,9.88,9.6,11.77,11.86,11.69,12.28,12.32,12.2,12.68,12.69,12.68,6493,0
2026-03-02 04:00:00,1.39,1.43,2.08,14.46,5.08,3.65,3.18,37.2,3.43,3.57,3.22,3.09,3.23,2.86,2.97,3.19,2.75,5.72,5.91,5.58,10.09,10.27,9.96,12.01,12.13,11.92,12.43,12.53,12.34,12.74,12.8,12.7,6506,0
2026-03-02 03:00:00,1.37,1.42,2.07,14.34,4.94,3.58,3.15,37.18,3.66,3.92,3.46,3.4,3.63,3.22,3.34,3.57,3.22,6.14,6.41,5.94,10.49,10.68,10.32,12.25,12.33,12.16,12.61,12.67,12.55,12.8,12.8,12.8,6519,0
2026-03-02 02:00:00,1.3,1.31,1.91,14.25,4.83,3.47,3.15,37.19,4.35,4.69,3.93,4.1,4.42,3.69,4,4.29,3.59,6.67,6.88,6.41,10.92,11.15,10.74,12.46,12.55,12.33,12.76,12.8,12.68,12.8,12.8,12.8,6533,0
2026-03-02 01:00:00,1.15,1.17,1.83,14.22,4.85,3.44,3.16,37.2,4.87,5.12,4.56,4.61,4.85,4.34,4.53,4.75,4.28,7.21,7.47,6.92,11.37,11.62,11.15,12.72,12.85,12.58,12.88,12.91,12.8,12.8,12.8,12.8,6542,0
2026-03-02 00:00:00,1.08,1.04,1.68,14.19,4.9,3.45,3.13,37.2,5.67,5.98,5.18,5.35,5.7,4.9,5.18,5.47,4.79,7.84,8.12,7.59,11.87,12.1,11.62,12.99,13.12,12.9,13.01,13.03,12.94,12.8,12.8,12.8,6528,0
2026-03-01 23:00:00,1.13,0.89,1.58,14.24,4.92,3.46,3.17,37.19,6.49,7.24,6,6.14,6.78,5.7,5.94,6.53,5.51,8.57,9.01,8.18,12.4,12.68,12.18,13.21,13.29,13.14,13.06,13.12,13.03,12.77,12.8,12.71,6568,0
2026-03-01 22:00:00,1.12,0.9,1.6,14.35,4.89,3.47,3.15,37.25,8.62,9.49,7.48,8.13,9.01,7.02,7.63,8.41,6.75,9.56,9.99,9.13,12.95,13.21,12.68,13.43,13.49,13.37,13.12,13.14,13.1,12.68,12.7,12.68,6582,0
2026-03-01 21:00:00,1.13,0.95,1.67,14.39,4.93,3.46,3.18,37.27,9.63,9.96,8.93,9.16,9.49,8.64,8.69,8.89,8.42,10.47,10.82,10.07,13.51,13.76,13.28,13.63,13.72,13.52,13.05,13.1,13.03,12.66,12.68,12.61,6595,0
2026-03-01 20:00:00,1.1,0.93,1.68,14.39,4.99,3.54,3.19,37.29,9,9.28,8.67,8.84,9.22,8.58,8.85,9.25,8.55,11.33,11.85,10.9,14.16,14.49,13.87,13.73,13.74,13.73,12.98,13.03,12.91,12.57,12.61,12.56,6631,0
2026-03-01 19:00:00,1.18,1.03,1.78,14.48,5.05,3.53,3.13,37.28,11.62,14.33,9.53,11.61,14.31,9.49,11.57,14.2,9.47,13.2,14.57,11.98,14.9,15.19,14.58,13.73,13.74,13.73,12.85,12.91,12.8,12.54,12.56,12.51,6684,0
2026-03-01 18:00:00,1.4,1.32,2.21,14.77,5.13,3.71,3.13,37.3,18.98,23.91,14.93,18.96,24.03,14.92,18.69,23.73,14.78,16.44,18.26,14.8,15.46,15.64,15.29,13.61,13.72,13.49,12.7,12.8,12.62,12.45,12.49,12.44,6813,7756
2026-03-01 17:00:00,1.93,1.82,2.75,15.73,5.17,3.82,3.19,37.37,26.05,26.59,24.83,26.09,26.63,24.87,26.62,27.65,24.74,19.27,19.74,18.59,15.64,15.64,15.64,13.35,13.49,13.18,12.52,12.58,12.44,12.44,12.44,12.44,6847,10751
2026-03-01 16:00:00,1.89,1.72,2.69,15.95,5.22,3.81,3.18,37.41,26.32,27.82,24.62,26.33,27.73,24.7,27.35,28.76,25.57,20.47,20.96,19.77,15.47,15.64,15.27,12.98,13.14,12.78,12.35,12.44,12.3,12.44,12.44,12.44,6847,10861
2026-03-01 15:00:00,1.88,1.69,2.68,16.07,5.3,4.06,3.19,37.39,25.62,27.7,23.23,25.59,27.54,23.34,26.43,28.29,24.15,20.44,20.83,20,14.91,15.17,14.61,12.56,12.76,12.39,12.2,12.27,12.14,12.44,12.44,12.43,6847,10715
2026-03-01 14:00:00,1.64,1.46,2.48,16.2,5.37,4.05,3.18,37.37,24.36,26.87,22.49,24.74,27.44,22.73,25.63,28.63,23.53,20.59,21.55,20.1,14.11,14.58,13.63,12.13,12.31,11.96,12.08,12.1,12.08,12.44,12.44,12.44,6847,11231
2026-03-01 13:00:00,1.66,1.45,2.52,16.46,5.43,4.22,3.2,37.37,23.71,25.22,22.85,24.31,25.81,23.44,25.21,26.39,24.54,19.79,20.36,19.35,13.03,13.51,12.57,11.79,11.96,11.62,12.04,12.08,11.99,12.44,12.44,12.44,6840,10191
2026-03-01 12:00:00,1.49,1.35,2.49,16.65,5.51,4.08,3.3,37.31,21.44,22.26,20.96,21.77,22.7,21.08,23.06,24.27,22.28,18.08,18.7,17.17,11.96,12.45,11.46,11.55,11.6,11.48,12.02,12.05,11.99,12.44,12.44,12.44,6847,10877
2026-03-01 11:00:00,1.38,1.33,2.62,16.78,5.57,4.04,3.21,37.31,16.15,19.66,15.02,16.14,19.68,14.98,16.65,20.6,15.42,14.2,16.2,13.35,11.09,11.38,10.79,11.48,11.48,11.45,12.06,12.08,12.05,12.44,12.46,12.44,6847,11050
2026-03-01 10:00:00,1.29,1.22,2.58,16.76,5.63,4.11,3.19,37.29,13.24,14.7,11.73,13.24,14.69,11.74,13.58,15.16,11.98,12.04,13.13,10.99,10.51,10.75,10.32,11.47,11.48,11.45,12.08,12.08,12.08,12.51,12.55,12.47,6826,10766
2026-03-01 09:00:00,1.14,1,2.4,16.7,5.65,4.03,3.19,37.3,10.62,11.48,10.09,10.65,11.5,10.17,10.91,11.74,10.43,10.11,10.78,9.83,10.18,10.32,10.08,11.48,11.51,11.48,12.13,12.2,12.08,12.56,12.56,12.55,6824,8568
2026-03-01 08:00:00,1.29,1.1,2.48,16.73,5.68,4.04,3.2,37.32,8.62,11.02,7.48,8.54,10.79,7.41,8.67,11.14,7.47,8.64,9.72,8.06,9.99,10.08,9.96,11.6,11.68,11.54,12.2,12.21,12.2,12.57,12.6,12.56,6613,6921
2026-03-01 07:00:00,1.38,1.25,2.48,16.19,5.68,3.99,3.24,37.29,6.63,7.42,5.75,6.46,7.35,5.47,6.36,7.36,5.23,7.38,7.96,6.88,10.03,10.08,9.96,11.76,11.84,11.71,12.3,12.32,12.25,12.65,12.68,12.6,6493,1737
2026-03-01 06:00:00,1.3,1.33,2.47,15.63,5.66,3.79,3.17,37.25,4.98,5.58,4.64,4.69,5.29,4.4,4.61,5.12,4.28,6.84,7,6.76,10.32,10.44,10.2,11.92,11.99,11.84,12.43,12.47,12.33,12.68,12.69,12.68,6502,0
2026-03-01 05:00:00,1.36,1.2,2.36,15.44,5.56,3.77,3.15,37.25,6.26,7.7,4.98,6.05,7.59,4.73,6.05,7.59,4.67,7.8,8.43,7.11,10.55,10.56,10.45,12.11,12.19,12.03,12.55,12.61,12.5,12.71,12.78,12.68,6510,0
2026-03-01 04:00:00,1.45,1.26,2.31,15.22,5.42,3.74,3.15,37.22,7.04,7.61,6.37,6.88,7.5,6.17,6.87,7.53,6.11,8,8.42,7.59,10.67,10.79,10.58,12.27,12.35,12.19,12.66,12.69,12.6,12.78,12.8,12.75,6519,0
2026-03-01 03:00:00,1.38,1.35,2.28,14.9,5.14,3.71,3.15,37.21,5.48,6.17,5.12,5.22,5.95,4.86,5.14,5.94,4.75,7.23,7.48,7.07,10.94,11.15,10.79,12.47,12.55,12.37,12.79,12.85,12.72,12.8,12.8,12.8,6528,0
2026-03-01 02:00:00,1.35,1.31,2.16,14.75,5.03,3.67,3.15,37.2,5.26,5.37,5.12,4.98,5.12,4.87,4.91,5.1,4.76,7.41,7.47,7.24,11.32,11.5,11.15,12.72,12.85,12.61,12.92,13,12.86,12.8,12.8,12.8,6537,0
2026-03-01 01:00:00,1.33,1.35,2,14.61,5.01,3.46,3.14,37.19,5.42,5.58,5.21,5.12,5.35,4.87,5.03,5.23,4.8,7.76,7.99,7.49,11.81,12.06,11.61,13,13.14,12.9,13.04,13.1,13.01,12.79,12.8,12.77,6546,0
2026-03-01 00:00:00,1.35,1.25,1.88,14.52,4.99,3.33,3.15,37.23,6,6.29,5.69,5.72,6,5.38,5.61,5.93,5.34,8.32,8.64,8.06,12.34,12.57,12.09,13.28,13.38,13.14,13.15,13.16,13.13,12.72,12.78,12.68,6533,0
2026-02-28 23:00:00,1.36,1.14,1.78,14.48,4.92,3.27,3.14,37.25,6.8,7.12,6.4,6.52,6.82,6.12,6.4,6.77,6.02,8.98,9.25,8.66,12.9,13.16,12.65,13.54,13.66,13.41,13.2,13.23,13.15,12.67,12.68,12.66,6564,0
2026-02-28 22:00:00,1.28,1.09,1.68,14.45,4.93,3.27,3.15,37.29,7.22,7.51,7,6.97,7.28,6.69,6.9,7.27,6.65,9.7,10.12,9.35,13.54,13.87,13.25,13.81,13.96,13.71,13.18,13.22,13.15,12.59,12.66,12.56,6577,0
2026-02-28 21:00:00,1.17,0.96,1.64,14.43,5,3.34,3.17,37.28,8.15,8.78,7.6,7.91,8.54,7.36,7.87,8.51,7.36,10.74,11.29,10.18,14.25,14.58,13.88,14.03,14.08,13.97,13.14,13.15,13.07,12.51,12.56,12.44,6595,0
2026-02-28 20:00:00,1.11,0.95,1.61,14.52,5.05,3.3,3.18,37.3,9.74,10.98,8.89,9.52,10.78,8.64,9.47,10.67,8.6,12.22,13.15,11.39,15.07,15.46,14.69,14.11,14.14,14.08,13,13.06,12.91,12.43,12.44,12.4,6624,0
2026-02-28 19:00:00,1.25,1.15,1.81,14.6,5.09,3.42,3.18,37.31,13.33,16,11.26,13.18,15.92,11.03,12.99,15.64,10.91,14.56,15.99,13.29,15.89,16.23,15.52,14.08,14.12,14.03,12.83,12.91,12.75,12.33,12.38,12.32,6673,0
2026-02-28 18:00:00,1.44,1.34,2.27,15.12,5.18,3.6,3.18,37.32,21.53,27.7,16.7,21.68,27.93,16.58,21.43,27.81,16.34,18.26,20.41,16.26,16.52,16.7,16.29,13.89,13.98,13.74,12.61,12.68,12.54,12.28,12.32,12.21,6806,7067
2026-02-28 17:00:00,1.94,1.78,2.83,16,5.24,3.66,3.21,37.36,29.78,31.13,28.19,30.09,31.59,28.41,31.21,33.2,28.41,21.8,22.87,20.6,16.68,16.7,16.59,13.54,13.73,13.38,12.38,12.5,12.3,12.21,12.21,12.21,6847,10617
2026-02-28 16:00:00,1.97,1.82,2.93,16.26,5.29,3.7,3.2,37.4,30.74,31.25,30.06,31.07,31.7,30.3,32.53,33.37,31.13,23.05,23.17,22.85,16.39,16.59,16.15,13.09,13.33,12.87,12.15,12.27,12.08,12.19,12.21,12.17,6849,10632
2026-02-28 15:00:00,1.87,1.73,2.76,16.27,5.32,3.8,3.24,37.42,29.11,29.63,28.64,29.5,29.92,29.09,30.62,30.89,30.37,22.99,23.2,22.75,15.77,16.11,15.4,12.56,12.8,12.31,11.94,12.08,11.85,12.16,12.19,12.13,6847,10550
2026-02-28 14:00:00,1.84,1.57,2.59,16.42,5.38,3.96,3.23,37.43,27.85,28.83,27.23,28.49,29.23,28.05,29.56,30.59,28.88,22.51,23,22.23,14.86,15.3,14.35,12.01,12.3,11.78,11.78,11.85,11.73,12.17,12.19,12.15,6849,10621
2026-02-28 13:00:00,1.7,1.43,2.44,16.6,5.35,4.04,3.23,37.44,26.74,27.7,25.16,27.66,28.62,26.16,28.76,29.11,28.29,22.57,22.85,22.2,13.67,14.22,13.11,11.51,11.72,11.34,11.72,11.73,11.7,12.2,12.21,12.18,6849,10427
2026-02-28 12:00:00,1.49,1.33,2.26,16.8,5.48,4.07,3.24,37.43,25.36,26.85,24.27,26.32,27.54,25.52,29.04,30.58,28.05,21.83,22.14,21.38,12.37,13.03,11.63,11.14,11.26,11.01,11.7,11.72,11.68,12.21,12.21,12.21,6847,10766
2026-02-28 11:00:00,1.33,1.02,2.13,16.89,5.63,4.1,3.27,37.46,27.64,28.53,26.63,27.94,28.99,26.68,30.93,32.07,29.36,20.5,21.81,18.74,10.84,11.5,10.2,10.99,11.01,10.96,11.65,11.71,11.62,12.21,12.21,12.21,6847,10617
2026-02-28 10:00:00,1.19,1.03,2.11,16.73,5.79,4.06,3.26,37.45,22.67,26.04,18.7,22.65,26.12,18.5,25.16,28.88,20.66,15.75,18.35,12.8,9.61,10.08,9.25,11.01,11.04,11,11.62,11.65,11.61,12.21,12.23,12.21,6844,10829
2026-02-28 09:00:00,1.14,1.03,2.05,15.8,5.61,3.97,3.23,37.44,10.98,18.36,4.73,10.59,18.12,4.44,11.53,20.2,4.57,8.58,12.43,5.85,9.19,9.25,9.14,11.16,11.25,11.08,11.71,11.73,11.67,12.28,12.32,12.22,6822,7638
2026-02-28 08:00:00,1.28,1.38,2.24,15.41,5.35,3.95,3.2,37.41,3.78,4.53,3.34,3.5,4.28,3.06,3.49,4.4,2.99,5.55,5.82,5.46,9.4,9.51,9.25,11.34,11.45,11.25,11.83,11.9,11.73,12.33,12.35,12.32,6528,6811
2026-02-28 07:00:00,1.33,1.43,2.2,15.31,5.24,3.94,3.23,37.39,3.8,4.05,3.46,3.55,3.81,3.2,3.46,3.69,3.1,5.82,6.05,5.58,9.67,9.82,9.55,11.53,11.6,11.47,11.96,12.03,11.92,12.42,12.44,12.38,6488,1985
2026-02-28 06:00:00,1.32,1.4,2.07,15.18,5.2,3.96,3.19,37.39,4.39,4.78,4.05,4.16,4.6,3.81,4.11,4.52,3.77,6.33,6.61,6.08,9.93,10.07,9.85,11.69,11.72,11.6,12.14,12.2,12.08,12.44,12.46,12.44,6499,0
2026-02-28 05:00:00,1.31,1.35,1.96,15.14,5.2,3.93,3.19,37.39,5.43,5.58,4.98,5.23,5.42,4.76,5.18,5.35,4.75,6.89,7,6.64,10.16,10.3,10.08,11.85,11.96,11.75,12.29,12.33,12.2,12.47,12.52,12.44,6510,0
2026-02-28 04:00:00,1.32,1.34,1.92,15.02,5.16,3.77,3.18,37.38,5.4,5.47,5.35,5.22,5.35,5.06,5.12,5.29,4.89,6.89,6.98,6.88,10.43,10.56,10.32,12.03,12.11,11.96,12.41,12.44,12.32,12.55,12.56,12.52,6519,0
2026-02-28 03:00:00,1.34,1.3,1.87,14.8,4.95,3.71,3.16,37.39,5.2,5.23,5.15,4.95,5,4.87,4.86,4.88,4.81,6.94,7.01,6.88,10.77,10.92,10.6,12.23,12.33,12.12,12.53,12.56,12.44,12.56,12.56,12.55,6528,0
2026-02-28 02:00:00,1.24,1.24,1.78,14.77,4.91,3.69,3.17,37.39,5.34,5.74,5.12,5.06,5.46,4.87,4.93,5.23,4.75,7.24,7.48,7.06,11.2,11.38,11.01,12.48,12.6,12.36,12.65,12.67,12.56,12.56,12.56,12.55,6539,0
2026-02-28 01:00:00,1.15,1.11,1.7,14.77,4.95,3.68,3.17,37.4,5.81,6.07,5.58,5.56,5.82,5.35,5.41,5.74,5.25,7.75,8.06,7.49,11.68,11.92,11.45,12.74,12.89,12.65,12.78,12.8,12.69,12.53,12.56,12.49,6546,0
2026-02-28 00:00:00,1.16,0.93,1.61,14.83,5,3.68,3.19,37.44,6.67,7.12,6.2,6.44,6.91,5.98,6.29,6.75,5.83,8.48,8.85,8.1,12.2,12.45,11.97,12.99,13.14,12.89,12.84,12.9,12.8,12.46,12.5,12.44,6537,0
2026-02-27 23:00:00,1.13,0.95,1.58,14.88,4.98,3.7,3.17,37.45,7.7,8.54,7.24,7.38,8.18,6.97,7.15,7.78,6.76,9.28,9.72,8.89,12.73,13.01,12.46,13.24,13.38,13.14,12.89,12.91,12.89,12.43,12.44,12.39,6568,0
2026-02-27 22:00:00,1.11,0.94,1.62,14.9,4.99,3.73,3.19,37.48,9.92,10.67,8.79,9.45,10.2,8.41,8.87,9.54,7.98,10.28,10.61,9.84,13.29,13.54,13.04,13.45,13.57,13.38,12.85,12.9,12.8,12.33,12.38,12.32,6577,0
2026-02-27 21:00:00,1.09,0.93,1.64,14.9,5.05,3.67,3.19,37.5,9.16,9.49,8.85,8.83,9.25,8.43,8.66,9.14,8.29,10.88,11.39,10.43,13.93,14.24,13.63,13.63,13.7,13.59,12.78,12.8,12.68,12.25,12.32,12.21,6595,0
2026-02-27 20:00:00,1.1,0.95,1.63,14.97,5.14,3.76,3.2,37.52,10.21,11,9.59,9.97,10.79,9.31,9.88,10.67,9.2,12.2,13,11.49,14.68,15.05,14.34,13.72,13.72,13.7,12.63,12.69,12.56,12.19,12.21,12.13,6624,0
2026-02-27 19:00:00,1.24,1.14,1.82,15.04,5.16,4.48,3.2,37.57,13.39,16.03,11.26,13.15,15.78,11.02,13,15.54,10.91,14.39,15.82,13.15,15.45,15.76,15.15,13.63,13.72,13.55,12.47,12.56,12.36,12.1,12.14,12.09,6675,0
2026-02-27 18:00:00,1.41,1.31,2.19,15.52,5.3,4.62,3.22,37.55,20.46,25.34,16.65,20.31,25.22,16.36,20.03,25.14,16.11,17.78,19.66,16.11,15.99,16.11,15.77,13.39,13.49,13.26,12.25,12.33,12.19,12.05,12.09,12.01,6813,8091
2026-02-27 17:00:00,1.79,1.66,2.66,16.38,5.38,4.68,3.22,37.59,28.83,30.65,26.16,29.05,31.01,26.04,29.89,32.43,26.01,21.35,22.59,19.93,16.08,16.12,16,13.01,13.23,12.78,12.03,12.1,11.95,11.97,11.99,11.97,6840,10368
2026-02-27 16:00:00,1.92,1.72,2.84,16.7,5.42,4.74,3.24,37.59,31.29,31.61,30.74,31.64,31.97,31.13,33.06,33.49,32.53,23,23.19,22.72,15.68,15.97,15.4,12.53,12.78,12.31,11.81,11.91,11.73,11.97,11.97,11.97,6849,10656
2026-02-27 15:00:00,1.89,1.77,2.8,16.79,5.5,4.97,3.25,37.62,30.6,31.19,29.94,30.83,31.36,30.22,32.08,32.54,31.74,22.83,22.96,22.61,14.88,15.3,14.46,12.03,12.3,11.8,11.64,11.73,11.6,11.97,11.97,11.96,6847,10550
2026-02-27 14:00:00,1.81,1.58,2.63,16.91,5.55,4.92,3.23,37.65,27.94,29.8,26.75,28.46,30.08,27.46,29.35,31.6,27.81,21.65,22.49,20.95,13.87,14.34,13.39,11.53,11.73,11.35,11.5,11.54,11.49,11.97,11.97,11.97,6849,10471
2026-02-27 13:00:00,1.71,1.51,2.44,17.02,5.68,4.88,3.26,37.69,25.59,26.73,24.39,26.27,27.46,25.07,27.27,27.81,26.75,20.85,21.18,20.48,12.73,13.28,12.21,11.08,11.25,10.89,11.45,11.49,11.42,11.97,11.98,11.97,6847,10617
2026-02-27 12:00:00,1.51,1.3,2.32,17.36,5.89,4.88,3.29,37.67,24.31,25.1,23.68,24.83,25.57,24.27,26.84,27.86,26.17,19.87,20.24,18.94,11.53,12.09,10.91,10.78,10.89,10.66,11.42,11.44,11.4,12,12.04,11.97,6847,10873
2026-02-27 11:00:00,1.36,1.11,2.27,17.57,6.02,4.72,3.33,37.63,23.27,24.62,21.67,23.34,24.57,21.78,25.31,26.87,23.49,17.46,18.12,16.81,10.31,10.85,9.74,10.65,10.66,10.63,11.4,11.43,11.37,12.06,12.09,12.04,6847,10719
2026-02-27 10:00:00,1.26,1.07,2.23,17.81,6.2,4.55,3.32,37.66,21.47,22.85,19.52,21.27,22.75,19.18,23.33,24.98,21.04,14.79,16.41,12.68,9.2,9.68,8.78,10.64,10.66,10.62,11.43,11.49,11.37,12.09,12.09,12.08,6842,10814
2026-02-27 09:00:00,1.11,0.88,2.08,17.53,6.34,4.13,3.31,37.65,13.43,19.06,7.24,12.95,18.69,6.71,14.1,20.48,7.12,9.14,12.2,6.05,8.61,8.77,8.55,10.74,10.86,10.66,11.53,11.61,11.49,12.11,12.18,12.09,6826,10443
2026-02-27 08:00:00,1.16,1.26,2.29,16.94,6.35,4.12,3.3,37.6,3.17,5.82,2.35,2.83,5.45,2.04,2.79,5.67,1.92,4.69,5.58,4.44,8.74,8.89,8.66,10.94,11.02,10.88,11.67,11.73,11.61,12.21,12.21,12.19,6550,6858
2026-02-27 07:00:00,1.23,1.35,2.35,16.67,6.33,4.09,3.26,37.6,2.65,2.75,2.5,2.29,2.39,2.09,2.08,2.2,1.92,4.65,4.79,4.52,9.03,9.22,8.89,11.2,11.36,11.06,11.83,11.91,11.73,12.25,12.31,12.21,6488,1847
2026-02-27 06:00:00,1.26,1.38,2.33,16.28,6.07,3.86,3.23,37.58,2.84,2.93,2.75,2.5,2.63,2.38,2.37,2.51,2.26,4.98,5.14,4.84,9.39,9.55,9.25,11.46,11.6,11.37,12.01,12.08,11.96,12.32,12.32,12.31,6497,0
2026-02-27 05:00:00,1.29,1.39,2.22,15.74,5.55,3.82,3.19,37.59,3.11,3.22,2.94,2.81,2.94,2.66,2.69,2.75,2.52,5.34,5.57,5.2,9.76,9.96,9.6,11.7,11.82,11.6,12.15,12.2,12.08,12.34,12.38,12.32,6506,0
2026-02-27 04:00:00,1.32,1.43,2.12,15.49,5.26,3.81,3.19,37.6,3.57,4.04,3.22,3.24,3.69,2.87,3.13,3.57,2.82,5.84,6.13,5.58,10.17,10.34,9.97,11.92,12.06,11.84,12.29,12.33,12.2,12.42,12.44,12.39,6519,0
2026-02-27 03:00:00,1.33,1.37,2.01,15.38,5.13,3.72,3.18,37.58,4.47,4.8,4.16,4.14,4.42,3.81,3.96,4.19,3.67,6.4,6.64,6.17,10.6,10.79,10.43,12.15,12.25,12.07,12.42,12.44,12.33,12.44,12.44,12.44,6528,0
2026-02-27 02:00:00,1.31,1.32,1.91,15.23,5,3.49,3.17,37.59,4.79,5.13,4.52,4.49,4.87,4.16,4.36,4.75,4.04,6.97,7.24,6.64,11.05,11.27,10.82,12.38,12.47,12.3,12.55,12.57,12.48,12.44,12.44,12.44,6537,0
2026-02-27 01:00:00,1.24,1.22,1.76,15.14,4.99,3.4,3.17,37.63,5.38,5.57,5.1,5.11,5.34,4.79,5.03,5.23,4.75,7.62,7.89,7.35,11.54,11.74,11.32,12.62,12.76,12.53,12.65,12.67,12.58,12.41,12.43,12.37,6546,0
2026-02-27 00:00:00,1.19,1.07,1.69,15.18,5.04,3.38,3.17,37.64,6.07,6.41,5.61,5.83,6.18,5.37,5.76,6.17,5.33,8.29,8.66,7.95,12.03,12.25,11.83,12.87,13.01,12.78,12.72,12.78,12.68,12.33,12.35,12.32,6533,0
2026-02-26 23:00:00,1.2,0.95,1.63,15.22,5.04,3.38,3.2,37.65,6.81,7.01,6.47,6.56,6.77,6.29,6.49,6.65,6.22,8.94,9.25,8.66,12.56,12.8,12.33,13.12,13.26,13.02,12.79,12.8,12.77,12.29,12.32,12.21,6564,0
2026-02-26 22:00:00,1.11,0.93,1.61,15.2,5.04,3.4,3.21,37.69,7.55,8.16,7.05,7.33,7.95,6.77,7.27,7.84,6.78,9.76,10.29,9.34,13.16,13.45,12.91,13.35,13.46,13.26,12.74,12.78,12.68,12.21,12.22,12.21,6577,0
2026-02-26 21:00:00,1.07,0.88,1.58,15.2,5.09,3.4,3.24,37.74,8.65,9.22,8.3,8.37,8.89,8.07,8.24,8.66,7.96,10.71,11.25,10.33,13.8,14.1,13.51,13.53,13.61,13.46,12.66,12.68,12.6,12.11,12.19,12.09,6595,0
2026-02-26 20:00:00,1.08,0.92,1.62,15.29,5.18,3.4,3.25,37.76,10.02,10.99,9.37,9.68,10.61,9.01,9.48,10.31,8.77,11.94,12.68,11.37,14.55,14.93,14.22,13.61,13.61,13.61,12.53,12.58,12.44,12.04,12.09,11.98,6624,0
2026-02-26 19:00:00,1.25,1.14,1.8,15.35,5.21,3.61,3.27,37.78,14.08,16.7,11.38,13.55,16.24,10.97,12.96,15.63,10.67,14.11,15.55,12.8,15.34,15.65,15.03,13.54,13.61,13.47,12.36,12.44,12.3,11.97,11.98,11.96,6671,0
2026-02-26 18:00:00,1.51,1.39,2.29,16.01,5.29,3.74,3.29,37.77,23.36,29.43,17.39,22.91,28.87,16.94,22.05,27.98,16.31,17.93,19.9,15.87,15.91,16.04,15.75,13.31,13.43,13.15,12.15,12.24,12.08,11.89,11.96,11.85,6795,7051
2026-02-26 17:00:00,1.92,1.76,2.8,16.82,5.35,3.79,3.26,37.78,31.55,32.98,29.47,31.38,33.11,28.76,31.9,34.25,28.05,21.6,22.85,20.01,15.98,16.06,15.88,12.94,13.14,12.78,11.92,12.02,11.85,11.85,11.85,11.85,6849,10349
2026-02-26 16:00:00,2.04,1.86,2.98,17.12,5.39,3.86,3.22,37.78,32.98,33.61,31.97,32.98,33.61,31.93,33.9,34.66,32.54,22.88,23.07,22.61,15.59,15.85,15.32,12.48,12.68,12.28,11.7,11.83,11.61,11.82,11.85,11.81,6849,10412
2026-02-26 15:00:00,1.98,1.81,2.82,17.19,5.45,3.98,3.21,37.8,30.93,31.96,30.29,31,31.89,30.53,31.83,32.52,31.48,22.6,22.72,22.5,14.9,15.29,14.47,11.98,12.19,11.72,11.52,11.61,11.45,11.81,11.83,11.79,6849,10514
2026-02-26 14:00:00,1.84,1.62,2.69,17.38,5.48,4.32,3.21,37.83,29.08,30.3,27.59,29.58,30.65,28.31,30.53,31.72,28.88,22.05,22.61,21.31,13.93,14.45,13.4,11.48,11.72,11.25,11.38,11.44,11.37,11.82,11.84,11.79,6849,10518
2026-02-26 13:00:00,1.71,1.49,2.46,17.5,5.54,4.63,3.22,37.85,26.11,27.34,24.27,26.81,28.05,24.86,27.83,28.63,26.53,21.19,21.55,20.36,12.81,13.33,12.33,11.04,11.25,10.88,11.33,11.37,11.31,11.84,11.85,11.83,6849,10585
2026-02-26 12:00:00,1.51,1.29,2.32,17.76,5.64,4.66,3.23,37.88,23.56,24.03,22.89,24.19,24.74,23.45,26.18,27.1,25.21,19.82,20.07,19.34,11.72,12.21,11.15,10.73,10.86,10.66,11.29,11.32,11.28,11.85,11.85,11.85,6847,10908
2026-02-26 11:00:00,1.39,1.2,2.22,18.15,5.76,4.55,3.23,37.89,24.72,25.44,24.11,24.98,25.62,24.25,27.51,28.18,26.75,18.92,19.75,17.64,10.39,11.02,9.85,10.59,10.66,10.54,11.27,11.3,11.26,11.85,11.87,11.85,6847,10865
2026-02-26 10:00:00,1.3,1.07,2.2,18.39,5.92,4.13,3.23,37.92,22.05,23.7,20.84,22.02,23.79,20.57,24.23,26.16,22.61,15.3,17.18,13.27,9.24,9.72,8.8,10.55,10.6,10.54,11.22,11.26,11.17,11.92,11.97,11.87,6842,10790
2026-02-26 09:00:00,1.13,0.95,2.15,18.01,5.99,4.13,3.2,37.92,16.15,19.89,10.91,15.74,19.66,10.31,17.34,21.66,11.26,10.23,12.8,7.24,8.61,8.78,8.55,10.66,10.69,10.63,11.33,11.43,11.26,11.96,11.97,11.96,6838,10266
2026-02-26 08:00:00,1.16,1.22,2.45,17.41,6.11,4.05,3.18,37.93,4.29,9.49,2.24,3.82,8.81,1.91,3.84,9.6,1.68,4.85,6.64,4.28,8.74,8.89,8.6,10.87,11.01,10.77,11.53,11.61,11.45,11.99,12.06,11.97,6568,6866
2026-02-26 07:00:00,1.25,1.43,2.55,16.89,5.81,3.91,3.19,37.87,2.46,2.7,2.15,2.12,2.39,1.81,1.94,2.24,1.68,4.65,4.87,4.4,9.12,9.28,8.93,11.14,11.25,11.01,11.67,11.73,11.61,12.08,12.09,12.04,6488,1961
2026-02-26 06:00:00,1.29,1.39,2.25,16.44,5.36,3.92,3.18,37.9,2.98,3.24,2.69,2.67,2.92,2.38,2.53,2.85,2.24,5.2,5.46,4.94,9.5,9.72,9.35,11.38,11.48,11.28,11.84,11.94,11.75,12.1,12.13,12.09,6499,0
2026-02-26 05:00:00,1.34,1.45,2.17,16.21,5.23,3.9,3.2,37.86,3.66,4.3,3.26,3.37,4.02,2.97,3.26,3.81,2.86,5.86,6.17,5.56,9.89,10.08,9.72,11.59,11.72,11.48,11.99,12.08,11.95,12.14,12.19,12.11,6510,0
2026-02-26 04:00:00,1.36,1.38,2.06,16.08,5.21,3.79,3.18,37.84,4.69,5.12,4.44,4.36,4.8,4.16,4.17,4.53,3.93,6.37,6.53,6.26,10.26,10.44,10.08,11.83,11.96,11.72,12.11,12.2,12.08,12.19,12.21,12.18,6519,0
2026-02-26 03:00:00,1.33,1.36,1.98,15.91,5.05,3.55,3.19,37.84,4.99,5.47,4.64,4.61,5.09,4.28,4.4,4.75,4.16,6.67,6.76,6.64,10.66,10.9,10.44,12.07,12.19,11.96,12.23,12.32,12.2,12.19,12.21,12.18,6528,0
2026-02-26 02:00:00,1.28,1.28,1.91,15.79,5,3.53,3.21,37.88,5.01,5.35,4.64,4.65,4.98,4.36,4.47,4.75,4.21,7.01,7.24,6.78,11.15,11.39,10.91,12.33,12.43,12.19,12.35,12.43,12.32,12.15,12.19,12.11,6537,0
2026-02-26 01:00:00,1.17,1.18,1.78,15.78,5.03,3.51,3.19,37.89,5,5.23,4.76,4.73,4.98,4.52,4.64,4.94,4.41,7.54,7.95,7.24,11.73,11.98,11.48,12.58,12.69,12.44,12.44,12.46,12.44,12.09,12.11,12.09,6546,0
2026-02-26 00:00:00,1.09,1.04,1.64,15.87,5.06,3.5,3.19,37.98,5.76,6.17,5.35,5.56,5.95,5.12,5.52,5.97,5.04,8.45,8.93,7.96,12.35,12.67,12.09,12.84,12.92,12.74,12.47,12.5,12.44,12.07,12.09,12.03,6533,0
2026-02-25 23:00:00,1.11,0.92,1.59,15.91,5.05,3.5,3.19,38,7.07,7.83,6.29,6.9,7.71,6.09,6.92,7.71,6.1,9.66,10.31,9.02,12.97,13.27,12.68,13.06,13.14,12.97,12.45,12.48,12.44,11.98,12.03,11.97,6568,0
2026-02-25 22:00:00,1.07,0.9,1.62,15.97,5.1,3.54,3.2,38.01,9.06,10.08,7.95,8.86,9.89,7.83,8.84,9.96,7.83,11.17,11.94,10.41,13.56,13.84,13.28,13.21,13.26,13.14,12.41,12.44,12.34,11.93,11.97,11.86,6588,0
2026-02-25 21:00:00,1.1,0.93,1.65,16.04,5.16,3.59,3.2,38.2,10.6,10.81,10.18,10.43,10.68,9.99,10.47,10.69,10.08,12.37,12.68,11.99,14.13,14.45,13.87,13.26,13.29,13.26,12.29,12.32,12.21,11.83,11.85,11.78,6599,0
2026-02-25 20:00:00,1.18,1.03,1.76,16.07,5.23,3.63,3.19,38.36,11.73,12.8,10.91,11.6,12.66,10.79,11.59,12.6,10.79,13.49,14.33,12.8,14.79,15.1,14.46,13.25,13.27,13.16,12.15,12.2,12.08,11.73,11.76,11.73,6626,0
2026-02-25 19:00:00,1.28,1.24,1.98,16.18,5.29,3.83,3.37,37.91,15.71,19.18,13.11,15.5,18.94,12.92,15.38,18.83,12.91,15.9,17.64,14.48,15.39,15.54,15.17,13.08,13.16,12.98,11.95,12.08,11.85,11.68,11.73,11.63,6671,0
2026-02-25 18:00:00,1.48,1.4,2.41,17.11,5.43,3.86,3.2,37.95,23.74,26.87,19.78,23.44,26.51,19.54,23.58,26.72,19.54,19.46,20.48,18,15.55,15.6,15.52,12.78,12.92,12.62,11.74,11.85,11.62,11.62,11.62,11.61,6813,7071
2026-02-25 17:00:00,1.67,1.52,2.47,17.48,5.47,3.91,3.22,37.97,26.25,27.19,25.1,26.03,26.99,24.98,26.6,27.7,25.69,20.89,21.19,20.48,15.37,15.52,15.18,12.39,12.57,12.19,11.51,11.61,11.37,11.58,11.62,11.54,6847,10475
2026-02-25 16:00:00,1.58,1.41,2.35,17.65,5.52,3.96,3.25,38,26.76,27.46,25.57,26.65,27.34,25.47,27.46,28.05,26.28,21.67,21.9,21.19,14.9,15.17,14.58,11.93,12.19,11.72,11.31,11.37,11.26,11.51,11.55,11.5,6838,10396
2026-02-25 15:00:00,1.57,1.39,2.38,17.85,5.53,3.96,3.27,38.01,28.06,29.35,27.11,28,29.26,27.11,28.96,30.3,27.93,21.91,22.37,21.22,14.09,14.5,13.64,11.46,11.72,11.25,11.14,11.26,11.04,11.5,11.51,11.5,6842,10530
2026-02-25 14:00:00,1.63,1.46,2.4,17.99,5.53,3.99,3.24,38.04,26.34,27.34,25.57,26.46,27.39,25.81,27.27,28.29,26.62,20.73,21.2,20.43,13.16,13.63,12.68,10.97,11.21,10.77,11,11.03,10.94,11.51,11.53,11.5,6842,10420
2026-02-25 13:00:00,1.6,1.45,2.37,18.22,5.63,4.04,3.48,38.06,25.24,26.04,23.2,25.38,26.22,23.32,26.25,27.19,24.18,19.88,20.36,18.7,12.13,12.6,11.7,10.57,10.77,10.42,10.9,10.92,10.9,11.55,11.6,11.53,6847,10609
2026-02-25 12:00:00,1.49,1.31,2.4,18.38,5.69,4,3.58,38,21.95,22.72,21.42,22.14,22.84,21.55,23.14,24.06,22.37,18.05,18.45,17.77,11.13,11.62,10.58,10.26,10.4,10.18,10.9,10.91,10.9,11.61,11.62,11.59,6847,10802
2026-02-25 11:00:00,1.43,1.21,2.29,18.97,5.84,4.02,3.3,38.02,23.83,24.5,22.49,24.03,24.75,22.73,25.98,26.81,24.15,18,18.83,16.93,9.87,10.47,9.25,10.09,10.14,10.06,10.9,10.9,10.9,11.62,11.62,11.62,6844,10884
2026-02-25 10:00:00,1.27,1.05,2.21,19.13,5.98,4.03,3.22,38.02,22.07,23.56,21.19,21.98,23.68,20.84,23.87,25.78,22.65,14.6,16.59,12.65,8.65,9.14,8.21,10.06,10.07,10.03,10.9,10.9,10.9,11.63,11.67,11.62,6842,10845
2026-02-25 09:00:00,1.06,0.88,1.98,18.52,6.01,4.05,3.19,38.01,16.01,20.84,9.6,15.46,20.59,8.97,16.84,22.37,9.6,9.35,12.2,6.28,8,8.18,7.95,10.12,10.2,10.06,10.98,11.06,10.9,11.72,11.74,11.67,6826,10451
2026-02-25 08:00:00,1.13,1.19,2.15,18.59,5.97,4.57,3.17,38.02,3.66,8.24,2.04,3.15,7.59,1.56,3.06,8.07,1.26,4.24,5.7,3.79,8.09,8.22,7.97,10.34,10.42,10.26,11.17,11.26,11.1,11.76,11.84,11.73,6573,6874
2026-02-25 07:00:00,1.15,1.29,2.27,18.45,5.68,4.54,3.18,38.03,2.01,2.15,1.92,1.61,1.79,1.51,1.41,1.56,1.24,4,4.17,3.81,8.41,8.55,8.28,10.56,10.66,10.43,11.32,11.37,11.26,11.85,11.85,11.82,6493,1961
2026-02-25 06:00:00,1.17,1.32,2.2,18.11,5.47,4.6,3.17,38.02,2.39,2.51,2.15,2,2.15,1.79,1.82,1.92,1.64,4.37,4.52,4.21,8.74,8.89,8.57,10.8,10.89,10.66,11.47,11.56,11.37,11.88,11.93,11.85,6502,0
2026-02-25 05:00:00,1.2,1.33,2.14,17.8,5.3,4.46,3.19,38,2.74,3.21,2.51,2.37,2.77,2.15,2.17,2.51,1.93,4.76,4.98,4.55,9.1,9.27,8.92,11.03,11.13,10.9,11.63,11.73,11.59,11.96,11.97,11.93,6510,0
2026-02-25 04:00:00,1.25,1.37,2.15,17.55,5.08,3.94,3.19,38.01,3.34,3.57,3.2,2.94,3.22,2.75,2.72,2.98,2.51,5.19,5.44,4.98,9.49,9.68,9.35,11.28,11.37,11.16,11.76,11.84,11.73,11.97,11.97,11.96,6522,0
2026-02-25 03:00:00,1.3,1.45,2.09,17.28,5.02,3.87,3.22,38.02,3.72,4.04,3.5,3.34,3.57,3.2,3.12,3.33,2.97,5.64,5.84,5.43,9.89,10.08,9.72,11.52,11.62,11.39,11.88,11.95,11.85,11.97,11.97,11.97,6530,0
2026-02-25 02:00:00,1.33,1.45,2.05,17.01,5.06,3.79,3.22,38.02,4.26,4.52,4.05,3.83,4.13,3.57,3.59,3.92,3.33,6.15,6.41,5.93,10.33,10.56,10.1,11.76,11.84,11.65,12.01,12.08,11.96,11.97,11.97,11.97,6539,0
2026-02-25 01:00:00,1.3,1.36,1.92,16.79,5.04,3.8,3.21,38.02,4.93,5.55,4.42,4.59,5.23,4.11,4.38,4.89,3.93,6.74,7.01,6.42,10.77,10.98,10.56,11.99,12.1,11.85,12.14,12.2,12.08,11.97,11.97,11.96,6546,0
2026-02-25 00:00:00,1.34,1.28,1.85,16.6,5.07,3.8,3.24,38.03,5.79,6.17,5.35,5.48,5.89,4.98,5.26,5.69,4.87,7.36,7.47,7.1,11.24,11.49,11.03,12.28,12.42,12.19,12.2,12.22,12.2,11.92,11.96,11.87,6533,0
2026-02-24 23:00:00,1.27,1.24,1.79,16.35,5.13,3.78,3.23,38.05,5.48,5.7,5.33,5.24,5.48,5.01,5.15,5.45,4.88,7.84,8.17,7.57,11.79,12.09,11.5,12.53,12.67,12.43,12.24,12.27,12.22,11.85,11.87,11.84,6550,0
2026-02-24 22:00:00,1.17,1.08,1.68,16.27,5.15,3.75,3.24,38.05,6,6.41,5.82,5.78,6.17,5.58,5.69,6.05,5.46,8.56,9.01,8.18,12.47,12.8,12.13,12.77,12.9,12.67,12.21,12.24,12.2,11.76,11.82,11.73,6577,0
2026-02-24 21:00:00,1.17,0.95,1.63,16.24,5.16,3.76,3.23,38.1,7.03,7.59,6.51,6.81,7.39,6.28,6.74,7.36,6.17,9.61,10.2,9.13,13.2,13.53,12.84,12.97,13.02,12.9,12.15,12.2,12.08,11.68,11.73,11.62,6595,0
2026-02-24 20:00:00,1.08,0.94,1.63,16.27,5.24,3.76,3.23,38.05,8.65,9.97,7.71,8.44,9.72,7.49,8.33,9.47,7.47,11.11,11.97,10.31,14,14.38,13.63,13.03,13.04,13.02,12.01,12.08,11.96,11.6,11.62,11.56,6626,0
2026-02-24 19:00:00,1.17,1.05,1.77,16.37,5.32,4.15,3.31,38.09,12.25,15.04,10.31,12.11,14.96,9.97,11.97,14.84,9.82,13.49,15.04,12.16,14.82,15.17,14.46,12.97,13.02,12.9,11.81,11.94,11.73,11.51,11.54,11.5,6675,0
2026-02-24 18:00:00,1.42,1.31,2.2,16.87,5.51,4.48,3.22,38.05,20.63,25.68,15.73,20.44,25.57,15.64,20.23,25.48,15.52,17.13,18.94,15.33,15.39,15.52,15.17,12.73,12.89,12.55,11.59,11.72,11.49,11.44,11.5,11.39,6809,8387
2026-02-24 17:00:00,1.81,1.65,2.68,17.79,5.67,4.5,3.2,38.06,29.57,31.73,25.57,29.52,31.84,25.44,30.35,33.25,25.37,20.93,22.23,19.07,15.49,15.53,15.4,12.33,12.55,12.12,11.34,11.46,11.25,11.38,11.4,11.37,6844,10483
2026-02-24 16:00:00,1.97,1.79,2.86,18.2,5.73,4.48,3.22,38.09,31.81,32.41,31.53,31.89,32.43,31.64,33.28,33.84,33,22.49,22.66,22.25,15.1,15.37,14.81,11.83,12.07,11.59,11.1,11.21,11.02,11.35,11.38,11.33,6849,10538
2026-02-24 15:00:00,1.92,1.73,2.79,18.37,5.81,4.52,3.22,38.14,31.41,32.07,30.65,31.57,32.09,30.89,32.95,33.37,32.43,22.57,22.73,22.34,14.29,14.7,13.85,11.27,11.54,11.01,10.89,11,10.8,11.33,11.35,11.31,6849,10557
2026-02-24 14:00:00,1.81,1.58,2.64,18.52,5.89,4.57,3.21,38.13,28.51,30.42,26.63,29.07,30.75,27.44,30.41,32.18,28.76,21.67,22.25,20.97,13.19,13.75,12.68,10.73,10.98,10.53,10.75,10.78,10.69,11.34,11.37,11.33,6847,10380
2026-02-24 13:00:00,1.67,1.48,2.44,18.74,6.11,4.57,3.24,38.15,25.41,26.28,23.71,26.07,26.99,24.28,27.48,28.29,25.76,20.33,20.78,19.39,12,12.57,11.49,10.27,10.47,10.06,10.66,10.67,10.66,11.37,11.38,11.36,6847,10703
2026-02-24 12:00:00,1.51,1.25,2.35,19.02,6.25,4.62,3.26,38.17,23.01,23.44,22.73,23.58,24.03,23.31,25.32,26.04,24.74,18.72,19.06,18.12,10.82,11.38,10.2,9.93,10.06,9.83,10.66,10.66,10.66,11.38,11.39,11.38,6847,10853
2026-02-24 11:00:00,1.39,1.13,2.28,19.47,6.44,4.65,3.29,38.2,23.06,23.56,22.61,23.3,23.91,22.85,25.42,26.13,24.98,17.33,18.2,16.36,9.49,10.08,8.89,9.73,9.83,9.63,10.58,10.66,10.55,11.39,11.4,11.38,6847,10951
2026-02-24 10:00:00,1.26,1.03,2.22,19.89,6.6,4.78,3.29,38.22,21.69,22.85,20.25,21.5,22.94,19.84,23.44,25.02,21.61,14.13,16.06,12.09,8.35,8.84,7.95,9.59,9.6,9.59,10.55,10.55,10.55,11.44,11.5,11.39,6842,10751
2026-02-24 09:00:00,1.04,0.85,2.24,20.03,6.74,4.83,3.33,38.27,15.63,20.12,10.68,15.05,19.66,9.96,16.4,21.31,10.79,9.07,11.73,6.31,7.73,7.89,7.64,9.68,9.83,9.59,10.63,10.71,10.55,11.5,11.5,11.49,6826,9829
2026-02-24 08:00:00,1.08,1.14,2.45,20.48,6.82,4.5,3.32,38.26,3.83,9.79,1.67,3.27,9.01,1.21,3.18,9.6,0.97,3.96,5.81,3.43,7.79,7.92,7.7,9.9,10.03,9.83,10.82,10.9,10.76,11.56,11.62,11.5,6568,6866
2026-02-24 07:00:00,1.15,1.27,2.46,20.22,6.8,4.16,3.31,38.23,1.99,2.27,1.68,1.57,1.8,1.22,1.25,1.44,0.97,3.58,3.69,3.45,8.05,8.18,7.95,10.14,10.27,10.06,11.01,11.14,10.9,11.65,11.73,11.62,6493,2009
2026-02-24 06:00:00,1.17,1.28,2.36,19.41,6.79,4.12,3.3,38.2,2.3,2.43,2.15,1.81,2.02,1.58,1.44,1.57,1.24,3.83,3.92,3.72,8.36,8.54,8.21,10.38,10.51,10.3,11.22,11.28,11.14,11.73,11.73,11.73,6502,0
2026-02-24 05:00:00,1.16,1.3,2.27,18.75,6.72,4.09,3.28,38.21,2.36,2.5,2.25,1.93,2.05,1.76,1.62,1.81,1.44,4.13,4.29,3.95,8.66,8.78,8.55,10.63,10.77,10.54,11.39,11.49,11.32,11.76,11.81,11.73,6510,0
2026-02-24 04:00:00,1.2,1.28,2.17,18.42,6.46,4.04,3.27,38.19,2.81,3.11,2.5,2.38,2.73,2.04,2.09,2.38,1.8,4.51,4.64,4.34,8.98,9.14,8.81,10.9,11.01,10.77,11.55,11.61,11.49,11.83,11.85,11.8,6517,0
2026-02-24 03:00:00,1.2,1.32,2.1,17.87,5.84,4.01,3.27,38.18,2.62,2.98,2.51,2.23,2.52,2.14,2.05,2.23,1.96,4.8,4.98,4.64,9.39,9.6,9.21,11.16,11.28,11.01,11.7,11.76,11.61,11.85,11.85,11.85,6524,0
2026-02-24 02:00:00,1.23,1.34,2.07,17.55,5.51,4.01,3.25,38.18,2.72,2.94,2.56,2.39,2.58,2.27,2.26,2.4,2.15,5.21,5.46,4.98,9.85,10.08,9.62,11.45,11.6,11.34,11.86,11.93,11.8,11.85,11.85,11.84,6533,0
2026-02-24 01:00:00,1.28,1.37,2.07,17.23,5.35,3.97,3.25,38.18,3.15,3.46,2.98,2.82,3.1,2.63,2.69,2.98,2.51,5.72,6.01,5.46,10.36,10.61,10.1,11.74,11.85,11.6,11.97,12.02,11.96,11.83,11.85,11.81,6539,0
2026-02-24 00:00:00,1.3,1.38,2.02,17.02,5.31,3.73,3.22,38.18,3.78,4.15,3.49,3.44,3.79,3.14,3.29,3.6,2.99,6.34,6.64,6.05,10.93,11.24,10.67,12.04,12.19,11.93,12.07,12.08,12.05,11.74,11.78,11.73,6528,0
2026-02-23 23:00:00,1.3,1.32,1.89,16.81,5.2,3.57,3.22,38.19,4.56,4.89,4.19,4.22,4.63,3.87,4.04,4.42,3.69,7.12,7.56,6.76,11.56,11.86,11.27,12.33,12.44,12.19,12.08,12.09,12.08,11.71,11.73,11.65,6550,0
2026-02-23 22:00:00,1.26,1.2,1.78,16.61,5.14,3.56,3.21,38.21,5.34,5.7,4.98,5.03,5.47,4.64,4.9,5.35,4.51,8.03,8.49,7.6,12.24,12.57,11.87,12.61,12.73,12.5,12.08,12.08,12.07,11.62,11.64,11.61,6573,0
2026-02-23 21:00:00,1.24,1,1.61,16.58,5.12,3.54,3.25,38.24,6.44,7.21,5.82,6.12,6.85,5.5,6,6.65,5.41,9.14,9.76,8.58,13.01,13.39,12.68,12.83,12.9,12.76,11.99,12.08,11.96,11.53,11.61,11.5,6591,0
2026-02-23 20:00:00,1.12,0.9,1.59,16.59,5.18,3.56,3.23,38.23,8.19,9.25,7.23,7.88,8.99,6.88,7.72,8.8,6.76,10.72,11.65,9.93,13.86,14.24,13.45,12.9,12.9,12.9,11.83,11.93,11.73,11.44,11.5,11.38,6624,0
2026-02-23 19:00:00,1.12,0.96,1.7,16.84,5.48,4.19,3.21,38.21,11.59,14.36,9.49,11.4,14.22,9.24,11.16,13.86,9.03,13.09,14.57,11.85,14.72,15.06,14.34,12.83,12.9,12.74,11.64,11.73,11.51,11.34,11.38,11.28,6662,0
2026-02-23 18:00:00,1.4,1.31,2.16,17.3,5.48,4.51,3.19,38.24,20.95,27.11,15.16,20.7,27.11,14.95,20.18,26.88,14.57,16.97,19.18,14.89,15.35,15.52,15.16,12.56,12.69,12.42,11.4,11.49,11.27,11.26,11.27,11.26,6753,7004
2026-02-23 17:00:00,1.84,1.7,2.73,18.36,5.58,4.59,3.2,38.26,31.29,33.88,26.4,31.12,33.78,26.28,31.69,34.66,26.24,21.37,22.71,19.29,15.41,15.52,15.27,12.15,12.36,11.96,11.16,11.26,11.02,11.23,11.26,11.18,6847,10309
2026-02-23 16:00:00,1.99,1.79,2.9,18.77,5.64,4.58,3.19,38.3,33.08,33.46,32.45,33.07,33.37,32.55,34.28,34.55,33.97,22.93,23.08,22.81,14.91,15.2,14.58,11.62,11.84,11.37,10.9,11.02,10.79,11.15,11.18,11.14,6849,10420
2026-02-23 15:00:00,1.9,1.74,2.8,18.97,5.65,4.55,3.2,38.32,31.17,32.31,29.94,31.25,32.31,30.18,32.79,33.88,31.64,22.48,22.85,22,14.07,14.47,13.63,11.07,11.37,10.79,10.71,10.78,10.65,11.14,11.15,11.14,6849,10431
2026-02-23 14:00:00,1.84,1.59,2.63,19.11,5.65,4.58,3.23,38.37,27.91,29.6,26.84,28.49,29.91,27.59,29.96,31.32,29.23,21.21,21.78,20.84,13.02,13.53,12.45,10.52,10.77,10.3,10.56,10.62,10.55,11.15,11.16,11.14,6849,10424
2026-02-23 13:00:00,1.71,1.46,2.46,19.49,5.67,4.59,3.26,38.4,26.44,27.22,24.85,27.17,27.94,25.47,28.97,29.82,27.22,20.51,20.84,19.54,11.79,12.34,11.25,10.06,10.29,9.89,10.48,10.53,10.44,11.18,11.22,11.16,6847,10632
2026-02-23 12:00:00,1.49,1.3,2.33,19.73,5.82,4.62,3.28,38.4,23.59,24.62,22.71,24.04,25.21,22.95,25.69,27.12,24.15,18.36,19.42,17.59,10.58,11.14,9.99,9.73,9.84,9.6,10.44,10.46,10.43,11.24,11.25,11.2,6847,10817
2026-02-23 11:00:00,1.36,1.14,2.23,20.15,6.03,4.66,3.29,38.4,23.83,24.32,22.6,24.01,24.5,22.86,26.23,26.85,24.86,17.4,17.98,16.41,9.26,9.89,8.66,9.56,9.6,9.47,10.43,10.43,10.42,11.26,11.26,11.25,6847,10947
2026-02-23 10:00:00,1.23,1.05,2.23,20.59,6.21,4.7,3.28,38.4,21.54,23.68,18.36,21.38,23.56,18.14,23.43,25.8,20.01,13.98,16.11,11.6,8.08,8.55,7.7,9.47,9.47,9.47,10.46,10.54,10.43,11.27,11.3,11.26,6847,10869
2026-02-23 09:00:00,1.05,0.9,2.21,20.78,6.3,4.73,3.27,38.36,14.98,17.86,10.44,14.48,17.65,9.62,15.88,19.42,10.43,8.78,11.18,5.82,7.44,7.6,7.36,9.58,9.7,9.5,10.59,10.66,10.55,11.35,11.38,11.3,6822,8907
2026-02-23 08:00:00,1.04,1.19,2.6,21.4,6.28,4.73,3.25,38.37,3.29,9.38,1.31,2.74,8.54,0.87,2.62,9.1,0.62,3.54,5.34,3.07,7.55,7.7,7.44,9.8,9.92,9.71,10.73,10.78,10.66,11.42,11.48,11.38,6550,6842
2026-02-23 07:00:00,1.11,1.35,2.68,21.27,6.23,4.61,3.25,38.39,1.47,1.59,1.28,0.96,1.09,0.76,0.64,0.81,0.5,3.25,3.45,3.1,7.86,8.01,7.72,10.02,10.16,9.93,10.89,10.97,10.8,11.5,11.5,11.5,6488,1500
2026-02-23 06:00:00,1.1,1.32,2.61,20.91,6.16,4.53,3.21,38.39,1.81,1.92,1.67,1.38,1.51,1.2,1.1,1.27,0.87,3.63,3.81,3.45,8.17,8.31,8.06,10.26,10.39,10.18,11.07,11.14,11,11.53,11.59,11.5,6497,0
2026-02-23 05:00:00,1.16,1.33,2.44,20.38,6.14,4.31,3.21,38.38,2.1,2.19,1.98,1.71,1.8,1.58,1.43,1.55,1.32,4.01,4.17,3.86,8.5,8.66,8.32,10.5,10.63,10.42,11.2,11.26,11.14,11.61,11.62,11.59,6506,0
2026-02-23 04:00:00,1.15,1.34,2.31,19.61,6.07,3.95,3.2,38.4,2.36,2.63,2.04,1.97,2.27,1.68,1.76,2.02,1.52,4.45,4.63,4.27,8.87,9.02,8.67,10.73,10.84,10.66,11.32,11.37,11.26,11.62,11.62,11.62,6519,0
2026-02-23 03:00:00,1.17,1.29,2.25,19,6,3.92,3.2,38.4,3.04,3.33,2.63,2.62,2.88,2.27,2.36,2.68,2.03,4.92,5.12,4.75,9.24,9.39,9.06,10.95,11.03,10.89,11.46,11.55,11.37,11.62,11.63,11.62,6528,0
2026-02-23 02:00:00,1.24,1.35,2.2,18.68,5.71,3.9,3.24,38.41,3.87,4.16,3.44,3.42,3.7,2.99,3.07,3.33,2.74,5.37,5.58,5.19,9.65,9.85,9.49,11.22,11.36,11.08,11.62,11.68,11.6,11.62,11.62,11.62,6537,0
2026-02-23 01:00:00,1.34,1.41,2.13,18.08,5.24,3.9,3.22,38.4,4.21,4.36,4.05,3.77,3.96,3.57,3.46,3.69,3.31,5.8,5.98,5.59,10.1,10.32,9.85,11.46,11.6,11.37,11.72,11.74,11.7,11.62,11.62,11.61,6542,0
2026-02-23 00:00:00,1.34,1.41,2.05,17.7,5.08,3.86,3.24,38.43,4.19,4.4,3.94,3.81,4.04,3.56,3.58,3.81,3.33,6.31,6.64,6.05,10.63,10.91,10.42,11.73,11.84,11.6,11.78,11.84,11.73,11.56,11.62,11.5,6528,0
2026-02-22 23:00:00,1.29,1.33,1.92,17.39,5.11,3.82,3.25,38.45,4.75,5.21,4.4,4.44,4.87,4.05,4.24,4.64,3.82,7.05,7.47,6.67,11.22,11.5,10.91,12.01,12.15,11.89,11.83,11.85,11.82,11.5,11.51,11.47,6550,0
2026-02-22 22:00:00,1.31,1.26,1.79,17.08,5.18,3.84,3.26,38.43,5.5,5.81,5.26,5.21,5.45,4.98,5,5.24,4.75,7.84,8.26,7.47,11.88,12.21,11.56,12.27,12.38,12.19,11.78,11.84,11.73,11.41,11.49,11.38,6575,0
2026-02-22 21:00:00,1.23,1.02,1.63,17.04,5.19,3.82,3.25,38.43,6.45,7.06,5.94,6.14,6.77,5.58,5.94,6.53,5.36,8.88,9.47,8.34,12.62,12.99,12.31,12.47,12.55,12.42,11.7,11.73,11.61,11.3,11.38,11.26,6593,0
2026-02-22 20:00:00,1.13,0.91,1.62,17.01,5.23,3.81,3.25,38.44,8.01,8.88,7.23,7.75,8.64,6.94,7.57,8.54,6.71,10.37,11.26,9.6,13.43,13.77,13.04,12.55,12.55,12.54,11.55,11.61,11.49,11.2,11.26,11.14,6624,0
2026-02-22 19:00:00,1.11,0.96,1.69,17.11,5.36,4.05,3.22,38.45,11,13.6,9.04,10.9,13.54,8.89,10.76,13.36,8.77,12.61,14.01,11.38,14.25,14.58,13.87,12.45,12.54,12.37,11.34,11.45,11.26,11.14,11.14,11.13,6662,0
2026-02-22 18:00:00,1.35,1.26,2.1,17.61,5.57,4.38,3.24,38.43,19.48,25.66,14.21,19.32,25.51,14.19,19.02,25.21,13.96,16.3,18.45,14.33,14.87,15.04,14.67,12.19,12.32,12.05,11.11,11.25,11,11.04,11.11,11.02,6751,7004
2026-02-22 17:00:00,1.81,1.67,2.69,18.79,5.72,4.56,3.22,38.44,29.91,32.18,25.21,29.81,32.18,25.1,30.58,33.39,25.03,20.68,21.86,18.59,14.93,15.05,14.79,11.77,11.97,11.55,10.84,10.94,10.74,11.02,11.02,11.01,6842,10077
2026-02-22 16:00:00,2.05,1.89,2.96,19.24,5.78,4.52,3.22,38.49,31.38,31.6,31.01,31.39,31.6,31.01,32.55,32.71,32.31,22.12,22.22,21.9,14.48,14.71,14.21,11.25,11.48,11.01,10.6,10.71,10.54,10.98,11.02,10.96,6849,10530
2026-02-22 15:00:00,1.94,1.79,2.85,19.46,5.84,4.45,3.25,38.53,30.42,31.59,29.48,30.51,31.52,29.73,31.98,32.8,31.38,22.01,22.25,21.66,13.68,14.1,13.23,10.67,10.92,10.42,10.39,10.48,10.31,10.96,10.99,10.95,6849,10494
2026-02-22 14:00:00,1.85,1.59,2.6,19.64,6,4.44,3.28,38.54,27.64,29.14,26.87,28.29,29.46,27.7,30.16,31.06,29.59,20.88,21.46,20.48,12.56,13.14,11.97,10.12,10.4,9.88,10.25,10.31,10.18,10.98,11.01,10.96,6849,10400
2026-02-22 13:00:00,1.68,1.46,2.44,19.9,6.21,4.46,3.34,38.55,25.74,26.98,24.15,26.55,27.82,24.86,28.56,29.72,26.87,19.57,20.36,18.45,11.26,11.86,10.67,9.65,9.83,9.47,10.18,10.18,10.18,11.02,11.02,11.01,6849,10565
2026-02-22 12:00:00,1.46,1.26,2.31,20.07,6.41,4.45,3.35,38.59,22.32,24.03,20.56,22.89,24.74,21.08,24.68,26.79,22.73,17.13,18.27,16.45,10.03,10.56,9.43,9.31,9.46,9.21,10.18,10.18,10.18,11.02,11.03,11.02,6847,10806
2026-02-22 11:00:00,1.38,1.11,2.25,20.51,6.64,4.32,3.36,38.59,23,23.32,21.78,23.24,23.68,22.38,25.42,25.92,24.6,16.47,17.17,15.4,8.65,9.29,8.07,9.08,9.14,9,10.13,10.18,10.08,11.03,11.08,11.02,6847,10955
2026-02-22 10:00:00,1.19,1.07,2.19,20.89,6.83,4.4,3.39,38.62,21.14,22.61,19.48,20.87,22.49,18.95,22.86,24.64,20.67,13.14,15.04,11.02,7.47,7.96,7.01,9,9,9,10.16,10.24,10.09,11.12,11.14,11.09,6847,10821
2026-02-22 09:00:00,1.02,0.81,2.12,21.09,6.98,4.43,3.35,38.68,14.55,18.45,8.97,13.95,18,8.3,15.29,19.65,9.13,7.95,10.55,5.04,6.82,7.01,6.77,9.1,9.18,9,10.32,10.42,10.25,11.15,11.19,11.14,6826,8182
2026-02-22 08:00:00,1.04,1.22,2.55,21.62,7.06,4.34,3.32,38.62,2.29,7.71,0.5,1.81,7.01,0.14,1.76,7.59,-0.08,2.91,4.48,2.49,6.91,7.01,6.77,9.32,9.47,9.24,10.48,10.55,10.43,11.24,11.26,11.2,6542,6835
2026-02-22 07:00:00,1.12,1.37,2.64,21.44,7.01,4.39,3.26,38.58,0.7,0.84,0.62,0.33,0.48,0.21,0.08,0.21,-0.05,2.63,2.75,2.51,7.18,7.36,7.01,9.58,9.71,9.47,10.63,10.68,10.55,11.28,11.34,11.26,6484,1268
2026-02-22 06:00:00,1.14,1.39,2.53,20.99,6.82,4.2,3.22,38.54,0.98,1.21,0.71,0.61,0.77,0.38,0.38,0.5,0.24,2.95,3.1,2.79,7.54,7.72,7.36,9.84,9.95,9.71,10.78,10.83,10.73,11.37,11.38,11.33,6493,0
2026-02-22 05:00:00,1.15,1.39,2.4,20.41,6.74,4.01,3.24,38.56,1.32,1.54,1.09,0.9,1.09,0.74,0.64,0.87,0.46,3.3,3.45,3.11,7.93,8.09,7.75,10.08,10.18,9.95,10.92,11.02,10.9,11.39,11.42,11.38,6504,0
2026-02-22 04:00:00,1.17,1.39,2.37,19.65,6.54,3.97,3.22,38.59,1.58,1.68,1.5,1.22,1.4,1.1,1.01,1.21,0.9,3.7,3.92,3.5,8.33,8.55,8.14,10.33,10.43,10.18,11.07,11.14,11.02,11.46,11.5,11.44,6513,0
2026-02-22 03:00:00,1.22,1.35,2.34,19.26,6,3.94,3.24,38.61,1.92,2.06,1.74,1.58,1.7,1.44,1.42,1.55,1.27,4.11,4.28,3.92,8.72,8.89,8.55,10.58,10.66,10.45,11.19,11.26,11.14,11.5,11.5,11.49,6524,0
2026-02-22 02:00:00,1.25,1.39,2.23,18.73,5.53,3.91,3.21,38.62,2.14,2.5,1.92,1.86,2.15,1.67,1.74,2.03,1.56,4.59,4.86,4.36,9.16,9.37,8.93,10.81,10.91,10.67,11.31,11.37,11.26,11.5,11.5,11.49,6533,0
2026-02-22 01:00:00,1.29,1.45,2.18,18.37,5.26,3.88,3.22,38.62,2.72,2.98,2.43,2.46,2.75,2.16,2.33,2.63,2.03,5.13,5.37,4.87,9.64,9.85,9.41,11.06,11.2,10.97,11.39,11.46,11.37,11.47,11.5,11.45,6542,0
2026-02-22 00:00:00,1.34,1.4,2.11,18,5.13,3.85,3.23,38.61,3.41,3.79,3.1,3.13,3.46,2.86,3.01,3.33,2.74,5.75,6.05,5.46,10.14,10.33,9.93,11.32,11.45,11.23,11.49,11.5,11.47,11.39,11.43,11.38,6528,0
2026-02-21 23:00:00,1.31,1.34,2.01,17.71,5.13,3.77,3.24,38.61,3.95,4.28,3.7,3.71,4.05,3.45,3.59,3.97,3.33,6.41,6.76,6.05,10.67,10.91,10.44,11.57,11.72,11.48,11.49,11.51,11.49,11.33,11.38,11.27,6550,0
2026-02-21 22:00:00,1.17,1.19,1.86,17.56,5.18,3.78,3.24,38.62,4.7,4.98,4.31,4.48,4.79,4.11,4.41,4.75,4.04,7.24,7.69,6.81,11.32,11.62,11.03,11.81,11.94,11.72,11.49,11.49,11.48,11.26,11.28,11.25,6575,0
2026-02-21 21:00:00,1.09,1.02,1.69,17.5,5.25,3.81,3.25,38.64,5.58,6.09,5.09,5.38,5.93,4.87,5.29,5.82,4.75,8.24,8.78,7.72,12.02,12.33,11.71,12.01,12.07,11.96,11.41,11.49,11.37,11.16,11.23,11.14,6593,0
2026-02-21 20:00:00,1.09,0.88,1.59,17.5,5.28,3.8,3.23,38.62,6.98,7.95,6.17,6.76,7.71,5.97,6.66,7.59,5.94,9.58,10.4,8.89,12.78,13.16,12.45,12.07,12.08,12.07,11.27,11.37,11.15,11.09,11.14,11.03,6624,0
2026-02-21 19:00:00,1.1,0.93,1.69,17.58,5.34,3.86,3.25,38.6,10.15,12.68,8.18,9.95,12.55,7.95,9.73,12.2,7.83,11.76,13.15,10.55,13.57,13.88,13.22,11.99,12.07,11.89,11.07,11.14,10.97,11.02,11.02,11.02,6666,0
2026-02-21 18:00:00,1.33,1.24,2.09,17.91,5.49,3.97,3.23,38.65,18.33,24.03,13.34,17.9,23.56,13.15,17.42,23.08,12.8,15.29,17.35,13.4,14.17,14.34,13.98,11.72,11.85,11.59,10.82,10.92,10.72,10.96,11.01,10.92,6755,7008
2026-02-21 17:00:00,1.79,1.63,2.68,19.06,5.74,3.99,3.24,38.67,29.85,32.68,24.03,29.57,32.5,23.73,30.13,33.59,23.32,19.87,21.43,17.52,14.24,14.34,14.1,11.31,11.5,11.08,10.6,10.69,10.5,10.91,10.93,10.91,6844,10687
2026-02-21 16:00:00,2.07,1.88,2.99,19.63,5.83,4,3.27,38.67,32.07,32.66,30.91,31.94,32.48,30.89,33.17,33.56,32.18,21.73,21.9,21.55,13.71,14,13.39,10.79,11.01,10.54,10.37,10.43,10.29,10.91,10.91,10.91,6849,10427
2026-02-21 15:00:00,1.93,1.74,2.82,19.76,5.93,4.02,3.32,38.71,29.28,30.79,27.56,29.36,30.77,27.83,30.79,32.16,29.35,20.98,21.49,20.36,12.84,13.28,12.34,10.25,10.52,10,10.19,10.29,10.12,10.91,10.91,10.91,6849,10404
2026-02-21 14:00:00,1.83,1.6,2.65,19.95,6.09,4.07,3.33,38.75,26.14,27.22,25.1,26.73,27.58,25.92,28.31,29.11,27.58,19.53,20.24,19.04,11.75,12.32,11.21,9.74,9.95,9.52,10.08,10.12,10.07,10.91,10.91,10.91,6847,10687
2026-02-21 13:00:00,1.66,1.48,2.5,20.21,6.23,4.1,3.34,38.81,24.25,24.97,23.32,25.02,25.75,24.03,26.75,27.46,25.79,18.07,18.94,17.24,10.52,11.12,9.96,9.31,9.47,9.13,10.06,10.07,10.04,10.92,10.94,10.91,6847,10715
2026-02-21 12:00:00,1.45,1.24,2.37,20.42,6.45,4.15,3.36,38.79,21.13,23.09,19.54,21.61,23.79,19.89,23.08,25.45,20.93,15.79,16.95,15.04,9.37,9.85,8.84,9.01,9.12,8.89,10.04,10.06,10.01,10.99,11.02,10.96,6847,10904
2026-02-21 11:00:00,1.29,1.13,2.25,20.94,6.64,4.2,3.4,38.79,20.59,20.96,19.91,20.88,21.36,20.08,22.86,23.32,22.02,14.95,15.75,13.92,8.17,8.74,7.61,8.81,8.88,8.76,9.95,10,9.93,11.02,11.02,11.02,6847,11042
2026-02-21 10:00:00,1.25,1.01,2.21,21.29,6.87,4.23,3.43,38.83,19.76,20.29,18.36,19.57,20.15,17.99,21.49,22.14,19.77,12.25,13.7,10.31,7.06,7.56,6.65,8.78,8.87,8.76,9.95,9.96,9.93,11.06,11.13,11.02,6842,10955
2026-02-21 09:00:00,1,0.82,2.11,21,7.06,4.29,3.47,38.9,13.78,17.53,9.01,13.28,17.2,8.3,14.76,19.06,9.02,7.3,9.84,4.4,6.47,6.62,6.42,8.92,9,8.88,10.09,10.18,9.99,11.14,11.15,11.13,6822,9726
2026-02-21 08:00:00,1.03,1.26,2.54,20.96,7.11,4.27,3.45,38.87,1.57,7.31,-0.31,1.12,6.63,-0.62,0.96,7.24,-0.9,2.16,3.81,1.72,6.58,6.72,6.44,9.09,9.21,9,10.26,10.35,10.18,11.22,11.26,11.15,6539,6839
2026-02-21 07:00:00,1.09,1.42,2.62,20.83,7.02,4.21,3.33,38.8,0,0.34,-0.33,-0.29,0.03,-0.68,-0.52,-0.19,-0.98,2,2.15,1.8,6.87,7.01,6.76,9.35,9.47,9.24,10.47,10.55,10.41,11.27,11.32,11.26,6470,768
2026-02-21 06:00:00,1.11,1.42,2.56,20.69,6.73,4.11,3.26,38.72,0.33,0.47,0.15,-0.02,0.14,-0.19,-0.27,-0.13,-0.43,2.3,2.48,2.14,7.16,7.36,7.01,9.67,9.83,9.5,10.63,10.71,10.55,11.37,11.38,11.32,6484,0
2026-02-21 05:00:00,1.13,1.42,2.52,20.51,6.27,4.04,3.24,38.73,0.71,0.97,0.37,0.36,0.62,0.03,0.12,0.38,-0.18,2.72,2.91,2.51,7.55,7.72,7.36,9.92,10.06,9.83,10.81,10.9,10.77,11.42,11.48,11.38,6493,0
2026-02-21 04:00:00,1.15,1.41,2.47,20.29,5.84,3.97,3.23,38.75,1.2,1.34,0.89,0.81,0.97,0.57,0.5,0.62,0.27,3.11,3.33,2.96,7.97,8.18,7.75,10.16,10.29,10.06,10.95,11.02,10.9,11.49,11.5,11.47,6506,0
2026-02-21 03:00:00,1.15,1.42,2.4,19.98,5.58,3.94,3.23,38.76,1.55,1.91,1.33,1.15,1.45,0.96,0.87,1.21,0.63,3.56,3.81,3.33,8.39,8.57,8.18,10.38,10.47,10.3,11.09,11.14,11.02,11.5,11.5,11.5,6519,0
2026-02-21 02:00:00,1.23,1.45,2.24,19.69,5.39,3.91,3.25,38.78,2.33,2.63,1.95,1.97,2.28,1.56,1.63,1.92,1.25,4.1,4.38,3.81,8.81,9.02,8.63,10.59,10.66,10.51,11.19,11.26,11.14,11.5,11.5,11.5,6530,0
2026-02-21 01:00:00,1.33,1.47,2.18,19.29,5.17,3.88,3.22,38.79,3.06,3.34,2.68,2.7,3,2.34,2.36,2.67,2.02,4.68,4.96,4.4,9.24,9.47,9.02,10.76,10.89,10.66,11.27,11.31,11.26,11.5,11.5,11.5,6542,0
2026-02-21 00:00:00,1.37,1.46,2.2,18.8,5.11,3.83,3.22,38.8,3.34,3.45,3.23,2.98,3.1,2.87,2.71,2.84,2.63,5.24,5.55,4.98,9.68,9.88,9.49,11,11.13,10.89,11.37,11.37,11.37,11.5,11.5,11.5,6528,0
2026-02-20 23:00:00,1.37,1.41,2.1,18.28,5.1,3.71,3.21,38.81,3.7,4.04,3.45,3.41,3.69,3.1,3.21,3.57,2.86,5.94,6.29,5.58,10.18,10.44,9.96,11.26,11.37,11.13,11.38,11.4,11.37,11.44,11.5,11.39,6564,0
2026-02-20 22:00:00,1.22,1.24,1.91,18.22,5.11,3.72,3.22,38.81,4.52,4.86,4.07,4.24,4.57,3.81,4.06,4.4,3.65,6.77,7.21,6.39,10.74,11.03,10.44,11.45,11.56,11.37,11.37,11.38,11.37,11.38,11.39,11.36,6577,0
2026-02-20 21:00:00,1.07,1.03,1.74,18.13,5.16,3.75,3.21,38.85,5.46,5.94,4.92,5.23,5.72,4.64,5.11,5.58,4.52,7.74,8.18,7.24,11.37,11.63,11.1,11.63,11.71,11.58,11.35,11.37,11.28,11.29,11.36,11.26,6595,0
2026-02-20 20:00:00,1.06,0.92,1.63,18.11,5.21,3.75,3.23,39.25,6.67,7.59,5.94,6.49,7.41,5.77,6.36,7.24,5.66,8.92,9.6,8.3,12,12.32,11.73,11.72,11.72,11.72,11.22,11.27,11.14,11.25,11.26,11.24,6624,0
2026-02-20 19:00:00,1.08,0.95,1.7,18.11,5.25,3.78,3.22,38.77,9.56,12.09,7.84,9.44,11.96,7.64,9.26,11.69,7.47,10.85,12.08,9.81,12.63,12.92,12.34,11.65,11.72,11.59,11.07,11.14,10.99,11.17,11.24,11.14,6666,0
2026-02-20 18:00:00,1.34,1.27,2.04,18.37,5.31,3.89,3.2,38.77,16.53,19.89,12.68,16.37,19.9,12.56,16.06,19.89,12.25,13.83,15.28,12.32,13.13,13.28,12.92,11.44,11.59,11.28,10.86,10.97,10.78,11.14,11.14,11.14,6760,7012
2026-02-20 17:00:00,1.78,1.64,2.62,19.15,5.56,3.93,3.2,38.77,24.75,27.45,19.77,24.6,27.34,19.66,24.79,27.81,19.62,17.2,18.35,15.42,13.25,13.28,13.16,11.09,11.26,10.89,10.68,10.78,10.58,11.14,11.14,11.13,6826,9644
2026-02-20 16:00:00,1.98,1.88,2.85,19.73,5.68,3.95,3.22,38.79,26.39,26.65,26.24,26.53,26.74,26.4,27.49,27.81,27.22,18.96,19.19,18.45,12.86,13.15,12.57,10.66,10.89,10.44,10.49,10.55,10.43,11.14,11.14,11.13,6847,10833
2026-02-20 15:00:00,1.85,1.75,2.72,19.96,5.84,3.97,3.22,38.82,25.1,25.92,23.79,25.34,26.12,24.15,26.75,27.46,25.57,18.73,19.06,18.12,12.13,12.51,11.74,10.2,10.42,9.99,10.36,10.43,10.31,11.14,11.14,11.14,6847,10821
2026-02-20 14:00:00,1.75,1.52,2.59,20.07,5.91,3.98,3.23,38.83,22.67,23.32,21.55,23.3,23.72,22.38,24.85,25.33,23.91,17.49,18,16.9,11.21,11.63,10.77,9.78,9.95,9.59,10.29,10.31,10.26,11.14,11.14,11.14,6847,10924
2026-02-20 13:00:00,1.54,1.38,2.47,20.25,6.01,4,3.32,38.85,20.39,21.42,19.29,21.14,22.26,20,22.61,23.8,21.28,16.45,16.77,15.86,10.21,10.67,9.82,9.46,9.59,9.35,10.2,10.24,10.18,11.14,11.16,11.14,6847,10904
2026-02-20 12:00:00,1.37,1.17,2.35,20.51,6.02,4.04,3.33,38.9,17.72,19.18,16.26,18.16,19.87,16.58,19.18,21.07,17.27,14.43,15.63,13.59,9.38,9.72,8.92,9.22,9.35,9.13,10.17,10.18,10.13,11.19,11.25,11.14,6847,11089
2026-02-20 11:00:00,1.33,1.12,2.3,21.32,6.22,4.05,3.32,38.87,19.57,20.03,18.81,19.93,20.26,19.54,21.81,22.26,21.31,14.47,14.92,13.87,8.31,8.87,7.75,9.12,9.13,9.12,10.03,10.09,9.95,11.26,11.26,11.25,6844,11322
2026-02-20 10:00:00,1.2,0.96,2.2,21.72,6.45,4.08,3.32,38.89,19.57,20.12,18.95,19.41,20.06,18.7,21.32,22.04,20.35,11.99,13.62,10.07,7.17,7.64,6.77,9.12,9.12,9.12,9.95,9.97,9.95,11.28,11.34,11.26,6842,11042
2026-02-20 09:00:00,0.92,0.73,1.95,21.91,6.59,4.08,3.33,38.86,13.52,18.95,7.33,13,18.36,6.77,14.34,19.89,7.61,7.02,9.63,4.28,6.62,6.77,6.55,9.17,9.26,9.12,10.1,10.18,10.02,11.38,11.42,11.36,6824,9112
2026-02-20 08:00:00,1.05,1.27,2.36,22.33,6.59,4.02,3.31,38.88,1.46,5.98,0.11,1.12,5.47,-0.18,1.07,6.05,-0.33,2.37,3.69,2.03,6.72,6.81,6.65,9.4,9.47,9.33,10.27,10.37,10.18,11.49,11.5,11.46,6533,6835
2026-02-20 07:00:00,1.12,1.39,2.39,21.75,6.57,3.98,3.27,38.84,0.86,1.09,0.49,0.68,0.96,0.24,0.54,0.85,0.02,2.33,2.45,2.16,6.96,7.12,6.85,9.63,9.72,9.51,10.46,10.55,10.42,11.58,11.62,11.5,6470,665
2026-02-20 06:00:00,1.13,1.45,2.33,21.28,6.3,3.87,3.24,38.82,-0.09,0.26,-0.31,-0.34,0.03,-0.55,-0.5,-0.2,-0.67,2.24,2.39,2.14,7.28,7.44,7.13,9.87,9.95,9.77,10.63,10.74,10.55,11.65,11.73,11.62,6481,0
2026-02-20 05:00:00,1.15,1.46,2.27,20.95,5.77,3.74,3.22,38.8,0.2,0.38,-0.02,-0.05,0.07,-0.26,-0.18,-0.07,-0.43,2.59,2.74,2.43,7.59,7.72,7.48,10.08,10.18,9.95,10.83,10.9,10.77,11.73,11.73,11.72,6493,0
2026-02-20 04:00:00,1.18,1.46,2.22,20.54,5.38,3.74,3.21,38.8,0.55,0.73,0.42,0.3,0.48,0.15,0.15,0.38,0.02,2.94,3.1,2.75,7.94,8.07,7.79,10.31,10.42,10.18,11,11.14,10.9,11.79,11.85,11.73,6504,0
2026-02-20 03:00:00,1.26,1.49,2.21,20.2,5.16,3.73,3.2,38.83,0.88,1.09,0.74,0.65,0.86,0.5,0.54,0.76,0.38,3.3,3.45,3.15,8.29,8.46,8.12,10.57,10.66,10.43,11.2,11.26,11.14,11.85,11.86,11.85,6515,0
2026-02-20 02:00:00,1.3,1.53,2.21,19.81,5.11,3.47,3.18,38.81,1.22,1.44,0.97,1.01,1.28,0.79,0.94,1.21,0.73,3.69,3.92,3.47,8.68,8.89,8.53,10.81,10.92,10.7,11.36,11.47,11.26,11.91,11.96,11.86,6528,0
2026-02-20 01:00:00,1.29,1.46,2.2,19.38,5.12,3.47,3.17,38.8,1.61,2.04,1.33,1.46,1.9,1.14,1.39,1.8,1.1,4.18,4.4,3.92,9.09,9.31,8.89,11.09,11.25,11,11.55,11.61,11.49,11.96,11.97,11.95,6537,0
2026-02-20 00:00:00,1.19,1.32,2.01,19.15,5.1,3.52,3.18,38.8,2.17,2.28,2.04,1.99,2.08,1.88,1.86,2.03,1.69,4.7,4.96,4.51,9.57,9.84,9.37,11.35,11.48,11.25,11.68,11.73,11.61,11.97,11.97,11.97,6524,0
2026-02-19 23:00:00,1.04,1.18,1.87,18.99,5.11,3.58,3.18,38.8,2.66,2.96,2.39,2.45,2.81,2.15,2.39,2.77,2.05,5.29,5.6,4.98,10.1,10.33,9.85,11.58,11.71,11.48,11.78,11.85,11.73,11.97,11.97,11.97,6550,0
2026-02-19 22:00:00,0.97,1.01,1.78,18.9,5.1,3.61,3.21,38.8,3.42,3.93,3.09,3.25,3.69,2.97,3.19,3.66,2.86,6.02,6.41,5.7,10.63,10.9,10.41,11.8,11.9,11.72,11.88,11.95,11.85,11.96,11.97,11.95,6577,0
2026-02-19 21:00:00,0.95,0.91,1.6,18.85,5.12,3.64,3.25,38.83,5,5.82,4.05,4.75,5.58,3.81,4.56,5.35,3.71,6.96,7.47,6.51,11.18,11.46,10.91,12.01,12.08,11.96,11.96,11.96,11.95,11.89,11.93,11.85,6595,0
2026-02-19 20:00:00,1.05,0.87,1.64,18.88,5.18,3.67,3.24,38.85,7.42,8.53,6.06,7.2,8.3,5.82,6.99,8.07,5.58,8.22,8.84,7.58,11.81,12.1,11.5,12.19,12.27,12.1,11.94,11.96,11.91,11.85,11.86,11.85,6626,0
2026-02-19 19:00:00,1.04,0.9,1.7,18.98,5.22,3.66,3.22,39.03,9.47,11.26,8.66,9.24,11.02,8.42,8.96,10.77,8.18,9.66,10.64,8.93,12.48,12.8,12.21,12.31,12.31,12.3,11.84,11.86,11.8,11.83,11.85,11.79,6671,0
2026-02-19 18:00:00,1.23,1.13,1.93,19.18,5.24,3.75,3.2,38.84,13.79,16.6,11.5,13.68,16.7,11.34,13.52,16.86,11.03,11.96,13.39,10.78,13.13,13.39,12.8,12.24,12.31,12.19,11.73,11.77,11.66,11.75,11.79,11.73,6784,7039
2026-02-19 17:00:00,1.57,1.44,2.45,19.97,5.42,3.9,3.19,38.84,21.52,24.27,16.45,21.58,24.39,16.58,22.01,25.09,16.58,15.56,16.93,13.5,13.51,13.55,13.43,12.03,12.17,11.94,11.58,11.61,11.49,11.73,11.74,11.73,6822,9829
2026-02-19 16:00:00,1.81,1.66,2.77,20.64,5.53,3.89,3.18,38.84,24.07,24.39,23.91,24.17,24.39,24.03,25.03,25.21,24.86,17.6,17.87,17.17,13.44,13.53,13.28,11.74,11.9,11.6,11.44,11.5,11.37,11.73,11.73,11.73,6847,10896
2026-02-19 15:00:00,1.76,1.56,2.65,20.99,5.54,3.88,3.2,38.85,23.62,24.16,23.21,23.88,24.33,23.56,25.05,25.35,24.62,17.83,18,17.64,13,13.28,12.68,11.41,11.59,11.25,11.34,11.37,11.26,11.73,11.73,11.73,6847,10940
2026-02-19 14:00:00,1.63,1.47,2.53,21.23,5.49,3.87,3.2,38.87,22.26,24.28,20.25,22.77,24.74,20.71,24.12,26.42,21.7,16.96,18.07,15.87,12.33,12.65,12.09,11.1,11.25,10.96,11.26,11.26,11.25,11.73,11.74,11.73,6847,10955
2026-02-19 13:00:00,1.49,1.35,2.39,21.47,5.5,3.87,3.22,38.88,20.45,21.66,18.92,21.13,22.42,19.51,22.15,23.65,20.28,16.13,16.81,15.39,11.81,12.09,11.55,10.8,10.9,10.66,11.22,11.25,11.2,11.76,11.8,11.73,6847,11014
2026-02-19 12:00:00,1.4,1.21,2.31,21.96,5.56,3.91,3.25,38.89,19.72,21.88,17.89,20.25,22.49,18.36,21.05,23.84,18.9,15.71,17.04,14.93,11.18,11.5,10.73,10.58,10.66,10.51,11.16,11.22,11.14,11.83,11.85,11.79,6847,10999
2026-02-19 11:00:00,1.16,0.95,2.16,22.89,5.87,3.97,3.22,38.88,24.13,24.81,23.39,24.27,24.97,23.37,26.04,26.75,25.41,16.91,17.7,15.87,10.04,10.61,9.49,10.49,10.53,10.46,11.12,11.14,11.03,11.85,11.85,11.84,6847,11046
2026-02-19 10:00:00,1.07,0.86,2.15,23.2,6.03,3.99,3.19,38.93,21.65,23.33,18.29,21.42,23.29,17.95,23.44,25.21,20.12,13.73,15.63,11.49,8.98,9.37,8.66,10.43,10.46,10.42,11.1,11.14,11.02,11.85,11.85,11.85,6842,10853
2026-02-19 09:00:00,1.03,0.85,2.09,22.68,5.75,3.99,3.21,38.91,12.42,17.65,7.58,12.09,17.28,7.27,13.38,19.35,7.71,8.36,11,6.05,8.61,8.66,8.55,10.57,10.66,10.48,11.2,11.26,11.14,11.89,11.94,11.85,6826,8607
2026-02-19 08:00:00,1.32,1.41,2.58,22.88,5.53,3.95,3.2,38.9,3.65,6.46,2.63,3.38,6.19,2.4,3.35,6.5,2.33,4.79,5.69,4.52,8.85,9.02,8.66,10.78,10.89,10.66,11.35,11.41,11.26,11.97,11.97,11.96,6537,6831
2026-02-19 07:00:00,1.26,1.3,2.49,22.81,5.54,3.91,3.17,38.9,3.45,3.81,3.22,3.25,3.6,2.98,3.12,3.46,2.86,5.09,5.34,4.83,9.25,9.47,9.04,11.01,11.13,10.89,11.5,11.59,11.44,11.99,12.03,11.97,6481,196
2026-02-19 06:00:00,1.09,1.13,2.34,22.79,5.59,3.89,3.2,38.87,3.48,3.81,3.22,3.26,3.58,2.98,3.13,3.56,2.8,5.51,5.88,5.3,9.67,9.85,9.49,11.23,11.34,11.13,11.64,11.73,11.58,12.07,12.09,12.02,6486,0
2026-02-19 05:00:00,0.99,0.95,2.12,22.78,5.7,3.89,3.19,38.89,5.15,5.82,3.99,4.97,5.69,3.81,4.86,5.58,3.7,6.49,6.83,5.94,10.11,10.32,9.93,11.41,11.48,11.36,11.76,11.84,11.73,12.09,12.09,12.09,6495,0
2026-02-19 04:00:00,1.04,0.91,2.1,22.88,5.7,3.9,3.22,38.9,6.64,7,5.95,6.43,6.77,5.8,6.18,6.53,5.58,7.31,7.64,6.89,10.53,10.76,10.32,11.58,11.68,11.48,11.85,11.89,11.84,12.09,12.1,12.09,6504,0
2026-02-19 03:00:00,1.06,0.95,2.18,22.97,5.74,3.9,3.25,38.9,6.95,7,6.8,6.7,6.77,6.57,6.45,6.53,6.31,7.89,8.18,7.69,11,11.26,10.79,11.73,11.81,11.68,11.94,11.96,11.88,12.09,12.1,12.09,6517,0
2026-02-19 02:00:00,1.09,0.95,2.39,23.12,5.95,3.91,3.26,38.92,8.3,9.58,7,8.16,9.41,6.77,7.99,9.39,6.52,9.3,10.32,8.34,11.37,11.46,11.27,11.83,11.84,11.8,11.96,11.98,11.96,12.1,12.1,12.1,6528,0
2026-02-19 01:00:00,1.18,1.04,2.72,24.05,6.16,3.94,3.25,38.94,10.32,10.64,9.72,10.27,10.56,9.68,10.36,10.67,9.72,10.78,10.9,10.53,11.49,11.5,11.47,11.84,11.85,11.84,11.98,12.03,11.96,12.09,12.1,12.09,6542,0
2026-02-19 00:00:00,1.3,1.18,3.2,23.82,6.15,3.9,3.21,38.9,10.38,10.56,10.2,10.36,10.55,10.2,10.45,10.67,10.31,10.81,10.9,10.75,11.51,11.53,11.5,11.91,11.96,11.85,12.03,12.08,12,12.09,12.1,12.09,6533,0
2026-02-18 23:00:00,1.26,1.12,2.81,21.31,5.56,3.9,3.2,38.9,10.33,10.79,10.17,10.27,10.68,10.1,10.34,10.67,10.18,10.68,10.72,10.67,11.6,11.65,11.53,11.97,12.02,11.96,12.07,12.08,12.05,12.09,12.1,12.09,6568,0
2026-02-18 22:00:00,1.07,0.94,1.89,19.78,5.32,3.9,3.2,38.9,10.62,10.79,10.2,10.5,10.74,10.08,10.44,10.68,10.05,10.57,10.68,10.43,11.78,11.86,11.67,12.05,12.07,12,12.06,12.08,12.03,12.09,12.09,12.09,6588,0
2026-02-18 21:00:00,1.08,0.95,1.91,19.81,5.39,3.91,3.22,38.9,10.82,11.38,10.17,10.72,11.26,10.05,10.65,11.23,9.96,10.93,11.35,10.43,12.02,12.12,11.92,12.07,12.09,12.07,12,12.04,11.97,12.09,12.09,12.08,6595,0
2026-02-18 20:00:00,1.11,0.99,1.97,19.91,5.44,3.91,3.23,38.9,11.25,11.38,11.06,11.16,11.27,11.02,11.15,11.26,11.02,11.54,11.73,11.38,12.23,12.33,12.13,12.08,12.09,12.07,11.96,11.97,11.96,12.07,12.09,12.07,6613,0
2026-02-18 19:00:00,1.1,1,1.99,19.92,5.49,3.91,3.21,38.9,11.31,11.73,11.09,11.27,11.69,11.02,11.33,11.74,11.03,11.93,12.2,11.73,12.4,12.45,12.33,12.07,12.07,12.06,11.92,11.96,11.86,12.04,12.08,12.03,6644,0
2026-02-18 18:00:00,1.21,1.07,2.08,19.88,5.54,3.92,3.19,38.91,12.42,13.25,11.82,12.42,13.27,11.78,12.59,13.52,11.86,12.73,13.27,12.29,12.53,12.57,12.46,11.99,12.07,11.96,11.85,11.86,11.85,12.02,12.04,12.01,6706,2119
2026-02-18 17:00:00,1.22,1.07,2.13,19.97,5.56,3.9,3.19,38.92,13.4,13.86,12.21,13.4,13.86,12.21,13.71,14.21,12.44,13.26,13.5,12.8,12.55,12.57,12.53,11.88,11.96,11.83,11.77,11.85,11.73,11.99,12.02,11.98,6822,8276
2026-02-18 16:00:00,1.2,1.07,2.05,19.94,5.61,3.89,3.19,38.91,12.75,13.91,12.09,12.79,13.99,12.09,13.07,14.4,12.32,13.32,14.12,12.8,12.57,12.6,12.55,11.71,11.84,11.6,11.73,11.73,11.71,12.02,12.07,12.01,6818,8789
2026-02-18 15:00:00,1.23,1.12,2.19,20.47,5.89,3.88,3.2,38.94,16.06,19.42,14.14,16.26,19.61,14.25,16.88,20.69,14.69,15.28,16.7,14.32,12.23,12.47,11.87,11.52,11.6,11.46,11.67,11.71,11.63,12.06,12.09,12.05,6822,9805
2026-02-18 14:00:00,1.29,1.19,2.26,20.65,5.87,3.89,3.23,38.97,15.44,20.92,11.97,15.5,21.06,12.04,16.09,22.37,12.25,14.03,16.94,12.39,11.72,11.86,11.62,11.35,11.42,11.25,11.61,11.62,11.61,12.08,12.09,12.07,6838,10286
2026-02-18 13:00:00,1.18,1.07,2.1,20.61,5.85,3.89,3.23,38.98,13.36,13.86,12.49,13.4,13.86,12.56,13.77,14.33,12.81,13.19,13.47,12.73,11.45,11.62,11.27,11.2,11.25,11.13,11.61,11.61,11.61,12.09,12.09,12.09,6815,7315
2026-02-18 12:00:00,1.2,1.07,2.11,20.73,5.89,3.93,3.24,39,13.93,14.56,13.26,13.91,14.47,13.27,14.31,14.92,13.62,13.18,13.47,12.82,10.99,11.24,10.78,11.06,11.13,11.01,11.61,11.61,11.61,12.09,12.11,12.09,6826,9253
2026-02-18 11:00:00,1.19,1.02,2.11,20.76,5.88,3.94,3.23,38.96,13.31,13.74,12.92,13.26,13.64,12.9,13.55,13.98,13.22,12.26,12.68,11.86,10.49,10.67,10.28,11.03,11.07,11.01,11.59,11.61,11.52,12.15,12.21,12.1,6826,9230
2026-02-18 10:00:00,1.17,1,2.09,20.78,5.87,3.93,3.19,38.9,12.39,13.35,10.83,12.31,13.27,10.76,12.63,13.65,10.98,11.15,11.85,9.99,10.02,10.2,9.85,11.11,11.13,11.08,11.54,11.61,11.5,12.2,12.21,12.19,6824,8099
2026-02-18 09:00:00,1.08,0.91,2.02,20.74,5.87,3.91,3.21,38.89,9.16,10.37,7.85,9.07,10.25,7.83,9.23,10.5,7.95,9.02,9.78,8.29,9.77,9.85,9.72,11.19,11.25,11.13,11.62,11.7,11.61,12.22,12.27,12.21,6820,8068
2026-02-18 08:00:00,1.22,1.03,2.15,20.76,5.8,3.9,3.19,38.86,7.35,7.7,7.19,7.32,7.6,7.12,7.38,7.71,7.22,7.98,8.18,7.9,9.72,9.72,9.72,11.25,11.25,11.23,11.76,11.82,11.73,12.31,12.32,12.27,6537,6823
2026-02-18 07:00:00,1.25,1.04,2.23,20.77,5.85,3.9,3.18,38.89,7.33,7.4,7.14,7.3,7.37,7.12,7.4,7.48,7.16,7.96,8.05,7.9,9.67,9.72,9.6,11.29,11.37,11.25,11.85,11.91,11.84,12.33,12.36,12.32,6502,0
2026-02-18 06:00:00,1.26,1.12,2.23,20.89,5.79,3.96,3.18,38.89,6.83,7.36,5.82,6.77,7.33,5.72,6.89,7.46,5.82,7.4,7.88,6.71,9.6,9.62,9.6,11.46,11.6,11.37,12,12.08,11.94,12.42,12.44,12.37,6506,0
2026-02-18 05:00:00,1.2,1.28,2.29,20.87,5.51,3.9,3.17,38.88,4.17,5.58,3.59,3.99,5.46,3.35,3.93,5.46,3.25,5.9,6.53,5.65,9.79,9.96,9.64,11.71,11.84,11.6,12.16,12.21,12.08,12.44,12.44,12.44,6513,0
2026-02-18 04:00:00,1.21,1.3,2.26,20.71,5.36,3.9,3.15,38.89,3.94,4.16,3.69,3.73,3.98,3.46,3.67,3.93,3.43,5.95,6.05,5.82,10.15,10.32,9.97,11.95,12.07,11.84,12.31,12.4,12.22,12.46,12.49,12.45,6522,0
2026-02-18 03:00:00,1.24,1.35,2.21,20.62,5.32,3.85,3.12,38.87,4.01,4.28,3.88,3.76,4,3.57,3.66,3.91,3.45,6.19,6.41,5.98,10.58,10.79,10.39,12.18,12.31,12.07,12.48,12.56,12.42,12.52,12.56,12.5,6530,0
2026-02-18 02:00:00,1.24,1.31,2.08,20.46,5.31,3.73,3.11,38.88,4.52,4.73,4.29,4.29,4.52,4.05,4.2,4.4,3.93,6.67,6.88,6.47,11.03,11.27,10.79,12.46,12.55,12.31,12.61,12.67,12.56,12.54,12.55,12.53,6542,0
2026-02-18 01:00:00,1.27,1.33,2.06,20.13,5.31,3.6,3.12,38.9,5.02,5.21,4.78,4.79,4.98,4.62,4.68,4.87,4.52,7.2,7.47,6.91,11.52,11.75,11.28,12.73,12.86,12.59,12.74,12.8,12.67,12.5,12.53,12.45,6548,0
2026-02-18 00:00:00,1.34,1.37,2.01,19.81,5.24,3.61,3.14,38.93,5.57,5.79,5.27,5.35,5.59,5.01,5.26,5.5,4.92,7.84,8.18,7.55,12,12.24,11.75,13,13.14,12.9,12.86,12.91,12.8,12.45,12.47,12.44,6537,0
2026-02-17 23:00:00,1.42,1.28,1.93,19.67,5.2,3.6,3.15,38.92,6.24,6.66,5.82,6.04,6.48,5.64,5.98,6.41,5.58,8.58,8.99,8.18,12.56,12.83,12.33,13.26,13.38,13.14,12.91,12.92,12.91,12.42,12.44,12.38,6568,0
2026-02-17 22:00:00,1.33,1.13,1.84,19.54,5.2,3.6,3.14,38.95,7.06,7.38,6.78,6.86,7.24,6.59,6.77,7.23,6.52,9.4,9.84,9.01,13.21,13.51,12.92,13.51,13.61,13.38,12.91,12.93,12.91,12.33,12.35,12.32,6582,0
2026-02-17 21:00:00,1.23,1,1.75,19.45,5.26,3.6,3.12,38.99,7.92,8.54,7.52,7.78,8.43,7.36,7.73,8.39,7.31,10.42,11.01,9.91,13.87,14.22,13.56,13.7,13.75,13.61,12.87,12.91,12.8,12.26,12.32,12.21,6599,0
2026-02-17 20:00:00,1.08,0.93,1.75,19.5,5.34,3.61,3.13,39.03,9.42,10.08,8.76,9.3,10.07,8.6,9.26,10.05,8.54,11.79,12.56,11.12,14.58,14.93,14.23,13.8,13.84,13.74,12.76,12.8,12.67,12.18,12.21,12.11,6626,0
2026-02-17 19:00:00,1.15,1.04,1.85,19.55,5.41,3.63,3.12,39.08,12.22,14.72,10.3,12.18,14.67,10.25,12.18,14.59,10.28,13.86,15.16,12.68,15.28,15.52,15,13.76,13.83,13.73,12.62,12.67,12.56,12.09,12.1,12.09,6671,0
2026-02-17 18:00:00,1.29,1.26,2.06,19.73,5.48,3.74,3.14,39.11,17.49,21.42,15.15,17.57,21.59,15.07,17.66,21.9,15.04,16.4,17.84,15.39,15.8,16,15.59,13.61,13.73,13.49,12.43,12.56,12.32,12.01,12.08,11.97,6809,7473
2026-02-17 17:00:00,1.71,1.59,2.61,20.45,5.71,3.79,3.16,39.13,26.07,28.29,21.31,26.16,28.29,21.53,27.02,29.35,21.89,19.79,20.97,18,15.99,16,15.91,13.32,13.49,13.15,12.25,12.32,12.19,11.97,11.98,11.96,6822,7812
2026-02-17 16:00:00,1.98,1.78,2.83,20.81,5.78,3.79,3.16,39.14,28.12,28.41,27.82,28.22,28.53,27.93,29.37,29.67,29,21.58,22.02,21.19,15.74,15.88,15.52,12.95,13.14,12.78,12.06,12.16,11.97,11.91,11.97,11.87,6847,10554
2026-02-17 15:00:00,1.85,1.67,2.7,20.99,5.76,3.82,3.17,39.2,27.7,28.88,26.15,27.85,29.01,26.29,29.45,30.77,27.7,21.89,22.51,21.04,15.14,15.5,14.82,12.55,12.75,12.4,11.9,11.96,11.85,11.85,11.87,11.85,6849,10703
2026-02-17 14:00:00,1.61,1.47,2.47,20.74,5.69,3.87,3.16,39.24,24.54,25.72,23.44,24.81,26.09,23.68,25.99,27.46,24.73,20.64,21.19,20.12,14.35,14.78,13.93,12.18,12.32,12.05,11.78,11.85,11.73,11.85,11.85,11.84,6847,10640
2026-02-17 13:00:00,1.51,1.34,2.39,20.86,5.55,3.85,3.16,39.25,24,25.57,22.73,24.23,25.92,22.73,25.39,27.14,23.67,19.8,20.72,18.7,13.37,13.85,12.92,11.88,11.97,11.76,11.71,11.73,11.65,11.82,11.84,11.8,6842,10361
2026-02-17 12:00:00,1.34,1.2,2.26,20.66,5.36,3.85,3.18,39.25,19.28,21.73,17.59,19.2,21.67,17.53,19.8,22.61,18,16.83,18.25,15.85,12.6,12.9,12.33,11.66,11.73,11.59,11.62,11.65,11.61,11.77,11.82,11.75,6847,11050
2026-02-17 11:00:00,1.33,1.17,2.2,20.68,5.34,3.83,3.18,39.25,17.88,18.95,17.53,17.8,18.83,17.42,18.35,19.62,17.87,15.61,15.75,15.51,11.97,12.28,11.63,11.52,11.59,11.48,11.61,11.61,11.61,11.75,11.76,11.73,6838,9092
2026-02-17 10:00:00,1.26,1.11,2.07,20.73,5.26,3.83,3.19,39.26,16.15,19.18,14.2,16.02,19.06,14.08,16.48,19.77,14.33,13.81,15.51,12.75,11.45,11.62,11.28,11.48,11.48,11.48,11.61,11.61,11.61,11.73,11.74,11.73,6842,10435
2026-02-17 09:00:00,1.17,1.01,1.93,20.67,5.22,3.77,3.19,39.27,12.47,13.96,11.02,12.37,13.86,10.91,12.55,14.1,11.02,11.77,12.58,11.02,11.25,11.27,11.23,11.48,11.48,11.48,11.61,11.61,11.61,11.73,11.74,11.73,6822,8371
2026-02-17 08:00:00,1.05,0.89,1.79,20.53,5.18,3.74,3.18,39.28,10.46,10.86,10.32,10.41,10.79,10.31,10.46,10.9,10.32,10.81,10.94,10.78,11.26,11.27,11.24,11.48,11.48,11.48,11.61,11.61,11.61,11.73,11.73,11.73,6528,6803
2026-02-17 07:00:00,1.08,0.88,1.78,20.51,5.22,3.74,3.19,39.28,10.5,10.55,10.41,10.43,10.48,10.32,10.49,10.55,10.42,10.79,10.83,10.78,11.27,11.27,11.27,11.48,11.5,11.48,11.61,11.61,11.61,11.73,11.73,11.73,6502,0
2026-02-17 06:00:00,1.05,0.9,1.81,20.53,5.25,3.79,3.19,39.3,10.6,10.69,10.55,10.55,10.62,10.46,10.6,10.67,10.55,10.88,10.9,10.83,11.3,11.36,11.27,11.5,11.53,11.48,11.61,11.61,11.61,11.73,11.73,11.73,6506,0
2026-02-17 05:00:00,1.04,0.92,1.8,20.52,5.2,3.75,3.2,39.3,10.73,10.79,10.67,10.63,10.68,10.57,10.67,10.72,10.66,10.9,10.92,10.9,11.37,11.38,11.35,11.54,11.57,11.5,11.61,11.61,11.61,11.73,11.73,11.73,6510,0
2026-02-17 04:00:00,1.06,0.95,1.83,20.47,5.21,3.75,3.19,39.3,10.79,10.91,10.62,10.7,10.82,10.55,10.71,10.8,10.56,10.93,10.98,10.9,11.39,11.42,11.38,11.58,11.6,11.56,11.61,11.61,11.61,11.73,11.73,11.72,6519,0
2026-02-17 03:00:00,1.07,0.97,1.85,20.45,5.22,3.76,3.19,39.31,11.11,11.48,10.71,11.02,11.37,10.65,11.01,11.27,10.67,11.12,11.24,11,11.47,11.5,11.42,11.6,11.6,11.59,11.61,11.62,11.61,11.69,11.73,11.67,6528,0
2026-02-17 02:00:00,1.12,1.02,1.89,20.47,5.22,3.76,3.19,39.35,11.43,11.5,11.38,11.32,11.38,11.26,11.27,11.33,11.26,11.26,11.26,11.24,11.5,11.51,11.5,11.6,11.6,11.6,11.61,11.61,11.61,11.64,11.67,11.62,6539,0
2026-02-17 01:00:00,1.12,0.98,1.88,20.49,5.22,3.77,3.19,39.36,11.57,11.62,11.5,11.46,11.5,11.39,11.38,11.4,11.37,11.31,11.38,11.26,11.59,11.62,11.52,11.6,11.64,11.6,11.61,11.61,11.6,11.62,11.62,11.62,6550,0
2026-02-17 00:00:00,1.11,0.98,1.9,20.49,5.24,3.77,3.19,39.36,11.6,11.61,11.59,11.49,11.5,11.47,11.38,11.41,11.38,11.38,11.38,11.38,11.63,11.67,11.62,11.62,11.65,11.61,11.59,11.61,11.56,11.62,11.62,11.61,6542,0
2026-02-16 23:00:00,1.16,1,1.91,20.5,5.26,3.77,3.18,39.37,11.74,11.94,11.61,11.61,11.81,11.49,11.54,11.73,11.38,11.46,11.49,11.39,11.73,11.74,11.68,11.66,11.68,11.63,11.52,11.57,11.49,11.59,11.62,11.56,6577,0
2026-02-16 22:00:00,1.22,1.02,1.92,20.47,5.28,3.75,3.17,39.43,11.87,11.96,11.85,11.74,11.82,11.73,11.66,11.73,11.61,11.57,11.61,11.51,11.82,11.86,11.75,11.68,11.7,11.66,11.49,11.49,11.48,11.52,11.54,11.5,6588,0
2026-02-16 21:00:00,1.17,1,1.92,20.43,5.3,3.77,3.18,39.43,11.76,11.85,11.69,11.63,11.73,11.54,11.57,11.63,11.49,11.7,11.74,11.61,11.93,11.98,11.86,11.66,11.68,11.62,11.44,11.49,11.37,11.5,11.5,11.5,6595,0
2026-02-16 20:00:00,1.16,1.01,1.94,20.45,5.29,3.77,3.19,39.44,11.74,11.97,11.61,11.62,11.85,11.5,11.59,11.78,11.49,11.9,12.06,11.8,12.08,12.17,11.99,11.61,11.65,11.6,11.37,11.38,11.36,11.48,11.5,11.47,6624,0
2026-02-16 19:00:00,1.2,1.12,1.97,20.39,5.34,3.78,3.19,39.43,12.5,13.03,12.05,12.38,12.92,11.91,12.34,12.91,11.85,12.34,12.68,12.08,12.25,12.33,12.21,11.55,11.6,11.48,11.28,11.34,11.26,11.42,11.45,11.39,6653,0
2026-02-16 18:00:00,1.19,1.12,1.99,20.37,5.32,3.81,3.19,39.44,13.68,14.33,13.14,13.61,14.26,13.03,13.65,14.34,13.03,13.14,13.62,12.75,12.33,12.34,12.33,11.42,11.48,11.37,11.19,11.26,11.14,11.38,11.39,11.38,6731,6689
2026-02-16 17:00:00,1.23,1.2,2.04,20.44,5.33,3.85,3.18,39.45,15.02,15.26,14.45,14.99,15.24,14.45,15.16,15.4,14.57,14.07,14.22,13.73,12.28,12.33,12.21,11.25,11.36,11.13,11.1,11.14,11.02,11.37,11.38,11.37,6820,8647
2026-02-16 16:00:00,1.24,1.17,2.01,20.54,5.35,3.86,3.15,39.47,15.59,16.11,15.2,15.59,16.06,15.18,15.9,16.45,15.41,14.48,14.77,14.21,12.03,12.2,11.86,11.03,11.13,10.92,11,11.03,10.94,11.37,11.38,11.36,6826,9344
2026-02-16 15:00:00,1.22,1.14,1.99,20.64,5.33,3.92,3.19,39.51,16,16.58,15.4,16,16.58,15.4,16.37,16.95,15.75,14.58,14.8,14.29,11.64,11.86,11.46,10.83,10.9,10.77,10.9,10.94,10.89,11.35,11.37,11.33,6826,10439
2026-02-16 14:00:00,1.24,1.16,1.97,20.66,5.3,3.94,3.19,39.5,15.02,15.66,14.56,14.97,15.64,14.48,15.27,15.99,14.78,13.68,14.1,13.33,11.26,11.38,11.13,10.67,10.77,10.57,10.88,10.9,10.85,11.34,11.36,11.33,6826,10447
2026-02-16 13:00:00,1.21,1.07,1.94,20.68,5.27,3.93,3.2,39.51,14.37,14.52,14.22,14.34,14.45,14.22,14.62,14.72,14.47,13.13,13.27,12.96,10.87,11.06,10.67,10.5,10.54,10.42,10.8,10.84,10.78,11.35,11.37,11.33,6826,10160
2026-02-16 12:00:00,1.17,1.02,1.89,20.72,5.27,3.89,3.2,39.54,13.74,14.08,13.59,13.69,13.98,13.52,13.93,14.23,13.81,12.61,12.8,12.44,10.48,10.67,10.3,10.37,10.42,10.3,10.78,10.79,10.78,11.36,11.37,11.34,6826,10364
2026-02-16 11:00:00,1.18,0.99,1.86,20.78,5.25,3.88,3.19,39.55,13.27,13.66,12.94,13.24,13.62,12.92,13.49,13.87,13.14,12.02,12.44,11.61,10.03,10.22,9.85,10.29,10.3,10.26,10.78,10.79,10.78,11.37,11.38,11.36,6826,8470
2026-02-16 10:00:00,1.14,0.97,1.78,20.71,5.23,3.88,3.19,39.55,11.71,12.68,11.15,11.64,12.6,11.08,11.78,12.8,11.18,10.72,11.38,10.22,9.67,9.84,9.53,10.24,10.25,10.21,10.78,10.78,10.78,11.38,11.38,11.37,6826,9155
2026-02-16 09:00:00,1.04,0.88,1.71,20.72,5.22,3.86,3.2,39.56,10.45,11.02,9.35,10.32,10.91,9.22,10.35,11.02,9.06,9.58,10.07,8.89,9.46,9.5,9.38,10.25,10.26,10.22,10.78,10.8,10.78,11.38,11.4,11.38,6737,7055
2026-02-16 08:00:00,1.03,0.85,1.71,20.68,5.24,3.84,3.2,39.56,8.81,9.13,8.66,8.68,9.01,8.54,8.54,8.89,8.41,8.71,8.87,8.64,9.38,9.41,9.37,10.28,10.3,10.27,10.82,10.86,10.79,11.41,11.45,11.38,6530,6819
2026-02-16 07:00:00,1.04,0.83,1.7,20.64,5.23,3.85,3.2,39.56,8.4,8.64,8.3,8.27,8.52,8.18,8.23,8.39,8.18,8.54,8.6,8.47,9.36,9.37,9.34,10.3,10.3,10.29,10.88,10.9,10.86,11.46,11.49,11.43,6488,0
2026-02-16 06:00:00,1.08,0.85,1.71,20.64,5.24,3.87,3.19,39.57,8.33,8.41,8.25,8.18,8.18,8.14,8.15,8.18,8.07,8.41,8.46,8.38,9.29,9.34,9.25,10.31,10.33,10.3,10.89,10.9,10.86,11.49,11.5,11.49,6504,0
2026-02-16 05:00:00,1.16,0.89,1.75,20.67,5.21,4,3.19,39.63,8.31,8.35,8.3,8.18,8.21,8.16,8.14,8.18,8.07,8.32,8.37,8.25,9.23,9.25,9.18,10.38,10.42,10.33,10.88,10.9,10.83,11.5,11.5,11.5,6510,0
2026-02-16 04:00:00,1.23,1,1.85,20.65,5.22,3.86,3.18,39.6,8.04,8.27,7.93,7.96,8.14,7.83,8,8.18,7.87,8.04,8.21,7.83,9.13,9.16,9.1,10.47,10.54,10.42,10.93,11,10.9,11.5,11.5,11.5,6519,0
2026-02-16 03:00:00,1.31,1.15,1.95,20.71,5.21,3.83,3.15,39.62,7.08,7.91,5.7,6.97,7.83,5.58,6.96,7.83,5.46,7.16,7.78,6.33,9.12,9.22,9.06,10.61,10.67,10.54,11.02,11.03,10.99,11.5,11.5,11.5,6524,0
2026-02-16 02:00:00,1.14,1.08,1.86,20.73,5.19,3.76,3.18,39.65,4.41,5.23,4.16,4.2,5.1,3.94,4.14,4.98,3.93,5.87,6.16,5.76,9.39,9.57,9.25,10.78,10.88,10.69,11.1,11.14,11.03,11.5,11.5,11.5,6533,0
2026-02-16 01:00:00,1.01,0.98,1.74,20.64,5.19,3.75,3.21,39.66,4.29,4.66,4.12,4.12,4.42,3.93,4.05,4.28,3.91,6.16,6.44,5.94,9.78,9.96,9.6,10.91,11,10.88,11.19,11.26,11.14,11.5,11.5,11.5,6546,0
2026-02-16 00:00:00,0.99,0.88,1.66,20.55,5.21,3.75,3.2,39.66,5.96,7.35,4.81,5.7,7,4.62,5.45,6.53,4.46,7.03,7.58,6.53,10.21,10.42,9.99,11.07,11.14,11.01,11.26,11.26,11.26,11.5,11.5,11.48,6542,0
2026-02-15 23:00:00,1.09,0.87,1.73,20.44,5.23,3.78,3.21,39.66,7.95,8.18,7.55,7.63,7.85,7.24,7.25,7.48,6.88,7.96,8.18,7.7,10.63,10.8,10.44,11.25,11.31,11.21,11.26,11.26,11.26,11.43,11.48,11.39,6573,0
2026-02-15 22:00:00,1.09,0.89,1.72,20.39,5.26,3.78,3.21,39.66,7.76,8.18,7.47,7.49,7.99,7.12,7.2,7.83,6.85,8.51,9.01,8.17,11.07,11.27,10.9,11.36,11.37,11.31,11.26,11.26,11.25,11.37,11.38,11.36,6591,0
2026-02-15 21:00:00,1.04,0.89,1.75,20.4,5.3,3.79,3.24,39.7,9.86,10.67,8.54,9.61,10.43,8.3,9.28,10.08,8.07,9.67,10.18,9.13,11.46,11.63,11.27,11.41,11.46,11.37,11.17,11.26,11.14,11.3,11.36,11.26,6606,0
2026-02-15 20:00:00,1.07,0.91,1.78,20.4,5.37,3.81,3.2,39.7,10.89,11.32,10.6,10.65,11.13,10.32,10.36,10.9,10.08,10.61,11.02,10.31,11.86,12.08,11.67,11.39,11.44,11.37,11.05,11.14,10.97,11.26,11.26,11.25,6626,0
2026-02-15 19:00:00,1.15,1.03,1.88,20.44,5.41,3.84,3.2,39.72,12.1,13.15,11.26,11.96,13.03,11.03,11.75,12.91,10.84,11.63,12.39,11.04,12.27,12.45,12.09,11.31,11.37,11.25,10.88,10.95,10.78,11.19,11.25,11.14,6664,0
2026-02-15 18:00:00,1.25,1.17,2.02,20.58,5.48,3.88,3.19,39.73,15.26,17.92,13.39,15.28,18.08,13.3,15.26,18.12,13.22,13.67,14.93,12.56,12.59,12.68,12.46,11.09,11.24,10.97,10.72,10.78,10.64,11.14,11.15,11.14,6773,7020
2026-02-15 17:00:00,1.56,1.41,2.47,21.46,5.71,3.89,3.21,39.76,21.17,22.86,18.24,21.43,23.2,18.43,21.79,23.56,18.45,16.3,16.93,15.16,12.58,12.66,12.53,10.77,10.91,10.62,10.51,10.61,10.43,11.14,11.14,11.14,6826,10034
2026-02-15 16:00:00,1.55,1.45,2.52,21.66,5.81,3.91,3.2,39.79,19.8,20.84,18.59,20.08,21.08,18.95,21.11,22.26,19.95,16.39,17.07,16.1,12.43,12.51,12.33,10.38,10.55,10.18,10.34,10.43,10.29,11.14,11.14,11.14,6847,11062
2026-02-15 15:00:00,1.48,1.32,2.37,21.91,5.96,3.95,3.27,39.8,20.95,22.85,17.76,21.38,23.2,18.16,22.95,24.9,19.29,17.84,18.59,16.44,11.93,12.24,11.58,9.9,10.14,9.7,10.2,10.29,10.18,11.14,11.15,11.14,6847,11578
2026-02-15 14:00:00,1.52,1.31,2.41,22.22,5.94,3.98,3.28,39.82,21.67,21.9,21.05,22.54,22.79,22.15,24.58,24.86,24.27,18.28,18.48,17.9,10.96,11.5,10.44,9.44,9.64,9.24,10.12,10.18,10.08,11.15,11.18,11.14,6838,10242
2026-02-15 13:00:00,1.37,1.23,2.27,22.36,5.93,3.99,3.28,39.84,20.53,20.93,20.01,21.6,22.14,20.84,23.69,24.27,22.88,16.66,17.76,15.4,9.77,10.32,9.27,9.06,9.24,8.89,10.07,10.07,10.04,11.19,11.25,11.16,6847,10999
2026-02-15 12:00:00,1.24,1.07,2.2,22.42,5.99,3.94,3.31,39.86,18.3,20.37,17,18.9,21.08,17.41,20.83,23.44,19.06,14.62,15.36,14.09,8.74,9.25,8.14,8.81,8.88,8.76,9.95,10.02,9.89,11.26,11.26,11.25,6847,11003
2026-02-15 11:00:00,1.12,1,2.17,22.69,6.08,3.82,3.33,39.87,19.98,20.85,18.33,20.33,21.43,18.45,22.65,23.91,20.48,13.92,15.28,12.11,7.41,8.04,6.8,8.77,8.79,8.76,9.78,9.87,9.72,11.29,11.34,11.26,6840,10814
2026-02-15 10:00:00,1.07,0.87,1.94,22.32,6.03,3.67,3.34,39.8,15.64,18.24,11.73,15.47,18.34,11.41,17.03,20.25,12.74,9.36,11.77,6.99,6.4,6.75,6.17,8.78,8.84,8.76,9.72,9.72,9.71,11.38,11.42,11.36,6840,11081
2026-02-15 09:00:00,0.95,0.9,1.74,22.53,5.91,3.59,3.34,39.81,7.94,11.73,0.98,7.42,11.38,0.62,8.2,12.67,0.6,4.57,6.76,1.83,6.06,6.08,6.05,8.92,9,8.85,9.79,9.85,9.72,11.48,11.5,11.4,6824,9037
2026-02-15 08:00:00,1.05,1.5,2.26,22.83,5.75,3.6,3.31,39.8,-0.55,0.5,-1.03,-0.81,0.15,-1.25,-0.9,0.13,-1.35,1.39,1.68,1.32,6.21,6.3,6.11,9.12,9.24,9,9.99,10.07,9.91,11.57,11.62,11.5,6517,6815
2026-02-15 07:00:00,1.06,1.55,2.28,22.63,5.66,3.59,3.31,39.74,-0.73,-0.43,-0.9,-0.93,-0.57,-1.14,-1.01,-0.67,-1.26,1.49,1.64,1.35,6.47,6.62,6.35,9.36,9.47,9.25,10.15,10.24,10.07,11.68,11.73,11.62,6468,0
2026-02-15 06:00:00,1.13,1.54,2.28,22.45,5.46,3.62,3.25,39.76,-0.52,-0.43,-0.55,-0.76,-0.63,-0.8,-0.85,-0.67,-0.9,1.71,1.8,1.63,6.73,6.87,6.65,9.57,9.68,9.47,10.35,10.43,10.28,11.76,11.84,11.73,6481,0
2026-02-15 05:00:00,1.14,1.55,2.28,22.27,5.35,3.61,3.24,39.8,-0.45,-0.31,-0.66,-0.63,-0.43,-0.85,-0.67,-0.52,-0.9,1.94,2.09,1.8,7.01,7.13,6.88,9.8,9.92,9.71,10.51,10.58,10.43,11.86,11.93,11.85,6490,0
2026-02-15 04:00:00,1.17,1.52,2.28,22.07,5.29,3.57,3.2,39.77,-0.1,0,-0.3,-0.26,-0.18,-0.43,-0.3,-0.19,-0.43,2.25,2.39,2.15,7.33,7.48,7.16,10.02,10.09,9.95,10.71,10.78,10.63,11.96,11.98,11.94,6502,0
2026-02-15 03:00:00,1.15,1.49,2.27,21.83,5.23,3.36,3.2,39.74,0.37,0.74,0.02,0.19,0.58,-0.19,0.15,0.5,-0.21,2.6,2.75,2.39,7.63,7.81,7.48,10.23,10.32,10.12,10.89,11.01,10.78,12.04,12.09,11.97,6517,0
2026-02-15 02:00:00,1.1,1.38,2.21,21.5,5.17,3.2,3.19,39.74,0.7,1.13,0.38,0.54,0.97,0.19,0.48,0.97,0.16,2.95,3.22,2.75,7.96,8.09,7.84,10.45,10.54,10.33,11.1,11.16,11.02,12.1,12.12,12.09,6528,0
2026-02-15 01:00:00,1.01,1.21,2.16,21.39,5.19,3.25,3.19,39.67,1.47,1.61,1.33,1.31,1.44,1.13,1.26,1.41,1.09,3.38,3.51,3.24,8.29,8.43,8.12,10.67,10.77,10.54,11.28,11.37,11.17,12.19,12.21,12.13,6539,0
2026-02-15 00:00:00,0.93,1.08,2.03,21.31,5.22,3.3,3.17,39.67,1.64,1.88,1.47,1.46,1.68,1.33,1.41,1.59,1.32,3.74,3.92,3.57,8.67,8.89,8.47,10.88,11.01,10.77,11.44,11.51,11.37,12.21,12.21,12.21,6533,0
2026-02-14 23:00:00,0.89,1.02,1.81,21.23,5.24,3.35,3.18,39.77,2.13,2.6,1.8,1.89,2.29,1.57,1.82,2.14,1.56,4.21,4.46,4.03,9.08,9.26,8.89,11.12,11.25,11.01,11.6,11.65,11.51,12.24,12.29,12.21,6564,0
2026-02-14 22:00:00,0.91,0.99,1.76,21.11,5.21,3.38,3.19,40.02,3.11,3.37,2.71,2.8,2.98,2.39,2.58,2.82,2.24,4.8,5.09,4.56,9.54,9.74,9.34,11.33,11.42,11.25,11.73,11.76,11.69,12.31,12.32,12.29,6577,0
2026-02-14 21:00:00,0.92,0.99,1.73,21.04,5.22,3.41,3.18,40.42,3.52,3.66,3.45,3.24,3.34,3.17,3.11,3.22,2.96,5.41,5.7,5.12,10.06,10.32,9.85,11.5,11.59,11.46,11.83,11.85,11.76,12.32,12.32,12.32,6595,0
2026-02-14 20:00:00,0.94,0.94,1.7,20.89,5.22,3.44,3.2,40.39,4.19,5.01,3.47,3.96,4.77,3.23,3.84,4.56,3.15,6.3,6.88,5.8,10.59,10.84,10.33,11.62,11.68,11.6,11.87,11.94,11.85,12.32,12.32,12.32,6624,0
2026-02-14 19:00:00,1.01,0.89,1.68,20.8,5.26,3.44,3.2,40.44,7.39,9.96,5.35,7.07,9.67,5.12,6.68,9.25,4.85,7.89,9.01,7,11.16,11.38,10.91,11.72,11.72,11.71,11.87,11.92,11.85,12.32,12.33,12.32,6666,0
2026-02-14 18:00:00,1.18,1.07,1.92,20.94,5.32,3.54,3.19,40.38,12.58,15.04,10.42,12.34,14.93,10.16,11.98,14.75,9.72,10.27,11.57,9.13,11.62,11.75,11.43,11.67,11.72,11.61,11.85,11.88,11.85,12.34,12.37,12.32,6753,7000
2026-02-14 17:00:00,1.42,1.34,2.28,21.32,5.39,3.72,3.18,40.19,16.67,18.59,14.93,16.7,18.67,14.93,16.78,18.93,14.81,12.88,13.5,11.73,11.85,11.86,11.78,11.53,11.61,11.48,11.84,11.85,11.82,12.4,12.44,12.37,6826,9021
2026-02-14 16:00:00,1.53,1.39,2.46,21.82,5.46,3.81,3.19,39.87,19.17,20.15,17.19,19.42,20.48,17.41,19.82,21.17,17.62,14.53,15.03,13.73,11.74,11.86,11.62,11.34,11.44,11.25,11.76,11.82,11.73,12.44,12.44,12.44,6847,11475
2026-02-14 15:00:00,1.6,1.46,2.57,22.44,5.49,3.82,3.19,40.11,19.9,20.61,19.06,20.25,20.96,19.43,21.13,21.9,20.36,15.16,15.41,14.86,11.37,11.62,11.15,11.12,11.25,11.01,11.73,11.74,11.73,12.44,12.46,12.44,6847,11231
2026-02-14 14:00:00,1.53,1.31,2.54,22.75,5.47,3.84,3.19,40.11,18.78,19.41,17.73,19.43,19.95,18.53,20.43,21.03,19.42,14.61,14.96,13.98,10.8,11.07,10.54,10.97,11.01,10.9,11.73,11.73,11.73,12.5,12.55,12.46,6842,10286
2026-02-14 13:00:00,1.4,1.2,2.49,23.04,5.48,3.86,3.2,40.07,17.28,17.62,17.06,18.09,18.44,17.87,18.96,19.25,18.69,13.6,13.87,13.39,10.21,10.44,9.96,10.9,10.92,10.89,11.73,11.73,11.72,12.56,12.56,12.55,6847,11247
2026-02-14 12:00:00,1.25,1.17,2.33,23.46,5.5,3.88,3.2,40.34,16.16,17.29,15.04,16.95,18.12,15.57,17.9,19.18,15.99,12.43,13.31,11.5,9.66,9.93,9.37,10.89,10.91,10.89,11.65,11.73,11.59,12.6,12.66,12.56,6847,11223
2026-02-14 11:00:00,1.12,1.09,2.13,23.81,5.58,3.88,3.19,39.98,16.35,17.04,15.63,16.77,17.65,15.88,17.48,18.59,16.45,11.24,12.2,10.34,9.05,9.32,8.83,10.89,10.89,10.89,11.57,11.61,11.53,12.68,12.68,12.68,6838,10873
2026-02-14 10:00:00,1.07,0.98,1.92,24.2,5.64,3.9,3.19,39.96,14.82,15.72,13.86,14.96,15.9,13.86,15.41,16.45,14.21,9.28,10.18,8.34,8.71,8.79,8.66,10.95,11.01,10.89,11.62,11.71,11.61,12.75,12.8,12.68,6842,11200
2026-02-14 09:00:00,0.98,0.83,1.76,24.6,5.63,3.89,3.17,39.94,11.4,13.62,7.48,11.25,13.63,7.16,11.32,13.96,7,6.91,8.17,5.52,8.77,8.91,8.66,11.13,11.27,11.01,11.78,11.85,11.72,12.82,12.89,12.8,6826,9482
2026-02-14 08:00:00,1.02,0.89,1.81,24.99,5.6,3.89,3.17,39.89,6.97,7.25,6.79,6.75,7,6.64,6.62,6.88,6.48,5.57,5.79,5.46,9.16,9.37,8.97,11.4,11.51,11.29,12,12.1,11.88,12.93,13,12.91,6533,6819
2026-02-14 07:00:00,1.05,0.95,1.9,25.34,5.6,3.9,3.17,39.98,7.16,7.32,7,6.97,7.12,6.77,6.82,6.97,6.65,6.06,6.28,5.82,9.59,9.79,9.37,11.74,11.88,11.59,12.26,12.39,12.16,13.03,13.06,13.01,6497,0
2026-02-14 06:00:00,1.01,0.93,1.97,25.57,5.63,3.93,3.14,39.95,7.04,7.12,7,6.81,6.9,6.76,6.64,6.76,6.57,6.37,6.53,6.28,10.02,10.2,9.84,12.06,12.19,11.96,12.5,12.56,12.44,13.13,13.15,13.09,6506,0
2026-02-14 05:00:00,1.03,0.94,1.98,25.76,5.7,3.88,3.12,40,7.02,7.24,6.85,6.79,7.02,6.65,6.63,6.88,6.41,6.75,7.05,6.53,10.46,10.67,10.26,12.28,12.4,12.19,12.66,12.73,12.57,13.18,13.23,13.15,6517,0
2026-02-14 04:00:00,1.07,0.94,2.07,25.73,5.75,3.84,3.12,40.01,7.26,7.96,7.01,7.04,7.82,6.78,6.83,7.59,6.54,7.43,7.95,7.11,10.84,10.99,10.68,12.46,12.55,12.41,12.84,12.91,12.78,13.26,13.27,13.24,6524,0
2026-02-14 03:00:00,1.05,0.93,2.09,25.75,5.87,3.82,3.11,40.06,8.57,8.77,8.07,8.39,8.55,7.95,8.21,8.42,7.71,8.28,8.37,8.06,11.16,11.28,11.03,12.62,12.67,12.55,12.97,13.03,12.91,13.29,13.33,13.27,6537,0
2026-02-14 02:00:00,1.05,0.93,2.17,25.83,6.08,3.8,3.11,40.06,8.77,8.92,8.54,8.6,8.76,8.41,8.45,8.58,8.18,8.73,9.01,8.37,11.46,11.61,11.34,12.77,12.81,12.7,13.08,13.15,13.03,13.38,13.39,13.35,6548,0
2026-02-14 01:00:00,1.04,0.94,2.22,25.94,6.18,3.8,3.08,40.13,8.5,8.64,8.3,8.42,8.54,8.18,8.42,8.54,8.18,9.3,9.35,9.1,11.67,11.74,11.61,12.91,13,12.85,13.21,13.27,13.15,13.39,13.4,13.39,6550,0
2026-02-14 00:00:00,1.05,0.98,2.32,26.21,6.19,3.79,3.09,40.17,8.86,9.12,8.54,8.76,9.01,8.43,8.76,8.99,8.42,9.46,9.6,9.35,11.89,11.97,11.76,13.07,13.14,13.01,13.31,13.38,13.27,13.4,13.41,13.39,6546,0
2026-02-13 23:00:00,1.05,1.02,2.44,26.48,6.19,3.79,3.14,40.22,9.14,9.26,8.87,9.04,9.14,8.78,9.05,9.2,8.77,9.74,9.84,9.59,12.1,12.21,11.99,13.23,13.35,13.14,13.41,13.48,13.38,13.42,13.44,13.41,6577,0
2026-02-13 22:00:00,1.07,1.03,2.61,26.63,6.21,3.8,3.15,40.27,9.06,9.25,8.89,8.96,9.13,8.78,8.95,9.17,8.77,9.74,9.84,9.6,12.35,12.5,12.21,13.43,13.49,13.37,13.51,13.52,13.5,13.44,13.46,13.42,6588,0
2026-02-13 21:00:00,1.08,1.05,2.68,26.82,6.17,3.76,3.15,40.34,8.98,9.13,8.89,8.88,9.01,8.78,8.88,9.01,8.77,9.8,9.96,9.72,12.69,12.88,12.57,13.6,13.71,13.49,13.61,13.62,13.59,13.42,13.45,13.4,6595,0
2026-02-13 20:00:00,1.07,1.14,2.78,27.07,6.15,3.76,3.18,40.44,8.86,9.13,8.66,8.75,9.04,8.54,8.75,9.03,8.54,9.94,10.12,9.85,13.12,13.37,12.92,13.78,13.85,13.72,13.63,13.65,13.62,13.4,13.41,13.39,6624,0
2026-02-13 19:00:00,1.11,1.42,2.81,27.19,6.2,3.77,3.22,40.57,8.97,9.43,8.78,8.89,9.37,8.66,8.91,9.37,8.72,10.43,10.83,10.18,13.62,13.87,13.39,13.93,13.97,13.85,13.63,13.65,13.62,13.39,13.39,13.39,6662,0
2026-02-13 18:00:00,1.36,1.95,2.68,26.53,6.15,3.79,3.23,40.75,10.23,10.55,9.6,10.14,10.48,9.49,10.19,10.67,9.53,11.47,11.95,10.95,14.12,14.34,13.87,13.97,14,13.97,13.62,13.63,13.61,13.39,13.39,13.39,6755,7012
2026-02-13 17:00:00,1.4,2.11,2.88,27.18,6.26,3.83,3.33,41.23,11.18,13.38,10.58,11.2,13.6,10.55,11.33,13.73,10.69,12.55,13.73,12.06,14.58,14.69,14.38,13.97,13.97,13.94,13.57,13.62,13.52,13.39,13.39,13.39,6815,7236
2026-02-13 16:00:00,1.43,1.37,2.59,25.89,5.96,3.75,3.2,40.97,20.15,21.16,16.59,20.33,21.31,16.82,20.79,22,16.99,16.6,17.28,15.04,14.71,14.75,14.69,13.84,13.9,13.75,13.5,13.52,13.49,13.39,13.39,13.39,6806,8426
2026-02-13 15:00:00,1.4,1.36,2.38,25.9,6.06,3.7,3.18,41.28,18.8,20.41,17.41,18.91,20.59,17.51,19.34,21.11,17.76,16.12,16.81,15.51,14.68,14.69,14.63,13.68,13.74,13.6,13.46,13.5,13.41,13.39,13.39,13.39,6842,10483
2026-02-13 14:00:00,1.39,1.22,2.43,26.98,6.47,3.75,3.21,42.03,20.96,22.68,18.67,21.47,23.33,18.92,22.05,24.03,19.29,17.2,17.79,16.36,14.37,14.58,14.1,13.52,13.61,13.46,13.4,13.43,13.38,13.39,13.4,13.39,6842,10644
2026-02-13 13:00:00,1.34,1.23,2.57,28.06,6.56,3.81,3.29,43,20.4,21.22,19.42,20.98,21.9,19.87,21.53,22.49,20.36,17.02,17.24,16.7,13.84,14.1,13.63,13.38,13.41,13.37,13.38,13.4,13.38,13.4,13.42,13.39,6838,9896
2026-02-13 12:00:00,1.3,1.47,2.84,28.9,6.79,3.92,3.39,44.19,16.53,19.54,12.56,16.75,20.01,12.68,17,20.48,12.96,15.02,16.56,13.5,13.48,13.59,13.34,13.3,13.36,13.26,13.39,13.43,13.38,13.42,13.45,13.4,6847,10881
2026-02-13 11:00:00,1.19,1.06,2.38,27.23,6.45,3.8,3.2,43.66,18.27,20.37,16.7,18.52,20.65,16.94,19.06,21.43,17.29,15.4,16.03,14.8,13.11,13.28,12.92,13.26,13.28,13.26,13.44,13.46,13.43,13.46,13.48,13.45,6838,10286
2026-02-13 10:00:00,1.13,1.06,2.57,28.04,6.49,3.84,3.25,45.54,17.45,20.31,15.15,17.52,20.53,15.16,18.05,21.31,15.51,14.13,15.62,13.03,12.82,12.92,12.8,13.35,13.38,13.28,13.48,13.5,13.47,13.49,13.51,13.48,6840,10884
2026-02-13 09:00:00,1.11,1.04,2.87,28.76,6.65,3.91,3.31,52.98,13.11,14.92,10.95,13.04,14.78,10.87,13.17,15.03,10.9,12.07,12.69,11.47,12.82,12.9,12.8,13.4,13.46,13.38,13.5,13.5,13.5,13.49,13.51,13.48,6802,7126
2026-02-13 08:00:00,1.31,1.32,3.69,30.84,7.12,4.05,3.59,67.85,11.04,11.16,10.85,11.01,11.14,10.79,11.1,11.26,10.91,11.62,11.73,11.49,12.94,13.14,12.86,13.45,13.6,13.38,13.53,13.62,13.5,13.48,13.51,13.43,6528,6776
2026-02-13 07:00:00,1.16,1.11,3.26,28.62,6.31,3.83,3.24,39.52,11.15,11.26,11.07,11.06,11.14,11.02,11.12,11.14,11.07,11.74,11.83,11.72,13.22,13.28,13.16,13.62,13.65,13.61,13.65,13.71,13.62,13.51,13.51,13.51,6519,0
2026-02-13 06:00:00,1.2,1.07,2.96,28.37,6.3,3.82,3.24,39.72,12,12.66,11.14,11.92,12.56,11.07,11.93,12.55,11.14,12.18,12.56,11.85,13.4,13.47,13.33,13.71,13.73,13.67,13.73,13.74,13.72,13.51,13.54,13.51,6530,0
2026-02-13 05:00:00,1.2,1.04,2.68,28.56,6.46,3.89,3.27,40.82,12.75,12.8,12.68,12.65,12.8,12.56,12.62,12.91,12.56,12.82,13.12,12.56,13.5,13.51,13.48,13.73,13.74,13.73,13.74,13.75,13.74,13.54,13.58,13.52,6539,0
2026-02-13 04:00:00,1.43,1.28,3.34,29.46,6.37,3.78,3.17,40.05,12.9,13.04,12.46,12.88,13.03,12.44,12.95,13.12,12.56,13.07,13.17,12.88,13.51,13.51,13.51,13.81,13.85,13.75,13.79,13.84,13.75,13.54,13.57,13.54,6546,0
2026-02-13 03:00:00,1.39,1.3,3.08,28.16,6.08,3.66,3.08,39.48,12.31,12.44,12.21,12.29,12.44,12.21,12.39,12.56,12.31,12.8,12.84,12.8,13.55,13.62,13.51,13.86,13.9,13.85,13.86,13.86,13.83,13.56,13.6,13.54,6550,0
2026-02-13 02:00:00,1.35,1.25,2.81,27.66,5.92,3.66,3.08,39.49,12.11,12.21,12.09,12.11,12.19,12.08,12.22,12.31,12.2,12.79,12.8,12.75,13.63,13.64,13.62,13.96,13.97,13.91,13.86,13.9,13.86,13.56,13.59,13.54,6550,0
2026-02-13 01:00:00,1.27,1.17,1.98,24.97,5.45,3.35,3.1,39.49,12.34,12.48,12.18,12.32,12.44,12.12,12.38,12.47,12.26,12.8,12.8,12.8,13.7,13.75,13.64,14.04,14.08,13.97,13.95,13.97,13.89,13.53,13.55,13.52,6568,0
2026-02-13 00:00:00,1.18,1.04,1.89,24.51,5.4,3.1,3.13,39.51,12.56,12.68,12.46,12.5,12.6,12.44,12.53,12.66,12.45,12.8,12.8,12.8,13.77,13.84,13.75,14.15,14.2,14.08,13.97,13.98,13.97,13.51,13.52,13.51,6550,0
2026-02-12 23:00:00,1.2,1,1.89,24.52,5.39,3.08,3.13,39.54,12.69,12.73,12.66,12.61,12.68,12.55,12.6,12.68,12.44,12.76,12.8,12.68,13.89,13.97,13.86,14.27,14.32,14.2,14.02,14.07,13.97,13.51,13.51,13.51,6588,0
2026-02-12 22:00:00,1.18,1.03,1.91,24.56,5.41,3.06,3.13,39.6,12.26,12.63,11.64,12.11,12.52,11.44,11.97,12.44,11.36,12.39,12.68,11.97,14.07,14.22,13.98,14.45,14.56,14.35,14.08,14.09,14.06,13.46,13.51,13.4,6591,0
2026-02-12 21:00:00,1.07,0.89,1.82,24.54,5.44,2.96,3.14,39.66,10.64,11.48,9.84,10.47,11.25,9.72,10.46,11.14,9.81,11.73,11.88,11.55,14.47,14.69,14.22,14.65,14.76,14.56,14.07,14.09,14.03,13.39,13.4,13.37,6602,0
2026-02-12 20:00:00,1.05,0.87,1.8,24.48,5.45,2.96,3.15,39.7,10.7,11.95,9.85,10.56,11.73,9.84,10.44,11.51,9.84,12.12,12.68,11.73,15.05,15.34,14.77,14.83,14.91,14.79,13.98,14.02,13.97,13.32,13.39,13.27,6626,0
2026-02-12 19:00:00,1.19,1.01,1.96,24.55,5.46,3.01,3.12,39.73,12.96,14.08,12.09,12.77,13.9,11.91,12.57,13.74,11.72,13.38,14.09,12.8,15.69,16,15.4,14.91,14.91,14.91,13.9,13.97,13.86,13.27,13.27,13.26,6662,0
2026-02-12 18:00:00,1.25,1.15,2.06,24.7,5.5,3.15,3.11,39.77,15.21,15.78,14.3,15.1,15.75,14.1,15.06,15.86,13.98,15.02,15.74,14.23,16.32,16.59,16.02,14.87,14.91,14.79,13.77,13.86,13.72,13.21,13.27,13.16,6749,6957
2026-02-12 17:00:00,1.3,1.19,2.15,24.93,5.57,3.41,3.12,39.81,18.63,23.21,15.99,18.74,23.44,15.99,19.09,24.25,16,17.34,19.42,15.87,16.89,17.06,16.7,14.68,14.79,14.56,13.6,13.68,13.5,13.15,13.16,13.15,6820,8887
2026-02-12 16:00:00,1.53,1.39,2.5,25.62,5.71,3.59,3.12,39.85,22.97,24.98,20.84,23.22,25.32,20.98,24,26.25,21.66,20.17,21.44,19.18,17.02,17.06,16.93,14.36,14.55,14.2,13.45,13.5,13.38,13.15,13.15,13.15,6847,10924
2026-02-12 15:00:00,1.61,1.48,2.54,26.23,5.83,3.78,3.1,39.91,25.98,26.63,24.62,26.35,27.11,24.91,27.29,27.93,25.92,21.98,22.25,21.49,16.56,16.84,16.23,13.97,14.14,13.8,13.31,13.38,13.27,13.15,13.15,13.14,6849,10837
2026-02-12 14:00:00,1.55,1.34,2.45,26.45,5.95,3.79,3.12,39.97,25.97,26.63,25.07,26.7,27.57,25.69,27.87,28.87,26.75,22.27,22.74,21.81,15.75,16.19,15.29,13.6,13.73,13.49,13.23,13.27,13.17,13.15,13.15,13.15,6847,10817
2026-02-12 13:00:00,1.44,1.26,2.43,26.61,6.22,3.8,3.16,40.06,23.71,25.55,20.93,24.46,26.51,21.43,25.46,27.46,22.38,20.75,22.02,18.94,14.82,15.18,14.46,13.31,13.43,13.19,13.15,13.16,13.15,13.15,13.15,13.14,6847,10814
2026-02-12 12:00:00,1.3,1.07,2.33,27.09,6.4,3.8,3.16,40.11,23.01,24.62,21.56,23.82,25.57,22.36,25.09,27.2,23.33,19.66,20.27,18.91,13.95,14.34,13.48,13.09,13.16,13.02,13.15,13.15,13.15,13.15,13.15,13.15,6838,8722
2026-02-12 11:00:00,1.13,0.98,2.3,27.85,6.44,3.81,3.18,40.2,23.41,24.5,21.55,24.02,25.45,21.9,25.6,26.99,23.32,18.14,19.65,16.39,12.98,13.39,12.68,13.02,13.02,13.02,13.15,13.15,13.15,13.15,13.15,13.15,6840,10613
2026-02-12 10:00:00,1.1,1,2.64,28.08,6.45,3.85,3.18,40.27,16.6,21.43,12.92,16.64,21.67,12.8,17.3,23.08,13.03,13.8,16.11,12.33,12.59,12.68,12.56,13.05,13.12,13.02,13.19,13.23,13.15,13.15,13.15,13.15,6842,10967
2026-02-12 09:00:00,1.21,1.17,2.89,28,6.47,3.88,3.17,40.35,11.96,13.05,11.26,11.88,12.86,11.26,12.07,13.15,11.3,11.92,12.44,11.5,12.57,12.58,12.56,13.15,13.21,13.13,13.27,13.27,13.25,13.15,13.15,13.15,6755,7055
2026-02-12 08:00:00,1.34,1.37,3.09,28.2,6.48,3.89,3.19,40.44,11.04,11.3,10.91,10.98,11.26,10.89,11.02,11.32,10.9,11.41,11.61,11.31,12.66,12.68,12.58,13.26,13.3,13.23,13.29,13.37,13.27,13.15,13.16,13.15,6524,6799
2026-02-12 07:00:00,1.42,1.38,3.17,28.48,6.5,3.9,3.2,40.58,11.39,11.61,11.03,11.3,11.5,10.93,11.3,11.59,10.9,11.48,11.71,11.24,12.81,12.92,12.7,13.38,13.41,13.35,13.38,13.38,13.38,13.15,13.17,13.15,6497,0
2026-02-12 06:00:00,1.39,1.38,3.19,28.56,6.52,3.88,3.19,40.73,11.27,11.5,10.79,11.11,11.38,10.55,11,11.37,10.31,11.28,11.49,11.02,13.09,13.28,12.92,13.49,13.53,13.44,13.39,13.43,13.38,13.16,13.18,13.15,6502,0
2026-02-12 05:00:00,1.29,1.32,3.17,28.51,6.55,3.86,3.21,40.95,11.3,11.97,10.66,11.14,11.85,10.43,10.98,11.73,10.18,11.64,12.2,11.09,13.41,13.53,13.28,13.59,13.61,13.52,13.45,13.48,13.41,13.17,13.2,13.15,6506,0
2026-02-12 04:00:00,1.29,1.33,3.11,28.74,6.56,3.87,3.24,41.25,12.62,13.33,12.08,12.54,13.27,11.97,12.51,13.27,11.86,12.82,13.39,12.32,13.63,13.65,13.58,13.61,13.61,13.61,13.49,13.5,13.48,13.17,13.19,13.16,6517,0
2026-02-12 03:00:00,1.27,1.32,3.14,29.33,6.68,3.95,3.29,41.81,13.5,13.59,13.39,13.45,13.51,13.39,13.49,13.51,13.39,13.6,13.62,13.5,13.69,13.73,13.64,13.65,13.71,13.62,13.5,13.5,13.49,13.18,13.2,13.16,6524,0
2026-02-12 02:00:00,1.42,1.51,3.52,31.07,6.96,3.98,3.34,42.73,13.39,13.41,13.39,13.39,13.4,13.38,13.46,13.5,13.4,13.58,13.62,13.52,13.73,13.75,13.7,13.72,13.73,13.7,13.5,13.5,13.5,13.16,13.17,13.15,6533,0
2026-02-12 01:00:00,1.47,1.56,3.58,31.72,7,4.01,3.35,43.66,13.32,13.39,13.27,13.3,13.37,13.27,13.38,13.42,13.33,13.51,13.56,13.5,13.75,13.75,13.75,13.73,13.74,13.73,13.5,13.51,13.5,13.15,13.17,13.15,6542,0
2026-02-12 00:00:00,1.54,1.63,3.81,33.17,7.15,4.03,3.4,44.81,13.22,13.27,13.15,13.19,13.27,13.15,13.27,13.34,13.22,13.49,13.5,13.44,13.81,13.87,13.75,13.8,13.85,13.74,13.51,13.53,13.5,13.15,13.16,13.15,6546,0
2026-02-11 23:00:00,1.4,1.52,3.61,31.42,6.81,3.95,3.35,45.32,13.11,13.15,13.03,13.04,13.14,12.94,13.11,13.17,13.03,13.39,13.41,13.39,13.9,13.98,13.87,13.85,13.85,13.85,13.51,13.53,13.5,13.15,13.15,13.15,6550,0
2026-02-11 22:00:00,1.37,1.47,3.53,31.9,6.88,3.98,3.37,47.17,12.94,13,12.92,12.92,12.93,12.92,13.03,13.04,13.02,13.42,13.5,13.39,14.04,14.1,13.98,13.91,13.97,13.86,13.51,13.55,13.5,13.15,13.15,13.15,6575,0
2026-02-11 21:00:00,1.4,1.49,3.48,30.21,6.68,3.9,3.31,50.79,13.27,13.86,13.03,13.22,13.78,12.99,13.31,13.86,13.07,13.64,13.86,13.5,14.2,14.31,14.1,13.97,13.97,13.96,13.5,13.52,13.5,13.14,13.15,13.12,6591,0
2026-02-11 20:00:00,1.26,1.46,2.71,27.09,6.19,3.8,3.16,70.34,14.19,14.45,13.98,14.11,14.33,13.86,14.11,14.33,13.87,14.04,14.21,13.86,14.38,14.46,14.33,13.97,13.97,13.97,13.5,13.5,13.5,13.12,13.15,13.09,6604,0
2026-02-11 19:00:00,1.27,1.59,2.68,27.27,6.31,3.8,3.17,90.46,14.59,14.78,14.46,14.51,14.69,14.38,14.51,14.69,14.4,14.4,14.57,14.21,14.53,14.58,14.46,13.97,13.97,13.97,13.49,13.5,13.49,13.07,13.11,13.05,6626,0
2026-02-11 18:00:00,1.27,1.58,2.78,27.5,6.4,3.8,3.63,93.72,14.98,15.16,14.81,14.92,15.15,14.69,14.94,15.16,14.69,14.8,15.03,14.58,14.65,14.69,14.58,13.97,13.97,13.94,13.42,13.48,13.38,13.03,13.06,13.03,6660,1792
2026-02-11 17:00:00,1.28,1.57,2.84,27.84,6.44,3.81,9.54,94.53,15.46,15.87,15.2,15.42,15.78,15.16,15.5,15.87,15.19,15.27,15.5,15.04,14.69,14.69,14.69,13.87,13.94,13.85,13.38,13.38,13.38,13.03,13.03,13.03,6735,6972
2026-02-11 16:00:00,1.26,1.49,2.88,28.6,6.52,3.83,20.98,94.9,15.99,16.12,15.78,16,16.19,15.76,16.09,16.26,15.87,15.6,15.71,15.5,14.65,14.69,14.58,13.83,13.85,13.75,13.35,13.38,13.29,13.03,13.03,13.03,6820,8521
2026-02-11 15:00:00,1.4,1.81,3.25,29.59,6.6,3.86,36.61,94.8,14.93,15.81,14.57,14.95,15.76,14.61,15.07,15.87,14.79,15.31,15.51,15.17,14.58,14.58,14.55,13.73,13.77,13.7,13.28,13.3,13.27,13.03,13.03,13.03,6824,8856
2026-02-11 14:00:00,1.4,1.79,3.24,29.75,6.69,3.92,61.22,94.86,15.27,15.65,15.04,15.23,15.6,15.04,15.34,15.52,15.2,15.6,15.75,15.51,14.4,14.48,14.33,13.63,13.71,13.61,13.27,13.27,13.27,13.02,13.03,13.01,6818,7209
2026-02-11 13:00:00,1.5,2.02,3.51,30.76,6.86,4,100.37,94.97,14.75,15.04,14.61,14.79,15.04,14.69,15,15.28,14.89,15.32,15.51,15.28,14.2,14.32,14.1,13.57,13.61,13.5,13.27,13.27,13.27,13.01,13.03,12.99,6826,7552
2026-02-11 12:00:00,1.58,2.13,3.65,31.78,7.1,4.11,118.56,95.05,14.63,14.93,14.33,14.67,15.04,14.34,14.9,15.27,14.57,15.07,15.39,14.8,13.97,14.1,13.87,13.49,13.52,13.49,13.27,13.27,13.27,12.98,13,12.95,6826,8013
2026-02-11 11:00:00,1.57,2.16,3.61,31.14,6.93,8.6,119.12,95.08,14.26,14.57,13.86,14.29,14.65,13.86,14.47,14.84,13.99,14.55,14.89,14.21,13.78,13.87,13.75,13.49,13.49,13.49,13.27,13.27,13.27,12.97,12.99,12.95,6820,8194
2026-02-11 10:00:00,1.54,2.17,3.49,31,6.84,25.53,119.19,95.08,13.85,13.93,13.76,13.85,13.94,13.74,13.99,14.1,13.87,14.11,14.21,13.98,13.7,13.75,13.63,13.49,13.51,13.49,13.31,13.38,13.27,12.99,13.01,12.96,6666,6953
2026-02-11 09:00:00,1.58,2.29,3.61,32.18,7.42,42.7,119.18,94.92,13.72,13.86,13.51,13.7,13.86,13.51,13.8,13.98,13.62,13.86,13.98,13.73,13.64,13.65,13.63,13.53,13.59,13.49,13.42,13.49,13.38,13.03,13.04,13.03,6591,6878
2026-02-11 08:00:00,1.68,2.4,3.9,32.35,7.29,4.05,4.95,46.29,13.53,13.58,13.51,13.51,13.52,13.51,13.62,13.62,13.62,13.73,13.74,13.72,13.64,13.65,13.63,13.47,13.49,13.45,13.16,13.27,13.15,12.82,13,12.8,6502,3596
2026-02-11 07:00:00,1.53,2.28,3.57,29.84,6.37,3.83,3.29,39.33,13.62,13.63,13.6,13.59,13.62,13.53,13.67,13.74,13.62,13.74,13.75,13.74,13.68,13.72,13.64,13.49,13.49,13.48,13.15,13.15,13.15,12.8,12.8,12.8,6506,0
2026-02-11 06:00:00,1.46,2.17,3.34,29.06,6.27,3.89,3.25,39.35,13.68,13.72,13.64,13.63,13.67,13.62,13.74,13.74,13.73,13.79,13.83,13.75,13.73,13.75,13.71,13.49,13.49,13.49,13.15,13.16,13.15,12.8,12.8,12.8,6506,0
2026-02-11 05:00:00,1.42,2.14,3.31,29.03,6.33,3.86,3.25,39.42,13.67,13.73,13.62,13.63,13.65,13.62,13.73,13.74,13.67,13.79,13.83,13.75,13.75,13.75,13.74,13.49,13.49,13.49,13.15,13.15,13.15,12.8,12.8,12.8,6510,0
2026-02-11 04:00:00,1.43,2.15,3.35,29.11,6.34,3.87,3.25,39.45,13.62,13.62,13.61,13.59,13.62,13.56,13.65,13.7,13.62,13.77,13.81,13.75,13.76,13.78,13.75,13.5,13.53,13.49,13.15,13.15,13.15,12.79,12.8,12.76,6517,0
2026-02-11 03:00:00,1.43,2.17,3.35,29.19,6.3,3.82,3.27,39.09,13.63,13.68,13.62,13.62,13.64,13.59,13.7,13.74,13.64,13.85,13.86,13.81,13.85,13.87,13.81,13.56,13.6,13.52,13.15,13.15,13.15,12.74,12.77,12.72,6522,0
2026-02-11 02:00:00,1.39,2.07,3.27,29.34,6.37,3.83,3.32,39.17,13.71,13.74,13.67,13.64,13.67,13.62,13.74,13.74,13.74,13.86,13.87,13.86,13.87,13.89,13.87,13.6,13.61,13.58,13.15,13.15,13.15,12.69,12.72,12.68,6533,0
2026-02-11 01:00:00,1.43,2.09,3.31,29.41,6.47,3.85,3.3,39.17,13.63,13.69,13.62,13.62,13.63,13.61,13.7,13.74,13.66,13.86,13.89,13.86,13.97,13.99,13.9,13.61,13.61,13.61,13.15,13.15,13.15,12.68,12.68,12.68,6542,0
2026-02-11 00:00:00,1.37,2.02,3.18,29.43,6.4,3.85,3.29,39.21,13.7,13.74,13.62,13.66,13.74,13.62,13.76,13.85,13.7,13.97,14.05,13.9,14.05,14.1,13.98,13.61,13.63,13.61,13.15,13.15,13.15,12.67,12.68,12.66,6537,0
2026-02-10 23:00:00,1.45,2.09,3.4,30.08,6.51,3.86,3.3,39.7,13.84,13.86,13.76,13.81,13.86,13.74,13.87,13.95,13.84,14.1,14.21,14.05,14.15,14.22,14.1,13.65,13.68,13.62,13.14,13.15,13.12,12.62,12.68,12.58,6564,0
2026-02-10 22:00:00,1.43,1.98,3.22,28.19,6.11,3.72,3.19,39.18,14.07,14.39,13.87,14.02,14.33,13.86,14.11,14.45,13.98,14.3,14.45,14.21,14.24,14.32,14.22,13.68,13.7,13.66,13.07,13.12,13.04,12.56,12.57,12.56,6577,0
2026-02-10 21:00:00,1.27,1.61,2.8,26.62,6.01,3.71,3.2,39.17,14.74,14.82,14.5,14.71,14.81,14.45,14.71,14.81,14.52,14.56,14.69,14.45,14.35,14.41,14.33,13.68,13.71,13.66,13.03,13.04,13.03,12.55,12.56,12.54,6591,0
2026-02-10 20:00:00,1.27,1.61,2.86,26.7,6.03,3.7,3.18,39.34,14.9,14.93,14.82,14.85,14.9,14.81,14.87,14.92,14.81,14.74,14.8,14.69,14.46,14.52,14.42,13.65,13.69,13.61,12.99,13.03,12.93,12.48,12.54,12.44,6608,0
2026-02-10 19:00:00,1.27,1.63,2.91,26.92,6.01,3.69,3.18,39.73,14.94,15.1,14.88,14.86,15.04,14.81,14.94,15.1,14.92,14.94,15.14,14.8,14.58,14.64,14.55,13.61,13.62,13.61,12.91,12.92,12.9,12.44,12.45,12.44,6624,0
2026-02-10 18:00:00,1.26,1.56,2.87,27.08,6.04,3.7,3.19,39.76,15.48,15.64,15.18,15.45,15.64,15.16,15.47,15.72,15.17,15.34,15.52,15.16,14.69,14.69,14.66,13.53,13.61,13.49,12.83,12.9,12.8,12.44,12.44,12.42,6660,1985
2026-02-10 17:00:00,1.24,1.5,2.83,27.49,6.06,3.74,3.19,39.84,15.73,15.76,15.64,15.75,15.84,15.67,15.9,16.03,15.75,15.8,16.04,15.62,14.69,14.69,14.67,13.42,13.49,13.38,12.78,12.8,12.75,12.38,12.42,12.35,6733,6961
2026-02-10 16:00:00,1.26,1.56,3,28.2,6.12,3.75,3.22,39.88,16.04,16.34,15.71,16.03,16.34,15.73,16.22,16.58,15.87,16.19,16.31,16.11,14.53,14.61,14.45,13.29,13.37,13.25,12.68,12.72,12.67,12.33,12.35,12.32,6815,7303
2026-02-10 15:00:00,1.32,1.52,3.14,27.97,6.07,3.76,3.21,39.95,16.24,17.23,15.75,16.3,17.29,15.75,16.57,17.53,15.97,16.29,16.56,16.11,14.28,14.46,14.1,13.15,13.24,13.11,12.66,12.67,12.62,12.32,12.32,12.32,6822,7642
2026-02-10 14:00:00,1.25,1.19,2.8,27.5,6.05,3.74,3.23,39.91,17.06,17.76,15.99,17.09,17.76,16,17.27,17.99,16.19,16.09,16.45,15.48,13.98,14.1,13.87,13.02,13.09,13,12.58,12.64,12.56,12.31,12.32,12.28,6826,10321
2026-02-10 13:00:00,1.22,1.25,2.82,27.88,6.08,3.79,3.22,40.01,16.06,16.35,15.81,16.09,16.45,15.87,16.26,16.58,16,15.49,15.63,15.4,13.72,13.87,13.61,12.93,12.99,12.9,12.56,12.56,12.56,12.26,12.3,12.22,6822,7733
2026-02-10 12:00:00,1.33,1.58,3.31,28.71,6.12,3.8,3.23,39.99,14.93,15.77,14.57,14.92,15.75,14.57,15.05,15.87,14.69,14.82,15.28,14.57,13.47,13.56,13.39,12.9,12.9,12.89,12.56,12.56,12.55,12.21,12.23,12.21,6824,7666
2026-02-10 11:00:00,1.39,1.79,3.58,28.85,6.09,3.8,3.23,40.02,14.09,14.45,13.74,14.09,14.45,13.74,14.22,14.63,13.86,14.2,14.45,13.96,13.31,13.39,13.28,12.87,12.89,12.85,12.54,12.56,12.53,12.21,12.21,12.21,6802,7118
2026-02-10 10:00:00,1.4,1.81,3.39,28.63,6.06,3.81,3.24,40.03,13.78,13.92,13.73,13.77,13.88,13.72,13.84,14.02,13.74,13.82,13.98,13.74,13.27,13.28,13.25,12.84,12.86,12.82,12.51,12.53,12.49,12.21,12.21,12.21,6608,6874
2026-02-10 09:00:00,1.28,1.59,2.98,27.08,6.04,3.8,3.28,40.09,13.82,13.92,13.74,13.8,13.86,13.74,13.85,13.86,13.82,13.66,13.74,13.62,13.25,13.27,13.23,12.83,12.86,12.81,12.47,12.5,12.44,12.19,12.21,12.18,6537,6783
2026-02-10 08:00:00,1.26,1.52,2.89,27.02,6.01,3.8,3.29,40.19,13.84,13.86,13.75,13.78,13.83,13.74,13.79,13.85,13.74,13.61,13.62,13.59,13.27,13.28,13.25,12.83,12.85,12.81,12.44,12.46,12.44,12.12,12.17,12.1,6510,5527
2026-02-10 07:00:00,1.21,1.53,2.87,27.29,6.01,3.8,3.29,40.23,13.76,13.8,13.74,13.73,13.74,13.71,13.74,13.76,13.74,13.62,13.62,13.61,13.28,13.28,13.28,12.83,12.84,12.82,12.44,12.44,12.44,12.09,12.1,12.09,6517,0
2026-02-10 06:00:00,1.21,1.53,2.89,27.6,6.04,3.82,3.29,40.24,13.76,13.82,13.74,13.71,13.74,13.65,13.73,13.74,13.7,13.62,13.62,13.62,13.28,13.28,13.28,12.83,12.87,12.81,12.44,12.44,12.44,12.09,12.09,12.08,6519,0
2026-02-10 05:00:00,1.23,1.62,3.03,27.93,6.07,3.84,3.3,40.26,13.66,13.79,13.62,13.6,13.74,13.55,13.62,13.62,13.61,13.61,13.62,13.6,13.28,13.29,13.28,12.83,12.86,12.8,12.43,12.44,12.42,12.07,12.09,12.04,6524,0
2026-02-10 04:00:00,1.29,1.69,3.11,28.08,6.09,3.86,3.34,40.33,13.67,13.74,13.62,13.63,13.71,13.58,13.67,13.74,13.62,13.66,13.74,13.62,13.31,13.35,13.28,12.82,12.85,12.78,12.4,12.43,12.37,11.99,12.04,11.97,6533,0
2026-02-10 03:00:00,1.32,1.65,3.07,28.15,6.11,3.86,3.35,40.38,13.77,13.8,13.74,13.74,13.74,13.73,13.76,13.79,13.74,13.74,13.75,13.74,13.36,13.39,13.33,12.81,12.83,12.8,12.34,12.39,12.32,11.97,11.97,11.97,6542,0
2026-02-10 02:00:00,1.31,1.66,3.1,28.34,6.16,3.87,3.36,40.42,13.75,13.79,13.74,13.74,13.74,13.74,13.78,13.81,13.76,13.75,13.78,13.74,13.39,13.39,13.38,12.8,12.82,12.8,12.32,12.33,12.32,11.94,11.97,11.89,6550,0
2026-02-10 01:00:00,1.37,1.75,3.33,28.87,6.22,3.87,3.36,40.52,13.81,13.86,13.75,13.77,13.84,13.74,13.85,13.86,13.79,13.84,13.86,13.81,13.39,13.39,13.39,12.81,12.82,12.8,12.32,12.32,12.31,11.86,11.88,11.85,6550,0
2026-02-10 00:00:00,1.42,1.77,3.44,29.09,6.25,3.89,3.36,40.54,13.86,13.86,13.85,13.83,13.86,13.76,13.86,13.87,13.86,13.86,13.86,13.85,13.4,13.44,13.39,12.8,12.83,12.78,12.27,12.32,12.22,11.84,11.85,11.81,6550,0
2026-02-09 23:00:00,1.38,1.77,3.5,29.57,6.27,3.88,3.37,40.52,13.76,13.82,13.74,13.74,13.74,13.74,13.8,13.86,13.75,13.85,13.86,13.84,13.49,13.51,13.45,12.8,12.82,12.8,12.21,12.24,12.2,11.74,11.81,11.73,6588,0
2026-02-09 22:00:00,1.41,1.74,3.48,29.56,6.19,3.86,3.34,40.53,13.85,13.86,13.77,13.81,13.86,13.74,13.86,13.87,13.85,13.87,13.91,13.86,13.54,13.62,13.51,12.8,12.81,12.78,12.17,12.2,12.13,11.71,11.73,11.65,6591,0
2026-02-09 21:00:00,1.26,1.51,2.88,28,6.09,3.86,3.34,40.58,13.98,14.1,13.86,13.97,14.08,13.86,13.98,14.05,13.87,13.97,14,13.95,13.63,13.68,13.62,12.79,12.8,12.78,12.09,12.11,12.08,11.63,11.66,11.62,6599,0
2026-02-09 20:00:00,1.25,1.53,2.91,28.29,6.17,3.88,3.39,40.68,14,14.08,13.96,13.95,14.02,13.86,13.98,13.99,13.97,14.08,14.11,14,13.75,13.81,13.7,12.78,12.78,12.78,11.99,12.07,11.96,11.56,11.62,11.5,6613,0
2026-02-09 19:00:00,1.4,1.71,3.33,29.61,6.37,3.95,3.44,40.84,13.89,13.94,13.86,13.87,13.91,13.86,13.97,13.99,13.96,14.25,14.34,14.16,13.9,13.98,13.86,12.73,12.78,12.67,11.88,11.96,11.85,11.5,11.5,11.49,6635,0
2026-02-09 18:00:00,1.41,1.67,3.52,29.62,6.24,3.9,3.36,40.72,14.08,14.3,13.95,14.07,14.27,13.88,14.19,14.39,14.01,14.59,14.8,14.38,14.05,14.1,13.98,12.62,12.67,12.55,11.75,11.84,11.71,11.41,11.48,11.38,6675,1146
2026-02-09 17:00:00,1.36,1.5,3.16,28.7,6.07,3.87,3.31,40.74,14.6,14.87,14.33,14.58,14.93,14.33,14.73,15.06,14.45,15.1,15.4,14.8,14.13,14.2,14.1,12.46,12.55,12.36,11.6,11.67,11.5,11.35,11.38,11.3,6778,7047
2026-02-09 16:00:00,1.33,1.45,2.74,26.93,5.92,3.86,3.29,40.83,15.38,16.45,14.69,15.44,16.45,14.72,15.61,16.7,14.85,15.8,16.34,15.28,14.18,14.22,14.1,12.23,12.33,12.08,11.44,11.49,11.37,11.27,11.28,11.26,6826,8505
2026-02-09 15:00:00,1.23,1.22,2.39,26.15,5.97,3.85,3.29,40.88,17.13,18.24,16.58,17.19,18.31,16.58,17.44,18.7,16.82,16.57,17.19,16.2,14.06,14.1,13.98,11.94,12.07,11.79,11.29,11.37,11.25,11.26,11.26,11.26,6826,9447
2026-02-09 14:00:00,1.25,1.11,2.34,26.37,6.13,3.84,3.28,40.97,17.84,18.53,17.36,17.96,18.59,17.52,18.31,18.94,17.76,17.1,17.51,16.85,13.76,13.93,13.52,11.58,11.73,11.39,11.15,11.23,11.13,11.26,11.26,11.25,6838,10246
2026-02-09 13:00:00,1.24,1.08,2.42,26.79,6.22,3.85,3.28,41.08,20.4,21.55,18.83,20.69,21.9,19.06,21.34,22.82,19.54,18.33,18.65,17.76,13.09,13.51,12.68,11.21,11.37,11.01,11.06,11.13,11.02,11.24,11.26,11.22,6826,9738
2026-02-09 12:00:00,1.22,1.07,2.39,27.15,6.22,3.88,3.29,41.26,19.99,21.92,18.54,20.36,22.38,18.95,21.16,23.44,19.54,17.56,18.36,17.04,12.11,12.57,11.6,10.92,11.01,10.8,11.01,11.02,10.98,11.22,11.25,11.21,6847,10873
2026-02-09 11:00:00,1.16,0.94,2.42,27.85,5.94,3.93,3.33,41.52,21.62,23.02,16.87,21.9,23.56,16.78,23.08,24.98,17.39,16.44,18.1,13.75,11.02,11.49,10.68,10.77,10.79,10.77,10.96,11,10.93,11.2,11.22,11.17,6838,10719
2026-02-09 10:00:00,1.18,1.01,2.74,27.91,5.75,3.95,3.35,41.82,13.23,15.13,12.01,13.18,15.04,11.95,13.4,15.51,12,12.07,13.15,11.24,10.51,10.67,10.41,10.76,10.77,10.73,10.92,10.94,10.92,11.18,11.19,11.16,6826,10128
2026-02-09 09:00:00,1.07,0.93,2.7,27.74,5.83,3.97,3.36,42.26,10.68,11.76,9.93,10.61,11.67,9.85,10.7,11.73,9.96,10.47,11.02,10.06,10.33,10.38,10.32,10.77,10.77,10.76,10.93,10.95,10.92,11.18,11.2,11.16,6673,6984
2026-02-09 08:00:00,1.12,0.98,2.79,27.94,5.87,3.99,3.39,42.89,9.52,9.84,9.37,9.49,9.83,9.29,9.57,9.89,9.37,9.79,9.96,9.71,10.32,10.34,10.32,10.77,10.77,10.77,10.97,11,10.94,11.19,11.22,11.17,6510,6752
2026-02-09 07:00:00,1.13,1,2.87,28.19,5.9,4.01,3.4,43.86,9.14,9.34,8.89,9.1,9.26,8.89,9.18,9.37,8.89,9.59,9.72,9.47,10.42,10.44,10.36,10.77,10.79,10.77,11,11.02,10.98,11.2,11.24,11.19,6506,0
2026-02-09 06:00:00,1.14,0.99,2.73,28.78,5.99,4.05,3.42,45.22,9.44,9.49,9.29,9.42,9.49,9.26,9.52,9.6,9.37,9.91,9.96,9.84,10.44,10.44,10.44,10.82,10.86,10.78,11.02,11.02,11.01,11.21,11.25,11.19,6517,0
2026-02-09 05:00:00,1.21,1.06,2.89,29.94,6.34,4.11,3.5,47.31,9.33,9.37,9.25,9.3,9.37,9.25,9.4,9.47,9.37,9.84,9.85,9.84,10.44,10.44,10.44,10.88,10.89,10.87,11.02,11.03,11.02,11.21,11.24,11.18,6524,0
2026-02-09 04:00:00,1.34,1.19,3.3,31.19,6.92,4.2,3.59,51.02,9.25,9.26,9.25,9.25,9.26,9.24,9.37,9.37,9.37,9.84,9.84,9.83,10.49,10.56,10.45,10.9,10.93,10.89,11.05,11.13,11.02,11.18,11.25,11.15,6537,0
2026-02-09 03:00:00,1.32,1.16,3.22,30.51,6.5,4.11,3.55,41.86,9.25,9.28,9.25,9.25,9.26,9.24,9.37,9.37,9.37,9.84,9.87,9.84,10.56,10.56,10.56,10.99,11.01,10.93,11.14,11.14,11.14,11.24,11.25,11.22,6546,0
2026-02-09 02:00:00,1.33,1.17,3.22,30.44,6.29,4.07,3.54,41.66,9.25,9.25,9.24,9.24,9.25,9.22,9.36,9.37,9.35,9.85,9.87,9.84,10.64,10.67,10.57,11.02,11.03,11.01,11.14,11.14,11.14,11.2,11.22,11.17,6550,0
2026-02-09 01:00:00,1.26,1.09,3.09,29.34,5.99,4.01,3.44,41.08,9.25,9.25,9.24,9.24,9.25,9.22,9.36,9.37,9.35,9.85,9.85,9.84,10.69,10.76,10.67,11.11,11.13,11.05,11.16,11.2,11.14,11.16,11.19,11.14,6550,0
2026-02-09 00:00:00,1.29,1.13,3.27,29.43,6.02,4.02,3.47,41.17,9.25,9.25,9.22,9.23,9.25,9.16,9.35,9.37,9.28,9.84,9.85,9.84,10.79,10.8,10.76,11.18,11.25,11.13,11.2,11.23,11.16,11.14,11.14,11.14,6550,0
2026-02-08 23:00:00,1.21,1.04,2.77,26.74,5.74,3.94,3.31,41.05,9.07,9.18,8.95,9.05,9.13,8.93,9.16,9.25,9.01,9.83,9.84,9.77,10.9,10.95,10.81,11.26,11.32,11.25,11.23,11.25,11.2,11.13,11.14,11.12,6582,0
2026-02-08 22:00:00,1.11,0.91,2.36,24.82,5.43,3.83,3.27,41.06,8.85,8.89,8.78,8.81,8.89,8.78,8.91,9.01,8.88,9.71,9.74,9.68,11.08,11.15,11.01,11.37,11.4,11.32,11.21,11.26,11.17,11.06,11.13,11.02,6591,0
2026-02-08 21:00:00,1.04,0.89,2.18,24.62,5.4,3.77,3.28,41.04,9.32,9.6,8.92,9.24,9.49,8.89,9.24,9.47,8.89,9.82,9.91,9.72,11.33,11.5,11.19,11.47,11.49,11.41,11.14,11.17,11.14,11.02,11.03,11.01,6604,0
2026-02-08 20:00:00,1.02,0.85,1.91,24.23,5.4,3.79,3.27,41.24,9.9,10.08,9.6,9.79,9.96,9.54,9.74,9.93,9.47,10.06,10.18,9.96,11.69,11.86,11.5,11.56,11.6,11.5,11.11,11.14,11.03,10.94,11.01,10.91,6624,0
2026-02-08 19:00:00,1.03,0.87,1.95,24.22,5.46,3.79,3.27,41.4,10.5,11.13,9.96,10.4,11.02,9.84,10.33,11.02,9.72,10.63,11.14,10.18,12.16,12.4,11.97,11.59,11.6,11.55,10.97,11.03,10.9,10.9,10.91,10.89,6660,0
2026-02-08 18:00:00,1.12,1,2.08,24.33,5.51,3.79,3.29,42.01,12.1,13.6,11.25,12.07,13.62,11.14,12.11,13.74,11.14,11.91,13.02,11.26,12.65,12.8,12.45,11.49,11.54,11.43,10.84,10.9,10.78,10.83,10.89,10.79,6731,4097
2026-02-08 17:00:00,1.35,1.27,2.46,24.73,5.6,3.87,3.27,42.24,16.22,17.95,13.98,16.33,18.1,14.05,16.63,18.45,14.21,14.52,15.28,13.27,12.86,12.92,12.8,11.31,11.39,11.23,10.69,10.77,10.63,10.79,10.8,10.79,6838,10435
2026-02-08 16:00:00,1.21,1.17,2.28,24.75,5.65,3.85,3.28,42.61,15.67,16.45,15.04,15.78,16.58,15.06,16.14,17.07,15.29,14.82,15.31,14.21,12.9,12.92,12.85,11.02,11.19,10.89,10.51,10.58,10.43,10.78,10.79,10.78,6838,10892
2026-02-08 15:00:00,1.19,1.24,2.26,24.94,5.78,3.86,3.3,42.89,16.45,16.86,16,16.6,17.04,16.11,17.05,17.53,16.57,15.62,15.97,15.31,12.76,12.84,12.68,10.68,10.88,10.53,10.37,10.43,10.31,10.78,10.79,10.77,6838,10853
2026-02-08 14:00:00,1.25,1.12,2.28,25.52,6.2,3.9,3.33,43.23,17.97,19.18,16.7,18.37,19.77,16.99,19.14,20.83,17.53,16.8,17.64,15.88,12.36,12.63,11.99,10.26,10.44,10.06,10.25,10.31,10.18,10.78,10.79,10.77,6838,10944
2026-02-08 13:00:00,1.31,1.1,2.39,26.3,6.39,3.95,3.35,43.74,21.19,22.49,19.43,22.15,23.55,20.12,23.73,25.45,21.26,18.54,18.86,17.84,11.38,11.97,10.79,9.89,10.06,9.72,10.18,10.18,10.18,10.79,10.79,10.77,6844,10814
2026-02-08 12:00:00,1.21,1.04,2.39,26.73,6.47,3.97,3.36,44.59,20.25,22.05,18.83,21.21,23.2,19.7,23.02,25.09,21.32,16.66,18.23,15.51,10.19,10.67,9.72,9.63,9.71,9.58,10.12,10.18,10.08,10.78,10.79,10.78,6847,11081
2026-02-08 11:00:00,1.06,0.91,2.34,27.08,6.64,4,3.35,45.43,19.07,19.54,18.58,19.78,20.36,19.04,21.22,22.02,20.25,14.14,15.28,12.93,9.25,9.62,8.89,9.49,9.56,9.47,10.07,10.09,10.07,10.79,10.79,10.78,6847,11089
2026-02-08 10:00:00,0.99,0.86,2.38,27.44,6.75,4,3.35,46.81,17.12,18.1,15.52,17.34,18.59,15.4,18.32,19.74,16.11,11.65,12.68,10.31,8.61,8.89,8.43,9.55,9.59,9.47,10.02,10.07,9.95,10.79,10.79,10.79,6838,10932
2026-02-08 09:00:00,1,0.85,2.58,27.13,6.67,3.98,3.36,48.79,9.09,13.98,7.12,8.97,13.83,7,9.11,14.3,7,7.85,9.68,7,8.42,8.43,8.39,9.59,9.59,9.58,9.95,9.96,9.95,10.79,10.79,10.79,6838,9281
2026-02-08 08:00:00,1.02,0.94,2.71,27.21,6.61,3.99,3.36,52.12,6.49,6.87,6.23,6.41,6.76,6.15,6.36,6.77,6.08,6.78,6.88,6.64,8.48,8.55,8.43,9.67,9.71,9.59,10.04,10.07,9.97,10.81,10.85,10.79,6522,6803
2026-02-08 07:00:00,1.01,0.96,2.79,27.34,6.57,3.98,3.4,67.5,6.7,7.08,6.4,6.59,7,6.29,6.59,7,6.29,7,7.24,6.76,8.55,8.55,8.55,9.71,9.75,9.71,10.12,10.18,10.07,10.88,10.9,10.85,6484,0
2026-02-08 06:00:00,1.01,1.02,2.89,27.53,6.58,3.98,3.42,92.53,7,7.12,6.82,6.91,7,6.77,6.92,7.01,6.76,7.2,7.24,7.12,8.61,8.66,8.55,9.8,9.83,9.76,10.21,10.26,10.18,10.91,10.91,10.91,6484,0
2026-02-08 05:00:00,1.08,1.04,2.99,27.69,6.6,3.99,3.44,99.24,7.09,7.14,6.99,7.02,7.12,6.85,7.02,7.12,6.88,7.26,7.35,7.17,8.66,8.66,8.66,9.83,9.85,9.82,10.28,10.31,10.21,10.91,10.91,10.91,6486,0
2026-02-08 04:00:00,1.11,1.09,3.06,27.96,6.6,4.02,6.07,100.53,6.6,7.13,6.2,6.5,7.04,6.15,6.5,7.05,6.1,6.85,7.23,6.64,8.8,8.89,8.67,9.94,9.95,9.88,10.35,10.41,10.31,10.91,10.91,10.91,6488,0
2026-02-08 03:00:00,1.12,1.05,3.04,27.93,6.59,4.01,15.21,101.02,6.98,7.33,6.41,6.87,7.23,6.29,6.86,7.24,6.29,7.22,7.47,6.88,8.97,9.08,8.89,10.02,10.06,9.95,10.43,10.43,10.42,10.91,10.92,10.91,6493,0
2026-02-08 02:00:00,1.08,1.05,3.04,28.04,6.56,4,27.53,101.25,7.25,7.71,7,7.15,7.59,6.88,7.11,7.56,6.88,7.39,7.71,7.18,9.21,9.33,9.12,10.1,10.16,10.06,10.47,10.53,10.43,10.91,10.93,10.91,6497,0
2026-02-08 01:00:00,1.06,1.04,3.1,28.01,6.5,4,53.11,101.42,7.77,7.95,7.65,7.64,7.79,7.55,7.55,7.64,7.47,7.77,7.92,7.71,9.44,9.57,9.37,10.18,10.18,10.16,10.53,10.55,10.49,10.91,10.91,10.91,6506,0
2026-02-08 00:00:00,1.06,1,3.15,28.19,6.5,4.18,113.54,101.62,8.33,8.54,7.85,8.22,8.42,7.73,8.1,8.31,7.59,8.27,8.47,7.93,9.65,9.72,9.59,10.18,10.18,10.18,10.53,10.55,10.52,10.91,10.91,10.91,6506,0
2026-02-07 23:00:00,1.09,1,3.17,28.59,6.58,27.35,119.45,101.73,8.75,8.89,8.54,8.64,8.78,8.42,8.59,8.77,8.42,8.72,8.89,8.54,9.82,9.85,9.74,10.2,10.24,10.18,10.54,10.55,10.53,10.91,10.91,10.91,6542,0
2026-02-07 22:00:00,1.07,1,3.2,29.31,6.8,94.99,119.48,101.82,9.46,9.96,8.68,9.37,9.92,8.55,9.31,9.84,8.46,9.4,9.66,8.89,9.86,9.89,9.85,10.23,10.26,10.2,10.51,10.54,10.49,10.91,10.91,10.89,6550,0
2026-02-07 21:00:00,1.03,0.98,3.09,29.05,17.72,119.13,119.49,102,9.64,9.96,9.25,9.54,9.84,9.18,9.57,9.83,9.25,9.57,9.72,9.35,9.92,9.96,9.85,10.28,10.3,10.25,10.44,10.48,10.41,10.83,10.9,10.79,6577,0
2026-02-07 20:00:00,1.25,1.23,3.74,31.23,54.66,115.01,119.49,101.92,9.13,9.25,9.01,9.1,9.25,8.89,9.16,9.31,8.99,9.41,9.47,9.25,10.02,10.08,9.96,10.31,10.38,10.3,10.39,10.55,10.31,10.85,11.02,10.79,6595,0
2026-02-07 19:00:00,1.22,1.2,3.58,29.99,6.82,12.12,119.41,101.51,9.43,9.74,9.13,9.36,9.64,9.13,9.39,9.62,9.2,9.51,9.6,9.47,9.96,9.97,9.96,10.3,10.3,10.3,10.57,10.62,10.55,11.02,11.02,11.02,6624,0
2026-02-07 18:00:00,1.02,0.93,2.88,28.45,6.62,79.3,119.47,101.61,9.86,9.96,9.71,9.82,9.93,9.6,9.83,9.96,9.6,9.68,9.72,9.6,9.96,9.97,9.96,10.3,10.3,10.29,10.59,10.62,10.56,11.02,11.02,11.02,6666,1985
2026-02-07 17:00:00,1.09,1.04,3.19,30.23,37.53,119.15,119.49,101.88,9.35,9.83,8.66,9.29,9.72,8.64,9.35,9.72,8.77,9.65,9.72,9.42,9.96,9.96,9.96,10.37,10.43,10.3,10.6,10.64,10.57,10.97,11.02,10.91,6773,7036
2026-02-07 16:00:00,1.33,1.38,3.98,36.68,109.27,119.18,119.49,102.15,9.25,10.74,8.22,9.25,10.66,8.27,9.38,10.76,8.42,9.86,10.63,9.34,10.22,10.32,10.07,10.42,10.44,10.42,10.56,10.6,10.55,10.93,10.99,10.91,6737,7032
2026-02-07 15:00:00,1.45,1.43,3.9,34.49,51.02,62.53,90.31,102.07,9.91,10.44,9.72,9.91,10.43,9.71,10.06,10.5,9.84,10.3,10.54,10.08,10.1,10.31,9.88,10.36,10.43,10.3,10.64,10.77,10.55,11.13,11.26,10.96,6737,6984
2026-02-07 14:00:00,1.36,1.25,3.59,32.07,7.53,4.38,59.56,101.97,9.96,10.2,9.49,9.96,10.2,9.49,10.18,10.43,9.72,10.31,10.55,9.87,9.75,9.85,9.62,10.26,10.3,10.24,10.62,10.66,10.55,11.21,11.26,11.14,6818,7209
2026-02-07 13:00:00,1.36,1.3,3.7,32.16,7.76,4.49,59.71,101.8,8.84,9.41,8.39,8.85,9.46,8.42,9.05,9.6,8.55,9.4,9.84,9.1,9.59,9.62,9.54,10.3,10.33,10.26,10.64,10.79,10.55,11.14,11.21,11.13,6820,7607
2026-02-07 12:00:00,1.38,1.24,3.56,31.79,7.71,4.48,3.7,46.81,8.31,8.42,8.18,8.34,8.43,8.18,8.54,8.66,8.42,9.06,9.13,9,9.49,9.51,9.46,10.4,10.42,10.35,11,11.03,10.9,11.58,11.64,11.28,6804,7099
2026-02-07 11:00:00,1.37,1.23,3.47,31.21,7.34,4.21,3.49,36.23,7.84,8.18,7.59,7.86,8.22,7.6,8.09,8.43,7.83,8.68,8.95,8.43,9.39,9.45,9.37,10.52,10.54,10.43,11.13,11.14,11.06,11.7,11.73,11.64,6818,8414
2026-02-07 10:00:00,1.21,1.12,3.25,29.45,6.48,3.94,3.28,34.29,7.33,7.48,7.22,7.35,7.53,7.24,7.54,7.72,7.36,8.2,8.41,8.07,9.36,9.37,9.34,10.57,10.62,10.54,11.17,11.23,11.14,11.73,11.74,11.73,6820,7142
2026-02-07 09:00:00,1.05,0.93,2.38,26.62,6.13,3.88,3.22,34.22,7.67,7.99,7,7.61,7.95,6.86,7.73,8.07,6.93,7.99,8.2,7.55,9.28,9.32,9.26,10.65,10.66,10.63,11.25,11.26,11.2,11.78,11.83,11.73,6624,6898
2026-02-07 08:00:00,0.97,0.95,2.41,26.68,6.06,3.85,3.21,34.28,5.89,6.77,5.4,5.83,6.66,5.35,5.9,6.75,5.35,7.01,7.47,6.77,9.41,9.49,9.35,10.75,10.79,10.69,11.34,11.37,11.28,11.85,11.85,11.84,6524,6803
2026-02-07 07:00:00,1.01,0.99,2.47,26.65,6.12,3.87,3.2,34.37,6.43,7.05,5.49,6.37,7,5.47,6.42,7.05,5.47,7.37,7.71,6.88,9.56,9.6,9.49,10.87,10.89,10.79,11.41,11.48,11.37,11.89,11.95,11.85,6495,0
2026-02-07 06:00:00,1.03,0.94,2.64,26.66,6.18,3.87,3.22,34.45,7.19,7.26,7.12,7.15,7.24,7.1,7.18,7.26,7.12,7.72,7.79,7.71,9.63,9.71,9.6,10.99,11.03,10.9,11.5,11.56,11.48,11.96,11.97,11.94,6502,0
2026-02-07 05:00:00,1.02,1,2.71,26.81,6.15,3.88,3.24,34.27,7.16,7.27,7.09,7.11,7.24,7.04,7.15,7.28,7.12,7.7,7.78,7.68,9.73,9.8,9.71,11.13,11.21,11.03,11.61,11.62,11.57,11.97,11.98,11.97,6506,0
2026-02-07 04:00:00,1.02,1.01,2.83,27.06,6.16,3.9,3.23,34.3,7.1,7.24,6.96,7.01,7.13,6.77,7.01,7.12,6.85,7.62,7.71,7.49,9.87,9.96,9.79,11.29,11.37,11.24,11.68,11.73,11.62,12.04,12.09,11.98,6519,0
2026-02-07 03:00:00,1.03,1.01,2.89,27.24,6.14,3.92,3.23,34.55,6.26,6.77,5.88,6.17,6.65,5.81,6.18,6.66,5.81,7.23,7.47,7.1,10.14,10.31,9.96,11.43,11.48,11.37,11.79,11.85,11.73,12.09,12.09,12.09,6530,0
2026-02-07 02:00:00,1.06,1.03,2.94,27.5,6.11,3.93,3.25,34.59,6.99,7.3,6.5,6.91,7.24,6.41,6.94,7.3,6.41,7.87,8.18,7.5,10.43,10.55,10.32,11.57,11.62,11.48,11.88,11.96,11.85,12.09,12.1,12.09,6542,0
2026-02-07 01:00:00,1.11,1.02,2.89,27.6,6.07,3.96,3.25,34.55,7.72,8.14,7.34,7.66,8.07,7.24,7.74,8.07,7.36,8.51,8.66,8.24,10.62,10.7,10.56,11.71,11.73,11.63,11.96,11.99,11.94,12.1,12.13,12.09,6550,0
2026-02-07 00:00:00,1.06,0.96,2.6,26.95,6.03,3.96,3.23,34.52,7.9,8.04,7.72,7.83,7.95,7.66,7.83,7.95,7.68,8.51,8.57,8.42,10.83,10.93,10.74,11.83,11.93,11.73,12.08,12.08,12.03,12.14,12.16,12.11,6550,0
2026-02-06 23:00:00,1.04,0.96,2.66,27.01,6.04,3.98,3.26,34.54,8.09,8.42,7.68,8.01,8.3,7.59,7.96,8.28,7.56,8.65,8.77,8.42,11.1,11.27,10.95,12.02,12.07,11.96,12.14,12.2,12.08,12.14,12.16,12.13,6573,0
2026-02-06 22:00:00,1.05,0.98,2.75,27.27,6.05,4,3.3,34.6,8.14,8.41,7.93,8.06,8.3,7.84,7.99,8.22,7.8,8.8,9,8.77,11.4,11.55,11.27,12.19,12.29,12.08,12.2,12.21,12.2,12.12,12.15,12.1,6588,0
2026-02-06 21:00:00,1.1,1.02,2.84,27.48,6.08,3.97,3.29,34.67,7.92,8.37,7.36,7.83,8.27,7.36,7.83,8.18,7.47,9.11,9.14,9.02,11.75,11.97,11.61,12.35,12.43,12.3,12.23,12.25,12.22,12.1,12.11,12.09,6595,0
2026-02-06 20:00:00,1.09,1.05,2.96,27.64,6.09,3.96,3.31,34.83,7.49,8.04,7.13,7.44,7.95,7.12,7.44,7.83,7.2,9.14,9.47,9.01,12.22,12.45,11.97,12.46,12.54,12.43,12.22,12.26,12.2,12.09,12.1,12.09,6613,0
2026-02-06 19:00:00,1.11,1.25,2.96,27.78,6.1,3.98,3.35,34.97,7.97,8.3,7.59,7.92,8.18,7.59,7.95,8.18,7.7,10.01,10.55,9.6,12.77,13.04,12.52,12.53,12.55,12.5,12.2,12.2,12.2,12.09,12.09,12.09,6648,0
2026-02-06 18:00:00,1.12,1.17,3,28.27,6.22,4.02,3.39,35.18,10.97,14.1,8.41,10.95,14.31,8.41,10.93,14.41,8.42,12.01,13.62,10.75,13.24,13.39,13.04,12.44,12.5,12.41,12.15,12.2,12.1,12.09,12.09,12.09,6720,5617
2026-02-06 17:00:00,1.43,1.31,2.63,27.13,6.01,3.99,3.31,34.94,18.31,20.24,14.67,18.56,20.48,14.81,18.86,20.92,14.95,15.51,16.2,13.86,13.32,13.39,13.2,12.29,12.36,12.19,12.08,12.09,12.08,12.09,12.1,12.09,6813,7717
2026-02-06 16:00:00,1.54,1.4,2.83,28.41,6.18,4.07,3.34,34.99,21.04,22.38,17.87,21.3,22.69,18.23,22.21,23.67,18.58,16.66,17.24,15.63,12.9,13.16,12.68,12.14,12.19,12.07,12.07,12.08,12.05,12.09,12.1,12.09,6847,11452
2026-02-06 15:00:00,1.49,1.99,3.58,29.86,6.61,4.15,3.44,35.62,14.09,19.7,11.26,14.16,19.86,11.26,14.52,20.79,11.45,13.7,15.76,12.68,12.56,12.67,12.45,12,12.07,11.96,12.01,12.05,11.98,12.1,12.1,12.09,6847,10920
2026-02-06 14:00:00,1.29,1.4,3.15,29.59,6.54,4.11,3.42,35.19,15.09,18.24,11.5,15.37,18.7,11.5,15.89,19.66,11.61,14.17,15.5,12.08,12.19,12.43,12.09,11.88,11.96,11.84,11.99,12.01,11.96,12.13,12.18,12.1,6791,7047
2026-02-06 13:00:00,1.2,1.14,2.96,28.91,6.47,4.03,3.37,34.97,13.23,14.33,11.48,13.36,14.52,11.5,13.56,14.81,11.61,12.93,13.4,12.08,11.92,12.09,11.74,11.83,11.84,11.82,12.01,12.04,11.99,12.18,12.21,12.15,6815,7843
2026-02-06 12:00:00,1.18,1.09,2.99,29.21,6.44,4.01,3.35,34.96,13.5,14.09,12.46,13.69,14.29,12.56,13.94,14.69,12.77,12.83,13.24,12.2,11.54,11.74,11.38,11.78,11.81,11.76,12.05,12.08,12.03,12.21,12.21,12.2,6826,10569
2026-02-06 11:00:00,1.15,1.07,2.86,29.02,6.53,4.07,3.37,35.46,12.15,12.8,11.02,12.17,12.92,10.91,12.26,13.04,11.02,11.73,12.2,11.16,11.28,11.38,11.18,11.8,11.84,11.76,12.08,12.08,12.08,12.21,12.21,12.21,6824,9064
2026-02-06 10:00:00,1.1,1.09,3.15,29.6,6.68,4.09,3.41,36.05,11.09,11.5,10.55,11.09,11.5,10.55,11.18,11.55,10.72,10.88,11.02,10.67,11.15,11.16,11.15,11.85,11.88,11.84,12.09,12.14,12.08,12.22,12.26,12.21,6826,7796
2026-02-06 09:00:00,1.13,1.11,3.36,29.88,6.8,4.15,3.46,35.95,10.23,10.79,9.85,10.16,10.71,9.84,10.21,10.67,9.96,10.35,10.55,10.29,11.1,11.14,11.05,11.95,11.96,11.89,12.19,12.2,12.16,12.27,12.31,12.24,6646,6957
2026-02-06 08:00:00,1.31,1.31,3.73,29.96,6.58,4.1,3.4,35.27,9.93,10.2,9.6,9.87,10.18,9.49,9.91,10.18,9.49,9.94,10.21,9.6,11.14,11.24,11.04,12.04,12.13,11.97,12.27,12.32,12.2,12.32,12.32,12.31,6513,6752
2026-02-06 07:00:00,1.22,1.29,3.39,28.68,6.16,3.98,3.28,34.74,9.06,9.47,8.82,8.95,9.37,8.68,8.91,9.37,8.66,9.23,9.47,9.13,11.37,11.5,11.27,12.22,12.31,12.14,12.36,12.44,12.32,12.32,12.32,12.32,6517,0
2026-02-06 06:00:00,1.16,1.19,3.37,28.73,6.19,3.97,3.29,34.81,9.2,9.47,8.85,9.12,9.37,8.72,9.08,9.37,8.67,9.57,9.81,9.25,11.68,11.83,11.51,12.37,12.43,12.31,12.45,12.48,12.44,12.32,12.33,12.32,6524,0
2026-02-06 05:00:00,1.17,1.14,3.4,28.98,6.25,3.97,3.28,34.94,9.67,10.08,9.37,9.58,9.96,9.29,9.59,10.05,9.26,10.16,10.55,9.84,11.95,12.08,11.86,12.49,12.55,12.43,12.54,12.56,12.5,12.33,12.35,12.32,6535,0
2026-02-06 04:00:00,1.13,1.03,3.15,29.13,6.28,4,3.33,35.47,10.4,10.63,10.08,10.33,10.55,9.97,10.4,10.67,10.04,10.88,11.02,10.55,12.11,12.2,12.09,12.62,12.67,12.55,12.6,12.66,12.56,12.32,12.35,12.32,6542,0
2026-02-06 03:00:00,1.21,1.17,3.42,29.81,6.47,4.03,3.38,35.97,10.8,10.91,10.67,10.73,10.88,10.56,10.79,10.9,10.64,11.04,11.15,10.9,12.25,12.36,12.2,12.74,12.78,12.67,12.67,12.67,12.67,12.32,12.34,12.32,6550,0
2026-02-06 02:00:00,1.05,0.95,2.79,27.09,5.87,3.87,3.24,34.85,10.62,10.68,10.54,10.53,10.61,10.43,10.51,10.59,10.42,10.85,11.01,10.74,12.54,12.68,12.43,12.86,12.9,12.78,12.68,12.73,12.67,12.32,12.33,12.32,6550,0
2026-02-06 01:00:00,1.07,0.97,2.66,27.52,5.87,3.89,3.21,34.89,11.11,11.48,10.67,11.03,11.27,10.6,10.99,11.27,10.55,11.48,11.81,11.02,12.76,12.8,12.68,12.98,13.02,12.9,12.76,12.78,12.71,12.32,12.32,12.32,6568,0
2026-02-06 00:00:00,1.17,1.07,2.93,27.59,5.86,3.88,3.19,34.93,11.5,11.93,11.38,11.41,11.85,11.26,11.41,11.85,11.26,11.89,12.03,11.84,12.92,13.04,12.81,13.08,13.14,13.02,12.8,12.8,12.78,12.31,12.32,12.29,6550,0
2026-02-05 23:00:00,1.18,1.07,2.17,25.65,5.5,3.74,3.17,35.04,12.22,12.35,12.09,12.13,12.32,12.03,12.12,12.26,12.04,12.13,12.26,12.08,13.12,13.24,13.04,13.19,13.26,13.14,12.8,12.8,12.8,12.26,12.3,12.22,6591,0
2026-02-05 22:00:00,1.16,1.06,2.18,25.64,5.52,3.74,3.18,35.11,12.61,12.8,12.39,12.53,12.72,12.32,12.52,12.68,12.32,12.44,12.58,12.32,13.34,13.4,13.28,13.29,13.37,13.26,12.8,12.8,12.8,12.21,12.21,12.21,6595,0
2026-02-05 21:00:00,1.15,1,2.19,25.74,5.59,3.76,3.18,35.24,13.01,13.16,12.83,12.95,13.13,12.8,12.92,13.04,12.8,12.74,12.8,12.64,13.55,13.64,13.47,13.39,13.43,13.37,12.79,12.8,12.78,12.19,12.21,12.13,6608,0
2026-02-05 20:00:00,1.17,1.02,2.22,25.8,5.65,3.78,3.2,35.39,13.32,13.39,13.2,13.22,13.27,13.12,13.17,13.24,13.06,12.92,13,12.83,13.83,13.98,13.69,13.49,13.5,13.48,12.72,12.8,12.67,12.1,12.15,12.09,6626,0
2026-02-05 19:00:00,1.16,1.05,2.23,25.93,5.72,3.81,3.21,35.49,13.03,13.39,12.75,12.92,13.27,12.64,12.84,13.22,12.56,12.9,13.02,12.8,14.24,14.47,13.99,13.54,13.58,13.5,12.66,12.67,12.61,12.07,12.09,12.04,6660,0
2026-02-05 18:00:00,1.18,1.11,2.34,26.16,5.82,3.99,3.21,35.65,14,15.36,12.92,13.97,15.4,12.89,13.98,15.43,12.8,13.88,14.69,13.13,14.76,14.98,14.56,13.5,13.53,13.49,12.56,12.6,12.53,11.98,12.03,11.97,6733,5940
2026-02-05 17:00:00,1.3,1.29,2.55,26.77,6.03,3.98,3.22,35.81,17.9,21.76,15.25,18.05,22.01,15.3,18.19,22.4,15.4,16.23,18.12,14.69,15.13,15.17,15.04,13.39,13.48,13.31,12.45,12.52,12.41,11.97,11.97,11.96,6826,9900
2026-02-05 16:00:00,1.61,1.62,2.93,27.91,6.14,3.96,3.27,36.01,21.37,22.49,18.41,21.62,22.73,18.7,22.22,23.2,19.27,18.05,18.45,17,15.08,15.17,15.05,13.17,13.27,13.05,12.33,12.41,12.31,11.93,11.97,11.91,6847,10758
2026-02-05 15:00:00,1.37,1.38,2.74,27.34,6.16,3.94,3.28,36.28,20.14,23.68,15.99,20.45,24.03,16.23,20.98,24.82,16.34,18.12,19.51,16.34,14.87,15.05,14.62,12.91,13.02,12.78,12.23,12.31,12.2,11.87,11.92,11.85,6847,11160
2026-02-05 14:00:00,1.45,1.16,2.52,27.58,6.22,3.98,3.3,36.66,22.66,22.97,22.28,23.23,23.62,22.85,24.13,24.62,23.67,18.91,19.06,18.7,14.29,14.58,13.98,12.69,12.78,12.6,12.17,12.2,12.13,11.85,11.85,11.85,6847,11089
2026-02-05 13:00:00,1.32,1.15,2.69,28.62,6.18,4.06,3.32,37.17,20.88,22.25,18.93,21.34,22.85,19.07,21.98,23.68,19.42,17.75,18.59,16.45,13.63,13.9,13.39,12.52,12.58,12.44,12.08,12.11,12.08,11.85,11.85,11.84,6847,11038
2026-02-05 12:00:00,1.22,1.17,3.04,29.66,6.35,4.08,3.34,37.84,16.34,17.53,15.49,16.35,17.65,15.42,16.41,17.87,15.3,15.36,15.87,15.01,13.23,13.39,13.04,12.43,12.43,12.41,12.08,12.08,12.08,11.82,11.85,11.8,6842,10467
2026-02-05 11:00:00,1.25,1.24,3.33,30.45,6.67,4.13,3.42,38.76,15.43,17.29,14.51,15.32,17.29,14.45,15.34,17.44,14.5,14.58,15.51,14.1,12.9,13.03,12.8,12.38,12.43,12.33,12.08,12.08,12.08,11.77,11.81,11.75,6824,7311
2026-02-05 10:00:00,1.3,1.31,3.42,30.38,6.58,4.09,3.36,39.47,14.1,14.36,13.64,13.99,14.33,13.51,13.97,14.34,13.51,13.65,13.98,13.39,12.73,12.8,12.68,12.34,12.36,12.32,12.08,12.08,12.08,11.75,11.76,11.73,6720,7043
2026-02-05 09:00:00,1.3,1.36,3.58,30.52,6.62,4.08,3.36,40.24,13.46,13.64,13.39,13.35,13.6,13.26,13.36,13.54,13.26,13.19,13.31,13.13,12.68,12.69,12.68,12.34,12.37,12.33,12.08,12.08,12.06,11.73,11.75,11.73,6537,6811
2026-02-05 08:00:00,1.21,1.12,2.99,29.39,6.32,4.01,3.31,41.43,14.1,14.32,13.79,14,14.22,13.62,13.9,14.1,13.52,13.15,13.23,13.03,12.68,12.68,12.68,12.38,12.41,12.34,12.08,12.08,12.08,11.73,11.74,11.73,6504,4818
2026-02-05 07:00:00,1.25,1.18,3.29,30.35,6.57,4.09,3.35,45.23,13.4,13.74,13.15,13.27,13.62,13.07,13.26,13.62,13.14,13.03,13.03,13.01,12.68,12.69,12.68,12.42,12.43,12.41,12.08,12.08,12.08,11.75,11.79,11.73,6502,0
2026-02-05 06:00:00,1.24,1.14,3.21,30.76,6.74,4.15,3.49,89.86,13.27,13.97,12.8,13.18,13.86,12.8,13.16,13.74,12.85,12.93,13.03,12.91,12.74,12.8,12.69,12.43,12.43,12.43,12.09,12.11,12.08,11.83,11.85,11.81,6502,0
2026-02-05 05:00:00,1.4,1.37,3.77,31.4,6.92,4.19,20.68,102.56,12.77,12.83,12.68,12.74,12.8,12.68,12.81,12.9,12.78,12.91,12.91,12.9,12.8,12.81,12.8,12.45,12.53,12.43,12.18,12.25,12.11,11.84,11.85,11.83,6504,0
2026-02-05 04:00:00,1.39,1.41,3.69,31.14,6.87,6.3,96.31,103.06,12.72,12.8,12.68,12.7,12.8,12.65,12.77,12.85,12.7,12.94,13.03,12.9,12.89,12.92,12.81,12.56,12.67,12.53,12.31,12.32,12.26,11.85,11.85,11.84,6506,0
2026-02-05 03:00:00,1.38,1.28,3.57,31.89,10.79,90.07,119.3,103.41,12.95,13.17,12.8,12.93,13.15,12.8,13.01,13.27,12.87,13.16,13.36,13.03,12.93,12.95,12.92,12.7,12.78,12.66,12.37,12.44,12.32,11.82,11.85,11.75,6510,0
2026-02-05 02:00:00,1.62,1.56,4.08,33.49,16.05,58.66,92.42,103.43,13.42,13.51,13.26,13.4,13.51,13.21,13.46,13.56,13.28,13.46,13.5,13.39,12.92,12.96,12.91,12.5,12.78,12.31,12.26,12.47,11.96,11.7,11.76,11.62,6519,0
2026-02-05 01:00:00,1.6,1.56,4.04,33.15,7.36,4.49,6.04,67.83,13.56,13.62,13.51,13.52,13.55,13.51,13.61,13.62,13.56,13.5,13.51,13.5,12.83,12.91,12.8,12.23,12.31,12.19,11.78,11.91,11.73,11.47,11.62,11.38,6524,0
2026-02-05 00:00:00,1.43,1.35,3.73,32.01,6.9,4.27,3.44,40.98,13.62,13.62,13.61,13.58,13.61,13.54,13.62,13.63,13.62,13.5,13.51,13.5,12.8,12.8,12.77,12.17,12.19,12.14,11.71,11.73,11.7,11.38,11.38,11.37,6524,0
2026-02-04 23:00:00,1.46,1.37,3.77,31.98,6.95,4.31,3.49,43.39,13.61,13.62,13.58,13.57,13.62,13.51,13.62,13.63,13.62,13.5,13.5,13.47,12.78,12.8,12.74,12.13,12.19,12.1,11.68,11.72,11.64,11.37,11.38,11.37,6550,0
2026-02-04 22:00:00,1.51,1.4,3.79,31.99,6.79,4.26,3.5,87.03,13.52,13.54,13.51,13.51,13.51,13.5,13.55,13.62,13.5,13.42,13.47,13.39,12.75,12.78,12.73,12.09,12.1,12.08,11.68,11.72,11.64,11.38,11.38,11.38,6568,0
2026-02-04 21:00:00,1.4,1.25,3.38,30.55,6.43,4.1,16.52,104.24,13.51,13.51,13.51,13.48,13.5,13.46,13.5,13.53,13.5,13.4,13.42,13.39,12.78,12.8,12.75,12.15,12.19,12.1,11.75,11.85,11.71,11.38,11.39,11.38,6588,0
2026-02-04 20:00:00,1.38,1.23,3.37,30.59,6.65,5.76,87.69,104.97,13.51,13.51,13.51,13.48,13.51,13.48,13.5,13.51,13.5,13.46,13.5,13.43,12.83,12.91,12.8,12.28,12.43,12.19,11.91,11.96,11.85,11.39,11.42,11.38,6595,0
2026-02-04 19:00:00,1.52,1.38,3.75,31.96,10.81,94.21,119.47,105.33,13.53,13.62,13.51,13.51,13.53,13.48,13.57,13.62,13.5,13.51,13.56,13.5,12.97,13.13,12.92,12.42,12.47,12.33,11.95,11.99,11.92,11.48,11.5,11.37,6613,0
2026-02-04 18:00:00,1.51,1.47,3.91,33.14,94.31,118.98,119.48,109.84,13.68,13.74,13.62,13.66,13.74,13.56,13.71,13.79,13.62,13.62,13.62,13.6,13.1,13.17,12.94,12.53,12.58,12.42,11.85,11.98,11.71,11.28,11.35,11.26,6644,181
2026-02-04 17:00:00,1.63,1.57,4.06,33.33,104.74,119.05,119.48,109.87,13.83,13.86,13.74,13.78,13.84,13.74,13.85,13.87,13.75,13.55,13.63,13.39,12.73,13.11,12.09,12.06,12.3,11.84,11.79,11.95,11.68,11.5,11.62,11.37,6697,6890
2026-02-04 16:00:00,1.63,1.58,4.01,32.65,15.11,23.84,34.54,74.11,12.68,13.63,12.22,12.66,13.62,12.27,12.81,13.67,12.44,12.81,13.3,12.68,11.75,11.97,11.57,11.04,11.62,10.79,10.91,11.65,10.66,10.91,11.38,10.79,6784,7055
2026-02-04 15:00:00,1.53,1.41,3.8,32.08,7.62,4.59,3.65,30.59,12.19,12.44,11.94,12.2,12.44,11.96,12.41,12.68,12.11,12.63,12.8,12.45,11.41,11.52,11.28,10.71,10.77,10.65,10.61,10.66,10.55,10.79,10.79,10.79,6791,7095
2026-02-04 14:00:00,1.48,1.37,3.69,31.91,7.5,4.59,3.61,30.74,12.26,12.56,12.06,12.28,12.6,12.09,12.51,12.88,12.29,12.62,12.8,12.37,11.15,11.27,11.03,10.56,10.66,10.52,10.55,10.55,10.55,10.78,10.79,10.77,6813,7177
2026-02-04 13:00:00,1.45,1.34,3.86,32.1,7.86,4.8,3.78,30.46,11.78,12.09,11.64,11.78,12.09,11.65,11.95,12.31,11.84,12.03,12.25,11.91,10.89,11.03,10.79,10.41,10.49,10.33,10.48,10.54,10.43,10.78,10.79,10.77,6826,8076
2026-02-04 12:00:00,1.28,1.15,3.51,31.18,7.26,4.64,3.5,27,11.65,11.97,11.5,11.64,11.97,11.49,11.77,12.09,11.61,11.85,11.97,11.79,10.61,10.78,10.44,10.29,10.32,10.22,10.43,10.43,10.43,10.79,10.79,10.79,6824,7122
2026-02-04 11:00:00,1.31,1.17,3.32,30.78,6.98,4.47,3.37,26.72,12.1,12.21,11.88,12.09,12.21,11.85,12.15,12.31,11.86,11.74,11.86,11.42,10.31,10.44,10.2,10.18,10.2,10.18,10.43,10.43,10.43,10.78,10.79,10.78,6813,7122
2026-02-04 10:00:00,1.2,1.05,3.17,30.2,6.86,4.44,3.38,27.27,11.63,11.85,11.38,11.58,11.76,11.38,11.62,11.81,11.38,11.18,11.37,10.9,10.08,10.2,9.96,10.11,10.18,10.06,10.43,10.43,10.42,10.79,10.79,10.77,6697,7004
2026-02-04 09:00:00,1.31,1.15,3.28,29.82,6.65,4.37,3.33,27.83,11.8,12.07,11.39,11.72,11.97,11.38,11.69,11.86,11.38,10.88,10.91,10.78,9.89,9.96,9.83,10.06,10.07,10.06,10.43,10.43,10.43,10.79,10.79,10.78,6533,6803
2026-02-04 08:00:00,1.25,1.08,2.88,29.04,6.58,4.45,3.35,28.91,11.82,11.97,11.52,11.7,11.85,11.42,11.65,11.78,11.37,10.56,10.71,10.31,9.68,9.76,9.6,10.06,10.06,10.06,10.43,10.43,10.43,10.79,10.79,10.78,6499,6665
2026-02-04 07:00:00,1.19,1.08,3.16,30.04,6.82,4.52,3.41,39.03,10.7,11.5,9.38,10.6,11.38,9.37,10.57,11.34,9.37,9.84,10.31,9.26,9.57,9.6,9.54,10.06,10.07,10.06,10.43,10.43,10.43,10.77,10.79,10.77,6497,0
2026-02-04 06:00:00,1.27,1.15,3.44,31.36,7.26,4.68,3.69,101.21,8.85,9.25,8.54,8.83,9.18,8.53,8.91,9.25,8.66,9.1,9.25,9.01,9.51,9.54,9.49,10.07,10.09,10.06,10.42,10.43,10.41,10.78,10.79,10.76,6497,0
2026-02-04 05:00:00,1.35,1.24,3.62,32.11,7.42,4.65,26.66,111.91,8.42,8.54,8.35,8.39,8.53,8.33,8.5,8.62,8.43,8.92,9,8.89,9.54,9.6,9.51,10.08,10.1,10.07,10.42,10.43,10.41,10.78,10.79,10.77,6506,0
2026-02-04 04:00:00,1.42,1.23,3.64,32,7.47,4.71,107.03,112.34,8.31,8.37,8.26,8.3,8.35,8.18,8.41,8.47,8.33,8.87,8.89,8.78,9.59,9.6,9.58,10.07,10.1,10.06,10.43,10.43,10.41,10.77,10.79,10.76,6506,0
2026-02-04 03:00:00,1.44,1.2,3.59,32.05,7.5,20.23,119.4,112.48,8.16,8.21,8.07,8.15,8.21,8.07,8.27,8.33,8.18,8.77,8.8,8.77,9.68,9.72,9.62,10.06,10.12,9.95,10.37,10.41,10.34,10.71,10.79,10.66,6528,0
2026-02-04 02:00:00,1.37,1.38,3.73,32.27,8,37.68,86.06,106,8.05,8.07,8.02,8.02,8.07,7.98,8.14,8.18,8.08,8.75,8.77,8.72,9.77,9.85,9.72,10.27,10.54,9.95,10.46,10.66,10.32,10.67,10.91,10.55,6537,0
2026-02-04 01:00:00,1.47,1.27,3.79,32.18,7.69,4.84,3.97,24.34,8.17,8.3,8.07,8.15,8.25,8.07,8.28,8.38,8.18,8.93,9.01,8.8,10.06,10.1,9.96,10.66,10.71,10.56,10.77,10.79,10.67,10.93,10.97,10.91,6550,0
2026-02-04 00:00:00,1.39,1.25,3.7,31.86,7.45,4.69,3.81,21.11,8.31,8.41,8.18,8.29,8.38,8.18,8.43,8.5,8.38,9.1,9.14,9.01,10.26,10.34,10.16,10.77,10.8,10.75,10.87,10.9,10.78,11,11.02,10.97,6548,0
2026-02-03 23:00:00,1.2,1.1,3.39,30.65,6.67,4.42,3.48,19.27,8.54,8.7,8.3,8.52,8.66,8.3,8.64,8.78,8.42,9.28,9.35,9.13,10.42,10.46,10.35,10.87,10.89,10.83,10.9,10.9,10.9,10.96,11,10.93,6577,0
2026-02-03 22:00:00,1.17,1.08,3.35,30.53,6.51,4.41,3.45,19.11,8.59,8.68,8.43,8.59,8.66,8.43,8.71,8.77,8.58,9.37,9.41,9.35,10.57,10.67,10.49,10.93,11,10.89,10.9,10.91,10.9,10.91,10.93,10.91,6588,0
2026-02-03 21:00:00,1.06,0.97,2.67,27.44,5.89,4.25,3.32,18.95,8.41,8.43,8.39,8.4,8.43,8.33,8.51,8.54,8.43,9.36,9.39,9.35,10.74,10.87,10.67,11.01,11.03,11,10.9,10.9,10.89,10.91,10.91,10.9,6599,0
2026-02-03 20:00:00,0.96,0.84,2.38,26.01,5.84,4.26,3.32,19.03,8.44,8.5,8.42,8.42,8.43,8.38,8.45,8.52,8.42,9.49,9.6,9.39,11.01,11.15,10.9,11.06,11.1,11.02,10.84,10.9,10.78,10.88,10.91,10.84,6624,0
2026-02-03 19:00:00,0.99,0.88,2.47,26.02,5.86,4.26,3.31,19.04,8.88,9.14,8.54,8.84,9.13,8.54,8.86,9.2,8.54,9.82,10.07,9.6,11.35,11.5,11.18,11.08,11.11,11.04,10.77,10.79,10.72,10.8,10.82,10.79,6648,0
2026-02-03 18:00:00,1,1,2.56,26.15,5.88,4.26,3.32,19.04,9.79,10.31,9.25,9.8,10.39,9.25,9.89,10.52,9.25,10.61,11.02,10.18,11.69,11.85,11.52,11.01,11.03,10.97,10.65,10.71,10.61,10.79,10.79,10.79,6702,1902
2026-02-03 17:00:00,1.01,1,2.77,26.61,5.91,4.27,3.31,19.04,10.65,11.92,10.41,10.65,11.95,10.32,10.8,11.97,10.43,11.37,12.08,11.07,11.98,12.09,11.86,10.85,10.94,10.77,10.54,10.58,10.49,10.79,10.79,10.79,6813,8399
2026-02-03 16:00:00,1.14,1,2.15,26,5.93,4.29,3.32,19.05,13.76,14.86,12.68,13.89,15.05,12.68,14.1,15.4,12.8,13.27,14.12,12.44,12.08,12.1,12.01,10.59,10.74,10.44,10.43,10.47,10.41,10.79,10.79,10.78,6806,7110
2026-02-03 15:00:00,1.28,1.09,2.42,26.74,6.34,4.31,3.34,19.06,17.68,19.54,15.16,18.05,20.01,15.4,18.81,21.07,15.75,15.5,16.2,14.33,11.71,11.98,11.38,10.29,10.42,10.18,10.35,10.42,10.31,10.79,10.79,10.79,6826,10751
2026-02-03 14:00:00,1.32,1.16,2.68,27.52,6.42,4.36,3.34,19.11,17.73,18.84,15.99,18.23,19.33,16.54,19.14,20.37,17.18,15.17,15.82,14.31,10.91,11.29,10.53,10.01,10.13,9.95,10.31,10.32,10.31,10.79,10.79,10.78,6847,11341
2026-02-03 13:00:00,1.18,1.07,2.63,27.7,6.38,4.38,3.36,19.15,16.48,18.7,13.74,16.99,19.29,13.98,17.81,20.48,14.42,13.9,15.06,12.08,10.08,10.44,9.82,9.84,9.92,9.78,10.31,10.31,10.31,10.79,10.79,10.78,6847,11408
2026-02-03 12:00:00,1.09,0.99,2.57,27.65,6.24,4.4,3.38,19.18,13.6,15.87,12.56,13.86,16.15,12.77,14.34,16.93,13.03,12.04,12.56,11.67,9.47,9.72,9.14,9.72,9.76,9.71,10.31,10.32,10.31,10.79,10.79,10.78,6826,9655
2026-02-03 11:00:00,1.01,0.84,2.74,28.6,6.38,4.44,3.45,19.22,10.4,14.81,8.08,10.47,15.04,8.07,10.73,15.6,8.2,9.78,11.73,8.63,8.99,9.14,8.89,9.71,9.72,9.71,10.33,10.38,10.31,10.79,10.79,10.79,6844,11223
2026-02-03 10:00:00,1.16,0.96,3.06,30.05,6.58,4.49,3.43,19.16,7.68,7.95,7.36,7.69,7.96,7.4,7.89,8.18,7.58,8.29,8.54,8.06,8.87,8.89,8.83,9.74,9.8,9.71,10.41,10.43,10.38,10.8,10.82,10.79,6742,7055
2026-02-03 09:00:00,1.12,0.95,3,28.97,6.26,4.32,3.31,19.07,7.38,7.75,6.8,7.35,7.71,6.77,7.51,7.95,6.95,7.92,8.17,7.59,8.8,8.84,8.78,9.82,9.83,9.81,10.43,10.43,10.43,10.85,10.89,10.79,6575,6846
2026-02-03 08:00:00,1.09,0.94,2.97,28.97,6.14,4.33,3.3,19.05,6.56,6.76,6.29,6.54,6.74,6.29,6.66,6.88,6.39,7.44,7.59,7.27,8.88,8.89,8.84,9.84,9.89,9.83,10.47,10.54,10.43,10.91,10.91,10.9,6493,6736
2026-02-03 07:00:00,1.06,0.92,2.77,27.91,6.05,4.34,3.29,19.02,6.91,6.99,6.77,6.88,6.96,6.77,6.98,7,6.88,7.63,7.66,7.59,8.89,8.89,8.89,9.94,9.95,9.89,10.55,10.55,10.54,10.91,10.91,10.91,6488,0
2026-02-03 06:00:00,1.02,0.93,2.69,27.68,6.02,4.35,3.29,19.06,7.02,7.12,6.89,7,7.12,6.9,7.01,7.12,6.96,7.59,7.61,7.55,8.92,8.97,8.89,9.97,10.03,9.95,10.56,10.58,10.55,10.93,10.95,10.91,6488,0
2026-02-03 05:00:00,1.02,0.85,2.53,26.84,5.9,4.31,3.3,19.05,6.8,7,6.7,6.74,6.98,6.65,6.77,6.89,6.65,7.47,7.52,7.43,9.01,9.02,8.97,10.06,10.08,10.05,10.64,10.66,10.59,11,11.02,10.98,6493,0
2026-02-03 04:00:00,1.01,0.88,2.43,26.75,5.84,4.31,3.3,19.05,6.89,7.12,6.65,6.81,7,6.65,6.8,6.94,6.65,7.47,7.48,7.47,9.08,9.14,9.02,10.17,10.18,10.12,10.67,10.71,10.66,11.02,11.02,11.02,6502,0
2026-02-03 03:00:00,1.02,0.86,2.32,26.3,5.83,4.3,3.28,19.09,6.87,7.15,6.65,6.76,7.04,6.54,6.74,7,6.53,7.43,7.51,7.28,9.21,9.27,9.14,10.29,10.3,10.22,10.76,10.78,10.72,11.02,11.02,11.02,6510,0
2026-02-03 02:00:00,1.02,0.88,2.35,26.28,5.82,4.31,3.29,19.14,6.91,7.36,6.53,6.82,7.24,6.41,6.84,7.35,6.41,7.69,7.98,7.41,9.36,9.37,9.3,10.37,10.42,10.3,10.78,10.79,10.78,11.03,11.05,11.02,6524,0
2026-02-03 01:00:00,1.02,0.82,2.27,26.18,5.85,4.31,3.31,19.19,7.22,7.3,7.04,7.18,7.24,7,7.3,7.36,7.12,7.93,8,7.81,9.4,9.47,9.37,10.42,10.44,10.42,10.83,10.9,10.78,11.1,11.14,11.05,6537,0
2026-02-03 00:00:00,1,0.82,2.29,26.31,5.82,4.3,3.32,19.22,6.76,7,6.43,6.67,6.97,6.38,6.74,7.05,6.31,7.59,7.75,7.46,9.53,9.6,9.47,10.53,10.57,10.45,10.9,10.9,10.9,11.13,11.14,11.12,6530,0
2026-02-02 23:00:00,1.02,0.84,2.3,26.39,5.83,4.3,3.3,19.29,6.79,7.35,6.41,6.66,7.25,6.29,6.66,7.36,6.17,7.69,8.06,7.47,9.72,9.81,9.62,10.68,10.77,10.6,10.92,10.94,10.9,11.14,11.14,11.14,6568,0
2026-02-02 22:00:00,1.04,0.93,2.36,26.52,5.84,4.27,3.3,19.34,7.05,7.34,6.83,6.96,7.26,6.76,7.05,7.36,6.85,7.83,8.06,7.68,9.9,10.04,9.82,10.82,10.89,10.77,10.99,11.02,10.96,11.14,11.14,11.14,6588,0
2026-02-02 21:00:00,1.03,0.9,2.36,26.62,5.84,4.28,3.3,19.43,6.18,6.77,5.86,6.09,6.65,5.82,6.11,6.67,5.82,7.52,7.68,7.4,10.22,10.4,10.08,10.93,11,10.89,11.02,11.03,11.02,11.14,11.14,11.13,6595,0
2026-02-02 20:00:00,1.02,0.88,2.26,26.54,5.79,4.27,3.32,19.55,6.79,7.11,6.37,6.74,7.12,6.29,6.87,7.24,6.29,8.22,8.42,7.75,10.56,10.75,10.44,11.02,11.05,11.01,11.03,11.05,11.02,11.13,11.14,11.13,6624,0
2026-02-02 19:00:00,1,0.8,2.24,26.61,5.79,4.3,3.33,19.71,7.34,8.38,6.64,7.3,8.31,6.59,7.27,8.3,6.65,8.56,9.08,8.18,10.98,11.22,10.79,11.1,11.13,11.04,11.02,11.03,11.02,11.13,11.14,11.11,6660,0
2026-02-02 18:00:00,1,0.86,2.36,26.7,5.82,4.32,3.34,20,9.86,11.61,8.54,9.84,11.62,8.54,9.79,11.54,8.43,10,10.92,9.18,11.43,11.61,11.27,11.06,11.11,11.01,10.99,11.02,10.94,11.13,11.14,11.12,6737,3730
2026-02-02 17:00:00,1.28,1.2,2.46,27.19,6.33,4.34,3.39,20.44,14.91,16.09,12.21,15.04,16.23,12.21,15.31,16.73,12.2,12.76,13.56,11.26,11.59,11.62,11.5,10.98,11.01,10.9,10.92,10.96,10.9,11.13,11.14,11.13,6820,8406
2026-02-02 16:00:00,1.48,1.3,2.96,28.76,6.53,4.4,3.47,21.13,17.33,18.59,16.34,17.57,18.83,16.45,18.48,19.77,17.29,14.23,14.87,13.62,11.31,11.5,11.15,10.87,10.89,10.79,10.9,10.91,10.9,11.12,11.14,11.1,6838,9525
2026-02-02 15:00:00,1.42,2.22,3.71,30.7,7.25,4.6,3.74,22.37,10.97,15.64,7.86,10.92,15.75,7.84,11.27,16.7,8.07,11.31,13.27,9.82,11.15,11.27,11.09,10.75,10.79,10.71,10.89,10.9,10.88,11.08,11.14,11.03,6844,11184
2026-02-02 14:00:00,1.26,1.29,3.02,28.72,6.56,4.42,3.49,20.05,14.22,15.9,11.73,14.45,16.2,11.73,14.99,16.94,11.94,13.04,13.73,12.31,10.88,11.15,10.65,10.67,10.72,10.66,10.9,10.9,10.9,11.14,11.14,11.14,6791,7043
2026-02-02 13:00:00,1.18,1.27,2.81,28.59,6.56,4.39,3.45,20.38,14.01,15.28,11.85,14.14,15.41,11.92,14.53,15.95,12.09,12.38,13.15,11.02,10.37,10.56,10.21,10.66,10.67,10.66,10.9,10.92,10.9,11.14,11.14,11.13,6826,9868
2026-02-02 12:00:00,1.18,2.04,3.18,29.95,6.93,4.52,3.55,21.13,9.92,11.65,8.43,9.9,11.73,8.43,10.05,11.85,8.66,10.05,10.9,9.25,10.19,10.2,10.18,10.73,10.77,10.67,10.93,10.96,10.91,11.14,11.14,11.13,6826,9750
2026-02-02 11:00:00,1.36,2.58,3.57,31.19,7.14,4.56,3.62,21.66,8.15,8.37,7.99,8.16,8.38,8.04,8.32,8.54,8.18,9.05,9.18,8.93,10.26,10.34,10.2,10.8,10.86,10.77,11,11.02,10.97,11.14,11.14,11.14,6613,6917
2026-02-02 10:00:00,1.44,2.65,3.76,31.93,7.35,4.6,3.7,22.54,7.94,8.05,7.83,7.93,8.01,7.82,8.08,8.18,7.95,9,9.05,8.97,10.46,10.56,10.36,10.89,10.89,10.88,11.02,11.03,11.01,11.14,11.15,11.14,6533,6795
2026-02-02 09:00:00,1.39,2.43,3.84,31.67,7.56,4.64,3.85,22.44,8.97,9.82,7.83,8.96,9.77,7.83,9.08,9.84,7.98,9.73,10.18,9.08,10.59,10.67,10.56,10.91,11,10.89,11.04,11.13,11.02,11.14,11.14,11.14,6502,6705
2026-02-02 08:00:00,1.14,1.79,2.86,27.56,6.2,4.24,3.27,18.68,10.25,10.8,9.84,10.2,10.76,9.83,10.17,10.67,9.84,10.26,10.39,10.18,10.72,10.78,10.67,11.01,11.01,10.99,11.12,11.14,11.11,11.14,11.14,11.14,6497,2036
2026-02-02 07:00:00,1.03,1.57,2.63,26.08,6.03,4.23,3.27,18.68,11.13,11.32,10.91,11.01,11.19,10.79,10.9,11.11,10.67,10.47,10.55,10.39,10.79,10.79,10.78,11.01,11.03,11.01,11.14,11.14,11.12,11.14,11.14,11.14,6502,0
2026-02-02 06:00:00,1.03,1.65,2.68,26.26,6.03,4.24,3.27,18.68,11.07,11.35,10.65,10.94,11.19,10.54,10.87,11.13,10.43,10.45,10.55,10.31,10.83,10.91,10.79,11.07,11.12,11.03,11.14,11.14,11.12,11.14,11.14,11.14,6502,0
2026-02-02 05:00:00,1.07,1.74,2.7,26.25,5.97,4.21,3.27,18.68,10.21,10.55,10.08,10.13,10.43,9.97,10.08,10.42,9.95,10.25,10.33,10.18,10.96,11.03,10.91,11.13,11.13,11.12,11.14,11.14,11.12,11.13,11.14,11.13,6506,0
2026-02-02 04:00:00,1.05,1.69,2.79,26.61,6,4.21,3.27,18.75,10.71,11.12,10.33,10.65,11.02,10.31,10.58,10.93,10.18,10.7,10.91,10.43,11.06,11.12,11.03,11.13,11.15,11.13,11.14,11.14,11.13,11.11,11.13,11.08,6513,0
2026-02-02 03:00:00,1.09,1.74,2.84,26.88,6.03,4.26,3.29,19.16,11.13,11.33,11.02,11.07,11.26,10.99,11.05,11.14,10.98,10.93,10.98,10.91,11.14,11.15,11.12,11.18,11.22,11.14,11.13,11.14,11.11,11.05,11.08,11.02,6522,0
2026-02-02 02:00:00,1.05,1.66,2.78,26.54,5.98,4.29,3.31,18.91,11.31,11.38,11.26,11.22,11.26,11.15,11.15,11.22,11.14,10.91,10.92,10.9,11.17,11.24,11.15,11.24,11.25,11.22,11.1,11.13,11.05,11.02,11.03,11.02,6530,0
2026-02-02 01:00:00,1.06,1.68,2.8,26.82,5.96,4.28,3.33,18.95,11.22,11.36,11.02,11.13,11.26,10.91,11.04,11.15,10.79,10.88,10.9,10.8,11.3,11.38,11.27,11.25,11.25,11.25,11.04,11.09,11.02,11.02,11.02,11,6542,0
2026-02-02 00:00:00,1.05,1.73,2.85,26.93,6,4.3,3.34,18.84,10.6,10.86,10.45,10.52,10.79,10.42,10.45,10.67,10.35,10.81,11.02,10.67,11.47,11.53,11.38,11.25,11.25,11.25,11.02,11.02,11,10.96,11.02,10.92,6537,0
2026-02-01 23:00:00,1.1,1.79,2.96,27.69,6.06,4.33,3.39,18.88,11.23,11.46,10.79,11.15,11.38,10.66,11.21,11.49,10.67,11.51,11.72,11.12,11.61,11.62,11.58,11.25,11.25,11.25,10.93,10.98,10.9,10.91,10.92,10.91,6571,0
2026-02-01 22:00:00,1.2,1.83,3.16,28.49,6.18,4.35,3.45,19.02,11.6,11.73,11.5,11.55,11.67,11.39,11.63,11.73,11.49,11.82,11.95,11.73,11.68,11.74,11.62,11.21,11.25,11.16,10.89,10.9,10.84,10.9,10.91,10.88,6582,0
2026-02-01 21:00:00,1.38,1.94,3.58,29.7,6.49,4.43,3.52,19.33,11.85,12.01,11.73,11.83,11.97,11.65,11.91,12.09,11.74,12.06,12.2,11.97,11.74,11.76,11.74,11.12,11.14,11.09,10.79,10.81,10.78,10.84,10.88,10.79,6595,0
2026-02-01 20:00:00,1.43,2.01,3.79,29.8,6.44,4.43,3.51,19.2,12.13,12.21,12.04,12.09,12.2,11.97,12.17,12.23,12.09,12.27,12.35,12.2,11.82,11.86,11.76,11.02,11.1,11,10.69,10.78,10.66,10.79,10.79,10.79,6611,0
2026-02-01 19:00:00,1.4,1.96,3.59,29.23,6.31,4.39,3.45,19.01,12.27,12.32,12.21,12.24,12.32,12.21,12.32,12.39,12.25,12.47,12.57,12.35,11.86,11.86,11.85,10.9,11,10.78,10.59,10.66,10.55,10.79,10.79,10.78,6631,0
2026-02-01 18:00:00,1.34,1.86,3.45,28.62,6.13,4.34,3.41,18.94,12.5,12.72,12.32,12.49,12.73,12.32,12.62,12.88,12.43,12.88,13.16,12.68,11.86,11.86,11.86,10.71,10.79,10.62,10.48,10.55,10.43,10.78,10.79,10.78,6671,827
2026-02-01 17:00:00,1.28,1.62,3.29,28.91,6.21,4.37,3.4,18.89,13.01,13.26,12.8,13.07,13.36,12.8,13.27,13.62,12.93,13.53,13.75,13.27,11.71,11.86,11.59,10.47,10.54,10.36,10.39,10.43,10.32,10.76,10.79,10.74,6751,6988
2026-02-01 16:00:00,1.2,1.2,2.76,27.95,6.04,4.35,3.38,18.9,14.08,14.81,13.28,14.26,15.03,13.39,14.59,15.41,13.65,14.15,14.45,13.84,11.29,11.51,11.02,10.22,10.3,10.09,10.31,10.32,10.31,10.76,10.77,10.74,6822,9423
2026-02-01 15:00:00,1.19,1.01,2.62,28.09,6.19,4.42,3.41,18.98,13.82,15.16,12.8,14,15.43,12.8,14.36,15.91,13.13,13.71,14.56,12.95,10.68,10.92,10.44,10,10.08,9.95,10.27,10.31,10.25,10.75,10.78,10.73,6826,10443
2026-02-01 14:00:00,1.25,1.11,2.95,28.83,6.45,4.46,3.53,19.13,11.69,12.44,11.26,11.73,12.44,11.36,11.99,12.8,11.56,12.19,12.76,11.85,10.18,10.43,9.96,9.84,9.92,9.78,10.23,10.26,10.21,10.75,10.77,10.74,6826,10747
2026-02-01 13:00:00,1.25,1.13,3.06,29.35,6.62,4.5,3.53,19.18,11.04,11.38,10.53,11.1,11.47,10.55,11.33,11.72,10.79,11.44,11.85,10.9,9.7,9.93,9.49,9.71,9.74,9.67,10.24,10.26,10.22,10.77,10.79,10.77,6822,8568
2026-02-01 12:00:00,1.2,1.03,3.04,29.1,6.65,4.48,3.48,19.26,10.15,10.43,9.72,10.18,10.44,9.72,10.4,10.68,9.96,10.51,10.78,10.07,9.29,9.49,9.12,9.61,9.66,9.59,10.27,10.29,10.22,10.79,10.79,10.78,6822,7512
2026-02-01 11:00:00,1.19,1.04,3.04,28.97,6.74,4.5,3.51,19.62,9.35,9.72,8.81,9.37,9.8,8.82,9.58,9.96,9.01,9.6,10.07,9.01,8.93,9.07,8.8,9.59,9.59,9.59,10.3,10.31,10.29,10.79,10.79,10.79,6820,7276
2026-02-01 10:00:00,1.24,1.09,3.13,29.75,6.81,4.57,3.59,19.56,8.07,8.66,7.48,8.06,8.64,7.48,8.23,8.85,7.59,8.45,8.89,7.98,8.77,8.78,8.7,9.59,9.59,9.59,10.31,10.33,10.31,10.79,10.82,10.79,6760,7075
2026-02-01 09:00:00,1.26,1.1,3.11,29.3,6.62,4.51,3.52,19.21,7.33,7.4,7.24,7.34,7.45,7.23,7.46,7.56,7.36,7.89,7.95,7.77,8.68,8.71,8.66,9.59,9.6,9.59,10.37,10.43,10.32,10.87,10.91,10.81,6546,6827
2026-02-01 08:00:00,1.15,1.03,2.75,26.19,6.08,4.28,3.32,18.67,7.12,7.2,7.09,7.12,7.2,7.06,7.22,7.33,7.14,7.71,7.72,7.69,8.66,8.68,8.66,9.61,9.67,9.59,10.43,10.43,10.43,10.91,10.91,10.91,6506,6768
2026-02-01 07:00:00,1.07,1.01,2.59,25.81,6.01,4.27,3.32,18.68,7.06,7.11,7,7.03,7.07,7,7.13,7.16,7.11,7.61,7.66,7.58,8.65,8.66,8.6,9.69,9.71,9.64,10.47,10.55,10.43,10.94,11.01,10.91,6502,0
2026-02-01 06:00:00,1.05,0.95,2.33,24.8,5.92,4.28,3.3,18.63,6.98,7,6.88,6.96,7,6.8,7.04,7.12,6.9,7.48,7.58,7.37,8.56,8.6,8.55,9.72,9.75,9.71,10.55,10.55,10.54,11.02,11.02,10.99,6510,0
2026-02-01 05:00:00,1.09,0.96,2.25,24.28,5.92,4.3,3.31,18.64,6.65,6.8,6.42,6.62,6.77,6.41,6.73,6.88,6.54,7.21,7.34,7.08,8.52,8.55,8.45,9.82,9.84,9.78,10.62,10.66,10.55,11.02,11.04,11.02,6519,0
2026-02-01 04:00:00,1.15,0.99,2.41,24.44,5.96,4.31,3.3,18.67,6.23,6.41,6.05,6.21,6.41,6.01,6.33,6.53,6.16,6.84,7.02,6.64,8.43,8.45,8.43,9.96,10.05,9.88,10.67,10.73,10.66,11.07,11.11,11.04,6524,0
2026-02-01 03:00:00,1.16,1.11,2.6,24.44,5.89,4.28,3.28,18.68,5.57,5.95,5.24,5.54,5.94,5.23,5.66,6.05,5.35,6.33,6.6,6.12,8.43,8.43,8.42,10.12,10.2,10.06,10.77,10.78,10.75,11.13,11.14,11.11,6533,0
2026-02-01 02:00:00,1.2,1.14,2.68,24.38,5.69,4.28,3.3,18.7,4.79,5.19,4.21,4.75,5.17,4.16,4.88,5.26,4.27,5.76,6.05,5.34,8.51,8.63,8.43,10.33,10.42,10.24,10.8,10.86,10.78,11.14,11.14,11.14,6539,0
2026-02-01 01:00:00,1.25,1.31,2.55,24.1,5.09,4.25,3.31,18.73,3.33,4.02,3.09,3.24,3.93,2.98,3.31,4.04,3.01,4.96,5.24,4.87,8.81,9.02,8.66,10.53,10.65,10.42,10.91,10.97,10.89,11.14,11.16,11.14,6546,0
2026-02-01 00:00:00,1.24,1.28,2.4,24.05,4.9,4.19,3.27,18.72,3.23,3.34,3.13,3.13,3.31,3.09,3.15,3.33,3.1,5.16,5.37,4.98,9.22,9.39,9.02,10.72,10.82,10.66,11.06,11.14,11,11.2,11.25,11.14,6535,0
2026-01-31 23:00:00,1.2,1.22,2.2,23.77,4.88,4.09,3.29,18.69,3.79,4.02,3.46,3.67,3.92,3.38,3.72,3.93,3.45,5.7,5.95,5.45,9.67,9.93,9.47,10.95,11.01,10.86,11.14,11.14,11.14,11.25,11.26,11.21,6568,0
2026-01-31 22:00:00,1.11,1.05,1.98,23.62,4.99,4.08,3.3,18.71,4.34,4.52,4.03,4.24,4.42,3.93,4.31,4.52,3.94,6.34,6.64,6.04,10.2,10.44,9.96,11.17,11.25,11.09,11.18,11.24,11.14,11.24,11.26,11.22,6577,0
2026-01-31 21:00:00,0.98,0.94,1.81,23.57,4.96,4.1,3.31,18.75,4.99,5.38,4.64,4.94,5.35,4.56,5.02,5.46,4.65,7.12,7.59,6.74,10.74,11.03,10.48,11.32,11.37,11.25,11.22,11.26,11.18,11.18,11.22,11.15,6595,0
2026-01-31 20:00:00,0.96,0.83,1.71,23.46,5,4.09,3.3,18.74,5.96,6.52,5.43,5.88,6.41,5.35,5.97,6.51,5.46,8.16,8.71,7.65,11.32,11.61,11.04,11.43,11.48,11.37,11.15,11.17,11.14,11.14,11.16,11.14,6624,0
2026-01-31 19:00:00,0.98,0.78,1.74,23.39,5.1,4.1,3.27,18.74,7.49,8.89,6.65,7.5,8.89,6.58,7.56,8.89,6.65,9.54,10.36,8.89,11.88,12.11,11.62,11.43,11.48,11.37,11.07,11.14,11.02,11.14,11.14,11.14,6653,0
2026-01-31 18:00:00,1.06,0.87,1.92,23.46,5.19,4.16,3.3,18.74,11.68,13.86,9.27,11.67,13.86,9.32,11.65,13.94,9.25,11.71,12.91,10.55,12.33,12.45,12.19,11.31,11.37,11.25,10.94,11.02,10.9,11.14,11.14,11.13,6720,3384
2026-01-31 17:00:00,1.16,1.04,2.13,23.83,5.31,4.17,3.3,18.74,14.87,16.7,13.8,14.97,16.85,13.86,15.18,17.28,13.96,13.69,14.72,12.96,12.52,12.57,12.45,11.09,11.25,10.96,10.82,10.9,10.78,11.14,11.14,11.13,6824,10341
2026-01-31 16:00:00,1.33,1.16,2.38,24.61,5.82,4.18,3.3,18.75,18.88,21.2,16.82,19.13,21.45,16.98,19.83,22.46,17.41,15.99,17.04,14.89,12.3,12.5,12.09,10.78,10.91,10.66,10.74,10.78,10.67,11.14,11.14,11.14,6842,11089
2026-01-31 15:00:00,1.35,1.16,2.44,24.9,5.96,4.22,3.3,18.76,19.02,20.37,18.12,19.28,20.6,18.45,20.01,21.52,19.06,15.87,16.45,15.4,11.75,12.03,11.48,10.49,10.65,10.38,10.66,10.66,10.66,11.14,11.14,11.14,6847,10869
2026-01-31 14:00:00,1.28,1.08,2.43,25.37,5.97,4.24,3.31,18.79,18.91,20.37,17.76,19.37,20.85,18.12,20.31,22.14,18.83,15.57,16.11,14.56,11.01,11.38,10.67,10.24,10.32,10.17,10.66,10.66,10.66,11.14,11.14,11.14,6838,10881
2026-01-31 13:00:00,1.13,1.05,2.29,25.41,6.02,4.29,3.33,18.8,15.96,16.49,15.64,16.15,16.75,15.77,16.54,17.18,16.11,13.69,13.97,13.6,10.34,10.65,9.97,10.05,10.13,9.95,10.66,10.66,10.66,11.14,11.15,11.14,6847,11302
2026-01-31 12:00:00,1.09,1.08,2.3,25.77,6.08,4.32,3.33,18.82,16.39,16.82,15.28,16.64,17.1,15.64,17.17,17.64,16.11,13.15,13.64,12.2,9.62,9.96,9.25,9.92,9.95,9.83,10.71,10.78,10.66,11.16,11.21,11.14,6838,10975
2026-01-31 11:00:00,1.02,1,2.23,26.13,6.17,4.31,3.32,18.79,16.73,18.01,15.58,17.12,18.48,15.95,17.82,19.35,16.48,12.17,12.44,11.61,8.88,9.25,8.55,9.83,9.85,9.83,10.78,10.79,10.78,11.25,11.26,11.21,6826,9797
2026-01-31 10:00:00,0.95,0.83,2.17,26.65,6.27,4.33,3.32,18.8,15.83,17.76,12.6,15.91,18.12,12.29,16.51,18.94,12.55,9.91,11.42,8.13,8.35,8.55,8.2,9.96,10.06,9.88,10.83,10.89,10.78,11.26,11.27,11.26,6838,10892
2026-01-31 09:00:00,1.01,0.92,2.36,26.86,6.29,4.3,3.32,18.82,7.38,11.61,4.77,7.16,11.26,4.64,7.19,11.41,4.64,6.32,7.71,5.12,8.23,8.31,8.18,10.17,10.3,10.06,10.92,10.99,10.9,11.29,11.36,11.26,6818,8253
2026-01-31 08:00:00,1.12,1.17,2.65,27.11,6.27,4.29,3.3,18.79,4.03,4.42,3.81,3.88,4.3,3.69,3.83,4.33,3.62,4.79,4.98,4.71,8.48,8.66,8.32,10.41,10.54,10.3,11.06,11.14,11,11.37,11.39,11.35,6493,6764
2026-01-31 07:00:00,1.06,1.13,2.67,27.22,6.25,4.28,3.33,18.82,3.54,4,3.23,3.35,3.81,3.09,3.2,3.59,2.94,4.77,4.98,4.63,8.85,9.03,8.66,10.63,10.74,10.54,11.18,11.26,11.14,11.46,11.5,11.39,6481,0
2026-01-31 06:00:00,0.97,1.01,2.66,27.18,6.24,4.26,3.33,18.86,3.68,4.16,3.45,3.54,4.05,3.32,3.47,3.99,3.22,5.33,5.7,5,9.28,9.49,9.1,10.83,10.89,10.77,11.29,11.37,11.26,11.5,11.5,11.5,6486,0
2026-01-31 05:00:00,0.92,0.89,2.58,27.18,6.15,4.26,3.33,18.88,5.92,6.97,4.39,5.71,6.66,4.28,5.52,6.42,4.16,6.43,6.88,5.82,9.64,9.83,9.49,11.01,11.11,10.91,11.38,11.42,11.37,11.55,11.61,11.51,6495,0
2026-01-31 04:00:00,0.99,0.94,2.7,27.35,6.08,4.26,3.32,18.87,6.83,7,6.41,6.62,6.77,6.29,6.43,6.64,6.17,7.11,7.3,6.88,9.97,10.09,9.84,11.21,11.25,11.13,11.47,11.49,11.42,11.61,11.62,11.59,6502,0
2026-01-31 03:00:00,1,0.96,2.88,27.55,6.1,4.29,3.33,18.9,6.61,6.77,6.29,6.5,6.65,6.23,6.39,6.53,6.17,7.47,7.59,7.32,10.34,10.55,10.16,11.35,11.38,11.28,11.52,11.6,11.49,11.62,11.63,11.62,6510,0
2026-01-31 02:00:00,1,1.08,2.99,27.55,6.1,4.29,3.37,18.94,7.81,8.88,6.77,7.72,8.78,6.65,7.53,8.64,6.51,8.28,8.88,7.68,10.71,10.89,10.56,11.47,11.51,11.42,11.61,11.61,11.6,11.62,11.64,11.62,6524,0
2026-01-31 01:00:00,1.01,1.17,3.09,27.96,6.18,4.33,3.41,19.01,8.79,8.89,8.54,8.67,8.89,8.42,8.49,8.72,8.21,8.99,9.5,8.77,11.04,11.15,10.91,11.58,11.6,11.53,11.64,11.7,11.61,11.63,11.64,11.62,6539,0
2026-01-31 00:00:00,1.14,1.24,3.4,28.7,6.25,4.36,3.4,19.04,9.96,10.45,9.02,9.87,10.31,8.89,9.87,10.27,8.92,10.11,10.22,9.72,11.26,11.38,11.15,11.67,11.72,11.6,11.7,11.73,11.68,11.62,11.64,11.62,6533,0
2026-01-30 23:00:00,1.02,1.4,2.77,26.97,6,4.28,3.33,18.91,10.82,11.02,10.55,10.66,10.85,10.43,10.58,10.79,10.31,10.36,10.45,10.18,11.46,11.61,11.38,11.73,11.78,11.72,11.72,11.73,11.71,11.62,11.62,11.62,6568,0
2026-01-30 22:00:00,1.1,1.89,2.75,27.23,6.04,4.27,3.33,18.93,11.2,11.36,10.91,11.02,11.15,10.68,10.91,11.08,10.56,10.83,11.04,10.55,11.67,11.74,11.61,11.83,11.84,11.79,11.71,11.72,11.7,11.62,11.62,11.62,6582,0
2026-01-30 21:00:00,1.24,1.92,2.93,27.78,6.07,4.28,3.37,18.96,11.76,12.09,11.38,11.66,11.97,11.25,11.64,11.97,11.14,11.41,11.61,11.14,11.84,11.96,11.75,11.84,11.85,11.84,11.65,11.69,11.61,11.62,11.62,11.62,6595,0
2026-01-30 20:00:00,1.22,2.03,3,28.06,6.12,4.29,3.38,19.01,11.44,11.61,11.3,11.34,11.5,11.19,11.33,11.49,11.15,11.33,11.52,11.22,12.09,12.21,11.97,11.84,11.85,11.84,11.61,11.62,11.61,11.61,11.62,11.59,6608,0
2026-01-30 19:00:00,1.25,1.99,3.03,28.49,6.24,4.32,3.4,19.1,11.68,11.85,11.61,11.59,11.78,11.5,11.62,11.85,11.49,11.84,12.26,11.6,12.34,12.44,12.22,11.83,11.84,11.78,11.55,11.61,11.49,11.58,11.61,11.57,6631,0
2026-01-30 18:00:00,1.37,1.96,3.33,29.37,6.36,4.34,3.39,19.28,12.09,12.44,11.96,12.05,12.43,11.87,12.16,12.56,11.97,12.67,13.02,12.36,12.45,12.45,12.45,11.73,11.8,11.7,11.48,11.49,11.44,11.56,11.61,11.55,6666,3328
2026-01-30 17:00:00,1.36,2.03,3.4,28.95,6.23,4.31,3.38,19.23,12.13,12.56,11.85,12.13,12.55,11.85,12.32,12.69,12.08,12.95,13.23,12.78,12.45,12.47,12.45,11.57,11.65,11.48,11.38,11.44,11.37,11.56,11.59,11.53,6818,7646
2026-01-30 16:00:00,1.22,1.46,2.66,25.89,5.81,4.16,3.26,18.86,13.97,15.4,12.44,14.02,15.44,12.44,14.25,15.75,12.66,14,14.58,13.27,12.33,12.45,12.2,11.4,11.48,11.31,11.35,11.37,11.3,11.59,11.62,11.57,6818,8245
2026-01-30 15:00:00,1.15,1.27,2.45,25.24,5.83,4.18,3.27,18.87,14.97,15.76,14.22,15.01,15.86,14.28,15.32,16.2,14.57,14.2,14.69,13.85,11.99,12.12,11.86,11.19,11.25,11.11,11.27,11.32,11.26,11.62,11.62,11.61,6838,10325
2026-01-30 14:00:00,1.11,1.25,2.41,25.22,5.87,4.17,3.28,18.89,14.33,14.81,14.1,14.42,14.86,14.1,14.67,15.06,14.43,13.76,13.94,13.65,11.65,11.84,11.44,10.97,11.08,10.89,11.26,11.27,11.26,11.62,11.62,11.62,6826,9990
2026-01-30 13:00:00,1.13,1.15,2.42,25.59,5.99,4.2,3.3,18.91,15.17,15.4,14.81,15.29,15.6,14.93,15.58,15.91,15.16,14.04,14.09,13.98,11.09,11.38,10.78,10.8,10.89,10.77,11.3,11.36,11.26,11.63,11.65,11.62,6824,9644
2026-01-30 12:00:00,1.11,1,2.56,26.26,5.92,4.24,3.31,19.17,15.19,16.57,13.39,15.27,16.59,13.44,15.69,17.17,13.74,13.32,13.98,12.22,10.39,10.67,10.08,10.71,10.77,10.66,11.37,11.37,11.35,11.69,11.72,11.65,6838,10585
2026-01-30 11:00:00,1.04,0.91,2.64,26.48,5.94,4.24,3.32,18.94,11.99,13.51,10.74,11.98,13.51,10.68,12.22,13.86,10.9,11.11,12.2,10.22,9.89,10.08,9.72,10.68,10.71,10.66,11.39,11.46,11.37,11.73,11.73,11.73,6826,9529
2026-01-30 10:00:00,1,0.87,2.75,26.63,5.95,4.24,3.29,18.98,9.83,10.68,8.78,9.75,10.65,8.78,9.91,10.84,8.95,9.58,10.18,8.97,9.59,9.72,9.49,10.78,10.86,10.73,11.48,11.51,11.46,11.73,11.74,11.73,6813,7122
2026-01-30 09:00:00,1.13,1.01,3,27,5.95,4.25,3.32,19.01,8.19,8.75,7.71,8.14,8.67,7.68,8.27,8.89,7.75,8.36,8.89,7.95,9.41,9.49,9.37,10.94,11.01,10.89,11.59,11.61,11.51,11.77,11.82,11.73,6595,6890
2026-01-30 08:00:00,1.16,1.12,3.3,27.27,5.95,4.25,3.31,19.07,7.03,7.59,6.42,7,7.58,6.41,7.11,7.68,6.53,7.45,7.84,7,9.37,9.39,9.37,11.15,11.25,11.02,11.69,11.73,11.61,11.84,11.85,11.82,6488,6736
2026-01-30 07:00:00,1.13,1.35,3.83,27.56,5.95,4.26,3.31,19.13,5.08,6.32,3.69,4.99,6.29,3.57,5.04,6.4,3.54,6.15,6.88,5.47,9.55,9.72,9.42,11.4,11.49,11.26,11.8,11.85,11.73,11.88,11.96,11.85,6484,0
2026-01-30 06:00:00,1.16,1.47,4.16,27.63,5.88,4.29,3.33,19.18,3.92,4.19,3.64,3.75,4.02,3.5,3.68,3.93,3.45,5.73,6.02,5.46,9.92,10.1,9.74,11.64,11.73,11.51,11.93,11.98,11.85,11.96,11.97,11.94,6486,0
2026-01-30 05:00:00,1.15,1.28,3.88,27.59,5.84,4.28,3.33,19.24,4.89,5.35,4.28,4.71,5.17,4.08,4.61,5.09,3.96,6.42,6.67,6.06,10.37,10.56,10.18,11.87,11.96,11.76,12.06,12.09,11.98,11.99,12.03,11.97,6493,0
2026-01-30 04:00:00,1.25,1.31,3.5,27.54,5.79,4.31,3.33,19.32,6.04,6.8,5.44,5.83,6.54,5.23,5.67,6.39,5.09,7.16,7.59,6.76,10.83,11.04,10.61,12.08,12.19,11.96,12.18,12.21,12.11,12.06,12.08,12.03,6504,0
2026-01-30 03:00:00,1.35,1.32,3.22,27.04,5.76,4.29,3.34,19.45,7.17,7.37,7,6.93,7.24,6.65,6.75,7.12,6.41,8.02,8.39,7.69,11.3,11.5,11.13,12.28,12.38,12.19,12.3,12.32,12.23,12.08,12.09,12.05,6517,0
2026-01-30 02:00:00,1.29,1.22,3.05,26.73,5.71,4.25,3.37,19.63,8.28,9.55,7.25,8.1,9.37,7.11,7.97,9.25,7,8.95,9.59,8.42,11.73,11.88,11.52,12.47,12.55,12.41,12.39,12.44,12.32,12.07,12.09,12.07,6524,0
2026-01-30 01:00:00,1.23,1.13,2.96,26.56,5.65,4.23,3.33,19.92,9.33,9.72,9.04,9.14,9.57,8.87,8.96,9.37,8.63,9.62,10.02,9.35,12.16,12.33,11.97,12.63,12.68,12.55,12.44,12.44,12.43,12.06,12.08,12.03,6537,0
2026-01-30 00:00:00,1.17,1.06,2.89,26.59,5.6,4.18,3.35,20.4,10.25,10.79,9.72,10.04,10.59,9.6,9.86,10.44,9.47,10.49,11.02,10.08,12.55,12.68,12.37,12.78,12.84,12.72,12.44,12.45,12.44,12.01,12.04,11.99,6530,0
2026-01-29 23:00:00,1.1,1.13,2.9,26.94,5.58,4.2,3.36,21.26,11.2,11.53,10.91,11.09,11.48,10.78,11.06,11.46,10.67,11.51,11.73,11.14,12.85,13.03,12.71,12.9,12.91,12.87,12.44,12.45,12.44,11.98,12,11.97,6564,0
2026-01-29 22:00:00,1.07,1.35,2.92,27.18,5.57,4.18,3.38,32.14,11.3,11.85,10.9,11.22,11.81,10.77,11.16,11.73,10.67,11.79,12.21,11.49,13.19,13.37,13.04,12.99,13.02,12.92,12.44,12.45,12.44,11.98,12.01,11.97,6575,0
2026-01-29 21:00:00,1.17,1.63,2.98,27.62,5.62,4.2,3.43,85.35,12.08,12.21,11.97,12.06,12.21,11.97,12.02,12.16,11.9,12.57,12.88,12.32,13.5,13.63,13.39,13.03,13.06,13.02,12.45,12.5,12.44,12.05,12.09,11.99,6588,0
2026-01-29 20:00:00,1.23,1.65,3.1,28.65,5.84,4.31,5.03,112.19,12.49,13.15,12.21,12.41,13.03,12.21,12.43,13.15,12.2,13.25,13.76,12.91,13.75,13.87,13.63,13.15,13.26,13.07,12.6,12.67,12.52,12.21,12.32,12.1,6604,0
2026-01-29 19:00:00,1.5,1.61,3.94,31.36,6.58,4.82,4.45,40.84,14.11,14.25,13.39,14.08,14.22,13.39,14.15,14.33,13.5,14.27,14.34,13.98,13.84,13.87,13.79,13,13.26,12.87,12.34,12.67,12.2,11.86,12.32,11.73,6624,0
2026-01-29 18:00:00,1.46,1.48,3.78,29.63,5.86,4.37,3.55,19.13,14.48,14.69,14.28,14.43,14.59,14.23,14.49,14.64,14.33,14.48,14.57,14.35,13.75,13.81,13.74,12.72,12.8,12.67,12.09,12.17,12.08,11.68,11.73,11.62,6653,78
2026-01-29 17:00:00,1.3,1.26,3.27,27.55,5.3,4.13,3.33,18.43,14.69,15.04,14.57,14.68,15.04,14.54,14.75,15.1,14.59,14.7,14.9,14.57,13.74,13.75,13.73,12.63,12.67,12.55,12,12.06,11.96,11.62,11.62,11.62,6706,6929
2026-01-29 16:00:00,1.19,1.1,2.7,26.93,5.36,4.13,3.32,18.44,15.3,15.4,15.15,15.27,15.39,15.04,15.3,15.4,15.05,14.94,14.99,14.92,13.65,13.7,13.63,12.52,12.55,12.44,11.93,11.96,11.87,11.62,11.62,11.6,6822,7099
2026-01-29 15:00:00,1.23,1.16,3.04,27.33,5.29,4.15,3.31,18.48,15.13,15.41,14.94,15.09,15.42,14.93,15.2,15.54,15.04,15.09,15.28,14.92,13.55,13.63,13.47,12.4,12.43,12.31,11.85,11.87,11.85,11.55,11.6,11.51,6813,7749
2026-01-29 14:00:00,1.21,1.11,2.6,26.46,5.24,4.15,3.29,18.53,15.7,15.99,15.4,15.68,15.95,15.4,15.74,15.98,15.52,15.13,15.28,15.04,13.36,13.42,13.28,12.28,12.31,12.22,11.8,11.85,11.74,11.5,11.52,11.5,6822,8619
2026-01-29 13:00:00,1.12,1.03,2.43,26.24,5.25,4.2,3.32,18.56,16.51,16.94,16.1,16.5,16.94,16.03,16.51,16.93,16.03,15.24,15.4,15.06,13.16,13.28,13.04,12.18,12.19,12.12,11.73,11.74,11.73,11.5,11.5,11.49,6804,7099
2026-01-29 12:00:00,1.14,1.05,2.56,26.77,5.19,4.19,3.32,18.59,16.15,16.82,15.41,16.1,16.79,15.38,16.11,16.82,15.4,14.8,15.27,14.36,12.91,13.03,12.8,12.08,12.14,12.07,11.71,11.73,11.67,11.49,11.5,11.47,6826,8399
2026-01-29 11:00:00,1.17,1.01,2.73,27.2,5.22,4.2,3.34,18.64,14.73,15.28,14.45,14.64,15.18,14.39,14.67,15.19,14.45,14.15,14.33,14.09,12.74,12.8,12.68,12,12.07,11.96,11.62,11.66,11.61,11.43,11.48,11.41,6706,7004
2026-01-29 10:00:00,1.27,1.07,2.87,27.36,5.25,4.2,3.34,18.66,14.33,14.52,14.22,14.26,14.45,14.14,14.32,14.51,14.21,13.87,14.09,13.73,12.61,12.68,12.57,11.95,11.96,11.93,11.61,11.61,11.61,11.38,11.42,11.38,6644,6929
2026-01-29 09:00:00,1.17,0.98,2.58,27.2,5.29,4.19,3.35,18.72,14.18,14.22,14.1,14.11,14.19,14.07,14.12,14.18,14.1,13.6,13.67,13.51,12.51,12.57,12.45,11.86,11.92,11.84,11.57,11.6,11.54,11.38,11.38,11.38,6542,6811
2026-01-29 08:00:00,1.15,0.95,2.55,27.53,5.35,4.2,3.37,18.79,14.19,14.22,14.1,14.1,14.16,14,14.08,14.1,13.98,13.49,13.5,13.46,12.43,12.45,12.37,11.82,11.84,11.76,11.5,11.52,11.49,11.36,11.38,11.34,6524,5338
2026-01-29 07:00:00,1.15,0.97,2.65,28.04,5.39,4.25,3.39,18.97,13.93,14.05,13.77,13.82,13.97,13.74,13.78,13.86,13.74,13.43,13.47,13.4,12.32,12.35,12.27,11.72,11.75,11.72,11.49,11.49,11.48,11.32,11.36,11.28,6528,0
2026-01-29 06:00:00,1.31,1.12,3.05,29.07,5.56,4.33,3.45,19.33,13.79,13.84,13.75,13.74,13.74,13.74,13.76,13.79,13.74,13.39,13.4,13.39,12.18,12.23,12.09,11.67,11.72,11.62,11.48,11.49,11.45,11.28,11.3,11.27,6537,0
2026-01-29 05:00:00,1.36,1.2,3.23,29.53,5.65,4.35,3.48,19.64,13.76,13.82,13.74,13.74,13.75,13.73,13.75,13.8,13.74,13.31,13.39,13.27,12.01,12.09,11.92,11.6,11.61,11.59,11.44,11.46,11.43,11.26,11.27,11.26,6542,0
2026-01-29 04:00:00,1.36,1.22,3.3,30.08,5.76,4.42,3.57,20.39,13.68,13.75,13.51,13.64,13.74,13.4,13.66,13.74,13.44,13.06,13.26,12.8,11.8,11.87,11.74,11.59,11.6,11.59,11.42,11.45,11.4,11.26,11.26,11.26,6550,0
2026-01-29 03:00:00,1.48,1.34,3.48,30.89,5.96,4.53,3.68,20.47,12.63,13.39,12.21,12.57,13.28,12.09,12.61,13.32,12.2,12.25,12.68,11.97,11.68,11.74,11.63,11.59,11.6,11.59,11.4,11.42,11.39,11.26,11.26,11.26,6550,0
2026-01-29 02:00:00,1.42,1.27,3.51,30.7,5.92,4.47,3.6,19.36,11.78,12.09,11.61,11.74,12.06,11.58,11.8,12.09,11.61,11.78,11.96,11.72,11.63,11.65,11.62,11.59,11.6,11.59,11.39,11.4,11.37,11.24,11.26,11.22,6550,0
2026-01-29 01:00:00,1.31,1.17,3.38,30.11,5.65,4.36,3.49,18.98,11.52,11.61,11.5,11.5,11.55,11.5,11.6,11.61,11.58,11.67,11.73,11.64,11.65,11.69,11.63,11.6,11.6,11.6,11.39,11.4,11.37,11.17,11.23,11.15,6568,0
2026-01-29 00:00:00,1.25,1.11,3.17,28.98,5.29,4.28,3.4,18.82,11.56,11.61,11.5,11.53,11.61,11.49,11.59,11.63,11.55,11.65,11.69,11.63,11.68,11.73,11.65,11.62,11.67,11.6,11.38,11.4,11.37,11.14,11.14,11.14,6550,0
2026-01-28 23:00:00,1.16,1.03,2.63,26.8,4.99,4.15,3.32,18.71,11.63,11.67,11.61,11.58,11.61,11.5,11.63,11.69,11.61,11.56,11.63,11.49,11.74,11.75,11.72,11.71,11.72,11.68,11.37,11.38,11.37,11.14,11.14,11.13,6588,0
2026-01-28 22:00:00,1.06,0.86,1.91,24.57,4.97,4.12,3.32,18.74,11.68,11.82,11.53,11.59,11.73,11.45,11.55,11.71,11.38,11.34,11.43,11.26,11.85,11.97,11.74,11.72,11.74,11.72,11.37,11.37,11.37,11.08,11.13,11.03,6595,0
2026-01-28 21:00:00,1.05,0.86,1.91,24.55,4.99,4.13,3.33,18.78,11.72,11.81,11.53,11.62,11.7,11.48,11.56,11.61,11.38,11.4,11.49,11.26,12.08,12.21,11.97,11.77,11.8,11.73,11.3,11.37,11.26,11.02,11.04,11.02,6606,0
2026-01-28 20:00:00,1.11,0.88,1.93,24.57,5.04,4.13,3.33,18.87,11.93,12.21,11.74,11.83,12.09,11.65,11.79,12.08,11.61,11.73,11.97,11.52,12.35,12.46,12.21,11.77,11.81,11.73,11.24,11.26,11.17,11.01,11.02,10.97,6624,0
2026-01-28 19:00:00,1.12,0.97,1.99,24.62,5.04,4.15,3.32,18.98,12.57,13.03,12.21,12.49,12.94,12.14,12.46,12.91,12.09,12.34,12.68,12.07,12.64,12.77,12.52,11.72,11.76,11.7,11.14,11.14,11.12,10.92,10.97,10.91,6644,0
2026-01-28 18:00:00,1.12,0.94,2.04,24.69,5.11,4.16,3.3,19.1,13.82,14.64,13.15,13.77,14.69,13.03,13.76,14.69,13.03,13.26,13.86,12.8,12.88,12.92,12.8,11.57,11.63,11.48,11.02,11.08,10.94,10.91,10.91,10.91,6693,598
2026-01-28 17:00:00,1.16,1,2.17,25.04,5.23,4.21,3.33,19.28,16.64,19.29,14.86,16.77,19.44,14.92,16.92,19.87,14.92,15.01,16.2,14.03,12.88,12.92,12.8,11.38,11.48,11.26,10.9,10.94,10.88,10.91,10.91,10.89,6809,7260
2026-01-28 16:00:00,1.31,1.13,2.43,25.65,5.46,4.23,3.32,19.59,19.31,20.01,18.29,19.5,20.25,18.45,19.85,20.66,18.7,16.04,16.44,15.62,12.57,12.73,12.43,11.14,11.25,11.01,10.79,10.86,10.78,10.89,10.91,10.88,6838,10364
2026-01-28 15:00:00,1.23,1.07,2.43,25.89,5.63,4.25,3.34,19.98,19.7,20.73,19.18,19.9,20.95,19.35,20.31,21.53,19.65,15.95,16.2,15.74,12.14,12.37,11.86,10.91,11.01,10.8,10.73,10.78,10.67,10.86,10.9,10.84,6844,10955
2026-01-28 14:00:00,1.22,1.07,2.41,26.11,5.6,4.28,3.35,20.56,18.45,20.48,17.76,18.55,20.65,17.81,18.8,21.2,18,14.86,15.87,14.46,11.65,11.86,11.44,10.71,10.77,10.66,10.66,10.67,10.66,10.85,10.88,10.85,6847,10940
2026-01-28 13:00:00,1.19,1,2.33,26.33,5.64,4.32,3.38,21.81,17.61,17.94,17.17,17.66,17.99,17.2,17.86,18.24,17.41,14.21,14.45,13.86,11.2,11.39,10.99,10.55,10.66,10.52,10.65,10.66,10.63,10.85,10.88,10.83,6838,10479
2026-01-28 12:00:00,1.12,1,2.38,26.84,5.69,4.36,3.41,38.51,16.61,17.04,16.29,16.69,17.17,16.4,16.89,17.32,16.67,13.45,13.74,13.03,10.73,10.91,10.55,10.44,10.52,10.42,10.6,10.63,10.58,10.85,10.88,10.84,6838,10703
2026-01-28 11:00:00,1.1,0.98,2.43,27.62,5.66,4.42,3.45,85.03,15.39,16.45,13.86,15.41,16.58,13.74,15.57,16.93,13.74,12.17,13.03,11.4,10.39,10.49,10.32,10.37,10.42,10.3,10.56,10.59,10.55,10.86,10.88,10.83,6838,10022
2026-01-28 10:00:00,1.12,0.92,2.59,28.54,5.76,4.48,3.66,112.74,12.56,13.68,11.61,12.44,13.57,11.38,12.36,13.5,11.14,11.07,11.38,10.67,10.22,10.32,10.16,10.3,10.32,10.3,10.55,10.57,10.55,10.82,10.85,10.79,6826,9222
2026-01-28 09:00:00,1.25,1.19,3.43,31.6,6.52,4.82,4.38,73.69,11.01,11.39,10.68,10.93,11.13,10.62,10.93,11.17,10.67,10.71,10.9,10.43,10.05,10.17,9.88,10.29,10.3,10.28,10.6,10.66,10.55,10.86,10.91,10.79,6550,6823
2026-01-28 08:00:00,1.34,1.22,3.7,32.4,6.39,4.84,3.82,24.63,10.2,10.55,9.96,10.14,10.47,9.85,10.2,10.56,9.95,10.06,10.31,9.84,9.83,9.85,9.79,10.29,10.3,10.29,10.66,10.66,10.66,10.91,10.91,10.91,6513,2087
2026-01-28 07:00:00,1.28,1.23,3.68,32.48,6.55,5.01,3.95,32.14,9.65,9.84,9.43,9.6,9.83,9.37,9.67,9.88,9.47,9.65,9.82,9.47,9.72,9.76,9.7,10.29,10.35,10.21,10.68,10.78,10.66,10.93,11.02,10.91,6519,0
2026-01-28 06:00:00,1.33,1.25,3.59,31.94,6.32,4.81,3.76,19.77,9.36,9.49,9.14,9.29,9.38,9.13,9.38,9.47,9.17,9.38,9.47,9.25,9.73,9.76,9.72,10.49,10.54,10.4,10.85,10.9,10.78,11.02,11.04,11.02,6524,0
2026-01-28 05:00:00,1.29,1.16,3.61,31.89,6.35,4.8,3.72,19.25,9,9.14,8.66,8.96,9.13,8.62,9.03,9.21,8.67,9.1,9.25,8.89,9.72,9.75,9.71,10.59,10.66,10.54,10.93,11,10.89,11.08,11.13,11.02,6533,0
2026-01-28 04:00:00,1.31,1.07,3.44,31.4,5.87,4.53,3.45,17.87,8.27,8.54,8.13,8.25,8.53,8.07,8.36,8.58,8.18,8.73,8.87,8.66,9.77,9.83,9.75,10.72,10.77,10.66,11.03,11.06,11.01,11.14,11.14,11.13,6542,0
2026-01-28 03:00:00,1.11,0.87,2.54,27.64,5.21,4.24,3.27,17.12,8.18,8.31,8.08,8.12,8.18,8.07,8.17,8.18,8.14,8.56,8.66,8.43,9.85,9.88,9.85,10.83,10.89,10.77,11.13,11.14,11.07,11.14,11.14,11.14,6546,0
2026-01-28 02:00:00,0.99,0.77,2.03,25.76,5.13,4.24,3.28,17.14,8.32,8.55,7.93,8.21,8.43,7.83,8.2,8.42,7.82,8.43,8.54,8.25,9.97,10.08,9.93,10.96,11.01,10.89,11.17,11.23,11.14,11.14,11.16,11.14,6550,0
2026-01-28 01:00:00,1,0.78,2.06,25.87,5.17,4.22,3.29,17.16,7.88,7.96,7.82,7.78,7.86,7.71,7.75,7.84,7.68,8.17,8.21,8.14,10.19,10.32,10.08,11.09,11.15,11.01,11.26,11.26,11.23,11.15,11.16,11.14,6568,0
2026-01-28 00:00:00,0.99,0.78,2.09,25.95,5.25,4.25,3.3,17.17,8.25,8.89,7.79,8.15,8.78,7.71,8.12,8.77,7.61,8.51,8.87,8.18,10.43,10.55,10.32,11.26,11.36,11.19,11.33,11.37,11.26,11.14,11.16,11.14,6550,0
2026-01-27 23:00:00,0.97,0.79,2.16,26.05,5.35,4.26,3.31,17.19,8.71,8.89,8.43,8.6,8.78,8.35,8.56,8.77,8.3,8.76,8.83,8.67,10.67,10.79,10.56,11.4,11.48,11.36,11.38,11.41,11.37,11.14,11.15,11.14,6588,0
2026-01-27 22:00:00,0.97,0.83,2.25,26.13,5.46,4.27,3.32,17.24,8.91,9.04,8.63,8.81,8.93,8.53,8.75,8.89,8.43,9.06,9.14,8.85,10.94,11.09,10.79,11.54,11.6,11.48,11.44,11.48,11.39,11.14,11.14,11.14,6595,0
2026-01-27 21:00:00,0.97,0.85,2.34,26.23,5.53,4.29,3.32,17.3,9.15,9.37,8.84,9.04,9.25,8.74,8.99,9.21,8.66,9.29,9.39,9.13,11.24,11.38,11.1,11.69,11.75,11.6,11.48,11.49,11.48,11.14,11.14,11.13,6611,0
2026-01-27 20:00:00,0.97,0.87,2.45,26.34,5.58,4.29,3.33,17.36,9.48,9.6,9.26,9.35,9.49,9.13,9.27,9.47,9.02,9.38,9.47,9.33,11.63,11.86,11.41,11.84,11.93,11.77,11.46,11.49,11.42,11.09,11.13,11.06,6626,0
2026-01-27 19:00:00,0.98,0.91,2.59,26.63,5.64,4.35,3.34,17.45,9.53,9.91,9.24,9.41,9.81,9.13,9.34,9.72,9.01,9.77,10.07,9.37,12.15,12.41,11.89,11.96,11.96,11.95,11.38,11.42,11.37,11.02,11.05,11.02,6660,0
2026-01-27 18:00:00,0.99,1.22,2.72,26.97,5.55,4.37,3.37,17.65,10.15,10.91,9.59,10.13,10.96,9.49,10.12,11.02,9.45,10.79,11.49,10.1,12.66,12.9,12.45,11.94,11.96,11.88,11.33,11.37,11.26,11.02,11.02,11.02,6715,1883
2026-01-27 17:00:00,1.06,1.33,2.81,27.53,5.65,4.41,3.43,17.92,12.1,15.46,10.56,12.11,15.64,10.53,12.1,15.75,10.35,12.42,13.95,11.57,13.07,13.16,12.92,11.81,11.86,11.72,11.25,11.26,11.22,11.02,11.02,11.01,6818,7213
2026-01-27 16:00:00,1.28,1.14,2.47,26.56,5.69,4.28,3.36,17.43,17.87,20.01,15.87,18.13,20.34,16.09,18.49,20.9,16.2,15.15,16.11,14.15,13.04,13.16,12.83,11.63,11.72,11.54,11.15,11.21,11.14,10.99,11.02,10.96,6822,7559
2026-01-27 15:00:00,1.35,1.25,2.71,27.74,5.9,4.29,3.38,17.68,19.11,21.08,17.29,19.38,21.43,17.53,19.94,22.14,17.92,15.76,16.67,14.9,12.58,12.8,12.39,11.43,11.48,11.37,11.11,11.14,11.05,10.93,10.96,10.91,6822,9175
2026-01-27 14:00:00,1.3,1.79,2.76,28.83,6.05,4.38,3.42,18.06,15.01,17.53,13.62,15.06,17.76,13.51,15.23,18.24,13.37,13.91,14.87,13.5,12.24,12.33,12.12,11.27,11.37,11.21,11.03,11.05,11.02,10.91,10.94,10.91,6840,10491
2026-01-27 13:00:00,1.25,1.59,2.8,29.2,6.2,4.39,3.41,18.4,15.42,17.44,13.45,15.53,17.76,13.4,15.66,18,13.29,14.33,14.92,13.62,11.81,12.09,11.5,11.12,11.17,11.08,11.02,11.03,11.02,10.91,10.91,10.91,6826,9005
2026-01-27 12:00:00,1.17,1.07,2.72,29.25,6.26,4.44,3.44,19.17,16.78,19.29,13.2,16.9,19.68,13.03,17.12,20.25,12.91,14.01,15.4,12.2,11.18,11.38,11.03,11.06,11.08,11.04,11.02,11.03,11.02,10.91,10.91,10.91,6826,7950
2026-01-27 11:00:00,1.29,1.87,3.89,32.19,6.91,4.88,3.79,20.64,11.38,12.8,10.56,11.33,12.58,10.55,11.4,12.56,10.67,11.26,11.97,10.9,11.01,11.03,11,11.1,11.13,11.05,11.05,11.08,11.03,10.91,10.91,10.91,6677,6988
2026-01-27 10:00:00,1.37,2.03,4.28,33.15,7.21,5.04,3.92,20.61,10.57,10.66,10.54,10.53,10.59,10.47,10.66,10.77,10.61,10.82,10.9,10.78,11.02,11.03,11,11.13,11.14,11.12,11.09,11.12,11.04,10.91,10.91,10.9,6537,6791
2026-01-27 09:00:00,1.3,1.95,4.08,32.4,6.88,4.79,3.7,19.17,10.6,10.67,10.54,10.55,10.62,10.46,10.65,10.68,10.59,10.8,10.86,10.78,11.06,11.11,11.03,11.2,11.25,11.15,11.11,11.14,11.1,10.91,10.91,10.89,6519,6772
2026-01-27 08:00:00,1.2,1.85,3.75,30.96,6.83,4.61,3.52,18.15,10.71,10.9,10.54,10.59,10.7,10.42,10.61,10.67,10.43,10.75,10.79,10.67,11.14,11.17,11.11,11.25,11.25,11.25,11.12,11.14,11.1,10.88,10.91,10.85,6502,2036
2026-01-27 07:00:00,1.14,1.78,3.65,30.09,6.15,4.33,3.32,17.11,10.71,10.88,10.47,10.59,10.78,10.41,10.61,10.78,10.43,10.77,10.81,10.67,11.26,11.27,11.18,11.28,11.35,11.25,11.13,11.14,11.13,10.82,10.85,10.79,6502,0
2026-01-27 06:00:00,1.05,1.53,3.07,27.32,5.81,4.28,3.29,16.89,11.43,11.67,10.91,11.37,11.61,10.8,11.28,11.49,10.81,10.95,11.02,10.83,11.35,11.38,11.27,11.36,11.37,11.32,11.14,11.14,11.14,10.8,10.81,10.79,6502,0
2026-01-27 05:00:00,1.06,1.6,3.09,27.36,5.81,4.33,3.31,16.92,11.27,11.73,11.02,11.18,11.61,10.91,11.17,11.59,10.95,11.09,11.18,11.02,11.44,11.5,11.38,11.38,11.4,11.37,11.14,11.14,11.13,10.79,10.79,10.79,6504,0
2026-01-27 04:00:00,1.01,1.57,2.93,27.03,5.87,4.23,3.32,16.93,11.32,11.61,10.95,11.23,11.5,10.91,11.2,11.47,10.89,11.14,11.2,11.12,11.56,11.62,11.5,11.45,11.48,11.39,11.14,11.14,11.14,10.79,10.79,10.77,6504,0
2026-01-27 03:00:00,1.08,1.66,3.04,27.67,5.84,4.24,3.33,16.96,11.04,11.17,10.83,10.98,11.14,10.79,11.02,11.17,10.81,11.35,11.49,11.24,11.69,11.74,11.62,11.48,11.48,11.48,11.13,11.14,11.12,10.76,10.79,10.71,6506,0
2026-01-27 02:00:00,1.11,1.7,3.22,28.09,5.87,4.27,3.35,17.04,11.3,11.38,11.26,11.24,11.31,11.16,11.3,11.38,11.24,11.57,11.71,11.49,11.8,11.86,11.74,11.48,11.49,11.48,11.11,11.14,11.09,10.68,10.71,10.67,6504,0
2026-01-27 01:00:00,1.21,1.71,3.49,28.37,5.89,4.3,3.38,17.28,11.49,11.73,11.38,11.46,11.72,11.3,11.51,11.72,11.38,11.78,11.86,11.73,11.92,11.97,11.86,11.5,11.54,11.48,11.05,11.09,11.03,10.67,10.67,10.67,6481,0
2026-01-27 00:00:00,1.23,1.54,3.19,27.9,5.94,4.32,3.37,17.35,12.08,12.32,11.78,12.02,12.22,11.72,12.04,12.29,11.72,12.11,12.2,11.91,12.01,12.09,11.97,11.54,11.56,11.51,11.02,11.04,11.02,10.61,10.66,10.57,6510,0
2026-01-26 23:00:00,1.17,1.4,2.94,26.73,5.71,4.21,3.28,16.9,12.54,12.74,12.21,12.48,12.68,12.19,12.43,12.61,12.2,12.27,12.34,12.2,12.1,12.14,12.09,11.56,11.59,11.55,10.99,11.02,10.94,10.55,10.58,10.55,6550,0
2026-01-26 22:00:00,1.17,1.32,3.04,26.99,5.72,4.22,3.32,16.9,12.73,13.03,12.44,12.67,12.92,12.4,12.66,12.91,12.43,12.43,12.45,12.38,12.22,12.3,12.18,11.57,11.59,11.56,10.91,10.93,10.9,10.52,10.55,10.47,6568,0
2026-01-26 21:00:00,1.1,1.1,2.82,26.3,5.7,4.21,3.33,16.95,12.99,13.05,12.92,12.93,13.03,12.91,12.89,13.02,12.82,12.58,12.8,12.45,12.35,12.43,12.33,11.53,11.59,11.49,10.87,10.9,10.79,10.44,10.47,10.43,6577,0
2026-01-26 20:00:00,1.14,1.13,2.87,26.8,5.73,4.21,3.32,16.97,13.08,13.15,13.03,13.03,13.04,13.03,13.03,13.03,13.03,12.93,13.03,12.8,12.47,12.57,12.45,11.48,11.49,11.48,10.78,10.8,10.77,10.41,10.43,10.34,6588,0
2026-01-26 19:00:00,1.13,1.11,2.89,27.36,5.78,4.26,3.35,16.98,13.15,13.25,13.03,13.06,13.15,13.03,13.07,13.15,13.03,13.18,13.39,13.03,12.59,12.63,12.56,11.41,11.48,11.37,10.68,10.77,10.66,10.32,10.36,10.31,6599,0
2026-01-26 18:00:00,1.24,1.19,3.12,27.61,5.75,4.23,3.31,16.94,13.99,14.93,13.16,13.99,14.93,13.15,14.04,14.98,13.27,13.82,14.21,13.43,12.62,12.66,12.57,11.3,11.37,11.25,10.59,10.66,10.55,10.29,10.31,10.24,6608,973
2026-01-26 17:00:00,1.15,1.07,2.71,26.6,5.77,4.2,3.28,16.94,14.87,15.16,14.33,14.82,15.04,14.33,14.94,15.16,14.45,14.32,14.45,14.21,12.51,12.57,12.45,11.17,11.25,11.1,10.5,10.55,10.43,10.21,10.24,10.2,6813,8414
2026-01-26 16:00:00,1.17,1.11,2.49,25.62,5.64,4.17,3.29,16.93,15.45,15.64,14.57,15.45,15.64,14.57,15.51,15.7,14.69,14.33,14.38,14.29,12.36,12.45,12.24,11,11.09,10.92,10.42,10.43,10.36,10.19,10.2,10.17,6822,7102
2026-01-26 15:00:00,1.13,1.03,2.38,25.35,5.63,4.17,3.31,16.98,15.42,15.76,15.04,15.42,15.75,15.04,15.5,15.87,15.16,14.24,14.4,13.98,12.15,12.22,12.09,10.86,10.92,10.77,10.31,10.33,10.29,10.11,10.17,10.08,6822,9722
2026-01-26 14:00:00,1.12,0.99,2.42,25.44,5.65,4.18,3.35,16.99,14.41,14.81,14.16,14.45,14.88,14.22,14.57,15.04,14.33,13.82,14.03,13.73,11.98,12.09,11.86,10.71,10.77,10.66,10.2,10.28,10.18,10.08,10.09,10.08,6822,9927
2026-01-26 13:00:00,1.14,1.01,2.53,25.65,5.62,4.19,3.34,16.99,13.94,14.93,13.39,13.97,15.01,13.39,14.14,15.16,13.61,13.67,14.09,13.5,11.79,11.86,11.7,10.54,10.66,10.43,10.13,10.18,10.08,10.08,10.08,10.07,6822,8737
2026-01-26 12:00:00,1.12,1.03,2.47,25.56,5.59,4.2,3.33,17.03,14.32,15.2,13.62,14.38,15.27,13.63,14.53,15.39,13.83,13.77,13.88,13.61,11.51,11.64,11.38,10.36,10.42,10.3,10.07,10.07,10.07,10.04,10.08,10,6822,7331
2026-01-26 11:00:00,1.12,1.03,2.32,25.58,5.62,4.21,3.33,17.03,15.39,15.75,14.81,15.51,15.87,14.92,15.64,16,15.03,13.83,13.98,13.71,11.09,11.32,10.84,10.22,10.3,10.18,10.03,10.07,9.99,9.97,10,9.96,6824,8115
2026-01-26 10:00:00,1.09,0.95,2.47,26.16,5.58,4.26,3.35,17.04,16.26,18.28,14.86,16.41,18.45,14.96,16.67,18.84,15.15,13.33,14.21,12.68,10.63,10.79,10.47,10.13,10.18,10.07,9.96,9.99,9.95,9.96,9.97,9.96,6826,7130
2026-01-26 09:00:00,1.09,0.97,2.58,26.54,5.57,4.27,3.35,17.05,13.14,15.41,11.74,13.04,15.47,11.63,13.08,15.63,11.68,11.73,12.56,11.26,10.41,10.45,10.34,10.06,10.08,10.06,9.95,9.95,9.95,9.96,9.96,9.95,6822,7433
2026-01-26 08:00:00,1.12,1.03,2.75,26.98,5.59,4.27,3.35,17.05,11.65,11.73,11.59,11.57,11.61,11.5,11.59,11.63,11.5,11.14,11.26,11.02,10.32,10.34,10.31,10.06,10.06,10.06,9.95,9.95,9.95,9.94,9.96,9.93,6502,6705
2026-01-26 07:00:00,1.13,1.14,2.9,27.5,5.6,4.27,3.35,17.09,11.35,11.52,11.19,11.28,11.5,11.13,11.3,11.49,11.14,10.89,11.02,10.79,10.28,10.32,10.25,10.06,10.06,10.06,9.94,9.95,9.93,9.88,9.92,9.85,6502,0
2026-01-26 06:00:00,1.16,1.18,3.14,27.84,5.56,4.28,3.38,17.1,11.03,11.14,10.99,10.94,11.03,10.91,10.98,11.13,10.92,10.71,10.78,10.67,10.21,10.22,10.2,10.05,10.06,10.03,9.9,9.92,9.87,9.85,9.85,9.84,6502,0
2026-01-26 05:00:00,1.14,1.15,3,27.2,5.66,4.28,3.39,17.12,10.87,10.92,10.79,10.83,10.91,10.77,10.85,10.9,10.79,10.61,10.67,10.55,10.2,10.2,10.2,10.03,10.04,10.01,9.86,9.89,9.84,9.84,9.84,9.84,6506,0
2026-01-26 04:00:00,1.11,1.07,2.87,26.38,5.57,4.32,3.38,17.12,10.71,10.79,10.63,10.62,10.76,10.55,10.67,10.77,10.59,10.52,10.55,10.48,10.2,10.2,10.2,10.01,10.04,10,9.84,9.85,9.84,9.84,9.84,9.83,6510,0
2026-01-26 03:00:00,1.07,1.02,2.75,26.27,5.53,4.32,3.38,17.13,10.69,10.72,10.66,10.62,10.67,10.55,10.67,10.67,10.64,10.54,10.55,10.53,10.2,10.21,10.2,9.98,10.02,9.97,9.84,9.84,9.84,9.8,9.83,9.77,6519,0
2026-01-26 02:00:00,1.09,1.04,2.8,26.51,5.53,4.34,3.38,17.15,10.65,10.67,10.59,10.56,10.57,10.55,10.64,10.67,10.56,10.51,10.54,10.45,10.23,10.31,10.2,9.96,10,9.95,9.83,9.84,9.81,9.74,9.79,9.72,6530,0
2026-01-26 01:00:00,1.09,1.05,2.76,26.66,5.55,4.35,3.41,17.17,10.73,10.91,10.55,10.67,10.81,10.54,10.73,10.89,10.55,10.63,10.72,10.53,10.3,10.31,10.28,9.95,9.95,9.95,9.76,9.81,9.72,9.72,9.72,9.72,6542,0
2026-01-26 00:00:00,1.05,1.05,2.77,26.67,5.54,4.34,3.42,17.21,10.95,11.02,10.9,10.9,11.02,10.81,10.93,11.02,10.9,10.75,10.78,10.72,10.27,10.3,10.26,9.95,9.95,9.95,9.72,9.72,9.72,9.71,9.72,9.67,6542,0
2026-01-25 23:00:00,0.98,0.98,2.59,26.35,5.54,4.35,3.43,17.3,11.15,11.26,11.02,11.09,11.18,11.02,11.08,11.14,11.02,10.73,10.78,10.67,10.28,10.3,10.26,9.95,9.95,9.95,9.7,9.72,9.64,9.62,9.68,9.6,6573,0
2026-01-25 22:00:00,0.97,0.95,2.61,26.55,5.59,4.36,3.45,17.33,10.9,11.14,10.56,10.82,11.04,10.54,10.77,11.03,10.43,10.47,10.66,10.35,10.35,10.44,10.32,9.95,9.95,9.93,9.61,9.67,9.6,9.6,9.6,9.6,6588,0
2026-01-25 21:00:00,0.99,0.96,2.64,27.11,5.63,4.39,3.47,17.39,10.87,11.02,10.55,10.79,10.91,10.52,10.75,10.9,10.43,10.69,10.9,10.41,10.44,10.46,10.44,9.9,9.95,9.85,9.57,9.6,9.5,9.58,9.6,9.54,6595,0
2026-01-25 20:00:00,1.08,1.08,2.97,28.14,5.7,4.4,3.51,17.41,11.17,11.49,11.02,11.09,11.38,10.91,11.11,11.38,10.91,11.02,11.14,10.91,10.51,10.56,10.47,9.83,9.84,9.82,9.48,9.5,9.46,9.5,9.54,9.49,6613,0
2026-01-25 19:00:00,1.06,0.97,2.5,26.24,5.5,4.33,3.49,17.35,11.74,11.85,11.61,11.65,11.73,11.5,11.62,11.72,11.49,11.18,11.26,11.14,10.57,10.59,10.56,9.72,9.81,9.68,9.37,9.43,9.35,9.49,9.49,9.47,6640,0
2026-01-25 18:00:00,1.11,1.01,2.54,26.54,5.57,4.34,3.51,17.52,12.09,12.41,11.85,12.05,12.44,11.73,12.03,12.44,11.72,11.56,11.91,11.26,10.59,10.63,10.56,9.56,9.62,9.47,9.26,9.35,9.24,9.45,9.47,9.42,6693,193
2026-01-25 17:00:00,1.11,1.03,2.65,27.48,5.71,4.44,3.56,17.93,12.6,12.86,12.3,12.61,12.92,12.21,12.64,12.91,12.3,12.11,12.3,11.97,10.46,10.56,10.35,9.37,9.47,9.24,9.18,9.24,9.13,9.4,9.42,9.37,6813,7934
2026-01-25 16:00:00,1.26,1.23,3.31,28.75,5.82,4.47,3.54,17.76,12.26,13.26,11.64,12.28,13.27,11.73,12.4,13.37,11.84,12.16,12.44,11.96,10.18,10.33,9.97,9.14,9.24,9.01,9.09,9.13,9.02,9.38,9.39,9.37,6826,10498
2026-01-25 15:00:00,1.07,0.89,2.45,26.18,5.37,4.33,3.46,17.27,13.15,13.62,12.75,13.2,13.71,12.8,13.29,13.74,12.91,12.21,12.44,12.05,9.76,9.96,9.51,8.93,9,8.87,9.01,9.02,9.01,9.37,9.38,9.37,6824,9777
2026-01-25 14:00:00,1.11,0.94,2.8,26.78,5.38,4.39,3.47,17.28,12.44,13.03,11.65,12.47,13.03,11.73,12.57,13.15,11.85,11.82,12.32,11.26,9.24,9.49,9.02,8.74,8.82,8.66,9.01,9.01,8.99,9.37,9.38,9.37,6822,8659
2026-01-25 13:00:00,1.04,0.87,2.38,25.51,5.34,4.4,3.46,17.28,11.59,12.01,11.26,11.62,12.06,11.27,11.75,12.2,11.39,10.76,11.14,10.49,8.79,9.01,8.6,8.63,8.64,8.58,9.01,9.01,9,9.37,9.38,9.37,6822,9785
2026-01-25 12:00:00,0.96,0.79,2.19,25.48,5.25,4.42,3.47,17.29,11.19,11.5,10.31,11.21,11.5,10.31,11.36,11.64,10.43,10.09,10.43,9.51,8.37,8.55,8.18,8.53,8.55,8.53,9.01,9.01,9,9.37,9.39,9.37,6824,7969
2026-01-25 11:00:00,0.94,0.78,2.2,26,4.92,4.42,3.48,17.29,9.54,10.08,9.25,9.55,10.1,9.25,9.66,10.31,9.37,8.95,9.43,8.66,8.03,8.18,7.95,8.53,8.53,8.53,9.01,9.01,9,9.37,9.38,9.37,6822,8497
2026-01-25 10:00:00,0.99,0.8,2.64,26.71,4.86,4.42,3.48,17.29,7.95,9.13,7.16,7.91,9.14,7.15,7.96,9.22,7.24,7.87,8.49,7.47,7.86,7.94,7.84,8.59,8.64,8.53,9.01,9.02,9.01,9.37,9.38,9.37,6826,7150
2026-01-25 09:00:00,1.09,1.02,3.21,27.72,5.09,4.5,3.5,17.3,6.81,7.11,6.64,6.77,7.07,6.54,6.87,7.14,6.65,7.13,7.36,7,7.84,7.84,7.84,8.64,8.64,8.64,9.04,9.09,9.01,9.38,9.39,9.37,6524,6815
2026-01-25 08:00:00,1.07,0.93,2.95,26.56,5.04,4.42,3.43,17.31,6.45,6.59,6.4,6.41,6.53,6.34,6.51,6.65,6.42,6.91,7,6.88,7.84,7.84,7.84,8.66,8.72,8.64,9.11,9.13,9.1,9.4,9.43,9.38,6486,2190
2026-01-25 07:00:00,1.05,0.93,3.06,26.35,4.79,4.4,3.44,17.31,6.34,6.4,6.3,6.3,6.34,6.29,6.41,6.42,6.41,6.87,6.88,6.85,7.84,7.87,7.84,8.75,8.76,8.72,9.13,9.17,9.13,9.44,9.47,9.41,6493,0
2026-01-25 06:00:00,1.02,0.78,2.12,24.07,4.69,4.2,3.43,17.31,6.41,6.42,6.4,6.39,6.41,6.31,6.42,6.44,6.41,6.87,6.88,6.84,7.87,7.91,7.84,8.79,8.84,8.76,9.19,9.22,9.14,9.48,9.49,9.46,6497,0
2026-01-25 05:00:00,1,0.8,2.12,24.02,4.67,4.17,3.43,17.31,6.42,6.52,6.41,6.39,6.47,6.35,6.43,6.53,6.41,6.78,6.87,6.76,7.92,7.95,7.89,8.87,8.89,8.85,9.24,9.24,9.24,9.49,9.49,9.47,6504,0
2026-01-25 04:00:00,0.92,0.77,1.66,22.85,4.64,4.12,3.43,17.31,6.92,7,6.61,6.8,6.88,6.53,6.83,6.88,6.56,6.76,6.77,6.76,7.95,7.95,7.95,8.97,9,8.89,9.24,9.27,9.24,9.49,9.49,9.49,6517,0
2026-01-25 03:00:00,0.92,0.8,1.6,22.7,4.64,4.1,3.4,17.34,6.87,7,6.76,6.73,6.86,6.64,6.76,6.88,6.59,6.59,6.7,6.5,8.02,8.07,7.95,9.06,9.12,9.01,9.31,9.35,9.27,9.49,9.51,9.49,6524,0
2026-01-25 02:00:00,0.9,0.74,1.61,22.74,4.63,4.07,3.41,17.36,6.27,6.65,5.94,6.14,6.53,5.82,6.13,6.53,5.8,6.26,6.47,6.09,8.21,8.32,8.08,9.16,9.24,9.12,9.35,9.35,9.35,9.51,9.53,9.49,6537,0
2026-01-25 01:00:00,0.92,0.76,1.64,22.73,4.66,4.06,3.41,17.37,6.43,7,6,6.3,6.85,5.86,6.24,6.83,5.82,6.46,6.79,6.17,8.47,8.55,8.34,9.26,9.34,9.24,9.4,9.43,9.35,9.54,9.58,9.52,6550,0
2026-01-25 00:00:00,0.94,0.73,1.67,22.7,4.67,4.02,3.41,17.39,7.44,7.82,7.12,7.34,7.71,7,7.26,7.61,6.91,7.11,7.35,6.87,8.69,8.78,8.6,9.35,9.37,9.35,9.47,9.47,9.43,9.53,9.55,9.5,6550,0
2026-01-24 23:00:00,0.96,0.69,1.62,22.73,4.69,4.03,3.43,17.4,7.9,7.95,7.83,7.77,7.83,7.71,7.7,7.75,7.6,7.43,7.47,7.37,8.9,9.02,8.78,9.45,9.47,9.38,9.47,9.47,9.47,9.49,9.51,9.49,6575,0
2026-01-24 22:00:00,0.94,0.71,1.63,22.79,4.7,4.02,3.44,17.44,7.92,8.07,7.71,7.8,7.95,7.59,7.74,7.92,7.56,7.61,7.81,7.49,9.16,9.26,9.02,9.53,9.59,9.47,9.47,9.47,9.47,9.48,9.49,9.45,6588,0
2026-01-24 21:00:00,1.05,0.68,1.65,22.77,4.69,4.02,3.44,17.51,8.18,8.27,8.07,8.08,8.18,7.95,8.06,8.13,7.9,8.06,8.17,7.9,9.4,9.49,9.25,9.6,9.64,9.59,9.45,9.47,9.42,9.4,9.46,9.37,6595,0
2026-01-24 20:00:00,0.95,0.68,1.62,22.73,4.71,4.04,3.44,17.52,8.11,8.32,7.95,8.03,8.22,7.88,7.99,8.21,7.84,8.26,8.39,8.18,9.68,9.85,9.5,9.69,9.71,9.64,9.36,9.39,9.35,9.37,9.37,9.37,6624,0
2026-01-24 19:00:00,0.94,0.7,1.66,22.72,4.71,4.06,3.43,17.53,8.41,8.51,8.33,8.33,8.42,8.26,8.32,8.42,8.22,8.59,8.82,8.41,10.04,10.24,9.85,9.7,9.71,9.64,9.27,9.35,9.24,9.34,9.37,9.3,6648,0
2026-01-24 18:00:00,0.91,0.72,1.73,22.76,4.76,4.11,3.44,17.57,9.08,9.84,8.54,9.06,9.88,8.46,9.09,9.96,8.47,9.3,9.91,8.88,10.48,10.67,10.3,9.59,9.67,9.53,9.16,9.24,9.1,9.27,9.3,9.26,6702,1032
2026-01-24 17:00:00,0.97,0.8,1.82,22.9,4.79,4.2,3.46,17.59,11.38,13.14,9.96,11.47,13.26,10.05,11.64,13.51,10.08,10.98,11.97,10.07,10.75,10.79,10.67,9.4,9.49,9.29,9.01,9.1,8.95,9.25,9.26,9.25,6818,8150
2026-01-24 16:00:00,1.1,0.93,1.99,23.24,4.85,4.31,3.46,17.6,13.16,13.75,12.21,13.32,13.87,12.43,13.68,14.33,12.76,12.21,12.44,11.97,10.79,10.79,10.78,9.11,9.25,8.96,8.88,8.89,8.83,9.25,9.25,9.25,6826,10037
2026-01-24 15:00:00,1.08,0.88,2.02,23.6,4.98,4.38,3.46,17.6,14.21,17.41,12.69,14.68,18.07,12.93,15.3,19.1,13.32,13.37,14.93,12.36,10.53,10.78,10.18,8.74,8.89,8.57,8.77,8.8,8.77,9.25,9.26,9.25,6838,10743
2026-01-24 14:00:00,1.26,1.05,2.33,24.41,5.37,4.42,3.47,17.61,18.12,19.15,17.18,18.94,19.89,17.87,20.28,21.32,19.06,14.87,15.54,14.07,9.6,10.08,9.14,8.41,8.53,8.29,8.76,8.77,8.74,9.25,9.25,9.25,6847,11511
2026-01-24 13:00:00,1.12,0.96,2.28,24.63,5.32,4.45,3.48,17.63,15.21,16.7,14.1,15.93,17.53,14.71,16.86,18.59,15.63,12.73,13.61,11.9,8.67,9.06,8.31,8.15,8.29,8.05,8.75,8.77,8.74,9.25,9.25,9.25,6844,11160
2026-01-24 12:00:00,1.05,0.94,2.21,24.82,5.46,4.44,3.49,17.65,14.18,15.16,13.27,14.98,16.03,13.98,16.01,17.17,14.92,11.54,11.94,11.38,7.79,8.18,7.38,7.99,8.05,7.94,8.77,8.77,8.76,9.25,9.25,9.25,6844,11243
2026-01-24 11:00:00,0.93,0.77,2.11,25.14,5.72,4.46,3.5,17.66,13.33,16.2,10.78,13.84,17.04,11.09,14.67,18.29,11.59,9.56,11.46,8.49,7.08,7.36,6.89,8.02,8.06,7.94,8.67,8.76,8.64,9.25,9.25,9.25,6838,11089
2026-01-24 10:00:00,0.87,0.66,1.99,25.53,5.37,4.49,3.49,17.66,8.73,13.54,6.29,8.76,13.86,6.22,9.01,14.6,6.29,6.69,8.42,5.7,6.73,6.86,6.65,8.12,8.17,8.05,8.64,8.64,8.64,9.27,9.31,9.25,6826,10754
2026-01-24 09:00:00,0.85,0.75,2.08,25.75,5.22,4.47,3.49,17.69,5.5,6.21,3.93,5.4,6.17,3.81,5.47,6.25,3.81,5.13,5.68,4.41,6.65,6.68,6.65,8.23,8.29,8.17,8.71,8.77,8.66,9.35,9.37,9.32,6688,7004
2026-01-24 08:00:00,0.84,0.84,2.29,25.92,5.21,4.44,3.47,17.74,3.43,3.81,2.86,3.36,3.69,2.85,3.41,3.68,2.9,4.33,4.41,4.16,6.77,6.85,6.7,8.38,8.42,8.31,8.81,8.89,8.77,9.37,9.38,9.37,6488,6752
2026-01-24 07:00:00,0.82,0.85,2.31,26.04,5.24,4.44,3.48,17.73,3.12,3.93,2.69,3.08,3.92,2.63,3.14,3.93,2.74,4.35,4.69,4.13,6.9,6.97,6.87,8.52,8.6,8.42,8.9,8.96,8.89,9.44,9.47,9.39,6481,0
2026-01-24 06:00:00,0.86,0.78,2.27,26.11,5.29,4.43,3.48,17.72,4.11,4.28,3.81,4.04,4.17,3.75,4.08,4.27,3.81,4.64,4.75,4.42,7.02,7.1,6.97,8.69,8.76,8.64,9.01,9.04,8.99,9.49,9.49,9.47,6484,0
2026-01-24 05:00:00,0.83,0.82,2.35,26.43,5.34,4.45,3.47,17.77,3.14,3.79,2.75,3.07,3.69,2.63,3.09,3.73,2.63,4.14,4.4,3.92,7.23,7.37,7.12,8.9,9,8.79,9.14,9.24,9.06,9.51,9.55,9.49,6488,0
2026-01-24 04:00:00,0.83,0.85,2.43,26.44,5.27,4.41,3.48,17.81,3.38,3.82,2.75,3.28,3.7,2.63,3.24,3.7,2.61,4.2,4.4,3.92,7.54,7.71,7.36,9.11,9.22,9,9.3,9.37,9.24,9.59,9.6,9.55,6497,0
2026-01-24 03:00:00,0.83,0.84,2.56,26.64,5.24,4.37,3.47,17.87,3.31,3.75,2.98,3.2,3.69,2.86,3.19,3.65,2.87,4.39,4.75,4.21,7.9,8.07,7.72,9.32,9.39,9.24,9.47,9.5,9.41,9.6,9.6,9.6,6510,0
2026-01-24 02:00:00,0.86,0.84,2.7,26.82,5.22,4.4,3.44,17.94,4.08,4.4,3.8,3.97,4.28,3.69,3.98,4.28,3.69,4.95,5.06,4.86,8.3,8.53,8.08,9.48,9.58,9.39,9.59,9.6,9.56,9.61,9.63,9.6,6524,0
2026-01-24 01:00:00,0.84,0.88,2.9,27.13,5.22,4.4,3.5,18.06,4.76,5.2,3.93,4.68,5.1,3.85,4.69,5.12,3.89,5.7,5.94,5.17,8.71,8.89,8.55,9.63,9.7,9.59,9.68,9.72,9.6,9.62,9.64,9.6,6537,0
2026-01-24 00:00:00,0.88,1,3.11,27.33,5.19,4.38,3.48,18.11,5.56,6.34,4.76,5.55,6.29,4.76,5.49,6.29,4.71,6.54,7.13,5.94,9.08,9.25,8.89,9.76,9.83,9.71,9.74,9.81,9.72,9.61,9.64,9.6,6539,0
2026-01-23 23:00:00,0.99,1.13,3.24,28,5.22,4.43,3.49,18.28,6.19,6.41,5.94,6.1,6.33,5.82,6.1,6.34,5.82,7.21,7.48,7.12,9.38,9.49,9.25,9.9,9.95,9.83,9.82,9.84,9.79,9.6,9.6,9.6,6550,0
2026-01-23 22:00:00,1.14,1.18,3.62,29.78,5.53,4.51,3.6,18.78,6.65,6.97,6.32,6.62,6.94,6.29,6.78,7.1,6.41,7.83,8,7.59,9.67,9.84,9.53,10.03,10.09,9.95,9.84,9.84,9.84,9.57,9.6,9.52,6573,0
2026-01-23 21:00:00,1.24,1.28,4.01,30.26,5.36,4.44,3.56,18.53,6.86,7,6.77,6.85,6.99,6.77,7.03,7.11,7,8.13,8.3,8.04,10,10.2,9.85,10.18,10.2,10.14,9.82,9.84,9.76,9.49,9.51,9.47,6582,0
2026-01-23 20:00:00,1.02,0.95,3.11,27.05,5.11,4.35,3.49,18.16,7.01,7.22,6.91,6.99,7.19,6.89,7.16,7.36,7.01,8.47,8.68,8.3,10.38,10.56,10.2,10.29,10.3,10.24,9.73,9.77,9.72,9.41,9.49,9.37,6595,0
2026-01-23 19:00:00,1.12,1.01,3.17,28.08,5.23,4.41,3.54,18.21,7.24,7.48,7.11,7.26,7.53,7.11,7.45,7.75,7.26,8.98,9.35,8.74,10.82,11.04,10.6,10.3,10.32,10.3,9.64,9.72,9.6,9.36,9.37,9.35,6608,0
2026-01-23 18:00:00,1.29,1.13,3.48,30.41,5.48,4.45,3.62,18.73,7.84,8.18,7.59,7.87,8.18,7.59,8.1,8.42,7.83,9.72,10.07,9.39,11.36,11.62,11.12,10.29,10.3,10.25,9.51,9.6,9.47,9.27,9.32,9.25,6637,0
2026-01-23 17:00:00,1.19,1.03,2.84,27.34,5.34,4.43,3.58,18.62,9.46,11.51,8.18,9.62,11.81,8.27,9.74,11.9,8.47,11.12,12.32,10.18,11.86,12.02,11.64,10.1,10.2,9.95,9.36,9.45,9.26,9.25,9.25,9.24,6688,5629
2026-01-23 16:00:00,1.17,0.98,2.08,23.43,5.06,4.31,3.43,17.86,16.21,20.29,11.92,16.6,20.72,12.2,17.08,21.61,12.31,14.44,16.09,12.56,11.99,12.09,11.86,9.82,9.95,9.68,9.23,9.26,9.14,9.23,9.25,9.21,6809,7335
2026-01-23 15:00:00,1.34,1.2,2.43,24.18,5.22,4.34,3.44,17.99,20.26,20.96,19.06,20.72,21.43,19.54,21.76,22.54,20.48,16.09,16.35,15.63,11.55,11.8,11.27,9.48,9.64,9.35,9.11,9.14,9.05,9.18,9.24,9.16,6847,11227
2026-01-23 14:00:00,1.31,1.15,2.44,24.9,5.38,4.39,3.47,18.15,20.14,20.74,19.54,20.88,21.4,20.37,22.03,22.61,21.43,15.79,16.2,15.38,10.79,11.15,10.44,9.19,9.35,9.09,9.01,9.02,9.01,9.14,9.14,9.13,6840,10609
2026-01-23 13:00:00,1.2,1,2.32,25.26,5.53,4.42,3.46,18.33,17.82,19.37,15.52,18.48,20.12,15.96,19.28,21.19,16.34,14.34,15.25,13.5,10.04,10.36,9.72,8.94,9.02,8.88,9.01,9.01,9,9.13,9.14,9.13,6847,11089
2026-01-23 12:00:00,1.1,0.92,2.21,25.37,5.62,4.41,3.47,18.57,17.16,18.45,15.99,17.84,19.37,16.59,18.57,20.48,17.18,13.43,14.03,13.03,9.29,9.64,8.89,8.79,8.88,8.76,9.01,9.01,9,9.13,9.13,9.13,6842,10656
2026-01-23 11:00:00,1.02,0.84,2.2,26.7,5.85,4.42,3.48,18.89,20.34,22.26,18.7,21.04,23.07,19.54,22.21,24.38,20.39,12.98,14.22,11.49,8.44,8.78,8.18,8.8,8.87,8.77,9.01,9.01,9.01,9.12,9.13,9.12,6842,10963
2026-01-23 10:00:00,0.94,0.72,2.02,27.26,5.94,4.45,3.49,19.32,16.84,19.29,12.68,16.87,19.66,12.46,17.7,20.72,12.94,9.54,11.26,7.71,8.07,8.12,8.06,8.92,9,8.88,9.01,9.01,9.01,9.1,9.13,9.09,6838,10814
2026-01-23 09:00:00,0.93,0.83,2.32,28.09,5.97,4.42,3.49,19.98,6.79,11.38,4.76,6.58,11.15,4.52,6.66,11.61,4.44,6.04,7.24,5.54,8.31,8.55,8.09,9.07,9.13,9,9.07,9.13,9.01,9.05,9.09,9.02,6818,8099
2026-01-23 08:00:00,1,0.98,2.56,28.24,5.95,4.41,3.51,21.64,4.89,5.35,4.64,4.72,5.23,4.5,4.65,5.12,4.36,6,6.4,5.59,8.77,9.02,8.55,9.23,9.33,9.14,9.1,9.13,9.1,9.01,9.02,9.01,6493,6736
2026-01-23 07:00:00,1,1,2.52,28.27,5.93,4.42,3.54,44.67,5.47,5.94,5.23,5.31,5.82,5.02,5.27,5.81,4.98,6.85,7.47,6.41,9.33,9.55,9.07,9.35,9.35,9.31,9.06,9.1,9.04,9.01,9.01,9.01,6493,0
2026-01-23 06:00:00,1.04,0.92,2.54,28.21,5.97,4.44,3.58,104.39,7.68,9.01,6.06,7.59,8.89,5.94,7.58,8.89,5.94,8.64,9.47,7.63,9.72,9.85,9.6,9.35,9.35,9.35,9.02,9.04,9.01,9.01,9.01,9.01,6502,0
2026-01-23 05:00:00,1.04,0.88,2.55,28.95,6.09,4.5,11.51,117.18,9.91,10.55,9.13,9.84,10.49,9.01,9.85,10.54,9.01,10.03,10.43,9.51,9.85,9.85,9.85,9.32,9.35,9.25,9.01,9.02,9.01,9.01,9.02,9.01,6506,0
2026-01-23 04:00:00,1.25,1.11,2.96,32.33,6.66,4.74,53.52,117.62,10.75,11.08,10.55,10.7,11.02,10.46,10.75,11.04,10.55,10.58,10.78,10.43,9.85,9.85,9.84,9.27,9.35,9.25,9.14,9.25,9.01,9.11,9.22,9.04,6517,0
2026-01-23 03:00:00,1.33,1.27,3.03,32.54,6.78,4.8,40.05,51.93,11.12,11.25,11.02,11.03,11.14,10.91,11.05,11.16,10.9,10.63,10.88,10.43,9.56,9.85,9.25,9.09,9.38,8.85,8.99,9.35,8.76,9.01,9.25,8.81,6524,0
2026-01-23 02:00:00,1.29,1.17,2.96,31.82,6.15,4.57,3.75,3.92,10.88,11.02,10.79,10.83,10.91,10.69,10.84,10.93,10.73,10.35,10.43,10.2,9.14,9.25,9.03,8.78,8.84,8.76,8.7,8.75,8.66,8.79,8.83,8.78,6533,0
2026-01-23 01:00:00,1.4,1.19,3.1,32.57,6.35,4.64,3.79,3.93,10.41,10.76,10.2,10.35,10.67,10.16,10.37,10.67,10.18,9.94,10.18,9.82,8.96,9.02,8.89,8.73,8.76,8.7,8.65,8.67,8.64,8.78,8.78,8.78,6546,0
2026-01-23 00:00:00,1.35,1.2,3.07,32.1,6.36,4.55,3.7,3.81,10,10.2,9.72,9.94,10.1,9.72,9.97,10.18,9.72,9.58,9.74,9.35,8.81,8.89,8.78,8.66,8.7,8.64,8.64,8.64,8.64,8.77,8.78,8.72,6542,0
2026-01-22 23:00:00,1.25,1.12,2.93,29.82,6.08,4.42,3.59,3.72,9.38,9.72,9.14,9.32,9.6,9.13,9.37,9.67,9.14,9.17,9.35,9.03,8.78,8.78,8.78,8.64,8.67,8.64,8.6,8.64,8.57,8.7,8.75,8.67,6571,0
2026-01-22 22:00:00,1.24,1.09,3.05,30.05,6.01,4.39,3.53,3.69,9.03,9.13,8.92,8.99,9.08,8.89,9.03,9.13,8.93,8.96,9.01,8.89,8.78,8.78,8.77,8.64,8.67,8.64,8.55,8.56,8.54,8.66,8.67,8.66,6577,0
2026-01-22 21:00:00,1.13,0.99,2.78,27.7,5.89,4.41,3.53,3.69,8.59,8.89,8.3,8.52,8.84,8.25,8.6,8.89,8.33,8.73,8.88,8.66,8.82,8.89,8.78,8.64,8.66,8.64,8.53,8.54,8.5,8.63,8.66,8.58,6591,0
2026-01-22 20:00:00,1.12,0.98,2.63,27.15,5.87,4.41,3.58,3.69,8.1,8.21,8.05,8.08,8.18,8.02,8.16,8.3,8.07,8.65,8.68,8.64,8.95,9.02,8.89,8.64,8.64,8.64,8.43,8.47,8.42,8.56,8.6,8.54,6606,0
2026-01-22 19:00:00,1.11,0.88,2.35,24.17,5.88,4.41,3.57,3.67,8.27,8.43,8.07,8.25,8.42,8.07,8.34,8.52,8.18,8.9,9.03,8.76,9.12,9.22,9.02,8.64,8.64,8.6,8.36,8.42,8.3,8.53,8.54,8.52,6628,0
2026-01-22 18:00:00,1.01,0.82,2.12,21.69,5.43,4.42,3.56,3.66,9.3,10.43,8.53,9.27,10.42,8.53,9.25,10.31,8.54,9.36,9.7,9.1,9.27,9.33,9.25,8.53,8.59,8.47,8.27,8.3,8.2,8.45,8.5,8.43,6666,0
2026-01-22 17:00:00,0.95,0.78,1.85,20.64,5.32,4.43,3.56,3.67,11.08,11.5,10.55,11.03,11.5,10.52,11,11.49,10.43,10.04,10.3,9.72,9.36,9.37,9.32,8.39,8.45,8.3,8.16,8.18,8.08,8.42,8.43,8.42,6755,6992
2026-01-22 16:00:00,1.06,0.87,1.96,20.78,5.37,4.44,3.54,3.67,12,12.56,11.54,12,12.6,11.5,11.98,12.61,11.49,10.56,10.9,10.31,9.29,9.37,9.25,8.19,8.29,8.07,8.05,8.08,8,8.42,8.42,8.42,6818,8355
2026-01-22 15:00:00,1.06,0.85,2.02,21.09,5.45,4.44,3.56,3.66,13.24,14.19,11.97,13.23,14.17,11.97,13.3,14.32,11.96,11.11,11.49,10.55,9.09,9.22,9.02,7.96,8.05,7.82,7.95,8,7.94,8.41,8.42,8.41,6822,8982
2026-01-22 14:00:00,1.06,0.86,2.02,21.75,4.97,4.3,3.53,3.67,12.53,13.62,11.95,12.61,13.74,11.96,12.65,13.95,11.94,11.13,11.85,10.57,8.81,9.01,8.55,7.69,7.82,7.58,7.94,7.94,7.92,8.42,8.42,8.42,6822,7386
2026-01-22 13:00:00,1.09,0.92,2.19,23.63,3.51,3.91,3.47,3.68,15.86,18.59,14.03,16.41,19.53,14.22,17.03,20.59,14.45,12.55,13.25,11.97,8.06,8.55,7.6,7.48,7.57,7.46,7.93,7.94,7.91,8.42,8.42,8.41,6820,8521
2026-01-22 12:00:00,1.05,0.89,2.16,24.13,3.8,3.95,3.49,3.69,14.88,18.12,12.09,15.16,18.95,12.08,15.67,19.89,12.27,10.86,12.68,9.35,7.14,7.48,6.86,7.39,7.46,7.36,7.93,7.94,7.91,8.4,8.42,8.35,6844,11184
2026-01-22 11:00:00,0.91,0.76,2,24.4,3.83,3.95,3.48,3.71,10.74,11.73,9.77,10.7,11.73,9.76,10.78,11.92,9.72,8.31,9.14,7.58,6.59,6.77,6.42,7.42,7.46,7.35,7.94,7.94,7.93,8.35,8.37,8.33,6826,10561
2026-01-22 10:00:00,0.88,0.69,1.94,24.76,3.84,3.94,3.48,3.73,10.25,11.37,9.79,10.17,11.14,9.74,10.26,11.29,9.79,6.93,7.47,6.14,6.29,6.4,6.24,7.48,7.57,7.46,7.94,7.94,7.94,8.34,8.35,8.33,6822,8107
2026-01-22 09:00:00,0.9,0.8,2.15,25.22,3.84,3.94,3.49,3.72,6.67,9.47,5.23,6.41,9.2,4.98,6.35,9.16,4.98,5.03,5.71,4.6,6.31,6.42,6.27,7.6,7.68,7.57,7.96,8,7.94,8.37,8.39,8.35,6786,7126
2026-01-22 08:00:00,0.96,0.94,2.39,25.43,3.89,3.94,3.47,3.71,4.6,5.12,4.28,4.41,4.87,4.16,4.34,4.84,4.04,4.34,4.52,4.26,6.57,6.76,6.42,7.74,7.81,7.7,8.04,8.06,8,8.38,8.39,8.35,6493,6764
2026-01-22 07:00:00,0.92,0.89,2.29,25.42,4.03,3.92,3.49,3.71,4.31,4.82,4.05,4.1,4.63,3.81,3.93,4.4,3.57,4.47,4.87,4.29,6.93,7.12,6.77,7.86,7.94,7.81,8.06,8.06,8.05,8.4,8.41,8.39,6481,0
2026-01-22 06:00:00,0.86,0.77,2.15,25.68,4.11,3.9,3.5,3.72,5.19,5.4,5.01,4.98,5.23,4.86,4.8,5.01,4.64,5.18,5.45,4.98,7.31,7.48,7.13,7.95,8.01,7.94,8.07,8.08,8.06,8.36,8.39,8.34,6484,0
2026-01-22 05:00:00,0.87,0.79,2.11,26.07,4.06,3.92,3.5,3.74,5.82,6.06,5.47,5.64,5.84,5.24,5.47,5.7,5.09,5.82,6.05,5.46,7.69,7.84,7.48,8.04,8.06,7.99,8.06,8.08,8.06,8.31,8.33,8.3,6488,0
2026-01-22 04:00:00,0.93,0.78,2.18,26.26,4.03,3.94,3.49,3.73,6.84,7.84,5.94,6.73,7.83,5.81,6.55,7.71,5.6,6.8,7.59,6.17,7.99,8.07,7.87,8.05,8.06,8.05,8.06,8.07,8.06,8.3,8.3,8.3,6493,0
2026-01-22 03:00:00,0.99,0.79,2.24,26.31,4.02,3.95,3.48,3.72,8.01,8.26,7.73,7.95,8.13,7.71,7.84,8.07,7.59,7.75,7.82,7.71,8.15,8.26,8.07,8.05,8.08,8.05,8.03,8.06,8,8.28,8.3,8.22,6497,0
2026-01-22 02:00:00,0.99,0.8,2.35,26.59,4.02,3.96,3.49,3.7,8.49,8.77,8.18,8.35,8.54,8.09,8.17,8.41,7.9,8.02,8.17,7.83,8.35,8.43,8.29,8.05,8.06,8.05,7.95,7.97,7.94,8.19,8.22,8.18,6502,0
2026-01-22 01:00:00,0.97,0.98,2.5,26.82,4.05,3.94,3.51,3.7,8.89,9.7,8.07,8.75,9.6,7.95,8.54,9.6,7.59,8.61,9.35,7.95,8.52,8.55,8.43,7.99,8.05,7.94,7.88,7.94,7.83,8.18,8.18,8.18,6506,0
2026-01-22 00:00:00,1.08,1.01,2.67,27.16,4.03,3.95,3.51,3.71,10.15,10.31,9.78,10.04,10.2,9.72,9.95,10.08,9.72,9.44,9.47,9.38,8.54,8.55,8.53,7.9,7.94,7.82,7.82,7.83,7.77,8.17,8.18,8.14,6502,0
2026-01-21 23:00:00,1.01,0.95,2.54,26.13,4.08,3.97,3.54,3.74,10.89,11.08,10.39,10.73,10.96,10.2,10.65,10.9,10.08,9.84,9.96,9.59,8.46,8.53,8.43,7.76,7.82,7.7,7.71,7.74,7.7,8.1,8.14,8.07,6539,0
2026-01-21 22:00:00,1.14,1.05,2.68,26.65,4.07,4,3.58,3.77,11.49,11.96,11.02,11.37,11.85,10.88,11.29,11.78,10.77,10.22,10.53,9.84,8.35,8.43,8.22,7.62,7.7,7.57,7.62,7.69,7.59,8.07,8.08,8.07,6550,0
2026-01-21 21:00:00,1.24,1.1,2.91,27.78,4.12,4.01,3.6,3.8,11.67,11.85,11.52,11.57,11.73,11.43,11.52,11.72,11.38,10.29,10.42,10.18,8.04,8.2,7.87,7.47,7.54,7.4,7.56,7.59,7.49,8.06,8.07,8.05,6573,0
2026-01-21 20:00:00,1.1,0.98,2.67,27.49,4.2,4.06,3.61,3.82,11.32,11.61,11.15,11.22,11.5,11.05,11.19,11.48,11.02,9.86,10.08,9.7,7.68,7.84,7.48,7.28,7.37,7.23,7.47,7.49,7.46,8.02,8.06,7.99,6591,0
2026-01-21 19:00:00,1.37,1.3,3.41,30.2,4.43,4.26,3.73,3.93,9.98,11.14,7.97,9.86,11.02,7.95,9.86,11.01,8.01,8.8,9.6,7.93,7.35,7.48,7.25,7.14,7.22,7.11,7.39,7.46,7.35,7.99,8.02,7.97,6611,0
2026-01-21 18:00:00,1.44,1.45,3.73,30.49,4.48,4.27,3.71,3.87,7.77,7.95,7.58,7.73,7.93,7.51,7.82,7.95,7.6,7.79,7.88,7.71,7.16,7.24,7.13,7.01,7.11,6.97,7.35,7.35,7.35,8.02,8.05,7.98,6646,0
2026-01-21 17:00:00,1.37,1.41,3.67,30.13,4.46,4.26,3.67,3.83,7.47,7.55,7.39,7.45,7.5,7.39,7.57,7.64,7.51,7.73,7.83,7.71,7,7.12,6.89,6.87,6.94,6.8,7.35,7.35,7.34,8.04,8.07,7.99,6711,6941
2026-01-21 16:00:00,1.32,1.29,3.61,29.32,4.3,4.04,3.56,3.71,7.31,7.56,7,7.29,7.51,7,7.47,7.71,7.13,7.64,7.82,7.47,6.77,6.89,6.65,6.74,6.78,6.66,7.29,7.34,7.25,8.07,8.07,8.06,6813,7102
2026-01-21 15:00:00,1.21,1.2,3.4,25.76,4.22,4,3.54,3.69,6.66,6.93,6.53,6.68,6.96,6.53,6.89,7.12,6.72,7.32,7.47,7.24,6.57,6.65,6.43,6.59,6.63,6.52,7.23,7.25,7.23,8.06,8.07,8.05,6813,8229
2026-01-21 14:00:00,1.16,1.06,3.27,23.12,4.2,4.02,3.56,3.69,6.48,6.76,6.2,6.5,6.77,6.23,6.71,7,6.41,7.17,7.44,7,6.31,6.42,6.18,6.45,6.52,6.4,7.23,7.24,7.22,8.06,8.07,8.03,6813,7433
2026-01-21 13:00:00,1.15,1.03,3.17,21.38,4.23,4.04,3.56,3.68,6.42,6.53,6.29,6.46,6.54,6.29,6.62,6.76,6.48,7.06,7.12,7,5.99,6.18,5.83,6.31,6.4,6.28,7.23,7.24,7.23,8.01,8.06,7.97,6818,8773
2026-01-21 12:00:00,1.07,0.95,2.23,17.95,4.24,4.07,3.58,3.67,6.66,7,6.41,6.71,7,6.53,6.93,7.24,6.68,6.71,7,6.53,5.61,5.78,5.47,6.28,6.28,6.27,7.2,7.24,7.15,7.95,7.96,7.93,6820,8686
2026-01-21 11:00:00,0.92,0.79,1.84,17.05,4.28,4.05,3.61,3.67,5.89,7,5.03,5.92,7,5.08,6.13,7.29,5.22,5.68,6.53,4.98,5.35,5.44,5.33,6.35,6.4,6.28,7.06,7.15,7,7.77,7.9,7.71,6820,7339
2026-01-21 10:00:00,0.84,0.72,1.85,17.12,4.28,4.05,3.61,3.64,4.56,4.98,4.05,4.56,4.98,4.01,4.66,5.12,4.1,4.56,4.98,4.16,5.19,5.29,5.12,6.4,6.42,6.4,7.03,7.09,7,7.72,7.75,7.71,6702,7000
2026-01-21 09:00:00,0.84,0.8,2.03,17.34,4.29,4.09,3.62,3.67,3.5,3.94,2.98,3.44,3.93,2.97,3.55,4.04,3.08,3.7,4.04,3.33,5.05,5.12,5,6.5,6.52,6.44,7.11,7.12,7.09,7.79,7.83,7.74,6550,6846
2026-01-21 08:00:00,0.88,0.99,2.2,17.53,4.3,4.1,3.58,3.69,2.63,2.86,2.39,2.59,2.86,2.39,2.68,2.91,2.5,3.09,3.3,2.87,4.94,5,4.88,6.59,6.63,6.52,7.18,7.24,7.12,7.83,7.85,7.83,6497,6779
2026-01-21 07:00:00,0.95,1.07,2.4,17.71,4.31,4.08,3.56,3.66,1.96,2.38,1.44,1.9,2.29,1.38,2,2.4,1.44,2.46,2.86,2.03,4.88,4.88,4.87,6.71,6.75,6.63,7.32,7.35,7.26,7.89,7.95,7.84,6470,0
2026-01-21 06:00:00,0.98,1.16,2.62,17.72,4.26,4.08,3.54,3.67,1.15,1.41,0.99,1.09,1.33,0.96,1.15,1.42,0.97,1.84,2.03,1.7,4.81,4.87,4.76,6.84,6.87,6.75,7.46,7.59,7.35,8.05,8.18,7.95,6475,0
2026-01-21 05:00:00,0.99,1.2,2.61,17.7,4.12,4.04,3.53,3.69,0.9,1.44,-0.13,0.81,1.33,-0.24,0.85,1.38,-0.19,1.53,1.85,0.98,4.69,4.77,4.64,6.98,7.11,6.87,7.74,7.81,7.65,8.26,8.3,8.18,6481,0
2026-01-21 04:00:00,0.98,1.3,2.65,17.55,3.67,4.01,3.51,3.71,-0.78,-0.32,-0.93,-0.89,-0.44,-1.04,-0.87,-0.43,-1.02,0.81,0.95,0.72,4.95,5.12,4.8,7.18,7.24,7.11,7.84,7.9,7.82,8.31,8.33,8.3,6488,0
2026-01-21 03:00:00,1.01,1.32,2.63,17.08,3.19,3.99,3.48,3.69,-0.55,-0.39,-0.69,-0.69,-0.55,-0.78,-0.66,-0.55,-0.78,1.08,1.26,0.95,5.27,5.46,5.12,7.39,7.46,7.25,7.93,7.94,7.88,8.39,8.42,8.35,6502,0
2026-01-21 02:00:00,1.06,1.36,2.51,16.63,2.86,3.98,3.48,3.7,-0.25,0,-0.42,-0.38,-0.1,-0.55,-0.38,-0.1,-0.52,1.47,1.7,1.31,5.65,5.83,5.47,7.54,7.6,7.46,7.94,7.96,7.94,8.42,8.45,8.42,6517,0
2026-01-21 01:00:00,1.09,1.31,2.35,16.18,2.66,3.94,3.45,3.7,0.14,0.4,-0.07,0.04,0.28,-0.18,0.07,0.33,-0.18,1.97,2.23,1.77,6.06,6.29,5.85,7.72,7.81,7.65,8.03,8.06,7.96,8.46,8.5,8.45,6530,0
2026-01-21 00:00:00,1.03,1.21,2.17,15.94,2.72,3.91,3.47,3.7,0.77,0.97,0.51,0.66,0.86,0.38,0.68,0.95,0.39,2.53,2.82,2.27,6.51,6.75,6.3,7.9,7.94,7.82,8.08,8.14,8.06,8.48,8.5,8.47,6524,0
2026-01-20 23:00:00,0.93,1.04,2.04,15.85,2.75,3.91,3.49,3.72,1.36,1.8,1.01,1.27,1.68,0.96,1.29,1.72,0.97,3.21,3.58,2.87,7,7.27,6.77,8.04,8.08,7.97,8.16,8.18,8.1,8.43,8.47,8.42,6550,0
2026-01-20 22:00:00,0.86,0.93,1.83,15.67,2.81,3.93,3.48,3.71,2.46,3.12,1.92,2.35,3,1.8,2.35,2.97,1.8,4.12,4.63,3.69,7.54,7.81,7.35,8.16,8.18,8.13,8.18,8.18,8.17,8.42,8.42,8.42,6577,0
2026-01-20 21:00:00,0.85,0.79,1.68,15.46,2.89,3.89,3.49,3.73,4.22,5.35,3.34,4.05,5.12,3.23,3.9,4.89,3.16,5.25,5.84,4.75,8.07,8.31,7.84,8.27,8.3,8.22,8.11,8.18,8.06,8.35,8.41,8.3,6595,0
2026-01-20 20:00:00,0.89,0.77,1.57,15.4,3.01,3.9,3.48,3.71,6.22,7.06,5.58,6.02,6.88,5.39,5.78,6.65,5.17,6.52,7.12,5.99,8.62,8.89,8.38,8.3,8.31,8.29,7.99,8.06,7.94,8.3,8.3,8.28,6624,0
2026-01-20 19:00:00,0.95,0.71,1.62,15.4,3.14,3.93,3.49,3.68,7.87,8.68,7.11,7.72,8.54,6.89,7.52,8.41,6.65,7.91,8.66,7.23,9.21,9.49,8.91,8.23,8.29,8.17,7.84,7.93,7.74,8.2,8.27,8.18,6648,0
2026-01-20 18:00:00,0.95,0.74,1.73,15.51,3.18,3.94,3.49,3.67,10.11,11.72,8.83,10.05,11.73,8.67,9.96,11.73,8.54,9.9,11.14,8.81,9.74,9.93,9.49,8.02,8.16,7.88,7.65,7.75,7.57,8.18,8.18,8.18,6715,764
2026-01-20 17:00:00,1.26,1.03,2.17,16.26,3.53,3.94,3.51,3.66,15.76,18.45,12.07,15.89,18.59,12.09,16.19,19.06,12.09,13.48,14.92,11.39,9.94,9.97,9.85,7.66,7.83,7.46,7.45,7.57,7.35,8.17,8.18,8.13,6822,9624
2026-01-20 16:00:00,1.44,1.2,2.54,17,3.75,3.98,3.53,3.68,19.43,19.81,18.59,19.73,20.2,18.7,20.64,21.31,19.29,15.84,16.2,15.15,9.6,9.85,9.31,7.19,7.46,6.99,7.29,7.35,7.2,8.11,8.16,8.08,6844,11144
2026-01-20 15:00:00,1.38,1.17,2.51,17.36,3.86,4.01,3.57,3.71,19.39,19.57,19.07,19.94,20.34,19.66,21.19,21.68,20.93,16,16.1,15.88,8.8,9.25,8.31,6.73,6.95,6.52,7.13,7.17,7.12,8.07,8.08,8.06,6847,11011
2026-01-20 14:00:00,1.38,1.14,2.4,17.87,3.99,4.05,3.59,3.74,19.23,19.87,18.5,20.35,20.96,19.89,22.03,22.73,21.62,15.52,15.99,14.8,7.63,8.2,7.01,6.33,6.52,6.16,7.12,7.12,7.12,7.98,8.06,7.95,6847,10967
2026-01-20 13:00:00,1.21,0.93,2.24,18.18,4.12,4.1,3.6,3.73,18.01,18.45,17.43,19.4,19.89,18.7,21.09,21.57,20.36,13.7,14.66,12.56,6.36,6.9,5.83,6.07,6.16,6.04,7.06,7.12,7,7.83,7.94,7.71,6844,10999
2026-01-20 12:00:00,1.03,0.9,2.22,18.11,4.22,4.17,3.6,3.74,16.1,17.41,14.59,17.11,18.64,15.52,18.51,20.25,16.82,10.66,12.32,9.22,5.37,5.74,4.94,6.04,6.07,6.04,6.8,6.98,6.76,7.53,7.71,7.48,6844,11081
2026-01-20 11:00:00,1.02,0.82,2.12,18.15,4.35,4.13,3.61,3.74,15.38,16.12,14.57,15.72,16.45,14.7,16.87,17.62,15.69,7.78,9.01,6.15,4.45,4.88,4.15,6.12,6.16,6.06,6.77,6.84,6.76,7.52,7.59,7.48,6844,11144
2026-01-20 10:00:00,0.82,0.59,1.98,18.75,4.44,4.12,3.63,3.73,11.38,14.57,7,11.17,14.57,6.49,11.87,15.5,6.96,3.69,5.82,1.35,3.96,4.05,3.93,6.22,6.28,6.16,6.88,6.92,6.84,7.64,7.71,7.59,6842,11003
2026-01-20 09:00:00,0.71,1.06,2.02,17.47,3.73,4.11,3.6,3.73,0.14,6.04,-2.66,-0.08,5.58,-2.73,0.01,5.82,-2.68,-0.19,0.97,-0.68,4.03,4.1,3.93,6.41,6.52,6.32,7.01,7.11,6.94,7.73,7.79,7.71,6818,8182
2026-01-20 08:00:00,0.57,1.01,1.47,16.36,3.55,4.12,3.6,3.71,-2.73,-2.5,-2.91,-2.83,-2.61,-2.97,-2.78,-2.56,-2.91,-0.64,-0.55,-0.7,4.21,4.29,4.15,6.59,6.69,6.52,7.16,7.25,7.12,7.87,7.95,7.82,6470,6740
2026-01-20 07:00:00,0.58,0.99,1.47,16.69,3.61,4.09,3.57,3.68,-2.33,-2.19,-2.43,-2.43,-2.27,-2.53,-2.38,-2.19,-2.45,-0.41,-0.28,-0.55,4.4,4.52,4.29,6.78,6.87,6.72,7.36,7.46,7.3,8,8.07,7.95,6461,0
2026-01-20 06:00:00,0.76,1.14,2.01,17.67,3.6,4.07,3.52,3.66,-2.2,-1.96,-2.44,-2.3,-2.08,-2.53,-2.18,-1.94,-2.51,-0.26,-0.08,-0.43,4.56,4.64,4.52,6.96,7.05,6.87,7.56,7.71,7.47,8.2,8.3,8.07,6468,0
2026-01-20 05:00:00,1.01,1.37,2.64,17.92,3.25,4.01,3.5,3.7,-1.97,-1.73,-2.2,-2.07,-1.84,-2.3,-2.06,-1.85,-2.31,-0.07,0.09,-0.28,4.66,4.76,4.62,7.15,7.23,7.09,7.88,7.95,7.71,8.45,8.54,8.33,6481,0
2026-01-20 04:00:00,1.04,1.44,2.61,17.42,2.76,4,3.49,3.71,-1.63,-1.51,-1.74,-1.76,-1.61,-1.91,-1.77,-1.62,-1.96,0.3,0.5,0.14,4.92,5.1,4.76,7.35,7.46,7.23,8.03,8.08,7.95,8.56,8.62,8.54,6493,0
2026-01-20 03:00:00,1.03,1.4,2.36,17.04,2.67,3.99,3.48,3.69,-1.11,-0.71,-1.48,-1.2,-0.79,-1.58,-1.18,-0.74,-1.58,0.78,1.08,0.5,5.26,5.47,5.12,7.53,7.64,7.46,8.15,8.18,8.08,8.66,8.66,8.64,6506,0
2026-01-20 02:00:00,0.96,1.26,2.21,16.83,2.7,3.96,3.48,3.67,-0.45,-0.31,-0.57,-0.57,-0.41,-0.77,-0.52,-0.35,-0.67,1.26,1.44,1.09,5.65,5.83,5.47,7.73,7.82,7.68,8.24,8.3,8.18,8.68,8.75,8.66,6522,0
2026-01-20 01:00:00,0.85,1.11,2.05,16.67,2.73,3.93,3.47,3.66,-0.07,0.31,-0.32,-0.18,0.17,-0.43,-0.13,0.25,-0.38,1.76,2.03,1.52,6.06,6.29,5.85,7.9,7.94,7.82,8.28,8.3,8.27,8.77,8.78,8.75,6533,0
2026-01-20 00:00:00,0.79,0.98,1.94,16.57,2.78,3.94,3.49,3.67,0.71,1.08,0.37,0.58,0.97,0.18,0.6,0.97,0.26,2.38,2.71,2.09,6.49,6.67,6.3,8.08,8.17,8.01,8.31,8.35,8.3,8.78,8.78,8.78,6528,0
2026-01-19 23:00:00,0.76,0.85,1.92,16.52,2.82,3.9,3.5,3.67,1.57,1.92,1.1,1.42,1.78,0.98,1.43,1.69,1,3.09,3.41,2.75,6.95,7.13,6.76,8.22,8.29,8.17,8.4,8.42,8.35,8.78,8.78,8.78,6550,0
2026-01-19 22:00:00,0.8,0.85,1.76,16.41,2.89,3.88,3.51,3.66,2.83,3.33,2.03,2.58,2.98,1.84,2.43,2.84,1.8,3.88,4.23,3.45,7.45,7.68,7.24,8.36,8.41,8.29,8.42,8.42,8.42,8.77,8.78,8.75,6577,0
2026-01-19 21:00:00,0.82,0.84,1.75,16.3,2.9,3.91,3.51,3.69,2.89,3.46,2.52,2.72,3.19,2.41,2.65,2.98,2.41,4.48,4.86,4.28,7.98,8.27,7.72,8.46,8.53,8.41,8.42,8.42,8.42,8.69,8.74,8.66,6591,0
2026-01-19 20:00:00,0.84,0.79,1.69,16.08,2.94,3.92,3.5,3.68,3.69,4.52,3,3.56,4.4,2.87,3.51,4.33,2.86,5.5,6.17,4.9,8.59,8.89,8.31,8.53,8.53,8.53,8.32,8.39,8.27,8.66,8.66,8.64,6613,0
2026-01-19 19:00:00,0.88,0.7,1.57,16.01,3.05,3.91,3.47,3.69,6.18,8.3,4.71,6.08,8.18,4.63,5.92,7.94,4.52,7.17,8.24,6.28,9.23,9.51,8.92,8.51,8.53,8.43,8.16,8.28,8.06,8.57,8.64,8.54,6648,0
2026-01-19 18:00:00,0.97,0.76,1.69,16.12,3.32,3.93,3.46,3.67,10.55,12.29,8.87,10.43,12.23,8.66,10.24,12.09,8.42,9.6,10.79,8.46,9.84,10.08,9.6,8.31,8.41,8.17,7.99,8.06,7.94,8.54,8.55,8.54,6715,1374
2026-01-19 17:00:00,1.25,1.08,2.12,16.68,3.54,3.93,3.47,3.64,16.11,18.54,12.6,16.21,18.7,12.58,16.21,18.79,12.44,12.95,14.32,11.04,10.18,10.2,10.08,7.98,8.17,7.81,7.79,7.87,7.71,8.54,8.54,8.53,6820,9072
2026-01-19 16:00:00,1.49,1.29,2.5,17.68,3.94,3.95,3.48,3.65,20.62,22.85,18.7,20.98,23.2,18.9,21.52,24.28,19.04,15.88,17.37,14.45,9.98,10.2,9.67,7.52,7.71,7.27,7.63,7.71,7.59,8.52,8.54,8.5,6847,10983
2026-01-19 15:00:00,1.49,1.23,2.4,18.65,4.1,4,3.49,3.67,22.08,23.09,21.34,22.6,23.36,22.14,23.98,24.61,23.67,17.04,17.41,16.81,9.1,9.6,8.56,7.03,7.23,6.87,7.53,7.59,7.49,8.43,8.47,8.42,6847,10715
2026-01-19 14:00:00,1.38,1.13,2.35,19.07,4.2,4.01,3.5,3.7,20.17,21.43,19.5,21.21,22.15,20.72,22.85,23.79,22.33,15.91,16.7,15.26,7.91,8.51,7.36,6.63,6.78,6.49,7.48,7.49,7.47,8.36,8.42,8.3,6847,10963
2026-01-19 13:00:00,1.28,1,2.26,19.55,4.33,4.02,3.54,3.72,19.04,19.77,17.87,20.31,21.08,19.06,21.97,22.78,20.72,13.93,15.04,12.73,6.62,7.18,6.08,6.41,6.47,6.4,7.43,7.48,7.35,8.16,8.3,8.06,6847,10999
2026-01-19 12:00:00,1.1,0.95,2.27,19.54,4.39,4.06,3.62,3.68,16.17,17.87,14,17.18,18.95,14.93,18.6,20.56,16.11,10.71,12.45,9.24,5.63,6.06,5.15,6.4,6.4,6.39,7.13,7.26,7.1,7.94,7.99,7.91,6844,10999
2026-01-19 11:00:00,0.96,0.81,2.15,19.83,4.48,4.11,3.62,3.69,15.91,16.41,14.59,16.33,16.9,15.37,17.56,18.35,16.58,7.99,9.02,6.17,4.66,5.12,4.3,6.45,6.52,6.4,7.12,7.15,7.12,7.95,7.95,7.95,6842,11133
2026-01-19 10:00:00,0.84,0.61,2.1,20.96,4.54,4.14,3.59,3.71,12.14,15.4,6.65,11.95,15.4,6.23,12.66,16.11,6.77,3.68,5.82,1.16,4.19,4.29,4.17,6.58,6.64,6.52,7.25,7.35,7.15,8,8.07,7.95,6842,11042
2026-01-19 09:00:00,0.7,1.03,2.01,19,4.15,4.11,3.57,3.7,0.24,5.69,-2.44,-0.01,5.23,-2.56,0.12,5.64,-2.56,-0.11,0.85,-0.55,4.25,4.32,4.17,6.75,6.87,6.65,7.4,7.48,7.35,8.13,8.18,8.07,6818,7244
2026-01-19 08:00:00,0.59,0.99,1.48,17.77,3.98,4.11,3.59,3.7,-2.39,-2.05,-2.56,-2.52,-2.19,-2.69,-2.51,-2.2,-2.68,-0.51,-0.43,-0.55,4.46,4.55,4.38,6.94,7.01,6.87,7.55,7.6,7.47,8.25,8.3,8.18,6466,6732
2026-01-19 07:00:00,0.57,0.98,1.48,18.08,4.09,4.09,3.54,3.69,-2.37,-2.08,-2.67,-2.48,-2.2,-2.77,-2.44,-2.22,-2.68,-0.4,-0.31,-0.43,4.68,4.76,4.56,7.15,7.23,7.08,7.72,7.83,7.61,8.37,8.42,8.3,6457,0
2026-01-19 06:00:00,0.7,1.11,1.8,19.06,4.11,4.06,3.52,3.66,-2.41,-2.2,-2.56,-2.53,-2.33,-2.67,-2.4,-2.09,-2.56,-0.29,-0.16,-0.43,4.91,5.02,4.77,7.38,7.47,7.23,7.89,7.95,7.83,8.51,8.58,8.43,6466,0
2026-01-19 05:00:00,1,1.37,2.53,19.78,3.72,4.03,3.5,3.63,-2.08,-1.85,-2.33,-2.18,-1.96,-2.44,-2.18,-1.97,-2.44,-0.14,0,-0.31,5.16,5.23,5.03,7.58,7.7,7.46,8.06,8.17,7.98,8.68,8.77,8.6,6477,0
2026-01-19 04:00:00,1.03,1.38,2.48,19.35,3.16,4.01,3.5,3.63,-1.87,-1.71,-1.96,-1.97,-1.84,-2.05,-1.95,-1.82,-2.05,0.14,0.28,0.02,5.34,5.35,5.25,7.79,7.88,7.7,8.32,8.53,8.18,8.89,9.03,8.78,6488,0
2026-01-19 03:00:00,1.01,1.41,2.4,18.91,2.77,3.99,3.46,3.64,-1.56,-1.49,-1.73,-1.66,-1.61,-1.85,-1.63,-1.54,-1.84,0.5,0.69,0.36,5.43,5.59,5.35,7.98,8.05,7.9,8.64,8.72,8.54,9.15,9.22,9.1,6504,0
2026-01-19 02:00:00,1.02,1.39,2.27,18.39,2.7,3.99,3.46,3.59,-1.15,-0.83,-1.48,-1.21,-0.9,-1.5,-1.19,-0.91,-1.49,0.96,1.21,0.73,5.8,5.95,5.6,8.2,8.29,8.09,8.78,8.85,8.77,9.25,9.26,9.22,6519,0
2026-01-19 01:00:00,0.95,1.29,2.12,18.06,2.73,3.96,3.43,3.59,-0.65,-0.31,-0.8,-0.73,-0.34,-0.9,-0.71,-0.33,-0.9,1.46,1.72,1.21,6.21,6.42,6.04,8.42,8.53,8.3,8.87,8.89,8.85,9.3,9.37,9.25,6533,0
2026-01-19 00:00:00,0.89,1.12,2,17.87,2.78,3.93,3.41,3.63,0.27,0.72,-0.22,0.14,0.57,-0.31,0.17,0.62,-0.3,2.06,2.33,1.8,6.63,6.82,6.43,8.61,8.67,8.53,8.89,8.93,8.88,9.37,9.38,9.37,6524,0
2026-01-18 23:00:00,0.82,1.03,1.91,17.77,2.8,3.9,3.4,3.67,0.69,0.85,0.5,0.58,0.74,0.38,0.61,0.73,0.39,2.59,2.86,2.39,7.09,7.36,6.89,8.78,8.88,8.72,9,9.01,8.96,9.38,9.42,9.37,6550,0
2026-01-18 22:00:00,0.79,0.94,1.86,17.71,2.81,3.86,3.41,3.68,1.25,1.8,0.85,1.14,1.67,0.74,1.19,1.68,0.73,3.25,3.66,2.9,7.61,7.84,7.36,8.92,9,8.87,9.06,9.13,9.02,9.4,9.42,9.38,6575,0
2026-01-18 21:00:00,0.79,0.84,1.68,17.56,2.84,3.85,3.41,3.67,2.11,2.38,1.92,1.97,2.21,1.8,2.01,2.27,1.8,4.05,4.41,3.69,8.16,8.43,7.93,9.04,9.12,9,9.13,9.13,9.12,9.39,9.42,9.37,6591,0
2026-01-18 20:00:00,0.8,0.85,1.65,17.38,2.88,3.84,3.4,3.65,2.75,3.22,2.47,2.67,3.15,2.28,2.72,3.22,2.39,5.02,5.58,4.52,8.75,9.02,8.46,9.12,9.14,9.12,9.12,9.13,9.1,9.37,9.39,9.37,6613,0
2026-01-18 19:00:00,0.82,0.75,1.58,17.19,2.91,3.84,3.45,3.65,4.27,5.76,3.24,4.29,5.82,3.22,4.26,5.71,3.22,6.48,7.47,5.7,9.36,9.6,9.1,9.14,9.17,9.12,9.01,9.05,8.99,9.37,9.37,9.37,6646,0
2026-01-18 18:00:00,0.93,0.71,1.63,17.28,2.96,3.86,3.4,3.69,9.03,11.38,6.16,8.99,11.38,6.17,8.84,11.18,6.13,8.86,10.09,7.61,9.9,10.09,9.71,9.05,9.12,8.99,8.91,9,8.89,9.36,9.37,9.35,6706,1016
2026-01-18 17:00:00,1.28,1.09,2.14,18.07,3.12,3.89,3.39,3.71,15.26,17.58,11.81,15.32,17.65,11.78,15.27,17.64,11.61,12.12,13.15,10.41,10.17,10.2,10.1,8.82,8.96,8.67,8.79,8.88,8.76,9.35,9.35,9.34,6818,7445
2026-01-18 16:00:00,1.51,1.28,2.57,18.88,3.51,3.9,3.41,3.62,18.37,19.15,17.11,18.67,19.45,17.29,19.09,20.01,17.36,14.06,14.43,13.27,9.94,10.1,9.72,8.53,8.66,8.41,8.67,8.77,8.64,9.35,9.37,9.34,6847,11192
2026-01-18 15:00:00,1.45,1.23,2.56,19.43,3.55,3.91,3.41,3.63,18.17,18.36,17.99,18.63,18.84,18.42,19.32,19.65,19.06,13.91,14.09,13.85,9.45,9.72,9.14,8.23,8.41,8.08,8.62,8.64,8.59,9.32,9.35,9.3,6847,11070
2026-01-18 14:00:00,1.4,1.16,2.53,20.14,3.65,3.92,3.41,3.66,17.25,17.87,16.39,18.04,18.5,17.29,18.97,19.39,18.24,13.39,13.74,12.99,8.7,9.08,8.31,7.95,8.05,7.82,8.58,8.62,8.56,9.25,9.28,9.25,6847,11164
2026-01-18 13:00:00,1.25,1.09,2.45,20.76,3.71,3.94,3.43,3.67,15.78,16.29,15.4,16.65,17.18,16.29,17.73,18.26,17.29,12.28,12.93,11.66,7.83,8.22,7.48,7.77,7.82,7.71,8.55,8.59,8.54,9.2,9.25,9.13,6844,11137
2026-01-18 12:00:00,1.13,0.96,2.2,21.24,3.84,3.97,3.5,3.67,14.82,15.64,14.05,15.42,16.45,14.45,16.32,17.53,15.16,10.54,11.49,9.84,7.06,7.36,6.76,7.75,7.82,7.7,8.46,8.54,8.42,9.04,9.13,9.01,6844,11223
2026-01-18 11:00:00,0.99,0.78,1.92,21.53,3.94,3.98,3.52,3.66,14.19,16.11,11.85,14.34,16.34,11.97,15.19,17.14,12.68,8.48,9.72,6.93,6.36,6.65,6.17,7.84,7.93,7.8,8.42,8.43,8.42,9.03,9.07,9.01,6838,11018
2026-01-18 10:00:00,0.84,0.59,1.72,21.86,3.91,4,3.45,3.61,8.87,11.02,6.29,8.95,11.17,6.17,9.52,11.86,6.54,5.21,6.6,3.82,6.04,6.11,5.97,7.98,8.05,7.92,8.52,8.54,8.47,9.12,9.13,9.09,6826,10975
2026-01-18 09:00:00,0.97,1.03,2.19,22.37,3.88,4.01,3.45,3.61,2.76,5.83,0.75,2.65,5.7,0.65,2.83,6.06,0.73,2.59,3.58,2.03,6.08,6.17,6.02,8.11,8.18,8.05,8.65,8.74,8.56,9.21,9.25,9.13,6818,8068
2026-01-18 08:00:00,1.02,1.29,2.47,22.21,3.33,3.95,3.42,3.63,0.78,0.85,0.62,0.68,0.76,0.5,0.72,0.84,0.5,2.1,2.15,2.03,6.26,6.3,6.18,8.3,8.35,8.21,8.85,9.01,8.76,9.38,9.55,9.25,6484,6760
2026-01-18 07:00:00,1.02,1.3,2.42,21.67,2.82,3.94,3.42,3.65,0.26,0.5,0.03,0.19,0.39,-0.04,0.22,0.39,0.02,2.25,2.51,2.03,6.41,6.55,6.3,8.42,8.47,8.38,9.12,9.22,9.04,9.62,9.68,9.6,6470,0
2026-01-18 06:00:00,1.01,1.26,2.35,21.51,2.57,3.89,3.41,3.61,0.7,1.09,0.4,0.63,1.04,0.37,0.67,1.1,0.38,2.88,3.32,2.51,6.77,6.91,6.64,8.53,8.58,8.49,9.24,9.27,9.22,9.72,9.74,9.71,6481,0
2026-01-18 05:00:00,1.04,1.13,2.21,21.26,2.57,3.88,3.39,3.62,2.46,3.81,1.32,2.42,3.81,1.21,2.46,3.82,1.22,4.14,4.87,3.41,7.05,7.13,6.99,8.64,8.67,8.6,9.33,9.35,9.27,9.8,9.84,9.72,6493,0
2026-01-18 04:00:00,1.08,1.04,2.08,21.25,2.59,3.88,3.38,3.64,4.16,4.29,3.91,4.14,4.28,3.82,4.24,4.4,3.93,5.09,5.14,4.96,7.13,7.13,7.12,8.76,8.82,8.7,9.39,9.45,9.35,9.84,9.85,9.84,6502,0
2026-01-18 03:00:00,1.09,1.04,2.1,21.27,2.59,3.87,3.36,3.61,4.12,4.28,3.94,4.1,4.28,3.93,4.21,4.39,4.04,4.96,5.12,4.8,7.18,7.27,7.13,8.89,8.99,8.84,9.48,9.5,9.47,9.88,9.95,9.85,6510,0
2026-01-18 02:00:00,1.1,1.13,2.19,21.25,2.6,3.84,3.33,3.58,3.47,3.93,3.28,3.41,3.86,3.22,3.51,3.96,3.33,4.62,4.75,4.53,7.38,7.48,7.33,9.03,9.12,8.99,9.57,9.6,9.53,9.96,9.96,9.93,6524,0
2026-01-18 01:00:00,1.08,1.12,2.15,21.18,2.6,3.84,3.34,3.58,3.52,3.93,3.28,3.51,3.93,3.25,3.61,4.04,3.35,4.81,5.09,4.63,7.56,7.6,7.48,9.18,9.24,9.12,9.64,9.71,9.6,9.97,10.01,9.96,6533,0
2026-01-18 00:00:00,1.13,1.07,2.12,21.22,2.57,3.83,3.31,3.59,4.06,4.16,3.94,4.04,4.14,3.93,4.18,4.28,4.04,5.12,5.18,5.01,7.7,7.78,7.6,9.35,9.46,9.25,9.72,9.72,9.72,10.03,10.06,10,6528,0
2026-01-17 23:00:00,1.15,1.17,2.12,21.28,2.58,3.81,3.3,3.6,3.37,3.88,2.77,3.32,3.82,2.75,3.46,3.96,2.86,4.75,4.98,4.46,7.92,8.07,7.83,9.53,9.59,9.47,9.79,9.84,9.72,10.07,10.08,10.05,6550,0
2026-01-17 22:00:00,1.1,1.21,2.05,21.19,2.58,3.78,3.31,3.59,2.19,2.63,1.98,2.17,2.61,1.95,2.3,2.74,2.08,4.33,4.4,4.26,8.32,8.55,8.08,9.72,9.83,9.62,9.86,9.93,9.84,10.08,10.08,10.07,6568,0
2026-01-17 21:00:00,1,1.08,1.92,21.04,2.61,3.78,3.3,3.59,2.58,2.98,2.1,2.55,2.98,2.04,2.7,3.14,2.23,4.88,5.31,4.44,8.82,9.03,8.59,9.89,9.95,9.83,9.95,9.95,9.92,10.08,10.08,10.08,6588,0
2026-01-17 20:00:00,0.92,0.93,1.85,20.92,2.65,3.75,3.31,3.58,3.23,3.38,3,3.22,3.39,2.99,3.39,3.56,3.22,5.62,5.94,5.34,9.38,9.66,9.1,10.02,10.06,9.95,9.95,9.97,9.95,10.07,10.08,10.07,6604,0
2026-01-17 19:00:00,0.86,0.8,1.67,20.8,2.63,3.76,3.31,3.59,3.82,4.53,3.34,3.85,4.63,3.35,3.99,4.73,3.56,6.51,7.12,5.97,10.02,10.32,9.72,10.14,10.18,10.07,9.95,9.97,9.95,10.06,10.08,10.03,6640,0
2026-01-17 18:00:00,0.89,0.69,1.66,20.7,2.68,3.76,3.29,3.58,6.8,8.89,4.78,6.86,9.01,4.87,6.88,9.08,4.92,8.28,9.39,7.24,10.64,10.91,10.36,10.11,10.18,10.06,9.89,9.95,9.84,10.03,10.06,10,6697,224
2026-01-17 17:00:00,1.12,0.94,2.04,21.26,2.79,3.76,3.28,3.57,13.1,15.75,9.38,13.28,15.98,9.49,13.5,16.2,9.58,11.45,12.68,9.68,10.94,11,10.91,9.98,10.06,9.91,9.84,9.84,9.83,10.01,10.04,10,6813,7591
2026-01-17 16:00:00,1.3,1.13,2.42,22.01,2.99,3.77,3.29,3.58,16.87,17.64,15.75,17.15,17.87,15.98,17.77,18.62,16.23,13.44,13.84,12.8,10.64,10.89,10.44,9.8,9.89,9.71,9.75,9.83,9.72,9.99,10.03,9.97,6847,11255
2026-01-17 15:00:00,1.14,0.95,2.22,22.31,2.88,3.79,3.29,3.58,14.1,16.23,12.67,14.29,16.45,12.8,14.74,17.07,13.13,12.01,12.91,11.49,10.28,10.44,10.14,9.64,9.71,9.59,9.72,9.72,9.72,9.98,10,9.97,6844,11290
2026-01-17 14:00:00,1.05,0.86,2.07,22.48,2.83,3.81,3.29,3.58,12.76,13.27,12.44,12.96,13.51,12.63,13.25,13.86,12.91,11.4,11.61,11.26,9.96,10.09,9.84,9.48,9.58,9.39,9.71,9.72,9.71,10,10.04,9.97,6844,11562
2026-01-17 13:00:00,1.05,0.86,2.04,22.65,2.84,3.78,3.3,3.58,12.13,12.75,11.73,12.36,12.92,11.97,12.65,13.27,12.22,11.05,11.26,10.9,9.57,9.76,9.31,9.35,9.39,9.35,9.71,9.72,9.7,10.02,10.06,10,6826,10601
2026-01-17 12:00:00,0.98,0.79,2.07,22.99,2.86,3.81,3.31,3.6,13.24,14.69,10.67,13.58,15.09,10.79,14.03,15.63,11.07,11.05,11.82,9.82,9,9.25,8.78,9.27,9.31,9.25,9.72,9.72,9.71,10.04,10.08,10.03,6826,10624
2026-01-17 11:00:00,0.87,0.68,1.98,23.06,2.79,3.82,3.33,3.6,10.71,11.3,9.93,10.89,11.5,10.07,11.15,11.85,10.2,9.47,9.72,8.88,8.61,8.78,8.45,9.3,9.35,9.26,9.72,9.72,9.72,10.06,10.07,10.03,6826,10585
2026-01-17 10:00:00,0.88,0.64,1.99,23.34,2.78,3.82,3.33,3.6,10.82,13.86,7.48,10.83,13.76,7.36,11.12,14.3,7.47,8.6,9.25,7.12,8.34,8.43,8.31,9.36,9.38,9.35,9.76,9.81,9.72,10.07,10.08,10.07,6826,8970
2026-01-17 09:00:00,0.85,0.71,2.04,23.6,2.78,3.83,3.32,3.58,5.9,6.71,5.58,5.87,6.65,5.57,5.96,6.78,5.63,6.64,6.88,6.53,8.41,8.49,8.32,9.46,9.47,9.43,9.83,9.84,9.81,10.08,10.08,10.07,6626,6949
2026-01-17 08:00:00,0.83,0.73,2.08,23.7,2.78,3.8,3.33,3.58,5.8,6.05,5.6,5.8,6.05,5.58,5.86,6.06,5.69,6.78,6.89,6.64,8.55,8.59,8.51,9.55,9.59,9.49,9.86,9.91,9.84,10.08,10.09,10.08,6493,6149
2026-01-17 07:00:00,0.93,0.67,2.15,23.77,2.81,3.8,3.31,3.59,6.34,6.43,6.08,6.33,6.41,6.09,6.34,6.45,6.14,7.07,7.12,6.92,8.66,8.68,8.64,9.65,9.71,9.59,9.95,9.95,9.92,10.09,10.12,10.08,6497,0
2026-01-17 06:00:00,0.92,0.68,2.19,23.91,2.81,3.76,3.3,3.59,6.32,6.41,6.29,6.3,6.41,6.23,6.35,6.42,6.29,7.1,7.12,7.08,8.79,8.89,8.72,9.76,9.83,9.71,9.96,10.01,9.95,10.1,10.14,10.09,6506,0
2026-01-17 05:00:00,0.94,0.71,2.25,24.35,2.85,3.77,3.27,3.59,6.25,6.3,6.08,6.22,6.29,6.06,6.3,6.39,6.17,7.08,7.12,7,8.96,9.05,8.89,9.86,9.93,9.83,10.05,10.07,9.99,10.15,10.18,10.12,6510,0
2026-01-17 04:00:00,0.9,0.76,2.29,24.5,2.84,3.75,3.29,3.57,5.98,6.24,5.82,5.95,6.18,5.81,6.01,6.22,5.82,7.08,7.38,7,9.22,9.35,9.1,9.96,10.02,9.93,10.08,10.1,10.07,10.17,10.18,10.16,6524,0
2026-01-17 03:00:00,0.96,0.77,2.38,24.51,2.85,3.7,3.31,3.59,6.66,6.83,6.29,6.64,6.78,6.29,6.75,6.97,6.31,7.76,7.94,7.47,9.42,9.49,9.37,10.06,10.09,10.05,10.17,10.18,10.13,10.15,10.18,10.13,6537,0
2026-01-17 02:00:00,0.99,0.81,2.55,24.28,2.88,3.69,3.32,3.6,7.07,7.16,6.86,7.06,7.12,6.82,7.17,7.24,6.99,8.04,8.17,7.95,9.58,9.71,9.49,10.16,10.18,10.09,10.18,10.18,10.18,10.12,10.17,10.1,6546,0
2026-01-17 01:00:00,1.01,0.82,2.61,24.46,2.84,3.67,3.32,3.6,7.33,7.36,7.24,7.28,7.36,7.22,7.39,7.47,7.33,8.27,8.42,8.18,9.78,9.85,9.72,10.26,10.3,10.18,10.22,10.25,10.18,10.08,10.1,10.08,6550,0
2026-01-17 00:00:00,1.05,0.89,2.7,24.74,2.85,3.66,3.25,3.6,7.51,7.59,7.42,7.48,7.55,7.36,7.6,7.7,7.48,8.56,8.64,8.42,9.97,10.08,9.87,10.36,10.42,10.3,10.26,10.29,10.25,10.08,10.08,10.07,6546,0
2026-01-16 23:00:00,1.03,0.85,2.71,24.8,2.76,3.64,3.24,3.62,7.54,7.62,7.48,7.54,7.6,7.48,7.7,7.83,7.59,8.71,8.79,8.64,10.18,10.32,10.08,10.48,10.54,10.42,10.27,10.29,10.26,10.02,10.08,9.96,6577,0
2026-01-16 22:00:00,1.08,0.9,2.91,25.67,2.67,3.66,3.29,3.61,7.61,7.68,7.59,7.6,7.65,7.59,7.78,7.83,7.72,8.88,8.97,8.82,10.44,10.56,10.32,10.6,10.66,10.54,10.24,10.28,10.21,9.96,9.97,9.95,6588,0
2026-01-16 21:00:00,1.15,0.99,3.07,26.19,2.62,3.63,3.33,3.62,7.83,8.17,7.71,7.81,8.07,7.69,7.94,8.18,7.83,9.11,9.26,9,10.77,10.91,10.61,10.7,10.77,10.66,10.18,10.2,10.18,9.88,9.95,9.84,6599,0
2026-01-16 20:00:00,0.97,0.77,1.9,22.29,2.62,3.53,3.31,3.64,9.34,9.95,8.3,9.25,9.84,8.18,9.25,9.84,8.28,9.7,9.96,9.35,11.15,11.37,10.95,10.77,10.78,10.77,10.13,10.18,10.07,9.82,9.84,9.75,6624,0
2026-01-16 19:00:00,0.91,0.68,1.68,21.74,2.67,3.55,3.3,3.61,9.78,9.97,9.5,9.73,9.89,9.49,9.68,9.84,9.47,10.2,10.44,10,11.58,11.85,11.38,10.77,10.79,10.77,10.01,10.07,9.95,9.73,9.77,9.72,6642,0
2026-01-16 18:00:00,0.97,0.79,1.77,21.79,2.75,3.56,3.31,3.63,11.18,12.21,10.09,11.13,12.21,10.05,11.08,12.2,9.96,11.11,11.78,10.55,12.08,12.33,11.86,10.73,10.77,10.66,9.88,9.95,9.84,9.65,9.72,9.6,6697,0
2026-01-16 17:00:00,1.07,0.87,1.93,21.94,2.81,3.63,3.32,3.63,13.67,15.27,12.42,13.73,15.4,12.41,13.8,15.58,12.38,12.79,13.74,11.95,12.47,12.57,12.33,10.56,10.66,10.43,9.72,9.83,9.63,9.6,9.6,9.6,6820,8607
2026-01-16 16:00:00,1.19,1.01,2.18,22.49,2.89,3.74,3.32,3.61,18.12,21.24,15.75,18.37,21.47,15.87,18.87,22.37,16.11,15.17,16.34,13.98,12.52,12.57,12.44,10.29,10.42,10.14,9.54,9.6,9.47,9.55,9.6,9.49,6838,10758
2026-01-16 15:00:00,1.28,1.08,2.34,22.97,2.92,3.78,3.35,3.59,19.32,21.06,18.45,19.64,21.31,18.84,20.31,22.14,19.45,15.66,16.17,15.46,12.26,12.4,12.09,9.94,10.08,9.77,9.4,9.47,9.35,9.49,9.49,9.49,6847,10971
2026-01-16 14:00:00,1.23,1.01,2.29,23.47,3.03,3.8,3.36,3.59,19.77,21.41,18.26,20.59,22.61,18.7,21.47,23.67,19.34,16.38,17.1,15.51,11.73,12.09,11.27,9.57,9.71,9.43,9.28,9.35,9.24,9.48,9.49,9.46,6847,11054
2026-01-16 13:00:00,1.21,0.95,2.3,24.27,3.23,3.82,3.38,3.65,21.66,22.97,19.18,22.57,24.14,19.62,23.46,25.18,20.12,16.46,17.29,15.04,10.68,11.15,10.24,9.27,9.35,9.13,9.23,9.24,9.2,9.42,9.47,9.39,6847,10971
2026-01-16 12:00:00,1.09,0.92,2.32,24.78,3.28,3.86,3.4,3.67,16.95,19.89,15.52,17.09,20.24,15.64,17.31,20.72,15.71,13.85,15.11,13.27,9.83,10.2,9.49,9.06,9.12,9,9.13,9.16,9.13,9.38,9.41,9.37,6840,10573
2026-01-16 11:00:00,1.04,0.87,2.38,25.25,3.35,3.87,3.4,3.67,14.52,15.64,11.97,14.44,15.72,11.73,14.52,15.75,11.88,12.14,13.03,10.67,9.15,9.42,8.95,8.99,9,8.95,9.13,9.13,9.12,9.37,9.37,9.37,6838,10577
2026-01-16 10:00:00,1.03,0.9,2.75,25.88,3.32,3.9,3.41,3.68,10.05,11.14,9.49,9.99,11.02,9.47,10.11,11.13,9.49,9.73,10.34,9.28,8.85,8.91,8.78,8.92,8.96,8.89,9.13,9.13,9.12,9.37,9.37,9.37,6824,7158
2026-01-16 09:00:00,1.04,0.91,2.76,26.09,3.29,3.91,3.42,3.69,9.09,9.37,8.87,9.05,9.32,8.78,9.14,9.39,8.89,9.01,9.25,8.84,8.78,8.78,8.78,8.88,8.91,8.88,9.11,9.13,9.1,9.37,9.37,9.37,6546,6835
2026-01-16 08:00:00,1.15,1.07,3.22,27.88,3.31,3.95,3.43,3.71,8.82,8.89,8.76,8.75,8.82,8.68,8.82,8.89,8.77,8.82,8.88,8.77,8.78,8.78,8.77,8.88,8.89,8.88,9.11,9.13,9.1,9.37,9.37,9.37,6495,6433
2026-01-16 07:00:00,1.24,1.12,3.33,28.22,3.35,3.98,3.43,3.71,8.79,8.83,8.78,8.76,8.78,8.74,8.79,8.85,8.77,8.77,8.8,8.77,8.73,8.77,8.72,8.88,8.89,8.88,9.11,9.13,9.1,9.37,9.37,9.35,6495,0
2026-01-16 06:00:00,1.35,1.28,3.62,29.41,3.4,3.97,3.44,3.69,8.71,8.78,8.66,8.67,8.72,8.64,8.74,8.77,8.66,8.76,8.77,8.71,8.67,8.71,8.66,8.88,8.89,8.88,9.13,9.13,9.1,9.37,9.37,9.37,6497,0
2026-01-16 05:00:00,1.31,1.23,3.6,28.63,3.31,3.89,3.42,3.65,8.56,8.66,8.54,8.53,8.62,8.49,8.59,8.66,8.54,8.66,8.68,8.64,8.66,8.66,8.66,8.88,8.89,8.88,9.13,9.13,9.12,9.37,9.37,9.37,6497,0
2026-01-16 04:00:00,1.25,1.16,3.4,27.01,3.2,3.86,3.39,3.62,8.44,8.53,8.39,8.4,8.43,8.3,8.48,8.54,8.42,8.56,8.64,8.53,8.66,8.66,8.66,8.9,8.93,8.88,9.13,9.13,9.12,9.37,9.37,9.35,6502,0
2026-01-16 03:00:00,1.26,1.03,3.19,26.24,3.12,3.85,3.39,3.62,8.25,8.37,8.18,8.22,8.3,8.18,8.31,8.42,8.24,8.45,8.53,8.42,8.66,8.66,8.66,8.92,8.95,8.91,9.13,9.13,9.12,9.36,9.37,9.34,6510,0
2026-01-16 02:00:00,1.23,0.99,2.95,25.09,3.06,3.85,3.39,3.62,8.14,8.18,8.07,8.11,8.18,8.05,8.18,8.26,8.09,8.37,8.42,8.31,8.66,8.66,8.66,8.97,9,8.93,9.13,9.13,9.12,9.34,9.35,9.32,6519,0
2026-01-16 01:00:00,1.08,0.82,2.17,21.13,2.66,3.82,3.39,3.64,7.91,8.07,7.8,7.86,8,7.73,7.96,8.07,7.84,8.23,8.3,8.18,8.66,8.68,8.66,9,9,9,9.13,9.13,9.13,9.28,9.31,9.26,6530,0
2026-01-16 00:00:00,0.99,0.73,1.78,19.77,2.58,3.83,3.39,3.66,7.76,7.79,7.73,7.71,7.73,7.71,7.83,7.84,7.82,8.18,8.2,8.18,8.73,8.78,8.66,9,9.02,9,9.12,9.13,9.12,9.25,9.27,9.25,6528,0
2026-01-15 23:00:00,1,0.73,1.76,19.77,2.58,3.83,3.39,3.64,7.68,7.72,7.58,7.65,7.71,7.52,7.76,7.83,7.6,8.17,8.18,8.1,8.81,8.89,8.77,9.06,9.12,9.01,9.1,9.13,9.07,9.25,9.25,9.25,6550,0
2026-01-15 22:00:00,0.99,0.75,1.77,19.79,2.59,3.82,3.4,3.64,7.52,7.61,7.47,7.49,7.59,7.37,7.57,7.71,7.47,8.15,8.29,8.06,8.94,9.02,8.89,9.11,9.12,9.1,9.04,9.08,9.01,9.21,9.24,9.13,6573,0
2026-01-15 21:00:00,0.97,0.74,1.75,19.81,2.6,3.83,3.38,3.65,7.5,7.6,7.42,7.47,7.59,7.36,7.59,7.71,7.47,8.3,8.3,8.29,9.11,9.25,9.02,9.12,9.13,9.12,9.01,9.02,9,9.14,9.18,9.13,6588,0
2026-01-15 20:00:00,0.96,0.72,1.77,19.78,2.61,3.84,3.39,3.63,7.35,7.39,7.31,7.34,7.37,7.27,7.46,7.49,7.4,8.39,8.54,8.3,9.37,9.49,9.25,9.12,9.12,9.12,8.92,8.99,8.89,9.13,9.13,9.12,6604,0
2026-01-15 19:00:00,0.94,0.66,1.71,19.77,2.63,3.84,3.38,3.65,7.77,8.42,7.26,7.76,8.42,7.25,7.88,8.54,7.38,8.95,9.41,8.54,9.66,9.76,9.54,9.06,9.12,9,8.83,8.89,8.77,9.08,9.13,9.04,6631,0
2026-01-15 18:00:00,0.9,0.69,1.76,19.87,2.67,3.85,3.4,3.68,9.18,9.84,8.54,9.19,9.84,8.54,9.3,9.96,8.66,9.93,10.41,9.47,9.88,9.96,9.84,8.92,9,8.83,8.73,8.77,8.66,9.03,9.05,9.01,6671,0
2026-01-15 17:00:00,0.93,0.73,1.81,20.06,2.75,3.88,3.39,3.67,10.88,12.09,9.97,10.93,12.21,10.03,11.08,12.4,10.1,11.05,11.76,10.51,9.88,9.96,9.76,8.7,8.79,8.6,8.62,8.64,8.56,9.01,9.02,9.01,6778,7028
2026-01-15 16:00:00,1.06,0.84,1.95,20.32,2.99,3.87,3.37,3.68,13.13,13.69,12.32,13.21,13.74,12.44,13.46,14.06,12.67,12.17,12.32,11.9,9.53,9.72,9.34,8.45,8.54,8.34,8.54,8.55,8.51,9.01,9.01,9.01,6822,8552
2026-01-15 15:00:00,1.05,0.82,1.94,20.49,2.95,3.88,3.42,3.68,12.45,13.39,11.73,12.47,13.39,11.75,12.74,13.65,12.04,11.59,12.09,11.26,9.06,9.26,8.83,8.21,8.31,8.1,8.47,8.53,8.42,9.01,9.01,9.01,6826,10853
2026-01-15 14:00:00,1.07,0.87,1.96,20.62,3.07,3.89,3.48,3.69,12.08,12.44,11.53,12.1,12.41,11.61,12.41,12.69,11.87,11.25,11.38,10.9,8.49,8.78,8.18,7.99,8.06,7.94,8.42,8.46,8.42,9.01,9.02,9.01,6826,9840
2026-01-15 13:00:00,0.94,0.76,1.9,20.77,3.05,3.9,3.48,3.7,11.22,11.74,10.79,11.2,11.77,10.79,11.46,12.09,11.02,10.29,10.87,9.85,7.85,8.13,7.6,7.84,7.93,7.8,8.42,8.42,8.42,9.01,9.02,9.01,6838,10282
2026-01-15 12:00:00,0.91,0.69,1.89,20.99,3.14,3.92,3.49,3.7,9.72,10.79,8.76,9.72,10.78,8.74,9.93,11.02,8.89,9,9.8,8.29,7.31,7.53,7.12,7.72,7.77,7.7,8.43,8.45,8.42,9.01,9.02,9.01,6824,10041
2026-01-15 11:00:00,0.93,0.67,1.89,21.16,3.24,3.92,3.43,3.71,8.05,8.78,7.36,8.03,8.78,7.28,8.18,8.92,7.43,7.67,8.22,7.09,6.89,7.02,6.76,7.7,7.73,7.7,8.5,8.54,8.45,9.02,9.04,9.01,6820,8241
2026-01-15 10:00:00,0.88,0.73,2.01,21.41,3.31,3.91,3.42,3.71,6.32,7.17,5.45,6.23,7.12,5.35,6.38,7.24,5.57,6.36,6.97,5.82,6.63,6.73,6.55,7.81,7.83,7.76,8.54,8.56,8.54,9.03,9.06,9.01,6806,7126
2026-01-15 09:00:00,0.86,0.82,2.12,21.57,3.27,3.91,3.44,3.66,4.7,5.35,4.16,4.68,5.27,4.14,4.83,5.46,4.28,5.32,5.73,4.98,6.54,6.57,6.53,7.91,7.94,7.85,8.62,8.64,8.57,9.09,9.13,9.04,6577,6878
2026-01-15 08:00:00,0.97,0.95,2.24,21.69,3.25,3.91,3.45,3.66,3.86,4.05,3.8,3.85,4.05,3.81,3.98,4.17,3.93,4.85,4.89,4.77,6.61,6.65,6.54,7.98,8.05,7.94,8.66,8.7,8.64,9.13,9.13,9.13,6486,6716
2026-01-15 07:00:00,0.96,0.96,2.28,21.75,3.33,3.92,3.41,3.66,3.86,4.05,3.72,3.85,4.01,3.71,4.01,4.16,3.9,4.85,4.96,4.76,6.65,6.65,6.65,8.09,8.17,8.05,8.76,8.77,8.72,9.14,9.18,9.13,6486,0
2026-01-15 06:00:00,0.98,0.97,2.33,21.83,3.37,3.92,3.42,3.65,3.99,4.05,3.94,3.98,4.05,3.93,4.13,4.16,4.07,4.86,4.92,4.77,6.67,6.74,6.65,8.21,8.29,8.17,8.8,8.88,8.77,9.22,9.25,9.18,6488,0
2026-01-15 05:00:00,1,1.02,2.41,22,3.37,3.88,3.42,3.65,3.76,3.96,3.45,3.74,3.94,3.45,3.86,4.07,3.57,4.61,4.75,4.44,6.79,6.89,6.75,8.36,8.41,8.29,8.89,8.89,8.87,9.25,9.25,9.24,6497,0
2026-01-15 04:00:00,1.01,1.07,2.48,22,3.35,3.9,3.41,3.66,3.45,3.69,3.34,3.44,3.69,3.34,3.55,3.79,3.43,4.49,4.63,4.4,6.95,7.01,6.89,8.49,8.53,8.41,8.95,9.01,8.89,9.25,9.27,9.25,6506,0
2026-01-15 03:00:00,1.03,1.06,2.47,22.05,3.36,3.88,3.4,3.63,3.75,3.81,3.68,3.72,3.81,3.61,3.81,3.91,3.69,4.7,4.75,4.63,7.11,7.24,7.01,8.66,8.75,8.59,9.01,9.02,9.01,9.29,9.33,9.28,6519,0
2026-01-15 02:00:00,1.08,1.12,2.55,21.99,3.29,3.87,3.4,3.62,3.6,3.68,3.57,3.56,3.58,3.49,3.62,3.69,3.57,4.66,4.75,4.63,7.37,7.48,7.26,8.82,8.88,8.76,9.07,9.13,9.02,9.34,9.35,9.33,6530,0
2026-01-15 01:00:00,1.05,1.17,2.54,21.9,3.14,3.83,3.4,3.63,2.97,3.57,2.6,2.89,3.46,2.51,2.96,3.57,2.56,4.44,4.65,4.28,7.69,7.85,7.5,9,9.12,8.89,9.17,9.24,9.13,9.34,9.37,9.32,6537,0
2026-01-15 00:00:00,1.1,1.17,2.53,21.72,2.92,3.77,3.4,3.63,3.2,3.35,2.86,3.14,3.34,2.75,3.2,3.33,2.86,4.8,4.94,4.57,8.11,8.31,7.93,9.18,9.25,9.1,9.25,9.27,9.24,9.34,9.35,9.32,6530,0
2026-01-14 23:00:00,1.15,1.2,2.47,21.23,2.64,3.67,3.38,3.65,3.62,3.99,3.34,3.53,3.91,3.26,3.57,3.93,3.33,5.28,5.6,4.98,8.57,8.78,8.34,9.37,9.47,9.27,9.34,9.35,9.29,9.27,9.31,9.25,6564,0
2026-01-14 22:00:00,1.16,1.08,2.21,21.01,2.65,3.67,3.38,3.65,4.4,4.67,4.05,4.3,4.64,3.94,4.34,4.65,4.02,6.06,6.47,5.7,9.07,9.33,8.85,9.54,9.59,9.47,9.35,9.35,9.34,9.25,9.25,9.24,6577,0
2026-01-14 21:00:00,1.07,0.93,1.89,20.9,2.72,3.65,3.39,3.65,5.32,5.6,4.76,5.27,5.58,4.69,5.33,5.63,4.76,7,7.3,6.55,9.61,9.85,9.37,9.69,9.72,9.6,9.27,9.31,9.24,9.16,9.22,9.13,6593,0
2026-01-14 20:00:00,1.02,0.84,1.82,20.86,2.79,3.66,3.4,3.61,6.2,7,5.58,6.11,6.88,5.47,6.19,6.99,5.58,8,8.66,7.47,10.2,10.44,9.93,9.72,9.72,9.71,9.2,9.24,9.13,9.12,9.13,9.07,6613,0
2026-01-14 19:00:00,0.97,0.72,1.8,21.08,2.78,3.7,3.4,3.66,7.89,8.97,7.12,7.89,9.01,7.01,7.96,9.05,7.12,9.56,10.41,8.79,10.7,10.91,10.48,9.68,9.71,9.6,9.07,9.13,9.01,9.02,9.09,9.01,6644,0
2026-01-14 18:00:00,0.97,0.81,1.92,21.47,2.8,3.74,3.39,3.65,11.09,12.68,9.25,11.09,12.67,9.26,11.13,12.68,9.37,11.48,12.2,10.55,10.98,11.03,10.91,9.54,9.6,9.47,8.94,9.01,8.89,8.99,9.01,8.93,6697,0
2026-01-14 17:00:00,1.04,0.84,2.03,21.6,2.84,3.76,3.39,3.64,13.13,13.26,12.82,13.1,13.26,12.8,13.19,13.34,12.87,12.51,12.68,12.31,11.03,11.03,11.03,9.33,9.47,9.22,8.8,8.88,8.76,8.9,8.93,8.89,6820,7544
2026-01-14 16:00:00,1.09,0.93,2.09,21.67,2.97,3.81,3.4,3.63,14.31,15.75,13.26,14.31,15.64,13.27,14.4,15.77,13.39,13.34,13.9,12.8,10.86,11.01,10.67,9.04,9.18,8.89,8.65,8.74,8.62,8.89,8.89,8.89,6818,8568
2026-01-14 15:00:00,1.11,0.98,2.12,21.86,3.08,3.83,3.39,3.62,15.68,15.85,15.49,15.61,15.75,15.42,15.7,15.87,15.52,13.76,13.86,13.62,10.45,10.67,10.22,8.75,8.88,8.64,8.54,8.56,8.54,8.87,8.89,8.85,6824,10104
2026-01-14 14:00:00,1.09,0.96,2.1,22.04,3.11,3.84,3.46,3.64,15.72,15.99,15.51,15.68,15.96,15.41,15.77,16.02,15.52,13.61,13.64,13.58,9.9,10.2,9.6,8.46,8.56,8.34,8.45,8.54,8.42,8.81,8.84,8.78,6826,9273
2026-01-14 13:00:00,1.09,0.96,2.14,22.29,3.19,3.87,3.48,3.66,16.76,17.5,15.99,16.82,17.54,16.14,17.06,17.87,16.25,13.49,13.87,12.56,9.1,9.49,8.74,8.22,8.31,8.16,8.42,8.42,8.41,8.78,8.79,8.78,6826,9517
2026-01-14 12:00:00,1.11,0.97,2.13,22.53,3.32,3.89,3.48,3.66,15.92,17.24,15.11,16.24,17.65,15.4,16.73,18.44,15.75,11.99,12.56,11.28,8.34,8.66,8.07,8.06,8.14,8.05,8.39,8.42,8.37,8.78,8.78,8.78,6826,10715
2026-01-14 11:00:00,0.96,0.78,2,22.64,3.58,3.88,3.48,3.66,12.13,15.24,10.79,12.04,15.29,10.67,12.23,15.75,10.79,9.86,11.09,9.45,7.82,8.04,7.6,8.03,8.05,8.02,8.37,8.39,8.35,8.78,8.78,8.77,6840,10853
2026-01-14 10:00:00,0.96,0.73,2.13,22.82,3.8,3.89,3.48,3.66,9.57,10.91,7.95,9.4,10.73,7.83,9.51,10.79,7.95,8.4,9.35,7.43,7.5,7.6,7.47,8.04,8.05,8.02,8.35,8.39,8.34,8.77,8.78,8.75,6822,7335
2026-01-14 09:00:00,1.01,0.89,2.31,23.08,3.81,3.89,3.49,3.66,6.48,7.59,5.82,6.38,7.5,5.7,6.42,7.59,5.7,6.67,7.22,6.38,7.52,7.6,7.48,8.05,8.05,8.05,8.36,8.39,8.34,8.76,8.78,8.74,6550,6858
2026-01-14 08:00:00,1.03,0.88,2.29,23.29,3.8,3.89,3.49,3.66,6.84,7.24,6.06,6.73,7.12,5.93,6.71,7.12,5.89,6.98,7.19,6.56,7.6,7.6,7.6,8.05,8.06,8.05,8.38,8.39,8.35,8.75,8.78,8.72,6495,6720
2026-01-14 07:00:00,1.02,0.91,2.32,23.53,3.8,3.89,3.49,3.67,7.03,7.22,6.8,6.92,7.12,6.66,6.92,7.12,6.65,7.06,7.13,6.99,7.63,7.7,7.6,8.05,8.08,8.05,8.37,8.38,8.34,8.73,8.75,8.7,6493,0
2026-01-14 06:00:00,1.03,0.87,2.34,23.69,3.76,3.9,3.49,3.7,7.27,7.48,7,7.15,7.36,6.81,7.14,7.36,6.86,7.24,7.37,7.01,7.72,7.72,7.7,8.08,8.12,8.06,8.36,8.38,8.35,8.69,8.72,8.68,6495,0
2026-01-14 05:00:00,1.03,0.84,2.37,24.04,3.79,3.91,3.49,3.7,7.33,7.47,7.24,7.23,7.36,7.12,7.25,7.36,7.12,7.33,7.43,7.24,7.72,7.74,7.72,8.13,8.16,8.1,8.35,8.37,8.32,8.67,8.7,8.66,6497,0
2026-01-14 04:00:00,1.05,0.84,2.46,24.34,3.8,3.91,3.49,3.7,7.31,7.38,7.24,7.22,7.29,7.12,7.24,7.33,7.14,7.33,7.35,7.31,7.79,7.84,7.73,8.17,8.17,8.16,8.32,8.35,8.3,8.66,8.66,8.66,6502,0
2026-01-14 03:00:00,1.04,0.92,2.49,24.57,3.79,3.93,3.49,3.69,6.93,7.24,6.74,6.83,7.12,6.64,6.86,7.13,6.64,7.17,7.25,7.12,7.89,7.95,7.84,8.17,8.17,8.17,8.3,8.31,8.3,8.66,8.66,8.64,6510,0
2026-01-14 02:00:00,1.01,0.97,2.65,24.78,3.79,3.93,3.48,3.71,7.1,7.21,7,7.01,7.1,6.87,7.01,7.11,6.88,7.38,7.48,7.24,8.02,8.07,7.95,8.17,8.18,8.17,8.3,8.3,8.3,8.61,8.66,8.57,6519,0
2026-01-14 01:00:00,1.07,1.07,3.02,25.03,3.79,3.94,3.48,3.71,7.57,8.02,7.14,7.47,7.95,7.08,7.46,7.94,7.07,7.74,8.05,7.48,8.15,8.2,8.07,8.17,8.18,8.17,8.29,8.3,8.27,8.55,8.57,8.54,6530,0
2026-01-14 00:00:00,1.06,1.3,3.26,25.5,3.79,3.95,3.47,3.7,8.27,8.43,8.07,8.18,8.41,7.95,8.18,8.41,7.95,8.18,8.34,8.06,8.24,8.29,8.18,8.17,8.17,8.17,8.2,8.24,8.18,8.54,8.54,8.53,6528,0
2026-01-13 23:00:00,1.11,1.38,3.45,26.25,3.78,3.96,3.48,3.71,8.44,8.54,8.38,8.36,8.42,8.3,8.38,8.45,8.3,8.42,8.47,8.39,8.3,8.31,8.29,8.16,8.17,8.14,8.16,8.18,8.1,8.46,8.51,8.42,6550,0
2026-01-13 22:00:00,1.14,1.43,3.59,25.8,3.75,3.98,3.49,3.73,8.61,8.76,8.54,8.52,8.66,8.42,8.54,8.68,8.43,8.52,8.64,8.43,8.31,8.31,8.31,8.09,8.14,8.05,8.07,8.1,8.06,8.42,8.42,8.42,6573,0
2026-01-13 21:00:00,1.2,1.42,3.57,21.34,3.71,3.95,3.49,3.73,8.42,8.78,8.18,8.34,8.66,8.07,8.38,8.75,8.07,8.46,8.63,8.39,8.37,8.43,8.31,8.05,8.05,8.04,7.98,8.06,7.94,8.38,8.42,8.33,6588,0
2026-01-13 20:00:00,1.06,1.15,3.16,18.75,3.67,3.9,3.48,3.73,8.42,8.66,8.18,8.33,8.56,8.09,8.36,8.6,8.1,8.6,8.79,8.42,8.5,8.55,8.43,7.97,8.05,7.94,7.89,7.94,7.83,8.31,8.33,8.3,6595,0
2026-01-13 19:00:00,1.06,1.13,3.26,18.74,3.66,3.92,3.48,3.71,9.08,9.38,8.67,9.01,9.32,8.66,9.02,9.29,8.66,9.13,9.35,8.89,8.6,8.66,8.55,7.84,7.94,7.74,7.78,7.83,7.71,8.3,8.3,8.3,6624,0
2026-01-13 18:00:00,1.01,0.99,2.89,18.07,3.68,3.94,3.49,3.7,9.81,10.61,9.39,9.75,10.55,9.35,9.72,10.43,9.35,9.73,10.18,9.37,8.66,8.66,8.66,7.63,7.71,7.55,7.64,7.71,7.59,8.27,8.3,8.22,6648,0
2026-01-13 17:00:00,1.08,0.96,2.3,15.6,3.65,3.94,3.49,3.69,13.18,14.45,11.14,13.02,14.22,11,12.87,14.16,10.79,11.08,11.69,10.31,8.5,8.64,8.32,7.38,7.49,7.23,7.52,7.59,7.47,8.23,8.27,8.21,6706,4081
2026-01-13 16:00:00,1.11,0.97,2.12,15.44,3.71,3.98,3.51,3.7,14.92,15.06,14.63,14.74,14.92,14.45,14.7,14.9,14.33,11.79,11.91,11.61,8.06,8.31,7.84,7.09,7.23,6.99,7.41,7.47,7.35,8.21,8.22,8.18,6820,8383
2026-01-13 15:00:00,1.08,0.89,2.09,15.41,3.77,4,3.53,3.71,13.63,14.81,12.8,13.52,14.69,12.73,13.49,14.67,12.68,10.85,11.49,10.43,7.6,7.82,7.38,6.81,6.97,6.69,7.35,7.35,7.35,8.2,8.24,8.18,6822,9277
2026-01-13 14:00:00,1.05,0.86,2.08,15.5,3.82,4.01,3.53,3.71,13.39,13.85,12.92,13.33,13.74,12.8,13.36,13.86,12.8,10.68,10.87,10.49,7.07,7.36,6.77,6.54,6.64,6.4,7.35,7.35,7.35,8.18,8.21,8.18,6818,7303
2026-01-13 13:00:00,1.06,0.86,2.09,15.74,3.9,4.03,3.54,3.72,13.1,13.62,12.83,13.08,13.62,12.8,13.25,13.74,12.91,10.2,10.67,9.84,6.39,6.7,6.07,6.32,6.4,6.28,7.35,7.35,7.35,8.14,8.18,8.07,6826,10632
2026-01-13 12:00:00,0.95,0.79,2.02,15.82,3.97,4.04,3.57,3.74,11.04,12.45,10.52,11.03,12.44,10.54,11.16,12.71,10.67,8.71,9.6,8.18,5.83,6.05,5.68,6.31,6.39,6.28,7.23,7.35,7.01,7.9,8.07,7.71,6838,10782
2026-01-13 11:00:00,0.98,0.82,2.06,16.04,4.03,4.03,3.59,3.74,12.15,15.25,10.27,12.23,15.28,10.31,12.52,15.75,10.39,8.12,8.3,7.95,5.23,5.6,4.87,6.4,6.4,6.38,7.04,7.11,7,7.72,7.76,7.71,6826,10266
2026-01-13 10:00:00,0.89,0.66,2.01,16.73,4.18,4.06,3.61,3.74,12.24,14.81,7.71,12.09,14.81,7.36,12.52,15.38,7.59,5.71,7.71,3.22,4.59,4.79,4.48,6.49,6.55,6.41,7.13,7.18,7.12,7.82,7.83,7.78,6842,11089
2026-01-13 09:00:00,0.85,0.98,2.73,17.65,4.26,4.08,3.56,3.7,2.3,6.65,-0.55,2.04,6.29,-0.78,2.08,6.53,-0.9,1.22,2.86,0.26,4.51,4.58,4.44,6.64,6.75,6.55,7.3,7.35,7.2,7.89,7.95,7.83,6824,9458
2026-01-13 08:00:00,0.92,1.24,3.12,17.75,4.21,4.08,3.54,3.69,-0.35,-0.21,-0.45,-0.54,-0.41,-0.66,-0.7,-0.55,-0.87,0.35,0.38,0.26,4.67,4.71,4.64,6.82,6.87,6.75,7.44,7.56,7.35,8.04,8.18,7.95,6486,6756
2026-01-13 07:00:00,0.94,1.21,3.06,17.6,4.2,4.04,3.51,3.72,-0.2,0,-0.54,-0.38,-0.19,-0.72,-0.48,-0.31,-0.82,0.59,0.74,0.38,4.66,4.73,4.64,6.96,6.99,6.88,7.73,7.86,7.59,8.32,8.42,8.18,6481,0
2026-01-13 06:00:00,0.97,1.2,3.01,17.45,4.16,4,3.49,3.73,0.22,0.62,-0.07,0.07,0.51,-0.24,0,0.5,-0.35,0.99,1.21,0.8,4.79,4.88,4.69,7.13,7.23,7.02,7.93,7.96,7.88,8.45,8.53,8.42,6488,0
2026-01-13 05:00:00,0.97,1.21,3.02,17.31,4.13,3.99,3.48,3.73,0.49,0.74,0.13,0.34,0.62,-0.07,0.29,0.6,-0.16,1.16,1.26,1.04,5.02,5.12,4.88,7.34,7.46,7.23,8.05,8.08,8,8.54,8.56,8.53,6497,0
2026-01-13 04:00:00,0.97,1.25,2.98,17.06,4.1,3.97,3.49,3.71,-0.39,0.11,-0.78,-0.55,-0.07,-0.9,-0.59,-0.18,-0.9,1,1.09,0.97,5.33,5.47,5.19,7.53,7.6,7.46,8.15,8.18,8.08,8.63,8.66,8.57,6506,0
2026-01-13 03:00:00,0.97,1.25,2.75,16.01,4.02,3.96,3.48,3.7,-0.47,-0.14,-0.77,-0.58,-0.31,-0.89,-0.57,-0.3,-0.87,1.31,1.57,1.09,5.71,5.92,5.54,7.71,7.81,7.63,8.24,8.3,8.18,8.66,8.68,8.66,6519,0
2026-01-13 02:00:00,1,1.25,2.62,15.12,3.45,3.92,3.48,3.68,0.24,0.48,-0.07,0.11,0.36,-0.19,0.09,0.36,-0.19,1.93,2.24,1.65,6.11,6.3,5.94,7.88,7.94,7.82,8.3,8.3,8.3,8.75,8.78,8.7,6533,0
2026-01-13 01:00:00,1.02,1.22,2.5,14.53,2.78,3.92,3.49,3.68,0.97,1.47,0.5,0.86,1.36,0.38,0.87,1.35,0.39,2.65,3.09,2.27,6.51,6.66,6.3,8.03,8.14,7.94,8.34,8.41,8.3,8.78,8.78,8.77,6542,0
2026-01-13 00:00:00,1.07,1.17,2.29,14.1,2.6,3.83,3.5,3.68,2.29,2.86,1.67,2.16,2.72,1.56,2.17,2.72,1.52,3.56,3.92,3.14,6.88,7.02,6.76,8.21,8.29,8.16,8.42,8.42,8.39,8.77,8.78,8.75,6533,0
2026-01-12 23:00:00,1.09,1.18,2.14,13.77,2.62,3.78,3.49,3.7,2.33,2.82,1.92,2.23,2.63,1.85,2.28,2.71,1.92,3.82,3.92,3.73,7.3,7.52,7.09,8.38,8.42,8.29,8.44,8.47,8.42,8.72,8.75,8.7,6550,0
2026-01-12 22:00:00,1.01,1.07,1.94,13.63,2.62,3.76,3.47,3.71,2.04,2.27,1.85,1.98,2.2,1.8,2.04,2.27,1.85,4.08,4.4,3.81,7.81,8.07,7.6,8.52,8.6,8.43,8.5,8.54,8.47,8.66,8.68,8.66,6573,0
2026-01-12 21:00:00,0.92,0.97,1.82,13.51,2.65,3.77,3.51,3.72,2.71,2.98,2.38,2.62,2.97,2.27,2.68,3.02,2.38,4.87,5.34,4.44,8.39,8.66,8.08,8.66,8.75,8.62,8.44,8.49,8.42,8.62,8.66,8.56,6591,0
2026-01-12 20:00:00,0.86,0.81,1.66,13.47,2.69,3.75,3.5,3.71,3.72,4.4,3.11,3.67,4.3,3.04,3.75,4.4,3.1,6.01,6.64,5.44,9.06,9.37,8.77,8.76,8.76,8.75,8.33,8.42,8.3,8.53,8.55,8.51,6611,0
2026-01-12 19:00:00,0.81,0.71,1.56,13.53,2.72,3.78,3.47,3.71,5.34,6.65,4.5,5.32,6.65,4.4,5.38,6.65,4.52,7.66,8.66,6.76,9.77,10.08,9.43,8.68,8.76,8.64,8.16,8.28,8.06,8.44,8.5,8.42,6640,0
2026-01-12 18:00:00,0.95,0.73,1.66,13.6,2.78,3.81,3.46,3.7,9.73,12.8,7,9.69,12.69,7,9.58,12.55,7,10.37,11.97,8.89,10.39,10.56,10.16,8.48,8.62,8.31,7.97,8.06,7.87,8.42,8.42,8.41,6693,0
2026-01-12 17:00:00,1.2,1.03,2.06,14.13,3.04,3.88,3.46,3.69,17.32,20.01,13.44,17.16,20,13.38,17.09,20.25,13.15,14.3,16.03,12.32,10.65,10.67,10.56,8.1,8.29,7.93,7.77,7.84,7.71,8.36,8.41,8.33,6815,7292
2026-01-12 16:00:00,1.43,1.16,2.36,15.02,3.3,3.9,3.49,3.71,22.72,23.56,20.6,22.83,23.68,20.6,23.52,24.5,20.96,17.54,18,16.37,10.28,10.56,9.96,7.64,7.84,7.46,7.59,7.69,7.49,8.31,8.35,8.3,6844,10758
2026-01-12 15:00:00,1.53,1.21,2.39,15.53,3.36,3.96,3.5,3.72,23.08,23.44,22.53,23.51,23.8,23.2,24.52,24.86,24.35,17.91,18.02,17.64,9.37,9.85,8.88,7.14,7.4,6.94,7.46,7.49,7.39,8.3,8.31,8.3,6847,10837
2026-01-12 14:00:00,1.44,1.26,2.43,15.8,3.4,3.99,3.54,3.7,20.89,22.27,19.29,21.79,23,20.42,22.97,24.27,21.44,16.41,17.51,15.3,8.19,8.77,7.61,6.73,6.88,6.58,7.38,7.43,7.35,8.23,8.3,8.18,6847,10806
2026-01-12 13:00:00,1.33,1.12,2.4,16.03,3.46,4.01,3.58,3.72,19.04,19.74,18.1,20.09,20.84,19.06,21.25,22.05,20.24,14.44,15.16,13.25,6.93,7.5,6.39,6.45,6.52,6.4,7.35,7.36,7.35,8.12,8.18,8.05,6847,11026
2026-01-12 12:00:00,1.16,0.97,2.28,16.25,3.55,4.03,3.6,3.73,16.29,18,13.98,17.08,18.95,14.57,18.05,20.12,15.28,11.31,12.99,9.72,5.94,6.3,5.59,6.39,6.4,6.37,7.19,7.35,7.06,7.88,8,7.81,6847,11050
2026-01-12 11:00:00,1.03,0.89,2.11,16.54,3.66,4.03,3.62,3.74,14.43,15.18,13.68,14.84,15.64,14.16,15.7,16.59,14.92,8.79,9.58,7.47,5.12,5.54,4.76,6.41,6.46,6.4,7.11,7.12,7.07,7.82,7.83,7.81,6844,11239
2026-01-12 10:00:00,0.88,0.68,2.02,17.23,3.81,4.08,3.6,3.72,11.23,13.86,6.77,11.17,14.09,6.41,11.69,14.81,6.63,5.07,7.12,2.74,4.54,4.73,4.44,6.53,6.63,6.46,7.18,7.26,7.12,7.86,7.92,7.83,6840,11089
2026-01-12 09:00:00,0.84,1.02,2.73,18.05,3.84,4.09,3.59,3.7,1.65,5.82,-1.03,1.45,5.58,-1.21,1.56,5.74,-1.22,0.99,2.4,0.23,4.55,4.64,4.46,6.69,6.75,6.63,7.33,7.35,7.26,7.95,7.98,7.95,6818,8166
2026-01-12 08:00:00,0.86,1.24,3.03,18.09,3.82,4.09,3.55,3.71,-1.16,-1.04,-1.26,-1.31,-1.25,-1.37,-1.36,-1.26,-1.45,0.26,0.38,0.2,4.76,4.88,4.64,6.83,6.92,6.75,7.44,7.51,7.36,8.06,8.09,8.02,6470,6732
2026-01-12 07:00:00,0.87,1.24,3.02,17.98,3.78,4.04,3.55,3.66,-0.76,-0.55,-1.03,-0.94,-0.76,-1.23,-0.97,-0.7,-1.26,0.56,0.72,0.38,4.97,5.12,4.88,7.01,7.11,6.95,7.58,7.61,7.55,8.17,8.2,8.1,6468,0
2026-01-12 06:00:00,0.91,1.25,3.01,17.89,3.76,4.04,3.52,3.68,-0.5,-0.43,-0.6,-0.65,-0.55,-0.78,-0.68,-0.61,-0.78,0.82,0.97,0.73,5.17,5.24,5.12,7.17,7.23,7.11,7.72,7.8,7.66,8.28,8.3,8.21,6470,0
2026-01-12 05:00:00,0.92,1.23,2.96,17.72,3.74,4.02,3.49,3.69,-0.22,-0.09,-0.43,-0.37,-0.3,-0.55,-0.43,-0.31,-0.58,1.09,1.21,0.97,5.33,5.35,5.26,7.35,7.46,7.25,7.89,8.05,7.82,8.45,8.6,8.34,6484,0
2026-01-12 04:00:00,0.95,1.21,2.87,17.52,3.71,3.98,3.49,3.73,0.09,0.27,-0.09,-0.05,0.14,-0.31,-0.08,0.11,-0.31,1.43,1.57,1.26,5.36,5.47,5.26,7.49,7.58,7.46,8.16,8.2,8.06,8.67,8.72,8.66,6495,0
2026-01-12 03:00:00,0.95,1.23,2.77,17.22,3.68,3.98,3.5,3.69,0.61,1.09,0.26,0.47,0.93,0.14,0.43,0.85,0.09,1.85,2.08,1.67,5.63,5.76,5.5,7.65,7.7,7.58,8.28,8.3,8.2,8.77,8.78,8.72,6506,0
2026-01-12 02:00:00,1.02,1.23,2.63,16.14,3.61,3.95,3.51,3.69,1.2,1.56,0.95,1.04,1.36,0.76,0.95,1.3,0.73,2.23,2.29,2.15,5.92,6.06,5.81,7.8,7.9,7.71,8.31,8.35,8.3,8.78,8.79,8.78,6522,0
2026-01-12 01:00:00,1.06,1.2,2.56,15.47,3.11,3.92,3.51,3.67,1.39,1.64,1.04,1.23,1.44,0.91,1.14,1.33,0.85,2.56,2.73,2.35,6.25,6.42,6.07,7.95,8.02,7.9,8.37,8.39,8.33,8.84,8.89,8.8,6533,0
2026-01-12 00:00:00,1.08,1.22,2.46,14.84,2.76,3.93,3.5,3.67,1.43,1.47,1.39,1.31,1.37,1.22,1.29,1.44,1.21,2.92,3.1,2.74,6.61,6.77,6.42,8.1,8.17,8.05,8.41,8.42,8.37,8.89,8.89,8.89,6524,0
2026-01-11 23:00:00,1.06,1.12,2.2,14.56,2.78,3.89,3.52,3.67,1.71,2.04,1.44,1.63,1.99,1.34,1.69,2.03,1.41,3.42,3.69,3.15,7.02,7.24,6.8,8.24,8.29,8.17,8.43,8.47,8.42,8.88,8.89,8.87,6550,0
2026-01-11 22:00:00,1,1.11,1.97,14.42,2.79,3.88,3.48,3.68,2.25,2.51,2.08,2.18,2.5,2.04,2.27,2.57,2.07,4.01,4.29,3.77,7.5,7.72,7.3,8.38,8.41,8.3,8.49,8.53,8.45,8.82,8.87,8.79,6573,0
2026-01-11 21:00:00,0.92,0.94,1.87,14.29,2.78,3.9,3.49,3.7,2.87,3.14,2.62,2.79,3.1,2.52,2.9,3.22,2.63,4.73,5.12,4.4,7.99,8.24,7.74,8.46,8.53,8.41,8.47,8.52,8.42,8.78,8.78,8.77,6591,0
2026-01-11 20:00:00,0.86,0.84,1.75,14.19,2.81,3.9,3.51,3.68,3.63,3.99,3.23,3.57,3.93,3.22,3.67,4.04,3.31,5.64,6.17,5.2,8.53,8.78,8.31,8.53,8.53,8.53,8.39,8.42,8.31,8.76,8.78,8.74,6608,0
2026-01-11 19:00:00,0.81,0.71,1.6,14.16,2.86,3.91,3.49,3.71,4.88,5.8,4.16,4.86,5.82,4.1,4.94,5.89,4.17,7,7.83,6.28,9.12,9.38,8.84,8.47,8.53,8.41,8.25,8.3,8.18,8.68,8.74,8.66,6640,0
2026-01-11 18:00:00,0.88,0.67,1.67,14.16,2.92,3.92,3.47,3.7,8.06,10.65,6.02,8.14,10.66,6.06,8.16,10.63,6.16,9.26,10.65,8.06,9.64,9.84,9.43,8.27,8.41,8.17,8.09,8.18,8.06,8.66,8.67,8.66,6693,0
2026-01-11 17:00:00,1.17,0.99,2.02,14.6,3.27,3.92,3.47,3.69,15.54,17.82,11.3,15.35,17.65,11.27,15.19,17.75,11.22,12.71,14.12,10.9,9.83,9.85,9.72,7.94,8.1,7.77,7.94,8.03,7.88,8.66,8.66,8.66,6818,7095
2026-01-11 16:00:00,1.46,1.26,2.52,15.51,3.54,3.93,3.48,3.69,20.22,21.31,17.87,20.45,21.53,18.04,20.93,22.03,18.24,15.56,15.89,14.45,9.42,9.72,9.06,7.55,7.71,7.37,7.82,7.84,7.77,8.66,8.66,8.66,6847,10821
2026-01-11 15:00:00,1.51,1.35,2.61,16.05,3.66,3.98,3.49,3.7,19.82,20.68,18.82,20.28,21,19.42,21.13,21.66,20.36,15.42,15.74,14.77,8.55,9.02,8.07,7.14,7.34,6.99,7.73,7.78,7.71,8.6,8.66,8.55,6844,10849
2026-01-11 14:00:00,1.38,1.17,2.55,16.39,3.77,4.01,3.51,3.71,17.08,18.12,15.98,17.99,18.83,17.04,19.04,19.77,18.12,13.86,14.55,12.91,7.46,7.96,6.9,6.8,6.99,6.66,7.71,7.71,7.71,8.54,8.55,8.52,6847,10987
2026-01-11 13:00:00,1.25,1.05,2.39,16.67,3.88,4.02,3.55,3.73,14.77,15.75,13.79,15.84,16.82,14.81,16.95,17.87,15.99,11.63,12.68,10.54,6.43,6.87,6.06,6.67,6.75,6.63,7.62,7.71,7.47,8.32,8.45,8.18,6844,11129
2026-01-11 12:00:00,1.02,0.86,2.09,16.99,3.96,4.06,3.54,3.68,11.74,13.62,10.08,12.55,14.67,10.67,13.41,15.77,11.14,8.56,10.22,6.95,5.7,6.06,5.35,6.75,6.75,6.74,7.46,7.47,7.43,8.17,8.18,8.14,6844,11168
2026-01-11 11:00:00,0.86,0.66,1.98,17.43,4.04,4.07,3.55,3.7,7.22,9.84,4.42,7.38,10.32,4.4,7.77,10.87,4.64,5.43,6.76,3.92,5.05,5.33,4.86,6.78,6.87,6.75,7.52,7.59,7.47,8.19,8.25,8.18,6842,11389
2026-01-11 10:00:00,0.77,0.84,2.42,18.17,4.11,4.06,3.58,3.72,2.47,3.65,1.44,2.42,3.57,1.44,2.68,3.81,1.61,2.66,3.57,1.8,4.74,4.85,4.65,6.92,6.99,6.87,7.6,7.68,7.58,8.26,8.3,8.21,6826,10443
2026-01-11 09:00:00,0.83,1.09,2.89,18.74,4.12,4.04,3.54,3.72,0.31,1.33,-1.31,0.23,1.33,-1.45,0.33,1.5,-1.43,0.75,1.64,0.02,4.73,4.76,4.66,7.08,7.16,6.99,7.76,7.83,7.69,8.36,8.42,8.3,6662,6980
2026-01-11 08:00:00,0.84,1.26,3.09,18.78,4.09,4.03,3.51,3.7,-1.69,-1.48,-1.77,-1.82,-1.6,-1.9,-1.82,-1.6,-1.89,-0.03,0.02,-0.08,4.93,5.06,4.81,7.29,7.46,7.19,7.92,8,7.83,8.49,8.54,8.42,6466,6720
2026-01-11 07:00:00,0.85,1.26,3.08,18.67,4.06,4,3.5,3.69,-1.69,-1.49,-1.73,-1.8,-1.62,-1.85,-1.8,-1.62,-1.85,0.17,0.33,0.08,5.18,5.26,5.12,7.51,7.58,7.46,8.1,8.18,8.05,8.65,8.72,8.56,6461,0
2026-01-11 06:00:00,0.86,1.23,3.08,18.55,4.03,3.99,3.5,3.66,-1.18,-1.02,-1.45,-1.3,-1.14,-1.54,-1.32,-1.14,-1.57,0.53,0.7,0.38,5.44,5.59,5.34,7.68,7.8,7.58,8.28,8.35,8.18,8.8,8.87,8.77,6470,0
2026-01-11 05:00:00,0.89,1.22,3.03,18.42,4.03,3.97,3.49,3.65,-0.57,0.02,-1.02,-0.69,-0.09,-1.13,-0.75,-0.19,-1.14,0.95,1.21,0.73,5.69,5.83,5.59,7.9,8.01,7.82,8.45,8.54,8.39,8.92,9.01,8.89,6481,0
2026-01-11 04:00:00,0.94,1.22,2.98,18.26,4.01,4,3.44,3.66,-0.04,0.26,-0.29,-0.19,0.11,-0.43,-0.25,0.02,-0.45,1.29,1.42,1.21,5.86,5.92,5.83,8.11,8.18,8.05,8.66,8.85,8.54,9.14,9.25,9.01,6493,0
2026-01-11 03:00:00,0.95,1.23,2.98,17.96,3.95,3.95,3.45,3.65,-0.11,0.14,-0.31,-0.22,-0.01,-0.35,-0.23,-0.07,-0.39,1.57,1.75,1.44,6.09,6.29,5.94,8.33,8.41,8.22,8.89,8.91,8.88,9.29,9.37,9.25,6506,0
2026-01-11 02:00:00,0.98,1.22,2.8,17.42,3.93,3.93,3.42,3.64,0.14,0.5,-0.07,0.05,0.38,-0.18,0.04,0.38,-0.19,1.99,2.27,1.8,6.47,6.65,6.3,8.53,8.64,8.42,9,9.01,8.97,9.37,9.37,9.35,6519,0
2026-01-11 01:00:00,1,1.22,2.67,16.33,3.82,3.91,3.4,3.64,0.76,0.98,0.61,0.63,0.85,0.46,0.61,0.8,0.45,2.46,2.69,2.27,6.87,7.1,6.65,8.72,8.82,8.64,9.05,9.13,9.01,9.39,9.42,9.37,6533,0
2026-01-11 00:00:00,1.03,1.26,2.61,15.71,3.34,3.86,3.4,3.64,1.05,1.09,0.96,0.92,0.99,0.85,0.96,1.08,0.85,2.94,3.1,2.73,7.37,7.6,7.13,8.94,9.01,8.88,9.16,9.22,9.13,9.41,9.43,9.39,6524,0
2026-01-10 23:00:00,1.03,1.23,2.47,15.05,3.13,3.82,3.39,3.65,1.15,1.55,0.93,1.1,1.45,0.85,1.16,1.56,0.95,3.52,3.92,3.22,7.9,8.17,7.63,9.13,9.22,9.05,9.24,9.24,9.24,9.41,9.43,9.39,6550,0
2026-01-10 22:00:00,1.03,1.11,2.09,14.7,3.15,3.81,3.38,3.65,2.02,2.4,1.57,1.98,2.39,1.56,2.08,2.49,1.66,4.38,4.86,3.93,8.44,8.68,8.18,9.3,9.35,9.24,9.28,9.33,9.24,9.39,9.43,9.37,6573,0
2026-01-10 21:00:00,0.97,0.97,1.85,14.49,3.24,3.82,3.37,3.63,3.19,3.93,2.51,3.17,3.92,2.51,3.28,4.03,2.56,5.49,6.08,4.91,9.01,9.25,8.77,9.44,9.47,9.35,9.31,9.35,9.25,9.37,9.37,9.37,6591,0
2026-01-10 20:00:00,0.88,0.77,1.63,14.46,3.33,3.81,3.39,3.64,4.48,4.86,4.05,4.48,4.86,4.05,4.62,4.98,4.15,6.66,7.12,6.17,9.56,9.85,9.31,9.55,9.59,9.47,9.24,9.25,9.18,9.31,9.35,9.26,6613,0
2026-01-10 19:00:00,0.81,0.7,1.52,14.42,3.41,3.81,3.39,3.65,5.28,6.17,4.81,5.34,6.29,4.86,5.49,6.41,4.98,7.81,8.66,7.21,10.18,10.44,9.89,9.54,9.59,9.47,9.13,9.18,9.06,9.25,9.26,9.25,6644,0
2026-01-10 18:00:00,0.9,0.66,1.59,14.45,3.52,3.82,3.38,3.61,8.47,10.68,6.41,8.58,10.79,6.53,8.73,10.91,6.65,10.08,11.38,8.83,10.69,10.87,10.52,9.4,9.47,9.31,8.99,9.04,8.92,9.25,9.25,9.24,6702,0
2026-01-10 17:00:00,1.03,0.83,1.82,14.82,3.62,3.82,3.37,3.58,13.1,15.59,11.02,13.22,15.74,11.14,13.44,15.99,11.3,12.73,13.98,11.6,10.92,10.94,10.9,9.14,9.29,9,8.86,8.89,8.78,9.23,9.25,9.22,6815,7256
2026-01-10 16:00:00,1.27,1.05,2.2,15.27,3.99,3.86,3.39,3.6,18.28,20.48,16.11,18.47,20.81,16.23,19.06,21.69,16.58,15.5,16.7,14.21,10.73,10.91,10.44,8.8,8.99,8.64,8.76,8.77,8.71,9.2,9.24,9.18,6838,10624
2026-01-10 15:00:00,1.45,1.26,2.54,15.69,4.09,3.86,3.41,3.64,20.35,20.85,19.79,20.76,21.15,20.25,21.92,22.26,21.31,16.44,16.81,15.87,9.95,10.39,9.49,8.49,8.64,8.38,8.66,8.71,8.64,9.18,9.2,9.14,6844,10845
2026-01-10 14:00:00,1.36,1.06,2.36,15.92,3.93,3.87,3.41,3.66,17.74,19.43,15.06,18.54,20.02,15.87,19.82,21.3,17.04,14.48,15.63,12.78,8.91,9.37,8.52,8.23,8.31,8.17,8.64,8.64,8.64,9.16,9.18,9.14,6847,10837
2026-01-10 13:00:00,1.01,0.8,1.89,15.75,3.64,3.9,3.42,3.67,11.98,14.22,11.03,12.22,14.93,11.15,12.84,15.87,11.69,11.14,12.21,10.67,8.09,8.43,7.75,8.06,8.14,8.01,8.64,8.64,8.64,9.14,9.17,9.14,6844,10991
2026-01-10 12:00:00,0.89,0.67,1.8,15.82,3.54,3.89,3.43,3.68,9.58,11.5,8.54,9.65,11.61,8.64,10.06,12.2,9,9.24,10.55,8.47,7.47,7.72,7.25,7.98,8.05,7.96,8.64,8.64,8.64,9.14,9.16,9.13,6838,10747
2026-01-10 11:00:00,0.89,0.69,1.76,15.88,3.46,3.9,3.44,3.68,7.1,8.3,5.79,7.1,8.31,5.71,7.38,8.68,5.97,7.36,8.3,6.47,7.07,7.22,7,8.03,8.05,7.98,8.68,8.75,8.64,9.14,9.16,9.13,6826,10609
2026-01-10 10:00:00,0.86,0.8,1.9,15.95,3.38,3.91,3.41,3.68,5.11,5.69,4.55,5.1,5.59,4.56,5.38,5.94,4.78,6.01,6.41,5.58,6.9,6.95,6.89,8.1,8.17,8.05,8.76,8.77,8.74,9.16,9.18,9.14,6813,7134
2026-01-10 09:00:00,1,0.92,2.13,16.03,3.35,3.9,3.43,3.65,4.27,4.52,4.05,4.28,4.52,4.05,4.46,4.75,4.26,5.3,5.53,5.12,6.89,6.89,6.89,8.19,8.27,8.17,8.78,8.82,8.77,9.21,9.25,9.2,6542,6839
2026-01-10 08:00:00,1.03,0.96,2.25,16,3.27,3.85,3.41,3.64,3.98,4.05,3.94,3.97,4.05,3.94,4.16,4.16,4.16,5.06,5.12,5,6.94,7.01,6.89,8.32,8.41,8.28,8.83,8.88,8.77,9.25,9.25,9.24,6481,6441
2026-01-10 07:00:00,1.02,1.01,2.21,15.95,3.17,3.87,3.41,3.65,3.78,3.94,3.6,3.77,3.93,3.59,3.94,4.1,3.81,4.89,4.98,4.83,7.03,7.12,7.01,8.45,8.53,8.41,8.89,8.89,8.89,9.25,9.26,9.25,6475,0
2026-01-10 06:00:00,1.03,1.04,2.32,15.87,2.95,3.86,3.42,3.66,3.26,3.57,3,3.24,3.57,2.98,3.42,3.7,3.21,4.6,4.75,4.51,7.22,7.36,7.12,8.59,8.64,8.53,8.92,9,8.89,9.25,9.26,9.25,6481,0
2026-01-10 05:00:00,1,1.06,2.33,15.62,2.79,3.85,3.39,3.67,2.82,3.11,2.15,2.8,3.1,2.05,2.95,3.27,2.19,4.37,4.51,4.16,7.55,7.75,7.36,8.71,8.76,8.64,9.01,9.01,9,9.25,9.26,9.25,6484,0
2026-01-10 04:00:00,0.95,1,2.21,15.36,2.81,3.85,3.4,3.67,2.85,3.93,2.02,2.84,3.93,1.97,2.94,4.04,2.08,4.86,5.58,4.16,7.99,8.18,7.84,8.84,8.88,8.76,9.02,9.07,9.01,9.26,9.28,9.25,6493,0
2026-01-10 03:00:00,0.93,0.83,1.89,15.23,2.91,3.85,3.4,3.67,4.7,5.08,4.06,4.69,5.08,4.05,4.83,5.2,4.26,6.07,6.33,5.69,8.31,8.45,8.18,8.92,8.99,8.88,9.09,9.12,9.03,9.25,9.26,9.25,6502,0
2026-01-10 02:00:00,0.94,0.78,1.74,15.26,2.97,3.82,3.4,3.66,5.8,6.41,5.12,5.79,6.41,5.12,5.89,6.53,5.23,6.92,7.38,6.41,8.59,8.66,8.49,9,9,9,9.11,9.13,9.1,9.25,9.26,9.25,6517,0
2026-01-10 01:00:00,0.97,0.76,1.72,15.27,3.03,3.82,3.4,3.65,6.68,6.88,6.41,6.68,6.88,6.41,6.81,7.01,6.53,7.65,7.83,7.43,8.77,8.88,8.66,9.01,9.05,9,9.09,9.12,9.07,9.25,9.25,9.24,6528,0
2026-01-10 00:00:00,0.96,0.73,1.76,15.26,3.06,3.8,3.41,3.65,7.06,7.56,6.77,7.05,7.55,6.77,7.2,7.66,6.99,8.01,8.35,7.83,8.94,9.02,8.89,9.09,9.12,9.07,9.04,9.07,9.02,9.2,9.24,9.17,6528,0
2026-01-09 23:00:00,0.96,0.69,1.69,15.24,3.09,3.8,3.41,3.66,7.83,8.05,7.61,7.83,8.05,7.59,7.96,8.18,7.73,8.56,8.67,8.42,9.05,9.14,9.02,9.11,9.12,9.1,9.01,9.02,9.01,9.13,9.14,9.13,6550,0
2026-01-09 22:00:00,0.95,0.68,1.72,15.24,3.11,3.81,3.4,3.64,8.35,8.42,8.1,8.33,8.42,8.08,8.43,8.52,8.2,8.84,8.88,8.74,9.16,9.25,9.14,9.12,9.12,9.12,9,9.01,8.99,9.12,9.13,9.09,6577,0
2026-01-09 21:00:00,0.92,0.69,1.73,15.23,3.11,3.82,3.43,3.68,8.53,8.66,8.42,8.49,8.58,8.41,8.57,8.66,8.42,8.88,8.91,8.79,9.29,9.37,9.25,9.12,9.12,9.1,8.91,8.97,8.89,9.04,9.09,9.01,6591,0
2026-01-09 20:00:00,0.89,0.66,1.73,15.2,3.13,3.81,3.39,3.68,8.66,9.13,8.26,8.62,9.12,8.18,8.7,9.22,8.29,9.16,9.49,8.8,9.47,9.5,9.38,9.09,9.12,9.04,8.86,8.89,8.79,9.01,9.02,9,6608,0
2026-01-09 19:00:00,0.88,0.69,1.73,15.21,3.18,3.83,3.41,3.66,9.31,9.38,9.16,9.29,9.37,9.13,9.37,9.47,9.25,9.66,9.74,9.56,9.58,9.64,9.52,9.01,9.04,9,8.76,8.78,8.71,8.94,9.01,8.89,6631,0
2026-01-09 18:00:00,0.88,0.67,1.71,15.17,3.15,3.84,3.41,3.66,9.46,9.51,9.37,9.44,9.5,9.37,9.54,9.6,9.47,9.88,9.95,9.81,9.74,9.85,9.64,8.92,8.99,8.87,8.65,8.71,8.62,8.89,8.89,8.89,6677,0
2026-01-09 17:00:00,0.88,0.68,1.71,15.19,3.2,3.86,3.39,3.65,10.04,10.76,9.37,10.08,10.79,9.37,10.22,10.99,9.47,10.58,11.12,9.96,9.85,9.85,9.83,8.73,8.87,8.64,8.55,8.62,8.54,8.89,8.89,8.88,6782,7055
2026-01-09 16:00:00,0.92,0.74,1.76,15.3,3.25,3.85,3.46,3.64,11.23,12.09,10.78,11.32,12.21,10.79,11.53,12.44,11.01,11.54,12.08,11.14,9.68,9.83,9.49,8.51,8.64,8.41,8.45,8.54,8.42,8.86,8.89,8.84,6818,7347
2026-01-09 15:00:00,1.02,0.8,1.85,15.47,3.33,3.86,3.48,3.66,13.11,13.49,12.24,13.27,13.64,12.41,13.6,13.98,12.67,12.34,12.56,11.94,9.18,9.47,8.89,8.27,8.41,8.17,8.39,8.42,8.34,8.8,8.83,8.78,6822,8324
2026-01-09 14:00:00,0.92,0.73,1.82,15.51,3.29,3.91,3.47,3.67,11.22,12.44,10.48,11.34,12.56,10.61,11.66,12.91,10.92,11.13,11.72,10.68,8.67,8.89,8.43,8.09,8.17,8.05,8.31,8.37,8.3,8.78,8.78,8.78,6840,11038
2026-01-09 13:00:00,0.9,0.68,1.78,15.37,3.24,3.88,3.46,3.67,10.42,10.78,9.96,10.52,10.82,10.05,10.84,11.14,10.25,10.45,10.67,9.92,8.17,8.43,7.95,7.95,8.02,7.94,8.3,8.3,8.3,8.78,8.78,8.78,6826,10341
2026-01-09 12:00:00,0.91,0.67,1.75,15.26,3.19,3.9,3.47,3.68,9.59,9.96,9.13,9.61,9.97,9.1,9.79,10.2,9.25,9.34,9.84,8.85,7.73,7.93,7.6,7.88,7.94,7.83,8.3,8.3,8.3,8.78,8.78,8.77,6822,8698
2026-01-09 11:00:00,0.96,0.71,1.91,15.22,3.13,3.89,3.47,3.68,8.34,9.08,7.72,8.28,9.01,7.71,8.4,9.13,7.83,8.2,8.74,7.72,7.45,7.58,7.36,7.82,7.85,7.82,8.3,8.3,8.3,8.76,8.78,8.75,6818,8371
2026-01-09 10:00:00,1.06,0.86,2.12,15.08,2.8,3.87,3.48,3.68,7.2,7.62,6.85,7.17,7.59,6.79,7.29,7.71,6.94,7.33,7.69,7.09,7.35,7.36,7.33,7.82,7.82,7.82,8.3,8.3,8.3,8.75,8.77,8.72,6595,6902
2026-01-09 09:00:00,1.01,0.86,1.85,14.78,2.65,3.87,3.47,3.68,6.65,6.78,6.54,6.61,6.77,6.53,6.71,6.88,6.62,6.92,7.01,6.88,7.29,7.33,7.27,7.82,7.82,7.82,8.3,8.3,8.3,8.73,8.75,8.72,6506,6764
2026-01-09 08:00:00,0.92,0.75,1.53,14.61,2.64,3.88,3.47,3.71,6.51,6.54,6.44,6.47,6.53,6.41,6.55,6.62,6.53,6.82,6.87,6.76,7.27,7.29,7.26,7.82,7.82,7.82,8.3,8.3,8.3,8.72,8.75,8.7,6493,1469
2026-01-09 07:00:00,0.91,0.68,1.51,14.55,2.64,3.87,3.48,3.72,6.44,6.53,6.41,6.42,6.51,6.41,6.52,6.54,6.51,6.76,6.77,6.76,7.25,7.27,7.24,7.82,7.83,7.82,8.3,8.3,8.3,8.7,8.72,8.67,6495,0
2026-01-09 06:00:00,0.89,0.71,1.52,14.48,2.64,3.88,3.48,3.72,6.55,6.65,6.53,6.53,6.63,6.51,6.56,6.65,6.53,6.76,6.77,6.76,7.24,7.25,7.23,7.82,7.83,7.82,8.3,8.3,8.3,8.69,8.7,8.67,6497,0
2026-01-09 05:00:00,0.92,0.74,1.59,14.46,2.65,3.88,3.48,3.72,6.77,6.81,6.7,6.71,6.77,6.65,6.76,6.85,6.67,6.76,6.79,6.76,7.22,7.24,7.19,7.83,7.85,7.82,8.3,8.3,8.3,8.66,8.68,8.66,6506,0
2026-01-09 04:00:00,0.9,0.71,1.58,14.43,2.66,3.89,3.49,3.7,6.68,6.78,6.53,6.61,6.73,6.48,6.63,6.75,6.53,6.7,6.76,6.64,7.2,7.23,7.18,7.87,7.9,7.85,8.3,8.3,8.3,8.66,8.67,8.66,6515,0
2026-01-09 03:00:00,0.89,0.65,1.56,14.4,2.66,3.87,3.49,3.71,6.43,6.51,6.41,6.37,6.41,6.3,6.43,6.5,6.41,6.62,6.64,6.56,7.18,7.24,7.16,7.92,7.94,7.9,8.3,8.3,8.3,8.66,8.66,8.66,6524,0
2026-01-09 02:00:00,0.88,0.63,1.58,14.4,2.65,3.86,3.49,3.69,6.39,6.41,6.29,6.34,6.4,6.27,6.39,6.41,6.29,6.54,6.6,6.48,7.18,7.21,7.16,7.94,7.94,7.94,8.3,8.3,8.3,8.66,8.66,8.66,6537,0
2026-01-09 01:00:00,0.87,0.7,1.57,14.38,2.65,3.87,3.49,3.69,6.16,6.29,6.06,6.11,6.29,5.97,6.15,6.29,6.05,6.43,6.5,6.41,7.16,7.19,7.13,7.94,7.97,7.94,8.3,8.3,8.3,8.66,8.66,8.64,6550,0
2026-01-09 00:00:00,0.82,0.7,1.59,14.36,2.63,3.87,3.48,3.7,5.87,6.06,5.7,5.8,5.95,5.62,5.84,5.99,5.7,6.27,6.38,6.17,7.22,7.24,7.19,8.04,8.05,7.99,8.3,8.3,8.29,8.64,8.66,8.62,6542,0
2026-01-08 23:00:00,0.81,0.73,1.59,14.32,2.61,3.88,3.48,3.71,5.5,5.7,5.25,5.43,5.6,5.23,5.51,5.69,5.35,6.02,6.17,5.82,7.29,7.36,7.24,8.09,8.17,8.05,8.29,8.3,8.29,8.57,8.63,8.54,6573,0
2026-01-08 22:00:00,0.82,0.74,1.63,14.33,2.58,3.89,3.49,3.7,4.75,5.23,4.16,4.71,5.12,4.05,4.82,5.23,4.17,5.52,5.82,5.12,7.46,7.6,7.36,8.19,8.27,8.17,8.29,8.3,8.28,8.54,8.54,8.54,6577,0
2026-01-08 21:00:00,0.82,0.8,1.71,14.33,2.5,3.83,3.48,3.71,3.49,4.05,3.06,3.4,3.93,2.98,3.42,4,3.08,4.9,5.23,4.67,7.87,8.08,7.61,8.31,8.39,8.28,8.25,8.3,8.18,8.46,8.53,8.42,6595,0
2026-01-08 20:00:00,0.8,0.71,1.58,14.28,2.55,3.84,3.47,3.71,5.15,5.82,4.28,4.98,5.58,4.11,4.86,5.47,3.99,5.92,6.38,5.34,8.4,8.66,8.18,8.41,8.41,8.41,8.15,8.2,8.07,8.41,8.42,8.39,6613,0
2026-01-08 19:00:00,0.79,0.7,1.57,14.27,2.6,3.84,3.46,3.73,5.03,5.77,4.51,4.94,5.58,4.44,4.95,5.46,4.52,6.68,7.38,6.41,9.01,9.31,8.68,8.41,8.41,8.41,8.01,8.06,7.94,8.31,8.35,8.3,6644,0
2026-01-08 18:00:00,0.87,0.68,1.61,14.34,2.64,3.85,3.48,3.71,7.84,9.72,5.72,7.8,9.72,5.72,7.75,9.72,5.7,8.73,9.95,7.59,9.63,9.85,9.37,8.26,8.35,8.17,7.86,7.94,7.78,8.29,8.3,8.26,6702,0
2026-01-08 17:00:00,1.05,0.85,1.86,14.7,2.83,3.84,3.48,3.69,12.87,15.16,10.08,12.85,15.41,10.08,12.92,15.79,10.08,11.82,13.59,10.17,10.04,10.09,9.93,7.98,8.16,7.82,7.67,7.77,7.59,8.22,8.26,8.18,6809,8016
2026-01-08 16:00:00,1.36,1.15,2.37,15.23,3.25,3.82,3.49,3.68,18.73,20.01,15.69,19.09,20.37,15.9,19.95,21.31,16.34,15.63,16.32,13.93,9.85,10.08,9.6,7.58,7.79,7.43,7.52,7.59,7.47,8.18,8.2,8.18,6840,10959
2026-01-08 15:00:00,1.45,1.22,2.49,15.58,3.28,3.79,3.52,3.69,19.57,19.79,19.29,20.14,20.36,19.89,21.41,21.74,21.18,16.25,16.34,16.11,9.1,9.49,8.66,7.13,7.35,6.96,7.39,7.47,7.35,8.18,8.18,8.18,6844,11022
2026-01-08 14:00:00,1.33,1.09,2.36,15.72,3.12,3.76,3.54,3.68,18.25,19.42,16.98,19.31,20.12,18.36,20.79,21.61,19.79,15.2,15.99,14.23,8.04,8.55,7.5,6.76,6.9,6.63,7.35,7.35,7.35,8.18,8.18,8.16,6844,10904
2026-01-08 13:00:00,1.15,0.94,2.22,15.55,2.98,3.71,3.54,3.73,16.56,16.93,15.75,17.82,18.27,16.83,19.3,19.77,18.35,13.26,14.17,12.08,6.86,7.4,6.33,6.49,6.61,6.4,7.35,7.35,7.35,8.1,8.16,8.07,6844,11011
2026-01-08 12:00:00,0.95,0.78,1.84,15.5,2.81,3.69,3.56,3.73,12.76,16.11,9.49,13.34,17.18,9.59,14.28,18.59,10.08,9.7,11.76,8.1,5.93,6.3,5.62,6.35,6.4,6.3,7.35,7.35,7.35,8.07,8.07,8.05,6844,10979
2026-01-08 11:00:00,0.86,0.66,1.66,15.45,2.69,3.69,3.58,3.73,9.04,9.68,8.42,9.13,9.72,8.53,9.68,10.2,9.12,7.19,8,6.17,5.34,5.59,5.13,6.3,6.34,6.29,7.35,7.36,7.35,8.04,8.07,8.02,6838,11081
2026-01-08 10:00:00,0.86,0.8,1.82,15.59,2.53,3.69,3.59,3.73,4.3,6.99,3.22,4.3,6.91,3.22,4.56,7.24,3.4,4.45,5.51,3.81,5.08,5.12,5,6.39,6.4,6.36,7.36,7.38,7.35,8.04,8.07,8.01,6838,11271
2026-01-08 09:00:00,1.01,1.1,2.11,15.76,2.5,3.71,3.54,3.74,2.83,3.18,2.63,2.81,3.17,2.6,2.95,3.33,2.74,3.45,3.7,3.26,5.02,5.06,5,6.44,6.52,6.4,7.43,7.47,7.39,8.06,8.07,8.05,6624,6925
2026-01-08 08:00:00,1.09,1.1,2.2,15.79,2.5,3.71,3.52,3.74,2.85,2.98,2.63,2.82,2.89,2.6,2.93,2.99,2.71,3.33,3.45,3.1,5.04,5.1,5,6.55,6.63,6.52,7.47,7.47,7.46,8.07,8.07,8.06,6481,6720
2026-01-08 07:00:00,1.04,1.12,2.13,15.79,2.47,3.72,3.53,3.74,2.04,2.51,1.71,1.98,2.48,1.67,2.01,2.54,1.68,2.72,2.99,2.51,5.17,5.23,5.12,6.65,6.71,6.63,7.49,7.53,7.47,8.07,8.07,8.07,6475,0
2026-01-08 06:00:00,0.97,1.07,2.06,15.73,2.48,3.74,3.53,3.74,2.06,2.63,1.33,1.99,2.53,1.32,2.06,2.63,1.32,2.91,3.15,2.67,5.3,5.37,5.23,6.75,6.76,6.73,7.56,7.58,7.52,8.07,8.07,8.07,6481,0
2026-01-08 05:00:00,0.9,1.03,1.98,15.71,2.47,3.76,3.53,3.73,2.03,2.39,1.35,1.98,2.33,1.33,2.03,2.39,1.32,3.12,3.33,2.74,5.48,5.57,5.41,6.82,6.87,6.77,7.59,7.59,7.57,8.09,8.12,8.08,6481,0
2026-01-08 04:00:00,0.88,0.99,1.91,15.69,2.5,3.79,3.53,3.72,2.44,2.84,1.56,2.37,2.75,1.45,2.45,2.85,1.56,3.32,3.55,2.98,5.67,5.83,5.59,6.87,6.89,6.87,7.58,7.59,7.58,8.13,8.17,8.1,6488,0
2026-01-08 03:00:00,0.77,0.87,1.9,15.6,2.47,3.77,3.52,3.7,1.71,2.71,1.2,1.63,2.63,1.09,1.66,2.63,1.09,3.32,4.04,2.85,5.98,6.1,5.83,6.92,6.97,6.89,7.58,7.59,7.57,8.18,8.18,8.16,6504,0
2026-01-08 02:00:00,0.8,0.74,1.73,15.4,2.53,3.78,3.51,3.69,3.99,4.59,2.97,3.95,4.52,2.87,3.98,4.53,2.94,4.79,5.12,4.17,6.17,6.19,6.13,6.96,6.98,6.95,7.55,7.59,7.5,8.17,8.18,8.16,6519,0
2026-01-08 01:00:00,0.76,0.7,1.64,15.35,2.57,3.78,3.52,3.7,4.86,5.27,4.63,4.78,5.22,4.53,4.82,5.22,4.62,5.26,5.46,5.12,6.25,6.3,6.19,6.96,6.99,6.93,7.49,7.54,7.47,8.14,8.16,8.1,6533,0
2026-01-08 00:00:00,0.79,0.72,1.61,15.33,2.56,3.77,3.51,3.72,5.4,5.47,5.32,5.29,5.36,5.22,5.3,5.41,5.22,5.53,5.58,5.46,6.29,6.3,6.28,6.97,6.99,6.95,7.47,7.49,7.47,8.09,8.1,8.07,6528,0
2026-01-07 23:00:00,0.79,0.71,1.58,15.32,2.58,3.77,3.52,3.72,5.35,5.66,5.23,5.25,5.58,5.12,5.25,5.57,5.12,5.51,5.65,5.45,6.36,6.42,6.3,6.92,6.97,6.88,7.44,7.47,7.4,8.07,8.08,8.07,6564,0
2026-01-07 22:00:00,0.78,0.7,1.64,15.3,2.61,3.79,3.55,3.72,5.64,5.7,5.58,5.56,5.58,5.52,5.55,5.58,5.49,5.71,5.82,5.69,6.44,6.5,6.42,6.87,6.89,6.87,7.36,7.38,7.35,8.07,8.07,8.06,6577,0
2026-01-07 21:00:00,0.79,0.71,1.67,15.3,2.65,3.77,3.54,3.71,5.81,5.92,5.7,5.73,5.82,5.58,5.75,5.83,5.59,5.9,5.97,5.82,6.53,6.54,6.51,6.86,6.87,6.83,7.3,7.35,7.23,8.04,8.06,8,6595,0
2026-01-07 20:00:00,0.82,0.7,1.68,15.28,2.62,3.75,3.57,3.71,6,6.08,5.94,5.92,6.05,5.82,5.96,6.05,5.83,6.07,6.17,5.97,6.63,6.65,6.56,6.77,6.84,6.75,7.14,7.23,7.1,7.97,8.01,7.95,6611,0
2026-01-07 19:00:00,0.88,0.7,1.67,15.33,2.63,3.75,3.53,3.7,6.53,6.9,6.17,6.45,6.77,6.06,6.46,6.85,6.09,6.41,6.65,6.17,6.76,6.85,6.66,6.67,6.75,6.62,7.01,7.11,6.98,7.95,7.96,7.95,6640,0
2026-01-07 18:00:00,0.88,0.68,1.69,15.4,2.66,3.73,3.56,3.7,7.29,7.71,6.92,7.23,7.65,6.81,7.24,7.71,6.87,6.99,7.32,6.7,6.93,7.01,6.88,6.51,6.62,6.4,6.88,6.95,6.84,7.95,7.95,7.94,6684,0
2026-01-07 17:00:00,0.9,0.67,1.72,15.47,2.7,3.73,3.55,3.71,8.1,8.88,7.71,8.13,8.91,7.71,8.21,9.03,7.74,7.77,8.39,7.43,7.09,7.13,7.01,6.27,6.4,6.16,6.77,6.81,6.76,7.88,7.94,7.84,6786,7051
2026-01-07 16:00:00,0.96,0.78,1.86,15.61,2.84,3.75,3.55,3.73,11.27,14.71,9.02,11.54,15.05,9.14,11.97,15.89,9.34,10,11.73,8.54,6.98,7.13,6.77,5.92,6.1,5.75,6.76,6.76,6.76,7.83,7.84,7.82,6820,8647
2026-01-07 15:00:00,1.2,1.04,2.11,16.12,2.94,3.74,3.56,3.73,15.09,16.36,14.26,15.59,16.82,14.74,16.46,17.79,15.52,11.83,12.23,11.52,6.29,6.66,5.83,5.53,5.69,5.33,6.78,6.8,6.76,7.76,7.82,7.71,6844,11227
2026-01-07 14:00:00,1.17,0.98,2.12,16.49,2.89,3.71,3.58,3.73,14.96,15.99,13.74,15.96,16.73,14.57,17.24,18.2,15.63,11.59,12.16,11.05,5.22,5.77,4.64,5.18,5.33,5.02,6.78,6.81,6.77,7.66,7.71,7.62,6842,10538
2026-01-07 13:00:00,1.13,0.93,2.08,16.8,2.89,3.68,3.59,3.79,14.51,14.89,14.1,15.81,16.23,15.3,17.14,17.62,16.56,9.56,10.81,8.03,3.99,4.52,3.48,4.97,5.01,4.96,6.76,6.77,6.76,7.58,7.61,7.56,6844,11074
2026-01-07 12:00:00,0.95,0.74,1.9,17.14,2.83,3.71,3.61,3.78,11.92,13.74,9.49,12.88,14.93,10.18,13.88,16.11,10.88,5.47,7.64,3.22,3.12,3.42,2.93,4.99,5.05,4.98,6.66,6.75,6.64,7.6,7.71,7.55,6842,11089
2026-01-07 11:00:00,0.8,0.59,1.71,17.26,2.79,3.72,3.6,3.74,10.05,10.62,9.35,10.46,11.08,9.6,11.09,11.86,10.08,2.37,3.06,1.68,2.87,2.88,2.87,5.13,5.22,5.07,6.7,6.76,6.64,7.71,7.71,7.71,6842,11042
2026-01-07 10:00:00,0.75,0.74,2.06,16.23,2.66,3.72,3.61,3.75,6.35,8.89,1.82,6.15,8.78,1.57,6.58,9.28,1.8,0.69,1.56,-0.42,2.88,2.9,2.87,5.29,5.33,5.19,6.79,6.88,6.76,7.76,7.83,7.71,6842,11338
2026-01-07 09:00:00,0.61,1.03,1.74,12.82,2.24,3.54,3.61,3.74,-2.19,0.97,-4.51,-2.28,0.85,-4.57,-2.09,1.11,-4.42,-1.34,-0.52,-1.85,2.97,2.99,2.88,5.39,5.45,5.33,6.94,7.06,6.88,7.89,7.95,7.83,6815,7634
2026-01-07 08:00:00,0.58,1.08,1.48,12.55,2.25,3.55,3.62,3.75,-4.88,-4.61,-5.04,-4.94,-4.67,-5.06,-4.84,-4.46,-4.98,-1.94,-1.89,-1.97,3.1,3.2,2.99,5.54,5.69,5.44,7.11,7.12,7.1,8.01,8.07,7.95,6450,6709
2026-01-07 07:00:00,0.56,1.07,1.49,12.91,2.28,3.59,3.61,3.75,-4.9,-4.8,-4.96,-4.93,-4.81,-5.03,-4.82,-4.69,-4.92,-1.84,-1.81,-1.89,3.25,3.34,3.19,5.82,5.93,5.69,7.2,7.34,7.12,8.07,8.1,8.05,6435,0
2026-01-07 06:00:00,0.55,1.05,1.48,13.35,2.29,3.65,3.62,3.73,-4.75,-4.67,-4.8,-4.77,-4.67,-4.86,-4.7,-4.58,-4.8,-1.73,-1.69,-1.81,3.55,3.7,3.35,6.18,6.28,6.01,7.13,7.21,7.12,8.01,8.07,7.96,6435,0
2026-01-07 05:00:00,0.55,1.04,1.48,13.8,2.31,3.66,3.59,3.74,-4.42,-4.33,-4.62,-4.46,-4.33,-4.67,-4.34,-4.21,-4.55,-1.57,-1.5,-1.64,3.8,3.9,3.7,6.42,6.52,6.35,7.21,7.35,7.12,8.05,8.1,7.97,6457,0
2026-01-07 04:00:00,0.52,1.01,1.46,14.22,2.32,3.7,3.58,3.71,-4.24,-4.09,-4.35,-4.28,-4.15,-4.44,-4.18,-4.07,-4.33,-1.44,-1.38,-1.5,4,4.14,3.93,6.61,6.73,6.52,7.38,7.45,7.35,8.18,8.21,8.16,6470,0
2026-01-07 03:00:00,0.5,1,1.47,14.58,2.31,3.75,3.56,3.72,-4.1,-4.01,-4.19,-4.17,-4.09,-4.21,-4.07,-3.98,-4.12,-1.35,-1.3,-1.38,4.19,4.27,4.16,6.82,6.87,6.75,7.53,7.59,7.46,8.31,8.42,8.24,6484,0
2026-01-07 02:00:00,0.49,0.99,1.42,14.93,2.31,3.76,3.53,3.7,-4.01,-3.81,-4.21,-4.06,-3.83,-4.23,-3.98,-3.74,-4.21,-1.21,-1.1,-1.3,4.41,4.52,4.29,7.01,7.11,6.89,7.7,7.8,7.64,8.44,8.53,8.42,6497,0
2026-01-07 01:00:00,0.5,0.99,1.41,15.22,2.3,3.79,3.51,3.7,-3.53,-3.38,-3.74,-3.6,-3.49,-3.75,-3.48,-3.33,-3.65,-0.99,-0.91,-1.09,4.62,4.76,4.52,7.21,7.35,7.11,7.88,7.95,7.82,8.6,8.66,8.53,6515,0
2026-01-07 00:00:00,0.5,0.98,1.41,15.41,2.28,3.81,3.5,3.68,-3.27,-3.1,-3.42,-3.33,-3.15,-3.5,-3.18,-2.92,-3.39,-0.81,-0.67,-0.9,4.88,5,4.76,7.48,7.58,7.37,8.04,8.14,7.94,8.76,8.88,8.66,6506,0
2026-01-06 23:00:00,0.59,1.03,1.75,16.1,2.31,3.83,3.51,3.69,-2.89,-2.68,-3.04,-2.94,-2.78,-3.1,-2.84,-2.68,-2.91,-0.54,-0.33,-0.67,5.08,5.12,5,7.67,7.77,7.58,8.3,8.43,8.17,8.99,9.13,8.89,6546,0
2026-01-06 22:00:00,0.65,1.05,1.87,16.15,2.3,3.83,3.47,3.68,-2.27,-1.94,-2.62,-2.35,-2.02,-2.67,-2.27,-1.95,-2.6,-0.05,0.18,-0.31,5.32,5.55,5.12,7.86,7.94,7.81,8.57,8.66,8.53,9.19,9.25,9.13,6550,0
2026-01-06 21:00:00,0.62,0.98,1.81,16.1,2.32,3.87,3.48,3.67,-1.91,-1.61,-2.2,-1.97,-1.71,-2.29,-1.91,-1.7,-2.14,0.57,0.94,0.26,5.81,6.06,5.59,8.04,8.14,7.94,8.72,8.77,8.64,9.25,9.25,9.25,6577,0
2026-01-06 20:00:00,0.63,0.9,1.72,15.96,2.35,3.88,3.48,3.66,-0.46,0.49,-1.51,-0.62,0.25,-1.61,-0.67,0.12,-1.6,1.54,2.03,1.01,6.33,6.59,6.07,8.19,8.28,8.16,8.79,8.82,8.77,9.29,9.37,9.25,6604,0
2026-01-06 19:00:00,0.68,0.86,1.68,15.85,2.36,3.83,3.46,3.65,0.85,1.44,0.28,0.69,1.38,0.12,0.54,1.25,0.02,2.65,3.33,2.14,6.9,7.18,6.65,8.29,8.29,8.26,8.82,8.85,8.81,9.37,9.38,9.35,6640,0
2026-01-06 18:00:00,0.78,0.73,1.57,15.69,2.39,3.83,3.45,3.64,4.6,7.07,1.8,4.49,6.91,1.77,4.29,6.72,1.57,4.69,5.86,3.45,7.5,7.72,7.26,8.29,8.29,8.28,8.85,8.88,8.84,9.41,9.47,9.37,6697,0
2026-01-06 17:00:00,0.92,0.7,1.67,15.85,2.41,3.9,3.45,3.61,9.42,10.67,7.43,9.26,10.55,7.25,9.05,10.43,7.12,7.16,8.06,6.05,7.9,8.01,7.73,8.17,8.24,8.12,8.8,8.85,8.77,9.49,9.49,9.47,6824,7102
2026-01-06 16:00:00,1.01,0.82,1.82,16.14,2.45,3.91,3.44,3.6,11.27,13.51,9.95,11.4,13.85,10.03,11.41,13.87,9.96,8.9,9.84,8.16,8.07,8.07,8.05,8.02,8.08,7.94,8.77,8.77,8.76,9.49,9.52,9.49,6838,11077
2026-01-06 15:00:00,1.18,1.05,2.01,16.54,2.5,3.92,3.44,3.6,13.56,14.98,12.01,14.06,15.69,12.32,14.25,16,12.32,10.3,11.01,9.46,7.92,8.07,7.72,7.87,7.94,7.82,8.76,8.77,8.76,9.49,9.5,9.46,6844,11373
2026-01-06 14:00:00,1.24,1.1,2.08,17.03,2.51,3.95,3.47,3.64,14.79,15.16,14.45,15.78,16,15.57,16.19,16.45,15.98,10.77,11.02,10.55,7.51,7.72,7.36,7.73,7.81,7.7,8.69,8.76,8.63,9.37,9.47,9.25,6844,11373
2026-01-06 13:00:00,1.12,0.99,1.97,17.51,2.49,3.98,3.52,3.65,14.39,14.77,13.98,15.72,16.11,15.28,16.19,16.59,15.63,10.07,10.31,9.7,7.03,7.25,6.77,7.7,7.71,7.7,8.45,8.55,8.42,9.15,9.25,9.13,6844,11263
2026-01-06 12:00:00,1.03,0.85,1.84,18.03,2.47,3.97,3.52,3.65,13.71,14.69,12.09,14.76,16,12.8,15.28,16.58,13.27,8.51,9.55,7.47,6.43,6.68,6.18,7.77,7.82,7.72,8.45,8.51,8.42,9.14,9.18,9.13,6844,11318
2026-01-06 11:00:00,0.92,0.72,1.7,18.54,2.44,3.99,3.46,3.66,14.49,15.83,12.56,15.03,16.42,13.27,15.93,17.61,13.74,7.45,8.06,6.53,5.77,6.07,5.5,7.86,7.94,7.82,8.54,8.56,8.53,9.23,9.25,9.18,6842,11184
2026-01-06 10:00:00,0.75,0.53,1.43,19.12,2.39,4.01,3.48,3.65,11.34,14.81,6.17,11.28,15.1,5.71,11.81,16.11,5.6,3.99,6.18,1.56,5.38,5.47,5.35,8.03,8.16,7.94,8.69,8.77,8.6,9.33,9.43,9.25,6842,11034
2026-01-06 09:00:00,0.56,0.78,1.43,19.01,2.37,3.97,3.46,3.6,0.83,4.98,-2.02,0.57,4.64,-2.17,0.6,4.6,-2.08,0.35,1.32,-0.08,5.54,5.7,5.47,8.28,8.41,8.17,8.89,9.01,8.77,9.53,9.6,9.46,6818,8107
2026-01-06 08:00:00,0.59,0.91,1.66,19.14,2.4,3.96,3.44,3.57,-0.83,-0.24,-1.87,-1.03,-0.48,-2,-1.12,-0.55,-1.97,0.11,0.26,-0.07,5.82,5.97,5.71,8.53,8.64,8.41,9.13,9.24,9.01,9.71,9.83,9.6,6475,6728
2026-01-06 07:00:00,0.62,0.9,1.73,19.35,2.42,3.94,3.4,3.57,-0.6,0.14,-1.2,-0.79,-0.05,-1.31,-0.9,-0.18,-1.4,0.4,0.73,0.2,6.17,6.31,6.05,8.79,8.89,8.64,9.35,9.47,9.24,9.89,9.96,9.83,6475,0
2026-01-06 06:00:00,0.67,0.85,1.69,19.42,2.46,3.9,3.36,3.55,0.85,1.36,0.23,0.65,1.09,0.03,0.58,1.04,0,1.11,1.32,0.82,6.55,6.77,6.37,9.07,9.24,8.93,9.57,9.68,9.47,10.07,10.13,9.97,6481,0
2026-01-06 05:00:00,0.66,0.87,1.71,19.41,2.49,3.87,3.34,3.51,0.29,1.29,-0.78,0.07,0.98,-0.92,-0.03,0.94,-1.02,1.28,1.32,1.21,7,7.13,6.84,9.37,9.47,9.24,9.77,9.87,9.7,10.22,10.31,10.14,6486,0
2026-01-06 04:00:00,0.64,0.9,1.72,19.29,2.49,3.82,3.31,3.52,-0.36,0.5,-1.03,-0.49,0.37,-1.15,-0.53,0.26,-1.15,1.66,2.08,1.3,7.34,7.42,7.18,9.6,9.71,9.47,10.04,10.21,9.93,10.45,10.61,10.31,6497,0
2026-01-06 03:00:00,0.7,0.83,1.66,19.28,2.5,3.79,3.27,3.52,1.9,2.73,0.51,1.75,2.52,0.39,1.72,2.51,0.37,2.74,3.22,2.17,7.69,7.95,7.47,9.8,9.92,9.71,10.28,10.31,10.21,10.67,10.68,10.65,6515,0
2026-01-06 02:00:00,0.75,0.81,1.64,19.32,2.55,3.78,3.26,3.53,2.89,3.34,2.63,2.75,3.22,2.51,2.74,3.22,2.51,3.68,4.21,3.23,8.24,8.49,7.96,10.01,10.06,9.95,10.4,10.43,10.32,10.75,10.78,10.72,6528,0
2026-01-06 01:00:00,0.77,0.72,1.59,19.31,2.6,3.74,3.24,3.54,4.12,4.73,3.34,4.03,4.64,3.26,4.04,4.64,3.25,5.02,5.5,4.32,8.71,8.89,8.55,10.21,10.3,10.12,10.52,10.55,10.44,10.79,10.79,10.78,6542,0
2026-01-06 00:00:00,0.78,0.68,1.54,19.28,2.66,3.73,3.23,3.54,5.07,6.28,4.4,5.04,6.18,4.39,5.04,6.18,4.37,5.91,6.43,5.54,9.11,9.27,8.89,10.37,10.42,10.3,10.61,10.66,10.55,10.79,10.79,10.79,6537,0
2026-01-05 23:00:00,0.87,0.67,1.61,19.45,2.71,3.7,3.21,3.54,6.81,7.02,6.44,6.75,7,6.41,6.75,7,6.41,6.79,7.1,6.53,9.48,9.62,9.34,10.52,10.59,10.45,10.67,10.69,10.66,10.79,10.79,10.79,6568,0
2026-01-05 22:00:00,0.87,0.7,1.6,19.57,2.76,3.69,3.19,3.54,7.01,7.31,6.83,6.94,7.24,6.77,6.95,7.24,6.79,7.27,7.65,7.1,9.84,9.96,9.71,10.68,10.76,10.62,10.76,10.78,10.72,10.79,10.79,10.79,6577,0
2026-01-05 21:00:00,0.88,0.62,1.6,19.66,2.77,3.66,3.2,3.53,8.04,8.64,7.36,7.99,8.54,7.34,7.99,8.54,7.35,8.05,8.25,7.71,10.19,10.34,10.03,10.81,10.89,10.77,10.78,10.78,10.78,10.79,10.79,10.79,6595,0
2026-01-05 20:00:00,0.87,0.63,1.65,19.85,2.77,3.67,3.2,3.53,8.84,8.92,8.66,8.74,8.87,8.57,8.74,8.88,8.55,8.46,8.66,8.3,10.59,10.79,10.42,10.94,11.01,10.89,10.78,10.78,10.77,10.76,10.79,10.74,6613,0
2026-01-05 19:00:00,0.85,0.66,1.75,20.04,2.83,3.68,3.2,3.52,9.1,9.41,8.97,9.01,9.37,8.89,9.02,9.37,8.89,8.97,9.35,8.68,11.1,11.38,10.84,11.01,11.02,11.01,10.71,10.76,10.66,10.69,10.73,10.67,6635,0
2026-01-05 18:00:00,0.88,0.68,1.76,20.31,2.98,3.67,3.22,3.5,10.29,11.14,9.52,10.25,11.13,9.49,10.24,11.13,9.47,10.09,10.78,9.46,11.64,11.86,11.38,10.99,11.01,10.92,10.65,10.66,10.63,10.67,10.68,10.67,6684,0
2026-01-05 17:00:00,1.02,0.8,1.93,20.9,3.31,3.66,3.23,3.5,12.69,14.14,11.39,12.71,14.25,11.38,12.71,14.32,11.38,12.05,13.15,11.02,11.97,12.03,11.87,10.85,10.91,10.77,10.56,10.61,10.55,10.67,10.67,10.67,6795,7055
2026-01-05 16:00:00,1.17,1,2.19,22.04,3.32,3.68,3.22,3.49,17.47,19.18,14.57,17.47,19.07,14.69,17.78,19.54,14.79,14.52,15.16,13.39,11.79,11.97,11.62,10.7,10.77,10.6,10.49,10.55,10.43,10.66,10.67,10.66,6813,7229
2026-01-05 15:00:00,1.13,0.98,2.15,22.21,3.31,3.69,3.21,3.5,15.78,17.41,13.51,15.77,17.39,13.51,16.11,17.83,13.71,13.63,14.38,12.67,11.45,11.62,11.38,10.5,10.58,10.42,10.43,10.43,10.42,10.66,10.67,10.65,6844,11168
2026-01-05 14:00:00,1,0.79,2.02,22.1,3.31,3.7,3.22,3.49,13.32,13.88,13.07,13.4,14.1,13.15,13.52,14.21,13.27,12.79,13.27,12.56,11.27,11.38,11.12,10.3,10.42,10.18,10.4,10.43,10.38,10.66,10.67,10.65,6826,10774
2026-01-05 13:00:00,1.07,0.91,2.14,22.82,3.32,3.71,3.25,3.49,16.82,19.53,14.22,17.24,20.14,14.45,17.73,21.19,14.57,14.38,14.92,13.5,10.64,11.03,10.26,10.13,10.18,10.06,10.38,10.41,10.37,10.66,10.67,10.65,6820,8462
2026-01-05 12:00:00,1.06,0.85,2.15,23.45,3.37,3.71,3.24,3.51,15.63,19.29,13.51,15.74,19.89,13.39,16.08,20.72,13.39,12.53,14.33,11.49,9.94,10.2,9.72,10.06,10.06,10.06,10.39,10.42,10.37,10.66,10.67,10.65,6847,11007
2026-01-05 11:00:00,1.01,0.79,2.08,23.67,3.45,3.72,3.24,3.51,12.47,13.51,11.39,12.31,13.4,11.26,12.31,13.41,11.26,10.69,11.38,10.07,9.55,9.72,9.39,10.06,10.08,10.06,10.42,10.43,10.41,10.65,10.67,10.65,6826,10002
2026-01-05 10:00:00,0.88,0.67,2.15,23.89,3.51,3.71,3.23,3.51,10.21,11.26,9.02,10.02,11.03,8.89,10.17,11.03,9.12,9.32,9.96,8.66,9.37,9.37,9.35,10.15,10.18,10.09,10.43,10.43,10.42,10.66,10.67,10.65,6822,7299
2026-01-05 09:00:00,1.03,0.88,2.42,23.91,3.49,3.71,3.25,3.52,7.67,8.85,6.54,7.6,8.7,6.46,7.74,8.89,6.53,7.94,8.54,7.47,9.45,9.6,9.37,10.21,10.29,10.18,10.43,10.45,10.43,10.67,10.67,10.66,6677,6988
2026-01-05 08:00:00,1.11,0.95,2.48,23.58,3.4,3.71,3.23,3.52,6.87,8.07,6.2,6.78,7.95,6.15,6.79,7.96,6.17,7.93,8.66,7.47,9.71,9.79,9.6,10.3,10.3,10.29,10.48,10.53,10.45,10.67,10.67,10.67,6506,6760
2026-01-05 07:00:00,1.08,0.88,2.41,23.61,3.36,3.74,3.23,3.52,8.58,8.74,8.2,8.55,8.67,8.18,8.62,8.77,8.18,9.01,9.1,8.77,9.84,9.85,9.82,10.33,10.4,10.3,10.54,10.55,10.54,10.67,10.67,10.67,6497,0
2026-01-05 06:00:00,1.05,0.88,2.39,23.52,3.35,3.72,3.23,3.52,8.53,8.67,8.43,8.48,8.64,8.42,8.55,8.77,8.43,9,9.02,8.99,9.91,9.96,9.85,10.41,10.42,10.4,10.55,10.55,10.55,10.67,10.68,10.67,6502,0
2026-01-05 05:00:00,1.07,0.89,2.43,23.54,3.34,3.71,3.24,3.51,8.81,8.89,8.55,8.75,8.89,8.53,8.79,8.89,8.54,9.13,9.2,9.01,10,10.08,9.96,10.45,10.52,10.42,10.55,10.58,10.55,10.67,10.67,10.67,6506,0
2026-01-05 04:00:00,1.04,0.87,2.37,23.45,3.34,3.69,3.24,3.51,8.63,8.89,8.42,8.57,8.78,8.38,8.63,8.85,8.42,9.12,9.18,9.02,10.14,10.2,10.08,10.53,10.54,10.52,10.58,10.64,10.56,10.66,10.67,10.65,6510,0
2026-01-05 03:00:00,1.03,0.87,2.37,23.44,3.34,3.7,3.24,3.52,9,9.37,8.66,8.96,9.35,8.55,8.99,9.37,8.64,9.47,9.7,9.25,10.27,10.32,10.2,10.55,10.59,10.54,10.63,10.66,10.59,10.63,10.65,10.62,6522,0
2026-01-05 02:00:00,1.02,0.88,2.34,23.5,3.35,3.7,3.23,3.52,9.53,9.6,9.39,9.47,9.58,9.37,9.52,9.6,9.39,9.76,9.82,9.72,10.34,10.42,10.32,10.65,10.66,10.63,10.64,10.66,10.63,10.59,10.64,10.56,6528,0
2026-01-05 01:00:00,1.02,0.88,2.4,23.41,3.29,3.7,3.24,3.52,9.33,9.39,9.21,9.27,9.37,9.14,9.34,9.43,9.22,9.71,9.72,9.64,10.46,10.54,10.42,10.68,10.75,10.66,10.65,10.66,10.65,10.55,10.57,10.55,6542,0
2026-01-05 00:00:00,1.03,0.84,2.37,23.36,3.27,3.67,3.23,3.51,9.13,9.43,9.01,9.05,9.37,8.89,9.12,9.41,8.97,9.7,9.96,9.6,10.62,10.67,10.56,10.77,10.77,10.76,10.64,10.66,10.63,10.55,10.55,10.55,6537,0
2026-01-04 23:00:00,1,0.82,2.3,23.38,3.25,3.68,3.25,3.52,9.62,9.72,9.49,9.57,9.67,9.47,9.63,9.72,9.52,10.09,10.18,9.96,10.77,10.85,10.67,10.79,10.83,10.77,10.6,10.63,10.56,10.51,10.54,10.46,6564,0
2026-01-04 22:00:00,0.99,0.8,2.29,23.35,3.26,3.67,3.24,3.54,9.81,9.84,9.72,9.76,9.84,9.7,9.84,9.89,9.74,10.33,10.42,10.21,10.94,11.03,10.87,10.88,10.89,10.84,10.55,10.57,10.55,10.44,10.48,10.43,6577,0
2026-01-04 21:00:00,0.98,0.78,2.27,23.28,3.26,3.68,3.23,3.54,9.83,9.95,9.79,9.78,9.93,9.72,9.87,9.97,9.84,10.48,10.66,10.42,11.15,11.27,11.03,10.89,10.89,10.89,10.54,10.55,10.52,10.42,10.43,10.36,6588,0
2026-01-04 20:00:00,0.98,0.75,2.27,23.25,3.26,3.68,3.23,3.54,10.05,10.17,9.96,10.01,10.14,9.93,10.12,10.26,10.02,10.81,11.02,10.67,11.37,11.5,11.27,10.89,10.89,10.89,10.44,10.49,10.43,10.32,10.37,10.31,6599,0
2026-01-04 19:00:00,0.98,0.74,2.25,23.16,3.29,3.66,3.23,3.53,10.39,10.63,10.2,10.39,10.65,10.2,10.52,10.79,10.31,11.28,11.5,11.02,11.6,11.74,11.5,10.87,10.89,10.85,10.37,10.43,10.31,10.3,10.31,10.24,6624,0
2026-01-04 18:00:00,0.97,0.83,2.15,23.06,3.3,3.68,3.24,3.54,11.11,11.61,10.67,11.14,11.68,10.69,11.25,11.82,10.79,11.91,12.3,11.6,11.79,11.86,11.73,10.77,10.81,10.71,10.27,10.31,10.18,10.21,10.25,10.2,6648,0
2026-01-04 17:00:00,1.05,0.86,2.01,22.84,3.33,3.69,3.28,3.52,12.54,13.39,11.8,12.56,13.39,11.84,12.65,13.41,11.97,12.64,12.94,12.33,11.9,11.95,11.86,10.62,10.71,10.54,10.14,10.18,10.07,10.2,10.2,10.18,6713,6890
2026-01-04 16:00:00,1.05,0.88,2.04,22.83,3.34,3.71,3.28,3.52,14.24,14.81,13.6,14.24,14.79,13.62,14.23,14.81,13.62,13.43,13.62,13.03,11.88,11.93,11.86,10.42,10.54,10.3,10.02,10.07,9.95,10.16,10.2,10.13,6789,7055
2026-01-04 15:00:00,1.07,0.98,2.09,22.91,3.33,3.7,3.28,3.54,15.68,16.43,15.04,15.65,16.4,14.95,15.66,16.45,14.93,13.99,14.3,13.73,11.69,11.85,11.52,10.16,10.3,10.06,9.94,9.95,9.89,10.12,10.17,10.1,6813,7827
2026-01-04 14:00:00,1.12,0.99,2.13,23.22,3.33,3.76,3.29,3.55,17.06,17.29,16.54,17.09,17.33,16.53,17.15,17.41,16.58,14.47,14.57,14.33,11.23,11.5,10.91,9.9,10.02,9.83,9.84,9.88,9.84,10.09,10.1,10.08,6822,8686
2026-01-04 13:00:00,1.16,0.94,2.27,23.87,3.35,3.76,3.28,3.55,17.76,18.24,17.29,17.84,18.36,17.29,17.99,18.58,17.41,14.37,14.69,13.93,10.48,10.87,10.09,9.67,9.78,9.6,9.84,9.84,9.83,10.08,10.09,10.08,6838,9758
2026-01-04 12:00:00,1.06,0.92,2.23,24.49,3.39,3.76,3.28,3.55,15.27,17.02,13.98,15.16,16.94,13.85,15.19,17.07,13.81,12.66,13.74,11.83,9.78,10.08,9.49,9.58,9.6,9.53,9.83,9.84,9.81,10.08,10.09,10.08,6838,10790
2026-01-04 11:00:00,1,0.79,2.22,24.77,3.49,3.79,3.3,3.55,12.76,13.74,11.38,12.62,13.62,11.23,12.62,13.62,11.17,11,11.72,10.18,9.31,9.49,9.14,9.52,9.55,9.5,9.83,9.84,9.82,10.08,10.08,10.08,6822,7284
2026-01-04 10:00:00,0.88,0.69,2.35,24.93,3.51,3.77,3.29,3.56,10.27,11.02,9.6,10.15,10.91,9.55,10.17,10.9,9.6,9.58,10.07,9.14,9.07,9.14,9.02,9.55,9.59,9.5,9.84,9.84,9.82,10.08,10.08,10.08,6702,7008
2026-01-04 09:00:00,0.96,0.81,2.64,25.16,3.53,3.77,3.3,3.56,8.77,9.49,8.39,8.69,9.37,8.3,8.75,9.47,8.3,8.64,9.05,8.42,9.02,9.03,9.02,9.59,9.59,9.58,9.84,9.84,9.83,10.08,10.08,10.08,6577,6870
2026-01-04 08:00:00,1.01,0.86,2.75,25.35,3.52,3.79,3.32,3.56,8.29,8.42,8.07,8.2,8.31,7.95,8.22,8.35,7.98,8.37,8.42,8.29,9.09,9.14,9.04,9.6,9.63,9.59,9.84,9.84,9.84,10.08,10.08,10.08,6497,6697
2026-01-04 07:00:00,1.09,0.91,2.81,25.47,3.5,3.79,3.32,3.55,7.82,8.02,7.71,7.73,7.95,7.59,7.76,7.95,7.59,8.2,8.3,8.18,9.22,9.27,9.14,9.68,9.71,9.66,9.84,9.84,9.84,10.08,10.08,10.08,6497,0
2026-01-04 06:00:00,1.08,0.9,2.82,25.64,3.48,3.77,3.33,3.56,8.33,8.66,7.95,8.27,8.57,7.84,8.29,8.58,7.83,8.63,8.77,8.37,9.34,9.37,9.28,9.71,9.71,9.71,9.84,9.85,9.84,10.08,10.08,10.07,6502,0
2026-01-04 05:00:00,1.07,0.93,2.82,25.09,3.47,3.77,3.32,3.57,8.6,8.66,8.54,8.51,8.62,8.42,8.55,8.64,8.45,8.81,8.88,8.77,9.4,9.49,9.37,9.73,9.78,9.71,9.84,9.85,9.84,10.07,10.08,10.05,6504,0
2026-01-04 04:00:00,1.03,0.86,2.68,24.58,3.41,3.76,3.33,3.58,8.77,8.89,8.6,8.68,8.78,8.54,8.69,8.78,8.54,8.94,9.01,8.85,9.49,9.51,9.49,9.81,9.83,9.78,9.85,9.87,9.84,10.04,10.06,10.01,6506,0
2026-01-04 03:00:00,1.01,0.87,2.6,24.49,3.42,3.76,3.33,3.58,8.89,9.02,8.78,8.8,8.93,8.66,8.84,8.99,8.74,9.08,9.14,9.01,9.59,9.6,9.51,9.83,9.83,9.83,9.85,9.85,9.84,9.98,10.01,9.96,6517,0
2026-01-04 02:00:00,1.02,0.85,2.65,24.57,3.41,3.77,3.32,3.58,9.1,9.17,9.01,9.04,9.13,8.93,9.06,9.13,9.01,9.23,9.26,9.18,9.67,9.72,9.62,9.83,9.84,9.83,9.84,9.85,9.84,9.96,9.97,9.96,6524,0
2026-01-04 01:00:00,1,0.84,2.66,24.8,3.39,3.78,3.32,3.56,9.08,9.13,9.01,9,9.04,8.96,9.04,9.12,9.01,9.32,9.35,9.25,9.76,9.84,9.72,9.85,9.89,9.83,9.84,9.85,9.84,9.96,9.96,9.95,6533,0
2026-01-04 00:00:00,1.05,0.92,2.75,25.2,3.39,3.78,3.32,3.56,9.35,9.59,9.13,9.3,9.49,9.04,9.32,9.5,9.1,9.54,9.64,9.38,9.85,9.85,9.83,9.91,9.95,9.89,9.84,9.84,9.84,9.92,9.96,9.88,6530,0
2026-01-03 23:00:00,1.05,0.92,2.55,23.98,3.28,3.79,3.31,3.58,9.75,9.85,9.49,9.68,9.81,9.46,9.72,9.84,9.47,9.77,9.84,9.64,9.94,9.96,9.88,9.95,9.95,9.93,9.83,9.84,9.81,9.85,9.89,9.84,6550,0
2026-01-03 22:00:00,1.02,0.84,2.27,23.08,3,3.79,3.32,3.57,9.68,9.83,9.49,9.58,9.72,9.43,9.6,9.74,9.47,9.72,9.72,9.72,10.03,10.09,9.96,9.95,9.95,9.95,9.75,9.81,9.72,9.84,9.84,9.83,6575,0
2026-01-03 21:00:00,0.98,0.78,2.21,22.88,3,3.79,3.31,3.56,9.25,9.49,9.12,9.18,9.39,9.01,9.21,9.47,9.03,9.71,9.79,9.68,10.22,10.32,10.1,9.95,9.95,9.95,9.72,9.72,9.7,9.79,9.83,9.75,6591,0
2026-01-03 20:00:00,0.96,0.75,2.09,22.87,3.05,3.79,3.32,3.56,9.64,10.08,9.27,9.59,10.04,9.25,9.64,10.08,9.25,10.17,10.53,9.84,10.41,10.5,10.32,9.92,9.95,9.84,9.63,9.7,9.6,9.72,9.75,9.72,6604,0
2026-01-03 19:00:00,0.93,0.7,2.01,22.83,3.12,3.78,3.32,3.55,10.5,10.83,10.17,10.45,10.79,10.08,10.49,10.8,10.17,10.77,11.02,10.55,10.56,10.65,10.53,9.83,9.85,9.82,9.54,9.6,9.47,9.72,9.72,9.71,6626,0
2026-01-03 18:00:00,0.91,0.76,2.03,22.89,3.16,3.79,3.34,3.58,11.28,11.81,10.91,11.25,11.76,10.88,11.31,11.85,10.9,11.37,11.73,11.03,10.67,10.67,10.64,9.69,9.78,9.6,9.45,9.47,9.39,9.65,9.71,9.6,6666,0
2026-01-03 17:00:00,1.02,0.86,2.09,23.07,3.19,3.81,3.35,3.58,12.42,12.8,11.95,12.42,12.83,11.93,12.48,12.91,11.97,12.04,12.23,11.78,10.59,10.67,10.53,9.53,9.59,9.47,9.35,9.38,9.32,9.6,9.63,9.6,6766,7004
2026-01-03 16:00:00,1.02,0.86,2.1,23.21,3.19,3.8,3.36,3.58,12.78,12.92,12.68,12.76,12.92,12.58,12.85,13.03,12.68,12.23,12.32,12.2,10.39,10.47,10.3,9.33,9.46,9.24,9.25,9.33,9.24,9.6,9.6,9.6,6818,8068
2026-01-03 15:00:00,1.04,0.83,2.14,23.17,3.18,3.82,3.37,3.58,13.2,13.51,12.8,13.23,13.62,12.77,13.3,13.66,12.8,12.4,12.56,12.2,10.05,10.25,9.85,9.11,9.24,9,9.22,9.24,9.17,9.6,9.6,9.6,6820,7260
2026-01-03 14:00:00,1.08,0.86,2.21,23.48,3.14,3.85,3.39,3.59,13.31,13.88,12.56,13.34,13.98,12.56,13.44,14.11,12.67,12.18,12.68,11.61,9.54,9.76,9.35,8.93,9.01,8.88,9.15,9.18,9.13,9.6,9.6,9.6,6822,7961
2026-01-03 13:00:00,1.02,0.87,2.21,23.68,3.1,3.85,3.4,3.59,12.54,12.68,12.41,12.54,12.68,12.38,12.56,12.72,12.32,11.42,11.61,11.26,9.04,9.27,8.78,8.79,8.87,8.76,9.13,9.13,9.13,9.6,9.6,9.6,6820,7953
2026-01-03 12:00:00,1,0.81,2.46,24.48,3.01,3.86,3.4,3.6,11.56,12.58,9.72,11.51,12.56,9.72,11.58,12.56,9.84,10.43,11.18,9.31,8.54,8.77,8.42,8.73,8.76,8.67,9.13,9.13,9.13,9.6,9.6,9.6,6822,8544
2026-01-03 11:00:00,1.04,0.91,2.69,23.03,2.96,3.88,3.41,3.6,9.65,10.14,9.25,9.59,10.01,9.24,9.58,9.96,9.25,9.03,9.13,9.01,8.26,8.39,8.14,8.68,8.7,8.67,9.13,9.13,9.13,9.6,9.6,9.59,6791,7126
2026-01-03 10:00:00,0.92,0.66,1.98,19.55,2.84,3.88,3.41,3.61,8.98,10.08,8.18,8.85,9.89,8.07,8.89,9.93,8.14,8.3,8.89,7.83,8.07,8.12,8.06,8.72,8.76,8.68,9.14,9.17,9.13,9.6,9.6,9.59,6715,7016
2026-01-03 09:00:00,0.99,0.77,2.15,19.49,2.77,3.86,3.4,3.6,7.52,8.07,7.22,7.43,7.96,7.12,7.45,8.06,7.12,7.46,7.71,7.28,8.06,8.07,8.06,8.76,8.76,8.74,9.2,9.24,9.18,9.6,9.6,9.6,6533,6803
2026-01-03 08:00:00,1.01,0.81,2.16,19.06,2.75,3.87,3.4,3.61,7.45,7.71,7.12,7.38,7.6,7.02,7.41,7.64,7.06,7.43,7.59,7.24,8.06,8.07,8.06,8.77,8.81,8.76,9.24,9.24,9.22,9.6,9.6,9.6,6497,3730
2026-01-03 07:00:00,0.97,0.81,1.89,18.48,2.76,3.85,3.39,3.6,7.14,7.2,7.11,7.07,7.12,7,7.11,7.12,7.09,7.25,7.29,7.24,8.07,8.07,8.07,8.86,8.88,8.82,9.24,9.24,9.24,9.6,9.6,9.6,6497,0
2026-01-03 06:00:00,0.9,0.75,1.78,18.36,2.79,3.85,3.39,3.61,6.95,7.09,6.8,6.85,7,6.76,6.9,7.02,6.83,7.13,7.21,7.1,8.11,8.18,8.07,8.89,8.93,8.88,9.24,9.25,9.24,9.6,9.6,9.6,6502,0
2026-01-03 05:00:00,0.87,0.7,1.76,18.29,2.81,3.84,3.4,3.61,7.02,7.12,6.94,6.93,7.01,6.82,6.94,7.02,6.88,7.12,7.15,7.12,8.21,8.3,8.18,8.99,9,8.93,9.25,9.27,9.24,9.6,9.6,9.6,6506,0
2026-01-03 04:00:00,0.91,0.68,1.72,18.26,2.84,3.83,3.38,3.61,6.81,7,6.65,6.7,6.88,6.6,6.75,6.89,6.65,7.09,7.13,7,8.33,8.43,8.3,9.04,9.1,9,9.28,9.32,9.26,9.6,9.6,9.6,6515,0
2026-01-03 03:00:00,0.88,0.69,1.69,18.24,2.87,3.82,3.37,3.61,7,7.39,6.65,6.88,7.24,6.53,6.87,7.24,6.54,7.24,7.46,7.08,8.48,8.55,8.43,9.12,9.14,9.12,9.34,9.35,9.31,9.59,9.6,9.58,6524,0
2026-01-03 02:00:00,0.88,0.68,1.71,18.27,2.86,3.81,3.37,3.6,7.31,7.44,7.17,7.15,7.24,7.01,7.1,7.22,7,7.4,7.47,7.31,8.63,8.71,8.55,9.21,9.24,9.16,9.35,9.35,9.35,9.53,9.56,9.49,6535,0
2026-01-03 01:00:00,0.9,0.63,1.68,18.34,2.88,3.81,3.38,3.6,7.58,7.95,7.24,7.41,7.72,7.12,7.32,7.59,7.09,7.61,7.71,7.47,8.82,8.89,8.77,9.3,9.35,9.24,9.35,9.35,9.35,9.49,9.5,9.49,6548,0
2026-01-03 00:00:00,0.87,0.63,1.7,18.34,2.89,3.81,3.37,3.61,7.84,8.17,7.41,7.62,7.89,7.24,7.45,7.68,7.14,7.73,7.81,7.71,9.07,9.22,8.93,9.35,9.38,9.35,9.35,9.35,9.34,9.46,9.49,9.43,6542,0
2026-01-02 23:00:00,0.88,0.64,1.67,18.43,2.92,3.82,3.38,3.63,7.78,8.1,7.48,7.63,7.95,7.36,7.59,7.93,7.25,8.17,8.46,7.83,9.34,9.49,9.25,9.43,9.46,9.38,9.29,9.35,9.24,9.38,9.41,9.37,6571,0
2026-01-02 22:00:00,0.86,0.63,1.68,18.47,2.97,3.83,3.4,3.62,8.56,8.8,8.1,8.43,8.71,7.95,8.41,8.76,7.94,8.85,9.13,8.51,9.56,9.67,9.49,9.47,9.47,9.47,9.24,9.25,9.24,9.35,9.37,9.32,6577,0
2026-01-02 21:00:00,0.86,0.63,1.72,18.49,3.01,3.83,3.41,3.65,8.79,8.89,8.68,8.7,8.78,8.66,8.75,8.8,8.68,9.24,9.35,9.13,9.79,9.89,9.72,9.47,9.47,9.46,9.16,9.22,9.13,9.27,9.32,9.25,6595,0
2026-01-02 20:00:00,0.86,0.66,1.78,18.43,3.08,3.83,3.41,3.62,9.11,9.46,8.78,9.03,9.37,8.67,9.07,9.38,8.77,9.65,9.96,9.35,10.04,10.2,9.93,9.4,9.47,9.35,9.04,9.12,9.01,9.24,9.25,9.21,6608,0
2026-01-02 19:00:00,0.87,0.65,1.73,18.38,3.29,3.84,3.41,3.64,9.88,10.47,9.49,9.84,10.43,9.39,9.85,10.43,9.47,10.33,10.72,9.96,10.29,10.42,10.2,9.3,9.35,9.24,8.93,9.01,8.88,9.15,9.18,9.13,6631,0
2026-01-02 18:00:00,0.96,0.76,1.85,18.61,3.42,3.86,3.4,3.62,11.8,13.03,10.65,11.74,13,10.55,11.7,12.96,10.56,11.43,12.08,10.79,10.45,10.48,10.44,9.11,9.22,9,8.79,8.88,8.76,9.13,9.13,9.12,6671,0
2026-01-02 17:00:00,1.02,0.9,1.95,18.89,3.46,3.88,3.41,3.61,14.15,15.04,13.26,14.1,15.01,13.16,14.1,15.03,13.15,12.69,13.15,12.2,10.41,10.45,10.32,8.86,9,8.76,8.65,8.74,8.62,9.1,9.13,9.07,6780,7032
2026-01-02 16:00:00,1.12,0.99,2.08,19.27,3.47,3.91,3.4,3.67,16.59,17.35,15.16,16.61,17.37,15.17,16.69,17.53,15.18,13.82,14.09,13.26,10.09,10.32,9.85,8.56,8.7,8.41,8.54,8.58,8.5,9.04,9.08,9.02,6820,7725
2026-01-02 15:00:00,1.14,1,2.09,19.64,3.52,3.9,3.47,3.68,16.82,17.41,15.65,16.76,17.39,15.6,16.88,17.53,15.63,13.62,14.09,12.99,9.53,9.82,9.26,8.26,8.41,8.14,8.43,8.47,8.42,9.02,9.04,9.01,6838,10782
2026-01-02 14:00:00,1.06,0.95,1.99,19.78,3.6,3.91,3.49,3.68,15.8,16.56,15.3,15.75,16.45,15.27,15.82,16.7,15.28,12.97,13.15,12.8,8.89,9.25,8.55,7.98,8.09,7.88,8.41,8.42,8.39,9.02,9.04,9.01,6838,10140
2026-01-02 13:00:00,1.06,0.94,1.98,20.14,3.68,3.93,3.49,3.69,15.65,16.57,15.05,15.56,16.45,14.93,15.66,16.69,15.04,12.24,13.03,11.49,8.09,8.43,7.72,7.76,7.82,7.7,8.39,8.41,8.37,9.02,9.03,9.01,6838,9750
2026-01-02 12:00:00,1.01,0.81,1.91,20.09,3.76,3.94,3.5,3.69,13.67,14.81,13.15,13.58,14.69,13.11,13.62,14.8,13.1,10.54,11.32,10.07,7.34,7.68,7.01,7.63,7.7,7.58,8.41,8.42,8.39,9.01,9.01,9.01,6838,10680
2026-01-02 11:00:00,0.93,0.71,1.83,20.16,3.8,3.95,3.51,3.69,11.4,13.39,9.43,11.25,13.27,9.13,11.33,13.39,9.29,8.64,9.93,7.47,6.7,6.93,6.53,7.63,7.7,7.59,8.42,8.42,8.42,9.01,9.01,8.99,6826,10601
2026-01-02 10:00:00,0.93,0.78,1.92,20.34,3.74,3.95,3.5,3.7,7.36,9.03,5.94,7.2,8.77,5.82,7.28,8.93,5.85,6.24,7.24,5.34,6.44,6.53,6.42,7.71,7.76,7.7,8.45,8.51,8.42,9.01,9.01,9,6822,8568
2026-01-02 09:00:00,0.99,0.98,2.15,20.55,3.66,3.93,3.46,3.71,4.79,5.71,4.28,4.63,5.58,4.05,4.64,5.62,3.96,4.77,5.23,4.52,6.46,6.53,6.42,7.82,7.85,7.79,8.53,8.54,8.51,9.01,9.01,9.01,6613,6921
2026-01-02 08:00:00,1.01,1.02,2.25,20.45,3.21,3.92,3.44,3.72,4.68,4.87,4.39,4.47,4.67,4.17,4.37,4.58,4.04,4.71,4.77,4.61,6.57,6.65,6.53,7.92,7.94,7.85,8.54,8.54,8.54,9.01,9.01,9.01,6488,6693
2026-01-02 07:00:00,1.13,1.04,2.25,19.72,2.94,3.91,3.45,3.72,4.31,4.54,4.16,4.16,4.4,4.05,4.13,4.37,4.01,4.72,4.86,4.66,6.72,6.78,6.65,7.99,8.05,7.94,8.57,8.62,8.54,9.02,9.05,9.01,6486,0
2026-01-02 06:00:00,1.1,1.04,2.14,19.38,2.93,3.93,3.45,3.69,4.46,4.52,4.4,4.36,4.4,4.28,4.34,4.4,4.23,4.96,5.03,4.87,6.88,6.99,6.78,8.07,8.13,8.05,8.62,8.64,8.59,9.07,9.12,9.04,6488,0
2026-01-02 05:00:00,1.08,1,2.05,19.21,2.95,3.95,3.46,3.64,4.71,4.87,4.52,4.58,4.75,4.4,4.56,4.71,4.4,5.2,5.31,5.12,7.04,7.13,7,8.17,8.17,8.16,8.64,8.64,8.64,9.1,9.12,9.09,6493,0
2026-01-02 04:00:00,1.02,0.94,1.93,19.09,2.97,3.89,3.46,3.66,4.68,4.79,4.61,4.57,4.69,4.51,4.59,4.69,4.52,5.35,5.46,5.29,7.24,7.36,7.13,8.25,8.29,8.18,8.64,8.66,8.64,9.11,9.13,9.1,6497,0
2026-01-02 03:00:00,0.96,0.87,1.85,19.02,2.95,3.9,3.47,3.65,4.8,4.87,4.76,4.72,4.82,4.64,4.73,4.87,4.64,5.6,5.81,5.46,7.44,7.53,7.36,8.33,8.39,8.29,8.65,8.67,8.64,9.11,9.13,9.1,6504,0
2026-01-02 02:00:00,0.89,0.77,1.7,19.03,2.99,3.93,3.46,3.65,5.16,5.38,4.98,5.08,5.35,4.87,5.12,5.35,4.89,5.96,6.17,5.82,7.66,7.77,7.59,8.41,8.41,8.41,8.65,8.67,8.64,9.11,9.12,9.1,6517,0
2026-01-02 01:00:00,0.83,0.71,1.66,19.11,3,3.94,3.46,3.69,5.55,5.7,5.41,5.46,5.59,5.35,5.52,5.67,5.36,6.3,6.45,6.17,7.88,7.95,7.79,8.43,8.47,8.41,8.64,8.66,8.64,9.07,9.1,9.04,6528,0
2026-01-02 00:00:00,0.81,0.69,1.65,19.16,3.04,3.9,3.46,3.72,5.92,6.06,5.71,5.85,6.03,5.68,5.92,6.05,5.7,6.72,6.9,6.52,8.1,8.18,7.98,8.51,8.53,8.47,8.64,8.67,8.64,9.02,9.06,9.01,6524,0
2026-01-01 23:00:00,0.87,0.66,1.63,19.21,3.14,3.92,3.45,3.7,6.63,7,6.17,6.57,7,6.09,6.62,7,6.17,7.31,7.58,7,8.28,8.35,8.18,8.53,8.53,8.52,8.64,8.64,8.6,9.01,9.01,9.01,6550,0
2026-01-01 22:00:00,0.87,0.64,1.68,19.15,3.25,3.92,3.43,3.68,7.15,7.24,7,7.09,7.17,7,7.16,7.24,7,7.74,7.83,7.59,8.46,8.55,8.39,8.53,8.53,8.52,8.56,8.6,8.54,8.96,9.01,8.91,6573,0
2026-01-01 21:00:00,0.89,0.61,1.63,19.11,3.39,3.93,3.45,3.66,7.62,8.27,7.24,7.55,8.18,7.22,7.58,8.18,7.24,8.13,8.54,7.91,8.62,8.67,8.55,8.45,8.51,8.41,8.52,8.54,8.46,8.9,8.93,8.89,6588,0
2026-01-01 20:00:00,0.84,0.62,1.63,19.15,3.6,3.94,3.51,3.66,8.78,9.01,8.43,8.71,8.92,8.38,8.76,9.01,8.42,8.87,9.01,8.66,8.71,8.78,8.67,8.4,8.41,8.35,8.42,8.43,8.39,8.89,8.89,8.89,6604,0
2026-01-01 19:00:00,0.84,0.65,1.7,19.35,3.6,3.92,3.5,3.65,9.19,9.49,9.01,9.13,9.42,8.91,9.17,9.47,9,9.2,9.35,9.01,8.78,8.78,8.78,8.27,8.32,8.18,8.32,8.39,8.3,8.86,8.89,8.82,6626,0
2026-01-01 18:00:00,0.87,0.65,1.65,19.47,3.61,3.98,3.47,3.66,10.13,10.88,9.56,10.07,10.79,9.49,10.07,10.79,9.51,9.68,9.96,9.45,8.76,8.78,8.67,8.12,8.18,8.05,8.23,8.3,8.18,8.79,8.81,8.78,6662,0
2026-01-01 17:00:00,0.93,0.73,1.74,19.62,3.62,3.93,3.47,3.66,11.55,11.85,11.02,11.48,11.74,10.92,11.49,11.8,10.9,10.2,10.31,10.04,8.61,8.67,8.55,7.95,8.05,7.84,8.12,8.18,8.07,8.78,8.78,8.78,6733,6598
2026-01-01 16:00:00,1,0.75,1.78,19.81,3.68,3.95,3.45,3.67,11.86,12.05,11.73,11.82,11.97,11.65,11.84,12.01,11.69,10.3,10.38,10.24,8.39,8.55,8.28,7.74,7.82,7.68,8.05,8.06,7.99,8.78,8.78,8.78,6818,8584
