Municipios,Distritos,Secciones,Sexo,Nacionalidad,Distribución de la renta por unidad de consumo,Periodo,Total,Cod_Postal,Porcentaje
32001 Allariz,No,No,Total,Española,Población con ingresos por unidad de consumo por debajo de 5.000 Euros,2015-01-01,0.0,32001,Bajo
32001 Allariz,No,No,Total,Española,Población con ingresos por unidad de consumo por debajo de 7.500 Euros,2015-01-01,0.0,32001,Bajo
32001 Allariz,No,No,Total,Española,Población con ingresos por unidad de consumo por debajo de 10.000 Euros,2015-01-01,0.0,32001,Bajo
32001 Allariz,No,No,Total,Extranjera,Población con ingresos por unidad de consumo por debajo de 5.000 Euros,2015-01-01,0.0,32001,Bajo
32001 Allariz,No,No,Total,Extranjera,Población con ingresos por unidad de consumo por debajo de 7.500 Euros,2015-01-01,0.0,32001,Bajo
32001 Allariz,No,No,Total,Extranjera,Población con ingresos por unidad de consumo por debajo de 10.000 Euros,2015-01-01,0.0,32001,Bajo
32001 Allariz,No,No,Hombres,Española,Población con ingresos por unidad de consumo por debajo de 5.000 Euros,2015-01-01,0.0,32001,Bajo
32001 Allariz,No,No,Hombres,Española,Población con ingresos por unidad de consumo por debajo de 7.500 Euros,2015-01-01,0.0,32001,Bajo
32001 Allariz,No,No,Hombres,Española,Población con ingresos por unidad de consumo por debajo de 10.000 Euros,2015-01-01,0.0,32001,Bajo
32001 Allariz,No,No,Hombres,Extranjera,Población con ingresos por unidad de consumo por debajo de 5.000 Euros,2015-01-01,0.0,32001,Bajo
32001 Allariz,No,No,Hombres,Extranjera,Población con ingresos por unidad de consumo por debajo de 7.500 Euros,2015-01-01,0.0,32001,Bajo
32001 Allariz,No,No,Hombres,Extranjera,Población con ingresos por unidad de consumo por debajo de 10.000 Euros,2015-01-01,0.0,32001,Bajo
32001 Allariz,No,No,Mujeres,Española,Población con ingresos por unidad de consumo por debajo de 5.000 Euros,2015-01-01,0.0,32001,Bajo
32001 Allariz,No,No,Mujeres,Española,Población con ingresos por unidad de consumo por debajo de 7.500 Euros,2015-01-01,0.0,32001,Bajo
32001 Allariz,No,No,Mujeres,Española,Población con ingresos por unidad de consumo por debajo de 10.000 Euros,2015-01-01,0.0,32001,Bajo
32001 Allariz,No,No,Mujeres,Extranjera,Población con ingresos por unidad de consumo por debajo de 5.000 Euros,2015-01-01,0.0,32001,Bajo
32001 Allariz,No,No,Mujeres,Extranjera,Población con ingresos por unidad de consumo por debajo de 7.500 Euros,2015-01-01,0.0,32001,Bajo
32001 Allariz,No,No,Mujeres,Extranjera,Población con ingresos por unidad de consumo por debajo de 10.000 Euros,2015-01-01,0.0,32001,Bajo
32001 Allariz,3200101 Allariz distrito 01,No,Total,Española,Población con ingresos por unidad de consumo por debajo de 5.000 Euros,2015-01-01,0.0,32001,Bajo
32001 Allariz,3200101 Allariz distrito 01,No,Total,Española,Población con ingresos por unidad de consumo por debajo de 7.500 Euros,2015-01-01,0.0,32001,Bajo
32001 Allariz,3200101 Allariz distrito 01,No,Total,Española,Población con ingresos por unidad de consumo por debajo de 10.000 Euros,2015-01-01,0.0,32001,Bajo
32001 Allariz,3200101 Allariz distrito 01,No,Total,Extranjera,Población con ingresos por unidad de consumo por debajo de 5.000 Euros,2015-01-01,0.0,32001,Bajo
32001 Allariz,3200101 Allariz distrito 01,No,Total,Extranjera,Población con ingresos por unidad de consumo por debajo de 7.500 Euros,2015-01-01,0.0,32001,Bajo
32001 Allariz,3200101 Allariz distrito 01,No,Total,Extranjera,Población con ingresos por unidad de consumo por debajo de 10.000 Euros,2015-01-01,0.0,32001,Bajo
32001 Allariz,3200101 Allariz distrito 01,No,Hombres,Española,Población con ingresos por unidad de consumo por debajo de 5.000 Euros,2015-01-01,0.0,32001,Bajo
32001 Allariz,3200101 Allariz distrito 01,No,Hombres,Española,Población con ingresos por unidad de consumo por debajo de 7.500 Euros,2015-01-01,0.0,32001,Bajo
32001 Allariz,3200101 Allariz distrito 01,No,Hombres,Española,Población con ingresos por unidad de consumo por debajo de 10.000 Euros,2015-01-01,0.0,32001,Bajo
32001 Allariz,3200101 Allariz distrito 01,No,Hombres,Extranjera,Población con ingresos por unidad de consumo por debajo de 5.000 Euros,2015-01-01,0.0,32001,Bajo
32001 Allariz,3200101 Allariz distrito 01,No,Hombres,Extranjera,Población con ingresos por unidad de consumo por debajo de 7.500 Euros,2015-01-01,0.0,32001,Bajo
32001 Allariz,3200101 Allariz distrito 01,No,Hombres,Extranjera,Población con ingresos por unidad de consumo por debajo de 10.000 Euros,2015-01-01,0.0,32001,Bajo
32001 Allariz,3200101 Allariz distrito 01,No,Mujeres,Española,Población con ingresos por unidad de consumo por debajo de 5.000 Euros,2015-01-01,0.0,32001,Bajo
32001 Allariz,3200101 Allariz distrito 01,No,Mujeres,Española,Población con ingresos por unidad de consumo por debajo de 7.500 Euros,2015-01-01,0.0,32001,Bajo
32001 Allariz,3200101 Allariz distrito 01,No,Mujeres,Española,Población con ingresos por unidad de consumo por debajo de 10.000 Euros,2015-01-01,0.0,32001,Bajo
32001 Allariz,3200101 Allariz distrito 01,No,Mujeres,Extranjera,Población con ingresos por unidad de consumo por debajo de 5.000 Euros,2015-01-01,0.0,32001,Bajo
32001 Allariz,3200101 Allariz distrito 01,No,Mujeres,Extranjera,Población con ingresos por unidad de consumo por debajo de 7.500 Euros,2015-01-01,0.0,32001,Bajo
32001 Allariz,3200101 Allariz distrito 01,No,Mujeres,Extranjera,Población con ingresos por unidad de consumo por debajo de 10.000 Euros,2015-01-01,0.0,32001,Bajo
32001 Allariz,3200101 Allariz distrito 01,3200101001 Allariz sección 01001,Total,Española,Población con ingresos por unidad de consumo por debajo de 5.000 Euros,2015-01-01,0.0,32001,Bajo
32001 Allariz,3200101 Allariz distrito 01,3200101001 Allariz sección 01001,Total,Española,Población con ingresos por unidad de consumo por debajo de 7.500 Euros,2015-01-01,0.0,32001,Bajo
32001 Allariz,3200101 Allariz distrito 01,3200101001 Allariz sección 01001,Total,Española,Población con ingresos por unidad de consumo por debajo de 10.000 Euros,2015-01-01,0.0,32001,Bajo
32001 Allariz,3200101 Allariz distrito 01,3200101001 Allariz sección 01001,Total,Extranjera,Población con ingresos por unidad de consumo por debajo de 5.000 Euros,2015-01-01,0.0,32001,Bajo
32001 Allariz,3200101 Allariz distrito 01,3200101001 Allariz sección 01001,Total,Extranjera,Población con ingresos por unidad de consumo por debajo de 7.500 Euros,2015-01-01,0.0,32001,Bajo
32001 Allariz,3200101 Allariz distrito 01,3200101001 Allariz sección 01001,Total,Extranjera,Población con ingresos por unidad de consumo por debajo de 10.000 Euros,2015-01-01,0.0,32001,Bajo
32001 Allariz,3200101 Allariz distrito 01,3200101001 Allariz sección 01001,Hombres,Española,Población con ingresos por unidad de consumo por debajo de 5.000 Euros,2015-01-01,0.0,32001,Bajo
32001 Allariz,3200101 Allariz distrito 01,3200101001 Allariz sección 01001,Hombres,Española,Población con ingresos por unidad de consumo por debajo de 7.500 Euros,2015-01-01,0.0,32001,Bajo
32001 Allariz,3200101 Allariz distrito 01,3200101001 Allariz sección 01001,Hombres,Española,Población con ingresos por unidad de consumo por debajo de 10.000 Euros,2015-01-01,0.0,32001,Bajo
32001 Allariz,3200101 Allariz distrito 01,3200101001 Allariz sección 01001,Hombres,Extranjera,Población con ingresos por unidad de consumo por debajo de 5.000 Euros,2015-01-01,0.0,32001,Bajo
32001 Allariz,3200101 Allariz distrito 01,3200101001 Allariz sección 01001,Hombres,Extranjera,Población con ingresos por unidad de consumo por debajo de 7.500 Euros,2015-01-01,0.0,32001,Bajo
32001 Allariz,3200101 Allariz distrito 01,3200101001 Allariz sección 01001,Hombres,Extranjera,Población con ingresos por unidad de consumo por debajo de 10.000 Euros,2015-01-01,0.0,32001,Bajo
32001 Allariz,3200101 Allariz distrito 01,3200101001 Allariz sección 01001,Mujeres,Española,Población con ingresos por unidad de consumo por debajo de 5.000 Euros,2015-01-01,0.0,32001,Bajo
32001 Allariz,3200101 Allariz distrito 01,3200101001 Allariz sección 01001,Mujeres,Española,Población con ingresos por unidad de consumo por debajo de 7.500 Euros,2015-01-01,0.0,32001,Bajo
32001 Allariz,3200101 Allariz distrito 01,3200101001 Allariz sección 01001,Mujeres,Española,Población con ingresos por unidad de consumo por debajo de 10.000 Euros,2015-01-01,0.0,32001,Bajo
32001 Allariz,3200101 Allariz distrito 01,3200101001 Allariz sección 01001,Mujeres,Extranjera,Población con ingresos por unidad de consumo por debajo de 5.000 Euros,2015-01-01,0.0,32001,Bajo
32001 Allariz,3200101 Allariz distrito 01,3200101001 Allariz sección 01001,Mujeres,Extranjera,Población con ingresos por unidad de consumo por debajo de 7.500 Euros,2015-01-01,0.0,32001,Bajo
32001 Allariz,3200101 Allariz distrito 01,3200101001 Allariz sección 01001,Mujeres,Extranjera,Población con ingresos por unidad de consumo por debajo de 10.000 Euros,2015-01-01,0.0,32001,Bajo
32001 Allariz,3200101 Allariz distrito 01,3200101002 Allariz sección 01002,Total,Española,Población con ingresos por unidad de consumo por debajo de 5.000 Euros,2015-01-01,0.0,32001,Bajo
32001 Allariz,3200101 Allariz distrito 01,3200101002 Allariz sección 01002,Total,Española,Población con ingresos por unidad de consumo por debajo de 7.500 Euros,2015-01-01,0.0,32001,Bajo
32001 Allariz,3200101 Allariz distrito 01,3200101002 Allariz sección 01002,Total,Española,Población con ingresos por unidad de consumo por debajo de 10.000 Euros,2015-01-01,0.0,32001,Bajo
32001 Allariz,3200101 Allariz distrito 01,3200101002 Allariz sección 01002,Total,Extranjera,Población con ingresos por unidad de consumo por debajo de 5.000 Euros,2015-01-01,0.0,32001,Bajo
32001 Allariz,3200101 Allariz distrito 01,3200101002 Allariz sección 01002,Total,Extranjera,Población con ingresos por unidad de consumo por debajo de 7.500 Euros,2015-01-01,0.0,32001,Bajo
32001 Allariz,3200101 Allariz distrito 01,3200101002 Allariz sección 01002,Total,Extranjera,Población con ingresos por unidad de consumo por debajo de 10.000 Euros,2015-01-01,0.0,32001,Bajo
32001 Allariz,3200101 Allariz distrito 01,3200101002 Allariz sección 01002,Hombres,Española,Población con ingresos por unidad de consumo por debajo de 5.000 Euros,2015-01-01,0.0,32001,Bajo
32001 Allariz,3200101 Allariz distrito 01,3200101002 Allariz sección 01002,Hombres,Española,Población con ingresos por unidad de consumo por debajo de 7.500 Euros,2015-01-01,0.0,32001,Bajo
32001 Allariz,3200101 Allariz distrito 01,3200101002 Allariz sección 01002,Hombres,Española,Población con ingresos por unidad de consumo por debajo de 10.000 Euros,2015-01-01,0.0,32001,Bajo
32001 Allariz,3200101 Allariz distrito 01,3200101002 Allariz sección 01002,Hombres,Extranjera,Población con ingresos por unidad de consumo por debajo de 5.000 Euros,2015-01-01,0.0,32001,Bajo
32001 Allariz,3200101 Allariz distrito 01,3200101002 Allariz sección 01002,Hombres,Extranjera,Población con ingresos por unidad de consumo por debajo de 7.500 Euros,2015-01-01,0.0,32001,Bajo
32001 Allariz,3200101 Allariz distrito 01,3200101002 Allariz sección 01002,Hombres,Extranjera,Población con ingresos por unidad de consumo por debajo de 10.000 Euros,2015-01-01,0.0,32001,Bajo
32001 Allariz,3200101 Allariz distrito 01,3200101002 Allariz sección 01002,Mujeres,Española,Población con ingresos por unidad de consumo por debajo de 5.000 Euros,2015-01-01,0.0,32001,Bajo
32001 Allariz,3200101 Allariz distrito 01,3200101002 Allariz sección 01002,Mujeres,Española,Población con ingresos por unidad de consumo por debajo de 7.500 Euros,2015-01-01,0.0,32001,Bajo
32001 Allariz,3200101 Allariz distrito 01,3200101002 Allariz sección 01002,Mujeres,Española,Población con ingresos por unidad de consumo por debajo de 10.000 Euros,2015-01-01,0.0,32001,Bajo
32001 Allariz,3200101 Allariz distrito 01,3200101002 Allariz sección 01002,Mujeres,Extranjera,Población con ingresos por unidad de consumo por debajo de 5.000 Euros,2015-01-01,0.0,32001,Bajo
32001 Allariz,3200101 Allariz distrito 01,3200101002 Allariz sección 01002,Mujeres,Extranjera,Población con ingresos por unidad de consumo por debajo de 7.500 Euros,2015-01-01,0.0,32001,Bajo
32001 Allariz,3200101 Allariz distrito 01,3200101002 Allariz sección 01002,Mujeres,Extranjera,Población con ingresos por unidad de consumo por debajo de 10.000 Euros,2015-01-01,0.0,32001,Bajo
32001 Allariz,3200101 Allariz distrito 01,3200101003 Allariz sección 01003,Total,Española,Población con ingresos por unidad de consumo por debajo de 5.000 Euros,2015-01-01,0.0,32001,Bajo
32001 Allariz,3200101 Allariz distrito 01,3200101003 Allariz sección 01003,Total,Española,Población con ingresos por unidad de consumo por debajo de 7.500 Euros,2015-01-01,0.0,32001,Bajo
32001 Allariz,3200101 Allariz distrito 01,3200101003 Allariz sección 01003,Total,Española,Población con ingresos por unidad de consumo por debajo de 10.000 Euros,2015-01-01,0.0,32001,Bajo
32001 Allariz,3200101 Allariz distrito 01,3200101003 Allariz sección 01003,Total,Extranjera,Población con ingresos por unidad de consumo por debajo de 5.000 Euros,2015-01-01,0.0,32001,Bajo
32001 Allariz,3200101 Allariz distrito 01,3200101003 Allariz sección 01003,Total,Extranjera,Población con ingresos por unidad de consumo por debajo de 7.500 Euros,2015-01-01,0.0,32001,Bajo
32001 Allariz,3200101 Allariz distrito 01,3200101003 Allariz sección 01003,Total,Extranjera,Población con ingresos por unidad de consumo por debajo de 10.000 Euros,2015-01-01,0.0,32001,Bajo
32001 Allariz,3200101 Allariz distrito 01,3200101003 Allariz sección 01003,Hombres,Española,Población con ingresos por unidad de consumo por debajo de 5.000 Euros,2015-01-01,0.0,32001,Bajo
32001 Allariz,3200101 Allariz distrito 01,3200101003 Allariz sección 01003,Hombres,Española,Población con ingresos por unidad de consumo por debajo de 7.500 Euros,2015-01-01,0.0,32001,Bajo
32001 Allariz,3200101 Allariz distrito 01,3200101003 Allariz sección 01003,Hombres,Española,Población con ingresos por unidad de consumo por debajo de 10.000 Euros,2015-01-01,0.0,32001,Bajo
32001 Allariz,3200101 Allariz distrito 01,3200101003 Allariz sección 01003,Hombres,Extranjera,Población con ingresos por unidad de consumo por debajo de 5.000 Euros,2015-01-01,0.0,32001,Bajo
32001 Allariz,3200101 Allariz distrito 01,3200101003 Allariz sección 01003,Hombres,Extranjera,Población con ingresos por unidad de consumo por debajo de 7.500 Euros,2015-01-01,0.0,32001,Bajo
32001 Allariz,3200101 Allariz distrito 01,3200101003 Allariz sección 01003,Hombres,Extranjera,Población con ingresos por unidad de consumo por debajo de 10.000 Euros,2015-01-01,0.0,32001,Bajo
32001 Allariz,3200101 Allariz distrito 01,3200101003 Allariz sección 01003,Mujeres,Española,Población con ingresos por unidad de consumo por debajo de 5.000 Euros,2015-01-01,0.0,32001,Bajo
32001 Allariz,3200101 Allariz distrito 01,3200101003 Allariz sección 01003,Mujeres,Española,Población con ingresos por unidad de consumo por debajo de 7.500 Euros,2015-01-01,0.0,32001,Bajo
32001 Allariz,3200101 Allariz distrito 01,3200101003 Allariz sección 01003,Mujeres,Española,Población con ingresos por unidad de consumo por debajo de 10.000 Euros,2015-01-01,0.0,32001,Bajo
32001 Allariz,3200101 Allariz distrito 01,3200101003 Allariz sección 01003,Mujeres,Extranjera,Población con ingresos por unidad de consumo por debajo de 5.000 Euros,2015-01-01,0.0,32001,Bajo
32001 Allariz,3200101 Allariz distrito 01,3200101003 Allariz sección 01003,Mujeres,Extranjera,Población con ingresos por unidad de consumo por debajo de 7.500 Euros,2015-01-01,0.0,32001,Bajo
32001 Allariz,3200101 Allariz distrito 01,3200101003 Allariz sección 01003,Mujeres,Extranjera,Población con ingresos por unidad de consumo por debajo de 10.000 Euros,2015-01-01,0.0,32001,Bajo
32001 Allariz,3200102 Allariz distrito 02,No,Total,Española,Población con ingresos por unidad de consumo por debajo de 5.000 Euros,2015-01-01,0.0,32001,Bajo
32001 Allariz,3200102 Allariz distrito 02,No,Total,Española,Población con ingresos por unidad de consumo por debajo de 7.500 Euros,2015-01-01,0.0,32001,Bajo
32001 Allariz,3200102 Allariz distrito 02,No,Total,Española,Población con ingresos por unidad de consumo por debajo de 10.000 Euros,2015-01-01,0.0,32001,Bajo
32001 Allariz,3200102 Allariz distrito 02,No,Total,Extranjera,Población con ingresos por unidad de consumo por debajo de 5.000 Euros,2015-01-01,0.0,32001,Bajo
32001 Allariz,3200102 Allariz distrito 02,No,Total,Extranjera,Población con ingresos por unidad de consumo por debajo de 7.500 Euros,2015-01-01,0.0,32001,Bajo
32001 Allariz,3200102 Allariz distrito 02,No,Total,Extranjera,Población con ingresos por unidad de consumo por debajo de 10.000 Euros,2015-01-01,0.0,32001,Bajo
32001 Allariz,3200102 Allariz distrito 02,No,Hombres,Española,Población con ingresos por unidad de consumo por debajo de 5.000 Euros,2015-01-01,0.0,32001,Bajo
32001 Allariz,3200102 Allariz distrito 02,No,Hombres,Española,Población con ingresos por unidad de consumo por debajo de 7.500 Euros,2015-01-01,0.0,32001,Bajo
32001 Allariz,3200102 Allariz distrito 02,No,Hombres,Española,Población con ingresos por unidad de consumo por debajo de 10.000 Euros,2015-01-01,0.0,32001,Bajo
32001 Allariz,3200102 Allariz distrito 02,No,Hombres,Extranjera,Población con ingresos por unidad de consumo por debajo de 5.000 Euros,2015-01-01,0.0,32001,Bajo
32001 Allariz,3200102 Allariz distrito 02,No,Hombres,Extranjera,Población con ingresos por unidad de consumo por debajo de 7.500 Euros,2015-01-01,0.0,32001,Bajo
32001 Allariz,3200102 Allariz distrito 02,No,Hombres,Extranjera,Población con ingresos por unidad de consumo por debajo de 10.000 Euros,2015-01-01,0.0,32001,Bajo
32001 Allariz,3200102 Allariz distrito 02,No,Mujeres,Española,Población con ingresos por unidad de consumo por debajo de 5.000 Euros,2015-01-01,0.0,32001,Bajo
32001 Allariz,3200102 Allariz distrito 02,No,Mujeres,Española,Población con ingresos por unidad de consumo por debajo de 7.500 Euros,2015-01-01,0.0,32001,Bajo
32001 Allariz,3200102 Allariz distrito 02,No,Mujeres,Española,Población con ingresos por unidad de consumo por debajo de 10.000 Euros,2015-01-01,0.0,32001,Bajo
32001 Allariz,3200102 Allariz distrito 02,No,Mujeres,Extranjera,Población con ingresos por unidad de consumo por debajo de 5.000 Euros,2015-01-01,0.0,32001,Bajo
32001 Allariz,3200102 Allariz distrito 02,No,Mujeres,Extranjera,Población con ingresos por unidad de consumo por debajo de 7.500 Euros,2015-01-01,0.0,32001,Bajo
32001 Allariz,3200102 Allariz distrito 02,No,Mujeres,Extranjera,Población con ingresos por unidad de consumo por debajo de 10.000 Euros,2015-01-01,0.0,32001,Bajo
32001 Allariz,3200102 Allariz distrito 02,3200102001 Allariz sección 02001,Total,Española,Población con ingresos por unidad de consumo por debajo de 5.000 Euros,2015-01-01,0.0,32001,Bajo
32001 Allariz,3200102 Allariz distrito 02,3200102001 Allariz sección 02001,Total,Española,Población con ingresos por unidad de consumo por debajo de 7.500 Euros,2015-01-01,0.0,32001,Bajo
32001 Allariz,3200102 Allariz distrito 02,3200102001 Allariz sección 02001,Total,Española,Población con ingresos por unidad de consumo por debajo de 10.000 Euros,2015-01-01,0.0,32001,Bajo
32001 Allariz,3200102 Allariz distrito 02,3200102001 Allariz sección 02001,Total,Extranjera,Población con ingresos por unidad de consumo por debajo de 5.000 Euros,2015-01-01,0.0,32001,Bajo
32001 Allariz,3200102 Allariz distrito 02,3200102001 Allariz sección 02001,Total,Extranjera,Población con ingresos por unidad de consumo por debajo de 7.500 Euros,2015-01-01,0.0,32001,Bajo
32001 Allariz,3200102 Allariz distrito 02,3200102001 Allariz sección 02001,Total,Extranjera,Población con ingresos por unidad de consumo por debajo de 10.000 Euros,2015-01-01,0.0,32001,Bajo
32001 Allariz,3200102 Allariz distrito 02,3200102001 Allariz sección 02001,Hombres,Española,Población con ingresos por unidad de consumo por debajo de 5.000 Euros,2015-01-01,0.0,32001,Bajo
32001 Allariz,3200102 Allariz distrito 02,3200102001 Allariz sección 02001,Hombres,Española,Población con ingresos por unidad de consumo por debajo de 7.500 Euros,2015-01-01,0.0,32001,Bajo
32001 Allariz,3200102 Allariz distrito 02,3200102001 Allariz sección 02001,Hombres,Española,Población con ingresos por unidad de consumo por debajo de 10.000 Euros,2015-01-01,0.0,32001,Bajo
32001 Allariz,3200102 Allariz distrito 02,3200102001 Allariz sección 02001,Hombres,Extranjera,Población con ingresos por unidad de consumo por debajo de 5.000 Euros,2015-01-01,0.0,32001,Bajo
32001 Allariz,3200102 Allariz distrito 02,3200102001 Allariz sección 02001,Hombres,Extranjera,Población con ingresos por unidad de consumo por debajo de 7.500 Euros,2015-01-01,0.0,32001,Bajo
32001 Allariz,3200102 Allariz distrito 02,3200102001 Allariz sección 02001,Hombres,Extranjera,Población con ingresos por unidad de consumo por debajo de 10.000 Euros,2015-01-01,0.0,32001,Bajo
32001 Allariz,3200102 Allariz distrito 02,3200102001 Allariz sección 02001,Mujeres,Española,Población con ingresos por unidad de consumo por debajo de 5.000 Euros,2015-01-01,0.0,32001,Bajo
32001 Allariz,3200102 Allariz distrito 02,3200102001 Allariz sección 02001,Mujeres,Española,Población con ingresos por unidad de consumo por debajo de 7.500 Euros,2015-01-01,0.0,32001,Bajo
32001 Allariz,3200102 Allariz distrito 02,3200102001 Allariz sección 02001,Mujeres,Española,Población con ingresos por unidad de consumo por debajo de 10.000 Euros,2015-01-01,0.0,32001,Bajo
32001 Allariz,3200102 Allariz distrito 02,3200102001 Allariz sección 02001,Mujeres,Extranjera,Población con ingresos por unidad de consumo por debajo de 5.000 Euros,2015-01-01,0.0,32001,Bajo
32001 Allariz,3200102 Allariz distrito 02,3200102001 Allariz sección 02001,Mujeres,Extranjera,Población con ingresos por unidad de consumo por debajo de 7.500 Euros,2015-01-01,0.0,32001,Bajo
32001 Allariz,3200102 Allariz distrito 02,3200102001 Allariz sección 02001,Mujeres,Extranjera,Población con ingresos por unidad de consumo por debajo de 10.000 Euros,2015-01-01,0.0,32001,Bajo
32002 Amoeiro,No,No,Total,Española,Población con ingresos por unidad de consumo por debajo de 5.000 Euros,2015-01-01,0.0,32001,Bajo
32002 Amoeiro,No,No,Total,Española,Población con ingresos por unidad de consumo por debajo de 7.500 Euros,2015-01-01,0.0,32001,Bajo
32002 Amoeiro,No,No,Total,Española,Población con ingresos por unidad de consumo por debajo de 10.000 Euros,2015-01-01,0.0,32001,Bajo
32002 Amoeiro,No,No,Total,Extranjera,Población con ingresos por unidad de consumo por debajo de 5.000 Euros,2015-01-01,0.0,32001,Bajo
32002 Amoeiro,No,No,Total,Extranjera,Población con ingresos por unidad de consumo por debajo de 7.500 Euros,2015-01-01,0.0,32001,Bajo
32002 Amoeiro,No,No,Total,Extranjera,Población con ingresos por unidad de consumo por debajo de 10.000 Euros,2015-01-01,0.0,32001,Bajo
32002 Amoeiro,No,No,Hombres,Española,Población con ingresos por unidad de consumo por debajo de 5.000 Euros,2015-01-01,0.0,32001,Bajo
32002 Amoeiro,No,No,Hombres,Española,Población con ingresos por unidad de consumo por debajo de 7.500 Euros,2015-01-01,0.0,32001,Bajo
32002 Amoeiro,No,No,Hombres,Española,Población con ingresos por unidad de consumo por debajo de 10.000 Euros,2015-01-01,0.0,32001,Bajo
32002 Amoeiro,No,No,Hombres,Extranjera,Población con ingresos por unidad de consumo por debajo de 5.000 Euros,2015-01-01,0.0,32001,Bajo
32002 Amoeiro,No,No,Hombres,Extranjera,Población con ingresos por unidad de consumo por debajo de 7.500 Euros,2015-01-01,0.0,32001,Bajo
32002 Amoeiro,No,No,Hombres,Extranjera,Población con ingresos por unidad de consumo por debajo de 10.000 Euros,2015-01-01,0.0,32001,Bajo
32002 Amoeiro,No,No,Mujeres,Española,Población con ingresos por unidad de consumo por debajo de 5.000 Euros,2015-01-01,0.0,32001,Bajo
32002 Amoeiro,No,No,Mujeres,Española,Población con ingresos por unidad de consumo por debajo de 7.500 Euros,2015-01-01,0.0,32001,Bajo
32002 Amoeiro,No,No,Mujeres,Española,Población con ingresos por unidad de consumo por debajo de 10.000 Euros,2015-01-01,0.0,32001,Bajo
32002 Amoeiro,No,No,Mujeres,Extranjera,Población con ingresos por unidad de consumo por debajo de 5.000 Euros,2015-01-01,0.0,32001,Bajo
32002 Amoeiro,No,No,Mujeres,Extranjera,Población con ingresos por unidad de consumo por debajo de 7.500 Euros,2015-01-01,0.0,32001,Bajo
32002 Amoeiro,No,No,Mujeres,Extranjera,Población con ingresos por unidad de consumo por debajo de 10.000 Euros,2015-01-01,0.0,32001,Bajo
32002 Amoeiro,3200201 Amoeiro distrito 01,No,Total,Española,Población con ingresos por unidad de consumo por debajo de 5.000 Euros,2015-01-01,0.0,32001,Bajo
32002 Amoeiro,3200201 Amoeiro distrito 01,No,Total,Española,Población con ingresos por unidad de consumo por debajo de 7.500 Euros,2015-01-01,0.0,32001,Bajo
32002 Amoeiro,3200201 Amoeiro distrito 01,No,Total,Española,Población con ingresos por unidad de consumo por debajo de 10.000 Euros,2015-01-01,0.0,32001,Bajo
32002 Amoeiro,3200201 Amoeiro distrito 01,No,Total,Extranjera,Población con ingresos por unidad de consumo por debajo de 5.000 Euros,2015-01-01,0.0,32001,Bajo
32002 Amoeiro,3200201 Amoeiro distrito 01,No,Total,Extranjera,Población con ingresos por unidad de consumo por debajo de 7.500 Euros,2015-01-01,0.0,32001,Bajo
32002 Amoeiro,3200201 Amoeiro distrito 01,No,Total,Extranjera,Población con ingresos por unidad de consumo por debajo de 10.000 Euros,2015-01-01,0.0,32001,Bajo
32002 Amoeiro,3200201 Amoeiro distrito 01,No,Hombres,Española,Población con ingresos por unidad de consumo por debajo de 5.000 Euros,2015-01-01,0.0,32001,Bajo
32002 Amoeiro,3200201 Amoeiro distrito 01,No,Hombres,Española,Población con ingresos por unidad de consumo por debajo de 7.500 Euros,2015-01-01,0.0,32001,Bajo
32002 Amoeiro,3200201 Amoeiro distrito 01,No,Hombres,Española,Población con ingresos por unidad de consumo por debajo de 10.000 Euros,2015-01-01,0.0,32001,Bajo
32002 Amoeiro,3200201 Amoeiro distrito 01,No,Hombres,Extranjera,Población con ingresos por unidad de consumo por debajo de 5.000 Euros,2015-01-01,0.0,32001,Bajo
32002 Amoeiro,3200201 Amoeiro distrito 01,No,Hombres,Extranjera,Población con ingresos por unidad de consumo por debajo de 7.500 Euros,2015-01-01,0.0,32001,Bajo
32002 Amoeiro,3200201 Amoeiro distrito 01,No,Hombres,Extranjera,Población con ingresos por unidad de consumo por debajo de 10.000 Euros,2015-01-01,0.0,32001,Bajo
32002 Amoeiro,3200201 Amoeiro distrito 01,No,Mujeres,Española,Población con ingresos por unidad de consumo por debajo de 5.000 Euros,2015-01-01,0.0,32001,Bajo
32002 Amoeiro,3200201 Amoeiro distrito 01,No,Mujeres,Española,Población con ingresos por unidad de consumo por debajo de 7.500 Euros,2015-01-01,0.0,32001,Bajo
32002 Amoeiro,3200201 Amoeiro distrito 01,No,Mujeres,Española,Población con ingresos por unidad de consumo por debajo de 10.000 Euros,2015-01-01,0.0,32001,Bajo
32002 Amoeiro,3200201 Amoeiro distrito 01,No,Mujeres,Extranjera,Población con ingresos por unidad de consumo por debajo de 5.000 Euros,2015-01-01,0.0,32001,Bajo
32002 Amoeiro,3200201 Amoeiro distrito 01,No,Mujeres,Extranjera,Población con ingresos por unidad de consumo por debajo de 7.500 Euros,2015-01-01,0.0,32001,Bajo
32002 Amoeiro,3200201 Amoeiro distrito 01,No,Mujeres,Extranjera,Población con ingresos por unidad de consumo por debajo de 10.000 Euros,2015-01-01,0.0,32001,Bajo
32002 Amoeiro,3200201 Amoeiro distrito 01,3200201001 Amoeiro sección 01001,Total,Española,Población con ingresos por unidad de consumo por debajo de 5.000 Euros,2015-01-01,0.0,32001,Bajo
32002 Amoeiro,3200201 Amoeiro distrito 01,3200201001 Amoeiro sección 01001,Total,Española,Población con ingresos por unidad de consumo por debajo de 7.500 Euros,2015-01-01,0.0,32001,Bajo
32002 Amoeiro,3200201 Amoeiro distrito 01,3200201001 Amoeiro sección 01001,Total,Española,Población con ingresos por unidad de consumo por debajo de 10.000 Euros,2015-01-01,0.0,32001,Bajo
32002 Amoeiro,3200201 Amoeiro distrito 01,3200201001 Amoeiro sección 01001,Total,Extranjera,Población con ingresos por unidad de consumo por debajo de 5.000 Euros,2015-01-01,0.0,32001,Bajo
32002 Amoeiro,3200201 Amoeiro distrito 01,3200201001 Amoeiro sección 01001,Total,Extranjera,Población con ingresos por unidad de consumo por debajo de 7.500 Euros,2015-01-01,0.0,32001,Bajo
32002 Amoeiro,3200201 Amoeiro distrito 01,3200201001 Amoeiro sección 01001,Total,Extranjera,Población con ingresos por unidad de consumo por debajo de 10.000 Euros,2015-01-01,0.0,32001,Bajo
32002 Amoeiro,3200201 Amoeiro distrito 01,3200201001 Amoeiro sección 01001,Hombres,Española,Población con ingresos por unidad de consumo por debajo de 5.000 Euros,2015-01-01,0.0,32001,Bajo
32002 Amoeiro,3200201 Amoeiro distrito 01,3200201001 Amoeiro sección 01001,Hombres,Española,Población con ingresos por unidad de consumo por debajo de 7.500 Euros,2015-01-01,0.0,32001,Bajo
32002 Amoeiro,3200201 Amoeiro distrito 01,3200201001 Amoeiro sección 01001,Hombres,Española,Población con ingresos por unidad de consumo por debajo de 10.000 Euros,2015-01-01,0.0,32001,Bajo
32002 Amoeiro,3200201 Amoeiro distrito 01,3200201001 Amoeiro sección 01001,Hombres,Extranjera,Población con ingresos por unidad de consumo por debajo de 5.000 Euros,2015-01-01,0.0,32001,Bajo
32002 Amoeiro,3200201 Amoeiro distrito 01,3200201001 Amoeiro sección 01001,Hombres,Extranjera,Población con ingresos por unidad de consumo por debajo de 7.500 Euros,2015-01-01,0.0,32001,Bajo
32002 Amoeiro,3200201 Amoeiro distrito 01,3200201001 Amoeiro sección 01001,Hombres,Extranjera,Población con ingresos por unidad de consumo por debajo de 10.000 Euros,2015-01-01,0.0,32001,Bajo
32002 Amoeiro,3200201 Amoeiro distrito 01,3200201001 Amoeiro sección 01001,Mujeres,Española,Población con ingresos por unidad de consumo por debajo de 5.000 Euros,2015-01-01,0.0,32001,Bajo
32002 Amoeiro,3200201 Amoeiro distrito 01,3200201001 Amoeiro sección 01001,Mujeres,Española,Población con ingresos por unidad de consumo por debajo de 7.500 Euros,2015-01-01,0.0,32001,Bajo
32002 Amoeiro,3200201 Amoeiro distrito 01,3200201001 Amoeiro sección 01001,Mujeres,Española,Población con ingresos por unidad de consumo por debajo de 10.000 Euros,2015-01-01,0.0,32001,Bajo
32002 Amoeiro,3200201 Amoeiro distrito 01,3200201001 Amoeiro sección 01001,Mujeres,Extranjera,Población con ingresos por unidad de consumo por debajo de 5.000 Euros,2015-01-01,0.0,32001,Bajo
32002 Amoeiro,3200201 Amoeiro distrito 01,3200201001 Amoeiro sección 01001,Mujeres,Extranjera,Población con ingresos por unidad de consumo por debajo de 7.500 Euros,2015-01-01,0.0,32001,Bajo
32002 Amoeiro,3200201 Amoeiro distrito 01,3200201001 Amoeiro sección 01001,Mujeres,Extranjera,Población con ingresos por unidad de consumo por debajo de 10.000 Euros,2015-01-01,0.0,32001,Bajo
32002 Amoeiro,3200201 Amoeiro distrito 01,3200201002 Amoeiro sección 01002,Total,Española,Población con ingresos por unidad de consumo por debajo de 5.000 Euros,2015-01-01,0.0,32001,Bajo
32002 Amoeiro,3200201 Amoeiro distrito 01,3200201002 Amoeiro sección 01002,Total,Española,Población con ingresos por unidad de consumo por debajo de 7.500 Euros,2015-01-01,0.0,32001,Bajo
32002 Amoeiro,3200201 Amoeiro distrito 01,3200201002 Amoeiro sección 01002,Total,Española,Población con ingresos por unidad de consumo por debajo de 10.000 Euros,2015-01-01,0.0,32001,Bajo
32002 Amoeiro,3200201 Amoeiro distrito 01,3200201002 Amoeiro sección 01002,Total,Extranjera,Población con ingresos por unidad de consumo por debajo de 5.000 Euros,2015-01-01,0.0,32001,Bajo
32002 Amoeiro,3200201 Amoeiro distrito 01,3200201002 Amoeiro sección 01002,Total,Extranjera,Población con ingresos por unidad de consumo por debajo de 7.500 Euros,2015-01-01,0.0,32001,Bajo
32002 Amoeiro,3200201 Amoeiro distrito 01,3200201002 Amoeiro sección 01002,Total,Extranjera,Población con ingresos por unidad de consumo por debajo de 10.000 Euros,2015-01-01,0.0,32001,Bajo
32002 Amoeiro,3200201 Amoeiro distrito 01,3200201002 Amoeiro sección 01002,Hombres,Española,Población con ingresos por unidad de consumo por debajo de 5.000 Euros,2015-01-01,0.0,32001,Bajo
32002 Amoeiro,3200201 Amoeiro distrito 01,3200201002 Amoeiro sección 01002,Hombres,Española,Población con ingresos por unidad de consumo por debajo de 7.500 Euros,2015-01-01,0.0,32001,Bajo
32002 Amoeiro,3200201 Amoeiro distrito 01,3200201002 Amoeiro sección 01002,Hombres,Española,Población con ingresos por unidad de consumo por debajo de 10.000 Euros,2015-01-01,0.0,32001,Bajo
32002 Amoeiro,3200201 Amoeiro distrito 01,3200201002 Amoeiro sección 01002,Hombres,Extranjera,Población con ingresos por unidad de consumo por debajo de 5.000 Euros,2015-01-01,0.0,32001,Bajo
32002 Amoeiro,3200201 Amoeiro distrito 01,3200201002 Amoeiro sección 01002,Hombres,Extranjera,Población con ingresos por unidad de consumo por debajo de 7.500 Euros,2015-01-01,0.0,32001,Bajo
32002 Amoeiro,3200201 Amoeiro distrito 01,3200201002 Amoeiro sección 01002,Hombres,Extranjera,Población con ingresos por unidad de consumo por debajo de 10.000 Euros,2015-01-01,0.0,32001,Bajo
32002 Amoeiro,3200201 Amoeiro distrito 01,3200201002 Amoeiro sección 01002,Mujeres,Española,Población con ingresos por unidad de consumo por debajo de 5.000 Euros,2015-01-01,0.0,32001,Bajo
32002 Amoeiro,3200201 Amoeiro distrito 01,3200201002 Amoeiro sección 01002,Mujeres,Española,Población con ingresos por unidad de consumo por debajo de 7.500 Euros,2015-01-01,0.0,32001,Bajo
32002 Amoeiro,3200201 Amoeiro distrito 01,3200201002 Amoeiro sección 01002,Mujeres,Española,Población con ingresos por unidad de consumo por debajo de 10.000 Euros,2015-01-01,0.0,32001,Bajo
32002 Amoeiro,3200201 Amoeiro distrito 01,3200201002 Amoeiro sección 01002,Mujeres,Extranjera,Población con ingresos por unidad de consumo por debajo de 5.000 Euros,2015-01-01,0.0,32001,Bajo
32002 Amoeiro,3200201 Amoeiro distrito 01,3200201002 Amoeiro sección 01002,Mujeres,Extranjera,Población con ingresos por unidad de consumo por debajo de 7.500 Euros,2015-01-01,0.0,32001,Bajo
32002 Amoeiro,3200201 Amoeiro distrito 01,3200201002 Amoeiro sección 01002,Mujeres,Extranjera,Población con ingresos por unidad de consumo por debajo de 10.000 Euros,2015-01-01,0.0,32001,Bajo
"32003 Arnoia, A",No,No,Total,Española,Población con ingresos por unidad de consumo por debajo de 5.000 Euros,2015-01-01,0.0,32001,Bajo
"32003 Arnoia, A",No,No,Total,Española,Población con ingresos por unidad de consumo por debajo de 7.500 Euros,2015-01-01,0.0,32001,Bajo
"32003 Arnoia, A",No,No,Total,Española,Población con ingresos por unidad de consumo por debajo de 10.000 Euros,2015-01-01,0.0,32001,Bajo
"32003 Arnoia, A",No,No,Total,Extranjera,Población con ingresos por unidad de consumo por debajo de 5.000 Euros,2015-01-01,0.0,32001,Bajo
"32003 Arnoia, A",No,No,Total,Extranjera,Población con ingresos por unidad de consumo por debajo de 7.500 Euros,2015-01-01,0.0,32001,Bajo
"32003 Arnoia, A",No,No,Total,Extranjera,Población con ingresos por unidad de consumo por debajo de 10.000 Euros,2015-01-01,0.0,32001,Bajo
"32003 Arnoia, A",No,No,Hombres,Española,Población con ingresos por unidad de consumo por debajo de 5.000 Euros,2015-01-01,0.0,32001,Bajo
"32003 Arnoia, A",No,No,Hombres,Española,Población con ingresos por unidad de consumo por debajo de 7.500 Euros,2015-01-01,0.0,32001,Bajo
"32003 Arnoia, A",No,No,Hombres,Española,Población con ingresos por unidad de consumo por debajo de 10.000 Euros,2015-01-01,0.0,32001,Bajo
"32003 Arnoia, A",No,No,Hombres,Extranjera,Población con ingresos por unidad de consumo por debajo de 5.000 Euros,2015-01-01,0.0,32001,Bajo
"32003 Arnoia, A",No,No,Hombres,Extranjera,Población con ingresos por unidad de consumo por debajo de 7.500 Euros,2015-01-01,0.0,32001,Bajo
"32003 Arnoia, A",No,No,Hombres,Extranjera,Población con ingresos por unidad de consumo por debajo de 10.000 Euros,2015-01-01,0.0,32001,Bajo
"32003 Arnoia, A",No,No,Mujeres,Española,Población con ingresos por unidad de consumo por debajo de 5.000 Euros,2015-01-01,0.0,32001,Bajo
"32003 Arnoia, A",No,No,Mujeres,Española,Población con ingresos por unidad de consumo por debajo de 7.500 Euros,2015-01-01,0.0,32001,Bajo
"32003 Arnoia, A",No,No,Mujeres,Española,Población con ingresos por unidad de consumo por debajo de 10.000 Euros,2015-01-01,0.0,32001,Bajo
"32003 Arnoia, A",No,No,Mujeres,Extranjera,Población con ingresos por unidad de consumo por debajo de 5.000 Euros,2015-01-01,0.0,32001,Bajo
"32003 Arnoia, A",No,No,Mujeres,Extranjera,Población con ingresos por unidad de consumo por debajo de 7.500 Euros,2015-01-01,0.0,32001,Bajo
"32003 Arnoia, A",No,No,Mujeres,Extranjera,Población con ingresos por unidad de consumo por debajo de 10.000 Euros,2015-01-01,0.0,32001,Bajo
"32003 Arnoia, A","3200301 Arnoia, A distrito 01",No,Total,Española,Población con ingresos por unidad de consumo por debajo de 5.000 Euros,2015-01-01,0.0,32001,Bajo
"32003 Arnoia, A","3200301 Arnoia, A distrito 01",No,Total,Española,Población con ingresos por unidad de consumo por debajo de 7.500 Euros,2015-01-01,0.0,32001,Bajo
"32003 Arnoia, A","3200301 Arnoia, A distrito 01",No,Total,Española,Población con ingresos por unidad de consumo por debajo de 10.000 Euros,2015-01-01,0.0,32001,Bajo
"32003 Arnoia, A","3200301 Arnoia, A distrito 01",No,Total,Extranjera,Población con ingresos por unidad de consumo por debajo de 5.000 Euros,2015-01-01,0.0,32001,Bajo
"32003 Arnoia, A","3200301 Arnoia, A distrito 01",No,Total,Extranjera,Población con ingresos por unidad de consumo por debajo de 7.500 Euros,2015-01-01,0.0,32001,Bajo
"32003 Arnoia, A","3200301 Arnoia, A distrito 01",No,Total,Extranjera,Población con ingresos por unidad de consumo por debajo de 10.000 Euros,2015-01-01,0.0,32001,Bajo
"32003 Arnoia, A","3200301 Arnoia, A distrito 01",No,Hombres,Española,Población con ingresos por unidad de consumo por debajo de 5.000 Euros,2015-01-01,0.0,32001,Bajo
"32003 Arnoia, A","3200301 Arnoia, A distrito 01",No,Hombres,Española,Población con ingresos por unidad de consumo por debajo de 7.500 Euros,2015-01-01,0.0,32001,Bajo
"32003 Arnoia, A","3200301 Arnoia, A distrito 01",No,Hombres,Española,Población con ingresos por unidad de consumo por debajo de 10.000 Euros,2015-01-01,0.0,32001,Bajo
"32003 Arnoia, A","3200301 Arnoia, A distrito 01",No,Hombres,Extranjera,Población con ingresos por unidad de consumo por debajo de 5.000 Euros,2015-01-01,0.0,32001,Bajo
"32003 Arnoia, A","3200301 Arnoia, A distrito 01",No,Hombres,Extranjera,Población con ingresos por unidad de consumo por debajo de 7.500 Euros,2015-01-01,0.0,32001,Bajo
"32003 Arnoia, A","3200301 Arnoia, A distrito 01",No,Hombres,Extranjera,Población con ingresos por unidad de consumo por debajo de 10.000 Euros,2015-01-01,0.0,32001,Bajo
"32003 Arnoia, A","3200301 Arnoia, A distrito 01",No,Mujeres,Española,Población con ingresos por unidad de consumo por debajo de 5.000 Euros,2015-01-01,0.0,32001,Bajo
"32003 Arnoia, A","3200301 Arnoia, A distrito 01",No,Mujeres,Española,Población con ingresos por unidad de consumo por debajo de 7.500 Euros,2015-01-01,0.0,32001,Bajo
"32003 Arnoia, A","3200301 Arnoia, A distrito 01",No,Mujeres,Española,Población con ingresos por unidad de consumo por debajo de 10.000 Euros,2015-01-01,0.0,32001,Bajo
"32003 Arnoia, A","3200301 Arnoia, A distrito 01",No,Mujeres,Extranjera,Población con ingresos por unidad de consumo por debajo de 5.000 Euros,2015-01-01,0.0,32001,Bajo
"32003 Arnoia, A","3200301 Arnoia, A distrito 01",No,Mujeres,Extranjera,Población con ingresos por unidad de consumo por debajo de 7.500 Euros,2015-01-01,0.0,32001,Bajo
"32003 Arnoia, A","3200301 Arnoia, A distrito 01",No,Mujeres,Extranjera,Población con ingresos por unidad de consumo por debajo de 10.000 Euros,2015-01-01,0.0,32001,Bajo
"32003 Arnoia, A","3200301 Arnoia, A distrito 01","3200301001 Arnoia, A sección 01001",Total,Española,Población con ingresos por unidad de consumo por debajo de 5.000 Euros,2015-01-01,0.0,32001,Bajo
"32003 Arnoia, A","3200301 Arnoia, A distrito 01","3200301001 Arnoia, A sección 01001",Total,Española,Población con ingresos por unidad de consumo por debajo de 7.500 Euros,2015-01-01,0.0,32001,Bajo
"32003 Arnoia, A","3200301 Arnoia, A distrito 01","3200301001 Arnoia, A sección 01001",Total,Española,Población con ingresos por unidad de consumo por debajo de 10.000 Euros,2015-01-01,0.0,32001,Bajo
"32003 Arnoia, A","3200301 Arnoia, A distrito 01","3200301001 Arnoia, A sección 01001",Total,Extranjera,Población con ingresos por unidad de consumo por debajo de 5.000 Euros,2015-01-01,0.0,32001,Bajo
"32003 Arnoia, A","3200301 Arnoia, A distrito 01","3200301001 Arnoia, A sección 01001",Total,Extranjera,Población con ingresos por unidad de consumo por debajo de 7.500 Euros,2015-01-01,0.0,32001,Bajo
"32003 Arnoia, A","3200301 Arnoia, A distrito 01","3200301001 Arnoia, A sección 01001",Total,Extranjera,Población con ingresos por unidad de consumo por debajo de 10.000 Euros,2015-01-01,0.0,32001,Bajo
"32003 Arnoia, A","3200301 Arnoia, A distrito 01","3200301001 Arnoia, A sección 01001",Hombres,Española,Población con ingresos por unidad de consumo por debajo de 5.000 Euros,2015-01-01,0.0,32001,Bajo
"32003 Arnoia, A","3200301 Arnoia, A distrito 01","3200301001 Arnoia, A sección 01001",Hombres,Española,Población con ingresos por unidad de consumo por debajo de 7.500 Euros,2015-01-01,0.0,32001,Bajo
"32003 Arnoia, A","3200301 Arnoia, A distrito 01","3200301001 Arnoia, A sección 01001",Hombres,Española,Población con ingresos por unidad de consumo por debajo de 10.000 Euros,2015-01-01,0.0,32001,Bajo
"32003 Arnoia, A","3200301 Arnoia, A distrito 01","3200301001 Arnoia, A sección 01001",Hombres,Extranjera,Población con ingresos por unidad de consumo por debajo de 5.000 Euros,2015-01-01,0.0,32001,Bajo
"32003 Arnoia, A","3200301 Arnoia, A distrito 01","3200301001 Arnoia, A sección 01001",Hombres,Extranjera,Población con ingresos por unidad de consumo por debajo de 7.500 Euros,2015-01-01,0.0,32001,Bajo
"32003 Arnoia, A","3200301 Arnoia, A distrito 01","3200301001 Arnoia, A sección 01001",Hombres,Extranjera,Población con ingresos por unidad de consumo por debajo de 10.000 Euros,2015-01-01,0.0,32001,Bajo
"32003 Arnoia, A","3200301 Arnoia, A distrito 01","3200301001 Arnoia, A sección 01001",Mujeres,Española,Población con ingresos por unidad de consumo por debajo de 5.000 Euros,2015-01-01,0.0,32001,Bajo
"32003 Arnoia, A","3200301 Arnoia, A distrito 01","3200301001 Arnoia, A sección 01001",Mujeres,Española,Población con ingresos por unidad de consumo por debajo de 7.500 Euros,2015-01-01,0.0,32001,Bajo
"32003 Arnoia, A","3200301 Arnoia, A distrito 01","3200301001 Arnoia, A sección 01001",Mujeres,Española,Población con ingresos por unidad de consumo por debajo de 10.000 Euros,2015-01-01,0.0,32001,Bajo
"32003 Arnoia, A","3200301 Arnoia, A distrito 01","3200301001 Arnoia, A sección 01001",Mujeres,Extranjera,Población con ingresos por unidad de consumo por debajo de 5.000 Euros,2015-01-01,0.0,32001,Bajo
"32003 Arnoia, A","3200301 Arnoia, A distrito 01","3200301001 Arnoia, A sección 01001",Mujeres,Extranjera,Población con ingresos por unidad de consumo por debajo de 7.500 Euros,2015-01-01,0.0,32001,Bajo
"32003 Arnoia, A","3200301 Arnoia, A distrito 01","3200301001 Arnoia, A sección 01001",Mujeres,Extranjera,Población con ingresos por unidad de consumo por debajo de 10.000 Euros,2015-01-01,0.0,32001,Bajo
32004 Avión,No,No,Total,Española,Población con ingresos por unidad de consumo por debajo de 5.000 Euros,2015-01-01,0.0,32001,Bajo
32004 Avión,No,No,Total,Española,Población con ingresos por unidad de consumo por debajo de 7.500 Euros,2015-01-01,0.0,32001,Bajo
32004 Avión,No,No,Total,Española,Población con ingresos por unidad de consumo por debajo de 10.000 Euros,2015-01-01,0.0,32001,Bajo
32004 Avión,No,No,Total,Extranjera,Población con ingresos por unidad de consumo por debajo de 5.000 Euros,2015-01-01,0.0,32001,Bajo
32004 Avión,No,No,Total,Extranjera,Población con ingresos por unidad de consumo por debajo de 7.500 Euros,2015-01-01,0.0,32001,Bajo
32004 Avión,No,No,Total,Extranjera,Población con ingresos por unidad de consumo por debajo de 10.000 Euros,2015-01-01,0.0,32001,Bajo
32004 Avión,No,No,Hombres,Española,Población con ingresos por unidad de consumo por debajo de 5.000 Euros,2015-01-01,0.0,32001,Bajo
32004 Avión,No,No,Hombres,Española,Población con ingresos por unidad de consumo por debajo de 7.500 Euros,2015-01-01,0.0,32001,Bajo
32004 Avión,No,No,Hombres,Española,Población con ingresos por unidad de consumo por debajo de 10.000 Euros,2015-01-01,0.0,32001,Bajo
32004 Avión,No,No,Hombres,Extranjera,Población con ingresos por unidad de consumo por debajo de 5.000 Euros,2015-01-01,0.0,32001,Bajo
32004 Avión,No,No,Hombres,Extranjera,Población con ingresos por unidad de consumo por debajo de 7.500 Euros,2015-01-01,0.0,32001,Bajo
32004 Avión,No,No,Hombres,Extranjera,Población con ingresos por unidad de consumo por debajo de 10.000 Euros,2015-01-01,0.0,32001,Bajo
32004 Avión,No,No,Mujeres,Española,Población con ingresos por unidad de consumo por debajo de 5.000 Euros,2015-01-01,0.0,32001,Bajo
32004 Avión,No,No,Mujeres,Española,Población con ingresos por unidad de consumo por debajo de 7.500 Euros,2015-01-01,0.0,32001,Bajo
32004 Avión,No,No,Mujeres,Española,Población con ingresos por unidad de consumo por debajo de 10.000 Euros,2015-01-01,0.0,32001,Bajo
32004 Avión,No,No,Mujeres,Extranjera,Población con ingresos por unidad de consumo por debajo de 5.000 Euros,2015-01-01,0.0,32001,Bajo
32004 Avión,No,No,Mujeres,Extranjera,Población con ingresos por unidad de consumo por debajo de 7.500 Euros,2015-01-01,0.0,32001,Bajo
32004 Avión,No,No,Mujeres,Extranjera,Población con ingresos por unidad de consumo por debajo de 10.000 Euros,2015-01-01,0.0,32001,Bajo
32004 Avión,3200401 Avión distrito 01,No,Total,Española,Población con ingresos por unidad de consumo por debajo de 5.000 Euros,2015-01-01,0.0,32001,Bajo
32004 Avión,3200401 Avión distrito 01,No,Total,Española,Población con ingresos por unidad de consumo por debajo de 7.500 Euros,2015-01-01,0.0,32001,Bajo
32004 Avión,3200401 Avión distrito 01,No,Total,Española,Población con ingresos por unidad de consumo por debajo de 10.000 Euros,2015-01-01,0.0,32001,Bajo
32004 Avión,3200401 Avión distrito 01,No,Total,Extranjera,Población con ingresos por unidad de consumo por debajo de 5.000 Euros,2015-01-01,0.0,32001,Bajo
32004 Avión,3200401 Avión distrito 01,No,Total,Extranjera,Población con ingresos por unidad de consumo por debajo de 7.500 Euros,2015-01-01,0.0,32001,Bajo
32004 Avión,3200401 Avión distrito 01,No,Total,Extranjera,Población con ingresos por unidad de consumo por debajo de 10.000 Euros,2015-01-01,0.0,32001,Bajo
32004 Avión,3200401 Avión distrito 01,No,Hombres,Española,Población con ingresos por unidad de consumo por debajo de 5.000 Euros,2015-01-01,0.0,32001,Bajo
32004 Avión,3200401 Avión distrito 01,No,Hombres,Española,Población con ingresos por unidad de consumo por debajo de 7.500 Euros,2015-01-01,0.0,32001,Bajo
32004 Avión,3200401 Avión distrito 01,No,Hombres,Española,Población con ingresos por unidad de consumo por debajo de 10.000 Euros,2015-01-01,0.0,32001,Bajo
32004 Avión,3200401 Avión distrito 01,No,Hombres,Extranjera,Población con ingresos por unidad de consumo por debajo de 5.000 Euros,2015-01-01,0.0,32001,Bajo
32004 Avión,3200401 Avión distrito 01,No,Hombres,Extranjera,Población con ingresos por unidad de consumo por debajo de 7.500 Euros,2015-01-01,0.0,32001,Bajo
32004 Avión,3200401 Avión distrito 01,No,Hombres,Extranjera,Población con ingresos por unidad de consumo por debajo de 10.000 Euros,2015-01-01,0.0,32001,Bajo
32004 Avión,3200401 Avión distrito 01,No,Mujeres,Española,Población con ingresos por unidad de consumo por debajo de 5.000 Euros,2015-01-01,0.0,32001,Bajo
32004 Avión,3200401 Avión distrito 01,No,Mujeres,Española,Población con ingresos por unidad de consumo por debajo de 7.500 Euros,2015-01-01,0.0,32001,Bajo
32004 Avión,3200401 Avión distrito 01,No,Mujeres,Española,Población con ingresos por unidad de consumo por debajo de 10.000 Euros,2015-01-01,0.0,32001,Bajo
32004 Avión,3200401 Avión distrito 01,No,Mujeres,Extranjera,Población con ingresos por unidad de consumo por debajo de 5.000 Euros,2015-01-01,0.0,32001,Bajo
32004 Avión,3200401 Avión distrito 01,No,Mujeres,Extranjera,Población con ingresos por unidad de consumo por debajo de 7.500 Euros,2015-01-01,0.0,32001,Bajo
32004 Avión,3200401 Avión distrito 01,No,Mujeres,Extranjera,Población con ingresos por unidad de consumo por debajo de 10.000 Euros,2015-01-01,0.0,32001,Bajo
32004 Avión,3200401 Avión distrito 01,3200401001 Avión sección 01001,Total,Española,Población con ingresos por unidad de consumo por debajo de 5.000 Euros,2015-01-01,0.0,32001,Bajo
32004 Avión,3200401 Avión distrito 01,3200401001 Avión sección 01001,Total,Española,Población con ingresos por unidad de consumo por debajo de 7.500 Euros,2015-01-01,0.0,32001,Bajo
32004 Avión,3200401 Avión distrito 01,3200401001 Avión sección 01001,Total,Española,Población con ingresos por unidad de consumo por debajo de 10.000 Euros,2015-01-01,0.0,32001,Bajo
32004 Avión,3200401 Avión distrito 01,3200401001 Avión sección 01001,Total,Extranjera,Población con ingresos por unidad de consumo por debajo de 5.000 Euros,2015-01-01,0.0,32001,Bajo
32004 Avión,3200401 Avión distrito 01,3200401001 Avión sección 01001,Total,Extranjera,Población con ingresos por unidad de consumo por debajo de 7.500 Euros,2015-01-01,0.0,32001,Bajo
32004 Avión,3200401 Avión distrito 01,3200401001 Avión sección 01001,Total,Extranjera,Población con ingresos por unidad de consumo por debajo de 10.000 Euros,2015-01-01,0.0,32001,Bajo
32004 Avión,3200401 Avión distrito 01,3200401001 Avión sección 01001,Hombres,Española,Población con ingresos por unidad de consumo por debajo de 5.000 Euros,2015-01-01,0.0,32001,Bajo
32004 Avión,3200401 Avión distrito 01,3200401001 Avión sección 01001,Hombres,Española,Población con ingresos por unidad de consumo por debajo de 7.500 Euros,2015-01-01,0.0,32001,Bajo
32004 Avión,3200401 Avión distrito 01,3200401001 Avión sección 01001,Hombres,Española,Población con ingresos por unidad de consumo por debajo de 10.000 Euros,2015-01-01,0.0,32001,Bajo
32004 Avión,3200401 Avión distrito 01,3200401001 Avión sección 01001,Hombres,Extranjera,Población con ingresos por unidad de consumo por debajo de 5.000 Euros,2015-01-01,0.0,32001,Bajo
32004 Avión,3200401 Avión distrito 01,3200401001 Avión sección 01001,Hombres,Extranjera,Población con ingresos por unidad de consumo por debajo de 7.500 Euros,2015-01-01,0.0,32001,Bajo
32004 Avión,3200401 Avión distrito 01,3200401001 Avión sección 01001,Hombres,Extranjera,Población con ingresos por unidad de consumo por debajo de 10.000 Euros,2015-01-01,0.0,32001,Bajo
32004 Avión,3200401 Avión distrito 01,3200401001 Avión sección 01001,Mujeres,Española,Población con ingresos por unidad de consumo por debajo de 5.000 Euros,2015-01-01,0.0,32001,Bajo
32004 Avión,3200401 Avión distrito 01,3200401001 Avión sección 01001,Mujeres,Española,Población con ingresos por unidad de consumo por debajo de 7.500 Euros,2015-01-01,0.0,32001,Bajo
32004 Avión,3200401 Avión distrito 01,3200401001 Avión sección 01001,Mujeres,Española,Población con ingresos por unidad de consumo por debajo de 10.000 Euros,2015-01-01,0.0,32001,Bajo
32004 Avión,3200401 Avión distrito 01,3200401001 Avión sección 01001,Mujeres,Extranjera,Población con ingresos por unidad de consumo por debajo de 5.000 Euros,2015-01-01,0.0,32001,Bajo
32004 Avión,3200401 Avión distrito 01,3200401001 Avión sección 01001,Mujeres,Extranjera,Población con ingresos por unidad de consumo por debajo de 7.500 Euros,2015-01-01,0.0,32001,Bajo
32004 Avión,3200401 Avión distrito 01,3200401001 Avión sección 01001,Mujeres,Extranjera,Población con ingresos por unidad de consumo por debajo de 10.000 Euros,2015-01-01,0.0,32001,Bajo
32004 Avión,3200402 Avión distrito 02,No,Total,Española,Población con ingresos por unidad de consumo por debajo de 5.000 Euros,2015-01-01,0.0,32001,Bajo
32004 Avión,3200402 Avión distrito 02,No,Total,Española,Población con ingresos por unidad de consumo por debajo de 7.500 Euros,2015-01-01,0.0,32001,Bajo
32004 Avión,3200402 Avión distrito 02,No,Total,Española,Población con ingresos por unidad de consumo por debajo de 10.000 Euros,2015-01-01,0.0,32001,Bajo
32004 Avión,3200402 Avión distrito 02,No,Total,Extranjera,Población con ingresos por unidad de consumo por debajo de 5.000 Euros,2015-01-01,0.0,32001,Bajo
32004 Avión,3200402 Avión distrito 02,No,Total,Extranjera,Población con ingresos por unidad de consumo por debajo de 7.500 Euros,2015-01-01,0.0,32001,Bajo
32004 Avión,3200402 Avión distrito 02,No,Total,Extranjera,Población con ingresos por unidad de consumo por debajo de 10.000 Euros,2015-01-01,0.0,32001,Bajo
32004 Avión,3200402 Avión distrito 02,No,Hombres,Española,Población con ingresos por unidad de consumo por debajo de 5.000 Euros,2015-01-01,0.0,32001,Bajo
32004 Avión,3200402 Avión distrito 02,No,Hombres,Española,Población con ingresos por unidad de consumo por debajo de 7.500 Euros,2015-01-01,0.0,32001,Bajo
32004 Avión,3200402 Avión distrito 02,No,Hombres,Española,Población con ingresos por unidad de consumo por debajo de 10.000 Euros,2015-01-01,0.0,32001,Bajo
32004 Avión,3200402 Avión distrito 02,No,Hombres,Extranjera,Población con ingresos por unidad de consumo por debajo de 5.000 Euros,2015-01-01,0.0,32001,Bajo
32004 Avión,3200402 Avión distrito 02,No,Hombres,Extranjera,Población con ingresos por unidad de consumo por debajo de 7.500 Euros,2015-01-01,0.0,32001,Bajo
32004 Avión,3200402 Avión distrito 02,No,Hombres,Extranjera,Población con ingresos por unidad de consumo por debajo de 10.000 Euros,2015-01-01,0.0,32001,Bajo
32004 Avión,3200402 Avión distrito 02,No,Mujeres,Española,Población con ingresos por unidad de consumo por debajo de 5.000 Euros,2015-01-01,0.0,32001,Bajo
32004 Avión,3200402 Avión distrito 02,No,Mujeres,Española,Población con ingresos por unidad de consumo por debajo de 7.500 Euros,2015-01-01,0.0,32001,Bajo
32004 Avión,3200402 Avión distrito 02,No,Mujeres,Española,Población con ingresos por unidad de consumo por debajo de 10.000 Euros,2015-01-01,0.0,32001,Bajo
32004 Avión,3200402 Avión distrito 02,No,Mujeres,Extranjera,Población con ingresos por unidad de consumo por debajo de 5.000 Euros,2015-01-01,0.0,32001,Bajo
32004 Avión,3200402 Avión distrito 02,No,Mujeres,Extranjera,Población con ingresos por unidad de consumo por debajo de 7.500 Euros,2015-01-01,0.0,32001,Bajo
32004 Avión,3200402 Avión distrito 02,No,Mujeres,Extranjera,Población con ingresos por unidad de consumo por debajo de 10.000 Euros,2015-01-01,0.0,32001,Bajo
32004 Avión,3200402 Avión distrito 02,3200402001 Avión sección 02001,Total,Española,Población con ingresos por unidad de consumo por debajo de 5.000 Euros,2015-01-01,0.0,32001,Bajo
32004 Avión,3200402 Avión distrito 02,3200402001 Avión sección 02001,Total,Española,Población con ingresos por unidad de consumo por debajo de 7.500 Euros,2015-01-01,0.0,32001,Bajo
32004 Avión,3200402 Avión distrito 02,3200402001 Avión sección 02001,Total,Española,Población con ingresos por unidad de consumo por debajo de 10.000 Euros,2015-01-01,0.0,32001,Bajo
32004 Avión,3200402 Avión distrito 02,3200402001 Avión sección 02001,Total,Extranjera,Población con ingresos por unidad de consumo por debajo de 5.000 Euros,2015-01-01,0.0,32001,Bajo
32004 Avión,3200402 Avión distrito 02,3200402001 Avión sección 02001,Total,Extranjera,Población con ingresos por unidad de consumo por debajo de 7.500 Euros,2015-01-01,0.0,32001,Bajo
32004 Avión,3200402 Avión distrito 02,3200402001 Avión sección 02001,Total,Extranjera,Población con ingresos por unidad de consumo por debajo de 10.000 Euros,2015-01-01,0.0,32001,Bajo
32004 Avión,3200402 Avión distrito 02,3200402001 Avión sección 02001,Hombres,Española,Población con ingresos por unidad de consumo por debajo de 5.000 Euros,2015-01-01,0.0,32001,Bajo
32004 Avión,3200402 Avión distrito 02,3200402001 Avión sección 02001,Hombres,Española,Población con ingresos por unidad de consumo por debajo de 7.500 Euros,2015-01-01,0.0,32001,Bajo
32004 Avión,3200402 Avión distrito 02,3200402001 Avión sección 02001,Hombres,Española,Población con ingresos por unidad de consumo por debajo de 10.000 Euros,2015-01-01,0.0,32001,Bajo
32004 Avión,3200402 Avión distrito 02,3200402001 Avión sección 02001,Hombres,Extranjera,Población con ingresos por unidad de consumo por debajo de 5.000 Euros,2015-01-01,0.0,32001,Bajo
32004 Avión,3200402 Avión distrito 02,3200402001 Avión sección 02001,Hombres,Extranjera,Población con ingresos por unidad de consumo por debajo de 7.500 Euros,2015-01-01,0.0,32001,Bajo
32004 Avión,3200402 Avión distrito 02,3200402001 Avión sección 02001,Hombres,Extranjera,Población con ingresos por unidad de consumo por debajo de 10.000 Euros,2015-01-01,0.0,32001,Bajo
32004 Avión,3200402 Avión distrito 02,3200402001 Avión sección 02001,Mujeres,Española,Población con ingresos por unidad de consumo por debajo de 5.000 Euros,2015-01-01,0.0,32001,Bajo
32004 Avión,3200402 Avión distrito 02,3200402001 Avión sección 02001,Mujeres,Española,Población con ingresos por unidad de consumo por debajo de 7.500 Euros,2015-01-01,0.0,32001,Bajo
32004 Avión,3200402 Avión distrito 02,3200402001 Avión sección 02001,Mujeres,Española,Población con ingresos por unidad de consumo por debajo de 10.000 Euros,2015-01-01,0.0,32001,Bajo
32004 Avión,3200402 Avión distrito 02,3200402001 Avión sección 02001,Mujeres,Extranjera,Población con ingresos por unidad de consumo por debajo de 5.000 Euros,2015-01-01,0.0,32001,Bajo
32004 Avión,3200402 Avión distrito 02,3200402001 Avión sección 02001,Mujeres,Extranjera,Población con ingresos por unidad de consumo por debajo de 7.500 Euros,2015-01-01,0.0,32001,Bajo
32004 Avión,3200402 Avión distrito 02,3200402001 Avión sección 02001,Mujeres,Extranjera,Población con ingresos por unidad de consumo por debajo de 10.000 Euros,2015-01-01,0.0,32001,Bajo
32005 Baltar,No,No,Total,Española,Población con ingresos por unidad de consumo por debajo de 5.000 Euros,2015-01-01,0.0,32001,Bajo
32005 Baltar,No,No,Total,Española,Población con ingresos por unidad de consumo por debajo de 7.500 Euros,2015-01-01,0.0,32001,Bajo
32005 Baltar,No,No,Total,Española,Población con ingresos por unidad de consumo por debajo de 10.000 Euros,2015-01-01,0.0,32001,Bajo
32005 Baltar,No,No,Total,Extranjera,Población con ingresos por unidad de consumo por debajo de 5.000 Euros,2015-01-01,0.0,32001,Bajo
32005 Baltar,No,No,Total,Extranjera,Población con ingresos por unidad de consumo por debajo de 7.500 Euros,2015-01-01,0.0,32001,Bajo
32005 Baltar,No,No,Total,Extranjera,Población con ingresos por unidad de consumo por debajo de 10.000 Euros,2015-01-01,0.0,32001,Bajo
32005 Baltar,No,No,Hombres,Española,Población con ingresos por unidad de consumo por debajo de 5.000 Euros,2015-01-01,0.0,32001,Bajo
32005 Baltar,No,No,Hombres,Española,Población con ingresos por unidad de consumo por debajo de 7.500 Euros,2015-01-01,0.0,32001,Bajo
32005 Baltar,No,No,Hombres,Española,Población con ingresos por unidad de consumo por debajo de 10.000 Euros,2015-01-01,0.0,32001,Bajo
32005 Baltar,No,No,Hombres,Extranjera,Población con ingresos por unidad de consumo por debajo de 5.000 Euros,2015-01-01,0.0,32001,Bajo
32005 Baltar,No,No,Hombres,Extranjera,Población con ingresos por unidad de consumo por debajo de 7.500 Euros,2015-01-01,0.0,32001,Bajo
32005 Baltar,No,No,Hombres,Extranjera,Población con ingresos por unidad de consumo por debajo de 10.000 Euros,2015-01-01,0.0,32001,Bajo
32005 Baltar,No,No,Mujeres,Española,Población con ingresos por unidad de consumo por debajo de 5.000 Euros,2015-01-01,0.0,32001,Bajo
32005 Baltar,No,No,Mujeres,Española,Población con ingresos por unidad de consumo por debajo de 7.500 Euros,2015-01-01,0.0,32001,Bajo
32005 Baltar,No,No,Mujeres,Española,Población con ingresos por unidad de consumo por debajo de 10.000 Euros,2015-01-01,0.0,32001,Bajo
32005 Baltar,No,No,Mujeres,Extranjera,Población con ingresos por unidad de consumo por debajo de 5.000 Euros,2015-01-01,0.0,32001,Bajo
32005 Baltar,No,No,Mujeres,Extranjera,Población con ingresos por unidad de consumo por debajo de 7.500 Euros,2015-01-01,0.0,32001,Bajo
32005 Baltar,No,No,Mujeres,Extranjera,Población con ingresos por unidad de consumo por debajo de 10.000 Euros,2015-01-01,0.0,32001,Bajo
32005 Baltar,3200501 Baltar distrito 01,No,Total,Española,Población con ingresos por unidad de consumo por debajo de 5.000 Euros,2015-01-01,0.0,32001,Bajo
32005 Baltar,3200501 Baltar distrito 01,No,Total,Española,Población con ingresos por unidad de consumo por debajo de 7.500 Euros,2015-01-01,0.0,32001,Bajo
32005 Baltar,3200501 Baltar distrito 01,No,Total,Española,Población con ingresos por unidad de consumo por debajo de 10.000 Euros,2015-01-01,0.0,32001,Bajo
32005 Baltar,3200501 Baltar distrito 01,No,Total,Extranjera,Población con ingresos por unidad de consumo por debajo de 5.000 Euros,2015-01-01,0.0,32001,Bajo
32005 Baltar,3200501 Baltar distrito 01,No,Total,Extranjera,Población con ingresos por unidad de consumo por debajo de 7.500 Euros,2015-01-01,0.0,32001,Bajo
32005 Baltar,3200501 Baltar distrito 01,No,Total,Extranjera,Población con ingresos por unidad de consumo por debajo de 10.000 Euros,2015-01-01,0.0,32001,Bajo
32005 Baltar,3200501 Baltar distrito 01,No,Hombres,Española,Población con ingresos por unidad de consumo por debajo de 5.000 Euros,2015-01-01,0.0,32001,Bajo
32005 Baltar,3200501 Baltar distrito 01,No,Hombres,Española,Población con ingresos por unidad de consumo por debajo de 7.500 Euros,2015-01-01,0.0,32001,Bajo
32005 Baltar,3200501 Baltar distrito 01,No,Hombres,Española,Población con ingresos por unidad de consumo por debajo de 10.000 Euros,2015-01-01,0.0,32001,Bajo
32005 Baltar,3200501 Baltar distrito 01,No,Hombres,Extranjera,Población con ingresos por unidad de consumo por debajo de 5.000 Euros,2015-01-01,0.0,32001,Bajo
32005 Baltar,3200501 Baltar distrito 01,No,Hombres,Extranjera,Población con ingresos por unidad de consumo por debajo de 7.500 Euros,2015-01-01,0.0,32001,Bajo
32005 Baltar,3200501 Baltar distrito 01,No,Hombres,Extranjera,Población con ingresos por unidad de consumo por debajo de 10.000 Euros,2015-01-01,0.0,32001,Bajo
32005 Baltar,3200501 Baltar distrito 01,No,Mujeres,Española,Población con ingresos por unidad de consumo por debajo de 5.000 Euros,2015-01-01,0.0,32001,Bajo
32005 Baltar,3200501 Baltar distrito 01,No,Mujeres,Española,Población con ingresos por unidad de consumo por debajo de 7.500 Euros,2015-01-01,0.0,32001,Bajo
32005 Baltar,3200501 Baltar distrito 01,No,Mujeres,Española,Población con ingresos por unidad de consumo por debajo de 10.000 Euros,2015-01-01,0.0,32001,Bajo
32005 Baltar,3200501 Baltar distrito 01,No,Mujeres,Extranjera,Población con ingresos por unidad de consumo por debajo de 5.000 Euros,2015-01-01,0.0,32001,Bajo
32005 Baltar,3200501 Baltar distrito 01,No,Mujeres,Extranjera,Población con ingresos por unidad de consumo por debajo de 7.500 Euros,2015-01-01,0.0,32001,Bajo
32005 Baltar,3200501 Baltar distrito 01,No,Mujeres,Extranjera,Población con ingresos por unidad de consumo por debajo de 10.000 Euros,2015-01-01,0.0,32001,Bajo
32005 Baltar,3200501 Baltar distrito 01,3200501001 Baltar sección 01001,Total,Española,Población con ingresos por unidad de consumo por debajo de 5.000 Euros,2015-01-01,0.0,32001,Bajo
32005 Baltar,3200501 Baltar distrito 01,3200501001 Baltar sección 01001,Total,Española,Población con ingresos por unidad de consumo por debajo de 7.500 Euros,2015-01-01,0.0,32001,Bajo
32005 Baltar,3200501 Baltar distrito 01,3200501001 Baltar sección 01001,Total,Española,Población con ingresos por unidad de consumo por debajo de 10.000 Euros,2015-01-01,0.0,32001,Bajo
32005 Baltar,3200501 Baltar distrito 01,3200501001 Baltar sección 01001,Total,Extranjera,Población con ingresos por unidad de consumo por debajo de 5.000 Euros,2015-01-01,0.0,32001,Bajo
32005 Baltar,3200501 Baltar distrito 01,3200501001 Baltar sección 01001,Total,Extranjera,Población con ingresos por unidad de consumo por debajo de 7.500 Euros,2015-01-01,0.0,32001,Bajo
32005 Baltar,3200501 Baltar distrito 01,3200501001 Baltar sección 01001,Total,Extranjera,Población con ingresos por unidad de consumo por debajo de 10.000 Euros,2015-01-01,0.0,32001,Bajo
32005 Baltar,3200501 Baltar distrito 01,3200501001 Baltar sección 01001,Hombres,Española,Población con ingresos por unidad de consumo por debajo de 5.000 Euros,2015-01-01,0.0,32001,Bajo
32005 Baltar,3200501 Baltar distrito 01,3200501001 Baltar sección 01001,Hombres,Española,Población con ingresos por unidad de consumo por debajo de 7.500 Euros,2015-01-01,0.0,32001,Bajo
32005 Baltar,3200501 Baltar distrito 01,3200501001 Baltar sección 01001,Hombres,Española,Población con ingresos por unidad de consumo por debajo de 10.000 Euros,2015-01-01,0.0,32001,Bajo
32005 Baltar,3200501 Baltar distrito 01,3200501001 Baltar sección 01001,Hombres,Extranjera,Población con ingresos por unidad de consumo por debajo de 5.000 Euros,2015-01-01,0.0,32001,Bajo
32005 Baltar,3200501 Baltar distrito 01,3200501001 Baltar sección 01001,Hombres,Extranjera,Población con ingresos por unidad de consumo por debajo de 7.500 Euros,2015-01-01,0.0,32001,Bajo
32005 Baltar,3200501 Baltar distrito 01,3200501001 Baltar sección 01001,Hombres,Extranjera,Población con ingresos por unidad de consumo por debajo de 10.000 Euros,2015-01-01,0.0,32001,Bajo
32005 Baltar,3200501 Baltar distrito 01,3200501001 Baltar sección 01001,Mujeres,Española,Población con ingresos por unidad de consumo por debajo de 5.000 Euros,2015-01-01,0.0,32001,Bajo
32005 Baltar,3200501 Baltar distrito 01,3200501001 Baltar sección 01001,Mujeres,Española,Población con ingresos por unidad de consumo por debajo de 7.500 Euros,2015-01-01,0.0,32001,Bajo
32005 Baltar,3200501 Baltar distrito 01,3200501001 Baltar sección 01001,Mujeres,Española,Población con ingresos por unidad de consumo por debajo de 10.000 Euros,2015-01-01,0.0,32001,Bajo
32005 Baltar,3200501 Baltar distrito 01,3200501001 Baltar sección 01001,Mujeres,Extranjera,Población con ingresos por unidad de consumo por debajo de 5.000 Euros,2015-01-01,0.0,32001,Bajo
32005 Baltar,3200501 Baltar distrito 01,3200501001 Baltar sección 01001,Mujeres,Extranjera,Población con ingresos por unidad de consumo por debajo de 7.500 Euros,2015-01-01,0.0,32001,Bajo
32005 Baltar,3200501 Baltar distrito 01,3200501001 Baltar sección 01001,Mujeres,Extranjera,Población con ingresos por unidad de consumo por debajo de 10.000 Euros,2015-01-01,0.0,32001,Bajo
32006 Bande,No,No,Total,Española,Población con ingresos por unidad de consumo por debajo de 5.000 Euros,2015-01-01,0.0,32001,Bajo
32006 Bande,No,No,Total,Española,Población con ingresos por unidad de consumo por debajo de 7.500 Euros,2015-01-01,0.0,32001,Bajo
32006 Bande,No,No,Total,Española,Población con ingresos por unidad de consumo por debajo de 10.000 Euros,2015-01-01,0.0,32001,Bajo
32006 Bande,No,No,Total,Extranjera,Población con ingresos por unidad de consumo por debajo de 5.000 Euros,2015-01-01,0.0,32001,Bajo
32006 Bande,No,No,Total,Extranjera,Población con ingresos por unidad de consumo por debajo de 7.500 Euros,2015-01-01,0.0,32001,Bajo
32006 Bande,No,No,Total,Extranjera,Población con ingresos por unidad de consumo por debajo de 10.000 Euros,2015-01-01,0.0,32001,Bajo
32006 Bande,No,No,Hombres,Española,Población con ingresos por unidad de consumo por debajo de 5.000 Euros,2015-01-01,0.0,32001,Bajo
32006 Bande,No,No,Hombres,Española,Población con ingresos por unidad de consumo por debajo de 7.500 Euros,2015-01-01,0.0,32001,Bajo
32006 Bande,No,No,Hombres,Española,Población con ingresos por unidad de consumo por debajo de 10.000 Euros,2015-01-01,0.0,32001,Bajo
32006 Bande,No,No,Hombres,Extranjera,Población con ingresos por unidad de consumo por debajo de 5.000 Euros,2015-01-01,0.0,32001,Bajo
32006 Bande,No,No,Hombres,Extranjera,Población con ingresos por unidad de consumo por debajo de 7.500 Euros,2015-01-01,0.0,32001,Bajo
32006 Bande,No,No,Hombres,Extranjera,Población con ingresos por unidad de consumo por debajo de 10.000 Euros,2015-01-01,0.0,32001,Bajo
32006 Bande,No,No,Mujeres,Española,Población con ingresos por unidad de consumo por debajo de 5.000 Euros,2015-01-01,0.0,32001,Bajo
32006 Bande,No,No,Mujeres,Española,Población con ingresos por unidad de consumo por debajo de 7.500 Euros,2015-01-01,0.0,32001,Bajo
32006 Bande,No,No,Mujeres,Española,Población con ingresos por unidad de consumo por debajo de 10.000 Euros,2015-01-01,0.0,32001,Bajo
32006 Bande,No,No,Mujeres,Extranjera,Población con ingresos por unidad de consumo por debajo de 5.000 Euros,2015-01-01,0.0,32001,Bajo
32006 Bande,No,No,Mujeres,Extranjera,Población con ingresos por unidad de consumo por debajo de 7.500 Euros,2015-01-01,0.0,32001,Bajo
32006 Bande,No,No,Mujeres,Extranjera,Población con ingresos por unidad de consumo por debajo de 10.000 Euros,2015-01-01,0.0,32001,Bajo
32006 Bande,3200601 Bande distrito 01,No,Total,Española,Población con ingresos por unidad de consumo por debajo de 5.000 Euros,2015-01-01,0.0,32001,Bajo
32006 Bande,3200601 Bande distrito 01,No,Total,Española,Población con ingresos por unidad de consumo por debajo de 7.500 Euros,2015-01-01,0.0,32001,Bajo
32006 Bande,3200601 Bande distrito 01,No,Total,Española,Población con ingresos por unidad de consumo por debajo de 10.000 Euros,2015-01-01,0.0,32001,Bajo
32006 Bande,3200601 Bande distrito 01,No,Total,Extranjera,Población con ingresos por unidad de consumo por debajo de 5.000 Euros,2015-01-01,0.0,32001,Bajo
32006 Bande,3200601 Bande distrito 01,No,Total,Extranjera,Población con ingresos por unidad de consumo por debajo de 7.500 Euros,2015-01-01,0.0,32001,Bajo
32006 Bande,3200601 Bande distrito 01,No,Total,Extranjera,Población con ingresos por unidad de consumo por debajo de 10.000 Euros,2015-01-01,0.0,32001,Bajo
32006 Bande,3200601 Bande distrito 01,No,Hombres,Española,Población con ingresos por unidad de consumo por debajo de 5.000 Euros,2015-01-01,0.0,32001,Bajo
32006 Bande,3200601 Bande distrito 01,No,Hombres,Española,Población con ingresos por unidad de consumo por debajo de 7.500 Euros,2015-01-01,0.0,32001,Bajo
32006 Bande,3200601 Bande distrito 01,No,Hombres,Española,Población con ingresos por unidad de consumo por debajo de 10.000 Euros,2015-01-01,0.0,32001,Bajo
32006 Bande,3200601 Bande distrito 01,No,Hombres,Extranjera,Población con ingresos por unidad de consumo por debajo de 5.000 Euros,2015-01-01,0.0,32001,Bajo
32006 Bande,3200601 Bande distrito 01,No,Hombres,Extranjera,Población con ingresos por unidad de consumo por debajo de 7.500 Euros,2015-01-01,0.0,32001,Bajo
32006 Bande,3200601 Bande distrito 01,No,Hombres,Extranjera,Población con ingresos por unidad de consumo por debajo de 10.000 Euros,2015-01-01,0.0,32001,Bajo
32006 Bande,3200601 Bande distrito 01,No,Mujeres,Española,Población con ingresos por unidad de consumo por debajo de 5.000 Euros,2015-01-01,0.0,32001,Bajo
32006 Bande,3200601 Bande distrito 01,No,Mujeres,Española,Población con ingresos por unidad de consumo por debajo de 7.500 Euros,2015-01-01,0.0,32001,Bajo
32006 Bande,3200601 Bande distrito 01,No,Mujeres,Española,Población con ingresos por unidad de consumo por debajo de 10.000 Euros,2015-01-01,0.0,32001,Bajo
32006 Bande,3200601 Bande distrito 01,No,Mujeres,Extranjera,Población con ingresos por unidad de consumo por debajo de 5.000 Euros,2015-01-01,0.0,32001,Bajo
32006 Bande,3200601 Bande distrito 01,No,Mujeres,Extranjera,Población con ingresos por unidad de consumo por debajo de 7.500 Euros,2015-01-01,0.0,32001,Bajo
32006 Bande,3200601 Bande distrito 01,No,Mujeres,Extranjera,Población con ingresos por unidad de consumo por debajo de 10.000 Euros,2015-01-01,0.0,32001,Bajo
32006 Bande,3200601 Bande distrito 01,3200601001 Bande sección 01001,Total,Española,Población con ingresos por unidad de consumo por debajo de 5.000 Euros,2015-01-01,0.0,32001,Bajo
32006 Bande,3200601 Bande distrito 01,3200601001 Bande sección 01001,Total,Española,Población con ingresos por unidad de consumo por debajo de 7.500 Euros,2015-01-01,0.0,32001,Bajo
32006 Bande,3200601 Bande distrito 01,3200601001 Bande sección 01001,Total,Española,Población con ingresos por unidad de consumo por debajo de 10.000 Euros,2015-01-01,0.0,32001,Bajo
32006 Bande,3200601 Bande distrito 01,3200601001 Bande sección 01001,Total,Extranjera,Población con ingresos por unidad de consumo por debajo de 5.000 Euros,2015-01-01,0.0,32001,Bajo
32006 Bande,3200601 Bande distrito 01,3200601001 Bande sección 01001,Total,Extranjera,Población con ingresos por unidad de consumo por debajo de 7.500 Euros,2015-01-01,0.0,32001,Bajo
32006 Bande,3200601 Bande distrito 01,3200601001 Bande sección 01001,Total,Extranjera,Población con ingresos por unidad de consumo por debajo de 10.000 Euros,2015-01-01,0.0,32001,Bajo
32006 Bande,3200601 Bande distrito 01,3200601001 Bande sección 01001,Hombres,Española,Población con ingresos por unidad de consumo por debajo de 5.000 Euros,2015-01-01,0.0,32001,Bajo
32006 Bande,3200601 Bande distrito 01,3200601001 Bande sección 01001,Hombres,Española,Población con ingresos por unidad de consumo por debajo de 7.500 Euros,2015-01-01,0.0,32001,Bajo
32006 Bande,3200601 Bande distrito 01,3200601001 Bande sección 01001,Hombres,Española,Población con ingresos por unidad de consumo por debajo de 10.000 Euros,2015-01-01,0.0,32001,Bajo
32006 Bande,3200601 Bande distrito 01,3200601001 Bande sección 01001,Hombres,Extranjera,Población con ingresos por unidad de consumo por debajo de 5.000 Euros,2015-01-01,0.0,32001,Bajo
32006 Bande,3200601 Bande distrito 01,3200601001 Bande sección 01001,Hombres,Extranjera,Población con ingresos por unidad de consumo por debajo de 7.500 Euros,2015-01-01,0.0,32001,Bajo
32006 Bande,3200601 Bande distrito 01,3200601001 Bande sección 01001,Hombres,Extranjera,Población con ingresos por unidad de consumo por debajo de 10.000 Euros,2015-01-01,0.0,32001,Bajo
32006 Bande,3200601 Bande distrito 01,3200601001 Bande sección 01001,Mujeres,Española,Población con ingresos por unidad de consumo por debajo de 5.000 Euros,2015-01-01,0.0,32001,Bajo
32006 Bande,3200601 Bande distrito 01,3200601001 Bande sección 01001,Mujeres,Española,Población con ingresos por unidad de consumo por debajo de 7.500 Euros,2015-01-01,0.0,32001,Bajo
32006 Bande,3200601 Bande distrito 01,3200601001 Bande sección 01001,Mujeres,Española,Población con ingresos por unidad de consumo por debajo de 10.000 Euros,2015-01-01,0.0,32001,Bajo
32006 Bande,3200601 Bande distrito 01,3200601001 Bande sección 01001,Mujeres,Extranjera,Población con ingresos por unidad de consumo por debajo de 5.000 Euros,2015-01-01,0.0,32001,Bajo
32006 Bande,3200601 Bande distrito 01,3200601001 Bande sección 01001,Mujeres,Extranjera,Población con ingresos por unidad de consumo por debajo de 7.500 Euros,2015-01-01,0.0,32001,Bajo
32006 Bande,3200601 Bande distrito 01,3200601001 Bande sección 01001,Mujeres,Extranjera,Población con ingresos por unidad de consumo por debajo de 10.000 Euros,2015-01-01,0.0,32001,Bajo
32007 Baños de Molgas,No,No,Total,Española,Población con ingresos por unidad de consumo por debajo de 5.000 Euros,2015-01-01,0.0,32001,Bajo
32007 Baños de Molgas,No,No,Total,Española,Población con ingresos por unidad de consumo por debajo de 7.500 Euros,2015-01-01,0.0,32001,Bajo
32007 Baños de Molgas,No,No,Total,Española,Población con ingresos por unidad de consumo por debajo de 10.000 Euros,2015-01-01,0.0,32001,Bajo
32007 Baños de Molgas,No,No,Total,Extranjera,Población con ingresos por unidad de consumo por debajo de 5.000 Euros,2015-01-01,0.0,32001,Bajo
32007 Baños de Molgas,No,No,Total,Extranjera,Población con ingresos por unidad de consumo por debajo de 7.500 Euros,2015-01-01,0.0,32001,Bajo
32007 Baños de Molgas,No,No,Total,Extranjera,Población con ingresos por unidad de consumo por debajo de 10.000 Euros,2015-01-01,0.0,32001,Bajo
32007 Baños de Molgas,No,No,Hombres,Española,Población con ingresos por unidad de consumo por debajo de 5.000 Euros,2015-01-01,0.0,32001,Bajo
32007 Baños de Molgas,No,No,Hombres,Española,Población con ingresos por unidad de consumo por debajo de 7.500 Euros,2015-01-01,0.0,32001,Bajo
32007 Baños de Molgas,No,No,Hombres,Española,Población con ingresos por unidad de consumo por debajo de 10.000 Euros,2015-01-01,0.0,32001,Bajo
32007 Baños de Molgas,No,No,Hombres,Extranjera,Población con ingresos por unidad de consumo por debajo de 5.000 Euros,2015-01-01,0.0,32001,Bajo
32007 Baños de Molgas,No,No,Hombres,Extranjera,Población con ingresos por unidad de consumo por debajo de 7.500 Euros,2015-01-01,0.0,32001,Bajo
32007 Baños de Molgas,No,No,Hombres,Extranjera,Población con ingresos por unidad de consumo por debajo de 10.000 Euros,2015-01-01,0.0,32001,Bajo
32007 Baños de Molgas,No,No,Mujeres,Española,Población con ingresos por unidad de consumo por debajo de 5.000 Euros,2015-01-01,0.0,32001,Bajo
32007 Baños de Molgas,No,No,Mujeres,Española,Población con ingresos por unidad de consumo por debajo de 7.500 Euros,2015-01-01,0.0,32001,Bajo
32007 Baños de Molgas,No,No,Mujeres,Española,Población con ingresos por unidad de consumo por debajo de 10.000 Euros,2015-01-01,0.0,32001,Bajo
32007 Baños de Molgas,No,No,Mujeres,Extranjera,Población con ingresos por unidad de consumo por debajo de 5.000 Euros,2015-01-01,0.0,32001,Bajo
32007 Baños de Molgas,No,No,Mujeres,Extranjera,Población con ingresos por unidad de consumo por debajo de 7.500 Euros,2015-01-01,0.0,32001,Bajo
32007 Baños de Molgas,No,No,Mujeres,Extranjera,Población con ingresos por unidad de consumo por debajo de 10.000 Euros,2015-01-01,0.0,32001,Bajo
32007 Baños de Molgas,3200701 Baños de Molgas distrito 01,No,Total,Española,Población con ingresos por unidad de consumo por debajo de 5.000 Euros,2015-01-01,0.0,32001,Bajo
32007 Baños de Molgas,3200701 Baños de Molgas distrito 01,No,Total,Española,Población con ingresos por unidad de consumo por debajo de 7.500 Euros,2015-01-01,0.0,32001,Bajo
32007 Baños de Molgas,3200701 Baños de Molgas distrito 01,No,Total,Española,Población con ingresos por unidad de consumo por debajo de 10.000 Euros,2015-01-01,0.0,32001,Bajo
32007 Baños de Molgas,3200701 Baños de Molgas distrito 01,No,Total,Extranjera,Población con ingresos por unidad de consumo por debajo de 5.000 Euros,2015-01-01,0.0,32001,Bajo
32007 Baños de Molgas,3200701 Baños de Molgas distrito 01,No,Total,Extranjera,Población con ingresos por unidad de consumo por debajo de 7.500 Euros,2015-01-01,0.0,32001,Bajo
32007 Baños de Molgas,3200701 Baños de Molgas distrito 01,No,Total,Extranjera,Población con ingresos por unidad de consumo por debajo de 10.000 Euros,2015-01-01,0.0,32001,Bajo
32007 Baños de Molgas,3200701 Baños de Molgas distrito 01,No,Hombres,Española,Población con ingresos por unidad de consumo por debajo de 5.000 Euros,2015-01-01,0.0,32001,Bajo
32007 Baños de Molgas,3200701 Baños de Molgas distrito 01,No,Hombres,Española,Población con ingresos por unidad de consumo por debajo de 7.500 Euros,2015-01-01,0.0,32001,Bajo
32007 Baños de Molgas,3200701 Baños de Molgas distrito 01,No,Hombres,Española,Población con ingresos por unidad de consumo por debajo de 10.000 Euros,2015-01-01,0.0,32001,Bajo
32007 Baños de Molgas,3200701 Baños de Molgas distrito 01,No,Hombres,Extranjera,Población con ingresos por unidad de consumo por debajo de 5.000 Euros,2015-01-01,0.0,32001,Bajo
32007 Baños de Molgas,3200701 Baños de Molgas distrito 01,No,Hombres,Extranjera,Población con ingresos por unidad de consumo por debajo de 7.500 Euros,2015-01-01,0.0,32001,Bajo
32007 Baños de Molgas,3200701 Baños de Molgas distrito 01,No,Hombres,Extranjera,Población con ingresos por unidad de consumo por debajo de 10.000 Euros,2015-01-01,0.0,32001,Bajo
32007 Baños de Molgas,3200701 Baños de Molgas distrito 01,No,Mujeres,Española,Población con ingresos por unidad de consumo por debajo de 5.000 Euros,2015-01-01,0.0,32001,Bajo
32007 Baños de Molgas,3200701 Baños de Molgas distrito 01,No,Mujeres,Española,Población con ingresos por unidad de consumo por debajo de 7.500 Euros,2015-01-01,0.0,32001,Bajo
32007 Baños de Molgas,3200701 Baños de Molgas distrito 01,No,Mujeres,Española,Población con ingresos por unidad de consumo por debajo de 10.000 Euros,2015-01-01,0.0,32001,Bajo
32007 Baños de Molgas,3200701 Baños de Molgas distrito 01,No,Mujeres,Extranjera,Población con ingresos por unidad de consumo por debajo de 5.000 Euros,2015-01-01,0.0,32001,Bajo
32007 Baños de Molgas,3200701 Baños de Molgas distrito 01,No,Mujeres,Extranjera,Población con ingresos por unidad de consumo por debajo de 7.500 Euros,2015-01-01,0.0,32001,Bajo
32007 Baños de Molgas,3200701 Baños de Molgas distrito 01,No,Mujeres,Extranjera,Población con ingresos por unidad de consumo por debajo de 10.000 Euros,2015-01-01,0.0,32001,Bajo
32007 Baños de Molgas,3200701 Baños de Molgas distrito 01,3200701001 Baños de Molgas sección 01001,Total,Española,Población con ingresos por unidad de consumo por debajo de 5.000 Euros,2015-01-01,0.0,32001,Bajo
32007 Baños de Molgas,3200701 Baños de Molgas distrito 01,3200701001 Baños de Molgas sección 01001,Total,Española,Población con ingresos por unidad de consumo por debajo de 7.500 Euros,2015-01-01,0.0,32001,Bajo
32007 Baños de Molgas,3200701 Baños de Molgas distrito 01,3200701001 Baños de Molgas sección 01001,Total,Española,Población con ingresos por unidad de consumo por debajo de 10.000 Euros,2015-01-01,0.0,32001,Bajo
32007 Baños de Molgas,3200701 Baños de Molgas distrito 01,3200701001 Baños de Molgas sección 01001,Total,Extranjera,Población con ingresos por unidad de consumo por debajo de 5.000 Euros,2015-01-01,0.0,32001,Bajo
32007 Baños de Molgas,3200701 Baños de Molgas distrito 01,3200701001 Baños de Molgas sección 01001,Total,Extranjera,Población con ingresos por unidad de consumo por debajo de 7.500 Euros,2015-01-01,0.0,32001,Bajo
32007 Baños de Molgas,3200701 Baños de Molgas distrito 01,3200701001 Baños de Molgas sección 01001,Total,Extranjera,Población con ingresos por unidad de consumo por debajo de 10.000 Euros,2015-01-01,0.0,32001,Bajo
32007 Baños de Molgas,3200701 Baños de Molgas distrito 01,3200701001 Baños de Molgas sección 01001,Hombres,Española,Población con ingresos por unidad de consumo por debajo de 5.000 Euros,2015-01-01,0.0,32001,Bajo
32007 Baños de Molgas,3200701 Baños de Molgas distrito 01,3200701001 Baños de Molgas sección 01001,Hombres,Española,Población con ingresos por unidad de consumo por debajo de 7.500 Euros,2015-01-01,0.0,32001,Bajo
32007 Baños de Molgas,3200701 Baños de Molgas distrito 01,3200701001 Baños de Molgas sección 01001,Hombres,Española,Población con ingresos por unidad de consumo por debajo de 10.000 Euros,2015-01-01,0.0,32001,Bajo
32007 Baños de Molgas,3200701 Baños de Molgas distrito 01,3200701001 Baños de Molgas sección 01001,Hombres,Extranjera,Población con ingresos por unidad de consumo por debajo de 5.000 Euros,2015-01-01,0.0,32001,Bajo
32007 Baños de Molgas,3200701 Baños de Molgas distrito 01,3200701001 Baños de Molgas sección 01001,Hombres,Extranjera,Población con ingresos por unidad de consumo por debajo de 7.500 Euros,2015-01-01,0.0,32001,Bajo
32007 Baños de Molgas,3200701 Baños de Molgas distrito 01,3200701001 Baños de Molgas sección 01001,Hombres,Extranjera,Población con ingresos por unidad de consumo por debajo de 10.000 Euros,2015-01-01,0.0,32001,Bajo
32007 Baños de Molgas,3200701 Baños de Molgas distrito 01,3200701001 Baños de Molgas sección 01001,Mujeres,Española,Población con ingresos por unidad de consumo por debajo de 5.000 Euros,2015-01-01,0.0,32001,Bajo
32007 Baños de Molgas,3200701 Baños de Molgas distrito 01,3200701001 Baños de Molgas sección 01001,Mujeres,Española,Población con ingresos por unidad de consumo por debajo de 7.500 Euros,2015-01-01,0.0,32001,Bajo
32007 Baños de Molgas,3200701 Baños de Molgas distrito 01,3200701001 Baños de Molgas sección 01001,Mujeres,Española,Población con ingresos por unidad de consumo por debajo de 10.000 Euros,2015-01-01,0.0,32001,Bajo
32007 Baños de Molgas,3200701 Baños de Molgas distrito 01,3200701001 Baños de Molgas sección 01001,Mujeres,Extranjera,Población con ingresos por unidad de consumo por debajo de 5.000 Euros,2015-01-01,0.0,32001,Bajo
32007 Baños de Molgas,3200701 Baños de Molgas distrito 01,3200701001 Baños de Molgas sección 01001,Mujeres,Extranjera,Población con ingresos por unidad de consumo por debajo de 7.500 Euros,2015-01-01,0.0,32001,Bajo
32007 Baños de Molgas,3200701 Baños de Molgas distrito 01,3200701001 Baños de Molgas sección 01001,Mujeres,Extranjera,Población con ingresos por unidad de consumo por debajo de 10.000 Euros,2015-01-01,0.0,32001,Bajo
32007 Baños de Molgas,3200701 Baños de Molgas distrito 01,3200701002 Baños de Molgas sección 01002,Total,Española,Población con ingresos por unidad de consumo por debajo de 5.000 Euros,2015-01-01,0.0,32001,Bajo
32007 Baños de Molgas,3200701 Baños de Molgas distrito 01,3200701002 Baños de Molgas sección 01002,Total,Española,Población con ingresos por unidad de consumo por debajo de 7.500 Euros,2015-01-01,0.0,32001,Bajo
32007 Baños de Molgas,3200701 Baños de Molgas distrito 01,3200701002 Baños de Molgas sección 01002,Total,Española,Población con ingresos por unidad de consumo por debajo de 10.000 Euros,2015-01-01,0.0,32001,Bajo
32007 Baños de Molgas,3200701 Baños de Molgas distrito 01,3200701002 Baños de Molgas sección 01002,Total,Extranjera,Población con ingresos por unidad de consumo por debajo de 5.000 Euros,2015-01-01,0.0,32001,Bajo
32007 Baños de Molgas,3200701 Baños de Molgas distrito 01,3200701002 Baños de Molgas sección 01002,Total,Extranjera,Población con ingresos por unidad de consumo por debajo de 7.500 Euros,2015-01-01,0.0,32001,Bajo
32007 Baños de Molgas,3200701 Baños de Molgas distrito 01,3200701002 Baños de Molgas sección 01002,Total,Extranjera,Población con ingresos por unidad de consumo por debajo de 10.000 Euros,2015-01-01,0.0,32001,Bajo
32007 Baños de Molgas,3200701 Baños de Molgas distrito 01,3200701002 Baños de Molgas sección 01002,Hombres,Española,Población con ingresos por unidad de consumo por debajo de 5.000 Euros,2015-01-01,0.0,32001,Bajo
32007 Baños de Molgas,3200701 Baños de Molgas distrito 01,3200701002 Baños de Molgas sección 01002,Hombres,Española,Población con ingresos por unidad de consumo por debajo de 7.500 Euros,2015-01-01,0.0,32001,Bajo
32007 Baños de Molgas,3200701 Baños de Molgas distrito 01,3200701002 Baños de Molgas sección 01002,Hombres,Española,Población con ingresos por unidad de consumo por debajo de 10.000 Euros,2015-01-01,0.0,32001,Bajo
32007 Baños de Molgas,3200701 Baños de Molgas distrito 01,3200701002 Baños de Molgas sección 01002,Hombres,Extranjera,Población con ingresos por unidad de consumo por debajo de 5.000 Euros,2015-01-01,0.0,32001,Bajo
32007 Baños de Molgas,3200701 Baños de Molgas distrito 01,3200701002 Baños de Molgas sección 01002,Hombres,Extranjera,Población con ingresos por unidad de consumo por debajo de 7.500 Euros,2015-01-01,0.0,32001,Bajo
32007 Baños de Molgas,3200701 Baños de Molgas distrito 01,3200701002 Baños de Molgas sección 01002,Hombres,Extranjera,Población con ingresos por unidad de consumo por debajo de 10.000 Euros,2015-01-01,0.0,32001,Bajo
32007 Baños de Molgas,3200701 Baños de Molgas distrito 01,3200701002 Baños de Molgas sección 01002,Mujeres,Española,Población con ingresos por unidad de consumo por debajo de 5.000 Euros,2015-01-01,0.0,32001,Bajo
32007 Baños de Molgas,3200701 Baños de Molgas distrito 01,3200701002 Baños de Molgas sección 01002,Mujeres,Española,Población con ingresos por unidad de consumo por debajo de 7.500 Euros,2015-01-01,0.0,32001,Bajo
32007 Baños de Molgas,3200701 Baños de Molgas distrito 01,3200701002 Baños de Molgas sección 01002,Mujeres,Española,Población con ingresos por unidad de consumo por debajo de 10.000 Euros,2015-01-01,0.0,32001,Bajo
32007 Baños de Molgas,3200701 Baños de Molgas distrito 01,3200701002 Baños de Molgas sección 01002,Mujeres,Extranjera,Población con ingresos por unidad de consumo por debajo de 5.000 Euros,2015-01-01,0.0,32001,Bajo
32007 Baños de Molgas,3200701 Baños de Molgas distrito 01,3200701002 Baños de Molgas sección 01002,Mujeres,Extranjera,Población con ingresos por unidad de consumo por debajo de 7.500 Euros,2015-01-01,0.0,32001,Bajo
32007 Baños de Molgas,3200701 Baños de Molgas distrito 01,3200701002 Baños de Molgas sección 01002,Mujeres,Extranjera,Población con ingresos por unidad de consumo por debajo de 10.000 Euros,2015-01-01,0.0,32001,Bajo
32008 Barbadás,No,No,Total,Española,Población con ingresos por unidad de consumo por debajo de 5.000 Euros,2015-01-01,8.3,32001,Bajo
32008 Barbadás,No,No,Total,Española,Población con ingresos por unidad de consumo por debajo de 7.500 Euros,2015-01-01,16.7,32001,Bajo
32008 Barbadás,No,No,Total,Española,Población con ingresos por unidad de consumo por debajo de 10.000 Euros,2015-01-01,29.5,32001,Bajo
32008 Barbadás,No,No,Total,Extranjera,Población con ingresos por unidad de consumo por debajo de 5.000 Euros,2015-01-01,24.3,32001,Bajo
32008 Barbadás,No,No,Total,Extranjera,Población con ingresos por unidad de consumo por debajo de 7.500 Euros,2015-01-01,47.4,32001,Medio
32008 Barbadás,No,No,Total,Extranjera,Población con ingresos por unidad de consumo por debajo de 10.000 Euros,2015-01-01,67.1,32001,Alto
32008 Barbadás,No,No,Hombres,Española,Población con ingresos por unidad de consumo por debajo de 5.000 Euros,2015-01-01,8.1,32001,Bajo
32008 Barbadás,No,No,Hombres,Española,Población con ingresos por unidad de consumo por debajo de 7.500 Euros,2015-01-01,16.2,32001,Bajo
32008 Barbadás,No,No,Hombres,Española,Población con ingresos por unidad de consumo por debajo de 10.000 Euros,2015-01-01,28.0,32001,Bajo
32008 Barbadás,No,No,Hombres,Extranjera,Población con ingresos por unidad de consumo por debajo de 5.000 Euros,2015-01-01,22.7,32001,Bajo
32008 Barbadás,No,No,Hombres,Extranjera,Población con ingresos por unidad de consumo por debajo de 7.500 Euros,2015-01-01,47.8,32001,Medio
32008 Barbadás,No,No,Hombres,Extranjera,Población con ingresos por unidad de consumo por debajo de 10.000 Euros,2015-01-01,65.9,32001,Medio
32008 Barbadás,No,No,Mujeres,Española,Población con ingresos por unidad de consumo por debajo de 5.000 Euros,2015-01-01,8.5,32001,Bajo
32008 Barbadás,No,No,Mujeres,Española,Población con ingresos por unidad de consumo por debajo de 7.500 Euros,2015-01-01,17.3,32001,Bajo
32008 Barbadás,No,No,Mujeres,Española,Población con ingresos por unidad de consumo por debajo de 10.000 Euros,2015-01-01,31.0,32001,Bajo
32008 Barbadás,No,No,Mujeres,Extranjera,Población con ingresos por unidad de consumo por debajo de 5.000 Euros,2015-01-01,25.8,32001,Bajo
32008 Barbadás,No,No,Mujeres,Extranjera,Población con ingresos por unidad de consumo por debajo de 7.500 Euros,2015-01-01,47.0,32001,Medio
32008 Barbadás,No,No,Mujeres,Extranjera,Población con ingresos por unidad de consumo por debajo de 10.000 Euros,2015-01-01,68.3,32001,Alto
32008 Barbadás,3200801 Barbadás distrito 01,No,Total,Española,Población con ingresos por unidad de consumo por debajo de 5.000 Euros,2015-01-01,0.0,32001,Bajo
32008 Barbadás,3200801 Barbadás distrito 01,No,Total,Española,Población con ingresos por unidad de consumo por debajo de 7.500 Euros,2015-01-01,0.0,32001,Bajo
32008 Barbadás,3200801 Barbadás distrito 01,No,Total,Española,Población con ingresos por unidad de consumo por debajo de 10.000 Euros,2015-01-01,0.0,32001,Bajo
32008 Barbadás,3200801 Barbadás distrito 01,No,Total,Extranjera,Población con ingresos por unidad de consumo por debajo de 5.000 Euros,2015-01-01,0.0,32001,Bajo
32008 Barbadás,3200801 Barbadás distrito 01,No,Total,Extranjera,Población con ingresos por unidad de consumo por debajo de 7.500 Euros,2015-01-01,0.0,32001,Bajo
32008 Barbadás,3200801 Barbadás distrito 01,No,Total,Extranjera,Población con ingresos por unidad de consumo por debajo de 10.000 Euros,2015-01-01,0.0,32001,Bajo
32008 Barbadás,3200801 Barbadás distrito 01,No,Hombres,Española,Población con ingresos por unidad de consumo por debajo de 5.000 Euros,2015-01-01,0.0,32001,Bajo
32008 Barbadás,3200801 Barbadás distrito 01,No,Hombres,Española,Población con ingresos por unidad de consumo por debajo de 7.500 Euros,2015-01-01,0.0,32001,Bajo
32008 Barbadás,3200801 Barbadás distrito 01,No,Hombres,Española,Población con ingresos por unidad de consumo por debajo de 10.000 Euros,2015-01-01,0.0,32001,Bajo
32008 Barbadás,3200801 Barbadás distrito 01,No,Hombres,Extranjera,Población con ingresos por unidad de consumo por debajo de 5.000 Euros,2015-01-01,0.0,32001,Bajo
32008 Barbadás,3200801 Barbadás distrito 01,No,Hombres,Extranjera,Población con ingresos por unidad de consumo por debajo de 7.500 Euros,2015-01-01,0.0,32001,Bajo
32008 Barbadás,3200801 Barbadás distrito 01,No,Hombres,Extranjera,Población con ingresos por unidad de consumo por debajo de 10.000 Euros,2015-01-01,0.0,32001,Bajo
32008 Barbadás,3200801 Barbadás distrito 01,No,Mujeres,Española,Población con ingresos por unidad de consumo por debajo de 5.000 Euros,2015-01-01,0.0,32001,Bajo
32008 Barbadás,3200801 Barbadás distrito 01,No,Mujeres,Española,Población con ingresos por unidad de consumo por debajo de 7.500 Euros,2015-01-01,0.0,32001,Bajo
32008 Barbadás,3200801 Barbadás distrito 01,No,Mujeres,Española,Población con ingresos por unidad de consumo por debajo de 10.000 Euros,2015-01-01,0.0,32001,Bajo
32008 Barbadás,3200801 Barbadás distrito 01,No,Mujeres,Extranjera,Población con ingresos por unidad de consumo por debajo de 5.000 Euros,2015-01-01,0.0,32001,Bajo
32008 Barbadás,3200801 Barbadás distrito 01,No,Mujeres,Extranjera,Población con ingresos por unidad de consumo por debajo de 7.500 Euros,2015-01-01,0.0,32001,Bajo
32008 Barbadás,3200801 Barbadás distrito 01,No,Mujeres,Extranjera,Población con ingresos por unidad de consumo por debajo de 10.000 Euros,2015-01-01,0.0,32001,Bajo
32008 Barbadás,3200801 Barbadás distrito 01,3200801001 Barbadás sección 01001,Total,Española,Población con ingresos por unidad de consumo por debajo de 5.000 Euros,2015-01-01,0.0,32001,Bajo
32008 Barbadás,3200801 Barbadás distrito 01,3200801001 Barbadás sección 01001,Total,Española,Población con ingresos por unidad de consumo por debajo de 7.500 Euros,2015-01-01,0.0,32001,Bajo
32008 Barbadás,3200801 Barbadás distrito 01,3200801001 Barbadás sección 01001,Total,Española,Población con ingresos por unidad de consumo por debajo de 10.000 Euros,2015-01-01,0.0,32001,Bajo
32008 Barbadás,3200801 Barbadás distrito 01,3200801001 Barbadás sección 01001,Total,Extranjera,Población con ingresos por unidad de consumo por debajo de 5.000 Euros,2015-01-01,0.0,32001,Bajo
32008 Barbadás,3200801 Barbadás distrito 01,3200801001 Barbadás sección 01001,Total,Extranjera,Población con ingresos por unidad de consumo por debajo de 7.500 Euros,2015-01-01,0.0,32001,Bajo
32008 Barbadás,3200801 Barbadás distrito 01,3200801001 Barbadás sección 01001,Total,Extranjera,Población con ingresos por unidad de consumo por debajo de 10.000 Euros,2015-01-01,0.0,32001,Bajo
32008 Barbadás,3200801 Barbadás distrito 01,3200801001 Barbadás sección 01001,Hombres,Española,Población con ingresos por unidad de consumo por debajo de 5.000 Euros,2015-01-01,0.0,32001,Bajo
32008 Barbadás,3200801 Barbadás distrito 01,3200801001 Barbadás sección 01001,Hombres,Española,Población con ingresos por unidad de consumo por debajo de 7.500 Euros,2015-01-01,0.0,32001,Bajo
32008 Barbadás,3200801 Barbadás distrito 01,3200801001 Barbadás sección 01001,Hombres,Española,Población con ingresos por unidad de consumo por debajo de 10.000 Euros,2015-01-01,0.0,32001,Bajo
32008 Barbadás,3200801 Barbadás distrito 01,3200801001 Barbadás sección 01001,Hombres,Extranjera,Población con ingresos por unidad de consumo por debajo de 5.000 Euros,2015-01-01,0.0,32001,Bajo
32008 Barbadás,3200801 Barbadás distrito 01,3200801001 Barbadás sección 01001,Hombres,Extranjera,Población con ingresos por unidad de consumo por debajo de 7.500 Euros,2015-01-01,0.0,32001,Bajo
32008 Barbadás,3200801 Barbadás distrito 01,3200801001 Barbadás sección 01001,Hombres,Extranjera,Población con ingresos por unidad de consumo por debajo de 10.000 Euros,2015-01-01,0.0,32001,Bajo
32008 Barbadás,3200801 Barbadás distrito 01,3200801001 Barbadás sección 01001,Mujeres,Española,Población con ingresos por unidad de consumo por debajo de 5.000 Euros,2015-01-01,0.0,32001,Bajo
32008 Barbadás,3200801 Barbadás distrito 01,3200801001 Barbadás sección 01001,Mujeres,Española,Población con ingresos por unidad de consumo por debajo de 7.500 Euros,2015-01-01,0.0,32001,Bajo
32008 Barbadás,3200801 Barbadás distrito 01,3200801001 Barbadás sección 01001,Mujeres,Española,Población con ingresos por unidad de consumo por debajo de 10.000 Euros,2015-01-01,0.0,32001,Bajo
32008 Barbadás,3200801 Barbadás distrito 01,3200801001 Barbadás sección 01001,Mujeres,Extranjera,Población con ingresos por unidad de consumo por debajo de 5.000 Euros,2015-01-01,0.0,32001,Bajo
32008 Barbadás,3200801 Barbadás distrito 01,3200801001 Barbadás sección 01001,Mujeres,Extranjera,Población con ingresos por unidad de consumo por debajo de 7.500 Euros,2015-01-01,0.0,32001,Bajo
32008 Barbadás,3200801 Barbadás distrito 01,3200801001 Barbadás sección 01001,Mujeres,Extranjera,Población con ingresos por unidad de consumo por debajo de 10.000 Euros,2015-01-01,0.0,32001,Bajo
32008 Barbadás,3200801 Barbadás distrito 01,3200801002 Barbadás sección 01002,Total,Española,Población con ingresos por unidad de consumo por debajo de 5.000 Euros,2015-01-01,0.0,32001,Bajo
32008 Barbadás,3200801 Barbadás distrito 01,3200801002 Barbadás sección 01002,Total,Española,Población con ingresos por unidad de consumo por debajo de 7.500 Euros,2015-01-01,0.0,32001,Bajo
32008 Barbadás,3200801 Barbadás distrito 01,3200801002 Barbadás sección 01002,Total,Española,Población con ingresos por unidad de consumo por debajo de 10.000 Euros,2015-01-01,0.0,32001,Bajo
32008 Barbadás,3200801 Barbadás distrito 01,3200801002 Barbadás sección 01002,Total,Extranjera,Población con ingresos por unidad de consumo por debajo de 5.000 Euros,2015-01-01,0.0,32001,Bajo
32008 Barbadás,3200801 Barbadás distrito 01,3200801002 Barbadás sección 01002,Total,Extranjera,Población con ingresos por unidad de consumo por debajo de 7.500 Euros,2015-01-01,0.0,32001,Bajo
32008 Barbadás,3200801 Barbadás distrito 01,3200801002 Barbadás sección 01002,Total,Extranjera,Población con ingresos por unidad de consumo por debajo de 10.000 Euros,2015-01-01,0.0,32001,Bajo
32008 Barbadás,3200801 Barbadás distrito 01,3200801002 Barbadás sección 01002,Hombres,Española,Población con ingresos por unidad de consumo por debajo de 5.000 Euros,2015-01-01,0.0,32001,Bajo
32008 Barbadás,3200801 Barbadás distrito 01,3200801002 Barbadás sección 01002,Hombres,Española,Población con ingresos por unidad de consumo por debajo de 7.500 Euros,2015-01-01,0.0,32001,Bajo
32008 Barbadás,3200801 Barbadás distrito 01,3200801002 Barbadás sección 01002,Hombres,Española,Población con ingresos por unidad de consumo por debajo de 10.000 Euros,2015-01-01,0.0,32001,Bajo
32008 Barbadás,3200801 Barbadás distrito 01,3200801002 Barbadás sección 01002,Hombres,Extranjera,Población con ingresos por unidad de consumo por debajo de 5.000 Euros,2015-01-01,0.0,32001,Bajo
32008 Barbadás,3200801 Barbadás distrito 01,3200801002 Barbadás sección 01002,Hombres,Extranjera,Población con ingresos por unidad de consumo por debajo de 7.500 Euros,2015-01-01,0.0,32001,Bajo
32008 Barbadás,3200801 Barbadás distrito 01,3200801002 Barbadás sección 01002,Hombres,Extranjera,Población con ingresos por unidad de consumo por debajo de 10.000 Euros,2015-01-01,0.0,32001,Bajo
32008 Barbadás,3200801 Barbadás distrito 01,3200801002 Barbadás sección 01002,Mujeres,Española,Población con ingresos por unidad de consumo por debajo de 5.000 Euros,2015-01-01,0.0,32001,Bajo
32008 Barbadás,3200801 Barbadás distrito 01,3200801002 Barbadás sección 01002,Mujeres,Española,Población con ingresos por unidad de consumo por debajo de 7.500 Euros,2015-01-01,0.0,32001,Bajo
32008 Barbadás,3200801 Barbadás distrito 01,3200801002 Barbadás sección 01002,Mujeres,Española,Población con ingresos por unidad de consumo por debajo de 10.000 Euros,2015-01-01,0.0,32001,Bajo
32008 Barbadás,3200801 Barbadás distrito 01,3200801002 Barbadás sección 01002,Mujeres,Extranjera,Población con ingresos por unidad de consumo por debajo de 5.000 Euros,2015-01-01,0.0,32001,Bajo
32008 Barbadás,3200801 Barbadás distrito 01,3200801002 Barbadás sección 01002,Mujeres,Extranjera,Población con ingresos por unidad de consumo por debajo de 7.500 Euros,2015-01-01,0.0,32001,Bajo
32008 Barbadás,3200801 Barbadás distrito 01,3200801002 Barbadás sección 01002,Mujeres,Extranjera,Población con ingresos por unidad de consumo por debajo de 10.000 Euros,2015-01-01,0.0,32001,Bajo
32008 Barbadás,3200801 Barbadás distrito 01,3200801003 Barbadás sección 01003,Total,Española,Población con ingresos por unidad de consumo por debajo de 5.000 Euros,2015-01-01,0.0,32001,Bajo
32008 Barbadás,3200801 Barbadás distrito 01,3200801003 Barbadás sección 01003,Total,Española,Población con ingresos por unidad de consumo por debajo de 7.500 Euros,2015-01-01,0.0,32001,Bajo
32008 Barbadás,3200801 Barbadás distrito 01,3200801003 Barbadás sección 01003,Total,Española,Población con ingresos por unidad de consumo por debajo de 10.000 Euros,2015-01-01,0.0,32001,Bajo
32008 Barbadás,3200801 Barbadás distrito 01,3200801003 Barbadás sección 01003,Total,Extranjera,Población con ingresos por unidad de consumo por debajo de 5.000 Euros,2015-01-01,0.0,32001,Bajo
32008 Barbadás,3200801 Barbadás distrito 01,3200801003 Barbadás sección 01003,Total,Extranjera,Población con ingresos por unidad de consumo por debajo de 7.500 Euros,2015-01-01,0.0,32001,Bajo
32008 Barbadás,3200801 Barbadás distrito 01,3200801003 Barbadás sección 01003,Total,Extranjera,Población con ingresos por unidad de consumo por debajo de 10.000 Euros,2015-01-01,0.0,32001,Bajo
32008 Barbadás,3200801 Barbadás distrito 01,3200801003 Barbadás sección 01003,Hombres,Española,Población con ingresos por unidad de consumo por debajo de 5.000 Euros,2015-01-01,0.0,32001,Bajo
32008 Barbadás,3200801 Barbadás distrito 01,3200801003 Barbadás sección 01003,Hombres,Española,Población con ingresos por unidad de consumo por debajo de 7.500 Euros,2015-01-01,0.0,32001,Bajo
32008 Barbadás,3200801 Barbadás distrito 01,3200801003 Barbadás sección 01003,Hombres,Española,Población con ingresos por unidad de consumo por debajo de 10.000 Euros,2015-01-01,0.0,32001,Bajo
32008 Barbadás,3200801 Barbadás distrito 01,3200801003 Barbadás sección 01003,Hombres,Extranjera,Población con ingresos por unidad de consumo por debajo de 5.000 Euros,2015-01-01,0.0,32001,Bajo
32008 Barbadás,3200801 Barbadás distrito 01,3200801003 Barbadás sección 01003,Hombres,Extranjera,Población con ingresos por unidad de consumo por debajo de 7.500 Euros,2015-01-01,0.0,32001,Bajo
32008 Barbadás,3200801 Barbadás distrito 01,3200801003 Barbadás sección 01003,Hombres,Extranjera,Población con ingresos por unidad de consumo por debajo de 10.000 Euros,2015-01-01,0.0,32001,Bajo
32008 Barbadás,3200801 Barbadás distrito 01,3200801003 Barbadás sección 01003,Mujeres,Española,Población con ingresos por unidad de consumo por debajo de 5.000 Euros,2015-01-01,0.0,32001,Bajo
32008 Barbadás,3200801 Barbadás distrito 01,3200801003 Barbadás sección 01003,Mujeres,Española,Población con ingresos por unidad de consumo por debajo de 7.500 Euros,2015-01-01,0.0,32001,Bajo
32008 Barbadás,3200801 Barbadás distrito 01,3200801003 Barbadás sección 01003,Mujeres,Española,Población con ingresos por unidad de consumo por debajo de 10.000 Euros,2015-01-01,0.0,32001,Bajo
32008 Barbadás,3200801 Barbadás distrito 01,3200801003 Barbadás sección 01003,Mujeres,Extranjera,Población con ingresos por unidad de consumo por debajo de 5.000 Euros,2015-01-01,0.0,32001,Bajo
32008 Barbadás,3200801 Barbadás distrito 01,3200801003 Barbadás sección 01003,Mujeres,Extranjera,Población con ingresos por unidad de consumo por debajo de 7.500 Euros,2015-01-01,0.0,32001,Bajo
32008 Barbadás,3200801 Barbadás distrito 01,3200801003 Barbadás sección 01003,Mujeres,Extranjera,Población con ingresos por unidad de consumo por debajo de 10.000 Euros,2015-01-01,0.0,32001,Bajo
32008 Barbadás,3200801 Barbadás distrito 01,3200801004 Barbadás sección 01004,Total,Española,Población con ingresos por unidad de consumo por debajo de 5.000 Euros,2015-01-01,0.0,32001,Bajo
32008 Barbadás,3200801 Barbadás distrito 01,3200801004 Barbadás sección 01004,Total,Española,Población con ingresos por unidad de consumo por debajo de 7.500 Euros,2015-01-01,0.0,32001,Bajo
32008 Barbadás,3200801 Barbadás distrito 01,3200801004 Barbadás sección 01004,Total,Española,Población con ingresos por unidad de consumo por debajo de 10.000 Euros,2015-01-01,0.0,32001,Bajo
32008 Barbadás,3200801 Barbadás distrito 01,3200801004 Barbadás sección 01004,Total,Extranjera,Población con ingresos por unidad de consumo por debajo de 5.000 Euros,2015-01-01,0.0,32001,Bajo
32008 Barbadás,3200801 Barbadás distrito 01,3200801004 Barbadás sección 01004,Total,Extranjera,Población con ingresos por unidad de consumo por debajo de 7.500 Euros,2015-01-01,0.0,32001,Bajo
32008 Barbadás,3200801 Barbadás distrito 01,3200801004 Barbadás sección 01004,Total,Extranjera,Población con ingresos por unidad de consumo por debajo de 10.000 Euros,2015-01-01,0.0,32001,Bajo
32008 Barbadás,3200801 Barbadás distrito 01,3200801004 Barbadás sección 01004,Hombres,Española,Población con ingresos por unidad de consumo por debajo de 5.000 Euros,2015-01-01,0.0,32001,Bajo
32008 Barbadás,3200801 Barbadás distrito 01,3200801004 Barbadás sección 01004,Hombres,Española,Población con ingresos por unidad de consumo por debajo de 7.500 Euros,2015-01-01,0.0,32001,Bajo
32008 Barbadás,3200801 Barbadás distrito 01,3200801004 Barbadás sección 01004,Hombres,Española,Población con ingresos por unidad de consumo por debajo de 10.000 Euros,2015-01-01,0.0,32001,Bajo
32008 Barbadás,3200801 Barbadás distrito 01,3200801004 Barbadás sección 01004,Hombres,Extranjera,Población con ingresos por unidad de consumo por debajo de 5.000 Euros,2015-01-01,0.0,32001,Bajo
32008 Barbadás,3200801 Barbadás distrito 01,3200801004 Barbadás sección 01004,Hombres,Extranjera,Población con ingresos por unidad de consumo por debajo de 7.500 Euros,2015-01-01,0.0,32001,Bajo
32008 Barbadás,3200801 Barbadás distrito 01,3200801004 Barbadás sección 01004,Hombres,Extranjera,Población con ingresos por unidad de consumo por debajo de 10.000 Euros,2015-01-01,0.0,32001,Bajo
32008 Barbadás,3200801 Barbadás distrito 01,3200801004 Barbadás sección 01004,Mujeres,Española,Población con ingresos por unidad de consumo por debajo de 5.000 Euros,2015-01-01,0.0,32001,Bajo
32008 Barbadás,3200801 Barbadás distrito 01,3200801004 Barbadás sección 01004,Mujeres,Española,Población con ingresos por unidad de consumo por debajo de 7.500 Euros,2015-01-01,0.0,32001,Bajo
32008 Barbadás,3200801 Barbadás distrito 01,3200801004 Barbadás sección 01004,Mujeres,Española,Población con ingresos por unidad de consumo por debajo de 10.000 Euros,2015-01-01,0.0,32001,Bajo
32008 Barbadás,3200801 Barbadás distrito 01,3200801004 Barbadás sección 01004,Mujeres,Extranjera,Población con ingresos por unidad de consumo por debajo de 5.000 Euros,2015-01-01,0.0,32001,Bajo
32008 Barbadás,3200801 Barbadás distrito 01,3200801004 Barbadás sección 01004,Mujeres,Extranjera,Población con ingresos por unidad de consumo por debajo de 7.500 Euros,2015-01-01,0.0,32001,Bajo
32008 Barbadás,3200801 Barbadás distrito 01,3200801004 Barbadás sección 01004,Mujeres,Extranjera,Población con ingresos por unidad de consumo por debajo de 10.000 Euros,2015-01-01,0.0,32001,Bajo
32008 Barbadás,3200801 Barbadás distrito 01,3200801005 Barbadás sección 01005,Total,Española,Población con ingresos por unidad de consumo por debajo de 5.000 Euros,2015-01-01,0.0,32001,Bajo
32008 Barbadás,3200801 Barbadás distrito 01,3200801005 Barbadás sección 01005,Total,Española,Población con ingresos por unidad de consumo por debajo de 7.500 Euros,2015-01-01,0.0,32001,Bajo
32008 Barbadás,3200801 Barbadás distrito 01,3200801005 Barbadás sección 01005,Total,Española,Población con ingresos por unidad de consumo por debajo de 10.000 Euros,2015-01-01,0.0,32001,Bajo
32008 Barbadás,3200801 Barbadás distrito 01,3200801005 Barbadás sección 01005,Total,Extranjera,Población con ingresos por unidad de consumo por debajo de 5.000 Euros,2015-01-01,0.0,32001,Bajo
32008 Barbadás,3200801 Barbadás distrito 01,3200801005 Barbadás sección 01005,Total,Extranjera,Población con ingresos por unidad de consumo por debajo de 7.500 Euros,2015-01-01,0.0,32001,Bajo
32008 Barbadás,3200801 Barbadás distrito 01,3200801005 Barbadás sección 01005,Total,Extranjera,Población con ingresos por unidad de consumo por debajo de 10.000 Euros,2015-01-01,0.0,32001,Bajo
32008 Barbadás,3200801 Barbadás distrito 01,3200801005 Barbadás sección 01005,Hombres,Española,Población con ingresos por unidad de consumo por debajo de 5.000 Euros,2015-01-01,0.0,32001,Bajo
32008 Barbadás,3200801 Barbadás distrito 01,3200801005 Barbadás sección 01005,Hombres,Española,Población con ingresos por unidad de consumo por debajo de 7.500 Euros,2015-01-01,0.0,32001,Bajo
32008 Barbadás,3200801 Barbadás distrito 01,3200801005 Barbadás sección 01005,Hombres,Española,Población con ingresos por unidad de consumo por debajo de 10.000 Euros,2015-01-01,0.0,32001,Bajo
32008 Barbadás,3200801 Barbadás distrito 01,3200801005 Barbadás sección 01005,Hombres,Extranjera,Población con ingresos por unidad de consumo por debajo de 5.000 Euros,2015-01-01,0.0,32001,Bajo
32008 Barbadás,3200801 Barbadás distrito 01,3200801005 Barbadás sección 01005,Hombres,Extranjera,Población con ingresos por unidad de consumo por debajo de 7.500 Euros,2015-01-01,0.0,32001,Bajo
32008 Barbadás,3200801 Barbadás distrito 01,3200801005 Barbadás sección 01005,Hombres,Extranjera,Población con ingresos por unidad de consumo por debajo de 10.000 Euros,2015-01-01,0.0,32001,Bajo
32008 Barbadás,3200801 Barbadás distrito 01,3200801005 Barbadás sección 01005,Mujeres,Española,Población con ingresos por unidad de consumo por debajo de 5.000 Euros,2015-01-01,0.0,32001,Bajo
32008 Barbadás,3200801 Barbadás distrito 01,3200801005 Barbadás sección 01005,Mujeres,Española,Población con ingresos por unidad de consumo por debajo de 7.500 Euros,2015-01-01,0.0,32001,Bajo
32008 Barbadás,3200801 Barbadás distrito 01,3200801005 Barbadás sección 01005,Mujeres,Española,Población con ingresos por unidad de consumo por debajo de 10.000 Euros,2015-01-01,0.0,32001,Bajo
32008 Barbadás,3200801 Barbadás distrito 01,3200801005 Barbadás sección 01005,Mujeres,Extranjera,Población con ingresos por unidad de consumo por debajo de 5.000 Euros,2015-01-01,0.0,32001,Bajo
32008 Barbadás,3200801 Barbadás distrito 01,3200801005 Barbadás sección 01005,Mujeres,Extranjera,Población con ingresos por unidad de consumo por debajo de 7.500 Euros,2015-01-01,0.0,32001,Bajo
32008 Barbadás,3200801 Barbadás distrito 01,3200801005 Barbadás sección 01005,Mujeres,Extranjera,Población con ingresos por unidad de consumo por debajo de 10.000 Euros,2015-01-01,0.0,32001,Bajo
32008 Barbadás,3200802 Barbadás distrito 02,No,Total,Española,Población con ingresos por unidad de consumo por debajo de 5.000 Euros,2015-01-01,0.0,32001,Bajo
32008 Barbadás,3200802 Barbadás distrito 02,No,Total,Española,Población con ingresos por unidad de consumo por debajo de 7.500 Euros,2015-01-01,0.0,32001,Bajo
32008 Barbadás,3200802 Barbadás distrito 02,No,Total,Española,Población con ingresos por unidad de consumo por debajo de 10.000 Euros,2015-01-01,0.0,32001,Bajo
32008 Barbadás,3200802 Barbadás distrito 02,No,Total,Extranjera,Población con ingresos por unidad de consumo por debajo de 5.000 Euros,2015-01-01,0.0,32001,Bajo
32008 Barbadás,3200802 Barbadás distrito 02,No,Total,Extranjera,Población con ingresos por unidad de consumo por debajo de 7.500 Euros,2015-01-01,0.0,32001,Bajo
32008 Barbadás,3200802 Barbadás distrito 02,No,Total,Extranjera,Población con ingresos por unidad de consumo por debajo de 10.000 Euros,2015-01-01,0.0,32001,Bajo
32008 Barbadás,3200802 Barbadás distrito 02,No,Hombres,Española,Población con ingresos por unidad de consumo por debajo de 5.000 Euros,2015-01-01,0.0,32001,Bajo
32008 Barbadás,3200802 Barbadás distrito 02,No,Hombres,Española,Población con ingresos por unidad de consumo por debajo de 7.500 Euros,2015-01-01,0.0,32001,Bajo
32008 Barbadás,3200802 Barbadás distrito 02,No,Hombres,Española,Población con ingresos por unidad de consumo por debajo de 10.000 Euros,2015-01-01,0.0,32001,Bajo
32008 Barbadás,3200802 Barbadás distrito 02,No,Hombres,Extranjera,Población con ingresos por unidad de consumo por debajo de 5.000 Euros,2015-01-01,0.0,32001,Bajo
32008 Barbadás,3200802 Barbadás distrito 02,No,Hombres,Extranjera,Población con ingresos por unidad de consumo por debajo de 7.500 Euros,2015-01-01,0.0,32001,Bajo
32008 Barbadás,3200802 Barbadás distrito 02,No,Hombres,Extranjera,Población con ingresos por unidad de consumo por debajo de 10.000 Euros,2015-01-01,0.0,32001,Bajo
32008 Barbadás,3200802 Barbadás distrito 02,No,Mujeres,Española,Población con ingresos por unidad de consumo por debajo de 5.000 Euros,2015-01-01,0.0,32001,Bajo
32008 Barbadás,3200802 Barbadás distrito 02,No,Mujeres,Española,Población con ingresos por unidad de consumo por debajo de 7.500 Euros,2015-01-01,0.0,32001,Bajo
32008 Barbadás,3200802 Barbadás distrito 02,No,Mujeres,Española,Población con ingresos por unidad de consumo por debajo de 10.000 Euros,2015-01-01,0.0,32001,Bajo
32008 Barbadás,3200802 Barbadás distrito 02,No,Mujeres,Extranjera,Población con ingresos por unidad de consumo por debajo de 5.000 Euros,2015-01-01,0.0,32001,Bajo
32008 Barbadás,3200802 Barbadás distrito 02,No,Mujeres,Extranjera,Población con ingresos por unidad de consumo por debajo de 7.500 Euros,2015-01-01,0.0,32001,Bajo
32008 Barbadás,3200802 Barbadás distrito 02,No,Mujeres,Extranjera,Población con ingresos por unidad de consumo por debajo de 10.000 Euros,2015-01-01,0.0,32001,Bajo
32008 Barbadás,3200802 Barbadás distrito 02,3200802001 Barbadás sección 02001,Total,Española,Población con ingresos por unidad de consumo por debajo de 5.000 Euros,2015-01-01,0.0,32001,Bajo
32008 Barbadás,3200802 Barbadás distrito 02,3200802001 Barbadás sección 02001,Total,Española,Población con ingresos por unidad de consumo por debajo de 7.500 Euros,2015-01-01,0.0,32001,Bajo
32008 Barbadás,3200802 Barbadás distrito 02,3200802001 Barbadás sección 02001,Total,Española,Población con ingresos por unidad de consumo por debajo de 10.000 Euros,2015-01-01,0.0,32001,Bajo
32008 Barbadás,3200802 Barbadás distrito 02,3200802001 Barbadás sección 02001,Total,Extranjera,Población con ingresos por unidad de consumo por debajo de 5.000 Euros,2015-01-01,0.0,32001,Bajo
32008 Barbadás,3200802 Barbadás distrito 02,3200802001 Barbadás sección 02001,Total,Extranjera,Población con ingresos por unidad de consumo por debajo de 7.500 Euros,2015-01-01,0.0,32001,Bajo
32008 Barbadás,3200802 Barbadás distrito 02,3200802001 Barbadás sección 02001,Total,Extranjera,Población con ingresos por unidad de consumo por debajo de 10.000 Euros,2015-01-01,0.0,32001,Bajo
32008 Barbadás,3200802 Barbadás distrito 02,3200802001 Barbadás sección 02001,Hombres,Española,Población con ingresos por unidad de consumo por debajo de 5.000 Euros,2015-01-01,0.0,32001,Bajo
32008 Barbadás,3200802 Barbadás distrito 02,3200802001 Barbadás sección 02001,Hombres,Española,Población con ingresos por unidad de consumo por debajo de 7.500 Euros,2015-01-01,0.0,32001,Bajo
32008 Barbadás,3200802 Barbadás distrito 02,3200802001 Barbadás sección 02001,Hombres,Española,Población con ingresos por unidad de consumo por debajo de 10.000 Euros,2015-01-01,0.0,32001,Bajo
32008 Barbadás,3200802 Barbadás distrito 02,3200802001 Barbadás sección 02001,Hombres,Extranjera,Población con ingresos por unidad de consumo por debajo de 5.000 Euros,2015-01-01,0.0,32001,Bajo
32008 Barbadás,3200802 Barbadás distrito 02,3200802001 Barbadás sección 02001,Hombres,Extranjera,Población con ingresos por unidad de consumo por debajo de 7.500 Euros,2015-01-01,0.0,32001,Bajo
32008 Barbadás,3200802 Barbadás distrito 02,3200802001 Barbadás sección 02001,Hombres,Extranjera,Población con ingresos por unidad de consumo por debajo de 10.000 Euros,2015-01-01,0.0,32001,Bajo
32008 Barbadás,3200802 Barbadás distrito 02,3200802001 Barbadás sección 02001,Mujeres,Española,Población con ingresos por unidad de consumo por debajo de 5.000 Euros,2015-01-01,0.0,32001,Bajo
32008 Barbadás,3200802 Barbadás distrito 02,3200802001 Barbadás sección 02001,Mujeres,Española,Población con ingresos por unidad de consumo por debajo de 7.500 Euros,2015-01-01,0.0,32001,Bajo
32008 Barbadás,3200802 Barbadás distrito 02,3200802001 Barbadás sección 02001,Mujeres,Española,Población con ingresos por unidad de consumo por debajo de 10.000 Euros,2015-01-01,0.0,32001,Bajo
32008 Barbadás,3200802 Barbadás distrito 02,3200802001 Barbadás sección 02001,Mujeres,Extranjera,Población con ingresos por unidad de consumo por debajo de 5.000 Euros,2015-01-01,0.0,32001,Bajo
32008 Barbadás,3200802 Barbadás distrito 02,3200802001 Barbadás sección 02001,Mujeres,Extranjera,Población con ingresos por unidad de consumo por debajo de 7.500 Euros,2015-01-01,0.0,32001,Bajo
32008 Barbadás,3200802 Barbadás distrito 02,3200802001 Barbadás sección 02001,Mujeres,Extranjera,Población con ingresos por unidad de consumo por debajo de 10.000 Euros,2015-01-01,0.0,32001,Bajo
"32009 Barco de Valdeorras, O",No,No,Total,Española,Población con ingresos por unidad de consumo por debajo de 5.000 Euros,2015-01-01,6.5,32001,Bajo
"32009 Barco de Valdeorras, O",No,No,Total,Española,Población con ingresos por unidad de consumo por debajo de 7.500 Euros,2015-01-01,12.4,32001,Bajo
"32009 Barco de Valdeorras, O",No,No,Total,Española,Población con ingresos por unidad de consumo por debajo de 10.000 Euros,2015-01-01,25.0,32001,Bajo
"32009 Barco de Valdeorras, O",No,No,Total,Extranjera,Población con ingresos por unidad de consumo por debajo de 5.000 Euros,2015-01-01,24.3,32001,Bajo
"32009 Barco de Valdeorras, O",No,No,Total,Extranjera,Población con ingresos por unidad de consumo por debajo de 7.500 Euros,2015-01-01,34.0,32001,Medio
"32009 Barco de Valdeorras, O",No,No,Total,Extranjera,Población con ingresos por unidad de consumo por debajo de 10.000 Euros,2015-01-01,53.5,32001,Medio
"32009 Barco de Valdeorras, O",No,No,Hombres,Española,Población con ingresos por unidad de consumo por debajo de 5.000 Euros,2015-01-01,6.0,32001,Bajo
"32009 Barco de Valdeorras, O",No,No,Hombres,Española,Población con ingresos por unidad de consumo por debajo de 7.500 Euros,2015-01-01,11.7,32001,Bajo
"32009 Barco de Valdeorras, O",No,No,Hombres,Española,Población con ingresos por unidad de consumo por debajo de 10.000 Euros,2015-01-01,23.3,32001,Bajo
"32009 Barco de Valdeorras, O",No,No,Hombres,Extranjera,Población con ingresos por unidad de consumo por debajo de 5.000 Euros,2015-01-01,23.9,32001,Bajo
"32009 Barco de Valdeorras, O",No,No,Hombres,Extranjera,Población con ingresos por unidad de consumo por debajo de 7.500 Euros,2015-01-01,31.6,32001,Bajo
"32009 Barco de Valdeorras, O",No,No,Hombres,Extranjera,Población con ingresos por unidad de consumo por debajo de 10.000 Euros,2015-01-01,50.3,32001,Medio
"32009 Barco de Valdeorras, O",No,No,Mujeres,Española,Población con ingresos por unidad de consumo por debajo de 5.000 Euros,2015-01-01,6.9,32001,Bajo
"32009 Barco de Valdeorras, O",No,No,Mujeres,Española,Población con ingresos por unidad de consumo por debajo de 7.500 Euros,2015-01-01,13.1,32001,Bajo
"32009 Barco de Valdeorras, O",No,No,Mujeres,Española,Población con ingresos por unidad de consumo por debajo de 10.000 Euros,2015-01-01,26.6,32001,Bajo
"32009 Barco de Valdeorras, O",No,No,Mujeres,Extranjera,Población con ingresos por unidad de consumo por debajo de 5.000 Euros,2015-01-01,24.6,32001,Bajo
"32009 Barco de Valdeorras, O",No,No,Mujeres,Extranjera,Población con ingresos por unidad de consumo por debajo de 7.500 Euros,2015-01-01,36.1,32001,Medio
"32009 Barco de Valdeorras, O",No,No,Mujeres,Extranjera,Población con ingresos por unidad de consumo por debajo de 10.000 Euros,2015-01-01,56.2,32001,Medio
"32009 Barco de Valdeorras, O","3200901 Barco de Valdeorras, O distrito 01",No,Total,Española,Población con ingresos por unidad de consumo por debajo de 5.000 Euros,2015-01-01,0.0,32001,Bajo
"32009 Barco de Valdeorras, O","3200901 Barco de Valdeorras, O distrito 01",No,Total,Española,Población con ingresos por unidad de consumo por debajo de 7.500 Euros,2015-01-01,0.0,32001,Bajo
"32009 Barco de Valdeorras, O","3200901 Barco de Valdeorras, O distrito 01",No,Total,Española,Población con ingresos por unidad de consumo por debajo de 10.000 Euros,2015-01-01,0.0,32001,Bajo
"32009 Barco de Valdeorras, O","3200901 Barco de Valdeorras, O distrito 01",No,Total,Extranjera,Población con ingresos por unidad de consumo por debajo de 5.000 Euros,2015-01-01,0.0,32001,Bajo
"32009 Barco de Valdeorras, O","3200901 Barco de Valdeorras, O distrito 01",No,Total,Extranjera,Población con ingresos por unidad de consumo por debajo de 7.500 Euros,2015-01-01,0.0,32001,Bajo
"32009 Barco de Valdeorras, O","3200901 Barco de Valdeorras, O distrito 01",No,Total,Extranjera,Población con ingresos por unidad de consumo por debajo de 10.000 Euros,2015-01-01,0.0,32001,Bajo
"32009 Barco de Valdeorras, O","3200901 Barco de Valdeorras, O distrito 01",No,Hombres,Española,Población con ingresos por unidad de consumo por debajo de 5.000 Euros,2015-01-01,0.0,32001,Bajo
"32009 Barco de Valdeorras, O","3200901 Barco de Valdeorras, O distrito 01",No,Hombres,Española,Población con ingresos por unidad de consumo por debajo de 7.500 Euros,2015-01-01,0.0,32001,Bajo
"32009 Barco de Valdeorras, O","3200901 Barco de Valdeorras, O distrito 01",No,Hombres,Española,Población con ingresos por unidad de consumo por debajo de 10.000 Euros,2015-01-01,0.0,32001,Bajo
"32009 Barco de Valdeorras, O","3200901 Barco de Valdeorras, O distrito 01",No,Hombres,Extranjera,Población con ingresos por unidad de consumo por debajo de 5.000 Euros,2015-01-01,0.0,32001,Bajo
"32009 Barco de Valdeorras, O","3200901 Barco de Valdeorras, O distrito 01",No,Hombres,Extranjera,Población con ingresos por unidad de consumo por debajo de 7.500 Euros,2015-01-01,0.0,32001,Bajo
"32009 Barco de Valdeorras, O","3200901 Barco de Valdeorras, O distrito 01",No,Hombres,Extranjera,Población con ingresos por unidad de consumo por debajo de 10.000 Euros,2015-01-01,0.0,32001,Bajo
"32009 Barco de Valdeorras, O","3200901 Barco de Valdeorras, O distrito 01",No,Mujeres,Española,Población con ingresos por unidad de consumo por debajo de 5.000 Euros,2015-01-01,0.0,32001,Bajo
"32009 Barco de Valdeorras, O","3200901 Barco de Valdeorras, O distrito 01",No,Mujeres,Española,Población con ingresos por unidad de consumo por debajo de 7.500 Euros,2015-01-01,0.0,32001,Bajo
"32009 Barco de Valdeorras, O","3200901 Barco de Valdeorras, O distrito 01",No,Mujeres,Española,Población con ingresos por unidad de consumo por debajo de 10.000 Euros,2015-01-01,0.0,32001,Bajo
"32009 Barco de Valdeorras, O","3200901 Barco de Valdeorras, O distrito 01",No,Mujeres,Extranjera,Población con ingresos por unidad de consumo por debajo de 5.000 Euros,2015-01-01,0.0,32001,Bajo
"32009 Barco de Valdeorras, O","3200901 Barco de Valdeorras, O distrito 01",No,Mujeres,Extranjera,Población con ingresos por unidad de consumo por debajo de 7.500 Euros,2015-01-01,0.0,32001,Bajo
"32009 Barco de Valdeorras, O","3200901 Barco de Valdeorras, O distrito 01",No,Mujeres,Extranjera,Población con ingresos por unidad de consumo por debajo de 10.000 Euros,2015-01-01,0.0,32001,Bajo
"32009 Barco de Valdeorras, O","3200901 Barco de Valdeorras, O distrito 01","3200901001 Barco de Valdeorras, O sección 01001",Total,Española,Población con ingresos por unidad de consumo por debajo de 5.000 Euros,2015-01-01,0.0,32001,Bajo
"32009 Barco de Valdeorras, O","3200901 Barco de Valdeorras, O distrito 01","3200901001 Barco de Valdeorras, O sección 01001",Total,Española,Población con ingresos por unidad de consumo por debajo de 7.500 Euros,2015-01-01,0.0,32001,Bajo
"32009 Barco de Valdeorras, O","3200901 Barco de Valdeorras, O distrito 01","3200901001 Barco de Valdeorras, O sección 01001",Total,Española,Población con ingresos por unidad de consumo por debajo de 10.000 Euros,2015-01-01,0.0,32001,Bajo
"32009 Barco de Valdeorras, O","3200901 Barco de Valdeorras, O distrito 01","3200901001 Barco de Valdeorras, O sección 01001",Total,Extranjera,Población con ingresos por unidad de consumo por debajo de 5.000 Euros,2015-01-01,0.0,32001,Bajo
"32009 Barco de Valdeorras, O","3200901 Barco de Valdeorras, O distrito 01","3200901001 Barco de Valdeorras, O sección 01001",Total,Extranjera,Población con ingresos por unidad de consumo por debajo de 7.500 Euros,2015-01-01,0.0,32001,Bajo
"32009 Barco de Valdeorras, O","3200901 Barco de Valdeorras, O distrito 01","3200901001 Barco de Valdeorras, O sección 01001",Total,Extranjera,Población con ingresos por unidad de consumo por debajo de 10.000 Euros,2015-01-01,0.0,32001,Bajo
"32009 Barco de Valdeorras, O","3200901 Barco de Valdeorras, O distrito 01","3200901001 Barco de Valdeorras, O sección 01001",Hombres,Española,Población con ingresos por unidad de consumo por debajo de 5.000 Euros,2015-01-01,0.0,32001,Bajo
"32009 Barco de Valdeorras, O","3200901 Barco de Valdeorras, O distrito 01","3200901001 Barco de Valdeorras, O sección 01001",Hombres,Española,Población con ingresos por unidad de consumo por debajo de 7.500 Euros,2015-01-01,0.0,32001,Bajo
"32009 Barco de Valdeorras, O","3200901 Barco de Valdeorras, O distrito 01","3200901001 Barco de Valdeorras, O sección 01001",Hombres,Española,Población con ingresos por unidad de consumo por debajo de 10.000 Euros,2015-01-01,0.0,32001,Bajo
"32009 Barco de Valdeorras, O","3200901 Barco de Valdeorras, O distrito 01","3200901001 Barco de Valdeorras, O sección 01001",Hombres,Extranjera,Población con ingresos por unidad de consumo por debajo de 5.000 Euros,2015-01-01,0.0,32001,Bajo
"32009 Barco de Valdeorras, O","3200901 Barco de Valdeorras, O distrito 01","3200901001 Barco de Valdeorras, O sección 01001",Hombres,Extranjera,Población con ingresos por unidad de consumo por debajo de 7.500 Euros,2015-01-01,0.0,32001,Bajo
"32009 Barco de Valdeorras, O","3200901 Barco de Valdeorras, O distrito 01","3200901001 Barco de Valdeorras, O sección 01001",Hombres,Extranjera,Población con ingresos por unidad de consumo por debajo de 10.000 Euros,2015-01-01,0.0,32001,Bajo
"32009 Barco de Valdeorras, O","3200901 Barco de Valdeorras, O distrito 01","3200901001 Barco de Valdeorras, O sección 01001",Mujeres,Española,Población con ingresos por unidad de consumo por debajo de 5.000 Euros,2015-01-01,0.0,32001,Bajo
"32009 Barco de Valdeorras, O","3200901 Barco de Valdeorras, O distrito 01","3200901001 Barco de Valdeorras, O sección 01001",Mujeres,Española,Población con ingresos por unidad de consumo por debajo de 7.500 Euros,2015-01-01,0.0,32001,Bajo
"32009 Barco de Valdeorras, O","3200901 Barco de Valdeorras, O distrito 01","3200901001 Barco de Valdeorras, O sección 01001",Mujeres,Española,Población con ingresos por unidad de consumo por debajo de 10.000 Euros,2015-01-01,0.0,32001,Bajo
"32009 Barco de Valdeorras, O","3200901 Barco de Valdeorras, O distrito 01","3200901001 Barco de Valdeorras, O sección 01001",Mujeres,Extranjera,Población con ingresos por unidad de consumo por debajo de 5.000 Euros,2015-01-01,0.0,32001,Bajo
"32009 Barco de Valdeorras, O","3200901 Barco de Valdeorras, O distrito 01","3200901001 Barco de Valdeorras, O sección 01001",Mujeres,Extranjera,Población con ingresos por unidad de consumo por debajo de 7.500 Euros,2015-01-01,0.0,32001,Bajo
"32009 Barco de Valdeorras, O","3200901 Barco de Valdeorras, O distrito 01","3200901001 Barco de Valdeorras, O sección 01001",Mujeres,Extranjera,Población con ingresos por unidad de consumo por debajo de 10.000 Euros,2015-01-01,0.0,32001,Bajo
"32009 Barco de Valdeorras, O","3200901 Barco de Valdeorras, O distrito 01","3200901002 Barco de Valdeorras, O sección 01002",Total,Española,Población con ingresos por unidad de consumo por debajo de 5.000 Euros,2015-01-01,0.0,32001,Bajo
"32009 Barco de Valdeorras, O","3200901 Barco de Valdeorras, O distrito 01","3200901002 Barco de Valdeorras, O sección 01002",Total,Española,Población con ingresos por unidad de consumo por debajo de 7.500 Euros,2015-01-01,0.0,32001,Bajo
"32009 Barco de Valdeorras, O","3200901 Barco de Valdeorras, O distrito 01","3200901002 Barco de Valdeorras, O sección 01002",Total,Española,Población con ingresos por unidad de consumo por debajo de 10.000 Euros,2015-01-01,0.0,32001,Bajo
"32009 Barco de Valdeorras, O","3200901 Barco de Valdeorras, O distrito 01","3200901002 Barco de Valdeorras, O sección 01002",Total,Extranjera,Población con ingresos por unidad de consumo por debajo de 5.000 Euros,2015-01-01,0.0,32001,Bajo
"32009 Barco de Valdeorras, O","3200901 Barco de Valdeorras, O distrito 01","3200901002 Barco de Valdeorras, O sección 01002",Total,Extranjera,Población con ingresos por unidad de consumo por debajo de 7.500 Euros,2015-01-01,0.0,32001,Bajo
"32009 Barco de Valdeorras, O","3200901 Barco de Valdeorras, O distrito 01","3200901002 Barco de Valdeorras, O sección 01002",Total,Extranjera,Población con ingresos por unidad de consumo por debajo de 10.000 Euros,2015-01-01,0.0,32001,Bajo
"32009 Barco de Valdeorras, O","3200901 Barco de Valdeorras, O distrito 01","3200901002 Barco de Valdeorras, O sección 01002",Hombres,Española,Población con ingresos por unidad de consumo por debajo de 5.000 Euros,2015-01-01,0.0,32001,Bajo
"32009 Barco de Valdeorras, O","3200901 Barco de Valdeorras, O distrito 01","3200901002 Barco de Valdeorras, O sección 01002",Hombres,Española,Población con ingresos por unidad de consumo por debajo de 7.500 Euros,2015-01-01,0.0,32001,Bajo
"32009 Barco de Valdeorras, O","3200901 Barco de Valdeorras, O distrito 01","3200901002 Barco de Valdeorras, O sección 01002",Hombres,Española,Población con ingresos por unidad de consumo por debajo de 10.000 Euros,2015-01-01,0.0,32001,Bajo
"32009 Barco de Valdeorras, O","3200901 Barco de Valdeorras, O distrito 01","3200901002 Barco de Valdeorras, O sección 01002",Hombres,Extranjera,Población con ingresos por unidad de consumo por debajo de 5.000 Euros,2015-01-01,0.0,32001,Bajo
"32009 Barco de Valdeorras, O","3200901 Barco de Valdeorras, O distrito 01","3200901002 Barco de Valdeorras, O sección 01002",Hombres,Extranjera,Población con ingresos por unidad de consumo por debajo de 7.500 Euros,2015-01-01,0.0,32001,Bajo
"32009 Barco de Valdeorras, O","3200901 Barco de Valdeorras, O distrito 01","3200901002 Barco de Valdeorras, O sección 01002",Hombres,Extranjera,Población con ingresos por unidad de consumo por debajo de 10.000 Euros,2015-01-01,0.0,32001,Bajo
"32009 Barco de Valdeorras, O","3200901 Barco de Valdeorras, O distrito 01","3200901002 Barco de Valdeorras, O sección 01002",Mujeres,Española,Población con ingresos por unidad de consumo por debajo de 5.000 Euros,2015-01-01,0.0,32001,Bajo
"32009 Barco de Valdeorras, O","3200901 Barco de Valdeorras, O distrito 01","3200901002 Barco de Valdeorras, O sección 01002",Mujeres,Española,Población con ingresos por unidad de consumo por debajo de 7.500 Euros,2015-01-01,0.0,32001,Bajo
"32009 Barco de Valdeorras, O","3200901 Barco de Valdeorras, O distrito 01","3200901002 Barco de Valdeorras, O sección 01002",Mujeres,Española,Población con ingresos por unidad de consumo por debajo de 10.000 Euros,2015-01-01,0.0,32001,Bajo
"32009 Barco de Valdeorras, O","3200901 Barco de Valdeorras, O distrito 01","3200901002 Barco de Valdeorras, O sección 01002",Mujeres,Extranjera,Población con ingresos por unidad de consumo por debajo de 5.000 Euros,2015-01-01,0.0,32001,Bajo
"32009 Barco de Valdeorras, O","3200901 Barco de Valdeorras, O distrito 01","3200901002 Barco de Valdeorras, O sección 01002",Mujeres,Extranjera,Población con ingresos por unidad de consumo por debajo de 7.500 Euros,2015-01-01,0.0,32001,Bajo
"32009 Barco de Valdeorras, O","3200901 Barco de Valdeorras, O distrito 01","3200901002 Barco de Valdeorras, O sección 01002",Mujeres,Extranjera,Población con ingresos por unidad de consumo por debajo de 10.000 Euros,2015-01-01,0.0,32001,Bajo
"32009 Barco de Valdeorras, O","3200901 Barco de Valdeorras, O distrito 01","3200901003 Barco de Valdeorras, O sección 01003",Total,Española,Población con ingresos por unidad de consumo por debajo de 5.000 Euros,2015-01-01,0.0,32001,Bajo
"32009 Barco de Valdeorras, O","3200901 Barco de Valdeorras, O distrito 01","3200901003 Barco de Valdeorras, O sección 01003",Total,Española,Población con ingresos por unidad de consumo por debajo de 7.500 Euros,2015-01-01,0.0,32001,Bajo
"32009 Barco de Valdeorras, O","3200901 Barco de Valdeorras, O distrito 01","3200901003 Barco de Valdeorras, O sección 01003",Total,Española,Población con ingresos por unidad de consumo por debajo de 10.000 Euros,2015-01-01,0.0,32001,Bajo
"32009 Barco de Valdeorras, O","3200901 Barco de Valdeorras, O distrito 01","3200901003 Barco de Valdeorras, O sección 01003",Total,Extranjera,Población con ingresos por unidad de consumo por debajo de 5.000 Euros,2015-01-01,0.0,32001,Bajo
"32009 Barco de Valdeorras, O","3200901 Barco de Valdeorras, O distrito 01","3200901003 Barco de Valdeorras, O sección 01003",Total,Extranjera,Población con ingresos por unidad de consumo por debajo de 7.500 Euros,2015-01-01,0.0,32001,Bajo
"32009 Barco de Valdeorras, O","3200901 Barco de Valdeorras, O distrito 01","3200901003 Barco de Valdeorras, O sección 01003",Total,Extranjera,Población con ingresos por unidad de consumo por debajo de 10.000 Euros,2015-01-01,0.0,32001,Bajo
"32009 Barco de Valdeorras, O","3200901 Barco de Valdeorras, O distrito 01","3200901003 Barco de Valdeorras, O sección 01003",Hombres,Española,Población con ingresos por unidad de consumo por debajo de 5.000 Euros,2015-01-01,0.0,32001,Bajo
"32009 Barco de Valdeorras, O","3200901 Barco de Valdeorras, O distrito 01","3200901003 Barco de Valdeorras, O sección 01003",Hombres,Española,Población con ingresos por unidad de consumo por debajo de 7.500 Euros,2015-01-01,0.0,32001,Bajo
"32009 Barco de Valdeorras, O","3200901 Barco de Valdeorras, O distrito 01","3200901003 Barco de Valdeorras, O sección 01003",Hombres,Española,Población con ingresos por unidad de consumo por debajo de 10.000 Euros,2015-01-01,0.0,32001,Bajo
"32009 Barco de Valdeorras, O","3200901 Barco de Valdeorras, O distrito 01","3200901003 Barco de Valdeorras, O sección 01003",Hombres,Extranjera,Población con ingresos por unidad de consumo por debajo de 5.000 Euros,2015-01-01,0.0,32001,Bajo
"32009 Barco de Valdeorras, O","3200901 Barco de Valdeorras, O distrito 01","3200901003 Barco de Valdeorras, O sección 01003",Hombres,Extranjera,Población con ingresos por unidad de consumo por debajo de 7.500 Euros,2015-01-01,0.0,32001,Bajo
"32009 Barco de Valdeorras, O","3200901 Barco de Valdeorras, O distrito 01","3200901003 Barco de Valdeorras, O sección 01003",Hombres,Extranjera,Población con ingresos por unidad de consumo por debajo de 10.000 Euros,2015-01-01,0.0,32001,Bajo
"32009 Barco de Valdeorras, O","3200901 Barco de Valdeorras, O distrito 01","3200901003 Barco de Valdeorras, O sección 01003",Mujeres,Española,Población con ingresos por unidad de consumo por debajo de 5.000 Euros,2015-01-01,0.0,32001,Bajo
"32009 Barco de Valdeorras, O","3200901 Barco de Valdeorras, O distrito 01","3200901003 Barco de Valdeorras, O sección 01003",Mujeres,Española,Población con ingresos por unidad de consumo por debajo de 7.500 Euros,2015-01-01,0.0,32001,Bajo
"32009 Barco de Valdeorras, O","3200901 Barco de Valdeorras, O distrito 01","3200901003 Barco de Valdeorras, O sección 01003",Mujeres,Española,Población con ingresos por unidad de consumo por debajo de 10.000 Euros,2015-01-01,0.0,32001,Bajo
"32009 Barco de Valdeorras, O","3200901 Barco de Valdeorras, O distrito 01","3200901003 Barco de Valdeorras, O sección 01003",Mujeres,Extranjera,Población con ingresos por unidad de consumo por debajo de 5.000 Euros,2015-01-01,0.0,32001,Bajo
"32009 Barco de Valdeorras, O","3200901 Barco de Valdeorras, O distrito 01","3200901003 Barco de Valdeorras, O sección 01003",Mujeres,Extranjera,Población con ingresos por unidad de consumo por debajo de 7.500 Euros,2015-01-01,0.0,32001,Bajo
"32009 Barco de Valdeorras, O","3200901 Barco de Valdeorras, O distrito 01","3200901003 Barco de Valdeorras, O sección 01003",Mujeres,Extranjera,Población con ingresos por unidad de consumo por debajo de 10.000 Euros,2015-01-01,0.0,32001,Bajo
"32009 Barco de Valdeorras, O","3200901 Barco de Valdeorras, O distrito 01","3200901004 Barco de Valdeorras, O sección 01004",Total,Española,Población con ingresos por unidad de consumo por debajo de 5.000 Euros,2015-01-01,0.0,32001,Bajo
"32009 Barco de Valdeorras, O","3200901 Barco de Valdeorras, O distrito 01","3200901004 Barco de Valdeorras, O sección 01004",Total,Española,Población con ingresos por unidad de consumo por debajo de 7.500 Euros,2015-01-01,0.0,32001,Bajo
"32009 Barco de Valdeorras, O","3200901 Barco de Valdeorras, O distrito 01","3200901004 Barco de Valdeorras, O sección 01004",Total,Española,Población con ingresos por unidad de consumo por debajo de 10.000 Euros,2015-01-01,0.0,32001,Bajo
"32009 Barco de Valdeorras, O","3200901 Barco de Valdeorras, O distrito 01","3200901004 Barco de Valdeorras, O sección 01004",Total,Extranjera,Población con ingresos por unidad de consumo por debajo de 5.000 Euros,2015-01-01,0.0,32001,Bajo
"32009 Barco de Valdeorras, O","3200901 Barco de Valdeorras, O distrito 01","3200901004 Barco de Valdeorras, O sección 01004",Total,Extranjera,Población con ingresos por unidad de consumo por debajo de 7.500 Euros,2015-01-01,0.0,32001,Bajo
"32009 Barco de Valdeorras, O","3200901 Barco de Valdeorras, O distrito 01","3200901004 Barco de Valdeorras, O sección 01004",Total,Extranjera,Población con ingresos por unidad de consumo por debajo de 10.000 Euros,2015-01-01,0.0,32001,Bajo
"32009 Barco de Valdeorras, O","3200901 Barco de Valdeorras, O distrito 01","3200901004 Barco de Valdeorras, O sección 01004",Hombres,Española,Población con ingresos por unidad de consumo por debajo de 5.000 Euros,2015-01-01,0.0,32001,Bajo
"32009 Barco de Valdeorras, O","3200901 Barco de Valdeorras, O distrito 01","3200901004 Barco de Valdeorras, O sección 01004",Hombres,Española,Población con ingresos por unidad de consumo por debajo de 7.500 Euros,2015-01-01,0.0,32001,Bajo
"32009 Barco de Valdeorras, O","3200901 Barco de Valdeorras, O distrito 01","3200901004 Barco de Valdeorras, O sección 01004",Hombres,Española,Población con ingresos por unidad de consumo por debajo de 10.000 Euros,2015-01-01,0.0,32001,Bajo
"32009 Barco de Valdeorras, O","3200901 Barco de Valdeorras, O distrito 01","3200901004 Barco de Valdeorras, O sección 01004",Hombres,Extranjera,Población con ingresos por unidad de consumo por debajo de 5.000 Euros,2015-01-01,0.0,32001,Bajo
"32009 Barco de Valdeorras, O","3200901 Barco de Valdeorras, O distrito 01","3200901004 Barco de Valdeorras, O sección 01004",Hombres,Extranjera,Población con ingresos por unidad de consumo por debajo de 7.500 Euros,2015-01-01,0.0,32001,Bajo
"32009 Barco de Valdeorras, O","3200901 Barco de Valdeorras, O distrito 01","3200901004 Barco de Valdeorras, O sección 01004",Hombres,Extranjera,Población con ingresos por unidad de consumo por debajo de 10.000 Euros,2015-01-01,0.0,32001,Bajo
"32009 Barco de Valdeorras, O","3200901 Barco de Valdeorras, O distrito 01","3200901004 Barco de Valdeorras, O sección 01004",Mujeres,Española,Población con ingresos por unidad de consumo por debajo de 5.000 Euros,2015-01-01,0.0,32001,Bajo
"32009 Barco de Valdeorras, O","3200901 Barco de Valdeorras, O distrito 01","3200901004 Barco de Valdeorras, O sección 01004",Mujeres,Española,Población con ingresos por unidad de consumo por debajo de 7.500 Euros,2015-01-01,0.0,32001,Bajo
"32009 Barco de Valdeorras, O","3200901 Barco de Valdeorras, O distrito 01","3200901004 Barco de Valdeorras, O sección 01004",Mujeres,Española,Población con ingresos por unidad de consumo por debajo de 10.000 Euros,2015-01-01,0.0,32001,Bajo
"32009 Barco de Valdeorras, O","3200901 Barco de Valdeorras, O distrito 01","3200901004 Barco de Valdeorras, O sección 01004",Mujeres,Extranjera,Población con ingresos por unidad de consumo por debajo de 5.000 Euros,2015-01-01,0.0,32001,Bajo
"32009 Barco de Valdeorras, O","3200901 Barco de Valdeorras, O distrito 01","3200901004 Barco de Valdeorras, O sección 01004",Mujeres,Extranjera,Población con ingresos por unidad de consumo por debajo de 7.500 Euros,2015-01-01,0.0,32001,Bajo
"32009 Barco de Valdeorras, O","3200901 Barco de Valdeorras, O distrito 01","3200901004 Barco de Valdeorras, O sección 01004",Mujeres,Extranjera,Población con ingresos por unidad de consumo por debajo de 10.000 Euros,2015-01-01,0.0,32001,Bajo
"32009 Barco de Valdeorras, O","3200901 Barco de Valdeorras, O distrito 01","3200901005 Barco de Valdeorras, O sección 01005",Total,Española,Población con ingresos por unidad de consumo por debajo de 5.000 Euros,2015-01-01,0.0,32001,Bajo
"32009 Barco de Valdeorras, O","3200901 Barco de Valdeorras, O distrito 01","3200901005 Barco de Valdeorras, O sección 01005",Total,Española,Población con ingresos por unidad de consumo por debajo de 7.500 Euros,2015-01-01,0.0,32001,Bajo
"32009 Barco de Valdeorras, O","3200901 Barco de Valdeorras, O distrito 01","3200901005 Barco de Valdeorras, O sección 01005",Total,Española,Población con ingresos por unidad de consumo por debajo de 10.000 Euros,2015-01-01,0.0,32001,Bajo
"32009 Barco de Valdeorras, O","3200901 Barco de Valdeorras, O distrito 01","3200901005 Barco de Valdeorras, O sección 01005",Total,Extranjera,Población con ingresos por unidad de consumo por debajo de 5.000 Euros,2015-01-01,0.0,32001,Bajo
"32009 Barco de Valdeorras, O","3200901 Barco de Valdeorras, O distrito 01","3200901005 Barco de Valdeorras, O sección 01005",Total,Extranjera,Población con ingresos por unidad de consumo por debajo de 7.500 Euros,2015-01-01,0.0,32001,Bajo
"32009 Barco de Valdeorras, O","3200901 Barco de Valdeorras, O distrito 01","3200901005 Barco de Valdeorras, O sección 01005",Total,Extranjera,Población con ingresos por unidad de consumo por debajo de 10.000 Euros,2015-01-01,0.0,32001,Bajo
"32009 Barco de Valdeorras, O","3200901 Barco de Valdeorras, O distrito 01","3200901005 Barco de Valdeorras, O sección 01005",Hombres,Española,Población con ingresos por unidad de consumo por debajo de 5.000 Euros,2015-01-01,0.0,32001,Bajo
"32009 Barco de Valdeorras, O","3200901 Barco de Valdeorras, O distrito 01","3200901005 Barco de Valdeorras, O sección 01005",Hombres,Española,Población con ingresos por unidad de consumo por debajo de 7.500 Euros,2015-01-01,0.0,32001,Bajo
"32009 Barco de Valdeorras, O","3200901 Barco de Valdeorras, O distrito 01","3200901005 Barco de Valdeorras, O sección 01005",Hombres,Española,Población con ingresos por unidad de consumo por debajo de 10.000 Euros,2015-01-01,0.0,32001,Bajo
"32009 Barco de Valdeorras, O","3200901 Barco de Valdeorras, O distrito 01","3200901005 Barco de Valdeorras, O sección 01005",Hombres,Extranjera,Población con ingresos por unidad de consumo por debajo de 5.000 Euros,2015-01-01,0.0,32001,Bajo
"32009 Barco de Valdeorras, O","3200901 Barco de Valdeorras, O distrito 01","3200901005 Barco de Valdeorras, O sección 01005",Hombres,Extranjera,Población con ingresos por unidad de consumo por debajo de 7.500 Euros,2015-01-01,0.0,32001,Bajo
"32009 Barco de Valdeorras, O","3200901 Barco de Valdeorras, O distrito 01","3200901005 Barco de Valdeorras, O sección 01005",Hombres,Extranjera,Población con ingresos por unidad de consumo por debajo de 10.000 Euros,2015-01-01,0.0,32001,Bajo
"32009 Barco de Valdeorras, O","3200901 Barco de Valdeorras, O distrito 01","3200901005 Barco de Valdeorras, O sección 01005",Mujeres,Española,Población con ingresos por unidad de consumo por debajo de 5.000 Euros,2015-01-01,0.0,32001,Bajo
"32009 Barco de Valdeorras, O","3200901 Barco de Valdeorras, O distrito 01","3200901005 Barco de Valdeorras, O sección 01005",Mujeres,Española,Población con ingresos por unidad de consumo por debajo de 7.500 Euros,2015-01-01,0.0,32001,Bajo
"32009 Barco de Valdeorras, O","3200901 Barco de Valdeorras, O distrito 01","3200901005 Barco de Valdeorras, O sección 01005",Mujeres,Española,Población con ingresos por unidad de consumo por debajo de 10.000 Euros,2015-01-01,0.0,32001,Bajo
"32009 Barco de Valdeorras, O","3200901 Barco de Valdeorras, O distrito 01","3200901005 Barco de Valdeorras, O sección 01005",Mujeres,Extranjera,Población con ingresos por unidad de consumo por debajo de 5.000 Euros,2015-01-01,0.0,32001,Bajo
"32009 Barco de Valdeorras, O","3200901 Barco de Valdeorras, O distrito 01","3200901005 Barco de Valdeorras, O sección 01005",Mujeres,Extranjera,Población con ingresos por unidad de consumo por debajo de 7.500 Euros,2015-01-01,0.0,32001,Bajo
"32009 Barco de Valdeorras, O","3200901 Barco de Valdeorras, O distrito 01","3200901005 Barco de Valdeorras, O sección 01005",Mujeres,Extranjera,Población con ingresos por unidad de consumo por debajo de 10.000 Euros,2015-01-01,0.0,32001,Bajo
"32009 Barco de Valdeorras, O","3200901 Barco de Valdeorras, O distrito 01","3200901006 Barco de Valdeorras, O sección 01006",Total,Española,Población con ingresos por unidad de consumo por debajo de 5.000 Euros,2015-01-01,0.0,32001,Bajo
"32009 Barco de Valdeorras, O","3200901 Barco de Valdeorras, O distrito 01","3200901006 Barco de Valdeorras, O sección 01006",Total,Española,Población con ingresos por unidad de consumo por debajo de 7.500 Euros,2015-01-01,0.0,32001,Bajo
"32009 Barco de Valdeorras, O","3200901 Barco de Valdeorras, O distrito 01","3200901006 Barco de Valdeorras, O sección 01006",Total,Española,Población con ingresos por unidad de consumo por debajo de 10.000 Euros,2015-01-01,0.0,32001,Bajo
"32009 Barco de Valdeorras, O","3200901 Barco de Valdeorras, O distrito 01","3200901006 Barco de Valdeorras, O sección 01006",Total,Extranjera,Población con ingresos por unidad de consumo por debajo de 5.000 Euros,2015-01-01,0.0,32001,Bajo
"32009 Barco de Valdeorras, O","3200901 Barco de Valdeorras, O distrito 01","3200901006 Barco de Valdeorras, O sección 01006",Total,Extranjera,Población con ingresos por unidad de consumo por debajo de 7.500 Euros,2015-01-01,0.0,32001,Bajo
"32009 Barco de Valdeorras, O","3200901 Barco de Valdeorras, O distrito 01","3200901006 Barco de Valdeorras, O sección 01006",Total,Extranjera,Población con ingresos por unidad de consumo por debajo de 10.000 Euros,2015-01-01,0.0,32001,Bajo
"32009 Barco de Valdeorras, O","3200901 Barco de Valdeorras, O distrito 01","3200901006 Barco de Valdeorras, O sección 01006",Hombres,Española,Población con ingresos por unidad de consumo por debajo de 5.000 Euros,2015-01-01,0.0,32001,Bajo
"32009 Barco de Valdeorras, O","3200901 Barco de Valdeorras, O distrito 01","3200901006 Barco de Valdeorras, O sección 01006",Hombres,Española,Población con ingresos por unidad de consumo por debajo de 7.500 Euros,2015-01-01,0.0,32001,Bajo
"32009 Barco de Valdeorras, O","3200901 Barco de Valdeorras, O distrito 01","3200901006 Barco de Valdeorras, O sección 01006",Hombres,Española,Población con ingresos por unidad de consumo por debajo de 10.000 Euros,2015-01-01,0.0,32001,Bajo
"32009 Barco de Valdeorras, O","3200901 Barco de Valdeorras, O distrito 01","3200901006 Barco de Valdeorras, O sección 01006",Hombres,Extranjera,Población con ingresos por unidad de consumo por debajo de 5.000 Euros,2015-01-01,0.0,32001,Bajo
"32009 Barco de Valdeorras, O","3200901 Barco de Valdeorras, O distrito 01","3200901006 Barco de Valdeorras, O sección 01006",Hombres,Extranjera,Población con ingresos por unidad de consumo por debajo de 7.500 Euros,2015-01-01,0.0,32001,Bajo
"32009 Barco de Valdeorras, O","3200901 Barco de Valdeorras, O distrito 01","3200901006 Barco de Valdeorras, O sección 01006",Hombres,Extranjera,Población con ingresos por unidad de consumo por debajo de 10.000 Euros,2015-01-01,0.0,32001,Bajo
"32009 Barco de Valdeorras, O","3200901 Barco de Valdeorras, O distrito 01","3200901006 Barco de Valdeorras, O sección 01006",Mujeres,Española,Población con ingresos por unidad de consumo por debajo de 5.000 Euros,2015-01-01,0.0,32001,Bajo
"32009 Barco de Valdeorras, O","3200901 Barco de Valdeorras, O distrito 01","3200901006 Barco de Valdeorras, O sección 01006",Mujeres,Española,Población con ingresos por unidad de consumo por debajo de 7.500 Euros,2015-01-01,0.0,32001,Bajo
"32009 Barco de Valdeorras, O","3200901 Barco de Valdeorras, O distrito 01","3200901006 Barco de Valdeorras, O sección 01006",Mujeres,Española,Población con ingresos por unidad de consumo por debajo de 10.000 Euros,2015-01-01,0.0,32001,Bajo
"32009 Barco de Valdeorras, O","3200901 Barco de Valdeorras, O distrito 01","3200901006 Barco de Valdeorras, O sección 01006",Mujeres,Extranjera,Población con ingresos por unidad de consumo por debajo de 5.000 Euros,2015-01-01,0.0,32001,Bajo
"32009 Barco de Valdeorras, O","3200901 Barco de Valdeorras, O distrito 01","3200901006 Barco de Valdeorras, O sección 01006",Mujeres,Extranjera,Población con ingresos por unidad de consumo por debajo de 7.500 Euros,2015-01-01,0.0,32001,Bajo
"32009 Barco de Valdeorras, O","3200901 Barco de Valdeorras, O distrito 01","3200901006 Barco de Valdeorras, O sección 01006",Mujeres,Extranjera,Población con ingresos por unidad de consumo por debajo de 10.000 Euros,2015-01-01,0.0,32001,Bajo
"32009 Barco de Valdeorras, O","3200901 Barco de Valdeorras, O distrito 01","3200901007 Barco de Valdeorras, O sección 01007",Total,Española,Población con ingresos por unidad de consumo por debajo de 5.000 Euros,2015-01-01,0.0,32001,Bajo
"32009 Barco de Valdeorras, O","3200901 Barco de Valdeorras, O distrito 01","3200901007 Barco de Valdeorras, O sección 01007",Total,Española,Población con ingresos por unidad de consumo por debajo de 7.500 Euros,2015-01-01,0.0,32001,Bajo
"32009 Barco de Valdeorras, O","3200901 Barco de Valdeorras, O distrito 01","3200901007 Barco de Valdeorras, O sección 01007",Total,Española,Población con ingresos por unidad de consumo por debajo de 10.000 Euros,2015-01-01,0.0,32001,Bajo
"32009 Barco de Valdeorras, O","3200901 Barco de Valdeorras, O distrito 01","3200901007 Barco de Valdeorras, O sección 01007",Total,Extranjera,Población con ingresos por unidad de consumo por debajo de 5.000 Euros,2015-01-01,0.0,32001,Bajo
"32009 Barco de Valdeorras, O","3200901 Barco de Valdeorras, O distrito 01","3200901007 Barco de Valdeorras, O sección 01007",Total,Extranjera,Población con ingresos por unidad de consumo por debajo de 7.500 Euros,2015-01-01,0.0,32001,Bajo
"32009 Barco de Valdeorras, O","3200901 Barco de Valdeorras, O distrito 01","3200901007 Barco de Valdeorras, O sección 01007",Total,Extranjera,Población con ingresos por unidad de consumo por debajo de 10.000 Euros,2015-01-01,0.0,32001,Bajo
"32009 Barco de Valdeorras, O","3200901 Barco de Valdeorras, O distrito 01","3200901007 Barco de Valdeorras, O sección 01007",Hombres,Española,Población con ingresos por unidad de consumo por debajo de 5.000 Euros,2015-01-01,0.0,32001,Bajo
"32009 Barco de Valdeorras, O","3200901 Barco de Valdeorras, O distrito 01","3200901007 Barco de Valdeorras, O sección 01007",Hombres,Española,Población con ingresos por unidad de consumo por debajo de 7.500 Euros,2015-01-01,0.0,32001,Bajo
"32009 Barco de Valdeorras, O","3200901 Barco de Valdeorras, O distrito 01","3200901007 Barco de Valdeorras, O sección 01007",Hombres,Española,Población con ingresos por unidad de consumo por debajo de 10.000 Euros,2015-01-01,0.0,32001,Bajo
"32009 Barco de Valdeorras, O","3200901 Barco de Valdeorras, O distrito 01","3200901007 Barco de Valdeorras, O sección 01007",Hombres,Extranjera,Población con ingresos por unidad de consumo por debajo de 5.000 Euros,2015-01-01,0.0,32001,Bajo
"32009 Barco de Valdeorras, O","3200901 Barco de Valdeorras, O distrito 01","3200901007 Barco de Valdeorras, O sección 01007",Hombres,Extranjera,Población con ingresos por unidad de consumo por debajo de 7.500 Euros,2015-01-01,0.0,32001,Bajo
"32009 Barco de Valdeorras, O","3200901 Barco de Valdeorras, O distrito 01","3200901007 Barco de Valdeorras, O sección 01007",Hombres,Extranjera,Población con ingresos por unidad de consumo por debajo de 10.000 Euros,2015-01-01,0.0,32001,Bajo
"32009 Barco de Valdeorras, O","3200901 Barco de Valdeorras, O distrito 01","3200901007 Barco de Valdeorras, O sección 01007",Mujeres,Española,Población con ingresos por unidad de consumo por debajo de 5.000 Euros,2015-01-01,0.0,32001,Bajo
"32009 Barco de Valdeorras, O","3200901 Barco de Valdeorras, O distrito 01","3200901007 Barco de Valdeorras, O sección 01007",Mujeres,Española,Población con ingresos por unidad de consumo por debajo de 7.500 Euros,2015-01-01,0.0,32001,Bajo
"32009 Barco de Valdeorras, O","3200901 Barco de Valdeorras, O distrito 01","3200901007 Barco de Valdeorras, O sección 01007",Mujeres,Española,Población con ingresos por unidad de consumo por debajo de 10.000 Euros,2015-01-01,0.0,32001,Bajo
"32009 Barco de Valdeorras, O","3200901 Barco de Valdeorras, O distrito 01","3200901007 Barco de Valdeorras, O sección 01007",Mujeres,Extranjera,Población con ingresos por unidad de consumo por debajo de 5.000 Euros,2015-01-01,0.0,32001,Bajo
"32009 Barco de Valdeorras, O","3200901 Barco de Valdeorras, O distrito 01","3200901007 Barco de Valdeorras, O sección 01007",Mujeres,Extranjera,Población con ingresos por unidad de consumo por debajo de 7.500 Euros,2015-01-01,0.0,32001,Bajo
"32009 Barco de Valdeorras, O","3200901 Barco de Valdeorras, O distrito 01","3200901007 Barco de Valdeorras, O sección 01007",Mujeres,Extranjera,Población con ingresos por unidad de consumo por debajo de 10.000 Euros,2015-01-01,0.0,32001,Bajo
"32009 Barco de Valdeorras, O","3200901 Barco de Valdeorras, O distrito 01","3200901008 Barco de Valdeorras, O sección 01008",Total,Española,Población con ingresos por unidad de consumo por debajo de 5.000 Euros,2015-01-01,0.0,32001,Bajo
"32009 Barco de Valdeorras, O","3200901 Barco de Valdeorras, O distrito 01","3200901008 Barco de Valdeorras, O sección 01008",Total,Española,Población con ingresos por unidad de consumo por debajo de 7.500 Euros,2015-01-01,0.0,32001,Bajo
"32009 Barco de Valdeorras, O","3200901 Barco de Valdeorras, O distrito 01","3200901008 Barco de Valdeorras, O sección 01008",Total,Española,Población con ingresos por unidad de consumo por debajo de 10.000 Euros,2015-01-01,0.0,32001,Bajo
"32009 Barco de Valdeorras, O","3200901 Barco de Valdeorras, O distrito 01","3200901008 Barco de Valdeorras, O sección 01008",Total,Extranjera,Población con ingresos por unidad de consumo por debajo de 5.000 Euros,2015-01-01,0.0,32001,Bajo
"32009 Barco de Valdeorras, O","3200901 Barco de Valdeorras, O distrito 01","3200901008 Barco de Valdeorras, O sección 01008",Total,Extranjera,Población con ingresos por unidad de consumo por debajo de 7.500 Euros,2015-01-01,0.0,32001,Bajo
"32009 Barco de Valdeorras, O","3200901 Barco de Valdeorras, O distrito 01","3200901008 Barco de Valdeorras, O sección 01008",Total,Extranjera,Población con ingresos por unidad de consumo por debajo de 10.000 Euros,2015-01-01,0.0,32001,Bajo
"32009 Barco de Valdeorras, O","3200901 Barco de Valdeorras, O distrito 01","3200901008 Barco de Valdeorras, O sección 01008",Hombres,Española,Población con ingresos por unidad de consumo por debajo de 5.000 Euros,2015-01-01,0.0,32001,Bajo
"32009 Barco de Valdeorras, O","3200901 Barco de Valdeorras, O distrito 01","3200901008 Barco de Valdeorras, O sección 01008",Hombres,Española,Población con ingresos por unidad de consumo por debajo de 7.500 Euros,2015-01-01,0.0,32001,Bajo
"32009 Barco de Valdeorras, O","3200901 Barco de Valdeorras, O distrito 01","3200901008 Barco de Valdeorras, O sección 01008",Hombres,Española,Población con ingresos por unidad de consumo por debajo de 10.000 Euros,2015-01-01,0.0,32001,Bajo
"32009 Barco de Valdeorras, O","3200901 Barco de Valdeorras, O distrito 01","3200901008 Barco de Valdeorras, O sección 01008",Hombres,Extranjera,Población con ingresos por unidad de consumo por debajo de 5.000 Euros,2015-01-01,0.0,32001,Bajo
"32009 Barco de Valdeorras, O","3200901 Barco de Valdeorras, O distrito 01","3200901008 Barco de Valdeorras, O sección 01008",Hombres,Extranjera,Población con ingresos por unidad de consumo por debajo de 7.500 Euros,2015-01-01,0.0,32001,Bajo
"32009 Barco de Valdeorras, O","3200901 Barco de Valdeorras, O distrito 01","3200901008 Barco de Valdeorras, O sección 01008",Hombres,Extranjera,Población con ingresos por unidad de consumo por debajo de 10.000 Euros,2015-01-01,0.0,32001,Bajo
"32009 Barco de Valdeorras, O","3200901 Barco de Valdeorras, O distrito 01","3200901008 Barco de Valdeorras, O sección 01008",Mujeres,Española,Población con ingresos por unidad de consumo por debajo de 5.000 Euros,2015-01-01,0.0,32001,Bajo
"32009 Barco de Valdeorras, O","3200901 Barco de Valdeorras, O distrito 01","3200901008 Barco de Valdeorras, O sección 01008",Mujeres,Española,Población con ingresos por unidad de consumo por debajo de 7.500 Euros,2015-01-01,0.0,32001,Bajo
"32009 Barco de Valdeorras, O","3200901 Barco de Valdeorras, O distrito 01","3200901008 Barco de Valdeorras, O sección 01008",Mujeres,Española,Población con ingresos por unidad de consumo por debajo de 10.000 Euros,2015-01-01,0.0,32001,Bajo
"32009 Barco de Valdeorras, O","3200901 Barco de Valdeorras, O distrito 01","3200901008 Barco de Valdeorras, O sección 01008",Mujeres,Extranjera,Población con ingresos por unidad de consumo por debajo de 5.000 Euros,2015-01-01,0.0,32001,Bajo
"32009 Barco de Valdeorras, O","3200901 Barco de Valdeorras, O distrito 01","3200901008 Barco de Valdeorras, O sección 01008",Mujeres,Extranjera,Población con ingresos por unidad de consumo por debajo de 7.500 Euros,2015-01-01,0.0,32001,Bajo
"32009 Barco de Valdeorras, O","3200901 Barco de Valdeorras, O distrito 01","3200901008 Barco de Valdeorras, O sección 01008",Mujeres,Extranjera,Población con ingresos por unidad de consumo por debajo de 10.000 Euros,2015-01-01,0.0,32001,Bajo
"32009 Barco de Valdeorras, O","3200901 Barco de Valdeorras, O distrito 01","3200901009 Barco de Valdeorras, O sección 01009",Total,Española,Población con ingresos por unidad de consumo por debajo de 5.000 Euros,2015-01-01,0.0,32001,Bajo
"32009 Barco de Valdeorras, O","3200901 Barco de Valdeorras, O distrito 01","3200901009 Barco de Valdeorras, O sección 01009",Total,Española,Población con ingresos por unidad de consumo por debajo de 7.500 Euros,2015-01-01,0.0,32001,Bajo
"32009 Barco de Valdeorras, O","3200901 Barco de Valdeorras, O distrito 01","3200901009 Barco de Valdeorras, O sección 01009",Total,Española,Población con ingresos por unidad de consumo por debajo de 10.000 Euros,2015-01-01,0.0,32001,Bajo
"32009 Barco de Valdeorras, O","3200901 Barco de Valdeorras, O distrito 01","3200901009 Barco de Valdeorras, O sección 01009",Total,Extranjera,Población con ingresos por unidad de consumo por debajo de 5.000 Euros,2015-01-01,0.0,32001,Bajo
"32009 Barco de Valdeorras, O","3200901 Barco de Valdeorras, O distrito 01","3200901009 Barco de Valdeorras, O sección 01009",Total,Extranjera,Población con ingresos por unidad de consumo por debajo de 7.500 Euros,2015-01-01,0.0,32001,Bajo
"32009 Barco de Valdeorras, O","3200901 Barco de Valdeorras, O distrito 01","3200901009 Barco de Valdeorras, O sección 01009",Total,Extranjera,Población con ingresos por unidad de consumo por debajo de 10.000 Euros,2015-01-01,0.0,32001,Bajo
"32009 Barco de Valdeorras, O","3200901 Barco de Valdeorras, O distrito 01","3200901009 Barco de Valdeorras, O sección 01009",Hombres,Española,Población con ingresos por unidad de consumo por debajo de 5.000 Euros,2015-01-01,0.0,32001,Bajo
"32009 Barco de Valdeorras, O","3200901 Barco de Valdeorras, O distrito 01","3200901009 Barco de Valdeorras, O sección 01009",Hombres,Española,Población con ingresos por unidad de consumo por debajo de 7.500 Euros,2015-01-01,0.0,32001,Bajo
"32009 Barco de Valdeorras, O","3200901 Barco de Valdeorras, O distrito 01","3200901009 Barco de Valdeorras, O sección 01009",Hombres,Española,Población con ingresos por unidad de consumo por debajo de 10.000 Euros,2015-01-01,0.0,32001,Bajo
"32009 Barco de Valdeorras, O","3200901 Barco de Valdeorras, O distrito 01","3200901009 Barco de Valdeorras, O sección 01009",Hombres,Extranjera,Población con ingresos por unidad de consumo por debajo de 5.000 Euros,2015-01-01,0.0,32001,Bajo
"32009 Barco de Valdeorras, O","3200901 Barco de Valdeorras, O distrito 01","3200901009 Barco de Valdeorras, O sección 01009",Hombres,Extranjera,Población con ingresos por unidad de consumo por debajo de 7.500 Euros,2015-01-01,0.0,32001,Bajo
"32009 Barco de Valdeorras, O","3200901 Barco de Valdeorras, O distrito 01","3200901009 Barco de Valdeorras, O sección 01009",Hombres,Extranjera,Población con ingresos por unidad de consumo por debajo de 10.000 Euros,2015-01-01,0.0,32001,Bajo
"32009 Barco de Valdeorras, O","3200901 Barco de Valdeorras, O distrito 01","3200901009 Barco de Valdeorras, O sección 01009",Mujeres,Española,Población con ingresos por unidad de consumo por debajo de 5.000 Euros,2015-01-01,0.0,32001,Bajo
"32009 Barco de Valdeorras, O","3200901 Barco de Valdeorras, O distrito 01","3200901009 Barco de Valdeorras, O sección 01009",Mujeres,Española,Población con ingresos por unidad de consumo por debajo de 7.500 Euros,2015-01-01,0.0,32001,Bajo
"32009 Barco de Valdeorras, O","3200901 Barco de Valdeorras, O distrito 01","3200901009 Barco de Valdeorras, O sección 01009",Mujeres,Española,Población con ingresos por unidad de consumo por debajo de 10.000 Euros,2015-01-01,0.0,32001,Bajo
"32009 Barco de Valdeorras, O","3200901 Barco de Valdeorras, O distrito 01","3200901009 Barco de Valdeorras, O sección 01009",Mujeres,Extranjera,Población con ingresos por unidad de consumo por debajo de 5.000 Euros,2015-01-01,0.0,32001,Bajo
"32009 Barco de Valdeorras, O","3200901 Barco de Valdeorras, O distrito 01","3200901009 Barco de Valdeorras, O sección 01009",Mujeres,Extranjera,Población con ingresos por unidad de consumo por debajo de 7.500 Euros,2015-01-01,0.0,32001,Bajo
"32009 Barco de Valdeorras, O","3200901 Barco de Valdeorras, O distrito 01","3200901009 Barco de Valdeorras, O sección 01009",Mujeres,Extranjera,Población con ingresos por unidad de consumo por debajo de 10.000 Euros,2015-01-01,0.0,32001,Bajo
"32009 Barco de Valdeorras, O","3200902 Barco de Valdeorras, O distrito 02",No,Total,Española,Población con ingresos por unidad de consumo por debajo de 5.000 Euros,2015-01-01,0.0,32001,Bajo
"32009 Barco de Valdeorras, O","3200902 Barco de Valdeorras, O distrito 02",No,Total,Española,Población con ingresos por unidad de consumo por debajo de 7.500 Euros,2015-01-01,0.0,32001,Bajo
"32009 Barco de Valdeorras, O","3200902 Barco de Valdeorras, O distrito 02",No,Total,Española,Población con ingresos por unidad de consumo por debajo de 10.000 Euros,2015-01-01,0.0,32001,Bajo
"32009 Barco de Valdeorras, O","3200902 Barco de Valdeorras, O distrito 02",No,Total,Extranjera,Población con ingresos por unidad de consumo por debajo de 5.000 Euros,2015-01-01,0.0,32001,Bajo
"32009 Barco de Valdeorras, O","3200902 Barco de Valdeorras, O distrito 02",No,Total,Extranjera,Población con ingresos por unidad de consumo por debajo de 7.500 Euros,2015-01-01,0.0,32001,Bajo
"32009 Barco de Valdeorras, O","3200902 Barco de Valdeorras, O distrito 02",No,Total,Extranjera,Población con ingresos por unidad de consumo por debajo de 10.000 Euros,2015-01-01,0.0,32001,Bajo
"32009 Barco de Valdeorras, O","3200902 Barco de Valdeorras, O distrito 02",No,Hombres,Española,Población con ingresos por unidad de consumo por debajo de 5.000 Euros,2015-01-01,0.0,32001,Bajo
"32009 Barco de Valdeorras, O","3200902 Barco de Valdeorras, O distrito 02",No,Hombres,Española,Población con ingresos por unidad de consumo por debajo de 7.500 Euros,2015-01-01,0.0,32001,Bajo
"32009 Barco de Valdeorras, O","3200902 Barco de Valdeorras, O distrito 02",No,Hombres,Española,Población con ingresos por unidad de consumo por debajo de 10.000 Euros,2015-01-01,0.0,32001,Bajo
"32009 Barco de Valdeorras, O","3200902 Barco de Valdeorras, O distrito 02",No,Hombres,Extranjera,Población con ingresos por unidad de consumo por debajo de 5.000 Euros,2015-01-01,0.0,32001,Bajo
"32009 Barco de Valdeorras, O","3200902 Barco de Valdeorras, O distrito 02",No,Hombres,Extranjera,Población con ingresos por unidad de consumo por debajo de 7.500 Euros,2015-01-01,0.0,32001,Bajo
"32009 Barco de Valdeorras, O","3200902 Barco de Valdeorras, O distrito 02",No,Hombres,Extranjera,Población con ingresos por unidad de consumo por debajo de 10.000 Euros,2015-01-01,0.0,32001,Bajo
"32009 Barco de Valdeorras, O","3200902 Barco de Valdeorras, O distrito 02",No,Mujeres,Española,Población con ingresos por unidad de consumo por debajo de 5.000 Euros,2015-01-01,0.0,32001,Bajo
"32009 Barco de Valdeorras, O","3200902 Barco de Valdeorras, O distrito 02",No,Mujeres,Española,Población con ingresos por unidad de consumo por debajo de 7.500 Euros,2015-01-01,0.0,32001,Bajo
"32009 Barco de Valdeorras, O","3200902 Barco de Valdeorras, O distrito 02",No,Mujeres,Española,Población con ingresos por unidad de consumo por debajo de 10.000 Euros,2015-01-01,0.0,32001,Bajo
"32009 Barco de Valdeorras, O","3200902 Barco de Valdeorras, O distrito 02",No,Mujeres,Extranjera,Población con ingresos por unidad de consumo por debajo de 5.000 Euros,2015-01-01,0.0,32001,Bajo
"32009 Barco de Valdeorras, O","3200902 Barco de Valdeorras, O distrito 02",No,Mujeres,Extranjera,Población con ingresos por unidad de consumo por debajo de 7.500 Euros,2015-01-01,0.0,32001,Bajo
"32009 Barco de Valdeorras, O","3200902 Barco de Valdeorras, O distrito 02",No,Mujeres,Extranjera,Población con ingresos por unidad de consumo por debajo de 10.000 Euros,2015-01-01,0.0,32001,Bajo
"32009 Barco de Valdeorras, O","3200902 Barco de Valdeorras, O distrito 02","3200902001 Barco de Valdeorras, O sección 02001",Total,Española,Población con ingresos por unidad de consumo por debajo de 5.000 Euros,2015-01-01,0.0,32001,Bajo
"32009 Barco de Valdeorras, O","3200902 Barco de Valdeorras, O distrito 02","3200902001 Barco de Valdeorras, O sección 02001",Total,Española,Población con ingresos por unidad de consumo por debajo de 7.500 Euros,2015-01-01,0.0,32001,Bajo
"32009 Barco de Valdeorras, O","3200902 Barco de Valdeorras, O distrito 02","3200902001 Barco de Valdeorras, O sección 02001",Total,Española,Población con ingresos por unidad de consumo por debajo de 10.000 Euros,2015-01-01,0.0,32001,Bajo
"32009 Barco de Valdeorras, O","3200902 Barco de Valdeorras, O distrito 02","3200902001 Barco de Valdeorras, O sección 02001",Total,Extranjera,Población con ingresos por unidad de consumo por debajo de 5.000 Euros,2015-01-01,0.0,32001,Bajo
"32009 Barco de Valdeorras, O","3200902 Barco de Valdeorras, O distrito 02","3200902001 Barco de Valdeorras, O sección 02001",Total,Extranjera,Población con ingresos por unidad de consumo por debajo de 7.500 Euros,2015-01-01,0.0,32001,Bajo
"32009 Barco de Valdeorras, O","3200902 Barco de Valdeorras, O distrito 02","3200902001 Barco de Valdeorras, O sección 02001",Total,Extranjera,Población con ingresos por unidad de consumo por debajo de 10.000 Euros,2015-01-01,0.0,32001,Bajo
"32009 Barco de Valdeorras, O","3200902 Barco de Valdeorras, O distrito 02","3200902001 Barco de Valdeorras, O sección 02001",Hombres,Española,Población con ingresos por unidad de consumo por debajo de 5.000 Euros,2015-01-01,0.0,32001,Bajo
"32009 Barco de Valdeorras, O","3200902 Barco de Valdeorras, O distrito 02","3200902001 Barco de Valdeorras, O sección 02001",Hombres,Española,Población con ingresos por unidad de consumo por debajo de 7.500 Euros,2015-01-01,0.0,32001,Bajo
"32009 Barco de Valdeorras, O","3200902 Barco de Valdeorras, O distrito 02","3200902001 Barco de Valdeorras, O sección 02001",Hombres,Española,Población con ingresos por unidad de consumo por debajo de 10.000 Euros,2015-01-01,0.0,32001,Bajo
"32009 Barco de Valdeorras, O","3200902 Barco de Valdeorras, O distrito 02","3200902001 Barco de Valdeorras, O sección 02001",Hombres,Extranjera,Población con ingresos por unidad de consumo por debajo de 5.000 Euros,2015-01-01,0.0,32001,Bajo
"32009 Barco de Valdeorras, O","3200902 Barco de Valdeorras, O distrito 02","3200902001 Barco de Valdeorras, O sección 02001",Hombres,Extranjera,Población con ingresos por unidad de consumo por debajo de 7.500 Euros,2015-01-01,0.0,32001,Bajo
"32009 Barco de Valdeorras, O","3200902 Barco de Valdeorras, O distrito 02","3200902001 Barco de Valdeorras, O sección 02001",Hombres,Extranjera,Población con ingresos por unidad de consumo por debajo de 10.000 Euros,2015-01-01,0.0,32001,Bajo
"32009 Barco de Valdeorras, O","3200902 Barco de Valdeorras, O distrito 02","3200902001 Barco de Valdeorras, O sección 02001",Mujeres,Española,Población con ingresos por unidad de consumo por debajo de 5.000 Euros,2015-01-01,0.0,32001,Bajo
"32009 Barco de Valdeorras, O","3200902 Barco de Valdeorras, O distrito 02","3200902001 Barco de Valdeorras, O sección 02001",Mujeres,Española,Población con ingresos por unidad de consumo por debajo de 7.500 Euros,2015-01-01,0.0,32001,Bajo
"32009 Barco de Valdeorras, O","3200902 Barco de Valdeorras, O distrito 02","3200902001 Barco de Valdeorras, O sección 02001",Mujeres,Española,Población con ingresos por unidad de consumo por debajo de 10.000 Euros,2015-01-01,0.0,32001,Bajo
"32009 Barco de Valdeorras, O","3200902 Barco de Valdeorras, O distrito 02","3200902001 Barco de Valdeorras, O sección 02001",Mujeres,Extranjera,Población con ingresos por unidad de consumo por debajo de 5.000 Euros,2015-01-01,0.0,32001,Bajo
"32009 Barco de Valdeorras, O","3200902 Barco de Valdeorras, O distrito 02","3200902001 Barco de Valdeorras, O sección 02001",Mujeres,Extranjera,Población con ingresos por unidad de consumo por debajo de 7.500 Euros,2015-01-01,0.0,32001,Bajo
"32009 Barco de Valdeorras, O","3200902 Barco de Valdeorras, O distrito 02","3200902001 Barco de Valdeorras, O sección 02001",Mujeres,Extranjera,Población con ingresos por unidad de consumo por debajo de 10.000 Euros,2015-01-01,0.0,32001,Bajo
32010 Beade,No,No,Total,Española,Población con ingresos por unidad de consumo por debajo de 5.000 Euros,2015-01-01,0.0,32001,Bajo
32010 Beade,No,No,Total,Española,Población con ingresos por unidad de consumo por debajo de 7.500 Euros,2015-01-01,0.0,32001,Bajo
32010 Beade,No,No,Total,Española,Población con ingresos por unidad de consumo por debajo de 10.000 Euros,2015-01-01,0.0,32001,Bajo
32010 Beade,No,No,Total,Extranjera,Población con ingresos por unidad de consumo por debajo de 5.000 Euros,2015-01-01,0.0,32001,Bajo
32010 Beade,No,No,Total,Extranjera,Población con ingresos por unidad de consumo por debajo de 7.500 Euros,2015-01-01,0.0,32001,Bajo
32010 Beade,No,No,Total,Extranjera,Población con ingresos por unidad de consumo por debajo de 10.000 Euros,2015-01-01,0.0,32001,Bajo
32010 Beade,No,No,Hombres,Española,Población con ingresos por unidad de consumo por debajo de 5.000 Euros,2015-01-01,0.0,32001,Bajo
32010 Beade,No,No,Hombres,Española,Población con ingresos por unidad de consumo por debajo de 7.500 Euros,2015-01-01,0.0,32001,Bajo
32010 Beade,No,No,Hombres,Española,Población con ingresos por unidad de consumo por debajo de 10.000 Euros,2015-01-01,0.0,32001,Bajo
32010 Beade,No,No,Hombres,Extranjera,Población con ingresos por unidad de consumo por debajo de 5.000 Euros,2015-01-01,0.0,32001,Bajo
32010 Beade,No,No,Hombres,Extranjera,Población con ingresos por unidad de consumo por debajo de 7.500 Euros,2015-01-01,0.0,32001,Bajo
32010 Beade,No,No,Hombres,Extranjera,Población con ingresos por unidad de consumo por debajo de 10.000 Euros,2015-01-01,0.0,32001,Bajo
32010 Beade,No,No,Mujeres,Española,Población con ingresos por unidad de consumo por debajo de 5.000 Euros,2015-01-01,0.0,32001,Bajo
32010 Beade,No,No,Mujeres,Española,Población con ingresos por unidad de consumo por debajo de 7.500 Euros,2015-01-01,0.0,32001,Bajo
32010 Beade,No,No,Mujeres,Española,Población con ingresos por unidad de consumo por debajo de 10.000 Euros,2015-01-01,0.0,32001,Bajo
32010 Beade,No,No,Mujeres,Extranjera,Población con ingresos por unidad de consumo por debajo de 5.000 Euros,2015-01-01,0.0,32001,Bajo
32010 Beade,No,No,Mujeres,Extranjera,Población con ingresos por unidad de consumo por debajo de 7.500 Euros,2015-01-01,0.0,32001,Bajo
32010 Beade,No,No,Mujeres,Extranjera,Población con ingresos por unidad de consumo por debajo de 10.000 Euros,2015-01-01,0.0,32001,Bajo
32010 Beade,3201001 Beade distrito 01,No,Total,Española,Población con ingresos por unidad de consumo por debajo de 5.000 Euros,2015-01-01,0.0,32001,Bajo
32010 Beade,3201001 Beade distrito 01,No,Total,Española,Población con ingresos por unidad de consumo por debajo de 7.500 Euros,2015-01-01,0.0,32001,Bajo
32010 Beade,3201001 Beade distrito 01,No,Total,Española,Población con ingresos por unidad de consumo por debajo de 10.000 Euros,2015-01-01,0.0,32001,Bajo
32010 Beade,3201001 Beade distrito 01,No,Total,Extranjera,Población con ingresos por unidad de consumo por debajo de 5.000 Euros,2015-01-01,0.0,32001,Bajo
32010 Beade,3201001 Beade distrito 01,No,Total,Extranjera,Población con ingresos por unidad de consumo por debajo de 7.500 Euros,2015-01-01,0.0,32001,Bajo
32010 Beade,3201001 Beade distrito 01,No,Total,Extranjera,Población con ingresos por unidad de consumo por debajo de 10.000 Euros,2015-01-01,0.0,32001,Bajo
32010 Beade,3201001 Beade distrito 01,No,Hombres,Española,Población con ingresos por unidad de consumo por debajo de 5.000 Euros,2015-01-01,0.0,32001,Bajo
32010 Beade,3201001 Beade distrito 01,No,Hombres,Española,Población con ingresos por unidad de consumo por debajo de 7.500 Euros,2015-01-01,0.0,32001,Bajo
32010 Beade,3201001 Beade distrito 01,No,Hombres,Española,Población con ingresos por unidad de consumo por debajo de 10.000 Euros,2015-01-01,0.0,32001,Bajo
32010 Beade,3201001 Beade distrito 01,No,Hombres,Extranjera,Población con ingresos por unidad de consumo por debajo de 5.000 Euros,2015-01-01,0.0,32001,Bajo
32010 Beade,3201001 Beade distrito 01,No,Hombres,Extranjera,Población con ingresos por unidad de consumo por debajo de 7.500 Euros,2015-01-01,0.0,32001,Bajo
32010 Beade,3201001 Beade distrito 01,No,Hombres,Extranjera,Población con ingresos por unidad de consumo por debajo de 10.000 Euros,2015-01-01,0.0,32001,Bajo
32010 Beade,3201001 Beade distrito 01,No,Mujeres,Española,Población con ingresos por unidad de consumo por debajo de 5.000 Euros,2015-01-01,0.0,32001,Bajo
32010 Beade,3201001 Beade distrito 01,No,Mujeres,Española,Población con ingresos por unidad de consumo por debajo de 7.500 Euros,2015-01-01,0.0,32001,Bajo
32010 Beade,3201001 Beade distrito 01,No,Mujeres,Española,Población con ingresos por unidad de consumo por debajo de 10.000 Euros,2015-01-01,0.0,32001,Bajo
32010 Beade,3201001 Beade distrito 01,No,Mujeres,Extranjera,Población con ingresos por unidad de consumo por debajo de 5.000 Euros,2015-01-01,0.0,32001,Bajo
32010 Beade,3201001 Beade distrito 01,No,Mujeres,Extranjera,Población con ingresos por unidad de consumo por debajo de 7.500 Euros,2015-01-01,0.0,32001,Bajo
32010 Beade,3201001 Beade distrito 01,No,Mujeres,Extranjera,Población con ingresos por unidad de consumo por debajo de 10.000 Euros,2015-01-01,0.0,32001,Bajo
32010 Beade,3201001 Beade distrito 01,3201001001 Beade sección 01001,Total,Española,Población con ingresos por unidad de consumo por debajo de 5.000 Euros,2015-01-01,0.0,32001,Bajo
32010 Beade,3201001 Beade distrito 01,3201001001 Beade sección 01001,Total,Española,Población con ingresos por unidad de consumo por debajo de 7.500 Euros,2015-01-01,0.0,32001,Bajo
32010 Beade,3201001 Beade distrito 01,3201001001 Beade sección 01001,Total,Española,Población con ingresos por unidad de consumo por debajo de 10.000 Euros,2015-01-01,0.0,32001,Bajo
32010 Beade,3201001 Beade distrito 01,3201001001 Beade sección 01001,Total,Extranjera,Población con ingresos por unidad de consumo por debajo de 5.000 Euros,2015-01-01,0.0,32001,Bajo
32010 Beade,3201001 Beade distrito 01,3201001001 Beade sección 01001,Total,Extranjera,Población con ingresos por unidad de consumo por debajo de 7.500 Euros,2015-01-01,0.0,32001,Bajo
32010 Beade,3201001 Beade distrito 01,3201001001 Beade sección 01001,Total,Extranjera,Población con ingresos por unidad de consumo por debajo de 10.000 Euros,2015-01-01,0.0,32001,Bajo
32010 Beade,3201001 Beade distrito 01,3201001001 Beade sección 01001,Hombres,Española,Población con ingresos por unidad de consumo por debajo de 5.000 Euros,2015-01-01,0.0,32001,Bajo
32010 Beade,3201001 Beade distrito 01,3201001001 Beade sección 01001,Hombres,Española,Población con ingresos por unidad de consumo por debajo de 7.500 Euros,2015-01-01,0.0,32001,Bajo
32010 Beade,3201001 Beade distrito 01,3201001001 Beade sección 01001,Hombres,Española,Población con ingresos por unidad de consumo por debajo de 10.000 Euros,2015-01-01,0.0,32001,Bajo
32010 Beade,3201001 Beade distrito 01,3201001001 Beade sección 01001,Hombres,Extranjera,Población con ingresos por unidad de consumo por debajo de 5.000 Euros,2015-01-01,0.0,32001,Bajo
32010 Beade,3201001 Beade distrito 01,3201001001 Beade sección 01001,Hombres,Extranjera,Población con ingresos por unidad de consumo por debajo de 7.500 Euros,2015-01-01,0.0,32001,Bajo
32010 Beade,3201001 Beade distrito 01,3201001001 Beade sección 01001,Hombres,Extranjera,Población con ingresos por unidad de consumo por debajo de 10.000 Euros,2015-01-01,0.0,32001,Bajo
32010 Beade,3201001 Beade distrito 01,3201001001 Beade sección 01001,Mujeres,Española,Población con ingresos por unidad de consumo por debajo de 5.000 Euros,2015-01-01,0.0,32001,Bajo
32010 Beade,3201001 Beade distrito 01,3201001001 Beade sección 01001,Mujeres,Española,Población con ingresos por unidad de consumo por debajo de 7.500 Euros,2015-01-01,0.0,32001,Bajo
32010 Beade,3201001 Beade distrito 01,3201001001 Beade sección 01001,Mujeres,Española,Población con ingresos por unidad de consumo por debajo de 10.000 Euros,2015-01-01,0.0,32001,Bajo
32010 Beade,3201001 Beade distrito 01,3201001001 Beade sección 01001,Mujeres,Extranjera,Población con ingresos por unidad de consumo por debajo de 5.000 Euros,2015-01-01,0.0,32001,Bajo
32010 Beade,3201001 Beade distrito 01,3201001001 Beade sección 01001,Mujeres,Extranjera,Población con ingresos por unidad de consumo por debajo de 7.500 Euros,2015-01-01,0.0,32001,Bajo
32010 Beade,3201001 Beade distrito 01,3201001001 Beade sección 01001,Mujeres,Extranjera,Población con ingresos por unidad de consumo por debajo de 10.000 Euros,2015-01-01,0.0,32001,Bajo
32011 Beariz,No,No,Total,Española,Población con ingresos por unidad de consumo por debajo de 5.000 Euros,2015-01-01,0.0,32001,Bajo
32011 Beariz,No,No,Total,Española,Población con ingresos por unidad de consumo por debajo de 7.500 Euros,2015-01-01,0.0,32001,Bajo
32011 Beariz,No,No,Total,Española,Población con ingresos por unidad de consumo por debajo de 10.000 Euros,2015-01-01,0.0,32001,Bajo
32011 Beariz,No,No,Total,Extranjera,Población con ingresos por unidad de consumo por debajo de 5.000 Euros,2015-01-01,0.0,32001,Bajo
32011 Beariz,No,No,Total,Extranjera,Población con ingresos por unidad de consumo por debajo de 7.500 Euros,2015-01-01,0.0,32001,Bajo
32011 Beariz,No,No,Total,Extranjera,Población con ingresos por unidad de consumo por debajo de 10.000 Euros,2015-01-01,0.0,32001,Bajo
32011 Beariz,No,No,Hombres,Española,Población con ingresos por unidad de consumo por debajo de 5.000 Euros,2015-01-01,0.0,32001,Bajo
32011 Beariz,No,No,Hombres,Española,Población con ingresos por unidad de consumo por debajo de 7.500 Euros,2015-01-01,0.0,32001,Bajo
32011 Beariz,No,No,Hombres,Española,Población con ingresos por unidad de consumo por debajo de 10.000 Euros,2015-01-01,0.0,32001,Bajo
32011 Beariz,No,No,Hombres,Extranjera,Población con ingresos por unidad de consumo por debajo de 5.000 Euros,2015-01-01,0.0,32001,Bajo
32011 Beariz,No,No,Hombres,Extranjera,Población con ingresos por unidad de consumo por debajo de 7.500 Euros,2015-01-01,0.0,32001,Bajo
32011 Beariz,No,No,Hombres,Extranjera,Población con ingresos por unidad de consumo por debajo de 10.000 Euros,2015-01-01,0.0,32001,Bajo
32011 Beariz,No,No,Mujeres,Española,Población con ingresos por unidad de consumo por debajo de 5.000 Euros,2015-01-01,0.0,32001,Bajo
32011 Beariz,No,No,Mujeres,Española,Población con ingresos por unidad de consumo por debajo de 7.500 Euros,2015-01-01,0.0,32001,Bajo
32011 Beariz,No,No,Mujeres,Española,Población con ingresos por unidad de consumo por debajo de 10.000 Euros,2015-01-01,0.0,32001,Bajo
32011 Beariz,No,No,Mujeres,Extranjera,Población con ingresos por unidad de consumo por debajo de 5.000 Euros,2015-01-01,0.0,32001,Bajo
32011 Beariz,No,No,Mujeres,Extranjera,Población con ingresos por unidad de consumo por debajo de 7.500 Euros,2015-01-01,0.0,32001,Bajo
32011 Beariz,No,No,Mujeres,Extranjera,Población con ingresos por unidad de consumo por debajo de 10.000 Euros,2015-01-01,0.0,32001,Bajo
32011 Beariz,3201101 Beariz distrito 01,No,Total,Española,Población con ingresos por unidad de consumo por debajo de 5.000 Euros,2015-01-01,0.0,32001,Bajo
32011 Beariz,3201101 Beariz distrito 01,No,Total,Española,Población con ingresos por unidad de consumo por debajo de 7.500 Euros,2015-01-01,0.0,32001,Bajo
32011 Beariz,3201101 Beariz distrito 01,No,Total,Española,Población con ingresos por unidad de consumo por debajo de 10.000 Euros,2015-01-01,0.0,32001,Bajo
32011 Beariz,3201101 Beariz distrito 01,No,Total,Extranjera,Población con ingresos por unidad de consumo por debajo de 5.000 Euros,2015-01-01,0.0,32001,Bajo
32011 Beariz,3201101 Beariz distrito 01,No,Total,Extranjera,Población con ingresos por unidad de consumo por debajo de 7.500 Euros,2015-01-01,0.0,32001,Bajo
32011 Beariz,3201101 Beariz distrito 01,No,Total,Extranjera,Población con ingresos por unidad de consumo por debajo de 10.000 Euros,2015-01-01,0.0,32001,Bajo
32011 Beariz,3201101 Beariz distrito 01,No,Hombres,Española,Población con ingresos por unidad de consumo por debajo de 5.000 Euros,2015-01-01,0.0,32001,Bajo
32011 Beariz,3201101 Beariz distrito 01,No,Hombres,Española,Población con ingresos por unidad de consumo por debajo de 7.500 Euros,2015-01-01,0.0,32001,Bajo
32011 Beariz,3201101 Beariz distrito 01,No,Hombres,Española,Población con ingresos por unidad de consumo por debajo de 10.000 Euros,2015-01-01,0.0,32001,Bajo
32011 Beariz,3201101 Beariz distrito 01,No,Hombres,Extranjera,Población con ingresos por unidad de consumo por debajo de 5.000 Euros,2015-01-01,0.0,32001,Bajo
32011 Beariz,3201101 Beariz distrito 01,No,Hombres,Extranjera,Población con ingresos por unidad de consumo por debajo de 7.500 Euros,2015-01-01,0.0,32001,Bajo
32011 Beariz,3201101 Beariz distrito 01,No,Hombres,Extranjera,Población con ingresos por unidad de consumo por debajo de 10.000 Euros,2015-01-01,0.0,32001,Bajo
32011 Beariz,3201101 Beariz distrito 01,No,Mujeres,Española,Población con ingresos por unidad de consumo por debajo de 5.000 Euros,2015-01-01,0.0,32001,Bajo
32011 Beariz,3201101 Beariz distrito 01,No,Mujeres,Española,Población con ingresos por unidad de consumo por debajo de 7.500 Euros,2015-01-01,0.0,32001,Bajo
32011 Beariz,3201101 Beariz distrito 01,No,Mujeres,Española,Población con ingresos por unidad de consumo por debajo de 10.000 Euros,2015-01-01,0.0,32001,Bajo
32011 Beariz,3201101 Beariz distrito 01,No,Mujeres,Extranjera,Población con ingresos por unidad de consumo por debajo de 5.000 Euros,2015-01-01,0.0,32001,Bajo
32011 Beariz,3201101 Beariz distrito 01,No,Mujeres,Extranjera,Población con ingresos por unidad de consumo por debajo de 7.500 Euros,2015-01-01,0.0,32001,Bajo
32011 Beariz,3201101 Beariz distrito 01,No,Mujeres,Extranjera,Población con ingresos por unidad de consumo por debajo de 10.000 Euros,2015-01-01,0.0,32001,Bajo
32011 Beariz,3201101 Beariz distrito 01,3201101001 Beariz sección 01001,Total,Española,Población con ingresos por unidad de consumo por debajo de 5.000 Euros,2015-01-01,0.0,32001,Bajo
32011 Beariz,3201101 Beariz distrito 01,3201101001 Beariz sección 01001,Total,Española,Población con ingresos por unidad de consumo por debajo de 7.500 Euros,2015-01-01,0.0,32001,Bajo
32011 Beariz,3201101 Beariz distrito 01,3201101001 Beariz sección 01001,Total,Española,Población con ingresos por unidad de consumo por debajo de 10.000 Euros,2015-01-01,0.0,32001,Bajo
32011 Beariz,3201101 Beariz distrito 01,3201101001 Beariz sección 01001,Total,Extranjera,Población con ingresos por unidad de consumo por debajo de 5.000 Euros,2015-01-01,0.0,32001,Bajo
32011 Beariz,3201101 Beariz distrito 01,3201101001 Beariz sección 01001,Total,Extranjera,Población con ingresos por unidad de consumo por debajo de 7.500 Euros,2015-01-01,0.0,32001,Bajo
32011 Beariz,3201101 Beariz distrito 01,3201101001 Beariz sección 01001,Total,Extranjera,Población con ingresos por unidad de consumo por debajo de 10.000 Euros,2015-01-01,0.0,32001,Bajo
32011 Beariz,3201101 Beariz distrito 01,3201101001 Beariz sección 01001,Hombres,Española,Población con ingresos por unidad de consumo por debajo de 5.000 Euros,2015-01-01,0.0,32001,Bajo
32011 Beariz,3201101 Beariz distrito 01,3201101001 Beariz sección 01001,Hombres,Española,Población con ingresos por unidad de consumo por debajo de 7.500 Euros,2015-01-01,0.0,32001,Bajo
32011 Beariz,3201101 Beariz distrito 01,3201101001 Beariz sección 01001,Hombres,Española,Población con ingresos por unidad de consumo por debajo de 10.000 Euros,2015-01-01,0.0,32001,Bajo
32011 Beariz,3201101 Beariz distrito 01,3201101001 Beariz sección 01001,Hombres,Extranjera,Población con ingresos por unidad de consumo por debajo de 5.000 Euros,2015-01-01,0.0,32001,Bajo
32011 Beariz,3201101 Beariz distrito 01,3201101001 Beariz sección 01001,Hombres,Extranjera,Población con ingresos por unidad de consumo por debajo de 7.500 Euros,2015-01-01,0.0,32001,Bajo
32011 Beariz,3201101 Beariz distrito 01,3201101001 Beariz sección 01001,Hombres,Extranjera,Población con ingresos por unidad de consumo por debajo de 10.000 Euros,2015-01-01,0.0,32001,Bajo
32011 Beariz,3201101 Beariz distrito 01,3201101001 Beariz sección 01001,Mujeres,Española,Población con ingresos por unidad de consumo por debajo de 5.000 Euros,2015-01-01,0.0,32001,Bajo
32011 Beariz,3201101 Beariz distrito 01,3201101001 Beariz sección 01001,Mujeres,Española,Población con ingresos por unidad de consumo por debajo de 7.500 Euros,2015-01-01,0.0,32001,Bajo
32011 Beariz,3201101 Beariz distrito 01,3201101001 Beariz sección 01001,Mujeres,Española,Población con ingresos por unidad de consumo por debajo de 10.000 Euros,2015-01-01,0.0,32001,Bajo
32011 Beariz,3201101 Beariz distrito 01,3201101001 Beariz sección 01001,Mujeres,Extranjera,Población con ingresos por unidad de consumo por debajo de 5.000 Euros,2015-01-01,0.0,32001,Bajo
32011 Beariz,3201101 Beariz distrito 01,3201101001 Beariz sección 01001,Mujeres,Extranjera,Población con ingresos por unidad de consumo por debajo de 7.500 Euros,2015-01-01,0.0,32001,Bajo
32011 Beariz,3201101 Beariz distrito 01,3201101001 Beariz sección 01001,Mujeres,Extranjera,Población con ingresos por unidad de consumo por debajo de 10.000 Euros,2015-01-01,0.0,32001,Bajo
"32012 Blancos, Os",No,No,Total,Española,Población con ingresos por unidad de consumo por debajo de 5.000 Euros,2015-01-01,0.0,32001,Bajo
"32012 Blancos, Os",No,No,Total,Española,Población con ingresos por unidad de consumo por debajo de 7.500 Euros,2015-01-01,0.0,32001,Bajo
"32012 Blancos, Os",No,No,Total,Española,Población con ingresos por unidad de consumo por debajo de 10.000 Euros,2015-01-01,0.0,32001,Bajo
"32012 Blancos, Os",No,No,Total,Extranjera,Población con ingresos por unidad de consumo por debajo de 5.000 Euros,2015-01-01,0.0,32001,Bajo
"32012 Blancos, Os",No,No,Total,Extranjera,Población con ingresos por unidad de consumo por debajo de 7.500 Euros,2015-01-01,0.0,32001,Bajo
"32012 Blancos, Os",No,No,Total,Extranjera,Población con ingresos por unidad de consumo por debajo de 10.000 Euros,2015-01-01,0.0,32001,Bajo
"32012 Blancos, Os",No,No,Hombres,Española,Población con ingresos por unidad de consumo por debajo de 5.000 Euros,2015-01-01,0.0,32001,Bajo
"32012 Blancos, Os",No,No,Hombres,Española,Población con ingresos por unidad de consumo por debajo de 7.500 Euros,2015-01-01,0.0,32001,Bajo
"32012 Blancos, Os",No,No,Hombres,Española,Población con ingresos por unidad de consumo por debajo de 10.000 Euros,2015-01-01,0.0,32001,Bajo
"32012 Blancos, Os",No,No,Hombres,Extranjera,Población con ingresos por unidad de consumo por debajo de 5.000 Euros,2015-01-01,0.0,32001,Bajo
"32012 Blancos, Os",No,No,Hombres,Extranjera,Población con ingresos por unidad de consumo por debajo de 7.500 Euros,2015-01-01,0.0,32001,Bajo
"32012 Blancos, Os",No,No,Hombres,Extranjera,Población con ingresos por unidad de consumo por debajo de 10.000 Euros,2015-01-01,0.0,32001,Bajo
"32012 Blancos, Os",No,No,Mujeres,Española,Población con ingresos por unidad de consumo por debajo de 5.000 Euros,2015-01-01,0.0,32001,Bajo
"32012 Blancos, Os",No,No,Mujeres,Española,Población con ingresos por unidad de consumo por debajo de 7.500 Euros,2015-01-01,0.0,32001,Bajo
"32012 Blancos, Os",No,No,Mujeres,Española,Población con ingresos por unidad de consumo por debajo de 10.000 Euros,2015-01-01,0.0,32001,Bajo
"32012 Blancos, Os",No,No,Mujeres,Extranjera,Población con ingresos por unidad de consumo por debajo de 5.000 Euros,2015-01-01,0.0,32001,Bajo
"32012 Blancos, Os",No,No,Mujeres,Extranjera,Población con ingresos por unidad de consumo por debajo de 7.500 Euros,2015-01-01,0.0,32001,Bajo
"32012 Blancos, Os",No,No,Mujeres,Extranjera,Población con ingresos por unidad de consumo por debajo de 10.000 Euros,2015-01-01,0.0,32001,Bajo
"32012 Blancos, Os","3201201 Blancos, Os distrito 01",No,Total,Española,Población con ingresos por unidad de consumo por debajo de 5.000 Euros,2015-01-01,0.0,32001,Bajo
"32012 Blancos, Os","3201201 Blancos, Os distrito 01",No,Total,Española,Población con ingresos por unidad de consumo por debajo de 7.500 Euros,2015-01-01,0.0,32001,Bajo
"32012 Blancos, Os","3201201 Blancos, Os distrito 01",No,Total,Española,Población con ingresos por unidad de consumo por debajo de 10.000 Euros,2015-01-01,0.0,32001,Bajo
"32012 Blancos, Os","3201201 Blancos, Os distrito 01",No,Total,Extranjera,Población con ingresos por unidad de consumo por debajo de 5.000 Euros,2015-01-01,0.0,32001,Bajo
"32012 Blancos, Os","3201201 Blancos, Os distrito 01",No,Total,Extranjera,Población con ingresos por unidad de consumo por debajo de 7.500 Euros,2015-01-01,0.0,32001,Bajo
"32012 Blancos, Os","3201201 Blancos, Os distrito 01",No,Total,Extranjera,Población con ingresos por unidad de consumo por debajo de 10.000 Euros,2015-01-01,0.0,32001,Bajo
"32012 Blancos, Os","3201201 Blancos, Os distrito 01",No,Hombres,Española,Población con ingresos por unidad de consumo por debajo de 5.000 Euros,2015-01-01,0.0,32001,Bajo
"32012 Blancos, Os","3201201 Blancos, Os distrito 01",No,Hombres,Española,Población con ingresos por unidad de consumo por debajo de 7.500 Euros,2015-01-01,0.0,32001,Bajo
"32012 Blancos, Os","3201201 Blancos, Os distrito 01",No,Hombres,Española,Población con ingresos por unidad de consumo por debajo de 10.000 Euros,2015-01-01,0.0,32001,Bajo
"32012 Blancos, Os","3201201 Blancos, Os distrito 01",No,Hombres,Extranjera,Población con ingresos por unidad de consumo por debajo de 5.000 Euros,2015-01-01,0.0,32001,Bajo
"32012 Blancos, Os","3201201 Blancos, Os distrito 01",No,Hombres,Extranjera,Población con ingresos por unidad de consumo por debajo de 7.500 Euros,2015-01-01,0.0,32001,Bajo
"32012 Blancos, Os","3201201 Blancos, Os distrito 01",No,Hombres,Extranjera,Población con ingresos por unidad de consumo por debajo de 10.000 Euros,2015-01-01,0.0,32001,Bajo
"32012 Blancos, Os","3201201 Blancos, Os distrito 01",No,Mujeres,Española,Población con ingresos por unidad de consumo por debajo de 5.000 Euros,2015-01-01,0.0,32001,Bajo
"32012 Blancos, Os","3201201 Blancos, Os distrito 01",No,Mujeres,Española,Población con ingresos por unidad de consumo por debajo de 7.500 Euros,2015-01-01,0.0,32001,Bajo
"32012 Blancos, Os","3201201 Blancos, Os distrito 01",No,Mujeres,Española,Población con ingresos por unidad de consumo por debajo de 10.000 Euros,2015-01-01,0.0,32001,Bajo
"32012 Blancos, Os","3201201 Blancos, Os distrito 01",No,Mujeres,Extranjera,Población con ingresos por unidad de consumo por debajo de 5.000 Euros,2015-01-01,0.0,32001,Bajo
"32012 Blancos, Os","3201201 Blancos, Os distrito 01",No,Mujeres,Extranjera,Población con ingresos por unidad de consumo por debajo de 7.500 Euros,2015-01-01,0.0,32001,Bajo
"32012 Blancos, Os","3201201 Blancos, Os distrito 01",No,Mujeres,Extranjera,Población con ingresos por unidad de consumo por debajo de 10.000 Euros,2015-01-01,0.0,32001,Bajo
"32012 Blancos, Os","3201201 Blancos, Os distrito 01","3201201001 Blancos, Os sección 01001",Total,Española,Población con ingresos por unidad de consumo por debajo de 5.000 Euros,2015-01-01,0.0,32001,Bajo
"32012 Blancos, Os","3201201 Blancos, Os distrito 01","3201201001 Blancos, Os sección 01001",Total,Española,Población con ingresos por unidad de consumo por debajo de 7.500 Euros,2015-01-01,0.0,32001,Bajo
"32012 Blancos, Os","3201201 Blancos, Os distrito 01","3201201001 Blancos, Os sección 01001",Total,Española,Población con ingresos por unidad de consumo por debajo de 10.000 Euros,2015-01-01,0.0,32001,Bajo
"32012 Blancos, Os","3201201 Blancos, Os distrito 01","3201201001 Blancos, Os sección 01001",Total,Extranjera,Población con ingresos por unidad de consumo por debajo de 5.000 Euros,2015-01-01,0.0,32001,Bajo
"32012 Blancos, Os","3201201 Blancos, Os distrito 01","3201201001 Blancos, Os sección 01001",Total,Extranjera,Población con ingresos por unidad de consumo por debajo de 7.500 Euros,2015-01-01,0.0,32001,Bajo
"32012 Blancos, Os","3201201 Blancos, Os distrito 01","3201201001 Blancos, Os sección 01001",Total,Extranjera,Población con ingresos por unidad de consumo por debajo de 10.000 Euros,2015-01-01,0.0,32001,Bajo
"32012 Blancos, Os","3201201 Blancos, Os distrito 01","3201201001 Blancos, Os sección 01001",Hombres,Española,Población con ingresos por unidad de consumo por debajo de 5.000 Euros,2015-01-01,0.0,32001,Bajo
"32012 Blancos, Os","3201201 Blancos, Os distrito 01","3201201001 Blancos, Os sección 01001",Hombres,Española,Población con ingresos por unidad de consumo por debajo de 7.500 Euros,2015-01-01,0.0,32001,Bajo
"32012 Blancos, Os","3201201 Blancos, Os distrito 01","3201201001 Blancos, Os sección 01001",Hombres,Española,Población con ingresos por unidad de consumo por debajo de 10.000 Euros,2015-01-01,0.0,32001,Bajo
"32012 Blancos, Os","3201201 Blancos, Os distrito 01","3201201001 Blancos, Os sección 01001",Hombres,Extranjera,Población con ingresos por unidad de consumo por debajo de 5.000 Euros,2015-01-01,0.0,32001,Bajo
"32012 Blancos, Os","3201201 Blancos, Os distrito 01","3201201001 Blancos, Os sección 01001",Hombres,Extranjera,Población con ingresos por unidad de consumo por debajo de 7.500 Euros,2015-01-01,0.0,32001,Bajo
"32012 Blancos, Os","3201201 Blancos, Os distrito 01","3201201001 Blancos, Os sección 01001",Hombres,Extranjera,Población con ingresos por unidad de consumo por debajo de 10.000 Euros,2015-01-01,0.0,32001,Bajo
"32012 Blancos, Os","3201201 Blancos, Os distrito 01","3201201001 Blancos, Os sección 01001",Mujeres,Española,Población con ingresos por unidad de consumo por debajo de 5.000 Euros,2015-01-01,0.0,32001,Bajo
"32012 Blancos, Os","3201201 Blancos, Os distrito 01","3201201001 Blancos, Os sección 01001",Mujeres,Española,Población con ingresos por unidad de consumo por debajo de 7.500 Euros,2015-01-01,0.0,32001,Bajo
"32012 Blancos, Os","3201201 Blancos, Os distrito 01","3201201001 Blancos, Os sección 01001",Mujeres,Española,Población con ingresos por unidad de consumo por debajo de 10.000 Euros,2015-01-01,0.0,32001,Bajo
"32012 Blancos, Os","3201201 Blancos, Os distrito 01","3201201001 Blancos, Os sección 01001",Mujeres,Extranjera,Población con ingresos por unidad de consumo por debajo de 5.000 Euros,2015-01-01,0.0,32001,Bajo
"32012 Blancos, Os","3201201 Blancos, Os distrito 01","3201201001 Blancos, Os sección 01001",Mujeres,Extranjera,Población con ingresos por unidad de consumo por debajo de 7.500 Euros,2015-01-01,0.0,32001,Bajo
"32012 Blancos, Os","3201201 Blancos, Os distrito 01","3201201001 Blancos, Os sección 01001",Mujeres,Extranjera,Población con ingresos por unidad de consumo por debajo de 10.000 Euros,2015-01-01,0.0,32001,Bajo
32013 Boborás,No,No,Total,Española,Población con ingresos por unidad de consumo por debajo de 5.000 Euros,2015-01-01,0.0,32001,Bajo
32013 Boborás,No,No,Total,Española,Población con ingresos por unidad de consumo por debajo de 7.500 Euros,2015-01-01,0.0,32001,Bajo
32013 Boborás,No,No,Total,Española,Población con ingresos por unidad de consumo por debajo de 10.000 Euros,2015-01-01,0.0,32001,Bajo
32013 Boborás,No,No,Total,Extranjera,Población con ingresos por unidad de consumo por debajo de 5.000 Euros,2015-01-01,0.0,32001,Bajo
32013 Boborás,No,No,Total,Extranjera,Población con ingresos por unidad de consumo por debajo de 7.500 Euros,2015-01-01,0.0,32001,Bajo
32013 Boborás,No,No,Total,Extranjera,Población con ingresos por unidad de consumo por debajo de 10.000 Euros,2015-01-01,0.0,32001,Bajo
32013 Boborás,No,No,Hombres,Española,Población con ingresos por unidad de consumo por debajo de 5.000 Euros,2015-01-01,0.0,32001,Bajo
32013 Boborás,No,No,Hombres,Española,Población con ingresos por unidad de consumo por debajo de 7.500 Euros,2015-01-01,0.0,32001,Bajo
32013 Boborás,No,No,Hombres,Española,Población con ingresos por unidad de consumo por debajo de 10.000 Euros,2015-01-01,0.0,32001,Bajo
32013 Boborás,No,No,Hombres,Extranjera,Población con ingresos por unidad de consumo por debajo de 5.000 Euros,2015-01-01,0.0,32001,Bajo
32013 Boborás,No,No,Hombres,Extranjera,Población con ingresos por unidad de consumo por debajo de 7.500 Euros,2015-01-01,0.0,32001,Bajo
32013 Boborás,No,No,Hombres,Extranjera,Población con ingresos por unidad de consumo por debajo de 10.000 Euros,2015-01-01,0.0,32001,Bajo
32013 Boborás,No,No,Mujeres,Española,Población con ingresos por unidad de consumo por debajo de 5.000 Euros,2015-01-01,0.0,32001,Bajo
32013 Boborás,No,No,Mujeres,Española,Población con ingresos por unidad de consumo por debajo de 7.500 Euros,2015-01-01,0.0,32001,Bajo
32013 Boborás,No,No,Mujeres,Española,Población con ingresos por unidad de consumo por debajo de 10.000 Euros,2015-01-01,0.0,32001,Bajo
32013 Boborás,No,No,Mujeres,Extranjera,Población con ingresos por unidad de consumo por debajo de 5.000 Euros,2015-01-01,0.0,32001,Bajo
32013 Boborás,No,No,Mujeres,Extranjera,Población con ingresos por unidad de consumo por debajo de 7.500 Euros,2015-01-01,0.0,32001,Bajo
32013 Boborás,No,No,Mujeres,Extranjera,Población con ingresos por unidad de consumo por debajo de 10.000 Euros,2015-01-01,0.0,32001,Bajo
32013 Boborás,3201301 Boborás distrito 01,No,Total,Española,Población con ingresos por unidad de consumo por debajo de 5.000 Euros,2015-01-01,0.0,32001,Bajo
32013 Boborás,3201301 Boborás distrito 01,No,Total,Española,Población con ingresos por unidad de consumo por debajo de 7.500 Euros,2015-01-01,0.0,32001,Bajo
32013 Boborás,3201301 Boborás distrito 01,No,Total,Española,Población con ingresos por unidad de consumo por debajo de 10.000 Euros,2015-01-01,0.0,32001,Bajo
32013 Boborás,3201301 Boborás distrito 01,No,Total,Extranjera,Población con ingresos por unidad de consumo por debajo de 5.000 Euros,2015-01-01,0.0,32001,Bajo
32013 Boborás,3201301 Boborás distrito 01,No,Total,Extranjera,Población con ingresos por unidad de consumo por debajo de 7.500 Euros,2015-01-01,0.0,32001,Bajo
32013 Boborás,3201301 Boborás distrito 01,No,Total,Extranjera,Población con ingresos por unidad de consumo por debajo de 10.000 Euros,2015-01-01,0.0,32001,Bajo
32013 Boborás,3201301 Boborás distrito 01,No,Hombres,Española,Población con ingresos por unidad de consumo por debajo de 5.000 Euros,2015-01-01,0.0,32001,Bajo
32013 Boborás,3201301 Boborás distrito 01,No,Hombres,Española,Población con ingresos por unidad de consumo por debajo de 7.500 Euros,2015-01-01,0.0,32001,Bajo
32013 Boborás,3201301 Boborás distrito 01,No,Hombres,Española,Población con ingresos por unidad de consumo por debajo de 10.000 Euros,2015-01-01,0.0,32001,Bajo
32013 Boborás,3201301 Boborás distrito 01,No,Hombres,Extranjera,Población con ingresos por unidad de consumo por debajo de 5.000 Euros,2015-01-01,0.0,32001,Bajo
32013 Boborás,3201301 Boborás distrito 01,No,Hombres,Extranjera,Población con ingresos por unidad de consumo por debajo de 7.500 Euros,2015-01-01,0.0,32001,Bajo
32013 Boborás,3201301 Boborás distrito 01,No,Hombres,Extranjera,Población con ingresos por unidad de consumo por debajo de 10.000 Euros,2015-01-01,0.0,32001,Bajo
32013 Boborás,3201301 Boborás distrito 01,No,Mujeres,Española,Población con ingresos por unidad de consumo por debajo de 5.000 Euros,2015-01-01,0.0,32001,Bajo
32013 Boborás,3201301 Boborás distrito 01,No,Mujeres,Española,Población con ingresos por unidad de consumo por debajo de 7.500 Euros,2015-01-01,0.0,32001,Bajo
32013 Boborás,3201301 Boborás distrito 01,No,Mujeres,Española,Población con ingresos por unidad de consumo por debajo de 10.000 Euros,2015-01-01,0.0,32001,Bajo
32013 Boborás,3201301 Boborás distrito 01,No,Mujeres,Extranjera,Población con ingresos por unidad de consumo por debajo de 5.000 Euros,2015-01-01,0.0,32001,Bajo
32013 Boborás,3201301 Boborás distrito 01,No,Mujeres,Extranjera,Población con ingresos por unidad de consumo por debajo de 7.500 Euros,2015-01-01,0.0,32001,Bajo
32013 Boborás,3201301 Boborás distrito 01,No,Mujeres,Extranjera,Población con ingresos por unidad de consumo por debajo de 10.000 Euros,2015-01-01,0.0,32001,Bajo
32013 Boborás,3201301 Boborás distrito 01,3201301001 Boborás sección 01001,Total,Española,Población con ingresos por unidad de consumo por debajo de 5.000 Euros,2015-01-01,0.0,32001,Bajo
32013 Boborás,3201301 Boborás distrito 01,3201301001 Boborás sección 01001,Total,Española,Población con ingresos por unidad de consumo por debajo de 7.500 Euros,2015-01-01,0.0,32001,Bajo
32013 Boborás,3201301 Boborás distrito 01,3201301001 Boborás sección 01001,Total,Española,Población con ingresos por unidad de consumo por debajo de 10.000 Euros,2015-01-01,0.0,32001,Bajo
32013 Boborás,3201301 Boborás distrito 01,3201301001 Boborás sección 01001,Total,Extranjera,Población con ingresos por unidad de consumo por debajo de 5.000 Euros,2015-01-01,0.0,32001,Bajo
32013 Boborás,3201301 Boborás distrito 01,3201301001 Boborás sección 01001,Total,Extranjera,Población con ingresos por unidad de consumo por debajo de 7.500 Euros,2015-01-01,0.0,32001,Bajo
32013 Boborás,3201301 Boborás distrito 01,3201301001 Boborás sección 01001,Total,Extranjera,Población con ingresos por unidad de consumo por debajo de 10.000 Euros,2015-01-01,0.0,32001,Bajo
32013 Boborás,3201301 Boborás distrito 01,3201301001 Boborás sección 01001,Hombres,Española,Población con ingresos por unidad de consumo por debajo de 5.000 Euros,2015-01-01,0.0,32001,Bajo
32013 Boborás,3201301 Boborás distrito 01,3201301001 Boborás sección 01001,Hombres,Española,Población con ingresos por unidad de consumo por debajo de 7.500 Euros,2015-01-01,0.0,32001,Bajo
32013 Boborás,3201301 Boborás distrito 01,3201301001 Boborás sección 01001,Hombres,Española,Población con ingresos por unidad de consumo por debajo de 10.000 Euros,2015-01-01,0.0,32001,Bajo
32013 Boborás,3201301 Boborás distrito 01,3201301001 Boborás sección 01001,Hombres,Extranjera,Población con ingresos por unidad de consumo por debajo de 5.000 Euros,2015-01-01,0.0,32001,Bajo
32013 Boborás,3201301 Boborás distrito 01,3201301001 Boborás sección 01001,Hombres,Extranjera,Población con ingresos por unidad de consumo por debajo de 7.500 Euros,2015-01-01,0.0,32001,Bajo
32013 Boborás,3201301 Boborás distrito 01,3201301001 Boborás sección 01001,Hombres,Extranjera,Población con ingresos por unidad de consumo por debajo de 10.000 Euros,2015-01-01,0.0,32001,Bajo
32013 Boborás,3201301 Boborás distrito 01,3201301001 Boborás sección 01001,Mujeres,Española,Población con ingresos por unidad de consumo por debajo de 5.000 Euros,2015-01-01,0.0,32001,Bajo
32013 Boborás,3201301 Boborás distrito 01,3201301001 Boborás sección 01001,Mujeres,Española,Población con ingresos por unidad de consumo por debajo de 7.500 Euros,2015-01-01,0.0,32001,Bajo
32013 Boborás,3201301 Boborás distrito 01,3201301001 Boborás sección 01001,Mujeres,Española,Población con ingresos por unidad de consumo por debajo de 10.000 Euros,2015-01-01,0.0,32001,Bajo
32013 Boborás,3201301 Boborás distrito 01,3201301001 Boborás sección 01001,Mujeres,Extranjera,Población con ingresos por unidad de consumo por debajo de 5.000 Euros,2015-01-01,0.0,32001,Bajo
32013 Boborás,3201301 Boborás distrito 01,3201301001 Boborás sección 01001,Mujeres,Extranjera,Población con ingresos por unidad de consumo por debajo de 7.500 Euros,2015-01-01,0.0,32001,Bajo
32013 Boborás,3201301 Boborás distrito 01,3201301001 Boborás sección 01001,Mujeres,Extranjera,Población con ingresos por unidad de consumo por debajo de 10.000 Euros,2015-01-01,0.0,32001,Bajo
32013 Boborás,3201302 Boborás distrito 02,No,Total,Española,Población con ingresos por unidad de consumo por debajo de 5.000 Euros,2015-01-01,0.0,32001,Bajo
32013 Boborás,3201302 Boborás distrito 02,No,Total,Española,Población con ingresos por unidad de consumo por debajo de 7.500 Euros,2015-01-01,0.0,32001,Bajo
32013 Boborás,3201302 Boborás distrito 02,No,Total,Española,Población con ingresos por unidad de consumo por debajo de 10.000 Euros,2015-01-01,0.0,32001,Bajo
32013 Boborás,3201302 Boborás distrito 02,No,Total,Extranjera,Población con ingresos por unidad de consumo por debajo de 5.000 Euros,2015-01-01,0.0,32001,Bajo
32013 Boborás,3201302 Boborás distrito 02,No,Total,Extranjera,Población con ingresos por unidad de consumo por debajo de 7.500 Euros,2015-01-01,0.0,32001,Bajo
32013 Boborás,3201302 Boborás distrito 02,No,Total,Extranjera,Población con ingresos por unidad de consumo por debajo de 10.000 Euros,2015-01-01,0.0,32001,Bajo
32013 Boborás,3201302 Boborás distrito 02,No,Hombres,Española,Población con ingresos por unidad de consumo por debajo de 5.000 Euros,2015-01-01,0.0,32001,Bajo
32013 Boborás,3201302 Boborás distrito 02,No,Hombres,Española,Población con ingresos por unidad de consumo por debajo de 7.500 Euros,2015-01-01,0.0,32001,Bajo
32013 Boborás,3201302 Boborás distrito 02,No,Hombres,Española,Población con ingresos por unidad de consumo por debajo de 10.000 Euros,2015-01-01,0.0,32001,Bajo
32013 Boborás,3201302 Boborás distrito 02,No,Hombres,Extranjera,Población con ingresos por unidad de consumo por debajo de 5.000 Euros,2015-01-01,0.0,32001,Bajo
32013 Boborás,3201302 Boborás distrito 02,No,Hombres,Extranjera,Población con ingresos por unidad de consumo por debajo de 7.500 Euros,2015-01-01,0.0,32001,Bajo
32013 Boborás,3201302 Boborás distrito 02,No,Hombres,Extranjera,Población con ingresos por unidad de consumo por debajo de 10.000 Euros,2015-01-01,0.0,32001,Bajo
32013 Boborás,3201302 Boborás distrito 02,No,Mujeres,Española,Población con ingresos por unidad de consumo por debajo de 5.000 Euros,2015-01-01,0.0,32001,Bajo
32013 Boborás,3201302 Boborás distrito 02,No,Mujeres,Española,Población con ingresos por unidad de consumo por debajo de 7.500 Euros,2015-01-01,0.0,32001,Bajo
32013 Boborás,3201302 Boborás distrito 02,No,Mujeres,Española,Población con ingresos por unidad de consumo por debajo de 10.000 Euros,2015-01-01,0.0,32001,Bajo
32013 Boborás,3201302 Boborás distrito 02,No,Mujeres,Extranjera,Población con ingresos por unidad de consumo por debajo de 5.000 Euros,2015-01-01,0.0,32001,Bajo
32013 Boborás,3201302 Boborás distrito 02,No,Mujeres,Extranjera,Población con ingresos por unidad de consumo por debajo de 7.500 Euros,2015-01-01,0.0,32001,Bajo
32013 Boborás,3201302 Boborás distrito 02,No,Mujeres,Extranjera,Población con ingresos por unidad de consumo por debajo de 10.000 Euros,2015-01-01,0.0,32001,Bajo
32013 Boborás,3201302 Boborás distrito 02,3201302001 Boborás sección 02001,Total,Española,Población con ingresos por unidad de consumo por debajo de 5.000 Euros,2015-01-01,0.0,32001,Bajo
32013 Boborás,3201302 Boborás distrito 02,3201302001 Boborás sección 02001,Total,Española,Población con ingresos por unidad de consumo por debajo de 7.500 Euros,2015-01-01,0.0,32001,Bajo
32013 Boborás,3201302 Boborás distrito 02,3201302001 Boborás sección 02001,Total,Española,Población con ingresos por unidad de consumo por debajo de 10.000 Euros,2015-01-01,0.0,32001,Bajo
32013 Boborás,3201302 Boborás distrito 02,3201302001 Boborás sección 02001,Total,Extranjera,Población con ingresos por unidad de consumo por debajo de 5.000 Euros,2015-01-01,0.0,32001,Bajo
32013 Boborás,3201302 Boborás distrito 02,3201302001 Boborás sección 02001,Total,Extranjera,Población con ingresos por unidad de consumo por debajo de 7.500 Euros,2015-01-01,0.0,32001,Bajo
32013 Boborás,3201302 Boborás distrito 02,3201302001 Boborás sección 02001,Total,Extranjera,Población con ingresos por unidad de consumo por debajo de 10.000 Euros,2015-01-01,0.0,32001,Bajo
32013 Boborás,3201302 Boborás distrito 02,3201302001 Boborás sección 02001,Hombres,Española,Población con ingresos por unidad de consumo por debajo de 5.000 Euros,2015-01-01,0.0,32001,Bajo
32013 Boborás,3201302 Boborás distrito 02,3201302001 Boborás sección 02001,Hombres,Española,Población con ingresos por unidad de consumo por debajo de 7.500 Euros,2015-01-01,0.0,32001,Bajo
32013 Boborás,3201302 Boborás distrito 02,3201302001 Boborás sección 02001,Hombres,Española,Población con ingresos por unidad de consumo por debajo de 10.000 Euros,2015-01-01,0.0,32001,Bajo
32013 Boborás,3201302 Boborás distrito 02,3201302001 Boborás sección 02001,Hombres,Extranjera,Población con ingresos por unidad de consumo por debajo de 5.000 Euros,2015-01-01,0.0,32001,Bajo
32013 Boborás,3201302 Boborás distrito 02,3201302001 Boborás sección 02001,Hombres,Extranjera,Población con ingresos por unidad de consumo por debajo de 7.500 Euros,2015-01-01,0.0,32001,Bajo
32013 Boborás,3201302 Boborás distrito 02,3201302001 Boborás sección 02001,Hombres,Extranjera,Población con ingresos por unidad de consumo por debajo de 10.000 Euros,2015-01-01,0.0,32001,Bajo
32013 Boborás,3201302 Boborás distrito 02,3201302001 Boborás sección 02001,Mujeres,Española,Población con ingresos por unidad de consumo por debajo de 5.000 Euros,2015-01-01,0.0,32001,Bajo
32013 Boborás,3201302 Boborás distrito 02,3201302001 Boborás sección 02001,Mujeres,Española,Población con ingresos por unidad de consumo por debajo de 7.500 Euros,2015-01-01,0.0,32001,Bajo
32013 Boborás,3201302 Boborás distrito 02,3201302001 Boborás sección 02001,Mujeres,Española,Población con ingresos por unidad de consumo por debajo de 10.000 Euros,2015-01-01,0.0,32001,Bajo
32013 Boborás,3201302 Boborás distrito 02,3201302001 Boborás sección 02001,Mujeres,Extranjera,Población con ingresos por unidad de consumo por debajo de 5.000 Euros,2015-01-01,0.0,32001,Bajo
32013 Boborás,3201302 Boborás distrito 02,3201302001 Boborás sección 02001,Mujeres,Extranjera,Población con ingresos por unidad de consumo por debajo de 7.500 Euros,2015-01-01,0.0,32001,Bajo
32013 Boborás,3201302 Boborás distrito 02,3201302001 Boborás sección 02001,Mujeres,Extranjera,Población con ingresos por unidad de consumo por debajo de 10.000 Euros,2015-01-01,0.0,32001,Bajo
32013 Boborás,3201303 Boborás distrito 03,No,Total,Española,Población con ingresos por unidad de consumo por debajo de 5.000 Euros,2015-01-01,0.0,32001,Bajo
32013 Boborás,3201303 Boborás distrito 03,No,Total,Española,Población con ingresos por unidad de consumo por debajo de 7.500 Euros,2015-01-01,0.0,32001,Bajo
32013 Boborás,3201303 Boborás distrito 03,No,Total,Española,Población con ingresos por unidad de consumo por debajo de 10.000 Euros,2015-01-01,0.0,32001,Bajo
32013 Boborás,3201303 Boborás distrito 03,No,Total,Extranjera,Población con ingresos por unidad de consumo por debajo de 5.000 Euros,2015-01-01,0.0,32001,Bajo
32013 Boborás,3201303 Boborás distrito 03,No,Total,Extranjera,Población con ingresos por unidad de consumo por debajo de 7.500 Euros,2015-01-01,0.0,32001,Bajo
32013 Boborás,3201303 Boborás distrito 03,No,Total,Extranjera,Población con ingresos por unidad de consumo por debajo de 10.000 Euros,2015-01-01,0.0,32001,Bajo
32013 Boborás,3201303 Boborás distrito 03,No,Hombres,Española,Población con ingresos por unidad de consumo por debajo de 5.000 Euros,2015-01-01,0.0,32001,Bajo
32013 Boborás,3201303 Boborás distrito 03,No,Hombres,Española,Población con ingresos por unidad de consumo por debajo de 7.500 Euros,2015-01-01,0.0,32001,Bajo
32013 Boborás,3201303 Boborás distrito 03,No,Hombres,Española,Población con ingresos por unidad de consumo por debajo de 10.000 Euros,2015-01-01,0.0,32001,Bajo
32013 Boborás,3201303 Boborás distrito 03,No,Hombres,Extranjera,Población con ingresos por unidad de consumo por debajo de 5.000 Euros,2015-01-01,0.0,32001,Bajo
32013 Boborás,3201303 Boborás distrito 03,No,Hombres,Extranjera,Población con ingresos por unidad de consumo por debajo de 7.500 Euros,2015-01-01,0.0,32001,Bajo
32013 Boborás,3201303 Boborás distrito 03,No,Hombres,Extranjera,Población con ingresos por unidad de consumo por debajo de 10.000 Euros,2015-01-01,0.0,32001,Bajo
32013 Boborás,3201303 Boborás distrito 03,No,Mujeres,Española,Población con ingresos por unidad de consumo por debajo de 5.000 Euros,2015-01-01,0.0,32001,Bajo
32013 Boborás,3201303 Boborás distrito 03,No,Mujeres,Española,Población con ingresos por unidad de consumo por debajo de 7.500 Euros,2015-01-01,0.0,32001,Bajo
32013 Boborás,3201303 Boborás distrito 03,No,Mujeres,Española,Población con ingresos por unidad de consumo por debajo de 10.000 Euros,2015-01-01,0.0,32001,Bajo
32013 Boborás,3201303 Boborás distrito 03,No,Mujeres,Extranjera,Población con ingresos por unidad de consumo por debajo de 5.000 Euros,2015-01-01,0.0,32001,Bajo
32013 Boborás,3201303 Boborás distrito 03,No,Mujeres,Extranjera,Población con ingresos por unidad de consumo por debajo de 7.500 Euros,2015-01-01,0.0,32001,Bajo
32013 Boborás,3201303 Boborás distrito 03,No,Mujeres,Extranjera,Población con ingresos por unidad de consumo por debajo de 10.000 Euros,2015-01-01,0.0,32001,Bajo
32013 Boborás,3201303 Boborás distrito 03,3201303001 Boborás sección 03001,Total,Española,Población con ingresos por unidad de consumo por debajo de 5.000 Euros,2015-01-01,0.0,32001,Bajo
32013 Boborás,3201303 Boborás distrito 03,3201303001 Boborás sección 03001,Total,Española,Población con ingresos por unidad de consumo por debajo de 7.500 Euros,2015-01-01,0.0,32001,Bajo
32013 Boborás,3201303 Boborás distrito 03,3201303001 Boborás sección 03001,Total,Española,Población con ingresos por unidad de consumo por debajo de 10.000 Euros,2015-01-01,0.0,32001,Bajo
32013 Boborás,3201303 Boborás distrito 03,3201303001 Boborás sección 03001,Total,Extranjera,Población con ingresos por unidad de consumo por debajo de 5.000 Euros,2015-01-01,0.0,32001,Bajo
32013 Boborás,3201303 Boborás distrito 03,3201303001 Boborás sección 03001,Total,Extranjera,Población con ingresos por unidad de consumo por debajo de 7.500 Euros,2015-01-01,0.0,32001,Bajo
32013 Boborás,3201303 Boborás distrito 03,3201303001 Boborás sección 03001,Total,Extranjera,Población con ingresos por unidad de consumo por debajo de 10.000 Euros,2015-01-01,0.0,32001,Bajo
32013 Boborás,3201303 Boborás distrito 03,3201303001 Boborás sección 03001,Hombres,Española,Población con ingresos por unidad de consumo por debajo de 5.000 Euros,2015-01-01,0.0,32001,Bajo
32013 Boborás,3201303 Boborás distrito 03,3201303001 Boborás sección 03001,Hombres,Española,Población con ingresos por unidad de consumo por debajo de 7.500 Euros,2015-01-01,0.0,32001,Bajo
32013 Boborás,3201303 Boborás distrito 03,3201303001 Boborás sección 03001,Hombres,Española,Población con ingresos por unidad de consumo por debajo de 10.000 Euros,2015-01-01,0.0,32001,Bajo
32013 Boborás,3201303 Boborás distrito 03,3201303001 Boborás sección 03001,Hombres,Extranjera,Población con ingresos por unidad de consumo por debajo de 5.000 Euros,2015-01-01,0.0,32001,Bajo
32013 Boborás,3201303 Boborás distrito 03,3201303001 Boborás sección 03001,Hombres,Extranjera,Población con ingresos por unidad de consumo por debajo de 7.500 Euros,2015-01-01,0.0,32001,Bajo
32013 Boborás,3201303 Boborás distrito 03,3201303001 Boborás sección 03001,Hombres,Extranjera,Población con ingresos por unidad de consumo por debajo de 10.000 Euros,2015-01-01,0.0,32001,Bajo
32013 Boborás,3201303 Boborás distrito 03,3201303001 Boborás sección 03001,Mujeres,Española,Población con ingresos por unidad de consumo por debajo de 5.000 Euros,2015-01-01,0.0,32001,Bajo
32013 Boborás,3201303 Boborás distrito 03,3201303001 Boborás sección 03001,Mujeres,Española,Población con ingresos por unidad de consumo por debajo de 7.500 Euros,2015-01-01,0.0,32001,Bajo
32013 Boborás,3201303 Boborás distrito 03,3201303001 Boborás sección 03001,Mujeres,Española,Población con ingresos por unidad de consumo por debajo de 10.000 Euros,2015-01-01,0.0,32001,Bajo
32013 Boborás,3201303 Boborás distrito 03,3201303001 Boborás sección 03001,Mujeres,Extranjera,Población con ingresos por unidad de consumo por debajo de 5.000 Euros,2015-01-01,0.0,32001,Bajo
32013 Boborás,3201303 Boborás distrito 03,3201303001 Boborás sección 03001,Mujeres,Extranjera,Población con ingresos por unidad de consumo por debajo de 7.500 Euros,2015-01-01,0.0,32001,Bajo
32013 Boborás,3201303 Boborás distrito 03,3201303001 Boborás sección 03001,Mujeres,Extranjera,Población con ingresos por unidad de consumo por debajo de 10.000 Euros,2015-01-01,0.0,32001,Bajo
"32014 Bola, A",No,No,Total,Española,Población con ingresos por unidad de consumo por debajo de 5.000 Euros,2015-01-01,0.0,32001,Bajo
"32014 Bola, A",No,No,Total,Española,Población con ingresos por unidad de consumo por debajo de 7.500 Euros,2015-01-01,0.0,32001,Bajo
"32014 Bola, A",No,No,Total,Española,Población con ingresos por unidad de consumo por debajo de 10.000 Euros,2015-01-01,0.0,32001,Bajo
"32014 Bola, A",No,No,Total,Extranjera,Población con ingresos por unidad de consumo por debajo de 5.000 Euros,2015-01-01,0.0,32001,Bajo
"32014 Bola, A",No,No,Total,Extranjera,Población con ingresos por unidad de consumo por debajo de 7.500 Euros,2015-01-01,0.0,32001,Bajo
"32014 Bola, A",No,No,Total,Extranjera,Población con ingresos por unidad de consumo por debajo de 10.000 Euros,2015-01-01,0.0,32001,Bajo
"32014 Bola, A",No,No,Hombres,Española,Población con ingresos por unidad de consumo por debajo de 5.000 Euros,2015-01-01,0.0,32001,Bajo
"32014 Bola, A",No,No,Hombres,Española,Población con ingresos por unidad de consumo por debajo de 7.500 Euros,2015-01-01,0.0,32001,Bajo
"32014 Bola, A",No,No,Hombres,Española,Población con ingresos por unidad de consumo por debajo de 10.000 Euros,2015-01-01,0.0,32001,Bajo
"32014 Bola, A",No,No,Hombres,Extranjera,Población con ingresos por unidad de consumo por debajo de 5.000 Euros,2015-01-01,0.0,32001,Bajo
"32014 Bola, A",No,No,Hombres,Extranjera,Población con ingresos por unidad de consumo por debajo de 7.500 Euros,2015-01-01,0.0,32001,Bajo
"32014 Bola, A",No,No,Hombres,Extranjera,Población con ingresos por unidad de consumo por debajo de 10.000 Euros,2015-01-01,0.0,32001,Bajo
"32014 Bola, A",No,No,Mujeres,Española,Población con ingresos por unidad de consumo por debajo de 5.000 Euros,2015-01-01,0.0,32001,Bajo
"32014 Bola, A",No,No,Mujeres,Española,Población con ingresos por unidad de consumo por debajo de 7.500 Euros,2015-01-01,0.0,32001,Bajo
"32014 Bola, A",No,No,Mujeres,Española,Población con ingresos por unidad de consumo por debajo de 10.000 Euros,2015-01-01,0.0,32001,Bajo
"32014 Bola, A",No,No,Mujeres,Extranjera,Población con ingresos por unidad de consumo por debajo de 5.000 Euros,2015-01-01,0.0,32001,Bajo
"32014 Bola, A",No,No,Mujeres,Extranjera,Población con ingresos por unidad de consumo por debajo de 7.500 Euros,2015-01-01,0.0,32001,Bajo
"32014 Bola, A",No,No,Mujeres,Extranjera,Población con ingresos por unidad de consumo por debajo de 10.000 Euros,2015-01-01,0.0,32001,Bajo
"32014 Bola, A","3201401 Bola, A distrito 01",No,Total,Española,Población con ingresos por unidad de consumo por debajo de 5.000 Euros,2015-01-01,0.0,32001,Bajo
"32014 Bola, A","3201401 Bola, A distrito 01",No,Total,Española,Población con ingresos por unidad de consumo por debajo de 7.500 Euros,2015-01-01,0.0,32001,Bajo
"32014 Bola, A","3201401 Bola, A distrito 01",No,Total,Española,Población con ingresos por unidad de consumo por debajo de 10.000 Euros,2015-01-01,0.0,32001,Bajo
"32014 Bola, A","3201401 Bola, A distrito 01",No,Total,Extranjera,Población con ingresos por unidad de consumo por debajo de 5.000 Euros,2015-01-01,0.0,32001,Bajo
"32014 Bola, A","3201401 Bola, A distrito 01",No,Total,Extranjera,Población con ingresos por unidad de consumo por debajo de 7.500 Euros,2015-01-01,0.0,32001,Bajo
"32014 Bola, A","3201401 Bola, A distrito 01",No,Total,Extranjera,Población con ingresos por unidad de consumo por debajo de 10.000 Euros,2015-01-01,0.0,32001,Bajo
"32014 Bola, A","3201401 Bola, A distrito 01",No,Hombres,Española,Población con ingresos por unidad de consumo por debajo de 5.000 Euros,2015-01-01,0.0,32001,Bajo
"32014 Bola, A","3201401 Bola, A distrito 01",No,Hombres,Española,Población con ingresos por unidad de consumo por debajo de 7.500 Euros,2015-01-01,0.0,32001,Bajo
"32014 Bola, A","3201401 Bola, A distrito 01",No,Hombres,Española,Población con ingresos por unidad de consumo por debajo de 10.000 Euros,2015-01-01,0.0,32001,Bajo
"32014 Bola, A","3201401 Bola, A distrito 01",No,Hombres,Extranjera,Población con ingresos por unidad de consumo por debajo de 5.000 Euros,2015-01-01,0.0,32001,Bajo
"32014 Bola, A","3201401 Bola, A distrito 01",No,Hombres,Extranjera,Población con ingresos por unidad de consumo por debajo de 7.500 Euros,2015-01-01,0.0,32001,Bajo
"32014 Bola, A","3201401 Bola, A distrito 01",No,Hombres,Extranjera,Población con ingresos por unidad de consumo por debajo de 10.000 Euros,2015-01-01,0.0,32001,Bajo
"32014 Bola, A","3201401 Bola, A distrito 01",No,Mujeres,Española,Población con ingresos por unidad de consumo por debajo de 5.000 Euros,2015-01-01,0.0,32001,Bajo
"32014 Bola, A","3201401 Bola, A distrito 01",No,Mujeres,Española,Población con ingresos por unidad de consumo por debajo de 7.500 Euros,2015-01-01,0.0,32001,Bajo
"32014 Bola, A","3201401 Bola, A distrito 01",No,Mujeres,Española,Población con ingresos por unidad de consumo por debajo de 10.000 Euros,2015-01-01,0.0,32001,Bajo
"32014 Bola, A","3201401 Bola, A distrito 01",No,Mujeres,Extranjera,Población con ingresos por unidad de consumo por debajo de 5.000 Euros,2015-01-01,0.0,32001,Bajo
"32014 Bola, A","3201401 Bola, A distrito 01",No,Mujeres,Extranjera,Población con ingresos por unidad de consumo por debajo de 7.500 Euros,2015-01-01,0.0,32001,Bajo
"32014 Bola, A","3201401 Bola, A distrito 01",No,Mujeres,Extranjera,Población con ingresos por unidad de consumo por debajo de 10.000 Euros,2015-01-01,0.0,32001,Bajo
"32014 Bola, A","3201401 Bola, A distrito 01","3201401001 Bola, A sección 01001",Total,Española,Población con ingresos por unidad de consumo por debajo de 5.000 Euros,2015-01-01,0.0,32001,Bajo
"32014 Bola, A","3201401 Bola, A distrito 01","3201401001 Bola, A sección 01001",Total,Española,Población con ingresos por unidad de consumo por debajo de 7.500 Euros,2015-01-01,0.0,32001,Bajo
"32014 Bola, A","3201401 Bola, A distrito 01","3201401001 Bola, A sección 01001",Total,Española,Población con ingresos por unidad de consumo por debajo de 10.000 Euros,2015-01-01,0.0,32001,Bajo
"32014 Bola, A","3201401 Bola, A distrito 01","3201401001 Bola, A sección 01001",Total,Extranjera,Población con ingresos por unidad de consumo por debajo de 5.000 Euros,2015-01-01,0.0,32001,Bajo
"32014 Bola, A","3201401 Bola, A distrito 01","3201401001 Bola, A sección 01001",Total,Extranjera,Población con ingresos por unidad de consumo por debajo de 7.500 Euros,2015-01-01,0.0,32001,Bajo
"32014 Bola, A","3201401 Bola, A distrito 01","3201401001 Bola, A sección 01001",Total,Extranjera,Población con ingresos por unidad de consumo por debajo de 10.000 Euros,2015-01-01,0.0,32001,Bajo
"32014 Bola, A","3201401 Bola, A distrito 01","3201401001 Bola, A sección 01001",Hombres,Española,Población con ingresos por unidad de consumo por debajo de 5.000 Euros,2015-01-01,0.0,32001,Bajo
"32014 Bola, A","3201401 Bola, A distrito 01","3201401001 Bola, A sección 01001",Hombres,Española,Población con ingresos por unidad de consumo por debajo de 7.500 Euros,2015-01-01,0.0,32001,Bajo
"32014 Bola, A","3201401 Bola, A distrito 01","3201401001 Bola, A sección 01001",Hombres,Española,Población con ingresos por unidad de consumo por debajo de 10.000 Euros,2015-01-01,0.0,32001,Bajo
"32014 Bola, A","3201401 Bola, A distrito 01","3201401001 Bola, A sección 01001",Hombres,Extranjera,Población con ingresos por unidad de consumo por debajo de 5.000 Euros,2015-01-01,0.0,32001,Bajo
"32014 Bola, A","3201401 Bola, A distrito 01","3201401001 Bola, A sección 01001",Hombres,Extranjera,Población con ingresos por unidad de consumo por debajo de 7.500 Euros,2015-01-01,0.0,32001,Bajo
"32014 Bola, A","3201401 Bola, A distrito 01","3201401001 Bola, A sección 01001",Hombres,Extranjera,Población con ingresos por unidad de consumo por debajo de 10.000 Euros,2015-01-01,0.0,32001,Bajo
"32014 Bola, A","3201401 Bola, A distrito 01","3201401001 Bola, A sección 01001",Mujeres,Española,Población con ingresos por unidad de consumo por debajo de 5.000 Euros,2015-01-01,0.0,32001,Bajo
"32014 Bola, A","3201401 Bola, A distrito 01","3201401001 Bola, A sección 01001",Mujeres,Española,Población con ingresos por unidad de consumo por debajo de 7.500 Euros,2015-01-01,0.0,32001,Bajo
"32014 Bola, A","3201401 Bola, A distrito 01","3201401001 Bola, A sección 01001",Mujeres,Española,Población con ingresos por unidad de consumo por debajo de 10.000 Euros,2015-01-01,0.0,32001,Bajo
"32014 Bola, A","3201401 Bola, A distrito 01","3201401001 Bola, A sección 01001",Mujeres,Extranjera,Población con ingresos por unidad de consumo por debajo de 5.000 Euros,2015-01-01,0.0,32001,Bajo
"32014 Bola, A","3201401 Bola, A distrito 01","3201401001 Bola, A sección 01001",Mujeres,Extranjera,Población con ingresos por unidad de consumo por debajo de 7.500 Euros,2015-01-01,0.0,32001,Bajo
"32014 Bola, A","3201401 Bola, A distrito 01","3201401001 Bola, A sección 01001",Mujeres,Extranjera,Población con ingresos por unidad de consumo por debajo de 10.000 Euros,2015-01-01,0.0,32001,Bajo
"32014 Bola, A","3201402 Bola, A distrito 02",No,Total,Española,Población con ingresos por unidad de consumo por debajo de 5.000 Euros,2015-01-01,0.0,32001,Bajo
"32014 Bola, A","3201402 Bola, A distrito 02",No,Total,Española,Población con ingresos por unidad de consumo por debajo de 7.500 Euros,2015-01-01,0.0,32001,Bajo
"32014 Bola, A","3201402 Bola, A distrito 02",No,Total,Española,Población con ingresos por unidad de consumo por debajo de 10.000 Euros,2015-01-01,0.0,32001,Bajo
"32014 Bola, A","3201402 Bola, A distrito 02",No,Total,Extranjera,Población con ingresos por unidad de consumo por debajo de 5.000 Euros,2015-01-01,0.0,32001,Bajo
"32014 Bola, A","3201402 Bola, A distrito 02",No,Total,Extranjera,Población con ingresos por unidad de consumo por debajo de 7.500 Euros,2015-01-01,0.0,32001,Bajo
"32014 Bola, A","3201402 Bola, A distrito 02",No,Total,Extranjera,Población con ingresos por unidad de consumo por debajo de 10.000 Euros,2015-01-01,0.0,32001,Bajo
"32014 Bola, A","3201402 Bola, A distrito 02",No,Hombres,Española,Población con ingresos por unidad de consumo por debajo de 5.000 Euros,2015-01-01,0.0,32001,Bajo
"32014 Bola, A","3201402 Bola, A distrito 02",No,Hombres,Española,Población con ingresos por unidad de consumo por debajo de 7.500 Euros,2015-01-01,0.0,32001,Bajo
"32014 Bola, A","3201402 Bola, A distrito 02",No,Hombres,Española,Población con ingresos por unidad de consumo por debajo de 10.000 Euros,2015-01-01,0.0,32001,Bajo
"32014 Bola, A","3201402 Bola, A distrito 02",No,Hombres,Extranjera,Población con ingresos por unidad de consumo por debajo de 5.000 Euros,2015-01-01,0.0,32001,Bajo
"32014 Bola, A","3201402 Bola, A distrito 02",No,Hombres,Extranjera,Población con ingresos por unidad de consumo por debajo de 7.500 Euros,2015-01-01,0.0,32001,Bajo
"32014 Bola, A","3201402 Bola, A distrito 02",No,Hombres,Extranjera,Población con ingresos por unidad de consumo por debajo de 10.000 Euros,2015-01-01,0.0,32001,Bajo
"32014 Bola, A","3201402 Bola, A distrito 02",No,Mujeres,Española,Población con ingresos por unidad de consumo por debajo de 5.000 Euros,2015-01-01,0.0,32001,Bajo
"32014 Bola, A","3201402 Bola, A distrito 02",No,Mujeres,Española,Población con ingresos por unidad de consumo por debajo de 7.500 Euros,2015-01-01,0.0,32001,Bajo
"32014 Bola, A","3201402 Bola, A distrito 02",No,Mujeres,Española,Población con ingresos por unidad de consumo por debajo de 10.000 Euros,2015-01-01,0.0,32001,Bajo
"32014 Bola, A","3201402 Bola, A distrito 02",No,Mujeres,Extranjera,Población con ingresos por unidad de consumo por debajo de 5.000 Euros,2015-01-01,0.0,32001,Bajo
"32014 Bola, A","3201402 Bola, A distrito 02",No,Mujeres,Extranjera,Población con ingresos por unidad de consumo por debajo de 7.500 Euros,2015-01-01,0.0,32001,Bajo
"32014 Bola, A","3201402 Bola, A distrito 02",No,Mujeres,Extranjera,Población con ingresos por unidad de consumo por debajo de 10.000 Euros,2015-01-01,0.0,32001,Bajo
"32014 Bola, A","3201402 Bola, A distrito 02","3201402001 Bola, A sección 02001",Total,Española,Población con ingresos por unidad de consumo por debajo de 5.000 Euros,2015-01-01,0.0,32001,Bajo
"32014 Bola, A","3201402 Bola, A distrito 02","3201402001 Bola, A sección 02001",Total,Española,Población con ingresos por unidad de consumo por debajo de 7.500 Euros,2015-01-01,0.0,32001,Bajo
"32014 Bola, A","3201402 Bola, A distrito 02","3201402001 Bola, A sección 02001",Total,Española,Población con ingresos por unidad de consumo por debajo de 10.000 Euros,2015-01-01,0.0,32001,Bajo
"32014 Bola, A","3201402 Bola, A distrito 02","3201402001 Bola, A sección 02001",Total,Extranjera,Población con ingresos por unidad de consumo por debajo de 5.000 Euros,2015-01-01,0.0,32001,Bajo
"32014 Bola, A","3201402 Bola, A distrito 02","3201402001 Bola, A sección 02001",Total,Extranjera,Población con ingresos por unidad de consumo por debajo de 7.500 Euros,2015-01-01,0.0,32001,Bajo
"32014 Bola, A","3201402 Bola, A distrito 02","3201402001 Bola, A sección 02001",Total,Extranjera,Población con ingresos por unidad de consumo por debajo de 10.000 Euros,2015-01-01,0.0,32001,Bajo
"32014 Bola, A","3201402 Bola, A distrito 02","3201402001 Bola, A sección 02001",Hombres,Española,Población con ingresos por unidad de consumo por debajo de 5.000 Euros,2015-01-01,0.0,32001,Bajo
"32014 Bola, A","3201402 Bola, A distrito 02","3201402001 Bola, A sección 02001",Hombres,Española,Población con ingresos por unidad de consumo por debajo de 7.500 Euros,2015-01-01,0.0,32001,Bajo
"32014 Bola, A","3201402 Bola, A distrito 02","3201402001 Bola, A sección 02001",Hombres,Española,Población con ingresos por unidad de consumo por debajo de 10.000 Euros,2015-01-01,0.0,32001,Bajo
"32014 Bola, A","3201402 Bola, A distrito 02","3201402001 Bola, A sección 02001",Hombres,Extranjera,Población con ingresos por unidad de consumo por debajo de 5.000 Euros,2015-01-01,0.0,32001,Bajo
"32014 Bola, A","3201402 Bola, A distrito 02","3201402001 Bola, A sección 02001",Hombres,Extranjera,Población con ingresos por unidad de consumo por debajo de 7.500 Euros,2015-01-01,0.0,32001,Bajo
"32014 Bola, A","3201402 Bola, A distrito 02","3201402001 Bola, A sección 02001",Hombres,Extranjera,Población con ingresos por unidad de consumo por debajo de 10.000 Euros,2015-01-01,0.0,32001,Bajo
"32014 Bola, A","3201402 Bola, A distrito 02","3201402001 Bola, A sección 02001",Mujeres,Española,Población con ingresos por unidad de consumo por debajo de 5.000 Euros,2015-01-01,0.0,32001,Bajo
"32014 Bola, A","3201402 Bola, A distrito 02","3201402001 Bola, A sección 02001",Mujeres,Española,Población con ingresos por unidad de consumo por debajo de 7.500 Euros,2015-01-01,0.0,32001,Bajo
"32014 Bola, A","3201402 Bola, A distrito 02","3201402001 Bola, A sección 02001",Mujeres,Española,Población con ingresos por unidad de consumo por debajo de 10.000 Euros,2015-01-01,0.0,32001,Bajo
"32014 Bola, A","3201402 Bola, A distrito 02","3201402001 Bola, A sección 02001",Mujeres,Extranjera,Población con ingresos por unidad de consumo por debajo de 5.000 Euros,2015-01-01,0.0,32001,Bajo
"32014 Bola, A","3201402 Bola, A distrito 02","3201402001 Bola, A sección 02001",Mujeres,Extranjera,Población con ingresos por unidad de consumo por debajo de 7.500 Euros,2015-01-01,0.0,32001,Bajo
"32014 Bola, A","3201402 Bola, A distrito 02","3201402001 Bola, A sección 02001",Mujeres,Extranjera,Población con ingresos por unidad de consumo por debajo de 10.000 Euros,2015-01-01,0.0,32001,Bajo
"32015 Bolo, O",No,No,Total,Española,Población con ingresos por unidad de consumo por debajo de 5.000 Euros,2015-01-01,0.0,32001,Bajo
"32015 Bolo, O",No,No,Total,Española,Población con ingresos por unidad de consumo por debajo de 7.500 Euros,2015-01-01,0.0,32001,Bajo
"32015 Bolo, O",No,No,Total,Española,Población con ingresos por unidad de consumo por debajo de 10.000 Euros,2015-01-01,0.0,32001,Bajo
"32015 Bolo, O",No,No,Total,Extranjera,Población con ingresos por unidad de consumo por debajo de 5.000 Euros,2015-01-01,0.0,32001,Bajo
"32015 Bolo, O",No,No,Total,Extranjera,Población con ingresos por unidad de consumo por debajo de 7.500 Euros,2015-01-01,0.0,32001,Bajo
"32015 Bolo, O",No,No,Total,Extranjera,Población con ingresos por unidad de consumo por debajo de 10.000 Euros,2015-01-01,0.0,32001,Bajo
"32015 Bolo, O",No,No,Hombres,Española,Población con ingresos por unidad de consumo por debajo de 5.000 Euros,2015-01-01,0.0,32001,Bajo
"32015 Bolo, O",No,No,Hombres,Española,Población con ingresos por unidad de consumo por debajo de 7.500 Euros,2015-01-01,0.0,32001,Bajo
"32015 Bolo, O",No,No,Hombres,Española,Población con ingresos por unidad de consumo por debajo de 10.000 Euros,2015-01-01,0.0,32001,Bajo
"32015 Bolo, O",No,No,Hombres,Extranjera,Población con ingresos por unidad de consumo por debajo de 5.000 Euros,2015-01-01,0.0,32001,Bajo
"32015 Bolo, O",No,No,Hombres,Extranjera,Población con ingresos por unidad de consumo por debajo de 7.500 Euros,2015-01-01,0.0,32001,Bajo
"32015 Bolo, O",No,No,Hombres,Extranjera,Población con ingresos por unidad de consumo por debajo de 10.000 Euros,2015-01-01,0.0,32001,Bajo
"32015 Bolo, O",No,No,Mujeres,Española,Población con ingresos por unidad de consumo por debajo de 5.000 Euros,2015-01-01,0.0,32001,Bajo
"32015 Bolo, O",No,No,Mujeres,Española,Población con ingresos por unidad de consumo por debajo de 7.500 Euros,2015-01-01,0.0,32001,Bajo
"32015 Bolo, O",No,No,Mujeres,Española,Población con ingresos por unidad de consumo por debajo de 10.000 Euros,2015-01-01,0.0,32001,Bajo
"32015 Bolo, O",No,No,Mujeres,Extranjera,Población con ingresos por unidad de consumo por debajo de 5.000 Euros,2015-01-01,0.0,32001,Bajo
"32015 Bolo, O",No,No,Mujeres,Extranjera,Población con ingresos por unidad de consumo por debajo de 7.500 Euros,2015-01-01,0.0,32001,Bajo
"32015 Bolo, O",No,No,Mujeres,Extranjera,Población con ingresos por unidad de consumo por debajo de 10.000 Euros,2015-01-01,0.0,32001,Bajo
"32015 Bolo, O","3201501 Bolo, O distrito 01",No,Total,Española,Población con ingresos por unidad de consumo por debajo de 5.000 Euros,2015-01-01,0.0,32001,Bajo
"32015 Bolo, O","3201501 Bolo, O distrito 01",No,Total,Española,Población con ingresos por unidad de consumo por debajo de 7.500 Euros,2015-01-01,0.0,32001,Bajo
"32015 Bolo, O","3201501 Bolo, O distrito 01",No,Total,Española,Población con ingresos por unidad de consumo por debajo de 10.000 Euros,2015-01-01,0.0,32001,Bajo
"32015 Bolo, O","3201501 Bolo, O distrito 01",No,Total,Extranjera,Población con ingresos por unidad de consumo por debajo de 5.000 Euros,2015-01-01,0.0,32001,Bajo
"32015 Bolo, O","3201501 Bolo, O distrito 01",No,Total,Extranjera,Población con ingresos por unidad de consumo por debajo de 7.500 Euros,2015-01-01,0.0,32001,Bajo
"32015 Bolo, O","3201501 Bolo, O distrito 01",No,Total,Extranjera,Población con ingresos por unidad de consumo por debajo de 10.000 Euros,2015-01-01,0.0,32001,Bajo
"32015 Bolo, O","3201501 Bolo, O distrito 01",No,Hombres,Española,Población con ingresos por unidad de consumo por debajo de 5.000 Euros,2015-01-01,0.0,32001,Bajo
"32015 Bolo, O","3201501 Bolo, O distrito 01",No,Hombres,Española,Población con ingresos por unidad de consumo por debajo de 7.500 Euros,2015-01-01,0.0,32001,Bajo
"32015 Bolo, O","3201501 Bolo, O distrito 01",No,Hombres,Española,Población con ingresos por unidad de consumo por debajo de 10.000 Euros,2015-01-01,0.0,32001,Bajo
"32015 Bolo, O","3201501 Bolo, O distrito 01",No,Hombres,Extranjera,Población con ingresos por unidad de consumo por debajo de 5.000 Euros,2015-01-01,0.0,32001,Bajo
"32015 Bolo, O","3201501 Bolo, O distrito 01",No,Hombres,Extranjera,Población con ingresos por unidad de consumo por debajo de 7.500 Euros,2015-01-01,0.0,32001,Bajo
"32015 Bolo, O","3201501 Bolo, O distrito 01",No,Hombres,Extranjera,Población con ingresos por unidad de consumo por debajo de 10.000 Euros,2015-01-01,0.0,32001,Bajo
"32015 Bolo, O","3201501 Bolo, O distrito 01",No,Mujeres,Española,Población con ingresos por unidad de consumo por debajo de 5.000 Euros,2015-01-01,0.0,32001,Bajo
"32015 Bolo, O","3201501 Bolo, O distrito 01",No,Mujeres,Española,Población con ingresos por unidad de consumo por debajo de 7.500 Euros,2015-01-01,0.0,32001,Bajo
"32015 Bolo, O","3201501 Bolo, O distrito 01",No,Mujeres,Española,Población con ingresos por unidad de consumo por debajo de 10.000 Euros,2015-01-01,0.0,32001,Bajo
"32015 Bolo, O","3201501 Bolo, O distrito 01",No,Mujeres,Extranjera,Población con ingresos por unidad de consumo por debajo de 5.000 Euros,2015-01-01,0.0,32001,Bajo
"32015 Bolo, O","3201501 Bolo, O distrito 01",No,Mujeres,Extranjera,Población con ingresos por unidad de consumo por debajo de 7.500 Euros,2015-01-01,0.0,32001,Bajo
"32015 Bolo, O","3201501 Bolo, O distrito 01",No,Mujeres,Extranjera,Población con ingresos por unidad de consumo por debajo de 10.000 Euros,2015-01-01,0.0,32001,Bajo
"32015 Bolo, O","3201501 Bolo, O distrito 01","3201501001 Bolo, O sección 01001",Total,Española,Población con ingresos por unidad de consumo por debajo de 5.000 Euros,2015-01-01,0.0,32001,Bajo
"32015 Bolo, O","3201501 Bolo, O distrito 01","3201501001 Bolo, O sección 01001",Total,Española,Población con ingresos por unidad de consumo por debajo de 7.500 Euros,2015-01-01,0.0,32001,Bajo
"32015 Bolo, O","3201501 Bolo, O distrito 01","3201501001 Bolo, O sección 01001",Total,Española,Población con ingresos por unidad de consumo por debajo de 10.000 Euros,2015-01-01,0.0,32001,Bajo
"32015 Bolo, O","3201501 Bolo, O distrito 01","3201501001 Bolo, O sección 01001",Total,Extranjera,Población con ingresos por unidad de consumo por debajo de 5.000 Euros,2015-01-01,0.0,32001,Bajo
"32015 Bolo, O","3201501 Bolo, O distrito 01","3201501001 Bolo, O sección 01001",Total,Extranjera,Población con ingresos por unidad de consumo por debajo de 7.500 Euros,2015-01-01,0.0,32001,Bajo
"32015 Bolo, O","3201501 Bolo, O distrito 01","3201501001 Bolo, O sección 01001",Total,Extranjera,Población con ingresos por unidad de consumo por debajo de 10.000 Euros,2015-01-01,0.0,32001,Bajo
"32015 Bolo, O","3201501 Bolo, O distrito 01","3201501001 Bolo, O sección 01001",Hombres,Española,Población con ingresos por unidad de consumo por debajo de 5.000 Euros,2015-01-01,0.0,32001,Bajo
"32015 Bolo, O","3201501 Bolo, O distrito 01","3201501001 Bolo, O sección 01001",Hombres,Española,Población con ingresos por unidad de consumo por debajo de 7.500 Euros,2015-01-01,0.0,32001,Bajo
"32015 Bolo, O","3201501 Bolo, O distrito 01","3201501001 Bolo, O sección 01001",Hombres,Española,Población con ingresos por unidad de consumo por debajo de 10.000 Euros,2015-01-01,0.0,32001,Bajo
"32015 Bolo, O","3201501 Bolo, O distrito 01","3201501001 Bolo, O sección 01001",Hombres,Extranjera,Población con ingresos por unidad de consumo por debajo de 5.000 Euros,2015-01-01,0.0,32001,Bajo
"32015 Bolo, O","3201501 Bolo, O distrito 01","3201501001 Bolo, O sección 01001",Hombres,Extranjera,Población con ingresos por unidad de consumo por debajo de 7.500 Euros,2015-01-01,0.0,32001,Bajo
"32015 Bolo, O","3201501 Bolo, O distrito 01","3201501001 Bolo, O sección 01001",Hombres,Extranjera,Población con ingresos por unidad de consumo por debajo de 10.000 Euros,2015-01-01,0.0,32001,Bajo
"32015 Bolo, O","3201501 Bolo, O distrito 01","3201501001 Bolo, O sección 01001",Mujeres,Española,Población con ingresos por unidad de consumo por debajo de 5.000 Euros,2015-01-01,0.0,32001,Bajo
"32015 Bolo, O","3201501 Bolo, O distrito 01","3201501001 Bolo, O sección 01001",Mujeres,Española,Población con ingresos por unidad de consumo por debajo de 7.500 Euros,2015-01-01,0.0,32001,Bajo
"32015 Bolo, O","3201501 Bolo, O distrito 01","3201501001 Bolo, O sección 01001",Mujeres,Española,Población con ingresos por unidad de consumo por debajo de 10.000 Euros,2015-01-01,0.0,32001,Bajo
"32015 Bolo, O","3201501 Bolo, O distrito 01","3201501001 Bolo, O sección 01001",Mujeres,Extranjera,Población con ingresos por unidad de consumo por debajo de 5.000 Euros,2015-01-01,0.0,32001,Bajo
"32015 Bolo, O","3201501 Bolo, O distrito 01","3201501001 Bolo, O sección 01001",Mujeres,Extranjera,Población con ingresos por unidad de consumo por debajo de 7.500 Euros,2015-01-01,0.0,32001,Bajo
"32015 Bolo, O","3201501 Bolo, O distrito 01","3201501001 Bolo, O sección 01001",Mujeres,Extranjera,Población con ingresos por unidad de consumo por debajo de 10.000 Euros,2015-01-01,0.0,32001,Bajo
32016 Calvos de Randín,No,No,Total,Española,Población con ingresos por unidad de consumo por debajo de 5.000 Euros,2015-01-01,0.0,32001,Bajo
32016 Calvos de Randín,No,No,Total,Española,Población con ingresos por unidad de consumo por debajo de 7.500 Euros,2015-01-01,0.0,32001,Bajo
32016 Calvos de Randín,No,No,Total,Española,Población con ingresos por unidad de consumo por debajo de 10.000 Euros,2015-01-01,0.0,32001,Bajo
32016 Calvos de Randín,No,No,Total,Extranjera,Población con ingresos por unidad de consumo por debajo de 5.000 Euros,2015-01-01,0.0,32001,Bajo
32016 Calvos de Randín,No,No,Total,Extranjera,Población con ingresos por unidad de consumo por debajo de 7.500 Euros,2015-01-01,0.0,32001,Bajo
32016 Calvos de Randín,No,No,Total,Extranjera,Población con ingresos por unidad de consumo por debajo de 10.000 Euros,2015-01-01,0.0,32001,Bajo
32016 Calvos de Randín,No,No,Hombres,Española,Población con ingresos por unidad de consumo por debajo de 5.000 Euros,2015-01-01,0.0,32001,Bajo
32016 Calvos de Randín,No,No,Hombres,Española,Población con ingresos por unidad de consumo por debajo de 7.500 Euros,2015-01-01,0.0,32001,Bajo
32016 Calvos de Randín,No,No,Hombres,Española,Población con ingresos por unidad de consumo por debajo de 10.000 Euros,2015-01-01,0.0,32001,Bajo
32016 Calvos de Randín,No,No,Hombres,Extranjera,Población con ingresos por unidad de consumo por debajo de 5.000 Euros,2015-01-01,0.0,32001,Bajo
32016 Calvos de Randín,No,No,Hombres,Extranjera,Población con ingresos por unidad de consumo por debajo de 7.500 Euros,2015-01-01,0.0,32001,Bajo
32016 Calvos de Randín,No,No,Hombres,Extranjera,Población con ingresos por unidad de consumo por debajo de 10.000 Euros,2015-01-01,0.0,32001,Bajo
32016 Calvos de Randín,No,No,Mujeres,Española,Población con ingresos por unidad de consumo por debajo de 5.000 Euros,2015-01-01,0.0,32001,Bajo
32016 Calvos de Randín,No,No,Mujeres,Española,Población con ingresos por unidad de consumo por debajo de 7.500 Euros,2015-01-01,0.0,32001,Bajo
32016 Calvos de Randín,No,No,Mujeres,Española,Población con ingresos por unidad de consumo por debajo de 10.000 Euros,2015-01-01,0.0,32001,Bajo
32016 Calvos de Randín,No,No,Mujeres,Extranjera,Población con ingresos por unidad de consumo por debajo de 5.000 Euros,2015-01-01,0.0,32001,Bajo
32016 Calvos de Randín,No,No,Mujeres,Extranjera,Población con ingresos por unidad de consumo por debajo de 7.500 Euros,2015-01-01,0.0,32001,Bajo
32016 Calvos de Randín,No,No,Mujeres,Extranjera,Población con ingresos por unidad de consumo por debajo de 10.000 Euros,2015-01-01,0.0,32001,Bajo
32016 Calvos de Randín,3201601 Calvos de Randín distrito 01,No,Total,Española,Población con ingresos por unidad de consumo por debajo de 5.000 Euros,2015-01-01,0.0,32001,Bajo
32016 Calvos de Randín,3201601 Calvos de Randín distrito 01,No,Total,Española,Población con ingresos por unidad de consumo por debajo de 7.500 Euros,2015-01-01,0.0,32001,Bajo
32016 Calvos de Randín,3201601 Calvos de Randín distrito 01,No,Total,Española,Población con ingresos por unidad de consumo por debajo de 10.000 Euros,2015-01-01,0.0,32001,Bajo
32016 Calvos de Randín,3201601 Calvos de Randín distrito 01,No,Total,Extranjera,Población con ingresos por unidad de consumo por debajo de 5.000 Euros,2015-01-01,0.0,32001,Bajo
32016 Calvos de Randín,3201601 Calvos de Randín distrito 01,No,Total,Extranjera,Población con ingresos por unidad de consumo por debajo de 7.500 Euros,2015-01-01,0.0,32001,Bajo
32016 Calvos de Randín,3201601 Calvos de Randín distrito 01,No,Total,Extranjera,Población con ingresos por unidad de consumo por debajo de 10.000 Euros,2015-01-01,0.0,32001,Bajo
32016 Calvos de Randín,3201601 Calvos de Randín distrito 01,No,Hombres,Española,Población con ingresos por unidad de consumo por debajo de 5.000 Euros,2015-01-01,0.0,32001,Bajo
32016 Calvos de Randín,3201601 Calvos de Randín distrito 01,No,Hombres,Española,Población con ingresos por unidad de consumo por debajo de 7.500 Euros,2015-01-01,0.0,32001,Bajo
32016 Calvos de Randín,3201601 Calvos de Randín distrito 01,No,Hombres,Española,Población con ingresos por unidad de consumo por debajo de 10.000 Euros,2015-01-01,0.0,32001,Bajo
32016 Calvos de Randín,3201601 Calvos de Randín distrito 01,No,Hombres,Extranjera,Población con ingresos por unidad de consumo por debajo de 5.000 Euros,2015-01-01,0.0,32001,Bajo
32016 Calvos de Randín,3201601 Calvos de Randín distrito 01,No,Hombres,Extranjera,Población con ingresos por unidad de consumo por debajo de 7.500 Euros,2015-01-01,0.0,32001,Bajo
32016 Calvos de Randín,3201601 Calvos de Randín distrito 01,No,Hombres,Extranjera,Población con ingresos por unidad de consumo por debajo de 10.000 Euros,2015-01-01,0.0,32001,Bajo
32016 Calvos de Randín,3201601 Calvos de Randín distrito 01,No,Mujeres,Española,Población con ingresos por unidad de consumo por debajo de 5.000 Euros,2015-01-01,0.0,32001,Bajo
32016 Calvos de Randín,3201601 Calvos de Randín distrito 01,No,Mujeres,Española,Población con ingresos por unidad de consumo por debajo de 7.500 Euros,2015-01-01,0.0,32001,Bajo
32016 Calvos de Randín,3201601 Calvos de Randín distrito 01,No,Mujeres,Española,Población con ingresos por unidad de consumo por debajo de 10.000 Euros,2015-01-01,0.0,32001,Bajo
32016 Calvos de Randín,3201601 Calvos de Randín distrito 01,No,Mujeres,Extranjera,Población con ingresos por unidad de consumo por debajo de 5.000 Euros,2015-01-01,0.0,32001,Bajo
32016 Calvos de Randín,3201601 Calvos de Randín distrito 01,No,Mujeres,Extranjera,Población con ingresos por unidad de consumo por debajo de 7.500 Euros,2015-01-01,0.0,32001,Bajo
32016 Calvos de Randín,3201601 Calvos de Randín distrito 01,No,Mujeres,Extranjera,Población con ingresos por unidad de consumo por debajo de 10.000 Euros,2015-01-01,0.0,32001,Bajo
32016 Calvos de Randín,3201601 Calvos de Randín distrito 01,3201601001 Calvos de Randín sección 01001,Total,Española,Población con ingresos por unidad de consumo por debajo de 5.000 Euros,2015-01-01,0.0,32001,Bajo
32016 Calvos de Randín,3201601 Calvos de Randín distrito 01,3201601001 Calvos de Randín sección 01001,Total,Española,Población con ingresos por unidad de consumo por debajo de 7.500 Euros,2015-01-01,0.0,32001,Bajo
32016 Calvos de Randín,3201601 Calvos de Randín distrito 01,3201601001 Calvos de Randín sección 01001,Total,Española,Población con ingresos por unidad de consumo por debajo de 10.000 Euros,2015-01-01,0.0,32001,Bajo
32016 Calvos de Randín,3201601 Calvos de Randín distrito 01,3201601001 Calvos de Randín sección 01001,Total,Extranjera,Población con ingresos por unidad de consumo por debajo de 5.000 Euros,2015-01-01,0.0,32001,Bajo
32016 Calvos de Randín,3201601 Calvos de Randín distrito 01,3201601001 Calvos de Randín sección 01001,Total,Extranjera,Población con ingresos por unidad de consumo por debajo de 7.500 Euros,2015-01-01,0.0,32001,Bajo
32016 Calvos de Randín,3201601 Calvos de Randín distrito 01,3201601001 Calvos de Randín sección 01001,Total,Extranjera,Población con ingresos por unidad de consumo por debajo de 10.000 Euros,2015-01-01,0.0,32001,Bajo
32016 Calvos de Randín,3201601 Calvos de Randín distrito 01,3201601001 Calvos de Randín sección 01001,Hombres,Española,Población con ingresos por unidad de consumo por debajo de 5.000 Euros,2015-01-01,0.0,32001,Bajo
32016 Calvos de Randín,3201601 Calvos de Randín distrito 01,3201601001 Calvos de Randín sección 01001,Hombres,Española,Población con ingresos por unidad de consumo por debajo de 7.500 Euros,2015-01-01,0.0,32001,Bajo
32016 Calvos de Randín,3201601 Calvos de Randín distrito 01,3201601001 Calvos de Randín sección 01001,Hombres,Española,Población con ingresos por unidad de consumo por debajo de 10.000 Euros,2015-01-01,0.0,32001,Bajo
32016 Calvos de Randín,3201601 Calvos de Randín distrito 01,3201601001 Calvos de Randín sección 01001,Hombres,Extranjera,Población con ingresos por unidad de consumo por debajo de 5.000 Euros,2015-01-01,0.0,32001,Bajo
32016 Calvos de Randín,3201601 Calvos de Randín distrito 01,3201601001 Calvos de Randín sección 01001,Hombres,Extranjera,Población con ingresos por unidad de consumo por debajo de 7.500 Euros,2015-01-01,0.0,32001,Bajo
32016 Calvos de Randín,3201601 Calvos de Randín distrito 01,3201601001 Calvos de Randín sección 01001,Hombres,Extranjera,Población con ingresos por unidad de consumo por debajo de 10.000 Euros,2015-01-01,0.0,32001,Bajo
32016 Calvos de Randín,3201601 Calvos de Randín distrito 01,3201601001 Calvos de Randín sección 01001,Mujeres,Española,Población con ingresos por unidad de consumo por debajo de 5.000 Euros,2015-01-01,0.0,32001,Bajo
32016 Calvos de Randín,3201601 Calvos de Randín distrito 01,3201601001 Calvos de Randín sección 01001,Mujeres,Española,Población con ingresos por unidad de consumo por debajo de 7.500 Euros,2015-01-01,0.0,32001,Bajo
32016 Calvos de Randín,3201601 Calvos de Randín distrito 01,3201601001 Calvos de Randín sección 01001,Mujeres,Española,Población con ingresos por unidad de consumo por debajo de 10.000 Euros,2015-01-01,0.0,32001,Bajo
32016 Calvos de Randín,3201601 Calvos de Randín distrito 01,3201601001 Calvos de Randín sección 01001,Mujeres,Extranjera,Población con ingresos por unidad de consumo por debajo de 5.000 Euros,2015-01-01,0.0,32001,Bajo
32016 Calvos de Randín,3201601 Calvos de Randín distrito 01,3201601001 Calvos de Randín sección 01001,Mujeres,Extranjera,Población con ingresos por unidad de consumo por debajo de 7.500 Euros,2015-01-01,0.0,32001,Bajo
32016 Calvos de Randín,3201601 Calvos de Randín distrito 01,3201601001 Calvos de Randín sección 01001,Mujeres,Extranjera,Población con ingresos por unidad de consumo por debajo de 10.000 Euros,2015-01-01,0.0,32001,Bajo
32017 Carballeda de Valdeorras,No,No,Total,Española,Población con ingresos por unidad de consumo por debajo de 5.000 Euros,2015-01-01,0.0,32001,Bajo
32017 Carballeda de Valdeorras,No,No,Total,Española,Población con ingresos por unidad de consumo por debajo de 7.500 Euros,2015-01-01,0.0,32001,Bajo
32017 Carballeda de Valdeorras,No,No,Total,Española,Población con ingresos por unidad de consumo por debajo de 10.000 Euros,2015-01-01,0.0,32001,Bajo
32017 Carballeda de Valdeorras,No,No,Total,Extranjera,Población con ingresos por unidad de consumo por debajo de 5.000 Euros,2015-01-01,0.0,32001,Bajo
32017 Carballeda de Valdeorras,No,No,Total,Extranjera,Población con ingresos por unidad de consumo por debajo de 7.500 Euros,2015-01-01,0.0,32001,Bajo
32017 Carballeda de Valdeorras,No,No,Total,Extranjera,Población con ingresos por unidad de consumo por debajo de 10.000 Euros,2015-01-01,0.0,32001,Bajo
32017 Carballeda de Valdeorras,No,No,Hombres,Española,Población con ingresos por unidad de consumo por debajo de 5.000 Euros,2015-01-01,0.0,32001,Bajo
32017 Carballeda de Valdeorras,No,No,Hombres,Española,Población con ingresos por unidad de consumo por debajo de 7.500 Euros,2015-01-01,0.0,32001,Bajo
32017 Carballeda de Valdeorras,No,No,Hombres,Española,Población con ingresos por unidad de consumo por debajo de 10.000 Euros,2015-01-01,0.0,32001,Bajo
32017 Carballeda de Valdeorras,No,No,Hombres,Extranjera,Población con ingresos por unidad de consumo por debajo de 5.000 Euros,2015-01-01,0.0,32001,Bajo
32017 Carballeda de Valdeorras,No,No,Hombres,Extranjera,Población con ingresos por unidad de consumo por debajo de 7.500 Euros,2015-01-01,0.0,32001,Bajo
32017 Carballeda de Valdeorras,No,No,Hombres,Extranjera,Población con ingresos por unidad de consumo por debajo de 10.000 Euros,2015-01-01,0.0,32001,Bajo
32017 Carballeda de Valdeorras,No,No,Mujeres,Española,Población con ingresos por unidad de consumo por debajo de 5.000 Euros,2015-01-01,0.0,32001,Bajo
32017 Carballeda de Valdeorras,No,No,Mujeres,Española,Población con ingresos por unidad de consumo por debajo de 7.500 Euros,2015-01-01,0.0,32001,Bajo
32017 Carballeda de Valdeorras,No,No,Mujeres,Española,Población con ingresos por unidad de consumo por debajo de 10.000 Euros,2015-01-01,0.0,32001,Bajo
32017 Carballeda de Valdeorras,No,No,Mujeres,Extranjera,Población con ingresos por unidad de consumo por debajo de 5.000 Euros,2015-01-01,0.0,32001,Bajo
32017 Carballeda de Valdeorras,No,No,Mujeres,Extranjera,Población con ingresos por unidad de consumo por debajo de 7.500 Euros,2015-01-01,0.0,32001,Bajo
32017 Carballeda de Valdeorras,No,No,Mujeres,Extranjera,Población con ingresos por unidad de consumo por debajo de 10.000 Euros,2015-01-01,0.0,32001,Bajo
32017 Carballeda de Valdeorras,3201701 Carballeda de Valdeorras distrito 01,No,Total,Española,Población con ingresos por unidad de consumo por debajo de 5.000 Euros,2015-01-01,0.0,32001,Bajo
32017 Carballeda de Valdeorras,3201701 Carballeda de Valdeorras distrito 01,No,Total,Española,Población con ingresos por unidad de consumo por debajo de 7.500 Euros,2015-01-01,0.0,32001,Bajo
32017 Carballeda de Valdeorras,3201701 Carballeda de Valdeorras distrito 01,No,Total,Española,Población con ingresos por unidad de consumo por debajo de 10.000 Euros,2015-01-01,0.0,32001,Bajo
32017 Carballeda de Valdeorras,3201701 Carballeda de Valdeorras distrito 01,No,Total,Extranjera,Población con ingresos por unidad de consumo por debajo de 5.000 Euros,2015-01-01,0.0,32001,Bajo
32017 Carballeda de Valdeorras,3201701 Carballeda de Valdeorras distrito 01,No,Total,Extranjera,Población con ingresos por unidad de consumo por debajo de 7.500 Euros,2015-01-01,0.0,32001,Bajo
32017 Carballeda de Valdeorras,3201701 Carballeda de Valdeorras distrito 01,No,Total,Extranjera,Población con ingresos por unidad de consumo por debajo de 10.000 Euros,2015-01-01,0.0,32001,Bajo
32017 Carballeda de Valdeorras,3201701 Carballeda de Valdeorras distrito 01,No,Hombres,Española,Población con ingresos por unidad de consumo por debajo de 5.000 Euros,2015-01-01,0.0,32001,Bajo
32017 Carballeda de Valdeorras,3201701 Carballeda de Valdeorras distrito 01,No,Hombres,Española,Población con ingresos por unidad de consumo por debajo de 7.500 Euros,2015-01-01,0.0,32001,Bajo
32017 Carballeda de Valdeorras,3201701 Carballeda de Valdeorras distrito 01,No,Hombres,Española,Población con ingresos por unidad de consumo por debajo de 10.000 Euros,2015-01-01,0.0,32001,Bajo
32017 Carballeda de Valdeorras,3201701 Carballeda de Valdeorras distrito 01,No,Hombres,Extranjera,Población con ingresos por unidad de consumo por debajo de 5.000 Euros,2015-01-01,0.0,32001,Bajo
32017 Carballeda de Valdeorras,3201701 Carballeda de Valdeorras distrito 01,No,Hombres,Extranjera,Población con ingresos por unidad de consumo por debajo de 7.500 Euros,2015-01-01,0.0,32001,Bajo
32017 Carballeda de Valdeorras,3201701 Carballeda de Valdeorras distrito 01,No,Hombres,Extranjera,Población con ingresos por unidad de consumo por debajo de 10.000 Euros,2015-01-01,0.0,32001,Bajo
32017 Carballeda de Valdeorras,3201701 Carballeda de Valdeorras distrito 01,No,Mujeres,Española,Población con ingresos por unidad de consumo por debajo de 5.000 Euros,2015-01-01,0.0,32001,Bajo
32017 Carballeda de Valdeorras,3201701 Carballeda de Valdeorras distrito 01,No,Mujeres,Española,Población con ingresos por unidad de consumo por debajo de 7.500 Euros,2015-01-01,0.0,32001,Bajo
32017 Carballeda de Valdeorras,3201701 Carballeda de Valdeorras distrito 01,No,Mujeres,Española,Población con ingresos por unidad de consumo por debajo de 10.000 Euros,2015-01-01,0.0,32001,Bajo
32017 Carballeda de Valdeorras,3201701 Carballeda de Valdeorras distrito 01,No,Mujeres,Extranjera,Población con ingresos por unidad de consumo por debajo de 5.000 Euros,2015-01-01,0.0,32001,Bajo
32017 Carballeda de Valdeorras,3201701 Carballeda de Valdeorras distrito 01,No,Mujeres,Extranjera,Población con ingresos por unidad de consumo por debajo de 7.500 Euros,2015-01-01,0.0,32001,Bajo
32017 Carballeda de Valdeorras,3201701 Carballeda de Valdeorras distrito 01,No,Mujeres,Extranjera,Población con ingresos por unidad de consumo por debajo de 10.000 Euros,2015-01-01,0.0,32001,Bajo
32017 Carballeda de Valdeorras,3201701 Carballeda de Valdeorras distrito 01,3201701001 Carballeda de Valdeorras sección 01001,Total,Española,Población con ingresos por unidad de consumo por debajo de 5.000 Euros,2015-01-01,0.0,32001,Bajo
32017 Carballeda de Valdeorras,3201701 Carballeda de Valdeorras distrito 01,3201701001 Carballeda de Valdeorras sección 01001,Total,Española,Población con ingresos por unidad de consumo por debajo de 7.500 Euros,2015-01-01,0.0,32001,Bajo
32017 Carballeda de Valdeorras,3201701 Carballeda de Valdeorras distrito 01,3201701001 Carballeda de Valdeorras sección 01001,Total,Española,Población con ingresos por unidad de consumo por debajo de 10.000 Euros,2015-01-01,0.0,32001,Bajo
32017 Carballeda de Valdeorras,3201701 Carballeda de Valdeorras distrito 01,3201701001 Carballeda de Valdeorras sección 01001,Total,Extranjera,Población con ingresos por unidad de consumo por debajo de 5.000 Euros,2015-01-01,0.0,32001,Bajo
32017 Carballeda de Valdeorras,3201701 Carballeda de Valdeorras distrito 01,3201701001 Carballeda de Valdeorras sección 01001,Total,Extranjera,Población con ingresos por unidad de consumo por debajo de 7.500 Euros,2015-01-01,0.0,32001,Bajo
32017 Carballeda de Valdeorras,3201701 Carballeda de Valdeorras distrito 01,3201701001 Carballeda de Valdeorras sección 01001,Total,Extranjera,Población con ingresos por unidad de consumo por debajo de 10.000 Euros,2015-01-01,0.0,32001,Bajo
32017 Carballeda de Valdeorras,3201701 Carballeda de Valdeorras distrito 01,3201701001 Carballeda de Valdeorras sección 01001,Hombres,Española,Población con ingresos por unidad de consumo por debajo de 5.000 Euros,2015-01-01,0.0,32001,Bajo
32017 Carballeda de Valdeorras,3201701 Carballeda de Valdeorras distrito 01,3201701001 Carballeda de Valdeorras sección 01001,Hombres,Española,Población con ingresos por unidad de consumo por debajo de 7.500 Euros,2015-01-01,0.0,32001,Bajo
32017 Carballeda de Valdeorras,3201701 Carballeda de Valdeorras distrito 01,3201701001 Carballeda de Valdeorras sección 01001,Hombres,Española,Población con ingresos por unidad de consumo por debajo de 10.000 Euros,2015-01-01,0.0,32001,Bajo
32017 Carballeda de Valdeorras,3201701 Carballeda de Valdeorras distrito 01,3201701001 Carballeda de Valdeorras sección 01001,Hombres,Extranjera,Población con ingresos por unidad de consumo por debajo de 5.000 Euros,2015-01-01,0.0,32001,Bajo
32017 Carballeda de Valdeorras,3201701 Carballeda de Valdeorras distrito 01,3201701001 Carballeda de Valdeorras sección 01001,Hombres,Extranjera,Población con ingresos por unidad de consumo por debajo de 7.500 Euros,2015-01-01,0.0,32001,Bajo
32017 Carballeda de Valdeorras,3201701 Carballeda de Valdeorras distrito 01,3201701001 Carballeda de Valdeorras sección 01001,Hombres,Extranjera,Población con ingresos por unidad de consumo por debajo de 10.000 Euros,2015-01-01,0.0,32001,Bajo
32017 Carballeda de Valdeorras,3201701 Carballeda de Valdeorras distrito 01,3201701001 Carballeda de Valdeorras sección 01001,Mujeres,Española,Población con ingresos por unidad de consumo por debajo de 5.000 Euros,2015-01-01,0.0,32001,Bajo
32017 Carballeda de Valdeorras,3201701 Carballeda de Valdeorras distrito 01,3201701001 Carballeda de Valdeorras sección 01001,Mujeres,Española,Población con ingresos por unidad de consumo por debajo de 7.500 Euros,2015-01-01,0.0,32001,Bajo
32017 Carballeda de Valdeorras,3201701 Carballeda de Valdeorras distrito 01,3201701001 Carballeda de Valdeorras sección 01001,Mujeres,Española,Población con ingresos por unidad de consumo por debajo de 10.000 Euros,2015-01-01,0.0,32001,Bajo
32017 Carballeda de Valdeorras,3201701 Carballeda de Valdeorras distrito 01,3201701001 Carballeda de Valdeorras sección 01001,Mujeres,Extranjera,Población con ingresos por unidad de consumo por debajo de 5.000 Euros,2015-01-01,0.0,32001,Bajo
32017 Carballeda de Valdeorras,3201701 Carballeda de Valdeorras distrito 01,3201701001 Carballeda de Valdeorras sección 01001,Mujeres,Extranjera,Población con ingresos por unidad de consumo por debajo de 7.500 Euros,2015-01-01,0.0,32001,Bajo
32017 Carballeda de Valdeorras,3201701 Carballeda de Valdeorras distrito 01,3201701001 Carballeda de Valdeorras sección 01001,Mujeres,Extranjera,Población con ingresos por unidad de consumo por debajo de 10.000 Euros,2015-01-01,0.0,32001,Bajo
32017 Carballeda de Valdeorras,3201702 Carballeda de Valdeorras distrito 02,No,Total,Española,Población con ingresos por unidad de consumo por debajo de 5.000 Euros,2015-01-01,0.0,32001,Bajo
32017 Carballeda de Valdeorras,3201702 Carballeda de Valdeorras distrito 02,No,Total,Española,Población con ingresos por unidad de consumo por debajo de 7.500 Euros,2015-01-01,0.0,32001,Bajo
32017 Carballeda de Valdeorras,3201702 Carballeda de Valdeorras distrito 02,No,Total,Española,Población con ingresos por unidad de consumo por debajo de 10.000 Euros,2015-01-01,0.0,32001,Bajo
32017 Carballeda de Valdeorras,3201702 Carballeda de Valdeorras distrito 02,No,Total,Extranjera,Población con ingresos por unidad de consumo por debajo de 5.000 Euros,2015-01-01,0.0,32001,Bajo
32017 Carballeda de Valdeorras,3201702 Carballeda de Valdeorras distrito 02,No,Total,Extranjera,Población con ingresos por unidad de consumo por debajo de 7.500 Euros,2015-01-01,0.0,32001,Bajo
32017 Carballeda de Valdeorras,3201702 Carballeda de Valdeorras distrito 02,No,Total,Extranjera,Población con ingresos por unidad de consumo por debajo de 10.000 Euros,2015-01-01,0.0,32001,Bajo
32017 Carballeda de Valdeorras,3201702 Carballeda de Valdeorras distrito 02,No,Hombres,Española,Población con ingresos por unidad de consumo por debajo de 5.000 Euros,2015-01-01,0.0,32001,Bajo
32017 Carballeda de Valdeorras,3201702 Carballeda de Valdeorras distrito 02,No,Hombres,Española,Población con ingresos por unidad de consumo por debajo de 7.500 Euros,2015-01-01,0.0,32001,Bajo
32017 Carballeda de Valdeorras,3201702 Carballeda de Valdeorras distrito 02,No,Hombres,Española,Población con ingresos por unidad de consumo por debajo de 10.000 Euros,2015-01-01,0.0,32001,Bajo
32017 Carballeda de Valdeorras,3201702 Carballeda de Valdeorras distrito 02,No,Hombres,Extranjera,Población con ingresos por unidad de consumo por debajo de 5.000 Euros,2015-01-01,0.0,32001,Bajo
32017 Carballeda de Valdeorras,3201702 Carballeda de Valdeorras distrito 02,No,Hombres,Extranjera,Población con ingresos por unidad de consumo por debajo de 7.500 Euros,2015-01-01,0.0,32001,Bajo
32017 Carballeda de Valdeorras,3201702 Carballeda de Valdeorras distrito 02,No,Hombres,Extranjera,Población con ingresos por unidad de consumo por debajo de 10.000 Euros,2015-01-01,0.0,32001,Bajo
32017 Carballeda de Valdeorras,3201702 Carballeda de Valdeorras distrito 02,No,Mujeres,Española,Población con ingresos por unidad de consumo por debajo de 5.000 Euros,2015-01-01,0.0,32001,Bajo
32017 Carballeda de Valdeorras,3201702 Carballeda de Valdeorras distrito 02,No,Mujeres,Española,Población con ingresos por unidad de consumo por debajo de 7.500 Euros,2015-01-01,0.0,32001,Bajo
32017 Carballeda de Valdeorras,3201702 Carballeda de Valdeorras distrito 02,No,Mujeres,Española,Población con ingresos por unidad de consumo por debajo de 10.000 Euros,2015-01-01,0.0,32001,Bajo
32017 Carballeda de Valdeorras,3201702 Carballeda de Valdeorras distrito 02,No,Mujeres,Extranjera,Población con ingresos por unidad de consumo por debajo de 5.000 Euros,2015-01-01,0.0,32001,Bajo
32017 Carballeda de Valdeorras,3201702 Carballeda de Valdeorras distrito 02,No,Mujeres,Extranjera,Población con ingresos por unidad de consumo por debajo de 7.500 Euros,2015-01-01,0.0,32001,Bajo
32017 Carballeda de Valdeorras,3201702 Carballeda de Valdeorras distrito 02,No,Mujeres,Extranjera,Población con ingresos por unidad de consumo por debajo de 10.000 Euros,2015-01-01,0.0,32001,Bajo
32017 Carballeda de Valdeorras,3201702 Carballeda de Valdeorras distrito 02,3201702001 Carballeda de Valdeorras sección 02001,Total,Española,Población con ingresos por unidad de consumo por debajo de 5.000 Euros,2015-01-01,0.0,32001,Bajo
32017 Carballeda de Valdeorras,3201702 Carballeda de Valdeorras distrito 02,3201702001 Carballeda de Valdeorras sección 02001,Total,Española,Población con ingresos por unidad de consumo por debajo de 7.500 Euros,2015-01-01,0.0,32001,Bajo
32017 Carballeda de Valdeorras,3201702 Carballeda de Valdeorras distrito 02,3201702001 Carballeda de Valdeorras sección 02001,Total,Española,Población con ingresos por unidad de consumo por debajo de 10.000 Euros,2015-01-01,0.0,32001,Bajo
32017 Carballeda de Valdeorras,3201702 Carballeda de Valdeorras distrito 02,3201702001 Carballeda de Valdeorras sección 02001,Total,Extranjera,Población con ingresos por unidad de consumo por debajo de 5.000 Euros,2015-01-01,0.0,32001,Bajo
32017 Carballeda de Valdeorras,3201702 Carballeda de Valdeorras distrito 02,3201702001 Carballeda de Valdeorras sección 02001,Total,Extranjera,Población con ingresos por unidad de consumo por debajo de 7.500 Euros,2015-01-01,0.0,32001,Bajo
32017 Carballeda de Valdeorras,3201702 Carballeda de Valdeorras distrito 02,3201702001 Carballeda de Valdeorras sección 02001,Total,Extranjera,Población con ingresos por unidad de consumo por debajo de 10.000 Euros,2015-01-01,0.0,32001,Bajo
32017 Carballeda de Valdeorras,3201702 Carballeda de Valdeorras distrito 02,3201702001 Carballeda de Valdeorras sección 02001,Hombres,Española,Población con ingresos por unidad de consumo por debajo de 5.000 Euros,2015-01-01,0.0,32001,Bajo
32017 Carballeda de Valdeorras,3201702 Carballeda de Valdeorras distrito 02,3201702001 Carballeda de Valdeorras sección 02001,Hombres,Española,Población con ingresos por unidad de consumo por debajo de 7.500 Euros,2015-01-01,0.0,32001,Bajo
32017 Carballeda de Valdeorras,3201702 Carballeda de Valdeorras distrito 02,3201702001 Carballeda de Valdeorras sección 02001,Hombres,Española,Población con ingresos por unidad de consumo por debajo de 10.000 Euros,2015-01-01,0.0,32001,Bajo
32017 Carballeda de Valdeorras,3201702 Carballeda de Valdeorras distrito 02,3201702001 Carballeda de Valdeorras sección 02001,Hombres,Extranjera,Población con ingresos por unidad de consumo por debajo de 5.000 Euros,2015-01-01,0.0,32001,Bajo
32017 Carballeda de Valdeorras,3201702 Carballeda de Valdeorras distrito 02,3201702001 Carballeda de Valdeorras sección 02001,Hombres,Extranjera,Población con ingresos por unidad de consumo por debajo de 7.500 Euros,2015-01-01,0.0,32001,Bajo
32017 Carballeda de Valdeorras,3201702 Carballeda de Valdeorras distrito 02,3201702001 Carballeda de Valdeorras sección 02001,Hombres,Extranjera,Población con ingresos por unidad de consumo por debajo de 10.000 Euros,2015-01-01,0.0,32001,Bajo
32017 Carballeda de Valdeorras,3201702 Carballeda de Valdeorras distrito 02,3201702001 Carballeda de Valdeorras sección 02001,Mujeres,Española,Población con ingresos por unidad de consumo por debajo de 5.000 Euros,2015-01-01,0.0,32001,Bajo
32017 Carballeda de Valdeorras,3201702 Carballeda de Valdeorras distrito 02,3201702001 Carballeda de Valdeorras sección 02001,Mujeres,Española,Población con ingresos por unidad de consumo por debajo de 7.500 Euros,2015-01-01,0.0,32001,Bajo
32017 Carballeda de Valdeorras,3201702 Carballeda de Valdeorras distrito 02,3201702001 Carballeda de Valdeorras sección 02001,Mujeres,Española,Población con ingresos por unidad de consumo por debajo de 10.000 Euros,2015-01-01,0.0,32001,Bajo
32017 Carballeda de Valdeorras,3201702 Carballeda de Valdeorras distrito 02,3201702001 Carballeda de Valdeorras sección 02001,Mujeres,Extranjera,Población con ingresos por unidad de consumo por debajo de 5.000 Euros,2015-01-01,0.0,32001,Bajo
32017 Carballeda de Valdeorras,3201702 Carballeda de Valdeorras distrito 02,3201702001 Carballeda de Valdeorras sección 02001,Mujeres,Extranjera,Población con ingresos por unidad de consumo por debajo de 7.500 Euros,2015-01-01,0.0,32001,Bajo
32017 Carballeda de Valdeorras,3201702 Carballeda de Valdeorras distrito 02,3201702001 Carballeda de Valdeorras sección 02001,Mujeres,Extranjera,Población con ingresos por unidad de consumo por debajo de 10.000 Euros,2015-01-01,0.0,32001,Bajo
32018 Carballeda de Avia,No,No,Total,Española,Población con ingresos por unidad de consumo por debajo de 5.000 Euros,2015-01-01,0.0,32001,Bajo
32018 Carballeda de Avia,No,No,Total,Española,Población con ingresos por unidad de consumo por debajo de 7.500 Euros,2015-01-01,0.0,32001,Bajo
32018 Carballeda de Avia,No,No,Total,Española,Población con ingresos por unidad de consumo por debajo de 10.000 Euros,2015-01-01,0.0,32001,Bajo
32018 Carballeda de Avia,No,No,Total,Extranjera,Población con ingresos por unidad de consumo por debajo de 5.000 Euros,2015-01-01,0.0,32001,Bajo
32018 Carballeda de Avia,No,No,Total,Extranjera,Población con ingresos por unidad de consumo por debajo de 7.500 Euros,2015-01-01,0.0,32001,Bajo
32018 Carballeda de Avia,No,No,Total,Extranjera,Población con ingresos por unidad de consumo por debajo de 10.000 Euros,2015-01-01,0.0,32001,Bajo
32018 Carballeda de Avia,No,No,Hombres,Española,Población con ingresos por unidad de consumo por debajo de 5.000 Euros,2015-01-01,0.0,32001,Bajo
32018 Carballeda de Avia,No,No,Hombres,Española,Población con ingresos por unidad de consumo por debajo de 7.500 Euros,2015-01-01,0.0,32001,Bajo
32018 Carballeda de Avia,No,No,Hombres,Española,Población con ingresos por unidad de consumo por debajo de 10.000 Euros,2015-01-01,0.0,32001,Bajo
32018 Carballeda de Avia,No,No,Hombres,Extranjera,Población con ingresos por unidad de consumo por debajo de 5.000 Euros,2015-01-01,0.0,32001,Bajo
32018 Carballeda de Avia,No,No,Hombres,Extranjera,Población con ingresos por unidad de consumo por debajo de 7.500 Euros,2015-01-01,0.0,32001,Bajo
32018 Carballeda de Avia,No,No,Hombres,Extranjera,Población con ingresos por unidad de consumo por debajo de 10.000 Euros,2015-01-01,0.0,32001,Bajo
32018 Carballeda de Avia,No,No,Mujeres,Española,Población con ingresos por unidad de consumo por debajo de 5.000 Euros,2015-01-01,0.0,32001,Bajo
32018 Carballeda de Avia,No,No,Mujeres,Española,Población con ingresos por unidad de consumo por debajo de 7.500 Euros,2015-01-01,0.0,32001,Bajo
32018 Carballeda de Avia,No,No,Mujeres,Española,Población con ingresos por unidad de consumo por debajo de 10.000 Euros,2015-01-01,0.0,32001,Bajo
32018 Carballeda de Avia,No,No,Mujeres,Extranjera,Población con ingresos por unidad de consumo por debajo de 5.000 Euros,2015-01-01,0.0,32001,Bajo
32018 Carballeda de Avia,No,No,Mujeres,Extranjera,Población con ingresos por unidad de consumo por debajo de 7.500 Euros,2015-01-01,0.0,32001,Bajo
32018 Carballeda de Avia,No,No,Mujeres,Extranjera,Población con ingresos por unidad de consumo por debajo de 10.000 Euros,2015-01-01,0.0,32001,Bajo
32018 Carballeda de Avia,3201801 Carballeda de Avia distrito 01,No,Total,Española,Población con ingresos por unidad de consumo por debajo de 5.000 Euros,2015-01-01,0.0,32001,Bajo
32018 Carballeda de Avia,3201801 Carballeda de Avia distrito 01,No,Total,Española,Población con ingresos por unidad de consumo por debajo de 7.500 Euros,2015-01-01,0.0,32001,Bajo
32018 Carballeda de Avia,3201801 Carballeda de Avia distrito 01,No,Total,Española,Población con ingresos por unidad de consumo por debajo de 10.000 Euros,2015-01-01,0.0,32001,Bajo
32018 Carballeda de Avia,3201801 Carballeda de Avia distrito 01,No,Total,Extranjera,Población con ingresos por unidad de consumo por debajo de 5.000 Euros,2015-01-01,0.0,32001,Bajo
32018 Carballeda de Avia,3201801 Carballeda de Avia distrito 01,No,Total,Extranjera,Población con ingresos por unidad de consumo por debajo de 7.500 Euros,2015-01-01,0.0,32001,Bajo
32018 Carballeda de Avia,3201801 Carballeda de Avia distrito 01,No,Total,Extranjera,Población con ingresos por unidad de consumo por debajo de 10.000 Euros,2015-01-01,0.0,32001,Bajo
32018 Carballeda de Avia,3201801 Carballeda de Avia distrito 01,No,Hombres,Española,Población con ingresos por unidad de consumo por debajo de 5.000 Euros,2015-01-01,0.0,32001,Bajo
32018 Carballeda de Avia,3201801 Carballeda de Avia distrito 01,No,Hombres,Española,Población con ingresos por unidad de consumo por debajo de 7.500 Euros,2015-01-01,0.0,32001,Bajo
32018 Carballeda de Avia,3201801 Carballeda de Avia distrito 01,No,Hombres,Española,Población con ingresos por unidad de consumo por debajo de 10.000 Euros,2015-01-01,0.0,32001,Bajo
32018 Carballeda de Avia,3201801 Carballeda de Avia distrito 01,No,Hombres,Extranjera,Población con ingresos por unidad de consumo por debajo de 5.000 Euros,2015-01-01,0.0,32001,Bajo
32018 Carballeda de Avia,3201801 Carballeda de Avia distrito 01,No,Hombres,Extranjera,Población con ingresos por unidad de consumo por debajo de 7.500 Euros,2015-01-01,0.0,32001,Bajo
32018 Carballeda de Avia,3201801 Carballeda de Avia distrito 01,No,Hombres,Extranjera,Población con ingresos por unidad de consumo por debajo de 10.000 Euros,2015-01-01,0.0,32001,Bajo
32018 Carballeda de Avia,3201801 Carballeda de Avia distrito 01,No,Mujeres,Española,Población con ingresos por unidad de consumo por debajo de 5.000 Euros,2015-01-01,0.0,32001,Bajo
32018 Carballeda de Avia,3201801 Carballeda de Avia distrito 01,No,Mujeres,Española,Población con ingresos por unidad de consumo por debajo de 7.500 Euros,2015-01-01,0.0,32001,Bajo
32018 Carballeda de Avia,3201801 Carballeda de Avia distrito 01,No,Mujeres,Española,Población con ingresos por unidad de consumo por debajo de 10.000 Euros,2015-01-01,0.0,32001,Bajo
32018 Carballeda de Avia,3201801 Carballeda de Avia distrito 01,No,Mujeres,Extranjera,Población con ingresos por unidad de consumo por debajo de 5.000 Euros,2015-01-01,0.0,32001,Bajo
32018 Carballeda de Avia,3201801 Carballeda de Avia distrito 01,No,Mujeres,Extranjera,Población con ingresos por unidad de consumo por debajo de 7.500 Euros,2015-01-01,0.0,32001,Bajo
32018 Carballeda de Avia,3201801 Carballeda de Avia distrito 01,No,Mujeres,Extranjera,Población con ingresos por unidad de consumo por debajo de 10.000 Euros,2015-01-01,0.0,32001,Bajo
32018 Carballeda de Avia,3201801 Carballeda de Avia distrito 01,3201801001 Carballeda de Avia sección 01001,Total,Española,Población con ingresos por unidad de consumo por debajo de 5.000 Euros,2015-01-01,0.0,32001,Bajo
32018 Carballeda de Avia,3201801 Carballeda de Avia distrito 01,3201801001 Carballeda de Avia sección 01001,Total,Española,Población con ingresos por unidad de consumo por debajo de 7.500 Euros,2015-01-01,0.0,32001,Bajo
32018 Carballeda de Avia,3201801 Carballeda de Avia distrito 01,3201801001 Carballeda de Avia sección 01001,Total,Española,Población con ingresos por unidad de consumo por debajo de 10.000 Euros,2015-01-01,0.0,32001,Bajo
32018 Carballeda de Avia,3201801 Carballeda de Avia distrito 01,3201801001 Carballeda de Avia sección 01001,Total,Extranjera,Población con ingresos por unidad de consumo por debajo de 5.000 Euros,2015-01-01,0.0,32001,Bajo
32018 Carballeda de Avia,3201801 Carballeda de Avia distrito 01,3201801001 Carballeda de Avia sección 01001,Total,Extranjera,Población con ingresos por unidad de consumo por debajo de 7.500 Euros,2015-01-01,0.0,32001,Bajo
32018 Carballeda de Avia,3201801 Carballeda de Avia distrito 01,3201801001 Carballeda de Avia sección 01001,Total,Extranjera,Población con ingresos por unidad de consumo por debajo de 10.000 Euros,2015-01-01,0.0,32001,Bajo
32018 Carballeda de Avia,3201801 Carballeda de Avia distrito 01,3201801001 Carballeda de Avia sección 01001,Hombres,Española,Población con ingresos por unidad de consumo por debajo de 5.000 Euros,2015-01-01,0.0,32001,Bajo
32018 Carballeda de Avia,3201801 Carballeda de Avia distrito 01,3201801001 Carballeda de Avia sección 01001,Hombres,Española,Población con ingresos por unidad de consumo por debajo de 7.500 Euros,2015-01-01,0.0,32001,Bajo
32018 Carballeda de Avia,3201801 Carballeda de Avia distrito 01,3201801001 Carballeda de Avia sección 01001,Hombres,Española,Población con ingresos por unidad de consumo por debajo de 10.000 Euros,2015-01-01,0.0,32001,Bajo
32018 Carballeda de Avia,3201801 Carballeda de Avia distrito 01,3201801001 Carballeda de Avia sección 01001,Hombres,Extranjera,Población con ingresos por unidad de consumo por debajo de 5.000 Euros,2015-01-01,0.0,32001,Bajo
32018 Carballeda de Avia,3201801 Carballeda de Avia distrito 01,3201801001 Carballeda de Avia sección 01001,Hombres,Extranjera,Población con ingresos por unidad de consumo por debajo de 7.500 Euros,2015-01-01,0.0,32001,Bajo
32018 Carballeda de Avia,3201801 Carballeda de Avia distrito 01,3201801001 Carballeda de Avia sección 01001,Hombres,Extranjera,Población con ingresos por unidad de consumo por debajo de 10.000 Euros,2015-01-01,0.0,32001,Bajo
32018 Carballeda de Avia,3201801 Carballeda de Avia distrito 01,3201801001 Carballeda de Avia sección 01001,Mujeres,Española,Población con ingresos por unidad de consumo por debajo de 5.000 Euros,2015-01-01,0.0,32001,Bajo
32018 Carballeda de Avia,3201801 Carballeda de Avia distrito 01,3201801001 Carballeda de Avia sección 01001,Mujeres,Española,Población con ingresos por unidad de consumo por debajo de 7.500 Euros,2015-01-01,0.0,32001,Bajo
32018 Carballeda de Avia,3201801 Carballeda de Avia distrito 01,3201801001 Carballeda de Avia sección 01001,Mujeres,Española,Población con ingresos por unidad de consumo por debajo de 10.000 Euros,2015-01-01,0.0,32001,Bajo
32018 Carballeda de Avia,3201801 Carballeda de Avia distrito 01,3201801001 Carballeda de Avia sección 01001,Mujeres,Extranjera,Población con ingresos por unidad de consumo por debajo de 5.000 Euros,2015-01-01,0.0,32001,Bajo
32018 Carballeda de Avia,3201801 Carballeda de Avia distrito 01,3201801001 Carballeda de Avia sección 01001,Mujeres,Extranjera,Población con ingresos por unidad de consumo por debajo de 7.500 Euros,2015-01-01,0.0,32001,Bajo
32018 Carballeda de Avia,3201801 Carballeda de Avia distrito 01,3201801001 Carballeda de Avia sección 01001,Mujeres,Extranjera,Población con ingresos por unidad de consumo por debajo de 10.000 Euros,2015-01-01,0.0,32001,Bajo
"32019 Carballiño, O",No,No,Total,Española,Población con ingresos por unidad de consumo por debajo de 5.000 Euros,2015-01-01,11.9,32001,Bajo
"32019 Carballiño, O",No,No,Total,Española,Población con ingresos por unidad de consumo por debajo de 7.500 Euros,2015-01-01,24.2,32001,Bajo
"32019 Carballiño, O",No,No,Total,Española,Población con ingresos por unidad de consumo por debajo de 10.000 Euros,2015-01-01,39.0,32001,Medio
"32019 Carballiño, O",No,No,Total,Extranjera,Población con ingresos por unidad de consumo por debajo de 5.000 Euros,2015-01-01,30.4,32001,Bajo
"32019 Carballiño, O",No,No,Total,Extranjera,Población con ingresos por unidad de consumo por debajo de 7.500 Euros,2015-01-01,48.5,32001,Medio
"32019 Carballiño, O",No,No,Total,Extranjera,Población con ingresos por unidad de consumo por debajo de 10.000 Euros,2015-01-01,68.3,32001,Alto
"32019 Carballiño, O",No,No,Hombres,Española,Población con ingresos por unidad de consumo por debajo de 5.000 Euros,2015-01-01,12.0,32001,Bajo
"32019 Carballiño, O",No,No,Hombres,Española,Población con ingresos por unidad de consumo por debajo de 7.500 Euros,2015-01-01,24.0,32001,Bajo
"32019 Carballiño, O",No,No,Hombres,Española,Población con ingresos por unidad de consumo por debajo de 10.000 Euros,2015-01-01,37.5,32001,Medio
"32019 Carballiño, O",No,No,Hombres,Extranjera,Población con ingresos por unidad de consumo por debajo de 5.000 Euros,2015-01-01,28.5,32001,Bajo
"32019 Carballiño, O",No,No,Hombres,Extranjera,Población con ingresos por unidad de consumo por debajo de 7.500 Euros,2015-01-01,45.0,32001,Medio
"32019 Carballiño, O",No,No,Hombres,Extranjera,Población con ingresos por unidad de consumo por debajo de 10.000 Euros,2015-01-01,65.2,32001,Medio
"32019 Carballiño, O",No,No,Mujeres,Española,Población con ingresos por unidad de consumo por debajo de 5.000 Euros,2015-01-01,11.9,32001,Bajo
"32019 Carballiño, O",No,No,Mujeres,Española,Población con ingresos por unidad de consumo por debajo de 7.500 Euros,2015-01-01,24.4,32001,Bajo
"32019 Carballiño, O",No,No,Mujeres,Española,Población con ingresos por unidad de consumo por debajo de 10.000 Euros,2015-01-01,40.4,32001,Medio
"32019 Carballiño, O",No,No,Mujeres,Extranjera,Población con ingresos por unidad de consumo por debajo de 5.000 Euros,2015-01-01,32.0,32001,Bajo
"32019 Carballiño, O",No,No,Mujeres,Extranjera,Población con ingresos por unidad de consumo por debajo de 7.500 Euros,2015-01-01,51.5,32001,Medio
"32019 Carballiño, O",No,No,Mujeres,Extranjera,Población con ingresos por unidad de consumo por debajo de 10.000 Euros,2015-01-01,71.0,32001,Alto
"32019 Carballiño, O","3201901 Carballiño, O distrito 01",No,Total,Española,Población con ingresos por unidad de consumo por debajo de 5.000 Euros,2015-01-01,12.5,32001,Bajo
"32019 Carballiño, O","3201901 Carballiño, O distrito 01",No,Total,Española,Población con ingresos por unidad de consumo por debajo de 7.500 Euros,2015-01-01,24.4,32001,Bajo
"32019 Carballiño, O","3201901 Carballiño, O distrito 01",No,Total,Española,Población con ingresos por unidad de consumo por debajo de 10.000 Euros,2015-01-01,38.4,32001,Medio
"32019 Carballiño, O","3201901 Carballiño, O distrito 01",No,Total,Extranjera,Población con ingresos por unidad de consumo por debajo de 5.000 Euros,2015-01-01,31.0,32001,Bajo
"32019 Carballiño, O","3201901 Carballiño, O distrito 01",No,Total,Extranjera,Población con ingresos por unidad de consumo por debajo de 7.500 Euros,2015-01-01,48.5,32001,Medio
"32019 Carballiño, O","3201901 Carballiño, O distrito 01",No,Total,Extranjera,Población con ingresos por unidad de consumo por debajo de 10.000 Euros,2015-01-01,68.2,32001,Alto
"32019 Carballiño, O","3201901 Carballiño, O distrito 01",No,Hombres,Española,Población con ingresos por unidad de consumo por debajo de 5.000 Euros,2015-01-01,12.4,32001,Bajo
"32019 Carballiño, O","3201901 Carballiño, O distrito 01",No,Hombres,Española,Población con ingresos por unidad de consumo por debajo de 7.500 Euros,2015-01-01,23.9,32001,Bajo
"32019 Carballiño, O","3201901 Carballiño, O distrito 01",No,Hombres,Española,Población con ingresos por unidad de consumo por debajo de 10.000 Euros,2015-01-01,36.8,32001,Medio
"32019 Carballiño, O","3201901 Carballiño, O distrito 01",No,Hombres,Extranjera,Población con ingresos por unidad de consumo por debajo de 5.000 Euros,2015-01-01,28.6,32001,Bajo
"32019 Carballiño, O","3201901 Carballiño, O distrito 01",No,Hombres,Extranjera,Población con ingresos por unidad de consumo por debajo de 7.500 Euros,2015-01-01,45.1,32001,Medio
"32019 Carballiño, O","3201901 Carballiño, O distrito 01",No,Hombres,Extranjera,Población con ingresos por unidad de consumo por debajo de 10.000 Euros,2015-01-01,65.7,32001,Medio
"32019 Carballiño, O","3201901 Carballiño, O distrito 01",No,Mujeres,Española,Población con ingresos por unidad de consumo por debajo de 5.000 Euros,2015-01-01,12.5,32001,Bajo
"32019 Carballiño, O","3201901 Carballiño, O distrito 01",No,Mujeres,Española,Población con ingresos por unidad de consumo por debajo de 7.500 Euros,2015-01-01,24.7,32001,Bajo
"32019 Carballiño, O","3201901 Carballiño, O distrito 01",No,Mujeres,Española,Población con ingresos por unidad de consumo por debajo de 10.000 Euros,2015-01-01,39.8,32001,Medio
"32019 Carballiño, O","3201901 Carballiño, O distrito 01",No,Mujeres,Extranjera,Población con ingresos por unidad de consumo por debajo de 5.000 Euros,2015-01-01,33.2,32001,Bajo
"32019 Carballiño, O","3201901 Carballiño, O distrito 01",No,Mujeres,Extranjera,Población con ingresos por unidad de consumo por debajo de 7.500 Euros,2015-01-01,51.5,32001,Medio
"32019 Carballiño, O","3201901 Carballiño, O distrito 01",No,Mujeres,Extranjera,Población con ingresos por unidad de consumo por debajo de 10.000 Euros,2015-01-01,70.4,32001,Alto
"32019 Carballiño, O","3201901 Carballiño, O distrito 01","3201901001 Carballiño, O sección 01001",Total,Española,Población con ingresos por unidad de consumo por debajo de 5.000 Euros,2015-01-01,0.0,32001,Bajo
"32019 Carballiño, O","3201901 Carballiño, O distrito 01","3201901001 Carballiño, O sección 01001",Total,Española,Población con ingresos por unidad de consumo por debajo de 7.500 Euros,2015-01-01,0.0,32001,Bajo
"32019 Carballiño, O","3201901 Carballiño, O distrito 01","3201901001 Carballiño, O sección 01001",Total,Española,Población con ingresos por unidad de consumo por debajo de 10.000 Euros,2015-01-01,0.0,32001,Bajo
"32019 Carballiño, O","3201901 Carballiño, O distrito 01","3201901001 Carballiño, O sección 01001",Total,Extranjera,Población con ingresos por unidad de consumo por debajo de 5.000 Euros,2015-01-01,0.0,32001,Bajo
"32019 Carballiño, O","3201901 Carballiño, O distrito 01","3201901001 Carballiño, O sección 01001",Total,Extranjera,Población con ingresos por unidad de consumo por debajo de 7.500 Euros,2015-01-01,0.0,32001,Bajo
"32019 Carballiño, O","3201901 Carballiño, O distrito 01","3201901001 Carballiño, O sección 01001",Total,Extranjera,Población con ingresos por unidad de consumo por debajo de 10.000 Euros,2015-01-01,0.0,32001,Bajo
"32019 Carballiño, O","3201901 Carballiño, O distrito 01","3201901001 Carballiño, O sección 01001",Hombres,Española,Población con ingresos por unidad de consumo por debajo de 5.000 Euros,2015-01-01,0.0,32001,Bajo
"32019 Carballiño, O","3201901 Carballiño, O distrito 01","3201901001 Carballiño, O sección 01001",Hombres,Española,Población con ingresos por unidad de consumo por debajo de 7.500 Euros,2015-01-01,0.0,32001,Bajo
"32019 Carballiño, O","3201901 Carballiño, O distrito 01","3201901001 Carballiño, O sección 01001",Hombres,Española,Población con ingresos por unidad de consumo por debajo de 10.000 Euros,2015-01-01,0.0,32001,Bajo
"32019 Carballiño, O","3201901 Carballiño, O distrito 01","3201901001 Carballiño, O sección 01001",Hombres,Extranjera,Población con ingresos por unidad de consumo por debajo de 5.000 Euros,2015-01-01,0.0,32001,Bajo
"32019 Carballiño, O","3201901 Carballiño, O distrito 01","3201901001 Carballiño, O sección 01001",Hombres,Extranjera,Población con ingresos por unidad de consumo por debajo de 7.500 Euros,2015-01-01,0.0,32001,Bajo
"32019 Carballiño, O","3201901 Carballiño, O distrito 01","3201901001 Carballiño, O sección 01001",Hombres,Extranjera,Población con ingresos por unidad de consumo por debajo de 10.000 Euros,2015-01-01,0.0,32001,Bajo
"32019 Carballiño, O","3201901 Carballiño, O distrito 01","3201901001 Carballiño, O sección 01001",Mujeres,Española,Población con ingresos por unidad de consumo por debajo de 5.000 Euros,2015-01-01,0.0,32001,Bajo
"32019 Carballiño, O","3201901 Carballiño, O distrito 01","3201901001 Carballiño, O sección 01001",Mujeres,Española,Población con ingresos por unidad de consumo por debajo de 7.500 Euros,2015-01-01,0.0,32001,Bajo
"32019 Carballiño, O","3201901 Carballiño, O distrito 01","3201901001 Carballiño, O sección 01001",Mujeres,Española,Población con ingresos por unidad de consumo por debajo de 10.000 Euros,2015-01-01,0.0,32001,Bajo
"32019 Carballiño, O","3201901 Carballiño, O distrito 01","3201901001 Carballiño, O sección 01001",Mujeres,Extranjera,Población con ingresos por unidad de consumo por debajo de 5.000 Euros,2015-01-01,0.0,32001,Bajo
"32019 Carballiño, O","3201901 Carballiño, O distrito 01","3201901001 Carballiño, O sección 01001",Mujeres,Extranjera,Población con ingresos por unidad de consumo por debajo de 7.500 Euros,2015-01-01,0.0,32001,Bajo
"32019 Carballiño, O","3201901 Carballiño, O distrito 01","3201901001 Carballiño, O sección 01001",Mujeres,Extranjera,Población con ingresos por unidad de consumo por debajo de 10.000 Euros,2015-01-01,0.0,32001,Bajo
"32019 Carballiño, O","3201901 Carballiño, O distrito 01","3201901002 Carballiño, O sección 01002",Total,Española,Población con ingresos por unidad de consumo por debajo de 5.000 Euros,2015-01-01,0.0,32001,Bajo
"32019 Carballiño, O","3201901 Carballiño, O distrito 01","3201901002 Carballiño, O sección 01002",Total,Española,Población con ingresos por unidad de consumo por debajo de 7.500 Euros,2015-01-01,0.0,32001,Bajo
"32019 Carballiño, O","3201901 Carballiño, O distrito 01","3201901002 Carballiño, O sección 01002",Total,Española,Población con ingresos por unidad de consumo por debajo de 10.000 Euros,2015-01-01,0.0,32001,Bajo
"32019 Carballiño, O","3201901 Carballiño, O distrito 01","3201901002 Carballiño, O sección 01002",Total,Extranjera,Población con ingresos por unidad de consumo por debajo de 5.000 Euros,2015-01-01,0.0,32001,Bajo
"32019 Carballiño, O","3201901 Carballiño, O distrito 01","3201901002 Carballiño, O sección 01002",Total,Extranjera,Población con ingresos por unidad de consumo por debajo de 7.500 Euros,2015-01-01,0.0,32001,Bajo
"32019 Carballiño, O","3201901 Carballiño, O distrito 01","3201901002 Carballiño, O sección 01002",Total,Extranjera,Población con ingresos por unidad de consumo por debajo de 10.000 Euros,2015-01-01,0.0,32001,Bajo
"32019 Carballiño, O","3201901 Carballiño, O distrito 01","3201901002 Carballiño, O sección 01002",Hombres,Española,Población con ingresos por unidad de consumo por debajo de 5.000 Euros,2015-01-01,0.0,32001,Bajo
"32019 Carballiño, O","3201901 Carballiño, O distrito 01","3201901002 Carballiño, O sección 01002",Hombres,Española,Población con ingresos por unidad de consumo por debajo de 7.500 Euros,2015-01-01,0.0,32001,Bajo
"32019 Carballiño, O","3201901 Carballiño, O distrito 01","3201901002 Carballiño, O sección 01002",Hombres,Española,Población con ingresos por unidad de consumo por debajo de 10.000 Euros,2015-01-01,0.0,32001,Bajo
"32019 Carballiño, O","3201901 Carballiño, O distrito 01","3201901002 Carballiño, O sección 01002",Hombres,Extranjera,Población con ingresos por unidad de consumo por debajo de 5.000 Euros,2015-01-01,0.0,32001,Bajo
"32019 Carballiño, O","3201901 Carballiño, O distrito 01","3201901002 Carballiño, O sección 01002",Hombres,Extranjera,Población con ingresos por unidad de consumo por debajo de 7.500 Euros,2015-01-01,0.0,32001,Bajo
"32019 Carballiño, O","3201901 Carballiño, O distrito 01","3201901002 Carballiño, O sección 01002",Hombres,Extranjera,Población con ingresos por unidad de consumo por debajo de 10.000 Euros,2015-01-01,0.0,32001,Bajo
"32019 Carballiño, O","3201901 Carballiño, O distrito 01","3201901002 Carballiño, O sección 01002",Mujeres,Española,Población con ingresos por unidad de consumo por debajo de 5.000 Euros,2015-01-01,0.0,32001,Bajo
"32019 Carballiño, O","3201901 Carballiño, O distrito 01","3201901002 Carballiño, O sección 01002",Mujeres,Española,Población con ingresos por unidad de consumo por debajo de 7.500 Euros,2015-01-01,0.0,32001,Bajo
"32019 Carballiño, O","3201901 Carballiño, O distrito 01","3201901002 Carballiño, O sección 01002",Mujeres,Española,Población con ingresos por unidad de consumo por debajo de 10.000 Euros,2015-01-01,0.0,32001,Bajo
"32019 Carballiño, O","3201901 Carballiño, O distrito 01","3201901002 Carballiño, O sección 01002",Mujeres,Extranjera,Población con ingresos por unidad de consumo por debajo de 5.000 Euros,2015-01-01,0.0,32001,Bajo
"32019 Carballiño, O","3201901 Carballiño, O distrito 01","3201901002 Carballiño, O sección 01002",Mujeres,Extranjera,Población con ingresos por unidad de consumo por debajo de 7.500 Euros,2015-01-01,0.0,32001,Bajo
"32019 Carballiño, O","3201901 Carballiño, O distrito 01","3201901002 Carballiño, O sección 01002",Mujeres,Extranjera,Población con ingresos por unidad de consumo por debajo de 10.000 Euros,2015-01-01,0.0,32001,Bajo
"32019 Carballiño, O","3201901 Carballiño, O distrito 01","3201901003 Carballiño, O sección 01003",Total,Española,Población con ingresos por unidad de consumo por debajo de 5.000 Euros,2015-01-01,0.0,32001,Bajo
"32019 Carballiño, O","3201901 Carballiño, O distrito 01","3201901003 Carballiño, O sección 01003",Total,Española,Población con ingresos por unidad de consumo por debajo de 7.500 Euros,2015-01-01,0.0,32001,Bajo
"32019 Carballiño, O","3201901 Carballiño, O distrito 01","3201901003 Carballiño, O sección 01003",Total,Española,Población con ingresos por unidad de consumo por debajo de 10.000 Euros,2015-01-01,0.0,32001,Bajo
"32019 Carballiño, O","3201901 Carballiño, O distrito 01","3201901003 Carballiño, O sección 01003",Total,Extranjera,Población con ingresos por unidad de consumo por debajo de 5.000 Euros,2015-01-01,0.0,32001,Bajo
"32019 Carballiño, O","3201901 Carballiño, O distrito 01","3201901003 Carballiño, O sección 01003",Total,Extranjera,Población con ingresos por unidad de consumo por debajo de 7.500 Euros,2015-01-01,0.0,32001,Bajo
"32019 Carballiño, O","3201901 Carballiño, O distrito 01","3201901003 Carballiño, O sección 01003",Total,Extranjera,Población con ingresos por unidad de consumo por debajo de 10.000 Euros,2015-01-01,0.0,32001,Bajo
"32019 Carballiño, O","3201901 Carballiño, O distrito 01","3201901003 Carballiño, O sección 01003",Hombres,Española,Población con ingresos por unidad de consumo por debajo de 5.000 Euros,2015-01-01,0.0,32001,Bajo
"32019 Carballiño, O","3201901 Carballiño, O distrito 01","3201901003 Carballiño, O sección 01003",Hombres,Española,Población con ingresos por unidad de consumo por debajo de 7.500 Euros,2015-01-01,0.0,32001,Bajo
"32019 Carballiño, O","3201901 Carballiño, O distrito 01","3201901003 Carballiño, O sección 01003",Hombres,Española,Población con ingresos por unidad de consumo por debajo de 10.000 Euros,2015-01-01,0.0,32001,Bajo
"32019 Carballiño, O","3201901 Carballiño, O distrito 01","3201901003 Carballiño, O sección 01003",Hombres,Extranjera,Población con ingresos por unidad de consumo por debajo de 5.000 Euros,2015-01-01,0.0,32001,Bajo
"32019 Carballiño, O","3201901 Carballiño, O distrito 01","3201901003 Carballiño, O sección 01003",Hombres,Extranjera,Población con ingresos por unidad de consumo por debajo de 7.500 Euros,2015-01-01,0.0,32001,Bajo
"32019 Carballiño, O","3201901 Carballiño, O distrito 01","3201901003 Carballiño, O sección 01003",Hombres,Extranjera,Población con ingresos por unidad de consumo por debajo de 10.000 Euros,2015-01-01,0.0,32001,Bajo
"32019 Carballiño, O","3201901 Carballiño, O distrito 01","3201901003 Carballiño, O sección 01003",Mujeres,Española,Población con ingresos por unidad de consumo por debajo de 5.000 Euros,2015-01-01,0.0,32001,Bajo
"32019 Carballiño, O","3201901 Carballiño, O distrito 01","3201901003 Carballiño, O sección 01003",Mujeres,Española,Población con ingresos por unidad de consumo por debajo de 7.500 Euros,2015-01-01,0.0,32001,Bajo
"32019 Carballiño, O","3201901 Carballiño, O distrito 01","3201901003 Carballiño, O sección 01003",Mujeres,Española,Población con ingresos por unidad de consumo por debajo de 10.000 Euros,2015-01-01,0.0,32001,Bajo
"32019 Carballiño, O","3201901 Carballiño, O distrito 01","3201901003 Carballiño, O sección 01003",Mujeres,Extranjera,Población con ingresos por unidad de consumo por debajo de 5.000 Euros,2015-01-01,0.0,32001,Bajo
"32019 Carballiño, O","3201901 Carballiño, O distrito 01","3201901003 Carballiño, O sección 01003",Mujeres,Extranjera,Población con ingresos por unidad de consumo por debajo de 7.500 Euros,2015-01-01,0.0,32001,Bajo
"32019 Carballiño, O","3201901 Carballiño, O distrito 01","3201901003 Carballiño, O sección 01003",Mujeres,Extranjera,Población con ingresos por unidad de consumo por debajo de 10.000 Euros,2015-01-01,0.0,32001,Bajo
"32019 Carballiño, O","3201901 Carballiño, O distrito 01","3201901004 Carballiño, O sección 01004",Total,Española,Población con ingresos por unidad de consumo por debajo de 5.000 Euros,2015-01-01,0.0,32001,Bajo
"32019 Carballiño, O","3201901 Carballiño, O distrito 01","3201901004 Carballiño, O sección 01004",Total,Española,Población con ingresos por unidad de consumo por debajo de 7.500 Euros,2015-01-01,0.0,32001,Bajo
"32019 Carballiño, O","3201901 Carballiño, O distrito 01","3201901004 Carballiño, O sección 01004",Total,Española,Población con ingresos por unidad de consumo por debajo de 10.000 Euros,2015-01-01,0.0,32001,Bajo
"32019 Carballiño, O","3201901 Carballiño, O distrito 01","3201901004 Carballiño, O sección 01004",Total,Extranjera,Población con ingresos por unidad de consumo por debajo de 5.000 Euros,2015-01-01,0.0,32001,Bajo
"32019 Carballiño, O","3201901 Carballiño, O distrito 01","3201901004 Carballiño, O sección 01004",Total,Extranjera,Población con ingresos por unidad de consumo por debajo de 7.500 Euros,2015-01-01,0.0,32001,Bajo
"32019 Carballiño, O","3201901 Carballiño, O distrito 01","3201901004 Carballiño, O sección 01004",Total,Extranjera,Población con ingresos por unidad de consumo por debajo de 10.000 Euros,2015-01-01,0.0,32001,Bajo
"32019 Carballiño, O","3201901 Carballiño, O distrito 01","3201901004 Carballiño, O sección 01004",Hombres,Española,Población con ingresos por unidad de consumo por debajo de 5.000 Euros,2015-01-01,0.0,32001,Bajo
"32019 Carballiño, O","3201901 Carballiño, O distrito 01","3201901004 Carballiño, O sección 01004",Hombres,Española,Población con ingresos por unidad de consumo por debajo de 7.500 Euros,2015-01-01,0.0,32001,Bajo
"32019 Carballiño, O","3201901 Carballiño, O distrito 01","3201901004 Carballiño, O sección 01004",Hombres,Española,Población con ingresos por unidad de consumo por debajo de 10.000 Euros,2015-01-01,0.0,32001,Bajo
"32019 Carballiño, O","3201901 Carballiño, O distrito 01","3201901004 Carballiño, O sección 01004",Hombres,Extranjera,Población con ingresos por unidad de consumo por debajo de 5.000 Euros,2015-01-01,0.0,32001,Bajo
"32019 Carballiño, O","3201901 Carballiño, O distrito 01","3201901004 Carballiño, O sección 01004",Hombres,Extranjera,Población con ingresos por unidad de consumo por debajo de 7.500 Euros,2015-01-01,0.0,32001,Bajo
"32019 Carballiño, O","3201901 Carballiño, O distrito 01","3201901004 Carballiño, O sección 01004",Hombres,Extranjera,Población con ingresos por unidad de consumo por debajo de 10.000 Euros,2015-01-01,0.0,32001,Bajo
"32019 Carballiño, O","3201901 Carballiño, O distrito 01","3201901004 Carballiño, O sección 01004",Mujeres,Española,Población con ingresos por unidad de consumo por debajo de 5.000 Euros,2015-01-01,0.0,32001,Bajo
"32019 Carballiño, O","3201901 Carballiño, O distrito 01","3201901004 Carballiño, O sección 01004",Mujeres,Española,Población con ingresos por unidad de consumo por debajo de 7.500 Euros,2015-01-01,0.0,32001,Bajo
"32019 Carballiño, O","3201901 Carballiño, O distrito 01","3201901004 Carballiño, O sección 01004",Mujeres,Española,Población con ingresos por unidad de consumo por debajo de 10.000 Euros,2015-01-01,0.0,32001,Bajo
"32019 Carballiño, O","3201901 Carballiño, O distrito 01","3201901004 Carballiño, O sección 01004",Mujeres,Extranjera,Población con ingresos por unidad de consumo por debajo de 5.000 Euros,2015-01-01,0.0,32001,Bajo
"32019 Carballiño, O","3201901 Carballiño, O distrito 01","3201901004 Carballiño, O sección 01004",Mujeres,Extranjera,Población con ingresos por unidad de consumo por debajo de 7.500 Euros,2015-01-01,0.0,32001,Bajo
"32019 Carballiño, O","3201901 Carballiño, O distrito 01","3201901004 Carballiño, O sección 01004",Mujeres,Extranjera,Población con ingresos por unidad de consumo por debajo de 10.000 Euros,2015-01-01,0.0,32001,Bajo
"32019 Carballiño, O","3201901 Carballiño, O distrito 01","3201901005 Carballiño, O sección 01005",Total,Española,Población con ingresos por unidad de consumo por debajo de 5.000 Euros,2015-01-01,0.0,32001,Bajo
"32019 Carballiño, O","3201901 Carballiño, O distrito 01","3201901005 Carballiño, O sección 01005",Total,Española,Población con ingresos por unidad de consumo por debajo de 7.500 Euros,2015-01-01,0.0,32001,Bajo
"32019 Carballiño, O","3201901 Carballiño, O distrito 01","3201901005 Carballiño, O sección 01005",Total,Española,Población con ingresos por unidad de consumo por debajo de 10.000 Euros,2015-01-01,0.0,32001,Bajo
"32019 Carballiño, O","3201901 Carballiño, O distrito 01","3201901005 Carballiño, O sección 01005",Total,Extranjera,Población con ingresos por unidad de consumo por debajo de 5.000 Euros,2015-01-01,0.0,32001,Bajo
"32019 Carballiño, O","3201901 Carballiño, O distrito 01","3201901005 Carballiño, O sección 01005",Total,Extranjera,Población con ingresos por unidad de consumo por debajo de 7.500 Euros,2015-01-01,0.0,32001,Bajo
"32019 Carballiño, O","3201901 Carballiño, O distrito 01","3201901005 Carballiño, O sección 01005",Total,Extranjera,Población con ingresos por unidad de consumo por debajo de 10.000 Euros,2015-01-01,0.0,32001,Bajo
"32019 Carballiño, O","3201901 Carballiño, O distrito 01","3201901005 Carballiño, O sección 01005",Hombres,Española,Población con ingresos por unidad de consumo por debajo de 5.000 Euros,2015-01-01,0.0,32001,Bajo
"32019 Carballiño, O","3201901 Carballiño, O distrito 01","3201901005 Carballiño, O sección 01005",Hombres,Española,Población con ingresos por unidad de consumo por debajo de 7.500 Euros,2015-01-01,0.0,32001,Bajo
"32019 Carballiño, O","3201901 Carballiño, O distrito 01","3201901005 Carballiño, O sección 01005",Hombres,Española,Población con ingresos por unidad de consumo por debajo de 10.000 Euros,2015-01-01,0.0,32001,Bajo
"32019 Carballiño, O","3201901 Carballiño, O distrito 01","3201901005 Carballiño, O sección 01005",Hombres,Extranjera,Población con ingresos por unidad de consumo por debajo de 5.000 Euros,2015-01-01,0.0,32001,Bajo
"32019 Carballiño, O","3201901 Carballiño, O distrito 01","3201901005 Carballiño, O sección 01005",Hombres,Extranjera,Población con ingresos por unidad de consumo por debajo de 7.500 Euros,2015-01-01,0.0,32001,Bajo
"32019 Carballiño, O","3201901 Carballiño, O distrito 01","3201901005 Carballiño, O sección 01005",Hombres,Extranjera,Población con ingresos por unidad de consumo por debajo de 10.000 Euros,2015-01-01,0.0,32001,Bajo
"32019 Carballiño, O","3201901 Carballiño, O distrito 01","3201901005 Carballiño, O sección 01005",Mujeres,Española,Población con ingresos por unidad de consumo por debajo de 5.000 Euros,2015-01-01,0.0,32001,Bajo
"32019 Carballiño, O","3201901 Carballiño, O distrito 01","3201901005 Carballiño, O sección 01005",Mujeres,Española,Población con ingresos por unidad de consumo por debajo de 7.500 Euros,2015-01-01,0.0,32001,Bajo
"32019 Carballiño, O","3201901 Carballiño, O distrito 01","3201901005 Carballiño, O sección 01005",Mujeres,Española,Población con ingresos por unidad de consumo por debajo de 10.000 Euros,2015-01-01,0.0,32001,Bajo
"32019 Carballiño, O","3201901 Carballiño, O distrito 01","3201901005 Carballiño, O sección 01005",Mujeres,Extranjera,Población con ingresos por unidad de consumo por debajo de 5.000 Euros,2015-01-01,0.0,32001,Bajo
"32019 Carballiño, O","3201901 Carballiño, O distrito 01","3201901005 Carballiño, O sección 01005",Mujeres,Extranjera,Población con ingresos por unidad de consumo por debajo de 7.500 Euros,2015-01-01,0.0,32001,Bajo
"32019 Carballiño, O","3201901 Carballiño, O distrito 01","3201901005 Carballiño, O sección 01005",Mujeres,Extranjera,Población con ingresos por unidad de consumo por debajo de 10.000 Euros,2015-01-01,0.0,32001,Bajo
"32019 Carballiño, O","3201901 Carballiño, O distrito 01","3201901006 Carballiño, O sección 01006",Total,Española,Población con ingresos por unidad de consumo por debajo de 5.000 Euros,2015-01-01,0.0,32001,Bajo
"32019 Carballiño, O","3201901 Carballiño, O distrito 01","3201901006 Carballiño, O sección 01006",Total,Española,Población con ingresos por unidad de consumo por debajo de 7.500 Euros,2015-01-01,0.0,32001,Bajo
"32019 Carballiño, O","3201901 Carballiño, O distrito 01","3201901006 Carballiño, O sección 01006",Total,Española,Población con ingresos por unidad de consumo por debajo de 10.000 Euros,2015-01-01,0.0,32001,Bajo
"32019 Carballiño, O","3201901 Carballiño, O distrito 01","3201901006 Carballiño, O sección 01006",Total,Extranjera,Población con ingresos por unidad de consumo por debajo de 5.000 Euros,2015-01-01,0.0,32001,Bajo
"32019 Carballiño, O","3201901 Carballiño, O distrito 01","3201901006 Carballiño, O sección 01006",Total,Extranjera,Población con ingresos por unidad de consumo por debajo de 7.500 Euros,2015-01-01,0.0,32001,Bajo
"32019 Carballiño, O","3201901 Carballiño, O distrito 01","3201901006 Carballiño, O sección 01006",Total,Extranjera,Población con ingresos por unidad de consumo por debajo de 10.000 Euros,2015-01-01,0.0,32001,Bajo
"32019 Carballiño, O","3201901 Carballiño, O distrito 01","3201901006 Carballiño, O sección 01006",Hombres,Española,Población con ingresos por unidad de consumo por debajo de 5.000 Euros,2015-01-01,0.0,32001,Bajo
"32019 Carballiño, O","3201901 Carballiño, O distrito 01","3201901006 Carballiño, O sección 01006",Hombres,Española,Población con ingresos por unidad de consumo por debajo de 7.500 Euros,2015-01-01,0.0,32001,Bajo
"32019 Carballiño, O","3201901 Carballiño, O distrito 01","3201901006 Carballiño, O sección 01006",Hombres,Española,Población con ingresos por unidad de consumo por debajo de 10.000 Euros,2015-01-01,0.0,32001,Bajo
"32019 Carballiño, O","3201901 Carballiño, O distrito 01","3201901006 Carballiño, O sección 01006",Hombres,Extranjera,Población con ingresos por unidad de consumo por debajo de 5.000 Euros,2015-01-01,0.0,32001,Bajo
"32019 Carballiño, O","3201901 Carballiño, O distrito 01","3201901006 Carballiño, O sección 01006",Hombres,Extranjera,Población con ingresos por unidad de consumo por debajo de 7.500 Euros,2015-01-01,0.0,32001,Bajo
"32019 Carballiño, O","3201901 Carballiño, O distrito 01","3201901006 Carballiño, O sección 01006",Hombres,Extranjera,Población con ingresos por unidad de consumo por debajo de 10.000 Euros,2015-01-01,0.0,32001,Bajo
"32019 Carballiño, O","3201901 Carballiño, O distrito 01","3201901006 Carballiño, O sección 01006",Mujeres,Española,Población con ingresos por unidad de consumo por debajo de 5.000 Euros,2015-01-01,0.0,32001,Bajo
"32019 Carballiño, O","3201901 Carballiño, O distrito 01","3201901006 Carballiño, O sección 01006",Mujeres,Española,Población con ingresos por unidad de consumo por debajo de 7.500 Euros,2015-01-01,0.0,32001,Bajo
"32019 Carballiño, O","3201901 Carballiño, O distrito 01","3201901006 Carballiño, O sección 01006",Mujeres,Española,Población con ingresos por unidad de consumo por debajo de 10.000 Euros,2015-01-01,0.0,32001,Bajo
"32019 Carballiño, O","3201901 Carballiño, O distrito 01","3201901006 Carballiño, O sección 01006",Mujeres,Extranjera,Población con ingresos por unidad de consumo por debajo de 5.000 Euros,2015-01-01,0.0,32001,Bajo
"32019 Carballiño, O","3201901 Carballiño, O distrito 01","3201901006 Carballiño, O sección 01006",Mujeres,Extranjera,Población con ingresos por unidad de consumo por debajo de 7.500 Euros,2015-01-01,0.0,32001,Bajo
"32019 Carballiño, O","3201901 Carballiño, O distrito 01","3201901006 Carballiño, O sección 01006",Mujeres,Extranjera,Población con ingresos por unidad de consumo por debajo de 10.000 Euros,2015-01-01,0.0,32001,Bajo
"32019 Carballiño, O","3201901 Carballiño, O distrito 01","3201901007 Carballiño, O sección 01007",Total,Española,Población con ingresos por unidad de consumo por debajo de 5.000 Euros,2015-01-01,0.0,32001,Bajo
"32019 Carballiño, O","3201901 Carballiño, O distrito 01","3201901007 Carballiño, O sección 01007",Total,Española,Población con ingresos por unidad de consumo por debajo de 7.500 Euros,2015-01-01,0.0,32001,Bajo
"32019 Carballiño, O","3201901 Carballiño, O distrito 01","3201901007 Carballiño, O sección 01007",Total,Española,Población con ingresos por unidad de consumo por debajo de 10.000 Euros,2015-01-01,0.0,32001,Bajo
"32019 Carballiño, O","3201901 Carballiño, O distrito 01","3201901007 Carballiño, O sección 01007",Total,Extranjera,Población con ingresos por unidad de consumo por debajo de 5.000 Euros,2015-01-01,0.0,32001,Bajo
"32019 Carballiño, O","3201901 Carballiño, O distrito 01","3201901007 Carballiño, O sección 01007",Total,Extranjera,Población con ingresos por unidad de consumo por debajo de 7.500 Euros,2015-01-01,0.0,32001,Bajo
"32019 Carballiño, O","3201901 Carballiño, O distrito 01","3201901007 Carballiño, O sección 01007",Total,Extranjera,Población con ingresos por unidad de consumo por debajo de 10.000 Euros,2015-01-01,0.0,32001,Bajo
"32019 Carballiño, O","3201901 Carballiño, O distrito 01","3201901007 Carballiño, O sección 01007",Hombres,Española,Población con ingresos por unidad de consumo por debajo de 5.000 Euros,2015-01-01,0.0,32001,Bajo
"32019 Carballiño, O","3201901 Carballiño, O distrito 01","3201901007 Carballiño, O sección 01007",Hombres,Española,Población con ingresos por unidad de consumo por debajo de 7.500 Euros,2015-01-01,0.0,32001,Bajo
"32019 Carballiño, O","3201901 Carballiño, O distrito 01","3201901007 Carballiño, O sección 01007",Hombres,Española,Población con ingresos por unidad de consumo por debajo de 10.000 Euros,2015-01-01,0.0,32001,Bajo
"32019 Carballiño, O","3201901 Carballiño, O distrito 01","3201901007 Carballiño, O sección 01007",Hombres,Extranjera,Población con ingresos por unidad de consumo por debajo de 5.000 Euros,2015-01-01,0.0,32001,Bajo
"32019 Carballiño, O","3201901 Carballiño, O distrito 01","3201901007 Carballiño, O sección 01007",Hombres,Extranjera,Población con ingresos por unidad de consumo por debajo de 7.500 Euros,2015-01-01,0.0,32001,Bajo
"32019 Carballiño, O","3201901 Carballiño, O distrito 01","3201901007 Carballiño, O sección 01007",Hombres,Extranjera,Población con ingresos por unidad de consumo por debajo de 10.000 Euros,2015-01-01,0.0,32001,Bajo
"32019 Carballiño, O","3201901 Carballiño, O distrito 01","3201901007 Carballiño, O sección 01007",Mujeres,Española,Población con ingresos por unidad de consumo por debajo de 5.000 Euros,2015-01-01,0.0,32001,Bajo
"32019 Carballiño, O","3201901 Carballiño, O distrito 01","3201901007 Carballiño, O sección 01007",Mujeres,Española,Población con ingresos por unidad de consumo por debajo de 7.500 Euros,2015-01-01,0.0,32001,Bajo
"32019 Carballiño, O","3201901 Carballiño, O distrito 01","3201901007 Carballiño, O sección 01007",Mujeres,Española,Población con ingresos por unidad de consumo por debajo de 10.000 Euros,2015-01-01,0.0,32001,Bajo
"32019 Carballiño, O","3201901 Carballiño, O distrito 01","3201901007 Carballiño, O sección 01007",Mujeres,Extranjera,Población con ingresos por unidad de consumo por debajo de 5.000 Euros,2015-01-01,0.0,32001,Bajo
"32019 Carballiño, O","3201901 Carballiño, O distrito 01","3201901007 Carballiño, O sección 01007",Mujeres,Extranjera,Población con ingresos por unidad de consumo por debajo de 7.500 Euros,2015-01-01,0.0,32001,Bajo
"32019 Carballiño, O","3201901 Carballiño, O distrito 01","3201901007 Carballiño, O sección 01007",Mujeres,Extranjera,Población con ingresos por unidad de consumo por debajo de 10.000 Euros,2015-01-01,0.0,32001,Bajo
"32019 Carballiño, O","3201902 Carballiño, O distrito 02",No,Total,Española,Población con ingresos por unidad de consumo por debajo de 5.000 Euros,2015-01-01,0.0,32001,Bajo
"32019 Carballiño, O","3201902 Carballiño, O distrito 02",No,Total,Española,Población con ingresos por unidad de consumo por debajo de 7.500 Euros,2015-01-01,0.0,32001,Bajo
"32019 Carballiño, O","3201902 Carballiño, O distrito 02",No,Total,Española,Población con ingresos por unidad de consumo por debajo de 10.000 Euros,2015-01-01,0.0,32001,Bajo
"32019 Carballiño, O","3201902 Carballiño, O distrito 02",No,Total,Extranjera,Población con ingresos por unidad de consumo por debajo de 5.000 Euros,2015-01-01,0.0,32001,Bajo
"32019 Carballiño, O","3201902 Carballiño, O distrito 02",No,Total,Extranjera,Población con ingresos por unidad de consumo por debajo de 7.500 Euros,2015-01-01,0.0,32001,Bajo
"32019 Carballiño, O","3201902 Carballiño, O distrito 02",No,Total,Extranjera,Población con ingresos por unidad de consumo por debajo de 10.000 Euros,2015-01-01,0.0,32001,Bajo
"32019 Carballiño, O","3201902 Carballiño, O distrito 02",No,Hombres,Española,Población con ingresos por unidad de consumo por debajo de 5.000 Euros,2015-01-01,0.0,32001,Bajo
"32019 Carballiño, O","3201902 Carballiño, O distrito 02",No,Hombres,Española,Población con ingresos por unidad de consumo por debajo de 7.500 Euros,2015-01-01,0.0,32001,Bajo
"32019 Carballiño, O","3201902 Carballiño, O distrito 02",No,Hombres,Española,Población con ingresos por unidad de consumo por debajo de 10.000 Euros,2015-01-01,0.0,32001,Bajo
"32019 Carballiño, O","3201902 Carballiño, O distrito 02",No,Hombres,Extranjera,Población con ingresos por unidad de consumo por debajo de 5.000 Euros,2015-01-01,0.0,32001,Bajo
"32019 Carballiño, O","3201902 Carballiño, O distrito 02",No,Hombres,Extranjera,Población con ingresos por unidad de consumo por debajo de 7.500 Euros,2015-01-01,0.0,32001,Bajo
"32019 Carballiño, O","3201902 Carballiño, O distrito 02",No,Hombres,Extranjera,Población con ingresos por unidad de consumo por debajo de 10.000 Euros,2015-01-01,0.0,32001,Bajo
"32019 Carballiño, O","3201902 Carballiño, O distrito 02",No,Mujeres,Española,Población con ingresos por unidad de consumo por debajo de 5.000 Euros,2015-01-01,0.0,32001,Bajo
"32019 Carballiño, O","3201902 Carballiño, O distrito 02",No,Mujeres,Española,Población con ingresos por unidad de consumo por debajo de 7.500 Euros,2015-01-01,0.0,32001,Bajo
"32019 Carballiño, O","3201902 Carballiño, O distrito 02",No,Mujeres,Española,Población con ingresos por unidad de consumo por debajo de 10.000 Euros,2015-01-01,0.0,32001,Bajo
"32019 Carballiño, O","3201902 Carballiño, O distrito 02",No,Mujeres,Extranjera,Población con ingresos por unidad de consumo por debajo de 5.000 Euros,2015-01-01,0.0,32001,Bajo
"32019 Carballiño, O","3201902 Carballiño, O distrito 02",No,Mujeres,Extranjera,Población con ingresos por unidad de consumo por debajo de 7.500 Euros,2015-01-01,0.0,32001,Bajo
"32019 Carballiño, O","3201902 Carballiño, O distrito 02",No,Mujeres,Extranjera,Población con ingresos por unidad de consumo por debajo de 10.000 Euros,2015-01-01,0.0,32001,Bajo
"32019 Carballiño, O","3201902 Carballiño, O distrito 02","3201902001 Carballiño, O sección 02001",Total,Española,Población con ingresos por unidad de consumo por debajo de 5.000 Euros,2015-01-01,0.0,32001,Bajo
"32019 Carballiño, O","3201902 Carballiño, O distrito 02","3201902001 Carballiño, O sección 02001",Total,Española,Población con ingresos por unidad de consumo por debajo de 7.500 Euros,2015-01-01,0.0,32001,Bajo
"32019 Carballiño, O","3201902 Carballiño, O distrito 02","3201902001 Carballiño, O sección 02001",Total,Española,Población con ingresos por unidad de consumo por debajo de 10.000 Euros,2015-01-01,0.0,32001,Bajo
"32019 Carballiño, O","3201902 Carballiño, O distrito 02","3201902001 Carballiño, O sección 02001",Total,Extranjera,Población con ingresos por unidad de consumo por debajo de 5.000 Euros,2015-01-01,0.0,32001,Bajo
"32019 Carballiño, O","3201902 Carballiño, O distrito 02","3201902001 Carballiño, O sección 02001",Total,Extranjera,Población con ingresos por unidad de consumo por debajo de 7.500 Euros,2015-01-01,0.0,32001,Bajo
"32019 Carballiño, O","3201902 Carballiño, O distrito 02","3201902001 Carballiño, O sección 02001",Total,Extranjera,Población con ingresos por unidad de consumo por debajo de 10.000 Euros,2015-01-01,0.0,32001,Bajo
"32019 Carballiño, O","3201902 Carballiño, O distrito 02","3201902001 Carballiño, O sección 02001",Hombres,Española,Población con ingresos por unidad de consumo por debajo de 5.000 Euros,2015-01-01,0.0,32001,Bajo
"32019 Carballiño, O","3201902 Carballiño, O distrito 02","3201902001 Carballiño, O sección 02001",Hombres,Española,Población con ingresos por unidad de consumo por debajo de 7.500 Euros,2015-01-01,0.0,32001,Bajo
"32019 Carballiño, O","3201902 Carballiño, O distrito 02","3201902001 Carballiño, O sección 02001",Hombres,Española,Población con ingresos por unidad de consumo por debajo de 10.000 Euros,2015-01-01,0.0,32001,Bajo
"32019 Carballiño, O","3201902 Carballiño, O distrito 02","3201902001 Carballiño, O sección 02001",Hombres,Extranjera,Población con ingresos por unidad de consumo por debajo de 5.000 Euros,2015-01-01,0.0,32001,Bajo
"32019 Carballiño, O","3201902 Carballiño, O distrito 02","3201902001 Carballiño, O sección 02001",Hombres,Extranjera,Población con ingresos por unidad de consumo por debajo de 7.500 Euros,2015-01-01,0.0,32001,Bajo
"32019 Carballiño, O","3201902 Carballiño, O distrito 02","3201902001 Carballiño, O sección 02001",Hombres,Extranjera,Población con ingresos por unidad de consumo por debajo de 10.000 Euros,2015-01-01,0.0,32001,Bajo
"32019 Carballiño, O","3201902 Carballiño, O distrito 02","3201902001 Carballiño, O sección 02001",Mujeres,Española,Población con ingresos por unidad de consumo por debajo de 5.000 Euros,2015-01-01,0.0,32001,Bajo
"32019 Carballiño, O","3201902 Carballiño, O distrito 02","3201902001 Carballiño, O sección 02001",Mujeres,Española,Población con ingresos por unidad de consumo por debajo de 7.500 Euros,2015-01-01,0.0,32001,Bajo
"32019 Carballiño, O","3201902 Carballiño, O distrito 02","3201902001 Carballiño, O sección 02001",Mujeres,Española,Población con ingresos por unidad de consumo por debajo de 10.000 Euros,2015-01-01,0.0,32001,Bajo
"32019 Carballiño, O","3201902 Carballiño, O distrito 02","3201902001 Carballiño, O sección 02001",Mujeres,Extranjera,Población con ingresos por unidad de consumo por debajo de 5.000 Euros,2015-01-01,0.0,32001,Bajo
"32019 Carballiño, O","3201902 Carballiño, O distrito 02","3201902001 Carballiño, O sección 02001",Mujeres,Extranjera,Población con ingresos por unidad de consumo por debajo de 7.500 Euros,2015-01-01,0.0,32001,Bajo
"32019 Carballiño, O","3201902 Carballiño, O distrito 02","3201902001 Carballiño, O sección 02001",Mujeres,Extranjera,Población con ingresos por unidad de consumo por debajo de 10.000 Euros,2015-01-01,0.0,32001,Bajo
"32019 Carballiño, O","3201902 Carballiño, O distrito 02","3201902002 Carballiño, O sección 02002",Total,Española,Población con ingresos por unidad de consumo por debajo de 5.000 Euros,2015-01-01,0.0,32001,Bajo
"32019 Carballiño, O","3201902 Carballiño, O distrito 02","3201902002 Carballiño, O sección 02002",Total,Española,Población con ingresos por unidad de consumo por debajo de 7.500 Euros,2015-01-01,0.0,32001,Bajo
"32019 Carballiño, O","3201902 Carballiño, O distrito 02","3201902002 Carballiño, O sección 02002",Total,Española,Población con ingresos por unidad de consumo por debajo de 10.000 Euros,2015-01-01,0.0,32001,Bajo
"32019 Carballiño, O","3201902 Carballiño, O distrito 02","3201902002 Carballiño, O sección 02002",Total,Extranjera,Población con ingresos por unidad de consumo por debajo de 5.000 Euros,2015-01-01,0.0,32001,Bajo
"32019 Carballiño, O","3201902 Carballiño, O distrito 02","3201902002 Carballiño, O sección 02002",Total,Extranjera,Población con ingresos por unidad de consumo por debajo de 7.500 Euros,2015-01-01,0.0,32001,Bajo
"32019 Carballiño, O","3201902 Carballiño, O distrito 02","3201902002 Carballiño, O sección 02002",Total,Extranjera,Población con ingresos por unidad de consumo por debajo de 10.000 Euros,2015-01-01,0.0,32001,Bajo
"32019 Carballiño, O","3201902 Carballiño, O distrito 02","3201902002 Carballiño, O sección 02002",Hombres,Española,Población con ingresos por unidad de consumo por debajo de 5.000 Euros,2015-01-01,0.0,32001,Bajo
"32019 Carballiño, O","3201902 Carballiño, O distrito 02","3201902002 Carballiño, O sección 02002",Hombres,Española,Población con ingresos por unidad de consumo por debajo de 7.500 Euros,2015-01-01,0.0,32001,Bajo
"32019 Carballiño, O","3201902 Carballiño, O distrito 02","3201902002 Carballiño, O sección 02002",Hombres,Española,Población con ingresos por unidad de consumo por debajo de 10.000 Euros,2015-01-01,0.0,32001,Bajo
"32019 Carballiño, O","3201902 Carballiño, O distrito 02","3201902002 Carballiño, O sección 02002",Hombres,Extranjera,Población con ingresos por unidad de consumo por debajo de 5.000 Euros,2015-01-01,0.0,32001,Bajo
"32019 Carballiño, O","3201902 Carballiño, O distrito 02","3201902002 Carballiño, O sección 02002",Hombres,Extranjera,Población con ingresos por unidad de consumo por debajo de 7.500 Euros,2015-01-01,0.0,32001,Bajo
"32019 Carballiño, O","3201902 Carballiño, O distrito 02","3201902002 Carballiño, O sección 02002",Hombres,Extranjera,Población con ingresos por unidad de consumo por debajo de 10.000 Euros,2015-01-01,0.0,32001,Bajo
"32019 Carballiño, O","3201902 Carballiño, O distrito 02","3201902002 Carballiño, O sección 02002",Mujeres,Española,Población con ingresos por unidad de consumo por debajo de 5.000 Euros,2015-01-01,0.0,32001,Bajo
"32019 Carballiño, O","3201902 Carballiño, O distrito 02","3201902002 Carballiño, O sección 02002",Mujeres,Española,Población con ingresos por unidad de consumo por debajo de 7.500 Euros,2015-01-01,0.0,32001,Bajo
"32019 Carballiño, O","3201902 Carballiño, O distrito 02","3201902002 Carballiño, O sección 02002",Mujeres,Española,Población con ingresos por unidad de consumo por debajo de 10.000 Euros,2015-01-01,0.0,32001,Bajo
"32019 Carballiño, O","3201902 Carballiño, O distrito 02","3201902002 Carballiño, O sección 02002",Mujeres,Extranjera,Población con ingresos por unidad de consumo por debajo de 5.000 Euros,2015-01-01,0.0,32001,Bajo
"32019 Carballiño, O","3201902 Carballiño, O distrito 02","3201902002 Carballiño, O sección 02002",Mujeres,Extranjera,Población con ingresos por unidad de consumo por debajo de 7.500 Euros,2015-01-01,0.0,32001,Bajo
"32019 Carballiño, O","3201902 Carballiño, O distrito 02","3201902002 Carballiño, O sección 02002",Mujeres,Extranjera,Población con ingresos por unidad de consumo por debajo de 10.000 Euros,2015-01-01,0.0,32001,Bajo
"32019 Carballiño, O","3201903 Carballiño, O distrito 03",No,Total,Española,Población con ingresos por unidad de consumo por debajo de 5.000 Euros,2015-01-01,0.0,32001,Bajo
"32019 Carballiño, O","3201903 Carballiño, O distrito 03",No,Total,Española,Población con ingresos por unidad de consumo por debajo de 7.500 Euros,2015-01-01,0.0,32001,Bajo
"32019 Carballiño, O","3201903 Carballiño, O distrito 03",No,Total,Española,Población con ingresos por unidad de consumo por debajo de 10.000 Euros,2015-01-01,0.0,32001,Bajo
"32019 Carballiño, O","3201903 Carballiño, O distrito 03",No,Total,Extranjera,Población con ingresos por unidad de consumo por debajo de 5.000 Euros,2015-01-01,0.0,32001,Bajo
"32019 Carballiño, O","3201903 Carballiño, O distrito 03",No,Total,Extranjera,Población con ingresos por unidad de consumo por debajo de 7.500 Euros,2015-01-01,0.0,32001,Bajo
"32019 Carballiño, O","3201903 Carballiño, O distrito 03",No,Total,Extranjera,Población con ingresos por unidad de consumo por debajo de 10.000 Euros,2015-01-01,0.0,32001,Bajo
"32019 Carballiño, O","3201903 Carballiño, O distrito 03",No,Hombres,Española,Población con ingresos por unidad de consumo por debajo de 5.000 Euros,2015-01-01,0.0,32001,Bajo
"32019 Carballiño, O","3201903 Carballiño, O distrito 03",No,Hombres,Española,Población con ingresos por unidad de consumo por debajo de 7.500 Euros,2015-01-01,0.0,32001,Bajo
"32019 Carballiño, O","3201903 Carballiño, O distrito 03",No,Hombres,Española,Población con ingresos por unidad de consumo por debajo de 10.000 Euros,2015-01-01,0.0,32001,Bajo
"32019 Carballiño, O","3201903 Carballiño, O distrito 03",No,Hombres,Extranjera,Población con ingresos por unidad de consumo por debajo de 5.000 Euros,2015-01-01,0.0,32001,Bajo
"32019 Carballiño, O","3201903 Carballiño, O distrito 03",No,Hombres,Extranjera,Población con ingresos por unidad de consumo por debajo de 7.500 Euros,2015-01-01,0.0,32001,Bajo
"32019 Carballiño, O","3201903 Carballiño, O distrito 03",No,Hombres,Extranjera,Población con ingresos por unidad de consumo por debajo de 10.000 Euros,2015-01-01,0.0,32001,Bajo
"32019 Carballiño, O","3201903 Carballiño, O distrito 03",No,Mujeres,Española,Población con ingresos por unidad de consumo por debajo de 5.000 Euros,2015-01-01,0.0,32001,Bajo
"32019 Carballiño, O","3201903 Carballiño, O distrito 03",No,Mujeres,Española,Población con ingresos por unidad de consumo por debajo de 7.500 Euros,2015-01-01,0.0,32001,Bajo
"32019 Carballiño, O","3201903 Carballiño, O distrito 03",No,Mujeres,Española,Población con ingresos por unidad de consumo por debajo de 10.000 Euros,2015-01-01,0.0,32001,Bajo
"32019 Carballiño, O","3201903 Carballiño, O distrito 03",No,Mujeres,Extranjera,Población con ingresos por unidad de consumo por debajo de 5.000 Euros,2015-01-01,0.0,32001,Bajo
"32019 Carballiño, O","3201903 Carballiño, O distrito 03",No,Mujeres,Extranjera,Población con ingresos por unidad de consumo por debajo de 7.500 Euros,2015-01-01,0.0,32001,Bajo
"32019 Carballiño, O","3201903 Carballiño, O distrito 03",No,Mujeres,Extranjera,Población con ingresos por unidad de consumo por debajo de 10.000 Euros,2015-01-01,0.0,32001,Bajo
"32019 Carballiño, O","3201903 Carballiño, O distrito 03","3201903001 Carballiño, O sección 03001",Total,Española,Población con ingresos por unidad de consumo por debajo de 5.000 Euros,2015-01-01,0.0,32001,Bajo
"32019 Carballiño, O","3201903 Carballiño, O distrito 03","3201903001 Carballiño, O sección 03001",Total,Española,Población con ingresos por unidad de consumo por debajo de 7.500 Euros,2015-01-01,0.0,32001,Bajo
"32019 Carballiño, O","3201903 Carballiño, O distrito 03","3201903001 Carballiño, O sección 03001",Total,Española,Población con ingresos por unidad de consumo por debajo de 10.000 Euros,2015-01-01,0.0,32001,Bajo
"32019 Carballiño, O","3201903 Carballiño, O distrito 03","3201903001 Carballiño, O sección 03001",Total,Extranjera,Población con ingresos por unidad de consumo por debajo de 5.000 Euros,2015-01-01,0.0,32001,Bajo
"32019 Carballiño, O","3201903 Carballiño, O distrito 03","3201903001 Carballiño, O sección 03001",Total,Extranjera,Población con ingresos por unidad de consumo por debajo de 7.500 Euros,2015-01-01,0.0,32001,Bajo
"32019 Carballiño, O","3201903 Carballiño, O distrito 03","3201903001 Carballiño, O sección 03001",Total,Extranjera,Población con ingresos por unidad de consumo por debajo de 10.000 Euros,2015-01-01,0.0,32001,Bajo
"32019 Carballiño, O","3201903 Carballiño, O distrito 03","3201903001 Carballiño, O sección 03001",Hombres,Española,Población con ingresos por unidad de consumo por debajo de 5.000 Euros,2015-01-01,0.0,32001,Bajo
"32019 Carballiño, O","3201903 Carballiño, O distrito 03","3201903001 Carballiño, O sección 03001",Hombres,Española,Población con ingresos por unidad de consumo por debajo de 7.500 Euros,2015-01-01,0.0,32001,Bajo
"32019 Carballiño, O","3201903 Carballiño, O distrito 03","3201903001 Carballiño, O sección 03001",Hombres,Española,Población con ingresos por unidad de consumo por debajo de 10.000 Euros,2015-01-01,0.0,32001,Bajo
"32019 Carballiño, O","3201903 Carballiño, O distrito 03","3201903001 Carballiño, O sección 03001",Hombres,Extranjera,Población con ingresos por unidad de consumo por debajo de 5.000 Euros,2015-01-01,0.0,32001,Bajo
"32019 Carballiño, O","3201903 Carballiño, O distrito 03","3201903001 Carballiño, O sección 03001",Hombres,Extranjera,Población con ingresos por unidad de consumo por debajo de 7.500 Euros,2015-01-01,0.0,32001,Bajo
"32019 Carballiño, O","3201903 Carballiño, O distrito 03","3201903001 Carballiño, O sección 03001",Hombres,Extranjera,Población con ingresos por unidad de consumo por debajo de 10.000 Euros,2015-01-01,0.0,32001,Bajo
"32019 Carballiño, O","3201903 Carballiño, O distrito 03","3201903001 Carballiño, O sección 03001",Mujeres,Española,Población con ingresos por unidad de consumo por debajo de 5.000 Euros,2015-01-01,0.0,32001,Bajo
"32019 Carballiño, O","3201903 Carballiño, O distrito 03","3201903001 Carballiño, O sección 03001",Mujeres,Española,Población con ingresos por unidad de consumo por debajo de 7.500 Euros,2015-01-01,0.0,32001,Bajo
"32019 Carballiño, O","3201903 Carballiño, O distrito 03","3201903001 Carballiño, O sección 03001",Mujeres,Española,Población con ingresos por unidad de consumo por debajo de 10.000 Euros,2015-01-01,0.0,32001,Bajo
"32019 Carballiño, O","3201903 Carballiño, O distrito 03","3201903001 Carballiño, O sección 03001",Mujeres,Extranjera,Población con ingresos por unidad de consumo por debajo de 5.000 Euros,2015-01-01,0.0,32001,Bajo
"32019 Carballiño, O","3201903 Carballiño, O distrito 03","3201903001 Carballiño, O sección 03001",Mujeres,Extranjera,Población con ingresos por unidad de consumo por debajo de 7.500 Euros,2015-01-01,0.0,32001,Bajo
"32019 Carballiño, O","3201903 Carballiño, O distrito 03","3201903001 Carballiño, O sección 03001",Mujeres,Extranjera,Población con ingresos por unidad de consumo por debajo de 10.000 Euros,2015-01-01,0.0,32001,Bajo
32020 Cartelle,No,No,Total,Española,Población con ingresos por unidad de consumo por debajo de 5.000 Euros,2015-01-01,0.0,32001,Bajo
32020 Cartelle,No,No,Total,Española,Población con ingresos por unidad de consumo por debajo de 7.500 Euros,2015-01-01,0.0,32001,Bajo
32020 Cartelle,No,No,Total,Española,Población con ingresos por unidad de consumo por debajo de 10.000 Euros,2015-01-01,0.0,32001,Bajo
32020 Cartelle,No,No,Total,Extranjera,Población con ingresos por unidad de consumo por debajo de 5.000 Euros,2015-01-01,0.0,32001,Bajo
32020 Cartelle,No,No,Total,Extranjera,Población con ingresos por unidad de consumo por debajo de 7.500 Euros,2015-01-01,0.0,32001,Bajo
32020 Cartelle,No,No,Total,Extranjera,Población con ingresos por unidad de consumo por debajo de 10.000 Euros,2015-01-01,0.0,32001,Bajo
32020 Cartelle,No,No,Hombres,Española,Población con ingresos por unidad de consumo por debajo de 5.000 Euros,2015-01-01,0.0,32001,Bajo
32020 Cartelle,No,No,Hombres,Española,Población con ingresos por unidad de consumo por debajo de 7.500 Euros,2015-01-01,0.0,32001,Bajo
32020 Cartelle,No,No,Hombres,Española,Población con ingresos por unidad de consumo por debajo de 10.000 Euros,2015-01-01,0.0,32001,Bajo
32020 Cartelle,No,No,Hombres,Extranjera,Población con ingresos por unidad de consumo por debajo de 5.000 Euros,2015-01-01,0.0,32001,Bajo
32020 Cartelle,No,No,Hombres,Extranjera,Población con ingresos por unidad de consumo por debajo de 7.500 Euros,2015-01-01,0.0,32001,Bajo
32020 Cartelle,No,No,Hombres,Extranjera,Población con ingresos por unidad de consumo por debajo de 10.000 Euros,2015-01-01,0.0,32001,Bajo
32020 Cartelle,No,No,Mujeres,Española,Población con ingresos por unidad de consumo por debajo de 5.000 Euros,2015-01-01,0.0,32001,Bajo
32020 Cartelle,No,No,Mujeres,Española,Población con ingresos por unidad de consumo por debajo de 7.500 Euros,2015-01-01,0.0,32001,Bajo
32020 Cartelle,No,No,Mujeres,Española,Población con ingresos por unidad de consumo por debajo de 10.000 Euros,2015-01-01,0.0,32001,Bajo
32020 Cartelle,No,No,Mujeres,Extranjera,Población con ingresos por unidad de consumo por debajo de 5.000 Euros,2015-01-01,0.0,32001,Bajo
32020 Cartelle,No,No,Mujeres,Extranjera,Población con ingresos por unidad de consumo por debajo de 7.500 Euros,2015-01-01,0.0,32001,Bajo
32020 Cartelle,No,No,Mujeres,Extranjera,Población con ingresos por unidad de consumo por debajo de 10.000 Euros,2015-01-01,0.0,32001,Bajo
32020 Cartelle,3202001 Cartelle distrito 01,No,Total,Española,Población con ingresos por unidad de consumo por debajo de 5.000 Euros,2015-01-01,0.0,32001,Bajo
32020 Cartelle,3202001 Cartelle distrito 01,No,Total,Española,Población con ingresos por unidad de consumo por debajo de 7.500 Euros,2015-01-01,0.0,32001,Bajo
32020 Cartelle,3202001 Cartelle distrito 01,No,Total,Española,Población con ingresos por unidad de consumo por debajo de 10.000 Euros,2015-01-01,0.0,32001,Bajo
32020 Cartelle,3202001 Cartelle distrito 01,No,Total,Extranjera,Población con ingresos por unidad de consumo por debajo de 5.000 Euros,2015-01-01,0.0,32001,Bajo
32020 Cartelle,3202001 Cartelle distrito 01,No,Total,Extranjera,Población con ingresos por unidad de consumo por debajo de 7.500 Euros,2015-01-01,0.0,32001,Bajo
32020 Cartelle,3202001 Cartelle distrito 01,No,Total,Extranjera,Población con ingresos por unidad de consumo por debajo de 10.000 Euros,2015-01-01,0.0,32001,Bajo
32020 Cartelle,3202001 Cartelle distrito 01,No,Hombres,Española,Población con ingresos por unidad de consumo por debajo de 5.000 Euros,2015-01-01,0.0,32001,Bajo
32020 Cartelle,3202001 Cartelle distrito 01,No,Hombres,Española,Población con ingresos por unidad de consumo por debajo de 7.500 Euros,2015-01-01,0.0,32001,Bajo
32020 Cartelle,3202001 Cartelle distrito 01,No,Hombres,Española,Población con ingresos por unidad de consumo por debajo de 10.000 Euros,2015-01-01,0.0,32001,Bajo
32020 Cartelle,3202001 Cartelle distrito 01,No,Hombres,Extranjera,Población con ingresos por unidad de consumo por debajo de 5.000 Euros,2015-01-01,0.0,32001,Bajo
32020 Cartelle,3202001 Cartelle distrito 01,No,Hombres,Extranjera,Población con ingresos por unidad de consumo por debajo de 7.500 Euros,2015-01-01,0.0,32001,Bajo
32020 Cartelle,3202001 Cartelle distrito 01,No,Hombres,Extranjera,Población con ingresos por unidad de consumo por debajo de 10.000 Euros,2015-01-01,0.0,32001,Bajo
32020 Cartelle,3202001 Cartelle distrito 01,No,Mujeres,Española,Población con ingresos por unidad de consumo por debajo de 5.000 Euros,2015-01-01,0.0,32001,Bajo
32020 Cartelle,3202001 Cartelle distrito 01,No,Mujeres,Española,Población con ingresos por unidad de consumo por debajo de 7.500 Euros,2015-01-01,0.0,32001,Bajo
32020 Cartelle,3202001 Cartelle distrito 01,No,Mujeres,Española,Población con ingresos por unidad de consumo por debajo de 10.000 Euros,2015-01-01,0.0,32001,Bajo
32020 Cartelle,3202001 Cartelle distrito 01,No,Mujeres,Extranjera,Población con ingresos por unidad de consumo por debajo de 5.000 Euros,2015-01-01,0.0,32001,Bajo
32020 Cartelle,3202001 Cartelle distrito 01,No,Mujeres,Extranjera,Población con ingresos por unidad de consumo por debajo de 7.500 Euros,2015-01-01,0.0,32001,Bajo
32020 Cartelle,3202001 Cartelle distrito 01,No,Mujeres,Extranjera,Población con ingresos por unidad de consumo por debajo de 10.000 Euros,2015-01-01,0.0,32001,Bajo
32020 Cartelle,3202001 Cartelle distrito 01,3202001001 Cartelle sección 01001,Total,Española,Población con ingresos por unidad de consumo por debajo de 5.000 Euros,2015-01-01,0.0,32001,Bajo
32020 Cartelle,3202001 Cartelle distrito 01,3202001001 Cartelle sección 01001,Total,Española,Población con ingresos por unidad de consumo por debajo de 7.500 Euros,2015-01-01,0.0,32001,Bajo
32020 Cartelle,3202001 Cartelle distrito 01,3202001001 Cartelle sección 01001,Total,Española,Población con ingresos por unidad de consumo por debajo de 10.000 Euros,2015-01-01,0.0,32001,Bajo
32020 Cartelle,3202001 Cartelle distrito 01,3202001001 Cartelle sección 01001,Total,Extranjera,Población con ingresos por unidad de consumo por debajo de 5.000 Euros,2015-01-01,0.0,32001,Bajo
32020 Cartelle,3202001 Cartelle distrito 01,3202001001 Cartelle sección 01001,Total,Extranjera,Población con ingresos por unidad de consumo por debajo de 7.500 Euros,2015-01-01,0.0,32001,Bajo
32020 Cartelle,3202001 Cartelle distrito 01,3202001001 Cartelle sección 01001,Total,Extranjera,Población con ingresos por unidad de consumo por debajo de 10.000 Euros,2015-01-01,0.0,32001,Bajo
32020 Cartelle,3202001 Cartelle distrito 01,3202001001 Cartelle sección 01001,Hombres,Española,Población con ingresos por unidad de consumo por debajo de 5.000 Euros,2015-01-01,0.0,32001,Bajo
32020 Cartelle,3202001 Cartelle distrito 01,3202001001 Cartelle sección 01001,Hombres,Española,Población con ingresos por unidad de consumo por debajo de 7.500 Euros,2015-01-01,0.0,32001,Bajo
32020 Cartelle,3202001 Cartelle distrito 01,3202001001 Cartelle sección 01001,Hombres,Española,Población con ingresos por unidad de consumo por debajo de 10.000 Euros,2015-01-01,0.0,32001,Bajo
32020 Cartelle,3202001 Cartelle distrito 01,3202001001 Cartelle sección 01001,Hombres,Extranjera,Población con ingresos por unidad de consumo por debajo de 5.000 Euros,2015-01-01,0.0,32001,Bajo
32020 Cartelle,3202001 Cartelle distrito 01,3202001001 Cartelle sección 01001,Hombres,Extranjera,Población con ingresos por unidad de consumo por debajo de 7.500 Euros,2015-01-01,0.0,32001,Bajo
32020 Cartelle,3202001 Cartelle distrito 01,3202001001 Cartelle sección 01001,Hombres,Extranjera,Población con ingresos por unidad de consumo por debajo de 10.000 Euros,2015-01-01,0.0,32001,Bajo
32020 Cartelle,3202001 Cartelle distrito 01,3202001001 Cartelle sección 01001,Mujeres,Española,Población con ingresos por unidad de consumo por debajo de 5.000 Euros,2015-01-01,0.0,32001,Bajo
32020 Cartelle,3202001 Cartelle distrito 01,3202001001 Cartelle sección 01001,Mujeres,Española,Población con ingresos por unidad de consumo por debajo de 7.500 Euros,2015-01-01,0.0,32001,Bajo
32020 Cartelle,3202001 Cartelle distrito 01,3202001001 Cartelle sección 01001,Mujeres,Española,Población con ingresos por unidad de consumo por debajo de 10.000 Euros,2015-01-01,0.0,32001,Bajo
32020 Cartelle,3202001 Cartelle distrito 01,3202001001 Cartelle sección 01001,Mujeres,Extranjera,Población con ingresos por unidad de consumo por debajo de 5.000 Euros,2015-01-01,0.0,32001,Bajo
32020 Cartelle,3202001 Cartelle distrito 01,3202001001 Cartelle sección 01001,Mujeres,Extranjera,Población con ingresos por unidad de consumo por debajo de 7.500 Euros,2015-01-01,0.0,32001,Bajo
32020 Cartelle,3202001 Cartelle distrito 01,3202001001 Cartelle sección 01001,Mujeres,Extranjera,Población con ingresos por unidad de consumo por debajo de 10.000 Euros,2015-01-01,0.0,32001,Bajo
32020 Cartelle,3202001 Cartelle distrito 01,3202001002 Cartelle sección 01002,Total,Española,Población con ingresos por unidad de consumo por debajo de 5.000 Euros,2015-01-01,0.0,32001,Bajo
32020 Cartelle,3202001 Cartelle distrito 01,3202001002 Cartelle sección 01002,Total,Española,Población con ingresos por unidad de consumo por debajo de 7.500 Euros,2015-01-01,0.0,32001,Bajo
32020 Cartelle,3202001 Cartelle distrito 01,3202001002 Cartelle sección 01002,Total,Española,Población con ingresos por unidad de consumo por debajo de 10.000 Euros,2015-01-01,0.0,32001,Bajo
32020 Cartelle,3202001 Cartelle distrito 01,3202001002 Cartelle sección 01002,Total,Extranjera,Población con ingresos por unidad de consumo por debajo de 5.000 Euros,2015-01-01,0.0,32001,Bajo
32020 Cartelle,3202001 Cartelle distrito 01,3202001002 Cartelle sección 01002,Total,Extranjera,Población con ingresos por unidad de consumo por debajo de 7.500 Euros,2015-01-01,0.0,32001,Bajo
32020 Cartelle,3202001 Cartelle distrito 01,3202001002 Cartelle sección 01002,Total,Extranjera,Población con ingresos por unidad de consumo por debajo de 10.000 Euros,2015-01-01,0.0,32001,Bajo
32020 Cartelle,3202001 Cartelle distrito 01,3202001002 Cartelle sección 01002,Hombres,Española,Población con ingresos por unidad de consumo por debajo de 5.000 Euros,2015-01-01,0.0,32001,Bajo
32020 Cartelle,3202001 Cartelle distrito 01,3202001002 Cartelle sección 01002,Hombres,Española,Población con ingresos por unidad de consumo por debajo de 7.500 Euros,2015-01-01,0.0,32001,Bajo
32020 Cartelle,3202001 Cartelle distrito 01,3202001002 Cartelle sección 01002,Hombres,Española,Población con ingresos por unidad de consumo por debajo de 10.000 Euros,2015-01-01,0.0,32001,Bajo
32020 Cartelle,3202001 Cartelle distrito 01,3202001002 Cartelle sección 01002,Hombres,Extranjera,Población con ingresos por unidad de consumo por debajo de 5.000 Euros,2015-01-01,0.0,32001,Bajo
32020 Cartelle,3202001 Cartelle distrito 01,3202001002 Cartelle sección 01002,Hombres,Extranjera,Población con ingresos por unidad de consumo por debajo de 7.500 Euros,2015-01-01,0.0,32001,Bajo
32020 Cartelle,3202001 Cartelle distrito 01,3202001002 Cartelle sección 01002,Hombres,Extranjera,Población con ingresos por unidad de consumo por debajo de 10.000 Euros,2015-01-01,0.0,32001,Bajo
32020 Cartelle,3202001 Cartelle distrito 01,3202001002 Cartelle sección 01002,Mujeres,Española,Población con ingresos por unidad de consumo por debajo de 5.000 Euros,2015-01-01,0.0,32001,Bajo
32020 Cartelle,3202001 Cartelle distrito 01,3202001002 Cartelle sección 01002,Mujeres,Española,Población con ingresos por unidad de consumo por debajo de 7.500 Euros,2015-01-01,0.0,32001,Bajo
32020 Cartelle,3202001 Cartelle distrito 01,3202001002 Cartelle sección 01002,Mujeres,Española,Población con ingresos por unidad de consumo por debajo de 10.000 Euros,2015-01-01,0.0,32001,Bajo
32020 Cartelle,3202001 Cartelle distrito 01,3202001002 Cartelle sección 01002,Mujeres,Extranjera,Población con ingresos por unidad de consumo por debajo de 5.000 Euros,2015-01-01,0.0,32001,Bajo
32020 Cartelle,3202001 Cartelle distrito 01,3202001002 Cartelle sección 01002,Mujeres,Extranjera,Población con ingresos por unidad de consumo por debajo de 7.500 Euros,2015-01-01,0.0,32001,Bajo
32020 Cartelle,3202001 Cartelle distrito 01,3202001002 Cartelle sección 01002,Mujeres,Extranjera,Población con ingresos por unidad de consumo por debajo de 10.000 Euros,2015-01-01,0.0,32001,Bajo
32020 Cartelle,3202001 Cartelle distrito 01,3202001004 Cartelle sección 01004,Total,Española,Población con ingresos por unidad de consumo por debajo de 5.000 Euros,2015-01-01,0.0,32001,Bajo
32020 Cartelle,3202001 Cartelle distrito 01,3202001004 Cartelle sección 01004,Total,Española,Población con ingresos por unidad de consumo por debajo de 7.500 Euros,2015-01-01,0.0,32001,Bajo
32020 Cartelle,3202001 Cartelle distrito 01,3202001004 Cartelle sección 01004,Total,Española,Población con ingresos por unidad de consumo por debajo de 10.000 Euros,2015-01-01,0.0,32001,Bajo
32020 Cartelle,3202001 Cartelle distrito 01,3202001004 Cartelle sección 01004,Total,Extranjera,Población con ingresos por unidad de consumo por debajo de 5.000 Euros,2015-01-01,0.0,32001,Bajo
32020 Cartelle,3202001 Cartelle distrito 01,3202001004 Cartelle sección 01004,Total,Extranjera,Población con ingresos por unidad de consumo por debajo de 7.500 Euros,2015-01-01,0.0,32001,Bajo
32020 Cartelle,3202001 Cartelle distrito 01,3202001004 Cartelle sección 01004,Total,Extranjera,Población con ingresos por unidad de consumo por debajo de 10.000 Euros,2015-01-01,0.0,32001,Bajo
32020 Cartelle,3202001 Cartelle distrito 01,3202001004 Cartelle sección 01004,Hombres,Española,Población con ingresos por unidad de consumo por debajo de 5.000 Euros,2015-01-01,0.0,32001,Bajo
32020 Cartelle,3202001 Cartelle distrito 01,3202001004 Cartelle sección 01004,Hombres,Española,Población con ingresos por unidad de consumo por debajo de 7.500 Euros,2015-01-01,0.0,32001,Bajo
32020 Cartelle,3202001 Cartelle distrito 01,3202001004 Cartelle sección 01004,Hombres,Española,Población con ingresos por unidad de consumo por debajo de 10.000 Euros,2015-01-01,0.0,32001,Bajo
32020 Cartelle,3202001 Cartelle distrito 01,3202001004 Cartelle sección 01004,Hombres,Extranjera,Población con ingresos por unidad de consumo por debajo de 5.000 Euros,2015-01-01,0.0,32001,Bajo
32020 Cartelle,3202001 Cartelle distrito 01,3202001004 Cartelle sección 01004,Hombres,Extranjera,Población con ingresos por unidad de consumo por debajo de 7.500 Euros,2015-01-01,0.0,32001,Bajo
32020 Cartelle,3202001 Cartelle distrito 01,3202001004 Cartelle sección 01004,Hombres,Extranjera,Población con ingresos por unidad de consumo por debajo de 10.000 Euros,2015-01-01,0.0,32001,Bajo
32020 Cartelle,3202001 Cartelle distrito 01,3202001004 Cartelle sección 01004,Mujeres,Española,Población con ingresos por unidad de consumo por debajo de 5.000 Euros,2015-01-01,0.0,32001,Bajo
32020 Cartelle,3202001 Cartelle distrito 01,3202001004 Cartelle sección 01004,Mujeres,Española,Población con ingresos por unidad de consumo por debajo de 7.500 Euros,2015-01-01,0.0,32001,Bajo
32020 Cartelle,3202001 Cartelle distrito 01,3202001004 Cartelle sección 01004,Mujeres,Española,Población con ingresos por unidad de consumo por debajo de 10.000 Euros,2015-01-01,0.0,32001,Bajo
32020 Cartelle,3202001 Cartelle distrito 01,3202001004 Cartelle sección 01004,Mujeres,Extranjera,Población con ingresos por unidad de consumo por debajo de 5.000 Euros,2015-01-01,0.0,32001,Bajo
32020 Cartelle,3202001 Cartelle distrito 01,3202001004 Cartelle sección 01004,Mujeres,Extranjera,Población con ingresos por unidad de consumo por debajo de 7.500 Euros,2015-01-01,0.0,32001,Bajo
32020 Cartelle,3202001 Cartelle distrito 01,3202001004 Cartelle sección 01004,Mujeres,Extranjera,Población con ingresos por unidad de consumo por debajo de 10.000 Euros,2015-01-01,0.0,32001,Bajo
32021 Castrelo do Val,No,No,Total,Española,Población con ingresos por unidad de consumo por debajo de 5.000 Euros,2015-01-01,0.0,32001,Bajo
32021 Castrelo do Val,No,No,Total,Española,Población con ingresos por unidad de consumo por debajo de 7.500 Euros,2015-01-01,0.0,32001,Bajo
32021 Castrelo do Val,No,No,Total,Española,Población con ingresos por unidad de consumo por debajo de 10.000 Euros,2015-01-01,0.0,32001,Bajo
32021 Castrelo do Val,No,No,Total,Extranjera,Población con ingresos por unidad de consumo por debajo de 5.000 Euros,2015-01-01,0.0,32001,Bajo
32021 Castrelo do Val,No,No,Total,Extranjera,Población con ingresos por unidad de consumo por debajo de 7.500 Euros,2015-01-01,0.0,32001,Bajo
32021 Castrelo do Val,No,No,Total,Extranjera,Población con ingresos por unidad de consumo por debajo de 10.000 Euros,2015-01-01,0.0,32001,Bajo
32021 Castrelo do Val,No,No,Hombres,Española,Población con ingresos por unidad de consumo por debajo de 5.000 Euros,2015-01-01,0.0,32001,Bajo
32021 Castrelo do Val,No,No,Hombres,Española,Población con ingresos por unidad de consumo por debajo de 7.500 Euros,2015-01-01,0.0,32001,Bajo
32021 Castrelo do Val,No,No,Hombres,Española,Población con ingresos por unidad de consumo por debajo de 10.000 Euros,2015-01-01,0.0,32001,Bajo
32021 Castrelo do Val,No,No,Hombres,Extranjera,Población con ingresos por unidad de consumo por debajo de 5.000 Euros,2015-01-01,0.0,32001,Bajo
32021 Castrelo do Val,No,No,Hombres,Extranjera,Población con ingresos por unidad de consumo por debajo de 7.500 Euros,2015-01-01,0.0,32001,Bajo
32021 Castrelo do Val,No,No,Hombres,Extranjera,Población con ingresos por unidad de consumo por debajo de 10.000 Euros,2015-01-01,0.0,32001,Bajo
32021 Castrelo do Val,No,No,Mujeres,Española,Población con ingresos por unidad de consumo por debajo de 5.000 Euros,2015-01-01,0.0,32001,Bajo
32021 Castrelo do Val,No,No,Mujeres,Española,Población con ingresos por unidad de consumo por debajo de 7.500 Euros,2015-01-01,0.0,32001,Bajo
32021 Castrelo do Val,No,No,Mujeres,Española,Población con ingresos por unidad de consumo por debajo de 10.000 Euros,2015-01-01,0.0,32001,Bajo
32021 Castrelo do Val,No,No,Mujeres,Extranjera,Población con ingresos por unidad de consumo por debajo de 5.000 Euros,2015-01-01,0.0,32001,Bajo
32021 Castrelo do Val,No,No,Mujeres,Extranjera,Población con ingresos por unidad de consumo por debajo de 7.500 Euros,2015-01-01,0.0,32001,Bajo
32021 Castrelo do Val,No,No,Mujeres,Extranjera,Población con ingresos por unidad de consumo por debajo de 10.000 Euros,2015-01-01,0.0,32001,Bajo
32021 Castrelo do Val,3202101 Castrelo do Val distrito 01,No,Total,Española,Población con ingresos por unidad de consumo por debajo de 5.000 Euros,2015-01-01,0.0,32001,Bajo
32021 Castrelo do Val,3202101 Castrelo do Val distrito 01,No,Total,Española,Población con ingresos por unidad de consumo por debajo de 7.500 Euros,2015-01-01,0.0,32001,Bajo
32021 Castrelo do Val,3202101 Castrelo do Val distrito 01,No,Total,Española,Población con ingresos por unidad de consumo por debajo de 10.000 Euros,2015-01-01,0.0,32001,Bajo
32021 Castrelo do Val,3202101 Castrelo do Val distrito 01,No,Total,Extranjera,Población con ingresos por unidad de consumo por debajo de 5.000 Euros,2015-01-01,0.0,32001,Bajo
32021 Castrelo do Val,3202101 Castrelo do Val distrito 01,No,Total,Extranjera,Población con ingresos por unidad de consumo por debajo de 7.500 Euros,2015-01-01,0.0,32001,Bajo
32021 Castrelo do Val,3202101 Castrelo do Val distrito 01,No,Total,Extranjera,Población con ingresos por unidad de consumo por debajo de 10.000 Euros,2015-01-01,0.0,32001,Bajo
32021 Castrelo do Val,3202101 Castrelo do Val distrito 01,No,Hombres,Española,Población con ingresos por unidad de consumo por debajo de 5.000 Euros,2015-01-01,0.0,32001,Bajo
32021 Castrelo do Val,3202101 Castrelo do Val distrito 01,No,Hombres,Española,Población con ingresos por unidad de consumo por debajo de 7.500 Euros,2015-01-01,0.0,32001,Bajo
32021 Castrelo do Val,3202101 Castrelo do Val distrito 01,No,Hombres,Española,Población con ingresos por unidad de consumo por debajo de 10.000 Euros,2015-01-01,0.0,32001,Bajo
32021 Castrelo do Val,3202101 Castrelo do Val distrito 01,No,Hombres,Extranjera,Población con ingresos por unidad de consumo por debajo de 5.000 Euros,2015-01-01,0.0,32001,Bajo
32021 Castrelo do Val,3202101 Castrelo do Val distrito 01,No,Hombres,Extranjera,Población con ingresos por unidad de consumo por debajo de 7.500 Euros,2015-01-01,0.0,32001,Bajo
32021 Castrelo do Val,3202101 Castrelo do Val distrito 01,No,Hombres,Extranjera,Población con ingresos por unidad de consumo por debajo de 10.000 Euros,2015-01-01,0.0,32001,Bajo
32021 Castrelo do Val,3202101 Castrelo do Val distrito 01,No,Mujeres,Española,Población con ingresos por unidad de consumo por debajo de 5.000 Euros,2015-01-01,0.0,32001,Bajo
32021 Castrelo do Val,3202101 Castrelo do Val distrito 01,No,Mujeres,Española,Población con ingresos por unidad de consumo por debajo de 7.500 Euros,2015-01-01,0.0,32001,Bajo
32021 Castrelo do Val,3202101 Castrelo do Val distrito 01,No,Mujeres,Española,Población con ingresos por unidad de consumo por debajo de 10.000 Euros,2015-01-01,0.0,32001,Bajo
32021 Castrelo do Val,3202101 Castrelo do Val distrito 01,No,Mujeres,Extranjera,Población con ingresos por unidad de consumo por debajo de 5.000 Euros,2015-01-01,0.0,32001,Bajo
32021 Castrelo do Val,3202101 Castrelo do Val distrito 01,No,Mujeres,Extranjera,Población con ingresos por unidad de consumo por debajo de 7.500 Euros,2015-01-01,0.0,32001,Bajo
32021 Castrelo do Val,3202101 Castrelo do Val distrito 01,No,Mujeres,Extranjera,Población con ingresos por unidad de consumo por debajo de 10.000 Euros,2015-01-01,0.0,32001,Bajo
32021 Castrelo do Val,3202101 Castrelo do Val distrito 01,3202101001 Castrelo do Val sección 01001,Total,Española,Población con ingresos por unidad de consumo por debajo de 5.000 Euros,2015-01-01,0.0,32001,Bajo
32021 Castrelo do Val,3202101 Castrelo do Val distrito 01,3202101001 Castrelo do Val sección 01001,Total,Española,Población con ingresos por unidad de consumo por debajo de 7.500 Euros,2015-01-01,0.0,32001,Bajo
32021 Castrelo do Val,3202101 Castrelo do Val distrito 01,3202101001 Castrelo do Val sección 01001,Total,Española,Población con ingresos por unidad de consumo por debajo de 10.000 Euros,2015-01-01,0.0,32001,Bajo
32021 Castrelo do Val,3202101 Castrelo do Val distrito 01,3202101001 Castrelo do Val sección 01001,Total,Extranjera,Población con ingresos por unidad de consumo por debajo de 5.000 Euros,2015-01-01,0.0,32001,Bajo
32021 Castrelo do Val,3202101 Castrelo do Val distrito 01,3202101001 Castrelo do Val sección 01001,Total,Extranjera,Población con ingresos por unidad de consumo por debajo de 7.500 Euros,2015-01-01,0.0,32001,Bajo
32021 Castrelo do Val,3202101 Castrelo do Val distrito 01,3202101001 Castrelo do Val sección 01001,Total,Extranjera,Población con ingresos por unidad de consumo por debajo de 10.000 Euros,2015-01-01,0.0,32001,Bajo
32021 Castrelo do Val,3202101 Castrelo do Val distrito 01,3202101001 Castrelo do Val sección 01001,Hombres,Española,Población con ingresos por unidad de consumo por debajo de 5.000 Euros,2015-01-01,0.0,32001,Bajo
32021 Castrelo do Val,3202101 Castrelo do Val distrito 01,3202101001 Castrelo do Val sección 01001,Hombres,Española,Población con ingresos por unidad de consumo por debajo de 7.500 Euros,2015-01-01,0.0,32001,Bajo
32021 Castrelo do Val,3202101 Castrelo do Val distrito 01,3202101001 Castrelo do Val sección 01001,Hombres,Española,Población con ingresos por unidad de consumo por debajo de 10.000 Euros,2015-01-01,0.0,32001,Bajo
32021 Castrelo do Val,3202101 Castrelo do Val distrito 01,3202101001 Castrelo do Val sección 01001,Hombres,Extranjera,Población con ingresos por unidad de consumo por debajo de 5.000 Euros,2015-01-01,0.0,32001,Bajo
32021 Castrelo do Val,3202101 Castrelo do Val distrito 01,3202101001 Castrelo do Val sección 01001,Hombres,Extranjera,Población con ingresos por unidad de consumo por debajo de 7.500 Euros,2015-01-01,0.0,32001,Bajo
32021 Castrelo do Val,3202101 Castrelo do Val distrito 01,3202101001 Castrelo do Val sección 01001,Hombres,Extranjera,Población con ingresos por unidad de consumo por debajo de 10.000 Euros,2015-01-01,0.0,32001,Bajo
32021 Castrelo do Val,3202101 Castrelo do Val distrito 01,3202101001 Castrelo do Val sección 01001,Mujeres,Española,Población con ingresos por unidad de consumo por debajo de 5.000 Euros,2015-01-01,0.0,32001,Bajo
32021 Castrelo do Val,3202101 Castrelo do Val distrito 01,3202101001 Castrelo do Val sección 01001,Mujeres,Española,Población con ingresos por unidad de consumo por debajo de 7.500 Euros,2015-01-01,0.0,32001,Bajo
32021 Castrelo do Val,3202101 Castrelo do Val distrito 01,3202101001 Castrelo do Val sección 01001,Mujeres,Española,Población con ingresos por unidad de consumo por debajo de 10.000 Euros,2015-01-01,0.0,32001,Bajo
32021 Castrelo do Val,3202101 Castrelo do Val distrito 01,3202101001 Castrelo do Val sección 01001,Mujeres,Extranjera,Población con ingresos por unidad de consumo por debajo de 5.000 Euros,2015-01-01,0.0,32001,Bajo
32021 Castrelo do Val,3202101 Castrelo do Val distrito 01,3202101001 Castrelo do Val sección 01001,Mujeres,Extranjera,Población con ingresos por unidad de consumo por debajo de 7.500 Euros,2015-01-01,0.0,32001,Bajo
32021 Castrelo do Val,3202101 Castrelo do Val distrito 01,3202101001 Castrelo do Val sección 01001,Mujeres,Extranjera,Población con ingresos por unidad de consumo por debajo de 10.000 Euros,2015-01-01,0.0,32001,Bajo
32022 Castrelo de Miño,No,No,Total,Española,Población con ingresos por unidad de consumo por debajo de 5.000 Euros,2015-01-01,0.0,32001,Bajo
32022 Castrelo de Miño,No,No,Total,Española,Población con ingresos por unidad de consumo por debajo de 7.500 Euros,2015-01-01,0.0,32001,Bajo
32022 Castrelo de Miño,No,No,Total,Española,Población con ingresos por unidad de consumo por debajo de 10.000 Euros,2015-01-01,0.0,32001,Bajo
32022 Castrelo de Miño,No,No,Total,Extranjera,Población con ingresos por unidad de consumo por debajo de 5.000 Euros,2015-01-01,0.0,32001,Bajo
32022 Castrelo de Miño,No,No,Total,Extranjera,Población con ingresos por unidad de consumo por debajo de 7.500 Euros,2015-01-01,0.0,32001,Bajo
32022 Castrelo de Miño,No,No,Total,Extranjera,Población con ingresos por unidad de consumo por debajo de 10.000 Euros,2015-01-01,0.0,32001,Bajo
32022 Castrelo de Miño,No,No,Hombres,Española,Población con ingresos por unidad de consumo por debajo de 5.000 Euros,2015-01-01,0.0,32001,Bajo
32022 Castrelo de Miño,No,No,Hombres,Española,Población con ingresos por unidad de consumo por debajo de 7.500 Euros,2015-01-01,0.0,32001,Bajo
32022 Castrelo de Miño,No,No,Hombres,Española,Población con ingresos por unidad de consumo por debajo de 10.000 Euros,2015-01-01,0.0,32001,Bajo
32022 Castrelo de Miño,No,No,Hombres,Extranjera,Población con ingresos por unidad de consumo por debajo de 5.000 Euros,2015-01-01,0.0,32001,Bajo
32022 Castrelo de Miño,No,No,Hombres,Extranjera,Población con ingresos por unidad de consumo por debajo de 7.500 Euros,2015-01-01,0.0,32001,Bajo
32022 Castrelo de Miño,No,No,Hombres,Extranjera,Población con ingresos por unidad de consumo por debajo de 10.000 Euros,2015-01-01,0.0,32001,Bajo
32022 Castrelo de Miño,No,No,Mujeres,Española,Población con ingresos por unidad de consumo por debajo de 5.000 Euros,2015-01-01,0.0,32001,Bajo
32022 Castrelo de Miño,No,No,Mujeres,Española,Población con ingresos por unidad de consumo por debajo de 7.500 Euros,2015-01-01,0.0,32001,Bajo
32022 Castrelo de Miño,No,No,Mujeres,Española,Población con ingresos por unidad de consumo por debajo de 10.000 Euros,2015-01-01,0.0,32001,Bajo
32022 Castrelo de Miño,No,No,Mujeres,Extranjera,Población con ingresos por unidad de consumo por debajo de 5.000 Euros,2015-01-01,0.0,32001,Bajo
32022 Castrelo de Miño,No,No,Mujeres,Extranjera,Población con ingresos por unidad de consumo por debajo de 7.500 Euros,2015-01-01,0.0,32001,Bajo
32022 Castrelo de Miño,No,No,Mujeres,Extranjera,Población con ingresos por unidad de consumo por debajo de 10.000 Euros,2015-01-01,0.0,32001,Bajo
32022 Castrelo de Miño,3202201 Castrelo de Miño distrito 01,No,Total,Española,Población con ingresos por unidad de consumo por debajo de 5.000 Euros,2015-01-01,0.0,32001,Bajo
32022 Castrelo de Miño,3202201 Castrelo de Miño distrito 01,No,Total,Española,Población con ingresos por unidad de consumo por debajo de 7.500 Euros,2015-01-01,0.0,32001,Bajo
32022 Castrelo de Miño,3202201 Castrelo de Miño distrito 01,No,Total,Española,Población con ingresos por unidad de consumo por debajo de 10.000 Euros,2015-01-01,0.0,32001,Bajo
32022 Castrelo de Miño,3202201 Castrelo de Miño distrito 01,No,Total,Extranjera,Población con ingresos por unidad de consumo por debajo de 5.000 Euros,2015-01-01,0.0,32001,Bajo
32022 Castrelo de Miño,3202201 Castrelo de Miño distrito 01,No,Total,Extranjera,Población con ingresos por unidad de consumo por debajo de 7.500 Euros,2015-01-01,0.0,32001,Bajo
32022 Castrelo de Miño,3202201 Castrelo de Miño distrito 01,No,Total,Extranjera,Población con ingresos por unidad de consumo por debajo de 10.000 Euros,2015-01-01,0.0,32001,Bajo
32022 Castrelo de Miño,3202201 Castrelo de Miño distrito 01,No,Hombres,Española,Población con ingresos por unidad de consumo por debajo de 5.000 Euros,2015-01-01,0.0,32001,Bajo
32022 Castrelo de Miño,3202201 Castrelo de Miño distrito 01,No,Hombres,Española,Población con ingresos por unidad de consumo por debajo de 7.500 Euros,2015-01-01,0.0,32001,Bajo
32022 Castrelo de Miño,3202201 Castrelo de Miño distrito 01,No,Hombres,Española,Población con ingresos por unidad de consumo por debajo de 10.000 Euros,2015-01-01,0.0,32001,Bajo
32022 Castrelo de Miño,3202201 Castrelo de Miño distrito 01,No,Hombres,Extranjera,Población con ingresos por unidad de consumo por debajo de 5.000 Euros,2015-01-01,0.0,32001,Bajo
32022 Castrelo de Miño,3202201 Castrelo de Miño distrito 01,No,Hombres,Extranjera,Población con ingresos por unidad de consumo por debajo de 7.500 Euros,2015-01-01,0.0,32001,Bajo
32022 Castrelo de Miño,3202201 Castrelo de Miño distrito 01,No,Hombres,Extranjera,Población con ingresos por unidad de consumo por debajo de 10.000 Euros,2015-01-01,0.0,32001,Bajo
32022 Castrelo de Miño,3202201 Castrelo de Miño distrito 01,No,Mujeres,Española,Población con ingresos por unidad de consumo por debajo de 5.000 Euros,2015-01-01,0.0,32001,Bajo
32022 Castrelo de Miño,3202201 Castrelo de Miño distrito 01,No,Mujeres,Española,Población con ingresos por unidad de consumo por debajo de 7.500 Euros,2015-01-01,0.0,32001,Bajo
32022 Castrelo de Miño,3202201 Castrelo de Miño distrito 01,No,Mujeres,Española,Población con ingresos por unidad de consumo por debajo de 10.000 Euros,2015-01-01,0.0,32001,Bajo
32022 Castrelo de Miño,3202201 Castrelo de Miño distrito 01,No,Mujeres,Extranjera,Población con ingresos por unidad de consumo por debajo de 5.000 Euros,2015-01-01,0.0,32001,Bajo
32022 Castrelo de Miño,3202201 Castrelo de Miño distrito 01,No,Mujeres,Extranjera,Población con ingresos por unidad de consumo por debajo de 7.500 Euros,2015-01-01,0.0,32001,Bajo
32022 Castrelo de Miño,3202201 Castrelo de Miño distrito 01,No,Mujeres,Extranjera,Población con ingresos por unidad de consumo por debajo de 10.000 Euros,2015-01-01,0.0,32001,Bajo
32022 Castrelo de Miño,3202201 Castrelo de Miño distrito 01,3202201001 Castrelo de Miño sección 01001,Total,Española,Población con ingresos por unidad de consumo por debajo de 5.000 Euros,2015-01-01,0.0,32001,Bajo
32022 Castrelo de Miño,3202201 Castrelo de Miño distrito 01,3202201001 Castrelo de Miño sección 01001,Total,Española,Población con ingresos por unidad de consumo por debajo de 7.500 Euros,2015-01-01,0.0,32001,Bajo
32022 Castrelo de Miño,3202201 Castrelo de Miño distrito 01,3202201001 Castrelo de Miño sección 01001,Total,Española,Población con ingresos por unidad de consumo por debajo de 10.000 Euros,2015-01-01,0.0,32001,Bajo
32022 Castrelo de Miño,3202201 Castrelo de Miño distrito 01,3202201001 Castrelo de Miño sección 01001,Total,Extranjera,Población con ingresos por unidad de consumo por debajo de 5.000 Euros,2015-01-01,0.0,32001,Bajo
32022 Castrelo de Miño,3202201 Castrelo de Miño distrito 01,3202201001 Castrelo de Miño sección 01001,Total,Extranjera,Población con ingresos por unidad de consumo por debajo de 7.500 Euros,2015-01-01,0.0,32001,Bajo
32022 Castrelo de Miño,3202201 Castrelo de Miño distrito 01,3202201001 Castrelo de Miño sección 01001,Total,Extranjera,Población con ingresos por unidad de consumo por debajo de 10.000 Euros,2015-01-01,0.0,32001,Bajo
32022 Castrelo de Miño,3202201 Castrelo de Miño distrito 01,3202201001 Castrelo de Miño sección 01001,Hombres,Española,Población con ingresos por unidad de consumo por debajo de 5.000 Euros,2015-01-01,0.0,32001,Bajo
32022 Castrelo de Miño,3202201 Castrelo de Miño distrito 01,3202201001 Castrelo de Miño sección 01001,Hombres,Española,Población con ingresos por unidad de consumo por debajo de 7.500 Euros,2015-01-01,0.0,32001,Bajo
32022 Castrelo de Miño,3202201 Castrelo de Miño distrito 01,3202201001 Castrelo de Miño sección 01001,Hombres,Española,Población con ingresos por unidad de consumo por debajo de 10.000 Euros,2015-01-01,0.0,32001,Bajo
32022 Castrelo de Miño,3202201 Castrelo de Miño distrito 01,3202201001 Castrelo de Miño sección 01001,Hombres,Extranjera,Población con ingresos por unidad de consumo por debajo de 5.000 Euros,2015-01-01,0.0,32001,Bajo
32022 Castrelo de Miño,3202201 Castrelo de Miño distrito 01,3202201001 Castrelo de Miño sección 01001,Hombres,Extranjera,Población con ingresos por unidad de consumo por debajo de 7.500 Euros,2015-01-01,0.0,32001,Bajo
32022 Castrelo de Miño,3202201 Castrelo de Miño distrito 01,3202201001 Castrelo de Miño sección 01001,Hombres,Extranjera,Población con ingresos por unidad de consumo por debajo de 10.000 Euros,2015-01-01,0.0,32001,Bajo
32022 Castrelo de Miño,3202201 Castrelo de Miño distrito 01,3202201001 Castrelo de Miño sección 01001,Mujeres,Española,Población con ingresos por unidad de consumo por debajo de 5.000 Euros,2015-01-01,0.0,32001,Bajo
32022 Castrelo de Miño,3202201 Castrelo de Miño distrito 01,3202201001 Castrelo de Miño sección 01001,Mujeres,Española,Población con ingresos por unidad de consumo por debajo de 7.500 Euros,2015-01-01,0.0,32001,Bajo
32022 Castrelo de Miño,3202201 Castrelo de Miño distrito 01,3202201001 Castrelo de Miño sección 01001,Mujeres,Española,Población con ingresos por unidad de consumo por debajo de 10.000 Euros,2015-01-01,0.0,32001,Bajo
32022 Castrelo de Miño,3202201 Castrelo de Miño distrito 01,3202201001 Castrelo de Miño sección 01001,Mujeres,Extranjera,Población con ingresos por unidad de consumo por debajo de 5.000 Euros,2015-01-01,0.0,32001,Bajo
32022 Castrelo de Miño,3202201 Castrelo de Miño distrito 01,3202201001 Castrelo de Miño sección 01001,Mujeres,Extranjera,Población con ingresos por unidad de consumo por debajo de 7.500 Euros,2015-01-01,0.0,32001,Bajo
32022 Castrelo de Miño,3202201 Castrelo de Miño distrito 01,3202201001 Castrelo de Miño sección 01001,Mujeres,Extranjera,Población con ingresos por unidad de consumo por debajo de 10.000 Euros,2015-01-01,0.0,32001,Bajo
32022 Castrelo de Miño,3202202 Castrelo de Miño distrito 02,No,Total,Española,Población con ingresos por unidad de consumo por debajo de 5.000 Euros,2015-01-01,0.0,32001,Bajo
32022 Castrelo de Miño,3202202 Castrelo de Miño distrito 02,No,Total,Española,Población con ingresos por unidad de consumo por debajo de 7.500 Euros,2015-01-01,0.0,32001,Bajo
32022 Castrelo de Miño,3202202 Castrelo de Miño distrito 02,No,Total,Española,Población con ingresos por unidad de consumo por debajo de 10.000 Euros,2015-01-01,0.0,32001,Bajo
32022 Castrelo de Miño,3202202 Castrelo de Miño distrito 02,No,Total,Extranjera,Población con ingresos por unidad de consumo por debajo de 5.000 Euros,2015-01-01,0.0,32001,Bajo
32022 Castrelo de Miño,3202202 Castrelo de Miño distrito 02,No,Total,Extranjera,Población con ingresos por unidad de consumo por debajo de 7.500 Euros,2015-01-01,0.0,32001,Bajo
32022 Castrelo de Miño,3202202 Castrelo de Miño distrito 02,No,Total,Extranjera,Población con ingresos por unidad de consumo por debajo de 10.000 Euros,2015-01-01,0.0,32001,Bajo
32022 Castrelo de Miño,3202202 Castrelo de Miño distrito 02,No,Hombres,Española,Población con ingresos por unidad de consumo por debajo de 5.000 Euros,2015-01-01,0.0,32001,Bajo
32022 Castrelo de Miño,3202202 Castrelo de Miño distrito 02,No,Hombres,Española,Población con ingresos por unidad de consumo por debajo de 7.500 Euros,2015-01-01,0.0,32001,Bajo
32022 Castrelo de Miño,3202202 Castrelo de Miño distrito 02,No,Hombres,Española,Población con ingresos por unidad de consumo por debajo de 10.000 Euros,2015-01-01,0.0,32001,Bajo
32022 Castrelo de Miño,3202202 Castrelo de Miño distrito 02,No,Hombres,Extranjera,Población con ingresos por unidad de consumo por debajo de 5.000 Euros,2015-01-01,0.0,32001,Bajo
32022 Castrelo de Miño,3202202 Castrelo de Miño distrito 02,No,Hombres,Extranjera,Población con ingresos por unidad de consumo por debajo de 7.500 Euros,2015-01-01,0.0,32001,Bajo
32022 Castrelo de Miño,3202202 Castrelo de Miño distrito 02,No,Hombres,Extranjera,Población con ingresos por unidad de consumo por debajo de 10.000 Euros,2015-01-01,0.0,32001,Bajo
32022 Castrelo de Miño,3202202 Castrelo de Miño distrito 02,No,Mujeres,Española,Población con ingresos por unidad de consumo por debajo de 5.000 Euros,2015-01-01,0.0,32001,Bajo
32022 Castrelo de Miño,3202202 Castrelo de Miño distrito 02,No,Mujeres,Española,Población con ingresos por unidad de consumo por debajo de 7.500 Euros,2015-01-01,0.0,32001,Bajo
32022 Castrelo de Miño,3202202 Castrelo de Miño distrito 02,No,Mujeres,Española,Población con ingresos por unidad de consumo por debajo de 10.000 Euros,2015-01-01,0.0,32001,Bajo
32022 Castrelo de Miño,3202202 Castrelo de Miño distrito 02,No,Mujeres,Extranjera,Población con ingresos por unidad de consumo por debajo de 5.000 Euros,2015-01-01,0.0,32001,Bajo
32022 Castrelo de Miño,3202202 Castrelo de Miño distrito 02,No,Mujeres,Extranjera,Población con ingresos por unidad de consumo por debajo de 7.500 Euros,2015-01-01,0.0,32001,Bajo
32022 Castrelo de Miño,3202202 Castrelo de Miño distrito 02,No,Mujeres,Extranjera,Población con ingresos por unidad de consumo por debajo de 10.000 Euros,2015-01-01,0.0,32001,Bajo
32022 Castrelo de Miño,3202202 Castrelo de Miño distrito 02,3202202001 Castrelo de Miño sección 02001,Total,Española,Población con ingresos por unidad de consumo por debajo de 5.000 Euros,2015-01-01,0.0,32001,Bajo
32022 Castrelo de Miño,3202202 Castrelo de Miño distrito 02,3202202001 Castrelo de Miño sección 02001,Total,Española,Población con ingresos por unidad de consumo por debajo de 7.500 Euros,2015-01-01,0.0,32001,Bajo
32022 Castrelo de Miño,3202202 Castrelo de Miño distrito 02,3202202001 Castrelo de Miño sección 02001,Total,Española,Población con ingresos por unidad de consumo por debajo de 10.000 Euros,2015-01-01,0.0,32001,Bajo
32022 Castrelo de Miño,3202202 Castrelo de Miño distrito 02,3202202001 Castrelo de Miño sección 02001,Total,Extranjera,Población con ingresos por unidad de consumo por debajo de 5.000 Euros,2015-01-01,0.0,32001,Bajo
32022 Castrelo de Miño,3202202 Castrelo de Miño distrito 02,3202202001 Castrelo de Miño sección 02001,Total,Extranjera,Población con ingresos por unidad de consumo por debajo de 7.500 Euros,2015-01-01,0.0,32001,Bajo
32022 Castrelo de Miño,3202202 Castrelo de Miño distrito 02,3202202001 Castrelo de Miño sección 02001,Total,Extranjera,Población con ingresos por unidad de consumo por debajo de 10.000 Euros,2015-01-01,0.0,32001,Bajo
32022 Castrelo de Miño,3202202 Castrelo de Miño distrito 02,3202202001 Castrelo de Miño sección 02001,Hombres,Española,Población con ingresos por unidad de consumo por debajo de 5.000 Euros,2015-01-01,0.0,32001,Bajo
32022 Castrelo de Miño,3202202 Castrelo de Miño distrito 02,3202202001 Castrelo de Miño sección 02001,Hombres,Española,Población con ingresos por unidad de consumo por debajo de 7.500 Euros,2015-01-01,0.0,32001,Bajo
32022 Castrelo de Miño,3202202 Castrelo de Miño distrito 02,3202202001 Castrelo de Miño sección 02001,Hombres,Española,Población con ingresos por unidad de consumo por debajo de 10.000 Euros,2015-01-01,0.0,32001,Bajo
32022 Castrelo de Miño,3202202 Castrelo de Miño distrito 02,3202202001 Castrelo de Miño sección 02001,Hombres,Extranjera,Población con ingresos por unidad de consumo por debajo de 5.000 Euros,2015-01-01,0.0,32001,Bajo
32022 Castrelo de Miño,3202202 Castrelo de Miño distrito 02,3202202001 Castrelo de Miño sección 02001,Hombres,Extranjera,Población con ingresos por unidad de consumo por debajo de 7.500 Euros,2015-01-01,0.0,32001,Bajo
32022 Castrelo de Miño,3202202 Castrelo de Miño distrito 02,3202202001 Castrelo de Miño sección 02001,Hombres,Extranjera,Población con ingresos por unidad de consumo por debajo de 10.000 Euros,2015-01-01,0.0,32001,Bajo
32022 Castrelo de Miño,3202202 Castrelo de Miño distrito 02,3202202001 Castrelo de Miño sección 02001,Mujeres,Española,Población con ingresos por unidad de consumo por debajo de 5.000 Euros,2015-01-01,0.0,32001,Bajo
32022 Castrelo de Miño,3202202 Castrelo de Miño distrito 02,3202202001 Castrelo de Miño sección 02001,Mujeres,Española,Población con ingresos por unidad de consumo por debajo de 7.500 Euros,2015-01-01,0.0,32001,Bajo
32022 Castrelo de Miño,3202202 Castrelo de Miño distrito 02,3202202001 Castrelo de Miño sección 02001,Mujeres,Española,Población con ingresos por unidad de consumo por debajo de 10.000 Euros,2015-01-01,0.0,32001,Bajo
32022 Castrelo de Miño,3202202 Castrelo de Miño distrito 02,3202202001 Castrelo de Miño sección 02001,Mujeres,Extranjera,Población con ingresos por unidad de consumo por debajo de 5.000 Euros,2015-01-01,0.0,32001,Bajo
32022 Castrelo de Miño,3202202 Castrelo de Miño distrito 02,3202202001 Castrelo de Miño sección 02001,Mujeres,Extranjera,Población con ingresos por unidad de consumo por debajo de 7.500 Euros,2015-01-01,0.0,32001,Bajo
32022 Castrelo de Miño,3202202 Castrelo de Miño distrito 02,3202202001 Castrelo de Miño sección 02001,Mujeres,Extranjera,Población con ingresos por unidad de consumo por debajo de 10.000 Euros,2015-01-01,0.0,32001,Bajo
32023 Castro Caldelas,No,No,Total,Española,Población con ingresos por unidad de consumo por debajo de 5.000 Euros,2015-01-01,0.0,32001,Bajo
32023 Castro Caldelas,No,No,Total,Española,Población con ingresos por unidad de consumo por debajo de 7.500 Euros,2015-01-01,0.0,32001,Bajo
32023 Castro Caldelas,No,No,Total,Española,Población con ingresos por unidad de consumo por debajo de 10.000 Euros,2015-01-01,0.0,32001,Bajo
32023 Castro Caldelas,No,No,Total,Extranjera,Población con ingresos por unidad de consumo por debajo de 5.000 Euros,2015-01-01,0.0,32001,Bajo
32023 Castro Caldelas,No,No,Total,Extranjera,Población con ingresos por unidad de consumo por debajo de 7.500 Euros,2015-01-01,0.0,32001,Bajo
32023 Castro Caldelas,No,No,Total,Extranjera,Población con ingresos por unidad de consumo por debajo de 10.000 Euros,2015-01-01,0.0,32001,Bajo
32023 Castro Caldelas,No,No,Hombres,Española,Población con ingresos por unidad de consumo por debajo de 5.000 Euros,2015-01-01,0.0,32001,Bajo
32023 Castro Caldelas,No,No,Hombres,Española,Población con ingresos por unidad de consumo por debajo de 7.500 Euros,2015-01-01,0.0,32001,Bajo
32023 Castro Caldelas,No,No,Hombres,Española,Población con ingresos por unidad de consumo por debajo de 10.000 Euros,2015-01-01,0.0,32001,Bajo
32023 Castro Caldelas,No,No,Hombres,Extranjera,Población con ingresos por unidad de consumo por debajo de 5.000 Euros,2015-01-01,0.0,32001,Bajo
32023 Castro Caldelas,No,No,Hombres,Extranjera,Población con ingresos por unidad de consumo por debajo de 7.500 Euros,2015-01-01,0.0,32001,Bajo
32023 Castro Caldelas,No,No,Hombres,Extranjera,Población con ingresos por unidad de consumo por debajo de 10.000 Euros,2015-01-01,0.0,32001,Bajo
32023 Castro Caldelas,No,No,Mujeres,Española,Población con ingresos por unidad de consumo por debajo de 5.000 Euros,2015-01-01,0.0,32001,Bajo
32023 Castro Caldelas,No,No,Mujeres,Española,Población con ingresos por unidad de consumo por debajo de 7.500 Euros,2015-01-01,0.0,32001,Bajo
32023 Castro Caldelas,No,No,Mujeres,Española,Población con ingresos por unidad de consumo por debajo de 10.000 Euros,2015-01-01,0.0,32001,Bajo
32023 Castro Caldelas,No,No,Mujeres,Extranjera,Población con ingresos por unidad de consumo por debajo de 5.000 Euros,2015-01-01,0.0,32001,Bajo
32023 Castro Caldelas,No,No,Mujeres,Extranjera,Población con ingresos por unidad de consumo por debajo de 7.500 Euros,2015-01-01,0.0,32001,Bajo
32023 Castro Caldelas,No,No,Mujeres,Extranjera,Población con ingresos por unidad de consumo por debajo de 10.000 Euros,2015-01-01,0.0,32001,Bajo
32023 Castro Caldelas,3202301 Castro Caldelas distrito 01,No,Total,Española,Población con ingresos por unidad de consumo por debajo de 5.000 Euros,2015-01-01,0.0,32001,Bajo
32023 Castro Caldelas,3202301 Castro Caldelas distrito 01,No,Total,Española,Población con ingresos por unidad de consumo por debajo de 7.500 Euros,2015-01-01,0.0,32001,Bajo
32023 Castro Caldelas,3202301 Castro Caldelas distrito 01,No,Total,Española,Población con ingresos por unidad de consumo por debajo de 10.000 Euros,2015-01-01,0.0,32001,Bajo
32023 Castro Caldelas,3202301 Castro Caldelas distrito 01,No,Total,Extranjera,Población con ingresos por unidad de consumo por debajo de 5.000 Euros,2015-01-01,0.0,32001,Bajo
32023 Castro Caldelas,3202301 Castro Caldelas distrito 01,No,Total,Extranjera,Población con ingresos por unidad de consumo por debajo de 7.500 Euros,2015-01-01,0.0,32001,Bajo
32023 Castro Caldelas,3202301 Castro Caldelas distrito 01,No,Total,Extranjera,Población con ingresos por unidad de consumo por debajo de 10.000 Euros,2015-01-01,0.0,32001,Bajo
32023 Castro Caldelas,3202301 Castro Caldelas distrito 01,No,Hombres,Española,Población con ingresos por unidad de consumo por debajo de 5.000 Euros,2015-01-01,0.0,32001,Bajo
32023 Castro Caldelas,3202301 Castro Caldelas distrito 01,No,Hombres,Española,Población con ingresos por unidad de consumo por debajo de 7.500 Euros,2015-01-01,0.0,32001,Bajo
32023 Castro Caldelas,3202301 Castro Caldelas distrito 01,No,Hombres,Española,Población con ingresos por unidad de consumo por debajo de 10.000 Euros,2015-01-01,0.0,32001,Bajo
32023 Castro Caldelas,3202301 Castro Caldelas distrito 01,No,Hombres,Extranjera,Población con ingresos por unidad de consumo por debajo de 5.000 Euros,2015-01-01,0.0,32001,Bajo
32023 Castro Caldelas,3202301 Castro Caldelas distrito 01,No,Hombres,Extranjera,Población con ingresos por unidad de consumo por debajo de 7.500 Euros,2015-01-01,0.0,32001,Bajo
32023 Castro Caldelas,3202301 Castro Caldelas distrito 01,No,Hombres,Extranjera,Población con ingresos por unidad de consumo por debajo de 10.000 Euros,2015-01-01,0.0,32001,Bajo
32023 Castro Caldelas,3202301 Castro Caldelas distrito 01,No,Mujeres,Española,Población con ingresos por unidad de consumo por debajo de 5.000 Euros,2015-01-01,0.0,32001,Bajo
32023 Castro Caldelas,3202301 Castro Caldelas distrito 01,No,Mujeres,Española,Población con ingresos por unidad de consumo por debajo de 7.500 Euros,2015-01-01,0.0,32001,Bajo
32023 Castro Caldelas,3202301 Castro Caldelas distrito 01,No,Mujeres,Española,Población con ingresos por unidad de consumo por debajo de 10.000 Euros,2015-01-01,0.0,32001,Bajo
32023 Castro Caldelas,3202301 Castro Caldelas distrito 01,No,Mujeres,Extranjera,Población con ingresos por unidad de consumo por debajo de 5.000 Euros,2015-01-01,0.0,32001,Bajo
32023 Castro Caldelas,3202301 Castro Caldelas distrito 01,No,Mujeres,Extranjera,Población con ingresos por unidad de consumo por debajo de 7.500 Euros,2015-01-01,0.0,32001,Bajo
32023 Castro Caldelas,3202301 Castro Caldelas distrito 01,No,Mujeres,Extranjera,Población con ingresos por unidad de consumo por debajo de 10.000 Euros,2015-01-01,0.0,32001,Bajo
32023 Castro Caldelas,3202301 Castro Caldelas distrito 01,3202301001 Castro Caldelas sección 01001,Total,Española,Población con ingresos por unidad de consumo por debajo de 5.000 Euros,2015-01-01,0.0,32001,Bajo
32023 Castro Caldelas,3202301 Castro Caldelas distrito 01,3202301001 Castro Caldelas sección 01001,Total,Española,Población con ingresos por unidad de consumo por debajo de 7.500 Euros,2015-01-01,0.0,32001,Bajo
32023 Castro Caldelas,3202301 Castro Caldelas distrito 01,3202301001 Castro Caldelas sección 01001,Total,Española,Población con ingresos por unidad de consumo por debajo de 10.000 Euros,2015-01-01,0.0,32001,Bajo
32023 Castro Caldelas,3202301 Castro Caldelas distrito 01,3202301001 Castro Caldelas sección 01001,Total,Extranjera,Población con ingresos por unidad de consumo por debajo de 5.000 Euros,2015-01-01,0.0,32001,Bajo
32023 Castro Caldelas,3202301 Castro Caldelas distrito 01,3202301001 Castro Caldelas sección 01001,Total,Extranjera,Población con ingresos por unidad de consumo por debajo de 7.500 Euros,2015-01-01,0.0,32001,Bajo
32023 Castro Caldelas,3202301 Castro Caldelas distrito 01,3202301001 Castro Caldelas sección 01001,Total,Extranjera,Población con ingresos por unidad de consumo por debajo de 10.000 Euros,2015-01-01,0.0,32001,Bajo
32023 Castro Caldelas,3202301 Castro Caldelas distrito 01,3202301001 Castro Caldelas sección 01001,Hombres,Española,Población con ingresos por unidad de consumo por debajo de 5.000 Euros,2015-01-01,0.0,32001,Bajo
32023 Castro Caldelas,3202301 Castro Caldelas distrito 01,3202301001 Castro Caldelas sección 01001,Hombres,Española,Población con ingresos por unidad de consumo por debajo de 7.500 Euros,2015-01-01,0.0,32001,Bajo
32023 Castro Caldelas,3202301 Castro Caldelas distrito 01,3202301001 Castro Caldelas sección 01001,Hombres,Española,Población con ingresos por unidad de consumo por debajo de 10.000 Euros,2015-01-01,0.0,32001,Bajo
32023 Castro Caldelas,3202301 Castro Caldelas distrito 01,3202301001 Castro Caldelas sección 01001,Hombres,Extranjera,Población con ingresos por unidad de consumo por debajo de 5.000 Euros,2015-01-01,0.0,32001,Bajo
32023 Castro Caldelas,3202301 Castro Caldelas distrito 01,3202301001 Castro Caldelas sección 01001,Hombres,Extranjera,Población con ingresos por unidad de consumo por debajo de 7.500 Euros,2015-01-01,0.0,32001,Bajo
32023 Castro Caldelas,3202301 Castro Caldelas distrito 01,3202301001 Castro Caldelas sección 01001,Hombres,Extranjera,Población con ingresos por unidad de consumo por debajo de 10.000 Euros,2015-01-01,0.0,32001,Bajo
32023 Castro Caldelas,3202301 Castro Caldelas distrito 01,3202301001 Castro Caldelas sección 01001,Mujeres,Española,Población con ingresos por unidad de consumo por debajo de 5.000 Euros,2015-01-01,0.0,32001,Bajo
32023 Castro Caldelas,3202301 Castro Caldelas distrito 01,3202301001 Castro Caldelas sección 01001,Mujeres,Española,Población con ingresos por unidad de consumo por debajo de 7.500 Euros,2015-01-01,0.0,32001,Bajo
32023 Castro Caldelas,3202301 Castro Caldelas distrito 01,3202301001 Castro Caldelas sección 01001,Mujeres,Española,Población con ingresos por unidad de consumo por debajo de 10.000 Euros,2015-01-01,0.0,32001,Bajo
32023 Castro Caldelas,3202301 Castro Caldelas distrito 01,3202301001 Castro Caldelas sección 01001,Mujeres,Extranjera,Población con ingresos por unidad de consumo por debajo de 5.000 Euros,2015-01-01,0.0,32001,Bajo
32023 Castro Caldelas,3202301 Castro Caldelas distrito 01,3202301001 Castro Caldelas sección 01001,Mujeres,Extranjera,Población con ingresos por unidad de consumo por debajo de 7.500 Euros,2015-01-01,0.0,32001,Bajo
32023 Castro Caldelas,3202301 Castro Caldelas distrito 01,3202301001 Castro Caldelas sección 01001,Mujeres,Extranjera,Población con ingresos por unidad de consumo por debajo de 10.000 Euros,2015-01-01,0.0,32001,Bajo
